row_id,video_file,camera_file,frame_count,experiment,experiment_id,experiment_chr,experiment_num,ms4_block_flag,ms4_target_experiment,experiment_type,is_control,is_target_species,culture,well,days_from_start,species,site,season,collection_site,toxin_exposure,particle_type,particle_class,size_class,lux_exposure,ntu,cu_ug_l,bw_ug_l,mass_loading_ug_l,mobile_cell_count,stationary_cell_count,total_cells,motility_ratio,tile,tile_count,count_date_yyyy_mm_dd,start_date_yyyy_mm_dd,collection_date,release,year,preparation,comment,species_std,qc_recalc_total_cells,qc_recalc_motility_ratio,flag_missing_response_counts,flag_total_cell_count_le_zero,flag_inconsistent_count_totals,flag_missing_key_predictor,flag_unexpected_frame_count,flag_impossible_date_sequences,flag_negative_mobile_count,flag_negative_stationary_count,flag_negative_ntu,flag_negative_lux,flag_negative_mass_loading,qc_n_flags,qc_any_flag,qc_flag_reason,qc_flag_reason_pretty,exclude_missing_response_counts,exclude_total_cell_count_le_zero,exclude_missing_key_predictor,exclude_negative_mobile_count,exclude_negative_stationary_count,exclude_inconsistent_count_totals,exclude_unexpected_frame_count,exclude_impossible_date_sequences,exclude_negative_ntu,exclude_negative_lux,exclude_negative_mass_loading,exclusion_flag,exclusion_reason,exclusion_reason_pretty
1,C1468,20240911_C1468_clip.mp4,504,NA,NA,NA,NA,FALSE,NA,NA,FALSE,TRUE,38,0,0,L. digitata,DV,Summer,Dover,CULTURE,NA,NA,NA,0,0,0,0,NA,144,1270,1414,0.10183875530410184,none,NA,NA,NA,NA,NA,2024,NA,culture,Laminaria digitata,1414,0.10183875530410184,FALSE,FALSE,FALSE,FALSE,FALSE,FALSE,FALSE,FALSE,FALSE,FALSE,FALSE,0,FALSE,NA,NA,FALSE,FALSE,FALSE,FALSE,FALSE,FALSE,FALSE,FALSE,FALSE,FALSE,FALSE,FALSE,NA,NA
2,C1469,20240911_C1469_clip.mp4,504,NA,NA,NA,NA,FALSE,NA,NA,FALSE,TRUE,38,0,0,L. digitata,DV,Summer,Dover,CULTURE,NA,NA,NA,0,0,0,0,NA,46,1727,1773,0.025944726452340666,none,NA,NA,NA,NA,NA,2024,NA,culture,Laminaria digitata,1773,0.025944726452340666,FALSE,FALSE,FALSE,FALSE,FALSE,FALSE,FALSE,FALSE,FALSE,FALSE,FALSE,0,FALSE,NA,NA,FALSE,FALSE,FALSE,FALSE,FALSE,FALSE,FALSE,FALSE,FALSE,FALSE,FALSE,FALSE,NA,NA
3,C1470,20240911_C1470_clip.mp4,504,NA,NA,NA,NA,FALSE,NA,NA,FALSE,TRUE,38,0,0,L. digitata,DV,Summer,Dover,CULTURE,NA,NA,NA,0,0,0,0,NA,38406,44136,82542,0.46529039761575924,none,NA,NA,NA,NA,NA,2024,NA,culture,Laminaria digitata,82542,0.46529039761575924,FALSE,FALSE,FALSE,FALSE,FALSE,FALSE,FALSE,FALSE,FALSE,FALSE,FALSE,0,FALSE,NA,NA,FALSE,FALSE,FALSE,FALSE,FALSE,FALSE,FALSE,FALSE,FALSE,FALSE,FALSE,FALSE,NA,NA
4,C1471,20240911_C1471_clip.mp4,504,NA,NA,NA,NA,FALSE,NA,NA,FALSE,TRUE,38,0,0,L. digitata,DV,Summer,Dover,CULTURE,NA,NA,NA,0,0,0,0,NA,2626,4036,6662,0.39417592314620237,none,NA,NA,NA,NA,NA,2024,NA,culture,Laminaria digitata,6662,0.39417592314620237,FALSE,FALSE,FALSE,FALSE,FALSE,FALSE,FALSE,FALSE,FALSE,FALSE,FALSE,0,FALSE,NA,NA,FALSE,FALSE,FALSE,FALSE,FALSE,FALSE,FALSE,FALSE,FALSE,FALSE,FALSE,FALSE,NA,NA
5,C1472,20240911_C1472_clip.mp4,504,NA,NA,NA,NA,FALSE,NA,NA,FALSE,TRUE,38,0,0,L. digitata,DV,Summer,Dover,CULTURE,NA,NA,NA,0,0,0,0,NA,6042,8388,14430,0.41871101871101873,none,NA,NA,NA,NA,NA,2024,NA,culture,Laminaria digitata,14430,0.41871101871101873,FALSE,FALSE,FALSE,FALSE,FALSE,FALSE,FALSE,FALSE,FALSE,FALSE,FALSE,0,FALSE,NA,NA,FALSE,FALSE,FALSE,FALSE,FALSE,FALSE,FALSE,FALSE,FALSE,FALSE,FALSE,FALSE,NA,NA
6,C1473,20240912_C1473_clip.mp4,504,NA,NA,NA,NA,FALSE,NA,NA,FALSE,TRUE,38,0,0,L. digitata,DV,Summer,Dover,CULTURE,NA,NA,NA,0,0,0,0,NA,18685,32294,50979,0.3665234704486161,none,NA,NA,NA,NA,NA,2024,NA,culture,Laminaria digitata,50979,0.3665234704486161,FALSE,FALSE,FALSE,FALSE,FALSE,FALSE,FALSE,FALSE,FALSE,FALSE,FALSE,0,FALSE,NA,NA,FALSE,FALSE,FALSE,FALSE,FALSE,FALSE,FALSE,FALSE,FALSE,FALSE,FALSE,FALSE,NA,NA
7,C1474,20240912_C1474_clip.mp4,504,NA,NA,NA,NA,FALSE,NA,NA,FALSE,TRUE,38,0,0,L. digitata,DV,Summer,Dover,CULTURE,NA,NA,NA,0,0,0,0,NA,2066,2945,5011,0.4122929554979046,none,NA,NA,NA,NA,NA,2024,NA,culture,Laminaria digitata,5011,0.4122929554979046,FALSE,FALSE,FALSE,FALSE,FALSE,FALSE,FALSE,FALSE,FALSE,FALSE,FALSE,0,FALSE,NA,NA,FALSE,FALSE,FALSE,FALSE,FALSE,FALSE,FALSE,FALSE,FALSE,FALSE,FALSE,FALSE,NA,NA
8,C1475,20240912_C1475_clip.mp4,504,NA,NA,NA,NA,FALSE,NA,NA,FALSE,TRUE,38,0,0,L. digitata,DV,Summer,Dover,CULTURE,NA,NA,NA,0,0,0,0,NA,529,1090,1619,0.32674490426189007,none,NA,NA,NA,NA,NA,2024,NA,culture,Laminaria digitata,1619,0.32674490426189007,FALSE,FALSE,FALSE,FALSE,FALSE,FALSE,FALSE,FALSE,FALSE,FALSE,FALSE,0,FALSE,NA,NA,FALSE,FALSE,FALSE,FALSE,FALSE,FALSE,FALSE,FALSE,FALSE,FALSE,FALSE,FALSE,NA,NA
9,C1476,20240912_C1476_clip.mp4,504,NA,NA,NA,NA,FALSE,NA,NA,FALSE,TRUE,38,0,0,L. digitata,DV,Summer,Dover,CULTURE,NA,NA,NA,0,0,0,0,NA,2373,4008,6381,0.3718852844381758,none,NA,NA,NA,NA,NA,2024,NA,culture,Laminaria digitata,6381,0.3718852844381758,FALSE,FALSE,FALSE,FALSE,FALSE,FALSE,FALSE,FALSE,FALSE,FALSE,FALSE,0,FALSE,NA,NA,FALSE,FALSE,FALSE,FALSE,FALSE,FALSE,FALSE,FALSE,FALSE,FALSE,FALSE,FALSE,NA,NA
10,C1477,20240918_C1477_clip.mp4,504,NA,NA,NA,NA,FALSE,NA,NA,FALSE,TRUE,38,0,7,L. digitata,DV,Summer,Dover,CULTURE,NA,NA,NA,0,0,0,0,NA,3241,4765,8006,0.4048213839620285,none,NA,NA,NA,NA,NA,2024,NA,culture,Laminaria digitata,8006,0.4048213839620285,FALSE,FALSE,FALSE,FALSE,FALSE,FALSE,FALSE,FALSE,FALSE,FALSE,FALSE,0,FALSE,NA,NA,FALSE,FALSE,FALSE,FALSE,FALSE,FALSE,FALSE,FALSE,FALSE,FALSE,FALSE,FALSE,NA,NA
11,C1480,20240918_C1480_clip.mp4,504,6.2,NA,6.2,6.2,FALSE,NA,NA,TRUE,TRUE,38,24024,6,L. digitata,DV,Summer,Dover,CONTROL,NA,NA,NA,0,0,0,0,NA,398,758,1156,0.34429065743944637,glass,817,NA,NA,NA,NA,2024,NA,done out of order,Laminaria digitata,1156,0.34429065743944637,FALSE,FALSE,FALSE,FALSE,FALSE,FALSE,FALSE,FALSE,FALSE,FALSE,FALSE,0,FALSE,NA,NA,FALSE,FALSE,FALSE,FALSE,FALSE,FALSE,FALSE,FALSE,FALSE,FALSE,FALSE,FALSE,NA,NA
12,C1481,20240918_C1481_clip.mp4,504,6.2,NA,6.2,6.2,FALSE,NA,NA,TRUE,TRUE,38,24011,6,L. digitata,DV,Summer,Dover,CONTROL,NA,NA,NA,0,0,0,0,NA,21479,21672,43151,0.49776366712243053,none,NA,NA,NA,NA,NA,2024,NA,control,Laminaria digitata,43151,0.49776366712243053,FALSE,FALSE,FALSE,FALSE,FALSE,FALSE,FALSE,FALSE,FALSE,FALSE,FALSE,0,FALSE,NA,NA,FALSE,FALSE,FALSE,FALSE,FALSE,FALSE,FALSE,FALSE,FALSE,FALSE,FALSE,FALSE,NA,NA
13,C1482,20240918_C1482_clip.mp4,504,6.2,NA,6.2,6.2,FALSE,NA,NA,TRUE,TRUE,38,24012,6,L. digitata,DV,Summer,Dover,CONTROL,NA,NA,NA,0,0,0,0,NA,606,620,1226,0.49429037520391517,none,NA,NA,NA,NA,NA,2024,NA,control,Laminaria digitata,1226,0.49429037520391517,FALSE,FALSE,FALSE,FALSE,FALSE,FALSE,FALSE,FALSE,FALSE,FALSE,FALSE,0,FALSE,NA,NA,FALSE,FALSE,FALSE,FALSE,FALSE,FALSE,FALSE,FALSE,FALSE,FALSE,FALSE,FALSE,NA,NA
14,C1483,20240918_C1483_clip.mp4,504,6.2,NA,6.2,6.2,FALSE,NA,NA,TRUE,TRUE,38,24013,6,L. digitata,DV,Summer,Dover,CONTROL,NA,NA,NA,0,0,0,0,NA,15285,24944,40229,0.37994978746675284,none,NA,NA,NA,NA,NA,2024,NA,control,Laminaria digitata,40229,0.37994978746675284,FALSE,FALSE,FALSE,FALSE,FALSE,FALSE,FALSE,FALSE,FALSE,FALSE,FALSE,0,FALSE,NA,NA,FALSE,FALSE,FALSE,FALSE,FALSE,FALSE,FALSE,FALSE,FALSE,FALSE,FALSE,FALSE,NA,NA
15,C1484,20240918_C1484_clip.mp4,504,6.2,NA,6.2,6.2,FALSE,NA,NA,TRUE,TRUE,38,24014,6,L. digitata,DV,Summer,Dover,CONTROL,NA,NA,NA,0,0,0,0,NA,9040,7819,16859,0.5362121122249244,none,NA,NA,NA,NA,NA,2024,NA,control,Laminaria digitata,16859,0.5362121122249244,FALSE,FALSE,FALSE,FALSE,FALSE,FALSE,FALSE,FALSE,FALSE,FALSE,FALSE,0,FALSE,NA,NA,FALSE,FALSE,FALSE,FALSE,FALSE,FALSE,FALSE,FALSE,FALSE,FALSE,FALSE,FALSE,NA,NA
16,C1485,20240918_C1485_clip.mp4,504,6.2,NA,6.2,6.2,FALSE,NA,NA,TRUE,TRUE,38,24015,6,L. digitata,DV,Summer,Dover,CONTROL,NA,NA,NA,0,0,0,0,NA,15598,12179,27777,0.5615437232242503,none,NA,NA,NA,NA,NA,2024,NA,control,Laminaria digitata,27777,0.5615437232242503,FALSE,FALSE,FALSE,FALSE,FALSE,FALSE,FALSE,FALSE,FALSE,FALSE,FALSE,0,FALSE,NA,NA,FALSE,FALSE,FALSE,FALSE,FALSE,FALSE,FALSE,FALSE,FALSE,FALSE,FALSE,FALSE,NA,NA
17,C1486,20240918_C1486_clip.mp4,504,6.2,NA,6.2,6.2,FALSE,NA,NA,TRUE,TRUE,38,24016,6,L. digitata,DV,Summer,Dover,CONTROL,NA,NA,NA,0,0,0,0,NA,353,819,1172,0.30119453924914674,none,NA,NA,NA,NA,NA,2024,NA,control,Laminaria digitata,1172,0.30119453924914674,FALSE,FALSE,FALSE,FALSE,FALSE,FALSE,FALSE,FALSE,FALSE,FALSE,FALSE,0,FALSE,NA,NA,FALSE,FALSE,FALSE,FALSE,FALSE,FALSE,FALSE,FALSE,FALSE,FALSE,FALSE,FALSE,NA,NA
18,C1487,20240918_C1487_clip.mp4,504,6.2,NA,6.2,6.2,FALSE,NA,NA,TRUE,TRUE,38,24021,6,L. digitata,DV,Summer,Dover,CONTROL,NA,NA,NA,0,0,0,0,NA,318,369,687,0.462882096069869,glass,662,NA,NA,NA,NA,2024,NA,NA,Laminaria digitata,687,0.462882096069869,FALSE,FALSE,FALSE,FALSE,FALSE,FALSE,FALSE,FALSE,FALSE,FALSE,FALSE,0,FALSE,NA,NA,FALSE,FALSE,FALSE,FALSE,FALSE,FALSE,FALSE,FALSE,FALSE,FALSE,FALSE,FALSE,NA,NA
19,C1488,20240918_C1488_clip.mp4,504,6.2,NA,6.2,6.2,FALSE,NA,NA,TRUE,TRUE,38,24022,6,L. digitata,DV,Summer,Dover,CONTROL,NA,NA,NA,0,0,0,0,NA,3656,2676,6332,0.5773847125710676,glass,346,NA,NA,NA,NA,2024,NA,NA,Laminaria digitata,6332,0.5773847125710676,FALSE,FALSE,FALSE,FALSE,FALSE,FALSE,FALSE,FALSE,FALSE,FALSE,FALSE,0,FALSE,NA,NA,FALSE,FALSE,FALSE,FALSE,FALSE,FALSE,FALSE,FALSE,FALSE,FALSE,FALSE,FALSE,NA,NA
20,C1489,20240918_C1489_clip.mp4,504,6.2,NA,6.2,6.2,FALSE,NA,NA,TRUE,TRUE,38,24023,6,L. digitata,DV,Summer,Dover,CONTROL,NA,NA,NA,0,0,0,0,NA,128,337,465,0.2752688172043011,glass,806,NA,NA,NA,NA,2024,NA,NA,Laminaria digitata,465,0.2752688172043011,FALSE,FALSE,FALSE,FALSE,FALSE,FALSE,FALSE,FALSE,FALSE,FALSE,FALSE,0,FALSE,NA,NA,FALSE,FALSE,FALSE,FALSE,FALSE,FALSE,FALSE,FALSE,FALSE,FALSE,FALSE,FALSE,NA,NA
21,C1490,20240918_C1490_clip.mp4,504,6.2,NA,6.2,6.2,FALSE,NA,NA,TRUE,TRUE,38,24025,6,L. digitata,DV,Summer,Dover,CONTROL,NA,NA,NA,0,0,0,0,NA,1461,3114,4575,0.31934426229508195,glass,934,NA,NA,NA,NA,2024,NA,NA,Laminaria digitata,4575,0.31934426229508195,FALSE,FALSE,FALSE,FALSE,FALSE,FALSE,FALSE,FALSE,FALSE,FALSE,FALSE,0,FALSE,NA,NA,FALSE,FALSE,FALSE,FALSE,FALSE,FALSE,FALSE,FALSE,FALSE,FALSE,FALSE,FALSE,NA,NA
22,C1491,20240918_C1491_clip.mp4,504,6.2,NA,6.2,6.2,FALSE,NA,NA,TRUE,TRUE,38,24026,6,L. digitata,DV,Summer,Dover,CONTROL,NA,NA,NA,0,0,0,0,NA,223,566,789,0.2826362484157161,glass,1464,NA,NA,NA,NA,2024,NA,NA,Laminaria digitata,789,0.2826362484157161,FALSE,FALSE,FALSE,FALSE,FALSE,FALSE,FALSE,FALSE,FALSE,FALSE,FALSE,0,FALSE,NA,NA,FALSE,FALSE,FALSE,FALSE,FALSE,FALSE,FALSE,FALSE,FALSE,FALSE,FALSE,FALSE,NA,NA
23,C1492,20240918_C1492_clip.mp4,504,6.2,NA,6.2,6.2,FALSE,NA,NA,TRUE,TRUE,38,24031,6,L. digitata,DV,Summer,Dover,CONTROL,NA,NA,NA,0,0,0,0,NA,1073,1234,2307,0.46510619852622453,stone,2738,NA,NA,NA,NA,2024,NA,NA,Laminaria digitata,2307,0.46510619852622453,FALSE,FALSE,FALSE,FALSE,FALSE,FALSE,FALSE,FALSE,FALSE,FALSE,FALSE,0,FALSE,NA,NA,FALSE,FALSE,FALSE,FALSE,FALSE,FALSE,FALSE,FALSE,FALSE,FALSE,FALSE,FALSE,NA,NA
24,C1493,20240918_C1493_clip.mp4,504,6.2,NA,6.2,6.2,FALSE,NA,NA,TRUE,TRUE,38,24032,6,L. digitata,DV,Summer,Dover,CONTROL,NA,NA,NA,0,0,0,0,NA,804,985,1789,0.4494130799329234,stone,4353,NA,NA,NA,NA,2024,NA,NA,Laminaria digitata,1789,0.4494130799329234,FALSE,FALSE,FALSE,FALSE,FALSE,FALSE,FALSE,FALSE,FALSE,FALSE,FALSE,0,FALSE,NA,NA,FALSE,FALSE,FALSE,FALSE,FALSE,FALSE,FALSE,FALSE,FALSE,FALSE,FALSE,FALSE,NA,NA
25,C1494,20240918_C1494_clip.mp4,504,6.2,NA,6.2,6.2,FALSE,NA,NA,TRUE,TRUE,38,24033,6,L. digitata,DV,Summer,Dover,CONTROL,NA,NA,NA,0,0,0,0,NA,175,365,540,0.32407407407407407,stone,993,NA,NA,NA,NA,2024,NA,NA,Laminaria digitata,540,0.32407407407407407,FALSE,FALSE,FALSE,FALSE,FALSE,FALSE,FALSE,FALSE,FALSE,FALSE,FALSE,0,FALSE,NA,NA,FALSE,FALSE,FALSE,FALSE,FALSE,FALSE,FALSE,FALSE,FALSE,FALSE,FALSE,FALSE,NA,NA
26,C1495,20240918_C1495_clip.mp4,504,6.2,NA,6.2,6.2,FALSE,NA,NA,TRUE,TRUE,38,24034,6,L. digitata,DV,Summer,Dover,CONTROL,NA,NA,NA,0,0,0,0,NA,5595,6888,12483,0.4482095650084114,glass,445,NA,NA,NA,NA,2024,NA,NA,Laminaria digitata,12483,0.4482095650084114,FALSE,FALSE,FALSE,FALSE,FALSE,FALSE,FALSE,FALSE,FALSE,FALSE,FALSE,0,FALSE,NA,NA,FALSE,FALSE,FALSE,FALSE,FALSE,FALSE,FALSE,FALSE,FALSE,FALSE,FALSE,FALSE,NA,NA
27,C1496,20240918_C1496_clip.mp4,504,6.2,NA,6.2,6.2,FALSE,NA,NA,TRUE,TRUE,38,24035,6,L. digitata,DV,Summer,Dover,CONTROL,NA,NA,NA,0,0,0,0,NA,6042,9274,15316,0.39448942282580307,glass,740,NA,NA,NA,NA,2024,NA,NA,Laminaria digitata,15316,0.39448942282580307,FALSE,FALSE,FALSE,FALSE,FALSE,FALSE,FALSE,FALSE,FALSE,FALSE,FALSE,0,FALSE,NA,NA,FALSE,FALSE,FALSE,FALSE,FALSE,FALSE,FALSE,FALSE,FALSE,FALSE,FALSE,FALSE,NA,NA
28,C1497,20240918_C1497_clip.mp4,504,6.2,NA,6.2,6.2,FALSE,NA,NA,TRUE,TRUE,38,24036,6,L. digitata,DV,Summer,Dover,CONTROL,NA,NA,NA,0,0,0,0,NA,472,959,1431,0.32983927323549966,glass,517,NA,NA,NA,NA,2024,NA,NA,Laminaria digitata,1431,0.32983927323549966,FALSE,FALSE,FALSE,FALSE,FALSE,FALSE,FALSE,FALSE,FALSE,FALSE,FALSE,0,FALSE,NA,NA,FALSE,FALSE,FALSE,FALSE,FALSE,FALSE,FALSE,FALSE,FALSE,FALSE,FALSE,FALSE,NA,NA
29,C1498,20240920_C1498_clip.mp4,504,6.2,NA,6.2,6.2,FALSE,NA,NA,TRUE,TRUE,38,24011,8,L. digitata,DV,Summer,Dover,CONTROL,NA,NA,NA,0,0,0,0,NA,2912,4206,7118,0.40910368080921605,none,NA,NA,NA,NA,NA,2024,NA,NA,Laminaria digitata,7118,0.40910368080921605,FALSE,FALSE,FALSE,FALSE,FALSE,FALSE,FALSE,FALSE,FALSE,FALSE,FALSE,0,FALSE,NA,NA,FALSE,FALSE,FALSE,FALSE,FALSE,FALSE,FALSE,FALSE,FALSE,FALSE,FALSE,FALSE,NA,NA
30,C1499,20240920_C1499_clip.mp4,504,6.2,NA,6.2,6.2,FALSE,NA,NA,TRUE,TRUE,38,24012,8,L. digitata,DV,Summer,Dover,CONTROL,NA,NA,NA,0,0,0,0,NA,5829,8641,14470,0.40283344851416725,none,NA,NA,NA,NA,NA,2024,NA,NA,Laminaria digitata,14470,0.40283344851416725,FALSE,FALSE,FALSE,FALSE,FALSE,FALSE,FALSE,FALSE,FALSE,FALSE,FALSE,0,FALSE,NA,NA,FALSE,FALSE,FALSE,FALSE,FALSE,FALSE,FALSE,FALSE,FALSE,FALSE,FALSE,FALSE,NA,NA
31,C1500,20240920_C1500_clip.mp4,504,6.2,NA,6.2,6.2,FALSE,NA,NA,TRUE,TRUE,38,24013,8,L. digitata,DV,Summer,Dover,CONTROL,NA,NA,NA,0,0,0,0,NA,1712,1566,3278,0.5222696766320928,none,NA,NA,NA,NA,NA,2024,NA,NA,Laminaria digitata,3278,0.5222696766320928,FALSE,FALSE,FALSE,FALSE,FALSE,FALSE,FALSE,FALSE,FALSE,FALSE,FALSE,0,FALSE,NA,NA,FALSE,FALSE,FALSE,FALSE,FALSE,FALSE,FALSE,FALSE,FALSE,FALSE,FALSE,FALSE,NA,NA
32,C1501,20240920_C1501_clip.mp4,504,6.2,NA,6.2,6.2,FALSE,NA,NA,TRUE,TRUE,38,24014,8,L. digitata,DV,Summer,Dover,CONTROL,NA,NA,NA,0,0,0,0,NA,6924,5943,12867,0.5381207740732106,none,NA,NA,NA,NA,NA,2024,NA,NA,Laminaria digitata,12867,0.5381207740732106,FALSE,FALSE,FALSE,FALSE,FALSE,FALSE,FALSE,FALSE,FALSE,FALSE,FALSE,0,FALSE,NA,NA,FALSE,FALSE,FALSE,FALSE,FALSE,FALSE,FALSE,FALSE,FALSE,FALSE,FALSE,FALSE,NA,NA
33,C1502,20240920_C1502_clip.mp4,504,6.2,NA,6.2,6.2,FALSE,NA,NA,TRUE,TRUE,38,24015,8,L. digitata,DV,Summer,Dover,CONTROL,NA,NA,NA,0,0,0,0,NA,6206,8288,14494,0.4281771767627984,none,NA,NA,NA,NA,NA,2024,NA,NA,Laminaria digitata,14494,0.4281771767627984,FALSE,FALSE,FALSE,FALSE,FALSE,FALSE,FALSE,FALSE,FALSE,FALSE,FALSE,0,FALSE,NA,NA,FALSE,FALSE,FALSE,FALSE,FALSE,FALSE,FALSE,FALSE,FALSE,FALSE,FALSE,FALSE,NA,NA
34,C1506,20240920_C1506_clip.mp4,504,6.2,NA,6.2,6.2,FALSE,NA,NA,TRUE,TRUE,38,24016,8,L. digitata,DV,Summer,Dover,CONTROL,NA,NA,NA,0,0,0,0,NA,1817,3344,5161,0.3520635535748886,none,NA,NA,NA,NA,NA,2024,NA,NA,Laminaria digitata,5161,0.3520635535748886,FALSE,FALSE,FALSE,FALSE,FALSE,FALSE,FALSE,FALSE,FALSE,FALSE,FALSE,0,FALSE,NA,NA,FALSE,FALSE,FALSE,FALSE,FALSE,FALSE,FALSE,FALSE,FALSE,FALSE,FALSE,FALSE,NA,NA
35,C1508,20240920_C1508_clip.mp4,504,6.2,NA,6.2,6.2,FALSE,NA,NA,TRUE,TRUE,38,24022,8,L. digitata,DV,Summer,Dover,CONTROL,NA,NA,NA,0,0,0,0,NA,801,1369,2170,0.36912442396313366,glass,346,NA,NA,NA,NA,2024,NA,NA,Laminaria digitata,2170,0.36912442396313366,FALSE,FALSE,FALSE,FALSE,FALSE,FALSE,FALSE,FALSE,FALSE,FALSE,FALSE,0,FALSE,NA,NA,FALSE,FALSE,FALSE,FALSE,FALSE,FALSE,FALSE,FALSE,FALSE,FALSE,FALSE,FALSE,NA,NA
36,C1509,20240920_C1509_clip.mp4,504,6.2,NA,6.2,6.2,FALSE,NA,NA,TRUE,TRUE,38,24021,8,L. digitata,DV,Summer,Dover,CONTROL,NA,NA,NA,0,0,0,0,NA,7060,9306,16366,0.43138213369180006,glass,662,NA,NA,NA,NA,2024,NA,NA,Laminaria digitata,16366,0.43138213369180006,FALSE,FALSE,FALSE,FALSE,FALSE,FALSE,FALSE,FALSE,FALSE,FALSE,FALSE,0,FALSE,NA,NA,FALSE,FALSE,FALSE,FALSE,FALSE,FALSE,FALSE,FALSE,FALSE,FALSE,FALSE,FALSE,NA,NA
37,C1510,20240920_C1510_clip.mp4,504,6.2,NA,6.2,6.2,FALSE,NA,NA,TRUE,TRUE,38,24023,8,L. digitata,DV,Summer,Dover,CONTROL,NA,NA,NA,0,0,0,0,NA,882,1706,2588,0.3408037094281298,glass,806,NA,NA,NA,NA,2024,NA,NA,Laminaria digitata,2588,0.3408037094281298,FALSE,FALSE,FALSE,FALSE,FALSE,FALSE,FALSE,FALSE,FALSE,FALSE,FALSE,0,FALSE,NA,NA,FALSE,FALSE,FALSE,FALSE,FALSE,FALSE,FALSE,FALSE,FALSE,FALSE,FALSE,FALSE,NA,NA
38,C1511,20240920_C1511_clip.mp4,504,6.2,NA,6.2,6.2,FALSE,NA,NA,TRUE,TRUE,38,24024,8,L. digitata,DV,Summer,Dover,CONTROL,NA,NA,NA,0,0,0,0,NA,215,553,768,0.2799479166666667,glass,817,NA,NA,NA,NA,2024,NA,NA,Laminaria digitata,768,0.2799479166666667,FALSE,FALSE,FALSE,FALSE,FALSE,FALSE,FALSE,FALSE,FALSE,FALSE,FALSE,0,FALSE,NA,NA,FALSE,FALSE,FALSE,FALSE,FALSE,FALSE,FALSE,FALSE,FALSE,FALSE,FALSE,FALSE,NA,NA
39,C1512,20240920_C1512_clip.mp4,504,6.2,NA,6.2,6.2,FALSE,NA,NA,TRUE,TRUE,38,24025,8,L. digitata,DV,Summer,Dover,CONTROL,NA,NA,NA,0,0,0,0,NA,10165,15752,25917,0.392213604969711,glass,934,NA,NA,NA,NA,2024,NA,NA,Laminaria digitata,25917,0.392213604969711,FALSE,FALSE,FALSE,FALSE,FALSE,FALSE,FALSE,FALSE,FALSE,FALSE,FALSE,0,FALSE,NA,NA,FALSE,FALSE,FALSE,FALSE,FALSE,FALSE,FALSE,FALSE,FALSE,FALSE,FALSE,FALSE,NA,NA
40,C1515,20240920_C1515_clip.mp4,504,6.2,NA,6.2,6.2,FALSE,NA,NA,TRUE,TRUE,38,24026,8,L. digitata,DV,Summer,Dover,CONTROL,NA,NA,NA,0,0,0,0,NA,188,449,637,0.29513343799058084,glass,1464,NA,NA,NA,NA,2024,NA,NA,Laminaria digitata,637,0.29513343799058084,FALSE,FALSE,FALSE,FALSE,FALSE,FALSE,FALSE,FALSE,FALSE,FALSE,FALSE,0,FALSE,NA,NA,FALSE,FALSE,FALSE,FALSE,FALSE,FALSE,FALSE,FALSE,FALSE,FALSE,FALSE,FALSE,NA,NA
41,C1518,20240920_C1518_clip.mp4,504,6.2,NA,6.2,6.2,FALSE,NA,NA,TRUE,TRUE,38,24031,8,L. digitata,DV,Summer,Dover,CONTROL,NA,NA,NA,0,0,0,0,NA,7285,18273,25558,0.28503795289146255,stone,2738,NA,NA,NA,NA,2024,NA,clumping,Laminaria digitata,25558,0.28503795289146255,FALSE,FALSE,FALSE,FALSE,FALSE,FALSE,FALSE,FALSE,FALSE,FALSE,FALSE,0,FALSE,NA,NA,FALSE,FALSE,FALSE,FALSE,FALSE,FALSE,FALSE,FALSE,FALSE,FALSE,FALSE,FALSE,NA,NA
42,C1519,20240920_C1519_clip.mp4,504,6.2,NA,6.2,6.2,FALSE,NA,NA,TRUE,TRUE,38,24032,8,L. digitata,DV,Summer,Dover,CONTROL,NA,NA,NA,0,0,0,0,NA,161,350,511,0.3150684931506849,stone,4353,NA,NA,NA,NA,2024,NA,NA,Laminaria digitata,511,0.3150684931506849,FALSE,FALSE,FALSE,FALSE,FALSE,FALSE,FALSE,FALSE,FALSE,FALSE,FALSE,0,FALSE,NA,NA,FALSE,FALSE,FALSE,FALSE,FALSE,FALSE,FALSE,FALSE,FALSE,FALSE,FALSE,FALSE,NA,NA
43,C1521,20240920_C1521_clip.mp4,504,6.2,NA,6.2,6.2,FALSE,NA,NA,TRUE,TRUE,38,24033,8,L. digitata,DV,Summer,Dover,CONTROL,NA,NA,NA,0,0,0,0,NA,1600,2578,4178,0.3829583532790809,stone,993,NA,NA,NA,NA,2024,NA,air bubble,Laminaria digitata,4178,0.3829583532790809,FALSE,FALSE,FALSE,FALSE,FALSE,FALSE,FALSE,FALSE,FALSE,FALSE,FALSE,0,FALSE,NA,NA,FALSE,FALSE,FALSE,FALSE,FALSE,FALSE,FALSE,FALSE,FALSE,FALSE,FALSE,FALSE,NA,NA
44,C1522,20240920_C1522_clip.mp4,504,6.2,NA,6.2,6.2,FALSE,NA,NA,TRUE,TRUE,38,24034,8,L. digitata,DV,Summer,Dover,CONTROL,NA,NA,NA,0,0,0,0,NA,13915,14732,28647,0.48574021712570253,glass,445,NA,NA,NA,NA,2024,NA,NA,Laminaria digitata,28647,0.48574021712570253,FALSE,FALSE,FALSE,FALSE,FALSE,FALSE,FALSE,FALSE,FALSE,FALSE,FALSE,0,FALSE,NA,NA,FALSE,FALSE,FALSE,FALSE,FALSE,FALSE,FALSE,FALSE,FALSE,FALSE,FALSE,FALSE,NA,NA
45,C1524,20240920_C1524_clip.mp4,504,6.2,NA,6.2,6.2,FALSE,NA,NA,TRUE,TRUE,38,24035,8,L. digitata,DV,Summer,Dover,CONTROL,NA,NA,NA,0,0,0,0,NA,1481,2630,4111,0.36025297981026516,glass,740,NA,NA,NA,NA,2024,NA,NA,Laminaria digitata,4111,0.36025297981026516,FALSE,FALSE,FALSE,FALSE,FALSE,FALSE,FALSE,FALSE,FALSE,FALSE,FALSE,0,FALSE,NA,NA,FALSE,FALSE,FALSE,FALSE,FALSE,FALSE,FALSE,FALSE,FALSE,FALSE,FALSE,FALSE,NA,NA
46,C1525,20240920_C1525_clip.mp4,504,6.2,NA,6.2,6.2,FALSE,NA,NA,TRUE,TRUE,38,24036,8,L. digitata,DV,Summer,Dover,CONTROL,NA,NA,NA,0,0,0,0,NA,106,247,353,0.3002832861189802,glass,517,NA,NA,NA,NA,2024,NA,NA,Laminaria digitata,353,0.3002832861189802,FALSE,FALSE,FALSE,FALSE,FALSE,FALSE,FALSE,FALSE,FALSE,FALSE,FALSE,0,FALSE,NA,NA,FALSE,FALSE,FALSE,FALSE,FALSE,FALSE,FALSE,FALSE,FALSE,FALSE,FALSE,FALSE,NA,NA
47,C1526,20240920_C1526_clip.mp4,504,NA,NA,NA,NA,FALSE,NA,NA,TRUE,TRUE,38,0,9,L. digitata,DV,Summer,Dover,CONTROL,NA,NA,NA,0,0,0,0,NA,10914,13468,24382,0.4476252973505045,none,NA,NA,NA,NA,NA,2024,NA,culture,Laminaria digitata,24382,0.4476252973505045,FALSE,FALSE,FALSE,FALSE,FALSE,FALSE,FALSE,FALSE,FALSE,FALSE,FALSE,0,FALSE,NA,NA,FALSE,FALSE,FALSE,FALSE,FALSE,FALSE,FALSE,FALSE,FALSE,FALSE,FALSE,FALSE,NA,NA
48,C1527,20240920_C1527_clip.mp4,504,NA,NA,NA,NA,FALSE,NA,NA,TRUE,TRUE,38,0,9,L. digitata,DV,Summer,Dover,CONTROL,NA,NA,NA,0,0,0,0,NA,2779,3729,6508,0.42701290719114937,none,NA,NA,NA,NA,NA,2024,NA,culture,Laminaria digitata,6508,0.42701290719114937,FALSE,FALSE,FALSE,FALSE,FALSE,FALSE,FALSE,FALSE,FALSE,FALSE,FALSE,0,FALSE,NA,NA,FALSE,FALSE,FALSE,FALSE,FALSE,FALSE,FALSE,FALSE,FALSE,FALSE,FALSE,FALSE,NA,NA
49,C1528,20240920_C1528_clip.mp4,504,NA,NA,NA,NA,FALSE,NA,NA,TRUE,TRUE,38,0,9,L. digitata,DV,Summer,Dover,CONTROL,NA,NA,NA,0,0,0,0,NA,7345,10801,18146,0.4047724016312135,none,NA,NA,NA,NA,NA,2024,NA,culture,Laminaria digitata,18146,0.4047724016312135,FALSE,FALSE,FALSE,FALSE,FALSE,FALSE,FALSE,FALSE,FALSE,FALSE,FALSE,0,FALSE,NA,NA,FALSE,FALSE,FALSE,FALSE,FALSE,FALSE,FALSE,FALSE,FALSE,FALSE,FALSE,FALSE,NA,NA
50,C1529,20240924_C1529_clip.mp4,504,7.2,NA,7.2,7.2,FALSE,NA,NA,FALSE,TRUE,38,24041,4,L. digitata,DV,Summer,Dover,CUSO4,NA,NA,NA,0,0,0,0,NA,1920,3568,5488,0.3498542274052478,glass,316,NA,NA,NA,NA,2024,NA,NA,Laminaria digitata,5488,0.3498542274052478,FALSE,FALSE,FALSE,FALSE,FALSE,FALSE,FALSE,FALSE,FALSE,FALSE,FALSE,0,FALSE,NA,NA,FALSE,FALSE,FALSE,FALSE,FALSE,FALSE,FALSE,FALSE,FALSE,FALSE,FALSE,FALSE,NA,NA
51,C1531,20240924_C1531_clip.mp4,504,7.2,NA,7.2,7.2,FALSE,NA,NA,FALSE,TRUE,38,24042,4,L. digitata,DV,Summer,Dover,CUSO4,NA,NA,NA,0,0,0,0,NA,1185,1900,3085,0.3841166936790924,glass,450,NA,NA,NA,NA,2024,NA,NA,Laminaria digitata,3085,0.3841166936790924,FALSE,FALSE,FALSE,FALSE,FALSE,FALSE,FALSE,FALSE,FALSE,FALSE,FALSE,0,FALSE,NA,NA,FALSE,FALSE,FALSE,FALSE,FALSE,FALSE,FALSE,FALSE,FALSE,FALSE,FALSE,FALSE,NA,NA
52,C1532,20240924_C1532_clip.mp4,504,7.2,NA,7.2,7.2,FALSE,NA,NA,FALSE,TRUE,38,24043,4,L. digitata,DV,Summer,Dover,CUSO4,NA,NA,NA,0,0,0,0,NA,1537,2600,4137,0.37152525985013296,glass,918,NA,NA,NA,NA,2024,NA,NA,Laminaria digitata,4137,0.37152525985013296,FALSE,FALSE,FALSE,FALSE,FALSE,FALSE,FALSE,FALSE,FALSE,FALSE,FALSE,0,FALSE,NA,NA,FALSE,FALSE,FALSE,FALSE,FALSE,FALSE,FALSE,FALSE,FALSE,FALSE,FALSE,FALSE,NA,NA
53,C1533,20240924_C1533_clip.mp4,504,7.2,NA,7.2,7.2,FALSE,NA,NA,FALSE,TRUE,38,24044,4,L. digitata,DV,Summer,Dover,CUSO4,NA,NA,NA,0,0,2118.33,0,NA,1304,2485,3789,0.3441541303774083,glass,233,NA,NA,NA,NA,2024,NA,NA,Laminaria digitata,3789,0.3441541303774083,FALSE,FALSE,FALSE,FALSE,FALSE,FALSE,FALSE,FALSE,FALSE,FALSE,FALSE,0,FALSE,NA,NA,FALSE,FALSE,FALSE,FALSE,FALSE,FALSE,FALSE,FALSE,FALSE,FALSE,FALSE,FALSE,NA,NA
54,C1534,20240924_C1534_clip.mp4,504,7.2,NA,7.2,7.2,FALSE,NA,NA,FALSE,TRUE,38,24045,4,L. digitata,DV,Summer,Dover,CUSO4,NA,NA,NA,0,0,2118.33,0,NA,2413,3442,5855,0.4121263877028181,glass,556,NA,NA,NA,NA,2024,NA,NA,Laminaria digitata,5855,0.4121263877028181,FALSE,FALSE,FALSE,FALSE,FALSE,FALSE,FALSE,FALSE,FALSE,FALSE,FALSE,0,FALSE,NA,NA,FALSE,FALSE,FALSE,FALSE,FALSE,FALSE,FALSE,FALSE,FALSE,FALSE,FALSE,FALSE,NA,NA
55,C1535,20240924_C1535_clip.mp4,504,7.2,NA,7.2,7.2,FALSE,NA,NA,FALSE,TRUE,38,24046,4,L. digitata,DV,Summer,Dover,CUSO4,NA,NA,NA,0,0,2118.33,0,NA,1532,2612,4144,0.3696911196911197,glass,347,NA,NA,NA,NA,2024,NA,NA,Laminaria digitata,4144,0.3696911196911197,FALSE,FALSE,FALSE,FALSE,FALSE,FALSE,FALSE,FALSE,FALSE,FALSE,FALSE,0,FALSE,NA,NA,FALSE,FALSE,FALSE,FALSE,FALSE,FALSE,FALSE,FALSE,FALSE,FALSE,FALSE,FALSE,NA,NA
56,C1536,20240924_C1536_clip.mp4,504,7.2,NA,7.2,7.2,FALSE,NA,NA,FALSE,TRUE,38,24051,4,L. digitata,DV,Summer,Dover,CUSO4,NA,NA,NA,0,0,4236.66,0,NA,2201,2524,4725,0.4658201058201058,glass,236,NA,NA,NA,NA,2024,NA,NA,Laminaria digitata,4725,0.4658201058201058,FALSE,FALSE,FALSE,FALSE,FALSE,FALSE,FALSE,FALSE,FALSE,FALSE,FALSE,0,FALSE,NA,NA,FALSE,FALSE,FALSE,FALSE,FALSE,FALSE,FALSE,FALSE,FALSE,FALSE,FALSE,FALSE,NA,NA
57,C1537,20240924_C1537_clip.mp4,504,7.2,NA,7.2,7.2,FALSE,NA,NA,FALSE,TRUE,38,24052,4,L. digitata,DV,Summer,Dover,CUSO4,NA,NA,NA,0,0,4236.66,0,NA,896,1132,2028,0.4418145956607495,glass,1138,NA,NA,NA,NA,2024,NA,NA,Laminaria digitata,2028,0.4418145956607495,FALSE,FALSE,FALSE,FALSE,FALSE,FALSE,FALSE,FALSE,FALSE,FALSE,FALSE,0,FALSE,NA,NA,FALSE,FALSE,FALSE,FALSE,FALSE,FALSE,FALSE,FALSE,FALSE,FALSE,FALSE,FALSE,NA,NA
58,C1538,20240924_C1538_clip.mp4,504,7.2,NA,7.2,7.2,FALSE,NA,NA,FALSE,TRUE,38,24053,4,L. digitata,DV,Summer,Dover,CUSO4,NA,NA,NA,0,0,4236.66,0,NA,1178,1856,3034,0.3882663150955834,glass,637,NA,NA,NA,NA,2024,NA,NA,Laminaria digitata,3034,0.3882663150955834,FALSE,FALSE,FALSE,FALSE,FALSE,FALSE,FALSE,FALSE,FALSE,FALSE,FALSE,0,FALSE,NA,NA,FALSE,FALSE,FALSE,FALSE,FALSE,FALSE,FALSE,FALSE,FALSE,FALSE,FALSE,FALSE,NA,NA
59,C1539,20240924_C1539_clip.mp4,504,7.2,NA,7.2,7.2,FALSE,NA,NA,FALSE,TRUE,38,24054,4,L. digitata,DV,Summer,Dover,CUSO4,NA,NA,NA,0,0,6354.99,0,NA,1974,2556,4530,0.4357615894039735,glass,285,NA,NA,NA,NA,2024,NA,NA,Laminaria digitata,4530,0.4357615894039735,FALSE,FALSE,FALSE,FALSE,FALSE,FALSE,FALSE,FALSE,FALSE,FALSE,FALSE,0,FALSE,NA,NA,FALSE,FALSE,FALSE,FALSE,FALSE,FALSE,FALSE,FALSE,FALSE,FALSE,FALSE,FALSE,NA,NA
60,C1541,20240924_C1541_clip.mp4,504,7.2,NA,7.2,7.2,FALSE,NA,NA,FALSE,TRUE,38,24055,4,L. digitata,DV,Summer,Dover,CUSO4,NA,NA,NA,0,0,6354.99,0,NA,1401,1934,3335,0.42008995502248875,glass,300,NA,NA,NA,NA,2024,NA,NA,Laminaria digitata,3335,0.42008995502248875,FALSE,FALSE,FALSE,FALSE,FALSE,FALSE,FALSE,FALSE,FALSE,FALSE,FALSE,0,FALSE,NA,NA,FALSE,FALSE,FALSE,FALSE,FALSE,FALSE,FALSE,FALSE,FALSE,FALSE,FALSE,FALSE,NA,NA
61,C1542,20240924_C1542_clip.mp4,504,7.2,NA,7.2,7.2,FALSE,NA,NA,FALSE,TRUE,38,24056,4,L. digitata,DV,Summer,Dover,CUSO4,NA,NA,NA,0,0,6354.99,0,NA,1154,1605,2759,0.4182674882203697,glass,264,NA,NA,NA,NA,2024,NA,NA,Laminaria digitata,2759,0.4182674882203697,FALSE,FALSE,FALSE,FALSE,FALSE,FALSE,FALSE,FALSE,FALSE,FALSE,FALSE,0,FALSE,NA,NA,FALSE,FALSE,FALSE,FALSE,FALSE,FALSE,FALSE,FALSE,FALSE,FALSE,FALSE,FALSE,NA,NA
62,C1544,20240924_C1544_clip.mp4,504,7.2,NA,7.2,7.2,FALSE,NA,NA,FALSE,TRUE,38,24061,4,L. digitata,DV,Summer,Dover,CUSO4,NA,NA,NA,0,0,8473.32,0,NA,258,518,776,0.3324742268041237,glass,677,NA,NA,NA,NA,2024,NA,NA,Laminaria digitata,776,0.3324742268041237,FALSE,FALSE,FALSE,FALSE,FALSE,FALSE,FALSE,FALSE,FALSE,FALSE,FALSE,0,FALSE,NA,NA,FALSE,FALSE,FALSE,FALSE,FALSE,FALSE,FALSE,FALSE,FALSE,FALSE,FALSE,FALSE,NA,NA
63,C1545,20240924_C1545_clip.mp4,504,7.2,NA,7.2,7.2,FALSE,NA,NA,FALSE,TRUE,38,24062,4,L. digitata,DV,Summer,Dover,CUSO4,NA,NA,NA,0,0,8473.32,0,NA,791,963,1754,0.4509692132269099,glass,1041,NA,NA,NA,NA,2024,NA,NA,Laminaria digitata,1754,0.4509692132269099,FALSE,FALSE,FALSE,FALSE,FALSE,FALSE,FALSE,FALSE,FALSE,FALSE,FALSE,0,FALSE,NA,NA,FALSE,FALSE,FALSE,FALSE,FALSE,FALSE,FALSE,FALSE,FALSE,FALSE,FALSE,FALSE,NA,NA
64,C1546,20240924_C1546_clip.mp4,504,7.2,NA,7.2,7.2,FALSE,NA,NA,FALSE,TRUE,38,24063,4,L. digitata,DV,Summer,Dover,CUSO4,NA,NA,NA,0,0,8473.32,0,NA,616,989,1605,0.3838006230529595,glass,178,NA,NA,NA,NA,2024,NA,NA,Laminaria digitata,1605,0.3838006230529595,FALSE,FALSE,FALSE,FALSE,FALSE,FALSE,FALSE,FALSE,FALSE,FALSE,FALSE,0,FALSE,NA,NA,FALSE,FALSE,FALSE,FALSE,FALSE,FALSE,FALSE,FALSE,FALSE,FALSE,FALSE,FALSE,NA,NA
65,C1548,20240924_C1548_clip.mp4,504,7.2,NA,7.2,7.2,FALSE,NA,NA,FALSE,TRUE,38,24064,4,L. digitata,DV,Summer,Dover,CUSO4,NA,NA,NA,0,0,10591.65,0,NA,283,474,757,0.37384412153236457,glass,252,NA,NA,NA,NA,2024,NA,NA,Laminaria digitata,757,0.37384412153236457,FALSE,FALSE,FALSE,FALSE,FALSE,FALSE,FALSE,FALSE,FALSE,FALSE,FALSE,0,FALSE,NA,NA,FALSE,FALSE,FALSE,FALSE,FALSE,FALSE,FALSE,FALSE,FALSE,FALSE,FALSE,FALSE,NA,NA
66,C1549,20240924_C1549_clip.mp4,504,7.2,NA,7.2,7.2,FALSE,NA,NA,FALSE,TRUE,38,24065,4,L. digitata,DV,Summer,Dover,CUSO4,NA,NA,NA,0,0,10591.65,0,NA,248,375,623,0.39807383627608345,glass,386,NA,NA,NA,NA,2024,NA,NA,Laminaria digitata,623,0.39807383627608345,FALSE,FALSE,FALSE,FALSE,FALSE,FALSE,FALSE,FALSE,FALSE,FALSE,FALSE,0,FALSE,NA,NA,FALSE,FALSE,FALSE,FALSE,FALSE,FALSE,FALSE,FALSE,FALSE,FALSE,FALSE,FALSE,NA,NA
67,C1552,20240924_C1552_clip.mp4,504,7.2,NA,7.2,7.2,FALSE,NA,NA,FALSE,TRUE,38,24066,4,L. digitata,DV,Summer,Dover,CUSO4,NA,NA,NA,0,0,10591.65,0,NA,157,306,463,0.3390928725701944,glass,311,NA,NA,NA,NA,2024,NA,NA,Laminaria digitata,463,0.3390928725701944,FALSE,FALSE,FALSE,FALSE,FALSE,FALSE,FALSE,FALSE,FALSE,FALSE,FALSE,0,FALSE,NA,NA,FALSE,FALSE,FALSE,FALSE,FALSE,FALSE,FALSE,FALSE,FALSE,FALSE,FALSE,FALSE,NA,NA
68,C1553,20240924_C1553_clip.mp4,504,NA,NA,NA,NA,FALSE,NA,NA,FALSE,TRUE,38,0,4,L. digitata,DV,Summer,Dover,NONE,NA,NA,NA,0,0,0,0,NA,64400,37408,101808,0.6325632563256326,none,NA,NA,NA,NA,NA,2024,NA,culture,Laminaria digitata,101808,0.6325632563256326,FALSE,FALSE,FALSE,FALSE,FALSE,FALSE,FALSE,FALSE,FALSE,FALSE,FALSE,0,FALSE,NA,NA,FALSE,FALSE,FALSE,FALSE,FALSE,FALSE,FALSE,FALSE,FALSE,FALSE,FALSE,FALSE,NA,NA
69,C1554,20240924_C1554_clip.mp4,504,NA,NA,NA,NA,FALSE,NA,NA,FALSE,TRUE,38,0,4,L. digitata,DV,Summer,Dover,NONE,NA,NA,NA,0,0,0,0,NA,70782,25397,96179,0.7359402780232691,none,NA,NA,NA,NA,NA,2024,NA,culture,Laminaria digitata,96179,0.7359402780232691,FALSE,FALSE,FALSE,FALSE,FALSE,FALSE,FALSE,FALSE,FALSE,FALSE,FALSE,0,FALSE,NA,NA,FALSE,FALSE,FALSE,FALSE,FALSE,FALSE,FALSE,FALSE,FALSE,FALSE,FALSE,FALSE,NA,NA
70,C1555,20240928_C1555_clip.mp4,504,NA,NA,NA,NA,FALSE,NA,NA,TRUE,TRUE,38,24071,4,L. digitata,DV,Summer,Dover,CONTROL,NA,NA,NA,0,0,0,0,NA,48255,77162,125417,0.38475645247454493,glass,216,NA,NA,NA,NA,2024,NA,NA,Laminaria digitata,125417,0.38475645247454493,FALSE,FALSE,FALSE,FALSE,FALSE,FALSE,FALSE,FALSE,FALSE,FALSE,FALSE,0,FALSE,NA,NA,FALSE,FALSE,FALSE,FALSE,FALSE,FALSE,FALSE,FALSE,FALSE,FALSE,FALSE,FALSE,NA,NA
71,C1556,20240928_C1556_clip.mp4,504,NA,NA,NA,NA,FALSE,NA,NA,TRUE,TRUE,38,24072,4,L. digitata,DV,Summer,Dover,CONTROL,NA,NA,NA,0,0,0,0,NA,56908,90819,147727,0.3852240957983307,glass,1867,NA,NA,NA,NA,2024,NA,NA,Laminaria digitata,147727,0.3852240957983307,FALSE,FALSE,FALSE,FALSE,FALSE,FALSE,FALSE,FALSE,FALSE,FALSE,FALSE,0,FALSE,NA,NA,FALSE,FALSE,FALSE,FALSE,FALSE,FALSE,FALSE,FALSE,FALSE,FALSE,FALSE,FALSE,NA,NA
72,C1557,20240928_C1557_clip.mp4,504,NA,NA,NA,NA,FALSE,NA,NA,TRUE,TRUE,38,24073,4,L. digitata,DV,Summer,Dover,CONTROL,NA,NA,NA,0,0,0,0,NA,46099,75665,121764,0.37859301599816036,glass,234,NA,NA,NA,NA,2024,NA,NA,Laminaria digitata,121764,0.37859301599816036,FALSE,FALSE,FALSE,FALSE,FALSE,FALSE,FALSE,FALSE,FALSE,FALSE,FALSE,0,FALSE,NA,NA,FALSE,FALSE,FALSE,FALSE,FALSE,FALSE,FALSE,FALSE,FALSE,FALSE,FALSE,FALSE,NA,NA
73,C1558,20240928_C1558_clip.mp4,504,7.2,NA,7.2,7.2,FALSE,NA,NA,FALSE,TRUE,38,24074,4,L. digitata,DV,Summer,Dover,CUSO4,NA,NA,NA,0,0,211.83,0,NA,46803,75833,122636,0.38164160605368735,glass,0,NA,NA,NA,NA,2024,NA,NA,Laminaria digitata,122636,0.38164160605368735,FALSE,FALSE,FALSE,FALSE,FALSE,FALSE,FALSE,FALSE,FALSE,FALSE,FALSE,0,FALSE,NA,NA,FALSE,FALSE,FALSE,FALSE,FALSE,FALSE,FALSE,FALSE,FALSE,FALSE,FALSE,FALSE,NA,NA
74,C1559,20240928_C1559_clip.mp4,504,7.2,NA,7.2,7.2,FALSE,NA,NA,FALSE,TRUE,38,24075,4,L. digitata,DV,Summer,Dover,CUSO4,NA,NA,NA,0,0,211.83,0,NA,48121,80964,129085,0.37278537397838635,glass,0,NA,NA,NA,NA,2024,NA,NA,Laminaria digitata,129085,0.37278537397838635,FALSE,FALSE,FALSE,FALSE,FALSE,FALSE,FALSE,FALSE,FALSE,FALSE,FALSE,0,FALSE,NA,NA,FALSE,FALSE,FALSE,FALSE,FALSE,FALSE,FALSE,FALSE,FALSE,FALSE,FALSE,FALSE,NA,NA
75,C1560,20240928_C1560_clip.mp4,504,7.2,NA,7.2,7.2,FALSE,NA,NA,FALSE,TRUE,38,24076,4,L. digitata,DV,Summer,Dover,CUSO4,NA,NA,NA,0,0,211.83,0,NA,41561,68449,110010,0.377792927915644,glass,0,NA,NA,NA,NA,2024,NA,NA,Laminaria digitata,110010,0.377792927915644,FALSE,FALSE,FALSE,FALSE,FALSE,FALSE,FALSE,FALSE,FALSE,FALSE,FALSE,0,FALSE,NA,NA,FALSE,FALSE,FALSE,FALSE,FALSE,FALSE,FALSE,FALSE,FALSE,FALSE,FALSE,FALSE,NA,NA
76,C1561,20240928_C1561_clip.mp4,504,7.2,NA,7.2,7.2,FALSE,NA,NA,FALSE,TRUE,38,24081,4,L. digitata,DV,Summer,Dover,CUSO4,NA,NA,NA,0,0,423.67,0,NA,49849,77561,127410,0.3912487245899066,glass,0,NA,NA,NA,NA,2024,NA,NA,Laminaria digitata,127410,0.3912487245899066,FALSE,FALSE,FALSE,FALSE,FALSE,FALSE,FALSE,FALSE,FALSE,FALSE,FALSE,0,FALSE,NA,NA,FALSE,FALSE,FALSE,FALSE,FALSE,FALSE,FALSE,FALSE,FALSE,FALSE,FALSE,FALSE,NA,NA
77,C1563,20240928_C1563_clip.mp4,504,7.2,NA,7.2,7.2,FALSE,NA,NA,FALSE,TRUE,38,24082,4,L. digitata,DV,Summer,Dover,CUSO4,NA,NA,NA,0,0,423.67,0,NA,46442,75167,121609,0.38189607677063375,glass,0,NA,NA,NA,NA,2024,NA,NA,Laminaria digitata,121609,0.38189607677063375,FALSE,FALSE,FALSE,FALSE,FALSE,FALSE,FALSE,FALSE,FALSE,FALSE,FALSE,0,FALSE,NA,NA,FALSE,FALSE,FALSE,FALSE,FALSE,FALSE,FALSE,FALSE,FALSE,FALSE,FALSE,FALSE,NA,NA
78,C1564,20240928_C1564_clip.mp4,504,7.2,NA,7.2,7.2,FALSE,NA,NA,FALSE,TRUE,38,24083,4,L. digitata,DV,Summer,Dover,CUSO4,NA,NA,NA,0,0,423.67,0,NA,2154,3872,6026,0.3574510454696316,glass,0,NA,NA,NA,NA,2024,NA,NA,Laminaria digitata,6026,0.3574510454696316,FALSE,FALSE,FALSE,FALSE,FALSE,FALSE,FALSE,FALSE,FALSE,FALSE,FALSE,0,FALSE,NA,NA,FALSE,FALSE,FALSE,FALSE,FALSE,FALSE,FALSE,FALSE,FALSE,FALSE,FALSE,FALSE,NA,NA
79,C1565,20240928_C1565_clip.mp4,504,7.2,NA,7.2,7.2,FALSE,NA,NA,FALSE,TRUE,38,24084,4,L. digitata,DV,Summer,Dover,CUSO4,NA,NA,NA,0,0,423.67,0,NA,851,1036,1887,0.45098039215686275,glass,0,NA,NA,NA,NA,2024,NA,NA,Laminaria digitata,1887,0.45098039215686275,FALSE,FALSE,FALSE,FALSE,FALSE,FALSE,FALSE,FALSE,FALSE,FALSE,FALSE,0,FALSE,NA,NA,FALSE,FALSE,FALSE,FALSE,FALSE,FALSE,FALSE,FALSE,FALSE,FALSE,FALSE,FALSE,NA,NA
80,C1566,20240928_C1566_clip.mp4,504,7.2,NA,7.2,7.2,FALSE,NA,NA,FALSE,TRUE,38,24085,4,L. digitata,DV,Summer,Dover,CUSO4,NA,NA,NA,0,0,635.5,0,NA,45767,75940,121707,0.3760424626356742,glass,0,NA,NA,NA,NA,2024,NA,NA,Laminaria digitata,121707,0.3760424626356742,FALSE,FALSE,FALSE,FALSE,FALSE,FALSE,FALSE,FALSE,FALSE,FALSE,FALSE,0,FALSE,NA,NA,FALSE,FALSE,FALSE,FALSE,FALSE,FALSE,FALSE,FALSE,FALSE,FALSE,FALSE,FALSE,NA,NA
81,C1567,20240928_C1567_clip.mp4,504,7.2,NA,7.2,7.2,FALSE,NA,NA,FALSE,TRUE,38,24086,4,L. digitata,DV,Summer,Dover,CUSO4,NA,NA,NA,0,0,635.5,0,NA,47836,78277,126113,0.37931061825505696,glass,0,NA,NA,NA,NA,2024,NA,NA,Laminaria digitata,126113,0.37931061825505696,FALSE,FALSE,FALSE,FALSE,FALSE,FALSE,FALSE,FALSE,FALSE,FALSE,FALSE,0,FALSE,NA,NA,FALSE,FALSE,FALSE,FALSE,FALSE,FALSE,FALSE,FALSE,FALSE,FALSE,FALSE,FALSE,NA,NA
82,C1569,20240928_C1569_clip.mp4,504,7.2,NA,7.2,7.2,FALSE,NA,NA,FALSE,TRUE,38,24091,4,L. digitata,DV,Summer,Dover,CUSO4,NA,NA,NA,0,0,847.33,0,NA,46507,74698,121205,0.3837052926859453,glass,0,NA,NA,NA,NA,2024,NA,NA,Laminaria digitata,121205,0.3837052926859453,FALSE,FALSE,FALSE,FALSE,FALSE,FALSE,FALSE,FALSE,FALSE,FALSE,FALSE,0,FALSE,NA,NA,FALSE,FALSE,FALSE,FALSE,FALSE,FALSE,FALSE,FALSE,FALSE,FALSE,FALSE,FALSE,NA,NA
83,C1570,20240928_C1570_clip.mp4,504,7.2,NA,7.2,7.2,FALSE,NA,NA,FALSE,TRUE,38,24092,4,L. digitata,DV,Summer,Dover,CUSO4,NA,NA,NA,0,0,847.33,0,NA,5046,7379,12425,0.40611670020120727,glass,26,NA,NA,NA,NA,2024,NA,NA,Laminaria digitata,12425,0.40611670020120727,FALSE,FALSE,FALSE,FALSE,FALSE,FALSE,FALSE,FALSE,FALSE,FALSE,FALSE,0,FALSE,NA,NA,FALSE,FALSE,FALSE,FALSE,FALSE,FALSE,FALSE,FALSE,FALSE,FALSE,FALSE,FALSE,NA,NA
84,C1571,20240928_C1571_clip.mp4,504,7.2,NA,7.2,7.2,FALSE,NA,NA,FALSE,TRUE,38,24093,4,L. digitata,DV,Summer,Dover,CUSO4,NA,NA,NA,0,0,847.33,0,NA,48743,76311,125054,0.3897756169334847,glass,0,NA,NA,NA,NA,2024,NA,NA,Laminaria digitata,125054,0.3897756169334847,FALSE,FALSE,FALSE,FALSE,FALSE,FALSE,FALSE,FALSE,FALSE,FALSE,FALSE,0,FALSE,NA,NA,FALSE,FALSE,FALSE,FALSE,FALSE,FALSE,FALSE,FALSE,FALSE,FALSE,FALSE,FALSE,NA,NA
85,C1572,20240928_C1572_clip.mp4,504,7.2,NA,7.2,7.2,FALSE,NA,NA,FALSE,TRUE,38,24094,4,L. digitata,DV,Summer,Dover,CUSO4,NA,NA,NA,0,0,1059.17,0,NA,47657,73418,121075,0.39361552756555857,glass,0,NA,NA,NA,NA,2024,NA,NA,Laminaria digitata,121075,0.39361552756555857,FALSE,FALSE,FALSE,FALSE,FALSE,FALSE,FALSE,FALSE,FALSE,FALSE,FALSE,0,FALSE,NA,NA,FALSE,FALSE,FALSE,FALSE,FALSE,FALSE,FALSE,FALSE,FALSE,FALSE,FALSE,FALSE,NA,NA
86,C1575,20240928_C1575_clip.mp4,504,7.2,NA,7.2,7.2,FALSE,NA,NA,FALSE,TRUE,38,24095,4,L. digitata,DV,Summer,Dover,CUSO4,NA,NA,NA,0,0,1059.17,0,NA,47961,75673,123634,0.38792726919779347,glass,NA,NA,NA,NA,NA,2024,NA,NA,Laminaria digitata,123634,0.38792726919779347,FALSE,FALSE,FALSE,FALSE,FALSE,FALSE,FALSE,FALSE,FALSE,FALSE,FALSE,0,FALSE,NA,NA,FALSE,FALSE,FALSE,FALSE,FALSE,FALSE,FALSE,FALSE,FALSE,FALSE,FALSE,FALSE,NA,NA
87,C1576,20240928_C1576_clip.mp4,504,7.2,NA,7.2,7.2,FALSE,NA,NA,FALSE,TRUE,38,24096,4,L. digitata,DV,Summer,Dover,CUSO4,NA,NA,NA,0,0,1059.17,0,NA,46936,77865,124801,0.37608673007427823,glass,NA,NA,NA,NA,NA,2024,NA,NA,Laminaria digitata,124801,0.37608673007427823,FALSE,FALSE,FALSE,FALSE,FALSE,FALSE,FALSE,FALSE,FALSE,FALSE,FALSE,0,FALSE,NA,NA,FALSE,FALSE,FALSE,FALSE,FALSE,FALSE,FALSE,FALSE,FALSE,FALSE,FALSE,FALSE,NA,NA
88,C1578,20241009_C1578_clip.mp4,504,NA,NA,NA,NA,FALSE,NA,NA,FALSE,FALSE,39,0,NA,S. latissima,DV,Summer,Dover,CULTURE,NA,NA,NA,0,0,0,0,NA,43577,163717,207294,0.21021833724082703,none,NA,NA,NA,NA,NA,2024,NA,culture,Saccharina latissima,207294,0.21021833724082703,FALSE,FALSE,FALSE,FALSE,FALSE,FALSE,FALSE,FALSE,FALSE,FALSE,FALSE,0,FALSE,NA,NA,FALSE,FALSE,FALSE,FALSE,FALSE,FALSE,FALSE,FALSE,FALSE,FALSE,FALSE,FALSE,NA,NA
89,C1579,20241009_C1579_clip.mp4,504,NA,NA,NA,NA,FALSE,NA,NA,FALSE,TRUE,38,0,NA,L. digitata,DV,Summer,Dover,CULTURE,NA,NA,NA,0,0,0,0,NA,22606,30769,53375,0.42353161592505856,none,NA,NA,NA,NA,NA,2024,NA,culture,Laminaria digitata,53375,0.42353161592505856,FALSE,FALSE,FALSE,FALSE,FALSE,FALSE,FALSE,FALSE,FALSE,FALSE,FALSE,0,FALSE,NA,NA,FALSE,FALSE,FALSE,FALSE,FALSE,FALSE,FALSE,FALSE,FALSE,FALSE,FALSE,FALSE,NA,NA
90,C1580,20241009_C1580_clip.mp4,504,NA,NA,NA,NA,FALSE,NA,NA,FALSE,TRUE,38,0,NA,L. digitata,DV,Summer,Dover,CULTURE,NA,NA,NA,0,0,0,0,NA,20833,29745,50578,0.4118984538732255,none,NA,NA,NA,NA,NA,2024,NA,culture,Laminaria digitata,50578,0.4118984538732255,FALSE,FALSE,FALSE,FALSE,FALSE,FALSE,FALSE,FALSE,FALSE,FALSE,FALSE,0,FALSE,NA,NA,FALSE,FALSE,FALSE,FALSE,FALSE,FALSE,FALSE,FALSE,FALSE,FALSE,FALSE,FALSE,NA,NA
91,C1581,20241009_C1581_clip.mp4,504,NA,NA,NA,NA,FALSE,NA,NA,FALSE,TRUE,40,0,NA,L. digitata,EB,Summer,Eastbourne,CULTURE,NA,NA,NA,0,0,0,0,NA,17201,10022,27223,0.6318554163758586,none,NA,NA,NA,NA,NA,2024,NA,culture,Laminaria digitata,27223,0.6318554163758586,FALSE,FALSE,FALSE,FALSE,FALSE,FALSE,FALSE,FALSE,FALSE,FALSE,FALSE,0,FALSE,NA,NA,FALSE,FALSE,FALSE,FALSE,FALSE,FALSE,FALSE,FALSE,FALSE,FALSE,FALSE,FALSE,NA,NA
92,C1582,20241009_C1582_clip.mp4,504,NA,NA,NA,NA,FALSE,NA,NA,FALSE,TRUE,40,0,NA,L. digitata,EB,Summer,Eastbourne,CULTURE,NA,NA,NA,0,0,0,0,NA,20475,9861,30336,0.674940664556962,none,NA,NA,NA,NA,NA,2024,NA,culture,Laminaria digitata,30336,0.674940664556962,FALSE,FALSE,FALSE,FALSE,FALSE,FALSE,FALSE,FALSE,FALSE,FALSE,FALSE,0,FALSE,NA,NA,FALSE,FALSE,FALSE,FALSE,FALSE,FALSE,FALSE,FALSE,FALSE,FALSE,FALSE,FALSE,NA,NA
93,C1583,20241010_C1583_clip.mp4,504,NA,NA,NA,NA,FALSE,NA,NA,FALSE,TRUE,38,0,NA,L. digitata,DV,Summer,Dover,CULTURE,NA,NA,NA,0,0,0,0,NA,36251,55400,91651,0.3955330547402647,none,NA,NA,NA,NA,NA,2024,NA,culture,Laminaria digitata,91651,0.3955330547402647,FALSE,FALSE,FALSE,FALSE,FALSE,FALSE,FALSE,FALSE,FALSE,FALSE,FALSE,0,FALSE,NA,NA,FALSE,FALSE,FALSE,FALSE,FALSE,FALSE,FALSE,FALSE,FALSE,FALSE,FALSE,FALSE,NA,NA
94,C1584,20241010_C1584_clip.mp4,504,NA,NA,NA,NA,FALSE,NA,NA,FALSE,TRUE,40,0,NA,L. digitata,EB,Summer,Eastbourne,CULTURE,NA,NA,NA,0,0,0,0,NA,13689,9789,23478,0.5830564784053156,none,NA,NA,NA,NA,NA,2024,NA,culture,Laminaria digitata,23478,0.5830564784053156,FALSE,FALSE,FALSE,FALSE,FALSE,FALSE,FALSE,FALSE,FALSE,FALSE,FALSE,0,FALSE,NA,NA,FALSE,FALSE,FALSE,FALSE,FALSE,FALSE,FALSE,FALSE,FALSE,FALSE,FALSE,FALSE,NA,NA
95,C1585,20241014_C1585_clip.mp4,504,NA,NA,NA,NA,FALSE,NA,NA,FALSE,TRUE,37,0,NA,L. digitata,BR,Summer,Bognor,CULTURE,NA,NA,NA,0,0,0,0,NA,6081,3955,10036,0.6059186927062574,none,NA,NA,NA,NA,NA,2024,NA,culture,Laminaria digitata,10036,0.6059186927062574,FALSE,FALSE,FALSE,FALSE,FALSE,FALSE,FALSE,FALSE,FALSE,FALSE,FALSE,0,FALSE,NA,NA,FALSE,FALSE,FALSE,FALSE,FALSE,FALSE,FALSE,FALSE,FALSE,FALSE,FALSE,FALSE,NA,NA
96,C1586,20241014_C1586_clip.mp4,504,NA,NA,NA,NA,FALSE,NA,NA,FALSE,TRUE,38,0,NA,L. digitata,DV,Summer,Dover,CULTURE,NA,NA,NA,0,0,0,0,NA,20796,27069,47865,0.4344719523660295,none,NA,NA,NA,NA,NA,2024,NA,culture,Laminaria digitata,47865,0.4344719523660295,FALSE,FALSE,FALSE,FALSE,FALSE,FALSE,FALSE,FALSE,FALSE,FALSE,FALSE,0,FALSE,NA,NA,FALSE,FALSE,FALSE,FALSE,FALSE,FALSE,FALSE,FALSE,FALSE,FALSE,FALSE,FALSE,NA,NA
97,C1587,20241014_C1587_clip.mp4,504,NA,NA,NA,NA,FALSE,NA,NA,FALSE,TRUE,40,0,NA,L. digitata,EB,Summer,Eastbourne,CULTURE,NA,NA,NA,0,0,0,0,NA,27251,40859,68110,0.4001027749229188,none,NA,NA,NA,NA,NA,2024,NA,culture,Laminaria digitata,68110,0.4001027749229188,FALSE,FALSE,FALSE,FALSE,FALSE,FALSE,FALSE,FALSE,FALSE,FALSE,FALSE,0,FALSE,NA,NA,FALSE,FALSE,FALSE,FALSE,FALSE,FALSE,FALSE,FALSE,FALSE,FALSE,FALSE,FALSE,NA,NA
98,C1589,20241014_C1589_clip.mp4,504,7.2,NA,7.2,7.2,FALSE,NA,NA,TRUE,TRUE,38,24101,4,L. digitata,DV,Summer,Dover,CONTROL,NA,NA,NA,0,0,0,0,NA,28753,46410,75163,0.3825419421789976,glass,17570,NA,NA,NA,NA,2024,NA,control,Laminaria digitata,75163,0.3825419421789976,FALSE,FALSE,FALSE,FALSE,FALSE,FALSE,FALSE,FALSE,FALSE,FALSE,FALSE,0,FALSE,NA,NA,FALSE,FALSE,FALSE,FALSE,FALSE,FALSE,FALSE,FALSE,FALSE,FALSE,FALSE,FALSE,NA,NA
99,C1591,20241014_C1591_clip.mp4,504,7.2,NA,7.2,7.2,FALSE,NA,NA,TRUE,TRUE,38,24102,4,L. digitata,DV,Summer,Dover,CONTROL,NA,NA,NA,0,0,0,0,NA,26934,42880,69814,0.3857965451055662,glass,15232,NA,NA,NA,NA,2024,NA,control,Laminaria digitata,69814,0.3857965451055662,FALSE,FALSE,FALSE,FALSE,FALSE,FALSE,FALSE,FALSE,FALSE,FALSE,FALSE,0,FALSE,NA,NA,FALSE,FALSE,FALSE,FALSE,FALSE,FALSE,FALSE,FALSE,FALSE,FALSE,FALSE,FALSE,NA,NA
100,C1593,20241014_C1593_clip.mp4,504,7.2,NA,7.2,7.2,FALSE,NA,NA,TRUE,TRUE,38,24103,4,L. digitata,DV,Summer,Dover,CONTROL,NA,NA,NA,0,0,5,0,NA,23603,39116,62719,0.3763293419856822,glass,16629,NA,NA,NA,NA,2024,NA,control,Laminaria digitata,62719,0.3763293419856822,FALSE,FALSE,FALSE,FALSE,FALSE,FALSE,FALSE,FALSE,FALSE,FALSE,FALSE,0,FALSE,NA,NA,FALSE,FALSE,FALSE,FALSE,FALSE,FALSE,FALSE,FALSE,FALSE,FALSE,FALSE,FALSE,NA,NA
101,C1595,20241014_C1595_clip.mp4,504,7.2,NA,7.2,7.2,FALSE,NA,NA,FALSE,TRUE,38,24104,4,L. digitata,DV,Summer,Dover,CUSO4,NA,NA,NA,0,0,5,0,NA,23829,38398,62227,0.38293666736304177,glass,15510,NA,NA,NA,NA,2024,NA,NA,Laminaria digitata,62227,0.38293666736304177,FALSE,FALSE,FALSE,FALSE,FALSE,FALSE,FALSE,FALSE,FALSE,FALSE,FALSE,0,FALSE,NA,NA,FALSE,FALSE,FALSE,FALSE,FALSE,FALSE,FALSE,FALSE,FALSE,FALSE,FALSE,FALSE,NA,NA
102,C1598,20241014_C1598_clip.mp4,504,7.2,NA,7.2,7.2,FALSE,NA,NA,FALSE,TRUE,38,24105,4,L. digitata,DV,Summer,Dover,CUSO4,NA,NA,NA,0,0,5,0,NA,27942,45580,73522,0.38004950899050627,glass,2404,NA,NA,NA,NA,2024,NA,NA,Laminaria digitata,73522,0.38004950899050627,FALSE,FALSE,FALSE,FALSE,FALSE,FALSE,FALSE,FALSE,FALSE,FALSE,FALSE,0,FALSE,NA,NA,FALSE,FALSE,FALSE,FALSE,FALSE,FALSE,FALSE,FALSE,FALSE,FALSE,FALSE,FALSE,NA,NA
103,C1600,20241014_C1600_clip.mp4,504,7.2,NA,7.2,7.2,FALSE,NA,NA,FALSE,TRUE,38,24106,4,L. digitata,DV,Summer,Dover,CUSO4,NA,NA,NA,0,0,5,0,NA,24639,39097,63736,0.3865790134304004,glass,16325,NA,NA,NA,NA,2024,NA,time check 09:27,Laminaria digitata,63736,0.3865790134304004,FALSE,FALSE,FALSE,FALSE,FALSE,FALSE,FALSE,FALSE,FALSE,FALSE,FALSE,0,FALSE,NA,NA,FALSE,FALSE,FALSE,FALSE,FALSE,FALSE,FALSE,FALSE,FALSE,FALSE,FALSE,FALSE,NA,NA
104,C1602,20241014_C1602_clip.mp4,504,7.2,NA,7.2,7.2,FALSE,NA,NA,FALSE,TRUE,38,24111,4,L. digitata,DV,Summer,Dover,CUSO4,NA,NA,NA,0,0,10,0,NA,25696,40133,65829,0.39034468091570584,glass,10623,NA,NA,NA,NA,2024,NA,NA,Laminaria digitata,65829,0.39034468091570584,FALSE,FALSE,FALSE,FALSE,FALSE,FALSE,FALSE,FALSE,FALSE,FALSE,FALSE,0,FALSE,NA,NA,FALSE,FALSE,FALSE,FALSE,FALSE,FALSE,FALSE,FALSE,FALSE,FALSE,FALSE,FALSE,NA,NA
105,C1605,20241014_C1605_clip.mp4,504,7.2,NA,7.2,7.2,FALSE,NA,NA,FALSE,TRUE,38,24112,4,L. digitata,DV,Summer,Dover,CUSO4,NA,NA,NA,0,0,10,0,NA,25273,40870,66143,0.3820963669624904,glass,11329,NA,NA,NA,NA,2024,NA,clumping,Laminaria digitata,66143,0.3820963669624904,FALSE,FALSE,FALSE,FALSE,FALSE,FALSE,FALSE,FALSE,FALSE,FALSE,FALSE,0,FALSE,NA,NA,FALSE,FALSE,FALSE,FALSE,FALSE,FALSE,FALSE,FALSE,FALSE,FALSE,FALSE,FALSE,NA,NA
106,C1606,20241014_C1606_clip.mp4,504,7.2,NA,7.2,7.2,FALSE,NA,NA,FALSE,TRUE,38,24113,4,L. digitata,DV,Summer,Dover,CUSO4,NA,NA,NA,0,0,10,0,NA,28199,44798,72997,0.3863035467210981,glass,23941,NA,NA,NA,NA,2024,NA,NA,Laminaria digitata,72997,0.3863035467210981,FALSE,FALSE,FALSE,FALSE,FALSE,FALSE,FALSE,FALSE,FALSE,FALSE,FALSE,0,FALSE,NA,NA,FALSE,FALSE,FALSE,FALSE,FALSE,FALSE,FALSE,FALSE,FALSE,FALSE,FALSE,FALSE,NA,NA
107,C1608,20241014_C1608_clip.mp4,504,7.2,NA,7.2,7.2,FALSE,NA,NA,FALSE,TRUE,38,24114,4,L. digitata,DV,Summer,Dover,CUSO4,NA,NA,NA,0,0,25,0,NA,25801,41125,66926,0.38551534530675674,glass,22792,NA,NA,NA,NA,2024,NA,NA,Laminaria digitata,66926,0.38551534530675674,FALSE,FALSE,FALSE,FALSE,FALSE,FALSE,FALSE,FALSE,FALSE,FALSE,FALSE,0,FALSE,NA,NA,FALSE,FALSE,FALSE,FALSE,FALSE,FALSE,FALSE,FALSE,FALSE,FALSE,FALSE,FALSE,NA,NA
108,C1609,20241014_C1609_clip.mp4,504,7.2,NA,7.2,7.2,FALSE,NA,NA,FALSE,TRUE,38,24115,4,L. digitata,DV,Summer,Dover,CUSO4,NA,NA,NA,0,0,25,0,NA,24813,39276,64089,0.38716472405561014,glass,10008,NA,NA,NA,NA,2024,NA,sz,Laminaria digitata,64089,0.38716472405561014,FALSE,FALSE,FALSE,FALSE,FALSE,FALSE,FALSE,FALSE,FALSE,FALSE,FALSE,0,FALSE,NA,NA,FALSE,FALSE,FALSE,FALSE,FALSE,FALSE,FALSE,FALSE,FALSE,FALSE,FALSE,FALSE,NA,NA
109,C1611,20241014_C1611_clip.mp4,504,7.2,NA,7.2,7.2,FALSE,NA,NA,FALSE,TRUE,38,24116,4,L. digitata,DV,Summer,Dover,CUSO4,NA,NA,NA,0,0,25,0,NA,42106,67016,109122,0.3858616960832829,glass,9967,NA,NA,NA,NA,2024,NA,NA,Laminaria digitata,109122,0.3858616960832829,FALSE,FALSE,FALSE,FALSE,FALSE,FALSE,FALSE,FALSE,FALSE,FALSE,FALSE,0,FALSE,NA,NA,FALSE,FALSE,FALSE,FALSE,FALSE,FALSE,FALSE,FALSE,FALSE,FALSE,FALSE,FALSE,NA,NA
110,C1614,20241014_C1614_clip.mp4,504,7.2,NA,7.2,7.2,FALSE,NA,NA,FALSE,TRUE,38,24121,4,L. digitata,DV,Summer,Dover,CUSO4,NA,NA,NA,0,0,50,0,NA,18325,29217,47542,0.3854486559252871,glass,19952,NA,NA,NA,NA,2024,NA,NA,Laminaria digitata,47542,0.3854486559252871,FALSE,FALSE,FALSE,FALSE,FALSE,FALSE,FALSE,FALSE,FALSE,FALSE,FALSE,0,FALSE,NA,NA,FALSE,FALSE,FALSE,FALSE,FALSE,FALSE,FALSE,FALSE,FALSE,FALSE,FALSE,FALSE,NA,NA
111,C1615,20241014_C1615_clip.mp4,504,7.2,NA,7.2,7.2,FALSE,NA,NA,FALSE,TRUE,38,24122,4,L. digitata,DV,Summer,Dover,CUSO4,NA,NA,NA,0,0,50,0,NA,27851,50624,78475,0.35490283529786554,glass,16886,NA,NA,NA,NA,2024,NA,time check 09:38:00,Laminaria digitata,78475,0.35490283529786554,FALSE,FALSE,FALSE,FALSE,FALSE,FALSE,FALSE,FALSE,FALSE,FALSE,FALSE,0,FALSE,NA,NA,FALSE,FALSE,FALSE,FALSE,FALSE,FALSE,FALSE,FALSE,FALSE,FALSE,FALSE,FALSE,NA,NA
112,C1619,20241014_C1619_clip.mp4,504,7.2,NA,7.2,7.2,FALSE,NA,NA,FALSE,TRUE,38,24123,4,L. digitata,DV,Summer,Dover,CUSO4,NA,NA,NA,0,0,50,0,NA,28226,45844,74070,0.38107195895774265,glass,18273,NA,NA,NA,NA,2024,NA,NA,Laminaria digitata,74070,0.38107195895774265,FALSE,FALSE,FALSE,FALSE,FALSE,FALSE,FALSE,FALSE,FALSE,FALSE,FALSE,0,FALSE,NA,NA,FALSE,FALSE,FALSE,FALSE,FALSE,FALSE,FALSE,FALSE,FALSE,FALSE,FALSE,FALSE,NA,NA
113,C1621,20241014_C1621_clip.mp4,504,7.2,NA,7.2,7.2,FALSE,NA,NA,FALSE,TRUE,38,24124,4,L. digitata,DV,Summer,Dover,CUSO4,NA,NA,NA,0,0,75,0,NA,8657,18052,26709,0.3241229548092403,glass,21643,NA,NA,NA,NA,2024,NA,great example of sluggish,Laminaria digitata,26709,0.3241229548092403,FALSE,FALSE,FALSE,FALSE,FALSE,FALSE,FALSE,FALSE,FALSE,FALSE,FALSE,0,FALSE,NA,NA,FALSE,FALSE,FALSE,FALSE,FALSE,FALSE,FALSE,FALSE,FALSE,FALSE,FALSE,FALSE,NA,NA
114,C1622,20241014_C1622_clip.mp4,504,7.2,NA,7.2,7.2,FALSE,NA,NA,FALSE,TRUE,38,24125,4,L. digitata,DV,Summer,Dover,CUSO4,NA,NA,NA,0,0,75,0,NA,10905,60414,71319,0.1529045555882724,glass,11692,NA,NA,NA,NA,2024,NA,sz,Laminaria digitata,71319,0.1529045555882724,FALSE,FALSE,FALSE,FALSE,FALSE,FALSE,FALSE,FALSE,FALSE,FALSE,FALSE,0,FALSE,NA,NA,FALSE,FALSE,FALSE,FALSE,FALSE,FALSE,FALSE,FALSE,FALSE,FALSE,FALSE,FALSE,NA,NA
115,C1627,20241014_C1627_clip.mp4,504,7.2,NA,7.2,7.2,FALSE,NA,NA,FALSE,TRUE,38,24126,4,L. digitata,DV,Summer,Dover,CUSO4,NA,NA,NA,0,0,75,0,NA,459,4230,4689,0.09788867562380038,glass,20919,NA,NA,NA,NA,2024,NA,time check 09:46,Laminaria digitata,4689,0.09788867562380038,FALSE,FALSE,FALSE,FALSE,FALSE,FALSE,FALSE,FALSE,FALSE,FALSE,FALSE,0,FALSE,NA,NA,FALSE,FALSE,FALSE,FALSE,FALSE,FALSE,FALSE,FALSE,FALSE,FALSE,FALSE,FALSE,NA,NA
116,C1628,20241028_C1628_clip.mp4,504,6.2,NA,6.2,6.2,FALSE,NA,NA,TRUE,TRUE,43,1,4,L. digitata,EB,Autumn,Eastbourne,CONTROL,NA,NA,NA,0,0,0,0,NA,37150,62816,99966,0.3716263529600064,none,NA,NA,NA,NA,NA,2024,NA,Eastbourne,Laminaria digitata,99966,0.3716263529600064,FALSE,FALSE,FALSE,FALSE,FALSE,FALSE,FALSE,FALSE,FALSE,FALSE,FALSE,0,FALSE,NA,NA,FALSE,FALSE,FALSE,FALSE,FALSE,FALSE,FALSE,FALSE,FALSE,FALSE,FALSE,FALSE,NA,NA
117,C1629,20241028_C1629_clip.mp4,504,6.2,NA,6.2,6.2,FALSE,NA,NA,TRUE,TRUE,43,1,4,L. digitata,EB,Autumn,Eastbourne,CONTROL,NA,NA,NA,0,0,0,0,NA,33795,56147,89942,0.37574214493784885,none,NA,NA,NA,NA,NA,2024,NA,Eastbourne,Laminaria digitata,89942,0.37574214493784885,FALSE,FALSE,FALSE,FALSE,FALSE,FALSE,FALSE,FALSE,FALSE,FALSE,FALSE,0,FALSE,NA,NA,FALSE,FALSE,FALSE,FALSE,FALSE,FALSE,FALSE,FALSE,FALSE,FALSE,FALSE,FALSE,NA,NA
118,C1630,20241028_C1630_clip.mp4,504,6.2,NA,6.2,6.2,FALSE,NA,NA,TRUE,TRUE,43,1,4,L. digitata,EB,Autumn,Eastbourne,CONTROL,NA,NA,NA,0,0,0,0,NA,33010,54282,87292,0.37815607386702105,none,NA,NA,NA,NA,NA,2024,NA,Eastbourne,Laminaria digitata,87292,0.37815607386702105,FALSE,FALSE,FALSE,FALSE,FALSE,FALSE,FALSE,FALSE,FALSE,FALSE,FALSE,0,FALSE,NA,NA,FALSE,FALSE,FALSE,FALSE,FALSE,FALSE,FALSE,FALSE,FALSE,FALSE,FALSE,FALSE,NA,NA
119,C1631,20241028_C1631_clip.mp4,504,6.1,NA,6.1,6.1,FALSE,NA,NA,TRUE,FALSE,44,2,4,L. hyperborea,EB,Autumn,Eastbourne,CONTROL,NA,NA,NA,0,0,0,0,NA,29832,48917,78749,0.37882385808073754,none,NA,NA,NA,NA,NA,2024,NA,Eastbourne,Laminaria hyperborea,78749,0.37882385808073754,FALSE,FALSE,FALSE,FALSE,FALSE,FALSE,FALSE,FALSE,FALSE,FALSE,FALSE,0,FALSE,NA,NA,FALSE,FALSE,FALSE,FALSE,FALSE,FALSE,FALSE,FALSE,FALSE,FALSE,FALSE,FALSE,NA,NA
120,C1632,20241028_C1632_clip.mp4,504,6.1,NA,6.1,6.1,FALSE,NA,NA,TRUE,FALSE,44,2,4,L. hyperborea,EB,Autumn,Eastbourne,CONTROL,NA,NA,NA,0,0,0,0,NA,27450,44606,72056,0.38095370267569667,none,NA,NA,NA,NA,NA,2024,NA,Eastbourne,Laminaria hyperborea,72056,0.38095370267569667,FALSE,FALSE,FALSE,FALSE,FALSE,FALSE,FALSE,FALSE,FALSE,FALSE,FALSE,0,FALSE,NA,NA,FALSE,FALSE,FALSE,FALSE,FALSE,FALSE,FALSE,FALSE,FALSE,FALSE,FALSE,FALSE,NA,NA
121,C1633,20241028_C1633_clip.mp4,504,6.3,NA,6.3,6.3,FALSE,NA,NA,TRUE,FALSE,42,3,4,S. latissima,EB,Autumn,Eastbourne,CONTROL,NA,NA,NA,0,0,0,0,NA,28716,46370,75086,0.38244146711770505,none,NA,NA,NA,NA,NA,2024,NA,Eastbourne,Saccharina latissima,75086,0.38244146711770505,FALSE,FALSE,FALSE,FALSE,FALSE,FALSE,FALSE,FALSE,FALSE,FALSE,FALSE,0,FALSE,NA,NA,FALSE,FALSE,FALSE,FALSE,FALSE,FALSE,FALSE,FALSE,FALSE,FALSE,FALSE,FALSE,NA,NA
122,C1634,20241028_C1634_clip.mp4,504,6.3,NA,6.3,6.3,FALSE,NA,NA,TRUE,FALSE,42,3,4,S. latissima,EB,Autumn,Eastbourne,CONTROL,NA,NA,NA,0,0,0,0,NA,27966,44526,72492,0.38578049991723223,none,NA,NA,NA,NA,NA,2024,NA,Eastbourne,Saccharina latissima,72492,0.38578049991723223,FALSE,FALSE,FALSE,FALSE,FALSE,FALSE,FALSE,FALSE,FALSE,FALSE,FALSE,0,FALSE,NA,NA,FALSE,FALSE,FALSE,FALSE,FALSE,FALSE,FALSE,FALSE,FALSE,FALSE,FALSE,FALSE,NA,NA
123,C1635,20241028_C1635_clip.mp4,504,6.3,NA,6.3,6.3,FALSE,NA,NA,TRUE,FALSE,45,4,4,S. latissima,DV,Autumn,Dover,CONTROL,NA,NA,NA,0,0,0,0,NA,26510,43270,69780,0.379908283175695,none,NA,NA,NA,NA,NA,2024,NA,Dover,Saccharina latissima,69780,0.379908283175695,FALSE,FALSE,FALSE,FALSE,FALSE,FALSE,FALSE,FALSE,FALSE,FALSE,FALSE,0,FALSE,NA,NA,FALSE,FALSE,FALSE,FALSE,FALSE,FALSE,FALSE,FALSE,FALSE,FALSE,FALSE,FALSE,NA,NA
124,C1636,20241028_C1636_clip.mp4,504,6.3,NA,6.3,6.3,FALSE,NA,NA,TRUE,FALSE,45,4,4,S. latissima,DV,Autumn,Dover,CONTROL,NA,NA,NA,0,0,0,0,NA,26792,43802,70594,0.3795223390089809,none,NA,NA,NA,NA,NA,2024,NA,Dover,Saccharina latissima,70594,0.3795223390089809,FALSE,FALSE,FALSE,FALSE,FALSE,FALSE,FALSE,FALSE,FALSE,FALSE,FALSE,0,FALSE,NA,NA,FALSE,FALSE,FALSE,FALSE,FALSE,FALSE,FALSE,FALSE,FALSE,FALSE,FALSE,FALSE,NA,NA
125,C1637,20241028_C1637_clip.mp4,504,6.1,NA,6.1,6.1,FALSE,NA,NA,TRUE,FALSE,47,5,4,L. hyperborea,DV,Autumn,Dover,CONTROL,NA,NA,NA,0,0,0,0,NA,27405,44876,72281,0.3791452802257855,none,NA,NA,NA,NA,NA,2024,NA,Dover,Laminaria hyperborea,72281,0.3791452802257855,FALSE,FALSE,FALSE,FALSE,FALSE,FALSE,FALSE,FALSE,FALSE,FALSE,FALSE,0,FALSE,NA,NA,FALSE,FALSE,FALSE,FALSE,FALSE,FALSE,FALSE,FALSE,FALSE,FALSE,FALSE,FALSE,NA,NA
126,C1638,20241028_C1638_clip.mp4,504,6.1,NA,6.1,6.1,FALSE,NA,NA,TRUE,FALSE,47,5,4,L. hyperborea,DV,Autumn,Dover,CONTROL,NA,NA,NA,0,0,0,0,NA,26473,43072,69545,0.3806600043137537,none,NA,NA,NA,NA,NA,2024,NA,Dover,Laminaria hyperborea,69545,0.3806600043137537,FALSE,FALSE,FALSE,FALSE,FALSE,FALSE,FALSE,FALSE,FALSE,FALSE,FALSE,0,FALSE,NA,NA,FALSE,FALSE,FALSE,FALSE,FALSE,FALSE,FALSE,FALSE,FALSE,FALSE,FALSE,FALSE,NA,NA
127,C1639,20241028_C1639_clip.mp4,504,6.2,NA,6.2,6.2,FALSE,NA,NA,TRUE,TRUE,46,6,4,L. digitata,DV,Autumn,Dover,CONTROL,NA,NA,NA,0,0,0,0,NA,30087,47298,77385,0.38879627834851715,none,NA,NA,NA,NA,NA,2024,NA,Dover,Laminaria digitata,77385,0.38879627834851715,FALSE,FALSE,FALSE,FALSE,FALSE,FALSE,FALSE,FALSE,FALSE,FALSE,FALSE,0,FALSE,NA,NA,FALSE,FALSE,FALSE,FALSE,FALSE,FALSE,FALSE,FALSE,FALSE,FALSE,FALSE,FALSE,NA,NA
128,C1640,20241028_C1640_clip.mp4,504,6.2,NA,6.2,6.2,FALSE,NA,NA,TRUE,TRUE,46,6,4,L. digitata,DV,Autumn,Dover,CONTROL,NA,NA,NA,0,0,0,0,NA,26343,42534,68877,0.38246439304847774,none,NA,NA,NA,NA,NA,2024,NA,Dover,Laminaria digitata,68877,0.38246439304847774,FALSE,FALSE,FALSE,FALSE,FALSE,FALSE,FALSE,FALSE,FALSE,FALSE,FALSE,0,FALSE,NA,NA,FALSE,FALSE,FALSE,FALSE,FALSE,FALSE,FALSE,FALSE,FALSE,FALSE,FALSE,FALSE,NA,NA
129,C1641,20241028_C1641_clip.mp4,504,6.2,NA,6.2,6.2,FALSE,NA,NA,TRUE,TRUE,46,6,4,L. digitata,DV,Autumn,Dover,CONTROL,NA,NA,NA,0,0,0,0,NA,25570,41474,67044,0.3813913250999344,none,NA,NA,NA,NA,NA,2024,NA,Dover,Laminaria digitata,67044,0.3813913250999344,FALSE,FALSE,FALSE,FALSE,FALSE,FALSE,FALSE,FALSE,FALSE,FALSE,FALSE,0,FALSE,NA,NA,FALSE,FALSE,FALSE,FALSE,FALSE,FALSE,FALSE,FALSE,FALSE,FALSE,FALSE,FALSE,NA,NA
130,C1642,20241028_C1642_clip.mp4,504,6.2,NA,6.2,6.2,FALSE,NA,NA,TRUE,TRUE,40.1,24131,4,L. digitata,EB,Summer,Eastbourne,CONTROL,NA,NA,NA,0,0,0,0,NA,32263,26312,58575,0.5507981220657276,none,NA,NA,NA,NA,NA,2024,NA,Eastbourne Ind 1,Laminaria digitata,58575,0.5507981220657276,FALSE,FALSE,FALSE,FALSE,FALSE,FALSE,FALSE,FALSE,FALSE,FALSE,FALSE,0,FALSE,NA,NA,FALSE,FALSE,FALSE,FALSE,FALSE,FALSE,FALSE,FALSE,FALSE,FALSE,FALSE,FALSE,NA,NA
131,C1643,20241028_C1643_clip.mp4,504,6.2,NA,6.2,6.2,FALSE,NA,NA,TRUE,TRUE,40.1,24132,4,L. digitata,EB,Summer,Eastbourne,CONTROL,NA,NA,NA,0,0,0,0,NA,30929,24795,55724,0.5550391213839638,none,NA,NA,NA,NA,NA,2024,NA,Eastbourne Ind 1,Laminaria digitata,55724,0.5550391213839638,FALSE,FALSE,FALSE,FALSE,FALSE,FALSE,FALSE,FALSE,FALSE,FALSE,FALSE,0,FALSE,NA,NA,FALSE,FALSE,FALSE,FALSE,FALSE,FALSE,FALSE,FALSE,FALSE,FALSE,FALSE,FALSE,NA,NA
132,C1644,20241028_C1644_clip.mp4,504,6.2,NA,6.2,6.2,FALSE,NA,NA,TRUE,TRUE,40.1,24133,4,L. digitata,EB,Summer,Eastbourne,CONTROL,NA,NA,NA,0,0,0,0,NA,24012,26591,50603,0.4745173211074442,none,NA,NA,NA,NA,NA,2024,NA,Eastbourne Ind 1,Laminaria digitata,50603,0.4745173211074442,FALSE,FALSE,FALSE,FALSE,FALSE,FALSE,FALSE,FALSE,FALSE,FALSE,FALSE,0,FALSE,NA,NA,FALSE,FALSE,FALSE,FALSE,FALSE,FALSE,FALSE,FALSE,FALSE,FALSE,FALSE,FALSE,NA,NA
133,C1645,20241028_C1645_clip.mp4,504,6.2,NA,6.2,6.2,FALSE,NA,NA,TRUE,TRUE,40.2,24134,4,L. digitata,EB,Summer,Eastbourne,CONTROL,NA,NA,NA,0,0,0,0,NA,111747,80341,192088,0.5817489900462288,none,NA,NA,NA,NA,NA,2024,NA,Eastbourne Ind 2,Laminaria digitata,192088,0.5817489900462288,FALSE,FALSE,FALSE,FALSE,FALSE,FALSE,FALSE,FALSE,FALSE,FALSE,FALSE,0,FALSE,NA,NA,FALSE,FALSE,FALSE,FALSE,FALSE,FALSE,FALSE,FALSE,FALSE,FALSE,FALSE,FALSE,NA,NA
134,C1646,20241028_C1646_clip.mp4,504,6.2,NA,6.2,6.2,FALSE,NA,NA,TRUE,TRUE,40.2,24135,4,L. digitata,EB,Summer,Eastbourne,CONTROL,NA,NA,NA,0,0,0,0,NA,55994,109319,165313,0.3387150435839892,none,NA,NA,NA,NA,NA,2024,NA,Eastbourne Ind 2,Laminaria digitata,165313,0.3387150435839892,FALSE,FALSE,FALSE,FALSE,FALSE,FALSE,FALSE,FALSE,FALSE,FALSE,FALSE,0,FALSE,NA,NA,FALSE,FALSE,FALSE,FALSE,FALSE,FALSE,FALSE,FALSE,FALSE,FALSE,FALSE,FALSE,NA,NA
135,C1647,20241028_C1647_clip.mp4,504,6.2,NA,6.2,6.2,FALSE,NA,NA,TRUE,TRUE,40.2,24136,4,L. digitata,EB,Summer,Eastbourne,CONTROL,NA,NA,NA,0,0,0,0,NA,70719,81233,151952,0.4654035484889965,none,NA,NA,NA,NA,NA,2024,NA,Eastbourne Ind 2,Laminaria digitata,151952,0.4654035484889965,FALSE,FALSE,FALSE,FALSE,FALSE,FALSE,FALSE,FALSE,FALSE,FALSE,FALSE,0,FALSE,NA,NA,FALSE,FALSE,FALSE,FALSE,FALSE,FALSE,FALSE,FALSE,FALSE,FALSE,FALSE,FALSE,NA,NA
136,C1648,20241028_C1648_clip.mp4,504,6.2,NA,6.2,6.2,FALSE,NA,NA,TRUE,TRUE,40.1,24131,4,L. digitata,EB,Summer,Eastbourne,CONTROL,NA,NA,NA,0,0,0,0,NA,26172,20432,46604,0.5615826967642262,none,NA,NA,NA,NA,NA,2024,NA,Eastbourne Ind 1,Laminaria digitata,46604,0.5615826967642262,FALSE,FALSE,FALSE,FALSE,FALSE,FALSE,FALSE,FALSE,FALSE,FALSE,FALSE,0,FALSE,NA,NA,FALSE,FALSE,FALSE,FALSE,FALSE,FALSE,FALSE,FALSE,FALSE,FALSE,FALSE,FALSE,NA,NA
137,C1649,20241028_C1649_clip.mp4,504,6.2,NA,6.2,6.2,FALSE,NA,NA,TRUE,TRUE,40.1,24132,4,L. digitata,EB,Summer,Eastbourne,CONTROL,NA,NA,NA,0,0,0,0,NA,30005,23930,53935,0.556317789932326,none,NA,NA,NA,NA,NA,2024,NA,Eastbourne Ind 1,Laminaria digitata,53935,0.556317789932326,FALSE,FALSE,FALSE,FALSE,FALSE,FALSE,FALSE,FALSE,FALSE,FALSE,FALSE,0,FALSE,NA,NA,FALSE,FALSE,FALSE,FALSE,FALSE,FALSE,FALSE,FALSE,FALSE,FALSE,FALSE,FALSE,NA,NA
138,C1650,20241028_C1650_clip.mp4,504,6.2,NA,6.2,6.2,FALSE,NA,NA,TRUE,TRUE,40.1,24133,4,L. digitata,EB,Summer,Eastbourne,CONTROL,NA,NA,NA,0,0,0,0,NA,19681,15965,35646,0.5521236604387589,none,NA,NA,NA,NA,NA,2024,NA,Eastbourne Ind 1,Laminaria digitata,35646,0.5521236604387589,FALSE,FALSE,FALSE,FALSE,FALSE,FALSE,FALSE,FALSE,FALSE,FALSE,FALSE,0,FALSE,NA,NA,FALSE,FALSE,FALSE,FALSE,FALSE,FALSE,FALSE,FALSE,FALSE,FALSE,FALSE,FALSE,NA,NA
139,C1651,20241028_C1651_clip.mp4,504,6.2,NA,6.2,6.2,FALSE,NA,NA,TRUE,TRUE,40.2,24134,4,L. digitata,EB,Summer,Eastbourne,CONTROL,NA,NA,NA,0,0,0,0,NA,37525,80883,118408,0.3169127086007702,none,NA,NA,NA,NA,NA,2024,NA,Eastbourne Ind 2,Laminaria digitata,118408,0.3169127086007702,FALSE,FALSE,FALSE,FALSE,FALSE,FALSE,FALSE,FALSE,FALSE,FALSE,FALSE,0,FALSE,NA,NA,FALSE,FALSE,FALSE,FALSE,FALSE,FALSE,FALSE,FALSE,FALSE,FALSE,FALSE,FALSE,NA,NA
140,C1652,20241028_C1652_clip.mp4,504,6.2,NA,6.2,6.2,FALSE,NA,NA,TRUE,TRUE,40.2,24135,4,L. digitata,EB,Summer,Eastbourne,CONTROL,NA,NA,NA,0,0,0,0,NA,54047,72278,126325,0.4278408866020186,none,NA,NA,NA,NA,NA,2024,NA,great video - good to share/ Eastbourne Ind 2,Laminaria digitata,126325,0.4278408866020186,FALSE,FALSE,FALSE,FALSE,FALSE,FALSE,FALSE,FALSE,FALSE,FALSE,FALSE,0,FALSE,NA,NA,FALSE,FALSE,FALSE,FALSE,FALSE,FALSE,FALSE,FALSE,FALSE,FALSE,FALSE,FALSE,NA,NA
141,C1653,20241028_C1653_clip.mp4,504,6.2,NA,6.2,6.2,FALSE,NA,NA,TRUE,TRUE,40.2,24136,4,L. digitata,EB,Summer,Eastbourne,CONTROL,NA,NA,NA,0,0,0,0,NA,13557,9057,22614,0.5994958875033165,none,NA,NA,NA,NA,NA,2024,NA,4x2.5/ Eastbourne Ind 2,Laminaria digitata,22614,0.5994958875033165,FALSE,FALSE,FALSE,FALSE,FALSE,FALSE,FALSE,FALSE,FALSE,FALSE,FALSE,0,FALSE,NA,NA,FALSE,FALSE,FALSE,FALSE,FALSE,FALSE,FALSE,FALSE,FALSE,FALSE,FALSE,FALSE,NA,NA
142,C1654,20241028_C1654_clip.mp4,504,6.1,NA,6.1,6.1,FALSE,NA,NA,TRUE,FALSE,40.2,24136,4,L. hyperborea,EB,Summer,Eastbourne,CONTROL,NA,NA,NA,0,0,0,0,NA,693,4221,4914,0.14102564102564102,none,NA,NA,NA,NA,NA,2024,NA,10x2.5/ Eastbourne Ind 2,Laminaria hyperborea,4914,0.14102564102564102,FALSE,FALSE,FALSE,FALSE,FALSE,FALSE,FALSE,FALSE,FALSE,FALSE,FALSE,0,FALSE,NA,NA,FALSE,FALSE,FALSE,FALSE,FALSE,FALSE,FALSE,FALSE,FALSE,FALSE,FALSE,FALSE,NA,NA
143,C1655,20241028_C1655_clip.mp4,504,6.1,NA,6.1,6.1,FALSE,NA,NA,TRUE,FALSE,40.2,24136,4,L. hyperborea,EB,Summer,Eastbourne,CONTROL,NA,NA,NA,0,0,0,0,NA,1806,9807,11613,0.15551537070524413,none,NA,NA,NA,NA,NA,2024,NA,40x2.5/ Eastbourne Ind 2,Laminaria hyperborea,11613,0.15551537070524413,FALSE,FALSE,FALSE,FALSE,FALSE,FALSE,FALSE,FALSE,FALSE,FALSE,FALSE,0,FALSE,NA,NA,FALSE,FALSE,FALSE,FALSE,FALSE,FALSE,FALSE,FALSE,FALSE,FALSE,FALSE,FALSE,NA,NA
144,C1656,20241028_C1656_clip.mp4,504,6.1,NA,6.1,6.1,FALSE,NA,NA,TRUE,FALSE,40.2,24136,4,L. hyperborea,EB,Summer,Eastbourne,CONTROL,NA,NA,NA,0,0,0,0,NA,6731,22082,28813,0.23360982889667858,none,NA,NA,NA,NA,NA,2024,NA,40x2.5/ Eastbourne Ind 2,Laminaria hyperborea,28813,0.23360982889667858,FALSE,FALSE,FALSE,FALSE,FALSE,FALSE,FALSE,FALSE,FALSE,FALSE,FALSE,0,FALSE,NA,NA,FALSE,FALSE,FALSE,FALSE,FALSE,FALSE,FALSE,FALSE,FALSE,FALSE,FALSE,FALSE,NA,NA
145,C1657,20241028_C1657_clip.mp4,504,6.1,NA,6.1,6.1,FALSE,NA,NA,TRUE,FALSE,44.1,24141,4,L. hyperborea,EB,Autumn,Eastbourne,CONTROL,NA,NA,NA,0,0,0,0,NA,33413,49059,82472,0.40514356387622463,none,NA,NA,NA,NA,NA,2024,NA,Eastbourne Ind 1,Laminaria hyperborea,82472,0.40514356387622463,FALSE,FALSE,FALSE,FALSE,FALSE,FALSE,FALSE,FALSE,FALSE,FALSE,FALSE,0,FALSE,NA,NA,FALSE,FALSE,FALSE,FALSE,FALSE,FALSE,FALSE,FALSE,FALSE,FALSE,FALSE,FALSE,NA,NA
146,C1658,20241028_C1658_clip.mp4,504,6.1,NA,6.1,6.1,FALSE,NA,NA,TRUE,FALSE,44.1,24142,4,L. hyperborea,EB,Autumn,Eastbourne,CONTROL,NA,NA,NA,0,0,0,0,NA,51618,113380,164998,0.3128401556382502,none,NA,NA,NA,NA,NA,2024,NA,excellent example of superzoomers/ Eastbourne Ind 1,Laminaria hyperborea,164998,0.3128401556382502,FALSE,FALSE,FALSE,FALSE,FALSE,FALSE,FALSE,FALSE,FALSE,FALSE,FALSE,0,FALSE,NA,NA,FALSE,FALSE,FALSE,FALSE,FALSE,FALSE,FALSE,FALSE,FALSE,FALSE,FALSE,FALSE,NA,NA
147,C1659,20241028_C1659_clip.mp4,504,6.1,NA,6.1,6.1,FALSE,NA,NA,TRUE,FALSE,44.1,24143,4,L. hyperborea,EB,Autumn,Eastbourne,CONTROL,NA,NA,NA,0,0,0,0,NA,31995,31028,63023,0.5076718023578694,none,NA,NA,NA,NA,NA,2024,NA,Eastbourne Ind 1,Laminaria hyperborea,63023,0.5076718023578694,FALSE,FALSE,FALSE,FALSE,FALSE,FALSE,FALSE,FALSE,FALSE,FALSE,FALSE,0,FALSE,NA,NA,FALSE,FALSE,FALSE,FALSE,FALSE,FALSE,FALSE,FALSE,FALSE,FALSE,FALSE,FALSE,NA,NA
148,C1660,20241028_C1660_clip.mp4,504,6.1,NA,6.1,6.1,FALSE,NA,NA,TRUE,FALSE,44.2,24144,4,L. hyperborea,EB,Autumn,Eastbourne,CONTROL,NA,NA,NA,0,0,0,0,NA,23694,27185,50879,0.46569311503763833,none,NA,NA,NA,NA,NA,2024,NA,Eastbourne Ind 2,Laminaria hyperborea,50879,0.46569311503763833,FALSE,FALSE,FALSE,FALSE,FALSE,FALSE,FALSE,FALSE,FALSE,FALSE,FALSE,0,FALSE,NA,NA,FALSE,FALSE,FALSE,FALSE,FALSE,FALSE,FALSE,FALSE,FALSE,FALSE,FALSE,FALSE,NA,NA
149,C1661,20241028_C1661_clip.mp4,504,6.1,NA,6.1,6.1,FALSE,NA,NA,TRUE,FALSE,44.2,24145,4,L. hyperborea,EB,Autumn,Eastbourne,CONTROL,NA,NA,NA,0,0,0,0,NA,36288,47855,84143,0.4312658212804393,none,NA,NA,NA,NA,NA,2024,NA,Eastbourne Ind 2,Laminaria hyperborea,84143,0.4312658212804393,FALSE,FALSE,FALSE,FALSE,FALSE,FALSE,FALSE,FALSE,FALSE,FALSE,FALSE,0,FALSE,NA,NA,FALSE,FALSE,FALSE,FALSE,FALSE,FALSE,FALSE,FALSE,FALSE,FALSE,FALSE,FALSE,NA,NA
150,C1662,20241028_C1662_clip.mp4,504,6.1,NA,6.1,6.1,FALSE,NA,NA,TRUE,FALSE,44.2,24146,4,L. hyperborea,EB,Autumn,Eastbourne,CONTROL,NA,NA,NA,0,0,0,0,NA,31389,25274,56663,0.5539593738418368,none,NA,NA,NA,NA,NA,2024,NA,Eastbourne Ind 1/ out of focus,Laminaria hyperborea,56663,0.5539593738418368,FALSE,FALSE,FALSE,FALSE,FALSE,FALSE,FALSE,FALSE,FALSE,FALSE,FALSE,0,FALSE,NA,NA,FALSE,FALSE,FALSE,FALSE,FALSE,FALSE,FALSE,FALSE,FALSE,FALSE,FALSE,FALSE,NA,NA
151,C1663,20241028_C1663_clip.mp4,504,6.3,NA,6.3,6.3,FALSE,NA,NA,TRUE,FALSE,42.1,24151,4,S. latissima,EB,Autumn,Eastbourne,CONTROL,NA,NA,NA,0,0,0,0,NA,26125,22543,48668,0.5368003616339279,none,NA,NA,NA,NA,NA,2024,NA,Eastbourne Ind 1,Saccharina latissima,48668,0.5368003616339279,FALSE,FALSE,FALSE,FALSE,FALSE,FALSE,FALSE,FALSE,FALSE,FALSE,FALSE,0,FALSE,NA,NA,FALSE,FALSE,FALSE,FALSE,FALSE,FALSE,FALSE,FALSE,FALSE,FALSE,FALSE,FALSE,NA,NA
152,C1664,20241028_C1664_clip.mp4,504,6.3,NA,6.3,6.3,FALSE,NA,NA,TRUE,FALSE,42.1,24151,4,S. latissima,EB,Autumn,Eastbourne,CONTROL,NA,NA,NA,0,0,0,0,NA,29468,24636,54104,0.5446547390211445,none,NA,NA,NA,NA,NA,2024,NA,Eastbourne Ind 1,Saccharina latissima,54104,0.5446547390211445,FALSE,FALSE,FALSE,FALSE,FALSE,FALSE,FALSE,FALSE,FALSE,FALSE,FALSE,0,FALSE,NA,NA,FALSE,FALSE,FALSE,FALSE,FALSE,FALSE,FALSE,FALSE,FALSE,FALSE,FALSE,FALSE,NA,NA
153,C1665,20241028_C1665_clip.mp4,504,6.3,NA,6.3,6.3,FALSE,NA,NA,TRUE,FALSE,42.1,24152,4,S. latissima,EB,Autumn,Eastbourne,CONTROL,NA,NA,NA,0,0,0,0,NA,31821,26204,58025,0.5484015510555795,none,NA,NA,NA,NA,NA,2024,NA,Eastbourne Ind 1,Saccharina latissima,58025,0.5484015510555795,FALSE,FALSE,FALSE,FALSE,FALSE,FALSE,FALSE,FALSE,FALSE,FALSE,FALSE,0,FALSE,NA,NA,FALSE,FALSE,FALSE,FALSE,FALSE,FALSE,FALSE,FALSE,FALSE,FALSE,FALSE,FALSE,NA,NA
154,C1666,20241028_C1666_clip.mp4,504,6.3,NA,6.3,6.3,FALSE,NA,NA,TRUE,FALSE,42.1,24153,4,S. latissima,EB,Autumn,Eastbourne,CONTROL,NA,NA,NA,0,0,0,0,NA,27563,22214,49777,0.553729634168391,none,NA,NA,NA,NA,NA,2024,NA,Eastbourne Ind 1,Saccharina latissima,49777,0.553729634168391,FALSE,FALSE,FALSE,FALSE,FALSE,FALSE,FALSE,FALSE,FALSE,FALSE,FALSE,0,FALSE,NA,NA,FALSE,FALSE,FALSE,FALSE,FALSE,FALSE,FALSE,FALSE,FALSE,FALSE,FALSE,FALSE,NA,NA
155,C1667,20241028_C1667_clip.mp4,504,6.3,NA,6.3,6.3,FALSE,NA,NA,TRUE,FALSE,42.2,24154,4,S. latissima,EB,Autumn,Eastbourne,CONTROL,NA,NA,NA,0,0,0,0,NA,29627,23659,53286,0.5559996997335135,none,NA,NA,NA,NA,NA,2024,NA,Eastbourne Ind 2,Saccharina latissima,53286,0.5559996997335135,FALSE,FALSE,FALSE,FALSE,FALSE,FALSE,FALSE,FALSE,FALSE,FALSE,FALSE,0,FALSE,NA,NA,FALSE,FALSE,FALSE,FALSE,FALSE,FALSE,FALSE,FALSE,FALSE,FALSE,FALSE,FALSE,NA,NA
156,C1668,20241028_C1668_clip.mp4,504,6.3,NA,6.3,6.3,FALSE,NA,NA,TRUE,FALSE,42.2,24155,4,S. latissima,EB,Autumn,Eastbourne,CONTROL,NA,NA,NA,0,0,0,0,NA,25170,21680,46850,0.5372465314834578,none,NA,NA,NA,NA,NA,2024,NA,Eastbourne Ind 2/ out of focus,Saccharina latissima,46850,0.5372465314834578,FALSE,FALSE,FALSE,FALSE,FALSE,FALSE,FALSE,FALSE,FALSE,FALSE,FALSE,0,FALSE,NA,NA,FALSE,FALSE,FALSE,FALSE,FALSE,FALSE,FALSE,FALSE,FALSE,FALSE,FALSE,FALSE,NA,NA
157,C1669,20241028_C1669_clip.mp4,504,6.3,NA,6.3,6.3,FALSE,NA,NA,TRUE,FALSE,42.2,24156,4,S. latissima,EB,Autumn,Eastbourne,CONTROL,NA,NA,NA,0,0,0,0,NA,32966,25311,58277,0.5656777116186489,none,NA,NA,NA,NA,NA,2024,NA,Eastbourne Ind 2/ out of focus,Saccharina latissima,58277,0.5656777116186489,FALSE,FALSE,FALSE,FALSE,FALSE,FALSE,FALSE,FALSE,FALSE,FALSE,FALSE,0,FALSE,NA,NA,FALSE,FALSE,FALSE,FALSE,FALSE,FALSE,FALSE,FALSE,FALSE,FALSE,FALSE,FALSE,NA,NA
158,C1670,20241028_C1670_clip.mp4,504,6.3,NA,6.3,6.3,FALSE,NA,NA,TRUE,FALSE,42.2,24156,4,S. latissima,EB,Autumn,Eastbourne,CONTROL,NA,NA,NA,0,0,0,0,NA,30043,23713,53756,0.5588771485973659,none,NA,NA,NA,NA,NA,2024,NA,Eastbourne Ind 2/ out of focus,Saccharina latissima,53756,0.5588771485973659,FALSE,FALSE,FALSE,FALSE,FALSE,FALSE,FALSE,FALSE,FALSE,FALSE,FALSE,0,FALSE,NA,NA,FALSE,FALSE,FALSE,FALSE,FALSE,FALSE,FALSE,FALSE,FALSE,FALSE,FALSE,FALSE,NA,NA
159,C1671,20241028_C1671_clip.mp4,504,6.3,NA,6.3,6.3,FALSE,NA,NA,TRUE,FALSE,42.2,24156,4,S. latissima,EB,Autumn,Eastbourne,CONTROL,NA,NA,NA,0,0,0,0,NA,28633,23753,52386,0.5465773298209445,none,NA,NA,NA,NA,NA,2024,NA,Eastbourne Ind 2,Saccharina latissima,52386,0.5465773298209445,FALSE,FALSE,FALSE,FALSE,FALSE,FALSE,FALSE,FALSE,FALSE,FALSE,FALSE,0,FALSE,NA,NA,FALSE,FALSE,FALSE,FALSE,FALSE,FALSE,FALSE,FALSE,FALSE,FALSE,FALSE,FALSE,NA,NA
160,C1672,20241028_C1672_clip.mp4,504,6.2,NA,6.2,6.2,FALSE,NA,NA,TRUE,TRUE,46.1,24161,4,L. digitata,DV,Autumn,Dover,CONTROL,NA,NA,NA,0,0,0,0,NA,33331,29771,63102,0.5282082976767772,none,NA,NA,NA,NA,NA,2024,NA,Dover Ind 1,Laminaria digitata,63102,0.5282082976767772,FALSE,FALSE,FALSE,FALSE,FALSE,FALSE,FALSE,FALSE,FALSE,FALSE,FALSE,0,FALSE,NA,NA,FALSE,FALSE,FALSE,FALSE,FALSE,FALSE,FALSE,FALSE,FALSE,FALSE,FALSE,FALSE,NA,NA
161,C1673,20241028_C1673_clip.mp4,504,6.2,NA,6.2,6.2,FALSE,NA,NA,TRUE,TRUE,46.1,24162,4,L. digitata,DV,Autumn,Dover,CONTROL,NA,NA,NA,0,0,0,0,NA,37266,29887,67153,0.5549417002963382,none,NA,NA,NA,NA,NA,2024,NA,Dover Ind 1,Laminaria digitata,67153,0.5549417002963382,FALSE,FALSE,FALSE,FALSE,FALSE,FALSE,FALSE,FALSE,FALSE,FALSE,FALSE,0,FALSE,NA,NA,FALSE,FALSE,FALSE,FALSE,FALSE,FALSE,FALSE,FALSE,FALSE,FALSE,FALSE,FALSE,NA,NA
162,C1674,20241028_C1674_clip.mp4,504,6.2,NA,6.2,6.2,FALSE,NA,NA,TRUE,TRUE,46.1,24163,4,L. digitata,DV,Autumn,Dover,CONTROL,NA,NA,NA,0,0,0,0,NA,31334,26098,57432,0.5455843432232902,none,NA,NA,NA,NA,NA,2024,NA,Dover Ind 1,Laminaria digitata,57432,0.5455843432232902,FALSE,FALSE,FALSE,FALSE,FALSE,FALSE,FALSE,FALSE,FALSE,FALSE,FALSE,0,FALSE,NA,NA,FALSE,FALSE,FALSE,FALSE,FALSE,FALSE,FALSE,FALSE,FALSE,FALSE,FALSE,FALSE,NA,NA
163,C1675,20241028_C1675_clip.mp4,504,6.2,NA,6.2,6.2,FALSE,NA,NA,TRUE,TRUE,46.2,24164,4,L. digitata,DV,Autumn,Dover,CONTROL,NA,NA,NA,0,0,0,0,NA,26580,44942,71522,0.3716339028550656,none,NA,NA,NA,NA,NA,2024,NA,Dover Ind 2,Laminaria digitata,71522,0.3716339028550656,FALSE,FALSE,FALSE,FALSE,FALSE,FALSE,FALSE,FALSE,FALSE,FALSE,FALSE,0,FALSE,NA,NA,FALSE,FALSE,FALSE,FALSE,FALSE,FALSE,FALSE,FALSE,FALSE,FALSE,FALSE,FALSE,NA,NA
164,C1676,20241028_C1676_clip.mp4,504,6.2,NA,6.2,6.2,FALSE,NA,NA,TRUE,TRUE,46.2,24165,4,L. digitata,DV,Autumn,Dover,CONTROL,NA,NA,NA,0,0,0,0,NA,36933,41447,78380,0.47120438887471294,none,NA,NA,NA,NA,NA,2024,NA,Dover Ind 2,Laminaria digitata,78380,0.47120438887471294,FALSE,FALSE,FALSE,FALSE,FALSE,FALSE,FALSE,FALSE,FALSE,FALSE,FALSE,0,FALSE,NA,NA,FALSE,FALSE,FALSE,FALSE,FALSE,FALSE,FALSE,FALSE,FALSE,FALSE,FALSE,FALSE,NA,NA
165,C1677,20241028_C1677_clip.mp4,504,6.2,NA,6.2,6.2,FALSE,NA,NA,TRUE,TRUE,46.2,24166,4,L. digitata,DV,Autumn,Dover,CONTROL,NA,NA,NA,0,0,0,0,NA,22925,62076,85001,0.26970270937988966,none,NA,NA,NA,NA,NA,2024,NA,Dover Ind 2,Laminaria digitata,85001,0.26970270937988966,FALSE,FALSE,FALSE,FALSE,FALSE,FALSE,FALSE,FALSE,FALSE,FALSE,FALSE,0,FALSE,NA,NA,FALSE,FALSE,FALSE,FALSE,FALSE,FALSE,FALSE,FALSE,FALSE,FALSE,FALSE,FALSE,NA,NA
166,C1678,20241028_C1678_clip.mp4,504,6.3,NA,6.3,6.3,FALSE,NA,NA,TRUE,FALSE,45.1,24171,4,S. latissima,DV,Autumn,Dover,CONTROL,NA,NA,NA,0,0,0,0,NA,66529,125181,191710,0.347029367273486,none,NA,NA,NA,NA,NA,2024,NA,Dover Ind 1,Saccharina latissima,191710,0.347029367273486,FALSE,FALSE,FALSE,FALSE,FALSE,FALSE,FALSE,FALSE,FALSE,FALSE,FALSE,0,FALSE,NA,NA,FALSE,FALSE,FALSE,FALSE,FALSE,FALSE,FALSE,FALSE,FALSE,FALSE,FALSE,FALSE,NA,NA
167,C1679,20241028_C1679_clip.mp4,504,6.3,NA,6.3,6.3,FALSE,NA,NA,TRUE,FALSE,45.1,24172,4,S. latissima,DV,Autumn,Dover,CONTROL,NA,NA,NA,0,0,0,0,NA,62760,76984,139744,0.4491069384016487,none,NA,NA,NA,NA,NA,2024,NA,Dover Ind 1,Saccharina latissima,139744,0.4491069384016487,FALSE,FALSE,FALSE,FALSE,FALSE,FALSE,FALSE,FALSE,FALSE,FALSE,FALSE,0,FALSE,NA,NA,FALSE,FALSE,FALSE,FALSE,FALSE,FALSE,FALSE,FALSE,FALSE,FALSE,FALSE,FALSE,NA,NA
168,C1680,20241028_C1680_clip.mp4,504,6.3,NA,6.3,6.3,FALSE,NA,NA,TRUE,FALSE,45.1,24173,4,S. latissima,DV,Autumn,Dover,CONTROL,NA,NA,NA,0,0,0,0,NA,103540,136876,240416,0.43067017170238253,none,NA,NA,NA,NA,NA,2024,NA,Dover Ind 1,Saccharina latissima,240416,0.43067017170238253,FALSE,FALSE,FALSE,FALSE,FALSE,FALSE,FALSE,FALSE,FALSE,FALSE,FALSE,0,FALSE,NA,NA,FALSE,FALSE,FALSE,FALSE,FALSE,FALSE,FALSE,FALSE,FALSE,FALSE,FALSE,FALSE,NA,NA
169,C1681,20241028_C1681_clip.mp4,504,6.3,NA,6.3,6.3,FALSE,NA,NA,TRUE,FALSE,45.2,24173,4,S. latissima,DV,Autumn,Dover,CONTROL,NA,NA,NA,0,0,0,0,NA,99266,139712,238978,0.4153771476872348,none,NA,NA,NA,NA,NA,2024,NA,Dover Ind 2,Saccharina latissima,238978,0.4153771476872348,FALSE,FALSE,FALSE,FALSE,FALSE,FALSE,FALSE,FALSE,FALSE,FALSE,FALSE,0,FALSE,NA,NA,FALSE,FALSE,FALSE,FALSE,FALSE,FALSE,FALSE,FALSE,FALSE,FALSE,FALSE,FALSE,NA,NA
170,C1682,20241028_C1682_clip.mp4,504,6.3,NA,6.3,6.3,FALSE,NA,NA,TRUE,FALSE,45.2,24174,4,S. latissima,DV,Autumn,Dover,CONTROL,NA,NA,NA,0,0,0,0,NA,12502,10104,22606,0.553039016190392,none,NA,NA,NA,NA,NA,2024,NA,Dover Ind 2,Saccharina latissima,22606,0.553039016190392,FALSE,FALSE,FALSE,FALSE,FALSE,FALSE,FALSE,FALSE,FALSE,FALSE,FALSE,0,FALSE,NA,NA,FALSE,FALSE,FALSE,FALSE,FALSE,FALSE,FALSE,FALSE,FALSE,FALSE,FALSE,FALSE,NA,NA
171,C1683,20241028_C1683_clip.mp4,504,6.3,NA,6.3,6.3,FALSE,NA,NA,TRUE,FALSE,45.2,24175,4,S. latissima,DV,Autumn,Dover,CONTROL,NA,NA,NA,0,0,0,0,NA,34590,28164,62754,0.5511999235108519,none,NA,NA,NA,NA,NA,2024,NA,Dover Ind 2,Saccharina latissima,62754,0.5511999235108519,FALSE,FALSE,FALSE,FALSE,FALSE,FALSE,FALSE,FALSE,FALSE,FALSE,FALSE,0,FALSE,NA,NA,FALSE,FALSE,FALSE,FALSE,FALSE,FALSE,FALSE,FALSE,FALSE,FALSE,FALSE,FALSE,NA,NA
172,C1684,20241028_C1684_clip.mp4,504,6.3,NA,6.3,6.3,FALSE,NA,NA,TRUE,FALSE,45.2,24176,4,S. latissima,DV,Autumn,Dover,CONTROL,NA,NA,NA,0,0,0,0,NA,11369,16192,27561,0.41250317477595155,none,NA,NA,NA,NA,NA,2024,NA,Dover Ind 2,Saccharina latissima,27561,0.41250317477595155,FALSE,FALSE,FALSE,FALSE,FALSE,FALSE,FALSE,FALSE,FALSE,FALSE,FALSE,0,FALSE,NA,NA,FALSE,FALSE,FALSE,FALSE,FALSE,FALSE,FALSE,FALSE,FALSE,FALSE,FALSE,FALSE,NA,NA
173,C1685,20241028_C1685_clip.mp4,504,6.1,NA,6.1,6.1,FALSE,NA,NA,TRUE,FALSE,47.1,24181,4,L. hyperborea,DV,Autumn,Dover,CONTROL,NA,NA,NA,0,0,0,0,NA,51788,70991,122779,0.42179851603287205,none,NA,NA,NA,NA,NA,2024,NA,Dover Ind 1,Laminaria hyperborea,122779,0.42179851603287205,FALSE,FALSE,FALSE,FALSE,FALSE,FALSE,FALSE,FALSE,FALSE,FALSE,FALSE,0,FALSE,NA,NA,FALSE,FALSE,FALSE,FALSE,FALSE,FALSE,FALSE,FALSE,FALSE,FALSE,FALSE,FALSE,NA,NA
174,C1686,20241028_C1686_clip.mp4,504,6.1,NA,6.1,6.1,FALSE,NA,NA,TRUE,FALSE,47.1,24182,4,L. hyperborea,DV,Autumn,Dover,CONTROL,NA,NA,NA,0,0,0,0,NA,31434,32060,63494,0.49507040035278926,none,NA,NA,NA,NA,NA,2024,NA,Dover Ind 1,Laminaria hyperborea,63494,0.49507040035278926,FALSE,FALSE,FALSE,FALSE,FALSE,FALSE,FALSE,FALSE,FALSE,FALSE,FALSE,0,FALSE,NA,NA,FALSE,FALSE,FALSE,FALSE,FALSE,FALSE,FALSE,FALSE,FALSE,FALSE,FALSE,FALSE,NA,NA
175,C1687,20241028_C1687_clip.mp4,504,6.1,NA,6.1,6.1,FALSE,NA,NA,TRUE,FALSE,47.1,24183,4,L. hyperborea,DV,Autumn,Dover,CONTROL,NA,NA,NA,0,0,0,0,NA,57185,19292,76477,0.7477411509342679,none,NA,NA,NA,NA,NA,2024,NA,Dover Ind 1,Laminaria hyperborea,76477,0.7477411509342679,FALSE,FALSE,FALSE,FALSE,FALSE,FALSE,FALSE,FALSE,FALSE,FALSE,FALSE,0,FALSE,NA,NA,FALSE,FALSE,FALSE,FALSE,FALSE,FALSE,FALSE,FALSE,FALSE,FALSE,FALSE,FALSE,NA,NA
176,C1688,20241028_C1688_clip.mp4,504,6.1,NA,6.1,6.1,FALSE,NA,NA,TRUE,FALSE,47.2,24184,4,L. hyperborea,DV,Autumn,Dover,CONTROL,NA,NA,NA,0,0,0,0,NA,32148,25448,57596,0.5581637613723175,none,NA,NA,NA,NA,NA,2024,NA,Dover Ind 2,Laminaria hyperborea,57596,0.5581637613723175,FALSE,FALSE,FALSE,FALSE,FALSE,FALSE,FALSE,FALSE,FALSE,FALSE,FALSE,0,FALSE,NA,NA,FALSE,FALSE,FALSE,FALSE,FALSE,FALSE,FALSE,FALSE,FALSE,FALSE,FALSE,FALSE,NA,NA
177,C1689,20241028_C1689_clip.mp4,504,6.1,NA,6.1,6.1,FALSE,NA,NA,TRUE,FALSE,47.2,24185,4,L. hyperborea,DV,Autumn,Dover,CONTROL,NA,NA,NA,0,0,0,0,NA,3069,4887,7956,0.38574660633484165,none,NA,NA,NA,NA,NA,2024,NA,Dover Ind 2,Laminaria hyperborea,7956,0.38574660633484165,FALSE,FALSE,FALSE,FALSE,FALSE,FALSE,FALSE,FALSE,FALSE,FALSE,FALSE,0,FALSE,NA,NA,FALSE,FALSE,FALSE,FALSE,FALSE,FALSE,FALSE,FALSE,FALSE,FALSE,FALSE,FALSE,NA,NA
178,C1690,20241028_C1690_clip.mp4,504,6.1,NA,6.1,6.1,FALSE,NA,NA,TRUE,FALSE,47.2,24186,1,L. hyperborea,DV,Autumn,Dover,CONTROL,NA,NA,NA,0,0,0,0,NA,40992,29286,70278,0.5832835311192692,none,NA,NA,NA,NA,NA,2024,NA,Dover Ind 2,Laminaria hyperborea,70278,0.5832835311192692,FALSE,FALSE,FALSE,FALSE,FALSE,FALSE,FALSE,FALSE,FALSE,FALSE,FALSE,0,FALSE,NA,NA,FALSE,FALSE,FALSE,FALSE,FALSE,FALSE,FALSE,FALSE,FALSE,FALSE,FALSE,FALSE,NA,NA
179,C1691,20241107_C1691_clip.mp4,504,6.2,NA,6.2,6.2,FALSE,NA,NA,TRUE,TRUE,48,7,1,L. digitata,BR,Autumn,Bognor,CONTROL,NA,NA,NA,0,0,0,0,NA,26681,21239,47920,0.5567821368948247,none,NA,NA,NA,NA,NA,2024,NA,NA,Laminaria digitata,47920,0.5567821368948247,FALSE,FALSE,FALSE,FALSE,FALSE,FALSE,FALSE,FALSE,FALSE,FALSE,FALSE,0,FALSE,NA,NA,FALSE,FALSE,FALSE,FALSE,FALSE,FALSE,FALSE,FALSE,FALSE,FALSE,FALSE,FALSE,NA,NA
180,C1692,20241107_C1692_clip.mp4,504,6.2,NA,6.2,6.2,FALSE,NA,NA,TRUE,TRUE,48,7,1,L. digitata,BR,Autumn,Bognor,CONTROL,NA,NA,NA,0,0,0,0,NA,35241,26755,61996,0.568439899348345,none,NA,NA,NA,NA,NA,2024,NA,NA,Laminaria digitata,61996,0.568439899348345,FALSE,FALSE,FALSE,FALSE,FALSE,FALSE,FALSE,FALSE,FALSE,FALSE,FALSE,0,FALSE,NA,NA,FALSE,FALSE,FALSE,FALSE,FALSE,FALSE,FALSE,FALSE,FALSE,FALSE,FALSE,FALSE,NA,NA
181,C1693,20241107_C1693_clip.mp4,504,6.2,NA,6.2,6.2,FALSE,NA,NA,TRUE,TRUE,48,8,1,L. digitata,BR,Autumn,Bognor,CONTROL,NA,NA,NA,0,0,0,0,NA,309,993,1302,0.23732718894009217,none,NA,NA,NA,NA,NA,2024,NA,NA,Laminaria digitata,1302,0.23732718894009217,FALSE,FALSE,FALSE,FALSE,FALSE,FALSE,FALSE,FALSE,FALSE,FALSE,FALSE,0,FALSE,NA,NA,FALSE,FALSE,FALSE,FALSE,FALSE,FALSE,FALSE,FALSE,FALSE,FALSE,FALSE,FALSE,NA,NA
182,C1694,20241107_C1694_clip.mp4,504,6.2,NA,6.2,6.2,FALSE,NA,NA,TRUE,TRUE,48,24191,1,L. digitata,BR,Autumn,Bognor,CONTROL,NA,NA,NA,0,0,0,0,NA,28671,23041,51712,0.5544361076732673,none,NA,NA,NA,NA,NA,2024,NA,1 disc,Laminaria digitata,51712,0.5544361076732673,FALSE,FALSE,FALSE,FALSE,FALSE,FALSE,FALSE,FALSE,FALSE,FALSE,FALSE,0,FALSE,NA,NA,FALSE,FALSE,FALSE,FALSE,FALSE,FALSE,FALSE,FALSE,FALSE,FALSE,FALSE,FALSE,NA,NA
183,C1695,20241107_C1695_clip.mp4,504,6.2,NA,6.2,6.2,FALSE,NA,NA,TRUE,TRUE,48,24192,1,L. digitata,BR,Autumn,Bognor,CONTROL,NA,NA,NA,0,0,0,0,NA,492,1146,1638,0.30036630036630035,none,NA,NA,NA,NA,NA,2024,NA,1 disc,Laminaria digitata,1638,0.30036630036630035,FALSE,FALSE,FALSE,FALSE,FALSE,FALSE,FALSE,FALSE,FALSE,FALSE,FALSE,0,FALSE,NA,NA,FALSE,FALSE,FALSE,FALSE,FALSE,FALSE,FALSE,FALSE,FALSE,FALSE,FALSE,FALSE,NA,NA
184,C1696,20241107_C1696_clip.mp4,504,6.2,NA,6.2,6.2,FALSE,NA,NA,TRUE,TRUE,48,24193,1,L. digitata,BR,Autumn,Bognor,CONTROL,NA,NA,NA,0,0,0,0,NA,121,550,671,0.18032786885245902,none,NA,NA,NA,NA,NA,2024,NA,1 disc,Laminaria digitata,671,0.18032786885245902,FALSE,FALSE,FALSE,FALSE,FALSE,FALSE,FALSE,FALSE,FALSE,FALSE,FALSE,0,FALSE,NA,NA,FALSE,FALSE,FALSE,FALSE,FALSE,FALSE,FALSE,FALSE,FALSE,FALSE,FALSE,FALSE,NA,NA
185,C1697,20241107_C1697_clip.mp4,504,6.2,NA,6.2,6.2,FALSE,NA,NA,TRUE,TRUE,48,24194,1,L. digitata,BR,Autumn,Bognor,CONTROL,NA,NA,NA,0,0,0,0,NA,32305,26424,58729,0.5500689608200378,none,NA,NA,NA,NA,NA,2024,NA,1 disc,Laminaria digitata,58729,0.5500689608200378,FALSE,FALSE,FALSE,FALSE,FALSE,FALSE,FALSE,FALSE,FALSE,FALSE,FALSE,0,FALSE,NA,NA,FALSE,FALSE,FALSE,FALSE,FALSE,FALSE,FALSE,FALSE,FALSE,FALSE,FALSE,FALSE,NA,NA
186,C1698,20241107_C1698_clip.mp4,504,6.2,NA,6.2,6.2,FALSE,NA,NA,TRUE,TRUE,48,24195,1,L. digitata,BR,Autumn,Bognor,CONTROL,NA,NA,NA,0,0,0,0,NA,6162,5591,11753,0.5242916702118608,none,NA,NA,NA,NA,NA,2024,NA,1 disc,Laminaria digitata,11753,0.5242916702118608,FALSE,FALSE,FALSE,FALSE,FALSE,FALSE,FALSE,FALSE,FALSE,FALSE,FALSE,0,FALSE,NA,NA,FALSE,FALSE,FALSE,FALSE,FALSE,FALSE,FALSE,FALSE,FALSE,FALSE,FALSE,FALSE,NA,NA
187,C1699,20241107_C1699_clip.mp4,504,6.2,NA,6.2,6.2,FALSE,NA,NA,TRUE,TRUE,48,24196,1,L. digitata,BR,Autumn,Bognor,CONTROL,NA,NA,NA,0,0,0,0,NA,32983,24680,57663,0.5719959072542184,none,NA,NA,NA,NA,NA,2024,NA,1 disc,Laminaria digitata,57663,0.5719959072542184,FALSE,FALSE,FALSE,FALSE,FALSE,FALSE,FALSE,FALSE,FALSE,FALSE,FALSE,0,FALSE,NA,NA,FALSE,FALSE,FALSE,FALSE,FALSE,FALSE,FALSE,FALSE,FALSE,FALSE,FALSE,FALSE,NA,NA
188,C1700,20241107_C1700_clip.mp4,504,6.2,NA,6.2,6.2,FALSE,NA,NA,TRUE,TRUE,48,24201,1,L. digitata,BR,Autumn,Bognor,CONTROL,NA,NA,NA,0,0,0,0,NA,31564,26540,58104,0.5432328239019689,none,NA,NA,NA,NA,NA,2024,NA,1 disc,Laminaria digitata,58104,0.5432328239019689,FALSE,FALSE,FALSE,FALSE,FALSE,FALSE,FALSE,FALSE,FALSE,FALSE,FALSE,0,FALSE,NA,NA,FALSE,FALSE,FALSE,FALSE,FALSE,FALSE,FALSE,FALSE,FALSE,FALSE,FALSE,FALSE,NA,NA
189,C1701,20241107_C1701_clip.mp4,504,6.2,NA,6.2,6.2,FALSE,NA,NA,TRUE,TRUE,48,24202,1,L. digitata,BR,Autumn,Bognor,CONTROL,NA,NA,NA,0,0,0,0,NA,99,567,666,0.14864864864864866,none,NA,NA,NA,NA,NA,2024,NA,1 disc,Laminaria digitata,666,0.14864864864864866,FALSE,FALSE,FALSE,FALSE,FALSE,FALSE,FALSE,FALSE,FALSE,FALSE,FALSE,0,FALSE,NA,NA,FALSE,FALSE,FALSE,FALSE,FALSE,FALSE,FALSE,FALSE,FALSE,FALSE,FALSE,FALSE,NA,NA
190,C1702,20241107_C1702_clip.mp4,504,6.2,NA,6.2,6.2,FALSE,NA,NA,TRUE,TRUE,48,24203,1,L. digitata,BR,Autumn,Bognor,CONTROL,NA,NA,NA,0,0,0,0,NA,277,843,1120,0.24732142857142858,none,NA,NA,NA,NA,NA,2024,NA,1 disc,Laminaria digitata,1120,0.24732142857142858,FALSE,FALSE,FALSE,FALSE,FALSE,FALSE,FALSE,FALSE,FALSE,FALSE,FALSE,0,FALSE,NA,NA,FALSE,FALSE,FALSE,FALSE,FALSE,FALSE,FALSE,FALSE,FALSE,FALSE,FALSE,FALSE,NA,NA
191,C1703,20241107_C1703_clip.mp4,504,7.2,NA,7.2,7.2,FALSE,NA,NA,FALSE,TRUE,48,24204,1,L. digitata,BR,Autumn,Bognor,CUSO4,NA,NA,NA,0,0,10,0,NA,84,472,556,0.1510791366906475,none,NA,NA,NA,NA,NA,2024,NA,NA,Laminaria digitata,556,0.1510791366906475,FALSE,FALSE,FALSE,FALSE,FALSE,FALSE,FALSE,FALSE,FALSE,FALSE,FALSE,0,FALSE,NA,NA,FALSE,FALSE,FALSE,FALSE,FALSE,FALSE,FALSE,FALSE,FALSE,FALSE,FALSE,FALSE,NA,NA
192,C1704,20241107_C1704_clip.mp4,504,7.2,NA,7.2,7.2,FALSE,NA,NA,FALSE,TRUE,48,24205,1,L. digitata,BR,Autumn,Bognor,CUSO4,NA,NA,NA,0,0,10,0,NA,364,961,1325,0.2747169811320755,none,NA,NA,NA,NA,NA,2024,NA,NA,Laminaria digitata,1325,0.2747169811320755,FALSE,FALSE,FALSE,FALSE,FALSE,FALSE,FALSE,FALSE,FALSE,FALSE,FALSE,0,FALSE,NA,NA,FALSE,FALSE,FALSE,FALSE,FALSE,FALSE,FALSE,FALSE,FALSE,FALSE,FALSE,FALSE,NA,NA
193,C1705,20241107_C1705_clip.mp4,504,7.2,NA,7.2,7.2,FALSE,NA,NA,FALSE,TRUE,48,24206,1,L. digitata,BR,Autumn,Bognor,CUSO4,NA,NA,NA,0,0,10,0,NA,509,1520,2029,0.25086249383932974,none,NA,NA,NA,NA,NA,2024,NA,NA,Laminaria digitata,2029,0.25086249383932974,FALSE,FALSE,FALSE,FALSE,FALSE,FALSE,FALSE,FALSE,FALSE,FALSE,FALSE,0,FALSE,NA,NA,FALSE,FALSE,FALSE,FALSE,FALSE,FALSE,FALSE,FALSE,FALSE,FALSE,FALSE,FALSE,NA,NA
194,C1706,20241107_C1706_clip.mp4,504,7.2,NA,7.2,7.2,FALSE,NA,NA,FALSE,TRUE,48,24211,1,L. digitata,BR,Autumn,Bognor,CUSO4,NA,NA,NA,0,0,100,0,NA,16663,28129,44792,0.37200839435613503,none,NA,NA,NA,NA,NA,2024,NA,NA,Laminaria digitata,44792,0.37200839435613503,FALSE,FALSE,FALSE,FALSE,FALSE,FALSE,FALSE,FALSE,FALSE,FALSE,FALSE,0,FALSE,NA,NA,FALSE,FALSE,FALSE,FALSE,FALSE,FALSE,FALSE,FALSE,FALSE,FALSE,FALSE,FALSE,NA,NA
195,C1707,20241107_C1707_clip.mp4,504,7.2,NA,7.2,7.2,FALSE,NA,NA,FALSE,TRUE,48,24212,1,L. digitata,BR,Autumn,Bognor,CUSO4,NA,NA,NA,0,0,100,0,NA,18481,33706,52187,0.35413033897330753,none,NA,NA,NA,NA,NA,2024,NA,NA,Laminaria digitata,52187,0.35413033897330753,FALSE,FALSE,FALSE,FALSE,FALSE,FALSE,FALSE,FALSE,FALSE,FALSE,FALSE,0,FALSE,NA,NA,FALSE,FALSE,FALSE,FALSE,FALSE,FALSE,FALSE,FALSE,FALSE,FALSE,FALSE,FALSE,NA,NA
196,C1708,20241107_C1708_clip.mp4,504,7.2,NA,7.2,7.2,FALSE,NA,NA,FALSE,TRUE,48,24213,1,L. digitata,BR,Autumn,Bognor,CUSO4,NA,NA,NA,0,0,100,0,NA,11282,19746,31028,0.3636070645868248,none,NA,NA,NA,NA,NA,2024,NA,NA,Laminaria digitata,31028,0.3636070645868248,FALSE,FALSE,FALSE,FALSE,FALSE,FALSE,FALSE,FALSE,FALSE,FALSE,FALSE,0,FALSE,NA,NA,FALSE,FALSE,FALSE,FALSE,FALSE,FALSE,FALSE,FALSE,FALSE,FALSE,FALSE,FALSE,NA,NA
197,C1709,20241107_C1709_clip.mp4,504,7.2,NA,7.2,7.2,FALSE,NA,NA,TRUE,TRUE,48,24214,1,L. digitata,BR,Autumn,Bognor,CONTROL,NA,NA,NA,0,0,0,0,NA,21058,35756,56814,0.3706480796986658,none,NA,NA,NA,NA,NA,2024,NA,control,Laminaria digitata,56814,0.3706480796986658,FALSE,FALSE,FALSE,FALSE,FALSE,FALSE,FALSE,FALSE,FALSE,FALSE,FALSE,0,FALSE,NA,NA,FALSE,FALSE,FALSE,FALSE,FALSE,FALSE,FALSE,FALSE,FALSE,FALSE,FALSE,FALSE,NA,NA
198,C1710,20241107_C1710_clip.mp4,504,7.2,NA,7.2,7.2,FALSE,NA,NA,TRUE,TRUE,48,24215,1,L. digitata,BR,Autumn,Bognor,CONTROL,NA,NA,NA,0,0,0,0,NA,20515,34483,54998,0.37301356412960474,none,NA,NA,NA,NA,NA,2024,NA,control,Laminaria digitata,54998,0.37301356412960474,FALSE,FALSE,FALSE,FALSE,FALSE,FALSE,FALSE,FALSE,FALSE,FALSE,FALSE,0,FALSE,NA,NA,FALSE,FALSE,FALSE,FALSE,FALSE,FALSE,FALSE,FALSE,FALSE,FALSE,FALSE,FALSE,NA,NA
199,C1711,20241107_C1711_clip.mp4,504,6.2,NA,6.2,6.2,FALSE,NA,NA,TRUE,TRUE,48,24216,1,L. digitata,BR,Autumn,Bognor,CONTROL,NA,NA,NA,0,0,0,0,NA,1807,2938,4745,0.38082191780821917,none,NA,NA,NA,NA,NA,2024,NA,control,Laminaria digitata,4745,0.38082191780821917,FALSE,FALSE,FALSE,FALSE,FALSE,FALSE,FALSE,FALSE,FALSE,FALSE,FALSE,0,FALSE,NA,NA,FALSE,FALSE,FALSE,FALSE,FALSE,FALSE,FALSE,FALSE,FALSE,FALSE,FALSE,FALSE,NA,NA
200,C1712,20241107_C1712_clip.mp4,504,6.1,NA,6.1,6.1,FALSE,NA,NA,TRUE,FALSE,44,2,14,L. hyperborea,EB,Autumn,Eastbourne,CONTROL,NA,NA,NA,0,0,0,0,NA,22236,40073,62309,0.3568665842815645,none,NA,NA,NA,NA,NA,2024,NA,NA,Laminaria hyperborea,62309,0.3568665842815645,FALSE,FALSE,FALSE,FALSE,FALSE,FALSE,FALSE,FALSE,FALSE,FALSE,FALSE,0,FALSE,NA,NA,FALSE,FALSE,FALSE,FALSE,FALSE,FALSE,FALSE,FALSE,FALSE,FALSE,FALSE,FALSE,NA,NA
201,C1713,20241107_C1713_clip.mp4,504,6.1,NA,6.1,6.1,FALSE,NA,NA,TRUE,FALSE,44,2,14,L. hyperborea,EB,Autumn,Eastbourne,CONTROL,NA,NA,NA,0,0,0,0,NA,21391,37113,58504,0.3656331191029673,none,NA,NA,NA,NA,NA,2024,NA,NA,Laminaria hyperborea,58504,0.3656331191029673,FALSE,FALSE,FALSE,FALSE,FALSE,FALSE,FALSE,FALSE,FALSE,FALSE,FALSE,0,FALSE,NA,NA,FALSE,FALSE,FALSE,FALSE,FALSE,FALSE,FALSE,FALSE,FALSE,FALSE,FALSE,FALSE,NA,NA
202,C1714,20241107_C1714_clip.mp4,504,6.1,NA,6.1,6.1,FALSE,NA,NA,TRUE,FALSE,44,2,14,L. hyperborea,EB,Autumn,Eastbourne,CONTROL,NA,NA,NA,0,0,0,0,NA,23684,40458,64142,0.36924324155779364,none,NA,NA,NA,NA,NA,2024,NA,NA,Laminaria hyperborea,64142,0.36924324155779364,FALSE,FALSE,FALSE,FALSE,FALSE,FALSE,FALSE,FALSE,FALSE,FALSE,FALSE,0,FALSE,NA,NA,FALSE,FALSE,FALSE,FALSE,FALSE,FALSE,FALSE,FALSE,FALSE,FALSE,FALSE,FALSE,NA,NA
203,C1715,20241107_C1715_clip.mp4,504,6.3,NA,6.3,6.3,FALSE,NA,NA,TRUE,FALSE,45,4,14,S. latissima,DV,Autumn,Dover,CONTROL,NA,NA,NA,0,0,0,0,NA,28734,40093,68827,0.4174815116160809,none,NA,NA,NA,NA,NA,2024,NA,NA,Saccharina latissima,68827,0.4174815116160809,FALSE,FALSE,FALSE,FALSE,FALSE,FALSE,FALSE,FALSE,FALSE,FALSE,FALSE,0,FALSE,NA,NA,FALSE,FALSE,FALSE,FALSE,FALSE,FALSE,FALSE,FALSE,FALSE,FALSE,FALSE,FALSE,NA,NA
204,C1716,20241107_C1716_clip.mp4,504,6.3,NA,6.3,6.3,FALSE,NA,NA,TRUE,FALSE,45,4,14,S. latissima,DV,Autumn,Dover,CONTROL,NA,NA,NA,0,0,0,0,NA,7171,21166,28337,0.25306136852877864,none,NA,NA,NA,NA,NA,2024,NA,NA,Saccharina latissima,28337,0.25306136852877864,FALSE,FALSE,FALSE,FALSE,FALSE,FALSE,FALSE,FALSE,FALSE,FALSE,FALSE,0,FALSE,NA,NA,FALSE,FALSE,FALSE,FALSE,FALSE,FALSE,FALSE,FALSE,FALSE,FALSE,FALSE,FALSE,NA,NA
205,C1717,20241107_C1717_clip.mp4,504,6.3,NA,6.3,6.3,FALSE,NA,NA,TRUE,FALSE,42,3,14,S. latissima,EB,Autumn,Eastbourne,CONTROL,NA,NA,NA,0,0,0,0,NA,25784,40574,66358,0.3885590283010338,none,NA,NA,NA,NA,NA,2024,NA,NA,Saccharina latissima,66358,0.3885590283010338,FALSE,FALSE,FALSE,FALSE,FALSE,FALSE,FALSE,FALSE,FALSE,FALSE,FALSE,0,FALSE,NA,NA,FALSE,FALSE,FALSE,FALSE,FALSE,FALSE,FALSE,FALSE,FALSE,FALSE,FALSE,FALSE,NA,NA
206,C1718,20241107_C1718_clip.mp4,504,6.3,NA,6.3,6.3,FALSE,NA,NA,TRUE,FALSE,42,3,14,S. latissima,EB,Autumn,Eastbourne,CONTROL,NA,NA,NA,0,0,0,0,NA,24291,40822,65113,0.3730591433354323,none,NA,NA,NA,NA,NA,2024,NA,NA,Saccharina latissima,65113,0.3730591433354323,FALSE,FALSE,FALSE,FALSE,FALSE,FALSE,FALSE,FALSE,FALSE,FALSE,FALSE,0,FALSE,NA,NA,FALSE,FALSE,FALSE,FALSE,FALSE,FALSE,FALSE,FALSE,FALSE,FALSE,FALSE,FALSE,NA,NA
207,C1719,20241111_C1719_clip.mp4,504,6.2,NA,6.2,6.2,FALSE,NA,NA,TRUE,TRUE,48,7,5,L. digitata,BR,Autumn,Bognor,CONTROL,NA,NA,NA,0,0,0,0,NA,38224,29811,68035,0.5618284706401117,none,NA,NA,NA,NA,NA,2024,NA,NA,Laminaria digitata,68035,0.5618284706401117,FALSE,FALSE,FALSE,FALSE,FALSE,FALSE,FALSE,FALSE,FALSE,FALSE,FALSE,0,FALSE,NA,NA,FALSE,FALSE,FALSE,FALSE,FALSE,FALSE,FALSE,FALSE,FALSE,FALSE,FALSE,FALSE,NA,NA
208,C1720,20241111_C1720_clip.mp4,504,6.2,NA,6.2,6.2,FALSE,NA,NA,TRUE,TRUE,48,7,5,L. digitata,BR,Autumn,Bognor,CONTROL,NA,NA,NA,0,0,0,0,NA,39373,31941,71314,0.5521075805592169,none,NA,NA,NA,NA,NA,2024,NA,NA,Laminaria digitata,71314,0.5521075805592169,FALSE,FALSE,FALSE,FALSE,FALSE,FALSE,FALSE,FALSE,FALSE,FALSE,FALSE,0,FALSE,NA,NA,FALSE,FALSE,FALSE,FALSE,FALSE,FALSE,FALSE,FALSE,FALSE,FALSE,FALSE,FALSE,NA,NA
209,C1721,20241111_C1721_clip.mp4,504,6.2,NA,6.2,6.2,FALSE,NA,NA,TRUE,TRUE,48,8,5,L. digitata,BR,Autumn,Bognor,CONTROL,NA,NA,NA,0,0,0,0,NA,29892,25744,55636,0.5372780214249766,none,NA,NA,NA,NA,NA,2024,NA,NA,Laminaria digitata,55636,0.5372780214249766,FALSE,FALSE,FALSE,FALSE,FALSE,FALSE,FALSE,FALSE,FALSE,FALSE,FALSE,0,FALSE,NA,NA,FALSE,FALSE,FALSE,FALSE,FALSE,FALSE,FALSE,FALSE,FALSE,FALSE,FALSE,FALSE,NA,NA
210,C1722,20241111_C1722_clip.mp4,504,6.2,NA,6.2,6.2,FALSE,NA,NA,TRUE,TRUE,48,8,5,L. digitata,BR,Autumn,Bognor,CONTROL,NA,NA,NA,0,0,0,0,NA,39433,39976,79409,0.4965809920789835,none,NA,NA,NA,NA,NA,2024,NA,NA,Laminaria digitata,79409,0.4965809920789835,FALSE,FALSE,FALSE,FALSE,FALSE,FALSE,FALSE,FALSE,FALSE,FALSE,FALSE,0,FALSE,NA,NA,FALSE,FALSE,FALSE,FALSE,FALSE,FALSE,FALSE,FALSE,FALSE,FALSE,FALSE,FALSE,NA,NA
211,C1724,20241111_C1724_clip.mp4,504,6.2,NA,6.2,6.2,FALSE,NA,NA,TRUE,TRUE,48,24191,5,L. digitata,BR,Autumn,Bognor,CONTROL,NA,NA,NA,0,0,0,0,NA,30311,43520,73831,0.410545705733364,none,NA,NA,NA,NA,NA,2024,NA,NA,Laminaria digitata,73831,0.410545705733364,FALSE,FALSE,FALSE,FALSE,FALSE,FALSE,FALSE,FALSE,FALSE,FALSE,FALSE,0,FALSE,NA,NA,FALSE,FALSE,FALSE,FALSE,FALSE,FALSE,FALSE,FALSE,FALSE,FALSE,FALSE,FALSE,NA,NA
212,C1725,20241111_C1725_clip.mp4,504,6.2,NA,6.2,6.2,FALSE,NA,NA,TRUE,TRUE,48,24192,5,L. digitata,BR,Autumn,Bognor,CONTROL,NA,NA,NA,0,0,0,0,NA,40762,76337,117099,0.3480986174092008,none,NA,NA,NA,NA,NA,2024,NA,NA,Laminaria digitata,117099,0.3480986174092008,FALSE,FALSE,FALSE,FALSE,FALSE,FALSE,FALSE,FALSE,FALSE,FALSE,FALSE,0,FALSE,NA,NA,FALSE,FALSE,FALSE,FALSE,FALSE,FALSE,FALSE,FALSE,FALSE,FALSE,FALSE,FALSE,NA,NA
213,C1726,20241111_C1726_clip.mp4,504,6.2,NA,6.2,6.2,FALSE,NA,NA,TRUE,TRUE,48,24193,5,L. digitata,BR,Autumn,Bognor,CONTROL,NA,NA,NA,0,0,0,0,NA,27558,78770,106328,0.2591791437815063,none,NA,NA,NA,NA,NA,2024,NA,NA,Laminaria digitata,106328,0.2591791437815063,FALSE,FALSE,FALSE,FALSE,FALSE,FALSE,FALSE,FALSE,FALSE,FALSE,FALSE,0,FALSE,NA,NA,FALSE,FALSE,FALSE,FALSE,FALSE,FALSE,FALSE,FALSE,FALSE,FALSE,FALSE,FALSE,NA,NA
214,C1727,20241111_C1727_clip.mp4,504,6.2,NA,6.2,6.2,FALSE,NA,NA,TRUE,TRUE,48,24194,5,L. digitata,BR,Autumn,Bognor,CONTROL,NA,NA,NA,0,0,0,0,NA,6924,10964,17888,0.3870751341681574,none,NA,NA,NA,NA,NA,2024,NA,NA,Laminaria digitata,17888,0.3870751341681574,FALSE,FALSE,FALSE,FALSE,FALSE,FALSE,FALSE,FALSE,FALSE,FALSE,FALSE,0,FALSE,NA,NA,FALSE,FALSE,FALSE,FALSE,FALSE,FALSE,FALSE,FALSE,FALSE,FALSE,FALSE,FALSE,NA,NA
215,C1728,20241111_C1728_clip.mp4,504,6.2,NA,6.2,6.2,FALSE,NA,NA,TRUE,TRUE,48,24195,5,L. digitata,BR,Autumn,Bognor,CONTROL,NA,NA,NA,0,0,0,0,NA,11248,12336,23584,0.4769335142469471,none,NA,NA,NA,NA,NA,2024,NA,NA,Laminaria digitata,23584,0.4769335142469471,FALSE,FALSE,FALSE,FALSE,FALSE,FALSE,FALSE,FALSE,FALSE,FALSE,FALSE,0,FALSE,NA,NA,FALSE,FALSE,FALSE,FALSE,FALSE,FALSE,FALSE,FALSE,FALSE,FALSE,FALSE,FALSE,NA,NA
216,C1729,20241111_C1729_clip.mp4,504,6.2,NA,6.2,6.2,FALSE,NA,NA,TRUE,TRUE,48,24196,5,L. digitata,BR,Autumn,Bognor,CONTROL,NA,NA,NA,0,0,0,0,NA,49424,22052,71476,0.6914768593653814,none,NA,NA,NA,NA,NA,2024,NA,NA,Laminaria digitata,71476,0.6914768593653814,FALSE,FALSE,FALSE,FALSE,FALSE,FALSE,FALSE,FALSE,FALSE,FALSE,FALSE,0,FALSE,NA,NA,FALSE,FALSE,FALSE,FALSE,FALSE,FALSE,FALSE,FALSE,FALSE,FALSE,FALSE,FALSE,NA,NA
217,C1730,20241111_C1730_clip.mp4,504,6.2,NA,6.2,6.2,FALSE,NA,NA,TRUE,TRUE,48,24201,5,L. digitata,BR,Autumn,Bognor,CONTROL,NA,NA,NA,0,0,0,0,NA,21015,36588,57603,0.3648247487110046,none,NA,NA,NA,NA,NA,2024,NA,NA,Laminaria digitata,57603,0.3648247487110046,FALSE,FALSE,FALSE,FALSE,FALSE,FALSE,FALSE,FALSE,FALSE,FALSE,FALSE,0,FALSE,NA,NA,FALSE,FALSE,FALSE,FALSE,FALSE,FALSE,FALSE,FALSE,FALSE,FALSE,FALSE,FALSE,NA,NA
218,C1731,20241111_C1731_clip.mp4,504,6.2,NA,6.2,6.2,FALSE,NA,NA,TRUE,TRUE,48,24202,5,L. digitata,BR,Autumn,Bognor,CONTROL,NA,NA,NA,0,0,0,0,NA,9850,21110,30960,0.31815245478036175,none,NA,NA,NA,NA,NA,2024,NA,NA,Laminaria digitata,30960,0.31815245478036175,FALSE,FALSE,FALSE,FALSE,FALSE,FALSE,FALSE,FALSE,FALSE,FALSE,FALSE,0,FALSE,NA,NA,FALSE,FALSE,FALSE,FALSE,FALSE,FALSE,FALSE,FALSE,FALSE,FALSE,FALSE,FALSE,NA,NA
219,C1732,20241111_C1732_clip.mp4,504,6.2,NA,6.2,6.2,FALSE,NA,NA,TRUE,TRUE,48,24203,5,L. digitata,BR,Autumn,Bognor,CONTROL,NA,NA,NA,0,0,0,0,NA,3788,13995,17783,0.21301242759939268,none,NA,NA,NA,NA,NA,2024,NA,NA,Laminaria digitata,17783,0.21301242759939268,FALSE,FALSE,FALSE,FALSE,FALSE,FALSE,FALSE,FALSE,FALSE,FALSE,FALSE,0,FALSE,NA,NA,FALSE,FALSE,FALSE,FALSE,FALSE,FALSE,FALSE,FALSE,FALSE,FALSE,FALSE,FALSE,NA,NA
220,C1734,20241111_C1734_clip.mp4,504,6.2,NA,6.2,6.2,FALSE,NA,NA,TRUE,TRUE,48,24205,5,L. digitata,BR,Autumn,Bognor,CONTROL,NA,NA,NA,0,0,10,0,NA,21575,45108,66683,0.32354573129583253,none,NA,NA,NA,NA,NA,2024,NA,NA,Laminaria digitata,66683,0.32354573129583253,FALSE,FALSE,FALSE,FALSE,FALSE,FALSE,FALSE,FALSE,FALSE,FALSE,FALSE,0,FALSE,NA,NA,FALSE,FALSE,FALSE,FALSE,FALSE,FALSE,FALSE,FALSE,FALSE,FALSE,FALSE,FALSE,NA,NA
221,C1735,20241111_C1735_clip.mp4,504,6.2,NA,6.2,6.2,FALSE,NA,NA,TRUE,TRUE,48,24206,5,L. digitata,BR,Autumn,Bognor,CONTROL,NA,NA,NA,0,0,10,0,NA,20706,37542,58248,0.35548001648125255,none,NA,NA,NA,NA,NA,2024,NA,NA,Laminaria digitata,58248,0.35548001648125255,FALSE,FALSE,FALSE,FALSE,FALSE,FALSE,FALSE,FALSE,FALSE,FALSE,FALSE,0,FALSE,NA,NA,FALSE,FALSE,FALSE,FALSE,FALSE,FALSE,FALSE,FALSE,FALSE,FALSE,FALSE,FALSE,NA,NA
222,C1737,20241111_C1737_clip.mp4,504,6.2,NA,6.2,6.2,FALSE,NA,NA,TRUE,TRUE,48,24212,5,L. digitata,BR,Autumn,Bognor,CONTROL,NA,NA,NA,0,0,100,0,NA,22841,39051,61892,0.36904608026885544,none,NA,NA,NA,NA,NA,2024,NA,NA,Laminaria digitata,61892,0.36904608026885544,FALSE,FALSE,FALSE,FALSE,FALSE,FALSE,FALSE,FALSE,FALSE,FALSE,FALSE,0,FALSE,NA,NA,FALSE,FALSE,FALSE,FALSE,FALSE,FALSE,FALSE,FALSE,FALSE,FALSE,FALSE,FALSE,NA,NA
223,C1738,20241111_C1738_clip.mp4,504,6.2,NA,6.2,6.2,FALSE,NA,NA,TRUE,TRUE,48,24213,5,L. digitata,BR,Autumn,Bognor,CONTROL,NA,NA,NA,0,0,100,0,NA,20204,36680,56884,0.35517896069193444,none,NA,NA,NA,NA,NA,2024,NA,NA,Laminaria digitata,56884,0.35517896069193444,FALSE,FALSE,FALSE,FALSE,FALSE,FALSE,FALSE,FALSE,FALSE,FALSE,FALSE,0,FALSE,NA,NA,FALSE,FALSE,FALSE,FALSE,FALSE,FALSE,FALSE,FALSE,FALSE,FALSE,FALSE,FALSE,NA,NA
224,C1739,20241111_C1739_clip.MP4,504,6.2,NA,6.2,6.2,FALSE,NA,NA,TRUE,TRUE,48,24214,5,L. digitata,BR,Autumn,Bognor,CONTROL,NA,NA,NA,0,0,0,0,NA,23981,42075,66056,0.3630404505268257,none,NA,NA,NA,NA,NA,2024,NA,control,Laminaria digitata,66056,0.3630404505268257,FALSE,FALSE,FALSE,FALSE,FALSE,FALSE,FALSE,FALSE,FALSE,FALSE,FALSE,0,FALSE,NA,NA,FALSE,FALSE,FALSE,FALSE,FALSE,FALSE,FALSE,FALSE,FALSE,FALSE,FALSE,FALSE,NA,NA
225,C1740,20241111_C1740_clip.MP4,504,6.2,NA,6.2,6.2,FALSE,NA,NA,TRUE,TRUE,48,24215,5,L. digitata,BR,Autumn,Bognor,CONTROL,NA,NA,NA,0,0,0,0,NA,30503,48314,78817,0.38701041653450396,none,NA,NA,NA,NA,NA,2024,NA,control,Laminaria digitata,78817,0.38701041653450396,FALSE,FALSE,FALSE,FALSE,FALSE,FALSE,FALSE,FALSE,FALSE,FALSE,FALSE,0,FALSE,NA,NA,FALSE,FALSE,FALSE,FALSE,FALSE,FALSE,FALSE,FALSE,FALSE,FALSE,FALSE,FALSE,NA,NA
226,C1741,20241111_C1741_clip.MP4,504,6.2,NA,6.2,6.2,FALSE,NA,NA,TRUE,TRUE,48,24216,5,L. digitata,BR,Autumn,Bognor,CONTROL,NA,NA,NA,0,0,0,0,NA,29547,45851,75398,0.3918804212313324,none,NA,NA,NA,NA,NA,2024,NA,control,Laminaria digitata,75398,0.3918804212313324,FALSE,FALSE,FALSE,FALSE,FALSE,FALSE,FALSE,FALSE,FALSE,FALSE,FALSE,0,FALSE,NA,NA,FALSE,FALSE,FALSE,FALSE,FALSE,FALSE,FALSE,FALSE,FALSE,FALSE,FALSE,FALSE,NA,NA
227,C1744,20241111_C1744_clip.MP4,504,6.2,NA,6.2,6.2,FALSE,NA,NA,TRUE,TRUE,48,24204,5,L. digitata,BR,Autumn,Bognor,CONTROL,NA,NA,NA,0,0,10,0,NA,17214,30388,47602,0.36162346119910926,none,NA,NA,NA,NA,NA,2024,NA,NA,Laminaria digitata,47602,0.36162346119910926,FALSE,FALSE,FALSE,FALSE,FALSE,FALSE,FALSE,FALSE,FALSE,FALSE,FALSE,0,FALSE,NA,NA,FALSE,FALSE,FALSE,FALSE,FALSE,FALSE,FALSE,FALSE,FALSE,FALSE,FALSE,FALSE,NA,NA
228,C1745,20241111_C1745_clip.MP4,504,6.2,NA,6.2,6.2,FALSE,NA,NA,TRUE,TRUE,48,24211,5,L. digitata,BR,Autumn,Bognor,CONTROL,NA,NA,NA,0,0,100,0,NA,13360,32316,45676,0.2924949645327962,none,NA,NA,NA,NA,NA,2024,NA,NA,Laminaria digitata,45676,0.2924949645327962,FALSE,FALSE,FALSE,FALSE,FALSE,FALSE,FALSE,FALSE,FALSE,FALSE,FALSE,0,FALSE,NA,NA,FALSE,FALSE,FALSE,FALSE,FALSE,FALSE,FALSE,FALSE,FALSE,FALSE,FALSE,FALSE,NA,NA
229,C1748,20241223_C1748_clip.mp4,504,6.2,NA,6.2,6.2,FALSE,NA,NA,TRUE,TRUE,52,0,NA,L. digitata,BR,Winter,Bognor,CONTROL,NA,NA,NA,0,0,0,0,NA,6649,11251,17900,0.37145251396648044,none,NA,NA,NA,NA,NA,2024,NA,NA,Laminaria digitata,17900,0.37145251396648044,FALSE,FALSE,FALSE,FALSE,FALSE,FALSE,FALSE,FALSE,FALSE,FALSE,FALSE,0,FALSE,NA,NA,FALSE,FALSE,FALSE,FALSE,FALSE,FALSE,FALSE,FALSE,FALSE,FALSE,FALSE,FALSE,NA,NA
230,C1749,20241223_C1749_clip.mp4,504,6.2,NA,6.2,6.2,FALSE,NA,NA,TRUE,TRUE,52,0,NA,L. digitata,BR,Winter,Bognor,CONTROL,NA,NA,NA,0,0,0,0,NA,22689,34502,57191,0.3967232606528999,none,NA,NA,NA,NA,NA,2024,NA,NA,Laminaria digitata,57191,0.3967232606528999,FALSE,FALSE,FALSE,FALSE,FALSE,FALSE,FALSE,FALSE,FALSE,FALSE,FALSE,0,FALSE,NA,NA,FALSE,FALSE,FALSE,FALSE,FALSE,FALSE,FALSE,FALSE,FALSE,FALSE,FALSE,FALSE,NA,NA
234,C1755,20241227_C1755_clip.mp4,504,10.2,NA,10.2,10.2,TRUE,EXP2_DEFINED_PARTICLES,DEFINED_PARTICLES,FALSE,TRUE,52,24224,4,L. digitata,BR,Winter,Bognor,PEAT,PEAT,NA,NA,0,25,0,0,NA,1172,2363,3535,0.33154172560113154,none,NA,NA,NA,NA,NA,2024,NA,100 NTU,Laminaria digitata,3535,0.33154172560113154,FALSE,FALSE,FALSE,FALSE,FALSE,FALSE,FALSE,FALSE,FALSE,FALSE,FALSE,0,FALSE,NA,NA,FALSE,FALSE,FALSE,FALSE,FALSE,FALSE,FALSE,FALSE,FALSE,FALSE,FALSE,FALSE,NA,NA
235,C1756,20241227_C1756_clip.mp4,504,10.2,NA,10.2,10.2,TRUE,EXP2_DEFINED_PARTICLES,DEFINED_PARTICLES,FALSE,TRUE,52,24225,4,L. digitata,BR,Winter,Bognor,PEAT,PEAT,NA,NA,0,25,0,0,NA,16127,25863,41990,0.3840676351512265,none,NA,NA,NA,NA,NA,2024,NA,100 NTU,Laminaria digitata,41990,0.3840676351512265,FALSE,FALSE,FALSE,FALSE,FALSE,FALSE,FALSE,FALSE,FALSE,FALSE,FALSE,0,FALSE,NA,NA,FALSE,FALSE,FALSE,FALSE,FALSE,FALSE,FALSE,FALSE,FALSE,FALSE,FALSE,FALSE,NA,NA
236,C1757,20241227_C1757_clip.mp4,504,10.2,NA,10.2,10.2,TRUE,EXP2_DEFINED_PARTICLES,DEFINED_PARTICLES,FALSE,TRUE,52,24226,4,L. digitata,BR,Winter,Bognor,PEAT,PEAT,NA,NA,0,25,0,0,NA,39678,60662,100340,0.39543551923460235,none,NA,NA,NA,NA,NA,2024,NA,100 NTU,Laminaria digitata,100340,0.39543551923460235,FALSE,FALSE,FALSE,FALSE,FALSE,FALSE,FALSE,FALSE,FALSE,FALSE,FALSE,0,FALSE,NA,NA,FALSE,FALSE,FALSE,FALSE,FALSE,FALSE,FALSE,FALSE,FALSE,FALSE,FALSE,FALSE,NA,NA
237,C1758,20241227_C1758_clip.mp4,504,10.2,NA,10.2,10.2,TRUE,EXP2_DEFINED_PARTICLES,DEFINED_PARTICLES,FALSE,TRUE,52,24231,4,L. digitata,BR,Winter,Bognor,PEAT,PEAT,NA,NA,0,100,0,0,NA,40580,61722,102302,0.396668686829192,none,NA,NA,NA,NA,NA,2024,NA,100 NTU / time check 12:40,Laminaria digitata,102302,0.396668686829192,FALSE,FALSE,FALSE,FALSE,FALSE,FALSE,FALSE,FALSE,FALSE,FALSE,FALSE,0,FALSE,NA,NA,FALSE,FALSE,FALSE,FALSE,FALSE,FALSE,FALSE,FALSE,FALSE,FALSE,FALSE,FALSE,NA,NA
238,C1759,20241227_C1759_clip.mp4,504,10.2,NA,10.2,10.2,TRUE,EXP2_DEFINED_PARTICLES,DEFINED_PARTICLES,FALSE,TRUE,52,24232,4,L. digitata,BR,Winter,Bognor,PEAT,PEAT,NA,NA,0,100,0,0,NA,46912,69643,116555,0.40248809574878813,none,NA,NA,NA,NA,NA,2024,NA,100 NTU,Laminaria digitata,116555,0.40248809574878813,FALSE,FALSE,FALSE,FALSE,FALSE,FALSE,FALSE,FALSE,FALSE,FALSE,FALSE,0,FALSE,NA,NA,FALSE,FALSE,FALSE,FALSE,FALSE,FALSE,FALSE,FALSE,FALSE,FALSE,FALSE,FALSE,NA,NA
239,C1760,20241227_C1760_clip.mp4,504,10.2,NA,10.2,10.2,TRUE,EXP2_DEFINED_PARTICLES,DEFINED_PARTICLES,FALSE,TRUE,52,24233,4,L. digitata,BR,Winter,Bognor,PEAT,PEAT,NA,NA,0,100,0,0,NA,40402,63627,104029,0.38837247306039663,none,NA,NA,NA,NA,NA,2024,NA,100 NTU,Laminaria digitata,104029,0.38837247306039663,FALSE,FALSE,FALSE,FALSE,FALSE,FALSE,FALSE,FALSE,FALSE,FALSE,FALSE,0,FALSE,NA,NA,FALSE,FALSE,FALSE,FALSE,FALSE,FALSE,FALSE,FALSE,FALSE,FALSE,FALSE,FALSE,NA,NA
240,C1761,20241227_C1761_clip.mp4,504,10.2,NA,10.2,10.2,TRUE,EXP2_DEFINED_PARTICLES,DEFINED_PARTICLES,FALSE,TRUE,52,24234,4,L. digitata,BR,Winter,Bognor,PEAT,PEAT,NA,NA,0,400,0,0,NA,37304,57336,94640,0.394167371090448,none,NA,NA,NA,NA,NA,2024,NA,100 NTU,Laminaria digitata,94640,0.394167371090448,FALSE,FALSE,FALSE,FALSE,FALSE,FALSE,FALSE,FALSE,FALSE,FALSE,FALSE,0,FALSE,NA,NA,FALSE,FALSE,FALSE,FALSE,FALSE,FALSE,FALSE,FALSE,FALSE,FALSE,FALSE,FALSE,NA,NA
241,C1762,20241227_C1762_clip.mp4,504,10.2,NA,10.2,10.2,TRUE,EXP2_DEFINED_PARTICLES,DEFINED_PARTICLES,FALSE,TRUE,52,24235,4,L. digitata,BR,Winter,Bognor,PEAT,PEAT,NA,NA,0,400,0,0,NA,47454,68718,116172,0.4084805288709844,none,NA,NA,NA,NA,NA,2024,NA,100 NTU,Laminaria digitata,116172,0.4084805288709844,FALSE,FALSE,FALSE,FALSE,FALSE,FALSE,FALSE,FALSE,FALSE,FALSE,FALSE,0,FALSE,NA,NA,FALSE,FALSE,FALSE,FALSE,FALSE,FALSE,FALSE,FALSE,FALSE,FALSE,FALSE,FALSE,NA,NA
242,C1763,20241227_C1763_clip.mp4,504,10.2,NA,10.2,10.2,TRUE,EXP2_DEFINED_PARTICLES,DEFINED_PARTICLES,FALSE,TRUE,52,24236,4,L. digitata,BR,Winter,Bognor,PEAT,PEAT,NA,NA,0,400,0,0,NA,44318,65187,109505,0.4047121136021186,none,NA,NA,NA,NA,NA,2024,NA,100 NTU / slight adjustment of focus,Laminaria digitata,109505,0.4047121136021186,FALSE,FALSE,FALSE,FALSE,FALSE,FALSE,FALSE,FALSE,FALSE,FALSE,FALSE,0,FALSE,NA,NA,FALSE,FALSE,FALSE,FALSE,FALSE,FALSE,FALSE,FALSE,FALSE,FALSE,FALSE,FALSE,NA,NA
243,C1765,20241227_C1765_clip.mp4,504,10.2,NA,10.2,10.2,TRUE,EXP2_DEFINED_PARTICLES,DEFINED_PARTICLES,FALSE,TRUE,52,24241,4,L. digitata,BR,Winter,Bognor,KAOLINITE,KAOLINITE,NA,NA,0,100,0,0,NA,42997,62952,105949,0.4058273320182352,none,NA,NA,NA,NA,NA,2024,NA,100 NTU / time check 12:44,Laminaria digitata,105949,0.4058273320182352,FALSE,FALSE,FALSE,FALSE,FALSE,FALSE,FALSE,FALSE,FALSE,FALSE,FALSE,0,FALSE,NA,NA,FALSE,FALSE,FALSE,FALSE,FALSE,FALSE,FALSE,FALSE,FALSE,FALSE,FALSE,FALSE,NA,NA
244,C1766,20241227_C1766_clip.mp4,504,10.2,NA,10.2,10.2,TRUE,EXP2_DEFINED_PARTICLES,DEFINED_PARTICLES,FALSE,TRUE,52,24242,4,L. digitata,BR,Winter,Bognor,KAOLINITE,KAOLINITE,NA,NA,0,100,0,0,NA,39717,57799,97516,0.4072870093112925,none,NA,NA,NA,NA,NA,2024,NA,100 NTU,Laminaria digitata,97516,0.4072870093112925,FALSE,FALSE,FALSE,FALSE,FALSE,FALSE,FALSE,FALSE,FALSE,FALSE,FALSE,0,FALSE,NA,NA,FALSE,FALSE,FALSE,FALSE,FALSE,FALSE,FALSE,FALSE,FALSE,FALSE,FALSE,FALSE,NA,NA
245,C1767,20241227_C1767_clip.mp4,504,10.2,NA,10.2,10.2,TRUE,EXP2_DEFINED_PARTICLES,DEFINED_PARTICLES,FALSE,TRUE,52,24243,4,L. digitata,BR,Winter,Bognor,KAOLINITE,KAOLINITE,NA,NA,0,100,0,0,NA,28478,43024,71502,0.39828256552264274,none,NA,NA,NA,NA,NA,2024,NA,100 NTU,Laminaria digitata,71502,0.39828256552264274,FALSE,FALSE,FALSE,FALSE,FALSE,FALSE,FALSE,FALSE,FALSE,FALSE,FALSE,0,FALSE,NA,NA,FALSE,FALSE,FALSE,FALSE,FALSE,FALSE,FALSE,FALSE,FALSE,FALSE,FALSE,FALSE,NA,NA
246,C1768,20241227_C1768_clip.mp4,504,10.2,NA,10.2,10.2,TRUE,EXP2_DEFINED_PARTICLES,DEFINED_PARTICLES,FALSE,TRUE,52,24244,4,L. digitata,BR,Winter,Bognor,KAOLINITE,KAOLINITE,NA,NA,0,400,0,0,NA,44088,66444,110532,0.3988709152100749,none,NA,NA,NA,NA,NA,2024,NA,100 NTU,Laminaria digitata,110532,0.3988709152100749,FALSE,FALSE,FALSE,FALSE,FALSE,FALSE,FALSE,FALSE,FALSE,FALSE,FALSE,0,FALSE,NA,NA,FALSE,FALSE,FALSE,FALSE,FALSE,FALSE,FALSE,FALSE,FALSE,FALSE,FALSE,FALSE,NA,NA
247,C1770,20241227_C1770_clip.mp4,504,10.2,NA,10.2,10.2,TRUE,EXP2_DEFINED_PARTICLES,DEFINED_PARTICLES,FALSE,TRUE,52,24245,4,L. digitata,BR,Winter,Bognor,KAOLINITE,KAOLINITE,NA,NA,0,400,0,0,NA,42777,63904,106681,0.40098049324622004,none,NA,NA,NA,NA,NA,2024,NA,100 NTU,Laminaria digitata,106681,0.40098049324622004,FALSE,FALSE,FALSE,FALSE,FALSE,FALSE,FALSE,FALSE,FALSE,FALSE,FALSE,0,FALSE,NA,NA,FALSE,FALSE,FALSE,FALSE,FALSE,FALSE,FALSE,FALSE,FALSE,FALSE,FALSE,FALSE,NA,NA
248,C1771,20241227_C1771_clip.mp4,504,10.2,NA,10.2,10.2,TRUE,EXP2_DEFINED_PARTICLES,DEFINED_PARTICLES,FALSE,TRUE,52,24246,4,L. digitata,BR,Winter,Bognor,KAOLINITE,KAOLINITE,NA,NA,0,400,0,0,NA,43405,66748,110153,0.3940428313345982,none,NA,NA,NA,NA,NA,2024,NA,100 NTU,Laminaria digitata,110153,0.3940428313345982,FALSE,FALSE,FALSE,FALSE,FALSE,FALSE,FALSE,FALSE,FALSE,FALSE,FALSE,0,FALSE,NA,NA,FALSE,FALSE,FALSE,FALSE,FALSE,FALSE,FALSE,FALSE,FALSE,FALSE,FALSE,FALSE,NA,NA
249,C1773,20241227_C1773_clip.mp4,504,10.2,NA,10.2,10.2,TRUE,EXP2_DEFINED_PARTICLES,DEFINED_PARTICLES,FALSE,TRUE,52,24251,4,L. digitata,BR,Winter,Bognor,SAND,SAND,NA,NA,0,100,0,0,NA,2852,5174,8026,0.35534512833291804,none,NA,NA,NA,NA,NA,2024,NA,100 NTU,Laminaria digitata,8026,0.35534512833291804,FALSE,FALSE,FALSE,FALSE,FALSE,FALSE,FALSE,FALSE,FALSE,FALSE,FALSE,0,FALSE,NA,NA,FALSE,FALSE,FALSE,FALSE,FALSE,FALSE,FALSE,FALSE,FALSE,FALSE,FALSE,FALSE,NA,NA
250,C1774,20241227_C1774_clip.mp4,504,10.2,NA,10.2,10.2,TRUE,EXP2_DEFINED_PARTICLES,DEFINED_PARTICLES,FALSE,TRUE,52,24252,4,L. digitata,BR,Winter,Bognor,SAND,SAND,NA,NA,0,100,0,0,NA,1130,2630,3760,0.300531914893617,none,NA,NA,NA,NA,NA,2024,NA,100 NTU,Laminaria digitata,3760,0.300531914893617,FALSE,FALSE,FALSE,FALSE,FALSE,FALSE,FALSE,FALSE,FALSE,FALSE,FALSE,0,FALSE,NA,NA,FALSE,FALSE,FALSE,FALSE,FALSE,FALSE,FALSE,FALSE,FALSE,FALSE,FALSE,FALSE,NA,NA
251,C1775,20241227_C1775_clip.mp4,504,10.2,NA,10.2,10.2,TRUE,EXP2_DEFINED_PARTICLES,DEFINED_PARTICLES,FALSE,TRUE,52,24253,4,L. digitata,BR,Winter,Bognor,SAND,SAND,NA,NA,0,100,0,0,NA,33673,54215,87888,0.3831353540870198,none,NA,NA,NA,NA,NA,2024,NA,100 NTU,Laminaria digitata,87888,0.3831353540870198,FALSE,FALSE,FALSE,FALSE,FALSE,FALSE,FALSE,FALSE,FALSE,FALSE,FALSE,0,FALSE,NA,NA,FALSE,FALSE,FALSE,FALSE,FALSE,FALSE,FALSE,FALSE,FALSE,FALSE,FALSE,FALSE,NA,NA
252,C1776,20241227_C1776_clip.mp4,504,10.2,NA,10.2,10.2,TRUE,EXP2_DEFINED_PARTICLES,DEFINED_PARTICLES,FALSE,TRUE,52,24254,4,L. digitata,BR,Winter,Bognor,SAND,SAND,NA,NA,0,400,0,0,NA,45402,68327,113729,0.3992121622453376,none,NA,NA,NA,NA,NA,2024,NA,100 NTU,Laminaria digitata,113729,0.3992121622453376,FALSE,FALSE,FALSE,FALSE,FALSE,FALSE,FALSE,FALSE,FALSE,FALSE,FALSE,0,FALSE,NA,NA,FALSE,FALSE,FALSE,FALSE,FALSE,FALSE,FALSE,FALSE,FALSE,FALSE,FALSE,FALSE,NA,NA
253,C1777,20241227_C1777_clip.mp4,504,10.2,NA,10.2,10.2,TRUE,EXP2_DEFINED_PARTICLES,DEFINED_PARTICLES,FALSE,TRUE,52,24255,4,L. digitata,BR,Winter,Bognor,SAND,SAND,NA,NA,0,400,0,0,NA,29602,45584,75186,0.39371691538318304,none,NA,NA,NA,NA,NA,2024,NA,100 NTU,Laminaria digitata,75186,0.39371691538318304,FALSE,FALSE,FALSE,FALSE,FALSE,FALSE,FALSE,FALSE,FALSE,FALSE,FALSE,0,FALSE,NA,NA,FALSE,FALSE,FALSE,FALSE,FALSE,FALSE,FALSE,FALSE,FALSE,FALSE,FALSE,FALSE,NA,NA
254,C1778,20241227_C1778_clip.mp4,504,10.2,NA,10.2,10.2,TRUE,EXP2_DEFINED_PARTICLES,DEFINED_PARTICLES,FALSE,TRUE,52,24256,4,L. digitata,BR,Winter,Bognor,SAND,SAND,NA,NA,0,400,0,0,NA,37499,62204,99703,0.37610703790257066,none,NA,NA,NA,NA,NA,2024,NA,100 NTU,Laminaria digitata,99703,0.37610703790257066,FALSE,FALSE,FALSE,FALSE,FALSE,FALSE,FALSE,FALSE,FALSE,FALSE,FALSE,0,FALSE,NA,NA,FALSE,FALSE,FALSE,FALSE,FALSE,FALSE,FALSE,FALSE,FALSE,FALSE,FALSE,FALSE,NA,NA
255,C1780,20241227_C1780_clip.mp4,504,10.2,NA,10.2,10.2,TRUE,EXP2_DEFINED_PARTICLES,DEFINED_PARTICLES,FALSE,TRUE,52,24261,4,L. digitata,BR,Winter,Bognor,SAND,SAND,NA,NA,0,25,0,0,NA,42256,63729,105985,0.39869792895221023,none,NA,NA,NA,NA,NA,2024,NA,100 NTU,Laminaria digitata,105985,0.39869792895221023,FALSE,FALSE,FALSE,FALSE,FALSE,FALSE,FALSE,FALSE,FALSE,FALSE,FALSE,0,FALSE,NA,NA,FALSE,FALSE,FALSE,FALSE,FALSE,FALSE,FALSE,FALSE,FALSE,FALSE,FALSE,FALSE,NA,NA
256,C1781,20241227_C1781_clip.mp4,504,10.2,NA,10.2,10.2,TRUE,EXP2_DEFINED_PARTICLES,DEFINED_PARTICLES,FALSE,TRUE,52,24262,4,L. digitata,BR,Winter,Bognor,SAND,SAND,NA,NA,0,25,0,0,NA,42386,63108,105494,0.4017858835573587,none,NA,NA,NA,NA,NA,2024,NA,100 NTU,Laminaria digitata,105494,0.4017858835573587,FALSE,FALSE,FALSE,FALSE,FALSE,FALSE,FALSE,FALSE,FALSE,FALSE,FALSE,0,FALSE,NA,NA,FALSE,FALSE,FALSE,FALSE,FALSE,FALSE,FALSE,FALSE,FALSE,FALSE,FALSE,FALSE,NA,NA
257,C1782,20241227_C1782_clip.mp4,504,10.2,NA,10.2,10.2,TRUE,EXP2_DEFINED_PARTICLES,DEFINED_PARTICLES,FALSE,TRUE,52,24263,4,L. digitata,BR,Winter,Bognor,SAND,SAND,NA,NA,0,25,0,0,NA,931,1993,2924,0.3183994528043776,none,NA,NA,NA,NA,NA,2024,NA,100 NTU,Laminaria digitata,2924,0.3183994528043776,FALSE,FALSE,FALSE,FALSE,FALSE,FALSE,FALSE,FALSE,FALSE,FALSE,FALSE,0,FALSE,NA,NA,FALSE,FALSE,FALSE,FALSE,FALSE,FALSE,FALSE,FALSE,FALSE,FALSE,FALSE,FALSE,NA,NA
258,C1783,20241227_C1783_clip.mp4,504,10.2,NA,10.2,10.2,TRUE,EXP2_DEFINED_PARTICLES,DEFINED_PARTICLES,FALSE,TRUE,52,24264,4,L. digitata,BR,Winter,Bognor,KAOLINITE,KAOLINITE,NA,NA,0,25,0,0,NA,5641,5768,11409,0.4944342185993514,none,NA,NA,NA,NA,NA,2024,NA,100 NTU,Laminaria digitata,11409,0.4944342185993514,FALSE,FALSE,FALSE,FALSE,FALSE,FALSE,FALSE,FALSE,FALSE,FALSE,FALSE,0,FALSE,NA,NA,FALSE,FALSE,FALSE,FALSE,FALSE,FALSE,FALSE,FALSE,FALSE,FALSE,FALSE,FALSE,NA,NA
259,C1784,20241227_C1784_clip.mp4,504,10.2,NA,10.2,10.2,TRUE,EXP2_DEFINED_PARTICLES,DEFINED_PARTICLES,FALSE,TRUE,52,24265,4,L. digitata,BR,Winter,Bognor,KAOLINITE,KAOLINITE,NA,NA,0,25,0,0,NA,12225,16963,29188,0.4188365081540359,none,NA,NA,NA,NA,NA,2024,NA,100 NTU,Laminaria digitata,29188,0.4188365081540359,FALSE,FALSE,FALSE,FALSE,FALSE,FALSE,FALSE,FALSE,FALSE,FALSE,FALSE,0,FALSE,NA,NA,FALSE,FALSE,FALSE,FALSE,FALSE,FALSE,FALSE,FALSE,FALSE,FALSE,FALSE,FALSE,NA,NA
260,C1785,20241227_C1785_clip.mp4,504,10.2,NA,10.2,10.2,TRUE,EXP2_DEFINED_PARTICLES,DEFINED_PARTICLES,FALSE,TRUE,52,24266,4,L. digitata,BR,Winter,Bognor,KAOLINITE,KAOLINITE,NA,NA,0,25,0,0,NA,25684,42047,67731,0.37920597658383903,none,NA,NA,NA,NA,NA,2024,NA,100 NTU,Laminaria digitata,67731,0.37920597658383903,FALSE,FALSE,FALSE,FALSE,FALSE,FALSE,FALSE,FALSE,FALSE,FALSE,FALSE,0,FALSE,NA,NA,FALSE,FALSE,FALSE,FALSE,FALSE,FALSE,FALSE,FALSE,FALSE,FALSE,FALSE,FALSE,NA,NA
261,C1786,20241227_C1786_clip.mp4,504,9.2,NA,9.2,9.2,TRUE,EXP1_LIGHT,LIGHT_ONLY,FALSE,TRUE,52,24271,4,L. digitata,BR,Winter,Bognor,LUX,NA,NA,NA,70,0,0,0,NA,3076,5195,8271,0.3719018256559062,none,NA,NA,NA,NA,NA,2024,NA,70 Lux (12:12),Laminaria digitata,8271,0.3719018256559062,FALSE,FALSE,FALSE,FALSE,FALSE,FALSE,FALSE,FALSE,FALSE,FALSE,FALSE,0,FALSE,NA,NA,FALSE,FALSE,FALSE,FALSE,FALSE,FALSE,FALSE,FALSE,FALSE,FALSE,FALSE,FALSE,NA,NA
262,C1787,20241227_C1787_clip.mp4,504,9.2,NA,9.2,9.2,TRUE,EXP1_LIGHT,LIGHT_ONLY,FALSE,TRUE,52,24272,4,L. digitata,BR,Winter,Bognor,LUX,NA,NA,NA,70,0,0,0,NA,39850,60381,100231,0.3975815865351039,none,NA,NA,NA,NA,NA,2024,NA,70 Lux (12:12),Laminaria digitata,100231,0.3975815865351039,FALSE,FALSE,FALSE,FALSE,FALSE,FALSE,FALSE,FALSE,FALSE,FALSE,FALSE,0,FALSE,NA,NA,FALSE,FALSE,FALSE,FALSE,FALSE,FALSE,FALSE,FALSE,FALSE,FALSE,FALSE,FALSE,NA,NA
263,C1788,20241227_C1788_clip.mp4,504,9.2,NA,9.2,9.2,TRUE,EXP1_LIGHT,LIGHT_ONLY,FALSE,TRUE,52,24273,4,L. digitata,BR,Winter,Bognor,LUX,NA,NA,NA,70,0,0,0,NA,676,1670,2346,0.28815004262574595,none,NA,NA,NA,NA,NA,2024,NA,70 Lux (12:12),Laminaria digitata,2346,0.28815004262574595,FALSE,FALSE,FALSE,FALSE,FALSE,FALSE,FALSE,FALSE,FALSE,FALSE,FALSE,0,FALSE,NA,NA,FALSE,FALSE,FALSE,FALSE,FALSE,FALSE,FALSE,FALSE,FALSE,FALSE,FALSE,FALSE,NA,NA
264,C1789,20241227_C1789_clip.mp4,504,9.2,NA,9.2,9.2,TRUE,EXP1_LIGHT,LIGHT_ONLY,FALSE,TRUE,52,24274,4,L. digitata,BR,Winter,Bognor,LUX,NA,NA,NA,70,0,0,0,NA,863,2216,3079,0.28028580708022083,none,NA,NA,NA,NA,NA,2024,NA,70 Lux (12:12),Laminaria digitata,3079,0.28028580708022083,FALSE,FALSE,FALSE,FALSE,FALSE,FALSE,FALSE,FALSE,FALSE,FALSE,FALSE,0,FALSE,NA,NA,FALSE,FALSE,FALSE,FALSE,FALSE,FALSE,FALSE,FALSE,FALSE,FALSE,FALSE,FALSE,NA,NA
265,C1790,20241227_C1790_clip.mp4,504,9.2,NA,9.2,9.2,TRUE,EXP1_LIGHT,LIGHT_ONLY,FALSE,TRUE,52,24275,4,L. digitata,BR,Winter,Bognor,LUX,NA,NA,NA,70,0,0,0,NA,47363,69088,116451,0.4067204231822827,none,NA,NA,NA,NA,NA,2024,NA,70 Lux (12:12),Laminaria digitata,116451,0.4067204231822827,FALSE,FALSE,FALSE,FALSE,FALSE,FALSE,FALSE,FALSE,FALSE,FALSE,FALSE,0,FALSE,NA,NA,FALSE,FALSE,FALSE,FALSE,FALSE,FALSE,FALSE,FALSE,FALSE,FALSE,FALSE,FALSE,NA,NA
266,C1791,20241227_C1791_clip.mp4,504,9.2,NA,9.2,9.2,TRUE,EXP1_LIGHT,LIGHT_ONLY,FALSE,TRUE,52,24276,4,L. digitata,BR,Winter,Bognor,LUX,NA,NA,NA,70,0,0,0,NA,6940,11316,18256,0.3801489921121823,none,NA,NA,NA,NA,NA,2024,NA,70 Lux (12:12),Laminaria digitata,18256,0.3801489921121823,FALSE,FALSE,FALSE,FALSE,FALSE,FALSE,FALSE,FALSE,FALSE,FALSE,FALSE,0,FALSE,NA,NA,FALSE,FALSE,FALSE,FALSE,FALSE,FALSE,FALSE,FALSE,FALSE,FALSE,FALSE,FALSE,NA,NA
267,C1792,20241227_C1792_clip.mp4,504,9.2,NA,9.2,9.2,TRUE,EXP1_LIGHT,LIGHT_ONLY,FALSE,TRUE,52,24281,4,L. digitata,BR,Winter,Bognor,LUX,NA,NA,NA,117,0,0,0,NA,40507,61467,101974,0.3972287053562673,none,NA,NA,NA,NA,NA,2024,NA,117 Lux (12:12),Laminaria digitata,101974,0.3972287053562673,FALSE,FALSE,FALSE,FALSE,FALSE,FALSE,FALSE,FALSE,FALSE,FALSE,FALSE,0,FALSE,NA,NA,FALSE,FALSE,FALSE,FALSE,FALSE,FALSE,FALSE,FALSE,FALSE,FALSE,FALSE,FALSE,NA,NA
268,C1795,20241227_C1795_clip.mp4,504,9.2,NA,9.2,9.2,TRUE,EXP1_LIGHT,LIGHT_ONLY,FALSE,TRUE,52,24282,4,L. digitata,BR,Winter,Bognor,LUX,NA,NA,NA,117,0,0,0,NA,42152,67927,110079,0.3829249902342863,none,NA,NA,NA,NA,NA,2024,NA,117 Lux (12:12),Laminaria digitata,110079,0.3829249902342863,FALSE,FALSE,FALSE,FALSE,FALSE,FALSE,FALSE,FALSE,FALSE,FALSE,FALSE,0,FALSE,NA,NA,FALSE,FALSE,FALSE,FALSE,FALSE,FALSE,FALSE,FALSE,FALSE,FALSE,FALSE,FALSE,NA,NA
269,C1796,20241227_C1796_clip.mp4,504,9.2,NA,9.2,9.2,TRUE,EXP1_LIGHT,LIGHT_ONLY,FALSE,TRUE,52,24283,4,L. digitata,BR,Winter,Bognor,LUX,NA,NA,NA,117,0,0,0,NA,45075,68182,113257,0.39798864529344763,none,NA,NA,NA,NA,NA,2024,NA,117 Lux (12:12),Laminaria digitata,113257,0.39798864529344763,FALSE,FALSE,FALSE,FALSE,FALSE,FALSE,FALSE,FALSE,FALSE,FALSE,FALSE,0,FALSE,NA,NA,FALSE,FALSE,FALSE,FALSE,FALSE,FALSE,FALSE,FALSE,FALSE,FALSE,FALSE,FALSE,NA,NA
270,C1797,20241227_C1797_clip.mp4,504,9.2,NA,9.2,9.2,TRUE,EXP1_LIGHT,LIGHT_ONLY,FALSE,TRUE,52,24284,4,L. digitata,BR,Winter,Bognor,LUX,NA,NA,NA,117,0,0,0,NA,923,1916,2839,0.32511447692849593,none,NA,NA,NA,NA,NA,2024,NA,117 Lux (12:12),Laminaria digitata,2839,0.32511447692849593,FALSE,FALSE,FALSE,FALSE,FALSE,FALSE,FALSE,FALSE,FALSE,FALSE,FALSE,0,FALSE,NA,NA,FALSE,FALSE,FALSE,FALSE,FALSE,FALSE,FALSE,FALSE,FALSE,FALSE,FALSE,FALSE,NA,NA
271,C1798,20241227_C1798_clip.mp4,504,9.2,NA,9.2,9.2,TRUE,EXP1_LIGHT,LIGHT_ONLY,FALSE,TRUE,52,24285,4,L. digitata,BR,Winter,Bognor,LUX,NA,NA,NA,117,0,0,0,NA,45071,66303,111374,0.40468152351536263,none,NA,NA,NA,NA,NA,2024,NA,117 Lux (12:12),Laminaria digitata,111374,0.40468152351536263,FALSE,FALSE,FALSE,FALSE,FALSE,FALSE,FALSE,FALSE,FALSE,FALSE,FALSE,0,FALSE,NA,NA,FALSE,FALSE,FALSE,FALSE,FALSE,FALSE,FALSE,FALSE,FALSE,FALSE,FALSE,FALSE,NA,NA
272,C1800,20241227_C1800_clip.mp4,504,9.2,NA,9.2,9.2,TRUE,EXP1_LIGHT,LIGHT_ONLY,FALSE,TRUE,52,24286,4,L. digitata,BR,Winter,Bognor,LUX,NA,NA,NA,117,0,0,0,NA,40540,61498,102038,0.3973029655618495,none,NA,NA,NA,NA,NA,2024,NA,117 Lux (12:12),Laminaria digitata,102038,0.3973029655618495,FALSE,FALSE,FALSE,FALSE,FALSE,FALSE,FALSE,FALSE,FALSE,FALSE,FALSE,0,FALSE,NA,NA,FALSE,FALSE,FALSE,FALSE,FALSE,FALSE,FALSE,FALSE,FALSE,FALSE,FALSE,FALSE,NA,NA
273,C1802,20241227_C1802_clip.mp4,504,9.2,NA,9.2,9.2,TRUE,EXP1_LIGHT,LIGHT_ONLY,FALSE,TRUE,52,24291,4,L. digitata,BR,Winter,Bognor,LUX,NA,NA,NA,117,0,0,0,NA,41987,63307,105294,0.39875966341861835,none,NA,NA,NA,NA,NA,2024,NA,117 Lux (12:12),Laminaria digitata,105294,0.39875966341861835,FALSE,FALSE,FALSE,FALSE,FALSE,FALSE,FALSE,FALSE,FALSE,FALSE,FALSE,0,FALSE,NA,NA,FALSE,FALSE,FALSE,FALSE,FALSE,FALSE,FALSE,FALSE,FALSE,FALSE,FALSE,FALSE,NA,NA
274,C1804,20241227_C1804_clip.mp4,504,9.2,NA,9.2,9.2,TRUE,EXP1_LIGHT,LIGHT_ONLY,FALSE,TRUE,52,24292,4,L. digitata,BR,Winter,Bognor,LUX,NA,NA,NA,4,0,0,0,NA,40243,62079,102322,0.3932976290533805,none,NA,NA,NA,NA,NA,2024,NA,4 Lux (12:12),Laminaria digitata,102322,0.3932976290533805,FALSE,FALSE,FALSE,FALSE,FALSE,FALSE,FALSE,FALSE,FALSE,FALSE,FALSE,0,FALSE,NA,NA,FALSE,FALSE,FALSE,FALSE,FALSE,FALSE,FALSE,FALSE,FALSE,FALSE,FALSE,FALSE,NA,NA
275,C1805,20241227_C1805_clip.mp4,504,9.2,NA,9.2,9.2,TRUE,EXP1_LIGHT,LIGHT_ONLY,FALSE,TRUE,52,24293,4,L. digitata,BR,Winter,Bognor,LUX,NA,NA,NA,4,0,0,0,NA,4397,7517,11914,0.369061608192043,none,NA,NA,NA,NA,NA,2024,NA,4 Lux (12:12),Laminaria digitata,11914,0.369061608192043,FALSE,FALSE,FALSE,FALSE,FALSE,FALSE,FALSE,FALSE,FALSE,FALSE,FALSE,0,FALSE,NA,NA,FALSE,FALSE,FALSE,FALSE,FALSE,FALSE,FALSE,FALSE,FALSE,FALSE,FALSE,FALSE,NA,NA
276,C1806,20241227_C1806_clip.mp4,504,9.2,NA,9.2,9.2,TRUE,EXP1_LIGHT,LIGHT_ONLY,FALSE,TRUE,52,24294,4,L. digitata,BR,Winter,Bognor,LUX,NA,NA,NA,4,0,0,0,NA,41155,60677,101832,0.404146044465394,none,NA,NA,NA,NA,NA,2024,NA,4 Lux (12:12),Laminaria digitata,101832,0.404146044465394,FALSE,FALSE,FALSE,FALSE,FALSE,FALSE,FALSE,FALSE,FALSE,FALSE,FALSE,0,FALSE,NA,NA,FALSE,FALSE,FALSE,FALSE,FALSE,FALSE,FALSE,FALSE,FALSE,FALSE,FALSE,FALSE,NA,NA
277,C1807,20241227_C1807_clip.mp4,504,9.2,NA,9.2,9.2,TRUE,EXP1_LIGHT,LIGHT_ONLY,FALSE,TRUE,52,24295,4,L. digitata,BR,Winter,Bognor,LUX,NA,NA,NA,4,0,0,0,NA,42005,62804,104809,0.40077665086013603,none,NA,NA,NA,NA,NA,2024,NA,4 Lux (12:12),Laminaria digitata,104809,0.40077665086013603,FALSE,FALSE,FALSE,FALSE,FALSE,FALSE,FALSE,FALSE,FALSE,FALSE,FALSE,0,FALSE,NA,NA,FALSE,FALSE,FALSE,FALSE,FALSE,FALSE,FALSE,FALSE,FALSE,FALSE,FALSE,FALSE,NA,NA
278,C1808,20241227_C1808_clip.mp4,504,9.2,NA,9.2,9.2,TRUE,EXP1_LIGHT,LIGHT_ONLY,FALSE,TRUE,52,24296,4,L. digitata,BR,Winter,Bognor,LUX,NA,NA,NA,4,0,0,0,NA,38482,60110,98592,0.39031564427134047,none,NA,NA,NA,NA,NA,2024,NA,4 Lux (12:12),Laminaria digitata,98592,0.39031564427134047,FALSE,FALSE,FALSE,FALSE,FALSE,FALSE,FALSE,FALSE,FALSE,FALSE,FALSE,0,FALSE,NA,NA,FALSE,FALSE,FALSE,FALSE,FALSE,FALSE,FALSE,FALSE,FALSE,FALSE,FALSE,FALSE,NA,NA
279,C1809,20241227_C1809_clip.mp4,504,9.2,NA,9.2,9.2,TRUE,EXP1_LIGHT,LIGHT_ONLY,FALSE,TRUE,52,24301,4,L. digitata,BR,Winter,Bognor,LUX,NA,NA,NA,0,0,0,0,NA,28786,47114,75900,0.379262187088274,none,NA,NA,NA,NA,NA,2024,NA,0 Lux,Laminaria digitata,75900,0.379262187088274,FALSE,FALSE,FALSE,FALSE,FALSE,FALSE,FALSE,FALSE,FALSE,FALSE,FALSE,0,FALSE,NA,NA,FALSE,FALSE,FALSE,FALSE,FALSE,FALSE,FALSE,FALSE,FALSE,FALSE,FALSE,FALSE,NA,NA
280,C1810,20241227_C1810_clip.mp4,504,9.2,NA,9.2,9.2,TRUE,EXP1_LIGHT,LIGHT_ONLY,FALSE,TRUE,52,24302,4,L. digitata,BR,Winter,Bognor,LUX,NA,NA,NA,0,0,0,0,NA,43928,64322,108250,0.4058013856812933,none,NA,NA,NA,NA,NA,2024,NA,0 Lux,Laminaria digitata,108250,0.4058013856812933,FALSE,FALSE,FALSE,FALSE,FALSE,FALSE,FALSE,FALSE,FALSE,FALSE,FALSE,0,FALSE,NA,NA,FALSE,FALSE,FALSE,FALSE,FALSE,FALSE,FALSE,FALSE,FALSE,FALSE,FALSE,FALSE,NA,NA
281,C1811,20241227_C1811_clip.mp4,504,9.2,NA,9.2,9.2,TRUE,EXP1_LIGHT,LIGHT_ONLY,FALSE,TRUE,52,24303,4,L. digitata,BR,Winter,Bognor,LUX,NA,NA,NA,0,0,0,0,NA,47486,71464,118950,0.3992097519966372,none,NA,NA,NA,NA,NA,2024,NA,0 Lux,Laminaria digitata,118950,0.3992097519966372,FALSE,FALSE,FALSE,FALSE,FALSE,FALSE,FALSE,FALSE,FALSE,FALSE,FALSE,0,FALSE,NA,NA,FALSE,FALSE,FALSE,FALSE,FALSE,FALSE,FALSE,FALSE,FALSE,FALSE,FALSE,FALSE,NA,NA
282,C1812,20241227_C1812_clip.mp4,504,9.2,NA,9.2,9.2,TRUE,EXP1_LIGHT,LIGHT_ONLY,FALSE,TRUE,52,24304,4,L. digitata,BR,Winter,Bognor,LUX,NA,NA,NA,0,0,0,0,NA,46262,70485,116747,0.39625857623750504,none,NA,NA,NA,NA,NA,2024,NA,0 Lux,Laminaria digitata,116747,0.39625857623750504,FALSE,FALSE,FALSE,FALSE,FALSE,FALSE,FALSE,FALSE,FALSE,FALSE,FALSE,0,FALSE,NA,NA,FALSE,FALSE,FALSE,FALSE,FALSE,FALSE,FALSE,FALSE,FALSE,FALSE,FALSE,FALSE,NA,NA
283,C1813,20241227_C1813_clip.mp4,504,9.2,NA,9.2,9.2,TRUE,EXP1_LIGHT,LIGHT_ONLY,FALSE,TRUE,52,24305,4,L. digitata,BR,Winter,Bognor,LUX,NA,NA,NA,0,0,0,0,NA,43845,65460,109305,0.40112529161520516,none,NA,NA,NA,NA,NA,2024,NA,0 Lux,Laminaria digitata,109305,0.40112529161520516,FALSE,FALSE,FALSE,FALSE,FALSE,FALSE,FALSE,FALSE,FALSE,FALSE,FALSE,0,FALSE,NA,NA,FALSE,FALSE,FALSE,FALSE,FALSE,FALSE,FALSE,FALSE,FALSE,FALSE,FALSE,FALSE,NA,NA
284,C1814,20241227_C1814_clip.mp4,504,9.2,NA,9.2,9.2,TRUE,EXP1_LIGHT,LIGHT_ONLY,FALSE,TRUE,52,24306,4,L. digitata,BR,Winter,Bognor,LUX,NA,NA,NA,0,0,0,0,NA,42681,63495,106176,0.40198349909584086,none,NA,NA,NA,NA,NA,2024,NA,0 Lux,Laminaria digitata,106176,0.40198349909584086,FALSE,FALSE,FALSE,FALSE,FALSE,FALSE,FALSE,FALSE,FALSE,FALSE,FALSE,0,FALSE,NA,NA,FALSE,FALSE,FALSE,FALSE,FALSE,FALSE,FALSE,FALSE,FALSE,FALSE,FALSE,FALSE,NA,NA
285,C1815,20241227_C1815_clip.mp4,504,6.2,NA,6.2,6.2,FALSE,NA,NA,FALSE,TRUE,52,0,4,L. digitata,BR,Winter,Bognor,CULTURE,NA,NA,NA,0,0,0,0,NA,76800,92491,169291,0.4536567212669309,none,NA,NA,NA,NA,NA,2024,NA,Sample A,Laminaria digitata,169291,0.4536567212669309,FALSE,FALSE,FALSE,FALSE,FALSE,FALSE,FALSE,FALSE,FALSE,FALSE,FALSE,0,FALSE,NA,NA,FALSE,FALSE,FALSE,FALSE,FALSE,FALSE,FALSE,FALSE,FALSE,FALSE,FALSE,FALSE,NA,NA
286,C1816,20241227_C1816_clip.mp4,504,6.2,NA,6.2,6.2,FALSE,NA,NA,FALSE,TRUE,52,0,4,L. digitata,BR,Winter,Bognor,CULTURE,NA,NA,NA,0,0,0,0,NA,40250,58058,98308,0.40942751352890916,none,NA,NA,NA,NA,NA,2024,NA,Sample A,Laminaria digitata,98308,0.40942751352890916,FALSE,FALSE,FALSE,FALSE,FALSE,FALSE,FALSE,FALSE,FALSE,FALSE,FALSE,0,FALSE,NA,NA,FALSE,FALSE,FALSE,FALSE,FALSE,FALSE,FALSE,FALSE,FALSE,FALSE,FALSE,FALSE,NA,NA
287,C1817,20241227_C1817_clip.mp4,504,6.2,NA,6.2,6.2,FALSE,NA,NA,FALSE,TRUE,52,0,4,L. digitata,BR,Winter,Bognor,CULTURE,NA,NA,NA,0,0,0,0,NA,20520,27647,48167,0.4260178130255154,none,NA,NA,NA,NA,NA,2024,NA,Sample B prior to filtration,Laminaria digitata,48167,0.4260178130255154,FALSE,FALSE,FALSE,FALSE,FALSE,FALSE,FALSE,FALSE,FALSE,FALSE,FALSE,0,FALSE,NA,NA,FALSE,FALSE,FALSE,FALSE,FALSE,FALSE,FALSE,FALSE,FALSE,FALSE,FALSE,FALSE,NA,NA
288,C1818,20241227_C1818_clip.mp4,504,6.2,NA,6.2,6.2,FALSE,NA,NA,FALSE,TRUE,52,0,4,L. digitata,BR,Winter,Bognor,CULTURE,NA,NA,NA,0,0,0,0,NA,13877,22131,36008,0.3853865807598311,none,NA,NA,NA,NA,NA,2024,NA,Sample B prior to filtration,Laminaria digitata,36008,0.3853865807598311,FALSE,FALSE,FALSE,FALSE,FALSE,FALSE,FALSE,FALSE,FALSE,FALSE,FALSE,0,FALSE,NA,NA,FALSE,FALSE,FALSE,FALSE,FALSE,FALSE,FALSE,FALSE,FALSE,FALSE,FALSE,FALSE,NA,NA
292,C1822,20241231_C1822_clip.MP4,504,10.2,NA,10.2,10.2,TRUE,EXP2_DEFINED_PARTICLES,DEFINED_PARTICLES,FALSE,TRUE,52,24224,8,L. digitata,BR,Winter,Bognor,PEAT,PEAT,NA,NA,0,25,0,0,NA,47190,71331,118521,0.3981572885817703,none,NA,NA,NA,NA,NA,2024,NA,NA,Laminaria digitata,118521,0.3981572885817703,FALSE,FALSE,FALSE,FALSE,FALSE,FALSE,FALSE,FALSE,FALSE,FALSE,FALSE,0,FALSE,NA,NA,FALSE,FALSE,FALSE,FALSE,FALSE,FALSE,FALSE,FALSE,FALSE,FALSE,FALSE,FALSE,NA,NA
293,C1823,20241231_C1823_clip.MP4,504,10.2,NA,10.2,10.2,TRUE,EXP2_DEFINED_PARTICLES,DEFINED_PARTICLES,FALSE,TRUE,52,24225,8,L. digitata,BR,Winter,Bognor,PEAT,PEAT,NA,NA,0,25,0,0,NA,34930,55014,89944,0.38835275282397935,none,NA,NA,NA,NA,NA,2024,NA,NA,Laminaria digitata,89944,0.38835275282397935,FALSE,FALSE,FALSE,FALSE,FALSE,FALSE,FALSE,FALSE,FALSE,FALSE,FALSE,0,FALSE,NA,NA,FALSE,FALSE,FALSE,FALSE,FALSE,FALSE,FALSE,FALSE,FALSE,FALSE,FALSE,FALSE,NA,NA
294,C1824,20241231_C1824_clip.MP4,504,10.2,NA,10.2,10.2,TRUE,EXP2_DEFINED_PARTICLES,DEFINED_PARTICLES,FALSE,TRUE,52,24226,8,L. digitata,BR,Winter,Bognor,PEAT,PEAT,NA,NA,0,25,0,0,NA,41076,60282,101358,0.4052566151660451,none,NA,NA,NA,NA,NA,2024,NA,NA,Laminaria digitata,101358,0.4052566151660451,FALSE,FALSE,FALSE,FALSE,FALSE,FALSE,FALSE,FALSE,FALSE,FALSE,FALSE,0,FALSE,NA,NA,FALSE,FALSE,FALSE,FALSE,FALSE,FALSE,FALSE,FALSE,FALSE,FALSE,FALSE,FALSE,NA,NA
295,C1825,20241231_C1825_clip.MP4,504,10.2,NA,10.2,10.2,TRUE,EXP2_DEFINED_PARTICLES,DEFINED_PARTICLES,FALSE,TRUE,52,24231,8,L. digitata,BR,Winter,Bognor,PEAT,PEAT,NA,NA,0,100,0,0,NA,35828,54135,89963,0.3982526149639296,none,NA,NA,NA,NA,NA,2024,NA,NA,Laminaria digitata,89963,0.3982526149639296,FALSE,FALSE,FALSE,FALSE,FALSE,FALSE,FALSE,FALSE,FALSE,FALSE,FALSE,0,FALSE,NA,NA,FALSE,FALSE,FALSE,FALSE,FALSE,FALSE,FALSE,FALSE,FALSE,FALSE,FALSE,FALSE,NA,NA
296,C1826,20241231_C1826_clip.MP4,504,10.2,NA,10.2,10.2,TRUE,EXP2_DEFINED_PARTICLES,DEFINED_PARTICLES,FALSE,TRUE,52,24232,8,L. digitata,BR,Winter,Bognor,PEAT,PEAT,NA,NA,0,100,0,0,NA,36804,57879,94683,0.38870758214251766,none,NA,NA,NA,NA,NA,2024,NA,NA,Laminaria digitata,94683,0.38870758214251766,FALSE,FALSE,FALSE,FALSE,FALSE,FALSE,FALSE,FALSE,FALSE,FALSE,FALSE,0,FALSE,NA,NA,FALSE,FALSE,FALSE,FALSE,FALSE,FALSE,FALSE,FALSE,FALSE,FALSE,FALSE,FALSE,NA,NA
297,C1827,20241231_C1827_clip.MP4,504,10.2,NA,10.2,10.2,TRUE,EXP2_DEFINED_PARTICLES,DEFINED_PARTICLES,FALSE,TRUE,52,24233,8,L. digitata,BR,Winter,Bognor,PEAT,PEAT,NA,NA,0,100,0,0,NA,43770,65389,109159,0.40097472494251507,none,NA,NA,NA,NA,NA,2024,NA,NA,Laminaria digitata,109159,0.40097472494251507,FALSE,FALSE,FALSE,FALSE,FALSE,FALSE,FALSE,FALSE,FALSE,FALSE,FALSE,0,FALSE,NA,NA,FALSE,FALSE,FALSE,FALSE,FALSE,FALSE,FALSE,FALSE,FALSE,FALSE,FALSE,FALSE,NA,NA
298,C1828,20241231_C1828_clip.MP4,504,10.2,NA,10.2,10.2,TRUE,EXP2_DEFINED_PARTICLES,DEFINED_PARTICLES,FALSE,TRUE,52,24234,8,L. digitata,BR,Winter,Bognor,PEAT,PEAT,NA,NA,0,400,0,0,NA,23322,39271,62593,0.37259757480868466,none,NA,NA,NA,NA,NA,2024,NA,NA,Laminaria digitata,62593,0.37259757480868466,FALSE,FALSE,FALSE,FALSE,FALSE,FALSE,FALSE,FALSE,FALSE,FALSE,FALSE,0,FALSE,NA,NA,FALSE,FALSE,FALSE,FALSE,FALSE,FALSE,FALSE,FALSE,FALSE,FALSE,FALSE,FALSE,NA,NA
299,C1829,20241231_C1829_clip.MP4,504,10.2,NA,10.2,10.2,TRUE,EXP2_DEFINED_PARTICLES,DEFINED_PARTICLES,FALSE,TRUE,52,24235,8,L. digitata,BR,Winter,Bognor,PEAT,PEAT,NA,NA,0,400,0,0,NA,39819,64418,104237,0.3820044705814634,none,NA,NA,NA,NA,NA,2024,NA,NA,Laminaria digitata,104237,0.3820044705814634,FALSE,FALSE,FALSE,FALSE,FALSE,FALSE,FALSE,FALSE,FALSE,FALSE,FALSE,0,FALSE,NA,NA,FALSE,FALSE,FALSE,FALSE,FALSE,FALSE,FALSE,FALSE,FALSE,FALSE,FALSE,FALSE,NA,NA
300,C1830,20241231_C1830_clip.MP4,504,10.2,NA,10.2,10.2,TRUE,EXP2_DEFINED_PARTICLES,DEFINED_PARTICLES,FALSE,TRUE,52,24236,8,L. digitata,BR,Winter,Bognor,PEAT,PEAT,NA,NA,0,400,0,0,NA,35298,59109,94407,0.37389176650036543,none,NA,NA,NA,NA,NA,2024,NA,NA,Laminaria digitata,94407,0.37389176650036543,FALSE,FALSE,FALSE,FALSE,FALSE,FALSE,FALSE,FALSE,FALSE,FALSE,FALSE,0,FALSE,NA,NA,FALSE,FALSE,FALSE,FALSE,FALSE,FALSE,FALSE,FALSE,FALSE,FALSE,FALSE,FALSE,NA,NA
301,C1831,20241231_C1831_clip.MP4,504,10.2,NA,10.2,10.2,TRUE,EXP2_DEFINED_PARTICLES,DEFINED_PARTICLES,FALSE,TRUE,52,24241,8,L. digitata,BR,Winter,Bognor,KAOLINITE,KAOLINITE,NA,NA,0,100,0,0,NA,35837,54541,90378,0.3965234902299232,none,NA,NA,NA,NA,NA,2024,NA,NA,Laminaria digitata,90378,0.3965234902299232,FALSE,FALSE,FALSE,FALSE,FALSE,FALSE,FALSE,FALSE,FALSE,FALSE,FALSE,0,FALSE,NA,NA,FALSE,FALSE,FALSE,FALSE,FALSE,FALSE,FALSE,FALSE,FALSE,FALSE,FALSE,FALSE,NA,NA
302,C1832,20241231_C1832_clip.MP4,504,10.2,NA,10.2,10.2,TRUE,EXP2_DEFINED_PARTICLES,DEFINED_PARTICLES,FALSE,TRUE,52,24242,8,L. digitata,BR,Winter,Bognor,KAOLINITE,KAOLINITE,NA,NA,0,100,0,0,NA,35760,56156,91916,0.38905087253579357,none,NA,NA,NA,NA,NA,2024,NA,NA,Laminaria digitata,91916,0.38905087253579357,FALSE,FALSE,FALSE,FALSE,FALSE,FALSE,FALSE,FALSE,FALSE,FALSE,FALSE,0,FALSE,NA,NA,FALSE,FALSE,FALSE,FALSE,FALSE,FALSE,FALSE,FALSE,FALSE,FALSE,FALSE,FALSE,NA,NA
303,C1833,20241231_C1833_clip.MP4,504,10.2,NA,10.2,10.2,TRUE,EXP2_DEFINED_PARTICLES,DEFINED_PARTICLES,FALSE,TRUE,52,24243,8,L. digitata,BR,Winter,Bognor,KAOLINITE,KAOLINITE,NA,NA,0,100,0,0,NA,40311,62672,102983,0.3914335375741627,none,NA,NA,NA,NA,NA,2024,NA,NA,Laminaria digitata,102983,0.3914335375741627,FALSE,FALSE,FALSE,FALSE,FALSE,FALSE,FALSE,FALSE,FALSE,FALSE,FALSE,0,FALSE,NA,NA,FALSE,FALSE,FALSE,FALSE,FALSE,FALSE,FALSE,FALSE,FALSE,FALSE,FALSE,FALSE,NA,NA
304,C1834,20241231_C1834_clip.MP4,504,10.2,NA,10.2,10.2,TRUE,EXP2_DEFINED_PARTICLES,DEFINED_PARTICLES,FALSE,TRUE,52,24244,8,L. digitata,BR,Winter,Bognor,KAOLINITE,KAOLINITE,NA,NA,0,400,0,0,NA,36376,54924,91300,0.39842278203723985,none,NA,NA,NA,NA,NA,2024,NA,NA,Laminaria digitata,91300,0.39842278203723985,FALSE,FALSE,FALSE,FALSE,FALSE,FALSE,FALSE,FALSE,FALSE,FALSE,FALSE,0,FALSE,NA,NA,FALSE,FALSE,FALSE,FALSE,FALSE,FALSE,FALSE,FALSE,FALSE,FALSE,FALSE,FALSE,NA,NA
305,C1835,20241231_C1835_clip.MP4,504,10.2,NA,10.2,10.2,TRUE,EXP2_DEFINED_PARTICLES,DEFINED_PARTICLES,FALSE,TRUE,52,24245,8,L. digitata,BR,Winter,Bognor,KAOLINITE,KAOLINITE,NA,NA,0,400,0,0,NA,38298,56961,95259,0.40204075205492396,none,NA,NA,NA,NA,NA,2024,NA,NA,Laminaria digitata,95259,0.40204075205492396,FALSE,FALSE,FALSE,FALSE,FALSE,FALSE,FALSE,FALSE,FALSE,FALSE,FALSE,0,FALSE,NA,NA,FALSE,FALSE,FALSE,FALSE,FALSE,FALSE,FALSE,FALSE,FALSE,FALSE,FALSE,FALSE,NA,NA
306,C1836,20241231_C1836_clip.MP4,504,10.2,NA,10.2,10.2,TRUE,EXP2_DEFINED_PARTICLES,DEFINED_PARTICLES,FALSE,TRUE,52,24246,8,L. digitata,BR,Winter,Bognor,KAOLINITE,KAOLINITE,NA,NA,0,400,0,0,NA,38484,58527,97011,0.39669728175155394,none,NA,NA,NA,NA,NA,2024,NA,NA,Laminaria digitata,97011,0.39669728175155394,FALSE,FALSE,FALSE,FALSE,FALSE,FALSE,FALSE,FALSE,FALSE,FALSE,FALSE,0,FALSE,NA,NA,FALSE,FALSE,FALSE,FALSE,FALSE,FALSE,FALSE,FALSE,FALSE,FALSE,FALSE,FALSE,NA,NA
307,C1838,20241231_C1838_clip.MP4,504,10.2,NA,10.2,10.2,TRUE,EXP2_DEFINED_PARTICLES,DEFINED_PARTICLES,FALSE,TRUE,52,24251,8,L. digitata,BR,Winter,Bognor,SAND,SAND,NA,NA,0,100,0,0,NA,34691,53656,88347,0.39266754954893773,none,NA,NA,NA,NA,NA,2024,NA,SZ's,Laminaria digitata,88347,0.39266754954893773,FALSE,FALSE,FALSE,FALSE,FALSE,FALSE,FALSE,FALSE,FALSE,FALSE,FALSE,0,FALSE,NA,NA,FALSE,FALSE,FALSE,FALSE,FALSE,FALSE,FALSE,FALSE,FALSE,FALSE,FALSE,FALSE,NA,NA
308,C1839,20241231_C1839_clip.MP4,504,10.2,NA,10.2,10.2,TRUE,EXP2_DEFINED_PARTICLES,DEFINED_PARTICLES,FALSE,TRUE,52,24252,8,L. digitata,BR,Winter,Bognor,SAND,SAND,NA,NA,0,100,0,0,NA,40156,66571,106727,0.37624968377261614,none,NA,NA,NA,NA,NA,2024,NA,Bottom sample?/lack of movement,Laminaria digitata,106727,0.37624968377261614,FALSE,FALSE,FALSE,FALSE,FALSE,FALSE,FALSE,FALSE,FALSE,FALSE,FALSE,0,FALSE,NA,NA,FALSE,FALSE,FALSE,FALSE,FALSE,FALSE,FALSE,FALSE,FALSE,FALSE,FALSE,FALSE,NA,NA
309,C1840,20241231_C1840_clip.MP4,504,10.2,NA,10.2,10.2,TRUE,EXP2_DEFINED_PARTICLES,DEFINED_PARTICLES,FALSE,TRUE,52,24253,8,L. digitata,BR,Winter,Bognor,SAND,SAND,NA,NA,0,100,0,0,NA,35217,61428,96645,0.3643954679497129,none,NA,NA,NA,NA,NA,2024,NA,NA,Laminaria digitata,96645,0.3643954679497129,FALSE,FALSE,FALSE,FALSE,FALSE,FALSE,FALSE,FALSE,FALSE,FALSE,FALSE,0,FALSE,NA,NA,FALSE,FALSE,FALSE,FALSE,FALSE,FALSE,FALSE,FALSE,FALSE,FALSE,FALSE,FALSE,NA,NA
310,C1841,20241231_C1841_clip.MP4,504,10.2,NA,10.2,10.2,TRUE,EXP2_DEFINED_PARTICLES,DEFINED_PARTICLES,FALSE,TRUE,52,24254,8,L. digitata,BR,Winter,Bognor,SAND,SAND,NA,NA,0,400,0,0,NA,35309,62038,97347,0.3627127697823251,none,NA,NA,NA,NA,NA,2024,NA,NA,Laminaria digitata,97347,0.3627127697823251,FALSE,FALSE,FALSE,FALSE,FALSE,FALSE,FALSE,FALSE,FALSE,FALSE,FALSE,0,FALSE,NA,NA,FALSE,FALSE,FALSE,FALSE,FALSE,FALSE,FALSE,FALSE,FALSE,FALSE,FALSE,FALSE,NA,NA
311,C1842,20241231_C1842_clip.MP4,504,10.2,NA,10.2,10.2,TRUE,EXP2_DEFINED_PARTICLES,DEFINED_PARTICLES,FALSE,TRUE,52,24255,8,L. digitata,BR,Winter,Bognor,SAND,SAND,NA,NA,0,400,0,0,NA,31830,49894,81724,0.3894816700112574,none,NA,NA,NA,NA,NA,2024,NA,NA,Laminaria digitata,81724,0.3894816700112574,FALSE,FALSE,FALSE,FALSE,FALSE,FALSE,FALSE,FALSE,FALSE,FALSE,FALSE,0,FALSE,NA,NA,FALSE,FALSE,FALSE,FALSE,FALSE,FALSE,FALSE,FALSE,FALSE,FALSE,FALSE,FALSE,NA,NA
312,C1843,20241231_C1843_clip.MP4,504,10.2,NA,10.2,10.2,TRUE,EXP2_DEFINED_PARTICLES,DEFINED_PARTICLES,FALSE,TRUE,52,24256,8,L. digitata,BR,Winter,Bognor,SAND,SAND,NA,NA,0,400,0,0,NA,36748,58129,94877,0.38732253338533046,none,NA,NA,NA,NA,NA,2024,NA,NA,Laminaria digitata,94877,0.38732253338533046,FALSE,FALSE,FALSE,FALSE,FALSE,FALSE,FALSE,FALSE,FALSE,FALSE,FALSE,0,FALSE,NA,NA,FALSE,FALSE,FALSE,FALSE,FALSE,FALSE,FALSE,FALSE,FALSE,FALSE,FALSE,FALSE,NA,NA
313,C1844,20241231_C1844_clip.MP4,504,10.2,NA,10.2,10.2,TRUE,EXP2_DEFINED_PARTICLES,DEFINED_PARTICLES,FALSE,TRUE,52,24261,8,L. digitata,BR,Winter,Bognor,SAND,SAND,NA,NA,0,25,0,0,NA,36070,55607,91677,0.39344655693358205,none,NA,NA,NA,NA,NA,2024,NA,NA,Laminaria digitata,91677,0.39344655693358205,FALSE,FALSE,FALSE,FALSE,FALSE,FALSE,FALSE,FALSE,FALSE,FALSE,FALSE,0,FALSE,NA,NA,FALSE,FALSE,FALSE,FALSE,FALSE,FALSE,FALSE,FALSE,FALSE,FALSE,FALSE,FALSE,NA,NA
314,C1845,20241231_C1845_clip.MP4,504,10.2,NA,10.2,10.2,TRUE,EXP2_DEFINED_PARTICLES,DEFINED_PARTICLES,FALSE,TRUE,52,24262,8,L. digitata,BR,Winter,Bognor,SAND,SAND,NA,NA,0,25,0,0,NA,791,1789,2580,0.3065891472868217,none,NA,NA,NA,NA,NA,2024,NA,NA,Laminaria digitata,2580,0.3065891472868217,FALSE,FALSE,FALSE,FALSE,FALSE,FALSE,FALSE,FALSE,FALSE,FALSE,FALSE,0,FALSE,NA,NA,FALSE,FALSE,FALSE,FALSE,FALSE,FALSE,FALSE,FALSE,FALSE,FALSE,FALSE,FALSE,NA,NA
315,C1846,20241231_C1846_clip.MP4,504,10.2,NA,10.2,10.2,TRUE,EXP2_DEFINED_PARTICLES,DEFINED_PARTICLES,FALSE,TRUE,52,24263,8,L. digitata,BR,Winter,Bognor,SAND,SAND,NA,NA,0,25,0,0,NA,10517,15974,26491,0.39700275565286325,none,NA,NA,NA,NA,NA,2024,NA,NA,Laminaria digitata,26491,0.39700275565286325,FALSE,FALSE,FALSE,FALSE,FALSE,FALSE,FALSE,FALSE,FALSE,FALSE,FALSE,0,FALSE,NA,NA,FALSE,FALSE,FALSE,FALSE,FALSE,FALSE,FALSE,FALSE,FALSE,FALSE,FALSE,FALSE,NA,NA
316,C1848,20241231_C1848_clip.MP4,504,10.2,NA,10.2,10.2,TRUE,EXP2_DEFINED_PARTICLES,DEFINED_PARTICLES,FALSE,TRUE,52,24264,8,L. digitata,BR,Winter,Bognor,KAOLINITE,KAOLINITE,NA,NA,0,25,0,0,NA,46988,68054,115042,0.40844213417708314,none,NA,NA,NA,NA,NA,2024,NA,NA,Laminaria digitata,115042,0.40844213417708314,FALSE,FALSE,FALSE,FALSE,FALSE,FALSE,FALSE,FALSE,FALSE,FALSE,FALSE,0,FALSE,NA,NA,FALSE,FALSE,FALSE,FALSE,FALSE,FALSE,FALSE,FALSE,FALSE,FALSE,FALSE,FALSE,NA,NA
317,C1849,20241231_C1849_clip.MP4,504,10.2,NA,10.2,10.2,TRUE,EXP2_DEFINED_PARTICLES,DEFINED_PARTICLES,FALSE,TRUE,52,24265,8,L. digitata,BR,Winter,Bognor,KAOLINITE,KAOLINITE,NA,NA,0,25,0,0,NA,38018,59711,97729,0.389014519743372,none,NA,NA,NA,NA,NA,2024,NA,NA,Laminaria digitata,97729,0.389014519743372,FALSE,FALSE,FALSE,FALSE,FALSE,FALSE,FALSE,FALSE,FALSE,FALSE,FALSE,0,FALSE,NA,NA,FALSE,FALSE,FALSE,FALSE,FALSE,FALSE,FALSE,FALSE,FALSE,FALSE,FALSE,FALSE,NA,NA
318,C1850,20241231_C1850_clip.MP4,504,10.2,NA,10.2,10.2,TRUE,EXP2_DEFINED_PARTICLES,DEFINED_PARTICLES,FALSE,TRUE,52,24266,8,L. digitata,BR,Winter,Bognor,KAOLINITE,KAOLINITE,NA,NA,0,25,0,0,NA,30101,53643,83744,0.3594406763469622,none,NA,NA,NA,NA,NA,2024,NA,NA,Laminaria digitata,83744,0.3594406763469622,FALSE,FALSE,FALSE,FALSE,FALSE,FALSE,FALSE,FALSE,FALSE,FALSE,FALSE,0,FALSE,NA,NA,FALSE,FALSE,FALSE,FALSE,FALSE,FALSE,FALSE,FALSE,FALSE,FALSE,FALSE,FALSE,NA,NA
319,C1851,20241231_C1851_clip.MP4,504,9.2,NA,9.2,9.2,TRUE,EXP1_LIGHT,LIGHT_ONLY,FALSE,TRUE,52,24271,8,L. digitata,BR,Winter,Bognor,LUX,NA,NA,NA,70,0,0,0,NA,44283,67106,111389,0.3975527206456652,none,NA,NA,NA,NA,NA,2024,NA,Time check before this tray started 11:21,Laminaria digitata,111389,0.3975527206456652,FALSE,FALSE,FALSE,FALSE,FALSE,FALSE,FALSE,FALSE,FALSE,FALSE,FALSE,0,FALSE,NA,NA,FALSE,FALSE,FALSE,FALSE,FALSE,FALSE,FALSE,FALSE,FALSE,FALSE,FALSE,FALSE,NA,NA
320,C1852,20241231_C1852_clip.MP4,504,9.2,NA,9.2,9.2,TRUE,EXP1_LIGHT,LIGHT_ONLY,FALSE,TRUE,52,24272,8,L. digitata,BR,Winter,Bognor,LUX,NA,NA,NA,70,0,0,0,NA,46714,67618,114332,0.40858202428016654,none,NA,NA,NA,NA,NA,2024,NA,NA,Laminaria digitata,114332,0.40858202428016654,FALSE,FALSE,FALSE,FALSE,FALSE,FALSE,FALSE,FALSE,FALSE,FALSE,FALSE,0,FALSE,NA,NA,FALSE,FALSE,FALSE,FALSE,FALSE,FALSE,FALSE,FALSE,FALSE,FALSE,FALSE,FALSE,NA,NA
321,C1854,20241231_C1854_clip.MP4,504,9.2,NA,9.2,9.2,TRUE,EXP1_LIGHT,LIGHT_ONLY,FALSE,TRUE,52,24273,8,L. digitata,BR,Winter,Bognor,LUX,NA,NA,NA,70,0,0,0,NA,39968,60673,100641,0.39713436869665447,none,NA,NA,NA,NA,NA,2024,NA,NA,Laminaria digitata,100641,0.39713436869665447,FALSE,FALSE,FALSE,FALSE,FALSE,FALSE,FALSE,FALSE,FALSE,FALSE,FALSE,0,FALSE,NA,NA,FALSE,FALSE,FALSE,FALSE,FALSE,FALSE,FALSE,FALSE,FALSE,FALSE,FALSE,FALSE,NA,NA
322,C1855,20241231_C1855_clip.MP4,504,9.2,NA,9.2,9.2,TRUE,EXP1_LIGHT,LIGHT_ONLY,FALSE,TRUE,52,24274,8,L. digitata,BR,Winter,Bognor,LUX,NA,NA,NA,70,0,0,0,NA,37686,56156,93842,0.4015899064384817,none,NA,NA,NA,NA,NA,2024,NA,NA,Laminaria digitata,93842,0.4015899064384817,FALSE,FALSE,FALSE,FALSE,FALSE,FALSE,FALSE,FALSE,FALSE,FALSE,FALSE,0,FALSE,NA,NA,FALSE,FALSE,FALSE,FALSE,FALSE,FALSE,FALSE,FALSE,FALSE,FALSE,FALSE,FALSE,NA,NA
323,C1856,20241231_C1856_clip.MP4,504,9.2,NA,9.2,9.2,TRUE,EXP1_LIGHT,LIGHT_ONLY,FALSE,TRUE,52,24275,8,L. digitata,BR,Winter,Bognor,LUX,NA,NA,NA,70,0,0,0,NA,3417,5800,9217,0.3707280026038841,none,NA,NA,NA,NA,NA,2024,NA,NA,Laminaria digitata,9217,0.3707280026038841,FALSE,FALSE,FALSE,FALSE,FALSE,FALSE,FALSE,FALSE,FALSE,FALSE,FALSE,0,FALSE,NA,NA,FALSE,FALSE,FALSE,FALSE,FALSE,FALSE,FALSE,FALSE,FALSE,FALSE,FALSE,FALSE,NA,NA
324,C1857,20241231_C1857_clip.MP4,504,9.2,NA,9.2,9.2,TRUE,EXP1_LIGHT,LIGHT_ONLY,FALSE,TRUE,52,24276,8,L. digitata,BR,Winter,Bognor,LUX,NA,NA,NA,117,0,0,0,NA,2014,3293,5307,0.37949877520256264,none,NA,NA,NA,NA,NA,2024,NA,NA,Laminaria digitata,5307,0.37949877520256264,FALSE,FALSE,FALSE,FALSE,FALSE,FALSE,FALSE,FALSE,FALSE,FALSE,FALSE,0,FALSE,NA,NA,FALSE,FALSE,FALSE,FALSE,FALSE,FALSE,FALSE,FALSE,FALSE,FALSE,FALSE,FALSE,NA,NA
325,C1858,20241231_C1858_clip.MP4,504,9.2,NA,9.2,9.2,TRUE,EXP1_LIGHT,LIGHT_ONLY,FALSE,TRUE,52,24281,8,L. digitata,BR,Winter,Bognor,LUX,NA,NA,NA,117,0,0,0,NA,36973,58614,95587,0.3867994601776392,none,NA,NA,NA,NA,NA,2024,NA,NA,Laminaria digitata,95587,0.3867994601776392,FALSE,FALSE,FALSE,FALSE,FALSE,FALSE,FALSE,FALSE,FALSE,FALSE,FALSE,0,FALSE,NA,NA,FALSE,FALSE,FALSE,FALSE,FALSE,FALSE,FALSE,FALSE,FALSE,FALSE,FALSE,FALSE,NA,NA
326,C1859,20241231_C1859_clip.MP4,504,9.2,NA,9.2,9.2,TRUE,EXP1_LIGHT,LIGHT_ONLY,FALSE,TRUE,52,24282,8,L. digitata,BR,Winter,Bognor,LUX,NA,NA,NA,117,0,0,0,NA,40446,61167,101613,0.39803962091464673,none,NA,NA,NA,NA,NA,2024,NA,NA,Laminaria digitata,101613,0.39803962091464673,FALSE,FALSE,FALSE,FALSE,FALSE,FALSE,FALSE,FALSE,FALSE,FALSE,FALSE,0,FALSE,NA,NA,FALSE,FALSE,FALSE,FALSE,FALSE,FALSE,FALSE,FALSE,FALSE,FALSE,FALSE,FALSE,NA,NA
327,C1860,20241231_C1860_clip.MP4,504,9.2,NA,9.2,9.2,TRUE,EXP1_LIGHT,LIGHT_ONLY,FALSE,TRUE,52,24283,8,L. digitata,BR,Winter,Bognor,LUX,NA,NA,NA,117,0,0,0,NA,17209,31860,49069,0.3507102243779168,none,NA,NA,NA,NA,NA,2024,NA,NA,Laminaria digitata,49069,0.3507102243779168,FALSE,FALSE,FALSE,FALSE,FALSE,FALSE,FALSE,FALSE,FALSE,FALSE,FALSE,0,FALSE,NA,NA,FALSE,FALSE,FALSE,FALSE,FALSE,FALSE,FALSE,FALSE,FALSE,FALSE,FALSE,FALSE,NA,NA
328,C1861,20241231_C1861_clip.MP4,504,9.2,NA,9.2,9.2,TRUE,EXP1_LIGHT,LIGHT_ONLY,FALSE,TRUE,52,24284,8,L. digitata,BR,Winter,Bognor,LUX,NA,NA,NA,117,0,0,0,NA,3032,5504,8536,0.35520149953139646,none,NA,NA,NA,NA,NA,2024,NA,NA,Laminaria digitata,8536,0.35520149953139646,FALSE,FALSE,FALSE,FALSE,FALSE,FALSE,FALSE,FALSE,FALSE,FALSE,FALSE,0,FALSE,NA,NA,FALSE,FALSE,FALSE,FALSE,FALSE,FALSE,FALSE,FALSE,FALSE,FALSE,FALSE,FALSE,NA,NA
329,C1862,20241231_C1862_clip.MP4,504,9.2,NA,9.2,9.2,TRUE,EXP1_LIGHT,LIGHT_ONLY,FALSE,TRUE,52,24285,8,L. digitata,BR,Winter,Bognor,LUX,NA,NA,NA,117,0,0,0,NA,36471,54754,91225,0.3997917237599342,none,NA,NA,NA,NA,NA,2024,NA,NA,Laminaria digitata,91225,0.3997917237599342,FALSE,FALSE,FALSE,FALSE,FALSE,FALSE,FALSE,FALSE,FALSE,FALSE,FALSE,0,FALSE,NA,NA,FALSE,FALSE,FALSE,FALSE,FALSE,FALSE,FALSE,FALSE,FALSE,FALSE,FALSE,FALSE,NA,NA
330,C1863,20241231_C1863_clip.MP4,504,9.2,NA,9.2,9.2,TRUE,EXP1_LIGHT,LIGHT_ONLY,FALSE,TRUE,52,24286,8,L. digitata,BR,Winter,Bognor,LUX,NA,NA,NA,117,0,0,0,NA,3260,5614,8874,0.36736533693937345,none,NA,NA,NA,NA,NA,2024,NA,NA,Laminaria digitata,8874,0.36736533693937345,FALSE,FALSE,FALSE,FALSE,FALSE,FALSE,FALSE,FALSE,FALSE,FALSE,FALSE,0,FALSE,NA,NA,FALSE,FALSE,FALSE,FALSE,FALSE,FALSE,FALSE,FALSE,FALSE,FALSE,FALSE,FALSE,NA,NA
331,C1864,20241231_C1864_clip.MP4,504,9.2,NA,9.2,9.2,TRUE,EXP1_LIGHT,LIGHT_ONLY,FALSE,TRUE,52,24291,8,L. digitata,BR,Winter,Bognor,LUX,NA,NA,NA,4,0,0,0,NA,3509,5684,9193,0.38170347003154576,none,NA,NA,NA,NA,NA,2024,NA,NA,Laminaria digitata,9193,0.38170347003154576,FALSE,FALSE,FALSE,FALSE,FALSE,FALSE,FALSE,FALSE,FALSE,FALSE,FALSE,0,FALSE,NA,NA,FALSE,FALSE,FALSE,FALSE,FALSE,FALSE,FALSE,FALSE,FALSE,FALSE,FALSE,FALSE,NA,NA
332,C1865,20241231_C1865_clip.MP4,504,9.2,NA,9.2,9.2,TRUE,EXP1_LIGHT,LIGHT_ONLY,FALSE,TRUE,52,24292,8,L. digitata,BR,Winter,Bognor,LUX,NA,NA,NA,4,0,0,0,NA,1179,2328,3507,0.3361847733105218,none,NA,NA,NA,NA,NA,2024,NA,NA,Laminaria digitata,3507,0.3361847733105218,FALSE,FALSE,FALSE,FALSE,FALSE,FALSE,FALSE,FALSE,FALSE,FALSE,FALSE,0,FALSE,NA,NA,FALSE,FALSE,FALSE,FALSE,FALSE,FALSE,FALSE,FALSE,FALSE,FALSE,FALSE,FALSE,NA,NA
333,C1866,20241231_C1866_clip.MP4,504,9.2,NA,9.2,9.2,TRUE,EXP1_LIGHT,LIGHT_ONLY,FALSE,TRUE,52,24293,8,L. digitata,BR,Winter,Bognor,LUX,NA,NA,NA,4,0,0,0,NA,32988,52351,85339,0.38655245550100187,none,NA,NA,NA,NA,NA,2024,NA,NA,Laminaria digitata,85339,0.38655245550100187,FALSE,FALSE,FALSE,FALSE,FALSE,FALSE,FALSE,FALSE,FALSE,FALSE,FALSE,0,FALSE,NA,NA,FALSE,FALSE,FALSE,FALSE,FALSE,FALSE,FALSE,FALSE,FALSE,FALSE,FALSE,FALSE,NA,NA
334,C1867,20241231_C1867_clip.MP4,504,9.2,NA,9.2,9.2,TRUE,EXP1_LIGHT,LIGHT_ONLY,FALSE,TRUE,52,24294,8,L. digitata,BR,Winter,Bognor,LUX,NA,NA,NA,4,0,0,0,NA,1620,10725,12345,0.13122721749696234,none,NA,NA,NA,NA,NA,2024,NA,looks green,Laminaria digitata,12345,0.13122721749696234,FALSE,FALSE,FALSE,FALSE,FALSE,FALSE,FALSE,FALSE,FALSE,FALSE,FALSE,0,FALSE,NA,NA,FALSE,FALSE,FALSE,FALSE,FALSE,FALSE,FALSE,FALSE,FALSE,FALSE,FALSE,FALSE,NA,NA
335,C1868,20241231_C1868_clip.MP4,504,9.2,NA,9.2,9.2,TRUE,EXP1_LIGHT,LIGHT_ONLY,FALSE,TRUE,52,24295,8,L. digitata,BR,Winter,Bognor,LUX,NA,NA,NA,4,0,0,0,NA,40082,61219,101301,0.39567230333362946,none,NA,NA,NA,NA,NA,2024,NA,NA,Laminaria digitata,101301,0.39567230333362946,FALSE,FALSE,FALSE,FALSE,FALSE,FALSE,FALSE,FALSE,FALSE,FALSE,FALSE,0,FALSE,NA,NA,FALSE,FALSE,FALSE,FALSE,FALSE,FALSE,FALSE,FALSE,FALSE,FALSE,FALSE,FALSE,NA,NA
336,C1869,20241231_C1869_clip.MP4,504,9.2,NA,9.2,9.2,TRUE,EXP1_LIGHT,LIGHT_ONLY,FALSE,TRUE,52,24296,8,L. digitata,BR,Winter,Bognor,LUX,NA,NA,NA,4,0,0,0,NA,1349,2653,4002,0.3370814592703648,none,NA,NA,NA,NA,NA,2024,NA,NA,Laminaria digitata,4002,0.3370814592703648,FALSE,FALSE,FALSE,FALSE,FALSE,FALSE,FALSE,FALSE,FALSE,FALSE,FALSE,0,FALSE,NA,NA,FALSE,FALSE,FALSE,FALSE,FALSE,FALSE,FALSE,FALSE,FALSE,FALSE,FALSE,FALSE,NA,NA
337,C1870,20241231_C1870_clip.MP4,504,9.2,NA,9.2,9.2,TRUE,EXP1_LIGHT,LIGHT_ONLY,TRUE,TRUE,52,24301,8,L. digitata,BR,Winter,Bognor,CONTROL,NA,NA,NA,0,0,0,0,NA,36511,58563,95074,0.3840271788291226,none,NA,NA,NA,NA,NA,2024,NA,Time check before starting this tray 11:40,Laminaria digitata,95074,0.3840271788291226,FALSE,FALSE,FALSE,FALSE,FALSE,FALSE,FALSE,FALSE,FALSE,FALSE,FALSE,0,FALSE,NA,NA,FALSE,FALSE,FALSE,FALSE,FALSE,FALSE,FALSE,FALSE,FALSE,FALSE,FALSE,FALSE,NA,NA
339,C1871,20241231_C1871_clip.MP4,504,9.2,NA,9.2,9.2,TRUE,EXP1_LIGHT,LIGHT_ONLY,TRUE,TRUE,52,24302,8,L. digitata,BR,Winter,Bognor,CONTROL,NA,NA,NA,0,0,0,0,NA,1697,2564,4261,0.39826331846984275,none,NA,NA,NA,NA,NA,2024,NA,agitators,Laminaria digitata,4261,0.39826331846984275,FALSE,FALSE,FALSE,FALSE,FALSE,FALSE,FALSE,FALSE,FALSE,FALSE,FALSE,0,FALSE,NA,NA,FALSE,FALSE,FALSE,FALSE,FALSE,FALSE,FALSE,FALSE,FALSE,FALSE,FALSE,FALSE,NA,NA
340,C1872,20241231_C1872_clip.MP4,504,9.2,NA,9.2,9.2,TRUE,EXP1_LIGHT,LIGHT_ONLY,TRUE,TRUE,52,24303,8,L. digitata,BR,Winter,Bognor,CONTROL,NA,NA,NA,0,0,0,0,NA,40831,62153,102984,0.396479064709081,none,NA,NA,NA,NA,NA,2024,NA,NA,Laminaria digitata,102984,0.396479064709081,FALSE,FALSE,FALSE,FALSE,FALSE,FALSE,FALSE,FALSE,FALSE,FALSE,FALSE,0,FALSE,NA,NA,FALSE,FALSE,FALSE,FALSE,FALSE,FALSE,FALSE,FALSE,FALSE,FALSE,FALSE,FALSE,NA,NA
342,C1873,20241231_C1873_clip.MP4,504,9.2,NA,9.2,9.2,TRUE,EXP1_LIGHT,LIGHT_ONLY,TRUE,TRUE,52,24304,8,L. digitata,BR,Winter,Bognor,CONTROL,NA,NA,NA,0,0,0,0,NA,1778,3783,5561,0.3197266678654918,none,NA,NA,NA,NA,NA,2024,NA,NA,Laminaria digitata,5561,0.3197266678654918,FALSE,FALSE,FALSE,FALSE,FALSE,FALSE,FALSE,FALSE,FALSE,FALSE,FALSE,0,FALSE,NA,NA,FALSE,FALSE,FALSE,FALSE,FALSE,FALSE,FALSE,FALSE,FALSE,FALSE,FALSE,FALSE,NA,NA
344,C1874,20241231_C1874_clip.MP4,504,9.2,NA,9.2,9.2,TRUE,EXP1_LIGHT,LIGHT_ONLY,TRUE,TRUE,52,24305,8,L. digitata,BR,Winter,Bognor,CONTROL,NA,NA,NA,0,0,0,0,NA,4346,6713,11059,0.39298309069536125,none,NA,NA,NA,NA,NA,2024,NA,NA,Laminaria digitata,11059,0.39298309069536125,FALSE,FALSE,FALSE,FALSE,FALSE,FALSE,FALSE,FALSE,FALSE,FALSE,FALSE,0,FALSE,NA,NA,FALSE,FALSE,FALSE,FALSE,FALSE,FALSE,FALSE,FALSE,FALSE,FALSE,FALSE,FALSE,NA,NA
345,C1874i,20250104_C1874_clip.MP4,504,10.2,NA,10.2,10.2,TRUE,EXP2_DEFINED_PARTICLES,DEFINED_PARTICLES,FALSE,TRUE,52,24224,12,L. digitata,BR,Winter,Bognor,PEAT,PEAT,NA,NA,0,25,0,0,NA,359,912,1271,0.2824547600314713,none,NA,NA,NA,NA,NA,2024,NA,NA,Laminaria digitata,1271,0.2824547600314713,FALSE,FALSE,FALSE,FALSE,FALSE,FALSE,FALSE,FALSE,FALSE,FALSE,FALSE,0,FALSE,NA,NA,FALSE,FALSE,FALSE,FALSE,FALSE,FALSE,FALSE,FALSE,FALSE,FALSE,FALSE,FALSE,NA,NA
346,C1875,20241231_C1875_clip.MP4,504,9.2,NA,9.2,9.2,TRUE,EXP1_LIGHT,LIGHT_ONLY,TRUE,TRUE,52,24306,8,L. digitata,BR,Winter,Bognor,CONTROL,NA,NA,NA,0,0,0,0,NA,45232,65508,110740,0.408452230449702,none,NA,NA,NA,NA,NA,2024,NA,NA,Laminaria digitata,110740,0.408452230449702,FALSE,FALSE,FALSE,FALSE,FALSE,FALSE,FALSE,FALSE,FALSE,FALSE,FALSE,0,FALSE,NA,NA,FALSE,FALSE,FALSE,FALSE,FALSE,FALSE,FALSE,FALSE,FALSE,FALSE,FALSE,FALSE,NA,NA
347,C1875i,20250104_C1875_clip.MP4,504,10.2,NA,10.2,10.2,TRUE,EXP2_DEFINED_PARTICLES,DEFINED_PARTICLES,FALSE,TRUE,52,24225,12,L. digitata,BR,Winter,Bognor,PEAT,PEAT,NA,NA,0,25,0,0,NA,376,882,1258,0.2988871224165342,none,NA,NA,NA,NA,NA,2024,NA,NA,Laminaria digitata,1258,0.2988871224165342,FALSE,FALSE,FALSE,FALSE,FALSE,FALSE,FALSE,FALSE,FALSE,FALSE,FALSE,0,FALSE,NA,NA,FALSE,FALSE,FALSE,FALSE,FALSE,FALSE,FALSE,FALSE,FALSE,FALSE,FALSE,FALSE,NA,NA
348,C1876,20241231_C1876_clip.MP4,504,8.2,NA,8.2,8.2,TRUE,EXP4_FIELD_SPM,FIELD_SPM,TRUE,TRUE,52,24311,4,L. digitata,BR,Winter,Bognor,CONTROL,NA,NA,NA,0,0,0,0,NA,37179,59288,96467,0.38540640840909324,none,NA,NA,NA,NA,NA,2024,NA,NA,Laminaria digitata,96467,0.38540640840909324,FALSE,FALSE,FALSE,FALSE,FALSE,FALSE,FALSE,FALSE,FALSE,FALSE,FALSE,0,FALSE,NA,NA,FALSE,FALSE,FALSE,FALSE,FALSE,FALSE,FALSE,FALSE,FALSE,FALSE,FALSE,FALSE,NA,NA
349,C1876i,20250104_C1876_clip.MP4,504,10.2,NA,10.2,10.2,TRUE,EXP2_DEFINED_PARTICLES,DEFINED_PARTICLES,FALSE,TRUE,52,24226,12,L. digitata,BR,Winter,Bognor,PEAT,PEAT,NA,NA,0,25,0,0,NA,242,589,831,0.29121540312876054,none,NA,NA,NA,NA,NA,2024,NA,NA,Laminaria digitata,831,0.29121540312876054,FALSE,FALSE,FALSE,FALSE,FALSE,FALSE,FALSE,FALSE,FALSE,FALSE,FALSE,0,FALSE,NA,NA,FALSE,FALSE,FALSE,FALSE,FALSE,FALSE,FALSE,FALSE,FALSE,FALSE,FALSE,FALSE,NA,NA
350,C1877i,20250104_C1877_clip.MP4,504,10.2,NA,10.2,10.2,TRUE,EXP2_DEFINED_PARTICLES,DEFINED_PARTICLES,FALSE,TRUE,52,24231,12,L. digitata,BR,Winter,Bognor,PEAT,PEAT,NA,NA,0,100,0,0,NA,2653,3331,5984,0.44334893048128343,none,NA,NA,NA,NA,NA,2024,NA,NA,Laminaria digitata,5984,0.44334893048128343,FALSE,FALSE,FALSE,FALSE,FALSE,FALSE,FALSE,FALSE,FALSE,FALSE,FALSE,0,FALSE,NA,NA,FALSE,FALSE,FALSE,FALSE,FALSE,FALSE,FALSE,FALSE,FALSE,FALSE,FALSE,FALSE,NA,NA
351,C1878,20241231_C1878_clip.MP4,504,8.2,NA,8.2,8.2,TRUE,EXP4_FIELD_SPM,FIELD_SPM,TRUE,TRUE,52,24312,4,L. digitata,BR,Winter,Bognor,CONTROL,NA,NA,NA,0,0,0,0,NA,45596,70612,116208,0.3923654137408784,none,NA,NA,NA,NA,NA,2024,NA,NA,Laminaria digitata,116208,0.3923654137408784,FALSE,FALSE,FALSE,FALSE,FALSE,FALSE,FALSE,FALSE,FALSE,FALSE,FALSE,0,FALSE,NA,NA,FALSE,FALSE,FALSE,FALSE,FALSE,FALSE,FALSE,FALSE,FALSE,FALSE,FALSE,FALSE,NA,NA
352,C1878i,20250104_C1878_clip.MP4,504,10.2,NA,10.2,10.2,TRUE,EXP2_DEFINED_PARTICLES,DEFINED_PARTICLES,FALSE,TRUE,52,24232,12,L. digitata,BR,Winter,Bognor,PEAT,PEAT,NA,NA,0,100,0,0,NA,556,1312,1868,0.29764453961456105,none,NA,NA,NA,NA,NA,2024,NA,NA,Laminaria digitata,1868,0.29764453961456105,FALSE,FALSE,FALSE,FALSE,FALSE,FALSE,FALSE,FALSE,FALSE,FALSE,FALSE,0,FALSE,NA,NA,FALSE,FALSE,FALSE,FALSE,FALSE,FALSE,FALSE,FALSE,FALSE,FALSE,FALSE,FALSE,NA,NA
353,C1879,20241231_C1879_clip.MP4,504,8.2,NA,8.2,8.2,TRUE,EXP4_FIELD_SPM,FIELD_SPM,TRUE,TRUE,52,24313,4,L. digitata,BR,Winter,Bognor,CONTROL,NA,NA,NA,0,0,0,0,NA,33069,552988,586057,0.0564262520539811,none,NA,NA,NA,NA,NA,2024,NA,NA,Laminaria digitata,586057,0.0564262520539811,FALSE,FALSE,FALSE,FALSE,FALSE,FALSE,FALSE,FALSE,FALSE,FALSE,FALSE,0,FALSE,NA,NA,FALSE,FALSE,FALSE,FALSE,FALSE,FALSE,FALSE,FALSE,FALSE,FALSE,FALSE,FALSE,NA,NA
354,C1879i,20250104_C1879_clip.MP4,504,10.2,NA,10.2,10.2,TRUE,EXP2_DEFINED_PARTICLES,DEFINED_PARTICLES,FALSE,TRUE,52,24233,12,L. digitata,BR,Winter,Bognor,PEAT,PEAT,NA,NA,0,100,0,0,NA,228,639,867,0.2629757785467128,none,NA,NA,NA,NA,NA,2024,NA,NA,Laminaria digitata,867,0.2629757785467128,FALSE,FALSE,FALSE,FALSE,FALSE,FALSE,FALSE,FALSE,FALSE,FALSE,FALSE,0,FALSE,NA,NA,FALSE,FALSE,FALSE,FALSE,FALSE,FALSE,FALSE,FALSE,FALSE,FALSE,FALSE,FALSE,NA,NA
355,C1880,20241231_C1880_clip.MP4,504,8.2,NA,8.2,8.2,TRUE,EXP4_FIELD_SPM,FIELD_SPM,FALSE,TRUE,52,24314,4,L. digitata,BR,Winter,Bognor,SPM,SPM,NA,NA,0,5,0,0,NA,200,1129,1329,0.1504890895410083,none,NA,NA,NA,NA,NA,2024,NA,NA,Laminaria digitata,1329,0.1504890895410083,FALSE,FALSE,FALSE,FALSE,FALSE,FALSE,FALSE,FALSE,FALSE,FALSE,FALSE,0,FALSE,NA,NA,FALSE,FALSE,FALSE,FALSE,FALSE,FALSE,FALSE,FALSE,FALSE,FALSE,FALSE,FALSE,NA,NA
356,C1880i,20250104_C1880_clip.MP4,504,10.2,NA,10.2,10.2,TRUE,EXP2_DEFINED_PARTICLES,DEFINED_PARTICLES,FALSE,TRUE,52,24234,12,L. digitata,BR,Winter,Bognor,PEAT,PEAT,NA,NA,0,400,0,0,NA,248,622,870,0.2850574712643678,none,NA,NA,NA,NA,NA,2024,NA,NA,Laminaria digitata,870,0.2850574712643678,FALSE,FALSE,FALSE,FALSE,FALSE,FALSE,FALSE,FALSE,FALSE,FALSE,FALSE,0,FALSE,NA,NA,FALSE,FALSE,FALSE,FALSE,FALSE,FALSE,FALSE,FALSE,FALSE,FALSE,FALSE,FALSE,NA,NA
357,C1881,20241231_C1881_clip.MP4,504,8.2,NA,8.2,8.2,TRUE,EXP4_FIELD_SPM,FIELD_SPM,FALSE,TRUE,52,24315,4,L. digitata,BR,Winter,Bognor,SPM,SPM,NA,NA,0,5,0,0,NA,41923,66613,108536,0.38625893712685194,none,NA,NA,NA,NA,NA,2024,NA,NA,Laminaria digitata,108536,0.38625893712685194,FALSE,FALSE,FALSE,FALSE,FALSE,FALSE,FALSE,FALSE,FALSE,FALSE,FALSE,0,FALSE,NA,NA,FALSE,FALSE,FALSE,FALSE,FALSE,FALSE,FALSE,FALSE,FALSE,FALSE,FALSE,FALSE,NA,NA
358,C1881i,20250104_C1881_clip.MP4,504,10.2,NA,10.2,10.2,TRUE,EXP2_DEFINED_PARTICLES,DEFINED_PARTICLES,FALSE,TRUE,52,24235,12,L. digitata,BR,Winter,Bognor,PEAT,PEAT,NA,NA,0,400,0,0,NA,246,759,1005,0.24477611940298508,none,NA,NA,NA,NA,NA,2024,NA,NA,Laminaria digitata,1005,0.24477611940298508,FALSE,FALSE,FALSE,FALSE,FALSE,FALSE,FALSE,FALSE,FALSE,FALSE,FALSE,0,FALSE,NA,NA,FALSE,FALSE,FALSE,FALSE,FALSE,FALSE,FALSE,FALSE,FALSE,FALSE,FALSE,FALSE,NA,NA
359,C1882,20241231_C1882_clip.MP4,504,8.2,NA,8.2,8.2,TRUE,EXP4_FIELD_SPM,FIELD_SPM,FALSE,TRUE,52,24316,4,L. digitata,BR,Winter,Bognor,SPM,SPM,NA,NA,0,5,0,0,NA,1620,3525,5145,0.31486880466472306,none,NA,NA,NA,NA,NA,2024,NA,NA,Laminaria digitata,5145,0.31486880466472306,FALSE,FALSE,FALSE,FALSE,FALSE,FALSE,FALSE,FALSE,FALSE,FALSE,FALSE,0,FALSE,NA,NA,FALSE,FALSE,FALSE,FALSE,FALSE,FALSE,FALSE,FALSE,FALSE,FALSE,FALSE,FALSE,NA,NA
360,C1882i,20250104_C1882_clip.MP4,504,10.2,NA,10.2,10.2,TRUE,EXP2_DEFINED_PARTICLES,DEFINED_PARTICLES,FALSE,TRUE,52,24236,12,L. digitata,BR,Winter,Bognor,PEAT,PEAT,NA,NA,0,400,0,0,NA,2157,3629,5786,0.37279640511579676,none,NA,NA,NA,NA,NA,2024,NA,NA,Laminaria digitata,5786,0.37279640511579676,FALSE,FALSE,FALSE,FALSE,FALSE,FALSE,FALSE,FALSE,FALSE,FALSE,FALSE,0,FALSE,NA,NA,FALSE,FALSE,FALSE,FALSE,FALSE,FALSE,FALSE,FALSE,FALSE,FALSE,FALSE,FALSE,NA,NA
361,C1883,20241231_C1883_clip.MP4,504,8.2,NA,8.2,8.2,TRUE,EXP4_FIELD_SPM,FIELD_SPM,FALSE,TRUE,52,24321,4,L. digitata,BR,Winter,Bognor,SPM,SPM,NA,NA,0,25,0,0,NA,39888,61769,101657,0.3923782917064245,none,NA,NA,NA,NA,NA,2024,NA,NA,Laminaria digitata,101657,0.3923782917064245,FALSE,FALSE,FALSE,FALSE,FALSE,FALSE,FALSE,FALSE,FALSE,FALSE,FALSE,0,FALSE,NA,NA,FALSE,FALSE,FALSE,FALSE,FALSE,FALSE,FALSE,FALSE,FALSE,FALSE,FALSE,FALSE,NA,NA
362,C1883i,20250104_C1883_clip.MP4,504,10.2,NA,10.2,10.2,TRUE,EXP2_DEFINED_PARTICLES,DEFINED_PARTICLES,FALSE,TRUE,52,24241,12,L. digitata,BR,Winter,Bognor,KAOLINITE,KAOLINITE,NA,NA,0,100,0,0,NA,232,685,917,0.2529989094874591,none,NA,NA,NA,NA,NA,2024,NA,NA,Laminaria digitata,917,0.2529989094874591,FALSE,FALSE,FALSE,FALSE,FALSE,FALSE,FALSE,FALSE,FALSE,FALSE,FALSE,0,FALSE,NA,NA,FALSE,FALSE,FALSE,FALSE,FALSE,FALSE,FALSE,FALSE,FALSE,FALSE,FALSE,FALSE,NA,NA
363,C1884,20241231_C1884_clip.MP4,504,8.2,NA,8.2,8.2,TRUE,EXP4_FIELD_SPM,FIELD_SPM,FALSE,TRUE,52,24322,4,L. digitata,BR,Winter,Bognor,SPM,SPM,NA,NA,0,25,0,0,NA,36421,54687,91108,0.39975633314308295,none,NA,NA,NA,NA,NA,2024,NA,NA,Laminaria digitata,91108,0.39975633314308295,FALSE,FALSE,FALSE,FALSE,FALSE,FALSE,FALSE,FALSE,FALSE,FALSE,FALSE,0,FALSE,NA,NA,FALSE,FALSE,FALSE,FALSE,FALSE,FALSE,FALSE,FALSE,FALSE,FALSE,FALSE,FALSE,NA,NA
364,C1884i,20250104_C1884_clip.MP4,504,10.2,NA,10.2,10.2,TRUE,EXP2_DEFINED_PARTICLES,DEFINED_PARTICLES,FALSE,TRUE,52,24242,12,L. digitata,BR,Winter,Bognor,KAOLINITE,KAOLINITE,NA,NA,0,100,0,0,NA,457,1118,1575,0.29015873015873017,none,NA,NA,NA,NA,NA,2024,NA,NA,Laminaria digitata,1575,0.29015873015873017,FALSE,FALSE,FALSE,FALSE,FALSE,FALSE,FALSE,FALSE,FALSE,FALSE,FALSE,0,FALSE,NA,NA,FALSE,FALSE,FALSE,FALSE,FALSE,FALSE,FALSE,FALSE,FALSE,FALSE,FALSE,FALSE,NA,NA
365,C1885,20241231_C1885_clip.MP4,504,8.2,NA,8.2,8.2,TRUE,EXP4_FIELD_SPM,FIELD_SPM,FALSE,TRUE,52,24323,4,L. digitata,BR,Winter,Bognor,SPM,SPM,NA,NA,0,25,0,0,NA,40860,66882,107742,0.3792392938686863,none,NA,NA,NA,NA,NA,2024,NA,NA,Laminaria digitata,107742,0.3792392938686863,FALSE,FALSE,FALSE,FALSE,FALSE,FALSE,FALSE,FALSE,FALSE,FALSE,FALSE,0,FALSE,NA,NA,FALSE,FALSE,FALSE,FALSE,FALSE,FALSE,FALSE,FALSE,FALSE,FALSE,FALSE,FALSE,NA,NA
366,C1885i,20250104_C1885_clip.MP4,504,10.2,NA,10.2,10.2,TRUE,EXP2_DEFINED_PARTICLES,DEFINED_PARTICLES,FALSE,TRUE,52,24243,12,L. digitata,BR,Winter,Bognor,KAOLINITE,KAOLINITE,NA,NA,0,100,0,0,NA,44626,90055,134681,0.3313459211024569,none,NA,NA,NA,NA,NA,2024,NA,NA,Laminaria digitata,134681,0.3313459211024569,FALSE,FALSE,FALSE,FALSE,FALSE,FALSE,FALSE,FALSE,FALSE,FALSE,FALSE,0,FALSE,NA,NA,FALSE,FALSE,FALSE,FALSE,FALSE,FALSE,FALSE,FALSE,FALSE,FALSE,FALSE,FALSE,NA,NA
367,C1886,20241231_C1886_clip.MP4,504,8.2,NA,8.2,8.2,TRUE,EXP4_FIELD_SPM,FIELD_SPM,FALSE,TRUE,52,24324,4,L. digitata,BR,Winter,Bognor,SPM,SPM,NA,NA,0,125,0,0,NA,40361,60593,100954,0.3997959466687798,none,NA,NA,NA,NA,NA,2024,NA,NA,Laminaria digitata,100954,0.3997959466687798,FALSE,FALSE,FALSE,FALSE,FALSE,FALSE,FALSE,FALSE,FALSE,FALSE,FALSE,0,FALSE,NA,NA,FALSE,FALSE,FALSE,FALSE,FALSE,FALSE,FALSE,FALSE,FALSE,FALSE,FALSE,FALSE,NA,NA
368,C1886i,20250104_C1886_clip.MP4,504,10.2,NA,10.2,10.2,TRUE,EXP2_DEFINED_PARTICLES,DEFINED_PARTICLES,FALSE,TRUE,52,24244,12,L. digitata,BR,Winter,Bognor,KAOLINITE,KAOLINITE,NA,NA,0,400,0,0,NA,576,1222,1798,0.3203559510567297,none,NA,NA,NA,NA,NA,2024,NA,NA,Laminaria digitata,1798,0.3203559510567297,FALSE,FALSE,FALSE,FALSE,FALSE,FALSE,FALSE,FALSE,FALSE,FALSE,FALSE,0,FALSE,NA,NA,FALSE,FALSE,FALSE,FALSE,FALSE,FALSE,FALSE,FALSE,FALSE,FALSE,FALSE,FALSE,NA,NA
369,C1887,20241231_C1887_clip.MP4,504,8.2,NA,8.2,8.2,TRUE,EXP4_FIELD_SPM,FIELD_SPM,FALSE,TRUE,52,24325,4,L. digitata,BR,Winter,Bognor,SPM,SPM,NA,NA,0,125,0,0,NA,47929,76762,124691,0.3843821927805535,none,NA,NA,NA,NA,NA,2024,NA,NA,Laminaria digitata,124691,0.3843821927805535,FALSE,FALSE,FALSE,FALSE,FALSE,FALSE,FALSE,FALSE,FALSE,FALSE,FALSE,0,FALSE,NA,NA,FALSE,FALSE,FALSE,FALSE,FALSE,FALSE,FALSE,FALSE,FALSE,FALSE,FALSE,FALSE,NA,NA
370,C1887i,20250104_C1887_clip.MP4,504,10.2,NA,10.2,10.2,TRUE,EXP2_DEFINED_PARTICLES,DEFINED_PARTICLES,FALSE,TRUE,52,24245,12,L. digitata,BR,Winter,Bognor,KAOLINITE,KAOLINITE,NA,NA,0,400,0,0,NA,981,1228,2209,0.44409234947940246,none,NA,NA,NA,NA,NA,2024,NA,NA,Laminaria digitata,2209,0.44409234947940246,FALSE,FALSE,FALSE,FALSE,FALSE,FALSE,FALSE,FALSE,FALSE,FALSE,FALSE,0,FALSE,NA,NA,FALSE,FALSE,FALSE,FALSE,FALSE,FALSE,FALSE,FALSE,FALSE,FALSE,FALSE,FALSE,NA,NA
371,C1888,20241231_C1888_clip.MP4,504,8.2,NA,8.2,8.2,TRUE,EXP4_FIELD_SPM,FIELD_SPM,FALSE,TRUE,52,24326,4,L. digitata,BR,Winter,Bognor,SPM,SPM,NA,NA,0,125,0,0,NA,40217,59892,100109,0.40173211199792225,none,NA,NA,NA,NA,NA,2024,NA,NA,Laminaria digitata,100109,0.40173211199792225,FALSE,FALSE,FALSE,FALSE,FALSE,FALSE,FALSE,FALSE,FALSE,FALSE,FALSE,0,FALSE,NA,NA,FALSE,FALSE,FALSE,FALSE,FALSE,FALSE,FALSE,FALSE,FALSE,FALSE,FALSE,FALSE,NA,NA
372,C1888i,20250104_C1888_clip.MP4,504,10.2,NA,10.2,10.2,TRUE,EXP2_DEFINED_PARTICLES,DEFINED_PARTICLES,FALSE,TRUE,52,24246,12,L. digitata,BR,Winter,Bognor,KAOLINITE,KAOLINITE,NA,NA,0,400,0,0,NA,1603,3085,4688,0.3419368600682594,none,NA,NA,NA,NA,NA,2024,NA,NA,Laminaria digitata,4688,0.3419368600682594,FALSE,FALSE,FALSE,FALSE,FALSE,FALSE,FALSE,FALSE,FALSE,FALSE,FALSE,0,FALSE,NA,NA,FALSE,FALSE,FALSE,FALSE,FALSE,FALSE,FALSE,FALSE,FALSE,FALSE,FALSE,FALSE,NA,NA
373,C1889,20241231_C1889_clip.MP4,504,8.2,NA,8.2,8.2,TRUE,EXP4_FIELD_SPM,FIELD_SPM,FALSE,TRUE,52,24331,4,L. digitata,BR,Winter,Bognor,SPM,SPM,NA,NA,0,250,0,0,NA,36343,55796,92139,0.39443666634107166,none,NA,NA,NA,NA,NA,2024,NA,NA,Laminaria digitata,92139,0.39443666634107166,FALSE,FALSE,FALSE,FALSE,FALSE,FALSE,FALSE,FALSE,FALSE,FALSE,FALSE,0,FALSE,NA,NA,FALSE,FALSE,FALSE,FALSE,FALSE,FALSE,FALSE,FALSE,FALSE,FALSE,FALSE,FALSE,NA,NA
374,C1889i,20250104_C1889_clip.MP4,504,10.2,NA,10.2,10.2,TRUE,EXP2_DEFINED_PARTICLES,DEFINED_PARTICLES,FALSE,TRUE,52,24251,12,L. digitata,BR,Winter,Bognor,SAND,SAND,NA,NA,0,100,0,0,NA,303,785,1088,0.27849264705882354,none,NA,NA,NA,NA,NA,2024,NA,NA,Laminaria digitata,1088,0.27849264705882354,FALSE,FALSE,FALSE,FALSE,FALSE,FALSE,FALSE,FALSE,FALSE,FALSE,FALSE,0,FALSE,NA,NA,FALSE,FALSE,FALSE,FALSE,FALSE,FALSE,FALSE,FALSE,FALSE,FALSE,FALSE,FALSE,NA,NA
375,C1890,20241231_C1890_clip.MP4,504,8.2,NA,8.2,8.2,TRUE,EXP4_FIELD_SPM,FIELD_SPM,FALSE,TRUE,52,24332,4,L. digitata,BR,Winter,Bognor,SPM,SPM,NA,NA,0,250,0,0,NA,4840,7312,12152,0.39828834759710335,none,NA,NA,NA,NA,NA,2024,NA,NA,Laminaria digitata,12152,0.39828834759710335,FALSE,FALSE,FALSE,FALSE,FALSE,FALSE,FALSE,FALSE,FALSE,FALSE,FALSE,0,FALSE,NA,NA,FALSE,FALSE,FALSE,FALSE,FALSE,FALSE,FALSE,FALSE,FALSE,FALSE,FALSE,FALSE,NA,NA
376,C1890i,20250104_C1890_clip.MP4,504,10.2,NA,10.2,10.2,TRUE,EXP2_DEFINED_PARTICLES,DEFINED_PARTICLES,FALSE,TRUE,52,24252,12,L. digitata,BR,Winter,Bognor,SAND,SAND,NA,NA,0,100,0,0,NA,500,1055,1555,0.3215434083601286,none,NA,NA,NA,NA,NA,2024,NA,NA,Laminaria digitata,1555,0.3215434083601286,FALSE,FALSE,FALSE,FALSE,FALSE,FALSE,FALSE,FALSE,FALSE,FALSE,FALSE,0,FALSE,NA,NA,FALSE,FALSE,FALSE,FALSE,FALSE,FALSE,FALSE,FALSE,FALSE,FALSE,FALSE,FALSE,NA,NA
377,C1891,20241231_C1891_clip.MP4,504,8.2,NA,8.2,8.2,TRUE,EXP4_FIELD_SPM,FIELD_SPM,FALSE,TRUE,52,24333,4,L. digitata,BR,Winter,Bognor,SPM,SPM,NA,NA,0,250,0,0,NA,38654,57868,96522,0.4004682870226477,none,NA,NA,NA,NA,NA,2024,NA,NA,Laminaria digitata,96522,0.4004682870226477,FALSE,FALSE,FALSE,FALSE,FALSE,FALSE,FALSE,FALSE,FALSE,FALSE,FALSE,0,FALSE,NA,NA,FALSE,FALSE,FALSE,FALSE,FALSE,FALSE,FALSE,FALSE,FALSE,FALSE,FALSE,FALSE,NA,NA
378,C1892,20241231_C1892_clip.MP4,504,8.2,NA,8.2,8.2,TRUE,EXP4_FIELD_SPM,FIELD_SPM,FALSE,TRUE,52,24334,4,L. digitata,BR,Winter,Bognor,SPM,SPM,NA,NA,0,500,0,0,NA,8752,17110,25862,0.3384115690975176,none,NA,NA,NA,NA,NA,2024,NA,NA,Laminaria digitata,25862,0.3384115690975176,FALSE,FALSE,FALSE,FALSE,FALSE,FALSE,FALSE,FALSE,FALSE,FALSE,FALSE,0,FALSE,NA,NA,FALSE,FALSE,FALSE,FALSE,FALSE,FALSE,FALSE,FALSE,FALSE,FALSE,FALSE,FALSE,NA,NA
379,C1892i,20250104_C1892_clip.MP4,504,10.2,NA,10.2,10.2,TRUE,EXP2_DEFINED_PARTICLES,DEFINED_PARTICLES,FALSE,TRUE,52,24253,12,L. digitata,BR,Winter,Bognor,SAND,SAND,NA,NA,0,100,0,0,NA,280,650,930,0.3010752688172043,none,NA,NA,NA,NA,NA,2024,NA,Refocused/ fewer but those that are there are fewer,Laminaria digitata,930,0.3010752688172043,FALSE,FALSE,FALSE,FALSE,FALSE,FALSE,FALSE,FALSE,FALSE,FALSE,FALSE,0,FALSE,NA,NA,FALSE,FALSE,FALSE,FALSE,FALSE,FALSE,FALSE,FALSE,FALSE,FALSE,FALSE,FALSE,NA,NA
380,C1893i,20250104_C1893_clip.MP4,504,10.2,NA,10.2,10.2,TRUE,EXP2_DEFINED_PARTICLES,DEFINED_PARTICLES,FALSE,TRUE,52,24254,12,L. digitata,BR,Winter,Bognor,SAND,SAND,NA,NA,0,400,0,0,NA,215,656,871,0.2468427095292767,none,NA,NA,NA,NA,NA,2024,NA,NA,Laminaria digitata,871,0.2468427095292767,FALSE,FALSE,FALSE,FALSE,FALSE,FALSE,FALSE,FALSE,FALSE,FALSE,FALSE,0,FALSE,NA,NA,FALSE,FALSE,FALSE,FALSE,FALSE,FALSE,FALSE,FALSE,FALSE,FALSE,FALSE,FALSE,NA,NA
381,C1894,20241231_C1894_clip.MP4,504,8.2,NA,8.2,8.2,TRUE,EXP4_FIELD_SPM,FIELD_SPM,FALSE,TRUE,52,24335,4,L. digitata,BR,Winter,Bognor,SPM,SPM,NA,NA,0,500,0,0,NA,38321,61670,99991,0.3832444920042804,none,NA,NA,NA,NA,NA,2024,NA,NA,Laminaria digitata,99991,0.3832444920042804,FALSE,FALSE,FALSE,FALSE,FALSE,FALSE,FALSE,FALSE,FALSE,FALSE,FALSE,0,FALSE,NA,NA,FALSE,FALSE,FALSE,FALSE,FALSE,FALSE,FALSE,FALSE,FALSE,FALSE,FALSE,FALSE,NA,NA
382,C1895i,20250104_C1895_clip.MP4,504,10.2,NA,10.2,10.2,TRUE,EXP2_DEFINED_PARTICLES,DEFINED_PARTICLES,FALSE,TRUE,52,24255,12,L. digitata,BR,Winter,Bognor,SAND,SAND,NA,NA,0,400,0,0,NA,5804,9070,14874,0.3902111066290171,none,NA,NA,NA,NA,NA,2024,NA,Refocused,Laminaria digitata,14874,0.3902111066290171,FALSE,FALSE,FALSE,FALSE,FALSE,FALSE,FALSE,FALSE,FALSE,FALSE,FALSE,0,FALSE,NA,NA,FALSE,FALSE,FALSE,FALSE,FALSE,FALSE,FALSE,FALSE,FALSE,FALSE,FALSE,FALSE,NA,NA
383,C1896,20241231_C1896_clip.MP4,504,8.2,NA,8.2,8.2,TRUE,EXP4_FIELD_SPM,FIELD_SPM,FALSE,TRUE,52,24336,4,L. digitata,BR,Winter,Bognor,SPM,SPM,NA,NA,0,500,0,0,NA,45254,68572,113826,0.3975717322931492,none,NA,NA,NA,NA,NA,2024,NA,Refocused,Laminaria digitata,113826,0.3975717322931492,FALSE,FALSE,FALSE,FALSE,FALSE,FALSE,FALSE,FALSE,FALSE,FALSE,FALSE,0,FALSE,NA,NA,FALSE,FALSE,FALSE,FALSE,FALSE,FALSE,FALSE,FALSE,FALSE,FALSE,FALSE,FALSE,NA,NA
384,C1896i,20250104_C1896_clip.MP4,504,10.2,NA,10.2,10.2,TRUE,EXP2_DEFINED_PARTICLES,DEFINED_PARTICLES,FALSE,TRUE,52,24256,12,L. digitata,BR,Winter,Bognor,SAND,SAND,NA,NA,0,400,0,0,NA,285,669,954,0.29874213836477986,none,NA,NA,NA,NA,NA,2024,NA,NA,Laminaria digitata,954,0.29874213836477986,FALSE,FALSE,FALSE,FALSE,FALSE,FALSE,FALSE,FALSE,FALSE,FALSE,FALSE,0,FALSE,NA,NA,FALSE,FALSE,FALSE,FALSE,FALSE,FALSE,FALSE,FALSE,FALSE,FALSE,FALSE,FALSE,NA,NA
385,C1897i,20250104_C1897_clip.MP4,504,10.2,NA,10.2,10.2,TRUE,EXP2_DEFINED_PARTICLES,DEFINED_PARTICLES,FALSE,TRUE,52,24261,12,L. digitata,BR,Winter,Bognor,SAND,SAND,NA,NA,0,25,0,0,NA,257,842,1099,0.2338489535941765,none,NA,NA,NA,NA,NA,2024,NA,Didn't switch  off video and so moved slide (first 11 seconds though should be ok),Laminaria digitata,1099,0.2338489535941765,FALSE,FALSE,FALSE,FALSE,FALSE,FALSE,FALSE,FALSE,FALSE,FALSE,FALSE,0,FALSE,NA,NA,FALSE,FALSE,FALSE,FALSE,FALSE,FALSE,FALSE,FALSE,FALSE,FALSE,FALSE,FALSE,NA,NA
386,C1899i,20250104_C1899_clip.MP4,504,10.2,NA,10.2,10.2,TRUE,EXP2_DEFINED_PARTICLES,DEFINED_PARTICLES,FALSE,TRUE,52,24262,12,L. digitata,BR,Winter,Bognor,SAND,SAND,NA,NA,0,25,0,0,NA,239,639,878,0.2722095671981777,none,NA,NA,NA,NA,NA,2024,NA,NA,Laminaria digitata,878,0.2722095671981777,FALSE,FALSE,FALSE,FALSE,FALSE,FALSE,FALSE,FALSE,FALSE,FALSE,FALSE,0,FALSE,NA,NA,FALSE,FALSE,FALSE,FALSE,FALSE,FALSE,FALSE,FALSE,FALSE,FALSE,FALSE,FALSE,NA,NA
387,C1900i,20250104_C1900_clip.MP4,504,10.2,NA,10.2,10.2,TRUE,EXP2_DEFINED_PARTICLES,DEFINED_PARTICLES,FALSE,TRUE,52,24263,12,L. digitata,BR,Winter,Bognor,SAND,SAND,NA,NA,0,25,0,0,NA,236,631,867,0.2722029988465975,none,NA,NA,NA,NA,NA,2024,NA,NA,Laminaria digitata,867,0.2722029988465975,FALSE,FALSE,FALSE,FALSE,FALSE,FALSE,FALSE,FALSE,FALSE,FALSE,FALSE,0,FALSE,NA,NA,FALSE,FALSE,FALSE,FALSE,FALSE,FALSE,FALSE,FALSE,FALSE,FALSE,FALSE,FALSE,NA,NA
388,C1901i,20250104_C1901_clip.MP4,504,10.2,NA,10.2,10.2,TRUE,EXP2_DEFINED_PARTICLES,DEFINED_PARTICLES,FALSE,TRUE,52,24264,12,L. digitata,BR,Winter,Bognor,KAOLINITE,KAOLINITE,NA,NA,0,25,0,0,NA,496,1144,1640,0.3024390243902439,none,NA,NA,NA,NA,NA,2024,NA,NA,Laminaria digitata,1640,0.3024390243902439,FALSE,FALSE,FALSE,FALSE,FALSE,FALSE,FALSE,FALSE,FALSE,FALSE,FALSE,0,FALSE,NA,NA,FALSE,FALSE,FALSE,FALSE,FALSE,FALSE,FALSE,FALSE,FALSE,FALSE,FALSE,FALSE,NA,NA
389,C1902i,20250104_C1902_clip.MP4,504,10.2,NA,10.2,10.2,TRUE,EXP2_DEFINED_PARTICLES,DEFINED_PARTICLES,FALSE,TRUE,52,24265,12,L. digitata,BR,Winter,Bognor,KAOLINITE,KAOLINITE,NA,NA,0,25,0,0,NA,237,612,849,0.2791519434628975,none,NA,NA,NA,NA,NA,2024,NA,NA,Laminaria digitata,849,0.2791519434628975,FALSE,FALSE,FALSE,FALSE,FALSE,FALSE,FALSE,FALSE,FALSE,FALSE,FALSE,0,FALSE,NA,NA,FALSE,FALSE,FALSE,FALSE,FALSE,FALSE,FALSE,FALSE,FALSE,FALSE,FALSE,FALSE,NA,NA
390,C1903i,20250104_C1903_clip.MP4,504,10.2,NA,10.2,10.2,TRUE,EXP2_DEFINED_PARTICLES,DEFINED_PARTICLES,FALSE,TRUE,52,24266,12,L. digitata,BR,Winter,Bognor,KAOLINITE,KAOLINITE,NA,NA,0,25,0,0,NA,1317,2543,3860,0.3411917098445596,none,NA,NA,NA,NA,NA,2024,NA,NA,Laminaria digitata,3860,0.3411917098445596,FALSE,FALSE,FALSE,FALSE,FALSE,FALSE,FALSE,FALSE,FALSE,FALSE,FALSE,0,FALSE,NA,NA,FALSE,FALSE,FALSE,FALSE,FALSE,FALSE,FALSE,FALSE,FALSE,FALSE,FALSE,FALSE,NA,NA
391,C1904i,20250104_C1904_clip.MP4,504,9.2,NA,9.2,9.2,TRUE,EXP1_LIGHT,LIGHT_ONLY,FALSE,TRUE,52,24271,12,L. digitata,BR,Winter,Bognor,LUX,NA,NA,NA,70,0,0,0,NA,476,852,1328,0.35843373493975905,none,NA,NA,NA,NA,NA,2024,NA,NA,Laminaria digitata,1328,0.35843373493975905,FALSE,FALSE,FALSE,FALSE,FALSE,FALSE,FALSE,FALSE,FALSE,FALSE,FALSE,0,FALSE,NA,NA,FALSE,FALSE,FALSE,FALSE,FALSE,FALSE,FALSE,FALSE,FALSE,FALSE,FALSE,FALSE,NA,NA
392,C1905i,20250104_C1905_clip.MP4,504,9.2,NA,9.2,9.2,TRUE,EXP1_LIGHT,LIGHT_ONLY,FALSE,TRUE,52,24272,12,L. digitata,BR,Winter,Bognor,LUX,NA,NA,NA,70,0,0,0,NA,332,939,1271,0.2612116443745083,none,NA,NA,NA,NA,NA,2024,NA,NA,Laminaria digitata,1271,0.2612116443745083,FALSE,FALSE,FALSE,FALSE,FALSE,FALSE,FALSE,FALSE,FALSE,FALSE,FALSE,0,FALSE,NA,NA,FALSE,FALSE,FALSE,FALSE,FALSE,FALSE,FALSE,FALSE,FALSE,FALSE,FALSE,FALSE,NA,NA
393,C1906i,20250104_C1906_clip.MP4,504,9.2,NA,9.2,9.2,TRUE,EXP1_LIGHT,LIGHT_ONLY,FALSE,TRUE,52,24273,12,L. digitata,BR,Winter,Bognor,LUX,NA,NA,NA,70,0,0,0,NA,264,762,1026,0.2573099415204678,none,NA,NA,NA,NA,NA,2024,NA,NA,Laminaria digitata,1026,0.2573099415204678,FALSE,FALSE,FALSE,FALSE,FALSE,FALSE,FALSE,FALSE,FALSE,FALSE,FALSE,0,FALSE,NA,NA,FALSE,FALSE,FALSE,FALSE,FALSE,FALSE,FALSE,FALSE,FALSE,FALSE,FALSE,FALSE,NA,NA
394,C1907i,20250104_C1907_clip.MP4,504,9.2,NA,9.2,9.2,TRUE,EXP1_LIGHT,LIGHT_ONLY,FALSE,TRUE,52,24274,12,L. digitata,BR,Winter,Bognor,LUX,NA,NA,NA,70,0,0,0,NA,273,696,969,0.28173374613003094,none,NA,NA,NA,NA,NA,2024,NA,NA,Laminaria digitata,969,0.28173374613003094,FALSE,FALSE,FALSE,FALSE,FALSE,FALSE,FALSE,FALSE,FALSE,FALSE,FALSE,0,FALSE,NA,NA,FALSE,FALSE,FALSE,FALSE,FALSE,FALSE,FALSE,FALSE,FALSE,FALSE,FALSE,FALSE,NA,NA
395,C1908i,20250104_C1908_clip.MP4,504,9.2,NA,9.2,9.2,TRUE,EXP1_LIGHT,LIGHT_ONLY,FALSE,TRUE,52,24275,12,L. digitata,BR,Winter,Bognor,LUX,NA,NA,NA,70,0,0,0,NA,266,682,948,0.2805907172995781,none,NA,NA,NA,NA,NA,2024,NA,NA,Laminaria digitata,948,0.2805907172995781,FALSE,FALSE,FALSE,FALSE,FALSE,FALSE,FALSE,FALSE,FALSE,FALSE,FALSE,0,FALSE,NA,NA,FALSE,FALSE,FALSE,FALSE,FALSE,FALSE,FALSE,FALSE,FALSE,FALSE,FALSE,FALSE,NA,NA
396,C1909i,20250104_C1909_clip.MP4,504,9.2,NA,9.2,9.2,TRUE,EXP1_LIGHT,LIGHT_ONLY,FALSE,TRUE,52,24276,12,L. digitata,BR,Winter,Bognor,LUX,NA,NA,NA,117,0,0,0,NA,305,1075,1380,0.2210144927536232,none,NA,NA,NA,NA,NA,2024,NA,NA,Laminaria digitata,1380,0.2210144927536232,FALSE,FALSE,FALSE,FALSE,FALSE,FALSE,FALSE,FALSE,FALSE,FALSE,FALSE,0,FALSE,NA,NA,FALSE,FALSE,FALSE,FALSE,FALSE,FALSE,FALSE,FALSE,FALSE,FALSE,FALSE,FALSE,NA,NA
397,C1910i,20250104_C1910_clip.MP4,504,9.2,NA,9.2,9.2,TRUE,EXP1_LIGHT,LIGHT_ONLY,FALSE,TRUE,52,24281,12,L. digitata,BR,Winter,Bognor,LUX,NA,NA,NA,117,0,0,0,NA,500,703,1203,0.41562759767248547,none,NA,NA,NA,NA,NA,2024,NA,NA,Laminaria digitata,1203,0.41562759767248547,FALSE,FALSE,FALSE,FALSE,FALSE,FALSE,FALSE,FALSE,FALSE,FALSE,FALSE,0,FALSE,NA,NA,FALSE,FALSE,FALSE,FALSE,FALSE,FALSE,FALSE,FALSE,FALSE,FALSE,FALSE,FALSE,NA,NA
398,C1911i,20250104_C1911_clip.MP4,504,9.2,NA,9.2,9.2,TRUE,EXP1_LIGHT,LIGHT_ONLY,FALSE,TRUE,52,24282,12,L. digitata,BR,Winter,Bognor,LUX,NA,NA,NA,117,0,0,0,NA,553,1063,1616,0.34220297029702973,none,NA,NA,NA,NA,NA,2024,NA,NA,Laminaria digitata,1616,0.34220297029702973,FALSE,FALSE,FALSE,FALSE,FALSE,FALSE,FALSE,FALSE,FALSE,FALSE,FALSE,0,FALSE,NA,NA,FALSE,FALSE,FALSE,FALSE,FALSE,FALSE,FALSE,FALSE,FALSE,FALSE,FALSE,FALSE,NA,NA
399,C1912i,20250104_C1912_clip.MP4,504,9.2,NA,9.2,9.2,TRUE,EXP1_LIGHT,LIGHT_ONLY,FALSE,TRUE,52,24283,12,L. digitata,BR,Winter,Bognor,LUX,NA,NA,NA,117,0,0,0,NA,1435,1972,3407,0.421191664220722,none,NA,NA,NA,NA,NA,2024,NA,NA,Laminaria digitata,3407,0.421191664220722,FALSE,FALSE,FALSE,FALSE,FALSE,FALSE,FALSE,FALSE,FALSE,FALSE,FALSE,0,FALSE,NA,NA,FALSE,FALSE,FALSE,FALSE,FALSE,FALSE,FALSE,FALSE,FALSE,FALSE,FALSE,FALSE,NA,NA
400,C1913i,20250104_C1913_clip.MP4,504,9.2,NA,9.2,9.2,TRUE,EXP1_LIGHT,LIGHT_ONLY,FALSE,TRUE,52,24284,12,L. digitata,BR,Winter,Bognor,LUX,NA,NA,NA,117,0,0,0,NA,278,760,1038,0.2678227360308285,none,NA,NA,NA,NA,NA,2024,NA,NA,Laminaria digitata,1038,0.2678227360308285,FALSE,FALSE,FALSE,FALSE,FALSE,FALSE,FALSE,FALSE,FALSE,FALSE,FALSE,0,FALSE,NA,NA,FALSE,FALSE,FALSE,FALSE,FALSE,FALSE,FALSE,FALSE,FALSE,FALSE,FALSE,FALSE,NA,NA
401,C1914i,20250104_C1914_clip.MP4,504,9.2,NA,9.2,9.2,TRUE,EXP1_LIGHT,LIGHT_ONLY,FALSE,TRUE,52,24285,12,L. digitata,BR,Winter,Bognor,LUX,NA,NA,NA,117,0,0,0,NA,232,636,868,0.2672811059907834,none,NA,NA,NA,NA,NA,2024,NA,NA,Laminaria digitata,868,0.2672811059907834,FALSE,FALSE,FALSE,FALSE,FALSE,FALSE,FALSE,FALSE,FALSE,FALSE,FALSE,0,FALSE,NA,NA,FALSE,FALSE,FALSE,FALSE,FALSE,FALSE,FALSE,FALSE,FALSE,FALSE,FALSE,FALSE,NA,NA
402,C1915i,20250104_C1915_clip.MP4,504,9.2,NA,9.2,9.2,TRUE,EXP1_LIGHT,LIGHT_ONLY,FALSE,TRUE,52,24286,12,L. digitata,BR,Winter,Bognor,LUX,NA,NA,NA,117,0,0,0,NA,276,699,975,0.28307692307692306,none,NA,NA,NA,NA,NA,2024,NA,NA,Laminaria digitata,975,0.28307692307692306,FALSE,FALSE,FALSE,FALSE,FALSE,FALSE,FALSE,FALSE,FALSE,FALSE,FALSE,0,FALSE,NA,NA,FALSE,FALSE,FALSE,FALSE,FALSE,FALSE,FALSE,FALSE,FALSE,FALSE,FALSE,FALSE,NA,NA
403,C1916i,20250104_C1916_clip.MP4,504,9.2,NA,9.2,9.2,TRUE,EXP1_LIGHT,LIGHT_ONLY,FALSE,TRUE,52,24291,12,L. digitata,BR,Winter,Bognor,LUX,NA,NA,NA,4,0,0,0,NA,307,991,1298,0.23651771956856701,none,NA,NA,NA,NA,NA,2024,NA,NA,Laminaria digitata,1298,0.23651771956856701,FALSE,FALSE,FALSE,FALSE,FALSE,FALSE,FALSE,FALSE,FALSE,FALSE,FALSE,0,FALSE,NA,NA,FALSE,FALSE,FALSE,FALSE,FALSE,FALSE,FALSE,FALSE,FALSE,FALSE,FALSE,FALSE,NA,NA
404,C1918i,20250104_C1918_clip.MP4,504,9.2,NA,9.2,9.2,TRUE,EXP1_LIGHT,LIGHT_ONLY,FALSE,TRUE,52,24292,12,L. digitata,BR,Winter,Bognor,LUX,NA,NA,NA,4,0,0,0,NA,251,630,881,0.2849035187287174,none,NA,NA,NA,NA,NA,2024,NA,Refocused,Laminaria digitata,881,0.2849035187287174,FALSE,FALSE,FALSE,FALSE,FALSE,FALSE,FALSE,FALSE,FALSE,FALSE,FALSE,0,FALSE,NA,NA,FALSE,FALSE,FALSE,FALSE,FALSE,FALSE,FALSE,FALSE,FALSE,FALSE,FALSE,FALSE,NA,NA
405,C1919i,20250104_C1919_clip.MP4,504,9.2,NA,9.2,9.2,TRUE,EXP1_LIGHT,LIGHT_ONLY,FALSE,TRUE,52,24293,12,L. digitata,BR,Winter,Bognor,LUX,NA,NA,NA,4,0,0,0,NA,322,750,1072,0.3003731343283582,none,NA,NA,NA,NA,NA,2024,NA,NA,Laminaria digitata,1072,0.3003731343283582,FALSE,FALSE,FALSE,FALSE,FALSE,FALSE,FALSE,FALSE,FALSE,FALSE,FALSE,0,FALSE,NA,NA,FALSE,FALSE,FALSE,FALSE,FALSE,FALSE,FALSE,FALSE,FALSE,FALSE,FALSE,FALSE,NA,NA
406,C1920i,20250104_C1920_clip.MP4,504,9.2,NA,9.2,9.2,TRUE,EXP1_LIGHT,LIGHT_ONLY,FALSE,TRUE,52,24294,12,L. digitata,BR,Winter,Bognor,LUX,NA,NA,NA,4,0,0,0,NA,230,655,885,0.2598870056497175,none,NA,NA,NA,NA,NA,2024,NA,NA,Laminaria digitata,885,0.2598870056497175,FALSE,FALSE,FALSE,FALSE,FALSE,FALSE,FALSE,FALSE,FALSE,FALSE,FALSE,0,FALSE,NA,NA,FALSE,FALSE,FALSE,FALSE,FALSE,FALSE,FALSE,FALSE,FALSE,FALSE,FALSE,FALSE,NA,NA
407,C1921i,20250104_C1921_clip.MP4,504,9.2,NA,9.2,9.2,TRUE,EXP1_LIGHT,LIGHT_ONLY,FALSE,TRUE,52,24295,12,L. digitata,BR,Winter,Bognor,LUX,NA,NA,NA,4,0,0,0,NA,382,897,1279,0.2986708365910868,none,NA,NA,NA,NA,NA,2024,NA,NA,Laminaria digitata,1279,0.2986708365910868,FALSE,FALSE,FALSE,FALSE,FALSE,FALSE,FALSE,FALSE,FALSE,FALSE,FALSE,0,FALSE,NA,NA,FALSE,FALSE,FALSE,FALSE,FALSE,FALSE,FALSE,FALSE,FALSE,FALSE,FALSE,FALSE,NA,NA
408,C1922i,20250104_C1922_clip.MP4,504,9.2,NA,9.2,9.2,TRUE,EXP1_LIGHT,LIGHT_ONLY,FALSE,TRUE,52,24296,12,L. digitata,BR,Winter,Bognor,LUX,NA,NA,NA,4,0,0,0,NA,213,646,859,0.2479627473806752,none,NA,NA,NA,NA,NA,2024,NA,NA,Laminaria digitata,859,0.2479627473806752,FALSE,FALSE,FALSE,FALSE,FALSE,FALSE,FALSE,FALSE,FALSE,FALSE,FALSE,0,FALSE,NA,NA,FALSE,FALSE,FALSE,FALSE,FALSE,FALSE,FALSE,FALSE,FALSE,FALSE,FALSE,FALSE,NA,NA
409,C1923i,20250104_C1923_clip.MP4,504,9.2,NA,9.2,9.2,TRUE,EXP1_LIGHT,LIGHT_ONLY,TRUE,TRUE,52,24301,12,L. digitata,BR,Winter,Bognor,CONTROL,NA,NA,NA,0,0,0,0,NA,243,655,898,0.27060133630289535,none,NA,NA,NA,NA,NA,2024,NA,NA,Laminaria digitata,898,0.27060133630289535,FALSE,FALSE,FALSE,FALSE,FALSE,FALSE,FALSE,FALSE,FALSE,FALSE,FALSE,0,FALSE,NA,NA,FALSE,FALSE,FALSE,FALSE,FALSE,FALSE,FALSE,FALSE,FALSE,FALSE,FALSE,FALSE,NA,NA
410,C1924i,20250104_C1924_clip.MP4,504,9.2,NA,9.2,9.2,TRUE,EXP1_LIGHT,LIGHT_ONLY,TRUE,TRUE,52,24302,12,L. digitata,BR,Winter,Bognor,CONTROL,NA,NA,NA,0,0,0,0,NA,707,1519,2226,0.31761006289308175,none,NA,NA,NA,NA,NA,2024,NA,NA,Laminaria digitata,2226,0.31761006289308175,FALSE,FALSE,FALSE,FALSE,FALSE,FALSE,FALSE,FALSE,FALSE,FALSE,FALSE,0,FALSE,NA,NA,FALSE,FALSE,FALSE,FALSE,FALSE,FALSE,FALSE,FALSE,FALSE,FALSE,FALSE,FALSE,NA,NA
411,C1925i,20250104_C1925_clip.MP4,504,9.2,NA,9.2,9.2,TRUE,EXP1_LIGHT,LIGHT_ONLY,TRUE,TRUE,52,24303,12,L. digitata,BR,Winter,Bognor,CONTROL,NA,NA,NA,0,0,0,0,NA,294,831,1125,0.2613333333333333,none,NA,NA,NA,NA,NA,2024,NA,NA,Laminaria digitata,1125,0.2613333333333333,FALSE,FALSE,FALSE,FALSE,FALSE,FALSE,FALSE,FALSE,FALSE,FALSE,FALSE,0,FALSE,NA,NA,FALSE,FALSE,FALSE,FALSE,FALSE,FALSE,FALSE,FALSE,FALSE,FALSE,FALSE,FALSE,NA,NA
412,C1926i,20250104_C1926_clip.MP4,504,9.2,NA,9.2,9.2,TRUE,EXP1_LIGHT,LIGHT_ONLY,TRUE,TRUE,52,24304,12,L. digitata,BR,Winter,Bognor,CONTROL,NA,NA,NA,0,0,0,0,NA,263,608,871,0.3019517795637199,none,NA,NA,NA,NA,NA,2024,NA,NA,Laminaria digitata,871,0.3019517795637199,FALSE,FALSE,FALSE,FALSE,FALSE,FALSE,FALSE,FALSE,FALSE,FALSE,FALSE,0,FALSE,NA,NA,FALSE,FALSE,FALSE,FALSE,FALSE,FALSE,FALSE,FALSE,FALSE,FALSE,FALSE,FALSE,NA,NA
413,C1927i,20250104_C1927_clip.MP4,504,9.2,NA,9.2,9.2,TRUE,EXP1_LIGHT,LIGHT_ONLY,TRUE,TRUE,52,24305,12,L. digitata,BR,Winter,Bognor,CONTROL,NA,NA,NA,0,0,0,0,NA,580,1309,1889,0.3070407623080995,none,NA,NA,NA,NA,NA,2024,NA,NA,Laminaria digitata,1889,0.3070407623080995,FALSE,FALSE,FALSE,FALSE,FALSE,FALSE,FALSE,FALSE,FALSE,FALSE,FALSE,0,FALSE,NA,NA,FALSE,FALSE,FALSE,FALSE,FALSE,FALSE,FALSE,FALSE,FALSE,FALSE,FALSE,FALSE,NA,NA
414,C1928i,20250104_C1928_clip.MP4,504,9.2,NA,9.2,9.2,TRUE,EXP1_LIGHT,LIGHT_ONLY,TRUE,TRUE,52,24306,12,L. digitata,BR,Winter,Bognor,CONTROL,NA,NA,NA,0,0,0,0,NA,316,906,1222,0.25859247135842883,none,NA,NA,NA,NA,NA,2024,NA,NA,Laminaria digitata,1222,0.25859247135842883,FALSE,FALSE,FALSE,FALSE,FALSE,FALSE,FALSE,FALSE,FALSE,FALSE,FALSE,0,FALSE,NA,NA,FALSE,FALSE,FALSE,FALSE,FALSE,FALSE,FALSE,FALSE,FALSE,FALSE,FALSE,FALSE,NA,NA
415,C1929i,20250104_C1929_clip.MP4,504,8.2,NA,8.2,8.2,TRUE,EXP4_FIELD_SPM,FIELD_SPM,TRUE,TRUE,52,24311,8,L. digitata,BR,Winter,Bognor,CONTROL,NA,NA,NA,0,0,0,0,NA,469,1138,1607,0.2918481642812695,none,NA,NA,NA,NA,NA,2024,NA,NA,Laminaria digitata,1607,0.2918481642812695,FALSE,FALSE,FALSE,FALSE,FALSE,FALSE,FALSE,FALSE,FALSE,FALSE,FALSE,0,FALSE,NA,NA,FALSE,FALSE,FALSE,FALSE,FALSE,FALSE,FALSE,FALSE,FALSE,FALSE,FALSE,FALSE,NA,NA
416,C1930i,20250104_C1930_clip.MP4,504,8.2,NA,8.2,8.2,TRUE,EXP4_FIELD_SPM,FIELD_SPM,TRUE,TRUE,52,24312,8,L. digitata,BR,Winter,Bognor,CONTROL,NA,NA,NA,0,0,0,0,NA,245,644,889,0.27559055118110237,none,NA,NA,NA,NA,NA,2024,NA,NA,Laminaria digitata,889,0.27559055118110237,FALSE,FALSE,FALSE,FALSE,FALSE,FALSE,FALSE,FALSE,FALSE,FALSE,FALSE,0,FALSE,NA,NA,FALSE,FALSE,FALSE,FALSE,FALSE,FALSE,FALSE,FALSE,FALSE,FALSE,FALSE,FALSE,NA,NA
417,C1931i,20250104_C1931_clip.MP4,504,8.2,NA,8.2,8.2,TRUE,EXP4_FIELD_SPM,FIELD_SPM,TRUE,TRUE,52,24313,8,L. digitata,BR,Winter,Bognor,CONTROL,NA,NA,NA,0,0,0,0,NA,332,660,992,0.3346774193548387,none,NA,NA,NA,NA,NA,2024,NA,NA,Laminaria digitata,992,0.3346774193548387,FALSE,FALSE,FALSE,FALSE,FALSE,FALSE,FALSE,FALSE,FALSE,FALSE,FALSE,0,FALSE,NA,NA,FALSE,FALSE,FALSE,FALSE,FALSE,FALSE,FALSE,FALSE,FALSE,FALSE,FALSE,FALSE,NA,NA
418,C1932i,20250104_C1932_clip.MP4,504,8.2,NA,8.2,8.2,TRUE,EXP4_FIELD_SPM,FIELD_SPM,FALSE,TRUE,52,24314,8,L. digitata,BR,Winter,Bognor,SPM,SPM,NA,NA,0,5,0,0,NA,1153,2252,3405,0.33861967694566814,none,NA,NA,NA,NA,NA,2024,NA,NA,Laminaria digitata,3405,0.33861967694566814,FALSE,FALSE,FALSE,FALSE,FALSE,FALSE,FALSE,FALSE,FALSE,FALSE,FALSE,0,FALSE,NA,NA,FALSE,FALSE,FALSE,FALSE,FALSE,FALSE,FALSE,FALSE,FALSE,FALSE,FALSE,FALSE,NA,NA
419,C1933i,20250104_C1933_clip.MP4,504,8.2,NA,8.2,8.2,TRUE,EXP4_FIELD_SPM,FIELD_SPM,FALSE,TRUE,52,24315,8,L. digitata,BR,Winter,Bognor,SPM,SPM,NA,NA,0,5,0,0,NA,957,1890,2847,0.3361433087460485,none,NA,NA,NA,NA,NA,2024,NA,NA,Laminaria digitata,2847,0.3361433087460485,FALSE,FALSE,FALSE,FALSE,FALSE,FALSE,FALSE,FALSE,FALSE,FALSE,FALSE,0,FALSE,NA,NA,FALSE,FALSE,FALSE,FALSE,FALSE,FALSE,FALSE,FALSE,FALSE,FALSE,FALSE,FALSE,NA,NA
420,C1934i,20250104_C1934_clip.MP4,504,8.2,NA,8.2,8.2,TRUE,EXP4_FIELD_SPM,FIELD_SPM,FALSE,TRUE,52,24316,8,L. digitata,BR,Winter,Bognor,SPM,SPM,NA,NA,0,5,0,0,NA,618,1199,1817,0.34012107870115577,none,NA,NA,NA,NA,NA,2024,NA,NA,Laminaria digitata,1817,0.34012107870115577,FALSE,FALSE,FALSE,FALSE,FALSE,FALSE,FALSE,FALSE,FALSE,FALSE,FALSE,0,FALSE,NA,NA,FALSE,FALSE,FALSE,FALSE,FALSE,FALSE,FALSE,FALSE,FALSE,FALSE,FALSE,FALSE,NA,NA
421,C1935i,20250104_C1935_clip.MP4,504,8.2,NA,8.2,8.2,TRUE,EXP4_FIELD_SPM,FIELD_SPM,FALSE,TRUE,52,24321,8,L. digitata,BR,Winter,Bognor,SPM,SPM,NA,NA,0,25,0,0,NA,782,1744,2526,0.3095803642121932,none,NA,NA,NA,NA,NA,2024,NA,NA,Laminaria digitata,2526,0.3095803642121932,FALSE,FALSE,FALSE,FALSE,FALSE,FALSE,FALSE,FALSE,FALSE,FALSE,FALSE,0,FALSE,NA,NA,FALSE,FALSE,FALSE,FALSE,FALSE,FALSE,FALSE,FALSE,FALSE,FALSE,FALSE,FALSE,NA,NA
422,C1936i,20250104_C1936_clip.MP4,504,8.2,NA,8.2,8.2,TRUE,EXP4_FIELD_SPM,FIELD_SPM,FALSE,TRUE,52,24322,8,L. digitata,BR,Winter,Bognor,SPM,SPM,NA,NA,0,25,0,0,NA,551,1449,2000,0.2755,none,NA,NA,NA,NA,NA,2024,NA,NA,Laminaria digitata,2000,0.2755,FALSE,FALSE,FALSE,FALSE,FALSE,FALSE,FALSE,FALSE,FALSE,FALSE,FALSE,0,FALSE,NA,NA,FALSE,FALSE,FALSE,FALSE,FALSE,FALSE,FALSE,FALSE,FALSE,FALSE,FALSE,FALSE,NA,NA
423,C1937i,20250104_C1937_clip.MP4,504,8.2,NA,8.2,8.2,TRUE,EXP4_FIELD_SPM,FIELD_SPM,FALSE,TRUE,52,24323,8,L. digitata,BR,Winter,Bognor,SPM,SPM,NA,NA,0,25,0,0,NA,251,646,897,0.2798216276477146,none,NA,NA,NA,NA,NA,2024,NA,NA,Laminaria digitata,897,0.2798216276477146,FALSE,FALSE,FALSE,FALSE,FALSE,FALSE,FALSE,FALSE,FALSE,FALSE,FALSE,0,FALSE,NA,NA,FALSE,FALSE,FALSE,FALSE,FALSE,FALSE,FALSE,FALSE,FALSE,FALSE,FALSE,FALSE,NA,NA
424,C1938i,20250104_C1938_clip.MP4,504,8.2,NA,8.2,8.2,TRUE,EXP4_FIELD_SPM,FIELD_SPM,FALSE,TRUE,52,24324,8,L. digitata,BR,Winter,Bognor,SPM,SPM,NA,NA,0,125,0,0,NA,295,863,1158,0.2547495682210708,none,NA,NA,NA,NA,NA,2024,NA,NA,Laminaria digitata,1158,0.2547495682210708,FALSE,FALSE,FALSE,FALSE,FALSE,FALSE,FALSE,FALSE,FALSE,FALSE,FALSE,0,FALSE,NA,NA,FALSE,FALSE,FALSE,FALSE,FALSE,FALSE,FALSE,FALSE,FALSE,FALSE,FALSE,FALSE,NA,NA
425,C1939i,20250104_C1939_clip.MP4,504,8.2,NA,8.2,8.2,TRUE,EXP4_FIELD_SPM,FIELD_SPM,FALSE,TRUE,52,24325,8,L. digitata,BR,Winter,Bognor,SPM,SPM,NA,NA,0,125,0,0,NA,265,746,1011,0.26211671612265086,none,NA,NA,NA,NA,NA,2024,NA,NA,Laminaria digitata,1011,0.26211671612265086,FALSE,FALSE,FALSE,FALSE,FALSE,FALSE,FALSE,FALSE,FALSE,FALSE,FALSE,0,FALSE,NA,NA,FALSE,FALSE,FALSE,FALSE,FALSE,FALSE,FALSE,FALSE,FALSE,FALSE,FALSE,FALSE,NA,NA
426,C1940i,20250104_C1940_clip.MP4,504,8.2,NA,8.2,8.2,TRUE,EXP4_FIELD_SPM,FIELD_SPM,FALSE,TRUE,52,24326,8,L. digitata,BR,Winter,Bognor,SPM,SPM,NA,NA,0,125,0,0,NA,336,976,1312,0.25609756097560976,none,NA,NA,NA,NA,NA,2024,NA,NA,Laminaria digitata,1312,0.25609756097560976,FALSE,FALSE,FALSE,FALSE,FALSE,FALSE,FALSE,FALSE,FALSE,FALSE,FALSE,0,FALSE,NA,NA,FALSE,FALSE,FALSE,FALSE,FALSE,FALSE,FALSE,FALSE,FALSE,FALSE,FALSE,FALSE,NA,NA
427,C1941i,20250104_C1941_clip.MP4,504,8.2,NA,8.2,8.2,TRUE,EXP4_FIELD_SPM,FIELD_SPM,FALSE,TRUE,52,24331,8,L. digitata,BR,Winter,Bognor,SPM,SPM,NA,NA,0,250,0,0,NA,214,644,858,0.2494172494172494,none,NA,NA,NA,NA,NA,2024,NA,NA,Laminaria digitata,858,0.2494172494172494,FALSE,FALSE,FALSE,FALSE,FALSE,FALSE,FALSE,FALSE,FALSE,FALSE,FALSE,0,FALSE,NA,NA,FALSE,FALSE,FALSE,FALSE,FALSE,FALSE,FALSE,FALSE,FALSE,FALSE,FALSE,FALSE,NA,NA
428,C1942i,20250104_C1942_clip.MP4,504,8.2,NA,8.2,8.2,TRUE,EXP4_FIELD_SPM,FIELD_SPM,FALSE,TRUE,52,24332,8,L. digitata,BR,Winter,Bognor,SPM,SPM,NA,NA,0,250,0,0,NA,309,1242,1551,0.19922630560928434,none,NA,NA,NA,NA,NA,2024,NA,NA,Laminaria digitata,1551,0.19922630560928434,FALSE,FALSE,FALSE,FALSE,FALSE,FALSE,FALSE,FALSE,FALSE,FALSE,FALSE,0,FALSE,NA,NA,FALSE,FALSE,FALSE,FALSE,FALSE,FALSE,FALSE,FALSE,FALSE,FALSE,FALSE,FALSE,NA,NA
429,C1943i,20250104_C1943_clip.MP4,504,8.2,NA,8.2,8.2,TRUE,EXP4_FIELD_SPM,FIELD_SPM,FALSE,TRUE,52,24333,8,L. digitata,BR,Winter,Bognor,SPM,SPM,NA,NA,0,250,0,0,NA,290,627,917,0.31624863685932386,none,NA,NA,NA,NA,NA,2024,NA,NA,Laminaria digitata,917,0.31624863685932386,FALSE,FALSE,FALSE,FALSE,FALSE,FALSE,FALSE,FALSE,FALSE,FALSE,FALSE,0,FALSE,NA,NA,FALSE,FALSE,FALSE,FALSE,FALSE,FALSE,FALSE,FALSE,FALSE,FALSE,FALSE,FALSE,NA,NA
430,C1944i,20250104_C1944_clip.MP4,504,8.2,NA,8.2,8.2,TRUE,EXP4_FIELD_SPM,FIELD_SPM,FALSE,TRUE,52,24334,8,L. digitata,BR,Winter,Bognor,SPM,SPM,NA,NA,0,500,0,0,NA,759,1538,2297,0.3304309969525468,none,NA,NA,NA,NA,NA,2024,NA,NA,Laminaria digitata,2297,0.3304309969525468,FALSE,FALSE,FALSE,FALSE,FALSE,FALSE,FALSE,FALSE,FALSE,FALSE,FALSE,0,FALSE,NA,NA,FALSE,FALSE,FALSE,FALSE,FALSE,FALSE,FALSE,FALSE,FALSE,FALSE,FALSE,FALSE,NA,NA
431,C1945i,20250104_C1945_clip.MP4,504,8.2,NA,8.2,8.2,TRUE,EXP4_FIELD_SPM,FIELD_SPM,FALSE,TRUE,52,24335,8,L. digitata,BR,Winter,Bognor,SPM,SPM,NA,NA,0,500,0,0,NA,3670,4886,8556,0.4289387564282375,none,NA,NA,NA,NA,NA,2024,NA,NA,Laminaria digitata,8556,0.4289387564282375,FALSE,FALSE,FALSE,FALSE,FALSE,FALSE,FALSE,FALSE,FALSE,FALSE,FALSE,0,FALSE,NA,NA,FALSE,FALSE,FALSE,FALSE,FALSE,FALSE,FALSE,FALSE,FALSE,FALSE,FALSE,FALSE,NA,NA
432,C1946i,20250104_C1946_clip.MP4,504,8.2,NA,8.2,8.2,TRUE,EXP4_FIELD_SPM,FIELD_SPM,FALSE,TRUE,52,24336,8,L. digitata,BR,Winter,Bognor,SPM,SPM,NA,NA,0,500,0,0,NA,318,776,1094,0.2906764168190128,none,NA,NA,NA,NA,NA,2024,NA,NA,Laminaria digitata,1094,0.2906764168190128,FALSE,FALSE,FALSE,FALSE,FALSE,FALSE,FALSE,FALSE,FALSE,FALSE,FALSE,0,FALSE,NA,NA,FALSE,FALSE,FALSE,FALSE,FALSE,FALSE,FALSE,FALSE,FALSE,FALSE,FALSE,FALSE,NA,NA
433,C1947i,20250104_C1947_clip.MP4,504,6.2,NA,6.2,6.2,FALSE,NA,NA,FALSE,TRUE,52,0,NA,L. digitata,BR,Winter,Bognor,CULTURE,NA,NA,NA,0,0,0,0,NA,8815,9123,17938,0.4914148734530048,none,NA,NA,NA,NA,NA,2024,NA,Culture,Laminaria digitata,17938,0.4914148734530048,FALSE,FALSE,FALSE,FALSE,FALSE,FALSE,FALSE,FALSE,FALSE,FALSE,FALSE,0,FALSE,NA,NA,FALSE,FALSE,FALSE,FALSE,FALSE,FALSE,FALSE,FALSE,FALSE,FALSE,FALSE,FALSE,NA,NA
434,C1948,20250108_C1948_clip.MP4,504,8.2,NA,8.2,8.2,TRUE,EXP4_FIELD_SPM,FIELD_SPM,TRUE,TRUE,52,24341,4,L. digitata,BR,Winter,Bognor,CONTROL,NA,NA,NA,0,0,0,0,NA,471,1053,1524,0.3090551181102362,glass,634,NA,NA,NA,NA,2024,NA,NA,Laminaria digitata,1524,0.3090551181102362,FALSE,FALSE,FALSE,FALSE,FALSE,FALSE,FALSE,FALSE,FALSE,FALSE,FALSE,0,FALSE,NA,NA,FALSE,FALSE,FALSE,FALSE,FALSE,FALSE,FALSE,FALSE,FALSE,FALSE,FALSE,FALSE,NA,NA
435,C1949,20250108_C1949_clip.MP4,504,8.2,NA,8.2,8.2,TRUE,EXP4_FIELD_SPM,FIELD_SPM,TRUE,TRUE,52,24342,4,L. digitata,BR,Winter,Bognor,CONTROL,NA,NA,NA,0,0,0,0,NA,1275,2642,3917,0.3255042124074547,glass,2373,NA,NA,NA,NA,2024,NA,NA,Laminaria digitata,3917,0.3255042124074547,FALSE,FALSE,FALSE,FALSE,FALSE,FALSE,FALSE,FALSE,FALSE,FALSE,FALSE,0,FALSE,NA,NA,FALSE,FALSE,FALSE,FALSE,FALSE,FALSE,FALSE,FALSE,FALSE,FALSE,FALSE,FALSE,NA,NA
436,C1950,20250108_C1950_clip.MP4,504,8.2,NA,8.2,8.2,TRUE,EXP4_FIELD_SPM,FIELD_SPM,TRUE,TRUE,52,24343,4,L. digitata,BR,Winter,Bognor,CONTROL,NA,NA,NA,0,0,0,0,NA,849,1398,2247,0.37783711615487314,glass,2552,NA,NA,NA,NA,2024,NA,NA,Laminaria digitata,2247,0.37783711615487314,FALSE,FALSE,FALSE,FALSE,FALSE,FALSE,FALSE,FALSE,FALSE,FALSE,FALSE,0,FALSE,NA,NA,FALSE,FALSE,FALSE,FALSE,FALSE,FALSE,FALSE,FALSE,FALSE,FALSE,FALSE,FALSE,NA,NA
437,C1951,20250108_C1951_clip.MP4,504,8.2,NA,8.2,8.2,TRUE,EXP4_FIELD_SPM,FIELD_SPM,TRUE,TRUE,52,24344,4,L. digitata,BR,Winter,Bognor,CONTROL,NA,NA,NA,0,0,0,0,NA,310,947,1257,0.2466189339697693,glass,2590,NA,NA,NA,NA,2024,NA,NA,Laminaria digitata,1257,0.2466189339697693,FALSE,FALSE,FALSE,FALSE,FALSE,FALSE,FALSE,FALSE,FALSE,FALSE,FALSE,0,FALSE,NA,NA,FALSE,FALSE,FALSE,FALSE,FALSE,FALSE,FALSE,FALSE,FALSE,FALSE,FALSE,FALSE,NA,NA
438,C1952,20250108_C1952_clip.MP4,504,8.2,NA,8.2,8.2,TRUE,EXP4_FIELD_SPM,FIELD_SPM,TRUE,TRUE,52,24345,4,L. digitata,BR,Winter,Bognor,CONTROL,NA,NA,NA,0,0,0,0,NA,907,1348,2255,0.40221729490022173,glass,1828,NA,NA,NA,NA,2024,NA,NA,Laminaria digitata,2255,0.40221729490022173,FALSE,FALSE,FALSE,FALSE,FALSE,FALSE,FALSE,FALSE,FALSE,FALSE,FALSE,0,FALSE,NA,NA,FALSE,FALSE,FALSE,FALSE,FALSE,FALSE,FALSE,FALSE,FALSE,FALSE,FALSE,FALSE,NA,NA
439,C1953,20250108_C1953_clip.MP4,504,8.2,NA,8.2,8.2,TRUE,EXP4_FIELD_SPM,FIELD_SPM,TRUE,TRUE,52,24346,4,L. digitata,BR,Winter,Bognor,CONTROL,NA,NA,NA,0,0,0,0,NA,493,1312,1805,0.27313019390581716,glass,304,NA,NA,NA,NA,2024,NA,NA,Laminaria digitata,1805,0.27313019390581716,FALSE,FALSE,FALSE,FALSE,FALSE,FALSE,FALSE,FALSE,FALSE,FALSE,FALSE,0,FALSE,NA,NA,FALSE,FALSE,FALSE,FALSE,FALSE,FALSE,FALSE,FALSE,FALSE,FALSE,FALSE,FALSE,NA,NA
440,C1954,20250108_C1954_clip.MP4,504,8.2,NA,8.2,8.2,TRUE,EXP4_FIELD_SPM,FIELD_SPM,FALSE,TRUE,52,24351,4,L. digitata,BR,Winter,Bognor,SPM,SPM,NA,NA,0,460,0,0,NA,310,830,1140,0.2719298245614035,glass,2360,NA,NA,NA,NA,2024,NA,NA,Laminaria digitata,1140,0.2719298245614035,FALSE,FALSE,FALSE,FALSE,FALSE,FALSE,FALSE,FALSE,FALSE,FALSE,FALSE,0,FALSE,NA,NA,FALSE,FALSE,FALSE,FALSE,FALSE,FALSE,FALSE,FALSE,FALSE,FALSE,FALSE,FALSE,NA,NA
441,C1956,20250108_C1956_clip.MP4,504,8.2,NA,8.2,8.2,TRUE,EXP4_FIELD_SPM,FIELD_SPM,FALSE,TRUE,52,24352,4,L. digitata,BR,Winter,Bognor,SPM,SPM,NA,NA,0,460,0,0,NA,435,1138,1573,0.2765416401780038,glass,11812,NA,NA,NA,NA,2024,NA,NA,Laminaria digitata,1573,0.2765416401780038,FALSE,FALSE,FALSE,FALSE,FALSE,FALSE,FALSE,FALSE,FALSE,FALSE,FALSE,0,FALSE,NA,NA,FALSE,FALSE,FALSE,FALSE,FALSE,FALSE,FALSE,FALSE,FALSE,FALSE,FALSE,FALSE,NA,NA
442,C1957,20250108_C1957_clip.MP4,504,8.2,NA,8.2,8.2,TRUE,EXP4_FIELD_SPM,FIELD_SPM,FALSE,TRUE,52,24353,4,L. digitata,BR,Winter,Bognor,SPM,SPM,NA,NA,0,460,0,0,NA,519,1185,1704,0.3045774647887324,glass,5888,NA,NA,NA,NA,2024,NA,NA,Laminaria digitata,1704,0.3045774647887324,FALSE,FALSE,FALSE,FALSE,FALSE,FALSE,FALSE,FALSE,FALSE,FALSE,FALSE,0,FALSE,NA,NA,FALSE,FALSE,FALSE,FALSE,FALSE,FALSE,FALSE,FALSE,FALSE,FALSE,FALSE,FALSE,NA,NA
443,C1958,20250108_C1958_clip.MP4,504,8.2,NA,8.2,8.2,TRUE,EXP4_FIELD_SPM,FIELD_SPM,FALSE,TRUE,52,24354,4,L. digitata,BR,Winter,Bognor,SPM,SPM,NA,NA,0,1381,0,0,NA,294,827,1121,0.2622658340767172,glass,2221,NA,NA,NA,NA,2024,NA,NA,Laminaria digitata,1121,0.2622658340767172,FALSE,FALSE,FALSE,FALSE,FALSE,FALSE,FALSE,FALSE,FALSE,FALSE,FALSE,0,FALSE,NA,NA,FALSE,FALSE,FALSE,FALSE,FALSE,FALSE,FALSE,FALSE,FALSE,FALSE,FALSE,FALSE,NA,NA
444,C1959,20250108_C1959_clip.MP4,504,8.2,NA,8.2,8.2,TRUE,EXP4_FIELD_SPM,FIELD_SPM,FALSE,TRUE,52,24355,4,L. digitata,BR,Winter,Bognor,SPM,SPM,NA,NA,0,1381,0,0,NA,327,908,1235,0.2647773279352227,glass,800,NA,NA,NA,NA,2024,NA,NA,Laminaria digitata,1235,0.2647773279352227,FALSE,FALSE,FALSE,FALSE,FALSE,FALSE,FALSE,FALSE,FALSE,FALSE,FALSE,0,FALSE,NA,NA,FALSE,FALSE,FALSE,FALSE,FALSE,FALSE,FALSE,FALSE,FALSE,FALSE,FALSE,FALSE,NA,NA
445,C1960,20250108_C1960_clip.MP4,504,8.2,NA,8.2,8.2,TRUE,EXP4_FIELD_SPM,FIELD_SPM,FALSE,TRUE,52,24356,4,L. digitata,BR,Winter,Bognor,SPM,SPM,NA,NA,0,1381,0,0,NA,626,1166,1792,0.34933035714285715,glass,655,NA,NA,NA,NA,2024,NA,NA,Laminaria digitata,1792,0.34933035714285715,FALSE,FALSE,FALSE,FALSE,FALSE,FALSE,FALSE,FALSE,FALSE,FALSE,FALSE,0,FALSE,NA,NA,FALSE,FALSE,FALSE,FALSE,FALSE,FALSE,FALSE,FALSE,FALSE,FALSE,FALSE,FALSE,NA,NA
446,C1961,20250108_C1961_clip.MP4,504,8.2,NA,8.2,8.2,TRUE,EXP4_FIELD_SPM,FIELD_SPM,FALSE,TRUE,52,24361,4,L. digitata,BR,Winter,Bognor,SPM,SPM,NA,NA,0,2763,0,0,NA,273,769,1042,0.2619961612284069,glass,577,NA,NA,NA,NA,2024,NA,NA,Laminaria digitata,1042,0.2619961612284069,FALSE,FALSE,FALSE,FALSE,FALSE,FALSE,FALSE,FALSE,FALSE,FALSE,FALSE,0,FALSE,NA,NA,FALSE,FALSE,FALSE,FALSE,FALSE,FALSE,FALSE,FALSE,FALSE,FALSE,FALSE,FALSE,NA,NA
447,C1962,20250108_C1962_clip.MP4,504,8.2,NA,8.2,8.2,TRUE,EXP4_FIELD_SPM,FIELD_SPM,FALSE,TRUE,52,24362,4,L. digitata,BR,Winter,Bognor,SPM,SPM,NA,NA,0,2763,0,0,NA,785,1498,2283,0.34384581690757776,glass,173,NA,NA,NA,NA,2024,NA,NA,Laminaria digitata,2283,0.34384581690757776,FALSE,FALSE,FALSE,FALSE,FALSE,FALSE,FALSE,FALSE,FALSE,FALSE,FALSE,0,FALSE,NA,NA,FALSE,FALSE,FALSE,FALSE,FALSE,FALSE,FALSE,FALSE,FALSE,FALSE,FALSE,FALSE,NA,NA
448,C1963,20250108_C1963_clip.MP4,504,8.2,NA,8.2,8.2,TRUE,EXP4_FIELD_SPM,FIELD_SPM,FALSE,TRUE,52,24363,4,L. digitata,BR,Winter,Bognor,SPM,SPM,NA,NA,0,2763,0,0,NA,344,891,1235,0.2785425101214575,glass,2335,NA,NA,NA,NA,2024,NA,NA,Laminaria digitata,1235,0.2785425101214575,FALSE,FALSE,FALSE,FALSE,FALSE,FALSE,FALSE,FALSE,FALSE,FALSE,FALSE,0,FALSE,NA,NA,FALSE,FALSE,FALSE,FALSE,FALSE,FALSE,FALSE,FALSE,FALSE,FALSE,FALSE,FALSE,NA,NA
449,C1964,20250108_C1964_clip.MP4,504,8.2,NA,8.2,8.2,TRUE,EXP4_FIELD_SPM,FIELD_SPM,FALSE,TRUE,52,24364,4,L. digitata,BR,Winter,Bognor,SPM,SPM,NA,NA,0,4144,0,0,NA,399,1146,1545,0.258252427184466,glass,1429,NA,NA,NA,NA,2024,NA,NA,Laminaria digitata,1545,0.258252427184466,FALSE,FALSE,FALSE,FALSE,FALSE,FALSE,FALSE,FALSE,FALSE,FALSE,FALSE,0,FALSE,NA,NA,FALSE,FALSE,FALSE,FALSE,FALSE,FALSE,FALSE,FALSE,FALSE,FALSE,FALSE,FALSE,NA,NA
450,C1965,20250108_C1965_clip.MP4,504,8.2,NA,8.2,8.2,TRUE,EXP4_FIELD_SPM,FIELD_SPM,FALSE,TRUE,52,24365,4,L. digitata,BR,Winter,Bognor,SPM,SPM,NA,NA,0,4144,0,0,NA,584,1547,2131,0.2740497419052088,glass,433,NA,NA,NA,NA,2024,NA,NA,Laminaria digitata,2131,0.2740497419052088,FALSE,FALSE,FALSE,FALSE,FALSE,FALSE,FALSE,FALSE,FALSE,FALSE,FALSE,0,FALSE,NA,NA,FALSE,FALSE,FALSE,FALSE,FALSE,FALSE,FALSE,FALSE,FALSE,FALSE,FALSE,FALSE,NA,NA
451,C1966,20250108_C1966_clip.MP4,504,8.2,NA,8.2,8.2,TRUE,EXP4_FIELD_SPM,FIELD_SPM,FALSE,TRUE,52,24366,4,L. digitata,BR,Winter,Bognor,SPM,SPM,NA,NA,0,4144,0,0,NA,623,1332,1955,0.31867007672634273,glass,289,NA,NA,NA,NA,2024,NA,NA,Laminaria digitata,1955,0.31867007672634273,FALSE,FALSE,FALSE,FALSE,FALSE,FALSE,FALSE,FALSE,FALSE,FALSE,FALSE,0,FALSE,NA,NA,FALSE,FALSE,FALSE,FALSE,FALSE,FALSE,FALSE,FALSE,FALSE,FALSE,FALSE,FALSE,NA,NA
455,C1970,20250108_C1970_clip.MP4,504,10.2,NA,10.2,10.2,TRUE,EXP2_DEFINED_PARTICLES,DEFINED_PARTICLES,FALSE,TRUE,52,24224,16,L. digitata,BR,Winter,Bognor,PEAT,PEAT,NA,NA,0,25,0,0,NA,295,897,1192,0.24748322147651006,none,NA,NA,NA,NA,NA,2024,NA,NA,Laminaria digitata,1192,0.24748322147651006,FALSE,FALSE,FALSE,FALSE,FALSE,FALSE,FALSE,FALSE,FALSE,FALSE,FALSE,0,FALSE,NA,NA,FALSE,FALSE,FALSE,FALSE,FALSE,FALSE,FALSE,FALSE,FALSE,FALSE,FALSE,FALSE,NA,NA
456,C1971,20250108_C1971_clip.MP4,504,10.2,NA,10.2,10.2,TRUE,EXP2_DEFINED_PARTICLES,DEFINED_PARTICLES,FALSE,TRUE,52,24225,16,L. digitata,BR,Winter,Bognor,PEAT,PEAT,NA,NA,0,25,0,0,NA,519,1714,2233,0.23242274966412899,none,NA,NA,NA,NA,NA,2024,NA,NA,Laminaria digitata,2233,0.23242274966412899,FALSE,FALSE,FALSE,FALSE,FALSE,FALSE,FALSE,FALSE,FALSE,FALSE,FALSE,0,FALSE,NA,NA,FALSE,FALSE,FALSE,FALSE,FALSE,FALSE,FALSE,FALSE,FALSE,FALSE,FALSE,FALSE,NA,NA
457,C1972,20250108_C1972_clip.MP4,504,10.2,NA,10.2,10.2,TRUE,EXP2_DEFINED_PARTICLES,DEFINED_PARTICLES,FALSE,TRUE,52,24226,16,L. digitata,BR,Winter,Bognor,PEAT,PEAT,NA,NA,0,25,0,0,NA,1331,3198,4529,0.29388385957164936,none,NA,NA,NA,NA,NA,2024,NA,NA,Laminaria digitata,4529,0.29388385957164936,FALSE,FALSE,FALSE,FALSE,FALSE,FALSE,FALSE,FALSE,FALSE,FALSE,FALSE,0,FALSE,NA,NA,FALSE,FALSE,FALSE,FALSE,FALSE,FALSE,FALSE,FALSE,FALSE,FALSE,FALSE,FALSE,NA,NA
458,C1973,20250108_C1973_clip.MP4,504,10.2,NA,10.2,10.2,TRUE,EXP2_DEFINED_PARTICLES,DEFINED_PARTICLES,FALSE,TRUE,52,24231,16,L. digitata,BR,Winter,Bognor,PEAT,PEAT,NA,NA,0,100,0,0,NA,259,721,980,0.2642857142857143,none,NA,NA,NA,NA,NA,2024,NA,NA,Laminaria digitata,980,0.2642857142857143,FALSE,FALSE,FALSE,FALSE,FALSE,FALSE,FALSE,FALSE,FALSE,FALSE,FALSE,0,FALSE,NA,NA,FALSE,FALSE,FALSE,FALSE,FALSE,FALSE,FALSE,FALSE,FALSE,FALSE,FALSE,FALSE,NA,NA
459,C1974,20250108_C1974_clip.MP4,504,10.2,NA,10.2,10.2,TRUE,EXP2_DEFINED_PARTICLES,DEFINED_PARTICLES,FALSE,TRUE,52,24232,16,L. digitata,BR,Winter,Bognor,PEAT,PEAT,NA,NA,0,100,0,0,NA,801,1612,2413,0.33195192706174886,none,NA,NA,NA,NA,NA,2024,NA,NA,Laminaria digitata,2413,0.33195192706174886,FALSE,FALSE,FALSE,FALSE,FALSE,FALSE,FALSE,FALSE,FALSE,FALSE,FALSE,0,FALSE,NA,NA,FALSE,FALSE,FALSE,FALSE,FALSE,FALSE,FALSE,FALSE,FALSE,FALSE,FALSE,FALSE,NA,NA
460,C1975,20250108_C1975_clip.MP4,504,10.2,NA,10.2,10.2,TRUE,EXP2_DEFINED_PARTICLES,DEFINED_PARTICLES,FALSE,TRUE,52,24233,16,L. digitata,BR,Winter,Bognor,PEAT,PEAT,NA,NA,0,100,0,0,NA,321,840,1161,0.27648578811369506,none,NA,NA,NA,NA,NA,2024,NA,NA,Laminaria digitata,1161,0.27648578811369506,FALSE,FALSE,FALSE,FALSE,FALSE,FALSE,FALSE,FALSE,FALSE,FALSE,FALSE,0,FALSE,NA,NA,FALSE,FALSE,FALSE,FALSE,FALSE,FALSE,FALSE,FALSE,FALSE,FALSE,FALSE,FALSE,NA,NA
461,C1976,20250108_C1976_clip.MP4,504,10.2,NA,10.2,10.2,TRUE,EXP2_DEFINED_PARTICLES,DEFINED_PARTICLES,FALSE,TRUE,52,24234,16,L. digitata,BR,Winter,Bognor,PEAT,PEAT,NA,NA,0,400,0,0,NA,373,1034,1407,0.26510305614783225,none,NA,NA,NA,NA,NA,2024,NA,NA,Laminaria digitata,1407,0.26510305614783225,FALSE,FALSE,FALSE,FALSE,FALSE,FALSE,FALSE,FALSE,FALSE,FALSE,FALSE,0,FALSE,NA,NA,FALSE,FALSE,FALSE,FALSE,FALSE,FALSE,FALSE,FALSE,FALSE,FALSE,FALSE,FALSE,NA,NA
462,C1977,20250108_C1977_clip.MP4,504,10.2,NA,10.2,10.2,TRUE,EXP2_DEFINED_PARTICLES,DEFINED_PARTICLES,FALSE,TRUE,52,24235,16,L. digitata,BR,Winter,Bognor,PEAT,PEAT,NA,NA,0,400,0,0,NA,2119,3630,5749,0.36858584101582886,none,NA,NA,NA,NA,NA,2024,NA,NA,Laminaria digitata,5749,0.36858584101582886,FALSE,FALSE,FALSE,FALSE,FALSE,FALSE,FALSE,FALSE,FALSE,FALSE,FALSE,0,FALSE,NA,NA,FALSE,FALSE,FALSE,FALSE,FALSE,FALSE,FALSE,FALSE,FALSE,FALSE,FALSE,FALSE,NA,NA
463,C1978,20250108_C1978_clip.MP4,504,10.2,NA,10.2,10.2,TRUE,EXP2_DEFINED_PARTICLES,DEFINED_PARTICLES,FALSE,TRUE,52,24236,16,L. digitata,BR,Winter,Bognor,PEAT,PEAT,NA,NA,0,400,0,0,NA,265,806,1071,0.24743230625583568,none,NA,NA,NA,NA,NA,2024,NA,NA,Laminaria digitata,1071,0.24743230625583568,FALSE,FALSE,FALSE,FALSE,FALSE,FALSE,FALSE,FALSE,FALSE,FALSE,FALSE,0,FALSE,NA,NA,FALSE,FALSE,FALSE,FALSE,FALSE,FALSE,FALSE,FALSE,FALSE,FALSE,FALSE,FALSE,NA,NA
464,C1979,20250108_C1979_clip.MP4,504,10.2,NA,10.2,10.2,TRUE,EXP2_DEFINED_PARTICLES,DEFINED_PARTICLES,FALSE,TRUE,52,24241,16,L. digitata,BR,Winter,Bognor,KAOLINITE,KAOLINITE,NA,NA,0,100,0,0,NA,566,1557,2123,0.26660386245878476,none,NA,NA,NA,NA,NA,2024,NA,NA,Laminaria digitata,2123,0.26660386245878476,FALSE,FALSE,FALSE,FALSE,FALSE,FALSE,FALSE,FALSE,FALSE,FALSE,FALSE,0,FALSE,NA,NA,FALSE,FALSE,FALSE,FALSE,FALSE,FALSE,FALSE,FALSE,FALSE,FALSE,FALSE,FALSE,NA,NA
465,C1980,20250108_C1980_clip.MP4,504,10.2,NA,10.2,10.2,TRUE,EXP2_DEFINED_PARTICLES,DEFINED_PARTICLES,FALSE,TRUE,52,24242,16,L. digitata,BR,Winter,Bognor,KAOLINITE,KAOLINITE,NA,NA,0,100,0,0,NA,335,789,1124,0.29804270462633453,none,NA,NA,NA,NA,NA,2024,NA,NA,Laminaria digitata,1124,0.29804270462633453,FALSE,FALSE,FALSE,FALSE,FALSE,FALSE,FALSE,FALSE,FALSE,FALSE,FALSE,0,FALSE,NA,NA,FALSE,FALSE,FALSE,FALSE,FALSE,FALSE,FALSE,FALSE,FALSE,FALSE,FALSE,FALSE,NA,NA
466,C1981,20250108_C1981_clip.MP4,504,10.2,NA,10.2,10.2,TRUE,EXP2_DEFINED_PARTICLES,DEFINED_PARTICLES,FALSE,TRUE,52,24243,16,L. digitata,BR,Winter,Bognor,KAOLINITE,KAOLINITE,NA,NA,0,100,0,0,NA,261,698,959,0.2721584984358707,none,NA,NA,NA,NA,NA,2024,NA,NA,Laminaria digitata,959,0.2721584984358707,FALSE,FALSE,FALSE,FALSE,FALSE,FALSE,FALSE,FALSE,FALSE,FALSE,FALSE,0,FALSE,NA,NA,FALSE,FALSE,FALSE,FALSE,FALSE,FALSE,FALSE,FALSE,FALSE,FALSE,FALSE,FALSE,NA,NA
467,C1982,20250108_C1982_clip.MP4,504,10.2,NA,10.2,10.2,TRUE,EXP2_DEFINED_PARTICLES,DEFINED_PARTICLES,FALSE,TRUE,52,24244,16,L. digitata,BR,Winter,Bognor,KAOLINITE,KAOLINITE,NA,NA,0,400,0,0,NA,312,847,1159,0.26919758412424505,none,NA,NA,NA,NA,NA,2024,NA,NA,Laminaria digitata,1159,0.26919758412424505,FALSE,FALSE,FALSE,FALSE,FALSE,FALSE,FALSE,FALSE,FALSE,FALSE,FALSE,0,FALSE,NA,NA,FALSE,FALSE,FALSE,FALSE,FALSE,FALSE,FALSE,FALSE,FALSE,FALSE,FALSE,FALSE,NA,NA
468,C1983,20250108_C1983_clip.MP4,504,10.2,NA,10.2,10.2,TRUE,EXP2_DEFINED_PARTICLES,DEFINED_PARTICLES,FALSE,TRUE,52,24245,16,L. digitata,BR,Winter,Bognor,KAOLINITE,KAOLINITE,NA,NA,0,400,0,0,NA,336,1204,1540,0.21818181818181817,none,NA,NA,NA,NA,NA,2024,NA,NA,Laminaria digitata,1540,0.21818181818181817,FALSE,FALSE,FALSE,FALSE,FALSE,FALSE,FALSE,FALSE,FALSE,FALSE,FALSE,0,FALSE,NA,NA,FALSE,FALSE,FALSE,FALSE,FALSE,FALSE,FALSE,FALSE,FALSE,FALSE,FALSE,FALSE,NA,NA
469,C1984,20250108_C1984_clip.MP4,504,10.2,NA,10.2,10.2,TRUE,EXP2_DEFINED_PARTICLES,DEFINED_PARTICLES,FALSE,TRUE,52,24246,16,L. digitata,BR,Winter,Bognor,KAOLINITE,KAOLINITE,NA,NA,0,400,0,0,NA,287,886,1173,0.24467178175618073,none,NA,NA,NA,NA,NA,2024,NA,NA,Laminaria digitata,1173,0.24467178175618073,FALSE,FALSE,FALSE,FALSE,FALSE,FALSE,FALSE,FALSE,FALSE,FALSE,FALSE,0,FALSE,NA,NA,FALSE,FALSE,FALSE,FALSE,FALSE,FALSE,FALSE,FALSE,FALSE,FALSE,FALSE,FALSE,NA,NA
470,C1985,20250108_C1985_clip.MP4,504,10.2,NA,10.2,10.2,TRUE,EXP2_DEFINED_PARTICLES,DEFINED_PARTICLES,FALSE,TRUE,52,24251,16,L. digitata,BR,Winter,Bognor,SAND,SAND,NA,NA,0,100,0,0,NA,267,730,997,0.2678034102306921,none,NA,NA,NA,NA,NA,2024,NA,NA,Laminaria digitata,997,0.2678034102306921,FALSE,FALSE,FALSE,FALSE,FALSE,FALSE,FALSE,FALSE,FALSE,FALSE,FALSE,0,FALSE,NA,NA,FALSE,FALSE,FALSE,FALSE,FALSE,FALSE,FALSE,FALSE,FALSE,FALSE,FALSE,FALSE,NA,NA
471,C1986,20250108_C1986_clip.MP4,504,10.2,NA,10.2,10.2,TRUE,EXP2_DEFINED_PARTICLES,DEFINED_PARTICLES,FALSE,TRUE,52,24252,16,L. digitata,BR,Winter,Bognor,SAND,SAND,NA,NA,0,100,0,0,NA,379,960,1339,0.2830470500373413,none,NA,NA,NA,NA,NA,2024,NA,NA,Laminaria digitata,1339,0.2830470500373413,FALSE,FALSE,FALSE,FALSE,FALSE,FALSE,FALSE,FALSE,FALSE,FALSE,FALSE,0,FALSE,NA,NA,FALSE,FALSE,FALSE,FALSE,FALSE,FALSE,FALSE,FALSE,FALSE,FALSE,FALSE,FALSE,NA,NA
472,C1987,20250108_C1987_clip.MP4,504,10.2,NA,10.2,10.2,TRUE,EXP2_DEFINED_PARTICLES,DEFINED_PARTICLES,FALSE,TRUE,52,24253,16,L. digitata,BR,Winter,Bognor,SAND,SAND,NA,NA,0,100,0,0,NA,270,747,1017,0.26548672566371684,none,NA,NA,NA,NA,NA,2024,NA,NA,Laminaria digitata,1017,0.26548672566371684,FALSE,FALSE,FALSE,FALSE,FALSE,FALSE,FALSE,FALSE,FALSE,FALSE,FALSE,0,FALSE,NA,NA,FALSE,FALSE,FALSE,FALSE,FALSE,FALSE,FALSE,FALSE,FALSE,FALSE,FALSE,FALSE,NA,NA
473,C1988,20250108_C1988_clip.MP4,504,10.2,NA,10.2,10.2,TRUE,EXP2_DEFINED_PARTICLES,DEFINED_PARTICLES,FALSE,TRUE,52,24254,16,L. digitata,BR,Winter,Bognor,SAND,SAND,NA,NA,0,400,0,0,NA,250,740,990,0.25252525252525254,none,NA,NA,NA,NA,NA,2024,NA,NA,Laminaria digitata,990,0.25252525252525254,FALSE,FALSE,FALSE,FALSE,FALSE,FALSE,FALSE,FALSE,FALSE,FALSE,FALSE,0,FALSE,NA,NA,FALSE,FALSE,FALSE,FALSE,FALSE,FALSE,FALSE,FALSE,FALSE,FALSE,FALSE,FALSE,NA,NA
474,C1989,20250108_C1989_clip.MP4,504,10.2,NA,10.2,10.2,TRUE,EXP2_DEFINED_PARTICLES,DEFINED_PARTICLES,FALSE,TRUE,52,24255,16,L. digitata,BR,Winter,Bognor,SAND,SAND,NA,NA,0,400,0,0,NA,270,715,985,0.27411167512690354,none,NA,NA,NA,NA,NA,2024,NA,NA,Laminaria digitata,985,0.27411167512690354,FALSE,FALSE,FALSE,FALSE,FALSE,FALSE,FALSE,FALSE,FALSE,FALSE,FALSE,0,FALSE,NA,NA,FALSE,FALSE,FALSE,FALSE,FALSE,FALSE,FALSE,FALSE,FALSE,FALSE,FALSE,FALSE,NA,NA
475,C1990,20250108_C1990_clip.MP4,504,10.2,NA,10.2,10.2,TRUE,EXP2_DEFINED_PARTICLES,DEFINED_PARTICLES,FALSE,TRUE,52,24256,16,L. digitata,BR,Winter,Bognor,SAND,SAND,NA,NA,0,400,0,0,NA,338,910,1248,0.2708333333333333,none,NA,NA,NA,NA,NA,2024,NA,NA,Laminaria digitata,1248,0.2708333333333333,FALSE,FALSE,FALSE,FALSE,FALSE,FALSE,FALSE,FALSE,FALSE,FALSE,FALSE,0,FALSE,NA,NA,FALSE,FALSE,FALSE,FALSE,FALSE,FALSE,FALSE,FALSE,FALSE,FALSE,FALSE,FALSE,NA,NA
476,C1991,20250108_C1991_clip.MP4,504,10.2,NA,10.2,10.2,TRUE,EXP2_DEFINED_PARTICLES,DEFINED_PARTICLES,FALSE,TRUE,52,24261,16,L. digitata,BR,Winter,Bognor,SAND,SAND,NA,NA,0,25,0,0,NA,263,767,1030,0.25533980582524274,none,NA,NA,NA,NA,NA,2024,NA,NA,Laminaria digitata,1030,0.25533980582524274,FALSE,FALSE,FALSE,FALSE,FALSE,FALSE,FALSE,FALSE,FALSE,FALSE,FALSE,0,FALSE,NA,NA,FALSE,FALSE,FALSE,FALSE,FALSE,FALSE,FALSE,FALSE,FALSE,FALSE,FALSE,FALSE,NA,NA
477,C1992,20250108_C1992_clip.MP4,504,10.2,NA,10.2,10.2,TRUE,EXP2_DEFINED_PARTICLES,DEFINED_PARTICLES,FALSE,TRUE,52,24262,16,L. digitata,BR,Winter,Bognor,SAND,SAND,NA,NA,0,25,0,0,NA,295,753,1048,0.2814885496183206,none,NA,NA,NA,NA,NA,2024,NA,NA,Laminaria digitata,1048,0.2814885496183206,FALSE,FALSE,FALSE,FALSE,FALSE,FALSE,FALSE,FALSE,FALSE,FALSE,FALSE,0,FALSE,NA,NA,FALSE,FALSE,FALSE,FALSE,FALSE,FALSE,FALSE,FALSE,FALSE,FALSE,FALSE,FALSE,NA,NA
478,C1993,20250108_C1993_clip.MP4,504,10.2,NA,10.2,10.2,TRUE,EXP2_DEFINED_PARTICLES,DEFINED_PARTICLES,FALSE,TRUE,52,24263,16,L. digitata,BR,Winter,Bognor,SAND,SAND,NA,NA,0,25,0,0,NA,274,714,988,0.2773279352226721,none,NA,NA,NA,NA,NA,2024,NA,NA,Laminaria digitata,988,0.2773279352226721,FALSE,FALSE,FALSE,FALSE,FALSE,FALSE,FALSE,FALSE,FALSE,FALSE,FALSE,0,FALSE,NA,NA,FALSE,FALSE,FALSE,FALSE,FALSE,FALSE,FALSE,FALSE,FALSE,FALSE,FALSE,FALSE,NA,NA
479,C1994,20250108_C1994_clip.MP4,504,10.2,NA,10.2,10.2,TRUE,EXP2_DEFINED_PARTICLES,DEFINED_PARTICLES,FALSE,TRUE,52,24264,16,L. digitata,BR,Winter,Bognor,KAOLINITE,KAOLINITE,NA,NA,0,25,0,0,NA,290,840,1130,0.25663716814159293,none,NA,NA,NA,NA,NA,2024,NA,NA,Laminaria digitata,1130,0.25663716814159293,FALSE,FALSE,FALSE,FALSE,FALSE,FALSE,FALSE,FALSE,FALSE,FALSE,FALSE,0,FALSE,NA,NA,FALSE,FALSE,FALSE,FALSE,FALSE,FALSE,FALSE,FALSE,FALSE,FALSE,FALSE,FALSE,NA,NA
480,C1995,20250108_C1995_clip.MP4,504,10.2,NA,10.2,10.2,TRUE,EXP2_DEFINED_PARTICLES,DEFINED_PARTICLES,FALSE,TRUE,52,24265,16,L. digitata,BR,Winter,Bognor,KAOLINITE,KAOLINITE,NA,NA,0,25,0,0,NA,280,899,1179,0.23748939779474132,none,NA,NA,NA,NA,NA,2024,NA,NA,Laminaria digitata,1179,0.23748939779474132,FALSE,FALSE,FALSE,FALSE,FALSE,FALSE,FALSE,FALSE,FALSE,FALSE,FALSE,0,FALSE,NA,NA,FALSE,FALSE,FALSE,FALSE,FALSE,FALSE,FALSE,FALSE,FALSE,FALSE,FALSE,FALSE,NA,NA
481,C1996,20250108_C1996_clip.MP4,504,10.2,NA,10.2,10.2,TRUE,EXP2_DEFINED_PARTICLES,DEFINED_PARTICLES,FALSE,TRUE,52,24266,16,L. digitata,BR,Winter,Bognor,KAOLINITE,KAOLINITE,NA,NA,0,25,0,0,NA,286,796,1082,0.2643253234750462,none,NA,NA,NA,NA,NA,2024,NA,NA,Laminaria digitata,1082,0.2643253234750462,FALSE,FALSE,FALSE,FALSE,FALSE,FALSE,FALSE,FALSE,FALSE,FALSE,FALSE,0,FALSE,NA,NA,FALSE,FALSE,FALSE,FALSE,FALSE,FALSE,FALSE,FALSE,FALSE,FALSE,FALSE,FALSE,NA,NA
482,C1997,20250108_C1997_clip.MP4,504,9.2,NA,9.2,9.2,TRUE,EXP1_LIGHT,LIGHT_ONLY,TRUE,TRUE,52,24271,16,L. digitata,BR,Winter,Bognor,CONTROL,NA,NA,NA,70,0,0,0,NA,282,791,1073,0.26281453867660765,none,NA,NA,NA,NA,NA,2024,NA,NA,Laminaria digitata,1073,0.26281453867660765,FALSE,FALSE,FALSE,FALSE,FALSE,FALSE,FALSE,FALSE,FALSE,FALSE,FALSE,0,FALSE,NA,NA,FALSE,FALSE,FALSE,FALSE,FALSE,FALSE,FALSE,FALSE,FALSE,FALSE,FALSE,FALSE,NA,NA
483,C1998,20250108_C1998_clip.MP4,504,9.2,NA,9.2,9.2,TRUE,EXP1_LIGHT,LIGHT_ONLY,TRUE,TRUE,52,24272,16,L. digitata,BR,Winter,Bognor,CONTROL,NA,NA,NA,70,0,0,0,NA,277,761,1038,0.26685934489402696,none,NA,NA,NA,NA,NA,2024,NA,NA,Laminaria digitata,1038,0.26685934489402696,FALSE,FALSE,FALSE,FALSE,FALSE,FALSE,FALSE,FALSE,FALSE,FALSE,FALSE,0,FALSE,NA,NA,FALSE,FALSE,FALSE,FALSE,FALSE,FALSE,FALSE,FALSE,FALSE,FALSE,FALSE,FALSE,NA,NA
484,C1999,20250108_C1999_clip.MP4,504,9.2,NA,9.2,9.2,TRUE,EXP1_LIGHT,LIGHT_ONLY,TRUE,TRUE,52,24273,16,L. digitata,BR,Winter,Bognor,CONTROL,NA,NA,NA,70,0,0,0,NA,275,696,971,0.28321318228630277,none,NA,NA,NA,NA,NA,2024,NA,NA,Laminaria digitata,971,0.28321318228630277,FALSE,FALSE,FALSE,FALSE,FALSE,FALSE,FALSE,FALSE,FALSE,FALSE,FALSE,0,FALSE,NA,NA,FALSE,FALSE,FALSE,FALSE,FALSE,FALSE,FALSE,FALSE,FALSE,FALSE,FALSE,FALSE,NA,NA
485,C2000,20250108_C2000_clip.MP4,504,9.2,NA,9.2,9.2,TRUE,EXP1_LIGHT,LIGHT_ONLY,TRUE,TRUE,52,24274,16,L. digitata,BR,Winter,Bognor,CONTROL,NA,NA,NA,70,0,0,0,NA,11552,20386,31938,0.36170079529087606,none,NA,NA,NA,NA,NA,2024,NA,NA,Laminaria digitata,31938,0.36170079529087606,FALSE,FALSE,FALSE,FALSE,FALSE,FALSE,FALSE,FALSE,FALSE,FALSE,FALSE,0,FALSE,NA,NA,FALSE,FALSE,FALSE,FALSE,FALSE,FALSE,FALSE,FALSE,FALSE,FALSE,FALSE,FALSE,NA,NA
486,C2001,20250108_C2001_clip.MP4,504,9.2,NA,9.2,9.2,TRUE,EXP1_LIGHT,LIGHT_ONLY,TRUE,TRUE,52,24275,16,L. digitata,BR,Winter,Bognor,CONTROL,NA,NA,NA,70,0,0,0,NA,303,912,1215,0.24938271604938272,none,NA,NA,NA,NA,NA,2024,NA,NA,Laminaria digitata,1215,0.24938271604938272,FALSE,FALSE,FALSE,FALSE,FALSE,FALSE,FALSE,FALSE,FALSE,FALSE,FALSE,0,FALSE,NA,NA,FALSE,FALSE,FALSE,FALSE,FALSE,FALSE,FALSE,FALSE,FALSE,FALSE,FALSE,FALSE,NA,NA
487,C2002,20250108_C2002_clip.MP4,504,9.2,NA,9.2,9.2,TRUE,EXP1_LIGHT,LIGHT_ONLY,TRUE,TRUE,52,24276,16,L. digitata,BR,Winter,Bognor,CONTROL,NA,NA,NA,117,0,0,0,NA,334,836,1170,0.28547008547008546,none,NA,NA,NA,NA,NA,2024,NA,NA,Laminaria digitata,1170,0.28547008547008546,FALSE,FALSE,FALSE,FALSE,FALSE,FALSE,FALSE,FALSE,FALSE,FALSE,FALSE,0,FALSE,NA,NA,FALSE,FALSE,FALSE,FALSE,FALSE,FALSE,FALSE,FALSE,FALSE,FALSE,FALSE,FALSE,NA,NA
488,C2003,20250108_C2003_clip.MP4,504,9.2,NA,9.2,9.2,TRUE,EXP1_LIGHT,LIGHT_ONLY,TRUE,TRUE,52,24281,16,L. digitata,BR,Winter,Bognor,CONTROL,NA,NA,NA,117,0,0,0,NA,530,1279,1809,0.29297954671089,none,NA,NA,NA,NA,NA,2024,NA,NA,Laminaria digitata,1809,0.29297954671089,FALSE,FALSE,FALSE,FALSE,FALSE,FALSE,FALSE,FALSE,FALSE,FALSE,FALSE,0,FALSE,NA,NA,FALSE,FALSE,FALSE,FALSE,FALSE,FALSE,FALSE,FALSE,FALSE,FALSE,FALSE,FALSE,NA,NA
489,C2004,20250108_C2004_clip.MP4,504,9.2,NA,9.2,9.2,TRUE,EXP1_LIGHT,LIGHT_ONLY,TRUE,TRUE,52,24282,16,L. digitata,BR,Winter,Bognor,CONTROL,NA,NA,NA,117,0,0,0,NA,268,772,1040,0.25769230769230766,none,NA,NA,NA,NA,NA,2024,NA,NA,Laminaria digitata,1040,0.25769230769230766,FALSE,FALSE,FALSE,FALSE,FALSE,FALSE,FALSE,FALSE,FALSE,FALSE,FALSE,0,FALSE,NA,NA,FALSE,FALSE,FALSE,FALSE,FALSE,FALSE,FALSE,FALSE,FALSE,FALSE,FALSE,FALSE,NA,NA
490,C2005,20250108_C2005_clip.MP4,504,9.2,NA,9.2,9.2,TRUE,EXP1_LIGHT,LIGHT_ONLY,TRUE,TRUE,52,24283,16,L. digitata,BR,Winter,Bognor,CONTROL,NA,NA,NA,117,0,0,0,NA,297,834,1131,0.2625994694960212,none,NA,NA,NA,NA,NA,2024,NA,NA,Laminaria digitata,1131,0.2625994694960212,FALSE,FALSE,FALSE,FALSE,FALSE,FALSE,FALSE,FALSE,FALSE,FALSE,FALSE,0,FALSE,NA,NA,FALSE,FALSE,FALSE,FALSE,FALSE,FALSE,FALSE,FALSE,FALSE,FALSE,FALSE,FALSE,NA,NA
491,C2006,20250108_C2006_clip.MP4,504,9.2,NA,9.2,9.2,TRUE,EXP1_LIGHT,LIGHT_ONLY,TRUE,TRUE,52,24284,16,L. digitata,BR,Winter,Bognor,CONTROL,NA,NA,NA,117,0,0,0,NA,305,949,1254,0.24322169059011164,none,NA,NA,NA,NA,NA,2024,NA,NA,Laminaria digitata,1254,0.24322169059011164,FALSE,FALSE,FALSE,FALSE,FALSE,FALSE,FALSE,FALSE,FALSE,FALSE,FALSE,0,FALSE,NA,NA,FALSE,FALSE,FALSE,FALSE,FALSE,FALSE,FALSE,FALSE,FALSE,FALSE,FALSE,FALSE,NA,NA
492,C2007,20250108_C2007_clip.MP4,504,9.2,NA,9.2,9.2,TRUE,EXP1_LIGHT,LIGHT_ONLY,TRUE,TRUE,52,24285,16,L. digitata,BR,Winter,Bognor,CONTROL,NA,NA,NA,117,0,0,0,NA,345,1221,1566,0.22030651340996169,none,NA,NA,NA,NA,NA,2024,NA,NA,Laminaria digitata,1566,0.22030651340996169,FALSE,FALSE,FALSE,FALSE,FALSE,FALSE,FALSE,FALSE,FALSE,FALSE,FALSE,0,FALSE,NA,NA,FALSE,FALSE,FALSE,FALSE,FALSE,FALSE,FALSE,FALSE,FALSE,FALSE,FALSE,FALSE,NA,NA
493,C2008,20250108_C2008_clip.MP4,504,9.2,NA,9.2,9.2,TRUE,EXP1_LIGHT,LIGHT_ONLY,TRUE,TRUE,52,24286,16,L. digitata,BR,Winter,Bognor,CONTROL,NA,NA,NA,117,0,0,0,NA,317,832,1149,0.2758920800696258,none,NA,NA,NA,NA,NA,2024,NA,NA,Laminaria digitata,1149,0.2758920800696258,FALSE,FALSE,FALSE,FALSE,FALSE,FALSE,FALSE,FALSE,FALSE,FALSE,FALSE,0,FALSE,NA,NA,FALSE,FALSE,FALSE,FALSE,FALSE,FALSE,FALSE,FALSE,FALSE,FALSE,FALSE,FALSE,NA,NA
494,C2009,20250108_C2009_clip.MP4,504,9.2,NA,9.2,9.2,TRUE,EXP1_LIGHT,LIGHT_ONLY,TRUE,TRUE,52,24291,16,L. digitata,BR,Winter,Bognor,CONTROL,NA,NA,NA,4,0,0,0,NA,420,1147,1567,0.26802807913209953,none,NA,NA,NA,NA,NA,2024,NA,NA,Laminaria digitata,1567,0.26802807913209953,FALSE,FALSE,FALSE,FALSE,FALSE,FALSE,FALSE,FALSE,FALSE,FALSE,FALSE,0,FALSE,NA,NA,FALSE,FALSE,FALSE,FALSE,FALSE,FALSE,FALSE,FALSE,FALSE,FALSE,FALSE,FALSE,NA,NA
495,C2010,20250108_C2010_clip.MP4,504,9.2,NA,9.2,9.2,TRUE,EXP1_LIGHT,LIGHT_ONLY,TRUE,TRUE,52,24292,16,L. digitata,BR,Winter,Bognor,CONTROL,NA,NA,NA,4,0,0,0,NA,284,713,997,0.2848545636910732,none,NA,NA,NA,NA,NA,2024,NA,NA,Laminaria digitata,997,0.2848545636910732,FALSE,FALSE,FALSE,FALSE,FALSE,FALSE,FALSE,FALSE,FALSE,FALSE,FALSE,0,FALSE,NA,NA,FALSE,FALSE,FALSE,FALSE,FALSE,FALSE,FALSE,FALSE,FALSE,FALSE,FALSE,FALSE,NA,NA
496,C2011,20250108_C2011_clip.MP4,504,9.2,NA,9.2,9.2,TRUE,EXP1_LIGHT,LIGHT_ONLY,TRUE,TRUE,52,24293,16,L. digitata,BR,Winter,Bognor,CONTROL,NA,NA,NA,4,0,0,0,NA,309,755,1064,0.29041353383458646,none,NA,NA,NA,NA,NA,2024,NA,NA,Laminaria digitata,1064,0.29041353383458646,FALSE,FALSE,FALSE,FALSE,FALSE,FALSE,FALSE,FALSE,FALSE,FALSE,FALSE,0,FALSE,NA,NA,FALSE,FALSE,FALSE,FALSE,FALSE,FALSE,FALSE,FALSE,FALSE,FALSE,FALSE,FALSE,NA,NA
497,C2012,20250108_C2012_clip.MP4,504,9.2,NA,9.2,9.2,TRUE,EXP1_LIGHT,LIGHT_ONLY,TRUE,TRUE,52,24294,16,L. digitata,BR,Winter,Bognor,CONTROL,NA,NA,NA,4,0,0,0,NA,310,946,1256,0.24681528662420382,none,NA,NA,NA,NA,NA,2024,NA,NA,Laminaria digitata,1256,0.24681528662420382,FALSE,FALSE,FALSE,FALSE,FALSE,FALSE,FALSE,FALSE,FALSE,FALSE,FALSE,0,FALSE,NA,NA,FALSE,FALSE,FALSE,FALSE,FALSE,FALSE,FALSE,FALSE,FALSE,FALSE,FALSE,FALSE,NA,NA
498,C2014,20250108_C2014_clip.MP4,504,9.2,NA,9.2,9.2,TRUE,EXP1_LIGHT,LIGHT_ONLY,TRUE,TRUE,52,24295,16,L. digitata,BR,Winter,Bognor,CONTROL,NA,NA,NA,4,0,0,0,NA,294,915,1209,0.24317617866004962,none,NA,NA,NA,NA,NA,2024,NA,NA,Laminaria digitata,1209,0.24317617866004962,FALSE,FALSE,FALSE,FALSE,FALSE,FALSE,FALSE,FALSE,FALSE,FALSE,FALSE,0,FALSE,NA,NA,FALSE,FALSE,FALSE,FALSE,FALSE,FALSE,FALSE,FALSE,FALSE,FALSE,FALSE,FALSE,NA,NA
499,C2015,20250108_C2015_clip.MP4,504,9.2,NA,9.2,9.2,TRUE,EXP1_LIGHT,LIGHT_ONLY,TRUE,TRUE,52,24296,16,L. digitata,BR,Winter,Bognor,CONTROL,NA,NA,NA,4,0,0,0,NA,524,1594,2118,0.2474032105760151,none,NA,NA,NA,NA,NA,2024,NA,NA,Laminaria digitata,2118,0.2474032105760151,FALSE,FALSE,FALSE,FALSE,FALSE,FALSE,FALSE,FALSE,FALSE,FALSE,FALSE,0,FALSE,NA,NA,FALSE,FALSE,FALSE,FALSE,FALSE,FALSE,FALSE,FALSE,FALSE,FALSE,FALSE,FALSE,NA,NA
500,C2016,20250108_C2016_clip.MP4,504,9.2,NA,9.2,9.2,TRUE,EXP1_LIGHT,LIGHT_ONLY,TRUE,TRUE,52,24301,16,L. digitata,BR,Winter,Bognor,CONTROL,NA,NA,NA,0,0,0,0,NA,291,1170,1461,0.19917864476386038,none,NA,NA,NA,NA,NA,2024,NA,NA,Laminaria digitata,1461,0.19917864476386038,FALSE,FALSE,FALSE,FALSE,FALSE,FALSE,FALSE,FALSE,FALSE,FALSE,FALSE,0,FALSE,NA,NA,FALSE,FALSE,FALSE,FALSE,FALSE,FALSE,FALSE,FALSE,FALSE,FALSE,FALSE,FALSE,NA,NA
501,C2017,20250108_C2017_clip.MP4,504,9.2,NA,9.2,9.2,TRUE,EXP1_LIGHT,LIGHT_ONLY,TRUE,TRUE,52,24302,16,L. digitata,BR,Winter,Bognor,CONTROL,NA,NA,NA,0,0,0,0,NA,313,900,1213,0.258037922506183,none,NA,NA,NA,NA,NA,2024,NA,NA,Laminaria digitata,1213,0.258037922506183,FALSE,FALSE,FALSE,FALSE,FALSE,FALSE,FALSE,FALSE,FALSE,FALSE,FALSE,0,FALSE,NA,NA,FALSE,FALSE,FALSE,FALSE,FALSE,FALSE,FALSE,FALSE,FALSE,FALSE,FALSE,FALSE,NA,NA
502,C2018,20250108_C2018_clip.MP4,504,9.2,NA,9.2,9.2,TRUE,EXP1_LIGHT,LIGHT_ONLY,TRUE,TRUE,52,24303,16,L. digitata,BR,Winter,Bognor,CONTROL,NA,NA,NA,0,0,0,0,NA,750,2224,2974,0.25218560860793543,none,NA,NA,NA,NA,NA,2024,NA,NA,Laminaria digitata,2974,0.25218560860793543,FALSE,FALSE,FALSE,FALSE,FALSE,FALSE,FALSE,FALSE,FALSE,FALSE,FALSE,0,FALSE,NA,NA,FALSE,FALSE,FALSE,FALSE,FALSE,FALSE,FALSE,FALSE,FALSE,FALSE,FALSE,FALSE,NA,NA
503,C2019,20250108_C2019_clip.MP4,504,9.2,NA,9.2,9.2,TRUE,EXP1_LIGHT,LIGHT_ONLY,TRUE,TRUE,52,24304,16,L. digitata,BR,Winter,Bognor,CONTROL,NA,NA,NA,0,0,0,0,NA,540,2120,2660,0.20300751879699247,none,NA,NA,NA,NA,NA,2024,NA,NA,Laminaria digitata,2660,0.20300751879699247,FALSE,FALSE,FALSE,FALSE,FALSE,FALSE,FALSE,FALSE,FALSE,FALSE,FALSE,0,FALSE,NA,NA,FALSE,FALSE,FALSE,FALSE,FALSE,FALSE,FALSE,FALSE,FALSE,FALSE,FALSE,FALSE,NA,NA
504,C2020,20250108_C2020_clip.MP4,504,9.2,NA,9.2,9.2,TRUE,EXP1_LIGHT,LIGHT_ONLY,TRUE,TRUE,52,24305,16,L. digitata,BR,Winter,Bognor,CONTROL,NA,NA,NA,0,0,0,0,NA,439,1188,1627,0.2698217578365089,none,NA,NA,NA,NA,NA,2024,NA,NA,Laminaria digitata,1627,0.2698217578365089,FALSE,FALSE,FALSE,FALSE,FALSE,FALSE,FALSE,FALSE,FALSE,FALSE,FALSE,0,FALSE,NA,NA,FALSE,FALSE,FALSE,FALSE,FALSE,FALSE,FALSE,FALSE,FALSE,FALSE,FALSE,FALSE,NA,NA
505,C2021,20250108_C2021_clip.MP4,504,9.2,NA,9.2,9.2,TRUE,EXP1_LIGHT,LIGHT_ONLY,TRUE,TRUE,52,24306,16,L. digitata,BR,Winter,Bognor,CONTROL,NA,NA,NA,0,0,0,0,NA,264,852,1116,0.23655913978494625,none,NA,NA,NA,NA,NA,2024,NA,NA,Laminaria digitata,1116,0.23655913978494625,FALSE,FALSE,FALSE,FALSE,FALSE,FALSE,FALSE,FALSE,FALSE,FALSE,FALSE,0,FALSE,NA,NA,FALSE,FALSE,FALSE,FALSE,FALSE,FALSE,FALSE,FALSE,FALSE,FALSE,FALSE,FALSE,NA,NA
506,C2022,20250108_C2022_clip.MP4,504,8.2,NA,8.2,8.2,TRUE,EXP4_FIELD_SPM,FIELD_SPM,TRUE,TRUE,52,24311,12,L. digitata,BR,Winter,Bognor,CONTROL,NA,NA,NA,0,0,0,0,NA,753,1411,2164,0.3479667282809612,none,NA,NA,NA,NA,NA,2024,NA,NA,Laminaria digitata,2164,0.3479667282809612,FALSE,FALSE,FALSE,FALSE,FALSE,FALSE,FALSE,FALSE,FALSE,FALSE,FALSE,0,FALSE,NA,NA,FALSE,FALSE,FALSE,FALSE,FALSE,FALSE,FALSE,FALSE,FALSE,FALSE,FALSE,FALSE,NA,NA
507,C2023,20250108_C2023_clip.MP4,504,8.2,NA,8.2,8.2,TRUE,EXP4_FIELD_SPM,FIELD_SPM,TRUE,TRUE,52,24312,12,L. digitata,BR,Winter,Bognor,CONTROL,NA,NA,NA,0,0,0,0,NA,463,904,1367,0.33869787856620337,none,NA,NA,NA,NA,NA,2024,NA,NA,Laminaria digitata,1367,0.33869787856620337,FALSE,FALSE,FALSE,FALSE,FALSE,FALSE,FALSE,FALSE,FALSE,FALSE,FALSE,0,FALSE,NA,NA,FALSE,FALSE,FALSE,FALSE,FALSE,FALSE,FALSE,FALSE,FALSE,FALSE,FALSE,FALSE,NA,NA
508,C2024,20250108_C2024_clip.MP4,504,8.2,NA,8.2,8.2,TRUE,EXP4_FIELD_SPM,FIELD_SPM,TRUE,TRUE,52,24313,12,L. digitata,BR,Winter,Bognor,CONTROL,NA,NA,NA,0,0,0,0,NA,464,1115,1579,0.29385687143761874,none,NA,NA,NA,NA,NA,2024,NA,NA,Laminaria digitata,1579,0.29385687143761874,FALSE,FALSE,FALSE,FALSE,FALSE,FALSE,FALSE,FALSE,FALSE,FALSE,FALSE,0,FALSE,NA,NA,FALSE,FALSE,FALSE,FALSE,FALSE,FALSE,FALSE,FALSE,FALSE,FALSE,FALSE,FALSE,NA,NA
509,C2025,20250108_C2025_clip.MP4,504,8.2,NA,8.2,8.2,TRUE,EXP4_FIELD_SPM,FIELD_SPM,FALSE,TRUE,52,24314,12,L. digitata,BR,Winter,Bognor,SPM,SPM,NA,NA,0,5,0,0,NA,306,896,1202,0.2545757071547421,none,NA,NA,NA,NA,NA,2024,NA,NA,Laminaria digitata,1202,0.2545757071547421,FALSE,FALSE,FALSE,FALSE,FALSE,FALSE,FALSE,FALSE,FALSE,FALSE,FALSE,0,FALSE,NA,NA,FALSE,FALSE,FALSE,FALSE,FALSE,FALSE,FALSE,FALSE,FALSE,FALSE,FALSE,FALSE,NA,NA
510,C2026,20250108_C2026_clip.MP4,504,8.2,NA,8.2,8.2,TRUE,EXP4_FIELD_SPM,FIELD_SPM,FALSE,TRUE,52,24315,12,L. digitata,BR,Winter,Bognor,SPM,SPM,NA,NA,0,5,0,0,NA,315,826,1141,0.27607361963190186,none,NA,NA,NA,NA,NA,2024,NA,NA,Laminaria digitata,1141,0.27607361963190186,FALSE,FALSE,FALSE,FALSE,FALSE,FALSE,FALSE,FALSE,FALSE,FALSE,FALSE,0,FALSE,NA,NA,FALSE,FALSE,FALSE,FALSE,FALSE,FALSE,FALSE,FALSE,FALSE,FALSE,FALSE,FALSE,NA,NA
511,C2027,20250108_C2027_clip.MP4,504,8.2,NA,8.2,8.2,TRUE,EXP4_FIELD_SPM,FIELD_SPM,FALSE,TRUE,52,24316,12,L. digitata,BR,Winter,Bognor,SPM,SPM,NA,NA,0,5,0,0,NA,314,854,1168,0.2688356164383562,none,NA,NA,NA,NA,NA,2024,NA,NA,Laminaria digitata,1168,0.2688356164383562,FALSE,FALSE,FALSE,FALSE,FALSE,FALSE,FALSE,FALSE,FALSE,FALSE,FALSE,0,FALSE,NA,NA,FALSE,FALSE,FALSE,FALSE,FALSE,FALSE,FALSE,FALSE,FALSE,FALSE,FALSE,FALSE,NA,NA
512,C2028,20250108_C2028_clip.MP4,504,8.2,NA,8.2,8.2,TRUE,EXP4_FIELD_SPM,FIELD_SPM,FALSE,TRUE,52,24321,12,L. digitata,BR,Winter,Bognor,SPM,SPM,NA,NA,0,25,0,0,NA,599,1046,1645,0.3641337386018237,none,NA,NA,NA,NA,NA,2024,NA,NA,Laminaria digitata,1645,0.3641337386018237,FALSE,FALSE,FALSE,FALSE,FALSE,FALSE,FALSE,FALSE,FALSE,FALSE,FALSE,0,FALSE,NA,NA,FALSE,FALSE,FALSE,FALSE,FALSE,FALSE,FALSE,FALSE,FALSE,FALSE,FALSE,FALSE,NA,NA
513,C2029,20250108_C2029_clip.MP4,504,8.2,NA,8.2,8.2,TRUE,EXP4_FIELD_SPM,FIELD_SPM,FALSE,TRUE,52,24322,12,L. digitata,BR,Winter,Bognor,SPM,SPM,NA,NA,0,25,0,0,NA,378,877,1255,0.301195219123506,none,NA,NA,NA,NA,NA,2024,NA,NA,Laminaria digitata,1255,0.301195219123506,FALSE,FALSE,FALSE,FALSE,FALSE,FALSE,FALSE,FALSE,FALSE,FALSE,FALSE,0,FALSE,NA,NA,FALSE,FALSE,FALSE,FALSE,FALSE,FALSE,FALSE,FALSE,FALSE,FALSE,FALSE,FALSE,NA,NA
514,C2030,20250108_C2030_clip.MP4,504,8.2,NA,8.2,8.2,TRUE,EXP4_FIELD_SPM,FIELD_SPM,FALSE,TRUE,52,24323,12,L. digitata,BR,Winter,Bognor,SPM,SPM,NA,NA,0,25,0,0,NA,287,723,1010,0.28415841584158413,none,NA,NA,NA,NA,NA,2024,NA,NA,Laminaria digitata,1010,0.28415841584158413,FALSE,FALSE,FALSE,FALSE,FALSE,FALSE,FALSE,FALSE,FALSE,FALSE,FALSE,0,FALSE,NA,NA,FALSE,FALSE,FALSE,FALSE,FALSE,FALSE,FALSE,FALSE,FALSE,FALSE,FALSE,FALSE,NA,NA
515,C2031,20250108_C2031_clip.MP4,504,8.2,NA,8.2,8.2,TRUE,EXP4_FIELD_SPM,FIELD_SPM,FALSE,TRUE,52,24324,12,L. digitata,BR,Winter,Bognor,SPM,SPM,NA,NA,0,125,0,0,NA,416,971,1387,0.2999279019466474,none,NA,NA,NA,NA,NA,2024,NA,NA,Laminaria digitata,1387,0.2999279019466474,FALSE,FALSE,FALSE,FALSE,FALSE,FALSE,FALSE,FALSE,FALSE,FALSE,FALSE,0,FALSE,NA,NA,FALSE,FALSE,FALSE,FALSE,FALSE,FALSE,FALSE,FALSE,FALSE,FALSE,FALSE,FALSE,NA,NA
516,C2032,20250108_C2032_clip.MP4,504,8.2,NA,8.2,8.2,TRUE,EXP4_FIELD_SPM,FIELD_SPM,FALSE,TRUE,52,24325,12,L. digitata,BR,Winter,Bognor,SPM,SPM,NA,NA,0,125,0,0,NA,464,1697,2161,0.21471540953262377,none,NA,NA,NA,NA,NA,2024,NA,NA,Laminaria digitata,2161,0.21471540953262377,FALSE,FALSE,FALSE,FALSE,FALSE,FALSE,FALSE,FALSE,FALSE,FALSE,FALSE,0,FALSE,NA,NA,FALSE,FALSE,FALSE,FALSE,FALSE,FALSE,FALSE,FALSE,FALSE,FALSE,FALSE,FALSE,NA,NA
517,C2033,20250108_C2033_clip.MP4,504,8.2,NA,8.2,8.2,TRUE,EXP4_FIELD_SPM,FIELD_SPM,FALSE,TRUE,52,24326,12,L. digitata,BR,Winter,Bognor,SPM,SPM,NA,NA,0,125,0,0,NA,417,1094,1511,0.2759761747187293,none,NA,NA,NA,NA,NA,2024,NA,NA,Laminaria digitata,1511,0.2759761747187293,FALSE,FALSE,FALSE,FALSE,FALSE,FALSE,FALSE,FALSE,FALSE,FALSE,FALSE,0,FALSE,NA,NA,FALSE,FALSE,FALSE,FALSE,FALSE,FALSE,FALSE,FALSE,FALSE,FALSE,FALSE,FALSE,NA,NA
518,C2034,20250108_C2034_clip.MP4,504,8.2,NA,8.2,8.2,TRUE,EXP4_FIELD_SPM,FIELD_SPM,FALSE,TRUE,52,24331,12,L. digitata,BR,Winter,Bognor,SPM,SPM,NA,NA,0,250,0,0,NA,309,727,1036,0.2982625482625483,none,NA,NA,NA,NA,NA,2024,NA,NA,Laminaria digitata,1036,0.2982625482625483,FALSE,FALSE,FALSE,FALSE,FALSE,FALSE,FALSE,FALSE,FALSE,FALSE,FALSE,0,FALSE,NA,NA,FALSE,FALSE,FALSE,FALSE,FALSE,FALSE,FALSE,FALSE,FALSE,FALSE,FALSE,FALSE,NA,NA
519,C2035,20250108_C2035_clip.MP4,504,8.2,NA,8.2,8.2,TRUE,EXP4_FIELD_SPM,FIELD_SPM,FALSE,TRUE,52,24332,12,L. digitata,BR,Winter,Bognor,SPM,SPM,NA,NA,0,250,0,0,NA,612,1506,2118,0.28895184135977336,none,NA,NA,NA,NA,NA,2024,NA,NA,Laminaria digitata,2118,0.28895184135977336,FALSE,FALSE,FALSE,FALSE,FALSE,FALSE,FALSE,FALSE,FALSE,FALSE,FALSE,0,FALSE,NA,NA,FALSE,FALSE,FALSE,FALSE,FALSE,FALSE,FALSE,FALSE,FALSE,FALSE,FALSE,FALSE,NA,NA
520,C2036,20250108_C2036_clip.MP4,504,8.2,NA,8.2,8.2,TRUE,EXP4_FIELD_SPM,FIELD_SPM,FALSE,TRUE,52,24333,12,L. digitata,BR,Winter,Bognor,SPM,SPM,NA,NA,0,250,0,0,NA,636,1651,2287,0.2780935723655444,none,NA,NA,NA,NA,NA,2024,NA,NA,Laminaria digitata,2287,0.2780935723655444,FALSE,FALSE,FALSE,FALSE,FALSE,FALSE,FALSE,FALSE,FALSE,FALSE,FALSE,0,FALSE,NA,NA,FALSE,FALSE,FALSE,FALSE,FALSE,FALSE,FALSE,FALSE,FALSE,FALSE,FALSE,FALSE,NA,NA
521,C2037,20250108_C2037_clip.MP4,504,8.2,NA,8.2,8.2,TRUE,EXP4_FIELD_SPM,FIELD_SPM,FALSE,TRUE,52,24334,12,L. digitata,BR,Winter,Bognor,SPM,SPM,NA,NA,0,500,0,0,NA,376,987,1363,0.27586206896551724,none,NA,NA,NA,NA,NA,2024,NA,NA,Laminaria digitata,1363,0.27586206896551724,FALSE,FALSE,FALSE,FALSE,FALSE,FALSE,FALSE,FALSE,FALSE,FALSE,FALSE,0,FALSE,NA,NA,FALSE,FALSE,FALSE,FALSE,FALSE,FALSE,FALSE,FALSE,FALSE,FALSE,FALSE,FALSE,NA,NA
522,C2038,20250108_C2038_clip.MP4,504,8.2,NA,8.2,8.2,TRUE,EXP4_FIELD_SPM,FIELD_SPM,FALSE,TRUE,52,24335,12,L. digitata,BR,Winter,Bognor,SPM,SPM,NA,NA,0,500,0,0,NA,504,406,910,0.5538461538461539,none,NA,NA,NA,NA,NA,2024,NA,NA,Laminaria digitata,910,0.5538461538461539,FALSE,FALSE,FALSE,FALSE,FALSE,FALSE,FALSE,FALSE,FALSE,FALSE,FALSE,0,FALSE,NA,NA,FALSE,FALSE,FALSE,FALSE,FALSE,FALSE,FALSE,FALSE,FALSE,FALSE,FALSE,FALSE,NA,NA
523,C2039,20250108_C2039_clip.MP4,504,8.2,NA,8.2,8.2,TRUE,EXP4_FIELD_SPM,FIELD_SPM,FALSE,TRUE,52,24336,12,L. digitata,BR,Winter,Bognor,SPM,SPM,NA,NA,0,500,0,0,NA,287,777,1064,0.26973684210526316,none,NA,NA,NA,NA,NA,2024,NA,NA,Laminaria digitata,1064,0.26973684210526316,FALSE,FALSE,FALSE,FALSE,FALSE,FALSE,FALSE,FALSE,FALSE,FALSE,FALSE,0,FALSE,NA,NA,FALSE,FALSE,FALSE,FALSE,FALSE,FALSE,FALSE,FALSE,FALSE,FALSE,FALSE,FALSE,NA,NA
524,C2043,20250404_C2043_clip.MP4,504,6.1,NA,6.1,6.1,FALSE,NA,NA,TRUE,FALSE,56,9,0,L. hyperborea,DV,Spring,Dover,CONTROL,NA,NA,NA,0,0,0,0,NA,4124,3836,7960,0.5180904522613066,none,NA,NA,NA,NA,NA,2025,NA,culture,Laminaria hyperborea,7960,0.5180904522613066,FALSE,FALSE,FALSE,FALSE,FALSE,FALSE,FALSE,FALSE,FALSE,FALSE,FALSE,0,FALSE,NA,NA,FALSE,FALSE,FALSE,FALSE,FALSE,FALSE,FALSE,FALSE,FALSE,FALSE,FALSE,FALSE,NA,NA
525,C2044,20250404_C2044_clip.MP4,504,6.1,NA,6.1,6.1,FALSE,NA,NA,TRUE,FALSE,56,9,0,L. hyperborea,DV,Spring,Dover,CONTROL,NA,NA,NA,0,0,0,0,NA,3685,3562,7247,0.5084862701807644,none,NA,NA,NA,NA,NA,2025,NA,culture,Laminaria hyperborea,7247,0.5084862701807644,FALSE,FALSE,FALSE,FALSE,FALSE,FALSE,FALSE,FALSE,FALSE,FALSE,FALSE,0,FALSE,NA,NA,FALSE,FALSE,FALSE,FALSE,FALSE,FALSE,FALSE,FALSE,FALSE,FALSE,FALSE,FALSE,NA,NA
526,C2045,20250404_C2045_clip.MP4,504,6.2,NA,6.2,6.2,FALSE,NA,NA,TRUE,TRUE,54,10,0,L. digitata,DV,Spring,Dover,CONTROL,NA,NA,NA,0,0,0,0,NA,3607,3883,7490,0.4815754339118825,none,NA,NA,NA,NA,NA,2025,NA,culture,Laminaria digitata,7490,0.4815754339118825,FALSE,FALSE,FALSE,FALSE,FALSE,FALSE,FALSE,FALSE,FALSE,FALSE,FALSE,0,FALSE,NA,NA,FALSE,FALSE,FALSE,FALSE,FALSE,FALSE,FALSE,FALSE,FALSE,FALSE,FALSE,FALSE,NA,NA
527,C2046,20250404_C2046_clip.MP4,504,6.2,NA,6.2,6.2,FALSE,NA,NA,TRUE,TRUE,54,10,0,L. digitata,DV,Spring,Dover,CONTROL,NA,NA,NA,0,0,0,0,NA,3109,3453,6562,0.47378847912221883,none,NA,NA,NA,NA,NA,2025,NA,culture,Laminaria digitata,6562,0.47378847912221883,FALSE,FALSE,FALSE,FALSE,FALSE,FALSE,FALSE,FALSE,FALSE,FALSE,FALSE,0,FALSE,NA,NA,FALSE,FALSE,FALSE,FALSE,FALSE,FALSE,FALSE,FALSE,FALSE,FALSE,FALSE,FALSE,NA,NA
528,C2047,20250404_C2047_clip.MP4,504,6.2,NA,6.2,6.2,FALSE,NA,NA,TRUE,TRUE,56,11,0,L. digitata,DV,Spring,Dover,CONTROL,NA,NA,NA,0,0,0,0,NA,3545,3386,6931,0.5114702063194344,none,NA,NA,NA,NA,NA,2025,NA,culture,Laminaria digitata,6931,0.5114702063194344,FALSE,FALSE,FALSE,FALSE,FALSE,FALSE,FALSE,FALSE,FALSE,FALSE,FALSE,0,FALSE,NA,NA,FALSE,FALSE,FALSE,FALSE,FALSE,FALSE,FALSE,FALSE,FALSE,FALSE,FALSE,FALSE,NA,NA
529,C2048,20250404_C2048_clip.MP4,504,6.2,NA,6.2,6.2,FALSE,NA,NA,TRUE,TRUE,56,11,0,L. digitata,DV,Spring,Dover,CONTROL,NA,NA,NA,0,0,0,0,NA,3540,3365,6905,0.5126719768283853,none,NA,NA,NA,NA,NA,2025,NA,culture,Laminaria digitata,6905,0.5126719768283853,FALSE,FALSE,FALSE,FALSE,FALSE,FALSE,FALSE,FALSE,FALSE,FALSE,FALSE,0,FALSE,NA,NA,FALSE,FALSE,FALSE,FALSE,FALSE,FALSE,FALSE,FALSE,FALSE,FALSE,FALSE,FALSE,NA,NA
530,C2049,20250407_C2049_clip.MP4,504,6.2,NA,6.2,6.2,FALSE,NA,NA,TRUE,TRUE,53.1,12,0,L. digitata,HW,Spring,Harwich,CONTROL,NA,NA,NA,0,0,0,0,NA,4576,4240,8816,0.5190562613430127,none,NA,NA,NA,NA,NA,2025,NA,culture,Laminaria digitata,8816,0.5190562613430127,FALSE,FALSE,FALSE,FALSE,FALSE,FALSE,FALSE,FALSE,FALSE,FALSE,FALSE,0,FALSE,NA,NA,FALSE,FALSE,FALSE,FALSE,FALSE,FALSE,FALSE,FALSE,FALSE,FALSE,FALSE,FALSE,NA,NA
531,C2050,20250407_C2050_clip.MP4,504,6.2,NA,6.2,6.2,FALSE,NA,NA,TRUE,TRUE,53.1,12,0,L. digitata,HW,Spring,Harwich,CONTROL,NA,NA,NA,0,0,0,0,NA,2938,3439,6377,0.46071820605300295,none,NA,NA,NA,NA,NA,2025,NA,culture,Laminaria digitata,6377,0.46071820605300295,FALSE,FALSE,FALSE,FALSE,FALSE,FALSE,FALSE,FALSE,FALSE,FALSE,FALSE,0,FALSE,NA,NA,FALSE,FALSE,FALSE,FALSE,FALSE,FALSE,FALSE,FALSE,FALSE,FALSE,FALSE,FALSE,NA,NA
532,C2051,20250407_C2051_clip.MP4,504,6.2,NA,6.2,6.2,FALSE,NA,NA,TRUE,TRUE,53.1,12,0,L. digitata,HW,Spring,Harwich,CONTROL,NA,NA,NA,0,0,0,0,NA,18770,18681,37451,0.5011882192731836,none,NA,NA,NA,NA,NA,2025,NA,culture,Laminaria digitata,37451,0.5011882192731836,FALSE,FALSE,FALSE,FALSE,FALSE,FALSE,FALSE,FALSE,FALSE,FALSE,FALSE,0,FALSE,NA,NA,FALSE,FALSE,FALSE,FALSE,FALSE,FALSE,FALSE,FALSE,FALSE,FALSE,FALSE,FALSE,NA,NA
533,C2052,20250407_C2052_clip.MP4,504,6.2,NA,6.2,6.2,FALSE,NA,NA,TRUE,TRUE,53.1,12,0,L. digitata,HW,Spring,Harwich,CONTROL,NA,NA,NA,0,0,0,0,NA,12052,18432,30484,0.395354940296549,none,NA,NA,NA,NA,NA,2025,NA,culture,Laminaria digitata,30484,0.395354940296549,FALSE,FALSE,FALSE,FALSE,FALSE,FALSE,FALSE,FALSE,FALSE,FALSE,FALSE,0,FALSE,NA,NA,FALSE,FALSE,FALSE,FALSE,FALSE,FALSE,FALSE,FALSE,FALSE,FALSE,FALSE,FALSE,NA,NA
534,C2053,20250407_C2053_clip.MP4,504,6.2,NA,6.2,6.2,FALSE,NA,NA,TRUE,TRUE,53,25371,0,L. digitata,HW,Spring,Harwich,CONTROL,NA,NA,NA,0,0,0,0,NA,2137,3089,5226,0.40891695369307307,none,1055,NA,NA,NA,NA,2025,NA,1 disc,Laminaria digitata,5226,0.40891695369307307,FALSE,FALSE,FALSE,FALSE,FALSE,FALSE,FALSE,FALSE,FALSE,FALSE,FALSE,0,FALSE,NA,NA,FALSE,FALSE,FALSE,FALSE,FALSE,FALSE,FALSE,FALSE,FALSE,FALSE,FALSE,FALSE,NA,NA
535,C2054,20250407_C2054_clip.MP4,504,6.2,NA,6.2,6.2,FALSE,NA,NA,TRUE,TRUE,53,25372,0,L. digitata,HW,Spring,Harwich,CONTROL,NA,NA,NA,0,0,0,0,NA,25994,15899,41893,0.620485522641014,none,718,NA,NA,NA,NA,2025,NA,1 disc,Laminaria digitata,41893,0.620485522641014,FALSE,FALSE,FALSE,FALSE,FALSE,FALSE,FALSE,FALSE,FALSE,FALSE,FALSE,0,FALSE,NA,NA,FALSE,FALSE,FALSE,FALSE,FALSE,FALSE,FALSE,FALSE,FALSE,FALSE,FALSE,FALSE,NA,NA
536,C2055,20250407_C2055_clip.MP4,504,6.2,NA,6.2,6.2,FALSE,NA,NA,TRUE,TRUE,53,25373,0,L. digitata,HW,Spring,Harwich,CONTROL,NA,NA,NA,0,0,0,0,NA,12166,12686,24852,0.48953806534685335,none,776,NA,NA,NA,NA,2025,NA,1 disc,Laminaria digitata,24852,0.48953806534685335,FALSE,FALSE,FALSE,FALSE,FALSE,FALSE,FALSE,FALSE,FALSE,FALSE,FALSE,0,FALSE,NA,NA,FALSE,FALSE,FALSE,FALSE,FALSE,FALSE,FALSE,FALSE,FALSE,FALSE,FALSE,FALSE,NA,NA
537,C2056,20250407_C2056_clip.MP4,504,6.2,NA,6.2,6.2,FALSE,NA,NA,TRUE,TRUE,53,25374,0,L. digitata,HW,Spring,Harwich,CONTROL,NA,NA,NA,0,0,0,0,NA,9783,10731,20514,0.47689382860485524,none,835,NA,NA,NA,NA,2025,NA,1 disc,Laminaria digitata,20514,0.47689382860485524,FALSE,FALSE,FALSE,FALSE,FALSE,FALSE,FALSE,FALSE,FALSE,FALSE,FALSE,0,FALSE,NA,NA,FALSE,FALSE,FALSE,FALSE,FALSE,FALSE,FALSE,FALSE,FALSE,FALSE,FALSE,FALSE,NA,NA
538,C2057,20250407_C2057_clip.MP4,504,6.2,NA,6.2,6.2,FALSE,NA,NA,TRUE,TRUE,53,25375,0,L. digitata,HW,Spring,Harwich,CONTROL,NA,NA,NA,0,0,0,0,NA,11372,12083,23455,0.4848433169899808,none,1181,NA,NA,NA,NA,2025,NA,1 disc,Laminaria digitata,23455,0.4848433169899808,FALSE,FALSE,FALSE,FALSE,FALSE,FALSE,FALSE,FALSE,FALSE,FALSE,FALSE,0,FALSE,NA,NA,FALSE,FALSE,FALSE,FALSE,FALSE,FALSE,FALSE,FALSE,FALSE,FALSE,FALSE,FALSE,NA,NA
539,C2058,20250407_C2058_clip.MP4,504,6.2,NA,6.2,6.2,FALSE,NA,NA,TRUE,TRUE,53,25376,0,L. digitata,HW,Spring,Harwich,CONTROL,NA,NA,NA,0,0,0,0,NA,1354,1403,2757,0.49111352919840406,none,1795,NA,NA,NA,NA,2025,NA,1 disc,Laminaria digitata,2757,0.49111352919840406,FALSE,FALSE,FALSE,FALSE,FALSE,FALSE,FALSE,FALSE,FALSE,FALSE,FALSE,0,FALSE,NA,NA,FALSE,FALSE,FALSE,FALSE,FALSE,FALSE,FALSE,FALSE,FALSE,FALSE,FALSE,FALSE,NA,NA
540,C2060,20250407_C2060_clip.MP4,504,6.2,NA,6.2,6.2,FALSE,NA,NA,TRUE,TRUE,54,25381,0,L. digitata,DV,Spring,Dover,CONTROL,NA,NA,NA,0,0,0,0,NA,9108,8065,17173,0.5303674372561579,none,153,NA,NA,NA,NA,2025,NA,1 disc,Laminaria digitata,17173,0.5303674372561579,FALSE,FALSE,FALSE,FALSE,FALSE,FALSE,FALSE,FALSE,FALSE,FALSE,FALSE,0,FALSE,NA,NA,FALSE,FALSE,FALSE,FALSE,FALSE,FALSE,FALSE,FALSE,FALSE,FALSE,FALSE,FALSE,NA,NA
541,C2061,20250407_C2061_clip.MP4,504,6.2,NA,6.2,6.2,FALSE,NA,NA,TRUE,TRUE,54,25382,0,L. digitata,DV,Spring,Dover,CONTROL,NA,NA,NA,0,0,0,0,NA,11161,9475,20636,0.5408509401046715,none,0,NA,NA,NA,NA,2025,NA,1 disc,Laminaria digitata,20636,0.5408509401046715,FALSE,FALSE,FALSE,FALSE,FALSE,FALSE,FALSE,FALSE,FALSE,FALSE,FALSE,0,FALSE,NA,NA,FALSE,FALSE,FALSE,FALSE,FALSE,FALSE,FALSE,FALSE,FALSE,FALSE,FALSE,FALSE,NA,NA
542,C2062,20250407_C2062_clip.MP4,504,6.2,NA,6.2,6.2,FALSE,NA,NA,TRUE,TRUE,54,25383,0,L. digitata,DV,Spring,Dover,CONTROL,NA,NA,NA,0,0,0,0,NA,9879,9333,19212,0.51420986883198,none,228,NA,NA,NA,NA,2025,NA,1 disc,Laminaria digitata,19212,0.51420986883198,FALSE,FALSE,FALSE,FALSE,FALSE,FALSE,FALSE,FALSE,FALSE,FALSE,FALSE,0,FALSE,NA,NA,FALSE,FALSE,FALSE,FALSE,FALSE,FALSE,FALSE,FALSE,FALSE,FALSE,FALSE,FALSE,NA,NA
543,C2063,20250407_C2063_clip.MP4,504,6.2,NA,6.2,6.2,FALSE,NA,NA,TRUE,TRUE,54,25384,0,L. digitata,DV,Spring,Dover,CONTROL,NA,NA,NA,0,0,0,0,NA,2415,3560,5975,0.40418410041841,none,8,NA,NA,NA,NA,2025,NA,1 disc,Laminaria digitata,5975,0.40418410041841,FALSE,FALSE,FALSE,FALSE,FALSE,FALSE,FALSE,FALSE,FALSE,FALSE,FALSE,0,FALSE,NA,NA,FALSE,FALSE,FALSE,FALSE,FALSE,FALSE,FALSE,FALSE,FALSE,FALSE,FALSE,FALSE,NA,NA
544,C2064,20250407_C2064_clip.MP4,504,6.2,NA,6.2,6.2,FALSE,NA,NA,TRUE,TRUE,54,25385,0,L. digitata,DV,Spring,Dover,CONTROL,NA,NA,NA,0,0,0,0,NA,2875,3958,6833,0.42075223181618615,none,899,NA,NA,NA,NA,2025,NA,1 disc,Laminaria digitata,6833,0.42075223181618615,FALSE,FALSE,FALSE,FALSE,FALSE,FALSE,FALSE,FALSE,FALSE,FALSE,FALSE,0,FALSE,NA,NA,FALSE,FALSE,FALSE,FALSE,FALSE,FALSE,FALSE,FALSE,FALSE,FALSE,FALSE,FALSE,NA,NA
545,C2065,20250407_C2065_clip.MP4,504,6.2,NA,6.2,6.2,FALSE,NA,NA,TRUE,TRUE,54,25386,0,L. digitata,DV,Spring,Dover,CONTROL,NA,NA,NA,0,0,0,0,NA,8913,8202,17115,0.5207712532865907,none,117,NA,NA,NA,NA,2025,NA,1 disc,Laminaria digitata,17115,0.5207712532865907,FALSE,FALSE,FALSE,FALSE,FALSE,FALSE,FALSE,FALSE,FALSE,FALSE,FALSE,0,FALSE,NA,NA,FALSE,FALSE,FALSE,FALSE,FALSE,FALSE,FALSE,FALSE,FALSE,FALSE,FALSE,FALSE,NA,NA
546,C2066,20250407_C2066_clip.MP4,504,6.3,NA,6.3,6.3,FALSE,NA,NA,TRUE,FALSE,55,25391,0,S. latissima,DV,Spring,Dover,CONTROL,NA,NA,NA,0,0,0,0,NA,2806,3723,6529,0.42977485066625826,none,800,NA,NA,NA,NA,2025,NA,1 disc,Saccharina latissima,6529,0.42977485066625826,FALSE,FALSE,FALSE,FALSE,FALSE,FALSE,FALSE,FALSE,FALSE,FALSE,FALSE,0,FALSE,NA,NA,FALSE,FALSE,FALSE,FALSE,FALSE,FALSE,FALSE,FALSE,FALSE,FALSE,FALSE,FALSE,NA,NA
547,C2067,20250407_C2067_clip.MP4,504,6.3,NA,6.3,6.3,FALSE,NA,NA,TRUE,FALSE,55,25392,0,S. latissima,DV,Spring,Dover,CONTROL,NA,NA,NA,0,0,0,0,NA,12852,20517,33369,0.38514789175582126,none,1024,NA,NA,NA,NA,2025,NA,1 disc,Saccharina latissima,33369,0.38514789175582126,FALSE,FALSE,FALSE,FALSE,FALSE,FALSE,FALSE,FALSE,FALSE,FALSE,FALSE,0,FALSE,NA,NA,FALSE,FALSE,FALSE,FALSE,FALSE,FALSE,FALSE,FALSE,FALSE,FALSE,FALSE,FALSE,NA,NA
548,C2068,20250407_C2068_clip.MP4,504,6.3,NA,6.3,6.3,FALSE,NA,NA,TRUE,FALSE,55,25393,0,S. latissima,DV,Spring,Dover,CONTROL,NA,NA,NA,0,0,0,0,NA,4598,5524,10122,0.4542580517684252,none,7555,NA,NA,NA,NA,2025,NA,1 disc,Saccharina latissima,10122,0.4542580517684252,FALSE,FALSE,FALSE,FALSE,FALSE,FALSE,FALSE,FALSE,FALSE,FALSE,FALSE,0,FALSE,NA,NA,FALSE,FALSE,FALSE,FALSE,FALSE,FALSE,FALSE,FALSE,FALSE,FALSE,FALSE,FALSE,NA,NA
549,C2069,20250407_C2069_clip.MP4,504,6.3,NA,6.3,6.3,FALSE,NA,NA,TRUE,FALSE,55,25394,0,S. latissima,DV,Spring,Dover,CONTROL,NA,NA,NA,0,0,0,0,NA,21757,58796,80553,0.2700954650975134,none,202,NA,NA,NA,NA,2025,NA,1 disc,Saccharina latissima,80553,0.2700954650975134,FALSE,FALSE,FALSE,FALSE,FALSE,FALSE,FALSE,FALSE,FALSE,FALSE,FALSE,0,FALSE,NA,NA,FALSE,FALSE,FALSE,FALSE,FALSE,FALSE,FALSE,FALSE,FALSE,FALSE,FALSE,FALSE,NA,NA
550,C2070,20250407_C2070_clip.MP4,504,6.3,NA,6.3,6.3,FALSE,NA,NA,TRUE,FALSE,55,25395,0,S. latissima,DV,Spring,Dover,CONTROL,NA,NA,NA,0,0,0,0,NA,3023,2536,5559,0.5438028422378126,none,182,NA,NA,NA,NA,2025,NA,1 disc,Saccharina latissima,5559,0.5438028422378126,FALSE,FALSE,FALSE,FALSE,FALSE,FALSE,FALSE,FALSE,FALSE,FALSE,FALSE,0,FALSE,NA,NA,FALSE,FALSE,FALSE,FALSE,FALSE,FALSE,FALSE,FALSE,FALSE,FALSE,FALSE,FALSE,NA,NA
551,C2071,20250407_C2071_clip.MP4,504,6.3,NA,6.3,6.3,FALSE,NA,NA,TRUE,FALSE,55,25396,0,S. latissima,DV,Spring,Dover,CONTROL,NA,NA,NA,0,0,0,0,NA,6151,6371,12522,0.49121546078901135,none,86,NA,NA,NA,NA,2025,NA,1 disc,Saccharina latissima,12522,0.49121546078901135,FALSE,FALSE,FALSE,FALSE,FALSE,FALSE,FALSE,FALSE,FALSE,FALSE,FALSE,0,FALSE,NA,NA,FALSE,FALSE,FALSE,FALSE,FALSE,FALSE,FALSE,FALSE,FALSE,FALSE,FALSE,FALSE,NA,NA
552,C2072,20250407_C2072_clip.MP4,504,6.1,NA,6.1,6.1,FALSE,NA,NA,TRUE,FALSE,56,25401,0,L. hyperborea,DV,Spring,Dover,CONTROL,NA,NA,NA,0,0,0,0,NA,10656,8996,19652,0.5422348870343985,none,119,NA,NA,NA,NA,2025,NA,1 disc,Laminaria hyperborea,19652,0.5422348870343985,FALSE,FALSE,FALSE,FALSE,FALSE,FALSE,FALSE,FALSE,FALSE,FALSE,FALSE,0,FALSE,NA,NA,FALSE,FALSE,FALSE,FALSE,FALSE,FALSE,FALSE,FALSE,FALSE,FALSE,FALSE,FALSE,NA,NA
553,C2073,20250407_C2073_clip.MP4,504,6.1,NA,6.1,6.1,FALSE,NA,NA,TRUE,FALSE,56,25402,0,L. hyperborea,DV,Spring,Dover,CONTROL,NA,NA,NA,0,0,0,0,NA,5431,5362,10793,0.5031965162605392,none,653,NA,NA,NA,NA,2025,NA,1 disc,Laminaria hyperborea,10793,0.5031965162605392,FALSE,FALSE,FALSE,FALSE,FALSE,FALSE,FALSE,FALSE,FALSE,FALSE,FALSE,0,FALSE,NA,NA,FALSE,FALSE,FALSE,FALSE,FALSE,FALSE,FALSE,FALSE,FALSE,FALSE,FALSE,FALSE,NA,NA
554,C2074,20250407_C2074_clip.MP4,504,6.1,NA,6.1,6.1,FALSE,NA,NA,TRUE,FALSE,56,25403,0,L. hyperborea,DV,Spring,Dover,CONTROL,NA,NA,NA,0,0,0,0,NA,4336,6283,10619,0.40832470100762785,none,1954,NA,NA,NA,NA,2025,NA,1 disc,Laminaria hyperborea,10619,0.40832470100762785,FALSE,FALSE,FALSE,FALSE,FALSE,FALSE,FALSE,FALSE,FALSE,FALSE,FALSE,0,FALSE,NA,NA,FALSE,FALSE,FALSE,FALSE,FALSE,FALSE,FALSE,FALSE,FALSE,FALSE,FALSE,FALSE,NA,NA
555,C2075,20250407_C2075_clip.MP4,504,6.1,NA,6.1,6.1,FALSE,NA,NA,TRUE,FALSE,56,25404,0,L. hyperborea,DV,Spring,Dover,CONTROL,NA,NA,NA,0,0,0,0,NA,4796,3933,8729,0.5494329247336465,none,700,NA,NA,NA,NA,2025,NA,1 disc,Laminaria hyperborea,8729,0.5494329247336465,FALSE,FALSE,FALSE,FALSE,FALSE,FALSE,FALSE,FALSE,FALSE,FALSE,FALSE,0,FALSE,NA,NA,FALSE,FALSE,FALSE,FALSE,FALSE,FALSE,FALSE,FALSE,FALSE,FALSE,FALSE,FALSE,NA,NA
556,C2076,20250407_C2076_clip.MP4,504,6.1,NA,6.1,6.1,FALSE,NA,NA,TRUE,FALSE,56,25405,0,L. hyperborea,DV,Spring,Dover,CONTROL,NA,NA,NA,0,0,0,0,NA,5220,4859,10079,0.5179085226708999,none,652,NA,NA,NA,NA,2025,NA,1 disc,Laminaria hyperborea,10079,0.5179085226708999,FALSE,FALSE,FALSE,FALSE,FALSE,FALSE,FALSE,FALSE,FALSE,FALSE,FALSE,0,FALSE,NA,NA,FALSE,FALSE,FALSE,FALSE,FALSE,FALSE,FALSE,FALSE,FALSE,FALSE,FALSE,FALSE,NA,NA
557,C2077,20250407_C2077_clip.MP4,504,6.1,NA,6.1,6.1,FALSE,NA,NA,TRUE,FALSE,56,25406,0,L. hyperborea,DV,Spring,Dover,CONTROL,NA,NA,NA,0,0,0,0,NA,24940,16676,41616,0.5992887351018839,none,5282,NA,NA,NA,NA,2025,NA,1 disc,Laminaria hyperborea,41616,0.5992887351018839,FALSE,FALSE,FALSE,FALSE,FALSE,FALSE,FALSE,FALSE,FALSE,FALSE,FALSE,0,FALSE,NA,NA,FALSE,FALSE,FALSE,FALSE,FALSE,FALSE,FALSE,FALSE,FALSE,FALSE,FALSE,FALSE,NA,NA
558,C2080,20250407_C2080_clip.MP4,504,6.2,NA,6.2,6.2,FALSE,NA,NA,FALSE,TRUE,54,0,0,L. digitata,DV,Spring,Dover,CULTURE,NA,NA,NA,0,0,0,0,NA,62665,50864,113529,0.551973504567115,none,NA,NA,NA,NA,NA,2025,NA,culture,Laminaria digitata,113529,0.551973504567115,FALSE,FALSE,FALSE,FALSE,FALSE,FALSE,FALSE,FALSE,FALSE,FALSE,FALSE,0,FALSE,NA,NA,FALSE,FALSE,FALSE,FALSE,FALSE,FALSE,FALSE,FALSE,FALSE,FALSE,FALSE,FALSE,NA,NA
559,C2081,20250407_C2081_clip.MP4,504,6.3,NA,6.3,6.3,FALSE,NA,NA,FALSE,FALSE,55,0,0,S. latissima,DV,Spring,Dover,CULTURE,NA,NA,NA,0,0,0,0,NA,2716,1843,4559,0.5957446808510638,none,NA,NA,NA,NA,NA,2025,NA,culture,Saccharina latissima,4559,0.5957446808510638,FALSE,FALSE,FALSE,FALSE,FALSE,FALSE,FALSE,FALSE,FALSE,FALSE,FALSE,0,FALSE,NA,NA,FALSE,FALSE,FALSE,FALSE,FALSE,FALSE,FALSE,FALSE,FALSE,FALSE,FALSE,FALSE,NA,NA
560,C2082,20250407_C2082_clip.MP4,504,6.3,NA,6.3,6.3,FALSE,NA,NA,FALSE,FALSE,55,0,0,S. latissima,DV,Spring,Dover,CULTURE,NA,NA,NA,0,0,0,0,NA,3255,2727,5982,0.5441323971915747,none,NA,NA,NA,NA,NA,2025,NA,culture,Saccharina latissima,5982,0.5441323971915747,FALSE,FALSE,FALSE,FALSE,FALSE,FALSE,FALSE,FALSE,FALSE,FALSE,FALSE,0,FALSE,NA,NA,FALSE,FALSE,FALSE,FALSE,FALSE,FALSE,FALSE,FALSE,FALSE,FALSE,FALSE,FALSE,NA,NA
561,C2083,20250407_C2083_clip.MP4,504,6.3,NA,6.3,6.3,FALSE,NA,NA,FALSE,FALSE,55,0,0,S. latissima,DV,Spring,Dover,CULTURE,NA,NA,NA,0,0,0,0,NA,3039,3328,6367,0.4773048531490498,none,NA,NA,NA,NA,NA,2025,NA,culture,Saccharina latissima,6367,0.4773048531490498,FALSE,FALSE,FALSE,FALSE,FALSE,FALSE,FALSE,FALSE,FALSE,FALSE,FALSE,0,FALSE,NA,NA,FALSE,FALSE,FALSE,FALSE,FALSE,FALSE,FALSE,FALSE,FALSE,FALSE,FALSE,FALSE,NA,NA
562,C2084,20250407_C2084_clip.MP4,504,6.1,NA,6.1,6.1,FALSE,NA,NA,FALSE,FALSE,56,0,0,L. hyperborea,DV,Spring,Dover,CULTURE,NA,NA,NA,0,0,0,0,NA,5195,2307,7502,0.6924820047987204,none,NA,NA,NA,NA,NA,2025,NA,culture,Laminaria hyperborea,7502,0.6924820047987204,FALSE,FALSE,FALSE,FALSE,FALSE,FALSE,FALSE,FALSE,FALSE,FALSE,FALSE,0,FALSE,NA,NA,FALSE,FALSE,FALSE,FALSE,FALSE,FALSE,FALSE,FALSE,FALSE,FALSE,FALSE,FALSE,NA,NA
563,C2085,20250407_C2085_clip.MP4,504,6.1,NA,6.1,6.1,FALSE,NA,NA,FALSE,FALSE,56,0,0,L. hyperborea,DV,Spring,Dover,CULTURE,NA,NA,NA,0,0,0,0,NA,7928,7435,15363,0.5160450432858166,none,NA,NA,NA,NA,NA,2025,NA,culture,Laminaria hyperborea,15363,0.5160450432858166,FALSE,FALSE,FALSE,FALSE,FALSE,FALSE,FALSE,FALSE,FALSE,FALSE,FALSE,0,FALSE,NA,NA,FALSE,FALSE,FALSE,FALSE,FALSE,FALSE,FALSE,FALSE,FALSE,FALSE,FALSE,FALSE,NA,NA
564,C2086,20250407_C2086_clip.MP4,504,6.3,NA,6.3,6.3,FALSE,NA,NA,FALSE,FALSE,57,0,0,S. latissima,EB,Spring,Eastbourne,CULTURE,NA,NA,NA,0,0,0,0,NA,6928,5561,12489,0.5547281607814877,none,NA,NA,NA,NA,NA,2025,NA,culture,Saccharina latissima,12489,0.5547281607814877,FALSE,FALSE,FALSE,FALSE,FALSE,FALSE,FALSE,FALSE,FALSE,FALSE,FALSE,0,FALSE,NA,NA,FALSE,FALSE,FALSE,FALSE,FALSE,FALSE,FALSE,FALSE,FALSE,FALSE,FALSE,FALSE,NA,NA
565,C2087,20250407_C2087_clip.MP4,504,6.3,NA,6.3,6.3,FALSE,NA,NA,FALSE,FALSE,57,0,0,S. latissima,EB,Spring,Eastbourne,CULTURE,NA,NA,NA,0,0,0,0,NA,14507,14107,28614,0.5069895855175788,none,NA,NA,NA,NA,NA,2025,NA,culture,Saccharina latissima,28614,0.5069895855175788,FALSE,FALSE,FALSE,FALSE,FALSE,FALSE,FALSE,FALSE,FALSE,FALSE,FALSE,0,FALSE,NA,NA,FALSE,FALSE,FALSE,FALSE,FALSE,FALSE,FALSE,FALSE,FALSE,FALSE,FALSE,FALSE,NA,NA
566,C2088,20250407_C2088_clip.MP4,504,6.2,NA,6.2,6.2,FALSE,NA,NA,FALSE,TRUE,58,0,0,L. digitata,BR,Spring,Bognor,CULTURE,NA,NA,NA,0,0,0,0,NA,25953,22455,48408,0.5361303916707982,none,NA,NA,NA,NA,NA,2025,NA,culture,Laminaria digitata,48408,0.5361303916707982,FALSE,FALSE,FALSE,FALSE,FALSE,FALSE,FALSE,FALSE,FALSE,FALSE,FALSE,0,FALSE,NA,NA,FALSE,FALSE,FALSE,FALSE,FALSE,FALSE,FALSE,FALSE,FALSE,FALSE,FALSE,FALSE,NA,NA
567,C2089,20250407_C2089_clip.MP4,504,6.2,NA,6.2,6.2,FALSE,NA,NA,FALSE,TRUE,58,0,0,L. digitata,BR,Spring,Bognor,CULTURE,NA,NA,NA,0,0,0,0,NA,11885,10685,22570,0.5265839610101906,none,NA,NA,NA,NA,NA,2025,NA,culture,Laminaria digitata,22570,0.5265839610101906,FALSE,FALSE,FALSE,FALSE,FALSE,FALSE,FALSE,FALSE,FALSE,FALSE,FALSE,0,FALSE,NA,NA,FALSE,FALSE,FALSE,FALSE,FALSE,FALSE,FALSE,FALSE,FALSE,FALSE,FALSE,FALSE,NA,NA
568,C2090,20250407_C2090_clip.MP4,504,6.2,NA,6.2,6.2,FALSE,NA,NA,FALSE,TRUE,58,0,0,L. digitata,BR,Spring,Bognor,CULTURE,NA,NA,NA,0,0,0,0,NA,10377,2595,12972,0.7999537465309898,none,NA,NA,NA,NA,NA,2025,NA,culture,Laminaria digitata,12972,0.7999537465309898,FALSE,FALSE,FALSE,FALSE,FALSE,FALSE,FALSE,FALSE,FALSE,FALSE,FALSE,0,FALSE,NA,NA,FALSE,FALSE,FALSE,FALSE,FALSE,FALSE,FALSE,FALSE,FALSE,FALSE,FALSE,FALSE,NA,NA
569,C2091,20250407_C2091_clip.MP4,504,6.2,NA,6.2,6.2,FALSE,NA,NA,FALSE,TRUE,58,0,0,L. digitata,BR,Spring,Bognor,CULTURE,NA,NA,NA,0,0,0,0,NA,15832,15385,31217,0.5071595604958836,none,NA,NA,NA,NA,NA,2025,NA,culture,Laminaria digitata,31217,0.5071595604958836,FALSE,FALSE,FALSE,FALSE,FALSE,FALSE,FALSE,FALSE,FALSE,FALSE,FALSE,0,FALSE,NA,NA,FALSE,FALSE,FALSE,FALSE,FALSE,FALSE,FALSE,FALSE,FALSE,FALSE,FALSE,FALSE,NA,NA
570,C2092,20250411_C2092_clip.MP4,504,6.2,NA,6.2,6.2,FALSE,NA,NA,FALSE,TRUE,53,0,0,L. digitata,HW,Spring,Harwich,CULTURE,NA,NA,NA,0,0,0,0,NA,10099,10162,20261,0.49844528897882634,none,NA,NA,NA,NA,NA,2025,NA,culture,Laminaria digitata,20261,0.49844528897882634,FALSE,FALSE,FALSE,FALSE,FALSE,FALSE,FALSE,FALSE,FALSE,FALSE,FALSE,0,FALSE,NA,NA,FALSE,FALSE,FALSE,FALSE,FALSE,FALSE,FALSE,FALSE,FALSE,FALSE,FALSE,FALSE,NA,NA
571,C2093,20250411_C2093_clip.MP4,504,6.2,NA,6.2,6.2,FALSE,NA,NA,FALSE,TRUE,53,0,0,L. digitata,HW,Spring,Harwich,CULTURE,NA,NA,NA,0,0,0,0,NA,30540,27796,58336,0.5235189248491497,none,NA,NA,NA,NA,NA,2025,NA,culture,Laminaria digitata,58336,0.5235189248491497,FALSE,FALSE,FALSE,FALSE,FALSE,FALSE,FALSE,FALSE,FALSE,FALSE,FALSE,0,FALSE,NA,NA,FALSE,FALSE,FALSE,FALSE,FALSE,FALSE,FALSE,FALSE,FALSE,FALSE,FALSE,FALSE,NA,NA
572,C2094,20250411_C2094_clip.MP4,504,6.2,NA,6.2,6.2,FALSE,NA,NA,FALSE,TRUE,53,0,0,L. digitata,HW,Spring,Harwich,CULTURE,NA,NA,NA,0,0,0,0,NA,27398,20211,47609,0.5754794261589196,none,NA,NA,NA,NA,NA,2025,NA,culture,Laminaria digitata,47609,0.5754794261589196,FALSE,FALSE,FALSE,FALSE,FALSE,FALSE,FALSE,FALSE,FALSE,FALSE,FALSE,0,FALSE,NA,NA,FALSE,FALSE,FALSE,FALSE,FALSE,FALSE,FALSE,FALSE,FALSE,FALSE,FALSE,FALSE,NA,NA
573,C2095,20250411_C2095_clip.MP4,504,6.2,NA,6.2,6.2,FALSE,NA,NA,FALSE,TRUE,53,0,0,L. digitata,HW,Spring,Harwich,CULTURE,NA,NA,NA,0,0,0,0,NA,15983,19614,35597,0.44899851111048683,none,NA,NA,NA,NA,NA,2025,NA,culture,Laminaria digitata,35597,0.44899851111048683,FALSE,FALSE,FALSE,FALSE,FALSE,FALSE,FALSE,FALSE,FALSE,FALSE,FALSE,0,FALSE,NA,NA,FALSE,FALSE,FALSE,FALSE,FALSE,FALSE,FALSE,FALSE,FALSE,FALSE,FALSE,FALSE,NA,NA
574,C2096,20250411_C2096_clip.MP4,504,7.2,NA,7.2,7.2,FALSE,NA,NA,TRUE,TRUE,53,25411,4,L. digitata,HW,Spring,Harwich,CONTROL,NA,NA,NA,0,0,0,0,NA,27308,22197,49505,0.5516210483789517,glass,2519,NA,NA,NA,NA,2025,NA,control,Laminaria digitata,49505,0.5516210483789517,FALSE,FALSE,FALSE,FALSE,FALSE,FALSE,FALSE,FALSE,FALSE,FALSE,FALSE,0,FALSE,NA,NA,FALSE,FALSE,FALSE,FALSE,FALSE,FALSE,FALSE,FALSE,FALSE,FALSE,FALSE,FALSE,NA,NA
575,C2097,20250411_C2097_clip.MP4,504,7.2,NA,7.2,7.2,FALSE,NA,NA,TRUE,TRUE,53,25412,4,L. digitata,HW,Spring,Harwich,CONTROL,NA,NA,NA,0,0,0,0,NA,28855,35407,64262,0.4490211944850767,glass,1087,NA,NA,NA,NA,2025,NA,control,Laminaria digitata,64262,0.4490211944850767,FALSE,FALSE,FALSE,FALSE,FALSE,FALSE,FALSE,FALSE,FALSE,FALSE,FALSE,0,FALSE,NA,NA,FALSE,FALSE,FALSE,FALSE,FALSE,FALSE,FALSE,FALSE,FALSE,FALSE,FALSE,FALSE,NA,NA
576,C2098,20250411_C2098_clip.MP4,504,7.2,NA,7.2,7.2,FALSE,NA,NA,TRUE,TRUE,53,25413,4,L. digitata,HW,Spring,Harwich,CONTROL,NA,NA,NA,0,0,0,0,NA,22676,23992,46668,0.48590040284563296,glass,523,NA,NA,NA,NA,2025,NA,control,Laminaria digitata,46668,0.48590040284563296,FALSE,FALSE,FALSE,FALSE,FALSE,FALSE,FALSE,FALSE,FALSE,FALSE,FALSE,0,FALSE,NA,NA,FALSE,FALSE,FALSE,FALSE,FALSE,FALSE,FALSE,FALSE,FALSE,FALSE,FALSE,FALSE,NA,NA
577,C2099,20250411_C2099_clip.MP4,504,7.2,NA,7.2,7.2,FALSE,NA,NA,TRUE,TRUE,53,25414,4,L. digitata,HW,Spring,Harwich,CONTROL,NA,NA,NA,0,0,0,0,NA,9115,9703,18818,0.4843766606440642,glass,492,NA,NA,NA,NA,2025,NA,control,Laminaria digitata,18818,0.4843766606440642,FALSE,FALSE,FALSE,FALSE,FALSE,FALSE,FALSE,FALSE,FALSE,FALSE,FALSE,0,FALSE,NA,NA,FALSE,FALSE,FALSE,FALSE,FALSE,FALSE,FALSE,FALSE,FALSE,FALSE,FALSE,FALSE,NA,NA
578,C2100,20250411_C2100_clip.MP4,504,7.2,NA,7.2,7.2,FALSE,NA,NA,TRUE,TRUE,53,25415,4,L. digitata,HW,Spring,Harwich,CONTROL,NA,NA,NA,0,0,0,0,NA,19521,20389,39910,0.489125532448008,glass,1477,NA,NA,NA,NA,2025,NA,control,Laminaria digitata,39910,0.489125532448008,FALSE,FALSE,FALSE,FALSE,FALSE,FALSE,FALSE,FALSE,FALSE,FALSE,FALSE,0,FALSE,NA,NA,FALSE,FALSE,FALSE,FALSE,FALSE,FALSE,FALSE,FALSE,FALSE,FALSE,FALSE,FALSE,NA,NA
579,C2101,20250411_C2101_clip.MP4,504,7.2,NA,7.2,7.2,FALSE,NA,NA,TRUE,TRUE,53,25416,4,L. digitata,HW,Spring,Harwich,CONTROL,NA,NA,NA,0,0,0,0,NA,15322,14451,29773,0.5146273469250663,glass,494,NA,NA,NA,NA,2025,NA,control,Laminaria digitata,29773,0.5146273469250663,FALSE,FALSE,FALSE,FALSE,FALSE,FALSE,FALSE,FALSE,FALSE,FALSE,FALSE,0,FALSE,NA,NA,FALSE,FALSE,FALSE,FALSE,FALSE,FALSE,FALSE,FALSE,FALSE,FALSE,FALSE,FALSE,NA,NA
580,C2103,20250411_C2103_clip.MP4,504,7.2,NA,7.2,7.2,FALSE,NA,NA,FALSE,TRUE,53,25421,4,L. digitata,HW,Spring,Harwich,CU0,NA,NA,NA,0,0,10,0,NA,16285,17469,33754,0.4824613379155063,glass,284,NA,NA,NA,NA,2025,NA,NA,Laminaria digitata,33754,0.4824613379155063,FALSE,FALSE,FALSE,FALSE,FALSE,FALSE,FALSE,FALSE,FALSE,FALSE,FALSE,0,FALSE,NA,NA,FALSE,FALSE,FALSE,FALSE,FALSE,FALSE,FALSE,FALSE,FALSE,FALSE,FALSE,FALSE,NA,NA
581,C2104,20250411_C2104_clip.MP4,504,7.2,NA,7.2,7.2,FALSE,NA,NA,FALSE,TRUE,53,25422,4,L. digitata,HW,Spring,Harwich,CU0,NA,NA,NA,0,0,10,0,NA,40848,44223,85071,0.4801636280283528,glass,1137,NA,NA,NA,NA,2025,NA,NA,Laminaria digitata,85071,0.4801636280283528,FALSE,FALSE,FALSE,FALSE,FALSE,FALSE,FALSE,FALSE,FALSE,FALSE,FALSE,0,FALSE,NA,NA,FALSE,FALSE,FALSE,FALSE,FALSE,FALSE,FALSE,FALSE,FALSE,FALSE,FALSE,FALSE,NA,NA
582,C2105,20250411_C2105_clip.MP4,504,7.2,NA,7.2,7.2,FALSE,NA,NA,FALSE,TRUE,53,25423,4,L. digitata,HW,Spring,Harwich,CU0,NA,NA,NA,0,0,10,0,NA,17943,17969,35912,0.49963800400980174,glass,534,NA,NA,NA,NA,2025,NA,NA,Laminaria digitata,35912,0.49963800400980174,FALSE,FALSE,FALSE,FALSE,FALSE,FALSE,FALSE,FALSE,FALSE,FALSE,FALSE,0,FALSE,NA,NA,FALSE,FALSE,FALSE,FALSE,FALSE,FALSE,FALSE,FALSE,FALSE,FALSE,FALSE,FALSE,NA,NA
583,C2106,20250411_C2106_clip.MP4,504,7.2,NA,7.2,7.2,FALSE,NA,NA,FALSE,TRUE,53,25424,4,L. digitata,HW,Spring,Harwich,CU0,NA,NA,NA,0,0,10,0,NA,12680,13732,26412,0.48008480993487807,glass,1690,NA,NA,NA,NA,2025,NA,NA,Laminaria digitata,26412,0.48008480993487807,FALSE,FALSE,FALSE,FALSE,FALSE,FALSE,FALSE,FALSE,FALSE,FALSE,FALSE,0,FALSE,NA,NA,FALSE,FALSE,FALSE,FALSE,FALSE,FALSE,FALSE,FALSE,FALSE,FALSE,FALSE,FALSE,NA,NA
584,C2107,20250411_C2107_clip.MP4,504,7.2,NA,7.2,7.2,FALSE,NA,NA,FALSE,TRUE,53,25425,4,L. digitata,HW,Spring,Harwich,CU0,NA,NA,NA,0,0,10,0,NA,16076,16574,32650,0.4923736600306279,glass,419,NA,NA,NA,NA,2025,NA,NA,Laminaria digitata,32650,0.4923736600306279,FALSE,FALSE,FALSE,FALSE,FALSE,FALSE,FALSE,FALSE,FALSE,FALSE,FALSE,0,FALSE,NA,NA,FALSE,FALSE,FALSE,FALSE,FALSE,FALSE,FALSE,FALSE,FALSE,FALSE,FALSE,FALSE,NA,NA
585,C2108,20250411_C2108_clip.MP4,504,7.2,NA,7.2,7.2,FALSE,NA,NA,FALSE,TRUE,53,25426,4,L. digitata,HW,Spring,Harwich,CU0,NA,NA,NA,0,0,10,0,NA,989,4865,5854,0.16894431158182438,glass,NA,NA,NA,NA,NA,2025,NA,NA,Laminaria digitata,5854,0.16894431158182438,FALSE,FALSE,FALSE,FALSE,FALSE,FALSE,FALSE,FALSE,FALSE,FALSE,FALSE,0,FALSE,NA,NA,FALSE,FALSE,FALSE,FALSE,FALSE,FALSE,FALSE,FALSE,FALSE,FALSE,FALSE,FALSE,NA,NA
586,C2109,20250411_C2109_clip.MP4,504,7.2,NA,7.2,7.2,FALSE,NA,NA,FALSE,TRUE,53,25431,4,L. digitata,HW,Spring,Harwich,CU0,NA,NA,NA,0,0,100,0,NA,47989,53805,101794,0.47143250093325734,glass,163,NA,NA,NA,NA,2025,NA,NA,Laminaria digitata,101794,0.47143250093325734,FALSE,FALSE,FALSE,FALSE,FALSE,FALSE,FALSE,FALSE,FALSE,FALSE,FALSE,0,FALSE,NA,NA,FALSE,FALSE,FALSE,FALSE,FALSE,FALSE,FALSE,FALSE,FALSE,FALSE,FALSE,FALSE,NA,NA
587,C2110,20250411_C2110_clip.MP4,504,7.2,NA,7.2,7.2,FALSE,NA,NA,FALSE,TRUE,53,25432,4,L. digitata,HW,Spring,Harwich,CU0,NA,NA,NA,0,0,100,0,NA,12910,13758,26668,0.484100794960252,glass,450,NA,NA,NA,NA,2025,NA,NA,Laminaria digitata,26668,0.484100794960252,FALSE,FALSE,FALSE,FALSE,FALSE,FALSE,FALSE,FALSE,FALSE,FALSE,FALSE,0,FALSE,NA,NA,FALSE,FALSE,FALSE,FALSE,FALSE,FALSE,FALSE,FALSE,FALSE,FALSE,FALSE,FALSE,NA,NA
588,C2111,20250411_C2111_clip.MP4,504,7.2,NA,7.2,7.2,FALSE,NA,NA,FALSE,TRUE,53,25433,4,L. digitata,HW,Spring,Harwich,CU0,NA,NA,NA,0,0,100,0,NA,27525,37835,65360,0.42112913096695226,glass,201,NA,NA,NA,NA,2025,NA,NA,Laminaria digitata,65360,0.42112913096695226,FALSE,FALSE,FALSE,FALSE,FALSE,FALSE,FALSE,FALSE,FALSE,FALSE,FALSE,0,FALSE,NA,NA,FALSE,FALSE,FALSE,FALSE,FALSE,FALSE,FALSE,FALSE,FALSE,FALSE,FALSE,FALSE,NA,NA
589,C2112,20250411_C2112_clip.MP4,504,7.2,NA,7.2,7.2,FALSE,NA,NA,FALSE,TRUE,53,25434,4,L. digitata,HW,Spring,Harwich,CU0,NA,NA,NA,0,0,100,0,NA,52875,58339,111214,0.4754347474238855,glass,1321,NA,NA,NA,NA,2025,NA,NA,Laminaria digitata,111214,0.4754347474238855,FALSE,FALSE,FALSE,FALSE,FALSE,FALSE,FALSE,FALSE,FALSE,FALSE,FALSE,0,FALSE,NA,NA,FALSE,FALSE,FALSE,FALSE,FALSE,FALSE,FALSE,FALSE,FALSE,FALSE,FALSE,FALSE,NA,NA
590,C2113,20250411_C2113_clip.MP4,504,7.2,NA,7.2,7.2,FALSE,NA,NA,FALSE,TRUE,53,25435,4,L. digitata,HW,Spring,Harwich,CU0,NA,NA,NA,0,0,100,0,NA,38558,53298,91856,0.4197657202577948,glass,223,NA,NA,NA,NA,2025,NA,NA,Laminaria digitata,91856,0.4197657202577948,FALSE,FALSE,FALSE,FALSE,FALSE,FALSE,FALSE,FALSE,FALSE,FALSE,FALSE,0,FALSE,NA,NA,FALSE,FALSE,FALSE,FALSE,FALSE,FALSE,FALSE,FALSE,FALSE,FALSE,FALSE,FALSE,NA,NA
591,C2114,20250411_C2114_clip.MP4,504,7.2,NA,7.2,7.2,FALSE,NA,NA,FALSE,TRUE,53,25436,4,L. digitata,HW,Spring,Harwich,CU0,NA,NA,NA,0,0,100,0,NA,20155,22756,42911,0.46969308568898416,glass,401,NA,NA,NA,NA,2025,NA,NA,Laminaria digitata,42911,0.46969308568898416,FALSE,FALSE,FALSE,FALSE,FALSE,FALSE,FALSE,FALSE,FALSE,FALSE,FALSE,0,FALSE,NA,NA,FALSE,FALSE,FALSE,FALSE,FALSE,FALSE,FALSE,FALSE,FALSE,FALSE,FALSE,FALSE,NA,NA
592,C2115,20250411_C2115_clip.MP4,504,7.2,NA,7.2,7.2,FALSE,NA,NA,FALSE,TRUE,53,25441,4,L. digitata,HW,Spring,Harwich,CU0,NA,NA,NA,0,0,1000,0,NA,16565,17230,33795,0.49016126645953545,glass,251,NA,NA,NA,NA,2025,NA,NA,Laminaria digitata,33795,0.49016126645953545,FALSE,FALSE,FALSE,FALSE,FALSE,FALSE,FALSE,FALSE,FALSE,FALSE,FALSE,0,FALSE,NA,NA,FALSE,FALSE,FALSE,FALSE,FALSE,FALSE,FALSE,FALSE,FALSE,FALSE,FALSE,FALSE,NA,NA
593,C2116,20250411_C2116_clip.MP4,504,7.2,NA,7.2,7.2,FALSE,NA,NA,FALSE,TRUE,53,25442,4,L. digitata,HW,Spring,Harwich,CU0,NA,NA,NA,0,0,1000,0,NA,2354,3497,5851,0.40232438899333445,glass,471,NA,NA,NA,NA,2025,NA,NA,Laminaria digitata,5851,0.40232438899333445,FALSE,FALSE,FALSE,FALSE,FALSE,FALSE,FALSE,FALSE,FALSE,FALSE,FALSE,0,FALSE,NA,NA,FALSE,FALSE,FALSE,FALSE,FALSE,FALSE,FALSE,FALSE,FALSE,FALSE,FALSE,FALSE,NA,NA
594,C2117,20250411_C2117_clip.MP4,504,7.2,NA,7.2,7.2,FALSE,NA,NA,FALSE,TRUE,53,25443,4,L. digitata,HW,Spring,Harwich,CU0,NA,NA,NA,0,0,1000,0,NA,17133,15666,32799,0.5223634866916674,glass,1650,NA,NA,NA,NA,2025,NA,NA,Laminaria digitata,32799,0.5223634866916674,FALSE,FALSE,FALSE,FALSE,FALSE,FALSE,FALSE,FALSE,FALSE,FALSE,FALSE,0,FALSE,NA,NA,FALSE,FALSE,FALSE,FALSE,FALSE,FALSE,FALSE,FALSE,FALSE,FALSE,FALSE,FALSE,NA,NA
595,C2118,20250411_C2118_clip.MP4,504,7.2,NA,7.2,7.2,FALSE,NA,NA,FALSE,TRUE,53,25444,4,L. digitata,HW,Spring,Harwich,CU0,NA,NA,NA,0,0,1000,0,NA,869,1554,2423,0.3586463062319439,glass,567,NA,NA,NA,NA,2025,NA,NA,Laminaria digitata,2423,0.3586463062319439,FALSE,FALSE,FALSE,FALSE,FALSE,FALSE,FALSE,FALSE,FALSE,FALSE,FALSE,0,FALSE,NA,NA,FALSE,FALSE,FALSE,FALSE,FALSE,FALSE,FALSE,FALSE,FALSE,FALSE,FALSE,FALSE,NA,NA
596,C2119,20250411_C2119_clip.MP4,504,7.2,NA,7.2,7.2,FALSE,NA,NA,FALSE,TRUE,53,25445,4,L. digitata,HW,Spring,Harwich,CU0,NA,NA,NA,0,0,1000,0,NA,9752,32175,41927,0.232594748014406,glass,4120,NA,NA,NA,NA,2025,NA,NA,Laminaria digitata,41927,0.232594748014406,FALSE,FALSE,FALSE,FALSE,FALSE,FALSE,FALSE,FALSE,FALSE,FALSE,FALSE,0,FALSE,NA,NA,FALSE,FALSE,FALSE,FALSE,FALSE,FALSE,FALSE,FALSE,FALSE,FALSE,FALSE,FALSE,NA,NA
597,C2120,20250411_C2120_clip.MP4,504,7.2,NA,7.2,7.2,FALSE,NA,NA,FALSE,TRUE,53,25446,4,L. digitata,HW,Spring,Harwich,CU0,NA,NA,NA,0,0,1000,0,NA,183,3604,3787,0.04832321098494851,glass,2852,NA,NA,NA,NA,2025,NA,NA,Laminaria digitata,3787,0.04832321098494851,FALSE,FALSE,FALSE,FALSE,FALSE,FALSE,FALSE,FALSE,FALSE,FALSE,FALSE,0,FALSE,NA,NA,FALSE,FALSE,FALSE,FALSE,FALSE,FALSE,FALSE,FALSE,FALSE,FALSE,FALSE,FALSE,NA,NA
598,C2121,20250411_C2121_clip.MP4,504,7.2,NA,7.2,7.2,FALSE,NA,NA,FALSE,TRUE,53,25451,4,L. digitata,HW,Spring,Harwich,CU0,NA,NA,NA,0,0,5000,0,NA,2509,5050,7559,0.33192221193279536,glass,53,NA,NA,NA,NA,2025,NA,NA,Laminaria digitata,7559,0.33192221193279536,FALSE,FALSE,FALSE,FALSE,FALSE,FALSE,FALSE,FALSE,FALSE,FALSE,FALSE,0,FALSE,NA,NA,FALSE,FALSE,FALSE,FALSE,FALSE,FALSE,FALSE,FALSE,FALSE,FALSE,FALSE,FALSE,NA,NA
599,C2122,20250411_C2122_clip.MP4,504,7.2,NA,7.2,7.2,FALSE,NA,NA,FALSE,TRUE,53,25452,4,L. digitata,HW,Spring,Harwich,CU0,NA,NA,NA,0,0,5000,0,NA,638,1436,2074,0.3076181292189007,glass,58,NA,NA,NA,NA,2025,NA,NA,Laminaria digitata,2074,0.3076181292189007,FALSE,FALSE,FALSE,FALSE,FALSE,FALSE,FALSE,FALSE,FALSE,FALSE,FALSE,0,FALSE,NA,NA,FALSE,FALSE,FALSE,FALSE,FALSE,FALSE,FALSE,FALSE,FALSE,FALSE,FALSE,FALSE,NA,NA
600,C2123,20250411_C2123_clip.MP4,504,7.2,NA,7.2,7.2,FALSE,NA,NA,FALSE,TRUE,53,25453,4,L. digitata,HW,Spring,Harwich,CU0,NA,NA,NA,0,0,5000,0,NA,5102,7763,12865,0.3965798678585309,glass,1490,NA,NA,NA,NA,2025,NA,NA,Laminaria digitata,12865,0.3965798678585309,FALSE,FALSE,FALSE,FALSE,FALSE,FALSE,FALSE,FALSE,FALSE,FALSE,FALSE,0,FALSE,NA,NA,FALSE,FALSE,FALSE,FALSE,FALSE,FALSE,FALSE,FALSE,FALSE,FALSE,FALSE,FALSE,NA,NA
601,C2124,20250411_C2124_clip.MP4,504,7.2,NA,7.2,7.2,FALSE,NA,NA,FALSE,TRUE,53,25454,4,L. digitata,HW,Spring,Harwich,CU0,NA,NA,NA,0,0,5000,0,NA,538,1264,1802,0.2985571587125416,glass,161,NA,NA,NA,NA,2025,NA,NA,Laminaria digitata,1802,0.2985571587125416,FALSE,FALSE,FALSE,FALSE,FALSE,FALSE,FALSE,FALSE,FALSE,FALSE,FALSE,0,FALSE,NA,NA,FALSE,FALSE,FALSE,FALSE,FALSE,FALSE,FALSE,FALSE,FALSE,FALSE,FALSE,FALSE,NA,NA
602,C2125,20250411_C2125_clip.MP4,504,7.2,NA,7.2,7.2,FALSE,NA,NA,FALSE,TRUE,53,25455,4,L. digitata,HW,Spring,Harwich,CU0,NA,NA,NA,0,0,5000,0,NA,372,2726,3098,0.12007746933505488,glass,2330,NA,NA,NA,NA,2025,NA,NA,Laminaria digitata,3098,0.12007746933505488,FALSE,FALSE,FALSE,FALSE,FALSE,FALSE,FALSE,FALSE,FALSE,FALSE,FALSE,0,FALSE,NA,NA,FALSE,FALSE,FALSE,FALSE,FALSE,FALSE,FALSE,FALSE,FALSE,FALSE,FALSE,FALSE,NA,NA
603,C2126,20250411_C2126_clip.MP4,504,7.2,NA,7.2,7.2,FALSE,NA,NA,FALSE,TRUE,53,25456,4,L. digitata,HW,Spring,Harwich,CU0,NA,NA,NA,0,0,5000,0,NA,495,2795,3290,0.15045592705167174,glass,4643,NA,NA,NA,NA,2025,NA,NA,Laminaria digitata,3290,0.15045592705167174,FALSE,FALSE,FALSE,FALSE,FALSE,FALSE,FALSE,FALSE,FALSE,FALSE,FALSE,0,FALSE,NA,NA,FALSE,FALSE,FALSE,FALSE,FALSE,FALSE,FALSE,FALSE,FALSE,FALSE,FALSE,FALSE,NA,NA
604,C2127,20250411_C2127_clip.MP4,504,7.2,NA,7.2,7.2,FALSE,NA,NA,FALSE,TRUE,53,25461,4,L. digitata,HW,Spring,Harwich,CU0,NA,NA,NA,0,0,10000,0,NA,987,4323,5310,0.18587570621468927,glass,635,NA,NA,NA,NA,2025,NA,NA,Laminaria digitata,5310,0.18587570621468927,FALSE,FALSE,FALSE,FALSE,FALSE,FALSE,FALSE,FALSE,FALSE,FALSE,FALSE,0,FALSE,NA,NA,FALSE,FALSE,FALSE,FALSE,FALSE,FALSE,FALSE,FALSE,FALSE,FALSE,FALSE,FALSE,NA,NA
605,C2128,20250411_C2128_clip.MP4,504,7.2,NA,7.2,7.2,FALSE,NA,NA,FALSE,TRUE,53,25462,4,L. digitata,HW,Spring,Harwich,CU0,NA,NA,NA,0,0,10000,0,NA,25780,52386,78166,0.32981091523168643,glass,0,NA,NA,NA,NA,2025,NA,NA,Laminaria digitata,78166,0.32981091523168643,FALSE,FALSE,FALSE,FALSE,FALSE,FALSE,FALSE,FALSE,FALSE,FALSE,FALSE,0,FALSE,NA,NA,FALSE,FALSE,FALSE,FALSE,FALSE,FALSE,FALSE,FALSE,FALSE,FALSE,FALSE,FALSE,NA,NA
606,C2129,20250411_C2129_clip.MP4,504,7.2,NA,7.2,7.2,FALSE,NA,NA,FALSE,TRUE,53,25463,4,L. digitata,HW,Spring,Harwich,CU0,NA,NA,NA,0,0,10000,0,NA,13848,28378,42226,0.32794960450907024,glass,7374,NA,NA,NA,NA,2025,NA,NA,Laminaria digitata,42226,0.32794960450907024,FALSE,FALSE,FALSE,FALSE,FALSE,FALSE,FALSE,FALSE,FALSE,FALSE,FALSE,0,FALSE,NA,NA,FALSE,FALSE,FALSE,FALSE,FALSE,FALSE,FALSE,FALSE,FALSE,FALSE,FALSE,FALSE,NA,NA
607,C2130,20250411_C2130_clip.MP4,504,7.2,NA,7.2,7.2,FALSE,NA,NA,FALSE,TRUE,53,25464,4,L. digitata,HW,Spring,Harwich,CU0,NA,NA,NA,0,0,10000,0,NA,15815,16008,31823,0.4969676020488326,glass,2442,NA,NA,NA,NA,2025,NA,NA,Laminaria digitata,31823,0.4969676020488326,FALSE,FALSE,FALSE,FALSE,FALSE,FALSE,FALSE,FALSE,FALSE,FALSE,FALSE,0,FALSE,NA,NA,FALSE,FALSE,FALSE,FALSE,FALSE,FALSE,FALSE,FALSE,FALSE,FALSE,FALSE,FALSE,NA,NA
608,C2131,20250411_C2131_clip.MP4,504,7.2,NA,7.2,7.2,FALSE,NA,NA,FALSE,TRUE,53,25465,4,L. digitata,HW,Spring,Harwich,CU0,NA,NA,NA,0,0,10000,0,NA,12879,21235,34114,0.3775282875065955,glass,4372,NA,NA,NA,NA,2025,NA,NA,Laminaria digitata,34114,0.3775282875065955,FALSE,FALSE,FALSE,FALSE,FALSE,FALSE,FALSE,FALSE,FALSE,FALSE,FALSE,0,FALSE,NA,NA,FALSE,FALSE,FALSE,FALSE,FALSE,FALSE,FALSE,FALSE,FALSE,FALSE,FALSE,FALSE,NA,NA
609,C2132,20250411_C2132_clip.MP4,504,7.2,NA,7.2,7.2,FALSE,NA,NA,FALSE,TRUE,53,25466,4,L. digitata,HW,Spring,Harwich,CU0,NA,NA,NA,0,0,10000,0,NA,44348,45615,89963,0.4929582161555306,glass,6941,NA,NA,NA,NA,2025,NA,NA,Laminaria digitata,89963,0.4929582161555306,FALSE,FALSE,FALSE,FALSE,FALSE,FALSE,FALSE,FALSE,FALSE,FALSE,FALSE,0,FALSE,NA,NA,FALSE,FALSE,FALSE,FALSE,FALSE,FALSE,FALSE,FALSE,FALSE,FALSE,FALSE,FALSE,NA,NA
610,C2133,20250411_C2133_clip.MP4,504,7.2,NA,7.2,7.2,FALSE,NA,NA,FALSE,TRUE,53,25551,4,L. digitata,HW,Spring,Harwich,CUO,NA,NA,NA,0,0,5000,0,NA,45129,39898,85027,0.5307608171521987,glass,97,NA,NA,NA,NA,2025,NA,NA,Laminaria digitata,85027,0.5307608171521987,FALSE,FALSE,FALSE,FALSE,FALSE,FALSE,FALSE,FALSE,FALSE,FALSE,FALSE,0,FALSE,NA,NA,FALSE,FALSE,FALSE,FALSE,FALSE,FALSE,FALSE,FALSE,FALSE,FALSE,FALSE,FALSE,NA,NA
611,C2134,20250411_C2134_clip.MP4,504,7.2,NA,7.2,7.2,FALSE,NA,NA,FALSE,TRUE,53,25552,4,L. digitata,HW,Spring,Harwich,CUO,NA,NA,NA,0,0,5000,0,NA,23735,26286,50021,0.4745007097019252,glass,0,NA,NA,NA,NA,2025,NA,NA,Laminaria digitata,50021,0.4745007097019252,FALSE,FALSE,FALSE,FALSE,FALSE,FALSE,FALSE,FALSE,FALSE,FALSE,FALSE,0,FALSE,NA,NA,FALSE,FALSE,FALSE,FALSE,FALSE,FALSE,FALSE,FALSE,FALSE,FALSE,FALSE,FALSE,NA,NA
612,C2135,20250411_C2135_clip.MP4,504,7.2,NA,7.2,7.2,FALSE,NA,NA,FALSE,TRUE,53,25553,4,L. digitata,HW,Spring,Harwich,CUO,NA,NA,NA,0,0,5000,0,NA,19833,20168,40001,0.49581260468488286,glass,178,NA,NA,NA,NA,2025,NA,NA,Laminaria digitata,40001,0.49581260468488286,FALSE,FALSE,FALSE,FALSE,FALSE,FALSE,FALSE,FALSE,FALSE,FALSE,FALSE,0,FALSE,NA,NA,FALSE,FALSE,FALSE,FALSE,FALSE,FALSE,FALSE,FALSE,FALSE,FALSE,FALSE,FALSE,NA,NA
613,C2136,20250411_C2136_clip.MP4,504,7.2,NA,7.2,7.2,FALSE,NA,NA,FALSE,TRUE,53,25554,4,L. digitata,HW,Spring,Harwich,CUO,NA,NA,NA,0,0,5000,0,NA,423,1001,1424,0.2970505617977528,glass,84,NA,NA,NA,NA,2025,NA,NA,Laminaria digitata,1424,0.2970505617977528,FALSE,FALSE,FALSE,FALSE,FALSE,FALSE,FALSE,FALSE,FALSE,FALSE,FALSE,0,FALSE,NA,NA,FALSE,FALSE,FALSE,FALSE,FALSE,FALSE,FALSE,FALSE,FALSE,FALSE,FALSE,FALSE,NA,NA
614,C2137,20250411_C2137_clip.MP4,504,7.2,NA,7.2,7.2,FALSE,NA,NA,FALSE,TRUE,53,25555,4,L. digitata,HW,Spring,Harwich,CUO,NA,NA,NA,0,0,5000,0,NA,18452,19663,38115,0.48411386593204775,glass,68,NA,NA,NA,NA,2025,NA,NA,Laminaria digitata,38115,0.48411386593204775,FALSE,FALSE,FALSE,FALSE,FALSE,FALSE,FALSE,FALSE,FALSE,FALSE,FALSE,0,FALSE,NA,NA,FALSE,FALSE,FALSE,FALSE,FALSE,FALSE,FALSE,FALSE,FALSE,FALSE,FALSE,FALSE,NA,NA
615,C2138,20250411_C2138_clip.MP4,504,7.2,NA,7.2,7.2,FALSE,NA,NA,FALSE,TRUE,53,25556,4,L. digitata,HW,Spring,Harwich,CUO,NA,NA,NA,0,0,5000,0,NA,18851,23800,42651,0.4419826029870343,glass,0,NA,NA,NA,NA,2025,NA,NA,Laminaria digitata,42651,0.4419826029870343,FALSE,FALSE,FALSE,FALSE,FALSE,FALSE,FALSE,FALSE,FALSE,FALSE,FALSE,0,FALSE,NA,NA,FALSE,FALSE,FALSE,FALSE,FALSE,FALSE,FALSE,FALSE,FALSE,FALSE,FALSE,FALSE,NA,NA
616,C2139,20250411_C2139_clip.MP4,504,7.2,NA,7.2,7.2,FALSE,NA,NA,FALSE,TRUE,53,25561,4,L. digitata,HW,Spring,Harwich,CUO,NA,NA,NA,0,0,10000,0,NA,28413,31991,60404,0.470382756108867,glass,175,NA,NA,NA,NA,2025,NA,NA,Laminaria digitata,60404,0.470382756108867,FALSE,FALSE,FALSE,FALSE,FALSE,FALSE,FALSE,FALSE,FALSE,FALSE,FALSE,0,FALSE,NA,NA,FALSE,FALSE,FALSE,FALSE,FALSE,FALSE,FALSE,FALSE,FALSE,FALSE,FALSE,FALSE,NA,NA
617,C2140,20250411_C2140_clip.MP4,504,7.2,NA,7.2,7.2,FALSE,NA,NA,FALSE,TRUE,53,25562,4,L. digitata,HW,Spring,Harwich,CUO,NA,NA,NA,0,0,10000,0,NA,17101,23945,41046,0.41663012230180774,glass,9249,NA,NA,NA,NA,2025,NA,NA,Laminaria digitata,41046,0.41663012230180774,FALSE,FALSE,FALSE,FALSE,FALSE,FALSE,FALSE,FALSE,FALSE,FALSE,FALSE,0,FALSE,NA,NA,FALSE,FALSE,FALSE,FALSE,FALSE,FALSE,FALSE,FALSE,FALSE,FALSE,FALSE,FALSE,NA,NA
618,C2141,20250411_C2141_clip.MP4,504,7.2,NA,7.2,7.2,FALSE,NA,NA,FALSE,TRUE,53,25563,4,L. digitata,HW,Spring,Harwich,CUO,NA,NA,NA,0,0,10000,0,NA,1134,2665,3799,0.29849960515925245,glass,3402,NA,NA,NA,NA,2025,NA,NA,Laminaria digitata,3799,0.29849960515925245,FALSE,FALSE,FALSE,FALSE,FALSE,FALSE,FALSE,FALSE,FALSE,FALSE,FALSE,0,FALSE,NA,NA,FALSE,FALSE,FALSE,FALSE,FALSE,FALSE,FALSE,FALSE,FALSE,FALSE,FALSE,FALSE,NA,NA
619,C2142,20250411_C2142_clip.MP4,504,7.2,NA,7.2,7.2,FALSE,NA,NA,FALSE,TRUE,53,25564,4,L. digitata,HW,Spring,Harwich,CUO,NA,NA,NA,0,0,10000,0,NA,2469,4079,6548,0.3770616982284667,glass,10113,NA,NA,NA,NA,2025,NA,NA,Laminaria digitata,6548,0.3770616982284667,FALSE,FALSE,FALSE,FALSE,FALSE,FALSE,FALSE,FALSE,FALSE,FALSE,FALSE,0,FALSE,NA,NA,FALSE,FALSE,FALSE,FALSE,FALSE,FALSE,FALSE,FALSE,FALSE,FALSE,FALSE,FALSE,NA,NA
620,C2143,20250411_C2143_clip.MP4,504,7.2,NA,7.2,7.2,FALSE,NA,NA,FALSE,TRUE,53,25565,4,L. digitata,HW,Spring,Harwich,CUO,NA,NA,NA,0,0,10000,0,NA,56505,61672,118177,0.47813872411721403,glass,8921,NA,NA,NA,NA,2025,NA,NA,Laminaria digitata,118177,0.47813872411721403,FALSE,FALSE,FALSE,FALSE,FALSE,FALSE,FALSE,FALSE,FALSE,FALSE,FALSE,0,FALSE,NA,NA,FALSE,FALSE,FALSE,FALSE,FALSE,FALSE,FALSE,FALSE,FALSE,FALSE,FALSE,FALSE,NA,NA
621,C2144,20250411_C2144_clip.MP4,504,7.2,NA,7.2,7.2,FALSE,NA,NA,FALSE,TRUE,53,25566,4,L. digitata,HW,Spring,Harwich,CUO,NA,NA,NA,0,0,10000,0,NA,43500,71370,114870,0.37868895272917213,glass,820,NA,NA,NA,NA,2025,NA,NA,Laminaria digitata,114870,0.37868895272917213,FALSE,FALSE,FALSE,FALSE,FALSE,FALSE,FALSE,FALSE,FALSE,FALSE,FALSE,0,FALSE,NA,NA,FALSE,FALSE,FALSE,FALSE,FALSE,FALSE,FALSE,FALSE,FALSE,FALSE,FALSE,FALSE,NA,NA
622,C2145,20250411_C2145_clip.MP4,504,7.2,NA,7.2,7.2,FALSE,NA,NA,FALSE,TRUE,53,25471,4,L. digitata,HW,Spring,Harwich,CUSO4,NA,NA,NA,0,0,10,0,NA,7781,14130,21911,0.3551184336634567,glass,549,NA,NA,NA,NA,2025,NA,NA,Laminaria digitata,21911,0.3551184336634567,FALSE,FALSE,FALSE,FALSE,FALSE,FALSE,FALSE,FALSE,FALSE,FALSE,FALSE,0,FALSE,NA,NA,FALSE,FALSE,FALSE,FALSE,FALSE,FALSE,FALSE,FALSE,FALSE,FALSE,FALSE,FALSE,NA,NA
623,C2146,20250411_C2146_clip.MP4,504,7.2,NA,7.2,7.2,FALSE,NA,NA,FALSE,TRUE,53,25472,4,L. digitata,HW,Spring,Harwich,CUSO4,NA,NA,NA,0,0,10,0,NA,14277,16220,30497,0.46814440764665377,glass,421,NA,NA,NA,NA,2025,NA,NA,Laminaria digitata,30497,0.46814440764665377,FALSE,FALSE,FALSE,FALSE,FALSE,FALSE,FALSE,FALSE,FALSE,FALSE,FALSE,0,FALSE,NA,NA,FALSE,FALSE,FALSE,FALSE,FALSE,FALSE,FALSE,FALSE,FALSE,FALSE,FALSE,FALSE,NA,NA
624,C2147,20250411_C2147_clip.MP4,504,7.2,NA,7.2,7.2,FALSE,NA,NA,FALSE,TRUE,53,25473,4,L. digitata,HW,Spring,Harwich,CUSO4,NA,NA,NA,0,0,10,0,NA,8718,9596,18314,0.47602926722725786,glass,1799,NA,NA,NA,NA,2025,NA,NA,Laminaria digitata,18314,0.47602926722725786,FALSE,FALSE,FALSE,FALSE,FALSE,FALSE,FALSE,FALSE,FALSE,FALSE,FALSE,0,FALSE,NA,NA,FALSE,FALSE,FALSE,FALSE,FALSE,FALSE,FALSE,FALSE,FALSE,FALSE,FALSE,FALSE,NA,NA
625,C2148,20250411_C2148_clip.MP4,504,7.2,NA,7.2,7.2,FALSE,NA,NA,FALSE,TRUE,53,25474,4,L. digitata,HW,Spring,Harwich,CUSO4,NA,NA,NA,0,0,10,0,NA,22764,35217,57981,0.39261137269105395,glass,5739,NA,NA,NA,NA,2025,NA,NA,Laminaria digitata,57981,0.39261137269105395,FALSE,FALSE,FALSE,FALSE,FALSE,FALSE,FALSE,FALSE,FALSE,FALSE,FALSE,0,FALSE,NA,NA,FALSE,FALSE,FALSE,FALSE,FALSE,FALSE,FALSE,FALSE,FALSE,FALSE,FALSE,FALSE,NA,NA
626,C2149,20250411_C2149_clip.MP4,504,7.2,NA,7.2,7.2,FALSE,NA,NA,FALSE,TRUE,53,25475,4,L. digitata,HW,Spring,Harwich,CUSO4,NA,NA,NA,0,0,10,0,NA,17970,37822,55792,0.32208918841410955,glass,3062,NA,NA,NA,NA,2025,NA,NA,Laminaria digitata,55792,0.32208918841410955,FALSE,FALSE,FALSE,FALSE,FALSE,FALSE,FALSE,FALSE,FALSE,FALSE,FALSE,0,FALSE,NA,NA,FALSE,FALSE,FALSE,FALSE,FALSE,FALSE,FALSE,FALSE,FALSE,FALSE,FALSE,FALSE,NA,NA
627,C2150,20250411_C2150_clip.MP4,504,7.2,NA,7.2,7.2,FALSE,NA,NA,FALSE,TRUE,53,25476,4,L. digitata,HW,Spring,Harwich,CUSO4,NA,NA,NA,0,0,10,0,NA,3903,9285,13188,0.295950864422202,glass,597,NA,NA,NA,NA,2025,NA,NA,Laminaria digitata,13188,0.295950864422202,FALSE,FALSE,FALSE,FALSE,FALSE,FALSE,FALSE,FALSE,FALSE,FALSE,FALSE,0,FALSE,NA,NA,FALSE,FALSE,FALSE,FALSE,FALSE,FALSE,FALSE,FALSE,FALSE,FALSE,FALSE,FALSE,NA,NA
628,C2151,20250411_C2151_clip.MP4,504,7.2,NA,7.2,7.2,FALSE,NA,NA,FALSE,TRUE,53,25481,4,L. digitata,HW,Spring,Harwich,CUSO4,NA,NA,NA,0,0,100,0,NA,43245,38415,81660,0.5295738427626745,glass,810,NA,NA,NA,NA,2025,NA,NA,Laminaria digitata,81660,0.5295738427626745,FALSE,FALSE,FALSE,FALSE,FALSE,FALSE,FALSE,FALSE,FALSE,FALSE,FALSE,0,FALSE,NA,NA,FALSE,FALSE,FALSE,FALSE,FALSE,FALSE,FALSE,FALSE,FALSE,FALSE,FALSE,FALSE,NA,NA
629,C2152,20250411_C2152_clip.MP4,504,7.2,NA,7.2,7.2,FALSE,NA,NA,FALSE,TRUE,53,25482,4,L. digitata,HW,Spring,Harwich,CUSO4,NA,NA,NA,0,0,100,0,NA,508,1480,1988,0.25553319919517103,glass,700,NA,NA,NA,NA,2025,NA,NA,Laminaria digitata,1988,0.25553319919517103,FALSE,FALSE,FALSE,FALSE,FALSE,FALSE,FALSE,FALSE,FALSE,FALSE,FALSE,0,FALSE,NA,NA,FALSE,FALSE,FALSE,FALSE,FALSE,FALSE,FALSE,FALSE,FALSE,FALSE,FALSE,FALSE,NA,NA
630,C2153,20250411_C2153_clip.MP4,504,7.2,NA,7.2,7.2,FALSE,NA,NA,FALSE,TRUE,53,25483,4,L. digitata,HW,Spring,Harwich,CUSO4,NA,NA,NA,0,0,100,0,NA,21625,21141,42766,0.5056587008371136,glass,494,NA,NA,NA,NA,2025,NA,NA,Laminaria digitata,42766,0.5056587008371136,FALSE,FALSE,FALSE,FALSE,FALSE,FALSE,FALSE,FALSE,FALSE,FALSE,FALSE,0,FALSE,NA,NA,FALSE,FALSE,FALSE,FALSE,FALSE,FALSE,FALSE,FALSE,FALSE,FALSE,FALSE,FALSE,NA,NA
631,C2154,20250411_C2154_clip.MP4,504,7.2,NA,7.2,7.2,FALSE,NA,NA,FALSE,TRUE,53,25484,4,L. digitata,HW,Spring,Harwich,CUSO4,NA,NA,NA,0,0,100,0,NA,22685,42446,65131,0.348298045477576,glass,1745,NA,NA,NA,NA,2025,NA,NA,Laminaria digitata,65131,0.348298045477576,FALSE,FALSE,FALSE,FALSE,FALSE,FALSE,FALSE,FALSE,FALSE,FALSE,FALSE,0,FALSE,NA,NA,FALSE,FALSE,FALSE,FALSE,FALSE,FALSE,FALSE,FALSE,FALSE,FALSE,FALSE,FALSE,NA,NA
632,C2155,20250411_C2155_clip.MP4,504,7.2,NA,7.2,7.2,FALSE,NA,NA,FALSE,TRUE,53,25485,4,L. digitata,HW,Spring,Harwich,CUSO4,NA,NA,NA,0,0,100,0,NA,24984,28585,53569,0.46638914297448153,glass,1822,NA,NA,NA,NA,2025,NA,NA,Laminaria digitata,53569,0.46638914297448153,FALSE,FALSE,FALSE,FALSE,FALSE,FALSE,FALSE,FALSE,FALSE,FALSE,FALSE,0,FALSE,NA,NA,FALSE,FALSE,FALSE,FALSE,FALSE,FALSE,FALSE,FALSE,FALSE,FALSE,FALSE,FALSE,NA,NA
633,C2156,20250411_C2156_clip.MP4,504,7.2,NA,7.2,7.2,FALSE,NA,NA,FALSE,TRUE,53,25486,4,L. digitata,HW,Spring,Harwich,CUSO4,NA,NA,NA,0,0,100,0,NA,22650,61669,84319,0.26862273034547374,glass,920,NA,NA,NA,NA,2025,NA,NA,Laminaria digitata,84319,0.26862273034547374,FALSE,FALSE,FALSE,FALSE,FALSE,FALSE,FALSE,FALSE,FALSE,FALSE,FALSE,0,FALSE,NA,NA,FALSE,FALSE,FALSE,FALSE,FALSE,FALSE,FALSE,FALSE,FALSE,FALSE,FALSE,FALSE,NA,NA
634,C2157,20250411_C2157_clip.MP4,504,7.2,NA,7.2,7.2,FALSE,NA,NA,FALSE,TRUE,53,25491,4,L. digitata,HW,Spring,Harwich,CUSO4,NA,NA,NA,0,0,10000,0,NA,8376,8740,17116,0.4893666744566488,glass,92,NA,NA,NA,NA,2025,NA,NA,Laminaria digitata,17116,0.4893666744566488,FALSE,FALSE,FALSE,FALSE,FALSE,FALSE,FALSE,FALSE,FALSE,FALSE,FALSE,0,FALSE,NA,NA,FALSE,FALSE,FALSE,FALSE,FALSE,FALSE,FALSE,FALSE,FALSE,FALSE,FALSE,FALSE,NA,NA
635,C2158,20250411_C2158_clip.MP4,504,7.2,NA,7.2,7.2,FALSE,NA,NA,FALSE,TRUE,53,25492,4,L. digitata,HW,Spring,Harwich,CUSO4,NA,NA,NA,0,0,10000,0,NA,21172,23096,44268,0.4782687268455769,glass,3302,NA,NA,NA,NA,2025,NA,NA,Laminaria digitata,44268,0.4782687268455769,FALSE,FALSE,FALSE,FALSE,FALSE,FALSE,FALSE,FALSE,FALSE,FALSE,FALSE,0,FALSE,NA,NA,FALSE,FALSE,FALSE,FALSE,FALSE,FALSE,FALSE,FALSE,FALSE,FALSE,FALSE,FALSE,NA,NA
636,C2159,20250411_C2159_clip.MP4,504,7.2,NA,7.2,7.2,FALSE,NA,NA,FALSE,TRUE,53,25493,4,L. digitata,HW,Spring,Harwich,CUSO4,NA,NA,NA,0,0,10000,0,NA,27578,28855,56433,0.4886856980844541,glass,1722,NA,NA,NA,NA,2025,NA,NA,Laminaria digitata,56433,0.4886856980844541,FALSE,FALSE,FALSE,FALSE,FALSE,FALSE,FALSE,FALSE,FALSE,FALSE,FALSE,0,FALSE,NA,NA,FALSE,FALSE,FALSE,FALSE,FALSE,FALSE,FALSE,FALSE,FALSE,FALSE,FALSE,FALSE,NA,NA
637,C2160,20250411_C2160_clip.MP4,504,7.2,NA,7.2,7.2,FALSE,NA,NA,FALSE,TRUE,53,25494,4,L. digitata,HW,Spring,Harwich,CUSO4,NA,NA,NA,0,0,10000,0,NA,838,1261,2099,0.39923773225345405,glass,521,NA,NA,NA,NA,2025,NA,NA,Laminaria digitata,2099,0.39923773225345405,FALSE,FALSE,FALSE,FALSE,FALSE,FALSE,FALSE,FALSE,FALSE,FALSE,FALSE,0,FALSE,NA,NA,FALSE,FALSE,FALSE,FALSE,FALSE,FALSE,FALSE,FALSE,FALSE,FALSE,FALSE,FALSE,NA,NA
638,C2161,20250411_C2161_clip.MP4,504,7.2,NA,7.2,7.2,FALSE,NA,NA,FALSE,TRUE,53,25495,4,L. digitata,HW,Spring,Harwich,CUSO4,NA,NA,NA,0,0,10000,0,NA,42049,36945,78994,0.532306251107679,glass,103,NA,NA,NA,NA,2025,NA,NA,Laminaria digitata,78994,0.532306251107679,FALSE,FALSE,FALSE,FALSE,FALSE,FALSE,FALSE,FALSE,FALSE,FALSE,FALSE,0,FALSE,NA,NA,FALSE,FALSE,FALSE,FALSE,FALSE,FALSE,FALSE,FALSE,FALSE,FALSE,FALSE,FALSE,NA,NA
639,C2162,20250411_C2162_clip.MP4,504,7.2,NA,7.2,7.2,FALSE,NA,NA,FALSE,TRUE,53,25496,4,L. digitata,HW,Spring,Harwich,CUSO4,NA,NA,NA,0,0,10000,0,NA,38798,35588,74386,0.5215766407657355,glass,2266,NA,NA,NA,NA,2025,NA,NA,Laminaria digitata,74386,0.5215766407657355,FALSE,FALSE,FALSE,FALSE,FALSE,FALSE,FALSE,FALSE,FALSE,FALSE,FALSE,0,FALSE,NA,NA,FALSE,FALSE,FALSE,FALSE,FALSE,FALSE,FALSE,FALSE,FALSE,FALSE,FALSE,FALSE,NA,NA
640,C2164,20250411_C2164_clip.MP4,504,7.2,NA,7.2,7.2,FALSE,NA,NA,FALSE,TRUE,53,25501,4,L. digitata,HW,Spring,Harwich,CUSO4,NA,NA,NA,0,0,5000,0,NA,19908,19901,39809,0.5000879198171267,glass,255,NA,NA,NA,NA,2025,NA,NA,Laminaria digitata,39809,0.5000879198171267,FALSE,FALSE,FALSE,FALSE,FALSE,FALSE,FALSE,FALSE,FALSE,FALSE,FALSE,0,FALSE,NA,NA,FALSE,FALSE,FALSE,FALSE,FALSE,FALSE,FALSE,FALSE,FALSE,FALSE,FALSE,FALSE,NA,NA
641,C2165,20250411_C2165_clip.MP4,504,7.2,NA,7.2,7.2,FALSE,NA,NA,FALSE,TRUE,53,25502,4,L. digitata,HW,Spring,Harwich,CUSO4,NA,NA,NA,0,0,5000,0,NA,30656,36054,66710,0.4595412981561985,glass,121,NA,NA,NA,NA,2025,NA,NA,Laminaria digitata,66710,0.4595412981561985,FALSE,FALSE,FALSE,FALSE,FALSE,FALSE,FALSE,FALSE,FALSE,FALSE,FALSE,0,FALSE,NA,NA,FALSE,FALSE,FALSE,FALSE,FALSE,FALSE,FALSE,FALSE,FALSE,FALSE,FALSE,FALSE,NA,NA
642,C2166,20250411_C2166_clip.MP4,504,7.2,NA,7.2,7.2,FALSE,NA,NA,FALSE,TRUE,53,25503,4,L. digitata,HW,Spring,Harwich,CUSO4,NA,NA,NA,0,0,5000,0,NA,34318,35379,69697,0.4923884815702254,glass,248,NA,NA,NA,NA,2025,NA,NA,Laminaria digitata,69697,0.4923884815702254,FALSE,FALSE,FALSE,FALSE,FALSE,FALSE,FALSE,FALSE,FALSE,FALSE,FALSE,0,FALSE,NA,NA,FALSE,FALSE,FALSE,FALSE,FALSE,FALSE,FALSE,FALSE,FALSE,FALSE,FALSE,FALSE,NA,NA
643,C2167,20250411_C2167_clip.MP4,504,7.2,NA,7.2,7.2,FALSE,NA,NA,FALSE,TRUE,53,25504,4,L. digitata,HW,Spring,Harwich,CUSO4,NA,NA,NA,0,0,5000,0,NA,25505,25834,51339,0.4967958082549329,glass,578,NA,NA,NA,NA,2025,NA,NA,Laminaria digitata,51339,0.4967958082549329,FALSE,FALSE,FALSE,FALSE,FALSE,FALSE,FALSE,FALSE,FALSE,FALSE,FALSE,0,FALSE,NA,NA,FALSE,FALSE,FALSE,FALSE,FALSE,FALSE,FALSE,FALSE,FALSE,FALSE,FALSE,FALSE,NA,NA
644,C2168,20250411_C2168_clip.MP4,504,7.2,NA,7.2,7.2,FALSE,NA,NA,FALSE,TRUE,53,25505,4,L. digitata,HW,Spring,Harwich,CUSO4,NA,NA,NA,0,0,5000,0,NA,695,1177,1872,0.3712606837606838,glass,314,NA,NA,NA,NA,2025,NA,NA,Laminaria digitata,1872,0.3712606837606838,FALSE,FALSE,FALSE,FALSE,FALSE,FALSE,FALSE,FALSE,FALSE,FALSE,FALSE,0,FALSE,NA,NA,FALSE,FALSE,FALSE,FALSE,FALSE,FALSE,FALSE,FALSE,FALSE,FALSE,FALSE,FALSE,NA,NA
645,C2169,20250411_C2169_clip.MP4,504,7.2,NA,7.2,7.2,FALSE,NA,NA,FALSE,TRUE,53,25506,4,L. digitata,HW,Spring,Harwich,CUSO4,NA,NA,NA,0,0,5000,0,NA,22589,25183,47772,0.47285020514108683,glass,490,NA,NA,NA,NA,2025,NA,NA,Laminaria digitata,47772,0.47285020514108683,FALSE,FALSE,FALSE,FALSE,FALSE,FALSE,FALSE,FALSE,FALSE,FALSE,FALSE,0,FALSE,NA,NA,FALSE,FALSE,FALSE,FALSE,FALSE,FALSE,FALSE,FALSE,FALSE,FALSE,FALSE,FALSE,NA,NA
646,C2170,20250411_C2170_clip.MP4,504,7.2,NA,7.2,7.2,FALSE,NA,NA,FALSE,TRUE,53,25511,4,L. digitata,HW,Spring,Harwich,CUSO4,NA,NA,NA,0,0,10000,0,NA,12733,19796,32529,0.39143533462448893,glass,234,NA,NA,NA,NA,2025,NA,NA,Laminaria digitata,32529,0.39143533462448893,FALSE,FALSE,FALSE,FALSE,FALSE,FALSE,FALSE,FALSE,FALSE,FALSE,FALSE,0,FALSE,NA,NA,FALSE,FALSE,FALSE,FALSE,FALSE,FALSE,FALSE,FALSE,FALSE,FALSE,FALSE,FALSE,NA,NA
647,C2171,20250411_C2171_clip.MP4,504,7.2,NA,7.2,7.2,FALSE,NA,NA,FALSE,TRUE,53,25512,4,L. digitata,HW,Spring,Harwich,CUSO4,NA,NA,NA,0,0,10000,0,NA,40792,47327,88119,0.46291946118317273,glass,449,NA,NA,NA,NA,2025,NA,NA,Laminaria digitata,88119,0.46291946118317273,FALSE,FALSE,FALSE,FALSE,FALSE,FALSE,FALSE,FALSE,FALSE,FALSE,FALSE,0,FALSE,NA,NA,FALSE,FALSE,FALSE,FALSE,FALSE,FALSE,FALSE,FALSE,FALSE,FALSE,FALSE,FALSE,NA,NA
648,C2172,20250411_C2172_clip.MP4,504,7.2,NA,7.2,7.2,FALSE,NA,NA,FALSE,TRUE,53,25513,4,L. digitata,HW,Spring,Harwich,CUSO4,NA,NA,NA,0,0,10000,0,NA,14218,24395,38613,0.36821795768264576,glass,3035,NA,NA,NA,NA,2025,NA,NA,Laminaria digitata,38613,0.36821795768264576,FALSE,FALSE,FALSE,FALSE,FALSE,FALSE,FALSE,FALSE,FALSE,FALSE,FALSE,0,FALSE,NA,NA,FALSE,FALSE,FALSE,FALSE,FALSE,FALSE,FALSE,FALSE,FALSE,FALSE,FALSE,FALSE,NA,NA
649,C2173,20250411_C2173_clip.MP4,504,7.2,NA,7.2,7.2,FALSE,NA,NA,FALSE,TRUE,53,25514,4,L. digitata,HW,Spring,Harwich,CUSO4,NA,NA,NA,0,0,10000,0,NA,4276,7663,11939,0.3581539492419801,glass,1540,NA,NA,NA,NA,2025,NA,NA,Laminaria digitata,11939,0.3581539492419801,FALSE,FALSE,FALSE,FALSE,FALSE,FALSE,FALSE,FALSE,FALSE,FALSE,FALSE,0,FALSE,NA,NA,FALSE,FALSE,FALSE,FALSE,FALSE,FALSE,FALSE,FALSE,FALSE,FALSE,FALSE,FALSE,NA,NA
650,C2174,20250411_C2174_clip.MP4,504,7.2,NA,7.2,7.2,FALSE,NA,NA,FALSE,TRUE,53,25515,4,L. digitata,HW,Spring,Harwich,CUSO4,NA,NA,NA,0,0,10000,0,NA,41618,36790,78408,0.5307876747270687,glass,1181,NA,NA,NA,NA,2025,NA,NA,Laminaria digitata,78408,0.5307876747270687,FALSE,FALSE,FALSE,FALSE,FALSE,FALSE,FALSE,FALSE,FALSE,FALSE,FALSE,0,FALSE,NA,NA,FALSE,FALSE,FALSE,FALSE,FALSE,FALSE,FALSE,FALSE,FALSE,FALSE,FALSE,FALSE,NA,NA
651,C2175,20250411_C2175_clip.MP4,504,7.2,NA,7.2,7.2,FALSE,NA,NA,FALSE,TRUE,53,25516,4,L. digitata,HW,Spring,Harwich,CUSO4,NA,NA,NA,0,0,10000,0,NA,42564,35475,78039,0.545419597893361,glass,38,NA,NA,NA,NA,2025,NA,NA,Laminaria digitata,78039,0.545419597893361,FALSE,FALSE,FALSE,FALSE,FALSE,FALSE,FALSE,FALSE,FALSE,FALSE,FALSE,0,FALSE,NA,NA,FALSE,FALSE,FALSE,FALSE,FALSE,FALSE,FALSE,FALSE,FALSE,FALSE,FALSE,FALSE,NA,NA
652,C2176,20250411_C2176_clip.MP4,504,7.2,NA,7.2,7.2,FALSE,NA,NA,FALSE,TRUE,53,25521,4,L. digitata,HW,Spring,Harwich,CUO,NA,NA,NA,0,0,10,0,NA,46638,45453,92091,0.5064338534710232,glass,114,NA,NA,NA,NA,2025,NA,NA,Laminaria digitata,92091,0.5064338534710232,FALSE,FALSE,FALSE,FALSE,FALSE,FALSE,FALSE,FALSE,FALSE,FALSE,FALSE,0,FALSE,NA,NA,FALSE,FALSE,FALSE,FALSE,FALSE,FALSE,FALSE,FALSE,FALSE,FALSE,FALSE,FALSE,NA,NA
653,C2177,20250411_C2177_clip.MP4,504,7.2,NA,7.2,7.2,FALSE,NA,NA,FALSE,TRUE,53,25522,4,L. digitata,HW,Spring,Harwich,CUO,NA,NA,NA,0,0,10,0,NA,28207,84453,112660,0.2503728031244452,glass,293,NA,NA,NA,NA,2025,NA,NA,Laminaria digitata,112660,0.2503728031244452,FALSE,FALSE,FALSE,FALSE,FALSE,FALSE,FALSE,FALSE,FALSE,FALSE,FALSE,0,FALSE,NA,NA,FALSE,FALSE,FALSE,FALSE,FALSE,FALSE,FALSE,FALSE,FALSE,FALSE,FALSE,FALSE,NA,NA
654,C2178,20250411_C2178_clip.MP4,504,7.2,NA,7.2,7.2,FALSE,NA,NA,FALSE,TRUE,53,25523,4,L. digitata,HW,Spring,Harwich,CUO,NA,NA,NA,0,0,10,0,NA,27738,35855,63593,0.4361800827135062,glass,562,NA,NA,NA,NA,2025,NA,NA,Laminaria digitata,63593,0.4361800827135062,FALSE,FALSE,FALSE,FALSE,FALSE,FALSE,FALSE,FALSE,FALSE,FALSE,FALSE,0,FALSE,NA,NA,FALSE,FALSE,FALSE,FALSE,FALSE,FALSE,FALSE,FALSE,FALSE,FALSE,FALSE,FALSE,NA,NA
655,C2179,20250411_C2179_clip.MP4,504,7.2,NA,7.2,7.2,FALSE,NA,NA,FALSE,TRUE,53,25524,4,L. digitata,HW,Spring,Harwich,CUO,NA,NA,NA,0,0,10,0,NA,18838,20877,39715,0.4743295983885182,glass,478,NA,NA,NA,NA,2025,NA,NA,Laminaria digitata,39715,0.4743295983885182,FALSE,FALSE,FALSE,FALSE,FALSE,FALSE,FALSE,FALSE,FALSE,FALSE,FALSE,0,FALSE,NA,NA,FALSE,FALSE,FALSE,FALSE,FALSE,FALSE,FALSE,FALSE,FALSE,FALSE,FALSE,FALSE,NA,NA
656,C2180,20250411_C2180_clip.MP4,504,7.2,NA,7.2,7.2,FALSE,NA,NA,FALSE,TRUE,53,25525,4,L. digitata,HW,Spring,Harwich,CUO,NA,NA,NA,0,0,10,0,NA,2229,3664,5893,0.3782453758696759,glass,174,NA,NA,NA,NA,2025,NA,NA,Laminaria digitata,5893,0.3782453758696759,FALSE,FALSE,FALSE,FALSE,FALSE,FALSE,FALSE,FALSE,FALSE,FALSE,FALSE,0,FALSE,NA,NA,FALSE,FALSE,FALSE,FALSE,FALSE,FALSE,FALSE,FALSE,FALSE,FALSE,FALSE,FALSE,NA,NA
657,C2181,20250411_C2181_clip.MP4,504,7.2,NA,7.2,7.2,FALSE,NA,NA,FALSE,TRUE,53,25526,4,L. digitata,HW,Spring,Harwich,CUO,NA,NA,NA,0,0,10,0,NA,35464,36492,71956,0.49285674578909333,glass,1499,NA,NA,NA,NA,2025,NA,NA,Laminaria digitata,71956,0.49285674578909333,FALSE,FALSE,FALSE,FALSE,FALSE,FALSE,FALSE,FALSE,FALSE,FALSE,FALSE,0,FALSE,NA,NA,FALSE,FALSE,FALSE,FALSE,FALSE,FALSE,FALSE,FALSE,FALSE,FALSE,FALSE,FALSE,NA,NA
658,C2182,20250411_C2182_clip.MP4,504,7.2,NA,7.2,7.2,FALSE,NA,NA,FALSE,TRUE,53,25531,4,L. digitata,HW,Spring,Harwich,CUO,NA,NA,NA,0,0,100,0,NA,37553,34324,71877,0.5224619836665415,glass,406,NA,NA,NA,NA,2025,NA,NA,Laminaria digitata,71877,0.5224619836665415,FALSE,FALSE,FALSE,FALSE,FALSE,FALSE,FALSE,FALSE,FALSE,FALSE,FALSE,0,FALSE,NA,NA,FALSE,FALSE,FALSE,FALSE,FALSE,FALSE,FALSE,FALSE,FALSE,FALSE,FALSE,FALSE,NA,NA
659,C2183,20250411_C2183_clip.MP4,504,7.2,NA,7.2,7.2,FALSE,NA,NA,FALSE,TRUE,53,25532,4,L. digitata,HW,Spring,Harwich,CUO,NA,NA,NA,0,0,100,0,NA,165,753,918,0.17973856209150327,glass,3820,NA,NA,NA,NA,2025,NA,NA,Laminaria digitata,918,0.17973856209150327,FALSE,FALSE,FALSE,FALSE,FALSE,FALSE,FALSE,FALSE,FALSE,FALSE,FALSE,0,FALSE,NA,NA,FALSE,FALSE,FALSE,FALSE,FALSE,FALSE,FALSE,FALSE,FALSE,FALSE,FALSE,FALSE,NA,NA
660,C2184,20250411_C2184_clip.MP4,504,7.2,NA,7.2,7.2,FALSE,NA,NA,FALSE,TRUE,53,25533,4,L. digitata,HW,Spring,Harwich,CUO,NA,NA,NA,0,0,100,0,NA,12616,20969,33585,0.37564388864076226,glass,3194,NA,NA,NA,NA,2025,NA,NA,Laminaria digitata,33585,0.37564388864076226,FALSE,FALSE,FALSE,FALSE,FALSE,FALSE,FALSE,FALSE,FALSE,FALSE,FALSE,0,FALSE,NA,NA,FALSE,FALSE,FALSE,FALSE,FALSE,FALSE,FALSE,FALSE,FALSE,FALSE,FALSE,FALSE,NA,NA
661,C2185,20250411_C2185_clip.MP4,504,7.2,NA,7.2,7.2,FALSE,NA,NA,FALSE,TRUE,53,25534,4,L. digitata,HW,Spring,Harwich,CUO,NA,NA,NA,0,0,100,0,NA,20452,33433,53885,0.37954903962141595,glass,1018,NA,NA,NA,NA,2025,NA,NA,Laminaria digitata,53885,0.37954903962141595,FALSE,FALSE,FALSE,FALSE,FALSE,FALSE,FALSE,FALSE,FALSE,FALSE,FALSE,0,FALSE,NA,NA,FALSE,FALSE,FALSE,FALSE,FALSE,FALSE,FALSE,FALSE,FALSE,FALSE,FALSE,FALSE,NA,NA
662,C2186,20250411_C2186_clip.MP4,504,7.2,NA,7.2,7.2,FALSE,NA,NA,FALSE,TRUE,53,25535,4,L. digitata,HW,Spring,Harwich,CUO,NA,NA,NA,0,0,100,0,NA,485,1588,2073,0.23396044380125422,glass,1129,NA,NA,NA,NA,2025,NA,NA,Laminaria digitata,2073,0.23396044380125422,FALSE,FALSE,FALSE,FALSE,FALSE,FALSE,FALSE,FALSE,FALSE,FALSE,FALSE,0,FALSE,NA,NA,FALSE,FALSE,FALSE,FALSE,FALSE,FALSE,FALSE,FALSE,FALSE,FALSE,FALSE,FALSE,NA,NA
663,C2187,20250411_C2187_clip.MP4,504,7.2,NA,7.2,7.2,FALSE,NA,NA,FALSE,TRUE,53,25536,4,L. digitata,HW,Spring,Harwich,CUO,NA,NA,NA,0,0,100,0,NA,1952,6639,8591,0.2272145268304039,glass,1484,NA,NA,NA,NA,2025,NA,NA,Laminaria digitata,8591,0.2272145268304039,FALSE,FALSE,FALSE,FALSE,FALSE,FALSE,FALSE,FALSE,FALSE,FALSE,FALSE,0,FALSE,NA,NA,FALSE,FALSE,FALSE,FALSE,FALSE,FALSE,FALSE,FALSE,FALSE,FALSE,FALSE,FALSE,NA,NA
664,C2188,20250411_C2188_clip.MP4,504,7.2,NA,7.2,7.2,FALSE,NA,NA,FALSE,TRUE,53,25541,4,L. digitata,HW,Spring,Harwich,CUO,NA,NA,NA,0,0,1000,0,NA,41709,41035,82744,0.504072802861839,glass,1126,NA,NA,NA,NA,2025,NA,NA,Laminaria digitata,82744,0.504072802861839,FALSE,FALSE,FALSE,FALSE,FALSE,FALSE,FALSE,FALSE,FALSE,FALSE,FALSE,0,FALSE,NA,NA,FALSE,FALSE,FALSE,FALSE,FALSE,FALSE,FALSE,FALSE,FALSE,FALSE,FALSE,FALSE,NA,NA
665,C2189,20250411_C2189_clip.MP4,504,7.2,NA,7.2,7.2,FALSE,NA,NA,FALSE,TRUE,53,25542,4,L. digitata,HW,Spring,Harwich,CUO,NA,NA,NA,0,0,1000,0,NA,1337,3168,4505,0.2967813540510544,glass,1157,NA,NA,NA,NA,2025,NA,NA,Laminaria digitata,4505,0.2967813540510544,FALSE,FALSE,FALSE,FALSE,FALSE,FALSE,FALSE,FALSE,FALSE,FALSE,FALSE,0,FALSE,NA,NA,FALSE,FALSE,FALSE,FALSE,FALSE,FALSE,FALSE,FALSE,FALSE,FALSE,FALSE,FALSE,NA,NA
666,C2190,20250411_C2190_clip.MP4,504,7.2,NA,7.2,7.2,FALSE,NA,NA,FALSE,TRUE,53,25543,4,L. digitata,HW,Spring,Harwich,CUO,NA,NA,NA,0,0,1000,0,NA,42524,36856,79380,0.5357016880826405,glass,0,NA,NA,NA,NA,2025,NA,NA,Laminaria digitata,79380,0.5357016880826405,FALSE,FALSE,FALSE,FALSE,FALSE,FALSE,FALSE,FALSE,FALSE,FALSE,FALSE,0,FALSE,NA,NA,FALSE,FALSE,FALSE,FALSE,FALSE,FALSE,FALSE,FALSE,FALSE,FALSE,FALSE,FALSE,NA,NA
667,C2191,20250411_C2191_clip.MP4,504,7.2,NA,7.2,7.2,FALSE,NA,NA,FALSE,TRUE,53,25544,4,L. digitata,HW,Spring,Harwich,CUO,NA,NA,NA,0,0,1000,0,NA,1289,3983,5272,0.24449924127465858,glass,126,NA,NA,NA,NA,2025,NA,NA,Laminaria digitata,5272,0.24449924127465858,FALSE,FALSE,FALSE,FALSE,FALSE,FALSE,FALSE,FALSE,FALSE,FALSE,FALSE,0,FALSE,NA,NA,FALSE,FALSE,FALSE,FALSE,FALSE,FALSE,FALSE,FALSE,FALSE,FALSE,FALSE,FALSE,NA,NA
668,C2192,20250411_C2192_clip.MP4,504,7.2,NA,7.2,7.2,FALSE,NA,NA,FALSE,TRUE,53,25545,4,L. digitata,HW,Spring,Harwich,CUO,NA,NA,NA,0,0,1000,0,NA,36643,66942,103585,0.35374812955543755,glass,901,NA,NA,NA,NA,2025,NA,NA,Laminaria digitata,103585,0.35374812955543755,FALSE,FALSE,FALSE,FALSE,FALSE,FALSE,FALSE,FALSE,FALSE,FALSE,FALSE,0,FALSE,NA,NA,FALSE,FALSE,FALSE,FALSE,FALSE,FALSE,FALSE,FALSE,FALSE,FALSE,FALSE,FALSE,NA,NA
669,C2193,20250411_C2193_clip.MP4,504,7.2,NA,7.2,7.2,FALSE,NA,NA,FALSE,TRUE,53,25546,4,L. digitata,HW,Spring,Harwich,CUO,NA,NA,NA,0,0,1000,0,NA,46943,46527,93470,0.5022253129346315,glass,1158,NA,NA,NA,NA,2025,NA,NA,Laminaria digitata,93470,0.5022253129346315,FALSE,FALSE,FALSE,FALSE,FALSE,FALSE,FALSE,FALSE,FALSE,FALSE,FALSE,0,FALSE,NA,NA,FALSE,FALSE,FALSE,FALSE,FALSE,FALSE,FALSE,FALSE,FALSE,FALSE,FALSE,FALSE,NA,NA
676,C2201,20250415_C2201_clip.MP4,504,11.2,NA,11.2,11.2,TRUE,EXP3_BRAKE_SIZE,BRAKE_SIZE,FALSE,TRUE,53,25581,4,L. digitata,HW,Spring,Harwich,BWF,BRAKE_WEAR,NA,FINE,0,NA,0,4.5,NA,31012,30055,61067,0.5078356559189088,glass,179,NA,NA,NA,NA,2025,NA,NA,Laminaria digitata,61067,0.5078356559189088,FALSE,FALSE,FALSE,FALSE,FALSE,FALSE,FALSE,FALSE,FALSE,FALSE,FALSE,0,FALSE,NA,NA,FALSE,FALSE,FALSE,FALSE,FALSE,FALSE,FALSE,FALSE,FALSE,FALSE,FALSE,FALSE,NA,NA
677,C2202,20250415_C2202_clip.MP4,504,11.2,NA,11.2,11.2,TRUE,EXP3_BRAKE_SIZE,BRAKE_SIZE,FALSE,TRUE,53,25582,4,L. digitata,HW,Spring,Harwich,BWF,BRAKE_WEAR,NA,FINE,0,NA,0,4.5,NA,30164,27384,57548,0.524153749913116,glass,267,NA,NA,NA,NA,2025,NA,NA,Laminaria digitata,57548,0.524153749913116,FALSE,FALSE,FALSE,FALSE,FALSE,FALSE,FALSE,FALSE,FALSE,FALSE,FALSE,0,FALSE,NA,NA,FALSE,FALSE,FALSE,FALSE,FALSE,FALSE,FALSE,FALSE,FALSE,FALSE,FALSE,FALSE,NA,NA
678,C2203,20250415_C2203_clip.MP4,504,11.2,NA,11.2,11.2,TRUE,EXP3_BRAKE_SIZE,BRAKE_SIZE,FALSE,TRUE,53,25583,4,L. digitata,HW,Spring,Harwich,BWF,BRAKE_WEAR,NA,FINE,0,NA,0,4.5,NA,31562,27995,59557,0.529946102053495,glass,2409,NA,NA,NA,NA,2025,NA,NA,Laminaria digitata,59557,0.529946102053495,FALSE,FALSE,FALSE,FALSE,FALSE,FALSE,FALSE,FALSE,FALSE,FALSE,FALSE,0,FALSE,NA,NA,FALSE,FALSE,FALSE,FALSE,FALSE,FALSE,FALSE,FALSE,FALSE,FALSE,FALSE,FALSE,NA,NA
679,C2204,20250415_C2204_clip.MP4,504,11.2,NA,11.2,11.2,TRUE,EXP3_BRAKE_SIZE,BRAKE_SIZE,FALSE,TRUE,53,25584,4,L. digitata,HW,Spring,Harwich,BWF,BRAKE_WEAR,NA,FINE,0,NA,0,4.5,NA,25476,25818,51294,0.4966662767575155,glass,478,NA,NA,NA,NA,2025,NA,NA,Laminaria digitata,51294,0.4966662767575155,FALSE,FALSE,FALSE,FALSE,FALSE,FALSE,FALSE,FALSE,FALSE,FALSE,FALSE,0,FALSE,NA,NA,FALSE,FALSE,FALSE,FALSE,FALSE,FALSE,FALSE,FALSE,FALSE,FALSE,FALSE,FALSE,NA,NA
680,C2205,20250415_C2205_clip.MP4,504,11.2,NA,11.2,11.2,TRUE,EXP3_BRAKE_SIZE,BRAKE_SIZE,FALSE,TRUE,53,25585,4,L. digitata,HW,Spring,Harwich,BWF,BRAKE_WEAR,NA,FINE,0,NA,0,4.5,NA,3441,4857,8298,0.41467823571945045,glass,318,NA,NA,NA,NA,2025,NA,NA,Laminaria digitata,8298,0.41467823571945045,FALSE,FALSE,FALSE,FALSE,FALSE,FALSE,FALSE,FALSE,FALSE,FALSE,FALSE,0,FALSE,NA,NA,FALSE,FALSE,FALSE,FALSE,FALSE,FALSE,FALSE,FALSE,FALSE,FALSE,FALSE,FALSE,NA,NA
681,C2206,20250415_C2206_clip.MP4,504,11.2,NA,11.2,11.2,TRUE,EXP3_BRAKE_SIZE,BRAKE_SIZE,FALSE,TRUE,53,25586,4,L. digitata,HW,Spring,Harwich,BWF,BRAKE_WEAR,NA,FINE,0,NA,0,4.5,NA,2316,3287,5603,0.4133499910762092,glass,2634,NA,NA,NA,NA,2025,NA,NA,Laminaria digitata,5603,0.4133499910762092,FALSE,FALSE,FALSE,FALSE,FALSE,FALSE,FALSE,FALSE,FALSE,FALSE,FALSE,0,FALSE,NA,NA,FALSE,FALSE,FALSE,FALSE,FALSE,FALSE,FALSE,FALSE,FALSE,FALSE,FALSE,FALSE,NA,NA
682,C2207,20250415_C2207_clip.MP4,504,11.2,NA,11.2,11.2,TRUE,EXP3_BRAKE_SIZE,BRAKE_SIZE,FALSE,TRUE,53,25591,4,L. digitata,HW,Spring,Harwich,BWF,BRAKE_WEAR,NA,FINE,0,NA,0,45,NA,1251,1954,3205,0.3903276131045242,glass,858,NA,NA,NA,NA,2025,NA,NA,Laminaria digitata,3205,0.3903276131045242,FALSE,FALSE,FALSE,FALSE,FALSE,FALSE,FALSE,FALSE,FALSE,FALSE,FALSE,0,FALSE,NA,NA,FALSE,FALSE,FALSE,FALSE,FALSE,FALSE,FALSE,FALSE,FALSE,FALSE,FALSE,FALSE,NA,NA
683,C2208,20250415_C2208_clip.MP4,504,11.2,NA,11.2,11.2,TRUE,EXP3_BRAKE_SIZE,BRAKE_SIZE,FALSE,TRUE,53,25592,4,L. digitata,HW,Spring,Harwich,BWF,BRAKE_WEAR,NA,FINE,0,NA,0,45,NA,2214,4110,6324,0.35009487666034156,glass,199,NA,NA,NA,NA,2025,NA,NA,Laminaria digitata,6324,0.35009487666034156,FALSE,FALSE,FALSE,FALSE,FALSE,FALSE,FALSE,FALSE,FALSE,FALSE,FALSE,0,FALSE,NA,NA,FALSE,FALSE,FALSE,FALSE,FALSE,FALSE,FALSE,FALSE,FALSE,FALSE,FALSE,FALSE,NA,NA
684,C2209,20250415_C2209_clip.MP4,504,11.2,NA,11.2,11.2,TRUE,EXP3_BRAKE_SIZE,BRAKE_SIZE,FALSE,TRUE,53,25593,4,L. digitata,HW,Spring,Harwich,BWF,BRAKE_WEAR,NA,FINE,0,NA,0,45,NA,226,672,898,0.2516703786191537,glass,296,NA,NA,NA,NA,2025,NA,NA,Laminaria digitata,898,0.2516703786191537,FALSE,FALSE,FALSE,FALSE,FALSE,FALSE,FALSE,FALSE,FALSE,FALSE,FALSE,0,FALSE,NA,NA,FALSE,FALSE,FALSE,FALSE,FALSE,FALSE,FALSE,FALSE,FALSE,FALSE,FALSE,FALSE,NA,NA
685,C2210,20250415_C2210_clip.MP4,504,11.2,NA,11.2,11.2,TRUE,EXP3_BRAKE_SIZE,BRAKE_SIZE,FALSE,TRUE,53,25594,4,L. digitata,HW,Spring,Harwich,BWF,BRAKE_WEAR,NA,FINE,0,NA,0,45,NA,27311,29487,56798,0.4808443959294341,glass,334,NA,NA,NA,NA,2025,NA,NA,Laminaria digitata,56798,0.4808443959294341,FALSE,FALSE,FALSE,FALSE,FALSE,FALSE,FALSE,FALSE,FALSE,FALSE,FALSE,0,FALSE,NA,NA,FALSE,FALSE,FALSE,FALSE,FALSE,FALSE,FALSE,FALSE,FALSE,FALSE,FALSE,FALSE,NA,NA
686,C2211,20250415_C2211_clip.MP4,504,11.2,NA,11.2,11.2,TRUE,EXP3_BRAKE_SIZE,BRAKE_SIZE,FALSE,TRUE,53,25595,4,L. digitata,HW,Spring,Harwich,BWF,BRAKE_WEAR,NA,FINE,0,NA,0,45,NA,31262,28755,60017,0.5208857490377726,glass,106,NA,NA,NA,NA,2025,NA,NA,Laminaria digitata,60017,0.5208857490377726,FALSE,FALSE,FALSE,FALSE,FALSE,FALSE,FALSE,FALSE,FALSE,FALSE,FALSE,0,FALSE,NA,NA,FALSE,FALSE,FALSE,FALSE,FALSE,FALSE,FALSE,FALSE,FALSE,FALSE,FALSE,FALSE,NA,NA
687,C2212,20250415_C2212_clip.MP4,504,11.2,NA,11.2,11.2,TRUE,EXP3_BRAKE_SIZE,BRAKE_SIZE,FALSE,TRUE,53,25596,4,L. digitata,HW,Spring,Harwich,BWF,BRAKE_WEAR,NA,FINE,0,NA,0,450,NA,1827,2703,4530,0.4033112582781457,glass,64,NA,NA,NA,NA,2025,NA,NA,Laminaria digitata,4530,0.4033112582781457,FALSE,FALSE,FALSE,FALSE,FALSE,FALSE,FALSE,FALSE,FALSE,FALSE,FALSE,0,FALSE,NA,NA,FALSE,FALSE,FALSE,FALSE,FALSE,FALSE,FALSE,FALSE,FALSE,FALSE,FALSE,FALSE,NA,NA
688,C2213,20250415_C2213_clip.MP4,504,11.2,NA,11.2,11.2,TRUE,EXP3_BRAKE_SIZE,BRAKE_SIZE,FALSE,TRUE,53,25601,4,L. digitata,HW,Spring,Harwich,BWF,BRAKE_WEAR,NA,FINE,0,NA,0,450,NA,30102,31004,61106,0.4926193827120086,glass,75,NA,NA,NA,NA,2025,NA,NA,Laminaria digitata,61106,0.4926193827120086,FALSE,FALSE,FALSE,FALSE,FALSE,FALSE,FALSE,FALSE,FALSE,FALSE,FALSE,0,FALSE,NA,NA,FALSE,FALSE,FALSE,FALSE,FALSE,FALSE,FALSE,FALSE,FALSE,FALSE,FALSE,FALSE,NA,NA
689,C2214,20250415_C2214_clip.MP4,504,11.2,NA,11.2,11.2,TRUE,EXP3_BRAKE_SIZE,BRAKE_SIZE,FALSE,TRUE,53,26502,4,L. digitata,HW,Spring,Harwich,BWF,BRAKE_WEAR,NA,FINE,0,NA,0,450,NA,118,1959,2077,0.05681271064034665,glass,1041,NA,NA,NA,NA,2025,NA,NA,Laminaria digitata,2077,0.05681271064034665,FALSE,FALSE,FALSE,FALSE,FALSE,FALSE,FALSE,FALSE,FALSE,FALSE,FALSE,0,FALSE,NA,NA,FALSE,FALSE,FALSE,FALSE,FALSE,FALSE,FALSE,FALSE,FALSE,FALSE,FALSE,FALSE,NA,NA
690,C2215,20250415_C2215_clip.MP4,504,11.2,NA,11.2,11.2,TRUE,EXP3_BRAKE_SIZE,BRAKE_SIZE,FALSE,TRUE,53,25603,4,L. digitata,HW,Spring,Harwich,BWF,BRAKE_WEAR,NA,FINE,0,NA,0,450,NA,1903,7764,9667,0.1968552808523844,glass,266,NA,NA,NA,NA,2025,NA,NA,Laminaria digitata,9667,0.1968552808523844,FALSE,FALSE,FALSE,FALSE,FALSE,FALSE,FALSE,FALSE,FALSE,FALSE,FALSE,0,FALSE,NA,NA,FALSE,FALSE,FALSE,FALSE,FALSE,FALSE,FALSE,FALSE,FALSE,FALSE,FALSE,FALSE,NA,NA
691,C2216,20250415_C2216_clip.MP4,504,11.2,NA,11.2,11.2,TRUE,EXP3_BRAKE_SIZE,BRAKE_SIZE,FALSE,TRUE,53,25604,4,L. digitata,HW,Spring,Harwich,BWF,BRAKE_WEAR,NA,FINE,0,NA,0,450,NA,9672,9679,19351,0.4998191307942742,glass,434,NA,NA,NA,NA,2025,NA,NA,Laminaria digitata,19351,0.4998191307942742,FALSE,FALSE,FALSE,FALSE,FALSE,FALSE,FALSE,FALSE,FALSE,FALSE,FALSE,0,FALSE,NA,NA,FALSE,FALSE,FALSE,FALSE,FALSE,FALSE,FALSE,FALSE,FALSE,FALSE,FALSE,FALSE,NA,NA
692,C2217,20250415_C2217_clip.MP4,504,11.2,NA,11.2,11.2,TRUE,EXP3_BRAKE_SIZE,BRAKE_SIZE,FALSE,TRUE,53,25605,4,L. digitata,HW,Spring,Harwich,BWF,BRAKE_WEAR,NA,FINE,0,NA,0,450,NA,10896,11333,22229,0.4901704979981106,glass,2001,NA,NA,NA,NA,2025,NA,NA,Laminaria digitata,22229,0.4901704979981106,FALSE,FALSE,FALSE,FALSE,FALSE,FALSE,FALSE,FALSE,FALSE,FALSE,FALSE,0,FALSE,NA,NA,FALSE,FALSE,FALSE,FALSE,FALSE,FALSE,FALSE,FALSE,FALSE,FALSE,FALSE,FALSE,NA,NA
693,C2218,20250415_C2218_clip.MP4,504,11.2,NA,11.2,11.2,TRUE,EXP3_BRAKE_SIZE,BRAKE_SIZE,FALSE,TRUE,53,25606,4,L. digitata,HW,Spring,Harwich,BWF,BRAKE_WEAR,NA,FINE,0,NA,0,450,NA,1947,2992,4939,0.39420935412026725,glass,738,NA,NA,NA,NA,2025,NA,NA,Laminaria digitata,4939,0.39420935412026725,FALSE,FALSE,FALSE,FALSE,FALSE,FALSE,FALSE,FALSE,FALSE,FALSE,FALSE,0,FALSE,NA,NA,FALSE,FALSE,FALSE,FALSE,FALSE,FALSE,FALSE,FALSE,FALSE,FALSE,FALSE,FALSE,NA,NA
694,C2219,20250415_C2219_clip.MP4,504,11.2,NA,11.2,11.2,TRUE,EXP3_BRAKE_SIZE,BRAKE_SIZE,FALSE,TRUE,53,25611,4,L. digitata,HW,Spring,Harwich,BWC,BRAKE_WEAR,NA,COARSE,0,NA,0,4.5,NA,1820,3330,5150,0.3533980582524272,glass,221,NA,NA,NA,NA,2025,NA,NA,Laminaria digitata,5150,0.3533980582524272,FALSE,FALSE,FALSE,FALSE,FALSE,FALSE,FALSE,FALSE,FALSE,FALSE,FALSE,0,FALSE,NA,NA,FALSE,FALSE,FALSE,FALSE,FALSE,FALSE,FALSE,FALSE,FALSE,FALSE,FALSE,FALSE,NA,NA
695,C2220,20250415_C2220_clip.MP4,504,11.2,NA,11.2,11.2,TRUE,EXP3_BRAKE_SIZE,BRAKE_SIZE,FALSE,TRUE,53,25612,4,L. digitata,HW,Spring,Harwich,BWC,BRAKE_WEAR,NA,COARSE,0,NA,0,4.5,NA,4896,5502,10398,0.4708597807270629,glass,1487,NA,NA,NA,NA,2025,NA,NA,Laminaria digitata,10398,0.4708597807270629,FALSE,FALSE,FALSE,FALSE,FALSE,FALSE,FALSE,FALSE,FALSE,FALSE,FALSE,0,FALSE,NA,NA,FALSE,FALSE,FALSE,FALSE,FALSE,FALSE,FALSE,FALSE,FALSE,FALSE,FALSE,FALSE,NA,NA
696,C2221,20250415_C2221_clip.MP4,504,11.2,NA,11.2,11.2,TRUE,EXP3_BRAKE_SIZE,BRAKE_SIZE,FALSE,TRUE,53,25613,4,L. digitata,HW,Spring,Harwich,BWC,BRAKE_WEAR,NA,COARSE,0,NA,0,4.5,NA,1590,2382,3972,0.4003021148036254,glass,100,NA,NA,NA,NA,2025,NA,NA,Laminaria digitata,3972,0.4003021148036254,FALSE,FALSE,FALSE,FALSE,FALSE,FALSE,FALSE,FALSE,FALSE,FALSE,FALSE,0,FALSE,NA,NA,FALSE,FALSE,FALSE,FALSE,FALSE,FALSE,FALSE,FALSE,FALSE,FALSE,FALSE,FALSE,NA,NA
697,C2222,20250415_C2222_clip.MP4,504,11.2,NA,11.2,11.2,TRUE,EXP3_BRAKE_SIZE,BRAKE_SIZE,FALSE,TRUE,53,25614,4,L. digitata,HW,Spring,Harwich,BWC,BRAKE_WEAR,NA,COARSE,0,NA,0,4.5,NA,492,836,1328,0.3704819277108434,glass,586,NA,NA,NA,NA,2025,NA,NA,Laminaria digitata,1328,0.3704819277108434,FALSE,FALSE,FALSE,FALSE,FALSE,FALSE,FALSE,FALSE,FALSE,FALSE,FALSE,0,FALSE,NA,NA,FALSE,FALSE,FALSE,FALSE,FALSE,FALSE,FALSE,FALSE,FALSE,FALSE,FALSE,FALSE,NA,NA
698,C2223,20250415_C2223_clip.MP4,504,11.2,NA,11.2,11.2,TRUE,EXP3_BRAKE_SIZE,BRAKE_SIZE,FALSE,TRUE,53,25615,4,L. digitata,HW,Spring,Harwich,BWC,BRAKE_WEAR,NA,COARSE,0,NA,0,4.5,NA,18254,18317,36571,0.49913866178119276,glass,1069,NA,NA,NA,NA,2025,NA,NA,Laminaria digitata,36571,0.49913866178119276,FALSE,FALSE,FALSE,FALSE,FALSE,FALSE,FALSE,FALSE,FALSE,FALSE,FALSE,0,FALSE,NA,NA,FALSE,FALSE,FALSE,FALSE,FALSE,FALSE,FALSE,FALSE,FALSE,FALSE,FALSE,FALSE,NA,NA
699,C2224,20250415_C2224_clip.MP4,504,11.2,NA,11.2,11.2,TRUE,EXP3_BRAKE_SIZE,BRAKE_SIZE,FALSE,TRUE,53,25616,4,L. digitata,HW,Spring,Harwich,BWC,BRAKE_WEAR,NA,COARSE,0,NA,0,4.5,NA,26195,30377,56572,0.4630382521388673,glass,223,NA,NA,NA,NA,2025,NA,NA,Laminaria digitata,56572,0.4630382521388673,FALSE,FALSE,FALSE,FALSE,FALSE,FALSE,FALSE,FALSE,FALSE,FALSE,FALSE,0,FALSE,NA,NA,FALSE,FALSE,FALSE,FALSE,FALSE,FALSE,FALSE,FALSE,FALSE,FALSE,FALSE,FALSE,NA,NA
700,C2225,20250415_C2225_clip.MP4,504,11.2,NA,11.2,11.2,TRUE,EXP3_BRAKE_SIZE,BRAKE_SIZE,FALSE,TRUE,53,25621,4,L. digitata,HW,Spring,Harwich,BWC,BRAKE_WEAR,NA,COARSE,0,NA,0,45,NA,19243,22449,41692,0.4615513767629281,glass,901,NA,NA,NA,NA,2025,NA,NA,Laminaria digitata,41692,0.4615513767629281,FALSE,FALSE,FALSE,FALSE,FALSE,FALSE,FALSE,FALSE,FALSE,FALSE,FALSE,0,FALSE,NA,NA,FALSE,FALSE,FALSE,FALSE,FALSE,FALSE,FALSE,FALSE,FALSE,FALSE,FALSE,FALSE,NA,NA
701,C2226,20250415_C2226_clip.MP4,504,11.2,NA,11.2,11.2,TRUE,EXP3_BRAKE_SIZE,BRAKE_SIZE,FALSE,TRUE,53,25622,4,L. digitata,HW,Spring,Harwich,BWC,BRAKE_WEAR,NA,COARSE,0,NA,0,45,NA,1147,1548,2695,0.4256029684601113,glass,1234,NA,NA,NA,NA,2025,NA,NA,Laminaria digitata,2695,0.4256029684601113,FALSE,FALSE,FALSE,FALSE,FALSE,FALSE,FALSE,FALSE,FALSE,FALSE,FALSE,0,FALSE,NA,NA,FALSE,FALSE,FALSE,FALSE,FALSE,FALSE,FALSE,FALSE,FALSE,FALSE,FALSE,FALSE,NA,NA
702,C2227,20250415_C2227_clip.MP4,504,11.2,NA,11.2,11.2,TRUE,EXP3_BRAKE_SIZE,BRAKE_SIZE,FALSE,TRUE,53,25623,4,L. digitata,HW,Spring,Harwich,BWC,BRAKE_WEAR,NA,COARSE,0,NA,0,45,NA,18421,20942,39363,0.4679775423621167,glass,216,NA,NA,NA,NA,2025,NA,NA,Laminaria digitata,39363,0.4679775423621167,FALSE,FALSE,FALSE,FALSE,FALSE,FALSE,FALSE,FALSE,FALSE,FALSE,FALSE,0,FALSE,NA,NA,FALSE,FALSE,FALSE,FALSE,FALSE,FALSE,FALSE,FALSE,FALSE,FALSE,FALSE,FALSE,NA,NA
703,C2228,20250415_C2228_clip.MP4,504,11.2,NA,11.2,11.2,TRUE,EXP3_BRAKE_SIZE,BRAKE_SIZE,FALSE,TRUE,53,25624,4,L. digitata,HW,Spring,Harwich,BWC,BRAKE_WEAR,NA,COARSE,0,NA,0,45,NA,17582,18085,35667,0.49294866403117726,glass,457,NA,NA,NA,NA,2025,NA,NA,Laminaria digitata,35667,0.49294866403117726,FALSE,FALSE,FALSE,FALSE,FALSE,FALSE,FALSE,FALSE,FALSE,FALSE,FALSE,0,FALSE,NA,NA,FALSE,FALSE,FALSE,FALSE,FALSE,FALSE,FALSE,FALSE,FALSE,FALSE,FALSE,FALSE,NA,NA
704,C2229,20250415_C2229_clip.MP4,504,11.2,NA,11.2,11.2,TRUE,EXP3_BRAKE_SIZE,BRAKE_SIZE,FALSE,TRUE,53,25625,4,L. digitata,HW,Spring,Harwich,BWC,BRAKE_WEAR,NA,COARSE,0,NA,0,45,NA,17485,16246,33731,0.5183658948741514,glass,201,NA,NA,NA,NA,2025,NA,NA,Laminaria digitata,33731,0.5183658948741514,FALSE,FALSE,FALSE,FALSE,FALSE,FALSE,FALSE,FALSE,FALSE,FALSE,FALSE,0,FALSE,NA,NA,FALSE,FALSE,FALSE,FALSE,FALSE,FALSE,FALSE,FALSE,FALSE,FALSE,FALSE,FALSE,NA,NA
705,C2230,20250415_C2230_clip.MP4,504,11.2,NA,11.2,11.2,TRUE,EXP3_BRAKE_SIZE,BRAKE_SIZE,FALSE,TRUE,53,25626,4,L. digitata,HW,Spring,Harwich,BWC,BRAKE_WEAR,NA,COARSE,0,NA,0,45,NA,21295,21334,42629,0.49954256492059396,glass,4469,NA,NA,NA,NA,2025,NA,NA,Laminaria digitata,42629,0.49954256492059396,FALSE,FALSE,FALSE,FALSE,FALSE,FALSE,FALSE,FALSE,FALSE,FALSE,FALSE,0,FALSE,NA,NA,FALSE,FALSE,FALSE,FALSE,FALSE,FALSE,FALSE,FALSE,FALSE,FALSE,FALSE,FALSE,NA,NA
706,C2231,20250415_C2231_clip.MP4,504,11.2,NA,11.2,11.2,TRUE,EXP3_BRAKE_SIZE,BRAKE_SIZE,FALSE,TRUE,53,25631,4,L. digitata,HW,Spring,Harwich,BWC,BRAKE_WEAR,NA,COARSE,0,NA,0,450,NA,1164,2017,3181,0.36592266582835586,glass,1743,NA,NA,NA,NA,2025,NA,NA,Laminaria digitata,3181,0.36592266582835586,FALSE,FALSE,FALSE,FALSE,FALSE,FALSE,FALSE,FALSE,FALSE,FALSE,FALSE,0,FALSE,NA,NA,FALSE,FALSE,FALSE,FALSE,FALSE,FALSE,FALSE,FALSE,FALSE,FALSE,FALSE,FALSE,NA,NA
707,C2232,20250415_C2232_clip.MP4,504,11.2,NA,11.2,11.2,TRUE,EXP3_BRAKE_SIZE,BRAKE_SIZE,FALSE,TRUE,53,25632,4,L. digitata,HW,Spring,Harwich,BWC,BRAKE_WEAR,NA,COARSE,0,NA,0,450,NA,23098,25646,48744,0.47386344986049567,glass,556,NA,NA,NA,NA,2025,NA,NA,Laminaria digitata,48744,0.47386344986049567,FALSE,FALSE,FALSE,FALSE,FALSE,FALSE,FALSE,FALSE,FALSE,FALSE,FALSE,0,FALSE,NA,NA,FALSE,FALSE,FALSE,FALSE,FALSE,FALSE,FALSE,FALSE,FALSE,FALSE,FALSE,FALSE,NA,NA
708,C2233,20250415_C2233_clip.MP4,504,11.2,NA,11.2,11.2,TRUE,EXP3_BRAKE_SIZE,BRAKE_SIZE,FALSE,TRUE,53,25633,4,L. digitata,HW,Spring,Harwich,BWC,BRAKE_WEAR,NA,COARSE,0,NA,0,450,NA,14719,20087,34806,0.42288685858759983,glass,1225,NA,NA,NA,NA,2025,NA,NA,Laminaria digitata,34806,0.42288685858759983,FALSE,FALSE,FALSE,FALSE,FALSE,FALSE,FALSE,FALSE,FALSE,FALSE,FALSE,0,FALSE,NA,NA,FALSE,FALSE,FALSE,FALSE,FALSE,FALSE,FALSE,FALSE,FALSE,FALSE,FALSE,FALSE,NA,NA
709,C2234,20250415_C2234_clip.MP4,504,11.2,NA,11.2,11.2,TRUE,EXP3_BRAKE_SIZE,BRAKE_SIZE,FALSE,TRUE,53,25634,4,L. digitata,HW,Spring,Harwich,BWC,BRAKE_WEAR,NA,COARSE,0,NA,0,450,NA,27924,26109,54033,0.5167952917661429,glass,190,NA,NA,NA,NA,2025,NA,NA,Laminaria digitata,54033,0.5167952917661429,FALSE,FALSE,FALSE,FALSE,FALSE,FALSE,FALSE,FALSE,FALSE,FALSE,FALSE,0,FALSE,NA,NA,FALSE,FALSE,FALSE,FALSE,FALSE,FALSE,FALSE,FALSE,FALSE,FALSE,FALSE,FALSE,NA,NA
710,C2235,20250415_C2235_clip.MP4,504,11.2,NA,11.2,11.2,TRUE,EXP3_BRAKE_SIZE,BRAKE_SIZE,FALSE,TRUE,53,25635,4,L. digitata,HW,Spring,Harwich,BWC,BRAKE_WEAR,NA,COARSE,0,NA,0,450,NA,14983,18790,33773,0.44363840938027416,glass,383,NA,NA,NA,NA,2025,NA,NA,Laminaria digitata,33773,0.44363840938027416,FALSE,FALSE,FALSE,FALSE,FALSE,FALSE,FALSE,FALSE,FALSE,FALSE,FALSE,0,FALSE,NA,NA,FALSE,FALSE,FALSE,FALSE,FALSE,FALSE,FALSE,FALSE,FALSE,FALSE,FALSE,FALSE,NA,NA
711,C2236,20250415_C2236_clip.MP4,504,11.2,NA,11.2,11.2,TRUE,EXP3_BRAKE_SIZE,BRAKE_SIZE,FALSE,TRUE,53,25636,4,L. digitata,HW,Spring,Harwich,BWC,BRAKE_WEAR,NA,COARSE,0,NA,0,450,NA,29463,27897,57360,0.5136506276150627,glass,264,NA,NA,NA,NA,2025,NA,NA,Laminaria digitata,57360,0.5136506276150627,FALSE,FALSE,FALSE,FALSE,FALSE,FALSE,FALSE,FALSE,FALSE,FALSE,FALSE,0,FALSE,NA,NA,FALSE,FALSE,FALSE,FALSE,FALSE,FALSE,FALSE,FALSE,FALSE,FALSE,FALSE,FALSE,NA,NA
730,C2255,20250415_C2255_clip.MP4,504,7.2,NA,7.2,7.2,FALSE,NA,NA,FALSE,TRUE,53,25671,4,L. digitata,HW,Spring,Harwich,CUSO4,NA,NA,NA,0,NA,289930,0,NA,1413,2608,4021,0.35140512310370553,glass,2012,NA,NA,NA,NA,2025,NA,NA,Laminaria digitata,4021,0.35140512310370553,FALSE,FALSE,FALSE,FALSE,FALSE,FALSE,FALSE,FALSE,FALSE,FALSE,FALSE,0,FALSE,NA,NA,FALSE,FALSE,FALSE,FALSE,FALSE,FALSE,FALSE,FALSE,FALSE,FALSE,FALSE,FALSE,NA,NA
731,C2256,20250415_C2256_clip.MP4,504,7.2,NA,7.2,7.2,FALSE,NA,NA,FALSE,TRUE,53,25672,4,L. digitata,HW,Spring,Harwich,CUSO4,NA,NA,NA,0,NA,289930,0,NA,811,2098,2909,0.2787899621863183,glass,370,NA,NA,NA,NA,2025,NA,NA,Laminaria digitata,2909,0.2787899621863183,FALSE,FALSE,FALSE,FALSE,FALSE,FALSE,FALSE,FALSE,FALSE,FALSE,FALSE,0,FALSE,NA,NA,FALSE,FALSE,FALSE,FALSE,FALSE,FALSE,FALSE,FALSE,FALSE,FALSE,FALSE,FALSE,NA,NA
732,C2257,20250415_C2257_clip.MP4,504,7.2,NA,7.2,7.2,FALSE,NA,NA,FALSE,TRUE,53,25673,4,L. digitata,HW,Spring,Harwich,CUSO4,NA,NA,NA,0,NA,289930,0,NA,7539,7564,15103,0.4991723498642654,glass,323,NA,NA,NA,NA,2025,NA,NA,Laminaria digitata,15103,0.4991723498642654,FALSE,FALSE,FALSE,FALSE,FALSE,FALSE,FALSE,FALSE,FALSE,FALSE,FALSE,0,FALSE,NA,NA,FALSE,FALSE,FALSE,FALSE,FALSE,FALSE,FALSE,FALSE,FALSE,FALSE,FALSE,FALSE,NA,NA
733,C2258,20250415_C2258_clip.MP4,504,7.2,NA,7.2,7.2,FALSE,NA,NA,FALSE,TRUE,53,25674,4,L. digitata,HW,Spring,Harwich,CUSO4,NA,NA,NA,0,NA,289930,0,NA,23088,22881,45969,0.5022515173268942,glass,348,NA,NA,NA,NA,2025,NA,NA,Laminaria digitata,45969,0.5022515173268942,FALSE,FALSE,FALSE,FALSE,FALSE,FALSE,FALSE,FALSE,FALSE,FALSE,FALSE,0,FALSE,NA,NA,FALSE,FALSE,FALSE,FALSE,FALSE,FALSE,FALSE,FALSE,FALSE,FALSE,FALSE,FALSE,NA,NA
734,C2259,20250415_C2259_clip.MP4,504,7.2,NA,7.2,7.2,FALSE,NA,NA,FALSE,TRUE,53,25675,4,L. digitata,HW,Spring,Harwich,CUSO4,NA,NA,NA,0,NA,289930,0,NA,21041,20755,41796,0.5034213800363672,glass,871,NA,NA,NA,NA,2025,NA,NA,Laminaria digitata,41796,0.5034213800363672,FALSE,FALSE,FALSE,FALSE,FALSE,FALSE,FALSE,FALSE,FALSE,FALSE,FALSE,0,FALSE,NA,NA,FALSE,FALSE,FALSE,FALSE,FALSE,FALSE,FALSE,FALSE,FALSE,FALSE,FALSE,FALSE,NA,NA
735,C2260,20250415_C2260_clip.MP4,504,7.2,NA,7.2,7.2,FALSE,NA,NA,FALSE,TRUE,53,25676,4,L. digitata,HW,Spring,Harwich,CUSO4,NA,NA,NA,0,NA,289930,0,NA,22900,28821,51721,0.4427601941184432,glass,127,NA,NA,NA,NA,2025,NA,NA,Laminaria digitata,51721,0.4427601941184432,FALSE,FALSE,FALSE,FALSE,FALSE,FALSE,FALSE,FALSE,FALSE,FALSE,FALSE,0,FALSE,NA,NA,FALSE,FALSE,FALSE,FALSE,FALSE,FALSE,FALSE,FALSE,FALSE,FALSE,FALSE,FALSE,NA,NA
736,C2261,20250415_C2261_clip.MP4,504,7.2,NA,7.2,7.2,FALSE,NA,NA,FALSE,TRUE,53,25681,4,L. digitata,HW,Spring,Harwich,CUSO4,NA,NA,NA,0,NA,1444430,0,NA,27410,25424,52834,0.5187947155240943,glass,4842,NA,NA,NA,NA,2025,NA,NA,Laminaria digitata,52834,0.5187947155240943,FALSE,FALSE,FALSE,FALSE,FALSE,FALSE,FALSE,FALSE,FALSE,FALSE,FALSE,0,FALSE,NA,NA,FALSE,FALSE,FALSE,FALSE,FALSE,FALSE,FALSE,FALSE,FALSE,FALSE,FALSE,FALSE,NA,NA
737,C2263,20250415_C2263_clip.MP4,504,7.2,NA,7.2,7.2,FALSE,NA,NA,FALSE,TRUE,53,25682,4,L. digitata,HW,Spring,Harwich,CUSO4,NA,NA,NA,0,NA,1444430,0,NA,17846,19455,37301,0.478432213613576,glass,4466,NA,NA,NA,NA,2025,NA,NA,Laminaria digitata,37301,0.478432213613576,FALSE,FALSE,FALSE,FALSE,FALSE,FALSE,FALSE,FALSE,FALSE,FALSE,FALSE,0,FALSE,NA,NA,FALSE,FALSE,FALSE,FALSE,FALSE,FALSE,FALSE,FALSE,FALSE,FALSE,FALSE,FALSE,NA,NA
738,C2264,20250415_C2264_clip.MP4,504,7.2,NA,7.2,7.2,FALSE,NA,NA,FALSE,TRUE,53,25683,4,L. digitata,HW,Spring,Harwich,CUSO4,NA,NA,NA,0,NA,1444430,0,NA,24207,22623,46830,0.5169122357463165,glass,109,NA,NA,NA,NA,2025,NA,NA,Laminaria digitata,46830,0.5169122357463165,FALSE,FALSE,FALSE,FALSE,FALSE,FALSE,FALSE,FALSE,FALSE,FALSE,FALSE,0,FALSE,NA,NA,FALSE,FALSE,FALSE,FALSE,FALSE,FALSE,FALSE,FALSE,FALSE,FALSE,FALSE,FALSE,NA,NA
739,C2265,20250415_C2265_clip.MP4,504,7.2,NA,7.2,7.2,FALSE,NA,NA,FALSE,TRUE,53,25684,4,L. digitata,HW,Spring,Harwich,CUSO4,NA,NA,NA,0,NA,1444430,0,NA,381,790,1171,0.32536293766011953,glass,720,NA,NA,NA,NA,2025,NA,NA,Laminaria digitata,1171,0.32536293766011953,FALSE,FALSE,FALSE,FALSE,FALSE,FALSE,FALSE,FALSE,FALSE,FALSE,FALSE,0,FALSE,NA,NA,FALSE,FALSE,FALSE,FALSE,FALSE,FALSE,FALSE,FALSE,FALSE,FALSE,FALSE,FALSE,NA,NA
740,C2266,20250415_C2266_clip.MP4,504,7.2,NA,7.2,7.2,FALSE,NA,NA,FALSE,TRUE,53,25685,4,L. digitata,HW,Spring,Harwich,CUSO4,NA,NA,NA,0,NA,1444430,0,NA,1409,4023,5432,0.25938880706921946,glass,131,NA,NA,NA,NA,2025,NA,NA,Laminaria digitata,5432,0.25938880706921946,FALSE,FALSE,FALSE,FALSE,FALSE,FALSE,FALSE,FALSE,FALSE,FALSE,FALSE,0,FALSE,NA,NA,FALSE,FALSE,FALSE,FALSE,FALSE,FALSE,FALSE,FALSE,FALSE,FALSE,FALSE,FALSE,NA,NA
741,C2267,20250415_C2267_clip.MP4,504,7.2,NA,7.2,7.2,FALSE,NA,NA,FALSE,TRUE,53,25686,4,L. digitata,HW,Spring,Harwich,CUSO4,NA,NA,NA,0,NA,1444430,0,NA,23057,23414,46471,0.49615889479460307,glass,330,NA,NA,NA,NA,2025,NA,NA,Laminaria digitata,46471,0.49615889479460307,FALSE,FALSE,FALSE,FALSE,FALSE,FALSE,FALSE,FALSE,FALSE,FALSE,FALSE,0,FALSE,NA,NA,FALSE,FALSE,FALSE,FALSE,FALSE,FALSE,FALSE,FALSE,FALSE,FALSE,FALSE,FALSE,NA,NA
742,C2268,20250415_C2268_clip.MP4,504,7.2,NA,7.2,7.2,FALSE,NA,NA,FALSE,TRUE,53,25691,4,L. digitata,HW,Spring,Harwich,CUSO4,NA,NA,NA,0,NA,2875860,0,NA,16987,30181,47168,0.36013822930800543,glass,3275,NA,NA,NA,NA,2025,NA,NA,Laminaria digitata,47168,0.36013822930800543,FALSE,FALSE,FALSE,FALSE,FALSE,FALSE,FALSE,FALSE,FALSE,FALSE,FALSE,0,FALSE,NA,NA,FALSE,FALSE,FALSE,FALSE,FALSE,FALSE,FALSE,FALSE,FALSE,FALSE,FALSE,FALSE,NA,NA
743,C2269,20250415_C2269_clip.MP4,504,7.2,NA,7.2,7.2,FALSE,NA,NA,FALSE,TRUE,53,25692,4,L. digitata,HW,Spring,Harwich,CUSO4,NA,NA,NA,0,NA,2875860,0,NA,24915,25971,50886,0.4896238651102464,glass,4817,NA,NA,NA,NA,2025,NA,NA,Laminaria digitata,50886,0.4896238651102464,FALSE,FALSE,FALSE,FALSE,FALSE,FALSE,FALSE,FALSE,FALSE,FALSE,FALSE,0,FALSE,NA,NA,FALSE,FALSE,FALSE,FALSE,FALSE,FALSE,FALSE,FALSE,FALSE,FALSE,FALSE,FALSE,NA,NA
744,C2270,20250415_C2270_clip.MP4,504,7.2,NA,7.2,7.2,FALSE,NA,NA,FALSE,TRUE,53,25693,4,L. digitata,HW,Spring,Harwich,CUSO4,NA,NA,NA,0,NA,2875860,0,NA,20206,20002,40208,0.5025368085953044,glass,4305,NA,NA,NA,NA,2025,NA,NA,Laminaria digitata,40208,0.5025368085953044,FALSE,FALSE,FALSE,FALSE,FALSE,FALSE,FALSE,FALSE,FALSE,FALSE,FALSE,0,FALSE,NA,NA,FALSE,FALSE,FALSE,FALSE,FALSE,FALSE,FALSE,FALSE,FALSE,FALSE,FALSE,FALSE,NA,NA
745,C2271,20250415_C2271_clip.MP4,504,7.2,NA,7.2,7.2,FALSE,NA,NA,FALSE,TRUE,53,25694,4,L. digitata,HW,Spring,Harwich,CUSO4,NA,NA,NA,0,NA,2875860,0,NA,1636,3748,5384,0.3038632986627043,glass,2027,NA,NA,NA,NA,2025,NA,NA,Laminaria digitata,5384,0.3038632986627043,FALSE,FALSE,FALSE,FALSE,FALSE,FALSE,FALSE,FALSE,FALSE,FALSE,FALSE,0,FALSE,NA,NA,FALSE,FALSE,FALSE,FALSE,FALSE,FALSE,FALSE,FALSE,FALSE,FALSE,FALSE,FALSE,NA,NA
746,C2272,20250415_C2272_clip.MP4,504,7.2,NA,7.2,7.2,FALSE,NA,NA,FALSE,TRUE,53,25695,4,L. digitata,HW,Spring,Harwich,CUSO4,NA,NA,NA,0,NA,2875860,0,NA,9075,33165,42240,0.21484375,glass,518,NA,NA,NA,NA,2025,NA,NA,Laminaria digitata,42240,0.21484375,FALSE,FALSE,FALSE,FALSE,FALSE,FALSE,FALSE,FALSE,FALSE,FALSE,FALSE,0,FALSE,NA,NA,FALSE,FALSE,FALSE,FALSE,FALSE,FALSE,FALSE,FALSE,FALSE,FALSE,FALSE,FALSE,NA,NA
747,C2273,20250415_C2273_clip.MP4,504,7.2,NA,7.2,7.2,FALSE,NA,NA,FALSE,TRUE,53,25696,4,L. digitata,HW,Spring,Harwich,CUSO4,NA,NA,NA,0,NA,2875860,0,NA,25614,26403,52017,0.4924159409423842,glass,184,NA,NA,NA,NA,2025,NA,NA,Laminaria digitata,52017,0.4924159409423842,FALSE,FALSE,FALSE,FALSE,FALSE,FALSE,FALSE,FALSE,FALSE,FALSE,FALSE,0,FALSE,NA,NA,FALSE,FALSE,FALSE,FALSE,FALSE,FALSE,FALSE,FALSE,FALSE,FALSE,FALSE,FALSE,NA,NA
