row_id,video_file,camera_file,frame_count,experiment,experiment_id,experiment_chr,experiment_num,ms4_block_flag,ms4_target_experiment,experiment_type,is_control,is_target_species,culture,well,days_from_start,species,site,season,collection_site,toxin_exposure,particle_type,particle_class,size_class,lux_exposure,ntu,cu_ug_l,bw_ug_l,mass_loading_ug_l,mobile_cell_count,stationary_cell_count,total_cells,motility_ratio,tile,tile_count,count_date_yyyy_mm_dd,start_date_yyyy_mm_dd,collection_date,release,year,preparation,comment,species_std,qc_recalc_total_cells,qc_recalc_motility_ratio,flag_missing_response_counts,flag_total_cell_count_le_zero,flag_inconsistent_count_totals,flag_missing_key_predictor,flag_unexpected_frame_count,flag_impossible_date_sequences,flag_negative_mobile_count,flag_negative_stationary_count,flag_negative_ntu,flag_negative_lux,flag_negative_mass_loading,qc_n_flags,qc_any_flag,qc_flag_reason,qc_flag_reason_pretty,exclude_missing_response_counts,exclude_total_cell_count_le_zero,exclude_missing_key_predictor,exclude_negative_mobile_count,exclude_negative_stationary_count,exclude_inconsistent_count_totals,exclude_unexpected_frame_count,exclude_impossible_date_sequences,exclude_negative_ntu,exclude_negative_lux,exclude_negative_mass_loading,exclusion_flag,exclusion_reason,exclusion_reason_pretty,stationary_ratio,experiment_num_chr,experiment_label_core,experiment_plot_group,log10_ntu_plus1,log10_bw_ug_l_plus1,lux_exposure_f,days_from_start_f,day_order,particle_type_plot,size_class_plot,treatment_group,brake_exposure,brake_size_treatment,use_exp1_light,use_exp2_defined_particles,use_exp3_brake_size,use_exp3_brake_presence,use_exp4_field_spm,day_label,ntu_band,lux_band,n_obs_experiment_day,n_obs_experiment_culture,n_obs_experiment_well,experiment_label,experiment_short_label,particle_label,particle_short_label,size_class_label
234,C1755,20241227_C1755_clip.mp4,504,10.2,NA,10.2,10.2,TRUE,EXP2_DEFINED_PARTICLES,DEFINED_PARTICLES,FALSE,TRUE,52,24224,4,L. DIGITATA,BR,WINTER,Bognor,PEAT,PEAT,NA,NA,0,25,0,0,NA,1172,2363,3535,0.33154172560113154,none,NA,NA,NA,NA,NA,2024,NA,100 NTU,LAMINARIA DIGITATA,3535,0.33154172560113154,FALSE,FALSE,FALSE,FALSE,FALSE,FALSE,FALSE,FALSE,FALSE,FALSE,FALSE,0,FALSE,NA,NA,FALSE,FALSE,FALSE,FALSE,FALSE,FALSE,FALSE,FALSE,FALSE,FALSE,FALSE,FALSE,NA,NA,0.6684582743988685,10.2,DEFINED_PARTICLES,EXP2_DEFINED_PARTICLES,1.414973347970818,0,0 lux,4,1,PEAT,NA,DEFINED_PARTICLES,NA,NA,FALSE,TRUE,FALSE,FALSE,FALSE,Day 4,25-<100 NTU,0 lux,27,108,4,Experiment 2: Defined particle concentration series,Exp. 2 Defined particles,Peat,Peat,NA
235,C1756,20241227_C1756_clip.mp4,504,10.2,NA,10.2,10.2,TRUE,EXP2_DEFINED_PARTICLES,DEFINED_PARTICLES,FALSE,TRUE,52,24225,4,L. DIGITATA,BR,WINTER,Bognor,PEAT,PEAT,NA,NA,0,25,0,0,NA,16127,25863,41990,0.3840676351512265,none,NA,NA,NA,NA,NA,2024,NA,100 NTU,LAMINARIA DIGITATA,41990,0.3840676351512265,FALSE,FALSE,FALSE,FALSE,FALSE,FALSE,FALSE,FALSE,FALSE,FALSE,FALSE,0,FALSE,NA,NA,FALSE,FALSE,FALSE,FALSE,FALSE,FALSE,FALSE,FALSE,FALSE,FALSE,FALSE,FALSE,NA,NA,0.6159323648487736,10.2,DEFINED_PARTICLES,EXP2_DEFINED_PARTICLES,1.414973347970818,0,0 lux,4,1,PEAT,NA,DEFINED_PARTICLES,NA,NA,FALSE,TRUE,FALSE,FALSE,FALSE,Day 4,25-<100 NTU,0 lux,27,108,4,Experiment 2: Defined particle concentration series,Exp. 2 Defined particles,Peat,Peat,NA
236,C1757,20241227_C1757_clip.mp4,504,10.2,NA,10.2,10.2,TRUE,EXP2_DEFINED_PARTICLES,DEFINED_PARTICLES,FALSE,TRUE,52,24226,4,L. DIGITATA,BR,WINTER,Bognor,PEAT,PEAT,NA,NA,0,25,0,0,NA,39678,60662,100340,0.39543551923460235,none,NA,NA,NA,NA,NA,2024,NA,100 NTU,LAMINARIA DIGITATA,100340,0.39543551923460235,FALSE,FALSE,FALSE,FALSE,FALSE,FALSE,FALSE,FALSE,FALSE,FALSE,FALSE,0,FALSE,NA,NA,FALSE,FALSE,FALSE,FALSE,FALSE,FALSE,FALSE,FALSE,FALSE,FALSE,FALSE,FALSE,NA,NA,0.6045644807653976,10.2,DEFINED_PARTICLES,EXP2_DEFINED_PARTICLES,1.414973347970818,0,0 lux,4,1,PEAT,NA,DEFINED_PARTICLES,NA,NA,FALSE,TRUE,FALSE,FALSE,FALSE,Day 4,25-<100 NTU,0 lux,27,108,4,Experiment 2: Defined particle concentration series,Exp. 2 Defined particles,Peat,Peat,NA
237,C1758,20241227_C1758_clip.mp4,504,10.2,NA,10.2,10.2,TRUE,EXP2_DEFINED_PARTICLES,DEFINED_PARTICLES,FALSE,TRUE,52,24231,4,L. DIGITATA,BR,WINTER,Bognor,PEAT,PEAT,NA,NA,0,100,0,0,NA,40580,61722,102302,0.396668686829192,none,NA,NA,NA,NA,NA,2024,NA,100 NTU / time check 12:40,LAMINARIA DIGITATA,102302,0.396668686829192,FALSE,FALSE,FALSE,FALSE,FALSE,FALSE,FALSE,FALSE,FALSE,FALSE,FALSE,0,FALSE,NA,NA,FALSE,FALSE,FALSE,FALSE,FALSE,FALSE,FALSE,FALSE,FALSE,FALSE,FALSE,FALSE,NA,NA,0.603331313170808,10.2,DEFINED_PARTICLES,EXP2_DEFINED_PARTICLES,2.0043213737826426,0,0 lux,4,1,PEAT,NA,DEFINED_PARTICLES,NA,NA,FALSE,TRUE,FALSE,FALSE,FALSE,Day 4,100-<400 NTU,0 lux,27,108,4,Experiment 2: Defined particle concentration series,Exp. 2 Defined particles,Peat,Peat,NA
238,C1759,20241227_C1759_clip.mp4,504,10.2,NA,10.2,10.2,TRUE,EXP2_DEFINED_PARTICLES,DEFINED_PARTICLES,FALSE,TRUE,52,24232,4,L. DIGITATA,BR,WINTER,Bognor,PEAT,PEAT,NA,NA,0,100,0,0,NA,46912,69643,116555,0.40248809574878813,none,NA,NA,NA,NA,NA,2024,NA,100 NTU,LAMINARIA DIGITATA,116555,0.40248809574878813,FALSE,FALSE,FALSE,FALSE,FALSE,FALSE,FALSE,FALSE,FALSE,FALSE,FALSE,0,FALSE,NA,NA,FALSE,FALSE,FALSE,FALSE,FALSE,FALSE,FALSE,FALSE,FALSE,FALSE,FALSE,FALSE,NA,NA,0.5975119042512119,10.2,DEFINED_PARTICLES,EXP2_DEFINED_PARTICLES,2.0043213737826426,0,0 lux,4,1,PEAT,NA,DEFINED_PARTICLES,NA,NA,FALSE,TRUE,FALSE,FALSE,FALSE,Day 4,100-<400 NTU,0 lux,27,108,4,Experiment 2: Defined particle concentration series,Exp. 2 Defined particles,Peat,Peat,NA
239,C1760,20241227_C1760_clip.mp4,504,10.2,NA,10.2,10.2,TRUE,EXP2_DEFINED_PARTICLES,DEFINED_PARTICLES,FALSE,TRUE,52,24233,4,L. DIGITATA,BR,WINTER,Bognor,PEAT,PEAT,NA,NA,0,100,0,0,NA,40402,63627,104029,0.38837247306039663,none,NA,NA,NA,NA,NA,2024,NA,100 NTU,LAMINARIA DIGITATA,104029,0.38837247306039663,FALSE,FALSE,FALSE,FALSE,FALSE,FALSE,FALSE,FALSE,FALSE,FALSE,FALSE,0,FALSE,NA,NA,FALSE,FALSE,FALSE,FALSE,FALSE,FALSE,FALSE,FALSE,FALSE,FALSE,FALSE,FALSE,NA,NA,0.6116275269396034,10.2,DEFINED_PARTICLES,EXP2_DEFINED_PARTICLES,2.0043213737826426,0,0 lux,4,1,PEAT,NA,DEFINED_PARTICLES,NA,NA,FALSE,TRUE,FALSE,FALSE,FALSE,Day 4,100-<400 NTU,0 lux,27,108,4,Experiment 2: Defined particle concentration series,Exp. 2 Defined particles,Peat,Peat,NA
240,C1761,20241227_C1761_clip.mp4,504,10.2,NA,10.2,10.2,TRUE,EXP2_DEFINED_PARTICLES,DEFINED_PARTICLES,FALSE,TRUE,52,24234,4,L. DIGITATA,BR,WINTER,Bognor,PEAT,PEAT,NA,NA,0,400,0,0,NA,37304,57336,94640,0.394167371090448,none,NA,NA,NA,NA,NA,2024,NA,100 NTU,LAMINARIA DIGITATA,94640,0.394167371090448,FALSE,FALSE,FALSE,FALSE,FALSE,FALSE,FALSE,FALSE,FALSE,FALSE,FALSE,0,FALSE,NA,NA,FALSE,FALSE,FALSE,FALSE,FALSE,FALSE,FALSE,FALSE,FALSE,FALSE,FALSE,FALSE,NA,NA,0.605832628909552,10.2,DEFINED_PARTICLES,EXP2_DEFINED_PARTICLES,2.603144372620182,0,0 lux,4,1,PEAT,NA,DEFINED_PARTICLES,NA,NA,FALSE,TRUE,FALSE,FALSE,FALSE,Day 4,>=400 NTU,0 lux,27,108,4,Experiment 2: Defined particle concentration series,Exp. 2 Defined particles,Peat,Peat,NA
241,C1762,20241227_C1762_clip.mp4,504,10.2,NA,10.2,10.2,TRUE,EXP2_DEFINED_PARTICLES,DEFINED_PARTICLES,FALSE,TRUE,52,24235,4,L. DIGITATA,BR,WINTER,Bognor,PEAT,PEAT,NA,NA,0,400,0,0,NA,47454,68718,116172,0.4084805288709844,none,NA,NA,NA,NA,NA,2024,NA,100 NTU,LAMINARIA DIGITATA,116172,0.4084805288709844,FALSE,FALSE,FALSE,FALSE,FALSE,FALSE,FALSE,FALSE,FALSE,FALSE,FALSE,0,FALSE,NA,NA,FALSE,FALSE,FALSE,FALSE,FALSE,FALSE,FALSE,FALSE,FALSE,FALSE,FALSE,FALSE,NA,NA,0.5915194711290156,10.2,DEFINED_PARTICLES,EXP2_DEFINED_PARTICLES,2.603144372620182,0,0 lux,4,1,PEAT,NA,DEFINED_PARTICLES,NA,NA,FALSE,TRUE,FALSE,FALSE,FALSE,Day 4,>=400 NTU,0 lux,27,108,4,Experiment 2: Defined particle concentration series,Exp. 2 Defined particles,Peat,Peat,NA
242,C1763,20241227_C1763_clip.mp4,504,10.2,NA,10.2,10.2,TRUE,EXP2_DEFINED_PARTICLES,DEFINED_PARTICLES,FALSE,TRUE,52,24236,4,L. DIGITATA,BR,WINTER,Bognor,PEAT,PEAT,NA,NA,0,400,0,0,NA,44318,65187,109505,0.4047121136021186,none,NA,NA,NA,NA,NA,2024,NA,100 NTU / slight adjustment of focus,LAMINARIA DIGITATA,109505,0.4047121136021186,FALSE,FALSE,FALSE,FALSE,FALSE,FALSE,FALSE,FALSE,FALSE,FALSE,FALSE,0,FALSE,NA,NA,FALSE,FALSE,FALSE,FALSE,FALSE,FALSE,FALSE,FALSE,FALSE,FALSE,FALSE,FALSE,NA,NA,0.5952878863978813,10.2,DEFINED_PARTICLES,EXP2_DEFINED_PARTICLES,2.603144372620182,0,0 lux,4,1,PEAT,NA,DEFINED_PARTICLES,NA,NA,FALSE,TRUE,FALSE,FALSE,FALSE,Day 4,>=400 NTU,0 lux,27,108,4,Experiment 2: Defined particle concentration series,Exp. 2 Defined particles,Peat,Peat,NA
243,C1765,20241227_C1765_clip.mp4,504,10.2,NA,10.2,10.2,TRUE,EXP2_DEFINED_PARTICLES,DEFINED_PARTICLES,FALSE,TRUE,52,24241,4,L. DIGITATA,BR,WINTER,Bognor,KAOLINITE,KAOLINITE,NA,NA,0,100,0,0,NA,42997,62952,105949,0.4058273320182352,none,NA,NA,NA,NA,NA,2024,NA,100 NTU / time check 12:44,LAMINARIA DIGITATA,105949,0.4058273320182352,FALSE,FALSE,FALSE,FALSE,FALSE,FALSE,FALSE,FALSE,FALSE,FALSE,FALSE,0,FALSE,NA,NA,FALSE,FALSE,FALSE,FALSE,FALSE,FALSE,FALSE,FALSE,FALSE,FALSE,FALSE,FALSE,NA,NA,0.5941726679817648,10.2,DEFINED_PARTICLES,EXP2_DEFINED_PARTICLES,2.0043213737826426,0,0 lux,4,1,KAOLINITE,NA,DEFINED_PARTICLES,NA,NA,FALSE,TRUE,FALSE,FALSE,FALSE,Day 4,100-<400 NTU,0 lux,27,108,4,Experiment 2: Defined particle concentration series,Exp. 2 Defined particles,Kaolinite,Kaolinite,NA
244,C1766,20241227_C1766_clip.mp4,504,10.2,NA,10.2,10.2,TRUE,EXP2_DEFINED_PARTICLES,DEFINED_PARTICLES,FALSE,TRUE,52,24242,4,L. DIGITATA,BR,WINTER,Bognor,KAOLINITE,KAOLINITE,NA,NA,0,100,0,0,NA,39717,57799,97516,0.4072870093112925,none,NA,NA,NA,NA,NA,2024,NA,100 NTU,LAMINARIA DIGITATA,97516,0.4072870093112925,FALSE,FALSE,FALSE,FALSE,FALSE,FALSE,FALSE,FALSE,FALSE,FALSE,FALSE,0,FALSE,NA,NA,FALSE,FALSE,FALSE,FALSE,FALSE,FALSE,FALSE,FALSE,FALSE,FALSE,FALSE,FALSE,NA,NA,0.5927129906887075,10.2,DEFINED_PARTICLES,EXP2_DEFINED_PARTICLES,2.0043213737826426,0,0 lux,4,1,KAOLINITE,NA,DEFINED_PARTICLES,NA,NA,FALSE,TRUE,FALSE,FALSE,FALSE,Day 4,100-<400 NTU,0 lux,27,108,4,Experiment 2: Defined particle concentration series,Exp. 2 Defined particles,Kaolinite,Kaolinite,NA
245,C1767,20241227_C1767_clip.mp4,504,10.2,NA,10.2,10.2,TRUE,EXP2_DEFINED_PARTICLES,DEFINED_PARTICLES,FALSE,TRUE,52,24243,4,L. DIGITATA,BR,WINTER,Bognor,KAOLINITE,KAOLINITE,NA,NA,0,100,0,0,NA,28478,43024,71502,0.39828256552264274,none,NA,NA,NA,NA,NA,2024,NA,100 NTU,LAMINARIA DIGITATA,71502,0.39828256552264274,FALSE,FALSE,FALSE,FALSE,FALSE,FALSE,FALSE,FALSE,FALSE,FALSE,FALSE,0,FALSE,NA,NA,FALSE,FALSE,FALSE,FALSE,FALSE,FALSE,FALSE,FALSE,FALSE,FALSE,FALSE,FALSE,NA,NA,0.6017174344773573,10.2,DEFINED_PARTICLES,EXP2_DEFINED_PARTICLES,2.0043213737826426,0,0 lux,4,1,KAOLINITE,NA,DEFINED_PARTICLES,NA,NA,FALSE,TRUE,FALSE,FALSE,FALSE,Day 4,100-<400 NTU,0 lux,27,108,4,Experiment 2: Defined particle concentration series,Exp. 2 Defined particles,Kaolinite,Kaolinite,NA
246,C1768,20241227_C1768_clip.mp4,504,10.2,NA,10.2,10.2,TRUE,EXP2_DEFINED_PARTICLES,DEFINED_PARTICLES,FALSE,TRUE,52,24244,4,L. DIGITATA,BR,WINTER,Bognor,KAOLINITE,KAOLINITE,NA,NA,0,400,0,0,NA,44088,66444,110532,0.3988709152100749,none,NA,NA,NA,NA,NA,2024,NA,100 NTU,LAMINARIA DIGITATA,110532,0.3988709152100749,FALSE,FALSE,FALSE,FALSE,FALSE,FALSE,FALSE,FALSE,FALSE,FALSE,FALSE,0,FALSE,NA,NA,FALSE,FALSE,FALSE,FALSE,FALSE,FALSE,FALSE,FALSE,FALSE,FALSE,FALSE,FALSE,NA,NA,0.6011290847899251,10.2,DEFINED_PARTICLES,EXP2_DEFINED_PARTICLES,2.603144372620182,0,0 lux,4,1,KAOLINITE,NA,DEFINED_PARTICLES,NA,NA,FALSE,TRUE,FALSE,FALSE,FALSE,Day 4,>=400 NTU,0 lux,27,108,4,Experiment 2: Defined particle concentration series,Exp. 2 Defined particles,Kaolinite,Kaolinite,NA
247,C1770,20241227_C1770_clip.mp4,504,10.2,NA,10.2,10.2,TRUE,EXP2_DEFINED_PARTICLES,DEFINED_PARTICLES,FALSE,TRUE,52,24245,4,L. DIGITATA,BR,WINTER,Bognor,KAOLINITE,KAOLINITE,NA,NA,0,400,0,0,NA,42777,63904,106681,0.40098049324622004,none,NA,NA,NA,NA,NA,2024,NA,100 NTU,LAMINARIA DIGITATA,106681,0.40098049324622004,FALSE,FALSE,FALSE,FALSE,FALSE,FALSE,FALSE,FALSE,FALSE,FALSE,FALSE,0,FALSE,NA,NA,FALSE,FALSE,FALSE,FALSE,FALSE,FALSE,FALSE,FALSE,FALSE,FALSE,FALSE,FALSE,NA,NA,0.5990195067537799,10.2,DEFINED_PARTICLES,EXP2_DEFINED_PARTICLES,2.603144372620182,0,0 lux,4,1,KAOLINITE,NA,DEFINED_PARTICLES,NA,NA,FALSE,TRUE,FALSE,FALSE,FALSE,Day 4,>=400 NTU,0 lux,27,108,4,Experiment 2: Defined particle concentration series,Exp. 2 Defined particles,Kaolinite,Kaolinite,NA
248,C1771,20241227_C1771_clip.mp4,504,10.2,NA,10.2,10.2,TRUE,EXP2_DEFINED_PARTICLES,DEFINED_PARTICLES,FALSE,TRUE,52,24246,4,L. DIGITATA,BR,WINTER,Bognor,KAOLINITE,KAOLINITE,NA,NA,0,400,0,0,NA,43405,66748,110153,0.3940428313345982,none,NA,NA,NA,NA,NA,2024,NA,100 NTU,LAMINARIA DIGITATA,110153,0.3940428313345982,FALSE,FALSE,FALSE,FALSE,FALSE,FALSE,FALSE,FALSE,FALSE,FALSE,FALSE,0,FALSE,NA,NA,FALSE,FALSE,FALSE,FALSE,FALSE,FALSE,FALSE,FALSE,FALSE,FALSE,FALSE,FALSE,NA,NA,0.6059571686654017,10.2,DEFINED_PARTICLES,EXP2_DEFINED_PARTICLES,2.603144372620182,0,0 lux,4,1,KAOLINITE,NA,DEFINED_PARTICLES,NA,NA,FALSE,TRUE,FALSE,FALSE,FALSE,Day 4,>=400 NTU,0 lux,27,108,4,Experiment 2: Defined particle concentration series,Exp. 2 Defined particles,Kaolinite,Kaolinite,NA
249,C1773,20241227_C1773_clip.mp4,504,10.2,NA,10.2,10.2,TRUE,EXP2_DEFINED_PARTICLES,DEFINED_PARTICLES,FALSE,TRUE,52,24251,4,L. DIGITATA,BR,WINTER,Bognor,SAND,SAND,NA,NA,0,100,0,0,NA,2852,5174,8026,0.35534512833291804,none,NA,NA,NA,NA,NA,2024,NA,100 NTU,LAMINARIA DIGITATA,8026,0.35534512833291804,FALSE,FALSE,FALSE,FALSE,FALSE,FALSE,FALSE,FALSE,FALSE,FALSE,FALSE,0,FALSE,NA,NA,FALSE,FALSE,FALSE,FALSE,FALSE,FALSE,FALSE,FALSE,FALSE,FALSE,FALSE,FALSE,NA,NA,0.644654871667082,10.2,DEFINED_PARTICLES,EXP2_DEFINED_PARTICLES,2.0043213737826426,0,0 lux,4,1,SAND,NA,DEFINED_PARTICLES,NA,NA,FALSE,TRUE,FALSE,FALSE,FALSE,Day 4,100-<400 NTU,0 lux,27,108,4,Experiment 2: Defined particle concentration series,Exp. 2 Defined particles,Sand,Sand,NA
250,C1774,20241227_C1774_clip.mp4,504,10.2,NA,10.2,10.2,TRUE,EXP2_DEFINED_PARTICLES,DEFINED_PARTICLES,FALSE,TRUE,52,24252,4,L. DIGITATA,BR,WINTER,Bognor,SAND,SAND,NA,NA,0,100,0,0,NA,1130,2630,3760,0.300531914893617,none,NA,NA,NA,NA,NA,2024,NA,100 NTU,LAMINARIA DIGITATA,3760,0.300531914893617,FALSE,FALSE,FALSE,FALSE,FALSE,FALSE,FALSE,FALSE,FALSE,FALSE,FALSE,0,FALSE,NA,NA,FALSE,FALSE,FALSE,FALSE,FALSE,FALSE,FALSE,FALSE,FALSE,FALSE,FALSE,FALSE,NA,NA,0.699468085106383,10.2,DEFINED_PARTICLES,EXP2_DEFINED_PARTICLES,2.0043213737826426,0,0 lux,4,1,SAND,NA,DEFINED_PARTICLES,NA,NA,FALSE,TRUE,FALSE,FALSE,FALSE,Day 4,100-<400 NTU,0 lux,27,108,4,Experiment 2: Defined particle concentration series,Exp. 2 Defined particles,Sand,Sand,NA
251,C1775,20241227_C1775_clip.mp4,504,10.2,NA,10.2,10.2,TRUE,EXP2_DEFINED_PARTICLES,DEFINED_PARTICLES,FALSE,TRUE,52,24253,4,L. DIGITATA,BR,WINTER,Bognor,SAND,SAND,NA,NA,0,100,0,0,NA,33673,54215,87888,0.3831353540870198,none,NA,NA,NA,NA,NA,2024,NA,100 NTU,LAMINARIA DIGITATA,87888,0.3831353540870198,FALSE,FALSE,FALSE,FALSE,FALSE,FALSE,FALSE,FALSE,FALSE,FALSE,FALSE,0,FALSE,NA,NA,FALSE,FALSE,FALSE,FALSE,FALSE,FALSE,FALSE,FALSE,FALSE,FALSE,FALSE,FALSE,NA,NA,0.6168646459129802,10.2,DEFINED_PARTICLES,EXP2_DEFINED_PARTICLES,2.0043213737826426,0,0 lux,4,1,SAND,NA,DEFINED_PARTICLES,NA,NA,FALSE,TRUE,FALSE,FALSE,FALSE,Day 4,100-<400 NTU,0 lux,27,108,4,Experiment 2: Defined particle concentration series,Exp. 2 Defined particles,Sand,Sand,NA
252,C1776,20241227_C1776_clip.mp4,504,10.2,NA,10.2,10.2,TRUE,EXP2_DEFINED_PARTICLES,DEFINED_PARTICLES,FALSE,TRUE,52,24254,4,L. DIGITATA,BR,WINTER,Bognor,SAND,SAND,NA,NA,0,400,0,0,NA,45402,68327,113729,0.3992121622453376,none,NA,NA,NA,NA,NA,2024,NA,100 NTU,LAMINARIA DIGITATA,113729,0.3992121622453376,FALSE,FALSE,FALSE,FALSE,FALSE,FALSE,FALSE,FALSE,FALSE,FALSE,FALSE,0,FALSE,NA,NA,FALSE,FALSE,FALSE,FALSE,FALSE,FALSE,FALSE,FALSE,FALSE,FALSE,FALSE,FALSE,NA,NA,0.6007878377546624,10.2,DEFINED_PARTICLES,EXP2_DEFINED_PARTICLES,2.603144372620182,0,0 lux,4,1,SAND,NA,DEFINED_PARTICLES,NA,NA,FALSE,TRUE,FALSE,FALSE,FALSE,Day 4,>=400 NTU,0 lux,27,108,4,Experiment 2: Defined particle concentration series,Exp. 2 Defined particles,Sand,Sand,NA
253,C1777,20241227_C1777_clip.mp4,504,10.2,NA,10.2,10.2,TRUE,EXP2_DEFINED_PARTICLES,DEFINED_PARTICLES,FALSE,TRUE,52,24255,4,L. DIGITATA,BR,WINTER,Bognor,SAND,SAND,NA,NA,0,400,0,0,NA,29602,45584,75186,0.39371691538318304,none,NA,NA,NA,NA,NA,2024,NA,100 NTU,LAMINARIA DIGITATA,75186,0.39371691538318304,FALSE,FALSE,FALSE,FALSE,FALSE,FALSE,FALSE,FALSE,FALSE,FALSE,FALSE,0,FALSE,NA,NA,FALSE,FALSE,FALSE,FALSE,FALSE,FALSE,FALSE,FALSE,FALSE,FALSE,FALSE,FALSE,NA,NA,0.606283084616817,10.2,DEFINED_PARTICLES,EXP2_DEFINED_PARTICLES,2.603144372620182,0,0 lux,4,1,SAND,NA,DEFINED_PARTICLES,NA,NA,FALSE,TRUE,FALSE,FALSE,FALSE,Day 4,>=400 NTU,0 lux,27,108,4,Experiment 2: Defined particle concentration series,Exp. 2 Defined particles,Sand,Sand,NA
254,C1778,20241227_C1778_clip.mp4,504,10.2,NA,10.2,10.2,TRUE,EXP2_DEFINED_PARTICLES,DEFINED_PARTICLES,FALSE,TRUE,52,24256,4,L. DIGITATA,BR,WINTER,Bognor,SAND,SAND,NA,NA,0,400,0,0,NA,37499,62204,99703,0.37610703790257066,none,NA,NA,NA,NA,NA,2024,NA,100 NTU,LAMINARIA DIGITATA,99703,0.37610703790257066,FALSE,FALSE,FALSE,FALSE,FALSE,FALSE,FALSE,FALSE,FALSE,FALSE,FALSE,0,FALSE,NA,NA,FALSE,FALSE,FALSE,FALSE,FALSE,FALSE,FALSE,FALSE,FALSE,FALSE,FALSE,FALSE,NA,NA,0.6238929620974294,10.2,DEFINED_PARTICLES,EXP2_DEFINED_PARTICLES,2.603144372620182,0,0 lux,4,1,SAND,NA,DEFINED_PARTICLES,NA,NA,FALSE,TRUE,FALSE,FALSE,FALSE,Day 4,>=400 NTU,0 lux,27,108,4,Experiment 2: Defined particle concentration series,Exp. 2 Defined particles,Sand,Sand,NA
255,C1780,20241227_C1780_clip.mp4,504,10.2,NA,10.2,10.2,TRUE,EXP2_DEFINED_PARTICLES,DEFINED_PARTICLES,FALSE,TRUE,52,24261,4,L. DIGITATA,BR,WINTER,Bognor,SAND,SAND,NA,NA,0,25,0,0,NA,42256,63729,105985,0.39869792895221023,none,NA,NA,NA,NA,NA,2024,NA,100 NTU,LAMINARIA DIGITATA,105985,0.39869792895221023,FALSE,FALSE,FALSE,FALSE,FALSE,FALSE,FALSE,FALSE,FALSE,FALSE,FALSE,0,FALSE,NA,NA,FALSE,FALSE,FALSE,FALSE,FALSE,FALSE,FALSE,FALSE,FALSE,FALSE,FALSE,FALSE,NA,NA,0.6013020710477898,10.2,DEFINED_PARTICLES,EXP2_DEFINED_PARTICLES,1.414973347970818,0,0 lux,4,1,SAND,NA,DEFINED_PARTICLES,NA,NA,FALSE,TRUE,FALSE,FALSE,FALSE,Day 4,25-<100 NTU,0 lux,27,108,4,Experiment 2: Defined particle concentration series,Exp. 2 Defined particles,Sand,Sand,NA
256,C1781,20241227_C1781_clip.mp4,504,10.2,NA,10.2,10.2,TRUE,EXP2_DEFINED_PARTICLES,DEFINED_PARTICLES,FALSE,TRUE,52,24262,4,L. DIGITATA,BR,WINTER,Bognor,SAND,SAND,NA,NA,0,25,0,0,NA,42386,63108,105494,0.4017858835573587,none,NA,NA,NA,NA,NA,2024,NA,100 NTU,LAMINARIA DIGITATA,105494,0.4017858835573587,FALSE,FALSE,FALSE,FALSE,FALSE,FALSE,FALSE,FALSE,FALSE,FALSE,FALSE,0,FALSE,NA,NA,FALSE,FALSE,FALSE,FALSE,FALSE,FALSE,FALSE,FALSE,FALSE,FALSE,FALSE,FALSE,NA,NA,0.5982141164426413,10.2,DEFINED_PARTICLES,EXP2_DEFINED_PARTICLES,1.414973347970818,0,0 lux,4,1,SAND,NA,DEFINED_PARTICLES,NA,NA,FALSE,TRUE,FALSE,FALSE,FALSE,Day 4,25-<100 NTU,0 lux,27,108,4,Experiment 2: Defined particle concentration series,Exp. 2 Defined particles,Sand,Sand,NA
257,C1782,20241227_C1782_clip.mp4,504,10.2,NA,10.2,10.2,TRUE,EXP2_DEFINED_PARTICLES,DEFINED_PARTICLES,FALSE,TRUE,52,24263,4,L. DIGITATA,BR,WINTER,Bognor,SAND,SAND,NA,NA,0,25,0,0,NA,931,1993,2924,0.3183994528043776,none,NA,NA,NA,NA,NA,2024,NA,100 NTU,LAMINARIA DIGITATA,2924,0.3183994528043776,FALSE,FALSE,FALSE,FALSE,FALSE,FALSE,FALSE,FALSE,FALSE,FALSE,FALSE,0,FALSE,NA,NA,FALSE,FALSE,FALSE,FALSE,FALSE,FALSE,FALSE,FALSE,FALSE,FALSE,FALSE,FALSE,NA,NA,0.6816005471956225,10.2,DEFINED_PARTICLES,EXP2_DEFINED_PARTICLES,1.414973347970818,0,0 lux,4,1,SAND,NA,DEFINED_PARTICLES,NA,NA,FALSE,TRUE,FALSE,FALSE,FALSE,Day 4,25-<100 NTU,0 lux,27,108,4,Experiment 2: Defined particle concentration series,Exp. 2 Defined particles,Sand,Sand,NA
258,C1783,20241227_C1783_clip.mp4,504,10.2,NA,10.2,10.2,TRUE,EXP2_DEFINED_PARTICLES,DEFINED_PARTICLES,FALSE,TRUE,52,24264,4,L. DIGITATA,BR,WINTER,Bognor,KAOLINITE,KAOLINITE,NA,NA,0,25,0,0,NA,5641,5768,11409,0.4944342185993514,none,NA,NA,NA,NA,NA,2024,NA,100 NTU,LAMINARIA DIGITATA,11409,0.4944342185993514,FALSE,FALSE,FALSE,FALSE,FALSE,FALSE,FALSE,FALSE,FALSE,FALSE,FALSE,0,FALSE,NA,NA,FALSE,FALSE,FALSE,FALSE,FALSE,FALSE,FALSE,FALSE,FALSE,FALSE,FALSE,FALSE,NA,NA,0.5055657814006486,10.2,DEFINED_PARTICLES,EXP2_DEFINED_PARTICLES,1.414973347970818,0,0 lux,4,1,KAOLINITE,NA,DEFINED_PARTICLES,NA,NA,FALSE,TRUE,FALSE,FALSE,FALSE,Day 4,25-<100 NTU,0 lux,27,108,4,Experiment 2: Defined particle concentration series,Exp. 2 Defined particles,Kaolinite,Kaolinite,NA
259,C1784,20241227_C1784_clip.mp4,504,10.2,NA,10.2,10.2,TRUE,EXP2_DEFINED_PARTICLES,DEFINED_PARTICLES,FALSE,TRUE,52,24265,4,L. DIGITATA,BR,WINTER,Bognor,KAOLINITE,KAOLINITE,NA,NA,0,25,0,0,NA,12225,16963,29188,0.4188365081540359,none,NA,NA,NA,NA,NA,2024,NA,100 NTU,LAMINARIA DIGITATA,29188,0.4188365081540359,FALSE,FALSE,FALSE,FALSE,FALSE,FALSE,FALSE,FALSE,FALSE,FALSE,FALSE,0,FALSE,NA,NA,FALSE,FALSE,FALSE,FALSE,FALSE,FALSE,FALSE,FALSE,FALSE,FALSE,FALSE,FALSE,NA,NA,0.581163491845964,10.2,DEFINED_PARTICLES,EXP2_DEFINED_PARTICLES,1.414973347970818,0,0 lux,4,1,KAOLINITE,NA,DEFINED_PARTICLES,NA,NA,FALSE,TRUE,FALSE,FALSE,FALSE,Day 4,25-<100 NTU,0 lux,27,108,4,Experiment 2: Defined particle concentration series,Exp. 2 Defined particles,Kaolinite,Kaolinite,NA
260,C1785,20241227_C1785_clip.mp4,504,10.2,NA,10.2,10.2,TRUE,EXP2_DEFINED_PARTICLES,DEFINED_PARTICLES,FALSE,TRUE,52,24266,4,L. DIGITATA,BR,WINTER,Bognor,KAOLINITE,KAOLINITE,NA,NA,0,25,0,0,NA,25684,42047,67731,0.37920597658383903,none,NA,NA,NA,NA,NA,2024,NA,100 NTU,LAMINARIA DIGITATA,67731,0.37920597658383903,FALSE,FALSE,FALSE,FALSE,FALSE,FALSE,FALSE,FALSE,FALSE,FALSE,FALSE,0,FALSE,NA,NA,FALSE,FALSE,FALSE,FALSE,FALSE,FALSE,FALSE,FALSE,FALSE,FALSE,FALSE,FALSE,NA,NA,0.620794023416161,10.2,DEFINED_PARTICLES,EXP2_DEFINED_PARTICLES,1.414973347970818,0,0 lux,4,1,KAOLINITE,NA,DEFINED_PARTICLES,NA,NA,FALSE,TRUE,FALSE,FALSE,FALSE,Day 4,25-<100 NTU,0 lux,27,108,4,Experiment 2: Defined particle concentration series,Exp. 2 Defined particles,Kaolinite,Kaolinite,NA
261,C1786,20241227_C1786_clip.mp4,504,9.2,NA,9.2,9.2,TRUE,EXP1_LIGHT,LIGHT_ONLY,FALSE,TRUE,52,24271,4,L. DIGITATA,BR,WINTER,Bognor,LUX,NA,NA,NA,70,0,0,0,NA,3076,5195,8271,0.3719018256559062,none,NA,NA,NA,NA,NA,2024,NA,70 Lux (12:12),LAMINARIA DIGITATA,8271,0.3719018256559062,FALSE,FALSE,FALSE,FALSE,FALSE,FALSE,FALSE,FALSE,FALSE,FALSE,FALSE,0,FALSE,NA,NA,FALSE,FALSE,FALSE,FALSE,FALSE,FALSE,FALSE,FALSE,FALSE,FALSE,FALSE,FALSE,NA,NA,0.6280981743440939,9.2,LIGHT_ONLY,EXP1_LIGHT,0,0,70 lux,4,1,LUX,NA,LIGHT_ONLY,NA,NA,TRUE,FALSE,FALSE,FALSE,FALSE,Day 4,<25 NTU,70 lux,24,96,4,Experiment 1: Light-only gradient,Exp. 1 Light-only,LUX,LUX,NA
262,C1787,20241227_C1787_clip.mp4,504,9.2,NA,9.2,9.2,TRUE,EXP1_LIGHT,LIGHT_ONLY,FALSE,TRUE,52,24272,4,L. DIGITATA,BR,WINTER,Bognor,LUX,NA,NA,NA,70,0,0,0,NA,39850,60381,100231,0.3975815865351039,none,NA,NA,NA,NA,NA,2024,NA,70 Lux (12:12),LAMINARIA DIGITATA,100231,0.3975815865351039,FALSE,FALSE,FALSE,FALSE,FALSE,FALSE,FALSE,FALSE,FALSE,FALSE,FALSE,0,FALSE,NA,NA,FALSE,FALSE,FALSE,FALSE,FALSE,FALSE,FALSE,FALSE,FALSE,FALSE,FALSE,FALSE,NA,NA,0.6024184134648961,9.2,LIGHT_ONLY,EXP1_LIGHT,0,0,70 lux,4,1,LUX,NA,LIGHT_ONLY,NA,NA,TRUE,FALSE,FALSE,FALSE,FALSE,Day 4,<25 NTU,70 lux,24,96,4,Experiment 1: Light-only gradient,Exp. 1 Light-only,LUX,LUX,NA
263,C1788,20241227_C1788_clip.mp4,504,9.2,NA,9.2,9.2,TRUE,EXP1_LIGHT,LIGHT_ONLY,FALSE,TRUE,52,24273,4,L. DIGITATA,BR,WINTER,Bognor,LUX,NA,NA,NA,70,0,0,0,NA,676,1670,2346,0.28815004262574595,none,NA,NA,NA,NA,NA,2024,NA,70 Lux (12:12),LAMINARIA DIGITATA,2346,0.28815004262574595,FALSE,FALSE,FALSE,FALSE,FALSE,FALSE,FALSE,FALSE,FALSE,FALSE,FALSE,0,FALSE,NA,NA,FALSE,FALSE,FALSE,FALSE,FALSE,FALSE,FALSE,FALSE,FALSE,FALSE,FALSE,FALSE,NA,NA,0.711849957374254,9.2,LIGHT_ONLY,EXP1_LIGHT,0,0,70 lux,4,1,LUX,NA,LIGHT_ONLY,NA,NA,TRUE,FALSE,FALSE,FALSE,FALSE,Day 4,<25 NTU,70 lux,24,96,4,Experiment 1: Light-only gradient,Exp. 1 Light-only,LUX,LUX,NA
264,C1789,20241227_C1789_clip.mp4,504,9.2,NA,9.2,9.2,TRUE,EXP1_LIGHT,LIGHT_ONLY,FALSE,TRUE,52,24274,4,L. DIGITATA,BR,WINTER,Bognor,LUX,NA,NA,NA,70,0,0,0,NA,863,2216,3079,0.28028580708022083,none,NA,NA,NA,NA,NA,2024,NA,70 Lux (12:12),LAMINARIA DIGITATA,3079,0.28028580708022083,FALSE,FALSE,FALSE,FALSE,FALSE,FALSE,FALSE,FALSE,FALSE,FALSE,FALSE,0,FALSE,NA,NA,FALSE,FALSE,FALSE,FALSE,FALSE,FALSE,FALSE,FALSE,FALSE,FALSE,FALSE,FALSE,NA,NA,0.7197141929197791,9.2,LIGHT_ONLY,EXP1_LIGHT,0,0,70 lux,4,1,LUX,NA,LIGHT_ONLY,NA,NA,TRUE,FALSE,FALSE,FALSE,FALSE,Day 4,<25 NTU,70 lux,24,96,4,Experiment 1: Light-only gradient,Exp. 1 Light-only,LUX,LUX,NA
265,C1790,20241227_C1790_clip.mp4,504,9.2,NA,9.2,9.2,TRUE,EXP1_LIGHT,LIGHT_ONLY,FALSE,TRUE,52,24275,4,L. DIGITATA,BR,WINTER,Bognor,LUX,NA,NA,NA,70,0,0,0,NA,47363,69088,116451,0.4067204231822827,none,NA,NA,NA,NA,NA,2024,NA,70 Lux (12:12),LAMINARIA DIGITATA,116451,0.4067204231822827,FALSE,FALSE,FALSE,FALSE,FALSE,FALSE,FALSE,FALSE,FALSE,FALSE,FALSE,0,FALSE,NA,NA,FALSE,FALSE,FALSE,FALSE,FALSE,FALSE,FALSE,FALSE,FALSE,FALSE,FALSE,FALSE,NA,NA,0.5932795768177174,9.2,LIGHT_ONLY,EXP1_LIGHT,0,0,70 lux,4,1,LUX,NA,LIGHT_ONLY,NA,NA,TRUE,FALSE,FALSE,FALSE,FALSE,Day 4,<25 NTU,70 lux,24,96,4,Experiment 1: Light-only gradient,Exp. 1 Light-only,LUX,LUX,NA
266,C1791,20241227_C1791_clip.mp4,504,9.2,NA,9.2,9.2,TRUE,EXP1_LIGHT,LIGHT_ONLY,FALSE,TRUE,52,24276,4,L. DIGITATA,BR,WINTER,Bognor,LUX,NA,NA,NA,70,0,0,0,NA,6940,11316,18256,0.3801489921121823,none,NA,NA,NA,NA,NA,2024,NA,70 Lux (12:12),LAMINARIA DIGITATA,18256,0.3801489921121823,FALSE,FALSE,FALSE,FALSE,FALSE,FALSE,FALSE,FALSE,FALSE,FALSE,FALSE,0,FALSE,NA,NA,FALSE,FALSE,FALSE,FALSE,FALSE,FALSE,FALSE,FALSE,FALSE,FALSE,FALSE,FALSE,NA,NA,0.6198510078878177,9.2,LIGHT_ONLY,EXP1_LIGHT,0,0,70 lux,4,1,LUX,NA,LIGHT_ONLY,NA,NA,TRUE,FALSE,FALSE,FALSE,FALSE,Day 4,<25 NTU,70 lux,24,96,4,Experiment 1: Light-only gradient,Exp. 1 Light-only,LUX,LUX,NA
267,C1792,20241227_C1792_clip.mp4,504,9.2,NA,9.2,9.2,TRUE,EXP1_LIGHT,LIGHT_ONLY,FALSE,TRUE,52,24281,4,L. DIGITATA,BR,WINTER,Bognor,LUX,NA,NA,NA,117,0,0,0,NA,40507,61467,101974,0.3972287053562673,none,NA,NA,NA,NA,NA,2024,NA,117 Lux (12:12),LAMINARIA DIGITATA,101974,0.3972287053562673,FALSE,FALSE,FALSE,FALSE,FALSE,FALSE,FALSE,FALSE,FALSE,FALSE,FALSE,0,FALSE,NA,NA,FALSE,FALSE,FALSE,FALSE,FALSE,FALSE,FALSE,FALSE,FALSE,FALSE,FALSE,FALSE,NA,NA,0.6027712946437327,9.2,LIGHT_ONLY,EXP1_LIGHT,0,0,117 lux,4,1,LUX,NA,LIGHT_ONLY,NA,NA,TRUE,FALSE,FALSE,FALSE,FALSE,Day 4,<25 NTU,117 lux,24,96,4,Experiment 1: Light-only gradient,Exp. 1 Light-only,LUX,LUX,NA
268,C1795,20241227_C1795_clip.mp4,504,9.2,NA,9.2,9.2,TRUE,EXP1_LIGHT,LIGHT_ONLY,FALSE,TRUE,52,24282,4,L. DIGITATA,BR,WINTER,Bognor,LUX,NA,NA,NA,117,0,0,0,NA,42152,67927,110079,0.3829249902342863,none,NA,NA,NA,NA,NA,2024,NA,117 Lux (12:12),LAMINARIA DIGITATA,110079,0.3829249902342863,FALSE,FALSE,FALSE,FALSE,FALSE,FALSE,FALSE,FALSE,FALSE,FALSE,FALSE,0,FALSE,NA,NA,FALSE,FALSE,FALSE,FALSE,FALSE,FALSE,FALSE,FALSE,FALSE,FALSE,FALSE,FALSE,NA,NA,0.6170750097657137,9.2,LIGHT_ONLY,EXP1_LIGHT,0,0,117 lux,4,1,LUX,NA,LIGHT_ONLY,NA,NA,TRUE,FALSE,FALSE,FALSE,FALSE,Day 4,<25 NTU,117 lux,24,96,4,Experiment 1: Light-only gradient,Exp. 1 Light-only,LUX,LUX,NA
269,C1796,20241227_C1796_clip.mp4,504,9.2,NA,9.2,9.2,TRUE,EXP1_LIGHT,LIGHT_ONLY,FALSE,TRUE,52,24283,4,L. DIGITATA,BR,WINTER,Bognor,LUX,NA,NA,NA,117,0,0,0,NA,45075,68182,113257,0.39798864529344763,none,NA,NA,NA,NA,NA,2024,NA,117 Lux (12:12),LAMINARIA DIGITATA,113257,0.39798864529344763,FALSE,FALSE,FALSE,FALSE,FALSE,FALSE,FALSE,FALSE,FALSE,FALSE,FALSE,0,FALSE,NA,NA,FALSE,FALSE,FALSE,FALSE,FALSE,FALSE,FALSE,FALSE,FALSE,FALSE,FALSE,FALSE,NA,NA,0.6020113547065523,9.2,LIGHT_ONLY,EXP1_LIGHT,0,0,117 lux,4,1,LUX,NA,LIGHT_ONLY,NA,NA,TRUE,FALSE,FALSE,FALSE,FALSE,Day 4,<25 NTU,117 lux,24,96,4,Experiment 1: Light-only gradient,Exp. 1 Light-only,LUX,LUX,NA
270,C1797,20241227_C1797_clip.mp4,504,9.2,NA,9.2,9.2,TRUE,EXP1_LIGHT,LIGHT_ONLY,FALSE,TRUE,52,24284,4,L. DIGITATA,BR,WINTER,Bognor,LUX,NA,NA,NA,117,0,0,0,NA,923,1916,2839,0.32511447692849593,none,NA,NA,NA,NA,NA,2024,NA,117 Lux (12:12),LAMINARIA DIGITATA,2839,0.32511447692849593,FALSE,FALSE,FALSE,FALSE,FALSE,FALSE,FALSE,FALSE,FALSE,FALSE,FALSE,0,FALSE,NA,NA,FALSE,FALSE,FALSE,FALSE,FALSE,FALSE,FALSE,FALSE,FALSE,FALSE,FALSE,FALSE,NA,NA,0.6748855230715041,9.2,LIGHT_ONLY,EXP1_LIGHT,0,0,117 lux,4,1,LUX,NA,LIGHT_ONLY,NA,NA,TRUE,FALSE,FALSE,FALSE,FALSE,Day 4,<25 NTU,117 lux,24,96,4,Experiment 1: Light-only gradient,Exp. 1 Light-only,LUX,LUX,NA
271,C1798,20241227_C1798_clip.mp4,504,9.2,NA,9.2,9.2,TRUE,EXP1_LIGHT,LIGHT_ONLY,FALSE,TRUE,52,24285,4,L. DIGITATA,BR,WINTER,Bognor,LUX,NA,NA,NA,117,0,0,0,NA,45071,66303,111374,0.40468152351536263,none,NA,NA,NA,NA,NA,2024,NA,117 Lux (12:12),LAMINARIA DIGITATA,111374,0.40468152351536263,FALSE,FALSE,FALSE,FALSE,FALSE,FALSE,FALSE,FALSE,FALSE,FALSE,FALSE,0,FALSE,NA,NA,FALSE,FALSE,FALSE,FALSE,FALSE,FALSE,FALSE,FALSE,FALSE,FALSE,FALSE,FALSE,NA,NA,0.5953184764846373,9.2,LIGHT_ONLY,EXP1_LIGHT,0,0,117 lux,4,1,LUX,NA,LIGHT_ONLY,NA,NA,TRUE,FALSE,FALSE,FALSE,FALSE,Day 4,<25 NTU,117 lux,24,96,4,Experiment 1: Light-only gradient,Exp. 1 Light-only,LUX,LUX,NA
272,C1800,20241227_C1800_clip.mp4,504,9.2,NA,9.2,9.2,TRUE,EXP1_LIGHT,LIGHT_ONLY,FALSE,TRUE,52,24286,4,L. DIGITATA,BR,WINTER,Bognor,LUX,NA,NA,NA,117,0,0,0,NA,40540,61498,102038,0.3973029655618495,none,NA,NA,NA,NA,NA,2024,NA,117 Lux (12:12),LAMINARIA DIGITATA,102038,0.3973029655618495,FALSE,FALSE,FALSE,FALSE,FALSE,FALSE,FALSE,FALSE,FALSE,FALSE,FALSE,0,FALSE,NA,NA,FALSE,FALSE,FALSE,FALSE,FALSE,FALSE,FALSE,FALSE,FALSE,FALSE,FALSE,FALSE,NA,NA,0.6026970344381505,9.2,LIGHT_ONLY,EXP1_LIGHT,0,0,117 lux,4,1,LUX,NA,LIGHT_ONLY,NA,NA,TRUE,FALSE,FALSE,FALSE,FALSE,Day 4,<25 NTU,117 lux,24,96,4,Experiment 1: Light-only gradient,Exp. 1 Light-only,LUX,LUX,NA
273,C1802,20241227_C1802_clip.mp4,504,9.2,NA,9.2,9.2,TRUE,EXP1_LIGHT,LIGHT_ONLY,FALSE,TRUE,52,24291,4,L. DIGITATA,BR,WINTER,Bognor,LUX,NA,NA,NA,117,0,0,0,NA,41987,63307,105294,0.39875966341861835,none,NA,NA,NA,NA,NA,2024,NA,117 Lux (12:12),LAMINARIA DIGITATA,105294,0.39875966341861835,FALSE,FALSE,FALSE,FALSE,FALSE,FALSE,FALSE,FALSE,FALSE,FALSE,FALSE,0,FALSE,NA,NA,FALSE,FALSE,FALSE,FALSE,FALSE,FALSE,FALSE,FALSE,FALSE,FALSE,FALSE,FALSE,NA,NA,0.6012403365813817,9.2,LIGHT_ONLY,EXP1_LIGHT,0,0,117 lux,4,1,LUX,NA,LIGHT_ONLY,NA,NA,TRUE,FALSE,FALSE,FALSE,FALSE,Day 4,<25 NTU,117 lux,24,96,4,Experiment 1: Light-only gradient,Exp. 1 Light-only,LUX,LUX,NA
274,C1804,20241227_C1804_clip.mp4,504,9.2,NA,9.2,9.2,TRUE,EXP1_LIGHT,LIGHT_ONLY,FALSE,TRUE,52,24292,4,L. DIGITATA,BR,WINTER,Bognor,LUX,NA,NA,NA,4,0,0,0,NA,40243,62079,102322,0.3932976290533805,none,NA,NA,NA,NA,NA,2024,NA,4 Lux (12:12),LAMINARIA DIGITATA,102322,0.3932976290533805,FALSE,FALSE,FALSE,FALSE,FALSE,FALSE,FALSE,FALSE,FALSE,FALSE,FALSE,0,FALSE,NA,NA,FALSE,FALSE,FALSE,FALSE,FALSE,FALSE,FALSE,FALSE,FALSE,FALSE,FALSE,FALSE,NA,NA,0.6067023709466195,9.2,LIGHT_ONLY,EXP1_LIGHT,0,0,4 lux,4,1,LUX,NA,LIGHT_ONLY,NA,NA,TRUE,FALSE,FALSE,FALSE,FALSE,Day 4,<25 NTU,4 lux,24,96,4,Experiment 1: Light-only gradient,Exp. 1 Light-only,LUX,LUX,NA
275,C1805,20241227_C1805_clip.mp4,504,9.2,NA,9.2,9.2,TRUE,EXP1_LIGHT,LIGHT_ONLY,FALSE,TRUE,52,24293,4,L. DIGITATA,BR,WINTER,Bognor,LUX,NA,NA,NA,4,0,0,0,NA,4397,7517,11914,0.369061608192043,none,NA,NA,NA,NA,NA,2024,NA,4 Lux (12:12),LAMINARIA DIGITATA,11914,0.369061608192043,FALSE,FALSE,FALSE,FALSE,FALSE,FALSE,FALSE,FALSE,FALSE,FALSE,FALSE,0,FALSE,NA,NA,FALSE,FALSE,FALSE,FALSE,FALSE,FALSE,FALSE,FALSE,FALSE,FALSE,FALSE,FALSE,NA,NA,0.6309383918079571,9.2,LIGHT_ONLY,EXP1_LIGHT,0,0,4 lux,4,1,LUX,NA,LIGHT_ONLY,NA,NA,TRUE,FALSE,FALSE,FALSE,FALSE,Day 4,<25 NTU,4 lux,24,96,4,Experiment 1: Light-only gradient,Exp. 1 Light-only,LUX,LUX,NA
276,C1806,20241227_C1806_clip.mp4,504,9.2,NA,9.2,9.2,TRUE,EXP1_LIGHT,LIGHT_ONLY,FALSE,TRUE,52,24294,4,L. DIGITATA,BR,WINTER,Bognor,LUX,NA,NA,NA,4,0,0,0,NA,41155,60677,101832,0.404146044465394,none,NA,NA,NA,NA,NA,2024,NA,4 Lux (12:12),LAMINARIA DIGITATA,101832,0.404146044465394,FALSE,FALSE,FALSE,FALSE,FALSE,FALSE,FALSE,FALSE,FALSE,FALSE,FALSE,0,FALSE,NA,NA,FALSE,FALSE,FALSE,FALSE,FALSE,FALSE,FALSE,FALSE,FALSE,FALSE,FALSE,FALSE,NA,NA,0.5958539555346061,9.2,LIGHT_ONLY,EXP1_LIGHT,0,0,4 lux,4,1,LUX,NA,LIGHT_ONLY,NA,NA,TRUE,FALSE,FALSE,FALSE,FALSE,Day 4,<25 NTU,4 lux,24,96,4,Experiment 1: Light-only gradient,Exp. 1 Light-only,LUX,LUX,NA
277,C1807,20241227_C1807_clip.mp4,504,9.2,NA,9.2,9.2,TRUE,EXP1_LIGHT,LIGHT_ONLY,FALSE,TRUE,52,24295,4,L. DIGITATA,BR,WINTER,Bognor,LUX,NA,NA,NA,4,0,0,0,NA,42005,62804,104809,0.40077665086013603,none,NA,NA,NA,NA,NA,2024,NA,4 Lux (12:12),LAMINARIA DIGITATA,104809,0.40077665086013603,FALSE,FALSE,FALSE,FALSE,FALSE,FALSE,FALSE,FALSE,FALSE,FALSE,FALSE,0,FALSE,NA,NA,FALSE,FALSE,FALSE,FALSE,FALSE,FALSE,FALSE,FALSE,FALSE,FALSE,FALSE,FALSE,NA,NA,0.599223349139864,9.2,LIGHT_ONLY,EXP1_LIGHT,0,0,4 lux,4,1,LUX,NA,LIGHT_ONLY,NA,NA,TRUE,FALSE,FALSE,FALSE,FALSE,Day 4,<25 NTU,4 lux,24,96,4,Experiment 1: Light-only gradient,Exp. 1 Light-only,LUX,LUX,NA
278,C1808,20241227_C1808_clip.mp4,504,9.2,NA,9.2,9.2,TRUE,EXP1_LIGHT,LIGHT_ONLY,FALSE,TRUE,52,24296,4,L. DIGITATA,BR,WINTER,Bognor,LUX,NA,NA,NA,4,0,0,0,NA,38482,60110,98592,0.39031564427134047,none,NA,NA,NA,NA,NA,2024,NA,4 Lux (12:12),LAMINARIA DIGITATA,98592,0.39031564427134047,FALSE,FALSE,FALSE,FALSE,FALSE,FALSE,FALSE,FALSE,FALSE,FALSE,FALSE,0,FALSE,NA,NA,FALSE,FALSE,FALSE,FALSE,FALSE,FALSE,FALSE,FALSE,FALSE,FALSE,FALSE,FALSE,NA,NA,0.6096843557286595,9.2,LIGHT_ONLY,EXP1_LIGHT,0,0,4 lux,4,1,LUX,NA,LIGHT_ONLY,NA,NA,TRUE,FALSE,FALSE,FALSE,FALSE,Day 4,<25 NTU,4 lux,24,96,4,Experiment 1: Light-only gradient,Exp. 1 Light-only,LUX,LUX,NA
279,C1809,20241227_C1809_clip.mp4,504,9.2,NA,9.2,9.2,TRUE,EXP1_LIGHT,LIGHT_ONLY,FALSE,TRUE,52,24301,4,L. DIGITATA,BR,WINTER,Bognor,LUX,NA,NA,NA,0,0,0,0,NA,28786,47114,75900,0.379262187088274,none,NA,NA,NA,NA,NA,2024,NA,0 Lux,LAMINARIA DIGITATA,75900,0.379262187088274,FALSE,FALSE,FALSE,FALSE,FALSE,FALSE,FALSE,FALSE,FALSE,FALSE,FALSE,0,FALSE,NA,NA,FALSE,FALSE,FALSE,FALSE,FALSE,FALSE,FALSE,FALSE,FALSE,FALSE,FALSE,FALSE,NA,NA,0.6207378129117259,9.2,LIGHT_ONLY,EXP1_LIGHT,0,0,0 lux,4,1,LUX,NA,LIGHT_ONLY,NA,NA,TRUE,FALSE,FALSE,FALSE,FALSE,Day 4,<25 NTU,0 lux,24,96,4,Experiment 1: Light-only gradient,Exp. 1 Light-only,LUX,LUX,NA
280,C1810,20241227_C1810_clip.mp4,504,9.2,NA,9.2,9.2,TRUE,EXP1_LIGHT,LIGHT_ONLY,FALSE,TRUE,52,24302,4,L. DIGITATA,BR,WINTER,Bognor,LUX,NA,NA,NA,0,0,0,0,NA,43928,64322,108250,0.4058013856812933,none,NA,NA,NA,NA,NA,2024,NA,0 Lux,LAMINARIA DIGITATA,108250,0.4058013856812933,FALSE,FALSE,FALSE,FALSE,FALSE,FALSE,FALSE,FALSE,FALSE,FALSE,FALSE,0,FALSE,NA,NA,FALSE,FALSE,FALSE,FALSE,FALSE,FALSE,FALSE,FALSE,FALSE,FALSE,FALSE,FALSE,NA,NA,0.5941986143187067,9.2,LIGHT_ONLY,EXP1_LIGHT,0,0,0 lux,4,1,LUX,NA,LIGHT_ONLY,NA,NA,TRUE,FALSE,FALSE,FALSE,FALSE,Day 4,<25 NTU,0 lux,24,96,4,Experiment 1: Light-only gradient,Exp. 1 Light-only,LUX,LUX,NA
281,C1811,20241227_C1811_clip.mp4,504,9.2,NA,9.2,9.2,TRUE,EXP1_LIGHT,LIGHT_ONLY,FALSE,TRUE,52,24303,4,L. DIGITATA,BR,WINTER,Bognor,LUX,NA,NA,NA,0,0,0,0,NA,47486,71464,118950,0.3992097519966372,none,NA,NA,NA,NA,NA,2024,NA,0 Lux,LAMINARIA DIGITATA,118950,0.3992097519966372,FALSE,FALSE,FALSE,FALSE,FALSE,FALSE,FALSE,FALSE,FALSE,FALSE,FALSE,0,FALSE,NA,NA,FALSE,FALSE,FALSE,FALSE,FALSE,FALSE,FALSE,FALSE,FALSE,FALSE,FALSE,FALSE,NA,NA,0.6007902480033628,9.2,LIGHT_ONLY,EXP1_LIGHT,0,0,0 lux,4,1,LUX,NA,LIGHT_ONLY,NA,NA,TRUE,FALSE,FALSE,FALSE,FALSE,Day 4,<25 NTU,0 lux,24,96,4,Experiment 1: Light-only gradient,Exp. 1 Light-only,LUX,LUX,NA
282,C1812,20241227_C1812_clip.mp4,504,9.2,NA,9.2,9.2,TRUE,EXP1_LIGHT,LIGHT_ONLY,FALSE,TRUE,52,24304,4,L. DIGITATA,BR,WINTER,Bognor,LUX,NA,NA,NA,0,0,0,0,NA,46262,70485,116747,0.39625857623750504,none,NA,NA,NA,NA,NA,2024,NA,0 Lux,LAMINARIA DIGITATA,116747,0.39625857623750504,FALSE,FALSE,FALSE,FALSE,FALSE,FALSE,FALSE,FALSE,FALSE,FALSE,FALSE,0,FALSE,NA,NA,FALSE,FALSE,FALSE,FALSE,FALSE,FALSE,FALSE,FALSE,FALSE,FALSE,FALSE,FALSE,NA,NA,0.603741423762495,9.2,LIGHT_ONLY,EXP1_LIGHT,0,0,0 lux,4,1,LUX,NA,LIGHT_ONLY,NA,NA,TRUE,FALSE,FALSE,FALSE,FALSE,Day 4,<25 NTU,0 lux,24,96,4,Experiment 1: Light-only gradient,Exp. 1 Light-only,LUX,LUX,NA
283,C1813,20241227_C1813_clip.mp4,504,9.2,NA,9.2,9.2,TRUE,EXP1_LIGHT,LIGHT_ONLY,FALSE,TRUE,52,24305,4,L. DIGITATA,BR,WINTER,Bognor,LUX,NA,NA,NA,0,0,0,0,NA,43845,65460,109305,0.40112529161520516,none,NA,NA,NA,NA,NA,2024,NA,0 Lux,LAMINARIA DIGITATA,109305,0.40112529161520516,FALSE,FALSE,FALSE,FALSE,FALSE,FALSE,FALSE,FALSE,FALSE,FALSE,FALSE,0,FALSE,NA,NA,FALSE,FALSE,FALSE,FALSE,FALSE,FALSE,FALSE,FALSE,FALSE,FALSE,FALSE,FALSE,NA,NA,0.5988747083847948,9.2,LIGHT_ONLY,EXP1_LIGHT,0,0,0 lux,4,1,LUX,NA,LIGHT_ONLY,NA,NA,TRUE,FALSE,FALSE,FALSE,FALSE,Day 4,<25 NTU,0 lux,24,96,4,Experiment 1: Light-only gradient,Exp. 1 Light-only,LUX,LUX,NA
284,C1814,20241227_C1814_clip.mp4,504,9.2,NA,9.2,9.2,TRUE,EXP1_LIGHT,LIGHT_ONLY,FALSE,TRUE,52,24306,4,L. DIGITATA,BR,WINTER,Bognor,LUX,NA,NA,NA,0,0,0,0,NA,42681,63495,106176,0.40198349909584086,none,NA,NA,NA,NA,NA,2024,NA,0 Lux,LAMINARIA DIGITATA,106176,0.40198349909584086,FALSE,FALSE,FALSE,FALSE,FALSE,FALSE,FALSE,FALSE,FALSE,FALSE,FALSE,0,FALSE,NA,NA,FALSE,FALSE,FALSE,FALSE,FALSE,FALSE,FALSE,FALSE,FALSE,FALSE,FALSE,FALSE,NA,NA,0.5980165009041591,9.2,LIGHT_ONLY,EXP1_LIGHT,0,0,0 lux,4,1,LUX,NA,LIGHT_ONLY,NA,NA,TRUE,FALSE,FALSE,FALSE,FALSE,Day 4,<25 NTU,0 lux,24,96,4,Experiment 1: Light-only gradient,Exp. 1 Light-only,LUX,LUX,NA
292,C1822,20241231_C1822_clip.MP4,504,10.2,NA,10.2,10.2,TRUE,EXP2_DEFINED_PARTICLES,DEFINED_PARTICLES,FALSE,TRUE,52,24224,8,L. DIGITATA,BR,WINTER,Bognor,PEAT,PEAT,NA,NA,0,25,0,0,NA,47190,71331,118521,0.3981572885817703,none,NA,NA,NA,NA,NA,2024,NA,NA,LAMINARIA DIGITATA,118521,0.3981572885817703,FALSE,FALSE,FALSE,FALSE,FALSE,FALSE,FALSE,FALSE,FALSE,FALSE,FALSE,0,FALSE,NA,NA,FALSE,FALSE,FALSE,FALSE,FALSE,FALSE,FALSE,FALSE,FALSE,FALSE,FALSE,FALSE,NA,NA,0.6018427114182296,10.2,DEFINED_PARTICLES,EXP2_DEFINED_PARTICLES,1.414973347970818,0,0 lux,8,2,PEAT,NA,DEFINED_PARTICLES,NA,NA,FALSE,TRUE,FALSE,FALSE,FALSE,Day 8,25-<100 NTU,0 lux,27,108,4,Experiment 2: Defined particle concentration series,Exp. 2 Defined particles,Peat,Peat,NA
293,C1823,20241231_C1823_clip.MP4,504,10.2,NA,10.2,10.2,TRUE,EXP2_DEFINED_PARTICLES,DEFINED_PARTICLES,FALSE,TRUE,52,24225,8,L. DIGITATA,BR,WINTER,Bognor,PEAT,PEAT,NA,NA,0,25,0,0,NA,34930,55014,89944,0.38835275282397935,none,NA,NA,NA,NA,NA,2024,NA,NA,LAMINARIA DIGITATA,89944,0.38835275282397935,FALSE,FALSE,FALSE,FALSE,FALSE,FALSE,FALSE,FALSE,FALSE,FALSE,FALSE,0,FALSE,NA,NA,FALSE,FALSE,FALSE,FALSE,FALSE,FALSE,FALSE,FALSE,FALSE,FALSE,FALSE,FALSE,NA,NA,0.6116472471760206,10.2,DEFINED_PARTICLES,EXP2_DEFINED_PARTICLES,1.414973347970818,0,0 lux,8,2,PEAT,NA,DEFINED_PARTICLES,NA,NA,FALSE,TRUE,FALSE,FALSE,FALSE,Day 8,25-<100 NTU,0 lux,27,108,4,Experiment 2: Defined particle concentration series,Exp. 2 Defined particles,Peat,Peat,NA
294,C1824,20241231_C1824_clip.MP4,504,10.2,NA,10.2,10.2,TRUE,EXP2_DEFINED_PARTICLES,DEFINED_PARTICLES,FALSE,TRUE,52,24226,8,L. DIGITATA,BR,WINTER,Bognor,PEAT,PEAT,NA,NA,0,25,0,0,NA,41076,60282,101358,0.4052566151660451,none,NA,NA,NA,NA,NA,2024,NA,NA,LAMINARIA DIGITATA,101358,0.4052566151660451,FALSE,FALSE,FALSE,FALSE,FALSE,FALSE,FALSE,FALSE,FALSE,FALSE,FALSE,0,FALSE,NA,NA,FALSE,FALSE,FALSE,FALSE,FALSE,FALSE,FALSE,FALSE,FALSE,FALSE,FALSE,FALSE,NA,NA,0.594743384833955,10.2,DEFINED_PARTICLES,EXP2_DEFINED_PARTICLES,1.414973347970818,0,0 lux,8,2,PEAT,NA,DEFINED_PARTICLES,NA,NA,FALSE,TRUE,FALSE,FALSE,FALSE,Day 8,25-<100 NTU,0 lux,27,108,4,Experiment 2: Defined particle concentration series,Exp. 2 Defined particles,Peat,Peat,NA
295,C1825,20241231_C1825_clip.MP4,504,10.2,NA,10.2,10.2,TRUE,EXP2_DEFINED_PARTICLES,DEFINED_PARTICLES,FALSE,TRUE,52,24231,8,L. DIGITATA,BR,WINTER,Bognor,PEAT,PEAT,NA,NA,0,100,0,0,NA,35828,54135,89963,0.3982526149639296,none,NA,NA,NA,NA,NA,2024,NA,NA,LAMINARIA DIGITATA,89963,0.3982526149639296,FALSE,FALSE,FALSE,FALSE,FALSE,FALSE,FALSE,FALSE,FALSE,FALSE,FALSE,0,FALSE,NA,NA,FALSE,FALSE,FALSE,FALSE,FALSE,FALSE,FALSE,FALSE,FALSE,FALSE,FALSE,FALSE,NA,NA,0.6017473850360704,10.2,DEFINED_PARTICLES,EXP2_DEFINED_PARTICLES,2.0043213737826426,0,0 lux,8,2,PEAT,NA,DEFINED_PARTICLES,NA,NA,FALSE,TRUE,FALSE,FALSE,FALSE,Day 8,100-<400 NTU,0 lux,27,108,4,Experiment 2: Defined particle concentration series,Exp. 2 Defined particles,Peat,Peat,NA
296,C1826,20241231_C1826_clip.MP4,504,10.2,NA,10.2,10.2,TRUE,EXP2_DEFINED_PARTICLES,DEFINED_PARTICLES,FALSE,TRUE,52,24232,8,L. DIGITATA,BR,WINTER,Bognor,PEAT,PEAT,NA,NA,0,100,0,0,NA,36804,57879,94683,0.38870758214251766,none,NA,NA,NA,NA,NA,2024,NA,NA,LAMINARIA DIGITATA,94683,0.38870758214251766,FALSE,FALSE,FALSE,FALSE,FALSE,FALSE,FALSE,FALSE,FALSE,FALSE,FALSE,0,FALSE,NA,NA,FALSE,FALSE,FALSE,FALSE,FALSE,FALSE,FALSE,FALSE,FALSE,FALSE,FALSE,FALSE,NA,NA,0.6112924178574823,10.2,DEFINED_PARTICLES,EXP2_DEFINED_PARTICLES,2.0043213737826426,0,0 lux,8,2,PEAT,NA,DEFINED_PARTICLES,NA,NA,FALSE,TRUE,FALSE,FALSE,FALSE,Day 8,100-<400 NTU,0 lux,27,108,4,Experiment 2: Defined particle concentration series,Exp. 2 Defined particles,Peat,Peat,NA
297,C1827,20241231_C1827_clip.MP4,504,10.2,NA,10.2,10.2,TRUE,EXP2_DEFINED_PARTICLES,DEFINED_PARTICLES,FALSE,TRUE,52,24233,8,L. DIGITATA,BR,WINTER,Bognor,PEAT,PEAT,NA,NA,0,100,0,0,NA,43770,65389,109159,0.40097472494251507,none,NA,NA,NA,NA,NA,2024,NA,NA,LAMINARIA DIGITATA,109159,0.40097472494251507,FALSE,FALSE,FALSE,FALSE,FALSE,FALSE,FALSE,FALSE,FALSE,FALSE,FALSE,0,FALSE,NA,NA,FALSE,FALSE,FALSE,FALSE,FALSE,FALSE,FALSE,FALSE,FALSE,FALSE,FALSE,FALSE,NA,NA,0.5990252750574849,10.2,DEFINED_PARTICLES,EXP2_DEFINED_PARTICLES,2.0043213737826426,0,0 lux,8,2,PEAT,NA,DEFINED_PARTICLES,NA,NA,FALSE,TRUE,FALSE,FALSE,FALSE,Day 8,100-<400 NTU,0 lux,27,108,4,Experiment 2: Defined particle concentration series,Exp. 2 Defined particles,Peat,Peat,NA
298,C1828,20241231_C1828_clip.MP4,504,10.2,NA,10.2,10.2,TRUE,EXP2_DEFINED_PARTICLES,DEFINED_PARTICLES,FALSE,TRUE,52,24234,8,L. DIGITATA,BR,WINTER,Bognor,PEAT,PEAT,NA,NA,0,400,0,0,NA,23322,39271,62593,0.37259757480868466,none,NA,NA,NA,NA,NA,2024,NA,NA,LAMINARIA DIGITATA,62593,0.37259757480868466,FALSE,FALSE,FALSE,FALSE,FALSE,FALSE,FALSE,FALSE,FALSE,FALSE,FALSE,0,FALSE,NA,NA,FALSE,FALSE,FALSE,FALSE,FALSE,FALSE,FALSE,FALSE,FALSE,FALSE,FALSE,FALSE,NA,NA,0.6274024251913153,10.2,DEFINED_PARTICLES,EXP2_DEFINED_PARTICLES,2.603144372620182,0,0 lux,8,2,PEAT,NA,DEFINED_PARTICLES,NA,NA,FALSE,TRUE,FALSE,FALSE,FALSE,Day 8,>=400 NTU,0 lux,27,108,4,Experiment 2: Defined particle concentration series,Exp. 2 Defined particles,Peat,Peat,NA
299,C1829,20241231_C1829_clip.MP4,504,10.2,NA,10.2,10.2,TRUE,EXP2_DEFINED_PARTICLES,DEFINED_PARTICLES,FALSE,TRUE,52,24235,8,L. DIGITATA,BR,WINTER,Bognor,PEAT,PEAT,NA,NA,0,400,0,0,NA,39819,64418,104237,0.3820044705814634,none,NA,NA,NA,NA,NA,2024,NA,NA,LAMINARIA DIGITATA,104237,0.3820044705814634,FALSE,FALSE,FALSE,FALSE,FALSE,FALSE,FALSE,FALSE,FALSE,FALSE,FALSE,0,FALSE,NA,NA,FALSE,FALSE,FALSE,FALSE,FALSE,FALSE,FALSE,FALSE,FALSE,FALSE,FALSE,FALSE,NA,NA,0.6179955294185366,10.2,DEFINED_PARTICLES,EXP2_DEFINED_PARTICLES,2.603144372620182,0,0 lux,8,2,PEAT,NA,DEFINED_PARTICLES,NA,NA,FALSE,TRUE,FALSE,FALSE,FALSE,Day 8,>=400 NTU,0 lux,27,108,4,Experiment 2: Defined particle concentration series,Exp. 2 Defined particles,Peat,Peat,NA
300,C1830,20241231_C1830_clip.MP4,504,10.2,NA,10.2,10.2,TRUE,EXP2_DEFINED_PARTICLES,DEFINED_PARTICLES,FALSE,TRUE,52,24236,8,L. DIGITATA,BR,WINTER,Bognor,PEAT,PEAT,NA,NA,0,400,0,0,NA,35298,59109,94407,0.37389176650036543,none,NA,NA,NA,NA,NA,2024,NA,NA,LAMINARIA DIGITATA,94407,0.37389176650036543,FALSE,FALSE,FALSE,FALSE,FALSE,FALSE,FALSE,FALSE,FALSE,FALSE,FALSE,0,FALSE,NA,NA,FALSE,FALSE,FALSE,FALSE,FALSE,FALSE,FALSE,FALSE,FALSE,FALSE,FALSE,FALSE,NA,NA,0.6261082334996345,10.2,DEFINED_PARTICLES,EXP2_DEFINED_PARTICLES,2.603144372620182,0,0 lux,8,2,PEAT,NA,DEFINED_PARTICLES,NA,NA,FALSE,TRUE,FALSE,FALSE,FALSE,Day 8,>=400 NTU,0 lux,27,108,4,Experiment 2: Defined particle concentration series,Exp. 2 Defined particles,Peat,Peat,NA
301,C1831,20241231_C1831_clip.MP4,504,10.2,NA,10.2,10.2,TRUE,EXP2_DEFINED_PARTICLES,DEFINED_PARTICLES,FALSE,TRUE,52,24241,8,L. DIGITATA,BR,WINTER,Bognor,KAOLINITE,KAOLINITE,NA,NA,0,100,0,0,NA,35837,54541,90378,0.3965234902299232,none,NA,NA,NA,NA,NA,2024,NA,NA,LAMINARIA DIGITATA,90378,0.3965234902299232,FALSE,FALSE,FALSE,FALSE,FALSE,FALSE,FALSE,FALSE,FALSE,FALSE,FALSE,0,FALSE,NA,NA,FALSE,FALSE,FALSE,FALSE,FALSE,FALSE,FALSE,FALSE,FALSE,FALSE,FALSE,FALSE,NA,NA,0.6034765097700768,10.2,DEFINED_PARTICLES,EXP2_DEFINED_PARTICLES,2.0043213737826426,0,0 lux,8,2,KAOLINITE,NA,DEFINED_PARTICLES,NA,NA,FALSE,TRUE,FALSE,FALSE,FALSE,Day 8,100-<400 NTU,0 lux,27,108,4,Experiment 2: Defined particle concentration series,Exp. 2 Defined particles,Kaolinite,Kaolinite,NA
302,C1832,20241231_C1832_clip.MP4,504,10.2,NA,10.2,10.2,TRUE,EXP2_DEFINED_PARTICLES,DEFINED_PARTICLES,FALSE,TRUE,52,24242,8,L. DIGITATA,BR,WINTER,Bognor,KAOLINITE,KAOLINITE,NA,NA,0,100,0,0,NA,35760,56156,91916,0.38905087253579357,none,NA,NA,NA,NA,NA,2024,NA,NA,LAMINARIA DIGITATA,91916,0.38905087253579357,FALSE,FALSE,FALSE,FALSE,FALSE,FALSE,FALSE,FALSE,FALSE,FALSE,FALSE,0,FALSE,NA,NA,FALSE,FALSE,FALSE,FALSE,FALSE,FALSE,FALSE,FALSE,FALSE,FALSE,FALSE,FALSE,NA,NA,0.6109491274642065,10.2,DEFINED_PARTICLES,EXP2_DEFINED_PARTICLES,2.0043213737826426,0,0 lux,8,2,KAOLINITE,NA,DEFINED_PARTICLES,NA,NA,FALSE,TRUE,FALSE,FALSE,FALSE,Day 8,100-<400 NTU,0 lux,27,108,4,Experiment 2: Defined particle concentration series,Exp. 2 Defined particles,Kaolinite,Kaolinite,NA
303,C1833,20241231_C1833_clip.MP4,504,10.2,NA,10.2,10.2,TRUE,EXP2_DEFINED_PARTICLES,DEFINED_PARTICLES,FALSE,TRUE,52,24243,8,L. DIGITATA,BR,WINTER,Bognor,KAOLINITE,KAOLINITE,NA,NA,0,100,0,0,NA,40311,62672,102983,0.3914335375741627,none,NA,NA,NA,NA,NA,2024,NA,NA,LAMINARIA DIGITATA,102983,0.3914335375741627,FALSE,FALSE,FALSE,FALSE,FALSE,FALSE,FALSE,FALSE,FALSE,FALSE,FALSE,0,FALSE,NA,NA,FALSE,FALSE,FALSE,FALSE,FALSE,FALSE,FALSE,FALSE,FALSE,FALSE,FALSE,FALSE,NA,NA,0.6085664624258372,10.2,DEFINED_PARTICLES,EXP2_DEFINED_PARTICLES,2.0043213737826426,0,0 lux,8,2,KAOLINITE,NA,DEFINED_PARTICLES,NA,NA,FALSE,TRUE,FALSE,FALSE,FALSE,Day 8,100-<400 NTU,0 lux,27,108,4,Experiment 2: Defined particle concentration series,Exp. 2 Defined particles,Kaolinite,Kaolinite,NA
304,C1834,20241231_C1834_clip.MP4,504,10.2,NA,10.2,10.2,TRUE,EXP2_DEFINED_PARTICLES,DEFINED_PARTICLES,FALSE,TRUE,52,24244,8,L. DIGITATA,BR,WINTER,Bognor,KAOLINITE,KAOLINITE,NA,NA,0,400,0,0,NA,36376,54924,91300,0.39842278203723985,none,NA,NA,NA,NA,NA,2024,NA,NA,LAMINARIA DIGITATA,91300,0.39842278203723985,FALSE,FALSE,FALSE,FALSE,FALSE,FALSE,FALSE,FALSE,FALSE,FALSE,FALSE,0,FALSE,NA,NA,FALSE,FALSE,FALSE,FALSE,FALSE,FALSE,FALSE,FALSE,FALSE,FALSE,FALSE,FALSE,NA,NA,0.6015772179627601,10.2,DEFINED_PARTICLES,EXP2_DEFINED_PARTICLES,2.603144372620182,0,0 lux,8,2,KAOLINITE,NA,DEFINED_PARTICLES,NA,NA,FALSE,TRUE,FALSE,FALSE,FALSE,Day 8,>=400 NTU,0 lux,27,108,4,Experiment 2: Defined particle concentration series,Exp. 2 Defined particles,Kaolinite,Kaolinite,NA
305,C1835,20241231_C1835_clip.MP4,504,10.2,NA,10.2,10.2,TRUE,EXP2_DEFINED_PARTICLES,DEFINED_PARTICLES,FALSE,TRUE,52,24245,8,L. DIGITATA,BR,WINTER,Bognor,KAOLINITE,KAOLINITE,NA,NA,0,400,0,0,NA,38298,56961,95259,0.40204075205492396,none,NA,NA,NA,NA,NA,2024,NA,NA,LAMINARIA DIGITATA,95259,0.40204075205492396,FALSE,FALSE,FALSE,FALSE,FALSE,FALSE,FALSE,FALSE,FALSE,FALSE,FALSE,0,FALSE,NA,NA,FALSE,FALSE,FALSE,FALSE,FALSE,FALSE,FALSE,FALSE,FALSE,FALSE,FALSE,FALSE,NA,NA,0.597959247945076,10.2,DEFINED_PARTICLES,EXP2_DEFINED_PARTICLES,2.603144372620182,0,0 lux,8,2,KAOLINITE,NA,DEFINED_PARTICLES,NA,NA,FALSE,TRUE,FALSE,FALSE,FALSE,Day 8,>=400 NTU,0 lux,27,108,4,Experiment 2: Defined particle concentration series,Exp. 2 Defined particles,Kaolinite,Kaolinite,NA
306,C1836,20241231_C1836_clip.MP4,504,10.2,NA,10.2,10.2,TRUE,EXP2_DEFINED_PARTICLES,DEFINED_PARTICLES,FALSE,TRUE,52,24246,8,L. DIGITATA,BR,WINTER,Bognor,KAOLINITE,KAOLINITE,NA,NA,0,400,0,0,NA,38484,58527,97011,0.39669728175155394,none,NA,NA,NA,NA,NA,2024,NA,NA,LAMINARIA DIGITATA,97011,0.39669728175155394,FALSE,FALSE,FALSE,FALSE,FALSE,FALSE,FALSE,FALSE,FALSE,FALSE,FALSE,0,FALSE,NA,NA,FALSE,FALSE,FALSE,FALSE,FALSE,FALSE,FALSE,FALSE,FALSE,FALSE,FALSE,FALSE,NA,NA,0.6033027182484461,10.2,DEFINED_PARTICLES,EXP2_DEFINED_PARTICLES,2.603144372620182,0,0 lux,8,2,KAOLINITE,NA,DEFINED_PARTICLES,NA,NA,FALSE,TRUE,FALSE,FALSE,FALSE,Day 8,>=400 NTU,0 lux,27,108,4,Experiment 2: Defined particle concentration series,Exp. 2 Defined particles,Kaolinite,Kaolinite,NA
307,C1838,20241231_C1838_clip.MP4,504,10.2,NA,10.2,10.2,TRUE,EXP2_DEFINED_PARTICLES,DEFINED_PARTICLES,FALSE,TRUE,52,24251,8,L. DIGITATA,BR,WINTER,Bognor,SAND,SAND,NA,NA,0,100,0,0,NA,34691,53656,88347,0.39266754954893773,none,NA,NA,NA,NA,NA,2024,NA,SZ's,LAMINARIA DIGITATA,88347,0.39266754954893773,FALSE,FALSE,FALSE,FALSE,FALSE,FALSE,FALSE,FALSE,FALSE,FALSE,FALSE,0,FALSE,NA,NA,FALSE,FALSE,FALSE,FALSE,FALSE,FALSE,FALSE,FALSE,FALSE,FALSE,FALSE,FALSE,NA,NA,0.6073324504510623,10.2,DEFINED_PARTICLES,EXP2_DEFINED_PARTICLES,2.0043213737826426,0,0 lux,8,2,SAND,NA,DEFINED_PARTICLES,NA,NA,FALSE,TRUE,FALSE,FALSE,FALSE,Day 8,100-<400 NTU,0 lux,27,108,4,Experiment 2: Defined particle concentration series,Exp. 2 Defined particles,Sand,Sand,NA
308,C1839,20241231_C1839_clip.MP4,504,10.2,NA,10.2,10.2,TRUE,EXP2_DEFINED_PARTICLES,DEFINED_PARTICLES,FALSE,TRUE,52,24252,8,L. DIGITATA,BR,WINTER,Bognor,SAND,SAND,NA,NA,0,100,0,0,NA,40156,66571,106727,0.37624968377261614,none,NA,NA,NA,NA,NA,2024,NA,Bottom sample?/lack of movement,LAMINARIA DIGITATA,106727,0.37624968377261614,FALSE,FALSE,FALSE,FALSE,FALSE,FALSE,FALSE,FALSE,FALSE,FALSE,FALSE,0,FALSE,NA,NA,FALSE,FALSE,FALSE,FALSE,FALSE,FALSE,FALSE,FALSE,FALSE,FALSE,FALSE,FALSE,NA,NA,0.6237503162273839,10.2,DEFINED_PARTICLES,EXP2_DEFINED_PARTICLES,2.0043213737826426,0,0 lux,8,2,SAND,NA,DEFINED_PARTICLES,NA,NA,FALSE,TRUE,FALSE,FALSE,FALSE,Day 8,100-<400 NTU,0 lux,27,108,4,Experiment 2: Defined particle concentration series,Exp. 2 Defined particles,Sand,Sand,NA
309,C1840,20241231_C1840_clip.MP4,504,10.2,NA,10.2,10.2,TRUE,EXP2_DEFINED_PARTICLES,DEFINED_PARTICLES,FALSE,TRUE,52,24253,8,L. DIGITATA,BR,WINTER,Bognor,SAND,SAND,NA,NA,0,100,0,0,NA,35217,61428,96645,0.3643954679497129,none,NA,NA,NA,NA,NA,2024,NA,NA,LAMINARIA DIGITATA,96645,0.3643954679497129,FALSE,FALSE,FALSE,FALSE,FALSE,FALSE,FALSE,FALSE,FALSE,FALSE,FALSE,0,FALSE,NA,NA,FALSE,FALSE,FALSE,FALSE,FALSE,FALSE,FALSE,FALSE,FALSE,FALSE,FALSE,FALSE,NA,NA,0.6356045320502871,10.2,DEFINED_PARTICLES,EXP2_DEFINED_PARTICLES,2.0043213737826426,0,0 lux,8,2,SAND,NA,DEFINED_PARTICLES,NA,NA,FALSE,TRUE,FALSE,FALSE,FALSE,Day 8,100-<400 NTU,0 lux,27,108,4,Experiment 2: Defined particle concentration series,Exp. 2 Defined particles,Sand,Sand,NA
310,C1841,20241231_C1841_clip.MP4,504,10.2,NA,10.2,10.2,TRUE,EXP2_DEFINED_PARTICLES,DEFINED_PARTICLES,FALSE,TRUE,52,24254,8,L. DIGITATA,BR,WINTER,Bognor,SAND,SAND,NA,NA,0,400,0,0,NA,35309,62038,97347,0.3627127697823251,none,NA,NA,NA,NA,NA,2024,NA,NA,LAMINARIA DIGITATA,97347,0.3627127697823251,FALSE,FALSE,FALSE,FALSE,FALSE,FALSE,FALSE,FALSE,FALSE,FALSE,FALSE,0,FALSE,NA,NA,FALSE,FALSE,FALSE,FALSE,FALSE,FALSE,FALSE,FALSE,FALSE,FALSE,FALSE,FALSE,NA,NA,0.6372872302176749,10.2,DEFINED_PARTICLES,EXP2_DEFINED_PARTICLES,2.603144372620182,0,0 lux,8,2,SAND,NA,DEFINED_PARTICLES,NA,NA,FALSE,TRUE,FALSE,FALSE,FALSE,Day 8,>=400 NTU,0 lux,27,108,4,Experiment 2: Defined particle concentration series,Exp. 2 Defined particles,Sand,Sand,NA
311,C1842,20241231_C1842_clip.MP4,504,10.2,NA,10.2,10.2,TRUE,EXP2_DEFINED_PARTICLES,DEFINED_PARTICLES,FALSE,TRUE,52,24255,8,L. DIGITATA,BR,WINTER,Bognor,SAND,SAND,NA,NA,0,400,0,0,NA,31830,49894,81724,0.3894816700112574,none,NA,NA,NA,NA,NA,2024,NA,NA,LAMINARIA DIGITATA,81724,0.3894816700112574,FALSE,FALSE,FALSE,FALSE,FALSE,FALSE,FALSE,FALSE,FALSE,FALSE,FALSE,0,FALSE,NA,NA,FALSE,FALSE,FALSE,FALSE,FALSE,FALSE,FALSE,FALSE,FALSE,FALSE,FALSE,FALSE,NA,NA,0.6105183299887426,10.2,DEFINED_PARTICLES,EXP2_DEFINED_PARTICLES,2.603144372620182,0,0 lux,8,2,SAND,NA,DEFINED_PARTICLES,NA,NA,FALSE,TRUE,FALSE,FALSE,FALSE,Day 8,>=400 NTU,0 lux,27,108,4,Experiment 2: Defined particle concentration series,Exp. 2 Defined particles,Sand,Sand,NA
312,C1843,20241231_C1843_clip.MP4,504,10.2,NA,10.2,10.2,TRUE,EXP2_DEFINED_PARTICLES,DEFINED_PARTICLES,FALSE,TRUE,52,24256,8,L. DIGITATA,BR,WINTER,Bognor,SAND,SAND,NA,NA,0,400,0,0,NA,36748,58129,94877,0.38732253338533046,none,NA,NA,NA,NA,NA,2024,NA,NA,LAMINARIA DIGITATA,94877,0.38732253338533046,FALSE,FALSE,FALSE,FALSE,FALSE,FALSE,FALSE,FALSE,FALSE,FALSE,FALSE,0,FALSE,NA,NA,FALSE,FALSE,FALSE,FALSE,FALSE,FALSE,FALSE,FALSE,FALSE,FALSE,FALSE,FALSE,NA,NA,0.6126774666146695,10.2,DEFINED_PARTICLES,EXP2_DEFINED_PARTICLES,2.603144372620182,0,0 lux,8,2,SAND,NA,DEFINED_PARTICLES,NA,NA,FALSE,TRUE,FALSE,FALSE,FALSE,Day 8,>=400 NTU,0 lux,27,108,4,Experiment 2: Defined particle concentration series,Exp. 2 Defined particles,Sand,Sand,NA
313,C1844,20241231_C1844_clip.MP4,504,10.2,NA,10.2,10.2,TRUE,EXP2_DEFINED_PARTICLES,DEFINED_PARTICLES,FALSE,TRUE,52,24261,8,L. DIGITATA,BR,WINTER,Bognor,SAND,SAND,NA,NA,0,25,0,0,NA,36070,55607,91677,0.39344655693358205,none,NA,NA,NA,NA,NA,2024,NA,NA,LAMINARIA DIGITATA,91677,0.39344655693358205,FALSE,FALSE,FALSE,FALSE,FALSE,FALSE,FALSE,FALSE,FALSE,FALSE,FALSE,0,FALSE,NA,NA,FALSE,FALSE,FALSE,FALSE,FALSE,FALSE,FALSE,FALSE,FALSE,FALSE,FALSE,FALSE,NA,NA,0.606553443066418,10.2,DEFINED_PARTICLES,EXP2_DEFINED_PARTICLES,1.414973347970818,0,0 lux,8,2,SAND,NA,DEFINED_PARTICLES,NA,NA,FALSE,TRUE,FALSE,FALSE,FALSE,Day 8,25-<100 NTU,0 lux,27,108,4,Experiment 2: Defined particle concentration series,Exp. 2 Defined particles,Sand,Sand,NA
314,C1845,20241231_C1845_clip.MP4,504,10.2,NA,10.2,10.2,TRUE,EXP2_DEFINED_PARTICLES,DEFINED_PARTICLES,FALSE,TRUE,52,24262,8,L. DIGITATA,BR,WINTER,Bognor,SAND,SAND,NA,NA,0,25,0,0,NA,791,1789,2580,0.3065891472868217,none,NA,NA,NA,NA,NA,2024,NA,NA,LAMINARIA DIGITATA,2580,0.3065891472868217,FALSE,FALSE,FALSE,FALSE,FALSE,FALSE,FALSE,FALSE,FALSE,FALSE,FALSE,0,FALSE,NA,NA,FALSE,FALSE,FALSE,FALSE,FALSE,FALSE,FALSE,FALSE,FALSE,FALSE,FALSE,FALSE,NA,NA,0.6934108527131783,10.2,DEFINED_PARTICLES,EXP2_DEFINED_PARTICLES,1.414973347970818,0,0 lux,8,2,SAND,NA,DEFINED_PARTICLES,NA,NA,FALSE,TRUE,FALSE,FALSE,FALSE,Day 8,25-<100 NTU,0 lux,27,108,4,Experiment 2: Defined particle concentration series,Exp. 2 Defined particles,Sand,Sand,NA
315,C1846,20241231_C1846_clip.MP4,504,10.2,NA,10.2,10.2,TRUE,EXP2_DEFINED_PARTICLES,DEFINED_PARTICLES,FALSE,TRUE,52,24263,8,L. DIGITATA,BR,WINTER,Bognor,SAND,SAND,NA,NA,0,25,0,0,NA,10517,15974,26491,0.39700275565286325,none,NA,NA,NA,NA,NA,2024,NA,NA,LAMINARIA DIGITATA,26491,0.39700275565286325,FALSE,FALSE,FALSE,FALSE,FALSE,FALSE,FALSE,FALSE,FALSE,FALSE,FALSE,0,FALSE,NA,NA,FALSE,FALSE,FALSE,FALSE,FALSE,FALSE,FALSE,FALSE,FALSE,FALSE,FALSE,FALSE,NA,NA,0.6029972443471368,10.2,DEFINED_PARTICLES,EXP2_DEFINED_PARTICLES,1.414973347970818,0,0 lux,8,2,SAND,NA,DEFINED_PARTICLES,NA,NA,FALSE,TRUE,FALSE,FALSE,FALSE,Day 8,25-<100 NTU,0 lux,27,108,4,Experiment 2: Defined particle concentration series,Exp. 2 Defined particles,Sand,Sand,NA
316,C1848,20241231_C1848_clip.MP4,504,10.2,NA,10.2,10.2,TRUE,EXP2_DEFINED_PARTICLES,DEFINED_PARTICLES,FALSE,TRUE,52,24264,8,L. DIGITATA,BR,WINTER,Bognor,KAOLINITE,KAOLINITE,NA,NA,0,25,0,0,NA,46988,68054,115042,0.40844213417708314,none,NA,NA,NA,NA,NA,2024,NA,NA,LAMINARIA DIGITATA,115042,0.40844213417708314,FALSE,FALSE,FALSE,FALSE,FALSE,FALSE,FALSE,FALSE,FALSE,FALSE,FALSE,0,FALSE,NA,NA,FALSE,FALSE,FALSE,FALSE,FALSE,FALSE,FALSE,FALSE,FALSE,FALSE,FALSE,FALSE,NA,NA,0.5915578658229168,10.2,DEFINED_PARTICLES,EXP2_DEFINED_PARTICLES,1.414973347970818,0,0 lux,8,2,KAOLINITE,NA,DEFINED_PARTICLES,NA,NA,FALSE,TRUE,FALSE,FALSE,FALSE,Day 8,25-<100 NTU,0 lux,27,108,4,Experiment 2: Defined particle concentration series,Exp. 2 Defined particles,Kaolinite,Kaolinite,NA
317,C1849,20241231_C1849_clip.MP4,504,10.2,NA,10.2,10.2,TRUE,EXP2_DEFINED_PARTICLES,DEFINED_PARTICLES,FALSE,TRUE,52,24265,8,L. DIGITATA,BR,WINTER,Bognor,KAOLINITE,KAOLINITE,NA,NA,0,25,0,0,NA,38018,59711,97729,0.389014519743372,none,NA,NA,NA,NA,NA,2024,NA,NA,LAMINARIA DIGITATA,97729,0.389014519743372,FALSE,FALSE,FALSE,FALSE,FALSE,FALSE,FALSE,FALSE,FALSE,FALSE,FALSE,0,FALSE,NA,NA,FALSE,FALSE,FALSE,FALSE,FALSE,FALSE,FALSE,FALSE,FALSE,FALSE,FALSE,FALSE,NA,NA,0.610985480256628,10.2,DEFINED_PARTICLES,EXP2_DEFINED_PARTICLES,1.414973347970818,0,0 lux,8,2,KAOLINITE,NA,DEFINED_PARTICLES,NA,NA,FALSE,TRUE,FALSE,FALSE,FALSE,Day 8,25-<100 NTU,0 lux,27,108,4,Experiment 2: Defined particle concentration series,Exp. 2 Defined particles,Kaolinite,Kaolinite,NA
318,C1850,20241231_C1850_clip.MP4,504,10.2,NA,10.2,10.2,TRUE,EXP2_DEFINED_PARTICLES,DEFINED_PARTICLES,FALSE,TRUE,52,24266,8,L. DIGITATA,BR,WINTER,Bognor,KAOLINITE,KAOLINITE,NA,NA,0,25,0,0,NA,30101,53643,83744,0.3594406763469622,none,NA,NA,NA,NA,NA,2024,NA,NA,LAMINARIA DIGITATA,83744,0.3594406763469622,FALSE,FALSE,FALSE,FALSE,FALSE,FALSE,FALSE,FALSE,FALSE,FALSE,FALSE,0,FALSE,NA,NA,FALSE,FALSE,FALSE,FALSE,FALSE,FALSE,FALSE,FALSE,FALSE,FALSE,FALSE,FALSE,NA,NA,0.6405593236530378,10.2,DEFINED_PARTICLES,EXP2_DEFINED_PARTICLES,1.414973347970818,0,0 lux,8,2,KAOLINITE,NA,DEFINED_PARTICLES,NA,NA,FALSE,TRUE,FALSE,FALSE,FALSE,Day 8,25-<100 NTU,0 lux,27,108,4,Experiment 2: Defined particle concentration series,Exp. 2 Defined particles,Kaolinite,Kaolinite,NA
319,C1851,20241231_C1851_clip.MP4,504,9.2,NA,9.2,9.2,TRUE,EXP1_LIGHT,LIGHT_ONLY,FALSE,TRUE,52,24271,8,L. DIGITATA,BR,WINTER,Bognor,LUX,NA,NA,NA,70,0,0,0,NA,44283,67106,111389,0.3975527206456652,none,NA,NA,NA,NA,NA,2024,NA,Time check before this tray started 11:21,LAMINARIA DIGITATA,111389,0.3975527206456652,FALSE,FALSE,FALSE,FALSE,FALSE,FALSE,FALSE,FALSE,FALSE,FALSE,FALSE,0,FALSE,NA,NA,FALSE,FALSE,FALSE,FALSE,FALSE,FALSE,FALSE,FALSE,FALSE,FALSE,FALSE,FALSE,NA,NA,0.6024472793543348,9.2,LIGHT_ONLY,EXP1_LIGHT,0,0,70 lux,8,2,LUX,NA,LIGHT_ONLY,NA,NA,TRUE,FALSE,FALSE,FALSE,FALSE,Day 8,<25 NTU,70 lux,24,96,4,Experiment 1: Light-only gradient,Exp. 1 Light-only,LUX,LUX,NA
320,C1852,20241231_C1852_clip.MP4,504,9.2,NA,9.2,9.2,TRUE,EXP1_LIGHT,LIGHT_ONLY,FALSE,TRUE,52,24272,8,L. DIGITATA,BR,WINTER,Bognor,LUX,NA,NA,NA,70,0,0,0,NA,46714,67618,114332,0.40858202428016654,none,NA,NA,NA,NA,NA,2024,NA,NA,LAMINARIA DIGITATA,114332,0.40858202428016654,FALSE,FALSE,FALSE,FALSE,FALSE,FALSE,FALSE,FALSE,FALSE,FALSE,FALSE,0,FALSE,NA,NA,FALSE,FALSE,FALSE,FALSE,FALSE,FALSE,FALSE,FALSE,FALSE,FALSE,FALSE,FALSE,NA,NA,0.5914179757198335,9.2,LIGHT_ONLY,EXP1_LIGHT,0,0,70 lux,8,2,LUX,NA,LIGHT_ONLY,NA,NA,TRUE,FALSE,FALSE,FALSE,FALSE,Day 8,<25 NTU,70 lux,24,96,4,Experiment 1: Light-only gradient,Exp. 1 Light-only,LUX,LUX,NA
321,C1854,20241231_C1854_clip.MP4,504,9.2,NA,9.2,9.2,TRUE,EXP1_LIGHT,LIGHT_ONLY,FALSE,TRUE,52,24273,8,L. DIGITATA,BR,WINTER,Bognor,LUX,NA,NA,NA,70,0,0,0,NA,39968,60673,100641,0.39713436869665447,none,NA,NA,NA,NA,NA,2024,NA,NA,LAMINARIA DIGITATA,100641,0.39713436869665447,FALSE,FALSE,FALSE,FALSE,FALSE,FALSE,FALSE,FALSE,FALSE,FALSE,FALSE,0,FALSE,NA,NA,FALSE,FALSE,FALSE,FALSE,FALSE,FALSE,FALSE,FALSE,FALSE,FALSE,FALSE,FALSE,NA,NA,0.6028656313033456,9.2,LIGHT_ONLY,EXP1_LIGHT,0,0,70 lux,8,2,LUX,NA,LIGHT_ONLY,NA,NA,TRUE,FALSE,FALSE,FALSE,FALSE,Day 8,<25 NTU,70 lux,24,96,4,Experiment 1: Light-only gradient,Exp. 1 Light-only,LUX,LUX,NA
322,C1855,20241231_C1855_clip.MP4,504,9.2,NA,9.2,9.2,TRUE,EXP1_LIGHT,LIGHT_ONLY,FALSE,TRUE,52,24274,8,L. DIGITATA,BR,WINTER,Bognor,LUX,NA,NA,NA,70,0,0,0,NA,37686,56156,93842,0.4015899064384817,none,NA,NA,NA,NA,NA,2024,NA,NA,LAMINARIA DIGITATA,93842,0.4015899064384817,FALSE,FALSE,FALSE,FALSE,FALSE,FALSE,FALSE,FALSE,FALSE,FALSE,FALSE,0,FALSE,NA,NA,FALSE,FALSE,FALSE,FALSE,FALSE,FALSE,FALSE,FALSE,FALSE,FALSE,FALSE,FALSE,NA,NA,0.5984100935615183,9.2,LIGHT_ONLY,EXP1_LIGHT,0,0,70 lux,8,2,LUX,NA,LIGHT_ONLY,NA,NA,TRUE,FALSE,FALSE,FALSE,FALSE,Day 8,<25 NTU,70 lux,24,96,4,Experiment 1: Light-only gradient,Exp. 1 Light-only,LUX,LUX,NA
323,C1856,20241231_C1856_clip.MP4,504,9.2,NA,9.2,9.2,TRUE,EXP1_LIGHT,LIGHT_ONLY,FALSE,TRUE,52,24275,8,L. DIGITATA,BR,WINTER,Bognor,LUX,NA,NA,NA,70,0,0,0,NA,3417,5800,9217,0.3707280026038841,none,NA,NA,NA,NA,NA,2024,NA,NA,LAMINARIA DIGITATA,9217,0.3707280026038841,FALSE,FALSE,FALSE,FALSE,FALSE,FALSE,FALSE,FALSE,FALSE,FALSE,FALSE,0,FALSE,NA,NA,FALSE,FALSE,FALSE,FALSE,FALSE,FALSE,FALSE,FALSE,FALSE,FALSE,FALSE,FALSE,NA,NA,0.6292719973961158,9.2,LIGHT_ONLY,EXP1_LIGHT,0,0,70 lux,8,2,LUX,NA,LIGHT_ONLY,NA,NA,TRUE,FALSE,FALSE,FALSE,FALSE,Day 8,<25 NTU,70 lux,24,96,4,Experiment 1: Light-only gradient,Exp. 1 Light-only,LUX,LUX,NA
324,C1857,20241231_C1857_clip.MP4,504,9.2,NA,9.2,9.2,TRUE,EXP1_LIGHT,LIGHT_ONLY,FALSE,TRUE,52,24276,8,L. DIGITATA,BR,WINTER,Bognor,LUX,NA,NA,NA,117,0,0,0,NA,2014,3293,5307,0.37949877520256264,none,NA,NA,NA,NA,NA,2024,NA,NA,LAMINARIA DIGITATA,5307,0.37949877520256264,FALSE,FALSE,FALSE,FALSE,FALSE,FALSE,FALSE,FALSE,FALSE,FALSE,FALSE,0,FALSE,NA,NA,FALSE,FALSE,FALSE,FALSE,FALSE,FALSE,FALSE,FALSE,FALSE,FALSE,FALSE,FALSE,NA,NA,0.6205012247974373,9.2,LIGHT_ONLY,EXP1_LIGHT,0,0,117 lux,8,2,LUX,NA,LIGHT_ONLY,NA,NA,TRUE,FALSE,FALSE,FALSE,FALSE,Day 8,<25 NTU,117 lux,24,96,4,Experiment 1: Light-only gradient,Exp. 1 Light-only,LUX,LUX,NA
325,C1858,20241231_C1858_clip.MP4,504,9.2,NA,9.2,9.2,TRUE,EXP1_LIGHT,LIGHT_ONLY,FALSE,TRUE,52,24281,8,L. DIGITATA,BR,WINTER,Bognor,LUX,NA,NA,NA,117,0,0,0,NA,36973,58614,95587,0.3867994601776392,none,NA,NA,NA,NA,NA,2024,NA,NA,LAMINARIA DIGITATA,95587,0.3867994601776392,FALSE,FALSE,FALSE,FALSE,FALSE,FALSE,FALSE,FALSE,FALSE,FALSE,FALSE,0,FALSE,NA,NA,FALSE,FALSE,FALSE,FALSE,FALSE,FALSE,FALSE,FALSE,FALSE,FALSE,FALSE,FALSE,NA,NA,0.6132005398223608,9.2,LIGHT_ONLY,EXP1_LIGHT,0,0,117 lux,8,2,LUX,NA,LIGHT_ONLY,NA,NA,TRUE,FALSE,FALSE,FALSE,FALSE,Day 8,<25 NTU,117 lux,24,96,4,Experiment 1: Light-only gradient,Exp. 1 Light-only,LUX,LUX,NA
326,C1859,20241231_C1859_clip.MP4,504,9.2,NA,9.2,9.2,TRUE,EXP1_LIGHT,LIGHT_ONLY,FALSE,TRUE,52,24282,8,L. DIGITATA,BR,WINTER,Bognor,LUX,NA,NA,NA,117,0,0,0,NA,40446,61167,101613,0.39803962091464673,none,NA,NA,NA,NA,NA,2024,NA,NA,LAMINARIA DIGITATA,101613,0.39803962091464673,FALSE,FALSE,FALSE,FALSE,FALSE,FALSE,FALSE,FALSE,FALSE,FALSE,FALSE,0,FALSE,NA,NA,FALSE,FALSE,FALSE,FALSE,FALSE,FALSE,FALSE,FALSE,FALSE,FALSE,FALSE,FALSE,NA,NA,0.6019603790853533,9.2,LIGHT_ONLY,EXP1_LIGHT,0,0,117 lux,8,2,LUX,NA,LIGHT_ONLY,NA,NA,TRUE,FALSE,FALSE,FALSE,FALSE,Day 8,<25 NTU,117 lux,24,96,4,Experiment 1: Light-only gradient,Exp. 1 Light-only,LUX,LUX,NA
327,C1860,20241231_C1860_clip.MP4,504,9.2,NA,9.2,9.2,TRUE,EXP1_LIGHT,LIGHT_ONLY,FALSE,TRUE,52,24283,8,L. DIGITATA,BR,WINTER,Bognor,LUX,NA,NA,NA,117,0,0,0,NA,17209,31860,49069,0.3507102243779168,none,NA,NA,NA,NA,NA,2024,NA,NA,LAMINARIA DIGITATA,49069,0.3507102243779168,FALSE,FALSE,FALSE,FALSE,FALSE,FALSE,FALSE,FALSE,FALSE,FALSE,FALSE,0,FALSE,NA,NA,FALSE,FALSE,FALSE,FALSE,FALSE,FALSE,FALSE,FALSE,FALSE,FALSE,FALSE,FALSE,NA,NA,0.6492897756220832,9.2,LIGHT_ONLY,EXP1_LIGHT,0,0,117 lux,8,2,LUX,NA,LIGHT_ONLY,NA,NA,TRUE,FALSE,FALSE,FALSE,FALSE,Day 8,<25 NTU,117 lux,24,96,4,Experiment 1: Light-only gradient,Exp. 1 Light-only,LUX,LUX,NA
328,C1861,20241231_C1861_clip.MP4,504,9.2,NA,9.2,9.2,TRUE,EXP1_LIGHT,LIGHT_ONLY,FALSE,TRUE,52,24284,8,L. DIGITATA,BR,WINTER,Bognor,LUX,NA,NA,NA,117,0,0,0,NA,3032,5504,8536,0.35520149953139646,none,NA,NA,NA,NA,NA,2024,NA,NA,LAMINARIA DIGITATA,8536,0.35520149953139646,FALSE,FALSE,FALSE,FALSE,FALSE,FALSE,FALSE,FALSE,FALSE,FALSE,FALSE,0,FALSE,NA,NA,FALSE,FALSE,FALSE,FALSE,FALSE,FALSE,FALSE,FALSE,FALSE,FALSE,FALSE,FALSE,NA,NA,0.6447985004686035,9.2,LIGHT_ONLY,EXP1_LIGHT,0,0,117 lux,8,2,LUX,NA,LIGHT_ONLY,NA,NA,TRUE,FALSE,FALSE,FALSE,FALSE,Day 8,<25 NTU,117 lux,24,96,4,Experiment 1: Light-only gradient,Exp. 1 Light-only,LUX,LUX,NA
329,C1862,20241231_C1862_clip.MP4,504,9.2,NA,9.2,9.2,TRUE,EXP1_LIGHT,LIGHT_ONLY,FALSE,TRUE,52,24285,8,L. DIGITATA,BR,WINTER,Bognor,LUX,NA,NA,NA,117,0,0,0,NA,36471,54754,91225,0.3997917237599342,none,NA,NA,NA,NA,NA,2024,NA,NA,LAMINARIA DIGITATA,91225,0.3997917237599342,FALSE,FALSE,FALSE,FALSE,FALSE,FALSE,FALSE,FALSE,FALSE,FALSE,FALSE,0,FALSE,NA,NA,FALSE,FALSE,FALSE,FALSE,FALSE,FALSE,FALSE,FALSE,FALSE,FALSE,FALSE,FALSE,NA,NA,0.6002082762400658,9.2,LIGHT_ONLY,EXP1_LIGHT,0,0,117 lux,8,2,LUX,NA,LIGHT_ONLY,NA,NA,TRUE,FALSE,FALSE,FALSE,FALSE,Day 8,<25 NTU,117 lux,24,96,4,Experiment 1: Light-only gradient,Exp. 1 Light-only,LUX,LUX,NA
330,C1863,20241231_C1863_clip.MP4,504,9.2,NA,9.2,9.2,TRUE,EXP1_LIGHT,LIGHT_ONLY,FALSE,TRUE,52,24286,8,L. DIGITATA,BR,WINTER,Bognor,LUX,NA,NA,NA,117,0,0,0,NA,3260,5614,8874,0.36736533693937345,none,NA,NA,NA,NA,NA,2024,NA,NA,LAMINARIA DIGITATA,8874,0.36736533693937345,FALSE,FALSE,FALSE,FALSE,FALSE,FALSE,FALSE,FALSE,FALSE,FALSE,FALSE,0,FALSE,NA,NA,FALSE,FALSE,FALSE,FALSE,FALSE,FALSE,FALSE,FALSE,FALSE,FALSE,FALSE,FALSE,NA,NA,0.6326346630606265,9.2,LIGHT_ONLY,EXP1_LIGHT,0,0,117 lux,8,2,LUX,NA,LIGHT_ONLY,NA,NA,TRUE,FALSE,FALSE,FALSE,FALSE,Day 8,<25 NTU,117 lux,24,96,4,Experiment 1: Light-only gradient,Exp. 1 Light-only,LUX,LUX,NA
331,C1864,20241231_C1864_clip.MP4,504,9.2,NA,9.2,9.2,TRUE,EXP1_LIGHT,LIGHT_ONLY,FALSE,TRUE,52,24291,8,L. DIGITATA,BR,WINTER,Bognor,LUX,NA,NA,NA,4,0,0,0,NA,3509,5684,9193,0.38170347003154576,none,NA,NA,NA,NA,NA,2024,NA,NA,LAMINARIA DIGITATA,9193,0.38170347003154576,FALSE,FALSE,FALSE,FALSE,FALSE,FALSE,FALSE,FALSE,FALSE,FALSE,FALSE,0,FALSE,NA,NA,FALSE,FALSE,FALSE,FALSE,FALSE,FALSE,FALSE,FALSE,FALSE,FALSE,FALSE,FALSE,NA,NA,0.6182965299684543,9.2,LIGHT_ONLY,EXP1_LIGHT,0,0,4 lux,8,2,LUX,NA,LIGHT_ONLY,NA,NA,TRUE,FALSE,FALSE,FALSE,FALSE,Day 8,<25 NTU,4 lux,24,96,4,Experiment 1: Light-only gradient,Exp. 1 Light-only,LUX,LUX,NA
332,C1865,20241231_C1865_clip.MP4,504,9.2,NA,9.2,9.2,TRUE,EXP1_LIGHT,LIGHT_ONLY,FALSE,TRUE,52,24292,8,L. DIGITATA,BR,WINTER,Bognor,LUX,NA,NA,NA,4,0,0,0,NA,1179,2328,3507,0.3361847733105218,none,NA,NA,NA,NA,NA,2024,NA,NA,LAMINARIA DIGITATA,3507,0.3361847733105218,FALSE,FALSE,FALSE,FALSE,FALSE,FALSE,FALSE,FALSE,FALSE,FALSE,FALSE,0,FALSE,NA,NA,FALSE,FALSE,FALSE,FALSE,FALSE,FALSE,FALSE,FALSE,FALSE,FALSE,FALSE,FALSE,NA,NA,0.6638152266894782,9.2,LIGHT_ONLY,EXP1_LIGHT,0,0,4 lux,8,2,LUX,NA,LIGHT_ONLY,NA,NA,TRUE,FALSE,FALSE,FALSE,FALSE,Day 8,<25 NTU,4 lux,24,96,4,Experiment 1: Light-only gradient,Exp. 1 Light-only,LUX,LUX,NA
333,C1866,20241231_C1866_clip.MP4,504,9.2,NA,9.2,9.2,TRUE,EXP1_LIGHT,LIGHT_ONLY,FALSE,TRUE,52,24293,8,L. DIGITATA,BR,WINTER,Bognor,LUX,NA,NA,NA,4,0,0,0,NA,32988,52351,85339,0.38655245550100187,none,NA,NA,NA,NA,NA,2024,NA,NA,LAMINARIA DIGITATA,85339,0.38655245550100187,FALSE,FALSE,FALSE,FALSE,FALSE,FALSE,FALSE,FALSE,FALSE,FALSE,FALSE,0,FALSE,NA,NA,FALSE,FALSE,FALSE,FALSE,FALSE,FALSE,FALSE,FALSE,FALSE,FALSE,FALSE,FALSE,NA,NA,0.6134475444989981,9.2,LIGHT_ONLY,EXP1_LIGHT,0,0,4 lux,8,2,LUX,NA,LIGHT_ONLY,NA,NA,TRUE,FALSE,FALSE,FALSE,FALSE,Day 8,<25 NTU,4 lux,24,96,4,Experiment 1: Light-only gradient,Exp. 1 Light-only,LUX,LUX,NA
334,C1867,20241231_C1867_clip.MP4,504,9.2,NA,9.2,9.2,TRUE,EXP1_LIGHT,LIGHT_ONLY,FALSE,TRUE,52,24294,8,L. DIGITATA,BR,WINTER,Bognor,LUX,NA,NA,NA,4,0,0,0,NA,1620,10725,12345,0.13122721749696234,none,NA,NA,NA,NA,NA,2024,NA,looks green,LAMINARIA DIGITATA,12345,0.13122721749696234,FALSE,FALSE,FALSE,FALSE,FALSE,FALSE,FALSE,FALSE,FALSE,FALSE,FALSE,0,FALSE,NA,NA,FALSE,FALSE,FALSE,FALSE,FALSE,FALSE,FALSE,FALSE,FALSE,FALSE,FALSE,FALSE,NA,NA,0.8687727825030377,9.2,LIGHT_ONLY,EXP1_LIGHT,0,0,4 lux,8,2,LUX,NA,LIGHT_ONLY,NA,NA,TRUE,FALSE,FALSE,FALSE,FALSE,Day 8,<25 NTU,4 lux,24,96,4,Experiment 1: Light-only gradient,Exp. 1 Light-only,LUX,LUX,NA
335,C1868,20241231_C1868_clip.MP4,504,9.2,NA,9.2,9.2,TRUE,EXP1_LIGHT,LIGHT_ONLY,FALSE,TRUE,52,24295,8,L. DIGITATA,BR,WINTER,Bognor,LUX,NA,NA,NA,4,0,0,0,NA,40082,61219,101301,0.39567230333362946,none,NA,NA,NA,NA,NA,2024,NA,NA,LAMINARIA DIGITATA,101301,0.39567230333362946,FALSE,FALSE,FALSE,FALSE,FALSE,FALSE,FALSE,FALSE,FALSE,FALSE,FALSE,0,FALSE,NA,NA,FALSE,FALSE,FALSE,FALSE,FALSE,FALSE,FALSE,FALSE,FALSE,FALSE,FALSE,FALSE,NA,NA,0.6043276966663705,9.2,LIGHT_ONLY,EXP1_LIGHT,0,0,4 lux,8,2,LUX,NA,LIGHT_ONLY,NA,NA,TRUE,FALSE,FALSE,FALSE,FALSE,Day 8,<25 NTU,4 lux,24,96,4,Experiment 1: Light-only gradient,Exp. 1 Light-only,LUX,LUX,NA
336,C1869,20241231_C1869_clip.MP4,504,9.2,NA,9.2,9.2,TRUE,EXP1_LIGHT,LIGHT_ONLY,FALSE,TRUE,52,24296,8,L. DIGITATA,BR,WINTER,Bognor,LUX,NA,NA,NA,4,0,0,0,NA,1349,2653,4002,0.3370814592703648,none,NA,NA,NA,NA,NA,2024,NA,NA,LAMINARIA DIGITATA,4002,0.3370814592703648,FALSE,FALSE,FALSE,FALSE,FALSE,FALSE,FALSE,FALSE,FALSE,FALSE,FALSE,0,FALSE,NA,NA,FALSE,FALSE,FALSE,FALSE,FALSE,FALSE,FALSE,FALSE,FALSE,FALSE,FALSE,FALSE,NA,NA,0.6629185407296352,9.2,LIGHT_ONLY,EXP1_LIGHT,0,0,4 lux,8,2,LUX,NA,LIGHT_ONLY,NA,NA,TRUE,FALSE,FALSE,FALSE,FALSE,Day 8,<25 NTU,4 lux,24,96,4,Experiment 1: Light-only gradient,Exp. 1 Light-only,LUX,LUX,NA
337,C1870,20241231_C1870_clip.MP4,504,9.2,NA,9.2,9.2,TRUE,EXP1_LIGHT,LIGHT_ONLY,TRUE,TRUE,52,24301,8,L. DIGITATA,BR,WINTER,Bognor,CONTROL,NA,NA,NA,0,0,0,0,NA,36511,58563,95074,0.3840271788291226,none,NA,NA,NA,NA,NA,2024,NA,Time check before starting this tray 11:40,LAMINARIA DIGITATA,95074,0.3840271788291226,FALSE,FALSE,FALSE,FALSE,FALSE,FALSE,FALSE,FALSE,FALSE,FALSE,FALSE,0,FALSE,NA,NA,FALSE,FALSE,FALSE,FALSE,FALSE,FALSE,FALSE,FALSE,FALSE,FALSE,FALSE,FALSE,NA,NA,0.6159728211708774,9.2,LIGHT_ONLY,EXP1_LIGHT,0,0,0 lux,8,2,CONTROL,NA,LIGHT_ONLY,NA,NA,TRUE,FALSE,FALSE,FALSE,FALSE,Day 8,<25 NTU,0 lux,24,96,4,Experiment 1: Light-only gradient,Exp. 1 Light-only,Control,Control,NA
339,C1871,20241231_C1871_clip.MP4,504,9.2,NA,9.2,9.2,TRUE,EXP1_LIGHT,LIGHT_ONLY,TRUE,TRUE,52,24302,8,L. DIGITATA,BR,WINTER,Bognor,CONTROL,NA,NA,NA,0,0,0,0,NA,1697,2564,4261,0.39826331846984275,none,NA,NA,NA,NA,NA,2024,NA,agitators,LAMINARIA DIGITATA,4261,0.39826331846984275,FALSE,FALSE,FALSE,FALSE,FALSE,FALSE,FALSE,FALSE,FALSE,FALSE,FALSE,0,FALSE,NA,NA,FALSE,FALSE,FALSE,FALSE,FALSE,FALSE,FALSE,FALSE,FALSE,FALSE,FALSE,FALSE,NA,NA,0.6017366815301572,9.2,LIGHT_ONLY,EXP1_LIGHT,0,0,0 lux,8,2,CONTROL,NA,LIGHT_ONLY,NA,NA,TRUE,FALSE,FALSE,FALSE,FALSE,Day 8,<25 NTU,0 lux,24,96,4,Experiment 1: Light-only gradient,Exp. 1 Light-only,Control,Control,NA
340,C1872,20241231_C1872_clip.MP4,504,9.2,NA,9.2,9.2,TRUE,EXP1_LIGHT,LIGHT_ONLY,TRUE,TRUE,52,24303,8,L. DIGITATA,BR,WINTER,Bognor,CONTROL,NA,NA,NA,0,0,0,0,NA,40831,62153,102984,0.396479064709081,none,NA,NA,NA,NA,NA,2024,NA,NA,LAMINARIA DIGITATA,102984,0.396479064709081,FALSE,FALSE,FALSE,FALSE,FALSE,FALSE,FALSE,FALSE,FALSE,FALSE,FALSE,0,FALSE,NA,NA,FALSE,FALSE,FALSE,FALSE,FALSE,FALSE,FALSE,FALSE,FALSE,FALSE,FALSE,FALSE,NA,NA,0.603520935290919,9.2,LIGHT_ONLY,EXP1_LIGHT,0,0,0 lux,8,2,CONTROL,NA,LIGHT_ONLY,NA,NA,TRUE,FALSE,FALSE,FALSE,FALSE,Day 8,<25 NTU,0 lux,24,96,4,Experiment 1: Light-only gradient,Exp. 1 Light-only,Control,Control,NA
342,C1873,20241231_C1873_clip.MP4,504,9.2,NA,9.2,9.2,TRUE,EXP1_LIGHT,LIGHT_ONLY,TRUE,TRUE,52,24304,8,L. DIGITATA,BR,WINTER,Bognor,CONTROL,NA,NA,NA,0,0,0,0,NA,1778,3783,5561,0.3197266678654918,none,NA,NA,NA,NA,NA,2024,NA,NA,LAMINARIA DIGITATA,5561,0.3197266678654918,FALSE,FALSE,FALSE,FALSE,FALSE,FALSE,FALSE,FALSE,FALSE,FALSE,FALSE,0,FALSE,NA,NA,FALSE,FALSE,FALSE,FALSE,FALSE,FALSE,FALSE,FALSE,FALSE,FALSE,FALSE,FALSE,NA,NA,0.6802733321345081,9.2,LIGHT_ONLY,EXP1_LIGHT,0,0,0 lux,8,2,CONTROL,NA,LIGHT_ONLY,NA,NA,TRUE,FALSE,FALSE,FALSE,FALSE,Day 8,<25 NTU,0 lux,24,96,4,Experiment 1: Light-only gradient,Exp. 1 Light-only,Control,Control,NA
344,C1874,20241231_C1874_clip.MP4,504,9.2,NA,9.2,9.2,TRUE,EXP1_LIGHT,LIGHT_ONLY,TRUE,TRUE,52,24305,8,L. DIGITATA,BR,WINTER,Bognor,CONTROL,NA,NA,NA,0,0,0,0,NA,4346,6713,11059,0.39298309069536125,none,NA,NA,NA,NA,NA,2024,NA,NA,LAMINARIA DIGITATA,11059,0.39298309069536125,FALSE,FALSE,FALSE,FALSE,FALSE,FALSE,FALSE,FALSE,FALSE,FALSE,FALSE,0,FALSE,NA,NA,FALSE,FALSE,FALSE,FALSE,FALSE,FALSE,FALSE,FALSE,FALSE,FALSE,FALSE,FALSE,NA,NA,0.6070169093046388,9.2,LIGHT_ONLY,EXP1_LIGHT,0,0,0 lux,8,2,CONTROL,NA,LIGHT_ONLY,NA,NA,TRUE,FALSE,FALSE,FALSE,FALSE,Day 8,<25 NTU,0 lux,24,96,4,Experiment 1: Light-only gradient,Exp. 1 Light-only,Control,Control,NA
345,C1874i,20250104_C1874_clip.MP4,504,10.2,NA,10.2,10.2,TRUE,EXP2_DEFINED_PARTICLES,DEFINED_PARTICLES,FALSE,TRUE,52,24224,12,L. DIGITATA,BR,WINTER,Bognor,PEAT,PEAT,NA,NA,0,25,0,0,NA,359,912,1271,0.2824547600314713,none,NA,NA,NA,NA,NA,2024,NA,NA,LAMINARIA DIGITATA,1271,0.2824547600314713,FALSE,FALSE,FALSE,FALSE,FALSE,FALSE,FALSE,FALSE,FALSE,FALSE,FALSE,0,FALSE,NA,NA,FALSE,FALSE,FALSE,FALSE,FALSE,FALSE,FALSE,FALSE,FALSE,FALSE,FALSE,FALSE,NA,NA,0.7175452399685287,10.2,DEFINED_PARTICLES,EXP2_DEFINED_PARTICLES,1.414973347970818,0,0 lux,12,3,PEAT,NA,DEFINED_PARTICLES,NA,NA,FALSE,TRUE,FALSE,FALSE,FALSE,Day 12,25-<100 NTU,0 lux,27,108,4,Experiment 2: Defined particle concentration series,Exp. 2 Defined particles,Peat,Peat,NA
346,C1875,20241231_C1875_clip.MP4,504,9.2,NA,9.2,9.2,TRUE,EXP1_LIGHT,LIGHT_ONLY,TRUE,TRUE,52,24306,8,L. DIGITATA,BR,WINTER,Bognor,CONTROL,NA,NA,NA,0,0,0,0,NA,45232,65508,110740,0.408452230449702,none,NA,NA,NA,NA,NA,2024,NA,NA,LAMINARIA DIGITATA,110740,0.408452230449702,FALSE,FALSE,FALSE,FALSE,FALSE,FALSE,FALSE,FALSE,FALSE,FALSE,FALSE,0,FALSE,NA,NA,FALSE,FALSE,FALSE,FALSE,FALSE,FALSE,FALSE,FALSE,FALSE,FALSE,FALSE,FALSE,NA,NA,0.591547769550298,9.2,LIGHT_ONLY,EXP1_LIGHT,0,0,0 lux,8,2,CONTROL,NA,LIGHT_ONLY,NA,NA,TRUE,FALSE,FALSE,FALSE,FALSE,Day 8,<25 NTU,0 lux,24,96,4,Experiment 1: Light-only gradient,Exp. 1 Light-only,Control,Control,NA
347,C1875i,20250104_C1875_clip.MP4,504,10.2,NA,10.2,10.2,TRUE,EXP2_DEFINED_PARTICLES,DEFINED_PARTICLES,FALSE,TRUE,52,24225,12,L. DIGITATA,BR,WINTER,Bognor,PEAT,PEAT,NA,NA,0,25,0,0,NA,376,882,1258,0.2988871224165342,none,NA,NA,NA,NA,NA,2024,NA,NA,LAMINARIA DIGITATA,1258,0.2988871224165342,FALSE,FALSE,FALSE,FALSE,FALSE,FALSE,FALSE,FALSE,FALSE,FALSE,FALSE,0,FALSE,NA,NA,FALSE,FALSE,FALSE,FALSE,FALSE,FALSE,FALSE,FALSE,FALSE,FALSE,FALSE,FALSE,NA,NA,0.7011128775834659,10.2,DEFINED_PARTICLES,EXP2_DEFINED_PARTICLES,1.414973347970818,0,0 lux,12,3,PEAT,NA,DEFINED_PARTICLES,NA,NA,FALSE,TRUE,FALSE,FALSE,FALSE,Day 12,25-<100 NTU,0 lux,27,108,4,Experiment 2: Defined particle concentration series,Exp. 2 Defined particles,Peat,Peat,NA
348,C1876,20241231_C1876_clip.MP4,504,8.2,NA,8.2,8.2,TRUE,EXP4_FIELD_SPM,FIELD_SPM,TRUE,TRUE,52,24311,4,L. DIGITATA,BR,WINTER,Bognor,CONTROL,NA,NA,NA,0,0,0,0,NA,37179,59288,96467,0.38540640840909324,none,NA,NA,NA,NA,NA,2024,NA,NA,LAMINARIA DIGITATA,96467,0.38540640840909324,FALSE,FALSE,FALSE,FALSE,FALSE,FALSE,FALSE,FALSE,FALSE,FALSE,FALSE,0,FALSE,NA,NA,FALSE,FALSE,FALSE,FALSE,FALSE,FALSE,FALSE,FALSE,FALSE,FALSE,FALSE,FALSE,NA,NA,0.6145935915909068,8.2,FIELD_SPM,EXP4_FIELD_SPM,0,0,0 lux,4,1,CONTROL,NA,FIELD_SPM,NA,NA,FALSE,FALSE,FALSE,FALSE,TRUE,Day 4,<25 NTU,0 lux,36,72,3,Experiment 4: Field-derived SPM gradient,Exp. 4 Field SPM,Control,Control,NA
349,C1876i,20250104_C1876_clip.MP4,504,10.2,NA,10.2,10.2,TRUE,EXP2_DEFINED_PARTICLES,DEFINED_PARTICLES,FALSE,TRUE,52,24226,12,L. DIGITATA,BR,WINTER,Bognor,PEAT,PEAT,NA,NA,0,25,0,0,NA,242,589,831,0.29121540312876054,none,NA,NA,NA,NA,NA,2024,NA,NA,LAMINARIA DIGITATA,831,0.29121540312876054,FALSE,FALSE,FALSE,FALSE,FALSE,FALSE,FALSE,FALSE,FALSE,FALSE,FALSE,0,FALSE,NA,NA,FALSE,FALSE,FALSE,FALSE,FALSE,FALSE,FALSE,FALSE,FALSE,FALSE,FALSE,FALSE,NA,NA,0.7087845968712395,10.2,DEFINED_PARTICLES,EXP2_DEFINED_PARTICLES,1.414973347970818,0,0 lux,12,3,PEAT,NA,DEFINED_PARTICLES,NA,NA,FALSE,TRUE,FALSE,FALSE,FALSE,Day 12,25-<100 NTU,0 lux,27,108,4,Experiment 2: Defined particle concentration series,Exp. 2 Defined particles,Peat,Peat,NA
350,C1877i,20250104_C1877_clip.MP4,504,10.2,NA,10.2,10.2,TRUE,EXP2_DEFINED_PARTICLES,DEFINED_PARTICLES,FALSE,TRUE,52,24231,12,L. DIGITATA,BR,WINTER,Bognor,PEAT,PEAT,NA,NA,0,100,0,0,NA,2653,3331,5984,0.44334893048128343,none,NA,NA,NA,NA,NA,2024,NA,NA,LAMINARIA DIGITATA,5984,0.44334893048128343,FALSE,FALSE,FALSE,FALSE,FALSE,FALSE,FALSE,FALSE,FALSE,FALSE,FALSE,0,FALSE,NA,NA,FALSE,FALSE,FALSE,FALSE,FALSE,FALSE,FALSE,FALSE,FALSE,FALSE,FALSE,FALSE,NA,NA,0.5566510695187166,10.2,DEFINED_PARTICLES,EXP2_DEFINED_PARTICLES,2.0043213737826426,0,0 lux,12,3,PEAT,NA,DEFINED_PARTICLES,NA,NA,FALSE,TRUE,FALSE,FALSE,FALSE,Day 12,100-<400 NTU,0 lux,27,108,4,Experiment 2: Defined particle concentration series,Exp. 2 Defined particles,Peat,Peat,NA
351,C1878,20241231_C1878_clip.MP4,504,8.2,NA,8.2,8.2,TRUE,EXP4_FIELD_SPM,FIELD_SPM,TRUE,TRUE,52,24312,4,L. DIGITATA,BR,WINTER,Bognor,CONTROL,NA,NA,NA,0,0,0,0,NA,45596,70612,116208,0.3923654137408784,none,NA,NA,NA,NA,NA,2024,NA,NA,LAMINARIA DIGITATA,116208,0.3923654137408784,FALSE,FALSE,FALSE,FALSE,FALSE,FALSE,FALSE,FALSE,FALSE,FALSE,FALSE,0,FALSE,NA,NA,FALSE,FALSE,FALSE,FALSE,FALSE,FALSE,FALSE,FALSE,FALSE,FALSE,FALSE,FALSE,NA,NA,0.6076345862591216,8.2,FIELD_SPM,EXP4_FIELD_SPM,0,0,0 lux,4,1,CONTROL,NA,FIELD_SPM,NA,NA,FALSE,FALSE,FALSE,FALSE,TRUE,Day 4,<25 NTU,0 lux,36,72,3,Experiment 4: Field-derived SPM gradient,Exp. 4 Field SPM,Control,Control,NA
352,C1878i,20250104_C1878_clip.MP4,504,10.2,NA,10.2,10.2,TRUE,EXP2_DEFINED_PARTICLES,DEFINED_PARTICLES,FALSE,TRUE,52,24232,12,L. DIGITATA,BR,WINTER,Bognor,PEAT,PEAT,NA,NA,0,100,0,0,NA,556,1312,1868,0.29764453961456105,none,NA,NA,NA,NA,NA,2024,NA,NA,LAMINARIA DIGITATA,1868,0.29764453961456105,FALSE,FALSE,FALSE,FALSE,FALSE,FALSE,FALSE,FALSE,FALSE,FALSE,FALSE,0,FALSE,NA,NA,FALSE,FALSE,FALSE,FALSE,FALSE,FALSE,FALSE,FALSE,FALSE,FALSE,FALSE,FALSE,NA,NA,0.702355460385439,10.2,DEFINED_PARTICLES,EXP2_DEFINED_PARTICLES,2.0043213737826426,0,0 lux,12,3,PEAT,NA,DEFINED_PARTICLES,NA,NA,FALSE,TRUE,FALSE,FALSE,FALSE,Day 12,100-<400 NTU,0 lux,27,108,4,Experiment 2: Defined particle concentration series,Exp. 2 Defined particles,Peat,Peat,NA
353,C1879,20241231_C1879_clip.MP4,504,8.2,NA,8.2,8.2,TRUE,EXP4_FIELD_SPM,FIELD_SPM,TRUE,TRUE,52,24313,4,L. DIGITATA,BR,WINTER,Bognor,CONTROL,NA,NA,NA,0,0,0,0,NA,33069,552988,586057,0.0564262520539811,none,NA,NA,NA,NA,NA,2024,NA,NA,LAMINARIA DIGITATA,586057,0.0564262520539811,FALSE,FALSE,FALSE,FALSE,FALSE,FALSE,FALSE,FALSE,FALSE,FALSE,FALSE,0,FALSE,NA,NA,FALSE,FALSE,FALSE,FALSE,FALSE,FALSE,FALSE,FALSE,FALSE,FALSE,FALSE,FALSE,NA,NA,0.9435737479460189,8.2,FIELD_SPM,EXP4_FIELD_SPM,0,0,0 lux,4,1,CONTROL,NA,FIELD_SPM,NA,NA,FALSE,FALSE,FALSE,FALSE,TRUE,Day 4,<25 NTU,0 lux,36,72,3,Experiment 4: Field-derived SPM gradient,Exp. 4 Field SPM,Control,Control,NA
354,C1879i,20250104_C1879_clip.MP4,504,10.2,NA,10.2,10.2,TRUE,EXP2_DEFINED_PARTICLES,DEFINED_PARTICLES,FALSE,TRUE,52,24233,12,L. DIGITATA,BR,WINTER,Bognor,PEAT,PEAT,NA,NA,0,100,0,0,NA,228,639,867,0.2629757785467128,none,NA,NA,NA,NA,NA,2024,NA,NA,LAMINARIA DIGITATA,867,0.2629757785467128,FALSE,FALSE,FALSE,FALSE,FALSE,FALSE,FALSE,FALSE,FALSE,FALSE,FALSE,0,FALSE,NA,NA,FALSE,FALSE,FALSE,FALSE,FALSE,FALSE,FALSE,FALSE,FALSE,FALSE,FALSE,FALSE,NA,NA,0.7370242214532872,10.2,DEFINED_PARTICLES,EXP2_DEFINED_PARTICLES,2.0043213737826426,0,0 lux,12,3,PEAT,NA,DEFINED_PARTICLES,NA,NA,FALSE,TRUE,FALSE,FALSE,FALSE,Day 12,100-<400 NTU,0 lux,27,108,4,Experiment 2: Defined particle concentration series,Exp. 2 Defined particles,Peat,Peat,NA
355,C1880,20241231_C1880_clip.MP4,504,8.2,NA,8.2,8.2,TRUE,EXP4_FIELD_SPM,FIELD_SPM,FALSE,TRUE,52,24314,4,L. DIGITATA,BR,WINTER,Bognor,SPM,SPM,NA,NA,0,5,0,0,NA,200,1129,1329,0.1504890895410083,none,NA,NA,NA,NA,NA,2024,NA,NA,LAMINARIA DIGITATA,1329,0.1504890895410083,FALSE,FALSE,FALSE,FALSE,FALSE,FALSE,FALSE,FALSE,FALSE,FALSE,FALSE,0,FALSE,NA,NA,FALSE,FALSE,FALSE,FALSE,FALSE,FALSE,FALSE,FALSE,FALSE,FALSE,FALSE,FALSE,NA,NA,0.8495109104589917,8.2,FIELD_SPM,EXP4_FIELD_SPM,0.7781512503836436,0,0 lux,4,1,SPM,NA,FIELD_SPM,NA,NA,FALSE,FALSE,FALSE,FALSE,TRUE,Day 4,<25 NTU,0 lux,36,72,3,Experiment 4: Field-derived SPM gradient,Exp. 4 Field SPM,Field SPM,SPM,NA
356,C1880i,20250104_C1880_clip.MP4,504,10.2,NA,10.2,10.2,TRUE,EXP2_DEFINED_PARTICLES,DEFINED_PARTICLES,FALSE,TRUE,52,24234,12,L. DIGITATA,BR,WINTER,Bognor,PEAT,PEAT,NA,NA,0,400,0,0,NA,248,622,870,0.2850574712643678,none,NA,NA,NA,NA,NA,2024,NA,NA,LAMINARIA DIGITATA,870,0.2850574712643678,FALSE,FALSE,FALSE,FALSE,FALSE,FALSE,FALSE,FALSE,FALSE,FALSE,FALSE,0,FALSE,NA,NA,FALSE,FALSE,FALSE,FALSE,FALSE,FALSE,FALSE,FALSE,FALSE,FALSE,FALSE,FALSE,NA,NA,0.7149425287356321,10.2,DEFINED_PARTICLES,EXP2_DEFINED_PARTICLES,2.603144372620182,0,0 lux,12,3,PEAT,NA,DEFINED_PARTICLES,NA,NA,FALSE,TRUE,FALSE,FALSE,FALSE,Day 12,>=400 NTU,0 lux,27,108,4,Experiment 2: Defined particle concentration series,Exp. 2 Defined particles,Peat,Peat,NA
357,C1881,20241231_C1881_clip.MP4,504,8.2,NA,8.2,8.2,TRUE,EXP4_FIELD_SPM,FIELD_SPM,FALSE,TRUE,52,24315,4,L. DIGITATA,BR,WINTER,Bognor,SPM,SPM,NA,NA,0,5,0,0,NA,41923,66613,108536,0.38625893712685194,none,NA,NA,NA,NA,NA,2024,NA,NA,LAMINARIA DIGITATA,108536,0.38625893712685194,FALSE,FALSE,FALSE,FALSE,FALSE,FALSE,FALSE,FALSE,FALSE,FALSE,FALSE,0,FALSE,NA,NA,FALSE,FALSE,FALSE,FALSE,FALSE,FALSE,FALSE,FALSE,FALSE,FALSE,FALSE,FALSE,NA,NA,0.6137410628731481,8.2,FIELD_SPM,EXP4_FIELD_SPM,0.7781512503836436,0,0 lux,4,1,SPM,NA,FIELD_SPM,NA,NA,FALSE,FALSE,FALSE,FALSE,TRUE,Day 4,<25 NTU,0 lux,36,72,3,Experiment 4: Field-derived SPM gradient,Exp. 4 Field SPM,Field SPM,SPM,NA
358,C1881i,20250104_C1881_clip.MP4,504,10.2,NA,10.2,10.2,TRUE,EXP2_DEFINED_PARTICLES,DEFINED_PARTICLES,FALSE,TRUE,52,24235,12,L. DIGITATA,BR,WINTER,Bognor,PEAT,PEAT,NA,NA,0,400,0,0,NA,246,759,1005,0.24477611940298508,none,NA,NA,NA,NA,NA,2024,NA,NA,LAMINARIA DIGITATA,1005,0.24477611940298508,FALSE,FALSE,FALSE,FALSE,FALSE,FALSE,FALSE,FALSE,FALSE,FALSE,FALSE,0,FALSE,NA,NA,FALSE,FALSE,FALSE,FALSE,FALSE,FALSE,FALSE,FALSE,FALSE,FALSE,FALSE,FALSE,NA,NA,0.755223880597015,10.2,DEFINED_PARTICLES,EXP2_DEFINED_PARTICLES,2.603144372620182,0,0 lux,12,3,PEAT,NA,DEFINED_PARTICLES,NA,NA,FALSE,TRUE,FALSE,FALSE,FALSE,Day 12,>=400 NTU,0 lux,27,108,4,Experiment 2: Defined particle concentration series,Exp. 2 Defined particles,Peat,Peat,NA
359,C1882,20241231_C1882_clip.MP4,504,8.2,NA,8.2,8.2,TRUE,EXP4_FIELD_SPM,FIELD_SPM,FALSE,TRUE,52,24316,4,L. DIGITATA,BR,WINTER,Bognor,SPM,SPM,NA,NA,0,5,0,0,NA,1620,3525,5145,0.31486880466472306,none,NA,NA,NA,NA,NA,2024,NA,NA,LAMINARIA DIGITATA,5145,0.31486880466472306,FALSE,FALSE,FALSE,FALSE,FALSE,FALSE,FALSE,FALSE,FALSE,FALSE,FALSE,0,FALSE,NA,NA,FALSE,FALSE,FALSE,FALSE,FALSE,FALSE,FALSE,FALSE,FALSE,FALSE,FALSE,FALSE,NA,NA,0.685131195335277,8.2,FIELD_SPM,EXP4_FIELD_SPM,0.7781512503836436,0,0 lux,4,1,SPM,NA,FIELD_SPM,NA,NA,FALSE,FALSE,FALSE,FALSE,TRUE,Day 4,<25 NTU,0 lux,36,72,3,Experiment 4: Field-derived SPM gradient,Exp. 4 Field SPM,Field SPM,SPM,NA
360,C1882i,20250104_C1882_clip.MP4,504,10.2,NA,10.2,10.2,TRUE,EXP2_DEFINED_PARTICLES,DEFINED_PARTICLES,FALSE,TRUE,52,24236,12,L. DIGITATA,BR,WINTER,Bognor,PEAT,PEAT,NA,NA,0,400,0,0,NA,2157,3629,5786,0.37279640511579676,none,NA,NA,NA,NA,NA,2024,NA,NA,LAMINARIA DIGITATA,5786,0.37279640511579676,FALSE,FALSE,FALSE,FALSE,FALSE,FALSE,FALSE,FALSE,FALSE,FALSE,FALSE,0,FALSE,NA,NA,FALSE,FALSE,FALSE,FALSE,FALSE,FALSE,FALSE,FALSE,FALSE,FALSE,FALSE,FALSE,NA,NA,0.6272035948842033,10.2,DEFINED_PARTICLES,EXP2_DEFINED_PARTICLES,2.603144372620182,0,0 lux,12,3,PEAT,NA,DEFINED_PARTICLES,NA,NA,FALSE,TRUE,FALSE,FALSE,FALSE,Day 12,>=400 NTU,0 lux,27,108,4,Experiment 2: Defined particle concentration series,Exp. 2 Defined particles,Peat,Peat,NA
361,C1883,20241231_C1883_clip.MP4,504,8.2,NA,8.2,8.2,TRUE,EXP4_FIELD_SPM,FIELD_SPM,FALSE,TRUE,52,24321,4,L. DIGITATA,BR,WINTER,Bognor,SPM,SPM,NA,NA,0,25,0,0,NA,39888,61769,101657,0.3923782917064245,none,NA,NA,NA,NA,NA,2024,NA,NA,LAMINARIA DIGITATA,101657,0.3923782917064245,FALSE,FALSE,FALSE,FALSE,FALSE,FALSE,FALSE,FALSE,FALSE,FALSE,FALSE,0,FALSE,NA,NA,FALSE,FALSE,FALSE,FALSE,FALSE,FALSE,FALSE,FALSE,FALSE,FALSE,FALSE,FALSE,NA,NA,0.6076217082935754,8.2,FIELD_SPM,EXP4_FIELD_SPM,1.414973347970818,0,0 lux,4,1,SPM,NA,FIELD_SPM,NA,NA,FALSE,FALSE,FALSE,FALSE,TRUE,Day 4,25-<100 NTU,0 lux,36,72,3,Experiment 4: Field-derived SPM gradient,Exp. 4 Field SPM,Field SPM,SPM,NA
362,C1883i,20250104_C1883_clip.MP4,504,10.2,NA,10.2,10.2,TRUE,EXP2_DEFINED_PARTICLES,DEFINED_PARTICLES,FALSE,TRUE,52,24241,12,L. DIGITATA,BR,WINTER,Bognor,KAOLINITE,KAOLINITE,NA,NA,0,100,0,0,NA,232,685,917,0.2529989094874591,none,NA,NA,NA,NA,NA,2024,NA,NA,LAMINARIA DIGITATA,917,0.2529989094874591,FALSE,FALSE,FALSE,FALSE,FALSE,FALSE,FALSE,FALSE,FALSE,FALSE,FALSE,0,FALSE,NA,NA,FALSE,FALSE,FALSE,FALSE,FALSE,FALSE,FALSE,FALSE,FALSE,FALSE,FALSE,FALSE,NA,NA,0.7470010905125409,10.2,DEFINED_PARTICLES,EXP2_DEFINED_PARTICLES,2.0043213737826426,0,0 lux,12,3,KAOLINITE,NA,DEFINED_PARTICLES,NA,NA,FALSE,TRUE,FALSE,FALSE,FALSE,Day 12,100-<400 NTU,0 lux,27,108,4,Experiment 2: Defined particle concentration series,Exp. 2 Defined particles,Kaolinite,Kaolinite,NA
363,C1884,20241231_C1884_clip.MP4,504,8.2,NA,8.2,8.2,TRUE,EXP4_FIELD_SPM,FIELD_SPM,FALSE,TRUE,52,24322,4,L. DIGITATA,BR,WINTER,Bognor,SPM,SPM,NA,NA,0,25,0,0,NA,36421,54687,91108,0.39975633314308295,none,NA,NA,NA,NA,NA,2024,NA,NA,LAMINARIA DIGITATA,91108,0.39975633314308295,FALSE,FALSE,FALSE,FALSE,FALSE,FALSE,FALSE,FALSE,FALSE,FALSE,FALSE,0,FALSE,NA,NA,FALSE,FALSE,FALSE,FALSE,FALSE,FALSE,FALSE,FALSE,FALSE,FALSE,FALSE,FALSE,NA,NA,0.6002436668569171,8.2,FIELD_SPM,EXP4_FIELD_SPM,1.414973347970818,0,0 lux,4,1,SPM,NA,FIELD_SPM,NA,NA,FALSE,FALSE,FALSE,FALSE,TRUE,Day 4,25-<100 NTU,0 lux,36,72,3,Experiment 4: Field-derived SPM gradient,Exp. 4 Field SPM,Field SPM,SPM,NA
364,C1884i,20250104_C1884_clip.MP4,504,10.2,NA,10.2,10.2,TRUE,EXP2_DEFINED_PARTICLES,DEFINED_PARTICLES,FALSE,TRUE,52,24242,12,L. DIGITATA,BR,WINTER,Bognor,KAOLINITE,KAOLINITE,NA,NA,0,100,0,0,NA,457,1118,1575,0.29015873015873017,none,NA,NA,NA,NA,NA,2024,NA,NA,LAMINARIA DIGITATA,1575,0.29015873015873017,FALSE,FALSE,FALSE,FALSE,FALSE,FALSE,FALSE,FALSE,FALSE,FALSE,FALSE,0,FALSE,NA,NA,FALSE,FALSE,FALSE,FALSE,FALSE,FALSE,FALSE,FALSE,FALSE,FALSE,FALSE,FALSE,NA,NA,0.7098412698412698,10.2,DEFINED_PARTICLES,EXP2_DEFINED_PARTICLES,2.0043213737826426,0,0 lux,12,3,KAOLINITE,NA,DEFINED_PARTICLES,NA,NA,FALSE,TRUE,FALSE,FALSE,FALSE,Day 12,100-<400 NTU,0 lux,27,108,4,Experiment 2: Defined particle concentration series,Exp. 2 Defined particles,Kaolinite,Kaolinite,NA
365,C1885,20241231_C1885_clip.MP4,504,8.2,NA,8.2,8.2,TRUE,EXP4_FIELD_SPM,FIELD_SPM,FALSE,TRUE,52,24323,4,L. DIGITATA,BR,WINTER,Bognor,SPM,SPM,NA,NA,0,25,0,0,NA,40860,66882,107742,0.3792392938686863,none,NA,NA,NA,NA,NA,2024,NA,NA,LAMINARIA DIGITATA,107742,0.3792392938686863,FALSE,FALSE,FALSE,FALSE,FALSE,FALSE,FALSE,FALSE,FALSE,FALSE,FALSE,0,FALSE,NA,NA,FALSE,FALSE,FALSE,FALSE,FALSE,FALSE,FALSE,FALSE,FALSE,FALSE,FALSE,FALSE,NA,NA,0.6207607061313137,8.2,FIELD_SPM,EXP4_FIELD_SPM,1.414973347970818,0,0 lux,4,1,SPM,NA,FIELD_SPM,NA,NA,FALSE,FALSE,FALSE,FALSE,TRUE,Day 4,25-<100 NTU,0 lux,36,72,3,Experiment 4: Field-derived SPM gradient,Exp. 4 Field SPM,Field SPM,SPM,NA
366,C1885i,20250104_C1885_clip.MP4,504,10.2,NA,10.2,10.2,TRUE,EXP2_DEFINED_PARTICLES,DEFINED_PARTICLES,FALSE,TRUE,52,24243,12,L. DIGITATA,BR,WINTER,Bognor,KAOLINITE,KAOLINITE,NA,NA,0,100,0,0,NA,44626,90055,134681,0.3313459211024569,none,NA,NA,NA,NA,NA,2024,NA,NA,LAMINARIA DIGITATA,134681,0.3313459211024569,FALSE,FALSE,FALSE,FALSE,FALSE,FALSE,FALSE,FALSE,FALSE,FALSE,FALSE,0,FALSE,NA,NA,FALSE,FALSE,FALSE,FALSE,FALSE,FALSE,FALSE,FALSE,FALSE,FALSE,FALSE,FALSE,NA,NA,0.6686540788975431,10.2,DEFINED_PARTICLES,EXP2_DEFINED_PARTICLES,2.0043213737826426,0,0 lux,12,3,KAOLINITE,NA,DEFINED_PARTICLES,NA,NA,FALSE,TRUE,FALSE,FALSE,FALSE,Day 12,100-<400 NTU,0 lux,27,108,4,Experiment 2: Defined particle concentration series,Exp. 2 Defined particles,Kaolinite,Kaolinite,NA
367,C1886,20241231_C1886_clip.MP4,504,8.2,NA,8.2,8.2,TRUE,EXP4_FIELD_SPM,FIELD_SPM,FALSE,TRUE,52,24324,4,L. DIGITATA,BR,WINTER,Bognor,SPM,SPM,NA,NA,0,125,0,0,NA,40361,60593,100954,0.3997959466687798,none,NA,NA,NA,NA,NA,2024,NA,NA,LAMINARIA DIGITATA,100954,0.3997959466687798,FALSE,FALSE,FALSE,FALSE,FALSE,FALSE,FALSE,FALSE,FALSE,FALSE,FALSE,0,FALSE,NA,NA,FALSE,FALSE,FALSE,FALSE,FALSE,FALSE,FALSE,FALSE,FALSE,FALSE,FALSE,FALSE,NA,NA,0.6002040533312202,8.2,FIELD_SPM,EXP4_FIELD_SPM,2.100370545117563,0,0 lux,4,1,SPM,NA,FIELD_SPM,NA,NA,FALSE,FALSE,FALSE,FALSE,TRUE,Day 4,100-<400 NTU,0 lux,36,72,3,Experiment 4: Field-derived SPM gradient,Exp. 4 Field SPM,Field SPM,SPM,NA
368,C1886i,20250104_C1886_clip.MP4,504,10.2,NA,10.2,10.2,TRUE,EXP2_DEFINED_PARTICLES,DEFINED_PARTICLES,FALSE,TRUE,52,24244,12,L. DIGITATA,BR,WINTER,Bognor,KAOLINITE,KAOLINITE,NA,NA,0,400,0,0,NA,576,1222,1798,0.3203559510567297,none,NA,NA,NA,NA,NA,2024,NA,NA,LAMINARIA DIGITATA,1798,0.3203559510567297,FALSE,FALSE,FALSE,FALSE,FALSE,FALSE,FALSE,FALSE,FALSE,FALSE,FALSE,0,FALSE,NA,NA,FALSE,FALSE,FALSE,FALSE,FALSE,FALSE,FALSE,FALSE,FALSE,FALSE,FALSE,FALSE,NA,NA,0.6796440489432704,10.2,DEFINED_PARTICLES,EXP2_DEFINED_PARTICLES,2.603144372620182,0,0 lux,12,3,KAOLINITE,NA,DEFINED_PARTICLES,NA,NA,FALSE,TRUE,FALSE,FALSE,FALSE,Day 12,>=400 NTU,0 lux,27,108,4,Experiment 2: Defined particle concentration series,Exp. 2 Defined particles,Kaolinite,Kaolinite,NA
369,C1887,20241231_C1887_clip.MP4,504,8.2,NA,8.2,8.2,TRUE,EXP4_FIELD_SPM,FIELD_SPM,FALSE,TRUE,52,24325,4,L. DIGITATA,BR,WINTER,Bognor,SPM,SPM,NA,NA,0,125,0,0,NA,47929,76762,124691,0.3843821927805535,none,NA,NA,NA,NA,NA,2024,NA,NA,LAMINARIA DIGITATA,124691,0.3843821927805535,FALSE,FALSE,FALSE,FALSE,FALSE,FALSE,FALSE,FALSE,FALSE,FALSE,FALSE,0,FALSE,NA,NA,FALSE,FALSE,FALSE,FALSE,FALSE,FALSE,FALSE,FALSE,FALSE,FALSE,FALSE,FALSE,NA,NA,0.6156178072194465,8.2,FIELD_SPM,EXP4_FIELD_SPM,2.100370545117563,0,0 lux,4,1,SPM,NA,FIELD_SPM,NA,NA,FALSE,FALSE,FALSE,FALSE,TRUE,Day 4,100-<400 NTU,0 lux,36,72,3,Experiment 4: Field-derived SPM gradient,Exp. 4 Field SPM,Field SPM,SPM,NA
370,C1887i,20250104_C1887_clip.MP4,504,10.2,NA,10.2,10.2,TRUE,EXP2_DEFINED_PARTICLES,DEFINED_PARTICLES,FALSE,TRUE,52,24245,12,L. DIGITATA,BR,WINTER,Bognor,KAOLINITE,KAOLINITE,NA,NA,0,400,0,0,NA,981,1228,2209,0.44409234947940246,none,NA,NA,NA,NA,NA,2024,NA,NA,LAMINARIA DIGITATA,2209,0.44409234947940246,FALSE,FALSE,FALSE,FALSE,FALSE,FALSE,FALSE,FALSE,FALSE,FALSE,FALSE,0,FALSE,NA,NA,FALSE,FALSE,FALSE,FALSE,FALSE,FALSE,FALSE,FALSE,FALSE,FALSE,FALSE,FALSE,NA,NA,0.5559076505205975,10.2,DEFINED_PARTICLES,EXP2_DEFINED_PARTICLES,2.603144372620182,0,0 lux,12,3,KAOLINITE,NA,DEFINED_PARTICLES,NA,NA,FALSE,TRUE,FALSE,FALSE,FALSE,Day 12,>=400 NTU,0 lux,27,108,4,Experiment 2: Defined particle concentration series,Exp. 2 Defined particles,Kaolinite,Kaolinite,NA
371,C1888,20241231_C1888_clip.MP4,504,8.2,NA,8.2,8.2,TRUE,EXP4_FIELD_SPM,FIELD_SPM,FALSE,TRUE,52,24326,4,L. DIGITATA,BR,WINTER,Bognor,SPM,SPM,NA,NA,0,125,0,0,NA,40217,59892,100109,0.40173211199792225,none,NA,NA,NA,NA,NA,2024,NA,NA,LAMINARIA DIGITATA,100109,0.40173211199792225,FALSE,FALSE,FALSE,FALSE,FALSE,FALSE,FALSE,FALSE,FALSE,FALSE,FALSE,0,FALSE,NA,NA,FALSE,FALSE,FALSE,FALSE,FALSE,FALSE,FALSE,FALSE,FALSE,FALSE,FALSE,FALSE,NA,NA,0.5982678880020778,8.2,FIELD_SPM,EXP4_FIELD_SPM,2.100370545117563,0,0 lux,4,1,SPM,NA,FIELD_SPM,NA,NA,FALSE,FALSE,FALSE,FALSE,TRUE,Day 4,100-<400 NTU,0 lux,36,72,3,Experiment 4: Field-derived SPM gradient,Exp. 4 Field SPM,Field SPM,SPM,NA
372,C1888i,20250104_C1888_clip.MP4,504,10.2,NA,10.2,10.2,TRUE,EXP2_DEFINED_PARTICLES,DEFINED_PARTICLES,FALSE,TRUE,52,24246,12,L. DIGITATA,BR,WINTER,Bognor,KAOLINITE,KAOLINITE,NA,NA,0,400,0,0,NA,1603,3085,4688,0.3419368600682594,none,NA,NA,NA,NA,NA,2024,NA,NA,LAMINARIA DIGITATA,4688,0.3419368600682594,FALSE,FALSE,FALSE,FALSE,FALSE,FALSE,FALSE,FALSE,FALSE,FALSE,FALSE,0,FALSE,NA,NA,FALSE,FALSE,FALSE,FALSE,FALSE,FALSE,FALSE,FALSE,FALSE,FALSE,FALSE,FALSE,NA,NA,0.6580631399317406,10.2,DEFINED_PARTICLES,EXP2_DEFINED_PARTICLES,2.603144372620182,0,0 lux,12,3,KAOLINITE,NA,DEFINED_PARTICLES,NA,NA,FALSE,TRUE,FALSE,FALSE,FALSE,Day 12,>=400 NTU,0 lux,27,108,4,Experiment 2: Defined particle concentration series,Exp. 2 Defined particles,Kaolinite,Kaolinite,NA
373,C1889,20241231_C1889_clip.MP4,504,8.2,NA,8.2,8.2,TRUE,EXP4_FIELD_SPM,FIELD_SPM,FALSE,TRUE,52,24331,4,L. DIGITATA,BR,WINTER,Bognor,SPM,SPM,NA,NA,0,250,0,0,NA,36343,55796,92139,0.39443666634107166,none,NA,NA,NA,NA,NA,2024,NA,NA,LAMINARIA DIGITATA,92139,0.39443666634107166,FALSE,FALSE,FALSE,FALSE,FALSE,FALSE,FALSE,FALSE,FALSE,FALSE,FALSE,0,FALSE,NA,NA,FALSE,FALSE,FALSE,FALSE,FALSE,FALSE,FALSE,FALSE,FALSE,FALSE,FALSE,FALSE,NA,NA,0.6055633336589283,8.2,FIELD_SPM,EXP4_FIELD_SPM,2.399673721481038,0,0 lux,4,1,SPM,NA,FIELD_SPM,NA,NA,FALSE,FALSE,FALSE,FALSE,TRUE,Day 4,100-<400 NTU,0 lux,36,72,3,Experiment 4: Field-derived SPM gradient,Exp. 4 Field SPM,Field SPM,SPM,NA
374,C1889i,20250104_C1889_clip.MP4,504,10.2,NA,10.2,10.2,TRUE,EXP2_DEFINED_PARTICLES,DEFINED_PARTICLES,FALSE,TRUE,52,24251,12,L. DIGITATA,BR,WINTER,Bognor,SAND,SAND,NA,NA,0,100,0,0,NA,303,785,1088,0.27849264705882354,none,NA,NA,NA,NA,NA,2024,NA,NA,LAMINARIA DIGITATA,1088,0.27849264705882354,FALSE,FALSE,FALSE,FALSE,FALSE,FALSE,FALSE,FALSE,FALSE,FALSE,FALSE,0,FALSE,NA,NA,FALSE,FALSE,FALSE,FALSE,FALSE,FALSE,FALSE,FALSE,FALSE,FALSE,FALSE,FALSE,NA,NA,0.7215073529411765,10.2,DEFINED_PARTICLES,EXP2_DEFINED_PARTICLES,2.0043213737826426,0,0 lux,12,3,SAND,NA,DEFINED_PARTICLES,NA,NA,FALSE,TRUE,FALSE,FALSE,FALSE,Day 12,100-<400 NTU,0 lux,27,108,4,Experiment 2: Defined particle concentration series,Exp. 2 Defined particles,Sand,Sand,NA
375,C1890,20241231_C1890_clip.MP4,504,8.2,NA,8.2,8.2,TRUE,EXP4_FIELD_SPM,FIELD_SPM,FALSE,TRUE,52,24332,4,L. DIGITATA,BR,WINTER,Bognor,SPM,SPM,NA,NA,0,250,0,0,NA,4840,7312,12152,0.39828834759710335,none,NA,NA,NA,NA,NA,2024,NA,NA,LAMINARIA DIGITATA,12152,0.39828834759710335,FALSE,FALSE,FALSE,FALSE,FALSE,FALSE,FALSE,FALSE,FALSE,FALSE,FALSE,0,FALSE,NA,NA,FALSE,FALSE,FALSE,FALSE,FALSE,FALSE,FALSE,FALSE,FALSE,FALSE,FALSE,FALSE,NA,NA,0.6017116524028966,8.2,FIELD_SPM,EXP4_FIELD_SPM,2.399673721481038,0,0 lux,4,1,SPM,NA,FIELD_SPM,NA,NA,FALSE,FALSE,FALSE,FALSE,TRUE,Day 4,100-<400 NTU,0 lux,36,72,3,Experiment 4: Field-derived SPM gradient,Exp. 4 Field SPM,Field SPM,SPM,NA
376,C1890i,20250104_C1890_clip.MP4,504,10.2,NA,10.2,10.2,TRUE,EXP2_DEFINED_PARTICLES,DEFINED_PARTICLES,FALSE,TRUE,52,24252,12,L. DIGITATA,BR,WINTER,Bognor,SAND,SAND,NA,NA,0,100,0,0,NA,500,1055,1555,0.3215434083601286,none,NA,NA,NA,NA,NA,2024,NA,NA,LAMINARIA DIGITATA,1555,0.3215434083601286,FALSE,FALSE,FALSE,FALSE,FALSE,FALSE,FALSE,FALSE,FALSE,FALSE,FALSE,0,FALSE,NA,NA,FALSE,FALSE,FALSE,FALSE,FALSE,FALSE,FALSE,FALSE,FALSE,FALSE,FALSE,FALSE,NA,NA,0.6784565916398714,10.2,DEFINED_PARTICLES,EXP2_DEFINED_PARTICLES,2.0043213737826426,0,0 lux,12,3,SAND,NA,DEFINED_PARTICLES,NA,NA,FALSE,TRUE,FALSE,FALSE,FALSE,Day 12,100-<400 NTU,0 lux,27,108,4,Experiment 2: Defined particle concentration series,Exp. 2 Defined particles,Sand,Sand,NA
377,C1891,20241231_C1891_clip.MP4,504,8.2,NA,8.2,8.2,TRUE,EXP4_FIELD_SPM,FIELD_SPM,FALSE,TRUE,52,24333,4,L. DIGITATA,BR,WINTER,Bognor,SPM,SPM,NA,NA,0,250,0,0,NA,38654,57868,96522,0.4004682870226477,none,NA,NA,NA,NA,NA,2024,NA,NA,LAMINARIA DIGITATA,96522,0.4004682870226477,FALSE,FALSE,FALSE,FALSE,FALSE,FALSE,FALSE,FALSE,FALSE,FALSE,FALSE,0,FALSE,NA,NA,FALSE,FALSE,FALSE,FALSE,FALSE,FALSE,FALSE,FALSE,FALSE,FALSE,FALSE,FALSE,NA,NA,0.5995317129773523,8.2,FIELD_SPM,EXP4_FIELD_SPM,2.399673721481038,0,0 lux,4,1,SPM,NA,FIELD_SPM,NA,NA,FALSE,FALSE,FALSE,FALSE,TRUE,Day 4,100-<400 NTU,0 lux,36,72,3,Experiment 4: Field-derived SPM gradient,Exp. 4 Field SPM,Field SPM,SPM,NA
378,C1892,20241231_C1892_clip.MP4,504,8.2,NA,8.2,8.2,TRUE,EXP4_FIELD_SPM,FIELD_SPM,FALSE,TRUE,52,24334,4,L. DIGITATA,BR,WINTER,Bognor,SPM,SPM,NA,NA,0,500,0,0,NA,8752,17110,25862,0.3384115690975176,none,NA,NA,NA,NA,NA,2024,NA,NA,LAMINARIA DIGITATA,25862,0.3384115690975176,FALSE,FALSE,FALSE,FALSE,FALSE,FALSE,FALSE,FALSE,FALSE,FALSE,FALSE,0,FALSE,NA,NA,FALSE,FALSE,FALSE,FALSE,FALSE,FALSE,FALSE,FALSE,FALSE,FALSE,FALSE,FALSE,NA,NA,0.6615884309024824,8.2,FIELD_SPM,EXP4_FIELD_SPM,2.699837725867246,0,0 lux,4,1,SPM,NA,FIELD_SPM,NA,NA,FALSE,FALSE,FALSE,FALSE,TRUE,Day 4,>=400 NTU,0 lux,36,72,3,Experiment 4: Field-derived SPM gradient,Exp. 4 Field SPM,Field SPM,SPM,NA
379,C1892i,20250104_C1892_clip.MP4,504,10.2,NA,10.2,10.2,TRUE,EXP2_DEFINED_PARTICLES,DEFINED_PARTICLES,FALSE,TRUE,52,24253,12,L. DIGITATA,BR,WINTER,Bognor,SAND,SAND,NA,NA,0,100,0,0,NA,280,650,930,0.3010752688172043,none,NA,NA,NA,NA,NA,2024,NA,Refocused/ fewer but those that are there are fewer,LAMINARIA DIGITATA,930,0.3010752688172043,FALSE,FALSE,FALSE,FALSE,FALSE,FALSE,FALSE,FALSE,FALSE,FALSE,FALSE,0,FALSE,NA,NA,FALSE,FALSE,FALSE,FALSE,FALSE,FALSE,FALSE,FALSE,FALSE,FALSE,FALSE,FALSE,NA,NA,0.6989247311827957,10.2,DEFINED_PARTICLES,EXP2_DEFINED_PARTICLES,2.0043213737826426,0,0 lux,12,3,SAND,NA,DEFINED_PARTICLES,NA,NA,FALSE,TRUE,FALSE,FALSE,FALSE,Day 12,100-<400 NTU,0 lux,27,108,4,Experiment 2: Defined particle concentration series,Exp. 2 Defined particles,Sand,Sand,NA
380,C1893i,20250104_C1893_clip.MP4,504,10.2,NA,10.2,10.2,TRUE,EXP2_DEFINED_PARTICLES,DEFINED_PARTICLES,FALSE,TRUE,52,24254,12,L. DIGITATA,BR,WINTER,Bognor,SAND,SAND,NA,NA,0,400,0,0,NA,215,656,871,0.2468427095292767,none,NA,NA,NA,NA,NA,2024,NA,NA,LAMINARIA DIGITATA,871,0.2468427095292767,FALSE,FALSE,FALSE,FALSE,FALSE,FALSE,FALSE,FALSE,FALSE,FALSE,FALSE,0,FALSE,NA,NA,FALSE,FALSE,FALSE,FALSE,FALSE,FALSE,FALSE,FALSE,FALSE,FALSE,FALSE,FALSE,NA,NA,0.7531572904707233,10.2,DEFINED_PARTICLES,EXP2_DEFINED_PARTICLES,2.603144372620182,0,0 lux,12,3,SAND,NA,DEFINED_PARTICLES,NA,NA,FALSE,TRUE,FALSE,FALSE,FALSE,Day 12,>=400 NTU,0 lux,27,108,4,Experiment 2: Defined particle concentration series,Exp. 2 Defined particles,Sand,Sand,NA
381,C1894,20241231_C1894_clip.MP4,504,8.2,NA,8.2,8.2,TRUE,EXP4_FIELD_SPM,FIELD_SPM,FALSE,TRUE,52,24335,4,L. DIGITATA,BR,WINTER,Bognor,SPM,SPM,NA,NA,0,500,0,0,NA,38321,61670,99991,0.3832444920042804,none,NA,NA,NA,NA,NA,2024,NA,NA,LAMINARIA DIGITATA,99991,0.3832444920042804,FALSE,FALSE,FALSE,FALSE,FALSE,FALSE,FALSE,FALSE,FALSE,FALSE,FALSE,0,FALSE,NA,NA,FALSE,FALSE,FALSE,FALSE,FALSE,FALSE,FALSE,FALSE,FALSE,FALSE,FALSE,FALSE,NA,NA,0.6167555079957197,8.2,FIELD_SPM,EXP4_FIELD_SPM,2.699837725867246,0,0 lux,4,1,SPM,NA,FIELD_SPM,NA,NA,FALSE,FALSE,FALSE,FALSE,TRUE,Day 4,>=400 NTU,0 lux,36,72,3,Experiment 4: Field-derived SPM gradient,Exp. 4 Field SPM,Field SPM,SPM,NA
382,C1895i,20250104_C1895_clip.MP4,504,10.2,NA,10.2,10.2,TRUE,EXP2_DEFINED_PARTICLES,DEFINED_PARTICLES,FALSE,TRUE,52,24255,12,L. DIGITATA,BR,WINTER,Bognor,SAND,SAND,NA,NA,0,400,0,0,NA,5804,9070,14874,0.3902111066290171,none,NA,NA,NA,NA,NA,2024,NA,Refocused,LAMINARIA DIGITATA,14874,0.3902111066290171,FALSE,FALSE,FALSE,FALSE,FALSE,FALSE,FALSE,FALSE,FALSE,FALSE,FALSE,0,FALSE,NA,NA,FALSE,FALSE,FALSE,FALSE,FALSE,FALSE,FALSE,FALSE,FALSE,FALSE,FALSE,FALSE,NA,NA,0.609788893370983,10.2,DEFINED_PARTICLES,EXP2_DEFINED_PARTICLES,2.603144372620182,0,0 lux,12,3,SAND,NA,DEFINED_PARTICLES,NA,NA,FALSE,TRUE,FALSE,FALSE,FALSE,Day 12,>=400 NTU,0 lux,27,108,4,Experiment 2: Defined particle concentration series,Exp. 2 Defined particles,Sand,Sand,NA
383,C1896,20241231_C1896_clip.MP4,504,8.2,NA,8.2,8.2,TRUE,EXP4_FIELD_SPM,FIELD_SPM,FALSE,TRUE,52,24336,4,L. DIGITATA,BR,WINTER,Bognor,SPM,SPM,NA,NA,0,500,0,0,NA,45254,68572,113826,0.3975717322931492,none,NA,NA,NA,NA,NA,2024,NA,Refocused,LAMINARIA DIGITATA,113826,0.3975717322931492,FALSE,FALSE,FALSE,FALSE,FALSE,FALSE,FALSE,FALSE,FALSE,FALSE,FALSE,0,FALSE,NA,NA,FALSE,FALSE,FALSE,FALSE,FALSE,FALSE,FALSE,FALSE,FALSE,FALSE,FALSE,FALSE,NA,NA,0.6024282677068508,8.2,FIELD_SPM,EXP4_FIELD_SPM,2.699837725867246,0,0 lux,4,1,SPM,NA,FIELD_SPM,NA,NA,FALSE,FALSE,FALSE,FALSE,TRUE,Day 4,>=400 NTU,0 lux,36,72,3,Experiment 4: Field-derived SPM gradient,Exp. 4 Field SPM,Field SPM,SPM,NA
384,C1896i,20250104_C1896_clip.MP4,504,10.2,NA,10.2,10.2,TRUE,EXP2_DEFINED_PARTICLES,DEFINED_PARTICLES,FALSE,TRUE,52,24256,12,L. DIGITATA,BR,WINTER,Bognor,SAND,SAND,NA,NA,0,400,0,0,NA,285,669,954,0.29874213836477986,none,NA,NA,NA,NA,NA,2024,NA,NA,LAMINARIA DIGITATA,954,0.29874213836477986,FALSE,FALSE,FALSE,FALSE,FALSE,FALSE,FALSE,FALSE,FALSE,FALSE,FALSE,0,FALSE,NA,NA,FALSE,FALSE,FALSE,FALSE,FALSE,FALSE,FALSE,FALSE,FALSE,FALSE,FALSE,FALSE,NA,NA,0.7012578616352201,10.2,DEFINED_PARTICLES,EXP2_DEFINED_PARTICLES,2.603144372620182,0,0 lux,12,3,SAND,NA,DEFINED_PARTICLES,NA,NA,FALSE,TRUE,FALSE,FALSE,FALSE,Day 12,>=400 NTU,0 lux,27,108,4,Experiment 2: Defined particle concentration series,Exp. 2 Defined particles,Sand,Sand,NA
385,C1897i,20250104_C1897_clip.MP4,504,10.2,NA,10.2,10.2,TRUE,EXP2_DEFINED_PARTICLES,DEFINED_PARTICLES,FALSE,TRUE,52,24261,12,L. DIGITATA,BR,WINTER,Bognor,SAND,SAND,NA,NA,0,25,0,0,NA,257,842,1099,0.2338489535941765,none,NA,NA,NA,NA,NA,2024,NA,Didn't switch  off video and so moved slide (first 11 seconds though should be ok),LAMINARIA DIGITATA,1099,0.2338489535941765,FALSE,FALSE,FALSE,FALSE,FALSE,FALSE,FALSE,FALSE,FALSE,FALSE,FALSE,0,FALSE,NA,NA,FALSE,FALSE,FALSE,FALSE,FALSE,FALSE,FALSE,FALSE,FALSE,FALSE,FALSE,FALSE,NA,NA,0.7661510464058234,10.2,DEFINED_PARTICLES,EXP2_DEFINED_PARTICLES,1.414973347970818,0,0 lux,12,3,SAND,NA,DEFINED_PARTICLES,NA,NA,FALSE,TRUE,FALSE,FALSE,FALSE,Day 12,25-<100 NTU,0 lux,27,108,4,Experiment 2: Defined particle concentration series,Exp. 2 Defined particles,Sand,Sand,NA
386,C1899i,20250104_C1899_clip.MP4,504,10.2,NA,10.2,10.2,TRUE,EXP2_DEFINED_PARTICLES,DEFINED_PARTICLES,FALSE,TRUE,52,24262,12,L. DIGITATA,BR,WINTER,Bognor,SAND,SAND,NA,NA,0,25,0,0,NA,239,639,878,0.2722095671981777,none,NA,NA,NA,NA,NA,2024,NA,NA,LAMINARIA DIGITATA,878,0.2722095671981777,FALSE,FALSE,FALSE,FALSE,FALSE,FALSE,FALSE,FALSE,FALSE,FALSE,FALSE,0,FALSE,NA,NA,FALSE,FALSE,FALSE,FALSE,FALSE,FALSE,FALSE,FALSE,FALSE,FALSE,FALSE,FALSE,NA,NA,0.7277904328018223,10.2,DEFINED_PARTICLES,EXP2_DEFINED_PARTICLES,1.414973347970818,0,0 lux,12,3,SAND,NA,DEFINED_PARTICLES,NA,NA,FALSE,TRUE,FALSE,FALSE,FALSE,Day 12,25-<100 NTU,0 lux,27,108,4,Experiment 2: Defined particle concentration series,Exp. 2 Defined particles,Sand,Sand,NA
387,C1900i,20250104_C1900_clip.MP4,504,10.2,NA,10.2,10.2,TRUE,EXP2_DEFINED_PARTICLES,DEFINED_PARTICLES,FALSE,TRUE,52,24263,12,L. DIGITATA,BR,WINTER,Bognor,SAND,SAND,NA,NA,0,25,0,0,NA,236,631,867,0.2722029988465975,none,NA,NA,NA,NA,NA,2024,NA,NA,LAMINARIA DIGITATA,867,0.2722029988465975,FALSE,FALSE,FALSE,FALSE,FALSE,FALSE,FALSE,FALSE,FALSE,FALSE,FALSE,0,FALSE,NA,NA,FALSE,FALSE,FALSE,FALSE,FALSE,FALSE,FALSE,FALSE,FALSE,FALSE,FALSE,FALSE,NA,NA,0.7277970011534025,10.2,DEFINED_PARTICLES,EXP2_DEFINED_PARTICLES,1.414973347970818,0,0 lux,12,3,SAND,NA,DEFINED_PARTICLES,NA,NA,FALSE,TRUE,FALSE,FALSE,FALSE,Day 12,25-<100 NTU,0 lux,27,108,4,Experiment 2: Defined particle concentration series,Exp. 2 Defined particles,Sand,Sand,NA
388,C1901i,20250104_C1901_clip.MP4,504,10.2,NA,10.2,10.2,TRUE,EXP2_DEFINED_PARTICLES,DEFINED_PARTICLES,FALSE,TRUE,52,24264,12,L. DIGITATA,BR,WINTER,Bognor,KAOLINITE,KAOLINITE,NA,NA,0,25,0,0,NA,496,1144,1640,0.3024390243902439,none,NA,NA,NA,NA,NA,2024,NA,NA,LAMINARIA DIGITATA,1640,0.3024390243902439,FALSE,FALSE,FALSE,FALSE,FALSE,FALSE,FALSE,FALSE,FALSE,FALSE,FALSE,0,FALSE,NA,NA,FALSE,FALSE,FALSE,FALSE,FALSE,FALSE,FALSE,FALSE,FALSE,FALSE,FALSE,FALSE,NA,NA,0.697560975609756,10.2,DEFINED_PARTICLES,EXP2_DEFINED_PARTICLES,1.414973347970818,0,0 lux,12,3,KAOLINITE,NA,DEFINED_PARTICLES,NA,NA,FALSE,TRUE,FALSE,FALSE,FALSE,Day 12,25-<100 NTU,0 lux,27,108,4,Experiment 2: Defined particle concentration series,Exp. 2 Defined particles,Kaolinite,Kaolinite,NA
389,C1902i,20250104_C1902_clip.MP4,504,10.2,NA,10.2,10.2,TRUE,EXP2_DEFINED_PARTICLES,DEFINED_PARTICLES,FALSE,TRUE,52,24265,12,L. DIGITATA,BR,WINTER,Bognor,KAOLINITE,KAOLINITE,NA,NA,0,25,0,0,NA,237,612,849,0.2791519434628975,none,NA,NA,NA,NA,NA,2024,NA,NA,LAMINARIA DIGITATA,849,0.2791519434628975,FALSE,FALSE,FALSE,FALSE,FALSE,FALSE,FALSE,FALSE,FALSE,FALSE,FALSE,0,FALSE,NA,NA,FALSE,FALSE,FALSE,FALSE,FALSE,FALSE,FALSE,FALSE,FALSE,FALSE,FALSE,FALSE,NA,NA,0.7208480565371025,10.2,DEFINED_PARTICLES,EXP2_DEFINED_PARTICLES,1.414973347970818,0,0 lux,12,3,KAOLINITE,NA,DEFINED_PARTICLES,NA,NA,FALSE,TRUE,FALSE,FALSE,FALSE,Day 12,25-<100 NTU,0 lux,27,108,4,Experiment 2: Defined particle concentration series,Exp. 2 Defined particles,Kaolinite,Kaolinite,NA
390,C1903i,20250104_C1903_clip.MP4,504,10.2,NA,10.2,10.2,TRUE,EXP2_DEFINED_PARTICLES,DEFINED_PARTICLES,FALSE,TRUE,52,24266,12,L. DIGITATA,BR,WINTER,Bognor,KAOLINITE,KAOLINITE,NA,NA,0,25,0,0,NA,1317,2543,3860,0.3411917098445596,none,NA,NA,NA,NA,NA,2024,NA,NA,LAMINARIA DIGITATA,3860,0.3411917098445596,FALSE,FALSE,FALSE,FALSE,FALSE,FALSE,FALSE,FALSE,FALSE,FALSE,FALSE,0,FALSE,NA,NA,FALSE,FALSE,FALSE,FALSE,FALSE,FALSE,FALSE,FALSE,FALSE,FALSE,FALSE,FALSE,NA,NA,0.6588082901554404,10.2,DEFINED_PARTICLES,EXP2_DEFINED_PARTICLES,1.414973347970818,0,0 lux,12,3,KAOLINITE,NA,DEFINED_PARTICLES,NA,NA,FALSE,TRUE,FALSE,FALSE,FALSE,Day 12,25-<100 NTU,0 lux,27,108,4,Experiment 2: Defined particle concentration series,Exp. 2 Defined particles,Kaolinite,Kaolinite,NA
391,C1904i,20250104_C1904_clip.MP4,504,9.2,NA,9.2,9.2,TRUE,EXP1_LIGHT,LIGHT_ONLY,FALSE,TRUE,52,24271,12,L. DIGITATA,BR,WINTER,Bognor,LUX,NA,NA,NA,70,0,0,0,NA,476,852,1328,0.35843373493975905,none,NA,NA,NA,NA,NA,2024,NA,NA,LAMINARIA DIGITATA,1328,0.35843373493975905,FALSE,FALSE,FALSE,FALSE,FALSE,FALSE,FALSE,FALSE,FALSE,FALSE,FALSE,0,FALSE,NA,NA,FALSE,FALSE,FALSE,FALSE,FALSE,FALSE,FALSE,FALSE,FALSE,FALSE,FALSE,FALSE,NA,NA,0.641566265060241,9.2,LIGHT_ONLY,EXP1_LIGHT,0,0,70 lux,12,3,LUX,NA,LIGHT_ONLY,NA,NA,TRUE,FALSE,FALSE,FALSE,FALSE,Day 12,<25 NTU,70 lux,24,96,4,Experiment 1: Light-only gradient,Exp. 1 Light-only,LUX,LUX,NA
392,C1905i,20250104_C1905_clip.MP4,504,9.2,NA,9.2,9.2,TRUE,EXP1_LIGHT,LIGHT_ONLY,FALSE,TRUE,52,24272,12,L. DIGITATA,BR,WINTER,Bognor,LUX,NA,NA,NA,70,0,0,0,NA,332,939,1271,0.2612116443745083,none,NA,NA,NA,NA,NA,2024,NA,NA,LAMINARIA DIGITATA,1271,0.2612116443745083,FALSE,FALSE,FALSE,FALSE,FALSE,FALSE,FALSE,FALSE,FALSE,FALSE,FALSE,0,FALSE,NA,NA,FALSE,FALSE,FALSE,FALSE,FALSE,FALSE,FALSE,FALSE,FALSE,FALSE,FALSE,FALSE,NA,NA,0.7387883556254917,9.2,LIGHT_ONLY,EXP1_LIGHT,0,0,70 lux,12,3,LUX,NA,LIGHT_ONLY,NA,NA,TRUE,FALSE,FALSE,FALSE,FALSE,Day 12,<25 NTU,70 lux,24,96,4,Experiment 1: Light-only gradient,Exp. 1 Light-only,LUX,LUX,NA
393,C1906i,20250104_C1906_clip.MP4,504,9.2,NA,9.2,9.2,TRUE,EXP1_LIGHT,LIGHT_ONLY,FALSE,TRUE,52,24273,12,L. DIGITATA,BR,WINTER,Bognor,LUX,NA,NA,NA,70,0,0,0,NA,264,762,1026,0.2573099415204678,none,NA,NA,NA,NA,NA,2024,NA,NA,LAMINARIA DIGITATA,1026,0.2573099415204678,FALSE,FALSE,FALSE,FALSE,FALSE,FALSE,FALSE,FALSE,FALSE,FALSE,FALSE,0,FALSE,NA,NA,FALSE,FALSE,FALSE,FALSE,FALSE,FALSE,FALSE,FALSE,FALSE,FALSE,FALSE,FALSE,NA,NA,0.7426900584795322,9.2,LIGHT_ONLY,EXP1_LIGHT,0,0,70 lux,12,3,LUX,NA,LIGHT_ONLY,NA,NA,TRUE,FALSE,FALSE,FALSE,FALSE,Day 12,<25 NTU,70 lux,24,96,4,Experiment 1: Light-only gradient,Exp. 1 Light-only,LUX,LUX,NA
394,C1907i,20250104_C1907_clip.MP4,504,9.2,NA,9.2,9.2,TRUE,EXP1_LIGHT,LIGHT_ONLY,FALSE,TRUE,52,24274,12,L. DIGITATA,BR,WINTER,Bognor,LUX,NA,NA,NA,70,0,0,0,NA,273,696,969,0.28173374613003094,none,NA,NA,NA,NA,NA,2024,NA,NA,LAMINARIA DIGITATA,969,0.28173374613003094,FALSE,FALSE,FALSE,FALSE,FALSE,FALSE,FALSE,FALSE,FALSE,FALSE,FALSE,0,FALSE,NA,NA,FALSE,FALSE,FALSE,FALSE,FALSE,FALSE,FALSE,FALSE,FALSE,FALSE,FALSE,FALSE,NA,NA,0.718266253869969,9.2,LIGHT_ONLY,EXP1_LIGHT,0,0,70 lux,12,3,LUX,NA,LIGHT_ONLY,NA,NA,TRUE,FALSE,FALSE,FALSE,FALSE,Day 12,<25 NTU,70 lux,24,96,4,Experiment 1: Light-only gradient,Exp. 1 Light-only,LUX,LUX,NA
395,C1908i,20250104_C1908_clip.MP4,504,9.2,NA,9.2,9.2,TRUE,EXP1_LIGHT,LIGHT_ONLY,FALSE,TRUE,52,24275,12,L. DIGITATA,BR,WINTER,Bognor,LUX,NA,NA,NA,70,0,0,0,NA,266,682,948,0.2805907172995781,none,NA,NA,NA,NA,NA,2024,NA,NA,LAMINARIA DIGITATA,948,0.2805907172995781,FALSE,FALSE,FALSE,FALSE,FALSE,FALSE,FALSE,FALSE,FALSE,FALSE,FALSE,0,FALSE,NA,NA,FALSE,FALSE,FALSE,FALSE,FALSE,FALSE,FALSE,FALSE,FALSE,FALSE,FALSE,FALSE,NA,NA,0.7194092827004219,9.2,LIGHT_ONLY,EXP1_LIGHT,0,0,70 lux,12,3,LUX,NA,LIGHT_ONLY,NA,NA,TRUE,FALSE,FALSE,FALSE,FALSE,Day 12,<25 NTU,70 lux,24,96,4,Experiment 1: Light-only gradient,Exp. 1 Light-only,LUX,LUX,NA
396,C1909i,20250104_C1909_clip.MP4,504,9.2,NA,9.2,9.2,TRUE,EXP1_LIGHT,LIGHT_ONLY,FALSE,TRUE,52,24276,12,L. DIGITATA,BR,WINTER,Bognor,LUX,NA,NA,NA,117,0,0,0,NA,305,1075,1380,0.2210144927536232,none,NA,NA,NA,NA,NA,2024,NA,NA,LAMINARIA DIGITATA,1380,0.2210144927536232,FALSE,FALSE,FALSE,FALSE,FALSE,FALSE,FALSE,FALSE,FALSE,FALSE,FALSE,0,FALSE,NA,NA,FALSE,FALSE,FALSE,FALSE,FALSE,FALSE,FALSE,FALSE,FALSE,FALSE,FALSE,FALSE,NA,NA,0.7789855072463768,9.2,LIGHT_ONLY,EXP1_LIGHT,0,0,117 lux,12,3,LUX,NA,LIGHT_ONLY,NA,NA,TRUE,FALSE,FALSE,FALSE,FALSE,Day 12,<25 NTU,117 lux,24,96,4,Experiment 1: Light-only gradient,Exp. 1 Light-only,LUX,LUX,NA
397,C1910i,20250104_C1910_clip.MP4,504,9.2,NA,9.2,9.2,TRUE,EXP1_LIGHT,LIGHT_ONLY,FALSE,TRUE,52,24281,12,L. DIGITATA,BR,WINTER,Bognor,LUX,NA,NA,NA,117,0,0,0,NA,500,703,1203,0.41562759767248547,none,NA,NA,NA,NA,NA,2024,NA,NA,LAMINARIA DIGITATA,1203,0.41562759767248547,FALSE,FALSE,FALSE,FALSE,FALSE,FALSE,FALSE,FALSE,FALSE,FALSE,FALSE,0,FALSE,NA,NA,FALSE,FALSE,FALSE,FALSE,FALSE,FALSE,FALSE,FALSE,FALSE,FALSE,FALSE,FALSE,NA,NA,0.5843724023275145,9.2,LIGHT_ONLY,EXP1_LIGHT,0,0,117 lux,12,3,LUX,NA,LIGHT_ONLY,NA,NA,TRUE,FALSE,FALSE,FALSE,FALSE,Day 12,<25 NTU,117 lux,24,96,4,Experiment 1: Light-only gradient,Exp. 1 Light-only,LUX,LUX,NA
398,C1911i,20250104_C1911_clip.MP4,504,9.2,NA,9.2,9.2,TRUE,EXP1_LIGHT,LIGHT_ONLY,FALSE,TRUE,52,24282,12,L. DIGITATA,BR,WINTER,Bognor,LUX,NA,NA,NA,117,0,0,0,NA,553,1063,1616,0.34220297029702973,none,NA,NA,NA,NA,NA,2024,NA,NA,LAMINARIA DIGITATA,1616,0.34220297029702973,FALSE,FALSE,FALSE,FALSE,FALSE,FALSE,FALSE,FALSE,FALSE,FALSE,FALSE,0,FALSE,NA,NA,FALSE,FALSE,FALSE,FALSE,FALSE,FALSE,FALSE,FALSE,FALSE,FALSE,FALSE,FALSE,NA,NA,0.6577970297029703,9.2,LIGHT_ONLY,EXP1_LIGHT,0,0,117 lux,12,3,LUX,NA,LIGHT_ONLY,NA,NA,TRUE,FALSE,FALSE,FALSE,FALSE,Day 12,<25 NTU,117 lux,24,96,4,Experiment 1: Light-only gradient,Exp. 1 Light-only,LUX,LUX,NA
399,C1912i,20250104_C1912_clip.MP4,504,9.2,NA,9.2,9.2,TRUE,EXP1_LIGHT,LIGHT_ONLY,FALSE,TRUE,52,24283,12,L. DIGITATA,BR,WINTER,Bognor,LUX,NA,NA,NA,117,0,0,0,NA,1435,1972,3407,0.421191664220722,none,NA,NA,NA,NA,NA,2024,NA,NA,LAMINARIA DIGITATA,3407,0.421191664220722,FALSE,FALSE,FALSE,FALSE,FALSE,FALSE,FALSE,FALSE,FALSE,FALSE,FALSE,0,FALSE,NA,NA,FALSE,FALSE,FALSE,FALSE,FALSE,FALSE,FALSE,FALSE,FALSE,FALSE,FALSE,FALSE,NA,NA,0.5788083357792779,9.2,LIGHT_ONLY,EXP1_LIGHT,0,0,117 lux,12,3,LUX,NA,LIGHT_ONLY,NA,NA,TRUE,FALSE,FALSE,FALSE,FALSE,Day 12,<25 NTU,117 lux,24,96,4,Experiment 1: Light-only gradient,Exp. 1 Light-only,LUX,LUX,NA
400,C1913i,20250104_C1913_clip.MP4,504,9.2,NA,9.2,9.2,TRUE,EXP1_LIGHT,LIGHT_ONLY,FALSE,TRUE,52,24284,12,L. DIGITATA,BR,WINTER,Bognor,LUX,NA,NA,NA,117,0,0,0,NA,278,760,1038,0.2678227360308285,none,NA,NA,NA,NA,NA,2024,NA,NA,LAMINARIA DIGITATA,1038,0.2678227360308285,FALSE,FALSE,FALSE,FALSE,FALSE,FALSE,FALSE,FALSE,FALSE,FALSE,FALSE,0,FALSE,NA,NA,FALSE,FALSE,FALSE,FALSE,FALSE,FALSE,FALSE,FALSE,FALSE,FALSE,FALSE,FALSE,NA,NA,0.7321772639691715,9.2,LIGHT_ONLY,EXP1_LIGHT,0,0,117 lux,12,3,LUX,NA,LIGHT_ONLY,NA,NA,TRUE,FALSE,FALSE,FALSE,FALSE,Day 12,<25 NTU,117 lux,24,96,4,Experiment 1: Light-only gradient,Exp. 1 Light-only,LUX,LUX,NA
401,C1914i,20250104_C1914_clip.MP4,504,9.2,NA,9.2,9.2,TRUE,EXP1_LIGHT,LIGHT_ONLY,FALSE,TRUE,52,24285,12,L. DIGITATA,BR,WINTER,Bognor,LUX,NA,NA,NA,117,0,0,0,NA,232,636,868,0.2672811059907834,none,NA,NA,NA,NA,NA,2024,NA,NA,LAMINARIA DIGITATA,868,0.2672811059907834,FALSE,FALSE,FALSE,FALSE,FALSE,FALSE,FALSE,FALSE,FALSE,FALSE,FALSE,0,FALSE,NA,NA,FALSE,FALSE,FALSE,FALSE,FALSE,FALSE,FALSE,FALSE,FALSE,FALSE,FALSE,FALSE,NA,NA,0.7327188940092166,9.2,LIGHT_ONLY,EXP1_LIGHT,0,0,117 lux,12,3,LUX,NA,LIGHT_ONLY,NA,NA,TRUE,FALSE,FALSE,FALSE,FALSE,Day 12,<25 NTU,117 lux,24,96,4,Experiment 1: Light-only gradient,Exp. 1 Light-only,LUX,LUX,NA
402,C1915i,20250104_C1915_clip.MP4,504,9.2,NA,9.2,9.2,TRUE,EXP1_LIGHT,LIGHT_ONLY,FALSE,TRUE,52,24286,12,L. DIGITATA,BR,WINTER,Bognor,LUX,NA,NA,NA,117,0,0,0,NA,276,699,975,0.28307692307692306,none,NA,NA,NA,NA,NA,2024,NA,NA,LAMINARIA DIGITATA,975,0.28307692307692306,FALSE,FALSE,FALSE,FALSE,FALSE,FALSE,FALSE,FALSE,FALSE,FALSE,FALSE,0,FALSE,NA,NA,FALSE,FALSE,FALSE,FALSE,FALSE,FALSE,FALSE,FALSE,FALSE,FALSE,FALSE,FALSE,NA,NA,0.7169230769230769,9.2,LIGHT_ONLY,EXP1_LIGHT,0,0,117 lux,12,3,LUX,NA,LIGHT_ONLY,NA,NA,TRUE,FALSE,FALSE,FALSE,FALSE,Day 12,<25 NTU,117 lux,24,96,4,Experiment 1: Light-only gradient,Exp. 1 Light-only,LUX,LUX,NA
403,C1916i,20250104_C1916_clip.MP4,504,9.2,NA,9.2,9.2,TRUE,EXP1_LIGHT,LIGHT_ONLY,FALSE,TRUE,52,24291,12,L. DIGITATA,BR,WINTER,Bognor,LUX,NA,NA,NA,4,0,0,0,NA,307,991,1298,0.23651771956856701,none,NA,NA,NA,NA,NA,2024,NA,NA,LAMINARIA DIGITATA,1298,0.23651771956856701,FALSE,FALSE,FALSE,FALSE,FALSE,FALSE,FALSE,FALSE,FALSE,FALSE,FALSE,0,FALSE,NA,NA,FALSE,FALSE,FALSE,FALSE,FALSE,FALSE,FALSE,FALSE,FALSE,FALSE,FALSE,FALSE,NA,NA,0.763482280431433,9.2,LIGHT_ONLY,EXP1_LIGHT,0,0,4 lux,12,3,LUX,NA,LIGHT_ONLY,NA,NA,TRUE,FALSE,FALSE,FALSE,FALSE,Day 12,<25 NTU,4 lux,24,96,4,Experiment 1: Light-only gradient,Exp. 1 Light-only,LUX,LUX,NA
404,C1918i,20250104_C1918_clip.MP4,504,9.2,NA,9.2,9.2,TRUE,EXP1_LIGHT,LIGHT_ONLY,FALSE,TRUE,52,24292,12,L. DIGITATA,BR,WINTER,Bognor,LUX,NA,NA,NA,4,0,0,0,NA,251,630,881,0.2849035187287174,none,NA,NA,NA,NA,NA,2024,NA,Refocused,LAMINARIA DIGITATA,881,0.2849035187287174,FALSE,FALSE,FALSE,FALSE,FALSE,FALSE,FALSE,FALSE,FALSE,FALSE,FALSE,0,FALSE,NA,NA,FALSE,FALSE,FALSE,FALSE,FALSE,FALSE,FALSE,FALSE,FALSE,FALSE,FALSE,FALSE,NA,NA,0.7150964812712827,9.2,LIGHT_ONLY,EXP1_LIGHT,0,0,4 lux,12,3,LUX,NA,LIGHT_ONLY,NA,NA,TRUE,FALSE,FALSE,FALSE,FALSE,Day 12,<25 NTU,4 lux,24,96,4,Experiment 1: Light-only gradient,Exp. 1 Light-only,LUX,LUX,NA
405,C1919i,20250104_C1919_clip.MP4,504,9.2,NA,9.2,9.2,TRUE,EXP1_LIGHT,LIGHT_ONLY,FALSE,TRUE,52,24293,12,L. DIGITATA,BR,WINTER,Bognor,LUX,NA,NA,NA,4,0,0,0,NA,322,750,1072,0.3003731343283582,none,NA,NA,NA,NA,NA,2024,NA,NA,LAMINARIA DIGITATA,1072,0.3003731343283582,FALSE,FALSE,FALSE,FALSE,FALSE,FALSE,FALSE,FALSE,FALSE,FALSE,FALSE,0,FALSE,NA,NA,FALSE,FALSE,FALSE,FALSE,FALSE,FALSE,FALSE,FALSE,FALSE,FALSE,FALSE,FALSE,NA,NA,0.6996268656716418,9.2,LIGHT_ONLY,EXP1_LIGHT,0,0,4 lux,12,3,LUX,NA,LIGHT_ONLY,NA,NA,TRUE,FALSE,FALSE,FALSE,FALSE,Day 12,<25 NTU,4 lux,24,96,4,Experiment 1: Light-only gradient,Exp. 1 Light-only,LUX,LUX,NA
406,C1920i,20250104_C1920_clip.MP4,504,9.2,NA,9.2,9.2,TRUE,EXP1_LIGHT,LIGHT_ONLY,FALSE,TRUE,52,24294,12,L. DIGITATA,BR,WINTER,Bognor,LUX,NA,NA,NA,4,0,0,0,NA,230,655,885,0.2598870056497175,none,NA,NA,NA,NA,NA,2024,NA,NA,LAMINARIA DIGITATA,885,0.2598870056497175,FALSE,FALSE,FALSE,FALSE,FALSE,FALSE,FALSE,FALSE,FALSE,FALSE,FALSE,0,FALSE,NA,NA,FALSE,FALSE,FALSE,FALSE,FALSE,FALSE,FALSE,FALSE,FALSE,FALSE,FALSE,FALSE,NA,NA,0.7401129943502824,9.2,LIGHT_ONLY,EXP1_LIGHT,0,0,4 lux,12,3,LUX,NA,LIGHT_ONLY,NA,NA,TRUE,FALSE,FALSE,FALSE,FALSE,Day 12,<25 NTU,4 lux,24,96,4,Experiment 1: Light-only gradient,Exp. 1 Light-only,LUX,LUX,NA
407,C1921i,20250104_C1921_clip.MP4,504,9.2,NA,9.2,9.2,TRUE,EXP1_LIGHT,LIGHT_ONLY,FALSE,TRUE,52,24295,12,L. DIGITATA,BR,WINTER,Bognor,LUX,NA,NA,NA,4,0,0,0,NA,382,897,1279,0.2986708365910868,none,NA,NA,NA,NA,NA,2024,NA,NA,LAMINARIA DIGITATA,1279,0.2986708365910868,FALSE,FALSE,FALSE,FALSE,FALSE,FALSE,FALSE,FALSE,FALSE,FALSE,FALSE,0,FALSE,NA,NA,FALSE,FALSE,FALSE,FALSE,FALSE,FALSE,FALSE,FALSE,FALSE,FALSE,FALSE,FALSE,NA,NA,0.7013291634089132,9.2,LIGHT_ONLY,EXP1_LIGHT,0,0,4 lux,12,3,LUX,NA,LIGHT_ONLY,NA,NA,TRUE,FALSE,FALSE,FALSE,FALSE,Day 12,<25 NTU,4 lux,24,96,4,Experiment 1: Light-only gradient,Exp. 1 Light-only,LUX,LUX,NA
408,C1922i,20250104_C1922_clip.MP4,504,9.2,NA,9.2,9.2,TRUE,EXP1_LIGHT,LIGHT_ONLY,FALSE,TRUE,52,24296,12,L. DIGITATA,BR,WINTER,Bognor,LUX,NA,NA,NA,4,0,0,0,NA,213,646,859,0.2479627473806752,none,NA,NA,NA,NA,NA,2024,NA,NA,LAMINARIA DIGITATA,859,0.2479627473806752,FALSE,FALSE,FALSE,FALSE,FALSE,FALSE,FALSE,FALSE,FALSE,FALSE,FALSE,0,FALSE,NA,NA,FALSE,FALSE,FALSE,FALSE,FALSE,FALSE,FALSE,FALSE,FALSE,FALSE,FALSE,FALSE,NA,NA,0.7520372526193247,9.2,LIGHT_ONLY,EXP1_LIGHT,0,0,4 lux,12,3,LUX,NA,LIGHT_ONLY,NA,NA,TRUE,FALSE,FALSE,FALSE,FALSE,Day 12,<25 NTU,4 lux,24,96,4,Experiment 1: Light-only gradient,Exp. 1 Light-only,LUX,LUX,NA
409,C1923i,20250104_C1923_clip.MP4,504,9.2,NA,9.2,9.2,TRUE,EXP1_LIGHT,LIGHT_ONLY,TRUE,TRUE,52,24301,12,L. DIGITATA,BR,WINTER,Bognor,CONTROL,NA,NA,NA,0,0,0,0,NA,243,655,898,0.27060133630289535,none,NA,NA,NA,NA,NA,2024,NA,NA,LAMINARIA DIGITATA,898,0.27060133630289535,FALSE,FALSE,FALSE,FALSE,FALSE,FALSE,FALSE,FALSE,FALSE,FALSE,FALSE,0,FALSE,NA,NA,FALSE,FALSE,FALSE,FALSE,FALSE,FALSE,FALSE,FALSE,FALSE,FALSE,FALSE,FALSE,NA,NA,0.7293986636971047,9.2,LIGHT_ONLY,EXP1_LIGHT,0,0,0 lux,12,3,CONTROL,NA,LIGHT_ONLY,NA,NA,TRUE,FALSE,FALSE,FALSE,FALSE,Day 12,<25 NTU,0 lux,24,96,4,Experiment 1: Light-only gradient,Exp. 1 Light-only,Control,Control,NA
410,C1924i,20250104_C1924_clip.MP4,504,9.2,NA,9.2,9.2,TRUE,EXP1_LIGHT,LIGHT_ONLY,TRUE,TRUE,52,24302,12,L. DIGITATA,BR,WINTER,Bognor,CONTROL,NA,NA,NA,0,0,0,0,NA,707,1519,2226,0.31761006289308175,none,NA,NA,NA,NA,NA,2024,NA,NA,LAMINARIA DIGITATA,2226,0.31761006289308175,FALSE,FALSE,FALSE,FALSE,FALSE,FALSE,FALSE,FALSE,FALSE,FALSE,FALSE,0,FALSE,NA,NA,FALSE,FALSE,FALSE,FALSE,FALSE,FALSE,FALSE,FALSE,FALSE,FALSE,FALSE,FALSE,NA,NA,0.6823899371069182,9.2,LIGHT_ONLY,EXP1_LIGHT,0,0,0 lux,12,3,CONTROL,NA,LIGHT_ONLY,NA,NA,TRUE,FALSE,FALSE,FALSE,FALSE,Day 12,<25 NTU,0 lux,24,96,4,Experiment 1: Light-only gradient,Exp. 1 Light-only,Control,Control,NA
411,C1925i,20250104_C1925_clip.MP4,504,9.2,NA,9.2,9.2,TRUE,EXP1_LIGHT,LIGHT_ONLY,TRUE,TRUE,52,24303,12,L. DIGITATA,BR,WINTER,Bognor,CONTROL,NA,NA,NA,0,0,0,0,NA,294,831,1125,0.2613333333333333,none,NA,NA,NA,NA,NA,2024,NA,NA,LAMINARIA DIGITATA,1125,0.2613333333333333,FALSE,FALSE,FALSE,FALSE,FALSE,FALSE,FALSE,FALSE,FALSE,FALSE,FALSE,0,FALSE,NA,NA,FALSE,FALSE,FALSE,FALSE,FALSE,FALSE,FALSE,FALSE,FALSE,FALSE,FALSE,FALSE,NA,NA,0.7386666666666667,9.2,LIGHT_ONLY,EXP1_LIGHT,0,0,0 lux,12,3,CONTROL,NA,LIGHT_ONLY,NA,NA,TRUE,FALSE,FALSE,FALSE,FALSE,Day 12,<25 NTU,0 lux,24,96,4,Experiment 1: Light-only gradient,Exp. 1 Light-only,Control,Control,NA
412,C1926i,20250104_C1926_clip.MP4,504,9.2,NA,9.2,9.2,TRUE,EXP1_LIGHT,LIGHT_ONLY,TRUE,TRUE,52,24304,12,L. DIGITATA,BR,WINTER,Bognor,CONTROL,NA,NA,NA,0,0,0,0,NA,263,608,871,0.3019517795637199,none,NA,NA,NA,NA,NA,2024,NA,NA,LAMINARIA DIGITATA,871,0.3019517795637199,FALSE,FALSE,FALSE,FALSE,FALSE,FALSE,FALSE,FALSE,FALSE,FALSE,FALSE,0,FALSE,NA,NA,FALSE,FALSE,FALSE,FALSE,FALSE,FALSE,FALSE,FALSE,FALSE,FALSE,FALSE,FALSE,NA,NA,0.6980482204362801,9.2,LIGHT_ONLY,EXP1_LIGHT,0,0,0 lux,12,3,CONTROL,NA,LIGHT_ONLY,NA,NA,TRUE,FALSE,FALSE,FALSE,FALSE,Day 12,<25 NTU,0 lux,24,96,4,Experiment 1: Light-only gradient,Exp. 1 Light-only,Control,Control,NA
413,C1927i,20250104_C1927_clip.MP4,504,9.2,NA,9.2,9.2,TRUE,EXP1_LIGHT,LIGHT_ONLY,TRUE,TRUE,52,24305,12,L. DIGITATA,BR,WINTER,Bognor,CONTROL,NA,NA,NA,0,0,0,0,NA,580,1309,1889,0.3070407623080995,none,NA,NA,NA,NA,NA,2024,NA,NA,LAMINARIA DIGITATA,1889,0.3070407623080995,FALSE,FALSE,FALSE,FALSE,FALSE,FALSE,FALSE,FALSE,FALSE,FALSE,FALSE,0,FALSE,NA,NA,FALSE,FALSE,FALSE,FALSE,FALSE,FALSE,FALSE,FALSE,FALSE,FALSE,FALSE,FALSE,NA,NA,0.6929592376919005,9.2,LIGHT_ONLY,EXP1_LIGHT,0,0,0 lux,12,3,CONTROL,NA,LIGHT_ONLY,NA,NA,TRUE,FALSE,FALSE,FALSE,FALSE,Day 12,<25 NTU,0 lux,24,96,4,Experiment 1: Light-only gradient,Exp. 1 Light-only,Control,Control,NA
414,C1928i,20250104_C1928_clip.MP4,504,9.2,NA,9.2,9.2,TRUE,EXP1_LIGHT,LIGHT_ONLY,TRUE,TRUE,52,24306,12,L. DIGITATA,BR,WINTER,Bognor,CONTROL,NA,NA,NA,0,0,0,0,NA,316,906,1222,0.25859247135842883,none,NA,NA,NA,NA,NA,2024,NA,NA,LAMINARIA DIGITATA,1222,0.25859247135842883,FALSE,FALSE,FALSE,FALSE,FALSE,FALSE,FALSE,FALSE,FALSE,FALSE,FALSE,0,FALSE,NA,NA,FALSE,FALSE,FALSE,FALSE,FALSE,FALSE,FALSE,FALSE,FALSE,FALSE,FALSE,FALSE,NA,NA,0.7414075286415712,9.2,LIGHT_ONLY,EXP1_LIGHT,0,0,0 lux,12,3,CONTROL,NA,LIGHT_ONLY,NA,NA,TRUE,FALSE,FALSE,FALSE,FALSE,Day 12,<25 NTU,0 lux,24,96,4,Experiment 1: Light-only gradient,Exp. 1 Light-only,Control,Control,NA
415,C1929i,20250104_C1929_clip.MP4,504,8.2,NA,8.2,8.2,TRUE,EXP4_FIELD_SPM,FIELD_SPM,TRUE,TRUE,52,24311,8,L. DIGITATA,BR,WINTER,Bognor,CONTROL,NA,NA,NA,0,0,0,0,NA,469,1138,1607,0.2918481642812695,none,NA,NA,NA,NA,NA,2024,NA,NA,LAMINARIA DIGITATA,1607,0.2918481642812695,FALSE,FALSE,FALSE,FALSE,FALSE,FALSE,FALSE,FALSE,FALSE,FALSE,FALSE,0,FALSE,NA,NA,FALSE,FALSE,FALSE,FALSE,FALSE,FALSE,FALSE,FALSE,FALSE,FALSE,FALSE,FALSE,NA,NA,0.7081518357187305,8.2,FIELD_SPM,EXP4_FIELD_SPM,0,0,0 lux,8,2,CONTROL,NA,FIELD_SPM,NA,NA,FALSE,FALSE,FALSE,FALSE,TRUE,Day 8,<25 NTU,0 lux,18,72,3,Experiment 4: Field-derived SPM gradient,Exp. 4 Field SPM,Control,Control,NA
416,C1930i,20250104_C1930_clip.MP4,504,8.2,NA,8.2,8.2,TRUE,EXP4_FIELD_SPM,FIELD_SPM,TRUE,TRUE,52,24312,8,L. DIGITATA,BR,WINTER,Bognor,CONTROL,NA,NA,NA,0,0,0,0,NA,245,644,889,0.27559055118110237,none,NA,NA,NA,NA,NA,2024,NA,NA,LAMINARIA DIGITATA,889,0.27559055118110237,FALSE,FALSE,FALSE,FALSE,FALSE,FALSE,FALSE,FALSE,FALSE,FALSE,FALSE,0,FALSE,NA,NA,FALSE,FALSE,FALSE,FALSE,FALSE,FALSE,FALSE,FALSE,FALSE,FALSE,FALSE,FALSE,NA,NA,0.7244094488188977,8.2,FIELD_SPM,EXP4_FIELD_SPM,0,0,0 lux,8,2,CONTROL,NA,FIELD_SPM,NA,NA,FALSE,FALSE,FALSE,FALSE,TRUE,Day 8,<25 NTU,0 lux,18,72,3,Experiment 4: Field-derived SPM gradient,Exp. 4 Field SPM,Control,Control,NA
417,C1931i,20250104_C1931_clip.MP4,504,8.2,NA,8.2,8.2,TRUE,EXP4_FIELD_SPM,FIELD_SPM,TRUE,TRUE,52,24313,8,L. DIGITATA,BR,WINTER,Bognor,CONTROL,NA,NA,NA,0,0,0,0,NA,332,660,992,0.3346774193548387,none,NA,NA,NA,NA,NA,2024,NA,NA,LAMINARIA DIGITATA,992,0.3346774193548387,FALSE,FALSE,FALSE,FALSE,FALSE,FALSE,FALSE,FALSE,FALSE,FALSE,FALSE,0,FALSE,NA,NA,FALSE,FALSE,FALSE,FALSE,FALSE,FALSE,FALSE,FALSE,FALSE,FALSE,FALSE,FALSE,NA,NA,0.6653225806451613,8.2,FIELD_SPM,EXP4_FIELD_SPM,0,0,0 lux,8,2,CONTROL,NA,FIELD_SPM,NA,NA,FALSE,FALSE,FALSE,FALSE,TRUE,Day 8,<25 NTU,0 lux,18,72,3,Experiment 4: Field-derived SPM gradient,Exp. 4 Field SPM,Control,Control,NA
418,C1932i,20250104_C1932_clip.MP4,504,8.2,NA,8.2,8.2,TRUE,EXP4_FIELD_SPM,FIELD_SPM,FALSE,TRUE,52,24314,8,L. DIGITATA,BR,WINTER,Bognor,SPM,SPM,NA,NA,0,5,0,0,NA,1153,2252,3405,0.33861967694566814,none,NA,NA,NA,NA,NA,2024,NA,NA,LAMINARIA DIGITATA,3405,0.33861967694566814,FALSE,FALSE,FALSE,FALSE,FALSE,FALSE,FALSE,FALSE,FALSE,FALSE,FALSE,0,FALSE,NA,NA,FALSE,FALSE,FALSE,FALSE,FALSE,FALSE,FALSE,FALSE,FALSE,FALSE,FALSE,FALSE,NA,NA,0.6613803230543319,8.2,FIELD_SPM,EXP4_FIELD_SPM,0.7781512503836436,0,0 lux,8,2,SPM,NA,FIELD_SPM,NA,NA,FALSE,FALSE,FALSE,FALSE,TRUE,Day 8,<25 NTU,0 lux,18,72,3,Experiment 4: Field-derived SPM gradient,Exp. 4 Field SPM,Field SPM,SPM,NA
419,C1933i,20250104_C1933_clip.MP4,504,8.2,NA,8.2,8.2,TRUE,EXP4_FIELD_SPM,FIELD_SPM,FALSE,TRUE,52,24315,8,L. DIGITATA,BR,WINTER,Bognor,SPM,SPM,NA,NA,0,5,0,0,NA,957,1890,2847,0.3361433087460485,none,NA,NA,NA,NA,NA,2024,NA,NA,LAMINARIA DIGITATA,2847,0.3361433087460485,FALSE,FALSE,FALSE,FALSE,FALSE,FALSE,FALSE,FALSE,FALSE,FALSE,FALSE,0,FALSE,NA,NA,FALSE,FALSE,FALSE,FALSE,FALSE,FALSE,FALSE,FALSE,FALSE,FALSE,FALSE,FALSE,NA,NA,0.6638566912539515,8.2,FIELD_SPM,EXP4_FIELD_SPM,0.7781512503836436,0,0 lux,8,2,SPM,NA,FIELD_SPM,NA,NA,FALSE,FALSE,FALSE,FALSE,TRUE,Day 8,<25 NTU,0 lux,18,72,3,Experiment 4: Field-derived SPM gradient,Exp. 4 Field SPM,Field SPM,SPM,NA
420,C1934i,20250104_C1934_clip.MP4,504,8.2,NA,8.2,8.2,TRUE,EXP4_FIELD_SPM,FIELD_SPM,FALSE,TRUE,52,24316,8,L. DIGITATA,BR,WINTER,Bognor,SPM,SPM,NA,NA,0,5,0,0,NA,618,1199,1817,0.34012107870115577,none,NA,NA,NA,NA,NA,2024,NA,NA,LAMINARIA DIGITATA,1817,0.34012107870115577,FALSE,FALSE,FALSE,FALSE,FALSE,FALSE,FALSE,FALSE,FALSE,FALSE,FALSE,0,FALSE,NA,NA,FALSE,FALSE,FALSE,FALSE,FALSE,FALSE,FALSE,FALSE,FALSE,FALSE,FALSE,FALSE,NA,NA,0.6598789212988443,8.2,FIELD_SPM,EXP4_FIELD_SPM,0.7781512503836436,0,0 lux,8,2,SPM,NA,FIELD_SPM,NA,NA,FALSE,FALSE,FALSE,FALSE,TRUE,Day 8,<25 NTU,0 lux,18,72,3,Experiment 4: Field-derived SPM gradient,Exp. 4 Field SPM,Field SPM,SPM,NA
421,C1935i,20250104_C1935_clip.MP4,504,8.2,NA,8.2,8.2,TRUE,EXP4_FIELD_SPM,FIELD_SPM,FALSE,TRUE,52,24321,8,L. DIGITATA,BR,WINTER,Bognor,SPM,SPM,NA,NA,0,25,0,0,NA,782,1744,2526,0.3095803642121932,none,NA,NA,NA,NA,NA,2024,NA,NA,LAMINARIA DIGITATA,2526,0.3095803642121932,FALSE,FALSE,FALSE,FALSE,FALSE,FALSE,FALSE,FALSE,FALSE,FALSE,FALSE,0,FALSE,NA,NA,FALSE,FALSE,FALSE,FALSE,FALSE,FALSE,FALSE,FALSE,FALSE,FALSE,FALSE,FALSE,NA,NA,0.6904196357878069,8.2,FIELD_SPM,EXP4_FIELD_SPM,1.414973347970818,0,0 lux,8,2,SPM,NA,FIELD_SPM,NA,NA,FALSE,FALSE,FALSE,FALSE,TRUE,Day 8,25-<100 NTU,0 lux,18,72,3,Experiment 4: Field-derived SPM gradient,Exp. 4 Field SPM,Field SPM,SPM,NA
422,C1936i,20250104_C1936_clip.MP4,504,8.2,NA,8.2,8.2,TRUE,EXP4_FIELD_SPM,FIELD_SPM,FALSE,TRUE,52,24322,8,L. DIGITATA,BR,WINTER,Bognor,SPM,SPM,NA,NA,0,25,0,0,NA,551,1449,2000,0.2755,none,NA,NA,NA,NA,NA,2024,NA,NA,LAMINARIA DIGITATA,2000,0.2755,FALSE,FALSE,FALSE,FALSE,FALSE,FALSE,FALSE,FALSE,FALSE,FALSE,FALSE,0,FALSE,NA,NA,FALSE,FALSE,FALSE,FALSE,FALSE,FALSE,FALSE,FALSE,FALSE,FALSE,FALSE,FALSE,NA,NA,0.7245,8.2,FIELD_SPM,EXP4_FIELD_SPM,1.414973347970818,0,0 lux,8,2,SPM,NA,FIELD_SPM,NA,NA,FALSE,FALSE,FALSE,FALSE,TRUE,Day 8,25-<100 NTU,0 lux,18,72,3,Experiment 4: Field-derived SPM gradient,Exp. 4 Field SPM,Field SPM,SPM,NA
423,C1937i,20250104_C1937_clip.MP4,504,8.2,NA,8.2,8.2,TRUE,EXP4_FIELD_SPM,FIELD_SPM,FALSE,TRUE,52,24323,8,L. DIGITATA,BR,WINTER,Bognor,SPM,SPM,NA,NA,0,25,0,0,NA,251,646,897,0.2798216276477146,none,NA,NA,NA,NA,NA,2024,NA,NA,LAMINARIA DIGITATA,897,0.2798216276477146,FALSE,FALSE,FALSE,FALSE,FALSE,FALSE,FALSE,FALSE,FALSE,FALSE,FALSE,0,FALSE,NA,NA,FALSE,FALSE,FALSE,FALSE,FALSE,FALSE,FALSE,FALSE,FALSE,FALSE,FALSE,FALSE,NA,NA,0.7201783723522854,8.2,FIELD_SPM,EXP4_FIELD_SPM,1.414973347970818,0,0 lux,8,2,SPM,NA,FIELD_SPM,NA,NA,FALSE,FALSE,FALSE,FALSE,TRUE,Day 8,25-<100 NTU,0 lux,18,72,3,Experiment 4: Field-derived SPM gradient,Exp. 4 Field SPM,Field SPM,SPM,NA
424,C1938i,20250104_C1938_clip.MP4,504,8.2,NA,8.2,8.2,TRUE,EXP4_FIELD_SPM,FIELD_SPM,FALSE,TRUE,52,24324,8,L. DIGITATA,BR,WINTER,Bognor,SPM,SPM,NA,NA,0,125,0,0,NA,295,863,1158,0.2547495682210708,none,NA,NA,NA,NA,NA,2024,NA,NA,LAMINARIA DIGITATA,1158,0.2547495682210708,FALSE,FALSE,FALSE,FALSE,FALSE,FALSE,FALSE,FALSE,FALSE,FALSE,FALSE,0,FALSE,NA,NA,FALSE,FALSE,FALSE,FALSE,FALSE,FALSE,FALSE,FALSE,FALSE,FALSE,FALSE,FALSE,NA,NA,0.7452504317789291,8.2,FIELD_SPM,EXP4_FIELD_SPM,2.100370545117563,0,0 lux,8,2,SPM,NA,FIELD_SPM,NA,NA,FALSE,FALSE,FALSE,FALSE,TRUE,Day 8,100-<400 NTU,0 lux,18,72,3,Experiment 4: Field-derived SPM gradient,Exp. 4 Field SPM,Field SPM,SPM,NA
425,C1939i,20250104_C1939_clip.MP4,504,8.2,NA,8.2,8.2,TRUE,EXP4_FIELD_SPM,FIELD_SPM,FALSE,TRUE,52,24325,8,L. DIGITATA,BR,WINTER,Bognor,SPM,SPM,NA,NA,0,125,0,0,NA,265,746,1011,0.26211671612265086,none,NA,NA,NA,NA,NA,2024,NA,NA,LAMINARIA DIGITATA,1011,0.26211671612265086,FALSE,FALSE,FALSE,FALSE,FALSE,FALSE,FALSE,FALSE,FALSE,FALSE,FALSE,0,FALSE,NA,NA,FALSE,FALSE,FALSE,FALSE,FALSE,FALSE,FALSE,FALSE,FALSE,FALSE,FALSE,FALSE,NA,NA,0.7378832838773491,8.2,FIELD_SPM,EXP4_FIELD_SPM,2.100370545117563,0,0 lux,8,2,SPM,NA,FIELD_SPM,NA,NA,FALSE,FALSE,FALSE,FALSE,TRUE,Day 8,100-<400 NTU,0 lux,18,72,3,Experiment 4: Field-derived SPM gradient,Exp. 4 Field SPM,Field SPM,SPM,NA
426,C1940i,20250104_C1940_clip.MP4,504,8.2,NA,8.2,8.2,TRUE,EXP4_FIELD_SPM,FIELD_SPM,FALSE,TRUE,52,24326,8,L. DIGITATA,BR,WINTER,Bognor,SPM,SPM,NA,NA,0,125,0,0,NA,336,976,1312,0.25609756097560976,none,NA,NA,NA,NA,NA,2024,NA,NA,LAMINARIA DIGITATA,1312,0.25609756097560976,FALSE,FALSE,FALSE,FALSE,FALSE,FALSE,FALSE,FALSE,FALSE,FALSE,FALSE,0,FALSE,NA,NA,FALSE,FALSE,FALSE,FALSE,FALSE,FALSE,FALSE,FALSE,FALSE,FALSE,FALSE,FALSE,NA,NA,0.7439024390243902,8.2,FIELD_SPM,EXP4_FIELD_SPM,2.100370545117563,0,0 lux,8,2,SPM,NA,FIELD_SPM,NA,NA,FALSE,FALSE,FALSE,FALSE,TRUE,Day 8,100-<400 NTU,0 lux,18,72,3,Experiment 4: Field-derived SPM gradient,Exp. 4 Field SPM,Field SPM,SPM,NA
427,C1941i,20250104_C1941_clip.MP4,504,8.2,NA,8.2,8.2,TRUE,EXP4_FIELD_SPM,FIELD_SPM,FALSE,TRUE,52,24331,8,L. DIGITATA,BR,WINTER,Bognor,SPM,SPM,NA,NA,0,250,0,0,NA,214,644,858,0.2494172494172494,none,NA,NA,NA,NA,NA,2024,NA,NA,LAMINARIA DIGITATA,858,0.2494172494172494,FALSE,FALSE,FALSE,FALSE,FALSE,FALSE,FALSE,FALSE,FALSE,FALSE,FALSE,0,FALSE,NA,NA,FALSE,FALSE,FALSE,FALSE,FALSE,FALSE,FALSE,FALSE,FALSE,FALSE,FALSE,FALSE,NA,NA,0.7505827505827506,8.2,FIELD_SPM,EXP4_FIELD_SPM,2.399673721481038,0,0 lux,8,2,SPM,NA,FIELD_SPM,NA,NA,FALSE,FALSE,FALSE,FALSE,TRUE,Day 8,100-<400 NTU,0 lux,18,72,3,Experiment 4: Field-derived SPM gradient,Exp. 4 Field SPM,Field SPM,SPM,NA
428,C1942i,20250104_C1942_clip.MP4,504,8.2,NA,8.2,8.2,TRUE,EXP4_FIELD_SPM,FIELD_SPM,FALSE,TRUE,52,24332,8,L. DIGITATA,BR,WINTER,Bognor,SPM,SPM,NA,NA,0,250,0,0,NA,309,1242,1551,0.19922630560928434,none,NA,NA,NA,NA,NA,2024,NA,NA,LAMINARIA DIGITATA,1551,0.19922630560928434,FALSE,FALSE,FALSE,FALSE,FALSE,FALSE,FALSE,FALSE,FALSE,FALSE,FALSE,0,FALSE,NA,NA,FALSE,FALSE,FALSE,FALSE,FALSE,FALSE,FALSE,FALSE,FALSE,FALSE,FALSE,FALSE,NA,NA,0.8007736943907157,8.2,FIELD_SPM,EXP4_FIELD_SPM,2.399673721481038,0,0 lux,8,2,SPM,NA,FIELD_SPM,NA,NA,FALSE,FALSE,FALSE,FALSE,TRUE,Day 8,100-<400 NTU,0 lux,18,72,3,Experiment 4: Field-derived SPM gradient,Exp. 4 Field SPM,Field SPM,SPM,NA
429,C1943i,20250104_C1943_clip.MP4,504,8.2,NA,8.2,8.2,TRUE,EXP4_FIELD_SPM,FIELD_SPM,FALSE,TRUE,52,24333,8,L. DIGITATA,BR,WINTER,Bognor,SPM,SPM,NA,NA,0,250,0,0,NA,290,627,917,0.31624863685932386,none,NA,NA,NA,NA,NA,2024,NA,NA,LAMINARIA DIGITATA,917,0.31624863685932386,FALSE,FALSE,FALSE,FALSE,FALSE,FALSE,FALSE,FALSE,FALSE,FALSE,FALSE,0,FALSE,NA,NA,FALSE,FALSE,FALSE,FALSE,FALSE,FALSE,FALSE,FALSE,FALSE,FALSE,FALSE,FALSE,NA,NA,0.6837513631406761,8.2,FIELD_SPM,EXP4_FIELD_SPM,2.399673721481038,0,0 lux,8,2,SPM,NA,FIELD_SPM,NA,NA,FALSE,FALSE,FALSE,FALSE,TRUE,Day 8,100-<400 NTU,0 lux,18,72,3,Experiment 4: Field-derived SPM gradient,Exp. 4 Field SPM,Field SPM,SPM,NA
430,C1944i,20250104_C1944_clip.MP4,504,8.2,NA,8.2,8.2,TRUE,EXP4_FIELD_SPM,FIELD_SPM,FALSE,TRUE,52,24334,8,L. DIGITATA,BR,WINTER,Bognor,SPM,SPM,NA,NA,0,500,0,0,NA,759,1538,2297,0.3304309969525468,none,NA,NA,NA,NA,NA,2024,NA,NA,LAMINARIA DIGITATA,2297,0.3304309969525468,FALSE,FALSE,FALSE,FALSE,FALSE,FALSE,FALSE,FALSE,FALSE,FALSE,FALSE,0,FALSE,NA,NA,FALSE,FALSE,FALSE,FALSE,FALSE,FALSE,FALSE,FALSE,FALSE,FALSE,FALSE,FALSE,NA,NA,0.6695690030474531,8.2,FIELD_SPM,EXP4_FIELD_SPM,2.699837725867246,0,0 lux,8,2,SPM,NA,FIELD_SPM,NA,NA,FALSE,FALSE,FALSE,FALSE,TRUE,Day 8,>=400 NTU,0 lux,18,72,3,Experiment 4: Field-derived SPM gradient,Exp. 4 Field SPM,Field SPM,SPM,NA
431,C1945i,20250104_C1945_clip.MP4,504,8.2,NA,8.2,8.2,TRUE,EXP4_FIELD_SPM,FIELD_SPM,FALSE,TRUE,52,24335,8,L. DIGITATA,BR,WINTER,Bognor,SPM,SPM,NA,NA,0,500,0,0,NA,3670,4886,8556,0.4289387564282375,none,NA,NA,NA,NA,NA,2024,NA,NA,LAMINARIA DIGITATA,8556,0.4289387564282375,FALSE,FALSE,FALSE,FALSE,FALSE,FALSE,FALSE,FALSE,FALSE,FALSE,FALSE,0,FALSE,NA,NA,FALSE,FALSE,FALSE,FALSE,FALSE,FALSE,FALSE,FALSE,FALSE,FALSE,FALSE,FALSE,NA,NA,0.5710612435717625,8.2,FIELD_SPM,EXP4_FIELD_SPM,2.699837725867246,0,0 lux,8,2,SPM,NA,FIELD_SPM,NA,NA,FALSE,FALSE,FALSE,FALSE,TRUE,Day 8,>=400 NTU,0 lux,18,72,3,Experiment 4: Field-derived SPM gradient,Exp. 4 Field SPM,Field SPM,SPM,NA
432,C1946i,20250104_C1946_clip.MP4,504,8.2,NA,8.2,8.2,TRUE,EXP4_FIELD_SPM,FIELD_SPM,FALSE,TRUE,52,24336,8,L. DIGITATA,BR,WINTER,Bognor,SPM,SPM,NA,NA,0,500,0,0,NA,318,776,1094,0.2906764168190128,none,NA,NA,NA,NA,NA,2024,NA,NA,LAMINARIA DIGITATA,1094,0.2906764168190128,FALSE,FALSE,FALSE,FALSE,FALSE,FALSE,FALSE,FALSE,FALSE,FALSE,FALSE,0,FALSE,NA,NA,FALSE,FALSE,FALSE,FALSE,FALSE,FALSE,FALSE,FALSE,FALSE,FALSE,FALSE,FALSE,NA,NA,0.7093235831809872,8.2,FIELD_SPM,EXP4_FIELD_SPM,2.699837725867246,0,0 lux,8,2,SPM,NA,FIELD_SPM,NA,NA,FALSE,FALSE,FALSE,FALSE,TRUE,Day 8,>=400 NTU,0 lux,18,72,3,Experiment 4: Field-derived SPM gradient,Exp. 4 Field SPM,Field SPM,SPM,NA
434,C1948,20250108_C1948_clip.MP4,504,8.2,NA,8.2,8.2,TRUE,EXP4_FIELD_SPM,FIELD_SPM,TRUE,TRUE,52,24341,4,L. DIGITATA,BR,WINTER,Bognor,CONTROL,NA,NA,NA,0,0,0,0,NA,471,1053,1524,0.3090551181102362,glass,634,NA,NA,NA,NA,2024,NA,NA,LAMINARIA DIGITATA,1524,0.3090551181102362,FALSE,FALSE,FALSE,FALSE,FALSE,FALSE,FALSE,FALSE,FALSE,FALSE,FALSE,0,FALSE,NA,NA,FALSE,FALSE,FALSE,FALSE,FALSE,FALSE,FALSE,FALSE,FALSE,FALSE,FALSE,FALSE,NA,NA,0.6909448818897638,8.2,FIELD_SPM,EXP4_FIELD_SPM,0,0,0 lux,4,1,CONTROL,NA,FIELD_SPM,NA,NA,FALSE,FALSE,FALSE,FALSE,TRUE,Day 4,<25 NTU,0 lux,36,72,1,Experiment 4: Field-derived SPM gradient,Exp. 4 Field SPM,Control,Control,NA
435,C1949,20250108_C1949_clip.MP4,504,8.2,NA,8.2,8.2,TRUE,EXP4_FIELD_SPM,FIELD_SPM,TRUE,TRUE,52,24342,4,L. DIGITATA,BR,WINTER,Bognor,CONTROL,NA,NA,NA,0,0,0,0,NA,1275,2642,3917,0.3255042124074547,glass,2373,NA,NA,NA,NA,2024,NA,NA,LAMINARIA DIGITATA,3917,0.3255042124074547,FALSE,FALSE,FALSE,FALSE,FALSE,FALSE,FALSE,FALSE,FALSE,FALSE,FALSE,0,FALSE,NA,NA,FALSE,FALSE,FALSE,FALSE,FALSE,FALSE,FALSE,FALSE,FALSE,FALSE,FALSE,FALSE,NA,NA,0.6744957875925454,8.2,FIELD_SPM,EXP4_FIELD_SPM,0,0,0 lux,4,1,CONTROL,NA,FIELD_SPM,NA,NA,FALSE,FALSE,FALSE,FALSE,TRUE,Day 4,<25 NTU,0 lux,36,72,1,Experiment 4: Field-derived SPM gradient,Exp. 4 Field SPM,Control,Control,NA
436,C1950,20250108_C1950_clip.MP4,504,8.2,NA,8.2,8.2,TRUE,EXP4_FIELD_SPM,FIELD_SPM,TRUE,TRUE,52,24343,4,L. DIGITATA,BR,WINTER,Bognor,CONTROL,NA,NA,NA,0,0,0,0,NA,849,1398,2247,0.37783711615487314,glass,2552,NA,NA,NA,NA,2024,NA,NA,LAMINARIA DIGITATA,2247,0.37783711615487314,FALSE,FALSE,FALSE,FALSE,FALSE,FALSE,FALSE,FALSE,FALSE,FALSE,FALSE,0,FALSE,NA,NA,FALSE,FALSE,FALSE,FALSE,FALSE,FALSE,FALSE,FALSE,FALSE,FALSE,FALSE,FALSE,NA,NA,0.6221628838451269,8.2,FIELD_SPM,EXP4_FIELD_SPM,0,0,0 lux,4,1,CONTROL,NA,FIELD_SPM,NA,NA,FALSE,FALSE,FALSE,FALSE,TRUE,Day 4,<25 NTU,0 lux,36,72,1,Experiment 4: Field-derived SPM gradient,Exp. 4 Field SPM,Control,Control,NA
437,C1951,20250108_C1951_clip.MP4,504,8.2,NA,8.2,8.2,TRUE,EXP4_FIELD_SPM,FIELD_SPM,TRUE,TRUE,52,24344,4,L. DIGITATA,BR,WINTER,Bognor,CONTROL,NA,NA,NA,0,0,0,0,NA,310,947,1257,0.2466189339697693,glass,2590,NA,NA,NA,NA,2024,NA,NA,LAMINARIA DIGITATA,1257,0.2466189339697693,FALSE,FALSE,FALSE,FALSE,FALSE,FALSE,FALSE,FALSE,FALSE,FALSE,FALSE,0,FALSE,NA,NA,FALSE,FALSE,FALSE,FALSE,FALSE,FALSE,FALSE,FALSE,FALSE,FALSE,FALSE,FALSE,NA,NA,0.7533810660302307,8.2,FIELD_SPM,EXP4_FIELD_SPM,0,0,0 lux,4,1,CONTROL,NA,FIELD_SPM,NA,NA,FALSE,FALSE,FALSE,FALSE,TRUE,Day 4,<25 NTU,0 lux,36,72,1,Experiment 4: Field-derived SPM gradient,Exp. 4 Field SPM,Control,Control,NA
438,C1952,20250108_C1952_clip.MP4,504,8.2,NA,8.2,8.2,TRUE,EXP4_FIELD_SPM,FIELD_SPM,TRUE,TRUE,52,24345,4,L. DIGITATA,BR,WINTER,Bognor,CONTROL,NA,NA,NA,0,0,0,0,NA,907,1348,2255,0.40221729490022173,glass,1828,NA,NA,NA,NA,2024,NA,NA,LAMINARIA DIGITATA,2255,0.40221729490022173,FALSE,FALSE,FALSE,FALSE,FALSE,FALSE,FALSE,FALSE,FALSE,FALSE,FALSE,0,FALSE,NA,NA,FALSE,FALSE,FALSE,FALSE,FALSE,FALSE,FALSE,FALSE,FALSE,FALSE,FALSE,FALSE,NA,NA,0.5977827050997783,8.2,FIELD_SPM,EXP4_FIELD_SPM,0,0,0 lux,4,1,CONTROL,NA,FIELD_SPM,NA,NA,FALSE,FALSE,FALSE,FALSE,TRUE,Day 4,<25 NTU,0 lux,36,72,1,Experiment 4: Field-derived SPM gradient,Exp. 4 Field SPM,Control,Control,NA
439,C1953,20250108_C1953_clip.MP4,504,8.2,NA,8.2,8.2,TRUE,EXP4_FIELD_SPM,FIELD_SPM,TRUE,TRUE,52,24346,4,L. DIGITATA,BR,WINTER,Bognor,CONTROL,NA,NA,NA,0,0,0,0,NA,493,1312,1805,0.27313019390581716,glass,304,NA,NA,NA,NA,2024,NA,NA,LAMINARIA DIGITATA,1805,0.27313019390581716,FALSE,FALSE,FALSE,FALSE,FALSE,FALSE,FALSE,FALSE,FALSE,FALSE,FALSE,0,FALSE,NA,NA,FALSE,FALSE,FALSE,FALSE,FALSE,FALSE,FALSE,FALSE,FALSE,FALSE,FALSE,FALSE,NA,NA,0.7268698060941828,8.2,FIELD_SPM,EXP4_FIELD_SPM,0,0,0 lux,4,1,CONTROL,NA,FIELD_SPM,NA,NA,FALSE,FALSE,FALSE,FALSE,TRUE,Day 4,<25 NTU,0 lux,36,72,1,Experiment 4: Field-derived SPM gradient,Exp. 4 Field SPM,Control,Control,NA
440,C1954,20250108_C1954_clip.MP4,504,8.2,NA,8.2,8.2,TRUE,EXP4_FIELD_SPM,FIELD_SPM,FALSE,TRUE,52,24351,4,L. DIGITATA,BR,WINTER,Bognor,SPM,SPM,NA,NA,0,460,0,0,NA,310,830,1140,0.2719298245614035,glass,2360,NA,NA,NA,NA,2024,NA,NA,LAMINARIA DIGITATA,1140,0.2719298245614035,FALSE,FALSE,FALSE,FALSE,FALSE,FALSE,FALSE,FALSE,FALSE,FALSE,FALSE,0,FALSE,NA,NA,FALSE,FALSE,FALSE,FALSE,FALSE,FALSE,FALSE,FALSE,FALSE,FALSE,FALSE,FALSE,NA,NA,0.7280701754385965,8.2,FIELD_SPM,EXP4_FIELD_SPM,2.663700925389648,0,0 lux,4,1,SPM,NA,FIELD_SPM,NA,NA,FALSE,FALSE,FALSE,FALSE,TRUE,Day 4,>=400 NTU,0 lux,36,72,1,Experiment 4: Field-derived SPM gradient,Exp. 4 Field SPM,Field SPM,SPM,NA
441,C1956,20250108_C1956_clip.MP4,504,8.2,NA,8.2,8.2,TRUE,EXP4_FIELD_SPM,FIELD_SPM,FALSE,TRUE,52,24352,4,L. DIGITATA,BR,WINTER,Bognor,SPM,SPM,NA,NA,0,460,0,0,NA,435,1138,1573,0.2765416401780038,glass,11812,NA,NA,NA,NA,2024,NA,NA,LAMINARIA DIGITATA,1573,0.2765416401780038,FALSE,FALSE,FALSE,FALSE,FALSE,FALSE,FALSE,FALSE,FALSE,FALSE,FALSE,0,FALSE,NA,NA,FALSE,FALSE,FALSE,FALSE,FALSE,FALSE,FALSE,FALSE,FALSE,FALSE,FALSE,FALSE,NA,NA,0.7234583598219961,8.2,FIELD_SPM,EXP4_FIELD_SPM,2.663700925389648,0,0 lux,4,1,SPM,NA,FIELD_SPM,NA,NA,FALSE,FALSE,FALSE,FALSE,TRUE,Day 4,>=400 NTU,0 lux,36,72,1,Experiment 4: Field-derived SPM gradient,Exp. 4 Field SPM,Field SPM,SPM,NA
442,C1957,20250108_C1957_clip.MP4,504,8.2,NA,8.2,8.2,TRUE,EXP4_FIELD_SPM,FIELD_SPM,FALSE,TRUE,52,24353,4,L. DIGITATA,BR,WINTER,Bognor,SPM,SPM,NA,NA,0,460,0,0,NA,519,1185,1704,0.3045774647887324,glass,5888,NA,NA,NA,NA,2024,NA,NA,LAMINARIA DIGITATA,1704,0.3045774647887324,FALSE,FALSE,FALSE,FALSE,FALSE,FALSE,FALSE,FALSE,FALSE,FALSE,FALSE,0,FALSE,NA,NA,FALSE,FALSE,FALSE,FALSE,FALSE,FALSE,FALSE,FALSE,FALSE,FALSE,FALSE,FALSE,NA,NA,0.6954225352112676,8.2,FIELD_SPM,EXP4_FIELD_SPM,2.663700925389648,0,0 lux,4,1,SPM,NA,FIELD_SPM,NA,NA,FALSE,FALSE,FALSE,FALSE,TRUE,Day 4,>=400 NTU,0 lux,36,72,1,Experiment 4: Field-derived SPM gradient,Exp. 4 Field SPM,Field SPM,SPM,NA
443,C1958,20250108_C1958_clip.MP4,504,8.2,NA,8.2,8.2,TRUE,EXP4_FIELD_SPM,FIELD_SPM,FALSE,TRUE,52,24354,4,L. DIGITATA,BR,WINTER,Bognor,SPM,SPM,NA,NA,0,1381,0,0,NA,294,827,1121,0.2622658340767172,glass,2221,NA,NA,NA,NA,2024,NA,NA,LAMINARIA DIGITATA,1121,0.2622658340767172,FALSE,FALSE,FALSE,FALSE,FALSE,FALSE,FALSE,FALSE,FALSE,FALSE,FALSE,0,FALSE,NA,NA,FALSE,FALSE,FALSE,FALSE,FALSE,FALSE,FALSE,FALSE,FALSE,FALSE,FALSE,FALSE,NA,NA,0.7377341659232828,8.2,FIELD_SPM,EXP4_FIELD_SPM,3.1405080430381798,0,0 lux,4,1,SPM,NA,FIELD_SPM,NA,NA,FALSE,FALSE,FALSE,FALSE,TRUE,Day 4,>=400 NTU,0 lux,36,72,1,Experiment 4: Field-derived SPM gradient,Exp. 4 Field SPM,Field SPM,SPM,NA
444,C1959,20250108_C1959_clip.MP4,504,8.2,NA,8.2,8.2,TRUE,EXP4_FIELD_SPM,FIELD_SPM,FALSE,TRUE,52,24355,4,L. DIGITATA,BR,WINTER,Bognor,SPM,SPM,NA,NA,0,1381,0,0,NA,327,908,1235,0.2647773279352227,glass,800,NA,NA,NA,NA,2024,NA,NA,LAMINARIA DIGITATA,1235,0.2647773279352227,FALSE,FALSE,FALSE,FALSE,FALSE,FALSE,FALSE,FALSE,FALSE,FALSE,FALSE,0,FALSE,NA,NA,FALSE,FALSE,FALSE,FALSE,FALSE,FALSE,FALSE,FALSE,FALSE,FALSE,FALSE,FALSE,NA,NA,0.7352226720647773,8.2,FIELD_SPM,EXP4_FIELD_SPM,3.1405080430381798,0,0 lux,4,1,SPM,NA,FIELD_SPM,NA,NA,FALSE,FALSE,FALSE,FALSE,TRUE,Day 4,>=400 NTU,0 lux,36,72,1,Experiment 4: Field-derived SPM gradient,Exp. 4 Field SPM,Field SPM,SPM,NA
445,C1960,20250108_C1960_clip.MP4,504,8.2,NA,8.2,8.2,TRUE,EXP4_FIELD_SPM,FIELD_SPM,FALSE,TRUE,52,24356,4,L. DIGITATA,BR,WINTER,Bognor,SPM,SPM,NA,NA,0,1381,0,0,NA,626,1166,1792,0.34933035714285715,glass,655,NA,NA,NA,NA,2024,NA,NA,LAMINARIA DIGITATA,1792,0.34933035714285715,FALSE,FALSE,FALSE,FALSE,FALSE,FALSE,FALSE,FALSE,FALSE,FALSE,FALSE,0,FALSE,NA,NA,FALSE,FALSE,FALSE,FALSE,FALSE,FALSE,FALSE,FALSE,FALSE,FALSE,FALSE,FALSE,NA,NA,0.6506696428571429,8.2,FIELD_SPM,EXP4_FIELD_SPM,3.1405080430381798,0,0 lux,4,1,SPM,NA,FIELD_SPM,NA,NA,FALSE,FALSE,FALSE,FALSE,TRUE,Day 4,>=400 NTU,0 lux,36,72,1,Experiment 4: Field-derived SPM gradient,Exp. 4 Field SPM,Field SPM,SPM,NA
446,C1961,20250108_C1961_clip.MP4,504,8.2,NA,8.2,8.2,TRUE,EXP4_FIELD_SPM,FIELD_SPM,FALSE,TRUE,52,24361,4,L. DIGITATA,BR,WINTER,Bognor,SPM,SPM,NA,NA,0,2763,0,0,NA,273,769,1042,0.2619961612284069,glass,577,NA,NA,NA,NA,2024,NA,NA,LAMINARIA DIGITATA,1042,0.2619961612284069,FALSE,FALSE,FALSE,FALSE,FALSE,FALSE,FALSE,FALSE,FALSE,FALSE,FALSE,0,FALSE,NA,NA,FALSE,FALSE,FALSE,FALSE,FALSE,FALSE,FALSE,FALSE,FALSE,FALSE,FALSE,FALSE,NA,NA,0.738003838771593,8.2,FIELD_SPM,EXP4_FIELD_SPM,3.441538038702161,0,0 lux,4,1,SPM,NA,FIELD_SPM,NA,NA,FALSE,FALSE,FALSE,FALSE,TRUE,Day 4,>=400 NTU,0 lux,36,72,1,Experiment 4: Field-derived SPM gradient,Exp. 4 Field SPM,Field SPM,SPM,NA
447,C1962,20250108_C1962_clip.MP4,504,8.2,NA,8.2,8.2,TRUE,EXP4_FIELD_SPM,FIELD_SPM,FALSE,TRUE,52,24362,4,L. DIGITATA,BR,WINTER,Bognor,SPM,SPM,NA,NA,0,2763,0,0,NA,785,1498,2283,0.34384581690757776,glass,173,NA,NA,NA,NA,2024,NA,NA,LAMINARIA DIGITATA,2283,0.34384581690757776,FALSE,FALSE,FALSE,FALSE,FALSE,FALSE,FALSE,FALSE,FALSE,FALSE,FALSE,0,FALSE,NA,NA,FALSE,FALSE,FALSE,FALSE,FALSE,FALSE,FALSE,FALSE,FALSE,FALSE,FALSE,FALSE,NA,NA,0.6561541830924222,8.2,FIELD_SPM,EXP4_FIELD_SPM,3.441538038702161,0,0 lux,4,1,SPM,NA,FIELD_SPM,NA,NA,FALSE,FALSE,FALSE,FALSE,TRUE,Day 4,>=400 NTU,0 lux,36,72,1,Experiment 4: Field-derived SPM gradient,Exp. 4 Field SPM,Field SPM,SPM,NA
448,C1963,20250108_C1963_clip.MP4,504,8.2,NA,8.2,8.2,TRUE,EXP4_FIELD_SPM,FIELD_SPM,FALSE,TRUE,52,24363,4,L. DIGITATA,BR,WINTER,Bognor,SPM,SPM,NA,NA,0,2763,0,0,NA,344,891,1235,0.2785425101214575,glass,2335,NA,NA,NA,NA,2024,NA,NA,LAMINARIA DIGITATA,1235,0.2785425101214575,FALSE,FALSE,FALSE,FALSE,FALSE,FALSE,FALSE,FALSE,FALSE,FALSE,FALSE,0,FALSE,NA,NA,FALSE,FALSE,FALSE,FALSE,FALSE,FALSE,FALSE,FALSE,FALSE,FALSE,FALSE,FALSE,NA,NA,0.7214574898785425,8.2,FIELD_SPM,EXP4_FIELD_SPM,3.441538038702161,0,0 lux,4,1,SPM,NA,FIELD_SPM,NA,NA,FALSE,FALSE,FALSE,FALSE,TRUE,Day 4,>=400 NTU,0 lux,36,72,1,Experiment 4: Field-derived SPM gradient,Exp. 4 Field SPM,Field SPM,SPM,NA
449,C1964,20250108_C1964_clip.MP4,504,8.2,NA,8.2,8.2,TRUE,EXP4_FIELD_SPM,FIELD_SPM,FALSE,TRUE,52,24364,4,L. DIGITATA,BR,WINTER,Bognor,SPM,SPM,NA,NA,0,4144,0,0,NA,399,1146,1545,0.258252427184466,glass,1429,NA,NA,NA,NA,2024,NA,NA,LAMINARIA DIGITATA,1545,0.258252427184466,FALSE,FALSE,FALSE,FALSE,FALSE,FALSE,FALSE,FALSE,FALSE,FALSE,FALSE,0,FALSE,NA,NA,FALSE,FALSE,FALSE,FALSE,FALSE,FALSE,FALSE,FALSE,FALSE,FALSE,FALSE,FALSE,NA,NA,0.7417475728155339,8.2,FIELD_SPM,EXP4_FIELD_SPM,3.6175245348862926,0,0 lux,4,1,SPM,NA,FIELD_SPM,NA,NA,FALSE,FALSE,FALSE,FALSE,TRUE,Day 4,>=400 NTU,0 lux,36,72,1,Experiment 4: Field-derived SPM gradient,Exp. 4 Field SPM,Field SPM,SPM,NA
450,C1965,20250108_C1965_clip.MP4,504,8.2,NA,8.2,8.2,TRUE,EXP4_FIELD_SPM,FIELD_SPM,FALSE,TRUE,52,24365,4,L. DIGITATA,BR,WINTER,Bognor,SPM,SPM,NA,NA,0,4144,0,0,NA,584,1547,2131,0.2740497419052088,glass,433,NA,NA,NA,NA,2024,NA,NA,LAMINARIA DIGITATA,2131,0.2740497419052088,FALSE,FALSE,FALSE,FALSE,FALSE,FALSE,FALSE,FALSE,FALSE,FALSE,FALSE,0,FALSE,NA,NA,FALSE,FALSE,FALSE,FALSE,FALSE,FALSE,FALSE,FALSE,FALSE,FALSE,FALSE,FALSE,NA,NA,0.7259502580947912,8.2,FIELD_SPM,EXP4_FIELD_SPM,3.6175245348862926,0,0 lux,4,1,SPM,NA,FIELD_SPM,NA,NA,FALSE,FALSE,FALSE,FALSE,TRUE,Day 4,>=400 NTU,0 lux,36,72,1,Experiment 4: Field-derived SPM gradient,Exp. 4 Field SPM,Field SPM,SPM,NA
451,C1966,20250108_C1966_clip.MP4,504,8.2,NA,8.2,8.2,TRUE,EXP4_FIELD_SPM,FIELD_SPM,FALSE,TRUE,52,24366,4,L. DIGITATA,BR,WINTER,Bognor,SPM,SPM,NA,NA,0,4144,0,0,NA,623,1332,1955,0.31867007672634273,glass,289,NA,NA,NA,NA,2024,NA,NA,LAMINARIA DIGITATA,1955,0.31867007672634273,FALSE,FALSE,FALSE,FALSE,FALSE,FALSE,FALSE,FALSE,FALSE,FALSE,FALSE,0,FALSE,NA,NA,FALSE,FALSE,FALSE,FALSE,FALSE,FALSE,FALSE,FALSE,FALSE,FALSE,FALSE,FALSE,NA,NA,0.6813299232736573,8.2,FIELD_SPM,EXP4_FIELD_SPM,3.6175245348862926,0,0 lux,4,1,SPM,NA,FIELD_SPM,NA,NA,FALSE,FALSE,FALSE,FALSE,TRUE,Day 4,>=400 NTU,0 lux,36,72,1,Experiment 4: Field-derived SPM gradient,Exp. 4 Field SPM,Field SPM,SPM,NA
455,C1970,20250108_C1970_clip.MP4,504,10.2,NA,10.2,10.2,TRUE,EXP2_DEFINED_PARTICLES,DEFINED_PARTICLES,FALSE,TRUE,52,24224,16,L. DIGITATA,BR,WINTER,Bognor,PEAT,PEAT,NA,NA,0,25,0,0,NA,295,897,1192,0.24748322147651006,none,NA,NA,NA,NA,NA,2024,NA,NA,LAMINARIA DIGITATA,1192,0.24748322147651006,FALSE,FALSE,FALSE,FALSE,FALSE,FALSE,FALSE,FALSE,FALSE,FALSE,FALSE,0,FALSE,NA,NA,FALSE,FALSE,FALSE,FALSE,FALSE,FALSE,FALSE,FALSE,FALSE,FALSE,FALSE,FALSE,NA,NA,0.75251677852349,10.2,DEFINED_PARTICLES,EXP2_DEFINED_PARTICLES,1.414973347970818,0,0 lux,16,4,PEAT,NA,DEFINED_PARTICLES,NA,NA,FALSE,TRUE,FALSE,FALSE,FALSE,Day 16,25-<100 NTU,0 lux,27,108,4,Experiment 2: Defined particle concentration series,Exp. 2 Defined particles,Peat,Peat,NA
456,C1971,20250108_C1971_clip.MP4,504,10.2,NA,10.2,10.2,TRUE,EXP2_DEFINED_PARTICLES,DEFINED_PARTICLES,FALSE,TRUE,52,24225,16,L. DIGITATA,BR,WINTER,Bognor,PEAT,PEAT,NA,NA,0,25,0,0,NA,519,1714,2233,0.23242274966412899,none,NA,NA,NA,NA,NA,2024,NA,NA,LAMINARIA DIGITATA,2233,0.23242274966412899,FALSE,FALSE,FALSE,FALSE,FALSE,FALSE,FALSE,FALSE,FALSE,FALSE,FALSE,0,FALSE,NA,NA,FALSE,FALSE,FALSE,FALSE,FALSE,FALSE,FALSE,FALSE,FALSE,FALSE,FALSE,FALSE,NA,NA,0.767577250335871,10.2,DEFINED_PARTICLES,EXP2_DEFINED_PARTICLES,1.414973347970818,0,0 lux,16,4,PEAT,NA,DEFINED_PARTICLES,NA,NA,FALSE,TRUE,FALSE,FALSE,FALSE,Day 16,25-<100 NTU,0 lux,27,108,4,Experiment 2: Defined particle concentration series,Exp. 2 Defined particles,Peat,Peat,NA
457,C1972,20250108_C1972_clip.MP4,504,10.2,NA,10.2,10.2,TRUE,EXP2_DEFINED_PARTICLES,DEFINED_PARTICLES,FALSE,TRUE,52,24226,16,L. DIGITATA,BR,WINTER,Bognor,PEAT,PEAT,NA,NA,0,25,0,0,NA,1331,3198,4529,0.29388385957164936,none,NA,NA,NA,NA,NA,2024,NA,NA,LAMINARIA DIGITATA,4529,0.29388385957164936,FALSE,FALSE,FALSE,FALSE,FALSE,FALSE,FALSE,FALSE,FALSE,FALSE,FALSE,0,FALSE,NA,NA,FALSE,FALSE,FALSE,FALSE,FALSE,FALSE,FALSE,FALSE,FALSE,FALSE,FALSE,FALSE,NA,NA,0.7061161404283506,10.2,DEFINED_PARTICLES,EXP2_DEFINED_PARTICLES,1.414973347970818,0,0 lux,16,4,PEAT,NA,DEFINED_PARTICLES,NA,NA,FALSE,TRUE,FALSE,FALSE,FALSE,Day 16,25-<100 NTU,0 lux,27,108,4,Experiment 2: Defined particle concentration series,Exp. 2 Defined particles,Peat,Peat,NA
458,C1973,20250108_C1973_clip.MP4,504,10.2,NA,10.2,10.2,TRUE,EXP2_DEFINED_PARTICLES,DEFINED_PARTICLES,FALSE,TRUE,52,24231,16,L. DIGITATA,BR,WINTER,Bognor,PEAT,PEAT,NA,NA,0,100,0,0,NA,259,721,980,0.2642857142857143,none,NA,NA,NA,NA,NA,2024,NA,NA,LAMINARIA DIGITATA,980,0.2642857142857143,FALSE,FALSE,FALSE,FALSE,FALSE,FALSE,FALSE,FALSE,FALSE,FALSE,FALSE,0,FALSE,NA,NA,FALSE,FALSE,FALSE,FALSE,FALSE,FALSE,FALSE,FALSE,FALSE,FALSE,FALSE,FALSE,NA,NA,0.7357142857142858,10.2,DEFINED_PARTICLES,EXP2_DEFINED_PARTICLES,2.0043213737826426,0,0 lux,16,4,PEAT,NA,DEFINED_PARTICLES,NA,NA,FALSE,TRUE,FALSE,FALSE,FALSE,Day 16,100-<400 NTU,0 lux,27,108,4,Experiment 2: Defined particle concentration series,Exp. 2 Defined particles,Peat,Peat,NA
459,C1974,20250108_C1974_clip.MP4,504,10.2,NA,10.2,10.2,TRUE,EXP2_DEFINED_PARTICLES,DEFINED_PARTICLES,FALSE,TRUE,52,24232,16,L. DIGITATA,BR,WINTER,Bognor,PEAT,PEAT,NA,NA,0,100,0,0,NA,801,1612,2413,0.33195192706174886,none,NA,NA,NA,NA,NA,2024,NA,NA,LAMINARIA DIGITATA,2413,0.33195192706174886,FALSE,FALSE,FALSE,FALSE,FALSE,FALSE,FALSE,FALSE,FALSE,FALSE,FALSE,0,FALSE,NA,NA,FALSE,FALSE,FALSE,FALSE,FALSE,FALSE,FALSE,FALSE,FALSE,FALSE,FALSE,FALSE,NA,NA,0.6680480729382512,10.2,DEFINED_PARTICLES,EXP2_DEFINED_PARTICLES,2.0043213737826426,0,0 lux,16,4,PEAT,NA,DEFINED_PARTICLES,NA,NA,FALSE,TRUE,FALSE,FALSE,FALSE,Day 16,100-<400 NTU,0 lux,27,108,4,Experiment 2: Defined particle concentration series,Exp. 2 Defined particles,Peat,Peat,NA
460,C1975,20250108_C1975_clip.MP4,504,10.2,NA,10.2,10.2,TRUE,EXP2_DEFINED_PARTICLES,DEFINED_PARTICLES,FALSE,TRUE,52,24233,16,L. DIGITATA,BR,WINTER,Bognor,PEAT,PEAT,NA,NA,0,100,0,0,NA,321,840,1161,0.27648578811369506,none,NA,NA,NA,NA,NA,2024,NA,NA,LAMINARIA DIGITATA,1161,0.27648578811369506,FALSE,FALSE,FALSE,FALSE,FALSE,FALSE,FALSE,FALSE,FALSE,FALSE,FALSE,0,FALSE,NA,NA,FALSE,FALSE,FALSE,FALSE,FALSE,FALSE,FALSE,FALSE,FALSE,FALSE,FALSE,FALSE,NA,NA,0.7235142118863049,10.2,DEFINED_PARTICLES,EXP2_DEFINED_PARTICLES,2.0043213737826426,0,0 lux,16,4,PEAT,NA,DEFINED_PARTICLES,NA,NA,FALSE,TRUE,FALSE,FALSE,FALSE,Day 16,100-<400 NTU,0 lux,27,108,4,Experiment 2: Defined particle concentration series,Exp. 2 Defined particles,Peat,Peat,NA
461,C1976,20250108_C1976_clip.MP4,504,10.2,NA,10.2,10.2,TRUE,EXP2_DEFINED_PARTICLES,DEFINED_PARTICLES,FALSE,TRUE,52,24234,16,L. DIGITATA,BR,WINTER,Bognor,PEAT,PEAT,NA,NA,0,400,0,0,NA,373,1034,1407,0.26510305614783225,none,NA,NA,NA,NA,NA,2024,NA,NA,LAMINARIA DIGITATA,1407,0.26510305614783225,FALSE,FALSE,FALSE,FALSE,FALSE,FALSE,FALSE,FALSE,FALSE,FALSE,FALSE,0,FALSE,NA,NA,FALSE,FALSE,FALSE,FALSE,FALSE,FALSE,FALSE,FALSE,FALSE,FALSE,FALSE,FALSE,NA,NA,0.73489694385216775,10.2,DEFINED_PARTICLES,EXP2_DEFINED_PARTICLES,2.603144372620182,0,0 lux,16,4,PEAT,NA,DEFINED_PARTICLES,NA,NA,FALSE,TRUE,FALSE,FALSE,FALSE,Day 16,>=400 NTU,0 lux,27,108,4,Experiment 2: Defined particle concentration series,Exp. 2 Defined particles,Peat,Peat,NA
462,C1977,20250108_C1977_clip.MP4,504,10.2,NA,10.2,10.2,TRUE,EXP2_DEFINED_PARTICLES,DEFINED_PARTICLES,FALSE,TRUE,52,24235,16,L. DIGITATA,BR,WINTER,Bognor,PEAT,PEAT,NA,NA,0,400,0,0,NA,2119,3630,5749,0.36858584101582886,none,NA,NA,NA,NA,NA,2024,NA,NA,LAMINARIA DIGITATA,5749,0.36858584101582886,FALSE,FALSE,FALSE,FALSE,FALSE,FALSE,FALSE,FALSE,FALSE,FALSE,FALSE,0,FALSE,NA,NA,FALSE,FALSE,FALSE,FALSE,FALSE,FALSE,FALSE,FALSE,FALSE,FALSE,FALSE,FALSE,NA,NA,0.6314141589841712,10.2,DEFINED_PARTICLES,EXP2_DEFINED_PARTICLES,2.603144372620182,0,0 lux,16,4,PEAT,NA,DEFINED_PARTICLES,NA,NA,FALSE,TRUE,FALSE,FALSE,FALSE,Day 16,>=400 NTU,0 lux,27,108,4,Experiment 2: Defined particle concentration series,Exp. 2 Defined particles,Peat,Peat,NA
463,C1978,20250108_C1978_clip.MP4,504,10.2,NA,10.2,10.2,TRUE,EXP2_DEFINED_PARTICLES,DEFINED_PARTICLES,FALSE,TRUE,52,24236,16,L. DIGITATA,BR,WINTER,Bognor,PEAT,PEAT,NA,NA,0,400,0,0,NA,265,806,1071,0.24743230625583568,none,NA,NA,NA,NA,NA,2024,NA,NA,LAMINARIA DIGITATA,1071,0.24743230625583568,FALSE,FALSE,FALSE,FALSE,FALSE,FALSE,FALSE,FALSE,FALSE,FALSE,FALSE,0,FALSE,NA,NA,FALSE,FALSE,FALSE,FALSE,FALSE,FALSE,FALSE,FALSE,FALSE,FALSE,FALSE,FALSE,NA,NA,0.7525676937441643,10.2,DEFINED_PARTICLES,EXP2_DEFINED_PARTICLES,2.603144372620182,0,0 lux,16,4,PEAT,NA,DEFINED_PARTICLES,NA,NA,FALSE,TRUE,FALSE,FALSE,FALSE,Day 16,>=400 NTU,0 lux,27,108,4,Experiment 2: Defined particle concentration series,Exp. 2 Defined particles,Peat,Peat,NA
464,C1979,20250108_C1979_clip.MP4,504,10.2,NA,10.2,10.2,TRUE,EXP2_DEFINED_PARTICLES,DEFINED_PARTICLES,FALSE,TRUE,52,24241,16,L. DIGITATA,BR,WINTER,Bognor,KAOLINITE,KAOLINITE,NA,NA,0,100,0,0,NA,566,1557,2123,0.26660386245878476,none,NA,NA,NA,NA,NA,2024,NA,NA,LAMINARIA DIGITATA,2123,0.26660386245878476,FALSE,FALSE,FALSE,FALSE,FALSE,FALSE,FALSE,FALSE,FALSE,FALSE,FALSE,0,FALSE,NA,NA,FALSE,FALSE,FALSE,FALSE,FALSE,FALSE,FALSE,FALSE,FALSE,FALSE,FALSE,FALSE,NA,NA,0.7333961375412152,10.2,DEFINED_PARTICLES,EXP2_DEFINED_PARTICLES,2.0043213737826426,0,0 lux,16,4,KAOLINITE,NA,DEFINED_PARTICLES,NA,NA,FALSE,TRUE,FALSE,FALSE,FALSE,Day 16,100-<400 NTU,0 lux,27,108,4,Experiment 2: Defined particle concentration series,Exp. 2 Defined particles,Kaolinite,Kaolinite,NA
465,C1980,20250108_C1980_clip.MP4,504,10.2,NA,10.2,10.2,TRUE,EXP2_DEFINED_PARTICLES,DEFINED_PARTICLES,FALSE,TRUE,52,24242,16,L. DIGITATA,BR,WINTER,Bognor,KAOLINITE,KAOLINITE,NA,NA,0,100,0,0,NA,335,789,1124,0.29804270462633453,none,NA,NA,NA,NA,NA,2024,NA,NA,LAMINARIA DIGITATA,1124,0.29804270462633453,FALSE,FALSE,FALSE,FALSE,FALSE,FALSE,FALSE,FALSE,FALSE,FALSE,FALSE,0,FALSE,NA,NA,FALSE,FALSE,FALSE,FALSE,FALSE,FALSE,FALSE,FALSE,FALSE,FALSE,FALSE,FALSE,NA,NA,0.7019572953736655,10.2,DEFINED_PARTICLES,EXP2_DEFINED_PARTICLES,2.0043213737826426,0,0 lux,16,4,KAOLINITE,NA,DEFINED_PARTICLES,NA,NA,FALSE,TRUE,FALSE,FALSE,FALSE,Day 16,100-<400 NTU,0 lux,27,108,4,Experiment 2: Defined particle concentration series,Exp. 2 Defined particles,Kaolinite,Kaolinite,NA
466,C1981,20250108_C1981_clip.MP4,504,10.2,NA,10.2,10.2,TRUE,EXP2_DEFINED_PARTICLES,DEFINED_PARTICLES,FALSE,TRUE,52,24243,16,L. DIGITATA,BR,WINTER,Bognor,KAOLINITE,KAOLINITE,NA,NA,0,100,0,0,NA,261,698,959,0.2721584984358707,none,NA,NA,NA,NA,NA,2024,NA,NA,LAMINARIA DIGITATA,959,0.2721584984358707,FALSE,FALSE,FALSE,FALSE,FALSE,FALSE,FALSE,FALSE,FALSE,FALSE,FALSE,0,FALSE,NA,NA,FALSE,FALSE,FALSE,FALSE,FALSE,FALSE,FALSE,FALSE,FALSE,FALSE,FALSE,FALSE,NA,NA,0.7278415015641293,10.2,DEFINED_PARTICLES,EXP2_DEFINED_PARTICLES,2.0043213737826426,0,0 lux,16,4,KAOLINITE,NA,DEFINED_PARTICLES,NA,NA,FALSE,TRUE,FALSE,FALSE,FALSE,Day 16,100-<400 NTU,0 lux,27,108,4,Experiment 2: Defined particle concentration series,Exp. 2 Defined particles,Kaolinite,Kaolinite,NA
467,C1982,20250108_C1982_clip.MP4,504,10.2,NA,10.2,10.2,TRUE,EXP2_DEFINED_PARTICLES,DEFINED_PARTICLES,FALSE,TRUE,52,24244,16,L. DIGITATA,BR,WINTER,Bognor,KAOLINITE,KAOLINITE,NA,NA,0,400,0,0,NA,312,847,1159,0.26919758412424505,none,NA,NA,NA,NA,NA,2024,NA,NA,LAMINARIA DIGITATA,1159,0.26919758412424505,FALSE,FALSE,FALSE,FALSE,FALSE,FALSE,FALSE,FALSE,FALSE,FALSE,FALSE,0,FALSE,NA,NA,FALSE,FALSE,FALSE,FALSE,FALSE,FALSE,FALSE,FALSE,FALSE,FALSE,FALSE,FALSE,NA,NA,0.730802415875755,10.2,DEFINED_PARTICLES,EXP2_DEFINED_PARTICLES,2.603144372620182,0,0 lux,16,4,KAOLINITE,NA,DEFINED_PARTICLES,NA,NA,FALSE,TRUE,FALSE,FALSE,FALSE,Day 16,>=400 NTU,0 lux,27,108,4,Experiment 2: Defined particle concentration series,Exp. 2 Defined particles,Kaolinite,Kaolinite,NA
468,C1983,20250108_C1983_clip.MP4,504,10.2,NA,10.2,10.2,TRUE,EXP2_DEFINED_PARTICLES,DEFINED_PARTICLES,FALSE,TRUE,52,24245,16,L. DIGITATA,BR,WINTER,Bognor,KAOLINITE,KAOLINITE,NA,NA,0,400,0,0,NA,336,1204,1540,0.21818181818181817,none,NA,NA,NA,NA,NA,2024,NA,NA,LAMINARIA DIGITATA,1540,0.21818181818181817,FALSE,FALSE,FALSE,FALSE,FALSE,FALSE,FALSE,FALSE,FALSE,FALSE,FALSE,0,FALSE,NA,NA,FALSE,FALSE,FALSE,FALSE,FALSE,FALSE,FALSE,FALSE,FALSE,FALSE,FALSE,FALSE,NA,NA,0.7818181818181819,10.2,DEFINED_PARTICLES,EXP2_DEFINED_PARTICLES,2.603144372620182,0,0 lux,16,4,KAOLINITE,NA,DEFINED_PARTICLES,NA,NA,FALSE,TRUE,FALSE,FALSE,FALSE,Day 16,>=400 NTU,0 lux,27,108,4,Experiment 2: Defined particle concentration series,Exp. 2 Defined particles,Kaolinite,Kaolinite,NA
469,C1984,20250108_C1984_clip.MP4,504,10.2,NA,10.2,10.2,TRUE,EXP2_DEFINED_PARTICLES,DEFINED_PARTICLES,FALSE,TRUE,52,24246,16,L. DIGITATA,BR,WINTER,Bognor,KAOLINITE,KAOLINITE,NA,NA,0,400,0,0,NA,287,886,1173,0.24467178175618073,none,NA,NA,NA,NA,NA,2024,NA,NA,LAMINARIA DIGITATA,1173,0.24467178175618073,FALSE,FALSE,FALSE,FALSE,FALSE,FALSE,FALSE,FALSE,FALSE,FALSE,FALSE,0,FALSE,NA,NA,FALSE,FALSE,FALSE,FALSE,FALSE,FALSE,FALSE,FALSE,FALSE,FALSE,FALSE,FALSE,NA,NA,0.7553282182438192,10.2,DEFINED_PARTICLES,EXP2_DEFINED_PARTICLES,2.603144372620182,0,0 lux,16,4,KAOLINITE,NA,DEFINED_PARTICLES,NA,NA,FALSE,TRUE,FALSE,FALSE,FALSE,Day 16,>=400 NTU,0 lux,27,108,4,Experiment 2: Defined particle concentration series,Exp. 2 Defined particles,Kaolinite,Kaolinite,NA
470,C1985,20250108_C1985_clip.MP4,504,10.2,NA,10.2,10.2,TRUE,EXP2_DEFINED_PARTICLES,DEFINED_PARTICLES,FALSE,TRUE,52,24251,16,L. DIGITATA,BR,WINTER,Bognor,SAND,SAND,NA,NA,0,100,0,0,NA,267,730,997,0.2678034102306921,none,NA,NA,NA,NA,NA,2024,NA,NA,LAMINARIA DIGITATA,997,0.2678034102306921,FALSE,FALSE,FALSE,FALSE,FALSE,FALSE,FALSE,FALSE,FALSE,FALSE,FALSE,0,FALSE,NA,NA,FALSE,FALSE,FALSE,FALSE,FALSE,FALSE,FALSE,FALSE,FALSE,FALSE,FALSE,FALSE,NA,NA,0.7321965897693079,10.2,DEFINED_PARTICLES,EXP2_DEFINED_PARTICLES,2.0043213737826426,0,0 lux,16,4,SAND,NA,DEFINED_PARTICLES,NA,NA,FALSE,TRUE,FALSE,FALSE,FALSE,Day 16,100-<400 NTU,0 lux,27,108,4,Experiment 2: Defined particle concentration series,Exp. 2 Defined particles,Sand,Sand,NA
471,C1986,20250108_C1986_clip.MP4,504,10.2,NA,10.2,10.2,TRUE,EXP2_DEFINED_PARTICLES,DEFINED_PARTICLES,FALSE,TRUE,52,24252,16,L. DIGITATA,BR,WINTER,Bognor,SAND,SAND,NA,NA,0,100,0,0,NA,379,960,1339,0.2830470500373413,none,NA,NA,NA,NA,NA,2024,NA,NA,LAMINARIA DIGITATA,1339,0.2830470500373413,FALSE,FALSE,FALSE,FALSE,FALSE,FALSE,FALSE,FALSE,FALSE,FALSE,FALSE,0,FALSE,NA,NA,FALSE,FALSE,FALSE,FALSE,FALSE,FALSE,FALSE,FALSE,FALSE,FALSE,FALSE,FALSE,NA,NA,0.7169529499626587,10.2,DEFINED_PARTICLES,EXP2_DEFINED_PARTICLES,2.0043213737826426,0,0 lux,16,4,SAND,NA,DEFINED_PARTICLES,NA,NA,FALSE,TRUE,FALSE,FALSE,FALSE,Day 16,100-<400 NTU,0 lux,27,108,4,Experiment 2: Defined particle concentration series,Exp. 2 Defined particles,Sand,Sand,NA
472,C1987,20250108_C1987_clip.MP4,504,10.2,NA,10.2,10.2,TRUE,EXP2_DEFINED_PARTICLES,DEFINED_PARTICLES,FALSE,TRUE,52,24253,16,L. DIGITATA,BR,WINTER,Bognor,SAND,SAND,NA,NA,0,100,0,0,NA,270,747,1017,0.26548672566371684,none,NA,NA,NA,NA,NA,2024,NA,NA,LAMINARIA DIGITATA,1017,0.26548672566371684,FALSE,FALSE,FALSE,FALSE,FALSE,FALSE,FALSE,FALSE,FALSE,FALSE,FALSE,0,FALSE,NA,NA,FALSE,FALSE,FALSE,FALSE,FALSE,FALSE,FALSE,FALSE,FALSE,FALSE,FALSE,FALSE,NA,NA,0.7345132743362832,10.2,DEFINED_PARTICLES,EXP2_DEFINED_PARTICLES,2.0043213737826426,0,0 lux,16,4,SAND,NA,DEFINED_PARTICLES,NA,NA,FALSE,TRUE,FALSE,FALSE,FALSE,Day 16,100-<400 NTU,0 lux,27,108,4,Experiment 2: Defined particle concentration series,Exp. 2 Defined particles,Sand,Sand,NA
473,C1988,20250108_C1988_clip.MP4,504,10.2,NA,10.2,10.2,TRUE,EXP2_DEFINED_PARTICLES,DEFINED_PARTICLES,FALSE,TRUE,52,24254,16,L. DIGITATA,BR,WINTER,Bognor,SAND,SAND,NA,NA,0,400,0,0,NA,250,740,990,0.25252525252525254,none,NA,NA,NA,NA,NA,2024,NA,NA,LAMINARIA DIGITATA,990,0.25252525252525254,FALSE,FALSE,FALSE,FALSE,FALSE,FALSE,FALSE,FALSE,FALSE,FALSE,FALSE,0,FALSE,NA,NA,FALSE,FALSE,FALSE,FALSE,FALSE,FALSE,FALSE,FALSE,FALSE,FALSE,FALSE,FALSE,NA,NA,0.7474747474747475,10.2,DEFINED_PARTICLES,EXP2_DEFINED_PARTICLES,2.603144372620182,0,0 lux,16,4,SAND,NA,DEFINED_PARTICLES,NA,NA,FALSE,TRUE,FALSE,FALSE,FALSE,Day 16,>=400 NTU,0 lux,27,108,4,Experiment 2: Defined particle concentration series,Exp. 2 Defined particles,Sand,Sand,NA
474,C1989,20250108_C1989_clip.MP4,504,10.2,NA,10.2,10.2,TRUE,EXP2_DEFINED_PARTICLES,DEFINED_PARTICLES,FALSE,TRUE,52,24255,16,L. DIGITATA,BR,WINTER,Bognor,SAND,SAND,NA,NA,0,400,0,0,NA,270,715,985,0.27411167512690354,none,NA,NA,NA,NA,NA,2024,NA,NA,LAMINARIA DIGITATA,985,0.27411167512690354,FALSE,FALSE,FALSE,FALSE,FALSE,FALSE,FALSE,FALSE,FALSE,FALSE,FALSE,0,FALSE,NA,NA,FALSE,FALSE,FALSE,FALSE,FALSE,FALSE,FALSE,FALSE,FALSE,FALSE,FALSE,FALSE,NA,NA,0.7258883248730964,10.2,DEFINED_PARTICLES,EXP2_DEFINED_PARTICLES,2.603144372620182,0,0 lux,16,4,SAND,NA,DEFINED_PARTICLES,NA,NA,FALSE,TRUE,FALSE,FALSE,FALSE,Day 16,>=400 NTU,0 lux,27,108,4,Experiment 2: Defined particle concentration series,Exp. 2 Defined particles,Sand,Sand,NA
475,C1990,20250108_C1990_clip.MP4,504,10.2,NA,10.2,10.2,TRUE,EXP2_DEFINED_PARTICLES,DEFINED_PARTICLES,FALSE,TRUE,52,24256,16,L. DIGITATA,BR,WINTER,Bognor,SAND,SAND,NA,NA,0,400,0,0,NA,338,910,1248,0.2708333333333333,none,NA,NA,NA,NA,NA,2024,NA,NA,LAMINARIA DIGITATA,1248,0.2708333333333333,FALSE,FALSE,FALSE,FALSE,FALSE,FALSE,FALSE,FALSE,FALSE,FALSE,FALSE,0,FALSE,NA,NA,FALSE,FALSE,FALSE,FALSE,FALSE,FALSE,FALSE,FALSE,FALSE,FALSE,FALSE,FALSE,NA,NA,0.7291666666666666,10.2,DEFINED_PARTICLES,EXP2_DEFINED_PARTICLES,2.603144372620182,0,0 lux,16,4,SAND,NA,DEFINED_PARTICLES,NA,NA,FALSE,TRUE,FALSE,FALSE,FALSE,Day 16,>=400 NTU,0 lux,27,108,4,Experiment 2: Defined particle concentration series,Exp. 2 Defined particles,Sand,Sand,NA
476,C1991,20250108_C1991_clip.MP4,504,10.2,NA,10.2,10.2,TRUE,EXP2_DEFINED_PARTICLES,DEFINED_PARTICLES,FALSE,TRUE,52,24261,16,L. DIGITATA,BR,WINTER,Bognor,SAND,SAND,NA,NA,0,25,0,0,NA,263,767,1030,0.25533980582524274,none,NA,NA,NA,NA,NA,2024,NA,NA,LAMINARIA DIGITATA,1030,0.25533980582524274,FALSE,FALSE,FALSE,FALSE,FALSE,FALSE,FALSE,FALSE,FALSE,FALSE,FALSE,0,FALSE,NA,NA,FALSE,FALSE,FALSE,FALSE,FALSE,FALSE,FALSE,FALSE,FALSE,FALSE,FALSE,FALSE,NA,NA,0.7446601941747573,10.2,DEFINED_PARTICLES,EXP2_DEFINED_PARTICLES,1.414973347970818,0,0 lux,16,4,SAND,NA,DEFINED_PARTICLES,NA,NA,FALSE,TRUE,FALSE,FALSE,FALSE,Day 16,25-<100 NTU,0 lux,27,108,4,Experiment 2: Defined particle concentration series,Exp. 2 Defined particles,Sand,Sand,NA
477,C1992,20250108_C1992_clip.MP4,504,10.2,NA,10.2,10.2,TRUE,EXP2_DEFINED_PARTICLES,DEFINED_PARTICLES,FALSE,TRUE,52,24262,16,L. DIGITATA,BR,WINTER,Bognor,SAND,SAND,NA,NA,0,25,0,0,NA,295,753,1048,0.2814885496183206,none,NA,NA,NA,NA,NA,2024,NA,NA,LAMINARIA DIGITATA,1048,0.2814885496183206,FALSE,FALSE,FALSE,FALSE,FALSE,FALSE,FALSE,FALSE,FALSE,FALSE,FALSE,0,FALSE,NA,NA,FALSE,FALSE,FALSE,FALSE,FALSE,FALSE,FALSE,FALSE,FALSE,FALSE,FALSE,FALSE,NA,NA,0.7185114503816794,10.2,DEFINED_PARTICLES,EXP2_DEFINED_PARTICLES,1.414973347970818,0,0 lux,16,4,SAND,NA,DEFINED_PARTICLES,NA,NA,FALSE,TRUE,FALSE,FALSE,FALSE,Day 16,25-<100 NTU,0 lux,27,108,4,Experiment 2: Defined particle concentration series,Exp. 2 Defined particles,Sand,Sand,NA
478,C1993,20250108_C1993_clip.MP4,504,10.2,NA,10.2,10.2,TRUE,EXP2_DEFINED_PARTICLES,DEFINED_PARTICLES,FALSE,TRUE,52,24263,16,L. DIGITATA,BR,WINTER,Bognor,SAND,SAND,NA,NA,0,25,0,0,NA,274,714,988,0.2773279352226721,none,NA,NA,NA,NA,NA,2024,NA,NA,LAMINARIA DIGITATA,988,0.2773279352226721,FALSE,FALSE,FALSE,FALSE,FALSE,FALSE,FALSE,FALSE,FALSE,FALSE,FALSE,0,FALSE,NA,NA,FALSE,FALSE,FALSE,FALSE,FALSE,FALSE,FALSE,FALSE,FALSE,FALSE,FALSE,FALSE,NA,NA,0.7226720647773279,10.2,DEFINED_PARTICLES,EXP2_DEFINED_PARTICLES,1.414973347970818,0,0 lux,16,4,SAND,NA,DEFINED_PARTICLES,NA,NA,FALSE,TRUE,FALSE,FALSE,FALSE,Day 16,25-<100 NTU,0 lux,27,108,4,Experiment 2: Defined particle concentration series,Exp. 2 Defined particles,Sand,Sand,NA
479,C1994,20250108_C1994_clip.MP4,504,10.2,NA,10.2,10.2,TRUE,EXP2_DEFINED_PARTICLES,DEFINED_PARTICLES,FALSE,TRUE,52,24264,16,L. DIGITATA,BR,WINTER,Bognor,KAOLINITE,KAOLINITE,NA,NA,0,25,0,0,NA,290,840,1130,0.25663716814159293,none,NA,NA,NA,NA,NA,2024,NA,NA,LAMINARIA DIGITATA,1130,0.25663716814159293,FALSE,FALSE,FALSE,FALSE,FALSE,FALSE,FALSE,FALSE,FALSE,FALSE,FALSE,0,FALSE,NA,NA,FALSE,FALSE,FALSE,FALSE,FALSE,FALSE,FALSE,FALSE,FALSE,FALSE,FALSE,FALSE,NA,NA,0.7433628318584071,10.2,DEFINED_PARTICLES,EXP2_DEFINED_PARTICLES,1.414973347970818,0,0 lux,16,4,KAOLINITE,NA,DEFINED_PARTICLES,NA,NA,FALSE,TRUE,FALSE,FALSE,FALSE,Day 16,25-<100 NTU,0 lux,27,108,4,Experiment 2: Defined particle concentration series,Exp. 2 Defined particles,Kaolinite,Kaolinite,NA
480,C1995,20250108_C1995_clip.MP4,504,10.2,NA,10.2,10.2,TRUE,EXP2_DEFINED_PARTICLES,DEFINED_PARTICLES,FALSE,TRUE,52,24265,16,L. DIGITATA,BR,WINTER,Bognor,KAOLINITE,KAOLINITE,NA,NA,0,25,0,0,NA,280,899,1179,0.23748939779474132,none,NA,NA,NA,NA,NA,2024,NA,NA,LAMINARIA DIGITATA,1179,0.23748939779474132,FALSE,FALSE,FALSE,FALSE,FALSE,FALSE,FALSE,FALSE,FALSE,FALSE,FALSE,0,FALSE,NA,NA,FALSE,FALSE,FALSE,FALSE,FALSE,FALSE,FALSE,FALSE,FALSE,FALSE,FALSE,FALSE,NA,NA,0.7625106022052587,10.2,DEFINED_PARTICLES,EXP2_DEFINED_PARTICLES,1.414973347970818,0,0 lux,16,4,KAOLINITE,NA,DEFINED_PARTICLES,NA,NA,FALSE,TRUE,FALSE,FALSE,FALSE,Day 16,25-<100 NTU,0 lux,27,108,4,Experiment 2: Defined particle concentration series,Exp. 2 Defined particles,Kaolinite,Kaolinite,NA
481,C1996,20250108_C1996_clip.MP4,504,10.2,NA,10.2,10.2,TRUE,EXP2_DEFINED_PARTICLES,DEFINED_PARTICLES,FALSE,TRUE,52,24266,16,L. DIGITATA,BR,WINTER,Bognor,KAOLINITE,KAOLINITE,NA,NA,0,25,0,0,NA,286,796,1082,0.2643253234750462,none,NA,NA,NA,NA,NA,2024,NA,NA,LAMINARIA DIGITATA,1082,0.2643253234750462,FALSE,FALSE,FALSE,FALSE,FALSE,FALSE,FALSE,FALSE,FALSE,FALSE,FALSE,0,FALSE,NA,NA,FALSE,FALSE,FALSE,FALSE,FALSE,FALSE,FALSE,FALSE,FALSE,FALSE,FALSE,FALSE,NA,NA,0.7356746765249538,10.2,DEFINED_PARTICLES,EXP2_DEFINED_PARTICLES,1.414973347970818,0,0 lux,16,4,KAOLINITE,NA,DEFINED_PARTICLES,NA,NA,FALSE,TRUE,FALSE,FALSE,FALSE,Day 16,25-<100 NTU,0 lux,27,108,4,Experiment 2: Defined particle concentration series,Exp. 2 Defined particles,Kaolinite,Kaolinite,NA
482,C1997,20250108_C1997_clip.MP4,504,9.2,NA,9.2,9.2,TRUE,EXP1_LIGHT,LIGHT_ONLY,TRUE,TRUE,52,24271,16,L. DIGITATA,BR,WINTER,Bognor,CONTROL,NA,NA,NA,70,0,0,0,NA,282,791,1073,0.26281453867660765,none,NA,NA,NA,NA,NA,2024,NA,NA,LAMINARIA DIGITATA,1073,0.26281453867660765,FALSE,FALSE,FALSE,FALSE,FALSE,FALSE,FALSE,FALSE,FALSE,FALSE,FALSE,0,FALSE,NA,NA,FALSE,FALSE,FALSE,FALSE,FALSE,FALSE,FALSE,FALSE,FALSE,FALSE,FALSE,FALSE,NA,NA,0.7371854613233924,9.2,LIGHT_ONLY,EXP1_LIGHT,0,0,70 lux,16,4,CONTROL,NA,LIGHT_ONLY,NA,NA,TRUE,FALSE,FALSE,FALSE,FALSE,Day 16,<25 NTU,70 lux,24,96,4,Experiment 1: Light-only gradient,Exp. 1 Light-only,Control,Control,NA
483,C1998,20250108_C1998_clip.MP4,504,9.2,NA,9.2,9.2,TRUE,EXP1_LIGHT,LIGHT_ONLY,TRUE,TRUE,52,24272,16,L. DIGITATA,BR,WINTER,Bognor,CONTROL,NA,NA,NA,70,0,0,0,NA,277,761,1038,0.26685934489402696,none,NA,NA,NA,NA,NA,2024,NA,NA,LAMINARIA DIGITATA,1038,0.26685934489402696,FALSE,FALSE,FALSE,FALSE,FALSE,FALSE,FALSE,FALSE,FALSE,FALSE,FALSE,0,FALSE,NA,NA,FALSE,FALSE,FALSE,FALSE,FALSE,FALSE,FALSE,FALSE,FALSE,FALSE,FALSE,FALSE,NA,NA,0.733140655105973,9.2,LIGHT_ONLY,EXP1_LIGHT,0,0,70 lux,16,4,CONTROL,NA,LIGHT_ONLY,NA,NA,TRUE,FALSE,FALSE,FALSE,FALSE,Day 16,<25 NTU,70 lux,24,96,4,Experiment 1: Light-only gradient,Exp. 1 Light-only,Control,Control,NA
484,C1999,20250108_C1999_clip.MP4,504,9.2,NA,9.2,9.2,TRUE,EXP1_LIGHT,LIGHT_ONLY,TRUE,TRUE,52,24273,16,L. DIGITATA,BR,WINTER,Bognor,CONTROL,NA,NA,NA,70,0,0,0,NA,275,696,971,0.28321318228630277,none,NA,NA,NA,NA,NA,2024,NA,NA,LAMINARIA DIGITATA,971,0.28321318228630277,FALSE,FALSE,FALSE,FALSE,FALSE,FALSE,FALSE,FALSE,FALSE,FALSE,FALSE,0,FALSE,NA,NA,FALSE,FALSE,FALSE,FALSE,FALSE,FALSE,FALSE,FALSE,FALSE,FALSE,FALSE,FALSE,NA,NA,0.7167868177136972,9.2,LIGHT_ONLY,EXP1_LIGHT,0,0,70 lux,16,4,CONTROL,NA,LIGHT_ONLY,NA,NA,TRUE,FALSE,FALSE,FALSE,FALSE,Day 16,<25 NTU,70 lux,24,96,4,Experiment 1: Light-only gradient,Exp. 1 Light-only,Control,Control,NA
485,C2000,20250108_C2000_clip.MP4,504,9.2,NA,9.2,9.2,TRUE,EXP1_LIGHT,LIGHT_ONLY,TRUE,TRUE,52,24274,16,L. DIGITATA,BR,WINTER,Bognor,CONTROL,NA,NA,NA,70,0,0,0,NA,11552,20386,31938,0.36170079529087606,none,NA,NA,NA,NA,NA,2024,NA,NA,LAMINARIA DIGITATA,31938,0.36170079529087606,FALSE,FALSE,FALSE,FALSE,FALSE,FALSE,FALSE,FALSE,FALSE,FALSE,FALSE,0,FALSE,NA,NA,FALSE,FALSE,FALSE,FALSE,FALSE,FALSE,FALSE,FALSE,FALSE,FALSE,FALSE,FALSE,NA,NA,0.6382992047091239,9.2,LIGHT_ONLY,EXP1_LIGHT,0,0,70 lux,16,4,CONTROL,NA,LIGHT_ONLY,NA,NA,TRUE,FALSE,FALSE,FALSE,FALSE,Day 16,<25 NTU,70 lux,24,96,4,Experiment 1: Light-only gradient,Exp. 1 Light-only,Control,Control,NA
486,C2001,20250108_C2001_clip.MP4,504,9.2,NA,9.2,9.2,TRUE,EXP1_LIGHT,LIGHT_ONLY,TRUE,TRUE,52,24275,16,L. DIGITATA,BR,WINTER,Bognor,CONTROL,NA,NA,NA,70,0,0,0,NA,303,912,1215,0.24938271604938272,none,NA,NA,NA,NA,NA,2024,NA,NA,LAMINARIA DIGITATA,1215,0.24938271604938272,FALSE,FALSE,FALSE,FALSE,FALSE,FALSE,FALSE,FALSE,FALSE,FALSE,FALSE,0,FALSE,NA,NA,FALSE,FALSE,FALSE,FALSE,FALSE,FALSE,FALSE,FALSE,FALSE,FALSE,FALSE,FALSE,NA,NA,0.7506172839506173,9.2,LIGHT_ONLY,EXP1_LIGHT,0,0,70 lux,16,4,CONTROL,NA,LIGHT_ONLY,NA,NA,TRUE,FALSE,FALSE,FALSE,FALSE,Day 16,<25 NTU,70 lux,24,96,4,Experiment 1: Light-only gradient,Exp. 1 Light-only,Control,Control,NA
487,C2002,20250108_C2002_clip.MP4,504,9.2,NA,9.2,9.2,TRUE,EXP1_LIGHT,LIGHT_ONLY,TRUE,TRUE,52,24276,16,L. DIGITATA,BR,WINTER,Bognor,CONTROL,NA,NA,NA,117,0,0,0,NA,334,836,1170,0.28547008547008546,none,NA,NA,NA,NA,NA,2024,NA,NA,LAMINARIA DIGITATA,1170,0.28547008547008546,FALSE,FALSE,FALSE,FALSE,FALSE,FALSE,FALSE,FALSE,FALSE,FALSE,FALSE,0,FALSE,NA,NA,FALSE,FALSE,FALSE,FALSE,FALSE,FALSE,FALSE,FALSE,FALSE,FALSE,FALSE,FALSE,NA,NA,0.7145299145299145,9.2,LIGHT_ONLY,EXP1_LIGHT,0,0,117 lux,16,4,CONTROL,NA,LIGHT_ONLY,NA,NA,TRUE,FALSE,FALSE,FALSE,FALSE,Day 16,<25 NTU,117 lux,24,96,4,Experiment 1: Light-only gradient,Exp. 1 Light-only,Control,Control,NA
488,C2003,20250108_C2003_clip.MP4,504,9.2,NA,9.2,9.2,TRUE,EXP1_LIGHT,LIGHT_ONLY,TRUE,TRUE,52,24281,16,L. DIGITATA,BR,WINTER,Bognor,CONTROL,NA,NA,NA,117,0,0,0,NA,530,1279,1809,0.29297954671089,none,NA,NA,NA,NA,NA,2024,NA,NA,LAMINARIA DIGITATA,1809,0.29297954671089,FALSE,FALSE,FALSE,FALSE,FALSE,FALSE,FALSE,FALSE,FALSE,FALSE,FALSE,0,FALSE,NA,NA,FALSE,FALSE,FALSE,FALSE,FALSE,FALSE,FALSE,FALSE,FALSE,FALSE,FALSE,FALSE,NA,NA,0.70702045328911,9.2,LIGHT_ONLY,EXP1_LIGHT,0,0,117 lux,16,4,CONTROL,NA,LIGHT_ONLY,NA,NA,TRUE,FALSE,FALSE,FALSE,FALSE,Day 16,<25 NTU,117 lux,24,96,4,Experiment 1: Light-only gradient,Exp. 1 Light-only,Control,Control,NA
489,C2004,20250108_C2004_clip.MP4,504,9.2,NA,9.2,9.2,TRUE,EXP1_LIGHT,LIGHT_ONLY,TRUE,TRUE,52,24282,16,L. DIGITATA,BR,WINTER,Bognor,CONTROL,NA,NA,NA,117,0,0,0,NA,268,772,1040,0.25769230769230766,none,NA,NA,NA,NA,NA,2024,NA,NA,LAMINARIA DIGITATA,1040,0.25769230769230766,FALSE,FALSE,FALSE,FALSE,FALSE,FALSE,FALSE,FALSE,FALSE,FALSE,FALSE,0,FALSE,NA,NA,FALSE,FALSE,FALSE,FALSE,FALSE,FALSE,FALSE,FALSE,FALSE,FALSE,FALSE,FALSE,NA,NA,0.7423076923076923,9.2,LIGHT_ONLY,EXP1_LIGHT,0,0,117 lux,16,4,CONTROL,NA,LIGHT_ONLY,NA,NA,TRUE,FALSE,FALSE,FALSE,FALSE,Day 16,<25 NTU,117 lux,24,96,4,Experiment 1: Light-only gradient,Exp. 1 Light-only,Control,Control,NA
490,C2005,20250108_C2005_clip.MP4,504,9.2,NA,9.2,9.2,TRUE,EXP1_LIGHT,LIGHT_ONLY,TRUE,TRUE,52,24283,16,L. DIGITATA,BR,WINTER,Bognor,CONTROL,NA,NA,NA,117,0,0,0,NA,297,834,1131,0.2625994694960212,none,NA,NA,NA,NA,NA,2024,NA,NA,LAMINARIA DIGITATA,1131,0.2625994694960212,FALSE,FALSE,FALSE,FALSE,FALSE,FALSE,FALSE,FALSE,FALSE,FALSE,FALSE,0,FALSE,NA,NA,FALSE,FALSE,FALSE,FALSE,FALSE,FALSE,FALSE,FALSE,FALSE,FALSE,FALSE,FALSE,NA,NA,0.7374005305039788,9.2,LIGHT_ONLY,EXP1_LIGHT,0,0,117 lux,16,4,CONTROL,NA,LIGHT_ONLY,NA,NA,TRUE,FALSE,FALSE,FALSE,FALSE,Day 16,<25 NTU,117 lux,24,96,4,Experiment 1: Light-only gradient,Exp. 1 Light-only,Control,Control,NA
491,C2006,20250108_C2006_clip.MP4,504,9.2,NA,9.2,9.2,TRUE,EXP1_LIGHT,LIGHT_ONLY,TRUE,TRUE,52,24284,16,L. DIGITATA,BR,WINTER,Bognor,CONTROL,NA,NA,NA,117,0,0,0,NA,305,949,1254,0.24322169059011164,none,NA,NA,NA,NA,NA,2024,NA,NA,LAMINARIA DIGITATA,1254,0.24322169059011164,FALSE,FALSE,FALSE,FALSE,FALSE,FALSE,FALSE,FALSE,FALSE,FALSE,FALSE,0,FALSE,NA,NA,FALSE,FALSE,FALSE,FALSE,FALSE,FALSE,FALSE,FALSE,FALSE,FALSE,FALSE,FALSE,NA,NA,0.7567783094098883,9.2,LIGHT_ONLY,EXP1_LIGHT,0,0,117 lux,16,4,CONTROL,NA,LIGHT_ONLY,NA,NA,TRUE,FALSE,FALSE,FALSE,FALSE,Day 16,<25 NTU,117 lux,24,96,4,Experiment 1: Light-only gradient,Exp. 1 Light-only,Control,Control,NA
492,C2007,20250108_C2007_clip.MP4,504,9.2,NA,9.2,9.2,TRUE,EXP1_LIGHT,LIGHT_ONLY,TRUE,TRUE,52,24285,16,L. DIGITATA,BR,WINTER,Bognor,CONTROL,NA,NA,NA,117,0,0,0,NA,345,1221,1566,0.22030651340996169,none,NA,NA,NA,NA,NA,2024,NA,NA,LAMINARIA DIGITATA,1566,0.22030651340996169,FALSE,FALSE,FALSE,FALSE,FALSE,FALSE,FALSE,FALSE,FALSE,FALSE,FALSE,0,FALSE,NA,NA,FALSE,FALSE,FALSE,FALSE,FALSE,FALSE,FALSE,FALSE,FALSE,FALSE,FALSE,FALSE,NA,NA,0.7796934865900383,9.2,LIGHT_ONLY,EXP1_LIGHT,0,0,117 lux,16,4,CONTROL,NA,LIGHT_ONLY,NA,NA,TRUE,FALSE,FALSE,FALSE,FALSE,Day 16,<25 NTU,117 lux,24,96,4,Experiment 1: Light-only gradient,Exp. 1 Light-only,Control,Control,NA
493,C2008,20250108_C2008_clip.MP4,504,9.2,NA,9.2,9.2,TRUE,EXP1_LIGHT,LIGHT_ONLY,TRUE,TRUE,52,24286,16,L. DIGITATA,BR,WINTER,Bognor,CONTROL,NA,NA,NA,117,0,0,0,NA,317,832,1149,0.2758920800696258,none,NA,NA,NA,NA,NA,2024,NA,NA,LAMINARIA DIGITATA,1149,0.2758920800696258,FALSE,FALSE,FALSE,FALSE,FALSE,FALSE,FALSE,FALSE,FALSE,FALSE,FALSE,0,FALSE,NA,NA,FALSE,FALSE,FALSE,FALSE,FALSE,FALSE,FALSE,FALSE,FALSE,FALSE,FALSE,FALSE,NA,NA,0.7241079199303743,9.2,LIGHT_ONLY,EXP1_LIGHT,0,0,117 lux,16,4,CONTROL,NA,LIGHT_ONLY,NA,NA,TRUE,FALSE,FALSE,FALSE,FALSE,Day 16,<25 NTU,117 lux,24,96,4,Experiment 1: Light-only gradient,Exp. 1 Light-only,Control,Control,NA
494,C2009,20250108_C2009_clip.MP4,504,9.2,NA,9.2,9.2,TRUE,EXP1_LIGHT,LIGHT_ONLY,TRUE,TRUE,52,24291,16,L. DIGITATA,BR,WINTER,Bognor,CONTROL,NA,NA,NA,4,0,0,0,NA,420,1147,1567,0.26802807913209953,none,NA,NA,NA,NA,NA,2024,NA,NA,LAMINARIA DIGITATA,1567,0.26802807913209953,FALSE,FALSE,FALSE,FALSE,FALSE,FALSE,FALSE,FALSE,FALSE,FALSE,FALSE,0,FALSE,NA,NA,FALSE,FALSE,FALSE,FALSE,FALSE,FALSE,FALSE,FALSE,FALSE,FALSE,FALSE,FALSE,NA,NA,0.7319719208679004,9.2,LIGHT_ONLY,EXP1_LIGHT,0,0,4 lux,16,4,CONTROL,NA,LIGHT_ONLY,NA,NA,TRUE,FALSE,FALSE,FALSE,FALSE,Day 16,<25 NTU,4 lux,24,96,4,Experiment 1: Light-only gradient,Exp. 1 Light-only,Control,Control,NA
495,C2010,20250108_C2010_clip.MP4,504,9.2,NA,9.2,9.2,TRUE,EXP1_LIGHT,LIGHT_ONLY,TRUE,TRUE,52,24292,16,L. DIGITATA,BR,WINTER,Bognor,CONTROL,NA,NA,NA,4,0,0,0,NA,284,713,997,0.2848545636910732,none,NA,NA,NA,NA,NA,2024,NA,NA,LAMINARIA DIGITATA,997,0.2848545636910732,FALSE,FALSE,FALSE,FALSE,FALSE,FALSE,FALSE,FALSE,FALSE,FALSE,FALSE,0,FALSE,NA,NA,FALSE,FALSE,FALSE,FALSE,FALSE,FALSE,FALSE,FALSE,FALSE,FALSE,FALSE,FALSE,NA,NA,0.7151454363089268,9.2,LIGHT_ONLY,EXP1_LIGHT,0,0,4 lux,16,4,CONTROL,NA,LIGHT_ONLY,NA,NA,TRUE,FALSE,FALSE,FALSE,FALSE,Day 16,<25 NTU,4 lux,24,96,4,Experiment 1: Light-only gradient,Exp. 1 Light-only,Control,Control,NA
496,C2011,20250108_C2011_clip.MP4,504,9.2,NA,9.2,9.2,TRUE,EXP1_LIGHT,LIGHT_ONLY,TRUE,TRUE,52,24293,16,L. DIGITATA,BR,WINTER,Bognor,CONTROL,NA,NA,NA,4,0,0,0,NA,309,755,1064,0.29041353383458646,none,NA,NA,NA,NA,NA,2024,NA,NA,LAMINARIA DIGITATA,1064,0.29041353383458646,FALSE,FALSE,FALSE,FALSE,FALSE,FALSE,FALSE,FALSE,FALSE,FALSE,FALSE,0,FALSE,NA,NA,FALSE,FALSE,FALSE,FALSE,FALSE,FALSE,FALSE,FALSE,FALSE,FALSE,FALSE,FALSE,NA,NA,0.7095864661654135,9.2,LIGHT_ONLY,EXP1_LIGHT,0,0,4 lux,16,4,CONTROL,NA,LIGHT_ONLY,NA,NA,TRUE,FALSE,FALSE,FALSE,FALSE,Day 16,<25 NTU,4 lux,24,96,4,Experiment 1: Light-only gradient,Exp. 1 Light-only,Control,Control,NA
497,C2012,20250108_C2012_clip.MP4,504,9.2,NA,9.2,9.2,TRUE,EXP1_LIGHT,LIGHT_ONLY,TRUE,TRUE,52,24294,16,L. DIGITATA,BR,WINTER,Bognor,CONTROL,NA,NA,NA,4,0,0,0,NA,310,946,1256,0.24681528662420382,none,NA,NA,NA,NA,NA,2024,NA,NA,LAMINARIA DIGITATA,1256,0.24681528662420382,FALSE,FALSE,FALSE,FALSE,FALSE,FALSE,FALSE,FALSE,FALSE,FALSE,FALSE,0,FALSE,NA,NA,FALSE,FALSE,FALSE,FALSE,FALSE,FALSE,FALSE,FALSE,FALSE,FALSE,FALSE,FALSE,NA,NA,0.7531847133757962,9.2,LIGHT_ONLY,EXP1_LIGHT,0,0,4 lux,16,4,CONTROL,NA,LIGHT_ONLY,NA,NA,TRUE,FALSE,FALSE,FALSE,FALSE,Day 16,<25 NTU,4 lux,24,96,4,Experiment 1: Light-only gradient,Exp. 1 Light-only,Control,Control,NA
498,C2014,20250108_C2014_clip.MP4,504,9.2,NA,9.2,9.2,TRUE,EXP1_LIGHT,LIGHT_ONLY,TRUE,TRUE,52,24295,16,L. DIGITATA,BR,WINTER,Bognor,CONTROL,NA,NA,NA,4,0,0,0,NA,294,915,1209,0.24317617866004962,none,NA,NA,NA,NA,NA,2024,NA,NA,LAMINARIA DIGITATA,1209,0.24317617866004962,FALSE,FALSE,FALSE,FALSE,FALSE,FALSE,FALSE,FALSE,FALSE,FALSE,FALSE,0,FALSE,NA,NA,FALSE,FALSE,FALSE,FALSE,FALSE,FALSE,FALSE,FALSE,FALSE,FALSE,FALSE,FALSE,NA,NA,0.7568238213399504,9.2,LIGHT_ONLY,EXP1_LIGHT,0,0,4 lux,16,4,CONTROL,NA,LIGHT_ONLY,NA,NA,TRUE,FALSE,FALSE,FALSE,FALSE,Day 16,<25 NTU,4 lux,24,96,4,Experiment 1: Light-only gradient,Exp. 1 Light-only,Control,Control,NA
499,C2015,20250108_C2015_clip.MP4,504,9.2,NA,9.2,9.2,TRUE,EXP1_LIGHT,LIGHT_ONLY,TRUE,TRUE,52,24296,16,L. DIGITATA,BR,WINTER,Bognor,CONTROL,NA,NA,NA,4,0,0,0,NA,524,1594,2118,0.2474032105760151,none,NA,NA,NA,NA,NA,2024,NA,NA,LAMINARIA DIGITATA,2118,0.2474032105760151,FALSE,FALSE,FALSE,FALSE,FALSE,FALSE,FALSE,FALSE,FALSE,FALSE,FALSE,0,FALSE,NA,NA,FALSE,FALSE,FALSE,FALSE,FALSE,FALSE,FALSE,FALSE,FALSE,FALSE,FALSE,FALSE,NA,NA,0.7525967894239849,9.2,LIGHT_ONLY,EXP1_LIGHT,0,0,4 lux,16,4,CONTROL,NA,LIGHT_ONLY,NA,NA,TRUE,FALSE,FALSE,FALSE,FALSE,Day 16,<25 NTU,4 lux,24,96,4,Experiment 1: Light-only gradient,Exp. 1 Light-only,Control,Control,NA
500,C2016,20250108_C2016_clip.MP4,504,9.2,NA,9.2,9.2,TRUE,EXP1_LIGHT,LIGHT_ONLY,TRUE,TRUE,52,24301,16,L. DIGITATA,BR,WINTER,Bognor,CONTROL,NA,NA,NA,0,0,0,0,NA,291,1170,1461,0.19917864476386038,none,NA,NA,NA,NA,NA,2024,NA,NA,LAMINARIA DIGITATA,1461,0.19917864476386038,FALSE,FALSE,FALSE,FALSE,FALSE,FALSE,FALSE,FALSE,FALSE,FALSE,FALSE,0,FALSE,NA,NA,FALSE,FALSE,FALSE,FALSE,FALSE,FALSE,FALSE,FALSE,FALSE,FALSE,FALSE,FALSE,NA,NA,0.8008213552361396,9.2,LIGHT_ONLY,EXP1_LIGHT,0,0,0 lux,16,4,CONTROL,NA,LIGHT_ONLY,NA,NA,TRUE,FALSE,FALSE,FALSE,FALSE,Day 16,<25 NTU,0 lux,24,96,4,Experiment 1: Light-only gradient,Exp. 1 Light-only,Control,Control,NA
501,C2017,20250108_C2017_clip.MP4,504,9.2,NA,9.2,9.2,TRUE,EXP1_LIGHT,LIGHT_ONLY,TRUE,TRUE,52,24302,16,L. DIGITATA,BR,WINTER,Bognor,CONTROL,NA,NA,NA,0,0,0,0,NA,313,900,1213,0.258037922506183,none,NA,NA,NA,NA,NA,2024,NA,NA,LAMINARIA DIGITATA,1213,0.258037922506183,FALSE,FALSE,FALSE,FALSE,FALSE,FALSE,FALSE,FALSE,FALSE,FALSE,FALSE,0,FALSE,NA,NA,FALSE,FALSE,FALSE,FALSE,FALSE,FALSE,FALSE,FALSE,FALSE,FALSE,FALSE,FALSE,NA,NA,0.7419620774938169,9.2,LIGHT_ONLY,EXP1_LIGHT,0,0,0 lux,16,4,CONTROL,NA,LIGHT_ONLY,NA,NA,TRUE,FALSE,FALSE,FALSE,FALSE,Day 16,<25 NTU,0 lux,24,96,4,Experiment 1: Light-only gradient,Exp. 1 Light-only,Control,Control,NA
502,C2018,20250108_C2018_clip.MP4,504,9.2,NA,9.2,9.2,TRUE,EXP1_LIGHT,LIGHT_ONLY,TRUE,TRUE,52,24303,16,L. DIGITATA,BR,WINTER,Bognor,CONTROL,NA,NA,NA,0,0,0,0,NA,750,2224,2974,0.25218560860793543,none,NA,NA,NA,NA,NA,2024,NA,NA,LAMINARIA DIGITATA,2974,0.25218560860793543,FALSE,FALSE,FALSE,FALSE,FALSE,FALSE,FALSE,FALSE,FALSE,FALSE,FALSE,0,FALSE,NA,NA,FALSE,FALSE,FALSE,FALSE,FALSE,FALSE,FALSE,FALSE,FALSE,FALSE,FALSE,FALSE,NA,NA,0.7478143913920645,9.2,LIGHT_ONLY,EXP1_LIGHT,0,0,0 lux,16,4,CONTROL,NA,LIGHT_ONLY,NA,NA,TRUE,FALSE,FALSE,FALSE,FALSE,Day 16,<25 NTU,0 lux,24,96,4,Experiment 1: Light-only gradient,Exp. 1 Light-only,Control,Control,NA
503,C2019,20250108_C2019_clip.MP4,504,9.2,NA,9.2,9.2,TRUE,EXP1_LIGHT,LIGHT_ONLY,TRUE,TRUE,52,24304,16,L. DIGITATA,BR,WINTER,Bognor,CONTROL,NA,NA,NA,0,0,0,0,NA,540,2120,2660,0.20300751879699247,none,NA,NA,NA,NA,NA,2024,NA,NA,LAMINARIA DIGITATA,2660,0.20300751879699247,FALSE,FALSE,FALSE,FALSE,FALSE,FALSE,FALSE,FALSE,FALSE,FALSE,FALSE,0,FALSE,NA,NA,FALSE,FALSE,FALSE,FALSE,FALSE,FALSE,FALSE,FALSE,FALSE,FALSE,FALSE,FALSE,NA,NA,0.7969924812030075,9.2,LIGHT_ONLY,EXP1_LIGHT,0,0,0 lux,16,4,CONTROL,NA,LIGHT_ONLY,NA,NA,TRUE,FALSE,FALSE,FALSE,FALSE,Day 16,<25 NTU,0 lux,24,96,4,Experiment 1: Light-only gradient,Exp. 1 Light-only,Control,Control,NA
504,C2020,20250108_C2020_clip.MP4,504,9.2,NA,9.2,9.2,TRUE,EXP1_LIGHT,LIGHT_ONLY,TRUE,TRUE,52,24305,16,L. DIGITATA,BR,WINTER,Bognor,CONTROL,NA,NA,NA,0,0,0,0,NA,439,1188,1627,0.2698217578365089,none,NA,NA,NA,NA,NA,2024,NA,NA,LAMINARIA DIGITATA,1627,0.2698217578365089,FALSE,FALSE,FALSE,FALSE,FALSE,FALSE,FALSE,FALSE,FALSE,FALSE,FALSE,0,FALSE,NA,NA,FALSE,FALSE,FALSE,FALSE,FALSE,FALSE,FALSE,FALSE,FALSE,FALSE,FALSE,FALSE,NA,NA,0.7301782421634911,9.2,LIGHT_ONLY,EXP1_LIGHT,0,0,0 lux,16,4,CONTROL,NA,LIGHT_ONLY,NA,NA,TRUE,FALSE,FALSE,FALSE,FALSE,Day 16,<25 NTU,0 lux,24,96,4,Experiment 1: Light-only gradient,Exp. 1 Light-only,Control,Control,NA
505,C2021,20250108_C2021_clip.MP4,504,9.2,NA,9.2,9.2,TRUE,EXP1_LIGHT,LIGHT_ONLY,TRUE,TRUE,52,24306,16,L. DIGITATA,BR,WINTER,Bognor,CONTROL,NA,NA,NA,0,0,0,0,NA,264,852,1116,0.23655913978494625,none,NA,NA,NA,NA,NA,2024,NA,NA,LAMINARIA DIGITATA,1116,0.23655913978494625,FALSE,FALSE,FALSE,FALSE,FALSE,FALSE,FALSE,FALSE,FALSE,FALSE,FALSE,0,FALSE,NA,NA,FALSE,FALSE,FALSE,FALSE,FALSE,FALSE,FALSE,FALSE,FALSE,FALSE,FALSE,FALSE,NA,NA,0.7634408602150538,9.2,LIGHT_ONLY,EXP1_LIGHT,0,0,0 lux,16,4,CONTROL,NA,LIGHT_ONLY,NA,NA,TRUE,FALSE,FALSE,FALSE,FALSE,Day 16,<25 NTU,0 lux,24,96,4,Experiment 1: Light-only gradient,Exp. 1 Light-only,Control,Control,NA
506,C2022,20250108_C2022_clip.MP4,504,8.2,NA,8.2,8.2,TRUE,EXP4_FIELD_SPM,FIELD_SPM,TRUE,TRUE,52,24311,12,L. DIGITATA,BR,WINTER,Bognor,CONTROL,NA,NA,NA,0,0,0,0,NA,753,1411,2164,0.3479667282809612,none,NA,NA,NA,NA,NA,2024,NA,NA,LAMINARIA DIGITATA,2164,0.3479667282809612,FALSE,FALSE,FALSE,FALSE,FALSE,FALSE,FALSE,FALSE,FALSE,FALSE,FALSE,0,FALSE,NA,NA,FALSE,FALSE,FALSE,FALSE,FALSE,FALSE,FALSE,FALSE,FALSE,FALSE,FALSE,FALSE,NA,NA,0.6520332717190388,8.2,FIELD_SPM,EXP4_FIELD_SPM,0,0,0 lux,12,3,CONTROL,NA,FIELD_SPM,NA,NA,FALSE,FALSE,FALSE,FALSE,TRUE,Day 12,<25 NTU,0 lux,18,72,3,Experiment 4: Field-derived SPM gradient,Exp. 4 Field SPM,Control,Control,NA
507,C2023,20250108_C2023_clip.MP4,504,8.2,NA,8.2,8.2,TRUE,EXP4_FIELD_SPM,FIELD_SPM,TRUE,TRUE,52,24312,12,L. DIGITATA,BR,WINTER,Bognor,CONTROL,NA,NA,NA,0,0,0,0,NA,463,904,1367,0.33869787856620337,none,NA,NA,NA,NA,NA,2024,NA,NA,LAMINARIA DIGITATA,1367,0.33869787856620337,FALSE,FALSE,FALSE,FALSE,FALSE,FALSE,FALSE,FALSE,FALSE,FALSE,FALSE,0,FALSE,NA,NA,FALSE,FALSE,FALSE,FALSE,FALSE,FALSE,FALSE,FALSE,FALSE,FALSE,FALSE,FALSE,NA,NA,0.6613021214337966,8.2,FIELD_SPM,EXP4_FIELD_SPM,0,0,0 lux,12,3,CONTROL,NA,FIELD_SPM,NA,NA,FALSE,FALSE,FALSE,FALSE,TRUE,Day 12,<25 NTU,0 lux,18,72,3,Experiment 4: Field-derived SPM gradient,Exp. 4 Field SPM,Control,Control,NA
508,C2024,20250108_C2024_clip.MP4,504,8.2,NA,8.2,8.2,TRUE,EXP4_FIELD_SPM,FIELD_SPM,TRUE,TRUE,52,24313,12,L. DIGITATA,BR,WINTER,Bognor,CONTROL,NA,NA,NA,0,0,0,0,NA,464,1115,1579,0.29385687143761874,none,NA,NA,NA,NA,NA,2024,NA,NA,LAMINARIA DIGITATA,1579,0.29385687143761874,FALSE,FALSE,FALSE,FALSE,FALSE,FALSE,FALSE,FALSE,FALSE,FALSE,FALSE,0,FALSE,NA,NA,FALSE,FALSE,FALSE,FALSE,FALSE,FALSE,FALSE,FALSE,FALSE,FALSE,FALSE,FALSE,NA,NA,0.7061431285623813,8.2,FIELD_SPM,EXP4_FIELD_SPM,0,0,0 lux,12,3,CONTROL,NA,FIELD_SPM,NA,NA,FALSE,FALSE,FALSE,FALSE,TRUE,Day 12,<25 NTU,0 lux,18,72,3,Experiment 4: Field-derived SPM gradient,Exp. 4 Field SPM,Control,Control,NA
509,C2025,20250108_C2025_clip.MP4,504,8.2,NA,8.2,8.2,TRUE,EXP4_FIELD_SPM,FIELD_SPM,FALSE,TRUE,52,24314,12,L. DIGITATA,BR,WINTER,Bognor,SPM,SPM,NA,NA,0,5,0,0,NA,306,896,1202,0.2545757071547421,none,NA,NA,NA,NA,NA,2024,NA,NA,LAMINARIA DIGITATA,1202,0.2545757071547421,FALSE,FALSE,FALSE,FALSE,FALSE,FALSE,FALSE,FALSE,FALSE,FALSE,FALSE,0,FALSE,NA,NA,FALSE,FALSE,FALSE,FALSE,FALSE,FALSE,FALSE,FALSE,FALSE,FALSE,FALSE,FALSE,NA,NA,0.7454242928452579,8.2,FIELD_SPM,EXP4_FIELD_SPM,0.7781512503836436,0,0 lux,12,3,SPM,NA,FIELD_SPM,NA,NA,FALSE,FALSE,FALSE,FALSE,TRUE,Day 12,<25 NTU,0 lux,18,72,3,Experiment 4: Field-derived SPM gradient,Exp. 4 Field SPM,Field SPM,SPM,NA
510,C2026,20250108_C2026_clip.MP4,504,8.2,NA,8.2,8.2,TRUE,EXP4_FIELD_SPM,FIELD_SPM,FALSE,TRUE,52,24315,12,L. DIGITATA,BR,WINTER,Bognor,SPM,SPM,NA,NA,0,5,0,0,NA,315,826,1141,0.27607361963190186,none,NA,NA,NA,NA,NA,2024,NA,NA,LAMINARIA DIGITATA,1141,0.27607361963190186,FALSE,FALSE,FALSE,FALSE,FALSE,FALSE,FALSE,FALSE,FALSE,FALSE,FALSE,0,FALSE,NA,NA,FALSE,FALSE,FALSE,FALSE,FALSE,FALSE,FALSE,FALSE,FALSE,FALSE,FALSE,FALSE,NA,NA,0.7239263803680982,8.2,FIELD_SPM,EXP4_FIELD_SPM,0.7781512503836436,0,0 lux,12,3,SPM,NA,FIELD_SPM,NA,NA,FALSE,FALSE,FALSE,FALSE,TRUE,Day 12,<25 NTU,0 lux,18,72,3,Experiment 4: Field-derived SPM gradient,Exp. 4 Field SPM,Field SPM,SPM,NA
511,C2027,20250108_C2027_clip.MP4,504,8.2,NA,8.2,8.2,TRUE,EXP4_FIELD_SPM,FIELD_SPM,FALSE,TRUE,52,24316,12,L. DIGITATA,BR,WINTER,Bognor,SPM,SPM,NA,NA,0,5,0,0,NA,314,854,1168,0.2688356164383562,none,NA,NA,NA,NA,NA,2024,NA,NA,LAMINARIA DIGITATA,1168,0.2688356164383562,FALSE,FALSE,FALSE,FALSE,FALSE,FALSE,FALSE,FALSE,FALSE,FALSE,FALSE,0,FALSE,NA,NA,FALSE,FALSE,FALSE,FALSE,FALSE,FALSE,FALSE,FALSE,FALSE,FALSE,FALSE,FALSE,NA,NA,0.7311643835616438,8.2,FIELD_SPM,EXP4_FIELD_SPM,0.7781512503836436,0,0 lux,12,3,SPM,NA,FIELD_SPM,NA,NA,FALSE,FALSE,FALSE,FALSE,TRUE,Day 12,<25 NTU,0 lux,18,72,3,Experiment 4: Field-derived SPM gradient,Exp. 4 Field SPM,Field SPM,SPM,NA
512,C2028,20250108_C2028_clip.MP4,504,8.2,NA,8.2,8.2,TRUE,EXP4_FIELD_SPM,FIELD_SPM,FALSE,TRUE,52,24321,12,L. DIGITATA,BR,WINTER,Bognor,SPM,SPM,NA,NA,0,25,0,0,NA,599,1046,1645,0.3641337386018237,none,NA,NA,NA,NA,NA,2024,NA,NA,LAMINARIA DIGITATA,1645,0.3641337386018237,FALSE,FALSE,FALSE,FALSE,FALSE,FALSE,FALSE,FALSE,FALSE,FALSE,FALSE,0,FALSE,NA,NA,FALSE,FALSE,FALSE,FALSE,FALSE,FALSE,FALSE,FALSE,FALSE,FALSE,FALSE,FALSE,NA,NA,0.6358662613981763,8.2,FIELD_SPM,EXP4_FIELD_SPM,1.414973347970818,0,0 lux,12,3,SPM,NA,FIELD_SPM,NA,NA,FALSE,FALSE,FALSE,FALSE,TRUE,Day 12,25-<100 NTU,0 lux,18,72,3,Experiment 4: Field-derived SPM gradient,Exp. 4 Field SPM,Field SPM,SPM,NA
513,C2029,20250108_C2029_clip.MP4,504,8.2,NA,8.2,8.2,TRUE,EXP4_FIELD_SPM,FIELD_SPM,FALSE,TRUE,52,24322,12,L. DIGITATA,BR,WINTER,Bognor,SPM,SPM,NA,NA,0,25,0,0,NA,378,877,1255,0.301195219123506,none,NA,NA,NA,NA,NA,2024,NA,NA,LAMINARIA DIGITATA,1255,0.301195219123506,FALSE,FALSE,FALSE,FALSE,FALSE,FALSE,FALSE,FALSE,FALSE,FALSE,FALSE,0,FALSE,NA,NA,FALSE,FALSE,FALSE,FALSE,FALSE,FALSE,FALSE,FALSE,FALSE,FALSE,FALSE,FALSE,NA,NA,0.698804780876494,8.2,FIELD_SPM,EXP4_FIELD_SPM,1.414973347970818,0,0 lux,12,3,SPM,NA,FIELD_SPM,NA,NA,FALSE,FALSE,FALSE,FALSE,TRUE,Day 12,25-<100 NTU,0 lux,18,72,3,Experiment 4: Field-derived SPM gradient,Exp. 4 Field SPM,Field SPM,SPM,NA
514,C2030,20250108_C2030_clip.MP4,504,8.2,NA,8.2,8.2,TRUE,EXP4_FIELD_SPM,FIELD_SPM,FALSE,TRUE,52,24323,12,L. DIGITATA,BR,WINTER,Bognor,SPM,SPM,NA,NA,0,25,0,0,NA,287,723,1010,0.28415841584158413,none,NA,NA,NA,NA,NA,2024,NA,NA,LAMINARIA DIGITATA,1010,0.28415841584158413,FALSE,FALSE,FALSE,FALSE,FALSE,FALSE,FALSE,FALSE,FALSE,FALSE,FALSE,0,FALSE,NA,NA,FALSE,FALSE,FALSE,FALSE,FALSE,FALSE,FALSE,FALSE,FALSE,FALSE,FALSE,FALSE,NA,NA,0.7158415841584158,8.2,FIELD_SPM,EXP4_FIELD_SPM,1.414973347970818,0,0 lux,12,3,SPM,NA,FIELD_SPM,NA,NA,FALSE,FALSE,FALSE,FALSE,TRUE,Day 12,25-<100 NTU,0 lux,18,72,3,Experiment 4: Field-derived SPM gradient,Exp. 4 Field SPM,Field SPM,SPM,NA
515,C2031,20250108_C2031_clip.MP4,504,8.2,NA,8.2,8.2,TRUE,EXP4_FIELD_SPM,FIELD_SPM,FALSE,TRUE,52,24324,12,L. DIGITATA,BR,WINTER,Bognor,SPM,SPM,NA,NA,0,125,0,0,NA,416,971,1387,0.2999279019466474,none,NA,NA,NA,NA,NA,2024,NA,NA,LAMINARIA DIGITATA,1387,0.2999279019466474,FALSE,FALSE,FALSE,FALSE,FALSE,FALSE,FALSE,FALSE,FALSE,FALSE,FALSE,0,FALSE,NA,NA,FALSE,FALSE,FALSE,FALSE,FALSE,FALSE,FALSE,FALSE,FALSE,FALSE,FALSE,FALSE,NA,NA,0.7000720980533526,8.2,FIELD_SPM,EXP4_FIELD_SPM,2.100370545117563,0,0 lux,12,3,SPM,NA,FIELD_SPM,NA,NA,FALSE,FALSE,FALSE,FALSE,TRUE,Day 12,100-<400 NTU,0 lux,18,72,3,Experiment 4: Field-derived SPM gradient,Exp. 4 Field SPM,Field SPM,SPM,NA
516,C2032,20250108_C2032_clip.MP4,504,8.2,NA,8.2,8.2,TRUE,EXP4_FIELD_SPM,FIELD_SPM,FALSE,TRUE,52,24325,12,L. DIGITATA,BR,WINTER,Bognor,SPM,SPM,NA,NA,0,125,0,0,NA,464,1697,2161,0.21471540953262377,none,NA,NA,NA,NA,NA,2024,NA,NA,LAMINARIA DIGITATA,2161,0.21471540953262377,FALSE,FALSE,FALSE,FALSE,FALSE,FALSE,FALSE,FALSE,FALSE,FALSE,FALSE,0,FALSE,NA,NA,FALSE,FALSE,FALSE,FALSE,FALSE,FALSE,FALSE,FALSE,FALSE,FALSE,FALSE,FALSE,NA,NA,0.7852845904673762,8.2,FIELD_SPM,EXP4_FIELD_SPM,2.100370545117563,0,0 lux,12,3,SPM,NA,FIELD_SPM,NA,NA,FALSE,FALSE,FALSE,FALSE,TRUE,Day 12,100-<400 NTU,0 lux,18,72,3,Experiment 4: Field-derived SPM gradient,Exp. 4 Field SPM,Field SPM,SPM,NA
517,C2033,20250108_C2033_clip.MP4,504,8.2,NA,8.2,8.2,TRUE,EXP4_FIELD_SPM,FIELD_SPM,FALSE,TRUE,52,24326,12,L. DIGITATA,BR,WINTER,Bognor,SPM,SPM,NA,NA,0,125,0,0,NA,417,1094,1511,0.2759761747187293,none,NA,NA,NA,NA,NA,2024,NA,NA,LAMINARIA DIGITATA,1511,0.2759761747187293,FALSE,FALSE,FALSE,FALSE,FALSE,FALSE,FALSE,FALSE,FALSE,FALSE,FALSE,0,FALSE,NA,NA,FALSE,FALSE,FALSE,FALSE,FALSE,FALSE,FALSE,FALSE,FALSE,FALSE,FALSE,FALSE,NA,NA,0.7240238252812706,8.2,FIELD_SPM,EXP4_FIELD_SPM,2.100370545117563,0,0 lux,12,3,SPM,NA,FIELD_SPM,NA,NA,FALSE,FALSE,FALSE,FALSE,TRUE,Day 12,100-<400 NTU,0 lux,18,72,3,Experiment 4: Field-derived SPM gradient,Exp. 4 Field SPM,Field SPM,SPM,NA
518,C2034,20250108_C2034_clip.MP4,504,8.2,NA,8.2,8.2,TRUE,EXP4_FIELD_SPM,FIELD_SPM,FALSE,TRUE,52,24331,12,L. DIGITATA,BR,WINTER,Bognor,SPM,SPM,NA,NA,0,250,0,0,NA,309,727,1036,0.2982625482625483,none,NA,NA,NA,NA,NA,2024,NA,NA,LAMINARIA DIGITATA,1036,0.2982625482625483,FALSE,FALSE,FALSE,FALSE,FALSE,FALSE,FALSE,FALSE,FALSE,FALSE,FALSE,0,FALSE,NA,NA,FALSE,FALSE,FALSE,FALSE,FALSE,FALSE,FALSE,FALSE,FALSE,FALSE,FALSE,FALSE,NA,NA,0.7017374517374517,8.2,FIELD_SPM,EXP4_FIELD_SPM,2.399673721481038,0,0 lux,12,3,SPM,NA,FIELD_SPM,NA,NA,FALSE,FALSE,FALSE,FALSE,TRUE,Day 12,100-<400 NTU,0 lux,18,72,3,Experiment 4: Field-derived SPM gradient,Exp. 4 Field SPM,Field SPM,SPM,NA
519,C2035,20250108_C2035_clip.MP4,504,8.2,NA,8.2,8.2,TRUE,EXP4_FIELD_SPM,FIELD_SPM,FALSE,TRUE,52,24332,12,L. DIGITATA,BR,WINTER,Bognor,SPM,SPM,NA,NA,0,250,0,0,NA,612,1506,2118,0.28895184135977336,none,NA,NA,NA,NA,NA,2024,NA,NA,LAMINARIA DIGITATA,2118,0.28895184135977336,FALSE,FALSE,FALSE,FALSE,FALSE,FALSE,FALSE,FALSE,FALSE,FALSE,FALSE,0,FALSE,NA,NA,FALSE,FALSE,FALSE,FALSE,FALSE,FALSE,FALSE,FALSE,FALSE,FALSE,FALSE,FALSE,NA,NA,0.7110481586402266,8.2,FIELD_SPM,EXP4_FIELD_SPM,2.399673721481038,0,0 lux,12,3,SPM,NA,FIELD_SPM,NA,NA,FALSE,FALSE,FALSE,FALSE,TRUE,Day 12,100-<400 NTU,0 lux,18,72,3,Experiment 4: Field-derived SPM gradient,Exp. 4 Field SPM,Field SPM,SPM,NA
520,C2036,20250108_C2036_clip.MP4,504,8.2,NA,8.2,8.2,TRUE,EXP4_FIELD_SPM,FIELD_SPM,FALSE,TRUE,52,24333,12,L. DIGITATA,BR,WINTER,Bognor,SPM,SPM,NA,NA,0,250,0,0,NA,636,1651,2287,0.2780935723655444,none,NA,NA,NA,NA,NA,2024,NA,NA,LAMINARIA DIGITATA,2287,0.2780935723655444,FALSE,FALSE,FALSE,FALSE,FALSE,FALSE,FALSE,FALSE,FALSE,FALSE,FALSE,0,FALSE,NA,NA,FALSE,FALSE,FALSE,FALSE,FALSE,FALSE,FALSE,FALSE,FALSE,FALSE,FALSE,FALSE,NA,NA,0.7219064276344557,8.2,FIELD_SPM,EXP4_FIELD_SPM,2.399673721481038,0,0 lux,12,3,SPM,NA,FIELD_SPM,NA,NA,FALSE,FALSE,FALSE,FALSE,TRUE,Day 12,100-<400 NTU,0 lux,18,72,3,Experiment 4: Field-derived SPM gradient,Exp. 4 Field SPM,Field SPM,SPM,NA
521,C2037,20250108_C2037_clip.MP4,504,8.2,NA,8.2,8.2,TRUE,EXP4_FIELD_SPM,FIELD_SPM,FALSE,TRUE,52,24334,12,L. DIGITATA,BR,WINTER,Bognor,SPM,SPM,NA,NA,0,500,0,0,NA,376,987,1363,0.27586206896551724,none,NA,NA,NA,NA,NA,2024,NA,NA,LAMINARIA DIGITATA,1363,0.27586206896551724,FALSE,FALSE,FALSE,FALSE,FALSE,FALSE,FALSE,FALSE,FALSE,FALSE,FALSE,0,FALSE,NA,NA,FALSE,FALSE,FALSE,FALSE,FALSE,FALSE,FALSE,FALSE,FALSE,FALSE,FALSE,FALSE,NA,NA,0.7241379310344828,8.2,FIELD_SPM,EXP4_FIELD_SPM,2.699837725867246,0,0 lux,12,3,SPM,NA,FIELD_SPM,NA,NA,FALSE,FALSE,FALSE,FALSE,TRUE,Day 12,>=400 NTU,0 lux,18,72,3,Experiment 4: Field-derived SPM gradient,Exp. 4 Field SPM,Field SPM,SPM,NA
522,C2038,20250108_C2038_clip.MP4,504,8.2,NA,8.2,8.2,TRUE,EXP4_FIELD_SPM,FIELD_SPM,FALSE,TRUE,52,24335,12,L. DIGITATA,BR,WINTER,Bognor,SPM,SPM,NA,NA,0,500,0,0,NA,504,406,910,0.5538461538461539,none,NA,NA,NA,NA,NA,2024,NA,NA,LAMINARIA DIGITATA,910,0.5538461538461539,FALSE,FALSE,FALSE,FALSE,FALSE,FALSE,FALSE,FALSE,FALSE,FALSE,FALSE,0,FALSE,NA,NA,FALSE,FALSE,FALSE,FALSE,FALSE,FALSE,FALSE,FALSE,FALSE,FALSE,FALSE,FALSE,NA,NA,0.4461538461538462,8.2,FIELD_SPM,EXP4_FIELD_SPM,2.699837725867246,0,0 lux,12,3,SPM,NA,FIELD_SPM,NA,NA,FALSE,FALSE,FALSE,FALSE,TRUE,Day 12,>=400 NTU,0 lux,18,72,3,Experiment 4: Field-derived SPM gradient,Exp. 4 Field SPM,Field SPM,SPM,NA
523,C2039,20250108_C2039_clip.MP4,504,8.2,NA,8.2,8.2,TRUE,EXP4_FIELD_SPM,FIELD_SPM,FALSE,TRUE,52,24336,12,L. DIGITATA,BR,WINTER,Bognor,SPM,SPM,NA,NA,0,500,0,0,NA,287,777,1064,0.26973684210526316,none,NA,NA,NA,NA,NA,2024,NA,NA,LAMINARIA DIGITATA,1064,0.26973684210526316,FALSE,FALSE,FALSE,FALSE,FALSE,FALSE,FALSE,FALSE,FALSE,FALSE,FALSE,0,FALSE,NA,NA,FALSE,FALSE,FALSE,FALSE,FALSE,FALSE,FALSE,FALSE,FALSE,FALSE,FALSE,FALSE,NA,NA,0.7302631578947368,8.2,FIELD_SPM,EXP4_FIELD_SPM,2.699837725867246,0,0 lux,12,3,SPM,NA,FIELD_SPM,NA,NA,FALSE,FALSE,FALSE,FALSE,TRUE,Day 12,>=400 NTU,0 lux,18,72,3,Experiment 4: Field-derived SPM gradient,Exp. 4 Field SPM,Field SPM,SPM,NA
676,C2201,20250415_C2201_clip.MP4,504,11.2,NA,11.2,11.2,TRUE,EXP3_BRAKE_SIZE,BRAKE_SIZE,FALSE,TRUE,53,25581,4,L. DIGITATA,HW,SPRING,Harwich,BWF,BRAKE_WEAR,NA,FINE,0,NA,0,4.5,NA,31012,30055,61067,0.5078356559189088,glass,179,NA,NA,NA,NA,2025,NA,NA,LAMINARIA DIGITATA,61067,0.5078356559189088,FALSE,FALSE,FALSE,FALSE,FALSE,FALSE,FALSE,FALSE,FALSE,FALSE,FALSE,0,FALSE,NA,NA,FALSE,FALSE,FALSE,FALSE,FALSE,FALSE,FALSE,FALSE,FALSE,FALSE,FALSE,FALSE,NA,NA,0.4921643440810913,11.2,BRAKE_SIZE,EXP3_BRAKE_SIZE,NA,0.7403626894942439,0 lux,4,1,BRAKE_WEAR,FINE,BRAKE_SIZE,BRAKE_WEAR,BWF,FALSE,FALSE,TRUE,TRUE,FALSE,Day 4,NA,0 lux,36,36,1,Experiment 3: Particle size comparison under equal mass loading,Exp. 3 Brake size,BRAKE_WEAR,BRAKE_WEAR,Fine
677,C2202,20250415_C2202_clip.MP4,504,11.2,NA,11.2,11.2,TRUE,EXP3_BRAKE_SIZE,BRAKE_SIZE,FALSE,TRUE,53,25582,4,L. DIGITATA,HW,SPRING,Harwich,BWF,BRAKE_WEAR,NA,FINE,0,NA,0,4.5,NA,30164,27384,57548,0.524153749913116,glass,267,NA,NA,NA,NA,2025,NA,NA,LAMINARIA DIGITATA,57548,0.524153749913116,FALSE,FALSE,FALSE,FALSE,FALSE,FALSE,FALSE,FALSE,FALSE,FALSE,FALSE,0,FALSE,NA,NA,FALSE,FALSE,FALSE,FALSE,FALSE,FALSE,FALSE,FALSE,FALSE,FALSE,FALSE,FALSE,NA,NA,0.47584625008688397,11.2,BRAKE_SIZE,EXP3_BRAKE_SIZE,NA,0.7403626894942439,0 lux,4,1,BRAKE_WEAR,FINE,BRAKE_SIZE,BRAKE_WEAR,BWF,FALSE,FALSE,TRUE,TRUE,FALSE,Day 4,NA,0 lux,36,36,1,Experiment 3: Particle size comparison under equal mass loading,Exp. 3 Brake size,BRAKE_WEAR,BRAKE_WEAR,Fine
678,C2203,20250415_C2203_clip.MP4,504,11.2,NA,11.2,11.2,TRUE,EXP3_BRAKE_SIZE,BRAKE_SIZE,FALSE,TRUE,53,25583,4,L. DIGITATA,HW,SPRING,Harwich,BWF,BRAKE_WEAR,NA,FINE,0,NA,0,4.5,NA,31562,27995,59557,0.529946102053495,glass,2409,NA,NA,NA,NA,2025,NA,NA,LAMINARIA DIGITATA,59557,0.529946102053495,FALSE,FALSE,FALSE,FALSE,FALSE,FALSE,FALSE,FALSE,FALSE,FALSE,FALSE,0,FALSE,NA,NA,FALSE,FALSE,FALSE,FALSE,FALSE,FALSE,FALSE,FALSE,FALSE,FALSE,FALSE,FALSE,NA,NA,0.47005389794650504,11.2,BRAKE_SIZE,EXP3_BRAKE_SIZE,NA,0.7403626894942439,0 lux,4,1,BRAKE_WEAR,FINE,BRAKE_SIZE,BRAKE_WEAR,BWF,FALSE,FALSE,TRUE,TRUE,FALSE,Day 4,NA,0 lux,36,36,1,Experiment 3: Particle size comparison under equal mass loading,Exp. 3 Brake size,BRAKE_WEAR,BRAKE_WEAR,Fine
679,C2204,20250415_C2204_clip.MP4,504,11.2,NA,11.2,11.2,TRUE,EXP3_BRAKE_SIZE,BRAKE_SIZE,FALSE,TRUE,53,25584,4,L. DIGITATA,HW,SPRING,Harwich,BWF,BRAKE_WEAR,NA,FINE,0,NA,0,4.5,NA,25476,25818,51294,0.4966662767575155,glass,478,NA,NA,NA,NA,2025,NA,NA,LAMINARIA DIGITATA,51294,0.4966662767575155,FALSE,FALSE,FALSE,FALSE,FALSE,FALSE,FALSE,FALSE,FALSE,FALSE,FALSE,0,FALSE,NA,NA,FALSE,FALSE,FALSE,FALSE,FALSE,FALSE,FALSE,FALSE,FALSE,FALSE,FALSE,FALSE,NA,NA,0.5033337232424845,11.2,BRAKE_SIZE,EXP3_BRAKE_SIZE,NA,0.7403626894942439,0 lux,4,1,BRAKE_WEAR,FINE,BRAKE_SIZE,BRAKE_WEAR,BWF,FALSE,FALSE,TRUE,TRUE,FALSE,Day 4,NA,0 lux,36,36,1,Experiment 3: Particle size comparison under equal mass loading,Exp. 3 Brake size,BRAKE_WEAR,BRAKE_WEAR,Fine
680,C2205,20250415_C2205_clip.MP4,504,11.2,NA,11.2,11.2,TRUE,EXP3_BRAKE_SIZE,BRAKE_SIZE,FALSE,TRUE,53,25585,4,L. DIGITATA,HW,SPRING,Harwich,BWF,BRAKE_WEAR,NA,FINE,0,NA,0,4.5,NA,3441,4857,8298,0.41467823571945045,glass,318,NA,NA,NA,NA,2025,NA,NA,LAMINARIA DIGITATA,8298,0.41467823571945045,FALSE,FALSE,FALSE,FALSE,FALSE,FALSE,FALSE,FALSE,FALSE,FALSE,FALSE,0,FALSE,NA,NA,FALSE,FALSE,FALSE,FALSE,FALSE,FALSE,FALSE,FALSE,FALSE,FALSE,FALSE,FALSE,NA,NA,0.5853217642805495,11.2,BRAKE_SIZE,EXP3_BRAKE_SIZE,NA,0.7403626894942439,0 lux,4,1,BRAKE_WEAR,FINE,BRAKE_SIZE,BRAKE_WEAR,BWF,FALSE,FALSE,TRUE,TRUE,FALSE,Day 4,NA,0 lux,36,36,1,Experiment 3: Particle size comparison under equal mass loading,Exp. 3 Brake size,BRAKE_WEAR,BRAKE_WEAR,Fine
681,C2206,20250415_C2206_clip.MP4,504,11.2,NA,11.2,11.2,TRUE,EXP3_BRAKE_SIZE,BRAKE_SIZE,FALSE,TRUE,53,25586,4,L. DIGITATA,HW,SPRING,Harwich,BWF,BRAKE_WEAR,NA,FINE,0,NA,0,4.5,NA,2316,3287,5603,0.4133499910762092,glass,2634,NA,NA,NA,NA,2025,NA,NA,LAMINARIA DIGITATA,5603,0.4133499910762092,FALSE,FALSE,FALSE,FALSE,FALSE,FALSE,FALSE,FALSE,FALSE,FALSE,FALSE,0,FALSE,NA,NA,FALSE,FALSE,FALSE,FALSE,FALSE,FALSE,FALSE,FALSE,FALSE,FALSE,FALSE,FALSE,NA,NA,0.5866500089237908,11.2,BRAKE_SIZE,EXP3_BRAKE_SIZE,NA,0.7403626894942439,0 lux,4,1,BRAKE_WEAR,FINE,BRAKE_SIZE,BRAKE_WEAR,BWF,FALSE,FALSE,TRUE,TRUE,FALSE,Day 4,NA,0 lux,36,36,1,Experiment 3: Particle size comparison under equal mass loading,Exp. 3 Brake size,BRAKE_WEAR,BRAKE_WEAR,Fine
682,C2207,20250415_C2207_clip.MP4,504,11.2,NA,11.2,11.2,TRUE,EXP3_BRAKE_SIZE,BRAKE_SIZE,FALSE,TRUE,53,25591,4,L. DIGITATA,HW,SPRING,Harwich,BWF,BRAKE_WEAR,NA,FINE,0,NA,0,45,NA,1251,1954,3205,0.3903276131045242,glass,858,NA,NA,NA,NA,2025,NA,NA,LAMINARIA DIGITATA,3205,0.3903276131045242,FALSE,FALSE,FALSE,FALSE,FALSE,FALSE,FALSE,FALSE,FALSE,FALSE,FALSE,0,FALSE,NA,NA,FALSE,FALSE,FALSE,FALSE,FALSE,FALSE,FALSE,FALSE,FALSE,FALSE,FALSE,FALSE,NA,NA,0.6096723868954759,11.2,BRAKE_SIZE,EXP3_BRAKE_SIZE,NA,1.662757831681574,0 lux,4,1,BRAKE_WEAR,FINE,BRAKE_SIZE,BRAKE_WEAR,BWF,FALSE,FALSE,TRUE,TRUE,FALSE,Day 4,NA,0 lux,36,36,1,Experiment 3: Particle size comparison under equal mass loading,Exp. 3 Brake size,BRAKE_WEAR,BRAKE_WEAR,Fine
683,C2208,20250415_C2208_clip.MP4,504,11.2,NA,11.2,11.2,TRUE,EXP3_BRAKE_SIZE,BRAKE_SIZE,FALSE,TRUE,53,25592,4,L. DIGITATA,HW,SPRING,Harwich,BWF,BRAKE_WEAR,NA,FINE,0,NA,0,45,NA,2214,4110,6324,0.35009487666034156,glass,199,NA,NA,NA,NA,2025,NA,NA,LAMINARIA DIGITATA,6324,0.35009487666034156,FALSE,FALSE,FALSE,FALSE,FALSE,FALSE,FALSE,FALSE,FALSE,FALSE,FALSE,0,FALSE,NA,NA,FALSE,FALSE,FALSE,FALSE,FALSE,FALSE,FALSE,FALSE,FALSE,FALSE,FALSE,FALSE,NA,NA,0.6499051233396584,11.2,BRAKE_SIZE,EXP3_BRAKE_SIZE,NA,1.662757831681574,0 lux,4,1,BRAKE_WEAR,FINE,BRAKE_SIZE,BRAKE_WEAR,BWF,FALSE,FALSE,TRUE,TRUE,FALSE,Day 4,NA,0 lux,36,36,1,Experiment 3: Particle size comparison under equal mass loading,Exp. 3 Brake size,BRAKE_WEAR,BRAKE_WEAR,Fine
684,C2209,20250415_C2209_clip.MP4,504,11.2,NA,11.2,11.2,TRUE,EXP3_BRAKE_SIZE,BRAKE_SIZE,FALSE,TRUE,53,25593,4,L. DIGITATA,HW,SPRING,Harwich,BWF,BRAKE_WEAR,NA,FINE,0,NA,0,45,NA,226,672,898,0.2516703786191537,glass,296,NA,NA,NA,NA,2025,NA,NA,LAMINARIA DIGITATA,898,0.2516703786191537,FALSE,FALSE,FALSE,FALSE,FALSE,FALSE,FALSE,FALSE,FALSE,FALSE,FALSE,0,FALSE,NA,NA,FALSE,FALSE,FALSE,FALSE,FALSE,FALSE,FALSE,FALSE,FALSE,FALSE,FALSE,FALSE,NA,NA,0.7483296213808464,11.2,BRAKE_SIZE,EXP3_BRAKE_SIZE,NA,1.662757831681574,0 lux,4,1,BRAKE_WEAR,FINE,BRAKE_SIZE,BRAKE_WEAR,BWF,FALSE,FALSE,TRUE,TRUE,FALSE,Day 4,NA,0 lux,36,36,1,Experiment 3: Particle size comparison under equal mass loading,Exp. 3 Brake size,BRAKE_WEAR,BRAKE_WEAR,Fine
685,C2210,20250415_C2210_clip.MP4,504,11.2,NA,11.2,11.2,TRUE,EXP3_BRAKE_SIZE,BRAKE_SIZE,FALSE,TRUE,53,25594,4,L. DIGITATA,HW,SPRING,Harwich,BWF,BRAKE_WEAR,NA,FINE,0,NA,0,45,NA,27311,29487,56798,0.4808443959294341,glass,334,NA,NA,NA,NA,2025,NA,NA,LAMINARIA DIGITATA,56798,0.4808443959294341,FALSE,FALSE,FALSE,FALSE,FALSE,FALSE,FALSE,FALSE,FALSE,FALSE,FALSE,0,FALSE,NA,NA,FALSE,FALSE,FALSE,FALSE,FALSE,FALSE,FALSE,FALSE,FALSE,FALSE,FALSE,FALSE,NA,NA,0.5191556040705658,11.2,BRAKE_SIZE,EXP3_BRAKE_SIZE,NA,1.662757831681574,0 lux,4,1,BRAKE_WEAR,FINE,BRAKE_SIZE,BRAKE_WEAR,BWF,FALSE,FALSE,TRUE,TRUE,FALSE,Day 4,NA,0 lux,36,36,1,Experiment 3: Particle size comparison under equal mass loading,Exp. 3 Brake size,BRAKE_WEAR,BRAKE_WEAR,Fine
686,C2211,20250415_C2211_clip.MP4,504,11.2,NA,11.2,11.2,TRUE,EXP3_BRAKE_SIZE,BRAKE_SIZE,FALSE,TRUE,53,25595,4,L. DIGITATA,HW,SPRING,Harwich,BWF,BRAKE_WEAR,NA,FINE,0,NA,0,45,NA,31262,28755,60017,0.5208857490377726,glass,106,NA,NA,NA,NA,2025,NA,NA,LAMINARIA DIGITATA,60017,0.5208857490377726,FALSE,FALSE,FALSE,FALSE,FALSE,FALSE,FALSE,FALSE,FALSE,FALSE,FALSE,0,FALSE,NA,NA,FALSE,FALSE,FALSE,FALSE,FALSE,FALSE,FALSE,FALSE,FALSE,FALSE,FALSE,FALSE,NA,NA,0.4791142509622274,11.2,BRAKE_SIZE,EXP3_BRAKE_SIZE,NA,1.662757831681574,0 lux,4,1,BRAKE_WEAR,FINE,BRAKE_SIZE,BRAKE_WEAR,BWF,FALSE,FALSE,TRUE,TRUE,FALSE,Day 4,NA,0 lux,36,36,1,Experiment 3: Particle size comparison under equal mass loading,Exp. 3 Brake size,BRAKE_WEAR,BRAKE_WEAR,Fine
687,C2212,20250415_C2212_clip.MP4,504,11.2,NA,11.2,11.2,TRUE,EXP3_BRAKE_SIZE,BRAKE_SIZE,FALSE,TRUE,53,25596,4,L. DIGITATA,HW,SPRING,Harwich,BWF,BRAKE_WEAR,NA,FINE,0,NA,0,450,NA,1827,2703,4530,0.4033112582781457,glass,64,NA,NA,NA,NA,2025,NA,NA,LAMINARIA DIGITATA,4530,0.4033112582781457,FALSE,FALSE,FALSE,FALSE,FALSE,FALSE,FALSE,FALSE,FALSE,FALSE,FALSE,0,FALSE,NA,NA,FALSE,FALSE,FALSE,FALSE,FALSE,FALSE,FALSE,FALSE,FALSE,FALSE,FALSE,FALSE,NA,NA,0.5966887417218543,11.2,BRAKE_SIZE,EXP3_BRAKE_SIZE,NA,2.6541765418779604,0 lux,4,1,BRAKE_WEAR,FINE,BRAKE_SIZE,BRAKE_WEAR,BWF,FALSE,FALSE,TRUE,TRUE,FALSE,Day 4,NA,0 lux,36,36,1,Experiment 3: Particle size comparison under equal mass loading,Exp. 3 Brake size,BRAKE_WEAR,BRAKE_WEAR,Fine
688,C2213,20250415_C2213_clip.MP4,504,11.2,NA,11.2,11.2,TRUE,EXP3_BRAKE_SIZE,BRAKE_SIZE,FALSE,TRUE,53,25601,4,L. DIGITATA,HW,SPRING,Harwich,BWF,BRAKE_WEAR,NA,FINE,0,NA,0,450,NA,30102,31004,61106,0.4926193827120086,glass,75,NA,NA,NA,NA,2025,NA,NA,LAMINARIA DIGITATA,61106,0.4926193827120086,FALSE,FALSE,FALSE,FALSE,FALSE,FALSE,FALSE,FALSE,FALSE,FALSE,FALSE,0,FALSE,NA,NA,FALSE,FALSE,FALSE,FALSE,FALSE,FALSE,FALSE,FALSE,FALSE,FALSE,FALSE,FALSE,NA,NA,0.5073806172879913,11.2,BRAKE_SIZE,EXP3_BRAKE_SIZE,NA,2.6541765418779604,0 lux,4,1,BRAKE_WEAR,FINE,BRAKE_SIZE,BRAKE_WEAR,BWF,FALSE,FALSE,TRUE,TRUE,FALSE,Day 4,NA,0 lux,36,36,1,Experiment 3: Particle size comparison under equal mass loading,Exp. 3 Brake size,BRAKE_WEAR,BRAKE_WEAR,Fine
689,C2214,20250415_C2214_clip.MP4,504,11.2,NA,11.2,11.2,TRUE,EXP3_BRAKE_SIZE,BRAKE_SIZE,FALSE,TRUE,53,26502,4,L. DIGITATA,HW,SPRING,Harwich,BWF,BRAKE_WEAR,NA,FINE,0,NA,0,450,NA,118,1959,2077,0.05681271064034665,glass,1041,NA,NA,NA,NA,2025,NA,NA,LAMINARIA DIGITATA,2077,0.05681271064034665,FALSE,FALSE,FALSE,FALSE,FALSE,FALSE,FALSE,FALSE,FALSE,FALSE,FALSE,0,FALSE,NA,NA,FALSE,FALSE,FALSE,FALSE,FALSE,FALSE,FALSE,FALSE,FALSE,FALSE,FALSE,FALSE,NA,NA,0.9431872893596533,11.2,BRAKE_SIZE,EXP3_BRAKE_SIZE,NA,2.6541765418779604,0 lux,4,1,BRAKE_WEAR,FINE,BRAKE_SIZE,BRAKE_WEAR,BWF,FALSE,FALSE,TRUE,TRUE,FALSE,Day 4,NA,0 lux,36,36,1,Experiment 3: Particle size comparison under equal mass loading,Exp. 3 Brake size,BRAKE_WEAR,BRAKE_WEAR,Fine
690,C2215,20250415_C2215_clip.MP4,504,11.2,NA,11.2,11.2,TRUE,EXP3_BRAKE_SIZE,BRAKE_SIZE,FALSE,TRUE,53,25603,4,L. DIGITATA,HW,SPRING,Harwich,BWF,BRAKE_WEAR,NA,FINE,0,NA,0,450,NA,1903,7764,9667,0.1968552808523844,glass,266,NA,NA,NA,NA,2025,NA,NA,LAMINARIA DIGITATA,9667,0.1968552808523844,FALSE,FALSE,FALSE,FALSE,FALSE,FALSE,FALSE,FALSE,FALSE,FALSE,FALSE,0,FALSE,NA,NA,FALSE,FALSE,FALSE,FALSE,FALSE,FALSE,FALSE,FALSE,FALSE,FALSE,FALSE,FALSE,NA,NA,0.8031447191476156,11.2,BRAKE_SIZE,EXP3_BRAKE_SIZE,NA,2.6541765418779604,0 lux,4,1,BRAKE_WEAR,FINE,BRAKE_SIZE,BRAKE_WEAR,BWF,FALSE,FALSE,TRUE,TRUE,FALSE,Day 4,NA,0 lux,36,36,1,Experiment 3: Particle size comparison under equal mass loading,Exp. 3 Brake size,BRAKE_WEAR,BRAKE_WEAR,Fine
691,C2216,20250415_C2216_clip.MP4,504,11.2,NA,11.2,11.2,TRUE,EXP3_BRAKE_SIZE,BRAKE_SIZE,FALSE,TRUE,53,25604,4,L. DIGITATA,HW,SPRING,Harwich,BWF,BRAKE_WEAR,NA,FINE,0,NA,0,450,NA,9672,9679,19351,0.4998191307942742,glass,434,NA,NA,NA,NA,2025,NA,NA,LAMINARIA DIGITATA,19351,0.4998191307942742,FALSE,FALSE,FALSE,FALSE,FALSE,FALSE,FALSE,FALSE,FALSE,FALSE,FALSE,0,FALSE,NA,NA,FALSE,FALSE,FALSE,FALSE,FALSE,FALSE,FALSE,FALSE,FALSE,FALSE,FALSE,FALSE,NA,NA,0.5001808692057258,11.2,BRAKE_SIZE,EXP3_BRAKE_SIZE,NA,2.6541765418779604,0 lux,4,1,BRAKE_WEAR,FINE,BRAKE_SIZE,BRAKE_WEAR,BWF,FALSE,FALSE,TRUE,TRUE,FALSE,Day 4,NA,0 lux,36,36,1,Experiment 3: Particle size comparison under equal mass loading,Exp. 3 Brake size,BRAKE_WEAR,BRAKE_WEAR,Fine
692,C2217,20250415_C2217_clip.MP4,504,11.2,NA,11.2,11.2,TRUE,EXP3_BRAKE_SIZE,BRAKE_SIZE,FALSE,TRUE,53,25605,4,L. DIGITATA,HW,SPRING,Harwich,BWF,BRAKE_WEAR,NA,FINE,0,NA,0,450,NA,10896,11333,22229,0.4901704979981106,glass,2001,NA,NA,NA,NA,2025,NA,NA,LAMINARIA DIGITATA,22229,0.4901704979981106,FALSE,FALSE,FALSE,FALSE,FALSE,FALSE,FALSE,FALSE,FALSE,FALSE,FALSE,0,FALSE,NA,NA,FALSE,FALSE,FALSE,FALSE,FALSE,FALSE,FALSE,FALSE,FALSE,FALSE,FALSE,FALSE,NA,NA,0.5098295020018895,11.2,BRAKE_SIZE,EXP3_BRAKE_SIZE,NA,2.6541765418779604,0 lux,4,1,BRAKE_WEAR,FINE,BRAKE_SIZE,BRAKE_WEAR,BWF,FALSE,FALSE,TRUE,TRUE,FALSE,Day 4,NA,0 lux,36,36,1,Experiment 3: Particle size comparison under equal mass loading,Exp. 3 Brake size,BRAKE_WEAR,BRAKE_WEAR,Fine
693,C2218,20250415_C2218_clip.MP4,504,11.2,NA,11.2,11.2,TRUE,EXP3_BRAKE_SIZE,BRAKE_SIZE,FALSE,TRUE,53,25606,4,L. DIGITATA,HW,SPRING,Harwich,BWF,BRAKE_WEAR,NA,FINE,0,NA,0,450,NA,1947,2992,4939,0.39420935412026725,glass,738,NA,NA,NA,NA,2025,NA,NA,LAMINARIA DIGITATA,4939,0.39420935412026725,FALSE,FALSE,FALSE,FALSE,FALSE,FALSE,FALSE,FALSE,FALSE,FALSE,FALSE,0,FALSE,NA,NA,FALSE,FALSE,FALSE,FALSE,FALSE,FALSE,FALSE,FALSE,FALSE,FALSE,FALSE,FALSE,NA,NA,0.6057906458797327,11.2,BRAKE_SIZE,EXP3_BRAKE_SIZE,NA,2.6541765418779604,0 lux,4,1,BRAKE_WEAR,FINE,BRAKE_SIZE,BRAKE_WEAR,BWF,FALSE,FALSE,TRUE,TRUE,FALSE,Day 4,NA,0 lux,36,36,1,Experiment 3: Particle size comparison under equal mass loading,Exp. 3 Brake size,BRAKE_WEAR,BRAKE_WEAR,Fine
694,C2219,20250415_C2219_clip.MP4,504,11.2,NA,11.2,11.2,TRUE,EXP3_BRAKE_SIZE,BRAKE_SIZE,FALSE,TRUE,53,25611,4,L. DIGITATA,HW,SPRING,Harwich,BWC,BRAKE_WEAR,NA,COARSE,0,NA,0,4.5,NA,1820,3330,5150,0.3533980582524272,glass,221,NA,NA,NA,NA,2025,NA,NA,LAMINARIA DIGITATA,5150,0.3533980582524272,FALSE,FALSE,FALSE,FALSE,FALSE,FALSE,FALSE,FALSE,FALSE,FALSE,FALSE,0,FALSE,NA,NA,FALSE,FALSE,FALSE,FALSE,FALSE,FALSE,FALSE,FALSE,FALSE,FALSE,FALSE,FALSE,NA,NA,0.6466019417475728,11.2,BRAKE_SIZE,EXP3_BRAKE_SIZE,NA,0.7403626894942439,0 lux,4,1,BRAKE_WEAR,COARSE,BRAKE_SIZE,BRAKE_WEAR,BWC,FALSE,FALSE,TRUE,TRUE,FALSE,Day 4,NA,0 lux,36,36,1,Experiment 3: Particle size comparison under equal mass loading,Exp. 3 Brake size,BRAKE_WEAR,BRAKE_WEAR,Coarse
695,C2220,20250415_C2220_clip.MP4,504,11.2,NA,11.2,11.2,TRUE,EXP3_BRAKE_SIZE,BRAKE_SIZE,FALSE,TRUE,53,25612,4,L. DIGITATA,HW,SPRING,Harwich,BWC,BRAKE_WEAR,NA,COARSE,0,NA,0,4.5,NA,4896,5502,10398,0.4708597807270629,glass,1487,NA,NA,NA,NA,2025,NA,NA,LAMINARIA DIGITATA,10398,0.4708597807270629,FALSE,FALSE,FALSE,FALSE,FALSE,FALSE,FALSE,FALSE,FALSE,FALSE,FALSE,0,FALSE,NA,NA,FALSE,FALSE,FALSE,FALSE,FALSE,FALSE,FALSE,FALSE,FALSE,FALSE,FALSE,FALSE,NA,NA,0.5291402192729371,11.2,BRAKE_SIZE,EXP3_BRAKE_SIZE,NA,0.7403626894942439,0 lux,4,1,BRAKE_WEAR,COARSE,BRAKE_SIZE,BRAKE_WEAR,BWC,FALSE,FALSE,TRUE,TRUE,FALSE,Day 4,NA,0 lux,36,36,1,Experiment 3: Particle size comparison under equal mass loading,Exp. 3 Brake size,BRAKE_WEAR,BRAKE_WEAR,Coarse
696,C2221,20250415_C2221_clip.MP4,504,11.2,NA,11.2,11.2,TRUE,EXP3_BRAKE_SIZE,BRAKE_SIZE,FALSE,TRUE,53,25613,4,L. DIGITATA,HW,SPRING,Harwich,BWC,BRAKE_WEAR,NA,COARSE,0,NA,0,4.5,NA,1590,2382,3972,0.4003021148036254,glass,100,NA,NA,NA,NA,2025,NA,NA,LAMINARIA DIGITATA,3972,0.4003021148036254,FALSE,FALSE,FALSE,FALSE,FALSE,FALSE,FALSE,FALSE,FALSE,FALSE,FALSE,0,FALSE,NA,NA,FALSE,FALSE,FALSE,FALSE,FALSE,FALSE,FALSE,FALSE,FALSE,FALSE,FALSE,FALSE,NA,NA,0.5996978851963746,11.2,BRAKE_SIZE,EXP3_BRAKE_SIZE,NA,0.7403626894942439,0 lux,4,1,BRAKE_WEAR,COARSE,BRAKE_SIZE,BRAKE_WEAR,BWC,FALSE,FALSE,TRUE,TRUE,FALSE,Day 4,NA,0 lux,36,36,1,Experiment 3: Particle size comparison under equal mass loading,Exp. 3 Brake size,BRAKE_WEAR,BRAKE_WEAR,Coarse
697,C2222,20250415_C2222_clip.MP4,504,11.2,NA,11.2,11.2,TRUE,EXP3_BRAKE_SIZE,BRAKE_SIZE,FALSE,TRUE,53,25614,4,L. DIGITATA,HW,SPRING,Harwich,BWC,BRAKE_WEAR,NA,COARSE,0,NA,0,4.5,NA,492,836,1328,0.3704819277108434,glass,586,NA,NA,NA,NA,2025,NA,NA,LAMINARIA DIGITATA,1328,0.3704819277108434,FALSE,FALSE,FALSE,FALSE,FALSE,FALSE,FALSE,FALSE,FALSE,FALSE,FALSE,0,FALSE,NA,NA,FALSE,FALSE,FALSE,FALSE,FALSE,FALSE,FALSE,FALSE,FALSE,FALSE,FALSE,FALSE,NA,NA,0.6295180722891566,11.2,BRAKE_SIZE,EXP3_BRAKE_SIZE,NA,0.7403626894942439,0 lux,4,1,BRAKE_WEAR,COARSE,BRAKE_SIZE,BRAKE_WEAR,BWC,FALSE,FALSE,TRUE,TRUE,FALSE,Day 4,NA,0 lux,36,36,1,Experiment 3: Particle size comparison under equal mass loading,Exp. 3 Brake size,BRAKE_WEAR,BRAKE_WEAR,Coarse
698,C2223,20250415_C2223_clip.MP4,504,11.2,NA,11.2,11.2,TRUE,EXP3_BRAKE_SIZE,BRAKE_SIZE,FALSE,TRUE,53,25615,4,L. DIGITATA,HW,SPRING,Harwich,BWC,BRAKE_WEAR,NA,COARSE,0,NA,0,4.5,NA,18254,18317,36571,0.49913866178119276,glass,1069,NA,NA,NA,NA,2025,NA,NA,LAMINARIA DIGITATA,36571,0.49913866178119276,FALSE,FALSE,FALSE,FALSE,FALSE,FALSE,FALSE,FALSE,FALSE,FALSE,FALSE,0,FALSE,NA,NA,FALSE,FALSE,FALSE,FALSE,FALSE,FALSE,FALSE,FALSE,FALSE,FALSE,FALSE,FALSE,NA,NA,0.5008613382188073,11.2,BRAKE_SIZE,EXP3_BRAKE_SIZE,NA,0.7403626894942439,0 lux,4,1,BRAKE_WEAR,COARSE,BRAKE_SIZE,BRAKE_WEAR,BWC,FALSE,FALSE,TRUE,TRUE,FALSE,Day 4,NA,0 lux,36,36,1,Experiment 3: Particle size comparison under equal mass loading,Exp. 3 Brake size,BRAKE_WEAR,BRAKE_WEAR,Coarse
699,C2224,20250415_C2224_clip.MP4,504,11.2,NA,11.2,11.2,TRUE,EXP3_BRAKE_SIZE,BRAKE_SIZE,FALSE,TRUE,53,25616,4,L. DIGITATA,HW,SPRING,Harwich,BWC,BRAKE_WEAR,NA,COARSE,0,NA,0,4.5,NA,26195,30377,56572,0.4630382521388673,glass,223,NA,NA,NA,NA,2025,NA,NA,LAMINARIA DIGITATA,56572,0.4630382521388673,FALSE,FALSE,FALSE,FALSE,FALSE,FALSE,FALSE,FALSE,FALSE,FALSE,FALSE,0,FALSE,NA,NA,FALSE,FALSE,FALSE,FALSE,FALSE,FALSE,FALSE,FALSE,FALSE,FALSE,FALSE,FALSE,NA,NA,0.5369617478611327,11.2,BRAKE_SIZE,EXP3_BRAKE_SIZE,NA,0.7403626894942439,0 lux,4,1,BRAKE_WEAR,COARSE,BRAKE_SIZE,BRAKE_WEAR,BWC,FALSE,FALSE,TRUE,TRUE,FALSE,Day 4,NA,0 lux,36,36,1,Experiment 3: Particle size comparison under equal mass loading,Exp. 3 Brake size,BRAKE_WEAR,BRAKE_WEAR,Coarse
700,C2225,20250415_C2225_clip.MP4,504,11.2,NA,11.2,11.2,TRUE,EXP3_BRAKE_SIZE,BRAKE_SIZE,FALSE,TRUE,53,25621,4,L. DIGITATA,HW,SPRING,Harwich,BWC,BRAKE_WEAR,NA,COARSE,0,NA,0,45,NA,19243,22449,41692,0.4615513767629281,glass,901,NA,NA,NA,NA,2025,NA,NA,LAMINARIA DIGITATA,41692,0.4615513767629281,FALSE,FALSE,FALSE,FALSE,FALSE,FALSE,FALSE,FALSE,FALSE,FALSE,FALSE,0,FALSE,NA,NA,FALSE,FALSE,FALSE,FALSE,FALSE,FALSE,FALSE,FALSE,FALSE,FALSE,FALSE,FALSE,NA,NA,0.5384486232370719,11.2,BRAKE_SIZE,EXP3_BRAKE_SIZE,NA,1.662757831681574,0 lux,4,1,BRAKE_WEAR,COARSE,BRAKE_SIZE,BRAKE_WEAR,BWC,FALSE,FALSE,TRUE,TRUE,FALSE,Day 4,NA,0 lux,36,36,1,Experiment 3: Particle size comparison under equal mass loading,Exp. 3 Brake size,BRAKE_WEAR,BRAKE_WEAR,Coarse
701,C2226,20250415_C2226_clip.MP4,504,11.2,NA,11.2,11.2,TRUE,EXP3_BRAKE_SIZE,BRAKE_SIZE,FALSE,TRUE,53,25622,4,L. DIGITATA,HW,SPRING,Harwich,BWC,BRAKE_WEAR,NA,COARSE,0,NA,0,45,NA,1147,1548,2695,0.4256029684601113,glass,1234,NA,NA,NA,NA,2025,NA,NA,LAMINARIA DIGITATA,2695,0.4256029684601113,FALSE,FALSE,FALSE,FALSE,FALSE,FALSE,FALSE,FALSE,FALSE,FALSE,FALSE,0,FALSE,NA,NA,FALSE,FALSE,FALSE,FALSE,FALSE,FALSE,FALSE,FALSE,FALSE,FALSE,FALSE,FALSE,NA,NA,0.5743970315398886,11.2,BRAKE_SIZE,EXP3_BRAKE_SIZE,NA,1.662757831681574,0 lux,4,1,BRAKE_WEAR,COARSE,BRAKE_SIZE,BRAKE_WEAR,BWC,FALSE,FALSE,TRUE,TRUE,FALSE,Day 4,NA,0 lux,36,36,1,Experiment 3: Particle size comparison under equal mass loading,Exp. 3 Brake size,BRAKE_WEAR,BRAKE_WEAR,Coarse
702,C2227,20250415_C2227_clip.MP4,504,11.2,NA,11.2,11.2,TRUE,EXP3_BRAKE_SIZE,BRAKE_SIZE,FALSE,TRUE,53,25623,4,L. DIGITATA,HW,SPRING,Harwich,BWC,BRAKE_WEAR,NA,COARSE,0,NA,0,45,NA,18421,20942,39363,0.4679775423621167,glass,216,NA,NA,NA,NA,2025,NA,NA,LAMINARIA DIGITATA,39363,0.4679775423621167,FALSE,FALSE,FALSE,FALSE,FALSE,FALSE,FALSE,FALSE,FALSE,FALSE,FALSE,0,FALSE,NA,NA,FALSE,FALSE,FALSE,FALSE,FALSE,FALSE,FALSE,FALSE,FALSE,FALSE,FALSE,FALSE,NA,NA,0.5320224576378833,11.2,BRAKE_SIZE,EXP3_BRAKE_SIZE,NA,1.662757831681574,0 lux,4,1,BRAKE_WEAR,COARSE,BRAKE_SIZE,BRAKE_WEAR,BWC,FALSE,FALSE,TRUE,TRUE,FALSE,Day 4,NA,0 lux,36,36,1,Experiment 3: Particle size comparison under equal mass loading,Exp. 3 Brake size,BRAKE_WEAR,BRAKE_WEAR,Coarse
703,C2228,20250415_C2228_clip.MP4,504,11.2,NA,11.2,11.2,TRUE,EXP3_BRAKE_SIZE,BRAKE_SIZE,FALSE,TRUE,53,25624,4,L. DIGITATA,HW,SPRING,Harwich,BWC,BRAKE_WEAR,NA,COARSE,0,NA,0,45,NA,17582,18085,35667,0.49294866403117726,glass,457,NA,NA,NA,NA,2025,NA,NA,LAMINARIA DIGITATA,35667,0.49294866403117726,FALSE,FALSE,FALSE,FALSE,FALSE,FALSE,FALSE,FALSE,FALSE,FALSE,FALSE,0,FALSE,NA,NA,FALSE,FALSE,FALSE,FALSE,FALSE,FALSE,FALSE,FALSE,FALSE,FALSE,FALSE,FALSE,NA,NA,0.5070513359688227,11.2,BRAKE_SIZE,EXP3_BRAKE_SIZE,NA,1.662757831681574,0 lux,4,1,BRAKE_WEAR,COARSE,BRAKE_SIZE,BRAKE_WEAR,BWC,FALSE,FALSE,TRUE,TRUE,FALSE,Day 4,NA,0 lux,36,36,1,Experiment 3: Particle size comparison under equal mass loading,Exp. 3 Brake size,BRAKE_WEAR,BRAKE_WEAR,Coarse
704,C2229,20250415_C2229_clip.MP4,504,11.2,NA,11.2,11.2,TRUE,EXP3_BRAKE_SIZE,BRAKE_SIZE,FALSE,TRUE,53,25625,4,L. DIGITATA,HW,SPRING,Harwich,BWC,BRAKE_WEAR,NA,COARSE,0,NA,0,45,NA,17485,16246,33731,0.5183658948741514,glass,201,NA,NA,NA,NA,2025,NA,NA,LAMINARIA DIGITATA,33731,0.5183658948741514,FALSE,FALSE,FALSE,FALSE,FALSE,FALSE,FALSE,FALSE,FALSE,FALSE,FALSE,0,FALSE,NA,NA,FALSE,FALSE,FALSE,FALSE,FALSE,FALSE,FALSE,FALSE,FALSE,FALSE,FALSE,FALSE,NA,NA,0.48163410512584864,11.2,BRAKE_SIZE,EXP3_BRAKE_SIZE,NA,1.662757831681574,0 lux,4,1,BRAKE_WEAR,COARSE,BRAKE_SIZE,BRAKE_WEAR,BWC,FALSE,FALSE,TRUE,TRUE,FALSE,Day 4,NA,0 lux,36,36,1,Experiment 3: Particle size comparison under equal mass loading,Exp. 3 Brake size,BRAKE_WEAR,BRAKE_WEAR,Coarse
705,C2230,20250415_C2230_clip.MP4,504,11.2,NA,11.2,11.2,TRUE,EXP3_BRAKE_SIZE,BRAKE_SIZE,FALSE,TRUE,53,25626,4,L. DIGITATA,HW,SPRING,Harwich,BWC,BRAKE_WEAR,NA,COARSE,0,NA,0,45,NA,21295,21334,42629,0.49954256492059396,glass,4469,NA,NA,NA,NA,2025,NA,NA,LAMINARIA DIGITATA,42629,0.49954256492059396,FALSE,FALSE,FALSE,FALSE,FALSE,FALSE,FALSE,FALSE,FALSE,FALSE,FALSE,0,FALSE,NA,NA,FALSE,FALSE,FALSE,FALSE,FALSE,FALSE,FALSE,FALSE,FALSE,FALSE,FALSE,FALSE,NA,NA,0.500457435079406,11.2,BRAKE_SIZE,EXP3_BRAKE_SIZE,NA,1.662757831681574,0 lux,4,1,BRAKE_WEAR,COARSE,BRAKE_SIZE,BRAKE_WEAR,BWC,FALSE,FALSE,TRUE,TRUE,FALSE,Day 4,NA,0 lux,36,36,1,Experiment 3: Particle size comparison under equal mass loading,Exp. 3 Brake size,BRAKE_WEAR,BRAKE_WEAR,Coarse
706,C2231,20250415_C2231_clip.MP4,504,11.2,NA,11.2,11.2,TRUE,EXP3_BRAKE_SIZE,BRAKE_SIZE,FALSE,TRUE,53,25631,4,L. DIGITATA,HW,SPRING,Harwich,BWC,BRAKE_WEAR,NA,COARSE,0,NA,0,450,NA,1164,2017,3181,0.36592266582835586,glass,1743,NA,NA,NA,NA,2025,NA,NA,LAMINARIA DIGITATA,3181,0.36592266582835586,FALSE,FALSE,FALSE,FALSE,FALSE,FALSE,FALSE,FALSE,FALSE,FALSE,FALSE,0,FALSE,NA,NA,FALSE,FALSE,FALSE,FALSE,FALSE,FALSE,FALSE,FALSE,FALSE,FALSE,FALSE,FALSE,NA,NA,0.6340773341716441,11.2,BRAKE_SIZE,EXP3_BRAKE_SIZE,NA,2.6541765418779604,0 lux,4,1,BRAKE_WEAR,COARSE,BRAKE_SIZE,BRAKE_WEAR,BWC,FALSE,FALSE,TRUE,TRUE,FALSE,Day 4,NA,0 lux,36,36,1,Experiment 3: Particle size comparison under equal mass loading,Exp. 3 Brake size,BRAKE_WEAR,BRAKE_WEAR,Coarse
707,C2232,20250415_C2232_clip.MP4,504,11.2,NA,11.2,11.2,TRUE,EXP3_BRAKE_SIZE,BRAKE_SIZE,FALSE,TRUE,53,25632,4,L. DIGITATA,HW,SPRING,Harwich,BWC,BRAKE_WEAR,NA,COARSE,0,NA,0,450,NA,23098,25646,48744,0.47386344986049567,glass,556,NA,NA,NA,NA,2025,NA,NA,LAMINARIA DIGITATA,48744,0.47386344986049567,FALSE,FALSE,FALSE,FALSE,FALSE,FALSE,FALSE,FALSE,FALSE,FALSE,FALSE,0,FALSE,NA,NA,FALSE,FALSE,FALSE,FALSE,FALSE,FALSE,FALSE,FALSE,FALSE,FALSE,FALSE,FALSE,NA,NA,0.5261365501395043,11.2,BRAKE_SIZE,EXP3_BRAKE_SIZE,NA,2.6541765418779604,0 lux,4,1,BRAKE_WEAR,COARSE,BRAKE_SIZE,BRAKE_WEAR,BWC,FALSE,FALSE,TRUE,TRUE,FALSE,Day 4,NA,0 lux,36,36,1,Experiment 3: Particle size comparison under equal mass loading,Exp. 3 Brake size,BRAKE_WEAR,BRAKE_WEAR,Coarse
708,C2233,20250415_C2233_clip.MP4,504,11.2,NA,11.2,11.2,TRUE,EXP3_BRAKE_SIZE,BRAKE_SIZE,FALSE,TRUE,53,25633,4,L. DIGITATA,HW,SPRING,Harwich,BWC,BRAKE_WEAR,NA,COARSE,0,NA,0,450,NA,14719,20087,34806,0.42288685858759983,glass,1225,NA,NA,NA,NA,2025,NA,NA,LAMINARIA DIGITATA,34806,0.42288685858759983,FALSE,FALSE,FALSE,FALSE,FALSE,FALSE,FALSE,FALSE,FALSE,FALSE,FALSE,0,FALSE,NA,NA,FALSE,FALSE,FALSE,FALSE,FALSE,FALSE,FALSE,FALSE,FALSE,FALSE,FALSE,FALSE,NA,NA,0.5771131414124001,11.2,BRAKE_SIZE,EXP3_BRAKE_SIZE,NA,2.6541765418779604,0 lux,4,1,BRAKE_WEAR,COARSE,BRAKE_SIZE,BRAKE_WEAR,BWC,FALSE,FALSE,TRUE,TRUE,FALSE,Day 4,NA,0 lux,36,36,1,Experiment 3: Particle size comparison under equal mass loading,Exp. 3 Brake size,BRAKE_WEAR,BRAKE_WEAR,Coarse
709,C2234,20250415_C2234_clip.MP4,504,11.2,NA,11.2,11.2,TRUE,EXP3_BRAKE_SIZE,BRAKE_SIZE,FALSE,TRUE,53,25634,4,L. DIGITATA,HW,SPRING,Harwich,BWC,BRAKE_WEAR,NA,COARSE,0,NA,0,450,NA,27924,26109,54033,0.5167952917661429,glass,190,NA,NA,NA,NA,2025,NA,NA,LAMINARIA DIGITATA,54033,0.5167952917661429,FALSE,FALSE,FALSE,FALSE,FALSE,FALSE,FALSE,FALSE,FALSE,FALSE,FALSE,0,FALSE,NA,NA,FALSE,FALSE,FALSE,FALSE,FALSE,FALSE,FALSE,FALSE,FALSE,FALSE,FALSE,FALSE,NA,NA,0.4832047082338571,11.2,BRAKE_SIZE,EXP3_BRAKE_SIZE,NA,2.6541765418779604,0 lux,4,1,BRAKE_WEAR,COARSE,BRAKE_SIZE,BRAKE_WEAR,BWC,FALSE,FALSE,TRUE,TRUE,FALSE,Day 4,NA,0 lux,36,36,1,Experiment 3: Particle size comparison under equal mass loading,Exp. 3 Brake size,BRAKE_WEAR,BRAKE_WEAR,Coarse
710,C2235,20250415_C2235_clip.MP4,504,11.2,NA,11.2,11.2,TRUE,EXP3_BRAKE_SIZE,BRAKE_SIZE,FALSE,TRUE,53,25635,4,L. DIGITATA,HW,SPRING,Harwich,BWC,BRAKE_WEAR,NA,COARSE,0,NA,0,450,NA,14983,18790,33773,0.44363840938027416,glass,383,NA,NA,NA,NA,2025,NA,NA,LAMINARIA DIGITATA,33773,0.44363840938027416,FALSE,FALSE,FALSE,FALSE,FALSE,FALSE,FALSE,FALSE,FALSE,FALSE,FALSE,0,FALSE,NA,NA,FALSE,FALSE,FALSE,FALSE,FALSE,FALSE,FALSE,FALSE,FALSE,FALSE,FALSE,FALSE,NA,NA,0.5563615906197258,11.2,BRAKE_SIZE,EXP3_BRAKE_SIZE,NA,2.6541765418779604,0 lux,4,1,BRAKE_WEAR,COARSE,BRAKE_SIZE,BRAKE_WEAR,BWC,FALSE,FALSE,TRUE,TRUE,FALSE,Day 4,NA,0 lux,36,36,1,Experiment 3: Particle size comparison under equal mass loading,Exp. 3 Brake size,BRAKE_WEAR,BRAKE_WEAR,Coarse
711,C2236,20250415_C2236_clip.MP4,504,11.2,NA,11.2,11.2,TRUE,EXP3_BRAKE_SIZE,BRAKE_SIZE,FALSE,TRUE,53,25636,4,L. DIGITATA,HW,SPRING,Harwich,BWC,BRAKE_WEAR,NA,COARSE,0,NA,0,450,NA,29463,27897,57360,0.5136506276150627,glass,264,NA,NA,NA,NA,2025,NA,NA,LAMINARIA DIGITATA,57360,0.5136506276150627,FALSE,FALSE,FALSE,FALSE,FALSE,FALSE,FALSE,FALSE,FALSE,FALSE,FALSE,0,FALSE,NA,NA,FALSE,FALSE,FALSE,FALSE,FALSE,FALSE,FALSE,FALSE,FALSE,FALSE,FALSE,FALSE,NA,NA,0.48634937238493725,11.2,BRAKE_SIZE,EXP3_BRAKE_SIZE,NA,2.6541765418779604,0 lux,4,1,BRAKE_WEAR,COARSE,BRAKE_SIZE,BRAKE_WEAR,BWC,FALSE,FALSE,TRUE,TRUE,FALSE,Day 4,NA,0 lux,36,36,1,Experiment 3: Particle size comparison under equal mass loading,Exp. 3 Brake size,BRAKE_WEAR,BRAKE_WEAR,Coarse
