HEADING, Timecode,,Battery        , , Temperature    , , Pressure       , , Turbidity, , , Depth       , , SSC         , , 
UNITS, [dd/MM/yyyy HH:mm:ss],[ms], Raw, V      , Raw, °C     , Raw, bar    , Raw1,Raw2, FTU    , Raw, m      , Raw, mg/l   , 
Sample,24/05/2023 10:12,0,,,12168915,18.592116,3210781,1.047648,0.0887,3299.600098,2875.931179,,0.61252,,5751.862305,
Sample,24/05/2023 10:12,0,,,12170030,18.57939,3215114,1.049072,0.251,2838.100098,2485.843733,,0.635282,,4971.6875,
Sample,24/05/2023 10:12,0,,,12180198,18.463384,3213366,1.048497,0.1458,2857.699951,2502.410703,,0.62612,,5004.821289,
Sample,24/05/2023 10:12,0,,,12189635,18.355801,3211453,1.047869,0.0387,2857.199951,2501.988073,,0.616061,,5003.976074,
Sample,24/05/2023 10:12,0,,,12455869,15.347332,3364959,1.098337,0.7757,-55.990002,0.626362,,1.348318,,1.252725,
Sample,24/05/2023 10:12,0,,,12488369,14.982678,3446361,1.125108,0.8348,-57.859997,0.674963,,1.697405,,1.349926,
Sample,24/05/2023 10:12,0,,,12497245,14.883151,3572906,1.166738,0.8283,-57.650002,0.669618,,2.21149,,1.339235,
Sample,24/05/2023 10:12,0,,,12504322,14.803815,3686026,1.203964,0.798,-59.68,0.644701,,2.652329,,1.289401,
Sample,24/05/2023 10:12,0,,,12505541,14.790151,3770307,1.231706,0.6887,-60.859997,0.554818,,2.973166,,1.109637,
Sample,24/05/2023 10:12,0,,,12506343,14.781162,3895449,1.272911,0.6914,-61.099998,0.557039,,3.441134,,1.114077,
Sample,24/05/2023 10:12,0,,,12508521,14.75675,4017686,1.313172,0.7704,-60.93,0.622004,,3.891214,,1.244008,
Sample,24/05/2023 10:13,0,,,12507655,14.766456,4125702,1.34876,0.9028,-60.709999,0.730882,,4.284735,,1.461764,
Sample,24/05/2023 10:13,0,,,12510007,14.740095,4291399,1.403373,0.7521,-61.159996,0.606955,,4.882833,,1.21391,
Sample,24/05/2023 10:13,0,,,12509849,14.741866,4434103,1.450425,1.0311,-61.279999,0.836389,,5.393964,,1.672778,
Sample,24/05/2023 10:13,0,,,12511193,14.726803,4556183,1.490692,0.7734,-61.259998,0.624471,,5.829056,,1.248942,
Sample,24/05/2023 10:13,0,,,12512087,14.716784,4691283,1.535267,0.8709,-62.490002,0.70465,,6.308746,,1.409299,
Sample,24/05/2023 10:13,0,,,12514305,14.691927,4881916,1.598191,0.7784,-61.190002,0.628583,,6.983136,,1.257165,
Sample,24/05/2023 10:13,0,,,12517086,14.660763,5007358,1.639613,0.8157,-63.07,0.659256,,7.425679,,1.318512,
Sample,24/05/2023 10:13,0,9412750,5.660163,12518288,14.647294,5070422,1.660442,0.7683,-64.559998,0.620277,,7.647862,,1.240554,
Sample,24/05/2023 10:13,0,,,12518775,14.641837,5248299,1.719209,2.0645,-60.190002,1.686199,,8.273662,,3.372399,
Sample,24/05/2023 10:13,0,,,12520253,14.625276,5307536,1.738786,2.477,-60.959999,2.025416,,8.481817,,4.050833,
Sample,24/05/2023 10:13,0,,,12522021,14.605467,5317898,1.74221,2.6509,-56.290001,2.168422,,8.518218,,4.336843,
Sample,24/05/2023 10:13,0,,,12524156,14.581547,5260191,1.723139,0.886,-63.57,0.717067,,8.315459,,1.434134,
Sample,24/05/2023 10:14,0,,,12524175,14.581334,5073365,1.661414,0.7153,-64.440002,0.576693,,7.658227,,1.153386,
Sample,24/05/2023 10:14,0,,,12524532,14.577334,4892997,1.601849,1.0417,-63.079998,0.845106,,7.022263,,1.690212,
Sample,24/05/2023 10:14,0,,,12524038,14.582869,4790253,1.567931,0.7663,-60.909996,0.618632,,6.65918,,1.237265,
Sample,24/05/2023 10:14,0,,,12525080,14.571194,4612424,1.509246,0.8908,-63.120003,0.721014,,6.028953,,1.442028,
Sample,24/05/2023 10:14,0,,,12525992,14.560977,4413781,1.443724,0.6715,-63.629997,0.540674,,5.321358,,1.081348,
Sample,24/05/2023 10:14,0,,,12526390,14.556518,4272787,1.397237,0.8136,-63.029999,0.657529,,4.815927,,1.315058,
Sample,24/05/2023 10:14,0,,,12526481,14.555499,4092201,1.337722,0.7349,-62.18,0.592811,,4.16304,,1.185622,
Sample,24/05/2023 10:14,0,,,12526160,14.559095,3861142,1.261613,0.7659,-62.549999,0.618303,,3.313676,,1.236607,
Sample,24/05/2023 10:14,0,,,12527327,14.546021,3738411,1.221206,0.6793,-62.809998,0.547088,,2.852374,,1.094177,
Sample,24/05/2023 10:14,0,,,12527005,14.549628,3555788,1.161106,0.8726,-63.27,0.706047,,2.143466,,1.412095,
Sample,24/05/2023 10:14,0,,,12526586,14.554322,3396869,1.108831,0.7483,-62.809998,0.60383,,1.487388,,1.20766,
Sample,24/05/2023 10:14,0,,,12527129,14.548239,3292465,1.0745,0.8491,-62.629997,0.686722,,1.018342,,1.373445,
Sample,24/05/2023 10:15,0,,,12527502,14.544061,3214980,1.049028,362.809998,2694.600098,2364.548936,,0.634581,,4729.097656,
Sample,24/05/2023 10:15,0,,,12522931,14.595271,3214779,1.048962,2.3604,2699.300049,2368.521617,,0.633528,,4737.043457,
Sample,24/05/2023 10:15,0,,,12523451,14.589445,3215462,1.049186,0.1529,2683.399902,2355.08186,,0.637103,,4710.163574,
Sample,24/05/2023 10:15,0,9412874,5.660845,12514240,14.692656,3215604,1.049233,10.895,2678.699951,2351.10918,,0.637846,,4702.218262,
Sample,24/05/2023 10:15,0,,,12503883,14.808736,3215935,1.049342,13.011999,2681,2353.053319,,0.639576,,4706.106445,
Sample,24/05/2023 10:15,0,,,12496203,14.894834,3215888,1.049326,14.167,2682,2353.898579,,0.639331,,4707.797363,
Sample,24/05/2023 10:15,0,,,12489177,14.973616,3215865,1.049319,15.216001,2681.399902,2353.391341,,0.639211,,4706.782715,
Sample,24/05/2023 10:15,0,,,12483937,15.032383,3216002,1.049364,16.046,2682.899902,2354.65923,,0.639927,,4709.318359,
Sample,24/05/2023 10:15,0,,,12478316,15.095433,3216224,1.049437,17.063999,2680.800049,2352.884309,,0.641087,,4705.768555,
Sample,24/05/2023 10:15,0,,,12473385,15.150753,3216166,1.049418,17.382,2725.100098,2390.329364,,0.640784,,4780.658691,
Sample,24/05/2023 10:15,0,,,12469987,15.188879,3216222,1.049436,18.834,2682.399902,2354.236601,,0.641076,,4708.473145,
Sample,24/05/2023 10:15,0,,,12467384,15.218088,3216491,1.049525,19.556999,2680.100098,2352.292668,,0.642481,,4704.585449,
Sample,24/05/2023 10:16,0,,,12465331,15.241127,3216471,1.049518,20.289,2679.199951,2351.53181,,0.642377,,4703.063477,
Sample,24/05/2023 10:16,0,,,12463422,15.262552,3216361,1.049482,20.742001,2679.699951,2351.95444,,0.641802,,4703.908691,
Sample,24/05/2023 10:16,0,,,12462827,15.26923,3216479,1.049521,20.853001,2682.199951,2354.06759,,0.642419,,4708.135254,
Sample,24/05/2023 10:16,0,,,12462847,15.269005,3216683,1.049588,21.576,2682.800049,2354.574828,,0.643484,,4709.149414,
Sample,24/05/2023 10:16,0,,,12464108,15.254853,3216566,1.049549,21.726002,2681.899902,2353.813971,,0.642873,,4707.62793,
Sample,24/05/2023 10:16,0,,,12464687,15.248355,3216574,1.049552,22.132,2684.800049,2356.265348,,0.642915,,4712.530762,
Sample,24/05/2023 10:16,0,,,12466340,15.229804,3216846,1.049641,22.126999,2738,2401.233134,,0.644335,,4802.466309,
Sample,24/05/2023 10:16,0,,,12466126,15.232205,3216756,1.049612,22.198002,2709.800049,2377.396846,,0.643865,,4754.793457,
Sample,24/05/2023 10:16,0,,,12466255,15.230758,3216783,1.049621,22.536999,2740.300049,2403.177273,,0.644006,,4806.354492,
Sample,24/05/2023 10:16,0,,,12464905,15.245908,3216808,1.049629,22.706999,-536.700012,18.661436,,0.644136,,37.322872,
Sample,24/05/2023 10:16,0,,,12463455,15.262181,3216883,1.049653,22.630001,-537.200012,18.598117,,0.644528,,37.196236,
Sample,24/05/2023 10:16,0,9412950,5.661262,12462957,15.267771,3217004,1.049693,22.026999,2681.300049,2353.306938,,0.645159,,4706.61377,
Sample,24/05/2023 10:17,0,,,12462090,15.277502,3216923,1.049667,22.168001,2684.300049,2355.842718,,0.644737,,4711.685547,
Sample,24/05/2023 10:17,0,,,12460654,15.293619,3217146,1.04974,22.15,2682.699951,2354.49022,,0.6459,,4708.980469,
Sample,24/05/2023 10:17,0,,,12459683,15.304518,3217047,1.049707,21.975,2681.300049,2353.306938,,0.645384,,4706.61377,
Sample,24/05/2023 10:17,0,,,12458825,15.314149,3217128,1.049734,22.648998,2684.5,2356.011729,,0.645806,,4712.023438,
Sample,24/05/2023 10:17,0,,,12458306,15.319975,3217159,1.049744,22.782,2682.5,2354.321209,,0.645968,,4708.642578,
Sample,24/05/2023 10:17,0,,,12456673,15.338306,3217087,1.04972,22.866001,2682.800049,2354.574828,,0.645592,,4709.149414,
Sample,24/05/2023 10:17,0,,,12456211,15.343493,3217314,1.049795,23.148998,2683.600098,2355.251078,,0.646776,,4710.501953,
Sample,24/05/2023 10:17,0,,,12455434,15.352216,3217210,1.049761,23.123999,2684.100098,2355.673707,,0.646234,,4711.347656,
Sample,24/05/2023 10:17,0,,,12454418,15.363622,3217360,1.04981,23.693998,2681.300049,2353.306938,,0.647016,,4706.61377,
Sample,24/05/2023 10:17,0,,,12453224,15.377027,3217333,1.049801,23.868,2682.600098,2354.405818,,0.646876,,4708.811523,
Sample,24/05/2023 10:17,0,,,12451423,15.397248,3217347,1.049806,23.888,2681,2353.053319,,0.646949,,4706.106445,
Sample,24/05/2023 10:17,0,,,12450989,15.402121,3217402,1.049824,24.228001,2681.800049,2353.729568,,0.647235,,4707.458984,
Sample,24/05/2023 10:18,0,,,12450339,15.409419,3217396,1.049822,24.15,2682,2353.898579,,0.647204,,4707.797363,
Sample,24/05/2023 10:18,0,,,12450936,15.402716,3217545,1.049871,24.716,2684.199951,2355.75811,,0.647981,,4711.516113,
Sample,24/05/2023 10:18,0,,,12451239,15.399314,3217345,1.049805,24.702999,2682.399902,2354.236601,,0.646938,,4708.473145,
Sample,24/05/2023 10:18,0,,,12451618,15.395058,3217621,1.049896,13.636999,2685.199951,2356.60337,,0.648377,,4713.206543,
Sample,24/05/2023 10:18,0,,,12452159,15.388984,3217642,1.049903,12.931999,2683.800049,2355.420088,,0.648487,,4710.840332,
Sample,24/05/2023 10:18,0,,,12455032,15.356729,3217575,1.049881,12.705999,2683.5,2355.166469,,0.648137,,4710.333008,
Sample,24/05/2023 10:18,0,,,12456190,15.343729,3217591,1.049886,12.344999,2684.300049,2355.842718,,0.648221,,4711.685547,
Sample,24/05/2023 10:18,0,9413011,5.661598,12456918,15.335556,3217735,1.049933,12.128,2682.899902,2354.65923,,0.648971,,4709.318359,
Sample,24/05/2023 10:18,0,,,12458304,15.319998,3217540,1.049869,12.138,2681,2353.053319,,0.647955,,4706.106445,
Sample,24/05/2023 10:18,0,,,12460435,15.296077,3217619,1.049895,12.25,2686.5,2357.702249,,0.648367,,4715.404297,
Sample,24/05/2023 10:18,0,,,12462483,15.273091,3217571,1.04988,12.322,2686.699951,2357.871259,,0.648116,,4715.742676,
Sample,24/05/2023 10:18,0,,,12463152,15.265582,3217730,1.049932,12.309,2684.800049,2356.265348,,0.648945,,4712.530762,
Sample,24/05/2023 10:19,0,,,12463622,15.260307,3217651,1.049906,12.575999,2684.600098,2356.096337,,0.648533,,4712.192871,
Sample,24/05/2023 10:19,0,,,12464467,15.250824,3217554,1.049874,12.594999,2681.199951,2353.22233,,0.648028,,4706.444824,
Sample,24/05/2023 10:19,0,,,12465193,15.242676,3217641,1.049903,12.788,2683.800049,2355.420088,,0.648481,,4710.840332,
Sample,24/05/2023 10:19,0,,,12463766,15.258691,3217721,1.049929,13.014,2683.899902,2355.50449,,0.648898,,4711.008789,
Sample,24/05/2023 10:19,0,,,12462904,15.268366,3217649,1.049905,13.136,2682.699951,2354.49022,,0.648523,,4708.980469,
Sample,24/05/2023 10:19,0,,,12463456,15.26217,3217665,1.04991,13.171,2683.399902,2355.08186,,0.648606,,4710.163574,
Sample,24/05/2023 10:19,0,,,12464051,15.255492,3217799,1.049955,13.339,2683.399902,2355.08186,,0.649305,,4710.163574,
Sample,24/05/2023 10:19,0,,,12464716,15.248029,3217746,1.049937,13.657,2684.199951,2355.75811,,0.649029,,4711.516113,
Sample,24/05/2023 10:19,0,,,12464989,15.244965,3217700,1.049922,13.704,2683.5,2355.166469,,0.648789,,4710.333008,
Sample,24/05/2023 10:19,0,,,12465775,15.236144,3217777,1.049947,13.869,2685.699951,2357.025999,,0.64919,,4714.051758,
Sample,24/05/2023 10:19,0,,,12466526,15.227717,3217849,1.049971,13.929001,2683.699951,2355.33548,,0.649565,,4710.670898,
Sample,24/05/2023 10:19,0,,,12466605,15.22683,3217676,1.049914,13.964,2685.199951,2356.60337,,0.648664,,4713.206543,
Sample,24/05/2023 10:20,0,,,12466492,15.228098,3217878,1.04998,14.031,2684.100098,2355.673707,,0.649716,,4711.347656,
Sample,24/05/2023 10:20,0,,,12466452,15.228547,3217760,1.049942,14.347,2682.199951,2354.06759,,0.649102,,4708.135254,
Sample,24/05/2023 10:20,0,,,12467226,15.219861,3217844,1.049969,13.99,2686.199951,2357.448629,,0.649539,,4714.897461,
Sample,24/05/2023 10:20,0,9413052,5.661823,12468220,15.208707,3217767,1.049944,14.256999,2683,2354.743839,,0.649138,,4709.487793,
Sample,24/05/2023 10:20,0,,,12469297,15.196622,3217674,1.049913,14.559,2684.699951,2356.18074,,0.648653,,4712.361328,
Sample,24/05/2023 10:20,0,,,12470505,15.183067,3217760,1.049942,14.435,2684.300049,2355.842718,,0.649102,,4711.685547,
Sample,24/05/2023 10:20,0,,,12470268,15.185726,3217862,1.049975,14.481,2684.699951,2356.18074,,0.649633,,4712.361328,
Sample,24/05/2023 10:20,0,,,12470155,15.186994,3217919,1.049994,14.654001,2685.600098,2356.941597,,0.64993,,4713.883301,
Sample,24/05/2023 10:20,0,,,12470073,15.187914,3217691,1.049919,14.785001,2683.600098,2355.251078,,0.648742,,4710.501953,
Sample,24/05/2023 10:20,0,,,12470653,15.181406,3217885,1.049983,14.92,2682.399902,2354.236601,,0.649753,,4708.473145,
Sample,24/05/2023 10:20,0,,,12471315,15.173978,3217787,1.049951,14.941,2682.300049,2354.152198,,0.649242,,4708.304199,
Sample,24/05/2023 10:20,0,,,12471476,15.172172,3217884,1.049982,14.956999,2685.199951,2356.60337,,0.649748,,4713.206543,
Sample,24/05/2023 10:21,0,,,12471535,15.17151,3217966,1.050009,15.13,2684.199951,2355.75811,,0.650175,,4711.516113,
Sample,24/05/2023 10:21,0,,,12471828,15.168222,3217885,1.049983,15.431,2683.100098,2354.828448,,0.649753,,4709.656738,
Sample,24/05/2023 10:21,0,,,12472388,15.161939,3217929,1.049997,15.319,2684.699951,2356.18074,,0.649982,,4712.361328,
Sample,24/05/2023 10:21,0,,,12473132,15.153591,3218011,1.050024,15.445999,2683.600098,2355.251078,,0.650409,,4710.501953,
Sample,24/05/2023 10:21,0,,,12473920,15.14475,3218119,1.05006,15.589,2683.800049,2355.420088,,0.650972,,4710.840332,
Sample,24/05/2023 10:21,0,,,12474475,15.138524,3217904,1.049989,15.498001,2683,2354.743839,,0.649852,,4709.487793,
Sample,24/05/2023 10:21,0,,,12474604,15.137076,3218139,1.050066,15.414999,2684.300049,2355.842718,,0.651076,,4711.685547,
Sample,24/05/2023 10:21,0,,,12474439,15.138927,3217971,1.050011,15.591001,2685.399902,2356.77238,,0.650201,,4713.544922,
Sample,24/05/2023 10:21,0,,,12474984,15.132813,3218069,1.050043,15.424001,2683,2354.743839,,0.650712,,4709.487793,
Sample,24/05/2023 10:21,0,,,12475511,15.126901,3218217,1.050092,14.969,2684.600098,2356.096337,,0.651482,,4712.192871,
Sample,24/05/2023 10:21,0,,,12475438,15.12772,3218086,1.050049,14.972,2686.5,2357.702249,,0.6508,,4715.404297,
Sample,24/05/2023 10:21,0,9413067,5.661906,12475518,15.126822,3218227,1.050095,15.147,2683.5,2355.166469,,0.651534,,4710.333008,
Sample,24/05/2023 10:22,0,,,12475445,15.127641,3218163,1.050074,14.945,2684.399902,2355.92712,,0.651201,,4711.854004,
Sample,24/05/2023 10:22,0,,,12475547,15.126497,3218180,1.05008,15.075,2684.300049,2355.842718,,0.65129,,4711.685547,
Sample,24/05/2023 10:22,0,,,12475495,15.12708,3218212,1.05009,14.950999,2684.100098,2355.673707,,0.651456,,4711.347656,
Sample,24/05/2023 10:22,0,,,12475835,15.123266,3218116,1.050059,14.92,2685.800049,2357.110608,,0.650956,,4714.221191,
Sample,24/05/2023 10:22,0,,,12476044,15.120921,3218307,1.050121,14.855,2684.5,2356.011729,,0.651951,,4712.023438,
Sample,24/05/2023 10:22,0,,,12476364,15.117331,3218125,1.050062,14.747,2684.5,2356.011729,,0.651003,,4712.023438,
Sample,24/05/2023 10:22,0,,,12477130,15.108738,3218221,1.050093,14.910001,2682.600098,2354.405818,,0.651503,,4708.811523,
Sample,24/05/2023 10:22,0,,,12478136,15.097452,3218173,1.050077,15.700999,2683.699951,2355.33548,,0.651253,,4710.670898,
Sample,24/05/2023 10:22,0,,,12479768,15.079145,3218254,1.050104,15.335001,2684.399902,2355.92712,,0.651675,,4711.854004,
Sample,24/05/2023 10:22,0,,,12480955,15.065831,3218423,1.05016,15.418001,2683.5,2355.166469,,0.652555,,4710.333008,
Sample,24/05/2023 10:22,0,,,12481574,15.058887,3218276,1.050111,15.606,2684.800049,2356.265348,,0.65179,,4712.530762,
Sample,24/05/2023 10:22,0,,,12482381,15.049836,3218392,1.050149,15.658999,2683.800049,2355.420088,,0.652394,,4710.840332,
Sample,24/05/2023 10:23,0,,,12483597,15.036197,3218197,1.050085,15.601,2686.399902,2357.61764,,0.651378,,4715.235352,
Sample,24/05/2023 10:23,0,,,12484817,15.022513,3218318,1.050125,15.6,2685.100098,2356.518967,,0.652008,,4713.038086,
Sample,24/05/2023 10:23,0,,,12485214,15.018061,3218266,1.050108,15.805,2684.899902,2356.34975,,0.651737,,4712.699707,
Sample,24/05/2023 10:23,0,,,12486257,15.006363,3218269,1.050109,15.631,2684.699951,2356.18074,,0.651753,,4712.361328,
Sample,24/05/2023 10:23,0,,,12486547,15.003111,3218304,1.050121,15.875,2684.600098,2356.096337,,0.651935,,4712.192871,
Sample,24/05/2023 10:23,0,,,12487083,14.9971,3218420,1.050159,15.843,2686.199951,2357.448629,,0.652539,,4714.897461,
Sample,24/05/2023 10:23,0,,,12487631,14.990954,3218431,1.050162,16.034,2684.899902,2356.34975,,0.652597,,4712.699707,
Sample,24/05/2023 10:23,0,9413080,5.661977,12488749,14.978416,3218396,1.050151,15.816999,2684.5,2356.011729,,0.652414,,4712.023438,
Sample,24/05/2023 10:23,0,,,12488126,14.985403,3218347,1.050135,15.712,2684.899902,2356.34975,,0.652159,,4712.699707,
Sample,24/05/2023 10:23,0,,,12487803,14.989025,3218345,1.050134,15.643001,2684.600098,2356.096337,,0.652149,,4712.192871,
Sample,24/05/2023 10:23,0,,,12488055,14.986199,3218435,1.050164,15.575999,2686.199951,2357.448629,,0.652617,,4714.897461,
Sample,24/05/2023 10:23,0,,,12487485,14.992591,3218368,1.050142,14.587,2699.100098,2368.352606,,0.652269,,4736.705078,
Sample,24/05/2023 10:24,0,,,12487518,14.992221,3218482,1.050179,15.804001,2685.899902,2357.19501,,0.652862,,4714.390137,
Sample,24/05/2023 10:24,0,,,12489031,14.975254,3218452,1.050169,15.725,2684.600098,2356.096337,,0.652706,,4712.192871,
Sample,24/05/2023 10:24,0,,,12490233,14.961774,3218502,1.050186,15.913,2684.699951,2356.18074,,0.652966,,4712.361328,
Sample,24/05/2023 10:24,0,,,12491479,14.947802,3218514,1.05019,15.861,2683.600098,2355.251078,,0.653029,,4710.501953,
Sample,24/05/2023 10:24,0,,,12492422,14.937228,3218515,1.05019,13.94,2704,2372.494297,,0.653034,,4744.98877,
Sample,24/05/2023 10:24,0,,,12492129,14.940514,3218538,1.050197,15.655001,2694.100098,2364.126307,,0.653154,,4728.252441,
Sample,24/05/2023 10:24,0,,,12491242,14.95046,3218495,1.050183,15.675,2695.100098,2364.971566,,0.65293,,4729.943359,
Sample,24/05/2023 10:24,0,,,12492496,14.936398,3218547,1.0502,15.795,2684.800049,2356.265348,,0.6532,,4712.530762,
Sample,24/05/2023 10:24,0,,,12493477,14.925399,3218443,1.050166,15.719,2684.300049,2355.842718,,0.652659,,4711.685547,
Sample,24/05/2023 10:24,0,,,12494127,14.91811,3218514,1.05019,15.356,2684.199951,2355.75811,,0.653029,,4711.516113,
Sample,24/05/2023 10:24,0,,,12494516,14.913749,3218705,1.050252,15.506,2685.300049,2356.687978,,0.654023,,4713.375977,
Sample,24/05/2023 10:24,0,,,12494968,14.908681,3218496,1.050184,15.653,2687.5,2358.547509,,0.652935,,4717.095215,
Sample,24/05/2023 10:25,0,,,12493838,14.921351,3218536,1.050197,15.749001,2686.5,2357.702249,,0.653143,,4715.404297,
Sample,24/05/2023 10:25,0,,,12491120,14.951828,3218657,1.050237,15.921,2685.300049,2356.687978,,0.653773,,4713.375977,
Sample,24/05/2023 10:25,0,,,12490004,14.964342,3218445,1.050167,16.117001,2687.5,2358.547509,,0.652669,,4717.095215,
Sample,24/05/2023 10:25,0,9413073,5.661939,12489953,14.964914,3218553,1.050202,15.947001,2683.800049,2355.420088,,0.653232,,4710.840332,
Sample,24/05/2023 10:25,0,,,12490241,14.961685,3218651,1.050235,15.938001,2686.5,2357.702249,,0.653742,,4715.404297,
Sample,24/05/2023 10:25,0,,,12488148,14.985156,3218529,1.050194,16.025,2705.399902,2373.677578,,0.653107,,4747.35498,
Sample,24/05/2023 10:25,0,,,12486359,15.005219,3218590,1.050215,16.076,2707.899902,2375.790728,,0.653424,,4751.581543,
Sample,24/05/2023 10:25,0,,,12484438,15.026764,3218604,1.050219,14.754001,2688.800049,2359.646388,,0.653497,,4719.292969,
Sample,24/05/2023 10:25,0,,,12482927,15.043711,3218606,1.05022,15.939,2686.699951,2357.871259,,0.653507,,4715.742676,
Sample,24/05/2023 10:25,0,,,12481190,15.063195,3218686,1.050246,16.124001,2705.5,2373.762187,,0.653924,,4747.524414,
Sample,24/05/2023 10:25,0,,,12481850,15.055791,3218459,1.050171,15.881999,2685.899902,2357.19501,,0.652742,,4714.390137,
Sample,24/05/2023 10:25,0,,,12483598,15.036185,3218481,1.050179,16.018002,2686.699951,2357.871259,,0.652857,,4715.742676,
Sample,24/05/2023 10:26,0,,,12483261,15.039965,3218513,1.050189,15.94,2692,2362.351178,,0.653023,,4724.702148,
Sample,24/05/2023 10:26,0,,,12478551,15.092797,3218392,1.050149,16.16,2688.600098,2359.477377,,0.652394,,4718.95459,
Sample,24/05/2023 10:26,0,,,12475151,15.130939,3218539,1.050198,16.245998,2690.300049,2360.914278,,0.653159,,4721.828613,
Sample,24/05/2023 10:26,0,,,12473338,15.15128,3218615,1.050223,16.098001,2685,2356.434359,,0.653554,,4712.868652,
Sample,24/05/2023 10:26,0,,,12471377,15.173282,3218587,1.050214,16.341999,2685.800049,2357.110608,,0.653409,,4714.221191,
Sample,24/05/2023 10:26,0,,,12469754,15.191494,3218680,1.050244,16.089001,2685.800049,2357.110608,,0.653893,,4714.221191,
Sample,24/05/2023 10:26,0,,,12467402,15.217886,3218693,1.050248,16.841999,2684,2355.589099,,0.65396,,4711.178223,
Sample,24/05/2023 10:26,0,,,12465811,15.23574,3218805,1.050285,17.48,2687.100098,2358.209487,,0.654543,,4716.418945,
Sample,24/05/2023 10:26,0,,,12464224,15.253551,3218658,1.050237,17.035,2687.5,2358.547509,,0.653778,,4717.095215,
Sample,24/05/2023 10:26,0,,,12462349,15.274595,3218599,1.050217,17.046,2689.399902,2360.15342,,0.653471,,4720.306641,
Sample,24/05/2023 10:26,0,,,12460982,15.289938,3218678,1.050243,16.999001,2688,2358.970139,,0.653882,,4717.94043,
Sample,24/05/2023 10:26,0,9413075,5.66195,12459782,15.303407,3218654,1.050236,16.886999,2686.800049,2357.955868,,0.653757,,4715.911621,
Sample,24/05/2023 10:27,0,,,12459243,15.309457,3218883,1.050311,17.293001,2684.699951,2356.18074,,0.654949,,4712.361328,
Sample,24/05/2023 10:27,0,,,12458705,15.315496,3218709,1.050254,17.683001,2684.600098,2356.096337,,0.654043,,4712.192871,
Sample,24/05/2023 10:27,0,,,12457298,15.33129,3218716,1.050256,17.658001,2687.600098,2358.632117,,0.65408,,4717.26416,
Sample,24/05/2023 10:27,0,,,12456440,15.340922,3218796,1.050282,17.791,2685.899902,2357.19501,,0.654496,,4714.390137,
Sample,24/05/2023 10:27,0,,,12455990,15.345974,3218761,1.050271,18.299,2687.5,2358.547509,,0.654314,,4717.095215,
Sample,24/05/2023 10:27,0,,,12454242,15.365598,3218770,1.050274,17.868999,2686.199951,2357.448629,,0.654361,,4714.897461,
Sample,24/05/2023 10:27,0,,,12453134,15.378037,3218815,1.050288,18.330999,2686.399902,2357.61764,,0.654595,,4715.235352,
Sample,24/05/2023 10:27,0,,,12451666,15.394519,3218757,1.050269,18.205,2686,2357.279619,,0.654293,,4714.559082,
Sample,24/05/2023 10:27,0,,,12450491,15.407712,3218899,1.050316,18.49,2684.600098,2356.096337,,0.655032,,4712.192871,
Sample,24/05/2023 10:27,0,,,12449492,15.41893,3218911,1.05032,18.32,2688,2358.970139,,0.655094,,4717.94043,
Sample,24/05/2023 10:27,0,,,12448489,15.430192,3218764,1.050272,18.6,2686.800049,2357.955868,,0.65433,,4715.911621,
Sample,24/05/2023 10:27,0,,,12448034,15.435302,3218762,1.050271,19.115,2686.899902,2358.04027,,0.654319,,4716.080566,
Sample,24/05/2023 10:28,0,,,12447225,15.444386,3218743,1.050265,18.799999,2686.699951,2357.871259,,0.65422,,4715.742676,
Sample,24/05/2023 10:28,0,,,12446377,15.453909,3218812,1.050287,18.507,2688.100098,2359.054747,,0.654579,,4718.109375,
Sample,24/05/2023 10:28,0,,,12446175,15.456178,3218754,1.050268,19.176998,2688,2358.970139,,0.654278,,4717.94043,
Sample,24/05/2023 10:28,0,,,12444948,15.469957,3218820,1.05029,18.896,2685.899902,2357.19501,,0.654621,,4714.390137,
Sample,24/05/2023 10:28,0,,,12444275,15.477515,3218828,1.050293,19.033001,2687.800049,2358.801128,,0.654663,,4717.602051,
Sample,24/05/2023 10:28,0,,,12443802,15.482828,3218855,1.050302,19.226,2686.300049,2357.533238,,0.654803,,4715.066406,
Sample,24/05/2023 10:28,0,,,12443417,15.487152,3218891,1.050313,19.478001,2687.5,2358.547509,,0.65499,,4717.095215,
Sample,24/05/2023 10:28,0,9413067,5.661906,12442662,15.495631,3218808,1.050286,18.981998,2688.300049,2359.223758,,0.654559,,4718.447754,
Sample,24/05/2023 10:28,0,,,12442474,15.497743,3218908,1.050319,19.382999,2686.5,2357.702249,,0.655079,,4715.404297,
Sample,24/05/2023 10:28,0,,,12441691,15.506537,3218806,1.050286,19.389999,2687.300049,2358.378498,,0.654548,,4716.756836,
Sample,24/05/2023 10:28,0,,,12440793,15.516624,3218997,1.050348,19.643002,2686.5,2357.702249,,0.655542,,4715.404297,
Sample,24/05/2023 10:28,0,,,12440179,15.523521,3218965,1.050338,20.073002,2688.699951,2359.561779,,0.655375,,4719.123535,
Sample,24/05/2023 10:29,0,,,12439383,15.532462,3218873,1.050308,19.493,2685.199951,2356.60337,,0.654897,,4713.206543,
Sample,24/05/2023 10:29,0,,,12439373,15.532574,3218929,1.050326,19.601999,2687.300049,2358.378498,,0.655188,,4716.756836,
Sample,24/05/2023 10:29,0,,,12439718,15.528699,3218899,1.050316,20.433001,2688.5,2359.392769,,0.655032,,4718.785645,
Sample,24/05/2023 10:29,0,,,12439728,15.528587,3218943,1.050331,19.708,2687.600098,2358.632117,,0.655261,,4717.26416,
Sample,24/05/2023 10:29,0,,,12439464,15.531552,3218884,1.050311,20.507,2689.699951,2360.407039,,0.654954,,4720.813965,
Sample,24/05/2023 10:29,0,,,12438963,15.53718,3218853,1.050301,20.773998,2688.600098,2359.477377,,0.654793,,4718.95459,
Sample,24/05/2023 10:29,0,,,12438457,15.542864,3218763,1.050271,20.16,2689.699951,2360.407039,,0.654324,,4720.813965,
Sample,24/05/2023 10:29,0,,,12437888,15.549256,3218865,1.050305,21.572001,2689.699951,2360.407039,,0.654855,,4720.813965,
Sample,24/05/2023 10:29,0,,,12437054,15.558624,3218755,1.050269,21.337,2688.5,2359.392769,,0.654283,,4718.785645,
Sample,24/05/2023 10:29,0,,,12436566,15.564107,3218810,1.050287,21.731998,2689.899902,2360.57605,,0.654569,,4721.152344,
Sample,24/05/2023 10:29,0,,,12435916,15.571409,3218906,1.050318,21.879,2689.100098,2359.900007,,0.655068,,4719.799805,
Sample,24/05/2023 10:29,0,,,12434294,15.589632,3219066,1.050371,21.216999,2690.600098,2361.167897,,0.655901,,4722.335938,
Sample,24/05/2023 10:30,0,,,12433255,15.601305,3218951,1.050333,22.712,2691.199951,2361.674929,,0.655302,,4723.350098,
Sample,24/05/2023 10:30,0,,,12432601,15.608653,3218741,1.050264,22.358,2693.199951,2363.365449,,0.65421,,4726.730957,
Sample,24/05/2023 10:30,0,,,12430913,15.62762,3218909,1.050319,22.435001,2690.5,2361.083288,,0.655084,,4722.166504,
Sample,24/05/2023 10:30,0,9413061,5.661873,12430262,15.634935,3218718,1.050257,22.809,2692.300049,2362.604797,,0.65409,,4725.209473,
Sample,24/05/2023 10:30,0,,,12430194,15.635699,3218765,1.050272,23.405001,2692.800049,2363.027427,,0.654335,,4726.054688,
Sample,24/05/2023 10:30,0,,,12430097,15.636789,3218757,1.050269,24.460001,2690.800049,2361.336908,,0.654293,,4722.673828,
Sample,24/05/2023 10:30,0,,,12430028,15.637564,3218849,1.0503,24.343,2691.300049,2361.759538,,0.654772,,4723.519043,
Sample,24/05/2023 10:30,0,,,12429808,15.640037,3218985,1.050344,24.847,2691.199951,2361.674929,,0.655479,,4723.350098,
Sample,24/05/2023 10:30,0,,,12429209,15.646768,3218945,1.050331,25.001999,2692.399902,2362.6892,,0.655271,,4725.378418,
Sample,24/05/2023 10:30,0,,,12428005,15.660298,3218897,1.050315,26.202999,2692.199951,2362.520189,,0.655022,,4725.040527,
Sample,24/05/2023 10:30,0,,,12426965,15.671985,3218871,1.050307,26.591,2691.5,2361.928548,,0.654886,,4723.856934,
Sample,24/05/2023 10:30,0,,,12426406,15.678267,3218919,1.050323,27.278,2692.300049,2362.604797,,0.655136,,4725.209473,
Sample,24/05/2023 10:31,0,,,12426508,15.677121,3218853,1.050301,26.908001,2694.300049,2364.295317,,0.654793,,4728.59082,
Sample,24/05/2023 10:31,0,,,12424471,15.700015,3218686,1.050246,28.113998,2693.600098,2363.703677,,0.653924,,4727.407227,
Sample,24/05/2023 10:31,0,,,12424215,15.702892,3218628,1.050227,28.426998,2693.899902,2363.957089,,0.653622,,4727.914062,
Sample,24/05/2023 10:31,0,,,12424602,15.698542,3218876,1.050309,28.878998,2692,2362.351178,,0.654912,,4724.702148,
Sample,24/05/2023 10:31,0,,,12424873,15.695497,3218765,1.050272,28.933002,2696.399902,2366.070239,,0.654335,,4732.140625,
Sample,24/05/2023 10:31,0,,,12424214,15.702903,3218819,1.05029,30.396002,2695.399902,2365.224979,,0.654616,,4730.450195,
Sample,24/05/2023 10:31,0,,,12423373,15.712356,3218728,1.05026,30.483999,2695.5,2365.309588,,0.654142,,4730.619141,
Sample,24/05/2023 10:31,0,,,12422519,15.721955,3218691,1.050248,31.353998,2695.699951,2365.478599,,0.65395,,4730.957031,
Sample,24/05/2023 10:31,0,,,12422607,15.720966,3218755,1.050269,31.73,2694.300049,2364.295317,,0.654283,,4728.59082,
Sample,24/05/2023 10:31,0,,,12422445,15.722787,3218720,1.050257,32.049999,2692.5,2362.773808,,0.654101,,4725.547852,
Sample,24/05/2023 10:31,0,,,12421745,15.730655,3218789,1.05028,34.003998,2691.5,2361.928548,,0.65446,,4723.856934,
Sample,24/05/2023 10:31,0,9413044,5.661779,12421588,15.73242,3218692,1.050248,32.188,2694.5,2364.464328,,0.653955,,4728.928711,
Sample,24/05/2023 10:32,0,,,12421190,15.736894,3218605,1.050219,35.045002,2692.5,2362.773808,,0.653502,,4725.547852,
Sample,24/05/2023 10:32,0,,,12421138,15.737478,3218677,1.050243,33.950001,2694,2364.041698,,0.653877,,4728.083496,
Sample,24/05/2023 10:32,0,,,12420343,15.746415,3218694,1.050249,34.386002,2694.199951,2364.210709,,0.653965,,4728.421387,
Sample,24/05/2023 10:32,0,,,12420211,15.747899,3218706,1.050253,34.629997,2695.600098,2365.394196,,0.654028,,4730.788574,
Sample,24/05/2023 10:32,0,,,12420050,15.749709,3218626,1.050226,35.486,2697.100098,2366.662086,,0.653612,,4733.324219,
Sample,24/05/2023 10:32,0,,,12419771,15.752845,3218704,1.050252,38.036003,2692.899902,2363.11183,,0.654017,,4726.223633,
Sample,24/05/2023 10:32,0,,,12419791,15.75262,3218591,1.050215,37.709,2693.199951,2363.365449,,0.653429,,4726.730957,
Sample,24/05/2023 10:32,0,,,12420203,15.747989,3218660,1.050238,37.463997,2694.600098,2364.548936,,0.653788,,4729.097656,
Sample,24/05/2023 10:32,0,,,12420629,15.7432,3218711,1.050254,38.296001,2693.899902,2363.957089,,0.654054,,4727.914062,
Sample,24/05/2023 10:32,0,,,12420033,15.7499,3218572,1.050209,38.319,2694.899902,2364.802349,,0.65333,,4729.604492,
Sample,24/05/2023 10:32,0,,,12418601,15.765998,3218627,1.050227,37.667,2694.5,2364.464328,,0.653617,,4728.928711,
Sample,24/05/2023 10:32,0,,,12417664,15.776532,3218648,1.050234,36.514,2695.399902,2365.224979,,0.653726,,4730.450195,
Sample,24/05/2023 10:33,0,,,12417727,15.775824,3218581,1.050212,39.151001,2696.300049,2365.985837,,0.653377,,4731.97168,
Sample,24/05/2023 10:33,0,,,12417534,15.777993,3218613,1.050222,36.344002,2697.800049,2367.253727,,0.653544,,4734.507324,
Sample,24/05/2023 10:33,0,,,12417737,15.775711,3218577,1.05021,40.09,2696.899902,2366.492869,,0.653357,,4732.98584,
Sample,24/05/2023 10:33,0,,,12417392,15.77959,3218512,1.050189,38.597,2697.100098,2366.662086,,0.653018,,4733.324219,
Sample,24/05/2023 10:33,0,,,12416965,15.784391,3218479,1.050178,40.161003,2697.399902,2366.915499,,0.652846,,4733.831055,
Sample,24/05/2023 10:33,0,,,12417082,15.783075,3218600,1.050218,39.489998,2696,2365.732218,,0.653476,,4731.464355,
Sample,24/05/2023 10:33,0,,,12417284,15.780804,3218556,1.050203,43.007999,2697.899902,2367.338129,,0.653247,,4734.67627,
Sample,24/05/2023 10:33,0,9413022,5.661658,12416790,15.786358,3218530,1.050195,43.831001,2696.800049,2366.408467,,0.653112,,4732.816895,
Sample,24/05/2023 10:33,0,,,12415530,15.800525,3218534,1.050196,40.523998,2696.199951,2365.901228,,0.653133,,4731.802246,
Sample,24/05/2023 10:33,0,,,12413478,15.823597,3218561,1.050205,41.135002,2696.100098,2365.816826,,0.653273,,4731.633789,
Sample,24/05/2023 10:33,0,,,12411344,15.847594,3218520,1.050192,43.148998,2694.800049,2364.717947,,0.65306,,4729.436035,
Sample,24/05/2023 10:33,0,,,12409804,15.864912,3218540,1.050198,42.407001,2693.5,2363.619068,,0.653164,,4727.238281,
Sample,24/05/2023 10:34,0,,,12411200,15.849213,3218492,1.050182,44.573997,2695.199951,2365.055969,,0.652914,,4730.111816,
Sample,24/05/2023 10:34,0,,,12411349,15.847538,3218572,1.050209,43.881001,2695.5,2365.309588,,0.65333,,4730.619141,
Sample,24/05/2023 10:34,0,,,12410944,15.852092,3218401,1.050152,43.750999,2695.5,2365.309588,,0.65244,,4730.619141,
Sample,24/05/2023 10:34,0,,,12408894,15.875147,3218441,1.050166,43.662998,2696,2365.732218,,0.652649,,4731.464355,
Sample,24/05/2023 10:34,0,,,12407131,15.894975,3218558,1.050204,44.912998,2696.399902,2366.070239,,0.653258,,4732.140625,
Sample,24/05/2023 10:34,0,,,12405546,15.912803,3220439,1.050822,43.305,2696.5,2366.154848,,0.663033,,4732.30957,
Sample,24/05/2023 10:34,0,,,12404809,15.921093,3218291,1.050116,43.181,2694.399902,2364.379719,,0.651868,,4728.759277,
Sample,24/05/2023 10:34,0,,,12404342,15.926346,3218233,1.050097,41.015999,2694.300049,2364.295317,,0.651566,,4728.59082,
Sample,24/05/2023 10:34,0,,,12404281,15.927032,3218346,1.050134,44.477997,2695.899902,2365.647609,,0.652154,,4731.29541,
Sample,24/05/2023 10:34,0,,,12404273,15.927122,3218360,1.050139,42.334,2695.899902,2365.647609,,0.652227,,4731.29541,
Sample,24/05/2023 10:34,0,,,12404575,15.923725,3218372,1.050143,45.799999,2695.699951,2365.478599,,0.652289,,4730.957031,
Sample,24/05/2023 10:34,0,,,12404505,15.924513,3218467,1.050174,44.757999,2695.899902,2365.647609,,0.652784,,4731.29541,
Sample,24/05/2023 10:35,0,,,12403246,15.938675,3218463,1.050173,44.84,2696,2365.732218,,0.652763,,4731.464355,
Sample,24/05/2023 10:35,0,,,12402095,15.951624,3218358,1.050138,42.765999,2698.300049,2367.676357,,0.652217,,4735.352539,
Sample,24/05/2023 10:35,0,,,12401813,15.954796,3218302,1.05012,44.847004,2695.899902,2365.647609,,0.651925,,4731.29541,
Sample,24/05/2023 10:35,0,9412998,5.661526,12400875,15.965349,3218313,1.050123,44.612999,2692.800049,2363.027427,,0.651982,,4726.054688,
Sample,24/05/2023 10:35,0,,,12399833,15.977072,3218435,1.050164,43.052998,2697.899902,2367.338129,,0.652617,,4734.67627,
Sample,24/05/2023 10:35,0,,,12398836,15.98829,3218330,1.050129,44.576,2694,2364.041698,,0.652071,,4728.083496,
Sample,24/05/2023 10:35,0,,,12397656,16.001567,3218367,1.050141,42.98,2695.300049,2365.140577,,0.652263,,4730.28125,
Sample,24/05/2023 10:35,0,,,12397309,16.005471,3218381,1.050146,43.247002,2695.199951,2365.055969,,0.652336,,4730.111816,
Sample,24/05/2023 10:35,0,,,12396579,16.013686,3218194,1.050084,42.243,2695.300049,2365.140577,,0.651363,,4730.28125,
Sample,24/05/2023 10:35,0,,,12395320,16.027853,3218360,1.050139,42.832001,2697.800049,2367.253727,,0.652227,,4734.507324,
Sample,24/05/2023 10:35,0,,,12394117,16.041391,3218378,1.050145,43.459,2697.100098,2366.662086,,0.652321,,4733.324219,
Sample,24/05/2023 10:35,0,,,12392772,16.056528,3218328,1.050128,43.427002,2698,2367.422738,,0.65206,,4734.845703,
Sample,24/05/2023 10:36,0,,,12392146,16.063574,3218387,1.050148,42.413998,2697.600098,2367.084716,,0.652367,,4734.169434,
Sample,24/05/2023 10:36,0,,,12390945,16.077091,3218364,1.05014,41.855,2697.800049,2367.253727,,0.652248,,4734.507324,
Sample,24/05/2023 10:36,0,,,12390143,16.086118,3218250,1.050103,41.045002,2696,2365.732218,,0.651654,,4731.464355,
Sample,24/05/2023 10:36,0,,,12390332,16.083991,3218205,1.050088,41.121002,2699.199951,2368.437008,,0.65142,,4736.874023,
Sample,24/05/2023 10:36,0,,,12391151,16.074772,3218243,1.0501,41.142998,2697.699951,2367.169118,,0.651618,,4734.338379,
Sample,24/05/2023 10:36,0,,,12390126,16.08631,3218173,1.050077,41.207001,2699.800049,2368.944247,,0.651253,,4737.888672,
Sample,24/05/2023 10:36,0,,,12389186,16.09689,3218204,1.050088,41.537998,2698.399902,2367.760759,,0.651415,,4735.521484,
Sample,24/05/2023 10:36,0,,,12388905,16.100053,3218104,1.050055,39.713001,2700.100098,2369.197866,,0.650894,,4738.395508,
Sample,24/05/2023 10:36,0,,,12386894,16.122691,3218212,1.05009,39.84,2698.100098,2367.507346,,0.651456,,4735.014648,
Sample,24/05/2023 10:36,0,,,12385471,16.138711,3218096,1.050052,39.038002,2697.5,2367.000108,,0.650852,,4734,
Sample,24/05/2023 10:36,0,,,12385130,16.142551,3218150,1.05007,39.116001,2698.600098,2367.929976,,0.651133,,4735.859863,
Sample,24/05/2023 10:36,0,9412968,5.661361,12384753,16.146795,3218129,1.050063,39.466,2698,2367.422738,,0.651024,,4734.845703,
Sample,24/05/2023 10:37,0,,,12385330,16.140299,3218074,1.050045,38.667,2698.199951,2367.591748,,0.650738,,4735.183594,
Sample,24/05/2023 10:37,0,,,12384694,16.147459,3218130,1.050063,37.361,2699.600098,2368.775236,,0.651029,,4737.550293,
Sample,24/05/2023 10:37,0,,,12384906,16.145072,3218063,1.050041,38.616001,2700.600098,2369.620496,,0.65068,,4739.241211,
Sample,24/05/2023 10:37,0,,,12385399,16.139522,3217979,1.050014,36.998001,2700,2369.113257,,0.650243,,4738.226562,
Sample,24/05/2023 10:37,0,,,12385609,16.137158,3218153,1.050071,37.597,2701,2369.958517,,0.651149,,4739.916992,
Sample,24/05/2023 10:37,0,,,12386189,16.130628,3218064,1.050042,36.288998,2700.300049,2369.366877,,0.650685,,4738.733887,
Sample,24/05/2023 10:37,0,,,12386381,16.128467,3217952,1.050005,36.59,2701,2369.958517,,0.650102,,4739.916992,
Sample,24/05/2023 10:37,0,,,12384074,16.15444,3218143,1.050068,35.973,2701.199951,2370.127528,,0.651097,,4740.254883,
Sample,24/05/2023 10:37,0,,,12382838,16.168356,3218011,1.050024,35.253998,2700.600098,2369.620496,,0.650409,,4739.241211,
Sample,24/05/2023 10:37,0,,,12382007,16.177713,3217977,1.050013,34.959,2699.600098,2368.775236,,0.650232,,4737.550293,
Sample,24/05/2023 10:37,0,,,12380651,16.192983,3217907,1.04999,34.258003,2698.300049,2367.676357,,0.649868,,4735.352539,
Sample,24/05/2023 10:37,0,,,12380092,16.199277,3218000,1.050021,33.786999,2699,2368.267998,,0.650352,,4736.536133,
Sample,24/05/2023 10:38,0,,,12378530,16.216868,3217962,1.050008,33.491997,2698,2367.422738,,0.650154,,4734.845703,
Sample,24/05/2023 10:38,0,,,12377252,16.231261,3217985,1.050016,33.060001,2700.399902,2369.451279,,0.650274,,4738.902344,
Sample,24/05/2023 10:38,0,,,12376972,16.234415,3217903,1.049989,32.730999,2699.399902,2368.606019,,0.649847,,4737.211914,
Sample,24/05/2023 10:38,0,,,12376544,16.239235,3217921,1.049995,32.313,2699.199951,2368.437008,,0.649941,,4736.874023,
Sample,24/05/2023 10:38,0,,,12376843,16.235868,3217817,1.04996,31.051001,2700.100098,2369.197866,,0.649399,,4738.395508,
Sample,24/05/2023 10:38,0,,,12377595,16.227398,3217796,1.049954,29.585001,2697.600098,2367.084716,,0.649289,,4734.169434,
Sample,24/05/2023 10:38,0,,,12378267,16.21983,3217794,1.049953,29.288998,2698.5,2367.845368,,0.649279,,4735.690918,
Sample,24/05/2023 10:38,0,9412954,5.661284,12378098,16.221733,3217793,1.049953,27.807001,2699.699951,2368.859638,,0.649274,,4737.719238,
Sample,24/05/2023 10:38,0,,,12378320,16.219233,3217719,1.049928,27.319,2700.399902,2369.451279,,0.648888,,4738.902344,
Sample,24/05/2023 10:38,0,,,12378390,16.218445,3217834,1.049966,27.014999,2699.899902,2369.028649,,0.649487,,4738.057129,
Sample,24/05/2023 10:38,0,,,12378581,16.216294,3217673,1.049913,26.378,2699.899902,2369.028649,,0.648648,,4738.057129,
Sample,24/05/2023 10:38,0,,,12377449,16.229043,3217656,1.049908,25.669001,2701.300049,2370.212137,,0.64856,,4740.424316,
Sample,24/05/2023 10:39,0,,,12377449,16.229043,3217692,1.049919,24.200001,2698.800049,2368.098987,,0.648747,,4736.197754,
Sample,24/05/2023 10:39,0,,,12377159,16.232309,3217697,1.049921,23.668001,2700.199951,2369.282268,,0.648773,,4738.564453,
Sample,24/05/2023 10:39,0,,,12377215,16.231678,3217787,1.049951,22.459,2700,2369.113257,,0.649242,,4738.226562,
Sample,24/05/2023 10:39,0,,,12376638,16.238177,3217793,1.049953,22.363001,2706.600098,2374.692055,,0.649274,,4749.384277,
Sample,24/05/2023 10:39,0,,,12375709,16.24864,3217579,1.049882,21.543001,2701.600098,2370.465756,,0.648158,,4740.931641,
Sample,24/05/2023 10:39,0,,,12375816,16.247435,3217725,1.04993,20.473001,2702.600098,2371.311016,,0.648919,,4742.62207,
Sample,24/05/2023 10:39,0,,,12375337,16.25283,3217507,1.049859,19.708,2703.399902,2371.987059,,0.647783,,4743.974121,
Sample,24/05/2023 10:39,0,,,12375310,16.253134,3217647,1.049905,18.523001,2701.699951,2370.550158,,0.648513,,4741.100098,
Sample,24/05/2023 10:39,0,,,12375216,16.254193,3217512,1.04986,18.205,2702.300049,2371.057396,,0.647809,,4742.114746,
Sample,24/05/2023 10:39,0,,,12374665,16.2604,3217562,1.049877,16.919001,2705.100098,2373.424165,,0.64807,,4746.848145,
Sample,24/05/2023 10:39,0,,,12374210,16.265525,3217600,1.049889,17.007,2700.399902,2369.451279,,0.648268,,4738.902344,
Sample,24/05/2023 10:39,0,,,12373398,16.274672,3217537,1.049868,17.047001,2700.800049,2369.789507,,0.647939,,4739.579102,
Sample,24/05/2023 10:40,0,,,12371848,16.292133,3217647,1.049905,15.013,2701.300049,2370.212137,,0.648513,,4740.424316,
Sample,24/05/2023 10:40,0,,,12371529,16.295726,3217472,1.049847,15.051,2701,2369.958517,,0.6476,,4739.916992,
Sample,24/05/2023 10:40,0,,,12371229,16.299106,3218400,1.050152,13.611,2700.899902,2369.873909,,0.652435,,4739.748047,
Sample,24/05/2023 10:40,0,9412912,5.661054,12371226,16.29914,3217446,1.049838,13.386999,2701.100098,2370.043126,,0.647465,,4740.086426,
Sample,24/05/2023 10:40,0,,,12370090,16.311938,3217366,1.049812,13.904001,2702.600098,2371.311016,,0.647048,,4742.62207,
Sample,24/05/2023 10:40,0,,,12369498,16.318608,3217247,1.049773,12.972,2702.300049,2371.057396,,0.646427,,4742.114746,
Sample,24/05/2023 10:40,0,,,12368884,16.325526,3217402,1.049824,13.513,2700.600098,2369.620496,,0.647235,,4739.241211,
Sample,24/05/2023 10:40,0,,,12369025,16.323938,3217205,1.049759,11.829,2700.5,2369.535887,,0.646208,,4739.071777,
Sample,24/05/2023 10:40,0,,,12368081,16.334574,3217374,1.049815,11.811,2701.899902,2370.719169,,0.647089,,4741.438477,
Sample,24/05/2023 10:40,0,,,12367566,16.340377,3217285,1.049786,10.948,2702.699951,2371.395418,,0.646625,,4742.791016,
Sample,24/05/2023 10:40,0,,,12366421,16.353279,3217310,1.049794,10.029,2703,2371.649037,,0.646756,,4743.297852,
Sample,24/05/2023 10:40,0,,,12366598,16.351285,3217260,1.049777,11.115999,2702.600098,2371.311016,,0.646495,,4742.62207,
Sample,24/05/2023 10:41,0,,,12366607,16.351183,3217299,1.04979,9.8914,2703,2371.649037,,0.646698,,4743.297852,
Sample,24/05/2023 10:41,0,,,12366531,16.35204,3217281,1.049784,9.283299,2703.300049,2371.902656,,0.646604,,4743.805176,
Sample,24/05/2023 10:41,0,,,12365771,16.360604,3217133,1.049736,8.4045,2704,2372.494297,,0.645832,,4744.98877,
Sample,24/05/2023 10:41,0,,,12365196,16.367084,3217303,1.049791,8.396299,2702.699951,2371.395418,,0.646719,,4742.791016,
Sample,24/05/2023 10:41,0,,,12363677,16.384202,3216988,1.049688,8.1635,2703.300049,2371.902656,,0.645076,,4743.805176,
Sample,24/05/2023 10:41,0,,,12363225,16.389296,3217194,1.049756,7.593,2701.5,2370.381147,,0.646151,,4740.762207,
Sample,24/05/2023 10:41,0,,,12362755,16.394593,3217231,1.049768,7.8259,2704.399902,2372.832318,,0.646344,,4745.664551,
Sample,24/05/2023 10:41,0,,,12362797,16.39412,3217211,1.049761,7.460899,2702.399902,2371.141799,,0.646239,,4742.283691,
Sample,24/05/2023 10:41,0,,,12362926,16.392666,3217125,1.049733,7.1398,2703,2371.649037,,0.645791,,4743.297852,
Sample,24/05/2023 10:41,0,,,12362903,16.392925,3217168,1.049747,6.2799,2703.100098,2371.733646,,0.646015,,4743.467285,
Sample,24/05/2023 10:41,0,,,12363156,16.390074,3217232,1.049768,6.3631,2701.399902,2370.296539,,0.646349,,4740.593262,
Sample,24/05/2023 10:41,0,9412886,5.660911,12363608,16.38498,3217234,1.049769,6.389201,2702.800049,2371.480026,,0.646359,,4742.959961,
Sample,24/05/2023 10:42,0,,,12363703,16.383909,3217215,1.049763,5.8004,2703.100098,2371.733646,,0.64626,,4743.467285,
Sample,24/05/2023 10:42,0,,,12362969,16.392182,3217050,1.049708,6.1082,2702.399902,2371.141799,,0.645399,,4742.283691,
Sample,24/05/2023 10:42,0,,,12362971,16.392159,3217023,1.049699,5.4571,2701.5,2370.381147,,0.645258,,4740.762207,
Sample,24/05/2023 10:42,0,,,12362886,16.393117,3216882,1.049653,5.2519,2703.199951,2371.818048,,0.644523,,4743.63623,
Sample,24/05/2023 10:42,0,,,12362576,16.396611,3217070,1.049715,4.9093,2702.800049,2371.480026,,0.645504,,4742.959961,
Sample,24/05/2023 10:42,0,,,12362542,16.396994,3217099,1.049724,5.0356,2704.100098,2372.578906,,0.645655,,4745.157715,
Sample,24/05/2023 10:42,0,,,12363906,16.381621,3217299,1.04979,4.6415,2700.399902,2369.451279,,0.646698,,4738.902344,
Sample,24/05/2023 10:42,0,,,12364167,16.37868,3217015,1.049697,4.5364,2702.5,2371.226407,,0.645217,,4742.452637,
Sample,24/05/2023 10:42,0,,,12363116,16.390525,3217034,1.049703,4.2913,2703.5,2372.071667,,0.645316,,4744.143555,
Sample,24/05/2023 10:42,0,,,12361501,16.408727,3217131,1.049735,4.1941,2700.199951,2369.282268,,0.645822,,4738.564453,
Sample,24/05/2023 10:42,0,,,12361434,16.409482,3217032,1.049702,4.0013,2701.300049,2370.212137,,0.645305,,4740.424316,
Sample,24/05/2023 10:42,0,,,12360536,16.419604,3217072,1.049716,3.9393,2701.699951,2370.550158,,0.645514,,4741.100098,
Sample,24/05/2023 10:43,0,,,12359910,16.426661,3217172,1.049748,3.7532,2700.5,2369.535887,,0.646036,,4739.071777,
Sample,24/05/2023 10:43,0,,,12359746,16.428509,3217105,1.049726,3.6487,2703.399902,2371.987059,,0.645686,,4743.974121,
Sample,24/05/2023 10:43,0,,,12359890,16.426886,3217015,1.049697,3.424,2701.199951,2370.127528,,0.645217,,4740.254883,
Sample,24/05/2023 10:43,0,,,12359429,16.432083,3217134,1.049736,3.3978,2702,2370.803777,,0.645838,,4741.607422,
Sample,24/05/2023 10:43,0,,,12359384,16.43259,3216911,1.049663,3.2529,2701.699951,2370.550158,,0.644674,,4741.100098,
Sample,24/05/2023 10:43,0,,,12359223,16.434405,3217025,1.0497,3.1253,2702.5,2371.226407,,0.645269,,4742.452637,
Sample,24/05/2023 10:43,0,,,12358742,16.439827,3216960,1.049679,3.1202,2702.699951,2371.395418,,0.64493,,4742.791016,
Sample,24/05/2023 10:43,0,9412846,5.660691,12358619,16.441214,3216942,1.049673,3.1924,2701.600098,2370.465756,,0.644836,,4740.931641,
Sample,24/05/2023 10:43,0,,,12358202,16.445915,3216917,1.049665,3.0327,2701.399902,2370.296539,,0.644705,,4740.593262,
Sample,24/05/2023 10:43,0,,,12357753,16.450976,3217083,1.049719,3.014,2700.199951,2369.282268,,0.645571,,4738.564453,
Sample,24/05/2023 10:43,0,,,12357034,16.459082,3216946,1.049674,2.9332,2701.300049,2370.212137,,0.644857,,4740.424316,
Sample,24/05/2023 10:43,0,,,12355770,16.473333,3216978,1.049685,2.9253,2701.100098,2370.043126,,0.645024,,4740.086426,
Sample,24/05/2023 10:44,0,,,12354782,16.484472,3216993,1.04969,2.8793,2701.100098,2370.043126,,0.645102,,4740.086426,
Sample,24/05/2023 10:44,0,,,12354494,16.48772,3217059,1.049711,2.8051,2702,2370.803777,,0.645446,,4741.607422,
Sample,24/05/2023 10:44,0,,,12353922,16.494169,3216923,1.049667,2.8437,2703.5,2372.071667,,0.644737,,4744.143555,
Sample,24/05/2023 10:44,0,,,12353382,16.500258,3216922,1.049666,2.9545,2701.699951,2370.550158,,0.644731,,4741.100098,
Sample,24/05/2023 10:44,0,,,12352142,16.514241,3216979,1.049685,2.9699,2702.300049,2371.057396,,0.645029,,4742.114746,
Sample,24/05/2023 10:44,0,,,12350558,16.532104,3216932,1.04967,2.9974,2702.5,2371.226407,,0.644784,,4742.452637,
Sample,24/05/2023 10:44,0,,,12349799,16.540664,3216925,1.049667,2.9499,2704.600098,2373.001536,,0.644747,,4746.00293,
Sample,24/05/2023 10:44,0,,,12349351,16.545716,3216980,1.049685,2.9513,2702.899902,2371.564429,,0.645034,,4743.128906,
Sample,24/05/2023 10:44,0,,,12348192,16.558788,3216973,1.049683,2.9288,2702,2370.803777,,0.644998,,4741.607422,
Sample,24/05/2023 10:44,0,,,12346551,16.577298,3216863,1.049647,3.0408,2703.5,2372.071667,,0.644423,,4744.143555,
Sample,24/05/2023 10:44,0,,,12344798,16.597073,3216946,1.049674,3.3155,2703.199951,2371.818048,,0.644857,,4743.63623,
Sample,24/05/2023 10:44,0,,,12343389,16.612968,3216768,1.049616,3.4985,2702.699951,2371.395418,,0.643928,,4742.791016,
Sample,24/05/2023 10:45,0,,,12341774,16.631189,3216916,1.049664,3.7876,2702.800049,2371.480026,,0.6447,,4742.959961,
Sample,24/05/2023 10:45,0,,,12340090,16.650191,3216807,1.049628,3.7518,2704.800049,2373.170546,,0.644131,,4746.341309,
Sample,24/05/2023 10:45,0,,,12338308,16.670299,3216679,1.049586,3.5544,2701.800049,2370.634767,,0.643463,,4741.269531,
Sample,24/05/2023 10:45,0,9412811,5.660498,12336571,16.689902,3216692,1.049591,3.6385,2701.100098,2370.043126,,0.643531,,4740.086426,
Sample,24/05/2023 10:45,0,,,12335169,16.705726,3216795,1.049624,3.7909,2704.300049,2372.747916,,0.644069,,4745.495605,
Sample,24/05/2023 10:45,0,,,12334573,16.712453,3216692,1.049591,3.7878,2709.100098,2376.805205,,0.643531,,4753.610352,
Sample,24/05/2023 10:45,0,,,12333716,16.722126,3216719,1.0496,3.6552,2714.399902,2381.284917,,0.643672,,4762.569824,
Sample,24/05/2023 10:45,0,,,12333077,16.729339,3216550,1.049544,4.3841,2723.100098,2388.638844,,0.642789,,4777.277832,
Sample,24/05/2023 10:45,0,,,12331620,16.745787,3216732,1.049604,4.2485,2723.600098,2389.061474,,0.64374,,4778.123047,
Sample,24/05/2023 10:45,0,,,12330458,16.758905,3216696,1.049592,4.3517,2729.5,2394.048425,,0.643552,,4788.09668,
Sample,24/05/2023 10:45,0,,,12329648,16.76805,3216670,1.049583,3.6426,2738.399902,2401.571155,,0.643416,,4803.14209,
Sample,24/05/2023 10:45,0,,,12329254,16.772498,3216788,1.049622,3.6813,2747.600098,2409.347711,,0.644032,,4818.695312,
Sample,24/05/2023 10:46,0,,,12328238,16.78397,3216607,1.049563,3.5347,2753.899902,2414.672684,,0.643087,,4829.345215,
Sample,24/05/2023 10:46,0,,,12331500,16.747141,3216064,1.049384,0.1117,3393.600098,2955.38561,,0.640251,,5910.770996,
Sample,24/05/2023 10:46,0,,,12343411,16.61272,3215941,1.049344,0.2443,2758,2418.138332,,0.639608,,4836.276855,
Sample,24/05/2023 10:46,0,,,12350705,16.530446,3216016,1.049368,0.0492,2757.199951,2417.462083,,0.64,,4834.924316,
Sample,24/05/2023 10:46,0,,,12351862,16.517398,3215740,1.049278,0.1063,2765.600098,2424.56239,,0.638557,,4849.125,
Sample,24/05/2023 10:46,0,,,12353493,16.499006,3215858,1.049316,0.8353,2426.5,2137.934673,,0.639174,,4275.869141,
Sample,24/05/2023 10:46,0,,,12358727,16.439996,3215823,1.049305,0.0559,2721.899902,2387.624367,,0.638991,,4775.248535,
Sample,24/05/2023 10:46,0,,,12360793,16.416708,3215831,1.049308,0.0849,2717.399902,2383.820697,,0.639033,,4767.641602,
Sample,24/05/2023 10:46,0,,,12360349,16.421712,3215971,1.049354,0.0179,2718.5,2384.750566,,0.639765,,4769.500977,
Sample,24/05/2023 10:46,0,,,12458784,15.31461,3268754,1.066705,1.461,15.56,1.189915,,0.905022,,2.37983,
Sample,24/05/2023 10:46,0,,,12530612,14.509221,3427878,1.119029,0.786,-58.170002,0.634832,,1.619699,,1.269665,
Sample,24/05/2023 10:46,0,9412768,5.660262,12537314,14.434151,3587062,1.171396,1.3568,-57.140003,1.104227,,2.26745,,2.208453,
Sample,24/05/2023 10:47,0,,,12540205,14.401772,3834626,1.252882,0.7821,-59.68,0.631625,,3.21476,,1.263251,
Sample,24/05/2023 10:47,0,,,12543315,14.366942,3924646,1.282526,0.8969,-58.190002,0.72603,,3.549181,,1.452061,
Sample,24/05/2023 10:47,0,,,12544987,14.348218,4024499,1.315417,0.8266,-57.970001,0.66822,,3.916138,,1.336439,
Sample,24/05/2023 10:47,0,,,12545280,14.344937,4060581,1.327304,0.8587,-58.409996,0.694617,,4.047895,,1.389234,
Sample,24/05/2023 10:47,0,,,12545892,14.338084,4240713,1.386664,0.6983,-59.420002,0.562713,,4.700478,,1.125426,
Sample,24/05/2023 10:47,0,,,12548466,14.30926,4392192,1.436605,0.8595,-61.920002,0.695275,,5.244163,,1.390549,
Sample,24/05/2023 10:47,0,,,12550419,14.287391,4540961,1.48567,0.6897,-59.040001,0.555641,,5.774897,,1.111282,
Sample,24/05/2023 10:47,0,,,12550526,14.286193,4649817,1.521584,0.7816,-58.299999,0.631214,,6.161692,,1.262428,
Sample,24/05/2023 10:47,0,,,12551221,14.278411,4827373,1.580184,0.7643,-62.459999,0.616988,,6.790435,,1.233975,
Sample,24/05/2023 10:47,0,,,12552357,14.265692,5033617,1.648285,3.2006,-58.590004,2.620465,,7.518215,,5.240929,
Sample,24/05/2023 10:47,0,,,12551144,14.279273,5030696,1.647321,10.074,-54.579998,8.272764,,7.507923,,16.545528,
Sample,24/05/2023 10:47,0,,,12551394,14.276474,4878700,1.597129,0.9548,-59.879997,0.773644,,6.971778,,1.547288,
Sample,24/05/2023 10:48,0,,,12552041,14.26923,4601079,1.505503,0.7099,-60.349998,0.572252,,5.988654,,1.144504,
Sample,24/05/2023 10:48,0,,,12551970,14.270025,4322748,1.413708,0.727,-62.470001,0.586314,,4.99539,,1.172628,
Sample,24/05/2023 10:48,0,,,12552373,14.265512,3968250,1.296888,0.6988,-62.5,0.563124,,3.70988,,1.126248,
Sample,24/05/2023 10:48,0,,,12552462,14.264516,3680328,1.202088,0.8565,-62.93,0.692808,,2.630432,,1.385616,
Sample,24/05/2023 10:48,0,,,12550788,14.28326,3356981,1.095713,0.7751,-60.720001,0.625869,,1.313027,,1.251738,
Sample,24/05/2023 10:48,0,,,12548243,14.311757,3215926,1.049339,0.1028,2665.5,2339.951791,,0.639529,,4679.903809,
Sample,24/05/2023 10:48,0,,,12539673,14.40773,3216953,1.049676,89.929001,2684.399902,2355.92712,,0.644893,,4711.854004,
Sample,24/05/2023 10:48,0,9412637,5.659542,12524841,14.573872,3217048,1.049708,82.815994,2682,2353.898579,,0.645389,,4707.797363,
Sample,24/05/2023 10:48,0,,,12513746,14.698192,3217027,1.049701,76.195999,2681.199951,2353.22233,,0.645279,,4706.444824,
Sample,24/05/2023 10:48,0,,,12505869,14.786475,3216881,1.049653,73.521004,2684.600098,2356.096337,,0.644517,,4712.192871,
Sample,24/05/2023 10:48,0,,,12500368,14.848139,3217117,1.04973,70.532997,2683.5,2355.166469,,0.645749,,4710.333008,
Sample,24/05/2023 10:48,0,,,12495194,14.906147,3217210,1.049761,66.516006,2685.300049,2356.687978,,0.646234,,4713.375977,
Sample,24/05/2023 10:49,0,,,12491952,14.942498,3217218,1.049764,65.746002,2684.699951,2356.18074,,0.646276,,4712.361328,
Sample,24/05/2023 10:49,0,,,12488561,14.980524,3217125,1.049733,63.693001,2686.5,2357.702249,,0.645791,,4715.404297,
Sample,24/05/2023 10:49,0,,,12485243,15.017735,3217297,1.049789,58.896004,2683.699951,2355.33548,,0.646688,,4710.670898,
Sample,24/05/2023 10:49,0,,,12482791,15.045237,3217244,1.049772,58.016003,2684,2355.589099,,0.646411,,4711.178223,
Sample,24/05/2023 10:49,0,,,12481140,15.063755,3217240,1.049771,55.357994,2689.699951,2360.407039,,0.64639,,4720.813965,
Sample,24/05/2023 10:49,0,,,12478143,15.097374,3217254,1.049775,55.378998,2713.5,2380.524266,,0.646463,,4761.04834,
Sample,24/05/2023 10:49,0,,,12475548,15.126486,3217347,1.049806,52.977001,2710.399902,2377.903878,,0.646949,,4755.807617,
Sample,24/05/2023 10:49,0,,,12474737,15.135584,3217266,1.049779,714.76001,2655.899902,2331.837213,,0.646526,,4663.674316,
Sample,24/05/2023 10:49,0,,,12474021,15.143617,3217439,1.049836,906.179993,2667.800049,2341.89593,,0.647428,,4683.791992,
Sample,24/05/2023 10:49,0,,,12474651,15.136549,3217474,1.049848,823.650024,2690,2360.660658,,0.647611,,4721.321289,
Sample,24/05/2023 10:49,0,,,12475653,15.125308,3217411,1.049827,732.329956,2676.100098,2348.911628,,0.647282,,4697.823242,
Sample,24/05/2023 10:49,0,,,12476584,15.114863,3217444,1.049838,960.940063,2688,2358.970139,,0.647454,,4717.94043,
Sample,24/05/2023 10:50,0,,,12476387,15.117073,3217456,1.049842,1228.900024,2667.699951,2341.811321,,0.647517,,4683.622559,
Sample,24/05/2023 10:50,0,,,12475861,15.122974,3217397,1.049822,1106.099976,2662.5,2337.416011,,0.647209,,4674.832031,
Sample,24/05/2023 10:50,0,,,12474941,15.133295,3217581,1.049883,1074.199951,2650.399902,2327.188284,,0.648169,,4654.376465,
Sample,24/05/2023 10:50,0,9414508,5.669828,12474243,15.141126,3217646,1.049904,1060,2713.100098,2380.186245,,0.648507,,4760.372559,
Sample,24/05/2023 10:50,0,,,12473408,15.150495,3217594,1.049887,988.929993,2666.199951,2340.543431,,0.648236,,4681.086914,
Sample,24/05/2023 10:50,0,,,12472970,15.155409,3217683,1.049916,1047.699951,2672.5,2345.86861,,0.6487,,4691.737305,
Sample,24/05/2023 10:50,0,,,12472137,15.164755,3217640,1.049902,940.490051,2668.399902,2342.402962,,0.648476,,4684.806152,
Sample,24/05/2023 10:50,0,,,12471436,15.17262,3217629,1.049899,817.200012,2703.600098,2372.156276,,0.648419,,4744.3125,
Sample,24/05/2023 10:50,0,,,12471146,15.175874,3217807,1.049957,1106.800049,2743.199951,2405.628444,,0.649347,,4811.256836,
Sample,24/05/2023 10:50,0,,,12470813,15.179611,3217798,1.049954,1141.400024,2667.100098,2341.304289,,0.6493,,4682.608398,
Sample,24/05/2023 10:50,0,,,12471504,15.171857,3217568,1.049879,978.900024,2693.5,2363.619068,,0.648101,,4727.238281,
Sample,24/05/2023 10:50,0,,,12472516,15.160503,3217776,1.049947,795.109985,2711,2378.411116,,0.649185,,4756.822266,
Sample,24/05/2023 10:51,0,,,12472329,15.162601,3217883,1.049982,984.290039,2644.399902,2322.116724,,0.649743,,4644.233398,
Sample,24/05/2023 10:51,0,,,12472582,15.159762,3217875,1.049979,991.900024,2723.100098,2388.638844,,0.649701,,4777.277832,
Sample,24/05/2023 10:51,0,,,12473476,15.149732,3217763,1.049943,991.090027,2641.899902,2320.003574,,0.649117,,4640.007324,
Sample,24/05/2023 10:51,0,,,12473477,15.149721,3217938,1.05,984.150024,2721,2386.863715,,0.650029,,4773.727539,
Sample,24/05/2023 10:51,0,,,12473757,15.146579,3217666,1.049911,826.190063,2719.800049,2385.849445,,0.648612,,4771.69873,
Sample,24/05/2023 10:51,0,,,12474856,15.134249,3217796,1.049954,735.690002,2663,2337.838641,,0.649289,,4675.677246,
Sample,24/05/2023 10:51,0,,,12475151,15.130939,3217953,1.050005,899.720032,2679.600098,2351.870038,,0.650107,,4703.740234,
Sample,24/05/2023 10:51,0,,,12475244,15.129896,3217812,1.049959,681.160034,2751.100098,2412.306121,,0.649373,,4824.612305,
Sample,24/05/2023 10:51,0,,,12475102,15.131489,3217838,1.049967,1012.200012,2666,2340.374421,,0.649508,,4680.749023,
Sample,24/05/2023 10:51,0,,,12474271,15.140812,3218037,1.050033,627.390015,2136,1892.386671,,0.650545,,3784.773438,
Sample,24/05/2023 10:51,0,,,12473694,15.147286,3217799,1.049955,736.119995,2726.899902,2391.850666,,0.649305,,4783.701172,
Sample,24/05/2023 10:51,0,9414457,5.669548,12473111,15.153827,3217617,1.049895,1056.300049,2663,2337.838641,,0.648356,,4675.677246,
Sample,24/05/2023 10:52,0,,,12472126,15.164879,3217817,1.04996,1045.599976,2714.800049,2381.623145,,0.649399,,4763.246094,
Sample,24/05/2023 10:52,0,,,12470827,15.179454,3217804,1.049956,752.339966,2652.199951,2328.709793,,0.649331,,4657.419434,
Sample,24/05/2023 10:52,0,,,12468866,15.201458,3217821,1.049962,981.890015,2651.300049,2327.949141,,0.649419,,4655.898438,
Sample,24/05/2023 10:52,0,,,12467933,15.211927,3217959,1.050007,894.900024,2667.5,2341.642311,,0.650138,,4683.284668,
Sample,24/05/2023 10:52,0,,,12467267,15.219401,3217870,1.049978,955.779968,2693.800049,2363.872687,,0.649675,,4727.745605,
Sample,24/05/2023 10:52,0,,,12465989,15.233743,3217839,1.049968,753.77002,2699.300049,2368.521617,,0.649513,,4737.043457,
Sample,24/05/2023 10:52,0,,,12464953,15.245369,3217873,1.049979,914.25,2731.800049,2395.992564,,0.64969,,4791.985352,
Sample,24/05/2023 10:52,0,,,12464087,15.255088,3217904,1.049989,687.650024,2622.300049,2303.436604,,0.649852,,4606.873047,
Sample,24/05/2023 10:52,0,,,12462809,15.269432,3218044,1.050035,834.990051,2606.699951,2290.250467,,0.650581,,4580.500977,
Sample,24/05/2023 10:52,0,,,12461795,15.280813,3218005,1.050022,928.920044,2689.800049,2360.491648,,0.650378,,4720.983398,
Sample,24/05/2023 10:52,0,,,12460891,15.290959,3218072,1.050044,703.130005,2691.5,2361.928548,,0.650727,,4723.856934,
Sample,24/05/2023 10:52,0,,,12460592,15.294315,3217933,1.049999,711.559998,2622.800049,2303.859234,,0.650003,,4607.718262,
Sample,24/05/2023 10:53,0,,,12460508,15.295258,3218041,1.050034,801.890015,2637.600098,2316.369122,,0.650566,,4632.738281,
Sample,24/05/2023 10:53,0,,,12460963,15.290151,3217835,1.049966,873.400024,2726.699951,2391.681656,,0.649492,,4783.363281,
Sample,24/05/2023 10:53,0,,,12459427,15.307392,3217897,1.049987,915.190063,2699.300049,2368.521617,,0.649815,,4737.043457,
Sample,24/05/2023 10:53,0,,,12457751,15.326205,3218064,1.050042,404.919983,742.599976,332.972015,,0.650685,,665.944031,
Sample,24/05/2023 10:53,0,,,12455820,15.347882,3217887,1.049983,747.190002,2239.100098,1979.53305,,0.649763,,3959.066162,
Sample,24/05/2023 10:53,0,,,12454908,15.358121,3218002,1.050021,888.959961,2669.600098,2343.417439,,0.650363,,4686.834961,
Sample,24/05/2023 10:53,0,,,12454099,15.367203,3217969,1.05001,919.009949,2699.800049,2368.944247,,0.650191,,4737.888672,
Sample,24/05/2023 10:53,0,9414400,5.669234,12454405,15.363768,3217914,1.049992,789.23999,2707.600098,2375.537315,,0.649904,,4751.074707,
Sample,24/05/2023 10:53,0,,,12454325,15.364666,3217843,1.049969,930.240051,2692.300049,2362.604797,,0.649534,,4725.209473,
Sample,24/05/2023 10:53,0,,,12454543,15.362218,3218041,1.050034,935.72998,2660,2335.302861,,0.650566,,4670.605957,
Sample,24/05/2023 10:53,0,,,12453758,15.371032,3217867,1.049977,723.109985,2611.899902,2294.645777,,0.649659,,4589.291504,
Sample,24/05/2023 10:53,0,,,12453231,15.376948,3217875,1.049979,872.75,2699.5,2368.690627,,0.649701,,4737.381348,
Sample,24/05/2023 10:54,0,,,12454157,15.366552,3218091,1.05005,912.950012,2618.300049,2300.055564,,0.650826,,4600.111328,
Sample,24/05/2023 10:54,0,,,12454874,15.358502,3217940,1.050001,718.73999,2243.5,1983.252111,,0.65004,,3966.50415,
Sample,24/05/2023 10:54,0,,,12455517,15.351284,3217967,1.05001,694.150024,2595,2280.360967,,0.65018,,4560.722168,
Sample,24/05/2023 10:54,0,,,12457283,15.331459,3218060,1.05004,613.410034,2688,2358.970139,,0.650665,,4717.94043,
Sample,24/05/2023 10:54,0,,,12458919,15.313094,3218025,1.050029,616.940002,2687.600098,2358.632117,,0.650482,,4717.26416,
Sample,24/05/2023 10:54,0,,,12459189,15.310063,3217801,1.049955,542.210022,1859.5,1658.672307,,0.649315,,3317.344727,
Sample,24/05/2023 10:54,0,,,12459530,15.306236,3218097,1.050052,602.73999,2693.899902,2363.957089,,0.650857,,4727.914062,
Sample,24/05/2023 10:54,0,,,12459321,15.308582,3218036,1.050032,652.220032,2695.199951,2365.055969,,0.65054,,4730.111816,
Sample,24/05/2023 10:54,0,,,12459704,15.304283,3218120,1.05006,617.539978,2690.100098,2360.745267,,0.650977,,4721.490723,
Sample,24/05/2023 10:54,0,,,12459647,15.304922,3217939,1.050001,602.670044,2694.800049,2364.717947,,0.650034,,4729.436035,
Sample,24/05/2023 10:54,0,,,12459417,15.307504,3218165,1.050075,585.73999,2693.899902,2363.957089,,0.651212,,4727.914062,
Sample,24/05/2023 10:54,0,,,12459333,15.308447,3217935,1.049999,599.609985,2695,2364.886958,,0.650013,,4729.773926,
Sample,24/05/2023 10:55,0,,,12458436,15.318516,3217976,1.050013,521.47998,2694.899902,2364.802349,,0.650227,,4729.604492,
Sample,24/05/2023 10:55,0,,,12458666,15.315934,3218106,1.050055,601.039978,2696.699951,2366.323858,,0.650904,,4732.647949,
Sample,24/05/2023 10:55,0,,,12459059,15.311523,3218025,1.050029,580.099976,2698.5,2367.845368,,0.650482,,4735.690918,
Sample,24/05/2023 10:55,0,9412633,5.65952,12459073,15.311365,3217852,1.049972,554.309998,2697.399902,2366.915499,,0.649581,,4733.831055,
Sample,24/05/2023 10:55,0,,,12458900,15.313307,3218157,1.050072,659.890015,2697,2366.577478,,0.65117,,4733.154785,
Sample,24/05/2023 10:55,0,,,12458292,15.320132,3218097,1.050052,740.27002,2634.899902,2314.086755,,0.650857,,4628.17334,
Sample,24/05/2023 10:55,0,,,12459076,15.311332,3218104,1.050055,578.150024,2692.699951,2362.942819,,0.650894,,4725.885742,
Sample,24/05/2023 10:55,0,,,12458416,15.31874,3218157,1.050072,449.970032,1188,1091.080281,,0.65117,,2182.160645,
Sample,24/05/2023 10:55,0,,,12459286,15.308975,3218193,1.050084,686.829956,2694.199951,2364.210709,,0.651357,,4728.421387,
Sample,24/05/2023 10:55,0,,,12460116,15.299658,3218047,1.050036,550.150024,2695.800049,2365.563207,,0.650597,,4731.126465,
Sample,24/05/2023 10:55,0,,,12459614,15.305293,3218113,1.050058,521.190002,2721.300049,2387.117335,,0.650941,,4774.234863,
Sample,24/05/2023 10:55,0,,,12459502,15.30655,3218007,1.050023,635.26001,2697.699951,2367.169118,,0.650389,,4734.338379,
Sample,24/05/2023 10:56,0,,,12460336,15.297189,3218033,1.050031,507.429993,2711.800049,2379.087366,,0.650524,,4758.174805,
Sample,24/05/2023 10:56,0,,,12461211,15.287367,3218063,1.050041,552.570007,2696.5,2366.154848,,0.65068,,4732.30957,
Sample,24/05/2023 10:56,0,,,12461581,15.283215,3218066,1.050042,638.26001,2693.600098,2363.703677,,0.650696,,4727.407227,
Sample,24/05/2023 10:56,0,,,12461918,15.279432,3218013,1.050025,647.099976,2731.800049,2395.992564,,0.65042,,4791.985352,
Sample,24/05/2023 10:56,0,,,12461173,15.287794,3217914,1.049992,627.72998,2698.699951,2368.014378,,0.649904,,4736.028809,
Sample,24/05/2023 10:56,0,,,12460182,15.298917,3218016,1.050026,612.529968,2697.600098,2367.084716,,0.650435,,4734.169434,
Sample,24/05/2023 10:56,0,,,12459613,15.305304,3218036,1.050032,592.73999,2712.199951,2379.425387,,0.65054,,4758.850586,
Sample,24/05/2023 10:56,0,,,12459698,15.30435,3218010,1.050024,476.450012,2695.5,2365.309588,,0.650404,,4730.619141,
Sample,24/05/2023 10:56,0,,,12460233,15.298345,3218255,1.050104,549.27002,2695.800049,2365.563207,,0.65168,,4731.126465,
Sample,24/05/2023 10:56,0,,,12461244,15.286997,3218204,1.050088,612.599976,2693.800049,2363.872687,,0.651415,,4727.745605,
Sample,24/05/2023 10:56,0,,,12462344,15.274651,3218185,1.050081,523.48999,2694.5,2364.464328,,0.651316,,4728.928711,
Sample,24/05/2023 10:56,0,9412423,5.658365,12463451,15.262226,3218264,1.050107,577.829956,2694,2364.041698,,0.651727,,4728.083496,
Sample,24/05/2023 10:57,0,,,12464244,15.253326,3218125,1.050062,581.929993,2693.699951,2363.788079,,0.651003,,4727.576172,
Sample,24/05/2023 10:57,0,,,12465592,15.238198,3218185,1.050081,571.839966,2693.5,2363.619068,,0.651316,,4727.238281,
Sample,24/05/2023 10:57,0,,,12466139,15.23206,3218181,1.05008,616.279968,2694,2364.041698,,0.651295,,4728.083496,
Sample,24/05/2023 10:57,0,,,12466137,15.232082,3218250,1.050103,623.900024,2693.800049,2363.872687,,0.651654,,4727.745605,
Sample,24/05/2023 10:57,0,,,12466508,15.227919,3218166,1.050075,626.77002,2692.5,2362.773808,,0.651217,,4725.547852,
Sample,24/05/2023 10:57,0,,,12466059,15.232957,3218190,1.050083,585.220032,2692.899902,2363.11183,,0.651342,,4726.223633,
Sample,24/05/2023 10:57,0,,,12465222,15.242351,3218144,1.050068,612.779968,2694.600098,2364.548936,,0.651102,,4729.097656,
Sample,24/05/2023 10:57,0,,,12465671,15.237312,3218189,1.050083,626.329956,2693,2363.196438,,0.651337,,4726.393066,
Sample,24/05/2023 10:57,0,,,12465061,15.244157,3218192,1.050084,534.920044,2694.399902,2364.379719,,0.651352,,4728.759277,
Sample,24/05/2023 10:57,0,,,12465981,15.233833,3218171,1.050077,545.970032,2694.199951,2364.210709,,0.651243,,4728.421387,
Sample,24/05/2023 10:57,0,,,12466446,15.228614,3218063,1.050041,548.450012,2695.300049,2365.140577,,0.65068,,4730.28125,
Sample,24/05/2023 10:57,0,,,12466461,15.228446,3218135,1.050065,646.220032,2694.199951,2364.210709,,0.651055,,4728.421387,
Sample,24/05/2023 10:58,0,,,12466272,15.230567,3218245,1.050101,592.570007,2695.100098,2364.971566,,0.651628,,4729.943359,
Sample,24/05/2023 10:58,0,,,12465561,15.238546,3218138,1.050066,602.950012,2694.800049,2364.717947,,0.651071,,4729.436035,
Sample,24/05/2023 10:58,0,,,12465878,15.234989,3218231,1.050097,597.839966,2693.300049,2363.450057,,0.651555,,4726.899902,
Sample,24/05/2023 10:58,0,,,12466600,15.226886,3218112,1.050057,579.809998,2692.600098,2362.858417,,0.650935,,4725.716797,
Sample,24/05/2023 10:58,0,,,12468244,15.208438,3218037,1.050033,562.070007,2692.699951,2362.942819,,0.650545,,4725.885742,
Sample,24/05/2023 10:58,0,,,12469451,15.194893,3218254,1.050104,516.22998,2694.5,2364.464328,,0.651675,,4728.928711,
Sample,24/05/2023 10:58,0,,,12470086,15.187768,3218155,1.050072,589.77002,2695.199951,2365.055969,,0.651159,,4730.111816,
Sample,24/05/2023 10:58,0,9412341,5.657914,12471166,15.17565,3218192,1.050084,578.01001,2693,2363.196438,,0.651352,,4726.393066,
Sample,24/05/2023 10:58,0,,,12472300,15.162926,3218242,1.0501,523.950012,2693.399902,2363.534459,,0.651613,,4727.068848,
Sample,24/05/2023 10:58,0,,,12473160,15.153277,3218218,1.050092,508.789978,2693,2363.196438,,0.651488,,4726.393066,
Sample,24/05/2023 10:58,0,,,12473079,15.154186,3218104,1.050055,534.470032,2693.100098,2363.281047,,0.650894,,4726.562012,
Sample,24/05/2023 10:58,0,,,12474320,15.140263,3218162,1.050074,503.160004,2694.199951,2364.210709,,0.651196,,4728.421387,
Sample,24/05/2023 10:59,0,,,12475065,15.131904,3218203,1.050087,536.26001,2695.100098,2364.971566,,0.651409,,4729.943359,
Sample,24/05/2023 10:59,0,,,12475738,15.124354,3218108,1.050056,451.289978,2695.600098,2365.394196,,0.650915,,4730.788574,
Sample,24/05/2023 10:59,0,,,12476259,15.118509,3218252,1.050103,545.589966,2692.100098,2362.435787,,0.651665,,4724.871582,
Sample,24/05/2023 10:59,0,,,12476611,15.11456,3218261,1.050106,557.859985,2693.300049,2363.450057,,0.651711,,4726.899902,
Sample,24/05/2023 10:59,0,,,12476582,15.114885,3218331,1.050129,578.369995,2695.399902,2365.224979,,0.652076,,4730.450195,
Sample,24/05/2023 10:59,0,,,12477237,15.107537,3218337,1.050131,500.799988,2694.800049,2364.717947,,0.652107,,4729.436035,
Sample,24/05/2023 10:59,0,,,12476531,15.115458,3218244,1.050101,512.75,2697.199951,2366.746488,,0.651623,,4733.493164,
Sample,24/05/2023 10:59,0,,,12474920,15.133531,3218180,1.05008,628.559998,2693,2363.196438,,0.65129,,4726.393066,
Sample,24/05/2023 10:59,0,,,12472603,15.159527,3218024,1.050028,443.220032,2696.800049,2366.408467,,0.650477,,4732.816895,
Sample,24/05/2023 10:59,0,,,12469669,15.192447,3218096,1.050052,413.559998,2696.600098,2366.239456,,0.650852,,4732.479004,
Sample,24/05/2023 10:59,0,,,12466596,15.226931,3217919,1.049994,436.539978,2695.699951,2365.478599,,0.64993,,4730.957031,
Sample,24/05/2023 10:59,0,,,12463526,15.261385,3218093,1.050051,342.080017,2694.899902,2364.802349,,0.650837,,4729.604492,
Sample,24/05/2023 11:00,0,,,12461393,15.285325,3218032,1.050031,460.429993,2693.399902,2363.534459,,0.650519,,4727.068848,
Sample,24/05/2023 11:00,0,,,12459453,15.3071,3217866,1.049977,438.690002,2694.5,2364.464328,,0.649654,,4728.928711,
Sample,24/05/2023 11:00,0,,,12456837,15.336465,3217895,1.049986,467.460022,2694.699951,2364.633339,,0.649805,,4729.266602,
Sample,24/05/2023 11:00,0,9412306,5.657722,12456051,15.345289,3218063,1.050041,429.690002,2695.300049,2365.140577,,0.65068,,4730.28125,
Sample,24/05/2023 11:00,0,,,12455637,15.349937,3218043,1.050035,416.940002,2696,2365.732218,,0.650576,,4731.464355,
Sample,24/05/2023 11:00,0,,,12454705,15.3604,3217932,1.049998,434.440002,2695.100098,2364.971566,,0.649998,,4729.943359,
Sample,24/05/2023 11:00,0,,,12453761,15.370998,3218097,1.050052,399.850006,2694.300049,2364.295317,,0.650857,,4728.59082,
Sample,24/05/2023 11:00,0,,,12452695,15.382966,3218145,1.050068,410.139984,2692.699951,2362.942819,,0.651107,,4725.885742,
Sample,24/05/2023 11:00,0,,,12451773,15.393318,3218215,1.050091,407.01001,2695.699951,2365.478599,,0.651472,,4730.957031,
Sample,24/05/2023 11:00,0,,,12450313,15.409711,3218143,1.050068,416.700012,2693.100098,2363.281047,,0.651097,,4726.562012,
Sample,24/05/2023 11:00,0,,,12448930,15.42524,3218003,1.050022,448.139984,2693.100098,2363.281047,,0.650368,,4726.562012,
Sample,24/05/2023 11:00,0,,,12448191,15.433539,3218078,1.050046,369.089996,2693.100098,2363.281047,,0.650758,,4726.562012,
Sample,24/05/2023 11:01,0,,,12446897,15.44807,3218146,1.050069,457.75,2693.899902,2363.957089,,0.651113,,4727.914062,
Sample,24/05/2023 11:01,0,,,12446562,15.451832,3218075,1.050045,404.179993,2694.300049,2364.295317,,0.650743,,4728.59082,
Sample,24/05/2023 11:01,0,,,12445235,15.466734,3217964,1.050009,368.019989,2692.699951,2362.942819,,0.650165,,4725.885742,
Sample,24/05/2023 11:01,0,,,12444145,15.478976,3217985,1.050016,376.589996,2695.100098,2364.971566,,0.650274,,4729.943359,
Sample,24/05/2023 11:01,0,,,12442684,15.495384,3218108,1.050056,405.880005,2692.899902,2363.11183,,0.650915,,4726.223633,
Sample,24/05/2023 11:01,0,,,12442226,15.500528,3218086,1.050049,377.98999,2693.5,2363.619068,,0.6508,,4727.238281,
Sample,24/05/2023 11:01,0,,,12441391,15.509907,3218085,1.050049,366.200012,2694.600098,2364.548936,,0.650795,,4729.097656,
Sample,24/05/2023 11:01,0,,,12440224,15.523015,3218037,1.050033,364.25,2693.199951,2363.365449,,0.650545,,4726.730957,
Sample,24/05/2023 11:01,0,,,12439501,15.531136,3218101,1.050054,368.380005,2693.899902,2363.957089,,0.650878,,4727.914062,
Sample,24/05/2023 11:01,0,,,12439397,15.532305,3218070,1.050044,312.25,2692.300049,2362.604797,,0.650717,,4725.209473,
Sample,24/05/2023 11:01,0,,,12438846,15.538494,3218065,1.050042,318.220001,2694.199951,2364.210709,,0.650691,,4728.421387,
Sample,24/05/2023 11:01,0,9412267,5.657507,12437853,15.549649,3218079,1.050047,343.600006,2693.399902,2363.534459,,0.650764,,4727.068848,
Sample,24/05/2023 11:02,0,,,12437500,15.553614,3218011,1.050024,346.130005,2693.399902,2363.534459,,0.650409,,4727.068848,
Sample,24/05/2023 11:02,0,,,12436981,15.559444,3218009,1.050024,338.480011,2692.5,2362.773808,,0.650399,,4725.547852,
Sample,24/05/2023 11:02,0,,,12436750,15.56204,3217858,1.049974,320.149994,2693.600098,2363.703677,,0.649612,,4727.407227,
Sample,24/05/2023 11:02,0,,,12436419,15.565758,3217929,1.049997,290.25,2691.899902,2362.26657,,0.649982,,4724.533203,
Sample,24/05/2023 11:02,0,,,12435856,15.572083,3217977,1.050013,351.839996,2692.5,2362.773808,,0.650232,,4725.547852,
Sample,24/05/2023 11:02,0,,,12434887,15.582969,3217872,1.049979,359.679993,2693.600098,2363.703677,,0.649685,,4727.407227,
Sample,24/05/2023 11:02,0,,,12433714,15.596148,3218035,1.050032,291.850006,2694.300049,2364.295317,,0.650534,,4728.59082,
Sample,24/05/2023 11:02,0,,,12433153,15.602451,3217938,1.05,312.330017,2691.899902,2362.26657,,0.650029,,4724.533203,
Sample,24/05/2023 11:02,0,,,12432811,15.606294,3218079,1.050047,340.269989,2694.300049,2364.295317,,0.650764,,4728.59082,
Sample,24/05/2023 11:02,0,,,12432947,15.604766,3217907,1.04999,361.549988,2692.100098,2362.435787,,0.649868,,4724.871582,
Sample,24/05/2023 11:02,0,,,12432283,15.612226,3217975,1.050012,279.100006,2692,2362.351178,,0.650222,,4724.702148,
Sample,24/05/2023 11:02,0,,,12431646,15.619384,3217915,1.049993,276.880005,2692.699951,2362.942819,,0.649909,,4725.885742,
Sample,24/05/2023 11:03,0,,,12431194,15.624462,3217920,1.049994,288.299988,2693.199951,2363.365449,,0.649935,,4726.730957,
Sample,24/05/2023 11:03,0,,,12431373,15.622451,3217905,1.049989,279.850006,2692.399902,2362.6892,,0.649857,,4725.378418,
Sample,24/05/2023 11:03,0,,,12431117,15.625328,3217985,1.050016,269.360016,2694.600098,2364.548936,,0.650274,,4729.097656,
Sample,24/05/2023 11:03,0,,,12430417,15.633193,3217784,1.04995,244.730011,2694.100098,2364.126307,,0.649227,,4728.252441,
Sample,24/05/2023 11:03,0,,,12429223,15.64661,3217763,1.049943,230.51001,2694.300049,2364.295317,,0.649117,,4728.59082,
Sample,24/05/2023 11:03,0,,,12427759,15.663062,3217846,1.04997,246.350006,2693.199951,2363.365449,,0.64955,,4726.730957,
Sample,24/05/2023 11:03,0,,,12427087,15.670614,3217925,1.049996,251.529999,2694.899902,2364.802349,,0.649961,,4729.604492,
Sample,24/05/2023 11:03,0,9412231,5.657309,12427645,15.664343,3217772,1.049946,245.560013,2692.300049,2362.604797,,0.649164,,4725.209473,
Sample,24/05/2023 11:03,0,,,12428181,15.65832,3217769,1.049945,222.710007,2694.199951,2364.210709,,0.649148,,4728.421387,
Sample,24/05/2023 11:03,0,,,12428633,15.65324,3217819,1.049961,220.330002,2694.100098,2364.126307,,0.649409,,4728.252441,
Sample,24/05/2023 11:03,0,,,12428160,15.658556,3217829,1.049964,216.180008,2695.199951,2365.055969,,0.649461,,4730.111816,
Sample,24/05/2023 11:03,0,,,12427956,15.660848,3217667,1.049911,197.769989,2694.699951,2364.633339,,0.648617,,4729.266602,
Sample,24/05/2023 11:04,0,,,12427431,15.666748,3217872,1.049979,251.600006,2694.199951,2364.210709,,0.649685,,4728.421387,
Sample,24/05/2023 11:04,0,,,12426965,15.671985,3217845,1.04997,230.769989,2694,2364.041698,,0.649545,,4728.083496,
Sample,24/05/2023 11:04,0,,,12426089,15.68183,3217724,1.04993,217.610016,2696.600098,2366.239456,,0.648914,,4732.479004,
Sample,24/05/2023 11:04,0,,,12425025,15.693788,3217662,1.049909,189.319992,2695.300049,2365.140577,,0.648591,,4730.28125,
Sample,24/05/2023 11:04,0,,,12424534,15.699307,3217817,1.04996,200.779999,2693.899902,2363.957089,,0.649399,,4727.914062,
Sample,24/05/2023 11:04,0,,,12424178,15.703308,3217957,1.050006,196.790009,2694.800049,2364.717947,,0.650128,,4729.436035,
Sample,24/05/2023 11:04,0,,,12424056,15.704679,3217807,1.049957,176.339996,2694.100098,2364.126307,,0.649347,,4728.252441,
Sample,24/05/2023 11:04,0,,,12423544,15.710434,3217778,1.049948,200.580002,2694.399902,2364.379719,,0.649195,,4728.759277,
Sample,24/05/2023 11:04,0,,,12422346,15.7239,3217886,1.049983,173.669998,2693,2363.196438,,0.649758,,4726.393066,
Sample,24/05/2023 11:04,0,,,12420964,15.739434,3217881,1.049981,205.589996,2693.600098,2363.703677,,0.649732,,4727.407227,
Sample,24/05/2023 11:04,0,,,12419190,15.759376,3217693,1.04992,174.740005,2694.899902,2364.802349,,0.648752,,4729.604492,
Sample,24/05/2023 11:04,0,,,12417455,15.778882,3217730,1.049932,197.779999,2695.100098,2364.971566,,0.648945,,4729.943359,
Sample,24/05/2023 11:05,0,,,12416433,15.790372,3217830,1.049965,166.169998,2692.800049,2363.027427,,0.649466,,4726.054688,
Sample,24/05/2023 11:05,0,,,12415384,15.802166,3217803,1.049956,169.790009,2694.899902,2364.802349,,0.649326,,4729.604492,
Sample,24/05/2023 11:05,0,,,12414978,15.806731,3217694,1.04992,184.430008,2692.899902,2363.11183,,0.648758,,4726.223633,
Sample,24/05/2023 11:05,0,9412192,5.657095,12414203,15.815445,3217695,1.04992,188.180008,2693.100098,2363.281047,,0.648763,,4726.562012,
Sample,24/05/2023 11:05,0,,,12413455,15.823856,3217757,1.049941,161.850006,2694.199951,2364.210709,,0.649086,,4728.421387,
Sample,24/05/2023 11:05,0,,,12411855,15.841847,3217685,1.049917,175.919998,2693.199951,2363.365449,,0.648711,,4726.730957,
Sample,24/05/2023 11:05,0,,,12411698,15.843613,3217509,1.049859,148.649994,2693.699951,2363.788079,,0.647793,,4727.576172,
Sample,24/05/2023 11:05,0,,,12411131,15.849989,3217577,1.049882,164.130005,2695.199951,2365.055969,,0.648148,,4730.111816,
Sample,24/05/2023 11:05,0,,,12410063,15.862,3217660,1.049909,169.180008,2694,2364.041698,,0.64858,,4728.083496,
Sample,24/05/2023 11:05,0,,,12408884,15.875259,3217718,1.049928,173.209991,2692.600098,2362.858417,,0.648883,,4725.716797,
Sample,24/05/2023 11:05,0,,,12408308,15.881737,3217642,1.049903,164.559998,2697,2366.577478,,0.648487,,4733.154785,
Sample,24/05/2023 11:05,0,,,12407488,15.89096,3217860,1.049975,172.930008,2693.300049,2363.450057,,0.649623,,4726.899902,
Sample,24/05/2023 11:06,0,,,12405803,15.909912,3217723,1.04993,158.509995,2694.600098,2364.548936,,0.648909,,4729.097656,
Sample,24/05/2023 11:06,0,,,12405288,15.915705,3217773,1.049946,190.699997,2698,2367.422738,,0.649169,,4734.845703,
Sample,24/05/2023 11:06,0,,,12404426,15.925401,3217780,1.049948,189.25,2694,2364.041698,,0.649206,,4728.083496,
Sample,24/05/2023 11:06,0,,,12403517,15.935627,3217709,1.049925,180.730011,2694.800049,2364.717947,,0.648836,,4729.436035,
Sample,24/05/2023 11:06,0,,,12402417,15.948001,3217680,1.049915,181.209991,2696.5,2366.154848,,0.648685,,4732.30957,
Sample,24/05/2023 11:06,0,,,12401775,15.955224,3217802,1.049955,196.899994,2695.100098,2364.971566,,0.64932,,4729.943359,
Sample,24/05/2023 11:06,0,,,12401651,15.956619,3217661,1.049909,165.440002,2696.899902,2366.492869,,0.648586,,4732.98584,
Sample,24/05/2023 11:06,0,,,12401539,15.957879,3217596,1.049888,185.490005,2694.600098,2364.548936,,0.648247,,4729.097656,
Sample,24/05/2023 11:06,0,,,12400727,15.967014,3217645,1.049904,175.509995,2695,2364.886958,,0.648502,,4729.773926,
Sample,24/05/2023 11:06,0,,,12400433,15.970322,3217570,1.049879,188.720001,2693.199951,2363.365449,,0.648111,,4726.730957,
Sample,24/05/2023 11:06,0,,,12399983,15.975385,3217891,1.049985,182.119995,2695.699951,2365.478599,,0.649784,,4730.957031,
Sample,24/05/2023 11:06,0,9412136,5.656787,12399553,15.980222,3217698,1.049921,189.130005,2694.300049,2364.295317,,0.648778,,4728.59082,
Sample,24/05/2023 11:07,0,,,12399433,15.981573,3217546,1.049871,193.220001,2693.399902,2363.534459,,0.647986,,4727.068848,
Sample,24/05/2023 11:07,0,,,12398976,15.986714,3217564,1.049877,204.529999,2694.699951,2364.633339,,0.64808,,4729.266602,
Sample,24/05/2023 11:07,0,,,12398175,15.995727,3217622,1.049896,196.430008,2693.800049,2363.872687,,0.648382,,4727.745605,
Sample,24/05/2023 11:07,0,,,12397277,16.005831,3217732,1.049932,194.069992,2695.5,2365.309588,,0.648956,,4730.619141,
Sample,24/05/2023 11:07,0,,,12396960,16.009398,3217569,1.049879,196.029999,2693.100098,2363.281047,,0.648106,,4726.562012,
Sample,24/05/2023 11:07,0,,,12396298,16.016848,3217509,1.049859,185.880005,2695.300049,2365.140577,,0.647793,,4730.28125,
Sample,24/05/2023 11:07,0,,,12395377,16.027212,3217700,1.049922,203.649994,2697.899902,2367.338129,,0.648789,,4734.67627,
Sample,24/05/2023 11:07,0,,,12395223,16.028945,3217589,1.049885,212.48999,2696.199951,2365.901228,,0.64821,,4731.802246,
Sample,24/05/2023 11:07,0,,,12395404,16.026908,3217558,1.049875,213.130005,2694.699951,2364.633339,,0.648049,,4729.266602,
Sample,24/05/2023 11:07,0,,,12394370,16.038544,3217498,1.049856,211.210007,2696.100098,2365.816826,,0.647736,,4731.633789,
Sample,24/05/2023 11:07,0,,,12393225,16.05143,3217647,1.049905,226.060013,2695.699951,2365.478599,,0.648513,,4730.957031,
Sample,24/05/2023 11:07,0,,,12392487,16.059736,3217613,1.049893,243.839996,2696.800049,2366.408467,,0.648335,,4732.816895,
Sample,24/05/2023 11:08,0,,,12392751,16.056764,3217544,1.049871,237.149994,2698.300049,2367.676357,,0.647976,,4735.352539,
Sample,24/05/2023 11:08,0,,,12391631,16.06937,3217599,1.049889,207.470001,2697.100098,2366.662086,,0.648262,,4733.324219,
Sample,24/05/2023 11:08,0,,,12390925,16.077316,3217482,1.04985,216.23999,2697.100098,2366.662086,,0.647652,,4733.324219,
Sample,24/05/2023 11:08,0,,,12389341,16.095146,3217481,1.04985,214.569992,2697.100098,2366.662086,,0.647647,,4733.324219,
Sample,24/05/2023 11:08,0,,,12387755,16.112999,3217527,1.049865,235.410004,2697,2366.577478,,0.647887,,4733.154785,
Sample,24/05/2023 11:08,0,,,12386945,16.122117,3217541,1.04987,225.51001,2694.399902,2364.379719,,0.64796,,4728.759277,
Sample,24/05/2023 11:08,0,,,12386838,16.123322,3217509,1.049859,219.480011,2696.399902,2366.070239,,0.647793,,4732.140625,
Sample,24/05/2023 11:08,0,9412091,5.65654,12387706,16.11355,3217418,1.049829,249.449997,2696.600098,2366.239456,,0.647319,,4732.479004,
Sample,24/05/2023 11:08,0,,,12387981,16.110455,3217350,1.049807,230.779999,2695.5,2365.309588,,0.646964,,4730.619141,
Sample,24/05/2023 11:08,0,,,12388377,16.105997,3217371,1.049814,228.539993,2696.699951,2366.323858,,0.647074,,4732.647949,
Sample,24/05/2023 11:08,0,,,12387942,16.110894,3217483,1.049851,229.210007,2696,2365.732218,,0.647658,,4731.464355,
Sample,24/05/2023 11:08,0,,,12387835,16.112098,3217392,1.049821,235.980011,2699.5,2368.690627,,0.647183,,4737.381348,
Sample,24/05/2023 11:09,0,,,12387658,16.114091,3217351,1.049807,236.410004,2695.899902,2365.647609,,0.646969,,4731.29541,
Sample,24/05/2023 11:09,0,,,12387780,16.112717,3217325,1.049799,243.130005,2696.399902,2366.070239,,0.646834,,4732.140625,
Sample,24/05/2023 11:09,0,,,12387303,16.118087,3217281,1.049784,241.470001,2696.899902,2366.492869,,0.646604,,4732.98584,
Sample,24/05/2023 11:09,0,,,12387307,16.118042,3217282,1.049785,245.360016,2697.600098,2367.084716,,0.64661,,4734.169434,
Sample,24/05/2023 11:09,0,,,12387503,16.115836,3217297,1.049789,224.910004,2695.600098,2365.394196,,0.646688,,4730.788574,
Sample,24/05/2023 11:09,0,,,12387337,16.117704,3217336,1.049802,243.399994,2704.300049,2372.747916,,0.646891,,4745.495605,
Sample,24/05/2023 11:09,0,,,12386980,16.121723,3217248,1.049773,261.619995,2699.600098,2368.775236,,0.646432,,4737.550293,
Sample,24/05/2023 11:09,0,,,12386426,16.12796,3217238,1.04977,250.050003,2698.699951,2368.014378,,0.64638,,4736.028809,
Sample,24/05/2023 11:09,0,,,12386026,16.132463,3217424,1.049831,254.289993,2701,2369.958517,,0.64735,,4739.916992,
Sample,24/05/2023 11:09,0,,,12384836,16.145861,3217392,1.049821,238.769989,2700,2369.113257,,0.647183,,4738.226562,
Sample,24/05/2023 11:09,0,,,12384210,16.152909,3217328,1.0498,211.350006,2701.300049,2370.212137,,0.646849,,4740.424316,
Sample,24/05/2023 11:09,0,,,12383292,16.163245,3217240,1.049771,245.029999,2699.300049,2368.521617,,0.64639,,4737.043457,
Sample,24/05/2023 11:10,0,,,12382771,16.169111,3217342,1.049804,229.279999,2702,2370.803777,,0.646922,,4741.607422,
Sample,24/05/2023 11:10,0,,,12382129,16.17634,3217328,1.0498,246.789993,2699.300049,2368.521617,,0.646849,,4737.043457,
Sample,24/05/2023 11:10,0,,,12381420,16.184323,3217259,1.049777,240.210007,2700.300049,2369.366877,,0.64649,,4738.733887,
Sample,24/05/2023 11:10,0,9412050,5.656314,12380603,16.193523,3217135,1.049736,231.48999,2701.300049,2370.212137,,0.645843,,4740.424316,
Sample,24/05/2023 11:10,0,,,12380146,16.198669,3217234,1.049769,219.110016,2699.800049,2368.944247,,0.646359,,4737.888672,
Sample,24/05/2023 11:10,0,,,12379329,16.20787,3217250,1.049774,223.160004,2700,2369.113257,,0.646443,,4738.226562,
Sample,24/05/2023 11:10,0,,,12378614,16.215922,3217256,1.049776,230.019989,2700.100098,2369.197866,,0.646474,,4738.395508,
Sample,24/05/2023 11:10,0,,,12377757,16.225574,3217092,1.049722,232.300003,2699.199951,2368.437008,,0.645618,,4736.874023,
Sample,24/05/2023 11:10,0,,,12377568,16.227702,3217116,1.04973,242.639984,2701,2369.958517,,0.645744,,4739.916992,
Sample,24/05/2023 11:10,0,,,12377610,16.227229,3217228,1.049767,230.350006,2700,2369.113257,,0.646328,,4738.226562,
Sample,24/05/2023 11:10,0,,,12376685,16.237647,3217257,1.049776,228.819992,2700.100098,2369.197866,,0.646479,,4738.395508,
Sample,24/05/2023 11:10,0,,,12376446,16.240339,3217119,1.049731,226.880005,2700.600098,2369.620496,,0.645759,,4739.241211,
Sample,24/05/2023 11:11,0,,,12375570,16.250206,3217095,1.049723,229.360016,2699.600098,2368.775236,,0.645634,,4737.550293,
Sample,24/05/2023 11:11,0,,,12374788,16.259014,3217144,1.049739,216.630005,2703.899902,2372.409688,,0.64589,,4744.819336,
Sample,24/05/2023 11:11,0,,,12373787,16.27029,3217063,1.049713,237.449997,2702.600098,2371.311016,,0.645467,,4742.62207,
Sample,24/05/2023 11:11,0,,,12372197,16.288201,3217210,1.049761,225.850006,2703.600098,2372.156276,,0.646234,,4744.3125,
Sample,24/05/2023 11:11,0,,,12370906,16.302745,3217028,1.049701,203.190002,2702.399902,2371.141799,,0.645285,,4742.283691,
Sample,24/05/2023 11:11,0,,,12370350,16.309009,3217131,1.049735,209.139984,2704.600098,2373.001536,,0.645822,,4746.00293,
Sample,24/05/2023 11:11,0,,,12369788,16.315341,3217106,1.049727,216.119995,2702.199951,2370.972788,,0.645691,,4741.945801,
Sample,24/05/2023 11:11,0,,,12368577,16.328985,3217131,1.049735,213.779999,2703.100098,2371.733646,,0.645822,,4743.467285,
Sample,24/05/2023 11:11,0,,,12365727,16.3611,3217142,1.049739,202.139999,2701.899902,2370.719169,,0.645879,,4741.438477,
Sample,24/05/2023 11:11,0,,,12363275,16.388733,3216943,1.049673,199.029999,2703.699951,2372.240678,,0.644841,,4744.481445,
Sample,24/05/2023 11:11,0,,,12362211,16.400725,3216934,1.04967,203.440002,2703,2371.649037,,0.644794,,4743.297852,
Sample,24/05/2023 11:11,0,9412010,5.656094,12361414,16.409708,3217048,1.049708,208.26001,2704.300049,2372.747916,,0.645389,,4745.495605,
Sample,24/05/2023 11:12,0,,,12360155,16.423899,3216950,1.049675,202.290009,2701.600098,2370.465756,,0.644877,,4740.931641,
Sample,24/05/2023 11:12,0,,,12358807,16.439094,3216784,1.049621,203.029999,2701.600098,2370.465756,,0.644011,,4740.931641,
Sample,24/05/2023 11:12,0,,,12357152,16.457752,3216881,1.049653,198.259995,2701.399902,2370.296539,,0.644517,,4740.593262,
Sample,24/05/2023 11:12,0,,,12356617,16.463783,3217001,1.049692,198.399994,2703.300049,2371.902656,,0.645144,,4743.805176,
Sample,24/05/2023 11:12,0,,,12355396,16.477549,3216915,1.049664,178.889999,2703.699951,2372.240678,,0.644695,,4744.481445,
Sample,24/05/2023 11:12,0,,,12354646,16.486006,3216778,1.049619,201.690002,2702.600098,2371.311016,,0.64398,,4742.62207,
Sample,24/05/2023 11:12,0,,,12353642,16.497326,3216772,1.049617,174.550003,2701.100098,2370.043126,,0.643948,,4740.086426,
Sample,24/05/2023 11:12,0,,,12352740,16.507497,3216771,1.049617,195.610001,2701.699951,2370.550158,,0.643943,,4741.100098,
Sample,24/05/2023 11:12,0,,,12351066,16.526375,3216724,1.049601,176.839996,2702.399902,2371.141799,,0.643698,,4742.283691,
Sample,24/05/2023 11:12,0,,,12348347,16.55704,3216629,1.04957,173.480011,2704.800049,2373.170546,,0.643202,,4746.341309,
Sample,24/05/2023 11:12,0,,,12347865,16.562477,3216805,1.049628,174.279999,2701.5,2370.381147,,0.644121,,4740.762207,
Sample,24/05/2023 11:12,0,,,12346221,16.58102,3216780,1.04962,144.910004,2702.399902,2371.141799,,0.64399,,4742.283691,
Sample,24/05/2023 11:13,0,,,12345337,16.590992,3216606,1.049562,175.430008,2704,2372.494297,,0.643082,,4744.98877,
Sample,24/05/2023 11:13,0,,,12344903,16.595888,3216686,1.049589,154.209991,2703.800049,2372.325286,,0.6435,,4744.650391,
Sample,24/05/2023 11:13,0,,,12345118,16.593463,3216665,1.049582,157.990005,2702.600098,2371.311016,,0.64339,,4742.62207,
Sample,24/05/2023 11:13,0,,,12344946,16.595403,3216644,1.049575,158.800003,2704,2372.494297,,0.64328,,4744.98877,
Sample,24/05/2023 11:13,0,,,12344319,16.602476,3216596,1.049559,124.639999,2702.300049,2371.057396,,0.64303,,4742.114746,
Sample,24/05/2023 11:13,0,,,12344106,16.604879,3216658,1.049579,127.169998,2704.5,2372.916927,,0.643353,,4745.833984,
Sample,24/05/2023 11:13,0,,,12343703,16.609426,3216673,1.049584,128.589996,2702.300049,2371.057396,,0.643432,,4742.114746,
Sample,24/05/2023 11:13,0,9411963,5.655836,12343218,16.614898,3216611,1.049564,103.159996,2701.800049,2370.634767,,0.643108,,4741.269531,
Sample,24/05/2023 11:13,0,,,12341971,16.628967,3216599,1.04956,114.469994,2698.600098,2367.929976,,0.643045,,4735.859863,
Sample,24/05/2023 11:13,0,,,12340812,16.642044,3216583,1.049555,117,2699.800049,2368.944247,,0.642962,,4737.888672,
Sample,24/05/2023 11:13,0,,,12340363,16.64711,3216635,1.049572,90.322006,2699.399902,2368.606019,,0.643233,,4737.211914,
Sample,24/05/2023 11:13,0,,,12340574,16.644729,3216595,1.049559,105.509995,2698.699951,2368.014378,,0.643024,,4736.028809,
Sample,24/05/2023 11:14,0,,,12341207,16.637587,3216598,1.04956,91.413002,2698.100098,2367.507346,,0.64304,,4735.014648,
Sample,24/05/2023 11:14,0,,,12341114,16.638636,3216682,1.049587,77.595001,2698.399902,2367.760759,,0.643479,,4735.521484,
Sample,24/05/2023 11:14,0,,,12340981,16.640137,3216577,1.049553,93.836998,2696.699951,2366.323858,,0.64293,,4732.647949,
Sample,24/05/2023 11:14,0,,,12340930,16.640712,3216530,1.049537,77.007996,2702,2370.803777,,0.642685,,4741.607422,
Sample,24/05/2023 11:14,0,,,12339803,16.653429,3216562,1.049548,87.377998,2697.899902,2367.338129,,0.642852,,4734.67627,
Sample,24/05/2023 11:14,0,,,12339834,16.653079,3216533,1.049538,65.418999,2701.699951,2370.550158,,0.642701,,4741.100098,
Sample,24/05/2023 11:14,0,,,12339390,16.658089,3216491,1.049525,76.802994,2696.600098,2366.239456,,0.642481,,4732.479004,
Sample,24/05/2023 11:14,0,,,12339444,16.65748,3216450,1.049511,86.640999,2696.199951,2365.901228,,0.642267,,4731.802246,
Sample,24/05/2023 11:14,0,,,12339773,16.653768,3216409,1.049498,73.528999,2697.399902,2366.915499,,0.642053,,4733.831055,
Sample,24/05/2023 11:14,0,,,12340615,16.644267,3216536,1.049539,66.973999,2699.199951,2368.437008,,0.642716,,4736.874023,
Sample,24/05/2023 11:14,0,,,12340305,16.647765,3216507,1.04953,71.828995,2698.899902,2368.183389,,0.642565,,4736.366699,
Sample,24/05/2023 11:14,0,,,12339794,16.653531,3216478,1.04952,60.943001,2697.699951,2367.169118,,0.642413,,4734.338379,
Sample,24/05/2023 11:15,0,,,12338254,16.670909,3216357,1.049481,57.461998,2700.199951,2369.282268,,0.641781,,4738.564453,
Sample,24/05/2023 11:15,0,,,12337272,16.681991,3216507,1.04953,64.520004,2698.399902,2367.760759,,0.642565,,4735.521484,
Sample,24/05/2023 11:15,0,,,12337486,16.679576,3216569,1.04955,61.432995,2699.100098,2368.352606,,0.642889,,4736.705078,
Sample,24/05/2023 11:15,0,9411929,5.655649,12337865,16.675299,3216470,1.049518,67.710999,2696.699951,2366.323858,,0.642372,,4732.647949,
Sample,24/05/2023 11:15,0,,,12337044,16.684564,3216463,1.049515,58.909996,2700.100098,2369.197866,,0.642335,,4738.395508,
Sample,24/05/2023 11:15,0,,,12337161,16.683244,3216450,1.049511,54.640003,2698.199951,2367.591748,,0.642267,,4735.183594,
Sample,24/05/2023 11:15,0,,,12336587,16.689722,3216421,1.049502,55.305,2697.199951,2366.746488,,0.642116,,4733.493164,
Sample,24/05/2023 11:15,0,,,12336791,16.687419,3216266,1.049451,54.672005,2700.699951,2369.704898,,0.641306,,4739.409668,
Sample,24/05/2023 11:15,0,,,12336197,16.694123,3216300,1.049462,51.323997,2698.199951,2367.591748,,0.641484,,4735.183594,
Sample,24/05/2023 11:15,0,,,12335905,16.697419,3216350,1.049478,59.672997,2701.699951,2370.550158,,0.641745,,4741.100098,
Sample,24/05/2023 11:15,0,,,12335059,16.706967,3216358,1.049481,49.875,2700.199951,2369.282268,,0.641787,,4738.564453,
Sample,24/05/2023 11:15,0,,,12334174,16.716957,3216194,1.049427,57.174999,2698.5,2367.845368,,0.64093,,4735.690918,
Sample,24/05/2023 11:16,0,,,12332981,16.730423,3216325,1.04947,53.407997,2701.699951,2370.550158,,0.641614,,4741.100098,
Sample,24/05/2023 11:16,0,,,12332243,16.738754,3216345,1.049477,50.487999,2700,2369.113257,,0.641719,,4738.226562,
Sample,24/05/2023 11:16,0,,,12331259,16.749862,3216301,1.049462,48.338997,2701.699951,2370.550158,,0.641489,,4741.100098,
Sample,24/05/2023 11:16,0,,,12330187,16.761965,3216374,1.049486,50.758999,2697.899902,2367.338129,,0.64187,,4734.67627,
Sample,24/05/2023 11:16,0,,,12329073,16.774542,3216389,1.049491,45.379997,2702.5,2371.226407,,0.641949,,4742.452637,
Sample,24/05/2023 11:16,0,,,12328041,16.786194,3216251,1.049446,41.717003,2700.199951,2369.282268,,0.641228,,4738.564453,
Sample,24/05/2023 11:16,0,,,12326997,16.797983,3216372,1.049485,47.006001,2700.800049,2369.789507,,0.64186,,4739.579102,
Sample,24/05/2023 11:16,0,,,12326660,16.801788,3216224,1.049437,42.685001,2701.5,2370.381147,,0.641087,,4740.762207,
Sample,24/05/2023 11:16,0,,,12326069,16.808462,3216197,1.049428,47.852997,2700.300049,2369.366877,,0.640946,,4738.733887,
Sample,24/05/2023 11:16,0,,,12325359,16.81648,3216141,1.04941,38.650002,2700.300049,2369.366877,,0.640653,,4738.733887,
Sample,24/05/2023 11:16,0,,,12324083,16.83089,3216180,1.049422,41.116001,2701.300049,2370.212137,,0.640857,,4740.424316,
Sample,24/05/2023 11:16,0,9411878,5.655369,12322430,16.84956,3216242,1.049443,48.053997,2698.899902,2368.183389,,0.641181,,4736.366699,
Sample,24/05/2023 11:17,0,,,12320901,16.86683,3216256,1.049447,38.646004,2699.399902,2368.606019,,0.641254,,4737.211914,
Sample,24/05/2023 11:17,0,,,12319656,16.880894,3216249,1.049445,36.560001,2700.100098,2369.197866,,0.641217,,4738.395508,
Sample,24/05/2023 11:17,0,,,12318410,16.89497,3216112,1.0494,37.446999,2699.199951,2368.437008,,0.640501,,4736.874023,
Sample,24/05/2023 11:17,0,,,12317505,16.905194,3216184,1.049424,36.262001,2698.899902,2368.183389,,0.640878,,4736.366699,
Sample,24/05/2023 11:17,0,,,12316768,16.913521,3216152,1.049413,40.966,2700.5,2369.535887,,0.640711,,4739.071777,
Sample,24/05/2023 11:17,0,,,12315636,16.926311,3215977,1.049356,37.819,2699.699951,2368.859638,,0.639796,,4737.719238,
Sample,24/05/2023 11:17,0,,,12314723,16.936628,3216088,1.049392,32.896004,2699.699951,2368.859638,,0.640376,,4737.719238,
Sample,24/05/2023 11:17,0,,,12314250,16.941973,3216109,1.049399,35.473,2700.300049,2369.366877,,0.640486,,4738.733887,
Sample,24/05/2023 11:17,0,,,12313104,16.954923,3216039,1.049376,30.666998,2700.899902,2369.873909,,0.64012,,4739.748047,
Sample,24/05/2023 11:17,0,,,12311886,16.968688,3216131,1.049406,35.282001,2702.5,2371.226407,,0.640601,,4742.452637,
Sample,24/05/2023 11:17,0,,,12310854,16.980352,3216079,1.049389,36.547001,2702.100098,2370.888386,,0.640329,,4741.776855,
Sample,24/05/2023 11:17,0,,,12310761,16.981403,3216154,1.049414,39.847,2702.699951,2371.395418,,0.640721,,4742.791016,
Sample,24/05/2023 11:18,0,,,12310715,16.981923,3216010,1.049366,40.558002,2703,2371.649037,,0.639968,,4743.297852,
Sample,24/05/2023 11:18,0,,,12309384,16.996967,3215966,1.049352,42.355,2703.699951,2372.240678,,0.639738,,4744.481445,
Sample,24/05/2023 11:18,0,,,12307703,17.015969,3215907,1.049333,43.826,2702.800049,2371.480026,,0.63943,,4742.959961,
Sample,24/05/2023 11:18,0,,,12306507,17.029489,3216048,1.049379,44.841,2703,2371.649037,,0.640167,,4743.297852,
Sample,24/05/2023 11:18,0,,,12306289,17.031954,3216097,1.049395,51.698997,2701.600098,2370.465756,,0.640423,,4740.931641,
Sample,24/05/2023 11:18,0,,,12305646,17.039223,3216059,1.049383,47.331001,2701.800049,2370.634767,,0.640225,,4741.269531,
Sample,24/05/2023 11:18,0,,,12303038,17.068711,3215835,1.049309,47.597004,2700.5,2369.535887,,0.639054,,4739.071777,
Sample,24/05/2023 11:18,0,9411827,5.655088,12301610,17.084859,3215966,1.049352,43.947998,2701.399902,2370.296539,,0.639738,,4740.593262,
Sample,24/05/2023 11:18,0,,,12301338,17.087935,3215875,1.049322,45.644001,2703.300049,2371.902656,,0.639263,,4743.805176,
Sample,24/05/2023 11:18,0,,,12301418,17.08703,3215895,1.049329,48.148998,2705,2373.339557,,0.639367,,4746.679199,
Sample,24/05/2023 11:18,0,,,12301653,17.084373,3216072,1.049387,49.232002,2703.100098,2371.733646,,0.640292,,4743.467285,
Sample,24/05/2023 11:18,0,,,12301902,17.081557,3215968,1.049353,50.150002,2699,2368.267998,,0.639749,,4736.536133,
Sample,24/05/2023 11:19,0,,,12302608,17.073573,3215842,1.049311,47.213997,2702.399902,2371.141799,,0.63909,,4742.283691,
Sample,24/05/2023 11:19,0,,,12302113,17.079171,3215876,1.049322,48.672997,2705.600098,2373.846795,,0.639268,,4747.693359,
Sample,24/05/2023 11:19,0,,,12302266,17.077441,3215934,1.049341,43.661003,2699.699951,2368.859638,,0.639571,,4737.719238,
Sample,24/05/2023 11:19,0,,,12301520,17.085877,3215824,1.049305,42.247002,2700.5,2369.535887,,0.638996,,4739.071777,
Sample,24/05/2023 11:19,0,,,12300563,17.096699,3215848,1.049313,42.812996,2699.100098,2368.352606,,0.639122,,4736.705078,
Sample,24/05/2023 11:19,0,,,12299913,17.10405,3215846,1.049313,43.112003,2699.399902,2368.606019,,0.639111,,4737.211914,
Sample,24/05/2023 11:19,0,,,12299106,17.113177,3215904,1.049332,40.526001,2698.899902,2368.183389,,0.639414,,4736.366699,
Sample,24/05/2023 11:19,0,,,12299268,17.111345,3215755,1.049283,41.056,2696.300049,2365.985837,,0.638635,,4731.97168,
Sample,24/05/2023 11:19,0,,,12298262,17.122724,3215815,1.049302,42.188999,2697,2366.577478,,0.638949,,4733.154785,
Sample,24/05/2023 11:19,0,,,12297481,17.131557,3215689,1.049261,38.073002,2697.699951,2367.169118,,0.63829,,4734.338379,
Sample,24/05/2023 11:19,0,,,12296984,17.137179,3215787,1.049293,37.657001,2697.5,2367.000108,,0.638803,,4734,
Sample,24/05/2023 11:19,0,,,12296170,17.146387,3215756,1.049283,34.917999,2698.199951,2367.591748,,0.638641,,4735.183594,
Sample,24/05/2023 11:20,0,,,12296077,17.147439,3215763,1.049285,37.086998,2697.100098,2366.662086,,0.638677,,4733.324219,
Sample,24/05/2023 11:20,0,,,12295496,17.154012,3215727,1.049273,35.077999,2698.399902,2367.760759,,0.638489,,4735.521484,
Sample,24/05/2023 11:20,0,,,12296004,17.148265,3215719,1.049271,35.063,2698.5,2367.845368,,0.638447,,4735.690918,
Sample,24/05/2023 11:20,0,9411789,5.654879,12296276,17.145188,3215631,1.049242,35.012001,2697.899902,2367.338129,,0.637987,,4734.67627,
Sample,24/05/2023 11:20,0,,,12296804,17.139215,3215693,1.049262,34.836002,2697.199951,2366.746488,,0.638311,,4733.493164,
Sample,24/05/2023 11:20,0,,,12297239,17.134295,3215722,1.049272,33.004997,2699.600098,2368.775236,,0.638463,,4737.550293,
Sample,24/05/2023 11:20,0,,,12296891,17.138231,3215697,1.049264,31.582001,2697.300049,2366.831097,,0.638332,,4733.662109,
Sample,24/05/2023 11:20,0,,,12296747,17.13986,3215691,1.049262,31.633999,2697,2366.577478,,0.638301,,4733.154785,
Sample,24/05/2023 11:20,0,,,12296812,17.139125,3215641,1.049245,29.837,2698.800049,2368.098987,,0.638039,,4736.197754,
Sample,24/05/2023 11:20,0,,,12297061,17.136308,3215654,1.049249,29.136999,2698.899902,2368.183389,,0.638107,,4736.366699,
Sample,24/05/2023 11:20,0,,,12296929,17.137801,3215651,1.049248,31.98,2696.899902,2366.492869,,0.638092,,4732.98584,
Sample,24/05/2023 11:20,0,,,12297809,17.127847,3215644,1.049246,26.531,2697.100098,2366.662086,,0.638055,,4733.324219,
Sample,24/05/2023 11:21,0,,,12299039,17.113935,3215539,1.049212,26.478001,2695.699951,2365.478599,,0.637506,,4730.957031,
Sample,24/05/2023 11:21,0,,,12299516,17.10854,3215509,1.049202,25.626001,2698.300049,2367.676357,,0.637349,,4735.352539,
Sample,24/05/2023 11:21,0,,,12299492,17.108812,3215700,1.049265,24.691999,2697.199951,2366.746488,,0.638348,,4733.493164,
Sample,24/05/2023 11:21,0,,,12297433,17.1321,3215629,1.049241,24.313,2696.899902,2366.492869,,0.637977,,4732.98584,
Sample,24/05/2023 11:21,0,,,12295953,17.148842,3215677,1.049257,23.468,2698.5,2367.845368,,0.638228,,4735.690918,
Sample,24/05/2023 11:21,0,,,12294616,17.163967,3215510,1.049202,23.566999,2695.899902,2365.647609,,0.637354,,4731.29541,
Sample,24/05/2023 11:21,0,,,12293808,17.173109,3215572,1.049222,23.216999,2696.800049,2366.408467,,0.637678,,4732.816895,
Sample,24/05/2023 11:21,0,,,12293489,17.176718,3215644,1.049246,22.695,2700,2369.113257,,0.638055,,4738.226562,
Sample,24/05/2023 11:21,0,,,12292812,17.184377,3215698,1.049264,21.542,2698.399902,2367.760759,,0.638337,,4735.521484,
Sample,24/05/2023 11:21,0,,,12292596,17.186821,3215562,1.049219,23.139999,2698.600098,2367.929976,,0.637626,,4735.859863,
Sample,24/05/2023 11:21,0,,,12292683,17.185837,3215739,1.049277,22.681999,2697.699951,2367.169118,,0.638552,,4734.338379,
Sample,24/05/2023 11:21,0,9411748,5.654654,12291804,17.195783,3215697,1.049264,22.646999,2696.399902,2366.070239,,0.638332,,4732.140625,
Sample,24/05/2023 11:22,0,,,12290723,17.208015,3215527,1.049208,22.625,2695.199951,2365.055969,,0.637443,,4730.111816,
Sample,24/05/2023 11:22,0,,,12290927,17.205707,3215690,1.049261,22.25,2698.300049,2367.676357,,0.638296,,4735.352539,
Sample,24/05/2023 11:22,0,,,12290544,17.210041,3215601,1.049232,21.6,2695.600098,2365.394196,,0.63783,,4730.788574,
Sample,24/05/2023 11:22,0,,,12289524,17.221583,3215634,1.049243,21.969999,2699.100098,2368.352606,,0.638003,,4736.705078,
Sample,24/05/2023 11:22,0,,,12288953,17.228045,3215674,1.049256,22.212,2698.5,2367.845368,,0.638212,,4735.690918,
Sample,24/05/2023 11:22,0,,,12288714,17.23075,3215602,1.049232,21.468,2699.199951,2368.437008,,0.637835,,4736.874023,
Sample,24/05/2023 11:22,0,,,12288637,17.231622,3215725,1.049273,21.898998,2701.5,2370.381147,,0.638479,,4740.762207,
Sample,24/05/2023 11:22,0,,,12288750,17.230343,3215758,1.049284,21.742001,2701.800049,2370.634767,,0.638651,,4741.269531,
Sample,24/05/2023 11:22,0,,,12289123,17.226121,3215529,1.049208,22.049,2699.800049,2368.944247,,0.637454,,4737.888672,
Sample,24/05/2023 11:22,0,,,12290256,17.2133,3215450,1.049182,22.284,2697.699951,2367.169118,,0.63704,,4734.338379,
Sample,24/05/2023 11:22,0,,,12289221,17.225012,3215513,1.049203,22.407,2698.5,2367.845368,,0.63737,,4735.690918,
Sample,24/05/2023 11:22,0,,,12292076,17.192705,3215511,1.049202,22.145,2700.100098,2369.197866,,0.637359,,4738.395508,
Sample,24/05/2023 11:23,0,,,12293118,17.180915,3215428,1.049175,21.791,2697.699951,2367.169118,,0.636925,,4734.338379,
Sample,24/05/2023 11:23,0,,,12292314,17.190012,3215447,1.049181,21.778,2696.300049,2365.985837,,0.637025,,4731.97168,
Sample,24/05/2023 11:23,0,,,12291159,17.203081,3215509,1.049202,22.481998,2699.899902,2369.028649,,0.637349,,4738.057129,
Sample,24/05/2023 11:23,0,,,12289742,17.219116,3215330,1.049143,21.748999,2697.899902,2367.338129,,0.636412,,4734.67627,
Sample,24/05/2023 11:23,0,,,12289102,17.226359,3215459,1.049185,21.882,2698,2367.422738,,0.637087,,4734.845703,
Sample,24/05/2023 11:23,0,,,12288895,17.228702,3215401,1.049166,21.965,2698.100098,2367.507346,,0.636784,,4735.014648,
Sample,24/05/2023 11:23,0,,,12288434,17.233919,3215512,1.049203,21.638998,2697.199951,2366.746488,,0.637365,,4733.493164,
Sample,24/05/2023 11:23,0,9411692,5.654346,12287387,17.245769,3215574,1.049223,21.693998,2697.5,2367.000108,,0.637689,,4734,
Sample,24/05/2023 11:23,0,,,12287850,17.240529,3215478,1.049192,21.303999,2702.399902,2371.141799,,0.637187,,4742.283691,
Sample,24/05/2023 11:23,0,,,12287641,17.242894,3215597,1.049231,21.918999,2697.899902,2367.338129,,0.637809,,4734.67627,
Sample,24/05/2023 11:23,0,,,12286052,17.26088,3215442,1.04918,21.503,2699.100098,2368.352606,,0.636998,,4736.705078,
Sample,24/05/2023 11:23,0,,,12285686,17.265022,3215325,1.049141,21.061001,2698.100098,2367.507346,,0.636386,,4735.014648,
Sample,24/05/2023 11:24,0,,,12284732,17.275822,3215217,1.049106,21.353001,2700.100098,2369.197866,,0.635821,,4738.395508,
Sample,24/05/2023 11:24,0,,,12283102,17.294274,3215259,1.04912,21.617001,2699.100098,2368.352606,,0.636041,,4736.705078,
Sample,24/05/2023 11:24,0,,,12281216,17.315628,3215362,1.049153,21.351002,2699.899902,2369.028649,,0.63658,,4738.057129,
Sample,24/05/2023 11:24,0,,,12279829,17.331333,3215074,1.049059,22.011002,2700.5,2369.535887,,0.635073,,4739.071777,
Sample,24/05/2023 11:24,0,,,12278951,17.341275,3215131,1.049078,21.878,2700.5,2369.535887,,0.635371,,4739.071777,
Sample,24/05/2023 11:24,0,,,12278548,17.345839,3215078,1.04906,21.645,2698.399902,2367.760759,,0.635094,,4735.521484,
Sample,24/05/2023 11:24,0,,,12277411,17.358716,3215168,1.04909,22.051998,2700.899902,2369.873909,,0.635565,,4739.748047,
Sample,24/05/2023 11:24,0,,,12277315,17.359803,3215196,1.049099,22.188,2700.199951,2369.282268,,0.635711,,4738.564453,
Sample,24/05/2023 11:24,0,,,12276378,17.370415,3215023,1.049042,21.987,2698.699951,2368.014378,,0.634806,,4736.028809,
Sample,24/05/2023 11:24,0,,,12275994,17.374764,3215023,1.049042,22.097,2699.399902,2368.606019,,0.634806,,4737.211914,
Sample,24/05/2023 11:24,0,,,12276309,17.371197,3215065,1.049056,22.42,2702.100098,2370.888386,,0.635026,,4741.776855,
Sample,24/05/2023 11:24,0,,,12276235,17.372035,3215100,1.049067,22.241001,2700.300049,2369.366877,,0.635209,,4738.733887,
Sample,24/05/2023 11:25,0,,,12275788,17.377098,3215054,1.049052,22.481001,2703.300049,2371.902656,,0.634968,,4743.805176,
Sample,24/05/2023 11:25,0,,,12275081,17.385106,3214892,1.048999,22.768999,2700,2369.113257,,0.63412,,4738.226562,
Sample,24/05/2023 11:25,0,,,12274581,17.390769,3214865,1.04899,22.587,2701.399902,2370.296539,,0.633979,,4740.593262,
Sample,24/05/2023 11:25,0,9411647,5.654099,12273934,17.398098,3214904,1.049003,22.813999,2700.699951,2369.704898,,0.634183,,4739.409668,
Sample,24/05/2023 11:25,0,,,12272814,17.410786,3214946,1.049017,23.197001,2700.5,2369.535887,,0.634403,,4739.071777,
Sample,24/05/2023 11:25,0,,,12272495,17.4144,3214973,1.049026,23.438,2700.699951,2369.704898,,0.634544,,4739.409668,
Sample,24/05/2023 11:25,0,,,12270970,17.431678,3214746,1.048951,21.786001,2698.899902,2368.183389,,0.633355,,4736.366699,
Sample,24/05/2023 11:25,0,,,12269584,17.447382,3214902,1.049002,20.313,2700.199951,2369.282268,,0.634172,,4738.564453,
Sample,24/05/2023 11:25,0,,,12268924,17.45486,3215030,1.049044,22.898001,2699.600098,2368.775236,,0.634842,,4737.550293,
Sample,24/05/2023 11:25,0,,,12268579,17.45877,3214980,1.049028,23.863998,2700.800049,2369.789507,,0.634581,,4739.579102,
Sample,24/05/2023 11:25,0,,,12268003,17.465297,3214987,1.04903,24.117001,2699.699951,2368.859638,,0.634617,,4737.719238,
Sample,24/05/2023 11:25,0,,,12267457,17.471485,3214888,1.048998,21.291,2698.199951,2367.591748,,0.634099,,4735.183594,
Sample,24/05/2023 11:26,0,,,12267514,17.470839,3214873,1.048993,22.93,2699.800049,2368.944247,,0.63402,,4737.888672,
Sample,24/05/2023 11:26,0,,,12267127,17.475224,3214946,1.049017,22.271999,2698.699951,2368.014378,,0.634403,,4736.028809,
Sample,24/05/2023 11:26,0,,,12266777,17.479191,3214960,1.049021,22.233999,2698.800049,2368.098987,,0.634476,,4736.197754,
Sample,24/05/2023 11:26,0,,,12265577,17.492791,3214906,1.049004,21.85,2700.300049,2369.366877,,0.634193,,4738.733887,
Sample,24/05/2023 11:26,0,,,12264622,17.503616,3215018,1.04904,21.879,2699.300049,2368.521617,,0.63478,,4737.043457,
Sample,24/05/2023 11:26,0,,,12264260,17.507719,3214912,1.049006,21.516001,2698.600098,2367.929976,,0.634225,,4735.859863,
Sample,24/05/2023 11:26,0,,,12263526,17.516039,3214938,1.049014,20.901001,2700.399902,2369.451279,,0.634361,,4738.902344,
Sample,24/05/2023 11:26,0,,,12262719,17.525187,3214607,1.048905,10.125,2708.399902,2376.213358,,0.632627,,4752.426758,
Sample,24/05/2023 11:26,0,,,12262529,17.527341,3214847,1.048984,486.929993,2750.600098,2411.883491,,0.633884,,4823.76709,
Sample,24/05/2023 11:26,0,,,12261555,17.538383,3214978,1.049027,242.139984,2735.100098,2398.781963,,0.63457,,4797.563965,
Sample,24/05/2023 11:26,0,,,12260729,17.547748,3214870,1.048992,197.899994,2718.699951,2384.919576,,0.634005,,4769.839355,
Sample,24/05/2023 11:26,0,9411550,5.653565,12259951,17.556569,3214714,1.04894,166.290009,2710.899902,2378.326508,,0.633188,,4756.652832,
Sample,24/05/2023 11:27,0,,,12259180,17.565311,3214762,1.048956,160.639999,2710.100098,2377.650465,,0.633439,,4755.300781,
Sample,24/05/2023 11:27,0,,,12260981,17.544891,3214823,1.048976,194.309998,2711.300049,2378.664736,,0.633759,,4757.32959,
Sample,24/05/2023 11:27,0,,,12260079,17.555117,3214953,1.049019,205.399994,2716.300049,2382.891035,,0.634439,,4765.782227,
Sample,24/05/2023 11:27,0,,,12259231,17.564732,3214841,1.048982,225.75,2716.199951,2382.806427,,0.633853,,4765.612793,
Sample,24/05/2023 11:27,0,,,12259425,17.562533,3214812,1.048973,251.080002,2713.199951,2380.270647,,0.633701,,4760.541504,
Sample,24/05/2023 11:27,0,,,12260589,17.549335,3214732,1.048946,255.589996,2712.300049,2379.509996,,0.633282,,4759.02002,
Sample,24/05/2023 11:27,0,,,12261625,17.537589,3214757,1.048955,248.610016,2717.300049,2383.736295,,0.633413,,4767.472656,
Sample,24/05/2023 11:27,0,,,12260991,17.544777,3214494,1.048868,246.610016,2715.5,2382.214786,,0.632035,,4764.429688,
Sample,24/05/2023 11:27,0,,,12260775,17.547226,3214738,1.048948,250.550003,2715.899902,2382.552807,,0.633313,,4765.105469,
Sample,24/05/2023 11:27,0,,,12260516,17.550163,3214630,1.048913,243.899994,2715.300049,2382.045775,,0.632748,,4764.091309,
Sample,24/05/2023 11:27,0,,,12259358,17.563292,3214810,1.048972,147.220001,2716.600098,2383.144654,,0.633691,,4766.289551,
Sample,24/05/2023 11:27,0,,,12258950,17.567919,3214260,1.048791,167.630005,2715.5,2382.214786,,0.630809,,4764.429688,
Sample,24/05/2023 11:28,0,,,12257497,17.584395,3215011,1.049038,133.480011,2714.199951,2381.115907,,0.634743,,4762.231934,
Sample,24/05/2023 11:28,0,,,12256403,17.596802,3214914,1.049006,63.632996,2714.699951,2381.538537,,0.634235,,4763.077148,
Sample,24/05/2023 11:28,0,,,12256150,17.599671,3214361,1.048824,43.466,2711.600098,2378.918355,,0.631338,,4757.836914,
Sample,24/05/2023 11:28,0,,,12256436,17.596427,3214715,1.048941,25.424,2707.800049,2375.706326,,0.633193,,4751.412598,
Sample,24/05/2023 11:28,0,,,12254521,17.618147,3214219,1.048778,20.541,2704.100098,2372.578906,,0.630594,,4745.157715,
Sample,24/05/2023 11:28,0,,,12253926,17.624895,3214719,1.048942,19.858999,2702.100098,2370.888386,,0.633214,,4741.776855,
Sample,24/05/2023 11:28,0,,,12252483,17.641264,3213926,1.048681,18.514,2701.699951,2370.550158,,0.629058,,4741.100098,
Sample,24/05/2023 11:28,0,9411525,5.653428,12250621,17.662388,3214457,1.048856,15.623001,2700.699951,2369.704898,,0.631841,,4739.409668,
Sample,24/05/2023 11:28,0,,,12249434,17.675855,3214178,1.048764,15.324,2699.600098,2368.775236,,0.630379,,4737.550293,
Sample,24/05/2023 11:28,0,,,12250858,17.659699,3214299,1.048804,12.844,2698.199951,2367.591748,,0.631013,,4735.183594,
Sample,24/05/2023 11:28,0,,,12251253,17.655218,3214123,1.048746,12.518001,2697.100098,2366.662086,,0.630091,,4733.324219,
Sample,24/05/2023 11:28,0,,,12251369,17.653902,3214246,1.048787,11.455999,2697.300049,2366.831097,,0.630736,,4733.662109,
Sample,24/05/2023 11:29,0,,,12250712,17.661355,3213948,1.048689,10.749001,2696.5,2366.154848,,0.629173,,4732.30957,
Sample,24/05/2023 11:29,0,,,12251485,17.652586,3214305,1.048806,9.918699,2693.300049,2363.450057,,0.631045,,4726.899902,
Sample,24/05/2023 11:29,0,,,12252532,17.640708,3213881,1.048667,8.4402,2694.100098,2364.126307,,0.628822,,4728.252441,
Sample,24/05/2023 11:29,0,,,12250823,17.660096,3213859,1.048659,8.534599,2693.600098,2363.703677,,0.628706,,4727.407227,
Sample,24/05/2023 11:29,0,,,12250681,17.661707,3213827,1.048649,8.2692,2692.5,2362.773808,,0.628539,,4725.547852,
Sample,24/05/2023 11:29,0,,,12249068,17.680008,3213492,1.048539,8.0383,2693.300049,2363.450057,,0.626781,,4726.899902,
Sample,24/05/2023 11:29,0,,,12248199,17.689869,3214118,1.048745,17.156,2689.100098,2359.900007,,0.630065,,4719.799805,
Sample,24/05/2023 11:29,0,,,12248472,17.686771,3213362,1.048496,0.1061,2453.600098,2160.841299,,0.626099,,4321.682617,
Sample,24/05/2023 11:29,0,,,12253309,17.631894,3213653,1.048592,150.809998,2701.399902,2370.296539,,0.627626,,4740.593262,
Sample,24/05/2023 11:29,0,,,12251980,17.64697,3215254,1.049118,7.7487,2694.699951,2364.633339,,0.636015,,4729.266602,
Sample,24/05/2023 11:29,0,,,12247208,17.701114,3214425,1.048845,8.769,2685.300049,2356.687978,,0.631674,,4713.375977,
Sample,24/05/2023 11:29,0,,,12243413,17.744185,3214949,1.049018,1.0676,2662.100098,2337.07799,,0.634418,,4674.155762,
Sample,24/05/2023 11:30,0,,,12240228,17.780342,3214622,1.04891,1.0498,2652.199951,2328.709793,,0.632706,,4657.419434,
Sample,24/05/2023 11:30,0,,,12239718,17.786133,3214521,1.048877,0.9147,2649.699951,2326.596643,,0.632177,,4653.193359,
Sample,24/05/2023 11:30,0,,,12238540,17.799508,3213849,1.048656,1.0095,2648.399902,2325.497764,,0.628654,,4650.995605,
Sample,24/05/2023 11:30,0,9411451,5.653021,12237381,17.812669,3214714,1.04894,1.3516,2654.199951,2330.400312,,0.633188,,4660.800781,
Sample,24/05/2023 11:30,0,,,12235829,17.830294,3213982,1.0487,3.883,2716.699951,2383.229057,,0.629351,,4766.458008,
Sample,24/05/2023 11:30,0,,,12234967,17.840084,3214075,1.04873,1.325,2656.899902,2332.682473,,0.629839,,4665.364746,
Sample,24/05/2023 11:30,0,,,12234447,17.84599,3214159,1.048758,4.568799,2714.899902,2381.707547,,0.63028,,4763.415039,
Sample,24/05/2023 11:30,0,,,12233508,17.856656,3213744,1.048622,3.9675,2686.600098,2357.786857,,0.628103,,4715.57373,
Sample,24/05/2023 11:30,0,,,12232670,17.866175,3214973,1.049026,5.6834,2673.100098,2346.375849,,0.634544,,4692.751465,
Sample,24/05/2023 11:30,0,,,12231323,17.881477,3213843,1.048654,3.4117,2710.800049,2378.242106,,0.628622,,4756.484375,
Sample,24/05/2023 11:30,0,,,12231115,17.88384,3214169,1.048761,2.1192,2680.100098,2352.292668,,0.630332,,4704.585449,
Sample,24/05/2023 11:30,0,,,12229035,17.907472,3214344,1.048819,1.1775,2655.300049,2331.330181,,0.631249,,4662.660156,
Sample,24/05/2023 11:31,0,,,12228125,17.917812,3215057,1.049053,0.9321,2656.699951,2332.513462,,0.634984,,4665.026855,
Sample,24/05/2023 11:31,0,,,12228335,17.915426,3214655,1.048921,0.8828,2662.5,2337.416011,,0.632879,,4674.832031,
Sample,24/05/2023 11:31,0,,,12228363,17.915108,3214703,1.048937,0.8842,2662.800049,2337.66963,,0.63313,,4675.339355,
Sample,24/05/2023 11:31,0,,,12228327,17.915517,3214772,1.04896,0.8862,2663.399902,2338.176662,,0.633492,,4676.353516,
Sample,24/05/2023 11:31,0,,,12228726,17.910983,3214845,1.048984,2.7327,2679.399902,2351.700821,,0.633874,,4703.401855,
Sample,24/05/2023 11:31,0,,,12227293,17.927267,3214724,1.048944,1.1615,2661.300049,2336.40174,,0.63324,,4672.803711,
Sample,24/05/2023 11:31,0,,,12226397,17.937449,3214338,1.048817,1.3583,2670.300049,2344.00908,,0.631218,,4688.018066,
Sample,24/05/2023 11:31,0,,,12226439,17.936972,3214284,1.048799,1.2865,2672.5,2345.86861,,0.630935,,4691.737305,
Sample,24/05/2023 11:31,0,,,12225622,17.946257,3214339,1.048817,1.3454,2675.600098,2348.488998,,0.631223,,4696.978027,
Sample,24/05/2023 11:31,0,,,12224492,17.9591,3214387,1.048833,1.403,2672.399902,2345.784001,,0.631475,,4691.567871,
Sample,24/05/2023 11:31,0,,,12223100,17.974922,3214327,1.048813,1.4681,2675.100098,2348.066368,,0.63116,,4696.132812,
Sample,24/05/2023 11:31,0,9405521,5.620419,12222133,17.985915,3214398,1.048837,1.4603,2677.699951,2350.26392,,0.631532,,4700.527832,
Sample,24/05/2023 11:32,0,,,12220891,18.000035,3214338,1.048817,1.5301,2678.100098,2350.602148,,0.631218,,4701.204102,
Sample,24/05/2023 11:32,0,,,12220264,18.007163,3214285,1.048799,1.5479,2681,2353.053319,,0.63094,,4706.106445,
Sample,24/05/2023 11:32,0,,,12219643,18.014224,3214344,1.048819,1.4619,2676.100098,2348.911628,,0.631249,,4697.823242,
