sensor,site,datetime,temp,turbidity,depth,ssc,turbidity_std
AQL,calibration,30/09/2024 19:08,18.741728,24.139892,0.760431,48.279785,0
AQL,calibration,30/09/2024 19:09,18.742162,24.106176,0.759393,48.212353,0
AQL,calibration,30/09/2024 19:09,18.743019,24.111111,0.759675,48.222221,0
AQL,calibration,30/09/2024 19:09,18.743727,24.147294,0.759685,48.29459,0
AQL,calibration,30/09/2024 19:09,18.744082,24.162098,0.759574,48.324196,0
AQL,calibration,30/09/2024 19:09,18.744333,24.171965,0.760502,48.343929,0
AQL,calibration,30/09/2024 19:09,18.745064,24.168673,0.76156,48.337345,0
AQL,calibration,30/09/2024 19:09,18.746013,24.17032,0.761475,48.340641,0
AQL,calibration,30/09/2024 19:09,18.746527,24.165385,0.761994,48.330769,0
AQL,calibration,30/09/2024 19:09,18.74695,24.151407,0.762528,48.302814,0
AQL,calibration,30/09/2024 19:09,18.747396,24.14236,0.761933,48.284718,0
AQL,calibration,30/09/2024 19:09,18.748013,24.105354,0.760986,48.210709,0
AQL,calibration,30/09/2024 19:09,18.748973,24.102067,0.760966,48.204132,0
AQL,calibration,30/09/2024 19:09,18.749578,24.102067,0.761248,48.204132,0
AQL,calibration,30/09/2024 19:09,18.749944,24.097952,0.761117,48.195904,0
AQL,calibration,30/09/2024 19:09,18.750172,24.097952,0.760809,48.195904,0
AQL,calibration,30/09/2024 19:09,18.750458,24.069172,0.76157,48.138344,0
AQL,calibration,30/09/2024 19:09,18.751361,24.065059,0.762744,48.130119,0
AQL,calibration,30/09/2024 19:09,18.751818,24.06835,0.763041,48.1367,0
AQL,calibration,30/09/2024 19:09,18.751955,24.059305,0.762895,48.11861,0
AQL,calibration,30/09/2024 19:09,18.752104,24.050258,0.763409,48.100513,0
AQL,calibration,30/09/2024 19:09,18.751281,24.03381,0.763807,48.067619,0
AQL,calibration,30/09/2024 19:09,18.751944,24.032987,0.762905,48.065975,0
AQL,calibration,30/09/2024 19:09,18.752218,24.032167,0.762936,48.064335,0
AQL,calibration,30/09/2024 19:09,18.752184,24.024763,0.762971,48.049526,0
AQL,calibration,30/09/2024 19:09,18.752252,24.037923,0.763001,48.075848,0
AQL,calibration,30/09/2024 19:09,18.750298,24.086438,0.763273,48.172874,0
AQL,calibration,30/09/2024 19:09,18.750892,24.080685,0.763953,48.161369,0
AQL,calibration,30/09/2024 19:09,18.750801,24.081507,0.763772,48.163013,0
AQL,calibration,30/09/2024 19:09,18.750869,24.083151,0.764673,48.166302,0
AQL,calibration,30/09/2024 19:09,18.750767,24.077394,0.757799,48.154789,0
AQL,calibration,30/09/2024 19:10,18.748253,24.073283,0.756952,48.146564,0
AQL,calibration,30/09/2024 19:10,18.748595,24.07575,0.756815,48.151501,0
AQL,calibration,30/09/2024 19:10,18.748904,24.07575,0.756477,48.151501,0
AQL,calibration,30/09/2024 19:10,18.748835,24.079863,0.756276,48.159725,0
AQL,calibration,30/09/2024 19:10,18.748344,24.081507,0.756331,48.163013,0
AQL,calibration,30/09/2024 19:10,18.745956,24.092198,0.756477,48.184395,0
AQL,calibration,30/09/2024 19:10,18.746584,24.090552,0.756422,48.181103,0
AQL,calibration,30/09/2024 19:10,18.746641,24.086438,0.756265,48.172874,0
AQL,calibration,30/09/2024 19:10,18.746504,24.087262,0.756472,48.174522,0
AQL,calibration,30/09/2024 19:10,18.746241,24.090552,0.756094,48.181103,0
AQL,calibration,30/09/2024 19:10,18.744082,24.104532,0.755544,48.209064,0
AQL,calibration,30/09/2024 19:10,18.744733,24.122625,0.756139,48.245251,0
AQL,calibration,30/09/2024 19:10,18.744653,24.130849,0.755655,48.261696,0
AQL,calibration,30/09/2024 19:10,18.744619,24.148938,0.755857,48.297874,0
AQL,calibration,30/09/2024 19:10,18.744402,24.152227,0.756175,48.304455,0
AQL,calibration,30/09/2024 19:10,18.742493,24.239396,0.756376,48.478794,0
AQL,calibration,30/09/2024 19:10,18.743122,24.238573,0.756957,48.477146,0
AQL,calibration,30/09/2024 19:10,18.743236,24.249264,0.756316,48.498528,0
AQL,calibration,30/09/2024 19:10,18.743145,24.259131,0.756568,48.518261,0
AQL,calibration,30/09/2024 19:10,18.743042,24.259955,0.756735,48.519909,0
AQL,calibration,30/09/2024 19:10,18.741373,24.303538,0.75733,48.607079,0
AQL,calibration,30/09/2024 19:10,18.741785,24.311762,0.756765,48.623524,0
AQL,calibration,30/09/2024 19:10,18.742105,24.319164,0.755872,48.638329,0
AQL,calibration,30/09/2024 19:10,18.742219,24.31752,0.756397,48.63504,0
AQL,calibration,30/09/2024 19:10,18.741991,24.31752,0.756311,48.63504,0
AQL,calibration,30/09/2024 19:10,18.740117,24.270645,0.75675,48.54129,0
AQL,calibration,30/09/2024 19:10,18.740916,24.257487,0.756699,48.514977,0
AQL,calibration,30/09/2024 19:10,18.740974,24.238573,0.756553,48.477146,0
AQL,calibration,30/09/2024 19:10,18.740951,24.234462,0.756563,48.468925,0
AQL,calibration,30/09/2024 19:10,18.740814,24.220482,0.756583,48.440964,0
AQL,calibration,30/09/2024 19:11,18.739111,24.222951,0.757118,48.4459,0
AQL,calibration,30/09/2024 19:11,18.739797,24.220482,0.757219,48.440964,0
AQL,calibration,30/09/2024 19:11,18.739911,24.217194,0.757391,48.434387,0
AQL,calibration,30/09/2024 19:11,18.739979,24.213904,0.757113,48.427807,0
AQL,calibration,30/09/2024 19:11,18.739922,24.196634,0.757073,48.393269,0
AQL,calibration,30/09/2024 19:11,18.738334,24.178543,0.756503,48.357086,0
AQL,calibration,30/09/2024 19:11,18.738951,24.17772,0.756604,48.355438,0
AQL,calibration,30/09/2024 19:11,18.739077,24.183478,0.756942,48.366955,0
AQL,calibration,30/09/2024 19:11,18.739134,24.190878,0.75731,48.381756,0
AQL,calibration,30/09/2024 19:11,18.73902,24.213904,0.756952,48.427807,0
AQL,calibration,30/09/2024 19:11,18.736437,26.07898,0.755751,52.157959,0
AQL,calibration,30/09/2024 19:11,18.736003,26.2969,0.755544,52.5938,0
AQL,calibration,30/09/2024 19:11,18.735009,26.106118,0.755761,52.212234,0
AQL,calibration,30/09/2024 19:11,18.73494,25.792803,0.755635,51.585606,0
AQL,calibration,30/09/2024 19:11,18.734552,25.471269,0.756482,50.942535,0
AQL,calibration,30/09/2024 19:11,18.732621,24.77721,0.757224,49.55442,0
AQL,calibration,30/09/2024 19:11,18.733146,24.733625,0.756947,49.467251,0
AQL,calibration,30/09/2024 19:11,18.733581,24.699087,0.756937,49.398174,0
AQL,calibration,30/09/2024 19:11,18.733638,24.649745,0.757658,49.299488,0
AQL,calibration,30/09/2024 19:11,18.733855,24.59465,0.756921,49.189301,0
AQL,calibration,30/09/2024 19:11,18.733078,24.441695,0.757542,48.883389,0
AQL,calibration,30/09/2024 19:11,18.733992,24.420313,0.75729,48.840626,0
AQL,calibration,30/09/2024 19:11,18.734232,24.40222,0.75735,48.80444,0
AQL,calibration,30/09/2024 19:11,18.73462,24.385773,0.757244,48.771545,0
AQL,calibration,30/09/2024 19:11,18.734712,24.358637,0.757416,48.717274,0
AQL,calibration,30/09/2024 19:11,18.734266,24.292024,0.756785,48.584049,0
AQL,calibration,30/09/2024 19:11,18.734997,24.279689,0.756059,48.55938,0
AQL,calibration,30/09/2024 19:11,18.735443,24.266534,0.756432,48.53307,0
AQL,calibration,30/09/2024 19:11,18.735752,24.259955,0.756518,48.519909,0
AQL,calibration,30/09/2024 19:11,18.736003,24.257487,0.75627,48.514977,0
AQL,calibration,30/09/2024 19:12,18.735409,24.231995,0.756745,48.463989,0
AQL,calibration,30/09/2024 19:12,18.736357,24.239396,0.757174,48.478794,0
AQL,calibration,30/09/2024 19:12,18.736517,24.232818,0.757426,48.465637,0
AQL,calibration,30/09/2024 19:12,18.73686,24.236929,0.757093,48.473858,0
AQL,calibration,30/09/2024 19:12,18.73686,24.227062,0.756861,48.454124,0
AQL,calibration,30/09/2024 19:12,18.736414,24.20568,0.757118,48.411362,0
AQL,calibration,30/09/2024 19:12,18.73718,24.199102,0.756129,48.398205,0
AQL,calibration,30/09/2024 19:12,18.737626,24.185122,0.756911,48.370243,0
AQL,calibration,30/09/2024 19:12,18.737614,24.182656,0.756503,48.365311,0
AQL,calibration,30/09/2024 19:12,18.73806,24.175253,0.756397,48.350506,0
AQL,calibration,30/09/2024 19:12,18.737088,24.181834,0.756715,48.363667,0
AQL,calibration,30/09/2024 19:12,18.737968,24.190055,0.756841,48.380108,0
AQL,calibration,30/09/2024 19:12,18.738483,24.189231,0.756866,48.378464,0
AQL,calibration,30/09/2024 19:12,18.738528,24.190878,0.7568,48.381756,0
AQL,calibration,30/09/2024 19:12,18.738597,24.194169,0.757481,48.388336,0
AQL,calibration,30/09/2024 19:12,18.738083,24.189231,0.756992,48.378464,0
AQL,calibration,30/09/2024 19:12,18.738722,24.185944,0.75681,48.371887,0
AQL,calibration,30/09/2024 19:12,18.739157,24.181011,0.756629,48.362022,0
AQL,calibration,30/09/2024 19:12,18.739351,24.176896,0.756659,48.353794,0
AQL,calibration,30/09/2024 19:12,18.739465,24.171965,0.756765,48.343929,0
AQL,calibration,30/09/2024 19:12,18.738757,24.171965,0.757063,48.343929,0
AQL,calibration,30/09/2024 19:12,18.739499,24.167852,0.757713,48.335705,0
AQL,calibration,30/09/2024 19:12,18.739945,24.167852,0.756679,48.335705,0
AQL,calibration,30/09/2024 19:12,18.740117,24.163741,0.757673,48.327484,0
AQL,calibration,30/09/2024 19:12,18.740071,24.164562,0.757017,48.329124,0
AQL,calibration,30/09/2024 19:12,18.739522,24.139892,0.756639,48.279785,0
AQL,calibration,30/09/2024 19:12,18.740345,24.134136,0.756947,48.268272,0
AQL,calibration,30/09/2024 19:12,18.740596,24.133316,0.756644,48.266632,0
AQL,calibration,30/09/2024 19:12,18.740791,24.125912,0.75617,48.251823,0
AQL,calibration,30/09/2024 19:12,18.740871,24.120981,0.756659,48.241962,0
AQL,calibration,30/09/2024 19:13,18.739945,24.100423,0.756725,48.200844,0
AQL,calibration,30/09/2024 19:13,18.740665,24.102067,0.756321,48.204132,0
AQL,calibration,30/09/2024 19:13,18.741145,24.096309,0.756371,48.192616,0
AQL,calibration,30/09/2024 19:13,18.741259,24.092198,0.756649,48.184395,0
AQL,calibration,30/09/2024 19:13,18.741408,24.092198,0.756704,48.184395,0
AQL,calibration,30/09/2024 19:13,18.740516,24.076571,0.757552,48.153141,0
AQL,calibration,30/09/2024 19:13,18.741396,24.07246,0.757184,48.14492,0
AQL,calibration,30/09/2024 19:13,18.741796,24.069172,0.756977,48.138344,0
AQL,calibration,30/09/2024 19:13,18.741785,24.065059,0.757088,48.130119,0
AQL,calibration,30/09/2024 19:13,18.741968,24.063416,0.757154,48.126831,0
AQL,calibration,30/09/2024 19:13,18.741019,24.048614,0.757375,48.097229,0
AQL,calibration,30/09/2024 19:13,18.741808,24.042034,0.757421,48.084068,0
AQL,calibration,30/09/2024 19:13,18.741911,24.037923,0.758036,48.075848,0
AQL,calibration,30/09/2024 19:13,18.742173,24.038746,0.757436,48.077492,0
AQL,calibration,30/09/2024 19:13,18.742162,24.042034,0.758006,48.084068,0
AQL,calibration,30/09/2024 19:13,18.741202,24.029699,0.755614,48.059399,0
AQL,calibration,30/09/2024 19:13,18.742162,24.025587,0.755276,48.051174,0
AQL,calibration,30/09/2024 19:13,18.742288,24.025587,0.755766,48.051174,0
AQL,calibration,30/09/2024 19:13,18.742425,24.024763,0.755337,48.049526,0
AQL,calibration,30/09/2024 19:13,18.742585,24.019008,0.755488,48.038017,0
AQL,calibration,30/09/2024 19:13,18.741591,24.013252,0.756321,48.026505,0
AQL,calibration,30/09/2024 19:13,18.742516,24.013252,0.756977,48.026505,0
AQL,calibration,30/09/2024 19:13,18.742539,24.005027,0.756129,48.010056,0
AQL,calibration,30/09/2024 19:13,18.74271,24.004205,0.756881,48.008411,0
AQL,calibration,30/09/2024 19:13,18.742699,24.003383,0.756916,48.006767,0
AQL,calibration,30/09/2024 19:13,18.741796,23.991048,0.757819,47.982098,0
AQL,calibration,30/09/2024 19:13,18.742768,23.993516,0.757794,47.98703,0
AQL,calibration,30/09/2024 19:13,18.74303,24.000094,0.756967,48.000187,0
AQL,calibration,30/09/2024 19:13,18.742985,24.000094,0.757431,48.000187,0
AQL,calibration,30/09/2024 19:13,18.743133,24.000094,0.757713,48.000187,0
AQL,calibration,30/09/2024 19:14,18.742276,24.025587,0.757431,48.051174,0
AQL,calibration,30/09/2024 19:14,18.742905,24.028876,0.757729,48.057751,0
AQL,calibration,30/09/2024 19:14,18.743202,24.025587,0.757537,48.051174,0
AQL,calibration,30/09/2024 19:14,18.743316,24.032167,0.757401,48.064335,0
AQL,calibration,30/09/2024 19:14,18.743522,24.04039,0.75737,48.08078,0
AQL,calibration,30/09/2024 19:14,18.742448,24.069994,0.757481,48.139988,0
AQL,calibration,30/09/2024 19:14,18.743122,24.086438,0.758147,48.172874,0
AQL,calibration,30/09/2024 19:14,18.743522,24.10782,0.757386,48.215641,0
AQL,calibration,30/09/2024 19:14,18.743636,24.131669,0.757693,48.263336,0
AQL,calibration,30/09/2024 19:14,18.743693,24.149761,0.757552,48.299522,0
AQL,calibration,30/09/2024 19:14,18.742825,24.198278,0.757618,48.396557,0
AQL,calibration,30/09/2024 19:14,18.743567,24.199102,0.757613,48.398205,0
AQL,calibration,30/09/2024 19:14,18.743785,24.182656,0.757426,48.365311,0
AQL,calibration,30/09/2024 19:14,18.743876,24.189231,0.757441,48.378464,0
AQL,calibration,30/09/2024 19:14,18.743967,24.199922,0.757164,48.399845,0
AQL,calibration,30/09/2024 19:14,18.743076,24.183478,0.756548,48.366955,0
AQL,calibration,30/09/2024 19:14,18.743819,24.171143,0.756881,48.342285,0
AQL,calibration,30/09/2024 19:14,18.744093,24.138247,0.756649,48.276493,0
AQL,calibration,30/09/2024 19:14,18.74399,24.126736,0.756306,48.253471,0
AQL,calibration,30/09/2024 19:14,18.74447,24.132492,0.756482,48.264984,0
AQL,calibration,30/09/2024 19:14,18.74327,24.051901,0.756366,48.103802,0
AQL,calibration,30/09/2024 19:14,18.744047,24.043678,0.75626,48.087357,0
AQL,calibration,30/09/2024 19:14,18.744219,24.037099,0.756164,48.0742,0
AQL,calibration,30/09/2024 19:14,18.744413,24.036278,0.75681,48.072556,0
AQL,calibration,30/09/2024 19:14,18.744527,24.027232,0.755902,48.054462,0
AQL,calibration,30/09/2024 19:14,18.74359,23.980358,0.756654,47.960716,0
AQL,calibration,30/09/2024 19:14,18.744322,23.976248,0.757169,47.952496,0
AQL,calibration,30/09/2024 19:14,18.744573,23.968846,0.756851,47.937691,0
AQL,calibration,30/09/2024 19:14,18.744699,23.968846,0.757103,47.937691,0
AQL,calibration,30/09/2024 19:14,18.744813,23.958976,0.756866,47.91795,0
AQL,calibration,30/09/2024 19:15,18.743922,23.954043,0.757093,47.908085,0
AQL,calibration,30/09/2024 19:15,18.744562,23.953219,0.756896,47.906437,0
AQL,calibration,30/09/2024 19:15,18.744904,23.958976,0.757017,47.91795,0
AQL,calibration,30/09/2024 19:15,18.745053,23.960623,0.756674,47.921246,0
AQL,calibration,30/09/2024 19:15,18.744984,23.954866,0.757285,47.909733,0
AQL,calibration,30/09/2024 19:15,18.744047,23.950752,0.757285,47.901505,0
AQL,calibration,30/09/2024 19:15,18.744813,23.951576,0.757164,47.903152,0
AQL,calibration,30/09/2024 19:15,18.745156,23.949932,0.756402,47.899864,0
AQL,calibration,30/09/2024 19:15,18.745076,23.954866,0.756664,47.909733,0
AQL,calibration,30/09/2024 19:15,18.745122,23.952399,0.756735,47.904797,0
AQL,calibration,30/09/2024 19:15,18.744424,23.938417,0.757169,47.876835,0
AQL,calibration,30/09/2024 19:15,18.744973,23.93513,0.757017,47.870258,0
AQL,calibration,30/09/2024 19:15,18.745453,23.937597,0.756952,47.875195,0
AQL,calibration,30/09/2024 19:15,18.745384,23.939241,0.756341,47.878483,0
AQL,calibration,30/09/2024 19:15,18.745601,23.941708,0.756195,47.883415,0
AQL,calibration,30/09/2024 19:15,18.74447,23.947465,0.756624,47.894928,0
AQL,calibration,30/09/2024 19:15,18.74527,23.941708,0.756866,47.883415,0
AQL,calibration,30/09/2024 19:15,18.745647,23.943352,0.756235,47.886703,0
AQL,calibration,30/09/2024 19:15,18.745796,23.947465,0.756548,47.894928,0
AQL,calibration,30/09/2024 19:15,18.745933,23.945821,0.756518,47.89164,0
AQL,calibration,30/09/2024 19:15,18.744802,23.950752,0.757032,47.901505,0
AQL,calibration,30/09/2024 19:15,18.745567,23.955688,0.757088,47.911377,0
AQL,calibration,30/09/2024 19:15,18.746001,23.958155,0.756341,47.916309,0
AQL,calibration,30/09/2024 19:15,18.746013,23.957332,0.756447,47.914665,0
AQL,calibration,30/09/2024 19:15,18.746196,23.958155,0.756361,47.916309,0
AQL,calibration,30/09/2024 19:15,18.745133,23.97049,0.756144,47.940979,0
AQL,calibration,30/09/2024 19:15,18.745899,23.97049,0.75623,47.940979,0
AQL,calibration,30/09/2024 19:15,18.746161,23.968846,0.756033,47.937691,0
AQL,calibration,30/09/2024 19:15,18.746173,23.977892,0.756079,47.955784,0
AQL,calibration,30/09/2024 19:15,18.746219,23.982001,0.75677,47.964001,0
AQL,calibration,30/09/2024 19:16,18.745384,23.979536,0.757088,47.959072,0
AQL,calibration,30/09/2024 19:16,18.746196,23.97707,0.756715,47.95414,0
AQL,calibration,30/09/2024 19:16,18.746356,23.977892,0.75672,47.955784,0
AQL,calibration,30/09/2024 19:16,18.746424,23.977892,0.757305,47.955784,0
AQL,calibration,30/09/2024 19:16,18.746641,23.981181,0.75673,47.96236,0
AQL,calibration,30/09/2024 19:16,18.745647,23.975425,0.756957,47.950848,0
AQL,calibration,30/09/2024 19:16,18.746447,23.975425,0.757451,47.950848,0
AQL,calibration,30/09/2024 19:16,18.746698,23.974601,0.756916,47.949203,0
AQL,calibration,30/09/2024 19:16,18.746916,23.975425,0.757164,47.950848,0
AQL,calibration,30/09/2024 19:16,18.746847,23.975425,0.756583,47.950848,0
AQL,calibration,30/09/2024 19:16,18.745864,23.963087,0.7573,47.926174,0
AQL,calibration,30/09/2024 19:16,18.746733,23.96391,0.757406,47.927822,0
AQL,calibration,30/09/2024 19:16,18.747133,23.96391,0.75727,47.927822,0
AQL,calibration,30/09/2024 19:16,18.747144,23.959799,0.757219,47.919598,0
AQL,calibration,30/09/2024 19:16,18.747316,23.958155,0.757446,47.916309,0
AQL,calibration,30/09/2024 19:16,18.745979,23.959799,0.756987,47.919598,0
AQL,calibration,30/09/2024 19:16,18.746801,23.956512,0.756972,47.913025,0
AQL,calibration,30/09/2024 19:16,18.747258,23.954043,0.757517,47.908085,0
AQL,calibration,30/09/2024 19:16,18.747258,23.960623,0.757325,47.921246,0
AQL,calibration,30/09/2024 19:16,18.747384,23.958976,0.757416,47.91795,0
AQL,calibration,30/09/2024 19:16,18.746276,23.974601,0.756498,47.949203,0
AQL,calibration,30/09/2024 19:16,18.747156,23.975425,0.756871,47.950848,0
AQL,calibration,30/09/2024 19:16,18.747567,23.977892,0.75678,47.955784,0
AQL,calibration,30/09/2024 19:16,18.747624,23.974601,0.756947,47.949203,0
AQL,calibration,30/09/2024 19:16,18.747521,23.981181,0.755836,47.96236,0
AQL,calibration,30/09/2024 19:16,18.74655,23.992692,0.756296,47.985386,0
AQL,calibration,30/09/2024 19:16,18.747407,23.990226,0.756911,47.980453,0
AQL,calibration,30/09/2024 19:16,18.747636,23.984469,0.756709,47.968937,0
AQL,calibration,30/09/2024 19:16,18.747681,23.982825,0.756881,47.965649,0
AQL,calibration,30/09/2024 19:16,18.747693,23.984469,0.757214,47.968937,0
AQL,calibration,30/09/2024 19:17,18.746847,23.987759,0.757678,47.975517,0
AQL,calibration,30/09/2024 19:17,18.747578,23.990226,0.75727,47.980453,0
AQL,calibration,30/09/2024 19:17,18.747784,23.988583,0.757194,47.977165,0
AQL,calibration,30/09/2024 19:17,18.747955,23.992692,0.756901,47.985386,0
AQL,calibration,30/09/2024 19:17,18.748024,23.994336,0.756195,47.98867,0
AQL,calibration,30/09/2024 19:17,18.746836,24.000094,0.756376,48.000187,0
AQL,calibration,30/09/2024 19:17,18.74767,24.000094,0.756472,48.000187,0
AQL,calibration,30/09/2024 19:17,18.747967,24.001739,0.756921,48.003479,0
AQL,calibration,30/09/2024 19:17,18.748195,23.999274,0.757174,47.998547,0
AQL,calibration,30/09/2024 19:17,18.748104,24.003383,0.757608,48.006767,0
AQL,calibration,30/09/2024 19:17,18.747121,24.00585,0.757492,48.0117,0
AQL,calibration,30/09/2024 19:17,18.74783,24.002561,0.757199,48.005123,0
AQL,calibration,30/09/2024 19:17,18.74815,24.003383,0.75677,48.006767,0
AQL,calibration,30/09/2024 19:17,18.748367,24.009141,0.757194,48.018284,0
AQL,calibration,30/09/2024 19:17,18.748355,24.010785,0.757254,48.021568,0
AQL,calibration,30/09/2024 19:17,18.747441,24.009141,0.756477,48.018284,0
AQL,calibration,30/09/2024 19:17,18.748093,24.008318,0.756689,48.016636,0
AQL,calibration,30/09/2024 19:17,18.748321,24.008318,0.756937,48.016636,0
AQL,calibration,30/09/2024 19:17,18.748607,24.007497,0.756876,48.014996,0
AQL,calibration,30/09/2024 19:17,18.748481,24.014074,0.756503,48.028149,0
AQL,calibration,30/09/2024 19:17,18.74743,24.037099,0.756462,48.0742,0
AQL,calibration,30/09/2024 19:17,18.748241,24.035454,0.757113,48.070908,0
AQL,calibration,30/09/2024 19:17,18.748561,24.029699,0.75678,48.059399,0
AQL,calibration,30/09/2024 19:17,18.748618,24.026409,0.757406,48.052818,0
AQL,calibration,30/09/2024 19:17,18.74871,24.015718,0.757027,48.031437,0
AQL,calibration,30/09/2024 19:17,18.747578,24.014074,0.757698,48.028149,0
AQL,calibration,30/09/2024 19:17,18.748287,24.018188,0.758127,48.036377,0
AQL,calibration,30/09/2024 19:17,18.748504,24.011608,0.757658,48.023216,0
AQL,calibration,30/09/2024 19:17,18.748618,24.014074,0.758157,48.028149,0
AQL,calibration,30/09/2024 19:17,18.748733,24.011608,0.758082,48.023216,0
AQL,calibration,30/09/2024 19:18,18.74791,24.020652,0.757355,48.041306,0
AQL,calibration,30/09/2024 19:18,18.748595,24.024763,0.757275,48.049526,0
AQL,calibration,30/09/2024 19:18,18.748744,24.019008,0.757673,48.038017,0
AQL,calibration,30/09/2024 19:18,18.748755,24.015718,0.757446,48.031437,0
AQL,calibration,30/09/2024 19:18,18.748973,24.016541,0.757991,48.033081,0
AQL,calibration,30/09/2024 19:18,18.747864,24.017365,0.757431,48.034729,0
AQL,calibration,30/09/2024 19:18,18.748607,24.012429,0.757471,48.024857,0
AQL,calibration,30/09/2024 19:18,18.748744,24.014896,0.757375,48.029793,0
AQL,calibration,30/09/2024 19:18,18.74895,24.017365,0.756997,48.034729,0
AQL,calibration,30/09/2024 19:18,18.749167,24.016541,0.757249,48.033081,0
AQL,calibration,30/09/2024 19:18,18.747887,24.023119,0.757093,48.046238,0
AQL,calibration,30/09/2024 19:18,18.748584,24.024763,0.756573,48.049526,0
AQL,calibration,30/09/2024 19:18,18.748893,24.025587,0.756997,48.051174,0
AQL,calibration,30/09/2024 19:18,18.749018,24.024763,0.756709,48.049526,0
AQL,calibration,30/09/2024 19:18,18.749133,24.023943,0.756881,48.047886,0
AQL,calibration,30/09/2024 19:18,18.748093,24.032167,0.75792,48.064335,0
AQL,calibration,30/09/2024 19:18,18.748744,24.031343,0.757335,48.062687,0
AQL,calibration,30/09/2024 19:18,18.749121,24.036278,0.757809,48.072556,0
AQL,calibration,30/09/2024 19:18,18.749087,24.032987,0.756982,48.065975,0
AQL,calibration,30/09/2024 19:18,18.749144,24.037923,0.75729,48.075848,0
AQL,calibration,30/09/2024 19:18,18.748104,24.037923,0.757537,48.075848,0
AQL,calibration,30/09/2024 19:18,18.748881,24.039567,0.757512,48.079132,0
AQL,calibration,30/09/2024 19:18,18.749018,24.028055,0.757466,48.05611,0
AQL,calibration,30/09/2024 19:18,18.749133,24.028876,0.757154,48.057751,0
AQL,calibration,30/09/2024 19:18,18.749247,24.027232,0.756962,48.054462,0
AQL,calibration,30/09/2024 19:18,18.748093,24.016541,0.757764,48.033081,0
AQL,calibration,30/09/2024 19:18,18.748984,24.018188,0.757744,48.036377,0
AQL,calibration,30/09/2024 19:18,18.749018,24.013252,0.75731,48.026505,0
AQL,calibration,30/09/2024 19:18,18.749361,24.017365,0.757688,48.034729,0
AQL,calibration,30/09/2024 19:18,18.74927,24.014074,0.7573,48.028149,0
AQL,calibration,30/09/2024 19:19,18.748104,24.015718,0.757532,48.031437,0
AQL,calibration,30/09/2024 19:19,18.748858,24.013252,0.75732,48.026505,0
AQL,calibration,30/09/2024 19:19,18.74911,24.021476,0.757471,48.04295,0
AQL,calibration,30/09/2024 19:19,18.749235,24.018188,0.757673,48.036377,0
AQL,calibration,30/09/2024 19:19,18.749167,24.013252,0.757512,48.026505,0
AQL,calibration,30/09/2024 19:19,18.748275,24.011608,0.75792,48.023216,0
AQL,calibration,30/09/2024 19:19,18.748961,24.008318,0.757567,48.016636,0
AQL,calibration,30/09/2024 19:19,18.74919,24.002561,0.757386,48.005123,0
AQL,calibration,30/09/2024 19:19,18.74943,24.002561,0.757734,48.005123,0
AQL,calibration,30/09/2024 19:19,18.749361,24.000094,0.757375,48.000187,0
AQL,calibration,30/09/2024 19:19,18.74831,24.004205,0.757169,48.008411,0
AQL,calibration,30/09/2024 19:19,18.748995,24.007497,0.757547,48.014996,0
AQL,calibration,30/09/2024 19:19,18.749441,23.999274,0.757159,47.998547,0
AQL,calibration,30/09/2024 19:19,18.749578,23.99845,0.757532,47.996899,0
AQL,calibration,30/09/2024 19:19,18.749464,23.991048,0.75728,47.982098,0
AQL,calibration,30/09/2024 19:19,18.748321,23.990226,0.756487,47.980453,0
AQL,calibration,30/09/2024 19:19,18.749315,23.983645,0.757602,47.967289,0
AQL,calibration,30/09/2024 19:19,18.749418,23.985292,0.75729,47.970585,0
AQL,calibration,30/09/2024 19:19,18.749487,23.984469,0.757375,47.968937,0
AQL,calibration,30/09/2024 19:19,18.749807,23.982001,0.757123,47.964001,0
AQL,calibration,30/09/2024 19:19,18.748733,23.982825,0.757406,47.965649,0
AQL,calibration,30/09/2024 19:19,18.749315,23.981181,0.757365,47.96236,0
AQL,calibration,30/09/2024 19:19,18.749624,23.976248,0.757179,47.952496,0
AQL,calibration,30/09/2024 19:19,18.749578,23.977892,0.757214,47.955784,0
AQL,calibration,30/09/2024 19:19,18.749681,23.97707,0.757133,47.95414,0
AQL,calibration,30/09/2024 19:19,18.748653,23.974601,0.757492,47.949203,0
AQL,calibration,30/09/2024 19:19,18.749361,23.97131,0.7579,47.942619,0
AQL,calibration,30/09/2024 19:19,18.749807,23.972957,0.757517,47.945915,0
AQL,calibration,30/09/2024 19:19,18.749898,23.974601,0.757608,47.949203,0
AQL,calibration,30/09/2024 19:19,18.749807,23.972134,0.757239,47.944267,0
AQL,calibration,30/09/2024 19:20,18.748778,23.97049,0.757597,47.940979,0
AQL,calibration,30/09/2024 19:20,18.74959,23.97049,0.757532,47.940979,0
AQL,calibration,30/09/2024 19:20,18.750035,23.975425,0.757557,47.950848,0
AQL,calibration,30/09/2024 19:20,18.750104,23.972957,0.757194,47.945915,0
AQL,calibration,30/09/2024 19:20,18.750172,23.966379,0.757426,47.932758,0
AQL,calibration,30/09/2024 19:20,18.748927,23.967201,0.757688,47.934402,0
AQL,calibration,30/09/2024 19:20,18.74975,23.967201,0.757824,47.934402,0
AQL,calibration,30/09/2024 19:20,18.750138,23.964734,0.757224,47.929466,0
AQL,calibration,30/09/2024 19:20,18.750218,23.965557,0.756997,47.931114,0
AQL,calibration,30/09/2024 19:20,18.750195,23.968023,0.757537,47.936047,0
AQL,calibration,30/09/2024 19:20,18.749041,23.946641,0.758006,47.893284,0
AQL,calibration,30/09/2024 19:20,18.749807,23.947465,0.75791,47.894928,0
AQL,calibration,30/09/2024 19:20,18.75031,23.951576,0.757905,47.903152,0
AQL,calibration,30/09/2024 19:20,18.750195,23.945821,0.75791,47.89164,0
AQL,calibration,30/09/2024 19:20,18.75031,23.946641,0.757148,47.893284,0
AQL,calibration,30/09/2024 19:20,18.749304,23.949108,0.757976,47.898216,0
AQL,calibration,30/09/2024 19:20,18.74991,23.943352,0.757209,47.886703,0
AQL,calibration,30/09/2024 19:20,18.750344,23.944997,0.757885,47.889996,0
AQL,calibration,30/09/2024 19:20,18.750287,23.944997,0.757592,47.889996,0
AQL,calibration,30/09/2024 19:20,18.750344,23.945821,0.757946,47.89164,0
AQL,calibration,30/09/2024 19:20,18.74943,23.942529,0.757935,47.885056,0
AQL,calibration,30/09/2024 19:20,18.750104,23.945821,0.757809,47.89164,0
AQL,calibration,30/09/2024 19:20,18.750287,23.940885,0.757597,47.881771,0
AQL,calibration,30/09/2024 19:20,18.750584,23.941708,0.757739,47.883415,0
AQL,calibration,30/09/2024 19:20,18.750412,23.939241,0.757951,47.878483,0
AQL,calibration,30/09/2024 19:20,18.749452,23.937597,0.757935,47.875195,0
AQL,calibration,30/09/2024 19:20,18.750252,23.940885,0.758056,47.881771,0
AQL,calibration,30/09/2024 19:20,18.750481,23.938417,0.757779,47.876835,0
AQL,calibration,30/09/2024 19:20,18.750561,23.939241,0.757966,47.878483,0
AQL,calibration,30/09/2024 19:20,18.750527,23.939241,0.757966,47.878483,0
AQL,calibration,30/09/2024 19:21,18.749464,23.944175,0.757845,47.888351,0
AQL,calibration,30/09/2024 19:21,18.75031,23.942529,0.757643,47.885056,0
AQL,calibration,30/09/2024 19:21,18.750504,23.942529,0.757638,47.885056,0
AQL,calibration,30/09/2024 19:21,18.750812,23.943352,0.757532,47.886703,0
AQL,calibration,30/09/2024 19:21,18.750607,23.943352,0.757401,47.886703,0
AQL,calibration,30/09/2024 19:21,18.749658,23.943352,0.75844,47.886703,0
AQL,calibration,30/09/2024 19:21,18.750367,23.941708,0.758162,47.883415,0
AQL,calibration,30/09/2024 19:21,18.750595,23.943352,0.758001,47.886703,0
AQL,calibration,30/09/2024 19:21,18.750755,23.940885,0.75847,47.881771,0
AQL,calibration,30/09/2024 19:21,18.750778,23.940885,0.758359,47.881771,0
AQL,calibration,30/09/2024 19:21,18.749715,23.946641,0.758223,47.893284,0
AQL,calibration,30/09/2024 19:21,18.75055,23.949932,0.758475,47.899864,0
AQL,calibration,30/09/2024 19:21,18.750744,23.946641,0.75851,47.893284,0
AQL,calibration,30/09/2024 19:21,18.750915,23.948288,0.758056,47.896576,0
AQL,calibration,30/09/2024 19:21,18.750881,23.949108,0.757759,47.898216,0
AQL,calibration,30/09/2024 19:21,18.749875,23.946641,0.757582,47.893284,0
AQL,calibration,30/09/2024 19:21,18.75079,23.949108,0.757355,47.898216,0
AQL,calibration,30/09/2024 19:21,18.751041,23.947465,0.75792,47.894928,0
AQL,calibration,30/09/2024 19:21,18.750961,23.949108,0.757507,47.898216,0
AQL,calibration,30/09/2024 19:21,18.751052,23.945821,0.757517,47.89164,0
AQL,calibration,30/09/2024 19:21,18.749955,23.943352,0.758642,47.886703,0
AQL,calibration,30/09/2024 19:21,18.750595,23.946641,0.758213,47.893284,0
AQL,calibration,30/09/2024 19:21,18.750904,23.946641,0.757855,47.893284,0
AQL,calibration,30/09/2024 19:21,18.751098,23.949108,0.757951,47.898216,0
AQL,calibration,30/09/2024 19:21,18.751121,23.948288,0.75732,47.896576,0
AQL,calibration,30/09/2024 19:21,18.750024,23.947465,0.75727,47.894928,0
AQL,calibration,30/09/2024 19:21,18.750812,23.947465,0.757628,47.894928,0
AQL,calibration,30/09/2024 19:21,18.751144,23.946641,0.75734,47.893284,0
AQL,calibration,30/09/2024 19:21,18.751269,23.944997,0.757719,47.889996,0
AQL,calibration,30/09/2024 19:21,18.751281,23.949932,0.757426,47.899864,0
AQL,calibration,30/09/2024 19:22,18.750207,23.948288,0.757159,47.896576,0
AQL,calibration,30/09/2024 19:22,18.750835,23.947465,0.757703,47.894928,0
AQL,calibration,30/09/2024 19:22,18.751121,23.947465,0.757088,47.894928,0
AQL,calibration,30/09/2024 19:22,18.751132,23.950752,0.757582,47.901505,0
AQL,calibration,30/09/2024 19:22,18.751247,23.950752,0.75787,47.901505,0
AQL,calibration,30/09/2024 19:22,18.750138,23.949932,0.757966,47.899864,0
AQL,calibration,30/09/2024 19:22,18.750744,23.952399,0.757971,47.904797,0
AQL,calibration,30/09/2024 19:22,18.751144,23.949108,0.757406,47.898216,0
AQL,calibration,30/09/2024 19:22,18.751224,23.944997,0.757391,47.889996,0
AQL,calibration,30/09/2024 19:22,18.751418,23.945821,0.7579,47.89164,0
AQL,calibration,30/09/2024 19:22,18.750401,23.944997,0.757814,47.889996,0
AQL,calibration,30/09/2024 19:22,18.750938,23.942529,0.757774,47.885056,0
AQL,calibration,30/09/2024 19:22,18.751327,23.944175,0.757981,47.888351,0
AQL,calibration,30/09/2024 19:22,18.751509,23.944175,0.757769,47.888351,0
AQL,calibration,30/09/2024 19:22,18.751429,23.941708,0.757829,47.883415,0
AQL,calibration,30/09/2024 19:22,18.750344,23.944997,0.758122,47.889996,0
AQL,calibration,30/09/2024 19:22,18.751052,23.948288,0.758354,47.896576,0
AQL,calibration,30/09/2024 19:22,18.751452,23.948288,0.758248,47.896576,0
AQL,calibration,30/09/2024 19:22,18.751475,23.945821,0.758006,47.89164,0
AQL,calibration,30/09/2024 19:22,18.751532,23.949108,0.758354,47.898216,0
AQL,calibration,30/09/2024 19:22,18.750401,23.953219,0.757774,47.906437,0
AQL,calibration,30/09/2024 19:22,18.751018,23.952399,0.757562,47.904797,0
AQL,calibration,30/09/2024 19:22,18.751281,23.949932,0.757229,47.899864,0
AQL,calibration,30/09/2024 19:22,18.751532,23.949108,0.757794,47.898216,0
AQL,calibration,30/09/2024 19:22,18.751555,23.950752,0.75784,47.901505,0
AQL,calibration,30/09/2024 19:22,18.750378,23.949932,0.758369,47.899864,0
AQL,calibration,30/09/2024 19:22,18.751201,23.949932,0.758283,47.899864,0
AQL,calibration,30/09/2024 19:22,18.751429,23.950752,0.758041,47.901505,0
AQL,calibration,30/09/2024 19:22,18.751624,23.949108,0.75789,47.898216,0
AQL,calibration,30/09/2024 19:22,18.751567,23.952399,0.757396,47.904797,0
AQL,calibration,30/09/2024 19:23,18.750252,23.954866,0.757512,47.909733,0
AQL,calibration,30/09/2024 19:23,18.751178,23.953219,0.757391,47.906437,0
AQL,calibration,30/09/2024 19:23,18.751361,23.953219,0.75729,47.906437,0
AQL,calibration,30/09/2024 19:23,18.751498,23.956512,0.757678,47.913025,0
AQL,calibration,30/09/2024 19:23,18.751441,23.958155,0.758505,47.916309,0
AQL,calibration,30/09/2024 19:23,18.750367,23.951576,0.758828,47.903152,0
AQL,calibration,30/09/2024 19:23,18.751189,23.953219,0.758531,47.906437,0
AQL,calibration,30/09/2024 19:23,18.751384,23.949932,0.757809,47.899864,0
AQL,calibration,30/09/2024 19:23,18.751647,23.953219,0.758172,47.906437,0
AQL,calibration,30/09/2024 19:23,18.751658,23.951576,0.758273,47.903152,0
AQL,calibration,30/09/2024 19:23,18.75047,23.946641,0.758919,47.893284,0
AQL,calibration,30/09/2024 19:23,18.751281,23.954043,0.758515,47.908085,0
AQL,calibration,30/09/2024 19:23,18.751464,23.947465,0.758445,47.894928,0
AQL,calibration,30/09/2024 19:23,18.751578,23.947465,0.758167,47.894928,0
AQL,calibration,30/09/2024 19:23,18.751624,23.945821,0.758606,47.89164,0
AQL,calibration,30/09/2024 19:23,18.750378,23.945821,0.758531,47.89164,0
AQL,calibration,30/09/2024 19:23,18.751189,23.943352,0.758208,47.886703,0
AQL,calibration,30/09/2024 19:23,18.751475,23.660467,0.621134,47.320934,0
AQL,calibration,30/09/2024 19:23,18.751647,23.743522,0.757829,47.487045,0
AQL,calibration,30/09/2024 19:23,18.751544,23.746813,0.758677,47.493626,20
AQL,calibration,30/09/2024 19:26,18.538957,43.633557,0.57082,87.267113,20
AQL,calibration,30/09/2024 19:26,18.504206,39.017744,0.593519,78.035484,20
AQL,calibration,30/09/2024 19:26,18.468413,34.853394,0.603317,69.706787,20
AQL,calibration,30/09/2024 19:26,18.468755,33.906875,0.602847,67.813751,20
AQL,calibration,30/09/2024 19:26,18.469371,33.237485,0.603846,66.474968,20
AQL,calibration,30/09/2024 19:26,18.469702,32.831247,0.604073,65.662491,20
AQL,calibration,30/09/2024 19:26,18.470158,32.272875,0.604131,64.545746,20
AQL,calibration,30/09/2024 19:26,18.470785,31.660229,0.606282,63.320457,20
AQL,calibration,30/09/2024 19:26,18.471367,31.324712,0.606499,62.649426,20
AQL,calibration,30/09/2024 19:26,18.471937,31.008933,0.606668,62.017864,20
AQL,calibration,30/09/2024 19:26,18.472268,30.872424,0.6067,61.744846,20
AQL,calibration,30/09/2024 19:26,18.473066,30.722758,0.604972,61.445515,20
AQL,calibration,30/09/2024 19:26,18.473545,30.00485,0.760018,60.009701,20
AQL,calibration,30/09/2024 19:26,18.474538,29.949752,0.761364,59.899506,20
AQL,calibration,30/09/2024 19:26,18.475222,29.904523,0.775445,59.809048,20
AQL,calibration,30/09/2024 19:26,18.475678,29.889723,0.778992,59.779446,20
AQL,calibration,30/09/2024 19:26,18.475826,29.900414,0.776935,59.800827,20
AQL,calibration,30/09/2024 19:26,18.476819,29.7269,0.77537,59.4538,20
AQL,calibration,30/09/2024 19:26,18.478039,29.66358,0.775902,59.32716,20
AQL,calibration,30/09/2024 19:26,18.478917,29.659467,0.776012,59.318935,20
AQL,calibration,30/09/2024 19:26,18.479351,29.633973,0.776393,59.267944,20
AQL,calibration,30/09/2024 19:26,18.479841,29.605191,0.776569,59.210381,20
AQL,calibration,30/09/2024 19:27,18.481335,29.5871,0.77549,59.174198,20
AQL,calibration,30/09/2024 19:27,18.482419,29.600257,0.775846,59.200512,20
AQL,calibration,30/09/2024 19:27,18.48308,29.603547,0.775897,59.207096,20
AQL,calibration,30/09/2024 19:27,18.4834,29.575584,0.775611,59.151169,20
AQL,calibration,30/09/2024 19:27,18.484107,29.518023,0.775987,59.036045,20
AQL,calibration,30/09/2024 19:27,18.485225,29.541871,0.776574,59.08374,20
AQL,calibration,30/09/2024 19:27,18.486354,29.540227,0.776699,59.080456,20
AQL,calibration,30/09/2024 19:27,18.48689,29.54434,0.777673,59.08868,20
AQL,calibration,30/09/2024 19:27,18.487335,29.553384,0.778004,59.106766,20
AQL,calibration,30/09/2024 19:27,18.487711,29.610129,0.777602,59.220257,20
AQL,calibration,30/09/2024 19:27,18.488589,29.789395,0.777382,59.578789,20
AQL,calibration,30/09/2024 19:27,18.489856,29.794333,0.777171,59.588665,20
AQL,calibration,30/09/2024 19:27,18.490415,29.820646,0.777422,59.641293,20
AQL,calibration,30/09/2024 19:27,18.490722,29.828049,0.777893,59.656097,20
AQL,calibration,30/09/2024 19:27,18.491202,29.837915,0.777873,59.675831,20
AQL,calibration,30/09/2024 19:27,18.491954,29.869985,0.778856,59.739971,20
AQL,calibration,30/09/2024 19:27,18.493015,29.859294,0.778726,59.718586,20
AQL,calibration,30/09/2024 19:27,18.493768,29.874919,0.779287,59.74984,20
AQL,calibration,30/09/2024 19:27,18.493905,29.869985,0.779037,59.739971,20
AQL,calibration,30/09/2024 19:27,18.494293,29.837093,0.779077,59.674187,20
AQL,calibration,30/09/2024 19:27,18.495228,29.871628,0.778741,59.743256,20
AQL,calibration,30/09/2024 19:27,18.496369,29.905345,0.778535,59.810688,20
AQL,calibration,30/09/2024 19:27,18.496757,29.90617,0.778495,59.81234,20
AQL,calibration,30/09/2024 19:27,18.49719,29.903701,0.778736,59.807404,20
AQL,calibration,30/09/2024 19:27,18.497395,29.892188,0.778094,59.784378,20
AQL,calibration,30/09/2024 19:27,18.498171,29.925083,0.779227,59.850166,20
AQL,calibration,30/09/2024 19:27,18.499129,29.912748,0.779177,59.825497,20
AQL,calibration,30/09/2024 19:27,18.499859,29.90617,0.778951,59.81234,20
AQL,calibration,30/09/2024 19:27,18.500099,29.89877,0.778706,59.797539,20
AQL,calibration,30/09/2024 19:27,18.500646,29.901235,0.779097,59.802471,20
AQL,calibration,30/09/2024 19:28,18.500966,29.981003,0.779102,59.962006,20
AQL,calibration,30/09/2024 19:28,18.502027,30.02541,0.779764,60.050819,20
AQL,calibration,30/09/2024 19:28,18.502483,30.059123,0.779734,60.118248,20
AQL,calibration,30/09/2024 19:28,18.502848,30.095309,0.779638,60.190617,20
AQL,calibration,30/09/2024 19:28,18.503179,30.127381,0.779473,60.254761,20
AQL,calibration,30/09/2024 19:28,18.503533,30.32968,0.779999,60.659359,20
AQL,calibration,30/09/2024 19:28,18.504616,30.312407,0.779899,60.624813,20
AQL,calibration,30/09/2024 19:28,18.50505,30.263891,0.779739,60.527782,20
AQL,calibration,30/09/2024 19:28,18.505255,30.243331,0.780079,60.48666,20
AQL,calibration,30/09/2024 19:28,18.505643,30.21208,0.779949,60.42416,20
AQL,calibration,30/09/2024 19:28,18.505894,30.045145,0.780125,60.09029,20
AQL,calibration,30/09/2024 19:28,18.50667,29.994981,0.779558,59.989964,20
AQL,calibration,30/09/2024 19:28,18.507229,29.953865,0.779804,59.90773,20
AQL,calibration,30/09/2024 19:28,18.507731,29.916036,0.779919,59.832073,20
AQL,calibration,30/09/2024 19:28,18.507765,29.899592,0.780019,59.799183,20
AQL,calibration,30/09/2024 19:28,18.507776,29.946465,0.780581,59.892929,20
AQL,calibration,30/09/2024 19:28,18.508814,29.962087,0.78041,59.924175,20
AQL,calibration,30/09/2024 19:28,18.509362,29.978537,0.780455,59.957073,20
AQL,calibration,30/09/2024 19:28,18.509533,29.979359,0.78037,59.958717,20
AQL,calibration,30/09/2024 19:28,18.509807,29.980181,0.780776,59.960361,20
AQL,calibration,30/09/2024 19:28,18.509807,29.962087,0.780946,59.924175,20
AQL,calibration,30/09/2024 19:28,18.510583,29.923439,0.781107,59.846878,20
AQL,calibration,30/09/2024 19:28,18.511176,29.897948,0.781202,59.795895,20
AQL,calibration,30/09/2024 19:28,18.511495,29.887257,0.781357,59.774513,20
AQL,calibration,30/09/2024 19:28,18.511746,29.873275,0.781312,59.746552,20
AQL,calibration,30/09/2024 19:28,18.511586,29.778708,0.781678,59.557415,20
AQL,calibration,30/09/2024 19:28,18.512602,29.70634,0.781653,59.412682,20
AQL,calibration,30/09/2024 19:28,18.513104,29.704696,0.781964,59.409393,20
AQL,calibration,30/09/2024 19:28,18.513218,29.698115,0.782244,59.396229,20
AQL,calibration,30/09/2024 19:28,18.513355,29.696471,0.781427,59.392944,20
AQL,calibration,30/09/2024 19:29,18.513286,29.698937,0.782204,59.397873,20
AQL,calibration,30/09/2024 19:29,18.514245,29.682493,0.782094,59.364986,20
AQL,calibration,30/09/2024 19:29,18.514621,29.670158,0.782194,59.340317,20
AQL,calibration,30/09/2024 19:29,18.514701,29.647951,0.782434,59.295902,20
AQL,calibration,30/09/2024 19:29,18.515214,29.633151,0.782179,59.266304,20
AQL,calibration,30/09/2024 19:29,18.514861,29.614238,0.78274,59.228477,20
AQL,calibration,30/09/2024 19:29,18.51575,29.614238,0.782349,59.228477,20
AQL,calibration,30/09/2024 19:29,18.516195,29.608482,0.782069,59.216965,20
AQL,calibration,30/09/2024 19:29,18.516492,29.568187,0.782625,59.136375,20
AQL,calibration,30/09/2024 19:29,18.516549,29.53118,0.78301,59.062359,20
AQL,calibration,30/09/2024 19:29,18.516287,29.568187,0.783246,59.136375,20
AQL,calibration,30/09/2024 19:29,18.517256,29.564896,0.782785,59.129791,20
AQL,calibration,30/09/2024 19:29,18.517679,29.575584,0.782955,59.151169,20
AQL,calibration,30/09/2024 19:29,18.518032,29.572297,0.782785,59.144592,20
AQL,calibration,30/09/2024 19:29,18.518055,29.57394,0.78301,59.147881,20
AQL,calibration,30/09/2024 19:29,18.517861,29.607657,0.783506,59.215313,20
AQL,calibration,30/09/2024 19:29,18.518591,29.610947,0.783291,59.221893,20
AQL,calibration,30/09/2024 19:29,18.518979,29.590391,0.783411,59.180782,20
AQL,calibration,30/09/2024 19:29,18.519276,29.580522,0.783551,59.161045,20
AQL,calibration,30/09/2024 19:29,18.519435,29.578878,0.783186,59.157757,20
AQL,calibration,30/09/2024 19:29,18.519127,29.5945,0.784057,59.188999,20
AQL,calibration,30/09/2024 19:29,18.52004,29.591213,0.784257,59.182426,20
AQL,calibration,30/09/2024 19:29,18.520314,29.601903,0.784092,59.203808,20
AQL,calibration,30/09/2024 19:29,18.520622,29.614238,0.784017,59.228477,20
AQL,calibration,30/09/2024 19:29,18.520862,29.631507,0.784412,59.263016,20
AQL,calibration,30/09/2024 19:29,18.520508,29.778708,0.784653,59.557415,20
AQL,calibration,30/09/2024 19:29,18.521455,29.792686,0.784488,59.585373,20
AQL,calibration,30/09/2024 19:29,18.521854,29.781995,0.784182,59.563992,20
AQL,calibration,30/09/2024 19:29,18.522037,29.758148,0.784763,59.516296,20
AQL,calibration,30/09/2024 19:29,18.522208,29.759791,0.784267,59.519585,20
AQL,calibration,30/09/2024 19:30,18.522025,29.751569,0.785414,59.503139,20
AQL,calibration,30/09/2024 19:30,18.522824,29.740879,0.784773,59.481758,20
AQL,calibration,30/09/2024 19:30,18.523086,29.740054,0.785133,59.480106,20
AQL,calibration,30/09/2024 19:30,18.523223,29.735122,0.784983,59.470245,20
AQL,calibration,30/09/2024 19:30,18.523577,29.726075,0.784898,59.452148,20
AQL,calibration,30/09/2024 19:30,18.523063,29.698937,0.785414,59.397873,20
AQL,calibration,30/09/2024 19:30,18.52401,29.684137,0.784988,59.368275,20
AQL,calibration,30/09/2024 19:30,18.524444,29.67509,0.785188,59.350178,20
AQL,calibration,30/09/2024 19:30,18.524467,29.666867,0.785288,59.333736,20
AQL,calibration,30/09/2024 19:30,18.524763,29.659467,0.785564,59.318935,20
AQL,calibration,30/09/2024 19:30,18.524227,29.565718,0.785774,59.131435,20
AQL,calibration,30/09/2024 19:30,18.525174,29.556674,0.785604,59.11335,20
AQL,calibration,30/09/2024 19:30,18.525551,29.567365,0.785108,59.134731,20
AQL,calibration,30/09/2024 19:30,18.525779,29.559962,0.785313,59.119923,20
AQL,calibration,30/09/2024 19:30,18.52603,29.53858,0.785424,59.07716,20
AQL,calibration,30/09/2024 19:30,18.525494,29.476085,0.785989,58.952171,20
AQL,calibration,30/09/2024 19:30,18.526395,29.456347,0.786039,58.912693,20
AQL,calibration,30/09/2024 19:30,18.526771,29.440722,0.785804,58.881443,20
AQL,calibration,30/09/2024 19:30,18.527034,29.434143,0.785434,58.868286,20
AQL,calibration,30/09/2024 19:30,18.527296,29.417696,0.786074,58.835392,20
AQL,calibration,30/09/2024 19:30,18.526703,29.408652,0.785924,58.817303,20
AQL,calibration,30/09/2024 19:30,18.527616,29.402896,0.785609,58.80579,20
AQL,calibration,30/09/2024 19:30,18.528084,29.408652,0.785489,58.817303,20
AQL,calibration,30/09/2024 19:30,18.528357,29.403718,0.785444,58.807434,20
AQL,calibration,30/09/2024 19:30,18.528392,29.416052,0.785864,58.832104,20
AQL,calibration,30/09/2024 19:30,18.527696,29.453056,0.786034,58.906113,20
AQL,calibration,30/09/2024 19:30,18.528574,29.468682,0.786364,58.937363,20
AQL,calibration,30/09/2024 19:30,18.529053,29.453056,0.785949,58.906113,20
AQL,calibration,30/09/2024 19:30,18.529179,29.449769,0.785934,58.899536,20
AQL,calibration,30/09/2024 19:30,18.52935,29.433321,0.786034,58.866642,20
AQL,calibration,30/09/2024 19:31,18.528973,29.337929,0.78667,58.675858,20
AQL,calibration,30/09/2024 19:31,18.529852,29.321484,0.786344,58.642967,20
AQL,calibration,30/09/2024 19:31,18.529943,29.313259,0.78668,58.626518,20
AQL,calibration,30/09/2024 19:31,18.530308,29.291059,0.786124,58.582119,20
AQL,calibration,30/09/2024 19:31,18.530548,29.279543,0.786319,58.559086,20
AQL,calibration,30/09/2024 19:31,18.529806,29.270499,0.785989,58.540997,20
AQL,calibration,30/09/2024 19:31,18.530719,29.286121,0.786114,58.572243,20
AQL,calibration,30/09/2024 19:31,18.531221,29.30175,0.785794,58.6035,20
AQL,calibration,30/09/2024 19:31,18.531255,29.313259,0.785318,58.626518,20
AQL,calibration,30/09/2024 19:31,18.531438,29.309147,0.785999,58.618294,20
AQL,calibration,30/09/2024 19:31,18.530925,29.337107,0.786009,58.674213,20
AQL,calibration,30/09/2024 19:31,18.531803,29.340397,0.786059,58.680794,20
AQL,calibration,30/09/2024 19:31,18.532168,29.342866,0.786089,58.685734,20
AQL,calibration,30/09/2024 19:31,18.532522,29.342041,0.786524,58.684082,20
AQL,calibration,30/09/2024 19:31,18.532442,29.347798,0.786264,58.695595,20
AQL,calibration,30/09/2024 19:31,18.531929,29.345329,0.78666,58.690659,20
AQL,calibration,30/09/2024 19:31,18.532625,29.335463,0.786775,58.670925,20
AQL,calibration,30/09/2024 19:31,18.533149,29.318194,0.786364,58.636387,20
AQL,calibration,30/09/2024 19:31,18.533286,29.309147,0.786725,58.618294,20
AQL,calibration,30/09/2024 19:31,18.533583,29.317372,0.786489,58.634743,20
AQL,calibration,30/09/2024 19:31,18.532841,29.283655,0.78687,58.56731,20
AQL,calibration,30/09/2024 19:31,18.533709,29.287765,0.786419,58.575531,20
AQL,calibration,30/09/2024 19:31,18.534017,29.282834,0.78659,58.565666,20
AQL,calibration,30/09/2024 19:31,18.534142,29.278721,0.786394,58.557442,20
AQL,calibration,30/09/2024 19:31,18.534359,29.264743,0.786875,58.529484,20
AQL,calibration,30/09/2024 19:31,18.533777,29.263917,0.7871,58.527836,20
AQL,calibration,30/09/2024 19:31,18.534667,29.258161,0.787555,58.516323,20
AQL,calibration,30/09/2024 19:31,18.535021,29.259808,0.78737,58.519615,20
AQL,calibration,30/09/2024 19:31,18.535066,29.248295,0.78707,58.49659,20
AQL,calibration,30/09/2024 19:31,18.535146,29.241717,0.78726,58.483433,20
AQL,calibration,30/09/2024 19:32,18.534382,29.215401,0.787885,58.430801,20
AQL,calibration,30/09/2024 19:32,18.535249,29.207176,0.78701,58.414352,20
AQL,calibration,30/09/2024 19:32,18.535682,29.194019,0.787405,58.388039,20
AQL,calibration,30/09/2024 19:32,18.535728,29.186619,0.7878,58.373238,20
AQL,calibration,30/09/2024 19:32,18.535945,29.184972,0.787215,58.369946,20
AQL,calibration,30/09/2024 19:32,18.53542,29.136455,0.78767,58.272911,20
AQL,calibration,30/09/2024 19:32,18.536025,29.118364,0.787335,58.236729,20
AQL,calibration,30/09/2024 19:32,18.536436,29.091226,0.78775,58.182453,20
AQL,calibration,30/09/2024 19:32,18.536732,29.087117,0.78791,58.174232,20
AQL,calibration,30/09/2024 19:32,18.536926,29.073135,0.78764,58.146271,20
AQL,calibration,30/09/2024 19:32,18.536013,29.033662,0.788565,58.067326,20
AQL,calibration,30/09/2024 19:32,18.536892,29.022149,0.788435,58.0443,20
AQL,calibration,30/09/2024 19:32,18.537097,29.018859,0.788095,58.037716,20
AQL,calibration,30/09/2024 19:32,18.537394,29.014749,0.78825,58.029499,20
AQL,calibration,30/09/2024 19:32,18.537451,29.017215,0.78843,58.034431,20
AQL,calibration,30/09/2024 19:32,18.536812,29.013105,0.78864,58.026211,20
AQL,calibration,30/09/2024 19:32,18.537656,29.015571,0.788525,58.031143,20
AQL,calibration,30/09/2024 19:32,18.537805,29.027084,0.78845,58.054169,20
AQL,calibration,30/09/2024 19:32,18.538181,29.03695,0.788015,58.073898,20
AQL,calibration,30/09/2024 19:32,18.538147,29.04024,0.78861,58.080482,20
AQL,calibration,30/09/2024 19:32,18.537554,29.073135,0.787755,58.146271,20
AQL,calibration,30/09/2024 19:32,18.538284,29.082179,0.78762,58.164356,20
AQL,calibration,30/09/2024 19:32,18.53874,29.096982,0.78725,58.193966,20
AQL,calibration,30/09/2024 19:32,18.538854,29.120008,0.78728,58.240017,20
AQL,calibration,30/09/2024 19:32,18.538934,29.162768,0.786835,58.325535,20
AQL,calibration,30/09/2024 19:32,18.538375,29.166884,0.78738,58.333767,20
AQL,calibration,30/09/2024 19:32,18.53922,29.172637,0.787635,58.345276,20
AQL,calibration,30/09/2024 19:32,18.539231,29.170993,0.787385,58.341988,20
AQL,calibration,30/09/2024 19:32,18.539642,29.165237,0.78737,58.330475,20
AQL,calibration,30/09/2024 19:32,18.539665,29.178397,0.78775,58.356792,20
AQL,calibration,30/09/2024 19:33,18.539197,29.121652,0.788455,58.243305,20
AQL,calibration,30/09/2024 19:33,18.539813,29.130699,0.78815,58.261398,20
AQL,calibration,30/09/2024 19:33,18.540281,29.140568,0.78831,58.281136,20
AQL,calibration,30/09/2024 19:33,18.540383,29.168528,0.78885,58.337055,20
AQL,calibration,30/09/2024 19:33,18.540498,29.163593,0.78895,58.327187,20
AQL,calibration,30/09/2024 19:33,18.539779,29.091226,0.78889,58.182453,20
AQL,calibration,30/09/2024 19:33,18.540657,29.087117,0.788885,58.174232,20
AQL,calibration,30/09/2024 19:33,18.541057,29.077248,0.787885,58.154495,20
AQL,calibration,30/09/2024 19:33,18.541216,29.084648,0.788115,58.169296,20
AQL,calibration,30/09/2024 19:33,18.541388,29.089582,0.78814,58.179165,20
AQL,calibration,30/09/2024 19:33,18.540498,29.095339,0.78866,58.190678,20
AQL,calibration,30/09/2024 19:33,18.541353,29.094517,0.788275,58.189034,20
AQL,calibration,30/09/2024 19:33,18.541707,29.090404,0.78868,58.180809,20
AQL,calibration,30/09/2024 19:33,18.541798,29.092048,0.788345,58.184097,20
AQL,calibration,30/09/2024 19:33,18.542106,29.105208,0.788485,58.210415,20
AQL,calibration,30/09/2024 19:33,18.541331,29.07231,0.78852,58.144619,20
AQL,calibration,30/09/2024 19:33,18.542129,29.069022,0.788815,58.138046,20
AQL,calibration,30/09/2024 19:33,18.542266,29.069022,0.788205,58.138046,20
AQL,calibration,30/09/2024 19:33,18.5423,29.0608,0.788815,58.121601,20
AQL,calibration,30/09/2024 19:33,18.542597,29.059975,0.788145,58.119949,20
AQL,calibration,30/09/2024 19:33,18.541684,29.026262,0.78924,58.052525,20
AQL,calibration,30/09/2024 19:33,18.542688,29.02544,0.78899,58.05088,20
AQL,calibration,30/09/2024 19:33,18.542962,29.024615,0.78884,58.049229,20
AQL,calibration,30/09/2024 19:33,18.543168,29.019684,0.78881,58.039368,20
AQL,calibration,30/09/2024 19:33,18.54327,29.01228,0.78867,58.024559,20
AQL,calibration,30/09/2024 19:33,18.54238,29.042709,0.78836,58.085419,20
AQL,calibration,30/09/2024 19:33,18.543293,29.043531,0.788645,58.087063,20
AQL,calibration,30/09/2024 19:33,18.54359,29.028728,0.788595,58.057457,20
AQL,calibration,30/09/2024 19:33,18.54375,29.02955,0.788745,58.059097,20
AQL,calibration,30/09/2024 19:33,18.543829,29.022149,0.788495,58.0443,20
AQL,calibration,30/09/2024 19:34,18.543168,29.031193,0.78797,58.062386,20
AQL,calibration,30/09/2024 19:34,18.544046,29.044353,0.788675,58.088707,20
AQL,calibration,30/09/2024 19:34,18.544217,29.046822,0.78845,58.093643,20
AQL,calibration,30/09/2024 19:34,18.544423,29.051753,0.788785,58.103508,20
AQL,calibration,30/09/2024 19:34,18.544628,29.05751,0.789045,58.115021,20
AQL,calibration,30/09/2024 19:34,18.543887,29.0608,0.787255,58.121601,20
AQL,calibration,30/09/2024 19:34,18.544457,29.059157,0.78728,58.118313,20
AQL,calibration,30/09/2024 19:34,18.544799,29.055866,0.787515,58.111732,20
AQL,calibration,30/09/2024 19:34,18.54513,29.051753,0.78784,58.103508,20
AQL,calibration,30/09/2024 19:34,18.545096,29.046822,0.78795,58.093643,20
AQL,calibration,30/09/2024 19:34,18.544366,29.065735,0.788405,58.13147,20
AQL,calibration,30/09/2024 19:34,18.545199,29.076426,0.7883,58.152851,20
AQL,calibration,30/09/2024 19:34,18.545689,29.075604,0.788315,58.151207,20
AQL,calibration,30/09/2024 19:34,18.545838,29.079713,0.78835,58.159428,20
AQL,calibration,30/09/2024 19:34,18.545952,29.075604,0.788415,58.151207,20
AQL,calibration,30/09/2024 19:34,18.545222,29.093692,0.78916,58.187382,20
AQL,calibration,30/09/2024 19:34,18.545975,29.093692,0.789285,58.187382,20
AQL,calibration,30/09/2024 19:34,18.546271,29.091226,0.78913,58.182453,20
AQL,calibration,30/09/2024 19:34,18.546488,29.098626,0.789365,58.197254,20
AQL,calibration,30/09/2024 19:34,18.546511,29.096164,0.78922,58.192326,20
AQL,calibration,30/09/2024 19:34,18.545792,29.111786,0.78902,58.223572,20
AQL,calibration,30/09/2024 19:34,18.546443,29.114252,0.789105,58.228504,20
AQL,calibration,30/09/2024 19:34,18.546922,29.105208,0.78927,58.210415,20
AQL,calibration,30/09/2024 19:34,18.546762,29.101917,0.789205,58.203835,20
AQL,calibration,30/09/2024 19:34,18.547024,29.099451,0.789285,58.198902,20
AQL,calibration,30/09/2024 19:34,18.546169,29.077248,0.78903,58.154495,20
AQL,calibration,30/09/2024 19:34,18.547024,29.078891,0.78941,58.157784,20
AQL,calibration,30/09/2024 19:34,18.54723,29.074782,0.78905,58.149563,20
AQL,calibration,30/09/2024 19:34,18.547458,29.075604,0.78951,58.151207,20
AQL,calibration,30/09/2024 19:34,18.547743,29.083001,0.789135,58.166,20
AQL,calibration,30/09/2024 19:35,18.546865,29.084648,0.789895,58.169296,20
AQL,calibration,30/09/2024 19:35,18.547572,29.077248,0.788915,58.154495,20
AQL,calibration,30/09/2024 19:35,18.547892,29.0682,0.788465,58.136402,20
AQL,calibration,30/09/2024 19:35,18.548029,29.069844,0.789285,58.13969,20
AQL,calibration,30/09/2024 19:35,18.548257,29.070666,0.78912,58.141331,20
AQL,calibration,30/09/2024 19:35,18.547538,29.059975,0.78841,58.119949,20
AQL,calibration,30/09/2024 19:35,18.548223,29.0682,0.78733,58.136402,20
AQL,calibration,30/09/2024 19:35,18.548519,29.059975,0.78791,58.119949,20
AQL,calibration,30/09/2024 19:35,18.548668,29.048466,0.78817,58.096931,20
AQL,calibration,30/09/2024 19:35,18.548656,29.034487,0.788095,58.068974,20
AQL,calibration,30/09/2024 19:35,18.548017,29.01228,0.78904,58.024559,20
AQL,calibration,30/09/2024 19:35,18.548964,29.009815,0.788765,58.01963,20
AQL,calibration,30/09/2024 19:35,18.548873,29.013927,0.788765,58.027855,20
AQL,calibration,30/09/2024 19:35,18.549284,29.002415,0.78922,58.004829,20
AQL,calibration,30/09/2024 19:35,18.549352,29.008993,0.789055,58.017986,20
AQL,calibration,30/09/2024 19:35,18.54828,29.019684,0.788665,58.039368,20
AQL,calibration,30/09/2024 19:35,18.549136,29.022149,0.788955,58.0443,20
AQL,calibration,30/09/2024 19:35,18.549455,29.031193,0.788635,58.062386,20
AQL,calibration,30/09/2024 19:35,18.549649,29.043531,0.788405,58.087063,20
AQL,calibration,30/09/2024 19:35,18.549854,29.055044,0.788115,58.110088,20
AQL,calibration,30/09/2024 19:35,18.548999,29.083001,0.78816,58.166,20
AQL,calibration,30/09/2024 19:35,18.549626,29.095339,0.78852,58.190678,20
AQL,calibration,30/09/2024 19:35,18.549991,29.089582,0.78838,58.179165,20
AQL,calibration,30/09/2024 19:35,18.550037,29.092048,0.78805,58.184097,20
AQL,calibration,30/09/2024 19:35,18.550185,29.092048,0.78848,58.184097,20
AQL,calibration,30/09/2024 19:35,18.549261,29.055044,0.78938,58.110088,20
AQL,calibration,30/09/2024 19:35,18.549946,29.049284,0.78948,58.098568,20
AQL,calibration,30/09/2024 19:35,18.550357,29.055866,0.78935,58.111732,20
AQL,calibration,30/09/2024 19:35,18.550391,29.054222,0.78972,58.108444,20
AQL,calibration,30/09/2024 19:35,18.550733,29.048466,0.78989,58.096931,20
AQL,calibration,30/09/2024 19:36,18.549683,29.041884,0.79038,58.083767,20
AQL,calibration,30/09/2024 19:36,18.550551,29.046822,0.78999,58.093643,20
AQL,calibration,30/09/2024 19:36,18.551018,29.044353,0.78983,58.088707,20
AQL,calibration,30/09/2024 19:36,18.551075,29.04024,0.78983,58.080482,20
AQL,calibration,30/09/2024 19:36,18.551201,29.032018,0.790035,58.064037,20
AQL,calibration,30/09/2024 19:36,18.550083,29.036131,0.789395,58.072262,20
AQL,calibration,30/09/2024 19:36,18.551064,29.026262,0.7894,58.052525,20
AQL,calibration,30/09/2024 19:36,18.551235,29.02955,0.789245,58.059097,20
AQL,calibration,30/09/2024 19:36,18.551452,29.02544,0.78941,58.05088,20
AQL,calibration,30/09/2024 19:36,18.551623,29.026262,0.788825,58.052525,20
AQL,calibration,30/09/2024 19:36,18.550528,28.987611,0.78962,57.975224,20
AQL,calibration,30/09/2024 19:36,18.551258,28.985967,0.789385,57.971935,20
AQL,calibration,30/09/2024 19:36,18.551749,28.980208,0.78956,57.960415,20
AQL,calibration,30/09/2024 19:36,18.551783,28.962942,0.7892,57.925884,20
AQL,calibration,30/09/2024 19:36,18.552114,28.958826,0.78905,57.917652,20
AQL,calibration,30/09/2024 19:36,18.55111,28.880705,0.78887,57.76141,20
AQL,calibration,30/09/2024 19:36,18.551692,28.877415,0.788875,57.754829,20
AQL,calibration,30/09/2024 19:36,18.552034,28.874127,0.78923,57.748253,20
AQL,calibration,30/09/2024 19:36,18.552456,28.879062,0.789025,57.758125,20
AQL,calibration,30/09/2024 19:36,18.552433,28.861793,0.78894,57.723583,20
AQL,calibration,30/09/2024 19:36,18.551749,28.839589,0.789965,57.679176,20
AQL,calibration,30/09/2024 19:36,18.552399,28.82972,0.789415,57.659439,20
AQL,calibration,30/09/2024 19:36,18.552639,28.820676,0.789945,57.641354,20
AQL,calibration,30/09/2024 19:36,18.55273,28.825607,0.79012,57.651215,20
AQL,calibration,30/09/2024 19:36,18.552799,28.827254,0.789565,57.654507,20
AQL,calibration,30/09/2024 19:36,18.551988,28.845345,0.790025,57.690689,20
AQL,calibration,30/09/2024 19:36,18.552787,28.851924,0.790135,57.703846,20
AQL,calibration,30/09/2024 19:36,18.553061,28.871662,0.79015,57.743324,20
AQL,calibration,30/09/2024 19:36,18.553152,28.882352,0.79024,57.764706,20
AQL,calibration,30/09/2024 19:36,18.553312,28.898797,0.790155,57.797592,20
AQL,calibration,30/09/2024 19:37,18.552171,28.94896,0.79032,57.897919,20
AQL,calibration,30/09/2024 19:37,18.553038,28.96212,0.79023,57.92424,20
AQL,calibration,30/09/2024 19:37,18.553278,28.970342,0.790115,57.940685,20
AQL,calibration,30/09/2024 19:37,18.553472,28.993371,0.789805,57.98674,20
AQL,calibration,30/09/2024 19:37,18.553483,29.009815,0.79023,58.01963,20
AQL,calibration,30/09/2024 19:37,18.55273,29.061619,0.78977,58.123238,20
AQL,calibration,30/09/2024 19:37,18.55354,29.0608,0.789585,58.121601,20
AQL,calibration,30/09/2024 19:37,18.553883,29.074782,0.789735,58.149563,20
AQL,calibration,30/09/2024 19:37,18.55402,29.064913,0.78955,58.129826,20
AQL,calibration,30/09/2024 19:37,18.553905,29.070666,0.78956,58.141331,20
AQL,calibration,30/09/2024 19:37,18.55305,29.087117,0.78926,58.174232,20
AQL,calibration,30/09/2024 19:37,18.55386,29.078891,0.78962,58.157784,20
AQL,calibration,30/09/2024 19:37,18.554225,29.083826,0.789415,58.167652,20
AQL,calibration,30/09/2024 19:37,18.554351,29.086292,0.789425,58.172585,20
AQL,calibration,30/09/2024 19:37,18.554385,29.09287,0.789375,58.185741,20
AQL,calibration,30/09/2024 19:37,18.553301,29.138099,0.78996,58.276199,20
AQL,calibration,30/09/2024 19:37,18.554122,29.143033,0.789545,58.286068,20
AQL,calibration,30/09/2024 19:37,18.554385,29.147968,0.789325,58.295937,20
AQL,calibration,30/09/2024 19:37,18.554579,29.154546,0.78966,58.309093,20
AQL,calibration,30/09/2024 19:37,18.554853,29.16195,0.789195,58.323898,20
AQL,calibration,30/09/2024 19:37,18.553746,29.193197,0.78954,58.386395,20
AQL,calibration,30/09/2024 19:37,18.554567,29.183328,0.78917,58.366657,20
AQL,calibration,30/09/2024 19:37,18.554739,29.172637,0.789675,58.345276,20
AQL,calibration,30/09/2024 19:37,18.554875,29.189085,0.789985,58.37817,20
AQL,calibration,30/09/2024 19:37,18.555058,29.198957,0.789705,58.397915,20
AQL,calibration,30/09/2024 19:37,18.554077,29.213754,0.790245,58.427509,20
AQL,calibration,30/09/2024 19:37,18.554978,29.210466,0.789755,58.420933,20
AQL,calibration,30/09/2024 19:37,18.555195,29.20471,0.79024,58.40942,20
AQL,calibration,30/09/2024 19:37,18.555252,29.205532,0.789975,58.411064,20
AQL,calibration,30/09/2024 19:37,18.555275,29.208822,0.79042,58.417645,20
AQL,calibration,30/09/2024 19:41,18.378561,88.546704,0.703212,177.093414,50
AQL,calibration,30/09/2024 19:41,18.379757,88.596043,0.703063,177.192093,50
AQL,calibration,30/09/2024 19:41,18.380316,88.69472,0.70275,177.389435,50
AQL,calibration,30/09/2024 19:41,18.380988,88.785185,0.702668,177.570374,50
AQL,calibration,30/09/2024 19:41,18.38133,89.023659,0.703073,178.047318,50
AQL,calibration,30/09/2024 19:41,18.381957,89.549959,0.70314,179.099915,50
AQL,calibration,30/09/2024 19:41,18.382903,89.566416,0.703201,179.132828,50
AQL,calibration,30/09/2024 19:41,18.383371,89.549959,0.70314,179.099915,50
AQL,calibration,30/09/2024 19:41,18.383667,89.50062,0.702914,179.001236,50
AQL,calibration,30/09/2024 19:41,18.383975,89.623973,0.703355,179.24794,50
AQL,calibration,30/09/2024 19:41,18.384305,88.982539,0.70315,177.965073,50
AQL,calibration,30/09/2024 19:41,18.384978,88.949657,0.703396,177.899323,50
AQL,calibration,30/09/2024 19:41,18.385422,88.900306,0.703642,177.800613,50
AQL,calibration,30/09/2024 19:41,18.385776,88.826305,0.703089,177.652603,50
AQL,calibration,30/09/2024 19:41,18.386152,88.744071,0.70375,177.488144,50
AQL,calibration,30/09/2024 19:41,18.385901,88.554923,0.703196,177.109848,50
AQL,calibration,30/09/2024 19:41,18.386995,88.538485,0.703017,177.076965,50
AQL,calibration,30/09/2024 19:41,18.387189,88.51381,0.702627,177.027618,50
AQL,calibration,30/09/2024 19:41,18.387645,88.522029,0.703165,177.044052,50
AQL,calibration,30/09/2024 19:41,18.387725,88.51381,0.703283,177.027618,50
AQL,calibration,30/09/2024 19:41,18.387371,88.505585,0.704068,177.011169,50
AQL,calibration,30/09/2024 19:41,18.388181,88.505585,0.70416,177.011169,50
AQL,calibration,30/09/2024 19:41,18.388659,88.505585,0.704221,177.011169,50
AQL,calibration,30/09/2024 19:41,18.38891,88.497366,0.703888,176.994736,50
AQL,calibration,30/09/2024 19:41,18.389047,88.489134,0.704385,176.978271,50
AQL,calibration,30/09/2024 19:41,18.388842,88.365781,0.703852,176.731567,50
AQL,calibration,30/09/2024 19:41,18.389662,88.332899,0.704682,176.665802,50
AQL,calibration,30/09/2024 19:41,18.390061,88.324668,0.7046,176.649338,50
AQL,calibration,30/09/2024 19:41,18.390426,88.299999,0.704595,176.599991,50
AQL,calibration,30/09/2024 19:41,18.390665,88.29178,0.704769,176.583557,50
AQL,calibration,30/09/2024 19:42,18.390346,88.29178,0.703545,176.583557,50
AQL,calibration,30/09/2024 19:42,18.39111,88.29178,0.70316,176.583557,50
AQL,calibration,30/09/2024 19:42,18.391714,88.267104,0.703704,176.53421,50
AQL,calibration,30/09/2024 19:42,18.391919,88.258885,0.704426,176.517776,50
AQL,calibration,30/09/2024 19:42,18.392181,88.23421,0.704206,176.468414,50
AQL,calibration,30/09/2024 19:42,18.391931,88.184871,0.705968,176.369736,50
AQL,calibration,30/09/2024 19:42,18.392934,88.168427,0.705533,176.336853,50
AQL,calibration,30/09/2024 19:42,18.39323,88.176652,0.705374,176.353302,50
AQL,calibration,30/09/2024 19:42,18.393629,88.168427,0.705297,176.336853,50
AQL,calibration,30/09/2024 19:42,18.393709,88.168427,0.705261,176.336853,50
AQL,calibration,30/09/2024 19:42,18.394188,88.23421,0.704821,176.468414,50
AQL,calibration,30/09/2024 19:42,18.394849,88.225991,0.705041,176.451981,50
AQL,calibration,30/09/2024 19:42,18.395339,88.242429,0.704354,176.484863,50
AQL,calibration,30/09/2024 19:42,18.395738,88.25066,0.704416,176.501328,50
AQL,calibration,30/09/2024 19:42,18.395829,88.267104,0.704165,176.53421,50
AQL,calibration,30/09/2024 19:42,18.39616,88.258885,0.705031,176.517776,50
AQL,calibration,30/09/2024 19:42,18.397072,88.25066,0.705671,176.501328,50
AQL,calibration,30/09/2024 19:42,18.397778,88.25066,0.704851,176.501328,50
AQL,calibration,30/09/2024 19:42,18.397984,88.283548,0.705599,176.567093,50
AQL,calibration,30/09/2024 19:42,18.398211,88.299999,0.705164,176.599991,50
AQL,calibration,30/09/2024 19:42,18.398633,88.225991,0.706137,176.451981,50
AQL,calibration,30/09/2024 19:42,18.399579,88.19309,0.705733,176.386185,50
AQL,calibration,30/09/2024 19:42,18.400241,88.184871,0.705799,176.369736,50
AQL,calibration,30/09/2024 19:42,18.400389,88.176652,0.705727,176.353302,50
AQL,calibration,30/09/2024 19:42,18.400662,88.143751,0.705789,176.287506,50
AQL,calibration,30/09/2024 19:42,18.400982,88.209547,0.705692,176.419098,50
AQL,calibration,30/09/2024 19:42,18.402167,88.225991,0.705461,176.451981,50
AQL,calibration,30/09/2024 19:42,18.402851,88.23421,0.705835,176.468414,50
AQL,calibration,30/09/2024 19:42,18.403033,88.23421,0.705845,176.468414,50
AQL,calibration,30/09/2024 19:42,18.403261,88.242429,0.70585,176.484863,50
AQL,calibration,30/09/2024 19:43,18.403786,88.308224,0.705681,176.616455,50
AQL,calibration,30/09/2024 19:43,18.404743,88.308224,0.706403,176.616455,50
AQL,calibration,30/09/2024 19:43,18.405222,88.29178,0.706168,176.583557,50
AQL,calibration,30/09/2024 19:43,18.405507,88.29178,0.705722,176.583557,50
AQL,calibration,30/09/2024 19:43,18.405815,88.29178,0.706188,176.583557,50
AQL,calibration,30/09/2024 19:43,18.406453,88.316443,0.706654,176.632889,50
AQL,calibration,30/09/2024 19:43,18.4074,88.275329,0.706747,176.550659,50
AQL,calibration,30/09/2024 19:43,18.407867,88.25066,0.706762,176.501328,50
AQL,calibration,30/09/2024 19:43,18.408163,88.225991,0.70667,176.451981,50
AQL,calibration,30/09/2024 19:43,18.40846,88.201315,0.706352,176.402634,50
AQL,calibration,30/09/2024 19:43,18.408722,88.143751,0.707438,176.287506,50
AQL,calibration,30/09/2024 19:43,18.41001,88.151976,0.707494,176.303955,50
AQL,calibration,30/09/2024 19:43,18.410215,88.110857,0.707632,176.22171,50
AQL,calibration,30/09/2024 19:43,18.41074,88.102638,0.707468,176.205276,50
AQL,calibration,30/09/2024 19:43,18.411013,88.086194,0.707586,176.172394,50
AQL,calibration,30/09/2024 19:43,18.411424,88.143751,0.707689,176.287506,50
AQL,calibration,30/09/2024 19:43,18.412461,88.151976,0.707673,176.303955,50
AQL,calibration,30/09/2024 19:43,18.412963,88.151976,0.707243,176.303955,50
AQL,calibration,30/09/2024 19:43,18.413202,88.184871,0.707335,176.369736,50
AQL,calibration,30/09/2024 19:43,18.413339,88.209547,0.70734,176.419098,50
AQL,calibration,30/09/2024 19:43,18.413818,88.242429,0.707648,176.484863,50
AQL,calibration,30/09/2024 19:43,18.414867,88.225991,0.708103,176.451981,50
AQL,calibration,30/09/2024 19:43,18.415414,88.225991,0.707356,176.451981,50
AQL,calibration,30/09/2024 19:43,18.415551,88.217766,0.707433,176.435532,50
AQL,calibration,30/09/2024 19:43,18.415858,88.23421,0.706747,176.468414,50
AQL,calibration,30/09/2024 19:43,18.416121,88.209547,0.707279,176.419098,50
AQL,calibration,30/09/2024 19:43,18.416987,88.19309,0.706972,176.386185,50
AQL,calibration,30/09/2024 19:43,18.41758,88.168427,0.706982,176.336853,50
AQL,calibration,30/09/2024 19:43,18.417785,88.168427,0.706818,176.336853,50
AQL,calibration,30/09/2024 19:43,18.418082,88.168427,0.70709,176.336853,50
AQL,calibration,30/09/2024 19:44,18.418298,88.036843,0.708057,176.073685,50
AQL,calibration,30/09/2024 19:44,18.419142,88.028624,0.707863,176.057251,50
AQL,calibration,30/09/2024 19:44,18.42002,88.003961,0.708159,176.007919,50
AQL,calibration,30/09/2024 19:44,18.4201,87.995729,0.707888,175.991455,50
AQL,calibration,30/09/2024 19:44,18.420487,87.995729,0.708467,175.991455,50
AQL,calibration,30/09/2024 19:44,18.420635,87.94639,0.708451,175.892776,50
AQL,calibration,30/09/2024 19:44,18.421616,87.954609,0.709004,175.909225,50
AQL,calibration,30/09/2024 19:44,18.422038,87.954609,0.709715,175.909225,50
AQL,calibration,30/09/2024 19:44,18.422414,87.954609,0.70949,175.909225,50
AQL,calibration,30/09/2024 19:44,18.422551,87.94639,0.709398,175.892776,50
AQL,calibration,30/09/2024 19:44,18.422653,87.905271,0.707985,175.810547,50
AQL,calibration,30/09/2024 19:44,18.423657,87.905271,0.707494,175.810547,50
AQL,calibration,30/09/2024 19:44,18.424033,87.888827,0.711725,175.777649,50
AQL,calibration,30/09/2024 19:44,18.424398,87.897052,0.713943,175.794098,50
AQL,calibration,30/09/2024 19:44,18.424774,87.888827,0.71404,175.777649,50
AQL,calibration,30/09/2024 19:44,18.424649,87.880608,0.716471,175.761215,50
AQL,calibration,30/09/2024 19:44,18.425424,87.897052,0.716323,175.794098,50
AQL,calibration,30/09/2024 19:44,18.425948,87.880608,0.716778,175.761215,50
AQL,calibration,30/09/2024 19:44,18.426268,87.897052,0.715981,175.794098,50
AQL,calibration,30/09/2024 19:44,18.426564,87.913496,0.716048,175.826996,50
AQL,calibration,30/09/2024 19:44,18.426313,87.888827,0.716446,175.777649,50
AQL,calibration,30/09/2024 19:44,18.427533,87.864157,0.717079,175.728317,50
AQL,calibration,30/09/2024 19:44,18.42783,87.855932,0.716773,175.711868,50
AQL,calibration,30/09/2024 19:44,18.428103,87.839488,0.716696,175.67897,50
AQL,calibration,30/09/2024 19:44,18.428354,87.831257,0.716936,175.662506,50
AQL,calibration,30/09/2024 19:44,18.428137,87.814819,0.71764,175.629639,50
AQL,calibration,30/09/2024 19:44,18.429118,87.790143,0.717268,175.580292,50
AQL,calibration,30/09/2024 19:44,18.429688,87.806593,0.717431,175.61319,50
AQL,calibration,30/09/2024 19:44,18.429813,87.790143,0.717431,175.580292,50
AQL,calibration,30/09/2024 19:44,18.430212,87.773699,0.717268,175.547394,50
AQL,calibration,30/09/2024 19:45,18.429962,87.716141,0.718222,175.432281,50
AQL,calibration,30/09/2024 19:45,18.431068,87.716141,0.718049,175.432281,50
AQL,calibration,30/09/2024 19:45,18.431273,87.699685,0.718263,175.399368,50
AQL,calibration,30/09/2024 19:45,18.431718,87.691466,0.718212,175.382935,50
AQL,calibration,30/09/2024 19:45,18.431843,87.699685,0.718033,175.399368,50
AQL,calibration,30/09/2024 19:45,18.431706,87.699685,0.718278,175.399368,50
AQL,calibration,30/09/2024 19:45,18.432504,87.716141,0.718942,175.432281,50
AQL,calibration,30/09/2024 19:45,18.432732,87.716141,0.719207,175.432281,50
AQL,calibration,30/09/2024 19:45,18.433131,87.70791,0.718681,175.415817,50
AQL,calibration,30/09/2024 19:45,18.433325,87.72436,0.718753,175.448715,50
AQL,calibration,30/09/2024 19:45,18.433109,87.76548,0.718763,175.53096,50
AQL,calibration,30/09/2024 19:45,18.434043,87.773699,0.71861,175.547394,50
AQL,calibration,30/09/2024 19:45,18.434237,87.76548,0.718457,175.53096,50
AQL,calibration,30/09/2024 19:45,18.43475,87.76548,0.718676,175.53096,50
AQL,calibration,30/09/2024 19:45,18.434671,87.757255,0.719125,175.514511,50
AQL,calibration,30/09/2024 19:45,18.434636,87.732579,0.719115,175.465164,50
AQL,calibration,30/09/2024 19:45,18.435446,87.732579,0.71888,175.465164,50
AQL,calibration,30/09/2024 19:45,18.436016,87.749023,0.718768,175.498047,50
AQL,calibration,30/09/2024 19:45,18.436164,87.72436,0.71937,175.448715,50
AQL,calibration,30/09/2024 19:45,18.436313,87.72436,0.7186,175.448715,50
AQL,calibration,30/09/2024 19:45,18.435982,87.716141,0.720048,175.432281,50
AQL,calibration,30/09/2024 19:45,18.436871,87.716141,0.719334,175.432281,50
AQL,calibration,30/09/2024 19:45,18.43735,87.716141,0.720048,175.432281,50
AQL,calibration,30/09/2024 19:45,18.437624,87.72436,0.720319,175.448715,50
AQL,calibration,30/09/2024 19:45,18.437578,87.732579,0.719248,175.465164,50
AQL,calibration,30/09/2024 19:45,18.437259,87.749023,0.72066,175.498047,50
AQL,calibration,30/09/2024 19:45,18.438148,87.749023,0.720523,175.498047,50
AQL,calibration,30/09/2024 19:45,18.438673,87.732579,0.720747,175.465164,50
AQL,calibration,30/09/2024 19:45,18.438946,87.72436,0.720961,175.448715,50
AQL,calibration,30/09/2024 19:45,18.438969,87.716141,0.721094,175.432281,50
AQL,calibration,30/09/2024 19:46,18.438684,87.749023,0.720982,175.498047,50
AQL,calibration,30/09/2024 19:46,18.439437,87.740804,0.720992,175.481613,50
AQL,calibration,30/09/2024 19:46,18.439916,87.732579,0.721124,175.465164,50
AQL,calibration,30/09/2024 19:46,18.440121,87.732579,0.721099,175.465164,50
AQL,calibration,30/09/2024 19:46,18.440224,87.72436,0.721002,175.448715,50
AQL,calibration,30/09/2024 19:46,18.439619,87.72436,0.722001,175.448715,50
AQL,calibration,30/09/2024 19:46,18.440497,87.732579,0.722149,175.465164,50
AQL,calibration,30/09/2024 19:46,18.44109,87.732579,0.722725,175.465164,50
AQL,calibration,30/09/2024 19:46,18.441204,87.740804,0.722796,175.481613,50
AQL,calibration,30/09/2024 19:46,18.441466,87.732579,0.722557,175.465164,50
AQL,calibration,30/09/2024 19:46,18.441044,87.740804,0.723026,175.481613,50
AQL,calibration,30/09/2024 19:46,18.441843,87.732579,0.722807,175.465164,50
AQL,calibration,30/09/2024 19:46,18.442208,87.732579,0.722572,175.465164,50
AQL,calibration,30/09/2024 19:46,18.442367,87.740804,0.72326,175.481613,50
AQL,calibration,30/09/2024 19:46,18.44255,87.716141,0.722786,175.432281,50
AQL,calibration,30/09/2024 19:46,18.44239,87.699685,0.723122,175.399368,50
AQL,calibration,30/09/2024 19:46,18.443063,87.716141,0.72301,175.432281,50
AQL,calibration,30/09/2024 19:46,18.443428,87.70791,0.723352,175.415817,50
AQL,calibration,30/09/2024 19:46,18.443485,87.70791,0.723372,175.415817,50
AQL,calibration,30/09/2024 19:46,18.443713,87.699685,0.722959,175.399368,50
AQL,calibration,30/09/2024 19:46,18.443222,87.716141,0.722062,175.432281,50
AQL,calibration,30/09/2024 19:46,18.443998,87.732579,0.721828,175.465164,50
AQL,calibration,30/09/2024 19:46,18.444488,87.72436,0.722333,175.448715,50
AQL,calibration,30/09/2024 19:46,18.444739,87.740804,0.722129,175.481613,50
AQL,calibration,30/09/2024 19:46,18.444853,87.732579,0.722307,175.465164,50
AQL,calibration,30/09/2024 19:46,18.444374,87.740804,0.720757,175.481613,50
AQL,calibration,30/09/2024 19:46,18.445241,87.749023,0.72092,175.498047,50
AQL,calibration,30/09/2024 19:46,18.445503,87.732579,0.721211,175.465164,50
AQL,calibration,30/09/2024 19:46,18.445663,87.732579,0.721124,175.465164,50
AQL,calibration,30/09/2024 19:46,18.445777,87.72436,0.721486,175.448715,50
AQL,calibration,30/09/2024 19:47,18.445195,87.691466,0.722603,175.382935,50
AQL,calibration,30/09/2024 19:47,18.446107,87.691466,0.721853,175.382935,50
AQL,calibration,30/09/2024 19:47,18.446575,87.691466,0.722215,175.382935,50
AQL,calibration,30/09/2024 19:47,18.446598,87.699685,0.722567,175.399368,50
AQL,calibration,30/09/2024 19:47,18.44694,87.699685,0.722271,175.399368,50
AQL,calibration,30/09/2024 19:47,18.446164,87.691466,0.723484,175.382935,50
AQL,calibration,30/09/2024 19:47,18.447145,87.683241,0.72324,175.366486,50
AQL,calibration,30/09/2024 19:47,18.447316,87.683241,0.723632,175.366486,50
AQL,calibration,30/09/2024 19:47,18.447498,87.716141,0.723647,175.432281,50
AQL,calibration,30/09/2024 19:47,18.447772,87.732579,0.723836,175.465164,50
AQL,calibration,30/09/2024 19:47,18.446974,87.70791,0.723688,175.415817,50
AQL,calibration,30/09/2024 19:47,18.447932,87.70791,0.723224,175.415817,50
AQL,calibration,30/09/2024 19:47,18.448228,87.716141,0.723423,175.432281,50
AQL,calibration,30/09/2024 19:47,18.448502,87.699685,0.722536,175.399368,50
AQL,calibration,30/09/2024 19:47,18.448548,87.691466,0.722144,175.382935,50
AQL,calibration,30/09/2024 19:47,18.447829,87.683241,0.722669,175.366486,50
AQL,calibration,30/09/2024 19:47,18.448593,87.66679,0.722562,175.333588,50
AQL,calibration,30/09/2024 19:47,18.449061,87.66679,0.721976,175.333588,50
AQL,calibration,30/09/2024 19:47,18.449083,87.675022,0.722496,175.350037,50
AQL,calibration,30/09/2024 19:47,18.449437,87.66679,0.722073,175.333588,50
AQL,calibration,30/09/2024 19:47,18.44873,87.633902,0.722919,175.267807,50
AQL,calibration,30/09/2024 19:47,18.449437,87.617452,0.723179,175.234909,50
AQL,calibration,30/09/2024 19:47,18.449699,87.617452,0.723336,175.234909,50
AQL,calibration,30/09/2024 19:47,18.449893,87.617452,0.723321,175.234909,50
AQL,calibration,30/09/2024 19:47,18.450292,87.609233,0.723413,175.21846,50
AQL,calibration,30/09/2024 19:47,18.449483,87.584557,0.722144,175.169113,50
AQL,calibration,30/09/2024 19:47,18.450235,87.584557,0.721578,175.169113,50
AQL,calibration,30/09/2024 19:47,18.450577,87.584557,0.721848,175.169113,50
AQL,calibration,30/09/2024 19:47,18.450988,87.584557,0.721522,175.169113,50
AQL,calibration,30/09/2024 19:47,18.450817,87.584557,0.721344,175.169113,50
AQL,calibration,30/09/2024 19:48,18.450121,87.535218,0.722567,175.070435,50
AQL,calibration,30/09/2024 19:48,18.451159,87.551669,0.721955,175.103333,50
AQL,calibration,30/09/2024 19:48,18.451433,87.551669,0.722343,175.103333,50
AQL,calibration,30/09/2024 19:48,18.451592,87.559894,0.722766,175.119781,50
AQL,calibration,30/09/2024 19:48,18.451683,87.559894,0.722419,175.119781,50
AQL,calibration,30/09/2024 19:48,18.450954,87.535218,0.721568,175.070435,50
AQL,calibration,30/09/2024 19:48,18.451786,87.535218,0.721359,175.070435,50
AQL,calibration,30/09/2024 19:48,18.452185,87.526993,0.721028,175.053986,50
AQL,calibration,30/09/2024 19:48,18.452288,87.535218,0.721405,175.070435,50
AQL,calibration,30/09/2024 19:48,18.452265,87.526993,0.721405,175.053986,50
AQL,calibration,30/09/2024 19:48,18.451752,87.526993,0.721874,175.053986,50
AQL,calibration,30/09/2024 19:48,18.452482,87.518774,0.721899,175.037552,50
AQL,calibration,30/09/2024 19:48,18.452619,87.510555,0.722231,175.021118,50
AQL,calibration,30/09/2024 19:48,18.453143,87.526993,0.721976,175.053986,50
AQL,calibration,30/09/2024 19:48,18.453029,87.526993,0.721828,175.053986,50
AQL,calibration,30/09/2024 19:48,18.452379,87.543437,0.721833,175.086868,50
AQL,calibration,30/09/2024 19:48,18.453314,87.535218,0.722042,175.070435,50
AQL,calibration,30/09/2024 19:48,18.453462,87.543437,0.722404,175.086868,50
AQL,calibration,30/09/2024 19:48,18.453565,87.551669,0.723026,175.103333,50
AQL,calibration,30/09/2024 19:48,18.453702,87.559894,0.722689,175.119781,50
AQL,calibration,30/09/2024 19:48,18.453006,87.592789,0.723163,175.185577,50
AQL,calibration,30/09/2024 19:48,18.453759,87.592789,0.722847,175.185577,50
AQL,calibration,30/09/2024 19:48,18.454112,87.592789,0.723413,175.185577,50
AQL,calibration,30/09/2024 19:48,18.454192,87.584557,0.723209,175.169113,50
AQL,calibration,30/09/2024 19:48,18.454432,87.568113,0.722536,175.13623,50
AQL,calibration,30/09/2024 19:48,18.453679,87.543437,0.722832,175.086868,50
AQL,calibration,30/09/2024 19:48,18.454375,87.551669,0.723128,175.103333,50
AQL,calibration,30/09/2024 19:48,18.454705,87.543437,0.723525,175.086868,50
AQL,calibration,30/09/2024 19:48,18.454728,87.543437,0.722842,175.086868,50
AQL,calibration,30/09/2024 19:48,18.454933,87.535218,0.723423,175.070435,50
AQL,calibration,30/09/2024 19:49,18.454249,87.510555,0.724075,175.021118,50
AQL,calibration,30/09/2024 19:49,18.455059,87.510555,0.723494,175.021118,50
AQL,calibration,30/09/2024 19:49,18.455298,87.502324,0.72406,175.004654,50
AQL,calibration,30/09/2024 19:49,18.455401,87.502324,0.724096,175.004654,50
AQL,calibration,30/09/2024 19:49,18.455549,87.494099,0.72378,174.988205,50
AQL,calibration,30/09/2024 19:49,18.454888,87.469436,0.724391,174.938873,50
AQL,calibration,30/09/2024 19:49,18.455538,87.477655,0.724218,174.955307,50
AQL,calibration,30/09/2024 19:49,18.456017,87.461204,0.724462,174.922409,50
AQL,calibration,30/09/2024 19:49,18.456085,87.469436,0.724569,174.938873,50
AQL,calibration,30/09/2024 19:49,18.456005,87.469436,0.724289,174.938873,50
AQL,calibration,30/09/2024 19:49,18.455412,87.469436,0.72432,174.938873,50
AQL,calibration,30/09/2024 19:49,18.456142,87.469436,0.725145,174.938873,50
AQL,calibration,30/09/2024 19:49,18.456519,87.461204,0.724355,174.922409,50
AQL,calibration,30/09/2024 19:49,18.456576,87.452985,0.72487,174.905975,50
AQL,calibration,30/09/2024 19:49,18.456735,87.452985,0.724513,174.905975,50
AQL,calibration,30/09/2024 19:49,18.455812,87.494099,0.724488,174.988205,50
AQL,calibration,30/09/2024 19:49,18.456553,87.494099,0.72488,174.988205,50
AQL,calibration,30/09/2024 19:49,18.457066,87.518774,0.724666,175.037552,50
AQL,calibration,30/09/2024 19:49,18.457271,87.518774,0.724467,175.037552,50
AQL,calibration,30/09/2024 19:49,18.457442,87.526993,0.72489,175.053986,50
AQL,calibration,30/09/2024 19:49,18.456462,87.559894,0.725562,175.119781,50
AQL,calibration,30/09/2024 19:49,18.457328,87.568113,0.725124,175.13623,50
AQL,calibration,30/09/2024 19:49,18.457545,87.576332,0.725145,175.152664,50
AQL,calibration,30/09/2024 19:49,18.457693,87.592789,0.72518,175.185577,50
AQL,calibration,30/09/2024 19:49,18.457887,87.584557,0.725588,175.169113,50
AQL,calibration,30/09/2024 19:49,18.456906,87.625671,0.726234,175.251343,50
AQL,calibration,30/09/2024 19:49,18.457841,87.650346,0.725812,175.30069,50
AQL,calibration,30/09/2024 19:49,18.458081,87.650346,0.725603,175.30069,50
AQL,calibration,30/09/2024 19:49,18.458161,87.658571,0.726036,175.317139,50
AQL,calibration,30/09/2024 19:49,18.458286,87.675022,0.725379,175.350037,50
AQL,calibration,30/09/2024 19:50,18.457533,87.740804,0.725939,175.481613,50
AQL,calibration,30/09/2024 19:50,18.4584,87.749023,0.726066,175.498047,50
AQL,calibration,30/09/2024 19:50,18.45864,87.749023,0.725486,175.498047,50
AQL,calibration,30/09/2024 19:50,18.458719,87.757255,0.725679,175.514511,50
AQL,calibration,30/09/2024 19:50,18.458913,87.757255,0.725471,175.514511,50
AQL,calibration,30/09/2024 19:50,18.457944,87.823038,0.725461,175.646072,50
AQL,calibration,30/09/2024 19:50,18.458731,87.831257,0.725369,175.662506,50
AQL,calibration,30/09/2024 19:50,18.459084,87.847713,0.725629,175.695419,50
AQL,calibration,30/09/2024 19:50,18.459119,87.831257,0.725679,175.662506,50
AQL,calibration,30/09/2024 19:50,18.459164,87.806593,0.725746,175.61319,50
AQL,calibration,30/09/2024 19:50,18.458423,87.773699,0.726351,175.547394,50
AQL,calibration,30/09/2024 19:50,18.459107,87.76548,0.72685,175.53096,50
AQL,calibration,30/09/2024 19:50,18.459541,87.76548,0.725827,175.53096,50
AQL,calibration,30/09/2024 19:50,18.459643,87.76548,0.726845,175.53096,50
AQL,calibration,30/09/2024 19:50,18.459803,87.76548,0.726112,175.53096,50
AQL,calibration,30/09/2024 19:50,18.45905,87.749023,0.726647,175.498047,50
AQL,calibration,30/09/2024 19:50,18.459803,87.757255,0.727115,175.514511,50
AQL,calibration,30/09/2024 19:50,18.460008,87.757255,0.727064,175.514511,50
AQL,calibration,30/09/2024 19:50,18.460225,87.76548,0.727171,175.53096,50
AQL,calibration,30/09/2024 19:50,18.460419,87.76548,0.727558,175.53096,50
AQL,calibration,30/09/2024 19:50,18.459484,87.757255,0.726138,175.514511,50
AQL,calibration,30/09/2024 19:50,18.460213,87.773699,0.726616,175.547394,50
AQL,calibration,30/09/2024 19:50,18.460556,87.76548,0.725471,175.53096,50
AQL,calibration,30/09/2024 19:50,18.460681,87.773699,0.726163,175.547394,50
AQL,calibration,30/09/2024 19:50,18.460681,87.76548,0.726555,175.53096,50
AQL,calibration,30/09/2024 19:50,18.459906,87.757255,0.725608,175.514511,50
AQL,calibration,30/09/2024 19:50,18.460841,87.749023,0.7257,175.498047,50
AQL,calibration,30/09/2024 19:50,18.461183,87.740804,0.72599,175.481613,50
AQL,calibration,30/09/2024 19:50,18.461046,87.732579,0.725664,175.465164,50
AQL,calibration,30/09/2024 19:50,18.461388,87.72436,0.726107,175.448715,50
AQL,calibration,30/09/2024 19:51,18.460521,87.699685,0.725613,175.399368,50
AQL,calibration,30/09/2024 19:51,18.461069,87.675022,0.725715,175.350037,50
AQL,calibration,30/09/2024 19:51,18.461536,87.66679,0.726117,175.333588,50
AQL,calibration,30/09/2024 19:51,18.461844,87.66679,0.725898,175.333588,50
AQL,calibration,30/09/2024 19:51,18.461856,87.66679,0.726306,175.333588,50
AQL,calibration,30/09/2024 19:51,18.460909,87.633902,0.726321,175.267807,50
AQL,calibration,30/09/2024 19:51,18.461719,87.650346,0.726957,175.30069,50
AQL,calibration,30/09/2024 19:51,18.462072,87.650346,0.726484,175.30069,50
AQL,calibration,30/09/2024 19:51,18.462141,87.650346,0.726957,175.30069,50
AQL,calibration,30/09/2024 19:51,18.462506,87.658571,0.727324,175.317139,50
AQL,calibration,30/09/2024 19:51,18.461365,87.675022,0.727217,175.350037,50
AQL,calibration,30/09/2024 19:51,18.462175,87.675022,0.72685,175.350037,50
AQL,calibration,30/09/2024 19:51,18.462608,87.675022,0.72709,175.350037,50
AQL,calibration,30/09/2024 19:51,18.462494,87.691466,0.726606,175.382935,50
AQL,calibration,30/09/2024 19:51,18.462643,87.683241,0.725975,175.366486,50
AQL,calibration,30/09/2024 19:51,18.461924,87.70791,0.726448,175.415817,50
AQL,calibration,30/09/2024 19:51,18.462585,87.699685,0.726397,175.399368,50
AQL,calibration,30/09/2024 19:51,18.463007,87.699685,0.726255,175.399368,50
AQL,calibration,30/09/2024 19:51,18.463156,87.691466,0.726311,175.382935,50
AQL,calibration,30/09/2024 19:51,18.463281,87.691466,0.726672,175.382935,50
AQL,calibration,30/09/2024 19:51,18.462392,87.691466,0.72709,175.382935,50
AQL,calibration,30/09/2024 19:51,18.463007,87.691466,0.726784,175.382935,50
AQL,calibration,30/09/2024 19:51,18.463441,87.691466,0.726749,175.382935,50
AQL,calibration,30/09/2024 19:51,18.463555,87.683241,0.72655,175.366486,50
AQL,calibration,30/09/2024 19:51,18.463578,87.683241,0.726677,175.366486,50
AQL,calibration,30/09/2024 19:51,18.462757,87.691466,0.727354,175.382935,50
AQL,calibration,30/09/2024 19:51,18.463452,87.699685,0.727425,175.399368,50
AQL,calibration,30/09/2024 19:51,18.463908,87.66679,0.727339,175.333588,50
AQL,calibration,30/09/2024 19:51,18.464034,87.675022,0.727334,175.350037,50
AQL,calibration,30/09/2024 19:51,18.464068,87.691466,0.726621,175.382935,50
AQL,calibration,30/09/2024 19:52,18.462985,87.675022,0.727731,175.350037,50
AQL,calibration,30/09/2024 19:52,18.463965,87.675022,0.727777,175.350037,50
AQL,calibration,30/09/2024 19:52,18.463988,87.650346,0.728041,175.30069,50
AQL,calibration,30/09/2024 19:52,18.464251,87.650346,0.72741,175.30069,50
AQL,calibration,30/09/2024 19:52,18.46433,87.642127,0.727034,175.284256,50
AQL,calibration,30/09/2024 19:52,18.463532,87.625671,0.727446,175.251343,50
AQL,calibration,30/09/2024 19:52,18.464273,87.625671,0.727909,175.251343,50
AQL,calibration,30/09/2024 19:52,18.464581,87.617452,0.727542,175.234909,50
AQL,calibration,30/09/2024 19:52,18.464741,87.633902,0.727354,175.267807,50
AQL,calibration,30/09/2024 19:52,18.464615,87.617452,0.727817,175.234909,50
AQL,calibration,30/09/2024 19:52,18.463726,87.592789,0.728235,175.185577,50
AQL,calibration,30/09/2024 19:52,18.464547,87.584557,0.727894,175.169113,50
AQL,calibration,30/09/2024 19:52,18.464821,87.601007,0.727904,175.202011,50
AQL,calibration,30/09/2024 19:52,18.464946,87.601007,0.728138,175.202011,50
AQL,calibration,30/09/2024 19:52,18.465163,87.592789,0.728077,175.185577,50
AQL,calibration,30/09/2024 19:52,18.464239,87.584557,0.727771,175.169113,50
AQL,calibration,30/09/2024 19:52,18.464935,87.592789,0.72883,175.185577,50
AQL,calibration,30/09/2024 19:52,18.465266,87.592789,0.727934,175.185577,50
AQL,calibration,30/09/2024 19:52,18.465482,87.592789,0.728092,175.185577,50
AQL,calibration,30/09/2024 19:52,18.465505,87.584557,0.728056,175.169113,50
AQL,calibration,30/09/2024 19:52,18.464501,87.576332,0.727792,175.152664,50
AQL,calibration,30/09/2024 19:52,18.465334,87.592789,0.728056,175.185577,50
AQL,calibration,30/09/2024 19:52,18.465665,87.601007,0.727746,175.202011,50
AQL,calibration,30/09/2024 19:52,18.465847,87.609233,0.728199,175.21846,50
AQL,calibration,30/09/2024 19:52,18.465687,87.617452,0.727955,175.234909,50
AQL,calibration,30/09/2024 19:52,18.464912,87.691466,0.729303,175.382935,50
AQL,calibration,30/09/2024 19:52,18.465744,87.70791,0.728545,175.415817,50
AQL,calibration,30/09/2024 19:52,18.465927,87.70791,0.728392,175.415817,50
AQL,calibration,30/09/2024 19:52,18.466052,87.691466,0.728214,175.382935,50
AQL,calibration,30/09/2024 19:52,18.466098,87.699685,0.727904,175.399368,50
AQL,calibration,30/09/2024 19:53,18.465231,87.609233,0.727858,175.21846,50
AQL,calibration,30/09/2024 19:53,18.465973,87.601007,0.727705,175.202011,50
AQL,calibration,30/09/2024 19:53,18.466201,87.576332,0.727614,175.152664,50
AQL,calibration,30/09/2024 19:53,18.466429,87.576332,0.727878,175.152664,50
AQL,calibration,30/09/2024 19:53,18.466668,87.568113,0.727827,175.13623,50
AQL,calibration,30/09/2024 19:53,18.46563,87.576332,0.728494,175.152664,50
AQL,calibration,30/09/2024 19:53,18.46644,87.568113,0.728769,175.13623,50
AQL,calibration,30/09/2024 19:53,18.466326,87.559894,0.728718,175.119781,50
AQL,calibration,30/09/2024 19:53,18.466702,87.559894,0.728372,175.119781,50
AQL,calibration,30/09/2024 19:53,18.466851,87.559894,0.728469,175.119781,50
AQL,calibration,30/09/2024 19:53,18.46595,87.559894,0.729054,175.119781,50
AQL,calibration,30/09/2024 19:53,18.466702,87.559894,0.728321,175.119781,50
AQL,calibration,30/09/2024 19:53,18.466919,87.559894,0.728484,175.119781,50
AQL,calibration,30/09/2024 19:53,18.467227,87.559894,0.728448,175.119781,50
AQL,calibration,30/09/2024 19:53,18.467318,87.559894,0.728565,175.119781,50
AQL,calibration,30/09/2024 19:53,18.466258,87.559894,0.728692,175.119781,50
AQL,calibration,30/09/2024 19:53,18.467136,87.559894,0.728636,175.119781,50
AQL,calibration,30/09/2024 19:53,18.467307,87.543437,0.72826,175.086868,50
AQL,calibration,30/09/2024 19:53,18.467375,87.543437,0.728733,175.086868,50
AQL,calibration,30/09/2024 19:53,18.467421,87.535218,0.728723,175.070435,50
AQL,calibration,30/09/2024 19:53,18.466566,87.543437,0.72826,175.086868,50
AQL,calibration,30/09/2024 19:53,18.467318,87.526993,0.728336,175.053986,50
AQL,calibration,30/09/2024 19:53,18.467558,87.526993,0.72766,175.053986,50
AQL,calibration,30/09/2024 19:53,18.467786,87.518774,0.728372,175.037552,50
AQL,calibration,30/09/2024 19:53,18.46774,87.502324,0.728555,175.004654,50
AQL,calibration,30/09/2024 19:53,18.466919,87.469436,0.728626,174.938873,50
AQL,calibration,30/09/2024 19:53,18.467569,87.477655,0.727461,174.955307,50
AQL,calibration,30/09/2024 19:53,18.467889,87.477655,0.727568,174.955307,50
AQL,calibration,30/09/2024 19:53,18.467934,87.477655,0.727746,174.955307,50
AQL,calibration,30/09/2024 19:53,18.468048,87.461204,0.727904,174.922409,50
AQL,calibration,30/09/2024 19:57,18.399944,125.165685,0.888663,250.331375,100
AQL,calibration,30/09/2024 19:57,18.400776,125.165685,0.7628,250.331375,100
AQL,calibration,30/09/2024 19:57,18.401346,125.116346,0.762059,250.232697,100
AQL,calibration,30/09/2024 19:57,18.401551,125.239693,0.762301,250.479385,100
AQL,calibration,30/09/2024 19:57,18.401779,125.420609,0.762412,250.841217,100
AQL,calibration,30/09/2024 19:57,18.402133,116.637981,0.762281,233.275955,100
AQL,calibration,30/09/2024 19:57,18.403125,116.60508,0.762004,233.210159,100
AQL,calibration,30/09/2024 19:57,18.403455,116.56396,0.761948,233.127914,100
AQL,calibration,30/09/2024 19:57,18.403866,116.555741,0.762885,233.111481,100
AQL,calibration,30/09/2024 19:57,18.404253,116.56396,0.762971,233.127914,100
AQL,calibration,30/09/2024 19:57,18.40439,116.555741,0.763162,233.111481,100
AQL,calibration,30/09/2024 19:57,18.405302,116.555741,0.762976,233.111481,100
AQL,calibration,30/09/2024 19:57,18.405644,116.539303,0.763233,233.078613,100
AQL,calibration,30/09/2024 19:57,18.406009,116.514622,0.762679,233.029236,100
AQL,calibration,30/09/2024 19:57,18.406237,116.457064,0.763132,232.914124,100
AQL,calibration,30/09/2024 19:57,18.406567,116.325486,0.762462,232.65097,100
AQL,calibration,30/09/2024 19:57,18.407411,116.276147,0.762704,232.552292,100
AQL,calibration,30/09/2024 19:57,18.407753,116.251478,0.762447,232.50296,100
AQL,calibration,30/09/2024 19:57,18.408106,116.210358,0.762371,232.420715,100
AQL,calibration,30/09/2024 19:57,18.408357,116.193908,0.762311,232.387817,100
AQL,calibration,30/09/2024 19:57,18.408391,116.128131,0.763001,232.256256,100
AQL,calibration,30/09/2024 19:57,18.409052,116.144569,0.763021,232.289139,100
AQL,calibration,30/09/2024 19:57,18.409531,116.144569,0.762643,232.289139,100
AQL,calibration,30/09/2024 19:57,18.409759,116.13635,0.763273,232.272705,100
AQL,calibration,30/09/2024 19:57,18.410067,116.152788,0.763087,232.305573,100
AQL,calibration,30/09/2024 19:57,18.409987,116.144569,0.763354,232.289139,100
AQL,calibration,30/09/2024 19:57,18.410888,116.152788,0.76282,232.305573,100
AQL,calibration,30/09/2024 19:57,18.411241,116.152788,0.762976,232.305573,100
AQL,calibration,30/09/2024 19:57,18.411469,116.13635,0.76279,232.272705,100
AQL,calibration,30/09/2024 19:57,18.411697,116.13635,0.763535,232.272705,100
AQL,calibration,30/09/2024 19:58,18.411606,116.111668,0.762573,232.223343,100
AQL,calibration,30/09/2024 19:58,18.412518,116.128131,0.762779,232.256256,100
AQL,calibration,30/09/2024 19:58,18.412951,116.103449,0.763444,232.206894,100
AQL,calibration,30/09/2024 19:58,18.413088,116.095231,0.763016,232.19046,100
AQL,calibration,30/09/2024 19:58,18.413396,116.103449,0.762931,232.206894,100
AQL,calibration,30/09/2024 19:58,18.413043,116.095231,0.763812,232.19046,100
AQL,calibration,30/09/2024 19:58,18.413966,116.103449,0.763741,232.206894,100
AQL,calibration,30/09/2024 19:58,18.414354,116.087012,0.763132,232.174026,100
AQL,calibration,30/09/2024 19:58,18.414673,116.07878,0.76356,232.157562,100
AQL,calibration,30/09/2024 19:58,18.414844,116.087012,0.763349,232.174026,100
AQL,calibration,30/09/2024 19:58,18.41465,116.1199,0.763656,232.239807,100
AQL,calibration,30/09/2024 19:58,18.415494,116.1199,0.763782,232.239807,100
AQL,calibration,30/09/2024 19:58,18.415995,116.111668,0.763615,232.223343,100
AQL,calibration,30/09/2024 19:58,18.416155,116.111668,0.763132,232.223343,100
AQL,calibration,30/09/2024 19:58,18.416303,116.111668,0.763273,232.223343,100
AQL,calibration,30/09/2024 19:58,18.416246,116.1199,0.763867,232.239807,100
AQL,calibration,30/09/2024 19:58,18.41701,116.128131,0.763605,232.256256,100
AQL,calibration,30/09/2024 19:58,18.417329,116.111668,0.763137,232.223343,100
AQL,calibration,30/09/2024 19:58,18.417728,116.111668,0.763746,232.223343,100
AQL,calibration,30/09/2024 19:58,18.418047,116.1199,0.763172,232.239807,100
AQL,calibration,30/09/2024 19:58,18.417933,116.13635,0.763072,232.272705,100
AQL,calibration,30/09/2024 19:58,18.418891,116.161007,0.763157,232.322021,100
AQL,calibration,30/09/2024 19:58,18.419165,116.161007,0.762961,232.322021,100
AQL,calibration,30/09/2024 19:58,18.419575,116.17747,0.762805,232.354935,100
AQL,calibration,30/09/2024 19:58,18.419746,116.185689,0.762487,232.371384,100
AQL,calibration,30/09/2024 19:58,18.419609,116.13635,0.762669,232.272705,100
AQL,calibration,30/09/2024 19:58,18.420601,116.144569,0.763429,232.289139,100
AQL,calibration,30/09/2024 19:58,18.42092,116.152788,0.76349,232.305573,100
AQL,calibration,30/09/2024 19:58,18.421126,116.161007,0.763273,232.322021,100
AQL,calibration,30/09/2024 19:58,18.421433,116.152788,0.763263,232.305573,100
AQL,calibration,30/09/2024 19:59,18.421376,116.193908,0.764038,232.387817,100
AQL,calibration,30/09/2024 19:59,18.422266,116.185689,0.76357,232.371384,100
AQL,calibration,30/09/2024 19:59,18.422802,116.185689,0.76355,232.371384,100
AQL,calibration,30/09/2024 19:59,18.42295,116.17747,0.763429,232.354935,100
AQL,calibration,30/09/2024 19:59,18.423144,116.185689,0.763762,232.371384,100
AQL,calibration,30/09/2024 19:59,18.423326,116.341936,0.76422,232.683868,100
AQL,calibration,30/09/2024 19:59,18.424136,116.399494,0.763666,232.798981,100
AQL,calibration,30/09/2024 19:59,18.424717,116.424163,0.763903,232.848328,100
AQL,calibration,30/09/2024 19:59,18.425002,116.465283,0.764059,232.930573,100
AQL,calibration,30/09/2024 19:59,18.425025,116.465283,0.764033,232.930573,100
AQL,calibration,30/09/2024 19:59,18.425241,116.473502,0.764205,232.947006,100
AQL,calibration,30/09/2024 19:59,18.426199,116.481733,0.764164,232.96347,100
AQL,calibration,30/09/2024 19:59,18.426724,116.457064,0.76431,232.914124,100
AQL,calibration,30/09/2024 19:59,18.42686,116.473502,0.764451,232.947006,100
AQL,calibration,30/09/2024 19:59,18.427123,116.473502,0.764381,232.947006,100
AQL,calibration,30/09/2024 19:59,18.427168,116.498184,0.765257,232.996368,100
AQL,calibration,30/09/2024 19:59,18.428126,116.498184,0.765066,232.996368,100
AQL,calibration,30/09/2024 19:59,18.428707,116.498184,0.764557,232.996368,100
AQL,calibration,30/09/2024 19:59,18.42897,116.489952,0.765076,232.979904,100
AQL,calibration,30/09/2024 19:59,18.429164,116.498184,0.765262,232.996368,100
AQL,calibration,30/09/2024 19:59,18.429084,116.432395,0.763016,232.864792,100
AQL,calibration,30/09/2024 19:59,18.429927,116.440614,0.762749,232.881226,100
AQL,calibration,30/09/2024 19:59,18.430486,116.407713,0.762926,232.81543,100
AQL,calibration,30/09/2024 19:59,18.430954,116.407713,0.762835,232.81543,100
AQL,calibration,30/09/2024 19:59,18.431113,116.391275,0.763258,232.782547,100
AQL,calibration,30/09/2024 19:59,18.431296,116.317254,0.764446,232.634506,100
AQL,calibration,30/09/2024 19:59,18.432162,116.333717,0.764487,232.667435,100
AQL,calibration,30/09/2024 19:59,18.432527,116.325486,0.764814,232.65097,100
AQL,calibration,30/09/2024 19:59,18.432995,116.333717,0.764376,232.667435,100
AQL,calibration,30/09/2024 19:59,18.433097,116.333717,0.764879,232.667435,100
AQL,calibration,30/09/2024 20:00,18.433143,116.309035,0.764572,232.618073,100
AQL,calibration,30/09/2024 20:00,18.43426,116.325486,0.765015,232.65097,100
AQL,calibration,30/09/2024 20:00,18.434648,116.325486,0.764542,232.65097,100
AQL,calibration,30/09/2024 20:00,18.434956,116.309035,0.765066,232.618073,100
AQL,calibration,30/09/2024 20:00,18.43507,116.325486,0.765121,232.65097,100
AQL,calibration,30/09/2024 20:00,18.435218,116.309035,0.764638,232.618073,100
AQL,calibration,30/09/2024 20:00,18.43621,116.317254,0.764628,232.634506,100
AQL,calibration,30/09/2024 20:00,18.436803,116.317254,0.764794,232.634506,100
AQL,calibration,30/09/2024 20:00,18.436848,116.333717,0.76428,232.667435,100
AQL,calibration,30/09/2024 20:00,18.437019,116.325486,0.764285,232.65097,100
AQL,calibration,30/09/2024 20:00,18.437156,116.350155,0.764587,232.700317,100
AQL,calibration,30/09/2024 20:00,18.438137,116.374825,0.764179,232.749649,100
AQL,calibration,30/09/2024 20:00,18.438513,116.366593,0.764069,232.733185,100
AQL,calibration,30/09/2024 20:00,18.438821,116.383056,0.763973,232.766113,100
AQL,calibration,30/09/2024 20:00,18.439049,116.366593,0.764089,232.733185,100
AQL,calibration,30/09/2024 20:00,18.438969,116.432395,0.765166,232.864792,100
AQL,calibration,30/09/2024 20:00,18.439904,116.432395,0.764884,232.864792,100
AQL,calibration,30/09/2024 20:00,18.440155,116.415944,0.765086,232.831894,100
AQL,calibration,30/09/2024 20:00,18.440497,116.424163,0.764653,232.848328,100
AQL,calibration,30/09/2024 20:00,18.440782,116.407713,0.764824,232.81543,100
AQL,calibration,30/09/2024 20:00,18.440896,116.391275,0.765161,232.782547,100
AQL,calibration,30/09/2024 20:00,18.441786,116.374825,0.76573,232.749649,100
AQL,calibration,30/09/2024 20:00,18.442116,116.358374,0.765166,232.716751,100
AQL,calibration,30/09/2024 20:00,18.442379,116.366593,0.765896,232.733185,100
AQL,calibration,30/09/2024 20:00,18.44247,116.341936,0.765624,232.683868,100
AQL,calibration,30/09/2024 20:00,18.442527,116.259697,0.765956,232.519394,100
AQL,calibration,30/09/2024 20:00,18.443359,116.251478,0.765589,232.50296,100
AQL,calibration,30/09/2024 20:00,18.443895,116.235028,0.765604,232.470062,100
AQL,calibration,30/09/2024 20:00,18.444226,116.235028,0.765206,232.470062,100
AQL,calibration,30/09/2024 20:00,18.44442,116.202127,0.765206,232.404251,100
AQL,calibration,30/09/2024 20:01,18.444226,116.152788,0.76428,232.305573,100
AQL,calibration,30/09/2024 20:01,18.44507,116.152788,0.764104,232.305573,100
AQL,calibration,30/09/2024 20:01,18.445583,116.13635,0.764215,232.272705,100
AQL,calibration,30/09/2024 20:01,18.445902,116.128131,0.763746,232.256256,100
AQL,calibration,30/09/2024 20:01,18.446039,116.111668,0.76425,232.223343,100
AQL,calibration,30/09/2024 20:01,18.445891,116.054111,0.764366,232.108215,100
AQL,calibration,30/09/2024 20:01,18.446632,116.045892,0.764794,232.091782,100
AQL,calibration,30/09/2024 20:01,18.447134,116.029442,0.764487,232.058884,100
AQL,calibration,30/09/2024 20:01,18.447282,116.021223,0.76424,232.04245,100
AQL,calibration,30/09/2024 20:01,18.447487,116.012991,0.763913,232.025986,100
AQL,calibration,30/09/2024 20:01,18.447362,115.980103,0.765146,231.960205,100
AQL,calibration,30/09/2024 20:01,18.448262,115.980103,0.765066,231.960205,100
AQL,calibration,30/09/2024 20:01,18.448696,115.980103,0.765272,231.960205,100
AQL,calibration,30/09/2024 20:01,18.44873,115.971884,0.765081,231.943771,100
AQL,calibration,30/09/2024 20:01,18.448969,115.947202,0.764945,231.894409,100
AQL,calibration,30/09/2024 20:01,18.44873,116.004772,0.764874,232.009552,100
AQL,calibration,30/09/2024 20:01,18.449414,116.03766,0.764915,232.075317,100
AQL,calibration,30/09/2024 20:01,18.450133,116.054111,0.764774,232.108215,100
AQL,calibration,30/09/2024 20:01,18.450315,116.06233,0.765498,232.124664,100
AQL,calibration,30/09/2024 20:01,18.45052,116.03766,0.765503,232.075317,100
AQL,calibration,30/09/2024 20:01,18.450281,115.914314,0.765126,231.828629,100
AQL,calibration,30/09/2024 20:01,18.450942,115.897863,0.765539,231.795731,100
AQL,calibration,30/09/2024 20:01,18.451398,115.873194,0.765106,231.746384,100
AQL,calibration,30/09/2024 20:01,18.451421,115.873194,0.765448,231.746384,100
AQL,calibration,30/09/2024 20:01,18.451638,115.856744,0.765549,231.713486,100
AQL,calibration,30/09/2024 20:01,18.451204,115.823856,0.765705,231.647705,100
AQL,calibration,30/09/2024 20:01,18.452231,115.815637,0.766248,231.631271,100
AQL,calibration,30/09/2024 20:01,18.452733,115.799186,0.765815,231.598373,100
AQL,calibration,30/09/2024 20:01,18.452744,115.790955,0.765327,231.581909,100
AQL,calibration,30/09/2024 20:01,18.452904,115.782736,0.765956,231.565475,100
AQL,calibration,30/09/2024 20:02,18.452664,115.766298,0.766394,231.532593,100
AQL,calibration,30/09/2024 20:02,18.453291,115.790955,0.766278,231.581909,100
AQL,calibration,30/09/2024 20:02,18.45385,115.774517,0.766364,231.549026,100
AQL,calibration,30/09/2024 20:02,18.45409,115.790955,0.766711,231.581909,100
AQL,calibration,30/09/2024 20:02,18.454226,115.799186,0.766329,231.598373,100
AQL,calibration,30/09/2024 20:02,18.453953,115.864975,0.765755,231.72995,100
AQL,calibration,30/09/2024 20:02,18.454591,115.864975,0.765619,231.72995,100
AQL,calibration,30/09/2024 20:02,18.455013,115.873194,0.765534,231.746384,100
AQL,calibration,30/09/2024 20:02,18.455241,115.889645,0.765624,231.779282,100
AQL,calibration,30/09/2024 20:02,18.455219,115.881426,0.765503,231.762848,100
AQL,calibration,30/09/2024 20:02,18.455116,115.922545,0.76499,231.845093,100
AQL,calibration,30/09/2024 20:02,18.45564,115.955421,0.76577,231.910843,100
AQL,calibration,30/09/2024 20:02,18.456074,115.947202,0.765544,231.894409,100
AQL,calibration,30/09/2024 20:02,18.456279,115.988322,0.765463,231.976639,100
AQL,calibration,30/09/2024 20:02,18.456313,116.021223,0.765388,232.04245,100
AQL,calibration,30/09/2024 20:02,18.456142,115.840306,0.76571,231.680618,100
AQL,calibration,30/09/2024 20:02,18.456678,115.832074,0.765403,231.664154,100
AQL,calibration,30/09/2024 20:02,18.4571,115.823856,0.765297,231.647705,100
AQL,calibration,30/09/2024 20:02,18.457351,115.823856,0.765363,231.647705,100
AQL,calibration,30/09/2024 20:02,18.457465,115.815637,0.765478,231.631271,100
AQL,calibration,30/09/2024 20:02,18.457134,115.807405,0.766012,231.614807,100
AQL,calibration,30/09/2024 20:02,18.457762,115.815637,0.765831,231.631271,100
AQL,calibration,30/09/2024 20:02,18.458126,115.815637,0.765926,231.631271,100
AQL,calibration,30/09/2024 20:02,18.458206,115.823856,0.765267,231.647705,100
AQL,calibration,30/09/2024 20:02,18.458172,115.832074,0.76574,231.664154,100
AQL,calibration,30/09/2024 20:02,18.457796,115.848525,0.766183,231.697052,100
AQL,calibration,30/09/2024 20:02,18.458674,115.864975,0.765584,231.72995,100
AQL,calibration,30/09/2024 20:02,18.459119,115.881426,0.765821,231.762848,100
AQL,calibration,30/09/2024 20:02,18.459244,115.889645,0.765941,231.779282,100
AQL,calibration,30/09/2024 20:02,18.459427,115.914314,0.765539,231.828629,100
AQL,calibration,30/09/2024 20:03,18.458902,115.906082,0.766122,231.812164,100
AQL,calibration,30/09/2024 20:03,18.459575,115.906082,0.766007,231.812164,100
AQL,calibration,30/09/2024 20:03,18.459791,115.897863,0.766837,231.795731,100
AQL,calibration,30/09/2024 20:03,18.459871,115.889645,0.766424,231.779282,100
AQL,calibration,30/09/2024 20:03,18.460122,115.897863,0.766339,231.795731,100
AQL,calibration,30/09/2024 20:03,18.459655,115.873194,0.766525,231.746384,100
AQL,calibration,30/09/2024 20:03,18.460282,115.881426,0.766656,231.762848,100
AQL,calibration,30/09/2024 20:03,18.460772,115.873194,0.7666,231.746384,100
AQL,calibration,30/09/2024 20:03,18.460761,115.881426,0.766057,231.762848,100
AQL,calibration,30/09/2024 20:03,18.461035,115.873194,0.766092,231.746384,100
AQL,calibration,30/09/2024 20:03,18.460419,115.815637,0.766002,231.631271,100
AQL,calibration,30/09/2024 20:03,18.461103,115.815637,0.765982,231.631271,100
AQL,calibration,30/09/2024 20:03,18.461559,115.807405,0.765971,231.614807,100
AQL,calibration,30/09/2024 20:03,18.461628,115.823856,0.766062,231.647705,100
AQL,calibration,30/09/2024 20:03,18.461901,115.807405,0.765705,231.614807,100
AQL,calibration,30/09/2024 20:03,18.461206,115.766298,0.765519,231.532593,100
AQL,calibration,30/09/2024 20:03,18.461924,115.733397,0.765634,231.466797,100
AQL,calibration,30/09/2024 20:03,18.462141,115.733397,0.765307,231.466797,100
AQL,calibration,30/09/2024 20:03,18.462357,115.733397,0.765649,231.466797,100
AQL,calibration,30/09/2024 20:03,18.462528,115.708728,0.76568,231.41745,100
AQL,calibration,30/09/2024 20:03,18.461913,115.659389,0.766052,231.318771,100
AQL,calibration,30/09/2024 20:03,18.462871,115.642939,0.765987,231.285873,100
AQL,calibration,30/09/2024 20:03,18.462973,115.626488,0.765508,231.252975,100
AQL,calibration,30/09/2024 20:03,18.463247,115.642939,0.765921,231.285873,100
AQL,calibration,30/09/2024 20:03,18.463247,115.626488,0.765574,231.252975,100
AQL,calibration,30/09/2024 20:03,18.462426,115.57715,0.765619,231.154297,100
AQL,calibration,30/09/2024 20:03,18.46327,115.5936,0.765352,231.187195,100
AQL,calibration,30/09/2024 20:03,18.463817,115.568931,0.765458,231.137863,100
AQL,calibration,30/09/2024 20:03,18.463886,115.585369,0.765544,231.170731,100
AQL,calibration,30/09/2024 20:03,18.464,115.585369,0.765584,231.170731,100
AQL,calibration,30/09/2024 20:04,18.463361,115.5936,0.766122,231.187195,100
AQL,calibration,30/09/2024 20:04,18.463977,115.585369,0.766022,231.170731,100
AQL,calibration,30/09/2024 20:04,18.464536,115.585369,0.765599,231.170731,100
AQL,calibration,30/09/2024 20:04,18.464638,115.601819,0.7658,231.203644,100
AQL,calibration,30/09/2024 20:04,18.464741,115.5936,0.766012,231.187195,100
AQL,calibration,30/09/2024 20:04,18.463931,115.626488,0.766153,231.252975,100
AQL,calibration,30/09/2024 20:04,18.464832,115.659389,0.766299,231.318771,100
AQL,calibration,30/09/2024 20:04,18.465072,115.651158,0.765987,231.302322,100
AQL,calibration,30/09/2024 20:04,18.465163,115.642939,0.766289,231.285873,100
AQL,calibration,30/09/2024 20:04,18.465231,115.642939,0.766324,231.285873,100
AQL,calibration,30/09/2024 20:04,18.464672,115.618269,0.766193,231.236542,100
AQL,calibration,30/09/2024 20:04,18.465357,115.610051,0.766218,231.220108,100
AQL,calibration,30/09/2024 20:04,18.46563,115.5936,0.766263,231.187195,100
AQL,calibration,30/09/2024 20:04,18.465847,115.610051,0.766616,231.220108,100
AQL,calibration,30/09/2024 20:04,18.466075,115.585369,0.765634,231.170731,100
AQL,calibration,30/09/2024 20:04,18.465083,115.560712,0.765795,231.121429,100
AQL,calibration,30/09/2024 20:04,18.46595,115.55248,0.765715,231.104965,100
AQL,calibration,30/09/2024 20:04,18.466326,115.55248,0.766022,231.104965,100
AQL,calibration,30/09/2024 20:04,18.466417,115.544249,0.765936,231.088501,100
AQL,calibration,30/09/2024 20:04,18.46652,115.544249,0.766072,231.088501,100
AQL,calibration,30/09/2024 20:04,18.46571,115.55248,0.766319,231.104965,100
AQL,calibration,30/09/2024 20:04,18.46644,115.544249,0.766082,231.088501,100
AQL,calibration,30/09/2024 20:04,18.466874,115.544249,0.765916,231.088501,100
AQL,calibration,30/09/2024 20:04,18.466965,115.560712,0.766832,231.121429,100
AQL,calibration,30/09/2024 20:04,18.467079,115.55248,0.766002,231.104965,100
AQL,calibration,30/09/2024 20:04,18.466258,115.610051,0.766022,231.220108,100
AQL,calibration,30/09/2024 20:04,18.467318,115.5936,0.766359,231.187195,100
AQL,calibration,30/09/2024 20:04,18.467455,115.601819,0.766208,231.203644,100
AQL,calibration,30/09/2024 20:04,18.467501,115.618269,0.766616,231.236542,100
AQL,calibration,30/09/2024 20:04,18.467695,115.601819,0.766595,231.203644,100
AQL,calibration,30/09/2024 20:05,18.467432,115.618269,0.766872,231.236542,100
AQL,calibration,30/09/2024 20:05,18.468094,115.601819,0.766575,231.203644,100
AQL,calibration,30/09/2024 20:05,18.468402,115.5936,0.766203,231.187195,100
AQL,calibration,30/09/2024 20:05,18.468641,115.601819,0.766278,231.203644,100
AQL,calibration,30/09/2024 20:05,18.468812,115.601819,0.766807,231.203644,100
AQL,calibration,30/09/2024 20:05,18.467775,115.560712,0.7665,231.121429,100
AQL,calibration,30/09/2024 20:05,18.468618,115.585369,0.765735,231.170731,100
AQL,calibration,30/09/2024 20:05,18.468618,115.568931,0.765926,231.137863,100
AQL,calibration,30/09/2024 20:05,18.468949,115.560712,0.766002,231.121429,100
AQL,calibration,30/09/2024 20:05,18.469006,115.560712,0.766575,231.121429,100
AQL,calibration,30/09/2024 20:05,18.468071,115.568931,0.766158,231.137863,100
AQL,calibration,30/09/2024 20:05,18.468755,115.560712,0.766621,231.121429,100
AQL,calibration,30/09/2024 20:05,18.468824,115.55248,0.766852,231.104965,100
AQL,calibration,30/09/2024 20:05,18.468972,115.568931,0.766817,231.137863,100
AQL,calibration,30/09/2024 20:05,18.469086,115.568931,0.766943,231.137863,100
AQL,calibration,30/09/2024 20:05,18.468128,115.560712,0.766545,231.121429,100
AQL,calibration,30/09/2024 20:05,18.468904,115.568931,0.767224,231.137863,100
AQL,calibration,30/09/2024 20:05,18.469029,115.560712,0.767164,231.121429,100
AQL,calibration,30/09/2024 20:05,18.469257,115.568931,0.767325,231.137863,100
AQL,calibration,30/09/2024 20:05,18.469417,115.55248,0.767219,231.104965,100
AQL,calibration,30/09/2024 20:05,18.468402,115.560712,0.767244,231.121429,100
AQL,calibration,30/09/2024 20:05,18.469166,115.560712,0.767028,231.121429,100
AQL,calibration,30/09/2024 20:05,18.469599,115.560712,0.767265,231.121429,100
AQL,calibration,30/09/2024 20:05,18.469622,115.55248,0.76651,231.104965,100
AQL,calibration,30/09/2024 20:05,18.469679,115.55248,0.766465,231.104965,100
AQL,calibration,30/09/2024 20:05,18.468824,115.53603,0.766887,231.072067,100
AQL,calibration,30/09/2024 20:05,18.469736,115.544249,0.766636,231.088501,100
AQL,calibration,30/09/2024 20:05,18.469816,115.544249,0.766701,231.088501,100
AQL,calibration,30/09/2024 20:05,18.470067,115.544249,0.767516,231.088501,100
AQL,calibration,30/09/2024 20:05,18.469907,115.53603,0.767129,231.072067,100
AQL,calibration,30/09/2024 20:06,18.46928,115.55248,0.766429,231.104965,100
AQL,calibration,30/09/2024 20:06,18.470033,115.560712,0.766188,231.121429,100
AQL,calibration,30/09/2024 20:06,18.470398,115.560712,0.766082,231.121429,100
AQL,calibration,30/09/2024 20:06,18.470534,115.57715,0.766213,231.154297,100
AQL,calibration,30/09/2024 20:06,18.470763,115.568931,0.766676,231.137863,100
AQL,calibration,30/09/2024 20:06,18.469896,115.57715,0.766953,231.154297,100
AQL,calibration,30/09/2024 20:06,18.470466,115.5936,0.766676,231.187195,100
AQL,calibration,30/09/2024 20:06,18.471013,115.585369,0.766686,231.170731,100
AQL,calibration,30/09/2024 20:06,18.470922,115.57715,0.766238,231.154297,100
AQL,calibration,30/09/2024 20:06,18.471025,115.57715,0.766012,231.154297,100
AQL,calibration,30/09/2024 20:06,18.470363,115.585369,0.765987,231.170731,100
AQL,calibration,30/09/2024 20:06,18.470945,115.57715,0.76569,231.154297,100
AQL,calibration,30/09/2024 20:06,18.471424,115.560712,0.76567,231.121429,100
AQL,calibration,30/09/2024 20:06,18.471492,115.585369,0.76574,231.170731,100
AQL,calibration,30/09/2024 20:06,18.471527,115.57715,0.76577,231.154297,100
AQL,calibration,30/09/2024 20:06,18.470751,115.560712,0.765906,231.121429,100
AQL,calibration,30/09/2024 20:06,18.471413,115.560712,0.766324,231.121429,100
AQL,calibration,30/09/2024 20:06,18.471732,115.55248,0.766248,231.104965,100
AQL,calibration,30/09/2024 20:06,18.471971,115.568931,0.765901,231.137863,100
AQL,calibration,30/09/2024 20:06,18.472006,115.57715,0.766278,231.154297,100
AQL,calibration,30/09/2024 20:06,18.471219,115.585369,0.766349,231.170731,100
AQL,calibration,30/09/2024 20:06,18.471846,115.585369,0.767154,231.170731,100
AQL,calibration,30/09/2024 20:06,18.472222,115.5936,0.766787,231.187195,100
AQL,calibration,30/09/2024 20:06,18.472348,115.5936,0.766802,231.187195,100
AQL,calibration,30/09/2024 20:06,18.472439,115.610051,0.766963,231.220108,100
AQL,calibration,30/09/2024 20:06,18.471549,115.626488,0.767033,231.252975,100
AQL,calibration,30/09/2024 20:06,18.472291,115.626488,0.767305,231.252975,100
AQL,calibration,30/09/2024 20:06,18.472815,115.618269,0.766807,231.236542,100
AQL,calibration,30/09/2024 20:06,18.472781,115.63472,0.766968,231.26944,100
AQL,calibration,30/09/2024 20:06,18.472929,115.626488,0.767033,231.252975,100
AQL,calibration,30/09/2024 20:07,18.472108,115.642939,0.767632,231.285873,100
AQL,calibration,30/09/2024 20:07,18.472907,115.642939,0.767727,231.285873,100
AQL,calibration,30/09/2024 20:07,18.473135,115.651158,0.7674,231.302322,100
AQL,calibration,30/09/2024 20:07,18.47334,115.667608,0.767582,231.33522,100
AQL,calibration,30/09/2024 20:07,18.473317,115.659389,0.767169,231.318771,100
AQL,calibration,30/09/2024 20:07,18.47245,115.642939,0.767506,231.285873,100
AQL,calibration,30/09/2024 20:07,18.473283,115.63472,0.767637,231.26944,100
AQL,calibration,30/09/2024 20:07,18.473431,115.618269,0.767466,231.236542,100
AQL,calibration,30/09/2024 20:07,18.473625,115.610051,0.767476,231.220108,100
AQL,calibration,30/09/2024 20:07,18.473614,115.601819,0.767355,231.203644,100
AQL,calibration,30/09/2024 20:07,18.472952,115.57715,0.767521,231.154297,100
AQL,calibration,30/09/2024 20:07,18.473454,115.585369,0.767426,231.170731,100
AQL,calibration,30/09/2024 20:07,18.473956,115.585369,0.76732,231.170731,100
AQL,calibration,30/09/2024 20:07,18.474024,115.57715,0.767149,231.154297,100
AQL,calibration,30/09/2024 20:07,18.47423,115.585369,0.766988,231.170731,100
AQL,calibration,30/09/2024 20:07,18.473306,115.585369,0.767094,231.170731,100
AQL,calibration,30/09/2024 20:07,18.474002,115.585369,0.76734,231.170731,100
AQL,calibration,30/09/2024 20:07,18.474218,115.57715,0.766907,231.154297,100
AQL,calibration,30/09/2024 20:07,18.474218,115.57715,0.766792,231.154297,100
AQL,calibration,30/09/2024 20:07,18.474458,115.57715,0.766777,231.154297,100
AQL,calibration,30/09/2024 20:07,18.473751,115.55248,0.767421,231.104965,100
AQL,calibration,30/09/2024 20:07,18.474492,115.560712,0.767199,231.121429,100
AQL,calibration,30/09/2024 20:07,18.474686,115.568931,0.767546,231.137863,100
AQL,calibration,30/09/2024 20:07,18.474743,115.560712,0.767305,231.121429,100
AQL,calibration,30/09/2024 20:07,18.474914,115.55248,0.76726,231.104965,100
AQL,calibration,30/09/2024 20:07,18.47391,115.53603,0.767632,231.072067,100
AQL,calibration,30/09/2024 20:07,18.4748,115.53603,0.767783,231.072067,100
AQL,calibration,30/09/2024 20:07,18.475017,115.544249,0.767566,231.088501,100
AQL,calibration,30/09/2024 20:07,18.475268,115.544249,0.767285,231.088501,100
AQL,calibration,30/09/2024 20:07,18.475439,115.53603,0.767436,231.072067,100
AQL,calibration,30/09/2024 20:08,18.47431,115.544249,0.768426,231.088501,100
AQL,calibration,30/09/2024 20:08,18.475279,115.544249,0.768487,231.088501,100
AQL,calibration,30/09/2024 20:08,18.475427,115.53603,0.76816,231.072067,100
AQL,calibration,30/09/2024 20:08,18.475496,115.544249,0.768552,231.088501,100
AQL,calibration,30/09/2024 20:08,18.475598,115.527811,0.768406,231.055618,100
AQL,calibration,30/09/2024 20:08,18.474868,115.53603,0.768653,231.072067,100
AQL,calibration,30/09/2024 20:08,18.475416,115.527811,0.768512,231.055618,100
AQL,calibration,30/09/2024 20:08,18.475975,115.53603,0.767969,231.072067,100
AQL,calibration,30/09/2024 20:08,18.475952,115.544249,0.768401,231.088501,100
AQL,calibration,30/09/2024 20:08,18.476066,115.53603,0.768165,231.072067,100
AQL,calibration,30/09/2024 20:08,18.475051,115.560712,0.768215,231.121429,100
AQL,calibration,30/09/2024 20:08,18.475769,115.560712,0.767919,231.121429,100
AQL,calibration,30/09/2024 20:08,18.476112,115.55248,0.76822,231.104965,100
AQL,calibration,30/09/2024 20:08,18.47634,115.55248,0.767788,231.104965,100
AQL,calibration,30/09/2024 20:08,18.476385,115.544249,0.767818,231.088501,100
AQL,calibration,30/09/2024 20:08,18.475564,115.55248,0.76821,231.104965,100
AQL,calibration,30/09/2024 20:08,18.476351,115.544249,0.767441,231.088501,100
AQL,calibration,30/09/2024 20:08,18.476385,115.53603,0.767471,231.072067,100
AQL,calibration,30/09/2024 20:08,18.476659,115.544249,0.767783,231.088501,100
AQL,calibration,30/09/2024 20:08,18.476773,115.519592,0.767964,231.039185,100
AQL,calibration,30/09/2024 20:08,18.475838,115.503142,0.768366,231.006287,100
AQL,calibration,30/09/2024 20:08,18.476499,115.49491,0.768542,230.989822,100
AQL,calibration,30/09/2024 20:08,18.476807,115.49491,0.76812,230.989822,100
AQL,calibration,30/09/2024 20:08,18.477058,115.49491,0.76822,230.989822,100
AQL,calibration,30/09/2024 20:08,18.476967,115.503142,0.768019,231.006287,100
AQL,calibration,30/09/2024 20:08,18.47618,115.503142,0.769035,231.006287,100
AQL,calibration,30/09/2024 20:08,18.47691,115.511373,0.768512,231.022751,100
AQL,calibration,30/09/2024 20:08,18.477127,115.486691,0.769452,230.973389,100
AQL,calibration,30/09/2024 20:08,18.477286,115.470254,0.769065,230.940506,100
AQL,calibration,30/09/2024 20:08,18.477343,115.462022,0.769035,230.924042,100
AQL,calibration,30/09/2024 20:09,18.476602,115.420902,0.769115,230.841812,100
AQL,calibration,30/09/2024 20:09,18.477252,115.445572,0.76896,230.891144,100
AQL,calibration,30/09/2024 20:09,18.477412,115.437353,0.768864,230.87471,100
AQL,calibration,30/09/2024 20:09,18.477423,115.412683,0.769146,230.825363,100
AQL,calibration,30/09/2024 20:09,18.477514,115.429134,0.768809,230.858261,100
AQL,calibration,30/09/2024 20:09,18.476693,115.404465,0.768844,230.808929,100
AQL,calibration,30/09/2024 20:09,18.477469,115.404465,0.76904,230.808929,100
AQL,calibration,30/09/2024 20:09,18.47756,115.404465,0.766998,230.808929,100
AQL,calibration,30/09/2024 20:09,18.477948,115.412683,0.766661,230.825363,100
AQL,calibration,30/09/2024 20:09,18.477914,115.396233,0.766228,230.792465,100
AQL,calibration,30/09/2024 20:09,18.476819,115.412683,0.76646,230.825363,100
AQL,calibration,30/09/2024 20:09,18.47772,115.412683,0.7666,230.825363,100
AQL,calibration,30/09/2024 20:09,18.477879,115.420902,0.766138,230.841812,100
AQL,calibration,30/09/2024 20:09,18.478028,115.412683,0.766294,230.825363,100
AQL,calibration,30/09/2024 20:09,18.478142,115.412683,0.765554,230.825363,100
AQL,calibration,30/09/2024 20:09,18.477309,115.437353,0.766424,230.87471,100
AQL,calibration,30/09/2024 20:09,18.477936,115.437353,0.765619,230.87471,100
AQL,calibration,30/09/2024 20:09,18.478495,115.420902,0.765695,230.841812,100
AQL,calibration,30/09/2024 20:09,18.478279,115.429134,0.765473,230.858261,100
AQL,calibration,30/09/2024 20:09,18.478427,115.445572,0.76569,230.891144,100
AQL,calibration,30/09/2024 20:09,18.477332,115.462022,0.766057,230.924042,100
AQL,calibration,30/09/2024 20:09,18.47837,115.470254,0.766138,230.940506,100
AQL,calibration,30/09/2024 20:09,18.47845,115.478473,0.766746,230.95694,100
AQL,calibration,30/09/2024 20:09,18.478621,115.478473,0.766042,230.95694,100
AQL,calibration,30/09/2024 20:09,18.478678,115.470254,0.766917,230.940506,100
AQL,calibration,30/09/2024 20:09,18.477777,115.486691,0.766897,230.973389,100
AQL,calibration,30/09/2024 20:09,18.478404,115.503142,0.766872,231.006287,100
AQL,calibration,30/09/2024 20:09,18.478621,115.503142,0.767244,231.006287,100
AQL,calibration,30/09/2024 20:09,18.478951,115.49491,0.767335,230.989822,100
AQL,calibration,30/09/2024 20:09,18.478894,115.486691,0.767164,230.973389,100
AQL,calibration,30/09/2024 20:10,18.477857,115.453803,0.767742,230.907608,100
AQL,calibration,30/09/2024 20:10,18.478598,115.445572,0.767149,230.891144,100
AQL,calibration,30/09/2024 20:10,18.478872,115.437353,0.767506,230.87471,100
AQL,calibration,30/09/2024 20:10,18.479191,115.420902,0.767159,230.841812,100
AQL,calibration,30/09/2024 20:10,18.479043,115.412683,0.767717,230.825363,100
AQL,calibration,30/09/2024 20:10,18.478244,115.396233,0.767878,230.792465,100
AQL,calibration,30/09/2024 20:10,18.478929,115.388014,0.767486,230.776031,100
AQL,calibration,30/09/2024 20:10,18.479191,115.379783,0.767446,230.759567,100
AQL,calibration,30/09/2024 20:10,18.479305,115.388014,0.767828,230.776031,100
AQL,calibration,30/09/2024 20:10,18.479339,115.388014,0.767466,230.776031,100
AQL,calibration,30/09/2024 20:10,18.478393,115.404465,0.766822,230.808929,100
AQL,calibration,30/09/2024 20:10,18.479123,115.412683,0.767355,230.825363,100
AQL,calibration,30/09/2024 20:10,18.479453,115.404465,0.767677,230.808929,100
AQL,calibration,30/09/2024 20:10,18.479556,115.404465,0.767607,230.808929,100
AQL,calibration,30/09/2024 20:10,18.479659,115.412683,0.767722,230.825363,100
AQL,calibration,30/09/2024 20:10,18.478723,115.445572,0.767526,230.891144,100
AQL,calibration,30/09/2024 20:10,18.479373,115.437353,0.767637,230.87471,100
AQL,calibration,30/09/2024 20:10,18.479636,115.429134,0.767974,230.858261,100
AQL,calibration,30/09/2024 20:10,18.479636,115.437353,0.767229,230.87471,100
AQL,calibration,30/09/2024 20:10,18.479864,115.453803,0.767627,230.907608,100
AQL,calibration,30/09/2024 20:10,18.478883,115.470254,0.766907,230.940506,100
AQL,calibration,30/09/2024 20:10,18.479636,115.470254,0.766379,230.940506,100
AQL,calibration,30/09/2024 20:10,18.479898,115.462022,0.765725,230.924042,100
AQL,calibration,30/09/2024 20:10,18.479784,115.453803,0.765629,230.907608,100
AQL,calibration,30/09/2024 20:10,18.480172,115.453803,0.765614,230.907608,100
AQL,calibration,30/09/2024 20:10,18.47918,115.462022,0.766228,230.924042,100
AQL,calibration,30/09/2024 20:10,18.479853,115.429134,0.766148,230.858261,100
AQL,calibration,30/09/2024 20:10,18.480035,115.437353,0.766716,230.87471,100
AQL,calibration,30/09/2024 20:10,18.480434,115.445572,0.766787,230.891144,100
AQL,calibration,30/09/2024 20:10,18.480195,115.445572,0.766686,230.891144,100
AQL,calibration,30/09/2024 20:11,18.479419,115.429134,0.767702,230.858261,100
AQL,calibration,30/09/2024 20:11,18.479989,115.429134,0.76738,230.858261,100
AQL,calibration,30/09/2024 20:11,18.48048,115.445572,0.76729,230.891144,100
AQL,calibration,30/09/2024 20:11,18.4804,115.445572,0.767642,230.891144,100
AQL,calibration,30/09/2024 20:11,18.480537,115.437353,0.766988,230.87471,100
AQL,calibration,30/09/2024 20:11,18.479453,115.429134,0.766505,230.858261,100
AQL,calibration,30/09/2024 20:11,18.4804,115.437353,0.76656,230.87471,100
AQL,calibration,30/09/2024 20:11,18.480457,115.420902,0.76648,230.841812,100
AQL,calibration,30/09/2024 20:11,18.480605,115.420902,0.767013,230.841812,100
AQL,calibration,30/09/2024 20:11,18.480719,115.429134,0.767068,230.858261,100
AQL,calibration,30/09/2024 20:11,18.47983,115.429134,0.76657,230.858261,100
AQL,calibration,30/09/2024 20:11,18.480503,115.420902,0.766938,230.841812,100
AQL,calibration,30/09/2024 20:11,18.480697,115.420902,0.7674,230.841812,100
AQL,calibration,30/09/2024 20:11,18.480959,115.412683,0.767003,230.825363,100
AQL,calibration,30/09/2024 20:11,18.48097,115.404465,0.766419,230.808929,100
AQL,calibration,30/09/2024 20:11,18.480024,115.429134,0.767335,230.858261,100
AQL,calibration,30/09/2024 20:11,18.480902,115.429134,0.766641,230.858261,100
AQL,calibration,30/09/2024 20:11,18.481016,115.420902,0.766917,230.841812,100
AQL,calibration,30/09/2024 20:11,18.481119,115.429134,0.766595,230.858261,100
AQL,calibration,30/09/2024 20:11,18.48113,115.429134,0.766746,230.858261,100
AQL,calibration,30/09/2024 20:11,18.480332,115.388014,0.766676,230.776031,100
AQL,calibration,30/09/2024 20:11,18.480913,115.396233,0.766213,230.792465,100
AQL,calibration,30/09/2024 20:11,18.481335,115.396233,0.766183,230.792465,100
AQL,calibration,30/09/2024 20:11,18.481347,115.388014,0.766595,230.776031,100
AQL,calibration,30/09/2024 20:11,18.481472,115.388014,0.766565,230.776031,100
AQL,calibration,30/09/2024 20:11,18.480366,115.371564,0.767018,230.743134,100
AQL,calibration,30/09/2024 20:11,18.481244,115.371564,0.766691,230.743134,100
AQL,calibration,30/09/2024 20:11,18.481484,115.371564,0.766857,230.743134,100
AQL,calibration,30/09/2024 20:11,18.481632,115.379783,0.766636,230.759567,100
AQL,calibration,30/09/2024 20:11,18.481746,115.49491,0.807561,230.989822,100
