VERSION,5.2,AQUAtalk:V4.42,OS:V6.2,,,,,,,,,,,,,,,
LOGGER TYPE,AQUAlogger 310TYPT5 max50m ,,,,,,,,,,,,,,,,,
LOGGER,2554-327,,,,,,,,,,,,,,,,,
REGIME,,,,,,,,,,,,,,,,,,
REGIME TITLE, Logging Mode, Start At, Burst Mode, Interval, Samples Per Burst, Within Burst Sample Rate, Samples Per Average, Intermittent Logging, Hours per Day, Days per Month, Months per Year,,,,,,,
SPM_stock_calibration, Instant Start, NA,Disabled, 1.000000 Seconds,NA, NA,1, Disabled, NA, NA, NA, NA,,,,,,
[LOGGER CHANNEL 0],Disabled,,,,,,,,,,,,,,,,,
,,,,,,,,,,,,,,,,,,
,,,,,,,,,,,,,,,,,,
[LOGGER CHANNEL 1],Disabled,,,,,,,,,,,,,,,,,
,,,,,,,,,,,,,,,,,,
,,,,,,,,,,,,,,,,,,
[LOGGER CHANNEL 2],Battery        ,06/03/2023,,,,,,,,,,,,,,,,
COEFFS,-46.089977,5.50E-06,0,0,0,,,,,,,,,,,,,
Channel Setup, Not Averaged, Gain x1, Interval Multiplier x1,,,,,,,,,,,,,,,
[LOGGER CHANNEL 3],Ext Power      ,06/03/2023,,,,,,,,,,,,,,,,
COEFFS,-45.999802,5.49E-06,0,0,0,,,,,,,,,,,,,
Channel Setup, Not Averaged, Gain x1, Interval Multiplier x1,,,,,,,,,,,,,,,
[LOGGER CHANNEL 4],Temperature    ,13/03/2023,,,,,,,,,,,,,,,,
COEFFS,967.58575,-0.000220028,1.91E-11,-7.06E-19,8.06E-27,,,,,,,,,,,,,
Channel Setup, Not Averaged, Gain x1, Interval Multiplier x1,,,,,,,,,,,,,,,
[LOGGER CHANNEL 5],Pressure       ,09/03/2023,,,,,,,,,,,,,,,,
COEFFS,-0.002612514,3.25E-07,5.64E-16,-1.06E-23,0,,,,,,,,,,,,,
Channel Setup, Not Averaged, Gain x1, Interval Multiplier x1,,,,,,,,,,,,,,,
[LOGGER CHANNEL 6],Turbidity,09/03/2023,,,,,,,,,,,,,,,,
COEFFS Raw1,-0.011529949,0.82234406,0,0,0,COEFFS Raw2,86.911514,0.8452599,0,0,0,Transition Raw2,1080.2458,,,,,
Channel Setup, Not Averaged, Gain x1, Keep Powered, Interval Multiplier x1,,,,,,,,,,,,,,
[LOGGER CHANNEL 7],Disabled,,,,,,,,,,,,,,,,,
,,,,,,,,,,,,,,,,,,
,,,,,,,,,,,,,,,,,,
[LOGGER CHANNEL 8],Depth       ,Not Calibrated,,,,,,,,,,,,,,,,
COEFFS,51.507366,1.0135,1,0,0,,,,,,,,,,,,,
Channel Setup, Not Averaged, Gain x5,,,,,,,,,,,,,,,,
[LOGGER CHANNEL 9],SSC         ,User Cal Req'd,,,,,,,,,,,,,,,,
COEFFS,0,2,0,0,0,,,,,,,,,,,,,
Channel Setup, Not Averaged, Gain x1,,,,,,,,,,,,,,,,
START TIME, 09/10/2024 10:57:40,,,,,,,,,,,,,,,,,
STOP TIME, 09/10/2024 11:16:51,,,,,,,,,,,,,,,,,
HEADING, Timecode,,Battery        , , Ext Power      , , Temperature    , , Pressure       , , Turbidity, , , Depth       , , SSC         , , 
UNITS, [dd/MM/yyyy HH:mm:ss],[ms], Raw, V      , Raw, V      , Raw, °C     , Raw, bar    , Raw1,Raw2, FTU    , Raw, m      , Raw, mg/l   , 
Sample,09/10/2024 10:57,23,9361696,5.379474,8388483,0.03872,12172194,18.554693,3070258,1.001467,0.0475,2145,1899.99401,,-1,,3799.988037,
Sample,09/10/2024 10:57,23,9361678,5.379375,8388481,0.038709,12172156,18.555127,3070198,1.001447,0.0442,2146.800049,1901.515519,,-1,,3803.031006,
Sample,09/10/2024 10:57,23,9361677,5.37937,8388482,0.038714,12172112,18.555629,3070249,1.001464,0.0521,2146.399902,1901.177292,,-1,,3802.354492,
Sample,09/10/2024 10:57,23,9361662,5.379287,8388480,0.038703,12172066,18.556154,3070217,1.001454,0.0547,2145.600098,1900.501249,,-1,,3801.002441,
Sample,09/10/2024 10:57,23,9361624,5.379078,8388481,0.038709,12171827,18.558881,3069995,1.001381,0.2255,2157.199951,1910.30614,,-1,,3820.612305,
Sample,09/10/2024 10:57,23,9361608,5.37899,8388479,0.038698,12169833,18.581638,3070130,1.001425,0.2919,2156.699951,1909.88351,,-1,,3819.76709,
Sample,09/10/2024 10:57,23,9361591,5.378897,8388479,0.038698,12168247,18.599742,3070122,1.001422,9.4641,2240,1980.293701,,-1,,3960.587402,
Sample,09/10/2024 10:57,23,9361597,5.37893,8388479,0.038698,12166400,18.620827,3070110,1.001418,6.9549,2241.399902,1981.476982,,-1,,3962.953857,
Sample,09/10/2024 10:57,23,9361592,5.378902,8388479,0.038698,12165364,18.632656,3070107,1.001417,6.1014,2228.800049,1970.826832,,-1,,3941.653564,
Sample,09/10/2024 10:57,23,9361563,5.378743,8388482,0.038714,12164899,18.637965,3070146,1.00143,5.705,2225.800049,1968.291052,,-1,,3936.582031,
Sample,09/10/2024 10:57,23,9363123,5.38732,8388478,0.038692,12164364,18.644074,3070090,1.001412,4.9099,2210.300049,1955.189523,,-1,,3910.37915,
Sample,09/10/2024 10:57,23,9363549,5.389662,8388478,0.038692,12163600,18.652798,3069958,1.001369,13.37,2299.600098,2030.671274,,-1,,4061.342529,
Sample,09/10/2024 10:57,23,9363680,5.390382,8388480,0.038703,12162406,18.666434,3069224,1.001127,200.809998,3528.899902,3069.74911,,-1,,6139.498047,
Sample,09/10/2024 10:57,23,9363776,5.39091,8388482,0.038714,12160053,18.693309,3069160,1.001106,186.800003,7476.600098,6406.581802,,-1,,12813.16406,
Sample,09/10/2024 10:57,23,9363855,5.391344,8388482,0.038714,12158218,18.714272,3069083,1.001081,147.300003,8471.400391,7247.446603,,-1,,14494.89356,
Sample,09/10/2024 10:58,23,9363898,5.391581,8388483,0.03872,12156354,18.735569,3068956,1.001039,156.730011,8432.799805,7214.819075,,-1,,14429.6377,
Sample,09/10/2024 10:58,23,9363951,5.391872,8388480,0.038703,12154648,18.755064,3068843,1.001002,140.410004,9143.5,7815.545454,,-1,,15631.09082,
Sample,09/10/2024 10:58,23,9363969,5.391971,8388483,0.03872,12152905,18.774984,3068870,1.001011,171.559998,9089.099609,7769.562985,,-1,,15539.12598,
Sample,09/10/2024 10:58,23,9364022,5.392262,8388483,0.03872,12150933,18.797525,3069141,1.0011,72.620003,10191,8700.955205,,-1,,17401.91016,
Sample,09/10/2024 10:58,23,9364045,5.392389,8388476,0.038681,12149381,18.815268,3068565,1.000911,58.595001,10611,9055.964365,,-1,,18111.92969,
Sample,09/10/2024 10:58,23,9364047,5.3924,8388480,0.038703,12147930,18.831858,3068413,1.000861,492.97998,8104.899902,6937.658435,,-1,,13875.31641,
Sample,09/10/2024 10:58,23,9364190,5.393186,8388479,0.038698,12147016,18.84231,3068972,1.001045,85.522003,2576.800049,2264.977278,,-1,,4529.95459,
Sample,09/10/2024 10:58,23,9364162,5.393032,8388482,0.038714,12146561,18.847513,3069407,1.001187,38.510002,2363.399902,2084.598691,,-1,,4169.197266,
Sample,09/10/2024 10:58,23,9364173,5.393092,8388479,0.038698,12146523,18.847947,3069402,1.001186,32.595001,2360.199951,2081.8939,,-1,,4163.787598,
Sample,09/10/2024 10:58,23,9364199,5.393235,8388481,0.038709,12146618,18.846861,3069065,1.001075,33.575001,2363.699951,2084.85231,,-1,,4169.70459,
Sample,09/10/2024 10:58,23,9364239,5.393455,8388480,0.038703,12146841,18.844311,3069125,1.001095,24.02,2324.699951,2051.887174,,-1,,4103.774414,
Sample,09/10/2024 10:58,23,9364234,5.393428,8388481,0.038709,12147096,18.841395,3069590,1.001248,13.407,2276.399902,2011.061079,,-1,,4022.12207,
Sample,09/10/2024 10:58,23,9364260,5.393571,8388482,0.038714,12147446,18.837393,3069593,1.001249,6.491099,2232.399902,1973.869643,,-1,,3947.739258,
Sample,09/10/2024 10:58,23,9364274,5.393648,8388480,0.038703,12147875,18.832487,3069684,1.001278,5.4206,2212,1956.626424,,-1,,3913.25293,
Sample,09/10/2024 10:58,23,9364294,5.393758,8388478,0.038692,12148288,18.827765,3067943,1.000706,231.580002,4924.700195,4249.563133,,-1,,8499.125977,
Sample,09/10/2024 10:58,23,9364315,5.393873,8388478,0.038692,12147559,18.8361,3069670,1.001274,27.126001,2320,2047.914494,,-1,,4095.829102,
Sample,09/10/2024 10:58,23,9364330,5.393956,8388480,0.038703,12145982,18.854134,3069958,1.001369,10.381,2185.699951,1934.396047,,-1,,3868.791992,
Sample,09/10/2024 10:58,23,9364367,5.394159,8388476,0.038681,12145442,18.86031,3069801,1.001317,9.5497,2187.699951,1936.086567,,-1,,3872.173096,
Sample,09/10/2024 10:58,23,9364366,5.394154,8388474,0.03867,12145528,18.859326,3069698,1.001283,9.953099,2184.800049,1933.635396,,-1,,3867.270752,
Sample,09/10/2024 10:58,23,9364377,5.394214,8388478,0.038692,12145833,18.855838,3069871,1.00134,9.0182,2192.800049,1940.397475,,-1,,3880.794922,
Sample,09/10/2024 10:58,23,9364386,5.394264,8388479,0.038698,12146229,18.85131,3069950,1.001366,6.7005,2175.199951,1925.520818,,-1,,3851.041748,
Sample,09/10/2024 10:58,23,9364409,5.39439,8388480,0.038703,12146407,18.849274,3069846,1.001332,1.8073,2155.600098,1908.953848,,-1,,3817.907715,
Sample,09/10/2024 10:58,23,9364413,5.394412,8388482,0.038714,12146140,18.852327,3069986,1.001378,1.6684,2155.600098,1908.953848,,-1,,3817.907715,
Sample,09/10/2024 10:58,23,9364442,5.394571,8388477,0.038687,12145676,18.857634,3069905,1.001351,2.103,2155.399902,1908.784631,,-1,,3817.569336,
Sample,09/10/2024 10:58,23,9364450,5.394615,8388483,0.03872,12145387,18.860939,3067553,1.000578,2.1695,2161.899902,1914.27882,,-1,,3828.557617,
Sample,09/10/2024 10:58,23,9364458,5.394659,8388477,0.038687,12144590,18.870054,3075549,1.003206,1.3219,2143.100098,1898.388099,,-1,,3796.776123,
Sample,09/10/2024 10:58,23,9360516,5.372987,8388475,0.038676,12142580,18.893046,3070032,1.001393,0.5802,2142.300049,1897.71185,,-1,,3795.423584,
Sample,09/10/2024 10:58,23,9361684,5.379408,8388483,0.03872,12140134,18.92103,3069118,1.001093,0.0907,2139.899902,1895.683102,,-1,,3791.366211,
Sample,09/10/2024 10:58,23,9359577,5.367824,8388485,0.038731,12138470,18.940071,3068588,1.000918,0.0552,2137.600098,1893.739169,,-1,,3787.478271,
Sample,09/10/2024 10:58,23,9361446,5.3781,8388483,0.03872,12137103,18.955715,3069207,1.001122,1.7144,2149.399902,1903.713071,,-1,,3807.426025,
Sample,09/10/2024 10:58,23,9359409,5.366901,8388477,0.038687,12135771,18.970961,3069040,1.001067,32.752998,2350.300049,2073.52591,,-1,,4147.051758,
Sample,09/10/2024 10:58,23,9361281,5.377193,8388484,0.038725,12134054,18.990616,3070440,1.001527,0.4807,2150.399902,1904.558331,,-1,,3809.116699,
Sample,09/10/2024 10:58,23,9363727,5.39064,8388477,0.038687,12132781,19.00519,3070852,1.001662,0.3978,2150.600098,1904.727548,,-1,,3809.455078,
Sample,09/10/2024 10:58,23,9363968,5.391965,8388479,0.038698,12131906,19.015208,3070871,1.001669,0.5675,2154.800049,1908.277599,,-1,,3816.555176,
Sample,09/10/2024 10:58,23,9364076,5.392559,8388483,0.03872,12131406,19.020933,3070645,1.001594,0.6145,2153.5,1907.178719,,-1,,3814.357422,
Sample,09/10/2024 10:58,23,9364127,5.39284,8388482,0.038714,12130895,19.026785,3070982,1.001705,0.611,2156.699951,1909.88351,,-1,,3819.76709,
Sample,09/10/2024 10:58,23,9364159,5.393016,8388481,0.038709,12130709,19.028915,3070923,1.001686,0.5246,2155.5,1908.869239,,-1,,3817.738525,
Sample,09/10/2024 10:58,23,9364192,5.393197,8388478,0.038692,12130878,19.026979,3071084,1.001738,0.5843,2154.300049,1907.854969,,-1,,3815.709961,
Sample,09/10/2024 10:58,23,9364245,5.393488,8388478,0.038692,12130886,19.026888,3071029,1.00172,0.6383,2158.5,1911.405019,,-1,,3822.810059,
Sample,09/10/2024 10:58,23,9364266,5.393604,8388474,0.03867,12131068,19.024804,3071148,1.00176,0.5797,2157.100098,1910.221738,,-1,,3820.443359,
Sample,09/10/2024 10:58,23,9364287,5.393719,8388480,0.038703,12131154,19.023819,3071209,1.00178,0.7094,2158.899902,1911.74304,,-1,,3823.486084,
Sample,09/10/2024 10:58,23,9364306,5.393824,8388480,0.038703,12131313,19.021998,3070899,1.001678,0.7285,2161.300049,1913.771788,,-1,,3827.543457,
Sample,09/10/2024 10:58,23,9364314,5.393868,8388478,0.038692,12131357,19.021494,3071111,1.001747,0.6358,2159.899902,1912.5883,,-1,,3825.176514,
Sample,09/10/2024 10:58,23,9364349,5.39406,8388484,0.038725,12131469,19.020212,3071262,1.001797,0.6782,2160.699951,1913.264549,,-1,,3826.529053,
Sample,09/10/2024 10:58,23,9364367,5.394159,8388478,0.038692,12131812,19.016284,3071390,1.001839,0.6723,2159.5,1912.250279,,-1,,3824.500488,
Sample,09/10/2024 10:58,23,9364375,5.394203,8388477,0.038687,12131874,19.015574,3071277,1.001802,0.8213,2167.300049,1918.843347,,-1,,3837.686768,
Sample,09/10/2024 10:58,23,9364369,5.39417,8388481,0.038709,12131698,19.01759,3072240,1.002118,15.422,2380.300049,2098.883707,,-1,,4197.767578,
Sample,09/10/2024 10:58,23,9364416,5.394428,8388480,0.038703,12131116,19.024254,3071905,1.002008,2.3821,2208.100098,1953.329993,,-1,,3906.659912,
Sample,09/10/2024 10:58,23,9364408,5.394384,8388478,0.038692,12130394,19.032522,3071599,1.001908,1.4975,2186.699951,1935.241307,,-1,,3870.482666,
Sample,09/10/2024 10:58,23,9364425,5.394478,8388476,0.038681,12129360,19.044363,3071718,1.001947,1.5208,2192.399902,1940.059247,,-1,,3880.118408,
Sample,09/10/2024 10:58,23,9364432,5.394516,8388476,0.038681,12128570,19.053411,3070888,1.001674,1.7297,2195.600098,1942.764244,,-1,,3885.528564,
Sample,09/10/2024 10:58,23,9364444,5.394582,8388480,0.038703,12127636,19.064109,3070598,1.001579,2.4574,2211.100098,1955.865772,,-1,,3911.731445,
Sample,09/10/2024 10:58,23,9364459,5.394665,8388481,0.038709,12126745,19.074315,3070595,1.001578,1.1941,2176,1926.197067,,-1,,3852.394043,
Sample,09/10/2024 10:58,23,9364471,5.394731,8388477,0.038687,12125935,19.083594,3070439,1.001527,1.977,2199.899902,1946.398696,,-1,,3892.797363,
Sample,09/10/2024 10:58,23,9364473,5.394742,8388481,0.038709,12125118,19.092954,3070441,1.001527,2.922,2218.300049,1961.951603,,-1,,3923.90332,
Sample,09/10/2024 10:58,23,9364489,5.39483,8388479,0.038698,12124503,19.1,3070359,1.0015,3.0383,2214.699951,1958.908584,,-1,,3917.817139,
Sample,09/10/2024 10:58,23,9364492,5.394846,8388475,0.038676,12124064,19.10503,3070468,1.001536,3.6053,2222.100098,1965.163631,,-1,,3930.327148,
Sample,09/10/2024 10:58,23,9364499,5.394885,8388485,0.038731,12123461,19.11194,3070453,1.001531,3.3106,2220.399902,1963.726524,,-1,,3927.453125,
Sample,09/10/2024 10:58,23,9364502,5.394901,8388479,0.038698,12122842,19.119033,3070547,1.001562,3.5039,2218.300049,1961.951603,,-1,,3923.90332,
Sample,09/10/2024 10:58,23,9364507,5.394929,8388482,0.038714,12122370,19.124442,3070505,1.001548,2.8347,2218.100098,1961.782592,,-1,,3923.565186,
Sample,09/10/2024 10:59,23,9364514,5.394967,8388477,0.038687,12122046,19.128155,3070813,1.001649,2.8236,2211.199951,1955.950175,,-1,,3911.900391,
Sample,09/10/2024 10:59,23,9364523,5.395017,8388486,0.038736,12121781,19.131191,3070706,1.001614,3.6251,2223.100098,1966.008891,,-1,,3932.017822,
Sample,09/10/2024 10:59,23,9364532,5.395066,8388482,0.038714,12121712,19.131982,3070652,1.001597,2.8146,2215.800049,1959.838453,,-1,,3919.677002,
Sample,09/10/2024 10:59,23,9364540,5.39511,8388483,0.03872,12121940,19.129369,3070733,1.001623,3.6185,2225.399902,1967.952824,,-1,,3935.905762,
Sample,09/10/2024 10:59,23,9364551,5.395171,8388485,0.038731,12122511,19.122826,3070267,1.00147,2.9176,2200.300049,1946.736924,,-1,,3893.473877,
Sample,09/10/2024 10:59,23,9364557,5.395204,8388481,0.038709,12123519,19.111275,3070001,1.001383,5.7186,2259.899902,1997.114291,,-1,,3994.228516,
Sample,09/10/2024 10:59,23,9364545,5.395138,8388478,0.038692,12125199,19.092026,3070044,1.001397,8.3791,2286.600098,2019.682895,,-1,,4039.365723,
Sample,09/10/2024 10:59,23,9364555,5.395193,8388482,0.038714,12126714,19.07467,3070129,1.001425,2.8088,2200,1946.483305,,-1,,3892.966553,
Sample,09/10/2024 10:59,23,9364378,5.39422,8388485,0.038731,12128009,19.059837,3070064,1.001403,0.7267,2163.899902,1915.96934,,-1,,3831.938721,
Sample,09/10/2024 10:59,23,9364405,5.394368,8388477,0.038687,12129378,19.044157,3070129,1.001425,0.1273,2137.800049,1893.90818,,-1,,3787.816406,
Sample,09/10/2024 10:59,23,9364430,5.394505,8388481,0.038709,12130955,19.026098,3070126,1.001424,0.1116,2135.399902,1891.879433,,-1,,3783.758789,
Sample,09/10/2024 10:59,23,9364426,5.394483,8388479,0.038698,12132313,19.010548,3069979,1.001375,0.1761,2136.899902,1893.147322,,-1,,3786.294678,
Sample,09/10/2024 10:59,23,9364433,5.394522,8388485,0.038731,12133390,18.998217,3069593,1.001249,11.5,2257.5,1995.08575,,-1,,3990.171387,
Sample,09/10/2024 10:59,23,9364439,5.394555,8388477,0.038687,12134197,18.988979,3068768,1.000978,117.569992,2632.199951,2311.804595,,-1,,4623.609375,
Sample,09/10/2024 10:59,23,9364451,5.394621,8388484,0.038725,12134284,18.987983,3068651,1.000939,1.6537,2137.699951,1893.823572,,-1,,3787.647217,
Sample,09/10/2024 10:59,23,9364458,5.394659,8388481,0.038709,12133914,18.992218,3067973,1.000716,17.468,2174.399902,1924.844569,,-1,,3849.689209,
Sample,09/10/2024 10:59,23,9364451,5.394621,8388478,0.038692,12134509,18.985407,3068085,1.000753,8.1804,2155.100098,1908.531218,,-1,,3817.0625,
Sample,09/10/2024 10:59,23,9364464,5.394692,8388482,0.038714,12135607,18.972838,3067954,1.00071,5.0133,2145.899902,1900.754662,,-1,,3801.509277,
Sample,09/10/2024 10:59,23,9364460,5.39467,8388484,0.038725,12136499,18.962628,3067997,1.000724,5.8299,2146.800049,1901.515519,,-1,,3803.031006,
Sample,09/10/2024 10:59,23,9364451,5.394621,8388477,0.038687,12137192,18.954697,3068329,1.000833,5.8332,2142.699951,1898.049871,,-1,,3796.099854,
Sample,09/10/2024 10:59,23,9364452,5.394626,8388481,0.038709,12137758,18.948219,3068312,1.000828,5.8252,2141,1896.612971,,-1,,3793.22583,
Sample,09/10/2024 10:59,23,9364470,5.394725,8388484,0.038725,12138228,18.94284,3068283,1.000818,5.8229,2138.600098,1894.584429,,-1,,3789.168945,
Sample,09/10/2024 10:59,23,9364465,5.394698,8388477,0.038687,12138658,18.93792,3068162,1.000778,5.8234,2134.899902,1891.456803,,-1,,3782.913574,
Sample,09/10/2024 10:59,23,9364485,5.394808,8388480,0.038703,12139030,18.933663,3068224,1.000799,5.8222,2134.699951,1891.287792,,-1,,3782.575684,
Sample,09/10/2024 10:59,23,9364472,5.394736,8388480,0.038703,12139406,18.92936,3068162,1.000778,5.8222,2133,1889.850891,,-1,,3779.701904,
Sample,09/10/2024 10:59,23,9364473,5.394742,8388485,0.038731,12139752,18.925401,3068107,1.00076,5.821,2132.5,1889.428261,,-1,,3778.856445,
Sample,09/10/2024 10:59,23,9364471,5.394731,8388478,0.038692,12140081,18.921637,3068466,1.000878,5.8188,2131.399902,1888.498393,,-1,,3776.996826,
Sample,09/10/2024 10:59,23,9364492,5.394846,8388476,0.038681,12140391,18.91809,3068273,1.000815,5.8202,2130.699951,1887.906752,,-1,,3775.813477,
Sample,09/10/2024 10:59,23,9364491,5.394841,8388478,0.038692,12140677,18.914817,3068366,1.000845,5.8208,2130.800049,1887.991361,,-1,,3775.982666,
Sample,09/10/2024 10:59,23,9364495,5.394863,8388484,0.038725,12140942,18.911785,3068414,1.000861,5.8219,2129.100098,1886.55446,,-1,,3773.108887,
Sample,09/10/2024 10:59,23,9364495,5.394863,8388483,0.03872,12141193,18.908914,3068481,1.000883,5.818,2129,1886.469852,,-1,,3772.939697,
Sample,09/10/2024 10:59,23,9364494,5.394857,8388479,0.038698,12141424,18.906271,3068347,1.000839,5.8139,2126.699951,1884.525713,,-1,,3769.051514,
Sample,09/10/2024 10:59,23,9364487,5.394819,8388483,0.03872,12141647,18.90372,3068331,1.000834,5.8194,2124.600098,1882.750791,,-1,,3765.501465,
Sample,09/10/2024 10:59,23,9364495,5.394863,8388480,0.038703,12141890,18.90094,3068376,1.000849,5.8166,2126.199951,1884.103083,,-1,,3768.206055,
Sample,09/10/2024 10:59,23,9364496,5.394868,8388479,0.038698,12142100,18.898537,3068313,1.000828,5.8161,2123.5,1881.820922,,-1,,3763.641846,
Sample,09/10/2024 10:59,23,9364498,5.394879,8388484,0.038725,12142298,18.896272,3068369,1.000846,5.813399,2125.100098,1883.173421,,-1,,3766.346924,
Sample,09/10/2024 10:59,23,9364487,5.394819,8388485,0.038731,12142493,18.894041,3068391,1.000854,5.8125,2123.899902,1882.158944,,-1,,3764.317871,
Sample,09/10/2024 10:59,23,9364493,5.394852,8388480,0.038703,12142667,18.892051,3068426,1.000865,5.8156,2123.5,1881.820922,,-1,,3763.641846,
Sample,09/10/2024 10:59,23,9364491,5.394841,8388480,0.038703,12142827,18.890221,3068312,1.000828,5.8154,2122.399902,1880.891054,,-1,,3761.782227,
Sample,09/10/2024 10:59,23,9364504,5.394912,8388480,0.038703,12142992,18.888333,3068353,1.000841,5.8124,2120.5,1879.285143,,-1,,3758.570312,
Sample,09/10/2024 10:59,23,9364511,5.394951,8388482,0.038714,12143144,18.886594,3068337,1.000836,5.811601,2122,1880.553032,,-1,,3761.105957,
Sample,09/10/2024 10:59,23,9364507,5.394929,8388483,0.03872,12143300,18.88481,3068308,1.000826,5.8702,2121.399902,1880.045794,,-1,,3760.091553,
Sample,09/10/2024 10:59,23,9364466,5.394703,8388479,0.038698,12143613,18.88123,3068303,1.000825,687.420044,2746.800049,2408.671462,,-1,,4817.342773,
Sample,09/10/2024 10:59,23,9365743,5.401724,8388483,0.03872,12306001,17.03521,3110262,1.014612,1700.400024,1621.800049,1457.754069,,0.022653,,2915.508057,
Sample,09/10/2024 10:59,23,9365797,5.402021,8388484,0.038725,12479959,15.077003,3148427,1.027154,1681,1623.5,1459.19097,,0.263267,,2918.381836,
Sample,09/10/2024 10:59,23,9365834,5.402224,8388486,0.038736,12556397,14.220458,3162496,1.031778,1691,1574.800049,1418.026854,,0.346133,,2836.053711,
Sample,09/10/2024 10:59,23,9365864,5.402389,8388478,0.038692,12587264,13.874963,3174865,1.035843,1662.099976,1587.300049,1428.592603,,0.416841,,2857.185303,
Sample,09/10/2024 10:59,23,9365876,5.402455,8388478,0.038692,12600097,13.731369,3183995,1.038843,1671.5,1547.900024,1395.289342,,0.467866,,2790.578613,
Sample,09/10/2024 10:59,23,9365886,5.40251,8388480,0.038703,12604385,13.683394,3185067,1.039196,1659.099976,1534.300049,1383.793828,,0.473796,,2767.587646,
Sample,09/10/2024 10:59,23,9365900,5.402587,8388481,0.038709,12605955,13.665829,3185025,1.039182,1644.800049,1549.300049,1396.472726,,0.473564,,2792.945557,
Sample,09/10/2024 10:59,23,9365913,5.402659,8388478,0.038692,12606679,13.657729,3196458,1.04294,1607.199951,1533.800049,1383.371198,,0.536056,,2766.742432,
Sample,09/10/2024 10:59,23,9365929,5.402747,8388483,0.03872,12605723,13.668424,3184805,1.03911,1588.599976,1495.5,1350.997702,,0.472348,,2701.995361,
Sample,09/10/2024 10:59,23,9365950,5.402862,8388480,0.038703,12603338,13.695107,3184837,1.03912,1614.300049,1463.099976,1323.61126,,0.472525,,2647.222412,
Sample,09/10/2024 10:59,23,9365969,5.402967,8388480,0.038703,12600171,13.730541,3184809,1.039111,1618,1436.5,1301.127368,,0.47237,,2602.254639,
Sample,09/10/2024 10:59,23,9365987,5.403066,8388483,0.03872,12596840,13.767811,3184823,1.039116,1613.699951,1459.800049,1320.821965,,0.472447,,2641.644043,
Sample,09/10/2024 10:59,23,9365985,5.403055,8388478,0.038692,12593799,13.801837,3184756,1.039094,1606.699951,1454.400024,1316.257541,,0.472077,,2632.515137,
Sample,09/10/2024 10:59,23,9365989,5.403077,8388479,0.038698,12591167,13.831288,3184830,1.039118,1584.099976,1403.599976,1273.318296,,0.472486,,2546.636475,
Sample,09/10/2024 10:59,23,9366000,5.403137,8388486,0.038736,12588798,13.857797,3184761,1.039095,1582,1413.300049,1281.517379,,0.472105,,2563.034668,
Sample,09/10/2024 10:59,23,9366024,5.403269,8388485,0.038731,12586659,13.881733,3184734,1.039086,1577.400024,1360.5,1236.887615,,0.471955,,2473.775146,
Sample,09/10/2024 10:59,23,9366028,5.403291,8388478,0.038692,12584791,13.902637,3184738,1.039088,1559.699951,1367.699951,1242.973445,,0.471978,,2485.946777,
Sample,09/10/2024 11:00,23,9366021,5.403253,8388482,0.038714,12583228,13.920128,3184715,1.03908,1563.5,1373.800049,1248.129613,,0.47185,,2496.259277,
Sample,09/10/2024 11:00,23,9366044,5.403379,8388481,0.038709,12581992,13.933961,3184758,1.039094,1581.599976,1388.800049,1260.808511,,0.472088,,2521.616943,
Sample,09/10/2024 11:00,23,9366042,5.403368,8388477,0.038687,12580996,13.945107,3184702,1.039076,1593.599976,1360.800049,1237.141234,,0.471778,,2474.282471,
Sample,09/10/2024 11:00,23,9366056,5.403445,8388481,0.038709,12580205,13.95396,3184502,1.03901,1562.800049,1330.800049,1211.783437,,0.470672,,2423.566895,
Sample,09/10/2024 11:00,23,9366067,5.403505,8388478,0.038692,12579704,13.959567,3184503,1.03901,1546.099976,1302.800049,1188.11616,,0.470678,,2376.232422,
Sample,09/10/2024 11:00,23,9366089,5.403626,8388477,0.038687,12579421,13.962734,3184562,1.03903,1545.5,1322.900024,1205.105863,,0.471004,,2410.21167,
Sample,09/10/2024 11:00,23,9366089,5.403626,8388483,0.03872,12579207,13.965129,3184500,1.039009,1561.199951,1350.800049,1228.688635,,0.470661,,2457.377197,
Sample,09/10/2024 11:00,23,9366088,5.403621,8388480,0.038703,12578913,13.968419,3184498,1.039009,1591.199951,1347.300049,1225.730225,,0.47065,,2451.460449,
Sample,09/10/2024 11:00,23,9366099,5.403681,8388477,0.038687,12578597,13.971956,3184487,1.039005,1592.599976,1332.400024,1213.135832,,0.470589,,2426.271729,
Sample,09/10/2024 11:00,23,9366091,5.403637,8388481,0.038709,12578367,13.97453,3184447,1.038992,1578.400024,1311.099976,1195.131755,,0.470368,,2390.263428,
Sample,09/10/2024 11:00,23,9366109,5.403736,8388476,0.038681,12578182,13.9766,3184501,1.03901,1561.5,1265.300049,1156.418913,,0.470667,,2312.837891,
Sample,09/10/2024 11:00,23,9366129,5.403846,8388483,0.03872,12577904,13.979712,3184381,1.03897,1552.400024,1237.800049,1133.174266,,0.470003,,2266.348633,
Sample,09/10/2024 11:00,23,9366123,5.403813,8388477,0.038687,12577540,13.983786,3184414,1.038981,1551.5,1241.699951,1136.470697,,0.470185,,2272.941406,
Sample,09/10/2024 11:00,23,9366127,5.403835,8388481,0.038709,12577036,13.989426,3184376,1.038969,1570.800049,1212.5,1111.789149,,0.469975,,2223.578369,
Sample,09/10/2024 11:00,23,9366146,5.40394,8388476,0.038681,12576396,13.996589,3184347,1.038959,1585.900024,1277,1166.308413,,0.469815,,2332.616943,
Sample,09/10/2024 11:00,23,9366145,5.403934,8388478,0.038692,12575620,14.005274,3184332,1.038954,1620.300049,1319.800049,1202.485578,,0.469732,,2404.971191,
Sample,09/10/2024 11:00,23,9366149,5.403956,8388479,0.038698,12574735,14.01518,3184308,1.038946,1634.400024,1329.699951,1210.853569,,0.469599,,2421.707031,
Sample,09/10/2024 11:00,23,9366152,5.403973,8388484,0.038725,12573796,14.025689,3184280,1.038937,1613.900024,1280.599976,1169.351328,,0.469444,,2338.702637,
Sample,09/10/2024 11:00,23,9366156,5.403995,8388480,0.038703,12572827,14.036535,3184382,1.038971,1552.300049,1195,1096.997101,,0.470008,,2193.994141,
Sample,09/10/2024 11:00,23,9366166,5.40405,8388479,0.038698,12571896,14.046956,3184270,1.038934,1539.599976,1198.400024,1099.871005,,0.469389,,2199.741943,
Sample,09/10/2024 11:00,23,9366172,5.404083,8388481,0.038709,12571169,14.055093,3184127,1.038887,1580.5,1224.5,1121.932268,,0.468597,,2243.864502,
Sample,09/10/2024 11:00,23,9366180,5.404127,8388479,0.038698,12570689,14.060466,3184200,1.038911,1628.900024,1248.099976,1141.880381,,0.469001,,2283.760742,
Sample,09/10/2024 11:00,23,9366174,5.404094,8388480,0.038703,12570330,14.064484,3184198,1.03891,1632.099976,1258.400024,1150.586599,,0.46899,,2301.173096,
Sample,09/10/2024 11:00,23,9366187,5.404165,8388481,0.038709,12569954,14.068693,3184199,1.038911,1600.599976,1215.5,1114.324929,,0.468996,,2228.649902,
Sample,09/10/2024 11:00,23,9366200,5.404237,8388481,0.038709,12569550,14.073215,3184314,1.038948,1555.900024,1168.5,1074.597713,,0.469632,,2149.195312,
Sample,09/10/2024 11:00,23,9366200,5.404237,8388483,0.03872,12569169,14.07748,3184225,1.038919,1530.099976,1134.400024,1045.774371,,0.46914,,2091.548828,
Sample,09/10/2024 11:00,23,9366193,5.404198,8388479,0.038698,12568810,14.081498,3184103,1.038879,1530.099976,1145.099976,1054.818611,,0.468464,,2109.637207,
Sample,09/10/2024 11:00,23,9366213,5.404308,8388481,0.038709,12568510,14.084856,3184149,1.038894,1567.300049,1128.400024,1040.702812,,0.468719,,2081.405518,
Sample,09/10/2024 11:00,23,9366211,5.404297,8388478,0.038692,12568274,14.087498,3184157,1.038897,1577.800049,1130.5,1042.477837,,0.468763,,2084.955566,
Sample,09/10/2024 11:00,23,9366218,5.404336,8388481,0.038709,12567944,14.091192,3184181,1.038905,1576.300049,1127.900024,1040.280182,,0.468896,,2080.560303,
Sample,09/10/2024 11:00,23,9366220,5.404347,8388481,0.038709,12567421,14.097046,3184058,1.038864,1586.300049,1121.900024,1035.208622,,0.468215,,2070.417236,
Sample,09/10/2024 11:00,23,9366220,5.404347,8388477,0.038687,12566763,14.104412,3184036,1.038857,1549,1106.400024,1022.107094,,0.468093,,2044.214233,
Sample,09/10/2024 11:00,23,9366235,5.404429,8388477,0.038687,12566015,14.112785,3184005,1.038847,1535.099976,1121.199951,1034.616878,,0.467922,,2069.233643,
Sample,09/10/2024 11:00,23,9366229,5.404396,8388478,0.038692,12565251,14.121337,3184189,1.038907,1550.900024,1111.800049,1026.671518,,0.46894,,2053.343018,
Sample,09/10/2024 11:00,23,9366230,5.404402,8388478,0.038692,12564443,14.130382,3184033,1.038856,1554,1111,1025.995269,,0.468077,,2051.990479,
Sample,09/10/2024 11:00,23,9366241,5.404462,8388479,0.038698,12563667,14.139069,3184001,1.038845,1552.900024,1133.400024,1044.929111,,0.467899,,2089.858154,
Sample,09/10/2024 11:00,23,9366244,5.404479,8388480,0.038703,12562915,14.147487,3184161,1.038898,1555.300049,1117.900024,1031.827583,,0.468785,,2063.655273,
Sample,09/10/2024 11:00,23,9366249,5.404506,8388480,0.038703,12562181,14.155704,3184203,1.038912,1543.400024,1100.699951,1017.28905,,0.469018,,2034.578125,
Sample,09/10/2024 11:00,23,9366251,5.404517,8388477,0.038687,12561480,14.163552,3184167,1.0389,1505.199951,1078.599976,1237.780716,,0.468818,,2475.561523,
Sample,09/10/2024 11:00,23,9366251,5.404517,8388477,0.038687,12560796,14.171209,3184100,1.038878,1479.599976,1090.599976,1008.751946,,0.468448,,2017.503906,
Sample,09/10/2024 11:00,23,9366266,5.4046,8388479,0.038698,12560123,14.178743,3184127,1.038887,1493,1087.400024,1006.047155,,0.468597,,2012.09436,
Sample,09/10/2024 11:00,23,9366259,5.404561,8388477,0.038687,12559448,14.1863,3184008,1.038848,1506.699951,1073.300049,1239.014232,,0.467938,,2478.028564,
Sample,09/10/2024 11:00,23,9366263,5.404583,8388475,0.038676,12558754,14.19407,3184037,1.038857,1495.699951,1072.599976,1229.968447,,0.468099,,2459.937012,
Sample,09/10/2024 11:00,23,9366271,5.404627,8388480,0.038703,12558017,14.202321,3184126,1.038887,1511.400024,1078.199951,1242.87931,,0.468592,,2485.758545,
Sample,09/10/2024 11:00,23,9366271,5.404627,8388482,0.038714,12557260,14.210796,3184169,1.038901,1525.199951,1100.599976,1017.204545,,0.46883,,2034.409058,
Sample,09/10/2024 11:00,23,9366286,5.404709,8388480,0.038703,12556458,14.219775,3184061,1.038865,1538.5,1102.699951,1018.97957,,0.468232,,2037.959106,
Sample,09/10/2024 11:00,23,9366287,5.404715,8388479,0.038698,12555647,14.228855,3184114,1.038883,1530.300049,1095.099976,1012.555615,,0.468525,,2025.111206,
Sample,09/10/2024 11:00,23,9366273,5.404638,8388478,0.038692,12554821,14.238103,3184118,1.038884,1512.5,1108.5,1023.882119,,0.468547,,2047.764282,
Sample,09/10/2024 11:00,23,9366278,5.404666,8388483,0.03872,12553930,14.248079,3184133,1.038889,1504,1092.699951,1010.526971,,0.46863,,2021.053955,
Sample,09/10/2024 11:00,23,9366287,5.404715,8388481,0.038709,12553035,14.2581,3184113,1.038882,1487.400024,1071.099976,1223.143052,,0.46852,,2446.286133,
Sample,09/10/2024 11:00,23,9366284,5.404698,8388488,0.038747,12552089,14.268692,3184163,1.038899,1456.900024,1040.699951,1198.061558,,0.468796,,2396.123047,
Sample,09/10/2024 11:00,23,9366290,5.404731,8388481,0.038709,12551159,14.279106,3184186,1.038906,1432.5,1045.800049,1177.996343,,0.468924,,2355.992676,
Sample,09/10/2024 11:00,23,9366294,5.404753,8388476,0.038681,12550172,14.290157,3184037,1.038857,1444.5,1058.599976,1187.864472,,0.468099,,2375.729004,
Sample,09/10/2024 11:00,23,9366295,5.404759,8388479,0.038698,12549229,14.300716,3184158,1.038897,1472.099976,1050.699951,1210.561148,,0.468769,,2421.122314,
Sample,09/10/2024 11:00,23,9366290,5.404731,8388485,0.038731,12548306,14.311052,3184068,1.038867,1474.900024,1049.699951,1212.863751,,0.46827,,2425.727539,
Sample,09/10/2024 11:00,23,9366294,5.404753,8388480,0.038703,12547434,14.320816,3184161,1.038898,1474.099976,1051,1212.205836,,0.468785,,2424.411621,
Sample,09/10/2024 11:00,23,9366298,5.404775,8388478,0.038692,12546617,14.329965,3184161,1.038898,1479.599976,1053.5,1216.728728,,0.468785,,2433.45752,
Sample,09/10/2024 11:00,23,9366311,5.404847,8388479,0.038698,12545841,14.338655,3184124,1.038886,1479.699951,1047.900024,1216.810942,,0.46858,,2433.621826,
Sample,09/10/2024 11:00,23,9366288,5.40472,8388477,0.038687,12545133,14.346583,3184125,1.038886,1459,1038.5,1199.78846,,0.468586,,2399.576904,
Sample,09/10/2024 11:00,23,9366302,5.404797,8388479,0.038698,12544433,14.354422,3184200,1.038911,1449.099976,1026.900024,1191.647234,,0.469001,,2383.294434,
Sample,09/10/2024 11:01,23,9366303,5.404803,8388478,0.038692,12543823,14.361253,3184128,1.038887,1459.400024,1046.900024,1200.117418,,0.468603,,2400.234863,
Sample,09/10/2024 11:01,23,9366323,5.404913,8388481,0.038709,12543211,14.368107,3184130,1.038888,1482.800049,1047.699951,1219.360289,,0.468614,,2438.720459,
Sample,09/10/2024 11:01,23,9366314,5.404863,8388480,0.038703,12542695,14.373886,3184229,1.03892,1468.400024,1032.400024,1207.518515,,0.469162,,2415.037109,
Sample,09/10/2024 11:01,23,9366322,5.404907,8388478,0.038692,12542167,14.379799,3184200,1.038911,1435.400024,1019.400024,1180.381161,,0.469001,,2360.762207,
Sample,09/10/2024 11:01,23,9366327,5.404935,8388482,0.038714,12541688,14.385163,3184155,1.038896,1416.800049,1029.5,1165.085581,,0.468752,,2330.171143,
Sample,09/10/2024 11:01,23,9366323,5.404913,8388479,0.038698,12541215,14.390461,3184175,1.038903,1420.400024,1047.599976,1168.046,,0.468863,,2336.092041,
Sample,09/10/2024 11:01,23,9366328,5.40494,8388483,0.03872,12540737,14.395814,3184264,1.038932,1440.400024,1030.900024,1184.492881,,0.469355,,2368.98584,
Sample,09/10/2024 11:01,23,9366331,5.404957,8388481,0.038709,12540248,14.40129,3184268,1.038933,1426.099976,1004.900024,1172.733321,,0.469378,,2345.466553,
Sample,09/10/2024 11:01,23,9366326,5.404929,8388480,0.038703,12539659,14.407887,3184300,1.038944,1415,1026.699951,1163.605322,,0.469555,,2327.210693,
Sample,09/10/2024 11:01,23,9366333,5.404968,8388483,0.03872,12538943,14.415906,3184295,1.038942,1418,1037,1166.072354,,0.469527,,2332.144775,
Sample,09/10/2024 11:01,23,9366336,5.404984,8388483,0.03872,12538115,14.42518,3184334,1.038955,1431.800049,1023.900024,1177.420742,,0.469743,,2354.841553,
Sample,09/10/2024 11:01,23,9366333,5.404968,8388481,0.038709,12537222,14.435182,3184450,1.038993,1411.5,1002.5,1160.727117,,0.470385,,2321.454346,
Sample,09/10/2024 11:01,23,9366329,5.404946,8388483,0.03872,12536314,14.445352,3184216,1.038916,1372.599976,979.900024,1128.737913,,0.46909,,2257.47583,
Sample,09/10/2024 11:01,23,9366335,5.404979,8388486,0.038736,12535405,14.455533,3184302,1.038944,1361.5,987.700012,1119.609914,,0.469566,,2239.219727,
Sample,09/10/2024 11:01,23,9366326,5.404929,8388479,0.038698,12534513,14.465524,3184292,1.038941,1384.300049,1004.799988,1138.359399,,0.46951,,2276.71875,
Sample,09/10/2024 11:01,23,9366330,5.404951,8388478,0.038692,12533685,14.474799,3184236,1.038923,1410.199951,1015.700012,1159.65803,,0.4692,,2319.316162,
Sample,09/10/2024 11:01,23,9366338,5.404995,8388480,0.038703,12532905,14.483536,3184288,1.03894,1420.099976,1020.400024,1167.799256,,0.469488,,2335.598633,
Sample,09/10/2024 11:01,23,9366339,5.405001,8388479,0.038698,12532182,14.491634,3184352,1.038961,1406,1008.299988,1156.204225,,0.469842,,2312.408447,
Sample,09/10/2024 11:01,23,9366342,5.405017,8388481,0.038709,12531450,14.499834,3184338,1.038956,1388.099976,990.099976,1141.484246,,0.469765,,2282.968506,
Sample,09/10/2024 11:01,23,9366338,5.404995,8388478,0.038692,12530771,14.50744,3184397,1.038976,1366.5,969.5,1123.721634,,0.470091,,2247.443359,
Sample,09/10/2024 11:01,23,9366347,5.405045,8388484,0.038725,12530105,14.514901,3184340,1.038957,1346.599976,960.5,1107.356968,,0.469776,,2214.713867,
Sample,09/10/2024 11:01,23,9366339,5.405001,8388481,0.038709,12529418,14.522596,3184415,1.038982,1346.699951,976.5,1107.439182,,0.470191,,2214.878418,
Sample,09/10/2024 11:01,23,9366346,5.405039,8388481,0.038709,12528799,14.529531,3184374,1.038968,1368.099976,981.5,1125.037365,,0.469964,,2250.074707,
Sample,09/10/2024 11:01,23,9366339,5.405001,8388479,0.038698,12528215,14.536073,3184388,1.038973,1392.300049,988.799988,1144.938152,,0.470042,,2289.876221,
Sample,09/10/2024 11:01,23,9366346,5.405039,8388479,0.038698,12527707,14.541764,3184457,1.038995,1400.199951,974.700012,1151.434589,,0.470423,,2302.869141,
Sample,09/10/2024 11:01,23,9366340,5.405006,8388485,0.038731,12527269,14.546671,3184473,1.039001,1399,983.099976,1150.447817,,0.470512,,2300.895752,
Sample,09/10/2024 11:01,23,9366343,5.405023,8388479,0.038698,12526839,14.551488,3184615,1.039047,1396.300049,983.299988,1148.227528,,0.471297,,2296.455078,
Sample,09/10/2024 11:01,23,9366344,5.405028,8388482,0.038714,12526457,14.555768,3184613,1.039047,1393.199951,991.599976,1145.678181,,0.471286,,2291.356445,
Sample,09/10/2024 11:01,23,9366353,5.405078,8388478,0.038692,12526115,14.559599,3184533,1.03902,1372.300049,988.299988,1128.49127,,0.470844,,2256.982422,
Sample,09/10/2024 11:01,23,9366356,5.405094,8388480,0.038703,12525710,14.564136,3184652,1.039059,1343.699951,984.799988,1104.97215,,0.471502,,2209.944336,
Sample,09/10/2024 11:01,23,9366338,5.404995,8388481,0.038709,12525298,14.568752,3184537,1.039022,1330.400024,971.799988,1094.035034,,0.470866,,2188.070068,
Sample,09/10/2024 11:01,23,9366347,5.405045,8388483,0.03872,12524841,14.573872,3184389,1.038973,1328,979,1092.061388,,0.470047,,2184.122803,
Sample,09/10/2024 11:01,23,9366354,5.405083,8388480,0.038703,12524392,14.578902,3184650,1.039059,1337.699951,975.799988,1100.038085,,0.471491,,2200.076172,
Sample,09/10/2024 11:01,23,9366339,5.405001,8388477,0.038687,12523915,14.584247,3184570,1.039032,1344.099976,977.5,1105.301107,,0.471048,,2210.602295,
Sample,09/10/2024 11:01,23,9366356,5.405094,8388484,0.038725,12523431,14.589669,3184665,1.039064,1348.599976,962,1109.001656,,0.471574,,2218.003418,
Sample,09/10/2024 11:01,23,9366365,5.405144,8388481,0.038709,12522971,14.594823,3184620,1.039049,1352.699951,958.599976,1112.373246,,0.471325,,2224.746582,
Sample,09/10/2024 11:01,23,9366352,5.405072,8388478,0.038692,12522522,14.599854,3184585,1.039037,1351.800049,959.700012,1111.633217,,0.471131,,2223.266357,
Sample,09/10/2024 11:01,23,9366352,5.405072,8388477,0.038687,12522097,14.604615,3184606,1.039044,1348.099976,957.900024,1108.590484,,0.471248,,2217.180908,
Sample,09/10/2024 11:01,23,9366351,5.405067,8388480,0.038703,12521705,14.609008,3184671,1.039066,1334.599976,956.099976,1097.488839,,0.471607,,2194.977783,
Sample,09/10/2024 11:01,23,9366357,5.4051,8388485,0.038731,12521351,14.612974,3184701,1.039076,1323.300049,952.900024,1088.196411,,0.471773,,2176.392822,
Sample,09/10/2024 11:01,23,9366362,5.405127,8388480,0.038703,12521033,14.616537,3184639,1.039055,1316.800049,952.900024,1082.851175,,0.47143,,2165.702393,
Sample,09/10/2024 11:01,23,9366361,5.405122,8388487,0.038742,12520783,14.619338,3184720,1.039082,1319.900024,936.099976,1085.400421,,0.471878,,2170.800781,
Sample,09/10/2024 11:01,23,9366356,5.405094,8388479,0.038698,12520532,14.62215,3184759,1.039095,1316.300049,941,1082.440003,,0.472094,,2164.880127,
Sample,09/10/2024 11:01,23,9366342,5.405017,8388483,0.03872,12520333,14.62438,3184781,1.039102,1315.199951,940.299988,1081.535344,,0.472215,,2163.070801,
Sample,09/10/2024 11:01,23,9366355,5.405089,8388481,0.038709,12520104,14.626946,3184805,1.03911,1310.199951,916.099976,1077.423623,,0.472348,,2154.847168,
Sample,09/10/2024 11:01,23,9366365,5.405144,8388486,0.038736,12519881,14.629445,3184843,1.039122,1298.099976,908.200012,1067.47328,,0.472558,,2134.946533,
Sample,09/10/2024 11:01,23,9366370,5.405171,8388484,0.038725,12519553,14.63312,3184796,1.039107,1288.199951,913.400024,1059.332054,,0.472298,,2118.664062,
Sample,09/10/2024 11:01,23,9366352,5.405072,8388483,0.03872,12519130,14.63786,3184746,1.03909,1286.800049,904.900024,1058.180853,,0.472022,,2116.361816,
Sample,09/10/2024 11:01,23,9366358,5.405105,8388483,0.03872,12518597,14.643832,3184829,1.039118,1285.400024,912.700012,1057.029551,,0.472481,,2114.059082,
Sample,09/10/2024 11:01,23,9366352,5.405072,8388480,0.038703,12517989,14.650645,3184887,1.039137,1290.900024,916.700012,1061.552443,,0.472801,,2123.10498,
Sample,09/10/2024 11:01,23,9366373,5.405188,8388482,0.038714,12517330,14.658029,3185004,1.039175,1301.699951,926.900024,1070.433699,,0.473448,,2140.867432,
Sample,09/10/2024 11:01,23,9366360,5.405116,8388481,0.038709,12516671,14.665414,3184953,1.039158,1313.599976,933,1080.219613,,0.473166,,2160.439209,
Sample,09/10/2024 11:01,23,9366359,5.405111,8388480,0.038703,12516046,14.672417,3184970,1.039164,1319.599976,927.599976,1085.153678,,0.47326,,2170.307373,
Sample,09/10/2024 11:01,23,9366365,5.405144,8388476,0.038681,12515412,14.679522,3184902,1.039142,1311.900024,924.099976,1078.821669,,0.472884,,2157.643311,
Sample,09/10/2024 11:01,23,9366367,5.405155,8388480,0.038703,12514800,14.68638,3184984,1.039169,1296.599976,917.700012,1066.239764,,0.473337,,2132.479492,
Sample,09/10/2024 11:01,23,9366362,5.405127,8388485,0.038731,12514234,14.692723,3184960,1.039161,1279.300049,925.599976,1052.013272,,0.473205,,2104.026611,
Sample,09/10/2024 11:01,23,9366359,5.405111,8388481,0.038709,12513688,14.698842,3185018,1.03918,1273.300049,920.400024,1047.079208,,0.473525,,2094.158447,
Sample,09/10/2024 11:01,23,9366365,5.405144,8388481,0.038709,12513191,14.704411,3185084,1.039201,1265,899.799988,1040.253712,,0.47389,,2080.507324,
Sample,09/10/2024 11:01,23,9366375,5.405199,8388481,0.038709,12512687,14.710059,3185021,1.039181,1260.400024,907.299988,1036.470949,,0.473542,,2072.941895,
Sample,09/10/2024 11:01,23,9366368,5.40516,8388481,0.038709,12512246,14.715002,3185040,1.039187,1263.599976,898.700012,1039.10241,,0.473647,,2078.204834,
Sample,09/10/2024 11:02,23,9366364,5.405138,8388481,0.038709,12511805,14.719944,3184984,1.039169,1262.900024,897.599976,1038.526809,,0.473337,,2077.053711,
Sample,09/10/2024 11:02,23,9366363,5.405133,8388477,0.038687,12511391,14.724584,3185137,1.039219,1271.900024,910.299988,1045.927906,,0.474183,,2091.855713,
Sample,09/10/2024 11:02,23,9366352,5.405072,8388475,0.038676,12511025,14.728686,3185227,1.039248,1282.199951,908.5,1054.39799,,0.47468,,2108.795898,
Sample,09/10/2024 11:02,23,9366368,5.40516,8388481,0.038709,12510653,14.732855,3185167,1.039229,1287.699951,911.5,1058.920882,,0.474349,,2117.841797,
Sample,09/10/2024 11:02,23,9366371,5.405177,8388479,0.038698,12510338,14.736385,3185167,1.039229,1286.099976,917.200012,1057.605152,,0.474349,,2115.210205,
Sample,09/10/2024 11:02,23,9366371,5.405177,8388477,0.038687,12509996,14.740218,3185194,1.039238,1278.300049,907.700012,1051.190928,,0.474498,,2102.381836,
Sample,09/10/2024 11:02,23,9366364,5.405138,8388486,0.038736,12509711,14.743412,3185152,1.039224,1269.800049,910.700012,1044.201004,,0.474266,,2088.4021,
Sample,09/10/2024 11:02,23,9366360,5.405116,8388480,0.038703,12509427,14.746595,3185190,1.039236,1267.699951,903.700012,1042.474001,,0.474476,,2084.947998,
Sample,09/10/2024 11:02,23,9366347,5.405045,8388483,0.03872,12509162,14.749565,3185251,1.039256,1271.400024,914.900024,1045.516734,,0.474813,,2091.033447,
Sample,09/10/2024 11:02,23,9366367,5.405155,8388481,0.038709,12508914,14.752345,3185174,1.039231,1278.199951,919.900024,1051.108613,,0.474387,,2102.217285,
Sample,09/10/2024 11:02,23,9366362,5.405127,8388478,0.038692,12508634,14.755483,3185260,1.039259,1278.199951,926.200012,1051.108613,,0.474862,,2102.217285,
Sample,09/10/2024 11:02,23,9366366,5.405149,8388478,0.038692,12508345,14.758722,3185262,1.03926,1279.300049,916.400024,1052.013272,,0.474873,,2104.026611,
Sample,09/10/2024 11:02,23,9366365,5.405144,8388477,0.038687,12508047,14.762062,3185205,1.039241,1272.900024,906.099976,1046.75025,,0.474559,,2093.500488,
Sample,09/10/2024 11:02,23,9366361,5.405122,8388477,0.038687,12507736,14.765548,3185247,1.039255,1258.400024,887.799988,1034.826261,,0.474791,,2069.652588,
Sample,09/10/2024 11:02,23,9366355,5.405089,8388478,0.038692,12507430,14.768978,3185257,1.039258,1231.800049,867.5,1012.951929,,0.474846,,2025.903809,
Sample,09/10/2024 11:02,23,9366356,5.405094,8388481,0.038709,12507111,14.772553,3185197,1.039239,1213.5,858.5,997.902993,,0.474514,,1995.80603,
Sample,09/10/2024 11:02,23,9366365,5.405144,8388483,0.03872,12506800,14.776039,3185255,1.039258,1212.800049,866.5,997.327392,,0.474835,,1994.654785,
Sample,09/10/2024 11:02,23,9366352,5.405072,8388479,0.038698,12506518,14.7792,3185285,1.039267,1221.900024,869.299988,1004.810703,,0.475,,2009.62146,
Sample,09/10/2024 11:02,23,9366367,5.405155,8388482,0.038714,12506197,14.782798,3185354,1.03929,1233.900024,875,1014.678832,,0.475382,,2029.357666,
Sample,09/10/2024 11:02,23,9366355,5.405089,8388483,0.03872,12505911,14.786004,3185454,1.039323,1239.800049,871.200012,1019.530682,,0.475934,,2039.061401,
Sample,09/10/2024 11:02,23,9366349,5.405056,8388480,0.038703,12505595,14.789546,3185347,1.039288,1240,878.700012,1019.69511,,0.475343,,2039.390259,
Sample,09/10/2024 11:02,23,9366353,5.405078,8388484,0.038725,12505273,14.793155,3185363,1.039293,1243.599976,874.799988,1022.655529,,0.475431,,2045.311035,
Sample,09/10/2024 11:02,23,9366365,5.405144,8388477,0.038687,12504918,14.797134,3185342,1.039286,1239.599976,877.599976,1019.366153,,0.475315,,2038.7323,
Sample,09/10/2024 11:02,23,9366362,5.405127,8388475,0.038676,12504551,14.801248,3185526,1.039347,1231.300049,866.700012,1012.540757,,0.476331,,2025.081543,
Sample,09/10/2024 11:02,23,9366363,5.405133,8388477,0.038687,12504169,14.80553,3185373,1.039296,1229.599976,874.299988,1011.142712,,0.475486,,2022.2854,
Sample,09/10/2024 11:02,23,9366359,5.405111,8388479,0.038698,12503815,14.809498,3185481,1.039332,1233.199951,880.200012,1014.103131,,0.476083,,2028.206299,
Sample,09/10/2024 11:02,23,9366348,5.40505,8388481,0.038709,12503435,14.813758,3185485,1.039333,1236.599976,887.599976,1016.89912,,0.476105,,2033.798218,
Sample,09/10/2024 11:02,23,9366351,5.405067,8388484,0.038725,12503080,14.817737,3185529,1.039348,1243.099976,892.200012,1022.244357,,0.476348,,2044.48877,
Sample,09/10/2024 11:02,23,9366365,5.405144,8388477,0.038687,12502785,14.821044,3185659,1.03939,1251.800049,893.799988,1029.39881,,0.477065,,2058.797607,
Sample,09/10/2024 11:02,23,9366357,5.4051,8388480,0.038703,12502534,14.823858,3185523,1.039346,1253.099976,908.400024,1030.467797,,0.476315,,2060.935547,
Sample,09/10/2024 11:02,23,9366362,5.405127,8388482,0.038714,12502299,14.826492,3185593,1.039369,1249.099976,890.099976,1027.178421,,0.476701,,2054.356934,
Sample,09/10/2024 11:02,23,9366353,5.405078,8388482,0.038714,12502092,14.828813,3185472,1.039329,1247.400024,885.400024,1025.780476,,0.476033,,2051.561035,
Sample,09/10/2024 11:02,23,9366351,5.405067,8388479,0.038698,12501873,14.831268,3185497,1.039337,1244.5,876.700012,1023.395659,,0.476171,,2046.79126,
Sample,09/10/2024 11:02,23,9366349,5.405056,8388480,0.038703,12501660,14.833655,3185652,1.039388,1234.5,872.200012,1015.172218,,0.477027,,2030.344482,
Sample,09/10/2024 11:02,23,9366358,5.405105,8388481,0.038709,12501440,14.836122,3185537,1.03935,1222.5,864,1005.304089,,0.476392,,2010.608154,
Sample,09/10/2024 11:02,23,9366351,5.405067,8388479,0.038698,12501210,14.8387,3185552,1.039355,1207.300049,863,992.8045,,0.476475,,1985.609009,
Sample,09/10/2024 11:02,23,9366345,5.405034,8388480,0.038703,12500981,14.841267,3185653,1.039388,1199.400024,864.5,986.307961,,0.477032,,1972.615967,
Sample,09/10/2024 11:02,23,9366361,5.405122,8388475,0.038676,12500769,14.843644,3185647,1.039386,1190.900024,854.799988,979.318037,,0.476999,,1958.636108,
Sample,09/10/2024 11:02,23,9366346,5.405039,8388484,0.038725,12500533,14.846289,3185707,1.039406,1187.5,847.799988,976.522047,,0.47733,,1953.044067,
Sample,09/10/2024 11:02,23,9366334,5.404973,8388482,0.038714,12500306,14.848834,3185692,1.039401,1187.5,852.700012,976.522047,,0.477248,,1953.044067,
Sample,09/10/2024 11:02,23,9366348,5.40505,8388481,0.038709,12500061,14.851581,3185666,1.039393,1195.699951,860.200012,983.265228,,0.477104,,1966.530396,
Sample,09/10/2024 11:02,23,9366347,5.405045,8388480,0.038703,12499862,14.853812,3185731,1.039414,1205.699951,863.200012,991.488669,,0.477463,,1982.977295,
Sample,09/10/2024 11:02,23,9366351,5.405067,8388482,0.038714,12499637,14.856334,3185715,1.039409,1213.699951,854.799988,998.067421,,0.477375,,1996.134888,
Sample,09/10/2024 11:02,23,9366362,5.405127,8388485,0.038731,12499424,14.858722,3185757,1.039423,1215.300049,850.700012,999.383252,,0.477606,,1998.766479,
Sample,09/10/2024 11:02,23,9366339,5.405001,8388475,0.038676,12499227,14.860931,3185736,1.039416,1207.800049,854.599976,993.215672,,0.47749,,1986.431396,
Sample,09/10/2024 11:02,23,9366348,5.40505,8388480,0.038703,12499043,14.862993,3185784,1.039431,1194.900024,849.400024,982.607413,,0.477755,,1965.214844,
Sample,09/10/2024 11:02,23,9366346,5.405039,8388477,0.038687,12498873,14.864899,3185751,1.039421,1185.099976,850.400024,974.548401,,0.477573,,1949.096802,
Sample,09/10/2024 11:02,23,9366349,5.405056,8388480,0.038703,12498752,14.866256,3185831,1.039447,1173.300049,836.799988,964.844801,,0.478015,,1929.689575,
Sample,09/10/2024 11:02,23,9366346,5.405039,8388483,0.03872,12498658,14.86731,3185785,1.039432,1173,840.700012,964.598058,,0.477761,,1929.196167,
Sample,09/10/2024 11:02,23,9366343,5.405023,8388482,0.038714,12498602,14.867938,3185871,1.03946,1176,840.400024,967.06509,,0.478235,,1934.130127,
Sample,09/10/2024 11:02,23,9366329,5.404946,8388480,0.038703,12498555,14.868464,3185814,1.039441,1179.599976,852.099976,970.025509,,0.477921,,1940.051025,
Sample,09/10/2024 11:02,23,9366335,5.404979,8388482,0.038714,12498540,14.868633,3185761,1.039424,1186.300049,850.5,975.535274,,0.477628,,1951.070557,
Sample,09/10/2024 11:02,23,9366341,5.405012,8388482,0.038714,12498532,14.868722,3185913,1.039474,1188.099976,839.099976,977.015433,,0.478467,,1954.030884,
Sample,09/10/2024 11:02,23,9366335,5.404979,8388483,0.03872,12498479,14.869317,3185879,1.039463,1185,823.400024,974.466187,,0.478279,,1948.932373,
Sample,09/10/2024 11:02,23,9366346,5.405039,8388481,0.038709,12498359,14.870662,3185913,1.039474,1174.5,832.400024,965.831574,,0.478467,,1931.663208,
Sample,09/10/2024 11:02,23,9366331,5.404957,8388478,0.038692,12498226,14.872153,3185898,1.039469,1166.300049,824,959.088393,,0.478384,,1918.176758,
Sample,09/10/2024 11:02,23,9366338,5.404995,8388486,0.038736,12498012,14.874552,3185914,1.039474,1161.099976,810.599976,954.812144,,0.478473,,1909.624268,
Sample,09/10/2024 11:02,23,9366332,5.404962,8388484,0.038725,12497779,14.877164,3186027,1.039511,1158.400024,811.5,952.591855,,0.479096,,1905.183716,
Sample,09/10/2024 11:02,23,9366345,5.405034,8388478,0.038692,12497506,14.880225,3185977,1.039495,1157.599976,822.099976,951.933939,,0.47882,,1903.86792,
Sample,09/10/2024 11:02,23,9366335,5.404979,8388484,0.038725,12497200,14.883656,3186069,1.039525,1163.099976,824.299988,956.456832,,0.479327,,1912.913696,
Sample,09/10/2024 11:03,23,9366321,5.404902,8388481,0.038709,12496872,14.887333,3186043,1.039517,1167.599976,829.700012,960.15738,,0.479184,,1920.314819,
Sample,09/10/2024 11:03,23,9366332,5.404962,8388481,0.038709,12496568,14.890742,3186023,1.03951,1168.5,823,960.89751,,0.479074,,1921.795044,
Sample,09/10/2024 11:03,23,9366327,5.404935,8388479,0.038698,12496253,14.894273,3186004,1.039504,1171.199951,818.5,963.117798,,0.478969,,1926.235596,
Sample,09/10/2024 11:03,23,9366335,5.404979,8388480,0.038703,12495933,14.897861,3186012,1.039506,1174.599976,826,965.913788,,0.479013,,1931.827637,
Sample,09/10/2024 11:03,23,9366334,5.404973,8388484,0.038725,12495630,14.901258,3186058,1.039522,1175.699951,811.299988,966.818347,,0.479267,,1933.636719,
Sample,09/10/2024 11:03,23,9366333,5.404968,8388480,0.038703,12495320,14.904734,3186135,1.039547,1174.599976,830.700012,965.913788,,0.479691,,1931.827637,
Sample,09/10/2024 11:03,23,9366323,5.404913,8388481,0.038709,12495054,14.907717,3186044,1.039517,1170.699951,812.400024,962.706626,,0.47919,,1925.413208,
Sample,09/10/2024 11:03,23,9366318,5.404885,8388478,0.038692,12494801,14.910553,3186104,1.039537,1166.800049,820.200012,959.499565,,0.47952,,1918.999146,
Sample,09/10/2024 11:03,23,9366333,5.404968,8388478,0.038692,12494561,14.913244,3186117,1.039541,1155.900024,807,950.535995,,0.479592,,1901.072021,
Sample,09/10/2024 11:03,23,9366318,5.404885,8388476,0.038681,12494364,14.915453,3186153,1.039553,1146.300049,808,942.641512,,0.479791,,1885.283081,
Sample,09/10/2024 11:03,23,9366331,5.404957,8388484,0.038725,12494133,14.918043,3186066,1.039524,1137.699951,810,935.569272,,0.479311,,1871.13855,
Sample,09/10/2024 11:03,23,9366318,5.404885,8388479,0.038698,12493976,14.919804,3186185,1.039563,1131.699951,807.599976,930.635208,,0.479967,,1861.270386,
Sample,09/10/2024 11:03,23,9366327,5.404935,8388482,0.038714,12493780,14.922001,3186187,1.039564,1131.599976,812.200012,930.552994,,0.479978,,1861.105957,
Sample,09/10/2024 11:03,23,9366323,5.404913,8388481,0.038709,12493604,14.923975,3186209,1.039571,1129.400024,805.900024,928.743877,,0.480099,,1857.487793,
Sample,09/10/2024 11:03,23,9366307,5.404825,8388480,0.038703,12493440,14.925814,3186120,1.039542,1130.699951,811.200012,929.812864,,0.479609,,1859.625732,
Sample,09/10/2024 11:03,23,9366312,5.404852,8388480,0.038703,12493251,14.927933,3186227,1.039577,1131.300049,804.5,930.306351,,0.480199,,1860.612671,
Sample,09/10/2024 11:03,23,9366328,5.40494,8388480,0.038703,12493064,14.93003,3186276,1.039593,1133.699951,820.299988,932.279896,,0.480469,,1864.559814,
Sample,09/10/2024 11:03,23,9366328,5.40494,8388479,0.038698,12492862,14.932295,3186269,1.039591,1130.900024,811.299988,929.977393,,0.48043,,1859.954834,
Sample,09/10/2024 11:03,23,9366321,5.404902,8388484,0.038725,12492649,14.934683,3186273,1.039592,1131.5,804.900024,930.470779,,0.480452,,1860.941528,
Sample,09/10/2024 11:03,23,9366312,5.404852,8388480,0.038703,12492395,14.937531,3186289,1.039597,1131.5,814.099976,930.470779,,0.48054,,1860.941528,
Sample,09/10/2024 11:03,23,9366306,5.404819,8388479,0.038698,12492163,14.940132,3186355,1.039619,1130.400024,799.299988,929.566221,,0.480904,,1859.132446,
Sample,09/10/2024 11:03,23,9366317,5.40488,8388483,0.03872,12491894,14.943149,3186319,1.039607,1127.599976,797.5,927.263617,,0.480706,,1854.527222,
Sample,09/10/2024 11:03,23,9366312,5.404852,8388482,0.038714,12491624,14.946176,3186299,1.039601,1122.5,804.900024,923.069683,,0.480596,,1846.139404,
Sample,09/10/2024 11:03,23,9366315,5.404869,8388485,0.038731,12491372,14.949002,3186424,1.039642,1118.199951,791.599976,919.533563,,0.481285,,1839.067139,
Sample,09/10/2024 11:03,23,9366304,5.404808,8388483,0.03872,12491098,14.952075,3186370,1.039624,1111.900024,810.299988,914.352856,,0.480987,,1828.705688,
Sample,09/10/2024 11:03,23,9366312,5.404852,8388480,0.038703,12490837,14.955001,3186398,1.039633,1107.300049,795.700012,910.570093,,0.481141,,1821.140137,
Sample,09/10/2024 11:03,23,9366296,5.404764,8388481,0.038709,12490570,14.957995,3186462,1.039654,1107.300049,811.900024,910.570093,,0.481494,,1821.140137,
Sample,09/10/2024 11:03,23,9366299,5.404781,8388483,0.03872,12490332,14.960664,3186471,1.039657,1107.599976,806,910.816736,,0.481544,,1821.633423,
Sample,09/10/2024 11:03,23,9366309,5.404836,8388481,0.038709,12490099,14.963277,3186538,1.039679,1112.599976,808.299988,914.928456,,0.481913,,1829.856934,
Sample,09/10/2024 11:03,23,9366298,5.404775,8388479,0.038698,12489860,14.965957,3186459,1.039653,1117.5,813.400024,918.957962,,0.481477,,1837.915894,
Sample,09/10/2024 11:03,23,9366308,5.40483,8388479,0.038698,12489654,14.968267,3186482,1.039661,1119.699951,809.700012,920.767079,,0.481604,,1841.53418,
Sample,09/10/2024 11:03,23,9366302,5.404797,8388481,0.038709,12489437,14.970701,3186456,1.039652,1121.900024,796.299988,922.576296,,0.481461,,1845.152588,
Sample,09/10/2024 11:03,23,9366286,5.404709,8388483,0.03872,12489233,14.972988,3186518,1.039673,1123.099976,809.099976,923.563069,,0.481803,,1847.126099,
Sample,09/10/2024 11:03,23,9366290,5.404731,8388479,0.038698,12489024,14.975332,3186407,1.039636,1121.900024,798.099976,922.576296,,0.481191,,1845.152588,
Sample,09/10/2024 11:03,23,9366293,5.404748,8388482,0.038714,12488837,14.977429,3186545,1.039682,1119.900024,802.099976,920.931608,,0.481951,,1841.863159,
Sample,09/10/2024 11:03,23,9366291,5.404737,8388477,0.038687,12488685,14.979134,3186473,1.039658,1122.099976,813.299988,922.740725,,0.481555,,1845.481445,
Sample,09/10/2024 11:03,23,9366297,5.40477,8388480,0.038703,12488487,14.981354,3186496,1.039665,1125.699951,815.799988,925.701144,,0.481681,,1851.402344,
Sample,09/10/2024 11:03,23,9366282,5.404688,8388482,0.038714,12488319,14.983238,3186562,1.039687,1129.599976,819.700012,928.908305,,0.482045,,1857.81665,
Sample,09/10/2024 11:03,23,9366288,5.40472,8388482,0.038714,12488184,14.984752,3186523,1.039674,1130.099976,801.599976,929.319478,,0.48183,,1858.638916,
Sample,09/10/2024 11:03,23,9366276,5.404655,8388487,0.038742,12488020,14.986591,3186560,1.039687,1127.800049,812.400024,927.428146,,0.482034,,1854.856323,
Sample,09/10/2024 11:03,23,9366288,5.40472,8388480,0.038703,12487890,14.988049,3186583,1.039694,1126.099976,801,926.030101,,0.482161,,1852.060181,
Sample,09/10/2024 11:03,23,9366298,5.404775,8388481,0.038709,12487740,14.989731,3186484,1.039662,1118.300049,801.900024,919.615878,,0.481615,,1839.231812,
Sample,09/10/2024 11:03,23,9366284,5.404698,8388480,0.038703,12487614,14.991145,3186630,1.03971,1110.099976,794.099976,912.872596,,0.48242,,1825.745239,
Sample,09/10/2024 11:03,23,9366286,5.404709,8388484,0.038725,12487504,14.992378,3186612,1.039704,1104.199951,807.099976,908.020746,,0.48232,,1816.041504,
Sample,09/10/2024 11:03,23,9366286,5.404709,8388480,0.038703,12487381,14.993758,3186682,1.039727,1101.5,796.200012,905.800457,,0.482706,,1811.600952,
Sample,09/10/2024 11:03,23,9366272,5.404633,8388480,0.038703,12487274,14.994958,3186599,1.039699,1099.699951,797.700012,904.320198,,0.482249,,1808.640381,
Sample,09/10/2024 11:03,23,9366271,5.404627,8388480,0.038703,12487148,14.996371,3186667,1.039722,1095.5,775,900.866393,,0.482623,,1801.732788,
Sample,09/10/2024 11:03,23,9366278,5.404666,8388478,0.038692,12487038,14.997604,3186711,1.039736,1092.5,782.5,898.399361,,0.482866,,1796.798706,
Sample,09/10/2024 11:03,23,9366285,5.404704,8388482,0.038714,12486942,14.998681,3186672,1.039723,1092.599976,788.700012,898.481575,,0.482651,,1796.963135,
Sample,09/10/2024 11:03,23,9366275,5.404649,8388482,0.038714,12486854,14.999668,3186589,1.039696,1094.099976,775.599976,899.715091,,0.482194,,1799.430176,
Sample,09/10/2024 11:03,23,9366275,5.404649,8388480,0.038703,12486759,15.000733,3186700,1.039733,1092.5,780,898.399361,,0.482805,,1796.798706,
Sample,09/10/2024 11:03,23,9366258,5.404556,8388483,0.03872,12486658,15.001866,3186703,1.039734,1087,767.299988,893.876468,,0.482822,,1787.75293,
Sample,09/10/2024 11:03,23,9366267,5.404605,8388480,0.038703,12486552,15.003055,3186735,1.039744,1076,759.599976,884.830684,,0.482998,,1769.661377,
Sample,09/10/2024 11:03,23,9366264,5.404589,8388479,0.038698,12486475,15.003918,3186742,1.039746,1068.199951,767.5,878.41636,,0.483037,,1756.832764,
Sample,09/10/2024 11:03,23,9366268,5.404611,8388476,0.038681,12486386,15.004916,3186918,1.039804,1067.199951,755,877.594016,,0.484006,,1755.187988,
Sample,09/10/2024 11:03,23,9366266,5.4046,8388478,0.038692,12486317,15.00569,3186845,1.03978,1068.400024,762,878.580889,,0.483604,,1757.161743,
Sample,09/10/2024 11:03,23,9366258,5.404556,8388479,0.038698,12486265,15.006273,3186845,1.03978,1070.300049,759.700012,880.143363,,0.483604,,1760.286743,
Sample,09/10/2024 11:03,23,9366266,5.4046,8388481,0.038709,12486194,15.00707,3186828,1.039775,1069.900024,746.799988,879.814405,,0.48351,,1759.628784,
Sample,09/10/2024 11:03,23,9366263,5.404583,8388479,0.038698,12486145,15.007619,3186816,1.039771,1067.400024,747.099976,877.758545,,0.483444,,1755.51709,
Sample,09/10/2024 11:03,23,9366258,5.404556,8388479,0.038698,12486110,15.008012,3186912,1.039802,1065.099976,750.5,875.867113,,0.483973,,1751.734253,
Sample,09/10/2024 11:04,23,9366264,5.404589,8388481,0.038709,12486085,15.008292,3186860,1.039785,1064.400024,746.700012,875.291513,,0.483686,,1750.583008,
Sample,09/10/2024 11:04,23,9366252,5.404523,8388482,0.038714,12486056,15.008617,3186886,1.039794,1064,745.5,874.962555,,0.48383,,1749.925049,
Sample,09/10/2024 11:04,23,9366249,5.404506,8388483,0.03872,12486050,15.008685,3186900,1.039798,1064.5,759,875.373727,,0.483907,,1750.747437,
Sample,09/10/2024 11:04,23,9366257,5.40455,8388478,0.038692,12486046,15.00873,3186808,1.039768,1062.699951,753.200012,873.893467,,0.4834,,1747.786987,
Sample,09/10/2024 11:04,23,9366250,5.404512,8388481,0.038709,12486034,15.008864,3186889,1.039795,1060.699951,752.200012,872.248779,,0.483846,,1744.497559,
Sample,09/10/2024 11:04,23,9366235,5.404429,8388485,0.038731,12486026,15.008954,3186805,1.039767,1059,755,870.850835,,0.483384,,1741.70166,
Sample,09/10/2024 11:04,23,9366247,5.404495,8388480,0.038703,12486026,15.008954,3186880,1.039792,1061.800049,761.5,873.153438,,0.483797,,1746.306885,
Sample,09/10/2024 11:04,23,9366245,5.404484,8388475,0.038676,12486011,15.009122,3186893,1.039796,1066.5,757,877.018415,,0.483868,,1754.036865,
Sample,09/10/2024 11:04,23,9366245,5.404484,8388482,0.038714,12485990,15.009358,3187020,1.039838,1071,758.400024,880.718963,,0.484567,,1761.437866,
Sample,09/10/2024 11:04,23,9366243,5.404473,8388481,0.038709,12485960,15.009694,3186885,1.039793,1071.099976,762.5,880.801178,,0.483824,,1761.602295,
Sample,09/10/2024 11:04,23,9366251,5.404517,8388482,0.038714,12485949,15.009817,3186930,1.039808,1074.900024,773,883.926125,,0.484072,,1767.852295,
Sample,09/10/2024 11:04,23,9366222,5.404358,8388476,0.038681,12485898,15.010389,3186985,1.039826,1077.199951,759,885.817456,,0.484375,,1771.634888,
Sample,09/10/2024 11:04,23,9366225,5.404374,8388481,0.038709,12485853,15.010894,3186970,1.039821,1074.099976,755.900024,883.26821,,0.484292,,1766.536377,
Sample,09/10/2024 11:04,23,9366235,5.404429,8388482,0.038714,12485829,15.011163,3186880,1.039792,1068.599976,760.200012,878.745318,,0.483797,,1757.490601,
Sample,09/10/2024 11:04,23,9366232,5.404413,8388481,0.038709,12485774,15.01178,3187007,1.039833,1063.599976,749.5,874.633597,,0.484496,,1749.267212,
Sample,09/10/2024 11:04,23,9366232,5.404413,8388480,0.038703,12485712,15.012475,3187061,1.039851,1062.699951,744.5,873.893467,,0.484793,,1747.786987,
Sample,09/10/2024 11:04,23,9366233,5.404418,8388482,0.038714,12485635,15.013339,3186933,1.039809,1061.900024,739.5,873.235652,,0.484088,,1746.471313,
Sample,09/10/2024 11:04,23,9366224,5.404369,8388484,0.038725,12485558,15.014203,3187007,1.039833,1062.199951,751.900024,873.482295,,0.484496,,1746.9646,
Sample,09/10/2024 11:04,23,9366212,5.404303,8388482,0.038714,12485469,15.015201,3187080,1.039857,1059.599976,756.599976,871.344221,,0.484898,,1742.688477,
Sample,09/10/2024 11:04,23,9366219,5.404341,8388481,0.038709,12485393,15.016053,3187075,1.039856,1058.300049,744,870.275234,,0.48487,,1740.550415,
Sample,09/10/2024 11:04,23,9366223,5.404363,8388486,0.038736,12485299,15.017107,3187071,1.039854,1053.699951,760.700012,866.492371,,0.484848,,1732.984741,
Sample,09/10/2024 11:04,23,9366220,5.404347,8388487,0.038742,12485211,15.018094,3187041,1.039845,1050.599976,741.900024,863.943124,,0.484683,,1727.88623,
Sample,09/10/2024 11:04,23,9366236,5.404435,8388484,0.038725,12485105,15.019283,3187091,1.039861,1046.5,746.200012,860.571534,,0.484958,,1721.143066,
Sample,09/10/2024 11:04,23,9366225,5.404374,8388478,0.038692,12485037,15.020046,3187136,1.039876,1042.5,742.900024,857.282158,,0.485206,,1714.564331,
Sample,09/10/2024 11:04,23,9366213,5.404308,8388481,0.038709,12484944,15.021089,3187102,1.039865,1038.5,736.099976,853.992781,,0.485019,,1707.985596,
Sample,09/10/2024 11:04,23,9366212,5.404303,8388480,0.038703,12484874,15.021874,3187172,1.039888,1035.400024,741.799988,851.443535,,0.485404,,1702.887085,
Sample,09/10/2024 11:04,23,9366215,5.404319,8388479,0.038698,12484822,15.022457,3187146,1.039879,1035.400024,738.299988,851.443535,,0.485261,,1702.887085,
Sample,09/10/2024 11:04,23,9366209,5.404286,8388476,0.038681,12484721,15.02359,3187127,1.039873,1034.800049,734.5,850.950148,,0.485156,,1701.900269,
Sample,09/10/2024 11:04,23,9366209,5.404286,8388477,0.038687,12484638,15.024521,3187132,1.039875,1034,729.200012,850.292233,,0.485184,,1700.584473,
Sample,09/10/2024 11:04,23,9366208,5.404281,8388481,0.038709,12484576,15.025216,3187222,1.039904,1032.900024,743.799988,849.387675,,0.485679,,1698.775391,
Sample,09/10/2024 11:04,23,9366201,5.404242,8388482,0.038714,12484498,15.026091,3187196,1.039896,1033.5,736.5,849.881061,,0.485536,,1699.762085,
Sample,09/10/2024 11:04,23,9366181,5.404132,8388481,0.038709,12484417,15.027,3187167,1.039886,1032.099976,742.900024,848.729759,,0.485376,,1697.459473,
Sample,09/10/2024 11:04,23,9366188,5.404171,8388479,0.038698,12484354,15.027706,3187218,1.039903,1031.199951,741.799988,847.989629,,0.485657,,1695.979248,
Sample,09/10/2024 11:04,23,9366198,5.404226,8388482,0.038714,12484292,15.028402,3187205,1.039899,1031.099976,729.799988,847.907415,,0.485585,,1695.814819,
Sample,09/10/2024 11:04,23,9366195,5.404209,8388485,0.038731,12484220,15.029209,3187252,1.039914,1030.099976,729.599976,847.085071,,0.485844,,1694.170166,
Sample,09/10/2024 11:04,23,9366203,5.404253,8388484,0.038725,12484190,15.029546,3187210,1.0399,1030.800049,725.400024,847.660772,,0.485613,,1695.321533,
Sample,09/10/2024 11:04,23,9366198,5.404226,8388484,0.038725,12484163,15.029848,3187209,1.0399,1030.699951,745.400024,847.578457,,0.485607,,1695.15686,
Sample,09/10/2024 11:04,23,9366179,5.404121,8388480,0.038703,12484141,15.030095,3187236,1.039909,1032.5,735.299988,849.058717,,0.485756,,1698.117432,
Sample,09/10/2024 11:04,23,9366178,5.404116,8388477,0.038687,12484115,15.030387,3187158,1.039883,1033,723.900024,849.469889,,0.485327,,1698.939819,
Sample,09/10/2024 11:04,23,9366185,5.404154,8388479,0.038698,12484104,15.03051,3187233,1.039908,1031.5,726.200012,848.236373,,0.48574,,1696.472778,
Sample,09/10/2024 11:04,23,9366198,5.404226,8388481,0.038709,12484078,15.030802,3187181,1.039891,1028.599976,736.599976,845.851555,,0.485453,,1691.703125,
Sample,09/10/2024 11:04,23,9366189,5.404176,8388483,0.03872,12484057,15.031037,3187227,1.039906,1023.099976,736.900024,841.328663,,0.485707,,1682.657349,
Sample,09/10/2024 11:04,23,9366177,5.40411,8388478,0.038692,12484028,15.031362,3187156,1.039882,1018.5,729.299988,837.5459,,0.485316,,1675.091797,
Sample,09/10/2024 11:04,23,9366175,5.404099,8388476,0.038681,12483999,15.031688,3187283,1.039924,1017.099976,726,836.394598,,0.486015,,1672.789185,
Sample,09/10/2024 11:04,23,9366165,5.404044,8388480,0.038703,12483971,15.032002,3187276,1.039922,1016.200012,736,835.654519,,0.485976,,1671.309082,
Sample,09/10/2024 11:04,23,9366177,5.40411,8388480,0.038703,12483937,15.032383,3187241,1.03991,1016.799988,737,836.147905,,0.485784,,1672.295776,
Sample,09/10/2024 11:04,23,9366188,5.404171,8388478,0.038692,12483904,15.032753,3187315,1.039935,1017.900024,735.099976,837.052514,,0.486191,,1674.10498,
Sample,09/10/2024 11:04,23,9366185,5.404154,8388480,0.038703,12483843,15.033437,3187401,1.039963,1020.299988,735.799988,839.026109,,0.486664,,1678.052246,
Sample,09/10/2024 11:04,23,9366169,5.404066,8388480,0.038703,12483797,15.033953,3187381,1.039956,1022.299988,737.299988,840.670797,,0.486554,,1681.341553,
Sample,09/10/2024 11:04,23,9366167,5.404055,8388478,0.038692,12483747,15.034514,3187320,1.039936,1022.700012,738.5,840.999755,,0.486218,,1681.999512,
Sample,09/10/2024 11:04,23,9366162,5.404028,8388478,0.038692,12483691,15.035142,3187363,1.03995,1024.800049,743.900024,842.726708,,0.486455,,1685.453369,
Sample,09/10/2024 11:04,23,9366146,5.40394,8388480,0.038703,12483643,15.035681,3187330,1.03994,1026.599976,739.400024,844.206867,,0.486273,,1688.413696,
Sample,09/10/2024 11:04,23,9366165,5.404044,8388478,0.038692,12483565,15.036555,3187272,1.039921,1025.099976,737.799988,842.973351,,0.485954,,1685.946655,
Sample,09/10/2024 11:04,23,9366160,5.404017,8388481,0.038709,12483515,15.037116,3187387,1.039958,1024.699951,749,842.644393,,0.486587,,1685.288818,
Sample,09/10/2024 11:04,23,9366163,5.404033,8388483,0.03872,12483467,15.037655,3187341,1.039943,1022.700012,744.900024,840.999755,,0.486334,,1681.999512,
Sample,09/10/2024 11:04,23,9366160,5.404017,8388482,0.038714,12483391,15.038507,3187334,1.039941,1020.5,737.099976,839.190588,,0.486295,,1678.381226,
Sample,09/10/2024 11:04,23,9366154,5.403984,8388483,0.03872,12483321,15.039292,3187429,1.039972,1017,730.099976,836.312384,,0.486818,,1672.624756,
Sample,09/10/2024 11:04,23,9366152,5.403973,8388481,0.038709,12483264,15.039932,3187406,1.039965,1016,727.099976,835.49004,,0.486691,,1670.980103,
Sample,09/10/2024 11:04,23,9366153,5.403978,8388479,0.038698,12483198,15.040672,3187418,1.039969,1014.5,741.799988,834.256524,,0.486757,,1668.513062,
Sample,09/10/2024 11:04,23,9366157,5.404,8388479,0.038698,12483141,15.041311,3187420,1.039969,1011.099976,724.299988,831.460534,,0.486768,,1662.921021,
Sample,09/10/2024 11:05,23,9366148,5.403951,8388484,0.038725,12483092,15.041861,3187472,1.039986,1009.799988,733.5,830.391497,,0.487054,,1660.782959,
Sample,09/10/2024 11:05,23,9366139,5.403901,8388478,0.038692,12483045,15.042388,3187505,1.039997,1010,731.700012,830.555975,,0.487236,,1661.111938,
Sample,09/10/2024 11:05,23,9366145,5.403934,8388479,0.038698,12482993,15.042971,3187514,1.04,1010,728.799988,830.555975,,0.487285,,1661.111938,
Sample,09/10/2024 11:05,23,9366149,5.403956,8388485,0.038731,12482953,15.04342,3187451,1.039979,1011.799988,735.5,832.036185,,0.486939,,1664.072388,
Sample,09/10/2024 11:05,23,9366141,5.403912,8388485,0.038731,12482920,15.04379,3187572,1.040019,1014,734.5,833.845352,,0.487604,,1667.690674,
Sample,09/10/2024 11:05,23,9366130,5.403852,8388480,0.038703,12482904,15.043969,3187346,1.039945,1013,739.900024,833.023008,,0.486361,,1666.046021,
Sample,09/10/2024 11:05,23,9366137,5.40389,8388481,0.038709,12482874,15.044306,3187517,1.040001,1012,731,832.200664,,0.487302,,1664.401367,
Sample,09/10/2024 11:05,23,9366137,5.40389,8388484,0.038725,12482869,15.044362,3187619,1.040035,1009.799988,727.400024,830.391497,,0.487863,,1660.782959,
Sample,09/10/2024 11:05,23,9366126,5.40383,8388487,0.038742,12482867,15.044384,3187492,1.039993,1008.099976,731.299988,828.993502,,0.487164,,1657.987061,
Sample,09/10/2024 11:05,23,9366122,5.403808,8388484,0.038725,12482899,15.044025,3187610,1.040032,1005.200012,725.400024,826.608734,,0.487813,,1653.217407,
Sample,09/10/2024 11:05,23,9366130,5.403852,8388481,0.038709,12482899,15.044025,3187515,1.04,1002.400024,720.200012,824.306181,,0.487291,,1648.612305,
Sample,09/10/2024 11:05,23,9366128,5.403841,8388478,0.038692,12482915,15.043846,3187593,1.040026,1002.5,717.400024,824.388395,,0.48772,,1648.776733,
Sample,09/10/2024 11:05,23,9366123,5.403813,8388478,0.038692,12482943,15.043532,3187503,1.039996,999.869995,720.299988,822.225626,,0.487225,,1644.451294,
Sample,09/10/2024 11:05,23,9366112,5.403753,8388484,0.038725,12482972,15.043207,3187564,1.040017,995.369995,720.5,818.525078,,0.48756,,1637.050171,
Sample,09/10/2024 11:05,23,9366104,5.403709,8388484,0.038725,12483020,15.042668,3187596,1.040027,992.309937,718.700012,816.008657,,0.487736,,1632.017334,
Sample,09/10/2024 11:05,23,9366112,5.403753,8388480,0.038703,12483059,15.042231,3187613,1.040033,990.740051,714.799988,814.717671,,0.48783,,1629.435303,
Sample,09/10/2024 11:05,23,9366109,5.403736,8388480,0.038703,12483065,15.042164,3187617,1.040034,986.529968,719.5,811.255534,,0.487852,,1622.511108,
Sample,09/10/2024 11:05,23,9366107,5.403725,8388481,0.038709,12483128,15.041457,3187672,1.040052,983.240051,709.799988,808.55009,,0.488154,,1617.10022,
Sample,09/10/2024 11:05,23,9366112,5.403753,8388484,0.038725,12483156,15.041143,3187616,1.040034,979.309937,706.799988,805.318184,,0.487846,,1610.636353,
Sample,09/10/2024 11:05,23,9366091,5.403637,8388479,0.038698,12483218,15.040447,3187606,1.04003,977.380005,699.599976,803.731116,,0.487791,,1607.46228,
Sample,09/10/2024 11:05,23,9366102,5.403698,8388481,0.038709,12483273,15.039831,3187646,1.040043,975.709961,714.200012,802.357765,,0.488011,,1604.715576,
Sample,09/10/2024 11:05,23,9366086,5.40361,8388482,0.038714,12483311,15.039404,3187634,1.04004,975.450012,708.700012,802.143998,,0.487945,,1604.287964,
Sample,09/10/2024 11:05,23,9366106,5.40372,8388482,0.038714,12483348,15.038989,3187729,1.040071,975.650024,700.599976,802.308477,,0.488467,,1604.616943,
Sample,09/10/2024 11:05,23,9366090,5.403632,8388479,0.038698,12483370,15.038743,3187653,1.040046,975.540039,705.900024,802.218031,,0.48805,,1604.436035,
Sample,09/10/2024 11:05,23,9366096,5.403665,8388479,0.038698,12483423,15.038148,3187661,1.040048,976.380005,714.599976,802.908772,,0.488094,,1605.817505,
Sample,09/10/2024 11:05,23,9366082,5.403588,8388485,0.038731,12483467,15.037655,3187676,1.040053,977.799988,716.900024,804.076486,,0.488176,,1608.152954,
Sample,09/10/2024 11:05,23,9366087,5.403615,8388482,0.038714,12483522,15.037038,3187691,1.040058,978.829956,718.299988,804.923475,,0.488259,,1609.846924,
Sample,09/10/2024 11:05,23,9366089,5.403626,8388485,0.038731,12483517,15.037094,3187652,1.040045,980.040039,714.400024,805.918579,,0.488044,,1611.837158,
Sample,09/10/2024 11:05,23,9366100,5.403687,8388481,0.038709,12483571,15.036488,3187624,1.040036,980.570007,714.299988,806.354396,,0.48789,,1612.70874,
Sample,09/10/2024 11:05,23,9366094,5.403654,8388482,0.038714,12483605,15.036107,3187629,1.040038,980.290039,719.200012,806.124165,,0.487918,,1612.248291,
Sample,09/10/2024 11:05,23,9366073,5.403538,8388481,0.038709,12483649,15.035613,3187741,1.040075,981.72998,717.200012,807.308293,,0.488533,,1614.616577,
Sample,09/10/2024 11:05,23,9366075,5.403549,8388482,0.038714,12483706,15.034974,3187712,1.040065,982.02002,714.099976,807.546805,,0.488374,,1615.093628,
Sample,09/10/2024 11:05,23,9366068,5.403511,8388477,0.038687,12483754,15.034436,3187666,1.04005,981.670044,721.099976,807.259004,,0.488121,,1614.518066,
Sample,09/10/2024 11:05,23,9366062,5.403478,8388480,0.038703,12483823,15.033662,3187712,1.040065,980.150024,709.900024,806.009025,,0.488374,,1612.018066,
Sample,09/10/2024 11:05,23,9366074,5.403544,8388479,0.038698,12483890,15.03291,3187666,1.04005,976.959961,713.299988,803.385695,,0.488121,,1606.771362,
Sample,09/10/2024 11:05,23,9366064,5.403489,8388484,0.038725,12483953,15.032204,3187640,1.040042,973.440063,711.099976,800.491129,,0.487978,,1600.9823,
Sample,09/10/2024 11:05,23,9366067,5.403505,8388479,0.038698,12484008,15.031587,3187701,1.040062,971.090027,717.400024,798.55859,,0.488314,,1597.117188,
Sample,09/10/2024 11:05,23,9366061,5.403472,8388483,0.03872,12484082,15.030757,3187762,1.040082,968.849976,705.200012,796.716497,,0.488649,,1593.432983,
Sample,09/10/2024 11:05,23,9366048,5.403401,8388479,0.038698,12484123,15.030297,3187733,1.040072,967.650024,713.400024,795.729724,,0.488489,,1591.459473,
Sample,09/10/2024 11:05,23,9366059,5.403461,8388480,0.038703,12484168,15.029792,3187698,1.040061,967.590027,700.400024,795.680386,,0.488297,,1591.360718,
Sample,09/10/2024 11:05,23,9366064,5.403489,8388482,0.038714,12484209,15.029332,3187752,1.040078,969.090027,706.5,796.913902,,0.488594,,1593.827759,
Sample,09/10/2024 11:05,23,9366049,5.403406,8388475,0.038676,12484230,15.029097,3187712,1.040065,967.459961,698.200012,795.573427,,0.488374,,1591.146851,
Sample,09/10/2024 11:05,23,9366052,5.403423,8388485,0.038731,12484250,15.028873,3187786,1.040089,963.849976,693,792.604777,,0.488781,,1585.209595,
Sample,09/10/2024 11:05,23,9366048,5.403401,8388479,0.038698,12484275,15.028592,3187755,1.040079,962.329956,705.599976,791.354798,,0.48861,,1582.709595,
Sample,09/10/2024 11:05,23,9366028,5.403291,8388481,0.038709,12484301,15.028301,3187917,1.040133,958.990051,693.900024,788.608247,,0.489501,,1577.216553,
Sample,09/10/2024 11:05,23,9366039,5.403352,8388477,0.038687,12484339,15.027874,3187821,1.040101,955.220032,688.799988,785.507994,,0.488973,,1571.015991,
Sample,09/10/2024 11:05,23,9366051,5.403417,8388481,0.038709,12484358,15.027661,3187767,1.040083,950.099976,686.599976,781.297546,,0.488676,,1562.595093,
Sample,09/10/2024 11:05,23,9366047,5.403396,8388481,0.038709,12484365,15.027583,3187861,1.040114,945.5,689,777.514783,,0.489193,,1555.029541,
Sample,09/10/2024 11:05,23,9366035,5.40333,8388478,0.038692,12484395,15.027246,3187839,1.040107,943.179993,690.900024,775.606939,,0.489072,,1551.213867,
Sample,09/10/2024 11:05,23,9366034,5.403324,8388483,0.03872,12484395,15.027246,3187847,1.04011,941.5,687,774.225407,,0.489116,,1548.450806,
Sample,09/10/2024 11:05,23,9366030,5.403302,8388477,0.038687,12484415,15.027022,3187860,1.040114,942.040039,699.799988,774.669505,,0.489187,,1549.338989,
Sample,09/10/2024 11:05,23,9366021,5.403253,8388479,0.038698,12484420,15.026966,3187865,1.040115,943.540039,693,775.903021,,0.489215,,1551.80603,
Sample,09/10/2024 11:05,23,9366031,5.403308,8388481,0.038709,12484439,15.026753,3187820,1.040101,946.159973,694.099976,778.057508,,0.488968,,1556.11499,
Sample,09/10/2024 11:05,23,9366032,5.403313,8388482,0.038714,12484430,15.026854,3187946,1.040142,948.859985,698.299988,780.277847,,0.48966,,1560.555664,
Sample,09/10/2024 11:05,23,9366038,5.403346,8388481,0.038709,12484435,15.026798,3187938,1.040139,949.540039,690.5,780.837085,,0.489616,,1561.674194,
Sample,09/10/2024 11:05,23,9366029,5.403297,8388485,0.038731,12484441,15.02673,3187871,1.040117,948.900024,690,780.310773,,0.489248,,1560.621582,
Sample,09/10/2024 11:05,23,9366027,5.403286,8388481,0.038709,12484434,15.026809,3187862,1.040114,947.190063,688.599976,778.904597,,0.489198,,1557.809204,
Sample,09/10/2024 11:05,23,9366007,5.403176,8388476,0.038681,12484424,15.026921,3187853,1.040112,946.72998,691,778.52625,,0.489149,,1557.05249,
Sample,09/10/2024 11:05,23,9366019,5.403242,8388480,0.038703,12484415,15.027022,3188002,1.04016,945.490051,702.5,777.506602,,0.489968,,1555.013184,
Sample,09/10/2024 11:05,23,9366014,5.403214,8388484,0.038725,12484374,15.027482,3187875,1.040119,944.309937,691.5,776.536142,,0.48927,,1553.072266,
Sample,09/10/2024 11:06,23,9366012,5.403203,8388481,0.038709,12484341,15.027852,3187801,1.040094,946.220032,696.299988,778.106897,,0.488863,,1556.213745,
Sample,09/10/2024 11:06,23,9366008,5.403181,8388479,0.038698,12484312,15.028177,3187946,1.040142,947.740051,696.299988,779.356876,,0.48966,,1558.713745,
Sample,09/10/2024 11:06,23,9366006,5.40317,8388480,0.038703,12484296,15.028357,3187900,1.040127,951.040039,697.5,782.070601,,0.489407,,1564.141235,
Sample,09/10/2024 11:06,23,9365994,5.403104,8388484,0.038725,12484278,15.028559,3187870,1.040117,951.329956,699.700012,782.309013,,0.489242,,1564.618042,
Sample,09/10/2024 11:06,23,9365995,5.40311,8388482,0.038714,12484250,15.028873,3187908,1.04013,950.22998,688,781.404455,,0.489451,,1562.80896,
Sample,09/10/2024 11:06,23,9365994,5.403104,8388482,0.038714,12484239,15.028996,3187872,1.040118,947.890015,694.200012,779.480198,,0.489253,,1558.960449,
Sample,09/10/2024 11:06,23,9366010,5.403192,8388480,0.038703,12484190,15.029546,3187874,1.040118,945.570007,691.900024,777.572353,,0.489264,,1555.144653,
Sample,09/10/2024 11:06,23,9365992,5.403093,8388480,0.038703,12484164,15.029837,3188018,1.040166,943.809937,692.299988,776.12497,,0.490056,,1552.25,
Sample,09/10/2024 11:06,23,9365985,5.403055,8388484,0.038725,12484130,15.030218,3188008,1.040162,943.320007,694,775.722079,,0.490001,,1551.444214,
Sample,09/10/2024 11:06,23,9365991,5.403088,8388480,0.038703,12484113,15.030409,3187944,1.040141,943.490051,685.700012,775.861914,,0.489649,,1551.723877,
Sample,09/10/2024 11:06,23,9365980,5.403027,8388479,0.038698,12484109,15.030454,3188035,1.040171,941.880005,691.700012,774.537902,,0.490149,,1549.075806,
Sample,09/10/2024 11:06,23,9365991,5.403088,8388484,0.038725,12484081,15.030768,3187931,1.040137,940.279968,688,773.222121,,0.489578,,1546.444214,
Sample,09/10/2024 11:06,23,9365979,5.403022,8388480,0.038703,12484046,15.031161,3187972,1.040151,940,696.299988,772.991891,,0.489803,,1545.983765,
Sample,09/10/2024 11:06,23,9365986,5.40306,8388480,0.038703,12484058,15.031026,3187985,1.040155,940.22998,694.700012,773.181014,,0.489874,,1546.362061,
Sample,09/10/2024 11:06,23,9365972,5.402983,8388482,0.038714,12484002,15.031654,3188009,1.040163,939.150024,695.900024,772.292919,,0.490006,,1544.585815,
Sample,09/10/2024 11:06,23,9365966,5.40295,8388484,0.038725,12484014,15.03152,3187985,1.040155,938.599976,689.599976,771.840589,,0.489874,,1543.681152,
Sample,09/10/2024 11:06,23,9365967,5.402956,8388481,0.038709,12483997,15.03171,3188114,1.040197,936.740051,693.200012,770.311091,,0.490583,,1540.622192,
Sample,09/10/2024 11:06,23,9365968,5.402961,8388479,0.038698,12483969,15.032024,3187985,1.040155,934.380005,694.200012,768.370321,,0.489874,,1536.740601,
Sample,09/10/2024 11:06,23,9365975,5.403,8388478,0.038692,12483974,15.031968,3187948,1.040143,932.200012,685,766.577617,,0.489671,,1533.155273,
Sample,09/10/2024 11:06,23,9365958,5.402906,8388481,0.038709,12483958,15.032148,3188025,1.040168,930.450012,686.400024,765.138515,,0.490094,,1530.276978,
Sample,09/10/2024 11:06,23,9365963,5.402934,8388481,0.038709,12483941,15.032338,3187949,1.040143,927.390015,686.200012,762.622144,,0.489677,,1525.244263,
Sample,09/10/2024 11:06,23,9365951,5.402868,8388483,0.03872,12483926,15.032507,3187968,1.040149,924,671.900024,759.834386,,0.489781,,1519.668823,
Sample,09/10/2024 11:06,23,9365956,5.402895,8388482,0.038714,12483918,15.032596,3188057,1.040179,919.640015,673.599976,756.248978,,0.49027,,1512.497925,
Sample,09/10/2024 11:06,23,9365955,5.40289,8388481,0.038709,12483927,15.032495,3187943,1.040141,916,669.299988,753.255633,,0.489644,,1506.51123,
Sample,09/10/2024 11:06,23,9365960,5.402917,8388480,0.038703,12483886,15.032955,3188100,1.040193,913.559937,679.200012,751.249062,,0.490506,,1502.498169,
Sample,09/10/2024 11:06,23,9365950,5.402862,8388480,0.038703,12483870,15.033135,3188038,1.040172,914.02002,675.700012,751.627408,,0.490166,,1503.254761,
Sample,09/10/2024 11:06,23,9365949,5.402857,8388479,0.038698,12483878,15.033045,3187975,1.040152,915.659973,675.700012,752.976014,,0.489819,,1505.952026,
Sample,09/10/2024 11:06,23,9365950,5.402862,8388483,0.03872,12483831,15.033572,3188034,1.040171,919.380005,676.700012,756.03516,,0.490144,,1512.070312,
Sample,09/10/2024 11:06,23,9365934,5.402774,8388483,0.03872,12483816,15.03374,3188067,1.040182,924.380005,679.799988,760.146881,,0.490325,,1520.293701,
Sample,09/10/2024 11:06,23,9365931,5.402758,8388482,0.038714,12483791,15.034021,3188088,1.040189,924.259949,667,760.048153,,0.49044,,1520.096313,
Sample,09/10/2024 11:06,23,9365943,5.402824,8388481,0.038709,12483753,15.034447,3188062,1.04018,921.619995,657,757.877203,,0.490297,,1515.754395,
Sample,09/10/2024 11:06,23,9365942,5.402818,8388481,0.038709,12483736,15.034638,3187946,1.040142,919.630005,669.799988,756.240746,,0.48966,,1512.481445,
Sample,09/10/2024 11:06,23,9365926,5.40273,8388478,0.038692,12483687,15.035187,3188142,1.040206,917.309937,666.200012,754.332852,,0.490737,,1508.665649,
Sample,09/10/2024 11:06,23,9365928,5.402741,8388482,0.038714,12483643,15.035681,3188077,1.040185,915.52002,665.200012,752.860924,,0.49038,,1505.721802,
Sample,09/10/2024 11:06,23,9365934,5.402774,8388481,0.038709,12483604,15.036118,3188052,1.040177,914.509949,664.200012,752.030299,,0.490242,,1504.060547,
Sample,09/10/2024 11:06,23,9365926,5.40273,8388481,0.038709,12483542,15.036813,3188098,1.040192,914.829956,664.599976,752.293455,,0.490495,,1504.586914,
Sample,09/10/2024 11:06,23,9365923,5.402714,8388480,0.038703,12483504,15.03724,3188155,1.040211,914.920044,670.900024,752.367538,,0.490808,,1504.735107,
Sample,09/10/2024 11:06,23,9365937,5.402791,8388483,0.03872,12483447,15.037879,3188118,1.040199,915.990051,674.400024,753.247452,,0.490605,,1506.494873,
Sample,09/10/2024 11:06,23,9365914,5.402664,8388481,0.038709,12483384,15.038586,3188266,1.040247,919.02002,680.5,755.739128,,0.491418,,1511.478271,
Sample,09/10/2024 11:06,23,9365926,5.40273,8388482,0.038714,12483326,15.039236,3188215,1.04023,922.390015,679.5,758.510424,,0.491138,,1517.020874,
Sample,09/10/2024 11:06,23,9365925,5.402725,8388482,0.038714,12483288,15.039662,3188013,1.040164,925.029968,674.099976,760.681374,,0.490028,,1521.362793,
Sample,09/10/2024 11:06,23,9365907,5.402626,8388482,0.038714,12483228,15.040335,3188229,1.040235,926.709961,680.200012,762.062906,,0.491215,,1524.125854,
Sample,09/10/2024 11:06,23,9365896,5.402565,8388480,0.038703,12483179,15.040885,3188122,1.0402,925.920044,671.400024,761.413323,,0.490627,,1522.82666,
Sample,09/10/2024 11:06,23,9365908,5.402631,8388483,0.03872,12483117,15.04158,3188242,1.040239,922.900024,678.599976,758.929827,,0.491286,,1517.859619,
Sample,09/10/2024 11:06,23,9365897,5.402571,8388484,0.038725,12483061,15.042208,3188193,1.040223,919.179993,676.700012,755.870681,,0.491017,,1511.741333,
Sample,09/10/2024 11:06,23,9365908,5.402631,8388482,0.038714,12483011,15.042769,3188216,1.040231,916.140015,670.700012,753.370774,,0.491143,,1506.741577,
Sample,09/10/2024 11:06,23,9365902,5.402598,8388474,0.03867,12482936,15.04361,3188180,1.040219,913.559937,659.700012,751.249062,,0.490946,,1502.498169,
Sample,09/10/2024 11:06,23,9365890,5.402532,8388479,0.038698,12482887,15.04416,3188202,1.040226,911.079956,664.200012,749.209664,,0.491066,,1498.419312,
Sample,09/10/2024 11:06,23,9365896,5.402565,8388482,0.038714,12482832,15.044777,3188247,1.040241,908.740051,681.200012,747.285458,,0.491314,,1494.570923,
Sample,09/10/2024 11:06,23,9365905,5.402615,8388476,0.038681,12482774,15.045427,3188142,1.040206,906.929993,653,745.796967,,0.490737,,1491.593994,
Sample,09/10/2024 11:06,23,9365888,5.402521,8388479,0.038698,12482712,15.046123,3188235,1.040237,905.309937,667.900024,744.464723,,0.491248,,1488.929443,
Sample,09/10/2024 11:06,23,9365875,5.40245,8388482,0.038714,12482654,15.046773,3188228,1.040235,903.829956,669.299988,743.24767,,0.491209,,1486.495361,
Sample,09/10/2024 11:06,23,9365896,5.402565,8388481,0.038709,12482613,15.047233,3188167,1.040215,903.640015,668.400024,743.091473,,0.490874,,1486.182983,
Sample,09/10/2024 11:06,23,9365886,5.40251,8388480,0.038703,12482564,15.047783,3188241,1.040239,903.77002,650.599976,743.198381,,0.491281,,1486.396729,
Sample,09/10/2024 11:06,23,9365873,5.402439,8388480,0.038703,12482492,15.04859,3188200,1.040226,903.170044,661.099976,742.704995,,0.491055,,1485.410034,
Sample,09/10/2024 11:06,23,9365864,5.402389,8388481,0.038709,12482458,15.048972,3188240,1.040239,902.849976,666.099976,742.441789,,0.491275,,1484.883545,
Sample,09/10/2024 11:06,23,9365879,5.402472,8388477,0.038687,12482425,15.049342,3188215,1.04023,902.77002,671.200012,742.376037,,0.491138,,1484.752075,
Sample,09/10/2024 11:06,23,9365878,5.402466,8388479,0.038698,12482377,15.04988,3188293,1.040256,902.609985,662.5,742.244434,,0.491566,,1484.488892,
Sample,09/10/2024 11:06,23,9365871,5.402428,8388482,0.038714,12482342,15.050273,3188273,1.04025,901.420044,652.5,741.265893,,0.491456,,1482.531738,
Sample,09/10/2024 11:06,23,9365882,5.402488,8388481,0.038709,12482303,15.05071,3188216,1.040231,900.040039,653.200012,740.131054,,0.491143,,1480.262085,
Sample,09/10/2024 11:07,23,9365859,5.402362,8388477,0.038687,12482268,15.051103,3188183,1.04022,898.959961,667.5,739.242858,,0.490962,,1478.485718,
Sample,09/10/2024 11:07,23,9365859,5.402362,8388480,0.038703,12482235,15.051473,3188250,1.040242,897.720032,668.099976,738.22321,,0.49133,,1476.446411,
Sample,09/10/2024 11:07,23,9365854,5.402334,8388477,0.038687,12482193,15.051944,3188285,1.040254,897.170044,655,737.770931,,0.491522,,1475.54187,
Sample,09/10/2024 11:07,23,9365852,5.402323,8388483,0.03872,12482174,15.052157,3188221,1.040232,897.859985,664.700012,738.3383,,0.491171,,1476.676636,
Sample,09/10/2024 11:07,23,9365866,5.4024,8388479,0.038698,12482161,15.052303,3188341,1.040272,897.909973,664.400024,738.379407,,0.49183,,1476.758789,
Sample,09/10/2024 11:07,23,9365857,5.402351,8388480,0.038703,12482118,15.052785,3188242,1.040239,897.359985,659.599976,737.927128,,0.491286,,1475.854248,
Sample,09/10/2024 11:07,23,9365853,5.402329,8388481,0.038709,12482103,15.052954,3188187,1.040221,897.340027,654.099976,737.910715,,0.490984,,1475.821411,
Sample,09/10/2024 11:07,23,9365844,5.402279,8388475,0.038676,12482071,15.053313,3188278,1.040251,896.099976,664.599976,736.890966,,0.491484,,1473.781982,
Sample,09/10/2024 11:07,23,9365835,5.40223,8388475,0.038676,12482061,15.053425,3188377,1.040284,895.459961,660.700012,736.364654,,0.492027,,1472.729248,
Sample,09/10/2024 11:07,23,9365839,5.402252,8388480,0.038703,12482074,15.053279,3188308,1.040261,894.809937,665.099976,735.83011,,0.491649,,1471.660278,
Sample,09/10/2024 11:07,23,9365861,5.402373,8388483,0.03872,12482058,15.053458,3188300,1.040258,894.240051,663.900024,735.361469,,0.491605,,1470.7229,
Sample,09/10/2024 11:07,23,9365849,5.402307,8388478,0.038692,12482057,15.05347,3188229,1.040235,893,655.200012,734.34172,,0.491215,,1468.683472,
Sample,09/10/2024 11:07,23,9365840,5.402257,8388480,0.038703,12482076,15.053257,3188318,1.040264,890.72998,647.200012,732.474983,,0.491703,,1464.949951,
Sample,09/10/2024 11:07,23,9365843,5.402274,8388477,0.038687,12482054,15.053503,3188307,1.040261,889.97998,657.900024,731.858225,,0.491643,,1463.716431,
Sample,09/10/2024 11:07,23,9365824,5.402169,8388481,0.038709,12482086,15.053144,3188372,1.040282,890.5,654.900024,732.28586,,0.492,,1464.571777,
Sample,09/10/2024 11:07,23,9365831,5.402208,8388480,0.038703,12482079,15.053223,3188285,1.040254,890.240051,658.200012,732.072092,,0.491522,,1464.144165,
Sample,09/10/2024 11:07,23,9365838,5.402246,8388478,0.038692,12482108,15.052898,3188347,1.040274,890.400024,651.299988,732.203645,,0.491863,,1464.407349,
Sample,09/10/2024 11:07,23,9365841,5.402263,8388478,0.038692,12482122,15.052741,3188450,1.040308,891.459961,662.5,733.075278,,0.492428,,1466.150513,
Sample,09/10/2024 11:07,23,9365818,5.402136,8388482,0.038714,12482143,15.052505,3188386,1.040287,891.5,655.700012,733.108204,,0.492077,,1466.216431,
Sample,09/10/2024 11:07,23,9365830,5.402202,8388480,0.038703,12482175,15.052146,3188242,1.040239,890.75,645.900024,732.491446,,0.491286,,1464.98291,
Sample,09/10/2024 11:07,23,9365812,5.402104,8388475,0.038676,12482191,15.051967,3188337,1.040271,890.240051,658.099976,732.072092,,0.491808,,1464.144165,
Sample,09/10/2024 11:07,23,9365803,5.402054,8388476,0.038681,12482200,15.051866,3188468,1.040314,888.820007,657.099976,730.904328,,0.492527,,1461.808716,
Sample,09/10/2024 11:07,23,9365814,5.402114,8388481,0.038709,12482232,15.051507,3188389,1.040288,887.02002,653.799988,729.424118,,0.492093,,1458.848267,
Sample,09/10/2024 11:07,23,9365811,5.402098,8388482,0.038714,12482256,15.051238,3188353,1.040276,885.130005,653.099976,727.869876,,0.491896,,1455.739746,
Sample,09/10/2024 11:07,23,9365811,5.402098,8388481,0.038709,12482277,15.051002,3188432,1.040302,884.109985,644,727.031069,,0.492329,,1454.062134,
Sample,09/10/2024 11:07,23,9365811,5.402098,8388478,0.038692,12482323,15.050486,3188402,1.040292,884.490051,647.599976,727.343614,,0.492165,,1454.687256,
Sample,09/10/2024 11:07,23,9365795,5.40201,8388479,0.038698,12482330,15.050408,3188411,1.040295,885.290039,648.099976,728.001479,,0.492214,,1456.00293,
Sample,09/10/2024 11:07,23,9365793,5.401999,8388479,0.038698,12482345,15.050239,3188281,1.040252,884.790039,651.5,727.590307,,0.4915,,1455.180664,
Sample,09/10/2024 11:07,23,9365812,5.402104,8388478,0.038692,12482371,15.049948,3188384,1.040286,883.709961,650.099976,726.702111,,0.492066,,1453.404175,
Sample,09/10/2024 11:07,23,9365802,5.402049,8388481,0.038709,12482394,15.04969,3188341,1.040272,883,654.200012,726.118279,,0.49183,,1452.236572,
Sample,09/10/2024 11:07,23,9365794,5.402005,8388479,0.038698,12482394,15.04969,3188331,1.040269,884.329956,655,727.211961,,0.491775,,1454.42395,
Sample,09/10/2024 11:07,23,9365783,5.401944,8388481,0.038709,12482393,15.049701,3188380,1.040285,884.52002,663,727.368258,,0.492044,,1454.736572,
Sample,09/10/2024 11:07,23,9365788,5.401972,8388483,0.03872,12482392,15.049712,3188352,1.040276,884.970032,651.400024,727.738323,,0.49189,,1455.476685,
Sample,09/10/2024 11:07,23,9365781,5.401933,8388481,0.038709,12482402,15.0496,3188415,1.040296,885.779968,653.299988,728.40437,,0.492236,,1456.808716,
Sample,09/10/2024 11:07,23,9365787,5.401966,8388477,0.038687,12482408,15.049533,3188502,1.040325,884.470032,651.900024,727.327151,,0.492714,,1454.654297,
Sample,09/10/2024 11:07,23,9365789,5.401977,8388482,0.038714,12482386,15.049779,3188427,1.0403,882.809937,656.099976,725.961982,,0.492302,,1451.92395,
Sample,09/10/2024 11:07,23,9365780,5.401928,8388479,0.038698,12482381,15.049836,3188434,1.040302,882.259949,651.299988,725.509702,,0.49234,,1451.019409,
Sample,09/10/2024 11:07,23,9365779,5.401922,8388481,0.038709,12482375,15.049903,3188447,1.040307,878.920044,651.299988,722.763152,,0.492412,,1445.526245,
Sample,09/10/2024 11:07,23,9365773,5.401889,8388480,0.038703,12482349,15.050194,3188362,1.040279,878.140015,643.799988,722.121699,,0.491945,,1444.243408,
Sample,09/10/2024 11:07,23,9365771,5.401878,8388478,0.038692,12482345,15.050239,3188481,1.040318,877.909973,647.900024,721.932526,,0.492598,,1443.865112,
Sample,09/10/2024 11:07,23,9365762,5.401829,8388481,0.038709,12482339,15.050307,3188449,1.040307,877.690063,646.900024,721.751684,,0.492423,,1443.503418,
Sample,09/10/2024 11:07,23,9365765,5.401845,8388480,0.038703,12482307,15.050666,3188441,1.040305,876.429993,651.799988,720.715473,,0.492379,,1441.430908,
Sample,09/10/2024 11:07,23,9365765,5.401845,8388480,0.038703,12482291,15.050845,3188362,1.040279,873.970032,638,718.692538,,0.491945,,1437.385132,
Sample,09/10/2024 11:07,23,9365757,5.401801,8388477,0.038687,12482271,15.051069,3188397,1.04029,871.109985,638.299988,716.340596,,0.492137,,1432.681152,
Sample,09/10/2024 11:07,23,9365772,5.401884,8388482,0.038714,12482253,15.051271,3188424,1.040299,867.720032,648.299988,713.552888,,0.492285,,1427.105835,
Sample,09/10/2024 11:07,23,9365752,5.401774,8388479,0.038698,12482246,15.05135,3188452,1.040308,864.529968,637.5,710.929558,,0.492439,,1421.859131,
Sample,09/10/2024 11:07,23,9365752,5.401774,8388482,0.038714,12482225,15.051585,3188370,1.040281,861.5,627.200012,708.437882,,0.491989,,1416.875732,
Sample,09/10/2024 11:07,23,9365763,5.401834,8388480,0.038703,12482187,15.052012,3188459,1.040311,859.369995,638.5,706.686285,,0.492478,,1413.372559,
Sample,09/10/2024 11:07,23,9365745,5.401735,8388481,0.038709,12482168,15.052225,3188415,1.040296,857.890015,644.799988,705.469232,,0.492236,,1410.938477,
Sample,09/10/2024 11:07,23,9365750,5.401763,8388480,0.038703,12482151,15.052415,3188515,1.040329,857.679993,634.099976,705.296521,,0.492785,,1410.593018,
Sample,09/10/2024 11:07,23,9365742,5.401719,8388476,0.038681,12482133,15.052617,3188480,1.040318,856.630005,646.599976,704.43307,,0.492593,,1408.866089,
Sample,09/10/2024 11:07,23,9365733,5.401669,8388477,0.038687,12482135,15.052595,3188440,1.040304,854.369995,639.299988,702.574565,,0.492373,,1405.14917,
Sample,09/10/2024 11:07,23,9365729,5.401647,8388477,0.038687,12482132,15.052628,3188505,1.040326,852.170044,635.099976,700.765448,,0.49273,,1401.530884,
Sample,09/10/2024 11:07,23,9365733,5.401669,8388480,0.038703,12482129,15.052662,3188506,1.040326,850.679993,638.799988,699.540113,,0.492736,,1399.0802,
Sample,09/10/2024 11:07,23,9365731,5.401658,8388481,0.038709,12482122,15.052741,3188488,1.04032,850.579956,631,699.457848,,0.492637,,1398.915649,
Sample,09/10/2024 11:07,23,9365738,5.401697,8388477,0.038687,12482116,15.052808,3188545,1.040339,850.790039,647,699.630609,,0.49295,,1399.26123,
Sample,09/10/2024 11:07,23,9365734,5.401675,8388484,0.038725,12482101,15.052976,3188499,1.040324,851.420044,639.299988,700.14869,,0.492697,,1400.297363,
Sample,09/10/2024 11:07,23,9365723,5.401614,8388480,0.038703,12482110,15.052875,3188481,1.040318,851.75,642.5,700.420027,,0.492598,,1400.840088,
Sample,09/10/2024 11:07,23,9365717,5.401581,8388480,0.038703,12482089,15.053111,3188499,1.040324,852.349976,648.700012,700.913414,,0.492697,,1401.826782,
Sample,09/10/2024 11:07,23,9365713,5.401559,8388477,0.038687,12482072,15.053301,3188485,1.040319,852.790039,648.700012,701.275297,,0.49262,,1402.550537,
Sample,09/10/2024 11:08,23,9365719,5.401592,8388481,0.038709,12482058,15.053458,3188604,1.040358,852.740051,639.099976,701.23419,,0.493273,,1402.468384,
Sample,09/10/2024 11:08,23,9365721,5.401603,8388482,0.038714,12482060,15.053436,3188439,1.040304,853,640.5,701.447957,,0.492368,,1402.895874,
Sample,09/10/2024 11:08,23,9365708,5.401532,8388476,0.038681,12482077,15.053245,3188522,1.040331,853.119995,657.700012,701.546635,,0.492823,,1403.093262,
Sample,09/10/2024 11:08,23,9365708,5.401532,8388482,0.038714,12482073,15.05329,3188493,1.040322,853.279968,650.200012,701.678187,,0.492664,,1403.356323,
Sample,09/10/2024 11:08,23,9365709,5.401537,8388484,0.038725,12482077,15.053245,3188526,1.040333,853.420044,652.700012,701.793378,,0.492845,,1403.586792,
Sample,09/10/2024 11:08,23,9365707,5.401526,8388479,0.038698,12482063,15.053402,3188607,1.040359,852.779968,651.900024,701.267015,,0.49329,,1402.534058,
Sample,09/10/2024 11:08,23,9365700,5.401488,8388480,0.038703,12482067,15.053357,3188517,1.04033,851.799988,650.599976,700.461134,,0.492796,,1400.922241,
Sample,09/10/2024 11:08,23,9365697,5.401471,8388483,0.03872,12482078,15.053234,3188539,1.040337,851.170044,645.299988,699.943104,,0.492917,,1399.88623,
Sample,09/10/2024 11:08,23,9365696,5.401466,8388479,0.038698,12482097,15.053021,3188510,1.040327,851.070007,660.200012,699.860839,,0.492757,,1399.72168,
Sample,09/10/2024 11:08,23,9365696,5.401466,8388481,0.038709,12482088,15.053122,3188455,1.040309,851.040039,650.200012,699.836195,,0.492456,,1399.672363,
Sample,09/10/2024 11:08,23,9365697,5.401471,8388484,0.038725,12482089,15.053111,3188565,1.040346,851,657.5,699.803269,,0.493059,,1399.606567,
Sample,09/10/2024 11:08,23,9365678,5.401367,8388481,0.038709,12482095,15.053043,3188547,1.04034,850.869995,651.5,699.69636,,0.492961,,1399.3927,
Sample,09/10/2024 11:08,23,9365685,5.401405,8388482,0.038714,12482103,15.052954,3188505,1.040326,851.329956,644,700.074607,,0.49273,,1400.14917,
Sample,09/10/2024 11:08,23,9365687,5.401416,8388482,0.038714,12482083,15.053178,3188596,1.040356,850.990051,640.400024,699.795088,,0.493229,,1399.59021,
Sample,09/10/2024 11:08,23,9365682,5.401389,8388482,0.038714,12482061,15.053425,3188552,1.040341,850.390015,649.700012,699.301651,,0.492988,,1398.603271,
Sample,09/10/2024 11:08,23,9365674,5.401345,8388483,0.03872,12482058,15.053458,3188513,1.040328,849.380005,650.099976,698.471076,,0.492774,,1396.942139,
Sample,09/10/2024 11:08,23,9365677,5.401361,8388480,0.038703,12482035,15.053716,3188449,1.040307,849.070007,643.700012,698.216151,,0.492423,,1396.432251,
Sample,09/10/2024 11:08,23,9365674,5.401345,8388477,0.038687,12482028,15.053795,3188578,1.04035,848.099976,644.900024,697.418451,,0.493131,,1394.836914,
Sample,09/10/2024 11:08,23,9365671,5.401328,8388481,0.038709,12482004,15.054064,3188610,1.04036,847.320007,647.200012,696.777049,,0.493306,,1393.554077,
Sample,09/10/2024 11:08,23,9365661,5.401273,8388481,0.038709,12481978,15.054356,3188564,1.040345,846.75,643,696.308307,,0.493054,,1392.616577,
Sample,09/10/2024 11:08,23,9365665,5.401295,8388481,0.038709,12481954,15.054625,3188643,1.040371,846.079956,637.700012,695.7573,,0.493487,,1391.514648,
Sample,09/10/2024 11:08,23,9365660,5.401268,8388480,0.038703,12481927,15.054928,3188579,1.04035,844.609985,644.599976,694.548479,,0.493136,,1389.096924,
Sample,09/10/2024 11:08,23,9365662,5.401279,8388480,0.038703,12481910,15.055118,3188527,1.040333,843.119995,642.299988,693.323194,,0.492851,,1386.646362,
Sample,09/10/2024 11:08,23,9365662,5.401279,8388480,0.038703,12481881,15.055444,3188656,1.040375,842.25,643.599976,692.607759,,0.493559,,1385.215576,
Sample,09/10/2024 11:08,23,9365649,5.401207,8388484,0.038725,12481876,15.0555,3188620,1.040364,841.849976,640.799988,692.278801,,0.493361,,1384.557617,
Sample,09/10/2024 11:08,23,9365649,5.401207,8388481,0.038709,12481852,15.055769,3188535,1.040336,841.970032,639.299988,692.377528,,0.492895,,1384.755005,
Sample,09/10/2024 11:08,23,9365652,5.401224,8388481,0.038709,12481820,15.056128,3188642,1.040371,842.200012,639.5,692.566651,,0.493482,,1385.133301,
Sample,09/10/2024 11:08,23,9365648,5.401202,8388481,0.038709,12481807,15.056274,3188484,1.040319,842.320007,638.099976,692.665329,,0.492615,,1385.330688,
Sample,09/10/2024 11:08,23,9365647,5.401196,8388479,0.038698,12481776,15.056622,3188534,1.040335,842.029968,628,692.426817,,0.492889,,1384.853638,
Sample,09/10/2024 11:08,23,9365653,5.401229,8388476,0.038681,12481763,15.056767,3188635,1.040369,841.920044,643.200012,692.336421,,0.493444,,1384.672852,
Sample,09/10/2024 11:08,23,9365637,5.401141,8388483,0.03872,12481757,15.056835,3188531,1.040334,841.650024,641.700012,692.114372,,0.492873,,1384.22876,
Sample,09/10/2024 11:08,23,9365632,5.401114,8388483,0.03872,12481732,15.057115,3188646,1.040372,841.009949,641.700012,691.58801,,0.493504,,1383.176025,
Sample,09/10/2024 11:08,23,9365618,5.401037,8388483,0.03872,12481711,15.057351,3188687,1.040386,840.650024,643.799988,691.292028,,0.493729,,1382.584106,
Sample,09/10/2024 11:08,23,9365634,5.401125,8388480,0.038703,12481712,15.057339,3188616,1.040362,840,641.400024,690.757484,,0.493339,,1381.515015,
Sample,09/10/2024 11:08,23,9365629,5.401097,8388483,0.03872,12481708,15.057384,3188631,1.040367,839.140015,628.700012,690.050281,,0.493422,,1380.100586,
Sample,09/10/2024 11:08,23,9365636,5.401136,8388482,0.038714,12481718,15.057272,3188619,1.040363,838.22998,641.799988,689.301919,,0.493356,,1378.603882,
Sample,09/10/2024 11:08,23,9365622,5.401059,8388482,0.038714,12481713,15.057328,3188575,1.040349,837.630005,637.099976,688.808533,,0.493114,,1377.617065,
Sample,09/10/2024 11:08,23,9365609,5.400987,8388485,0.038731,12481711,15.057351,3188681,1.040384,836.950012,634.599976,688.249345,,0.493696,,1376.498657,
Sample,09/10/2024 11:08,23,9365613,5.401009,8388480,0.038703,12481706,15.057407,3188550,1.040341,836.02002,631.700012,687.484571,,0.492977,,1374.969116,
Sample,09/10/2024 11:08,23,9365617,5.401031,8388482,0.038714,12481713,15.057328,3188634,1.040368,835.579956,632.900024,687.122688,,0.493438,,1374.245361,
Sample,09/10/2024 11:08,23,9365615,5.40102,8388482,0.038714,12481687,15.05762,3188586,1.040352,835.190063,637.099976,686.802062,,0.493175,,1373.604126,
Sample,09/10/2024 11:08,23,9365618,5.401037,8388480,0.038703,12481716,15.057295,3188675,1.040382,834.709961,633.700012,686.407252,,0.493663,,1372.814453,
Sample,09/10/2024 11:08,23,9365610,5.400993,8388481,0.038709,12481729,15.057149,3188582,1.040351,834.529968,630.200012,686.259236,,0.493153,,1372.518433,
Sample,09/10/2024 11:08,23,9365600,5.400938,8388483,0.03872,12481745,15.056969,3188601,1.040357,835.179993,632.200012,686.79378,,0.493257,,1373.587524,
Sample,09/10/2024 11:08,23,9365596,5.400916,8388481,0.038709,12481759,15.056812,3188613,1.040361,835.309937,630.700012,686.900639,,0.493323,,1373.80127,
Sample,09/10/2024 11:08,23,9365599,5.400932,8388477,0.038687,12481749,15.056924,3188672,1.040381,835.809937,632.900024,687.311811,,0.493647,,1374.623657,
Sample,09/10/2024 11:08,23,9365603,5.400954,8388480,0.038703,12481758,15.056823,3188650,1.040373,835.709961,624.700012,687.229596,,0.493526,,1374.459229,
Sample,09/10/2024 11:08,23,9365599,5.400932,8388481,0.038709,12481765,15.056745,3188739,1.040403,834.940063,629.400024,686.596476,,0.494014,,1373.192993,
Sample,09/10/2024 11:08,23,9365596,5.400916,8388484,0.038725,12481773,15.056655,3188711,1.040394,833.970032,632.099976,685.798776,,0.493861,,1371.597534,
Sample,09/10/2024 11:08,23,9365582,5.400839,8388478,0.038692,12481784,15.056532,3188699,1.04039,833,635.400024,685.001076,,0.493795,,1370.002197,
Sample,09/10/2024 11:08,23,9365571,5.400779,8388479,0.038698,12481782,15.056554,3188601,1.040357,832.190063,618.599976,684.335029,,0.493257,,1368.670044,
Sample,09/10/2024 11:08,23,9365575,5.400801,8388479,0.038698,12481800,15.056352,3188723,1.040397,831.579956,623.799988,683.833311,,0.493926,,1367.666626,
Sample,09/10/2024 11:08,23,9365592,5.400894,8388481,0.038709,12481784,15.056532,3188578,1.04035,831.059937,623.200012,683.405676,,0.493131,,1366.811401,
Sample,09/10/2024 11:08,23,9365579,5.400822,8388479,0.038698,12481810,15.05624,3188714,1.040395,831.220032,638.299988,683.53733,,0.493877,,1367.074707,
Sample,09/10/2024 11:08,23,9365570,5.400773,8388481,0.038709,12481815,15.056184,3188578,1.04035,831.190063,630.200012,683.512685,,0.493131,,1367.025391,
Sample,09/10/2024 11:08,23,9365578,5.400817,8388481,0.038709,12481801,15.056341,3188688,1.040386,830.97998,628.799988,683.339925,,0.493734,,1366.67981,
Sample,09/10/2024 11:08,23,9365578,5.400817,8388478,0.038692,12481799,15.056364,3188719,1.040396,831.759949,627.400024,683.981327,,0.493904,,1367.962646,
Sample,09/10/2024 11:08,23,9365568,5.400762,8388480,0.038703,12481812,15.056218,3188646,1.040372,832.309937,629.099976,684.433606,,0.493504,,1368.867188,
Sample,09/10/2024 11:08,23,9365559,5.400713,8388481,0.038709,12481802,15.05633,3188689,1.040386,832.52002,624.5,684.606367,,0.49374,,1369.212769,
Sample,09/10/2024 11:08,23,9365574,5.400795,8388479,0.038698,12481795,15.056408,3188716,1.040395,832.990051,628.099976,684.992895,,0.493888,,1369.98584,
Sample,09/10/2024 11:09,23,9365559,5.400713,8388483,0.03872,12481783,15.056543,3188769,1.040413,832.929993,636.700012,684.943506,,0.494179,,1369.886963,
Sample,09/10/2024 11:09,23,9365564,5.40074,8388477,0.038687,12481788,15.056487,3188720,1.040396,833.140015,622.700012,685.116216,,0.49391,,1370.232422,
Sample,09/10/2024 11:09,23,9365553,5.40068,8388479,0.038698,12481801,15.056341,3188759,1.040409,832.650024,633.700012,684.713276,,0.494124,,1369.426514,
Sample,09/10/2024 11:09,23,9365541,5.400614,8388484,0.038725,12481803,15.056319,3188745,1.040405,832.490051,628.599976,684.581723,,0.494047,,1369.163452,
Sample,09/10/2024 11:09,23,9365544,5.40063,8388477,0.038687,12481789,15.056476,3188653,1.040374,832.849976,628.700012,684.877704,,0.493542,,1369.755371,
Sample,09/10/2024 11:09,23,9365564,5.40074,8388481,0.038709,12481771,15.056678,3188687,1.040386,832.709961,626,684.762564,,0.493729,,1369.525146,
Sample,09/10/2024 11:09,23,9365541,5.400614,8388489,0.038753,12481774,15.056644,3188802,1.040423,832.040039,629,684.211658,,0.49436,,1368.42334,
Sample,09/10/2024 11:09,23,9365539,5.400603,8388482,0.038714,12481774,15.056644,3188770,1.040413,831.690063,630.400024,683.923857,,0.494184,,1367.847656,
Sample,09/10/2024 11:09,23,9365528,5.400542,8388478,0.038692,12481765,15.056745,3188689,1.040386,831.170044,632.799988,683.496222,,0.49374,,1366.992432,
Sample,09/10/2024 11:09,23,9365533,5.40057,8388481,0.038709,12481770,15.056689,3188699,1.04039,830.25,630,682.73963,,0.493795,,1365.479248,
Sample,09/10/2024 11:09,23,9365530,5.400553,8388482,0.038714,12481748,15.056936,3188726,1.040398,829.619995,626.400024,682.221549,,0.493943,,1364.443115,
Sample,09/10/2024 11:09,23,9365536,5.400586,8388483,0.03872,12481748,15.056936,3188750,1.040406,828.570007,619.900024,681.358098,,0.494075,,1362.716187,
Sample,09/10/2024 11:09,23,9365523,5.400515,8388482,0.038714,12481737,15.057059,3188656,1.040375,827.659973,631.200012,680.609737,,0.493559,,1361.219482,
Sample,09/10/2024 11:09,23,9365528,5.400542,8388480,0.038703,12481745,15.056969,3188713,1.040394,826.75,620.599976,679.861426,,0.493872,,1359.7229,
Sample,09/10/2024 11:09,23,9365519,5.400493,8388481,0.038709,12481721,15.057238,3188699,1.04039,825.22998,628.5,678.611447,,0.493795,,1357.2229,
Sample,09/10/2024 11:09,23,9365523,5.400515,8388484,0.038725,12481760,15.056801,3188707,1.040392,823.670044,624.799988,677.328642,,0.493839,,1354.657227,
Sample,09/10/2024 11:09,23,9365520,5.400498,8388488,0.038747,12481758,15.056823,3188755,1.040408,822.420044,620,676.300712,,0.494102,,1352.60144,
Sample,09/10/2024 11:09,23,9365527,5.400537,8388478,0.038692,12481755,15.056857,3188733,1.040401,820.840027,621.5,675.001394,,0.493981,,1350.002808,
Sample,09/10/2024 11:09,23,9365515,5.400471,8388480,0.038703,12481754,15.056868,3188748,1.040406,818.929993,615.700012,673.430689,,0.494064,,1346.861328,
Sample,09/10/2024 11:09,23,9365506,5.400421,8388476,0.038681,12481771,15.056678,3188696,1.040389,817.460022,619.700012,672.221867,,0.493778,,1344.443726,
Sample,09/10/2024 11:09,23,9365501,5.400394,8388480,0.038703,12481782,15.056554,3188629,1.040367,815.829956,618.099976,670.881392,,0.493411,,1341.762817,
Sample,09/10/2024 11:09,23,9365505,5.400416,8388482,0.038714,12481795,15.056408,3188656,1.040375,814.420044,616.799988,669.721959,,0.493559,,1339.44397,
Sample,09/10/2024 11:09,23,9365504,5.40041,8388480,0.038703,12481803,15.056319,3188767,1.040412,812.73999,608.5,668.340377,,0.494168,,1336.680786,
Sample,09/10/2024 11:09,23,9365495,5.400361,8388484,0.038725,12481834,15.055971,3188714,1.040395,811.150024,610.5,667.032878,,0.493877,,1334.065796,
Sample,09/10/2024 11:09,23,9365497,5.400372,8388479,0.038698,12481856,15.055724,3188741,1.040403,812.920044,603,668.488443,,0.494025,,1336.976929,
Sample,09/10/2024 11:09,23,9365491,5.400339,8388481,0.038709,12481893,15.055309,3188695,1.040388,812.299988,605.700012,667.978544,,0.493773,,1335.957031,
Sample,09/10/2024 11:09,23,9365495,5.400361,8388481,0.038709,12481928,15.054917,3188651,1.040374,807.220032,610.400024,663.801072,,0.493531,,1327.602173,
Sample,09/10/2024 11:09,23,9365490,5.400333,8388482,0.038714,12481967,15.054479,3188739,1.040403,802.01001,612.299988,659.516641,,0.494014,,1319.033325,
Sample,09/10/2024 11:09,23,9365487,5.400317,8388483,0.03872,12481990,15.054221,3188686,1.040385,798.820007,603.900024,656.893362,,0.493723,,1313.786743,
Sample,09/10/2024 11:09,23,9365469,5.400218,8388479,0.038698,12482030,15.053773,3188727,1.040399,797.01001,604.599976,655.404921,,0.493948,,1310.809814,
Sample,09/10/2024 11:09,23,9365477,5.400262,8388479,0.038698,12482076,15.053257,3188773,1.040414,795.619995,603.900024,654.261851,,0.494201,,1308.523682,
Sample,09/10/2024 11:09,23,9365478,5.400267,8388482,0.038714,12482099,15.052999,3188695,1.040388,795.529968,603.099976,654.187818,,0.493773,,1308.37561,
Sample,09/10/2024 11:09,23,9365470,5.400223,8388480,0.038703,12482129,15.052662,3188745,1.040405,795.26001,601.5,653.965819,,0.494047,,1307.931641,
Sample,09/10/2024 11:09,23,9365469,5.400218,8388478,0.038692,12482187,15.052012,3188744,1.040404,795.619995,605.099976,654.261851,,0.494042,,1308.523682,
Sample,09/10/2024 11:09,23,9365467,5.400207,8388476,0.038681,12482205,15.05181,3188768,1.040412,795.900024,605.400024,654.492131,,0.494173,,1308.984253,
Sample,09/10/2024 11:09,23,9365462,5.400179,8388479,0.038698,12482262,15.05117,3188720,1.040396,796.029968,607.099976,654.59899,,0.49391,,1309.197998,
Sample,09/10/2024 11:09,23,9365458,5.400157,8388480,0.038703,12482288,15.050879,3188595,1.040355,796.079956,606.5,654.640097,,0.493224,,1309.280151,
Sample,09/10/2024 11:09,23,9365457,5.400152,8388479,0.038698,12482331,15.050396,3188705,1.040392,795.720032,614.299988,654.344115,,0.493828,,1308.688232,
Sample,09/10/2024 11:09,23,9365451,5.400119,8388483,0.03872,12482347,15.050217,3188710,1.040393,795.829956,603.700012,654.434511,,0.493855,,1308.869019,
Sample,09/10/2024 11:09,23,9365455,5.400141,8388482,0.038714,12482382,15.049824,3188706,1.040392,796.23999,608.200012,654.7717,,0.493833,,1309.543457,
Sample,09/10/2024 11:09,23,9365458,5.400157,8388479,0.038698,12482436,15.049219,3188735,1.040401,796.960022,616.299988,655.363814,,0.493992,,1310.727661,
Sample,09/10/2024 11:09,23,9365440,5.400058,8388480,0.038703,12482448,15.049084,3188740,1.040403,797.690002,609.900024,655.964109,,0.49402,,1311.928223,
Sample,09/10/2024 11:09,23,9365440,5.400058,8388476,0.038681,12482459,15.048961,3188678,1.040383,798.779968,613.099976,656.860436,,0.493679,,1313.720825,
Sample,09/10/2024 11:09,23,9365438,5.400047,8388480,0.038703,12482466,15.048882,3188758,1.040409,800.51001,608.099976,658.283125,,0.494118,,1316.566284,
Sample,09/10/2024 11:09,23,9365441,5.400064,8388476,0.038681,12482498,15.048523,3188743,1.040404,801.890015,613.200012,659.417964,,0.494036,,1318.835938,
Sample,09/10/2024 11:09,23,9365445,5.400086,8388486,0.038736,12482499,15.048512,3188616,1.040362,803.570007,618.299988,660.799496,,0.493339,,1321.598999,
Sample,09/10/2024 11:09,23,9365450,5.400113,8388481,0.038709,12482531,15.048153,3188709,1.040393,805.200012,613.900024,662.139921,,0.49385,,1324.279785,
Sample,09/10/2024 11:09,23,9365423,5.399965,8388482,0.038714,12482532,15.048142,3188726,1.040398,806.390015,625.400024,663.118512,,0.493943,,1326.237061,
Sample,09/10/2024 11:09,23,9365433,5.40002,8388483,0.03872,12482531,15.048153,3188810,1.040426,806.970032,621.799988,663.595486,,0.494404,,1327.190918,
Sample,09/10/2024 11:09,23,9365426,5.399981,8388484,0.038725,12482535,15.048108,3188786,1.040418,807.109985,617.299988,663.710576,,0.494272,,1327.421143,
Sample,09/10/2024 11:09,23,9365424,5.39997,8388481,0.038709,12482546,15.047985,3188761,1.04041,806.410034,622.5,663.134975,,0.494135,,1326.269897,
Sample,09/10/2024 11:09,23,9365420,5.399948,8388479,0.038698,12482547,15.047974,3188715,1.040395,805.829956,610.799988,662.657952,,0.493882,,1325.315918,
Sample,09/10/2024 11:09,23,9365423,5.399965,8388482,0.038714,12482563,15.047794,3188701,1.04039,804.77002,613.799988,661.786319,,0.493806,,1323.572632,
Sample,09/10/2024 11:09,23,9365420,5.399948,8388477,0.038687,12482544,15.048007,3188693,1.040388,802.970032,612.099976,660.30611,,0.493762,,1320.612183,
Sample,09/10/2024 11:09,23,9365409,5.399888,8388484,0.038725,12482559,15.047839,3188754,1.040408,801.400024,599.799988,659.015024,,0.494096,,1318.030029,
Sample,09/10/2024 11:09,23,9365406,5.399871,8388485,0.038731,12482566,15.04776,3188731,1.0404,797.76001,601.599976,656.021679,,0.49397,,1312.043335,
Sample,09/10/2024 11:09,23,9365416,5.399926,8388480,0.038703,12482566,15.04776,3188758,1.040409,792.299988,595,651.531662,,0.494118,,1303.063354,
Sample,09/10/2024 11:09,23,9365400,5.399838,8388483,0.03872,12482564,15.047783,3188748,1.040406,784.849976,599.299988,645.405189,,0.494064,,1290.810425,
Sample,09/10/2024 11:09,23,9365414,5.399915,8388482,0.038714,12482558,15.04785,3188765,1.040411,778.420044,605.900024,640.117573,,0.494157,,1280.235107,
Sample,09/10/2024 11:09,23,9365402,5.399849,8388478,0.038692,12482584,15.047559,3188776,1.040415,774.349976,604,636.770576,,0.494217,,1273.541138,
Sample,09/10/2024 11:10,23,9365393,5.3998,8388483,0.03872,12482583,15.04757,3188748,1.040406,772.679993,598,635.397276,,0.494064,,1270.794556,
Sample,09/10/2024 11:10,23,9365387,5.399767,8388478,0.038692,12482590,15.047491,3188705,1.040392,773.890015,598.5,636.39233,,0.493828,,1272.784668,
Sample,09/10/2024 11:10,23,9365389,5.399778,8388485,0.038731,12482593,15.047458,3188798,1.040422,776.660034,599.400024,638.670239,,0.494338,,1277.340454,
Sample,09/10/2024 11:10,23,9365388,5.399772,8388479,0.038698,12482605,15.047323,3188819,1.040429,780.190002,604.5,641.573088,,0.494453,,1283.146118,
Sample,09/10/2024 11:10,23,9365392,5.399794,8388477,0.038687,12482608,15.047289,3188771,1.040413,783.039978,596.200012,643.916748,,0.49419,,1287.833496,
Sample,09/10/2024 11:10,23,9365392,5.399794,8388481,0.038709,12482627,15.047076,3188704,1.040391,784.880005,593.700012,645.429884,,0.493822,,1290.859741,
Sample,09/10/2024 11:10,23,9365376,5.399706,8388484,0.038725,12482633,15.047009,3188759,1.040409,786.26001,599.599976,646.564722,,0.494124,,1293.129395,
Sample,09/10/2024 11:10,23,9365373,5.39969,8388480,0.038703,12482661,15.046695,3188707,1.040392,787.200012,596.5,647.337728,,0.493839,,1294.675415,
Sample,09/10/2024 11:10,23,9365369,5.399668,8388477,0.038687,12482668,15.046616,3188696,1.040389,787.420044,612.799988,647.51867,,0.493778,,1295.037354,
Sample,09/10/2024 11:10,23,9365364,5.39964,8388482,0.038714,12482700,15.046257,3188809,1.040426,787.320007,606.799988,647.436405,,0.494398,,1294.872803,
Sample,09/10/2024 11:10,23,9365371,5.399679,8388480,0.038703,12482726,15.045966,3188780,1.040416,787.160034,595.299988,647.304852,,0.494239,,1294.609741,
Sample,09/10/2024 11:10,23,9365372,5.399684,8388478,0.038692,12482762,15.045562,3188662,1.040377,786.859985,600.599976,647.058109,,0.493592,,1294.116211,
Sample,09/10/2024 11:10,23,9365365,5.399646,8388481,0.038709,12482780,15.04536,3188829,1.040432,786.589966,595,646.83606,,0.494508,,1293.672119,
Sample,09/10/2024 11:10,23,9365357,5.399602,8388488,0.038747,12482811,15.045012,3188743,1.040404,785.549988,593.799988,645.98084,,0.494036,,1291.96167,
Sample,09/10/2024 11:10,23,9365352,5.399574,8388483,0.03872,12482857,15.044497,3188785,1.040418,784.359985,595.700012,645.002249,,0.494267,,1290.004517,
Sample,09/10/2024 11:10,23,9365352,5.399574,8388478,0.038692,12482886,15.044171,3188631,1.040367,783.109985,596.200012,643.974319,,0.493422,,1287.948608,
Sample,09/10/2024 11:10,23,9365352,5.399574,8388476,0.038681,12482907,15.043936,3188765,1.040411,781.390015,586.099976,642.559911,,0.494157,,1285.119873,
Sample,09/10/2024 11:10,23,9365351,5.399569,8388482,0.038714,12482940,15.043566,3188761,1.04041,778.940002,599.200012,640.545158,,0.494135,,1281.090332,
Sample,09/10/2024 11:10,23,9365348,5.399552,8388478,0.038692,12482982,15.043094,3188814,1.040427,776.539978,596,638.571512,,0.494426,,1277.143066,
Sample,09/10/2024 11:10,23,9365339,5.399503,8388484,0.038725,12483009,15.042792,3188724,1.040398,774.450012,588.5,636.852841,,0.493932,,1273.705688,
Sample,09/10/2024 11:10,23,9365338,5.399498,8388481,0.038709,12483039,15.042455,3188793,1.04042,772.619995,595.599976,635.347937,,0.49431,,1270.695923,
Sample,09/10/2024 11:10,23,9365341,5.399514,8388481,0.038709,12483061,15.042208,3188862,1.040443,770.690002,593.099976,633.760819,,0.494689,,1267.521606,
Sample,09/10/2024 11:10,23,9365343,5.399525,8388478,0.038692,12483110,15.041659,3188756,1.040408,769.549988,580,632.823335,,0.494107,,1265.646729,
Sample,09/10/2024 11:10,23,9365328,5.399443,8388478,0.038692,12483124,15.041502,3188858,1.040442,768.579956,593.5,632.025635,,0.494667,,1264.05127,
Sample,09/10/2024 11:10,23,9365329,5.399448,8388481,0.038709,12483143,15.041289,3188832,1.040433,767.440002,593.200012,631.088201,,0.494524,,1262.176392,
Sample,09/10/2024 11:10,23,9365316,5.399377,8388481,0.038709,12483179,15.040885,3188834,1.040434,765.619995,583.400024,629.591529,,0.494535,,1259.183105,
Sample,09/10/2024 11:10,23,9365305,5.399316,8388481,0.038709,12483213,15.040504,3188846,1.040438,764.650024,590.200012,628.793879,,0.494601,,1257.587769,
Sample,09/10/2024 11:10,23,9365323,5.399415,8388483,0.03872,12483239,15.040212,3188897,1.040455,764.070007,587.400024,628.316906,,0.494881,,1256.633789,
Sample,09/10/2024 11:10,23,9365322,5.39941,8388477,0.038687,12483272,15.039842,3188712,1.040394,763.410034,580.299988,627.774181,,0.493866,,1255.54834,
Sample,09/10/2024 11:10,23,9365318,5.399388,8388482,0.038714,12483294,15.039595,3188861,1.040443,762.73999,584.599976,627.223174,,0.494683,,1254.446289,
Sample,09/10/2024 11:10,23,9365308,5.399333,8388486,0.038736,12483330,15.039191,3188791,1.04042,762.210022,587.5,626.787358,,0.494299,,1253.574707,
Sample,09/10/2024 11:10,23,9365307,5.399327,8388479,0.038698,12483359,15.038866,3188900,1.040456,761.97998,587.900024,626.598184,,0.494897,,1253.196411,
Sample,09/10/2024 11:10,23,9365297,5.399272,8388481,0.038709,12483372,15.03872,3188805,1.040424,761.26001,582.700012,626.006121,,0.494376,,1252.012207,
Sample,09/10/2024 11:10,23,9365291,5.399239,8388480,0.038703,12483382,15.038608,3188854,1.040441,760.640015,584.299988,625.496271,,0.494645,,1250.992554,
Sample,09/10/2024 11:10,23,9365301,5.399294,8388482,0.038714,12483414,15.038249,3188673,1.040381,759.619995,587.400024,624.657464,,0.493652,,1249.314941,
Sample,09/10/2024 11:10,23,9365305,5.399316,8388480,0.038703,12483453,15.037812,3188864,1.040444,759.170044,584.599976,624.28745,,0.4947,,1248.574951,
Sample,09/10/2024 11:10,23,9365289,5.399228,8388480,0.038703,12483473,15.037587,3188822,1.04043,759.01001,597.200012,624.155847,,0.494469,,1248.311646,
Sample,09/10/2024 11:10,23,9365286,5.399212,8388485,0.038731,12483521,15.037049,3188898,1.040455,759.210022,587.400024,624.320325,,0.494886,,1248.640625,
Sample,09/10/2024 11:10,23,9365286,5.399212,8388481,0.038709,12483542,15.036813,3188894,1.040454,758.809998,589.299988,623.991368,,0.494864,,1247.982788,
Sample,09/10/2024 11:10,23,9365281,5.399184,8388478,0.038692,12483564,15.036567,3188831,1.040433,758.450012,588.5,623.695336,,0.494519,,1247.390625,
Sample,09/10/2024 11:10,23,9365282,5.39919,8388480,0.038703,12483593,15.036241,3188931,1.040466,758.23999,582.700012,623.522626,,0.495067,,1247.045288,
Sample,09/10/2024 11:10,23,9365288,5.399223,8388480,0.038703,12483640,15.035714,3188836,1.040435,759,581.799988,624.147615,,0.494546,,1248.295288,
Sample,09/10/2024 11:10,23,9365279,5.399173,8388486,0.038736,12483674,15.035333,3188821,1.04043,758.679993,580,623.884459,,0.494464,,1247.768921,
Sample,09/10/2024 11:10,23,9365275,5.399151,8388480,0.038703,12483710,15.034929,3188829,1.040432,758.23999,587.599976,623.522626,,0.494508,,1247.045288,
Sample,09/10/2024 11:10,23,9365271,5.399129,8388479,0.038698,12483745,15.034537,3188850,1.040439,757.650024,582,623.037471,,0.494623,,1246.074951,
Sample,09/10/2024 11:10,23,9365261,5.399074,8388482,0.038714,12483787,15.034066,3189008,1.040491,757.570007,589.099976,622.971669,,0.49549,,1245.943359,
Sample,09/10/2024 11:10,23,9365270,5.399124,8388479,0.038698,12483822,15.033673,3188843,1.040437,757.27002,586.099976,622.724976,,0.494585,,1245.449951,
Sample,09/10/2024 11:10,23,9365279,5.399173,8388485,0.038731,12483865,15.033191,3188811,1.040426,757.440002,578.099976,622.86476,,0.494409,,1245.729492,
Sample,09/10/2024 11:10,23,9365265,5.399096,8388477,0.038687,12483911,15.032675,3188887,1.040451,758.609985,584.900024,623.826889,,0.494826,,1247.653809,
Sample,09/10/2024 11:10,23,9365265,5.399096,8388485,0.038731,12483934,15.032417,3188862,1.040443,759.210022,588.599976,624.320325,,0.494689,,1248.640625,
Sample,09/10/2024 11:10,23,9365254,5.399036,8388485,0.038731,12483975,15.031957,3188865,1.040444,760.27002,577.700012,625.192008,,0.494705,,1250.384033,
Sample,09/10/2024 11:10,23,9365245,5.398986,8388479,0.038698,12484052,15.031093,3188880,1.040449,761.099976,576.599976,625.874518,,0.494788,,1251.749023,
Sample,09/10/2024 11:10,23,9365245,5.398986,8388480,0.038703,12484092,15.030645,3188803,1.040424,761.859985,576.799988,626.499507,,0.494365,,1252.999023,
Sample,09/10/2024 11:10,23,9365258,5.399058,8388479,0.038698,12484148,15.030017,3188848,1.040439,762.329956,579.799988,626.885985,,0.494612,,1253.771973,
Sample,09/10/2024 11:10,23,9365248,5.399003,8388478,0.038692,12484177,15.029691,3188896,1.040454,762,585.799988,626.614647,,0.494875,,1253.229248,
Sample,09/10/2024 11:10,23,9365245,5.398986,8388481,0.038709,12484239,15.028996,3188850,1.040439,761.299988,575.5,626.038996,,0.494623,,1252.078003,
Sample,09/10/2024 11:10,23,9365233,5.39892,8388480,0.038703,12484316,15.028132,3188906,1.040458,760.839966,588.900024,625.6607,,0.49493,,1251.321411,
Sample,09/10/2024 11:10,23,9365235,5.398931,8388482,0.038714,12484367,15.02756,3188939,1.040468,760.48999,580.5,625.3729,,0.495111,,1250.74585,
Sample,09/10/2024 11:10,23,9365241,5.398964,8388480,0.038703,12484430,15.026854,3188797,1.040422,759.640015,582.599976,624.673927,,0.494332,,1249.3479,
Sample,09/10/2024 11:10,23,9365233,5.39892,8388483,0.03872,12484501,15.026057,3188841,1.040436,758.410034,581.799988,623.66246,,0.494574,,1247.324951,
Sample,09/10/2024 11:11,23,9365231,5.398909,8388481,0.038709,12484563,15.025362,3188950,1.040472,758.029968,583.799988,623.349915,,0.495172,,1246.699829,
Sample,09/10/2024 11:11,23,9365218,5.398838,8388481,0.038709,12484619,15.024734,3188890,1.040452,757.950012,584.900024,623.284164,,0.494842,,1246.568359,
Sample,09/10/2024 11:11,23,9365225,5.398876,8388479,0.038698,12484679,15.024061,3188906,1.040458,758.349976,577.200012,623.613071,,0.49493,,1247.226196,
Sample,09/10/2024 11:11,23,9365209,5.398788,8388478,0.038692,12484755,15.023209,3188894,1.040454,758.059998,585.599976,623.37461,,0.494864,,1246.749268,
Sample,09/10/2024 11:11,23,9365214,5.398816,8388482,0.038714,12484832,15.022345,3188879,1.040449,757.619995,586.400024,623.012776,,0.494782,,1246.025513,
Sample,09/10/2024 11:11,23,9365220,5.398849,8388481,0.038709,12484887,15.021728,3188826,1.040431,758.320007,587.299988,623.588427,,0.494491,,1247.17688,
Sample,09/10/2024 11:11,23,9365205,5.398766,8388481,0.038709,12484987,15.020607,3188821,1.04043,758.77002,587.900024,623.958492,,0.494464,,1247.916992,
Sample,09/10/2024 11:11,23,9365195,5.398711,8388480,0.038703,12485061,15.019777,3188838,1.040435,759.289978,591.599976,624.386077,,0.494557,,1248.772095,
Sample,09/10/2024 11:11,23,9365209,5.398788,8388480,0.038703,12485140,15.018891,3188891,1.040453,759.97998,580,624.953496,,0.494848,,1249.906982,
Sample,09/10/2024 11:11,23,9365203,5.398755,8388483,0.03872,12485223,15.01796,3188869,1.040445,760.789978,585.799988,625.619593,,0.494727,,1251.239136,
Sample,09/10/2024 11:11,23,9365193,5.3987,8388487,0.038742,12485300,15.017096,3188822,1.04043,762.079956,597.599976,626.680399,,0.494469,,1253.36084,
Sample,09/10/2024 11:11,23,9365198,5.398728,8388476,0.038681,12485386,15.016132,3188864,1.040444,762.76001,582.700012,627.239637,,0.4947,,1254.479248,
Sample,09/10/2024 11:11,23,9365191,5.398689,8388481,0.038709,12485447,15.015448,3188880,1.040449,763.369995,588.299988,627.741255,,0.494788,,1255.482544,
Sample,09/10/2024 11:11,23,9365197,5.398722,8388480,0.038703,12485504,15.014808,3188806,1.040425,763.599976,580.599976,627.930378,,0.494382,,1255.860718,
Sample,09/10/2024 11:11,23,9365181,5.398634,8388475,0.038676,12485588,15.013866,3188924,1.040464,763.650024,585.5,627.971535,,0.495029,,1255.943115,
Sample,09/10/2024 11:11,23,9365195,5.398711,8388482,0.038714,12485655,15.013115,3188894,1.040454,762.920044,579.900024,627.37124,,0.494864,,1254.742432,
Sample,09/10/2024 11:11,23,9365191,5.398689,8388479,0.038698,12485720,15.012386,3188867,1.040445,762.029968,581.099976,626.639292,,0.494716,,1253.278564,
Sample,09/10/2024 11:11,23,9365182,5.39864,8388482,0.038714,12485794,15.011556,3188890,1.040452,761.170044,580.200012,625.932138,,0.494842,,1251.864258,
Sample,09/10/2024 11:11,23,9365169,5.398568,8388480,0.038703,12485846,15.010973,3188868,1.040445,760.059998,582.299988,625.019298,,0.494722,,1250.038574,
Sample,09/10/2024 11:11,23,9365183,5.398645,8388485,0.038731,12485902,15.010345,3188879,1.040449,758.950012,585,624.106508,,0.494782,,1248.213013,
Sample,09/10/2024 11:11,23,9365168,5.398563,8388481,0.038709,12485963,15.00966,3188956,1.040474,758.369995,584,623.629534,,0.495204,,1247.259033,
Sample,09/10/2024 11:11,23,9365178,5.398618,8388485,0.038731,12486020,15.009021,3188887,1.040451,757.76001,592.299988,623.127917,,0.494826,,1246.255859,
Sample,09/10/2024 11:11,23,9365174,5.398596,8388485,0.038731,12486057,15.008606,3188953,1.040473,757.529968,586.700012,622.938743,,0.495188,,1245.877441,
Sample,09/10/2024 11:11,23,9365154,5.398486,8388481,0.038709,12486116,15.007944,3188962,1.040476,756.929993,595.200012,622.445357,,0.495237,,1244.890747,
Sample,09/10/2024 11:11,23,9365156,5.398497,8388485,0.038731,12486166,15.007384,3188985,1.040484,757.529968,582,622.938743,,0.495363,,1245.877441,
Sample,09/10/2024 11:11,23,9365163,5.398535,8388480,0.038703,12486203,15.006969,3188850,1.040439,757.25,574.099976,622.708513,,0.494623,,1245.416992,
Sample,09/10/2024 11:11,23,9365155,5.398491,8388481,0.038709,12486243,15.00652,3188890,1.040452,756.390015,582.900024,622.001309,,0.494842,,1244.002563,
Sample,09/10/2024 11:11,23,9365157,5.398502,8388478,0.038692,12486286,15.006038,3188905,1.040457,755.299988,588.700012,621.104932,,0.494925,,1242.209839,
Sample,09/10/2024 11:11,23,9365150,5.398464,8388481,0.038709,12486343,15.005399,3188984,1.040483,754.309998,579.900024,620.290819,,0.495358,,1240.581665,
Sample,09/10/2024 11:11,23,9365152,5.398475,8388480,0.038703,12486355,15.005264,3188965,1.040477,753.920044,587.400024,619.970143,,0.495254,,1239.940308,
Sample,09/10/2024 11:11,23,9365144,5.398431,8388481,0.038709,12486406,15.004692,3188905,1.040457,753.820007,583.799988,619.887879,,0.494925,,1239.775757,
Sample,09/10/2024 11:11,23,9365140,5.398409,8388484,0.038725,12486436,15.004356,3188956,1.040474,753.579956,580,619.690474,,0.495204,,1239.380981,
Sample,09/10/2024 11:11,23,9365136,5.398387,8388480,0.038703,12486473,15.003941,3188843,1.040437,753.089966,586.5,619.287534,,0.494585,,1238.575073,
Sample,09/10/2024 11:11,23,9365145,5.398436,8388480,0.038703,12486493,15.003716,3188893,1.040453,752.660034,581,618.933982,,0.494859,,1237.86792,
Sample,09/10/2024 11:11,23,9365142,5.39842,8388480,0.038703,12486519,15.003425,3188876,1.040448,752.529968,580.200012,618.827023,,0.494766,,1237.654053,
Sample,09/10/2024 11:11,23,9365132,5.398365,8388482,0.038714,12486548,15.0031,3188978,1.040481,752.059998,586.299988,618.440545,,0.495325,,1236.881104,
Sample,09/10/2024 11:11,23,9365135,5.398381,8388478,0.038692,12486580,15.002741,3188941,1.040469,752.27002,582.900024,618.613256,,0.495122,,1237.226562,
Sample,09/10/2024 11:11,23,9365112,5.398255,8388481,0.038709,12486590,15.002629,3188908,1.040458,752.160034,587.200012,618.52281,,0.494941,,1237.045654,
Sample,09/10/2024 11:11,23,9365114,5.398266,8388480,0.038703,12486629,15.002191,3188923,1.040463,752.059998,581.599976,618.440545,,0.495023,,1236.881104,
Sample,09/10/2024 11:11,23,9365122,5.39831,8388482,0.038714,12486635,15.002124,3188929,1.040465,751.77002,585.900024,618.202084,,0.495056,,1236.404175,
Sample,09/10/2024 11:11,23,9365123,5.398315,8388480,0.038703,12486669,15.001743,3188872,1.040446,751.700012,588.900024,618.144514,,0.494744,,1236.289062,
Sample,09/10/2024 11:11,23,9365117,5.398282,8388476,0.038681,12486686,15.001552,3188929,1.040465,751.529968,573.5,618.004679,,0.495056,,1236.009399,
Sample,09/10/2024 11:11,23,9365113,5.39826,8388482,0.038714,12486710,15.001283,3188908,1.040458,751.570007,583.900024,618.037605,,0.494941,,1236.075195,
Sample,09/10/2024 11:11,23,9365106,5.398222,8388477,0.038687,12486718,15.001193,3188905,1.040457,751.880005,583.799988,618.292529,,0.494925,,1236.585083,
Sample,09/10/2024 11:11,23,9365104,5.398211,8388481,0.038709,12486748,15.000857,3188935,1.040467,751.970032,583.299988,618.366562,,0.495089,,1236.733154,
Sample,09/10/2024 11:11,23,9365098,5.398178,8388478,0.038692,12486772,15.000587,3188879,1.040449,751.829956,584.799988,618.251372,,0.494782,,1236.502686,
Sample,09/10/2024 11:11,23,9365105,5.398217,8388476,0.038681,12486773,15.000576,3188893,1.040453,751.130005,575.5,617.675771,,0.494859,,1235.351562,
Sample,09/10/2024 11:11,23,9365106,5.398222,8388480,0.038703,12486812,15.000139,3188904,1.040457,750.960022,588.5,617.535987,,0.494919,,1235.072021,
Sample,09/10/2024 11:11,23,9365097,5.398173,8388482,0.038714,12486821,15.000038,3188891,1.040453,750.559998,575.799988,617.207029,,0.494848,,1234.414062,
Sample,09/10/2024 11:11,23,9365083,5.398096,8388480,0.038703,12486828,14.999959,3188876,1.040448,749.97998,588.099976,616.730056,,0.494766,,1233.460083,
Sample,09/10/2024 11:11,23,9365082,5.39809,8388480,0.038703,12486842,14.999802,3188831,1.040433,749.299988,577.299988,616.170868,,0.494519,,1232.341675,
Sample,09/10/2024 11:11,23,9365084,5.398101,8388481,0.038709,12486874,14.999443,3188831,1.040433,748.150024,579.099976,615.225202,,0.494519,,1230.450439,
Sample,09/10/2024 11:11,23,9365089,5.398129,8388482,0.038714,12486891,14.999253,3188878,1.040448,746.640015,575.200012,613.983455,,0.494777,,1227.966919,
Sample,09/10/2024 11:11,23,9365077,5.398063,8388479,0.038698,12486911,14.999029,3188991,1.040486,745.820007,566.099976,613.309126,,0.495396,,1226.618286,
Sample,09/10/2024 11:11,23,9365084,5.398101,8388479,0.038698,12486915,14.998984,3188892,1.040453,745.289978,580.400024,612.87326,,0.494853,,1225.74646,
Sample,09/10/2024 11:11,23,9365081,5.398085,8388477,0.038687,12486938,14.998726,3188905,1.040457,744.650024,574.400024,612.346998,,0.494925,,1224.69397,
Sample,09/10/2024 11:11,23,9365071,5.39803,8388482,0.038714,12486945,14.998647,3188809,1.040426,744.179993,571.799988,611.96047,,0.494398,,1223.920898,
Sample,09/10/2024 11:11,23,9365062,5.39798,8388478,0.038692,12486969,14.998378,3188935,1.040467,743.440002,571.299988,611.351944,,0.495089,,1222.703857,
Sample,09/10/2024 11:11,23,9365076,5.398057,8388479,0.038698,12486994,14.998098,3188878,1.040448,742.839966,573.299988,610.858507,,0.494777,,1221.717041,
Sample,09/10/2024 11:11,23,9365072,5.398035,8388482,0.038714,12487014,14.997873,3188966,1.040477,742.570007,573.400024,610.636508,,0.495259,,1221.273071,
Sample,09/10/2024 11:12,23,9365064,5.397991,8388482,0.038714,12487024,14.997761,3189009,1.040491,741.940002,579.799988,610.118427,,0.495495,,1220.236816,
Sample,09/10/2024 11:12,23,9365052,5.397925,8388482,0.038714,12487045,14.997526,3188928,1.040465,742.329956,575.299988,610.439103,,0.495051,,1220.878174,
Sample,09/10/2024 11:12,23,9365055,5.397942,8388480,0.038703,12487073,14.997212,3188943,1.04047,742.059998,581.299988,610.217105,,0.495133,,1220.434204,
Sample,09/10/2024 11:12,23,9365044,5.397881,8388475,0.038676,12487098,14.996931,3188907,1.040458,741.880005,565.799988,610.069089,,0.494936,,1220.138184,
Sample,09/10/2024 11:12,23,9365052,5.397925,8388484,0.038725,12487112,14.996774,3188902,1.040456,741.670044,582.299988,609.896429,,0.494908,,1219.792847,
Sample,09/10/2024 11:12,23,9365043,5.397876,8388481,0.038709,12487141,14.996449,3188948,1.040471,741.700012,582.099976,609.921073,,0.495161,,1219.842163,
Sample,09/10/2024 11:12,23,9365048,5.397903,8388479,0.038698,12487160,14.996236,3188925,1.040464,741.320007,580.900024,609.608578,,0.495034,,1219.217163,
Sample,09/10/2024 11:12,23,9365048,5.397903,8388478,0.038692,12487170,14.996124,3188915,1.040461,740.650024,575.299988,609.057622,,0.49498,,1218.115234,
Sample,09/10/2024 11:12,23,9365028,5.397793,8388482,0.038714,12487197,14.995821,3188983,1.040483,739.710022,577.400024,608.284616,,0.495353,,1216.569214,
Sample,09/10/2024 11:12,23,9365029,5.397799,8388478,0.038692,12487213,14.995642,3188950,1.040472,738.890015,577.200012,607.610288,,0.495172,,1215.220581,
Sample,09/10/2024 11:12,23,9365029,5.397799,8388481,0.038709,12487225,14.995507,3188897,1.040455,738.470032,574.099976,607.264918,,0.494881,,1214.529785,
Sample,09/10/2024 11:12,23,9365034,5.397826,8388481,0.038709,12487250,14.995227,3188977,1.040481,738.140015,582.799988,606.99353,,0.49532,,1213.987061,
Sample,09/10/2024 11:12,23,9365030,5.397804,8388476,0.038681,12487279,14.994901,3188888,1.040452,737.960022,575.900024,606.845514,,0.494832,,1213.69104,
Sample,09/10/2024 11:12,23,9365021,5.397755,8388476,0.038681,12487309,14.994565,3188961,1.040476,738.079956,576.599976,606.944141,,0.495232,,1213.888306,
Sample,09/10/2024 11:12,23,9365009,5.397689,8388478,0.038692,12487347,14.994139,3188936,1.040467,738.179993,577.299988,607.026406,,0.495095,,1214.052856,
Sample,09/10/2024 11:12,23,9365018,5.397738,8388485,0.038731,12487364,14.993948,3188988,1.040485,738.410034,577.799988,607.215579,,0.49538,,1214.431152,
Sample,09/10/2024 11:12,23,9365010,5.397694,8388476,0.038681,12487407,14.993466,3188988,1.040485,738.450012,581.200012,607.248455,,0.49538,,1214.496948,
Sample,09/10/2024 11:12,23,9365008,5.397683,8388480,0.038703,12487428,14.99323,3188966,1.040477,738.820007,578,607.552718,,0.495259,,1215.105469,
Sample,09/10/2024 11:12,23,9365019,5.397744,8388479,0.038698,12487482,14.992625,3189114,1.040526,739.22998,571.900024,607.889857,,0.496071,,1215.779663,
Sample,09/10/2024 11:12,23,9365016,5.397727,8388480,0.038703,12487502,14.992401,3188988,1.040485,739.77002,573.700012,608.333955,,0.49538,,1216.667969,
Sample,09/10/2024 11:12,23,9365001,5.397645,8388480,0.038703,12487543,14.991941,3189023,1.040496,739.900024,572.299988,608.440864,,0.495572,,1216.881714,
Sample,09/10/2024 11:12,23,9364998,5.397628,8388480,0.038703,12487588,14.991436,3189001,1.040489,739.440002,577.700012,608.062567,,0.495451,,1216.125122,
Sample,09/10/2024 11:12,23,9365002,5.39765,8388479,0.038698,12487626,14.99101,3189010,1.040492,739.179993,564.599976,607.84875,,0.495501,,1215.69751,
Sample,09/10/2024 11:12,23,9364999,5.397634,8388480,0.038703,12487668,14.990539,3189004,1.04049,738.679993,571.400024,607.437578,,0.495468,,1214.875122,
Sample,09/10/2024 11:12,23,9365007,5.397678,8388484,0.038725,12487699,14.990191,3188955,1.040474,737.5,563,606.467218,,0.495199,,1212.934448,
Sample,09/10/2024 11:12,23,9364989,5.397579,8388482,0.038714,12487749,14.989631,3189054,1.040506,736.73999,575.5,605.842228,,0.495742,,1211.684448,
Sample,09/10/2024 11:12,23,9364977,5.397513,8388476,0.038681,12487786,14.989216,3188945,1.04047,735.98999,574.400024,605.22547,,0.495144,,1210.450928,
Sample,09/10/2024 11:12,23,9364984,5.397551,8388482,0.038714,12487824,14.988789,3188998,1.040488,735.220032,566.200012,604.592299,,0.495435,,1209.18457,
Sample,09/10/2024 11:12,23,9364986,5.397562,8388482,0.038714,12487878,14.988184,3189030,1.040498,734.539978,567.5,604.033061,,0.49561,,1208.066162,
Sample,09/10/2024 11:12,23,9364977,5.397513,8388480,0.038703,12487932,14.987578,3188992,1.040486,734.130005,568.299988,603.695922,,0.495402,,1207.391846,
Sample,09/10/2024 11:12,23,9364970,5.397474,8388481,0.038709,12487980,14.98704,3188935,1.040467,733.420044,567.599976,603.11209,,0.495089,,1206.224121,
Sample,09/10/2024 11:12,23,9364972,5.397485,8388478,0.038692,12488026,14.986524,3189042,1.040502,732.420044,563.799988,602.289746,,0.495676,,1204.579468,
Sample,09/10/2024 11:12,23,9364967,5.397458,8388481,0.038709,12488068,14.986053,3189015,1.040493,731.720032,564,601.714095,,0.495528,,1203.428223,
Sample,09/10/2024 11:12,23,9364966,5.397452,8388481,0.038709,12488118,14.985492,3188970,1.040479,731.190002,569.700012,601.278229,,0.495281,,1202.556396,
Sample,09/10/2024 11:12,23,9364964,5.397441,8388482,0.038714,12488190,14.984685,3188994,1.040487,731.299988,560.799988,601.368675,,0.495413,,1202.737305,
Sample,09/10/2024 11:12,23,9364969,5.397469,8388479,0.038698,12488208,14.984483,3188989,1.040485,731.400024,570.400024,601.450939,,0.495385,,1202.901855,
Sample,09/10/2024 11:12,23,9364952,5.397375,8388478,0.038692,12488266,14.983833,3188998,1.040488,731.450012,572.700012,601.492046,,0.495435,,1202.984131,
Sample,09/10/2024 11:12,23,9364951,5.39737,8388480,0.038703,12488311,14.983328,3189059,1.040508,731.429993,570.700012,601.475583,,0.495769,,1202.951172,
Sample,09/10/2024 11:12,23,9364952,5.397375,8388478,0.038692,12488351,14.982879,3189073,1.040512,730.809998,565,600.965734,,0.495846,,1201.931519,
Sample,09/10/2024 11:12,23,9364938,5.397298,8388479,0.038698,12488406,14.982263,3188981,1.040482,729.929993,564,600.242067,,0.495342,,1200.484131,
Sample,09/10/2024 11:12,23,9364943,5.397326,8388480,0.038703,12488460,14.981657,3188994,1.040487,729.77002,574.099976,600.110514,,0.495413,,1200.221069,
Sample,09/10/2024 11:12,23,9364943,5.397326,8388483,0.03872,12488495,14.981265,3189025,1.040497,729.690002,566.700012,600.044713,,0.495583,,1200.089478,
Sample,09/10/2024 11:12,23,9364938,5.397298,8388483,0.03872,12488530,14.980872,3188993,1.040486,728.940002,577.200012,599.427955,,0.495407,,1198.855957,
Sample,09/10/2024 11:12,23,9364933,5.397271,8388478,0.038692,12488587,14.980233,3189107,1.040524,728.619995,563.900024,599.164798,,0.496032,,1198.32959,
Sample,09/10/2024 11:12,23,9364931,5.39726,8388480,0.038703,12488625,14.979807,3189039,1.040501,728.190002,568,598.811197,,0.49566,,1197.622437,
Sample,09/10/2024 11:12,23,9364928,5.397243,8388480,0.038703,12488687,14.979111,3189020,1.040495,727.400024,569.799988,598.161563,,0.495555,,1196.32312,
Sample,09/10/2024 11:12,23,9364944,5.397331,8388478,0.038692,12488729,14.97864,3188934,1.040467,726.910034,564.099976,597.758622,,0.495084,,1195.517212,
Sample,09/10/2024 11:12,23,9364928,5.397243,8388481,0.038709,12488772,14.978158,3189052,1.040506,725.820007,559.099976,596.862245,,0.495731,,1193.724487,
Sample,09/10/2024 11:12,23,9364919,5.397194,8388482,0.038714,12488815,14.977676,3188951,1.040472,724.400024,572.5,595.694531,,0.495177,,1191.389038,
Sample,09/10/2024 11:12,23,9364923,5.397216,8388486,0.038736,12488854,14.977239,3189108,1.040524,723.25,570.5,594.748815,,0.496038,,1189.497681,
Sample,09/10/2024 11:12,23,9364926,5.397232,8388484,0.038725,12488894,14.97679,3189031,1.040499,722.359985,565.099976,594.016917,,0.495616,,1188.033813,
Sample,09/10/2024 11:12,23,9364915,5.397172,8388484,0.038725,12488918,14.976521,3189010,1.040492,721.48999,569.799988,593.301481,,0.495501,,1186.602905,
Sample,09/10/2024 11:12,23,9364920,5.397199,8388481,0.038709,12488974,14.975893,3188980,1.040482,720.910034,569.299988,592.824558,,0.495336,,1185.64917,
Sample,09/10/2024 11:12,23,9364917,5.397183,8388481,0.038709,12489031,14.975254,3189022,1.040496,720.640015,565.099976,592.602509,,0.495566,,1185.205078,
Sample,09/10/2024 11:12,23,9364908,5.397133,8388481,0.038709,12489057,14.974962,3189058,1.040508,720.5,566.400024,592.487369,,0.495764,,1184.974731,
Sample,09/10/2024 11:12,23,9364914,5.397166,8388481,0.038709,12489106,14.974413,3189028,1.040498,720.849976,572.400024,592.775169,,0.495599,,1185.550293,
Sample,09/10/2024 11:12,23,9364888,5.397023,8388482,0.038714,12489138,14.974054,3188955,1.040474,721.890015,567.700012,593.630439,,0.495199,,1187.260864,
Sample,09/10/2024 11:12,23,9364905,5.397117,8388479,0.038698,12489175,14.973639,3189059,1.040508,722.660034,565.400024,594.26366,,0.495769,,1188.527344,
Sample,09/10/2024 11:12,23,9364898,5.397078,8388481,0.038709,12489225,14.973078,3189044,1.040503,723.549988,564.700012,594.995508,,0.495687,,1189.990967,
Sample,09/10/2024 11:12,23,9364899,5.397084,8388482,0.038714,12489264,14.972641,3189056,1.040507,723.72998,559.900024,595.143524,,0.495753,,1190.286987,
Sample,09/10/2024 11:13,23,9364897,5.397073,8388479,0.038698,12489281,14.97245,3188943,1.04047,724.22998,563.299988,595.554696,,0.495133,,1191.109375,
Sample,09/10/2024 11:13,23,9364885,5.397007,8388481,0.038709,12489327,14.971934,3189072,1.040512,724.609985,568.400024,595.867191,,0.495841,,1191.734375,
Sample,09/10/2024 11:13,23,9364880,5.396979,8388479,0.038698,12489368,14.971475,3189110,1.040525,724.97998,568,596.171454,,0.496049,,1192.342896,
Sample,09/10/2024 11:13,23,9364884,5.397001,8388480,0.038703,12489398,14.971138,3188942,1.040469,725.210022,566.799988,596.360627,,0.495128,,1192.721313,
Sample,09/10/2024 11:13,23,9364898,5.397078,8388482,0.038714,12489414,14.970959,3188995,1.040487,725.26001,571.5,596.401734,,0.495418,,1192.803467,
Sample,09/10/2024 11:13,23,9364893,5.397051,8388476,0.038681,12489428,14.970802,3189022,1.040496,725.289978,563,596.426379,,0.495566,,1192.852783,
Sample,09/10/2024 11:13,23,9364879,5.396974,8388483,0.03872,12489450,14.970555,3189082,1.040515,725.279968,567.5,596.418147,,0.495895,,1192.836304,
Sample,09/10/2024 11:13,23,9364866,5.396903,8388480,0.038703,12489482,14.970196,3189082,1.040515,724.720032,568.799988,595.957687,,0.495895,,1191.915405,
Sample,09/10/2024 11:13,23,9364861,5.396875,8388478,0.038692,12489503,14.969961,3189057,1.040507,724.579956,562.400024,595.842496,,0.495758,,1191.684937,
Sample,09/10/2024 11:13,23,9364860,5.39687,8388480,0.038703,12489514,14.969837,3189104,1.040523,723.809998,559.799988,595.209326,,0.496016,,1190.418701,
Sample,09/10/2024 11:13,23,9364872,5.396935,8388478,0.038692,12489521,14.969759,3189028,1.040498,723.039978,561.5,594.576105,,0.495599,,1189.152222,
Sample,09/10/2024 11:13,23,9364865,5.396897,8388478,0.038692,12489555,14.969378,3189113,1.040526,722.200012,556.599976,593.885364,,0.496065,,1187.770752,
Sample,09/10/2024 11:13,23,9364855,5.396842,8388484,0.038725,12489565,14.969265,3189084,1.040516,721.529968,564.700012,593.334357,,0.495906,,1186.668701,
Sample,09/10/2024 11:13,23,9364858,5.396859,8388480,0.038703,12489577,14.969131,3189091,1.040518,720.73999,554,592.684723,,0.495945,,1185.369507,
Sample,09/10/2024 11:13,23,9364854,5.396837,8388486,0.038736,12489615,14.968705,3189061,1.040509,719.849976,560.400024,591.952825,,0.49578,,1183.90564,
Sample,09/10/2024 11:13,23,9364856,5.396848,8388481,0.038709,12489622,14.968626,3189006,1.04049,718.859985,560.400024,591.138712,,0.495479,,1182.277466,
Sample,09/10/2024 11:13,23,9364864,5.396892,8388484,0.038725,12489626,14.968581,3189104,1.040523,718.660034,563.200012,590.974284,,0.496016,,1181.948608,
Sample,09/10/2024 11:13,23,9364855,5.396842,8388478,0.038692,12489662,14.968178,3189083,1.040516,718.679993,568.200012,590.990696,,0.495901,,1181.981445,
Sample,09/10/2024 11:13,23,9364837,5.396743,8388483,0.03872,12489669,14.968099,3189061,1.040509,718.650024,562.400024,590.966052,,0.49578,,1181.932129,
Sample,09/10/2024 11:13,23,9364835,5.396732,8388481,0.038709,12489674,14.968043,3189004,1.04049,718.940002,561.799988,591.204514,,0.495468,,1182.409058,
Sample,09/10/2024 11:13,23,9364831,5.39671,8388479,0.038698,12489703,14.967718,3189138,1.040534,718.809998,567.400024,591.097605,,0.496202,,1182.19519,
Sample,09/10/2024 11:13,23,9364824,5.396672,8388484,0.038725,12489724,14.967482,3188991,1.040486,718.450012,557.099976,590.801573,,0.495396,,1181.603149,
Sample,09/10/2024 11:13,23,9364834,5.396727,8388483,0.03872,12489747,14.967224,3189056,1.040507,718.089966,564.900024,590.505491,,0.495753,,1181.010986,
Sample,09/10/2024 11:13,23,9364834,5.396727,8388486,0.038736,12489752,14.967168,3188991,1.040486,717.440002,566,589.970998,,0.495396,,1179.942017,
Sample,09/10/2024 11:13,23,9364815,5.396622,8388478,0.038692,12489782,14.966832,3189084,1.040516,716.619995,561.599976,589.29667,,0.495906,,1178.593384,
Sample,09/10/2024 11:13,23,9364820,5.39665,8388479,0.038698,12489805,14.966574,3189099,1.040521,715.539978,572.400024,588.408524,,0.495989,,1176.817017,
Sample,09/10/2024 11:13,23,9364831,5.39671,8388474,0.03867,12489818,14.966428,3189131,1.040532,715.150024,563.900024,588.087848,,0.496164,,1176.175659,
Sample,09/10/2024 11:13,23,9364817,5.396633,8388482,0.038714,12489812,14.966496,3189120,1.040528,714.210022,562.299988,587.314843,,0.496104,,1174.629639,
Sample,09/10/2024 11:13,23,9364812,5.396606,8388471,0.038654,12489853,14.966036,3189055,1.040507,714.029968,565.799988,587.166776,,0.495747,,1174.333496,
Sample,09/10/2024 11:13,23,9364806,5.396573,8388481,0.038709,12489877,14.965767,3189047,1.040504,713.220032,564.400024,586.50073,,0.495703,,1173.001465,
Sample,09/10/2024 11:13,23,9364803,5.396556,8388480,0.038703,12489897,14.965542,3188994,1.040487,711.890015,556.599976,585.406998,,0.495413,,1170.813965,
Sample,09/10/2024 11:13,23,9364808,5.396584,8388478,0.038692,12489908,14.965419,3189120,1.040528,710.570007,555.900024,584.321498,,0.496104,,1168.642944,
Sample,09/10/2024 11:13,23,9364793,5.396501,8388479,0.038698,12489922,14.965262,3189163,1.040542,708.849976,553.400024,582.90704,,0.496339,,1165.814087,
Sample,09/10/2024 11:13,23,9364791,5.39649,8388482,0.038714,12489950,14.964948,3189132,1.040532,707.820007,554,582.060052,,0.49617,,1164.120117,
Sample,09/10/2024 11:13,23,9364794,5.396507,8388479,0.038698,12489970,14.964724,3189110,1.040525,706.429993,547.099976,580.916982,,0.496049,,1161.833984,
Sample,09/10/2024 11:13,23,9364784,5.396452,8388484,0.038725,12489975,14.964668,3189153,1.040539,704.539978,555.5,579.362739,,0.496285,,1158.725464,
Sample,09/10/2024 11:13,23,9364791,5.39649,8388480,0.038703,12490004,14.964342,3189155,1.040539,703.119995,557.5,578.195025,,0.496296,,1156.390015,
Sample,09/10/2024 11:13,23,9364792,5.396496,8388482,0.038714,12490023,14.964129,3189237,1.040566,701.98999,546.599976,577.265772,,0.496745,,1154.531494,
Sample,09/10/2024 11:13,23,9364794,5.396507,8388482,0.038714,12490045,14.963883,3189178,1.040547,701.460022,546.299988,576.829956,,0.496422,,1153.659912,
Sample,09/10/2024 11:13,23,9364779,5.396424,8388478,0.038692,12490061,14.963703,3189145,1.040536,701.410034,559.200012,576.788849,,0.496241,,1153.577637,
Sample,09/10/2024 11:13,23,9364790,5.396485,8388481,0.038709,12490079,14.963501,3189196,1.040553,701.650024,544.400024,576.986203,,0.49652,,1153.972412,
Sample,09/10/2024 11:13,23,9364780,5.39643,8388481,0.038709,12490095,14.963322,3189101,1.040522,701.779968,551.5,577.093062,,0.496,,1154.186157,
Sample,09/10/2024 11:13,23,9364782,5.396441,8388479,0.038698,12490087,14.963412,3189097,1.04052,702.339966,548.599976,577.553572,,0.495978,,1155.107178,
Sample,09/10/2024 11:13,23,9364772,5.396386,8388480,0.038703,12490137,14.962851,3189162,1.040542,702.77002,554.400024,577.907224,,0.496334,,1155.814453,
Sample,09/10/2024 11:13,23,9364772,5.396386,8388480,0.038703,12490140,14.962817,3189127,1.04053,702.440002,555.700012,577.635837,,0.496142,,1155.271729,
Sample,09/10/2024 11:13,23,9364767,5.396358,8388481,0.038709,12490146,14.96275,3189103,1.040522,701.920044,548.700012,577.208252,,0.496011,,1154.416504,
Sample,09/10/2024 11:13,23,9364768,5.396364,8388485,0.038731,12490150,14.962705,3189131,1.040532,700.97998,550.700012,576.435196,,0.496164,,1152.870361,
Sample,09/10/2024 11:13,23,9364756,5.396298,8388483,0.03872,12490173,14.962447,3189120,1.040528,699.900024,559.900024,575.547101,,0.496104,,1151.094238,
Sample,09/10/2024 11:13,23,9364754,5.396287,8388480,0.038703,12490193,14.962223,3189189,1.040551,699.01001,548.400024,574.815203,,0.496482,,1149.630371,
Sample,09/10/2024 11:13,23,9364759,5.396314,8388482,0.038714,12490199,14.962156,3189133,1.040532,698.210022,547.099976,574.157338,,0.496175,,1148.314697,
Sample,09/10/2024 11:13,23,9364759,5.396314,8388481,0.038709,12490237,14.96173,3189181,1.040548,697.559998,543.700012,573.622794,,0.496438,,1147.245605,
Sample,09/10/2024 11:13,23,9364757,5.396303,8388481,0.038709,12490246,14.961629,3189138,1.040534,696.589966,552,572.825094,,0.496202,,1145.650146,
Sample,09/10/2024 11:13,23,9364751,5.39627,8388484,0.038725,12490264,14.961427,3189115,1.040526,695.070007,551.799988,571.575165,,0.496076,,1143.150391,
Sample,09/10/2024 11:13,23,9364741,5.396215,8388486,0.038736,12490272,14.961337,3189231,1.040564,694.190002,548.599976,570.851498,,0.496712,,1141.703003,
Sample,09/10/2024 11:13,23,9364738,5.396199,8388482,0.038714,12490284,14.961203,3189134,1.040533,692.710022,555.900024,569.634445,,0.49618,,1139.268921,
Sample,09/10/2024 11:13,23,9364724,5.396122,8388480,0.038703,12490292,14.961113,3189196,1.040553,691.73999,543.099976,568.836745,,0.49652,,1137.673462,
Sample,09/10/2024 11:13,23,9364729,5.396149,8388480,0.038703,12490306,14.960956,3189168,1.040544,691.320007,549.200012,568.491375,,0.496367,,1136.982788,
Sample,09/10/2024 11:13,23,9364731,5.39616,8388483,0.03872,12490308,14.960933,3189139,1.040534,690.929993,555.5,568.170649,,0.496208,,1136.341309,
Sample,09/10/2024 11:13,23,9364729,5.396149,8388483,0.03872,12490330,14.960687,3189137,1.040534,690.660034,546.200012,567.94865,,0.496197,,1135.897339,
Sample,09/10/2024 11:13,23,9364730,5.396155,8388475,0.038676,12490338,14.960597,3189138,1.040534,690.160034,538,567.537478,,0.496202,,1135.074951,
Sample,09/10/2024 11:14,23,9364732,5.396166,8388480,0.038703,12490347,14.960496,3189227,1.040563,689.190002,550.599976,566.739778,,0.49669,,1133.479614,
Sample,09/10/2024 11:14,23,9364727,5.396138,8388476,0.038681,12490368,14.960261,3189202,1.040555,688.48999,554.299988,566.164127,,0.496553,,1132.328247,
Sample,09/10/2024 11:14,23,9364724,5.396122,8388482,0.038714,12490378,14.960148,3189153,1.040539,687.910034,546.900024,565.687204,,0.496285,,1131.37439,
Sample,09/10/2024 11:14,23,9364711,5.39605,8388485,0.038731,12490394,14.959969,3189264,1.040575,687.51001,544.700012,565.358246,,0.496893,,1130.716553,
Sample,09/10/2024 11:14,23,9364714,5.396067,8388480,0.038703,12490380,14.960126,3189231,1.040564,687.140015,545,565.053983,,0.496712,,1130.10791,
Sample,09/10/2024 11:14,23,9364715,5.396072,8388482,0.038714,12490410,14.95979,3189219,1.04056,686.400024,543.5,564.445456,,0.496646,,1128.890869,
Sample,09/10/2024 11:14,23,9364709,5.396039,8388476,0.038681,12490435,14.959509,3189239,1.040567,685.720032,545.299988,563.886268,,0.496756,,1127.772583,
Sample,09/10/2024 11:14,23,9364701,5.395995,8388484,0.038725,12490424,14.959633,3189250,1.040571,684.829956,547,563.15432,,0.496816,,1126.308594,
Sample,09/10/2024 11:14,23,9364689,5.395929,8388480,0.038703,12490453,14.959307,3189097,1.04052,683.539978,543.900024,562.093514,,0.495978,,1124.187012,
Sample,09/10/2024 11:14,23,9364699,5.395984,8388483,0.03872,12490459,14.95924,3189216,1.040559,682.539978,542.400024,561.27117,,0.49663,,1122.542358,
Sample,09/10/2024 11:14,23,9364706,5.396023,8388481,0.038709,12490462,14.959207,3189194,1.040552,681.839966,546.400024,560.695519,,0.496509,,1121.390991,
Sample,09/10/2024 11:14,23,9364693,5.395951,8388484,0.038725,12490473,14.959083,3189308,1.04059,680.890015,538.5,559.914332,,0.497134,,1119.828613,
Sample,09/10/2024 11:14,23,9364691,5.39594,8388480,0.038703,12490497,14.958814,3189247,1.04057,680.73999,539,559.790961,,0.4968,,1119.581909,
Sample,09/10/2024 11:14,23,9364687,5.395918,8388481,0.038709,12490487,14.958926,3189157,1.04054,680.72998,546.700012,559.782729,,0.496307,,1119.56543,
Sample,09/10/2024 11:14,23,9364670,5.395825,8388478,0.038692,12490514,14.958623,3189239,1.040567,680.670044,541.099976,559.733441,,0.496756,,1119.466919,
Sample,09/10/2024 11:14,23,9364682,5.395891,8388479,0.038698,12490548,14.958242,3169883,1.034205,677.789978,542.099976,557.365036,,0.388589,,1114.730103,
Sample,09/10/2024 11:14,23,9364683,5.395896,8388483,0.03872,12491382,14.94889,3189947,1.0408,699.799988,647.900024,575.464836,,0.500634,,1150.929688,
Sample,09/10/2024 11:14,23,9364675,5.395852,8388483,0.03872,12492978,14.930994,3142955,1.025355,699.720032,645.099976,575.399085,,0.23027,,1150.798218,
Sample,09/10/2024 11:14,23,9364654,5.395737,8388480,0.038703,12493948,14.920117,3155677,1.029536,1681.599976,1253.099976,1146.10668,,0.306311,,2292.213379,
Sample,09/10/2024 11:14,23,9364670,5.395825,8388479,0.038698,12495651,14.901023,3132131,1.021798,1831,1497,1352.265592,,0.163617,,2704.53125,
Sample,09/10/2024 11:14,23,9364666,5.395803,8388484,0.038725,12497754,14.877445,3072111,1.002076,1760,1366.599976,1242.04368,,-1,,2484.087402,
Sample,09/10/2024 11:14,23,9363379,5.388727,8388484,0.038725,12496875,14.8873,3074058,1.002716,34.915001,2519,2216.121215,,-1,,4432.242188,
Sample,09/10/2024 11:14,23,9363318,5.388392,8388484,0.038725,12492133,14.940469,3073677,1.00259,16.036999,2410.300049,2124.241504,,-1,,4248.48291,
Sample,09/10/2024 11:14,23,9363267,5.388111,8388479,0.038698,12488822,14.977597,3072315,1.002143,3.1254,2412.300049,2125.932024,,-1,,4251.864258,
Sample,09/10/2024 11:14,23,9363249,5.388012,8388477,0.038687,12486310,15.005769,3072394,1.002169,1.9576,2403,2118.071066,,-1,,4236.14209,
Sample,09/10/2024 11:14,23,9363222,5.387864,8388476,0.038681,12484233,15.029063,3072342,1.002152,3.073,2404.899902,2119.676977,,-1,,4239.354004,
Sample,09/10/2024 11:14,23,9363202,5.387754,8388483,0.03872,12482494,15.048568,3072266,1.002127,4.6286,2402.899902,2117.986457,,-1,,4235.973145,
Sample,09/10/2024 11:14,23,9363180,5.387633,8388484,0.038725,12481003,15.065292,3072253,1.002123,4.603,2383.199951,2101.334878,,-1,,4202.669922,
Sample,09/10/2024 11:14,23,9363175,5.387606,8388482,0.038714,12479544,15.081658,3072468,1.002193,0.5369,2338.199951,2063.298183,,-1,,4126.596191,
Sample,09/10/2024 11:14,23,9363197,5.387727,8388482,0.038714,12477930,15.099763,3072426,1.002179,0.6226,2320,2047.914494,,-1,,4095.829102,
Sample,09/10/2024 11:14,23,9363182,5.387644,8388487,0.038742,12476844,15.111946,3072615,1.002242,0.6778,2318.300049,2046.477593,,-1,,4092.955078,
Sample,09/10/2024 11:14,23,9363161,5.387529,8388480,0.038703,12476121,15.120057,3072494,1.002202,0.7369,2310.199951,2039.630905,,-1,,4079.261719,
Sample,09/10/2024 11:14,23,9363147,5.387452,8388482,0.038714,12475380,15.12837,3072602,1.002237,0.6729,2302,2032.699815,,-1,,4065.399658,
Sample,09/10/2024 11:14,23,9363127,5.387342,8388484,0.038725,12474834,15.134496,3072848,1.002318,0.6864,2281.800049,2015.625606,,-1,,4031.251221,
Sample,09/10/2024 11:14,23,9363109,5.387243,8388484,0.038725,12474214,15.141452,3072967,1.002357,0.8022,2268.800049,2004.637228,,-1,,4009.274414,
Sample,09/10/2024 11:14,23,9363111,5.387254,8388475,0.038676,12473821,15.145861,3072728,1.002279,0.7434,2274.100098,2009.117146,,-1,,4018.234375,
Sample,09/10/2024 11:14,23,9363095,5.387166,8388479,0.038698,12473507,15.149384,3072783,1.002297,1.3455,2261.600098,1998.551398,,-1,,3997.102783,
Sample,09/10/2024 11:14,23,9363043,5.38688,8388483,0.03872,12472627,15.159257,3073479,1.002525,3.1509,2260.399902,1997.536921,,-1,,3995.07373,
Sample,09/10/2024 11:14,23,9363016,5.386731,8388479,0.038698,12471121,15.176155,3074693,1.002924,0.5811,2302.5,2033.122445,,-1,,4066.244873,
Sample,09/10/2024 11:14,23,9363053,5.386935,8388483,0.03872,12469315,15.19642,3075083,1.003052,0.4462,2282.699951,2016.386258,,-1,,4032.772461,
Sample,09/10/2024 11:14,23,9363046,5.386896,8388481,0.038709,12467144,15.220781,3075216,1.003096,0.5479,2270,2005.651498,,-1,,4011.302979,
Sample,09/10/2024 11:14,23,9363041,5.386869,8388481,0.038709,12464755,15.247592,3075151,1.003075,0.5168,2265,2001.425199,,-1,,4002.850342,
Sample,09/10/2024 11:14,23,9363024,5.386775,8388480,0.038703,12462078,15.277636,3075205,1.003093,0.5026,2257.399902,1995.001141,,-1,,3990.002197,
Sample,09/10/2024 11:14,23,9363002,5.386654,8388482,0.038714,12459455,15.307078,3074232,1.002773,0.5856,2260.399902,1997.536921,,-1,,3995.07373,
Sample,09/10/2024 11:14,23,9362998,5.386632,8388476,0.038681,12457046,15.334119,3073146,1.002416,2.2203,2269.800049,2005.482488,,-1,,4010.965088,
Sample,09/10/2024 11:14,23,9362943,5.38633,8388481,0.038709,12454674,15.360748,3073297,1.002466,0.3884,2258.600098,1996.015618,,-1,,3992.03125,
Sample,09/10/2024 11:14,23,9362972,5.38649,8388479,0.038698,12452169,15.388872,3074022,1.002704,1.5971,2270.600098,2006.158737,,-1,,4012.317383,
Sample,09/10/2024 11:14,23,9362928,5.386248,8388479,0.038698,12449940,15.413899,3074234,1.002773,1.4896,2281.899902,2015.710009,,-1,,4031.419922,
Sample,09/10/2024 11:14,23,9362907,5.386132,8388478,0.038692,12448580,15.42917,3073953,1.002681,1.3294,2258.5,1995.931009,,-1,,3991.862061,
Sample,09/10/2024 11:14,23,9362907,5.386132,8388477,0.038687,12447198,15.444689,3073140,1.002414,0.3619,2232.800049,1974.207871,,-1,,3948.415771,
Sample,09/10/2024 11:14,23,9362928,5.386248,8388481,0.038709,12445921,15.45903,3073050,1.002384,0.2453,2229,1970.995842,,-1,,3941.991699,
Sample,09/10/2024 11:14,23,9364112,5.392757,8388478,0.038692,12442061,15.502382,3074275,1.002787,117.830002,589,96.885273,,-1,,193.770538,
Sample,09/10/2024 11:14,23,9364152,5.392977,8388482,0.038714,12292884,17.183563,3074743,1.002941,422.089996,2957.699951,2586.936694,,-1,,5173.873535,
Sample,09/10/2024 11:14,23,9363897,5.391575,8388479,0.038698,12118710,19.166391,3074140,1.002743,561.720032,1369.900024,1244.833079,,-1,,2489.66626,
Sample,09/10/2024 11:14,23,9363181,5.387639,8388478,0.038692,12040767,20.063123,3074642,1.002908,11.327,4285,3708.850207,,-1,,7417.700195,
Sample,09/10/2024 11:14,23,9362952,5.38638,8388482,0.038714,11998659,20.550465,3073686,1.002593,0.7763,2957,2586.345053,,-1,,5172.689941,
Sample,09/10/2024 11:14,23,9362946,5.386347,8388480,0.038703,11994104,20.603313,3075095,1.003056,0.3371,3301.399902,2877.452482,,-1,,5754.904785,
Sample,09/10/2024 11:14,23,9362939,5.386308,8388482,0.038714,12004506,20.482665,3073619,1.002571,5.5731,3080.800049,2690.98827,,-1,,5381.976562,
Sample,09/10/2024 11:14,23,9362907,5.386132,8388482,0.038714,12021733,20.28315,3074507,1.002863,0.6304,2778.800049,2435.719779,,-1,,4871.439453,
Sample,09/10/2024 11:14,23,9362909,5.386143,8388484,0.038725,12042532,20.042741,3076416,1.00349,0.3216,2456.300049,2163.12346,,-1,,4326.24707,
Sample,09/10/2024 11:15,23,9362914,5.386171,8388478,0.038692,12061076,19.828822,3076964,1.00367,4.8448,2358.600098,2080.541608,,-1,,4161.083008,
Sample,09/10/2024 11:15,23,9362860,5.385874,8388482,0.038714,12077004,19.64539,3077001,1.003683,5.4337,2271.699951,2007.088399,,-1,,4014.176758,
Sample,09/10/2024 11:15,23,9362875,5.385956,8388483,0.03872,12091241,19.481668,3077060,1.003702,5.3681,2185.800049,1934.480656,,-1,,3868.961426,
Sample,09/10/2024 11:15,23,9362838,5.385753,8388482,0.038714,12104632,19.327874,3077247,1.003763,5.2683,2168.899902,1920.195639,,-1,,3840.391357,
Sample,09/10/2024 11:15,23,9362826,5.385687,8388481,0.038709,12117186,19.183862,3077517,1.003852,5.5185,2160,1912.672909,,-1,,3825.345703,
Sample,09/10/2024 11:15,23,9362814,5.385621,8388480,0.038703,12126744,19.074327,3077377,1.003806,1.387,2167.800049,1919.265977,,-1,,3838.531982,
Sample,09/10/2024 11:15,23,9362820,5.385654,8388482,0.038714,12134654,18.983747,3077496,1.003845,5.5332,2728.199951,2392.949545,,-1,,4785.898926,
Sample,09/10/2024 11:15,23,9362802,5.385555,8388482,0.038714,12141820,18.90174,3077604,1.003881,10.343,2983.100098,2608.406419,,-1,,5216.812988,
Sample,09/10/2024 11:15,23,9362789,5.385483,8388480,0.038703,12148620,18.823969,3077604,1.003881,5.9869,3498.399902,3043.968683,,-1,,6087.9375,
Sample,09/10/2024 11:15,23,9362779,5.385428,8388482,0.038714,12155082,18.750104,3077806,1.003947,7.6165,4170.899902,3612.405969,,-1,,7224.812012,
Sample,09/10/2024 11:15,23,9362784,5.385456,8388477,0.038687,12161759,18.673823,3077774,1.003937,9.3734,4633.600098,4003.507892,,-1,,8007.015625,
Sample,09/10/2024 11:15,23,9362759,5.385318,8388481,0.038709,12168147,18.600883,3077738,1.003925,12.009001,4815.399902,4157.175978,,-1,,8314.351562,
Sample,09/10/2024 11:15,23,9362754,5.385291,8388480,0.038703,12171668,18.560695,3077776,1.003937,13.51,5222,4500.858737,,-1,,9001.717773,
Sample,09/10/2024 11:15,23,9362737,5.385198,8388482,0.038714,12174999,18.522687,3077939,1.003991,6.6064,5340.600098,4601.106645,,-1,,9202.212891,
Sample,09/10/2024 11:15,23,9362704,5.385016,8388478,0.038692,12181913,18.443827,3076573,1.003542,15.157,3899.600098,3383.087122,,-1,,6766.174316,
Sample,09/10/2024 11:15,23,9362723,5.385121,8388477,0.038687,12191130,18.338765,3077173,1.003739,0.2655,4386.799805,3794.8975,,-1,,7589.794922,
Sample,09/10/2024 11:15,23,9362752,5.38528,8388479,0.038698,12199611,18.24216,3078093,1.004041,0.2473,3696.399902,3211.330144,,-1,,6422.660156,
Sample,09/10/2024 11:15,23,9362746,5.385247,8388479,0.038698,12207076,18.157179,3075626,1.003231,2.0982,2915.600098,2551.351375,,-1,,5102.702637,
Sample,09/10/2024 11:15,23,9362714,5.385071,8388480,0.038703,12214329,18.074657,3076610,1.003554,0.9343,2348.899902,2072.342422,,-1,,4144.685059,
Sample,09/10/2024 11:15,23,9362731,5.385165,8388481,0.038709,12221282,17.99559,3078260,1.004096,0.167,2198.399902,1945.130807,,-1,,3890.261719,
Sample,09/10/2024 11:15,23,9362728,5.385148,8388482,0.038714,12227678,17.922892,3078319,1.004116,0.1501,2156.699951,1909.88351,,-1,,3819.76709,
Sample,09/10/2024 11:15,23,9362707,5.385033,8388480,0.038703,12233745,17.853964,3078563,1.004196,0.1739,2135.5,1891.964041,,-1,,3783.927979,
Sample,09/10/2024 11:15,23,9362702,5.385005,8388484,0.038725,12239283,17.791072,3076357,1.003471,0.2608,2126.600098,1884.441311,,-1,,3768.882568,
Sample,09/10/2024 11:15,23,9362703,5.385011,8388486,0.038736,12244373,17.733289,3076142,1.0034,23.049999,2215.600098,1959.669442,,-1,,3919.338867,
Sample,09/10/2024 11:15,23,9362656,5.384752,8388482,0.038714,12249718,17.672633,3075977,1.003346,0.1916,2109.300049,1869.818273,,-1,,3739.636475,
Sample,09/10/2024 11:15,23,9362669,5.384824,8388482,0.038714,12254954,17.613235,3075967,1.003343,0.4135,2106.899902,1867.789525,,-1,,3735.579102,
Sample,09/10/2024 11:15,23,9362664,5.384796,8388485,0.038731,12259818,17.558077,3076019,1.00336,0.4626,2108.100098,1868.804002,,-1,,3737.60791,
Sample,09/10/2024 11:15,23,9362666,5.384807,8388476,0.038681,12264455,17.505509,3076239,1.003432,0.5,2107.399902,1868.212155,,-1,,3736.424316,
Sample,09/10/2024 11:15,23,9362657,5.384758,8388485,0.038731,12268867,17.455506,3076344,1.003467,0.6184,2106.899902,1867.789525,,-1,,3735.579102,
Sample,09/10/2024 11:15,23,9362639,5.384659,8388484,0.038725,12272914,17.409653,3076261,1.00344,0.5885,2106.199951,1867.197885,,-1,,3734.395752,
Sample,09/10/2024 11:15,23,9362634,5.384631,8388484,0.038725,12276318,17.371095,3075163,1.003079,0.1299,2102.199951,1863.816845,,-1,,3727.633789,
Sample,09/10/2024 11:15,23,9362633,5.384626,8388482,0.038714,12280086,17.328423,3076432,1.003496,0.1319,2103.300049,1864.746713,,-1,,3729.493408,
Sample,09/10/2024 11:15,23,9362625,5.384582,8388484,0.038725,12283344,17.291535,3075609,1.003225,0.1302,2099.199951,1861.281065,,-1,,3722.562012,
Sample,09/10/2024 11:15,23,9362610,5.384499,8388477,0.038687,12286497,17.255843,3076189,1.003416,0.2582,2099.600098,1861.619293,,-1,,3723.238525,
Sample,09/10/2024 11:15,23,9362623,5.384571,8388481,0.038709,12289253,17.22465,3076593,1.003549,0.4704,2114.899902,1874.551605,,-1,,3749.103271,
Sample,09/10/2024 11:15,23,9362599,5.384439,8388483,0.03872,12291597,17.198125,3075559,1.003209,0.1822,2096.399902,1858.914296,,-1,,3717.828613,
Sample,09/10/2024 11:15,23,9362591,5.384395,8388477,0.038687,12294074,17.170099,3077622,1.003887,35.207001,2696.5,2366.154848,,-1,,4732.30957,
Sample,09/10/2024 11:15,23,9362552,5.38418,8388482,0.038714,12296309,17.144815,3077863,1.003966,76.538002,2905.800049,2543.067787,,-1,,5086.135742,
Sample,09/10/2024 11:15,23,9362548,5.384158,8388477,0.038687,12298212,17.123289,3078098,1.004043,5.0205,2287.800049,2020.697166,,-1,,4041.394287,
Sample,09/10/2024 11:15,23,9362555,5.384197,8388484,0.038725,12299908,17.104107,3078205,1.004078,5.3295,2286.600098,2019.682895,,-1,,4039.365723,
Sample,09/10/2024 11:15,23,9362542,5.384125,8388481,0.038709,12301510,17.08599,3078378,1.004135,6.896,2328.600098,2055.183811,,-1,,4110.367676,
Sample,09/10/2024 11:15,23,9362539,5.384109,8388479,0.038698,12303007,17.069062,3078370,1.004132,6.5309,2312.600098,2041.659653,,-1,,4083.319336,
Sample,09/10/2024 11:15,23,9362525,5.384032,8388480,0.038703,12304249,17.055018,3078601,1.004208,6.0004,2311.100098,2040.391763,,-1,,4080.783447,
Sample,09/10/2024 11:15,23,9362508,5.383939,8388479,0.038698,12305341,17.042672,3078567,1.004197,6.3255,2310.699951,2040.053535,,-1,,4080.107178,
Sample,09/10/2024 11:15,23,9362507,5.383933,8388482,0.038714,12306391,17.030801,3078380,1.004136,6.4293,2320.100098,2047.999102,,-1,,4095.998291,
Sample,09/10/2024 11:15,23,9362510,5.38395,8388478,0.038692,12307335,17.020129,3078534,1.004186,7.1502,2330.300049,2056.620712,,-1,,4113.241211,
Sample,09/10/2024 11:15,23,9362496,5.383873,8388480,0.038703,12308218,17.010147,3078425,1.004151,8.266901,2354.600098,2077.160569,,-1,,4154.321289,
Sample,09/10/2024 11:15,23,9362505,5.383922,8388479,0.038698,12309078,17.000426,3078304,1.004111,7.9221,2345.600098,2069.55323,,-1,,4139.106445,
Sample,09/10/2024 11:15,23,9362497,5.383878,8388483,0.03872,12309832,16.991903,3078519,1.004181,4.532701,2282.5,2016.217247,,-1,,4032.43457,
Sample,09/10/2024 11:15,23,9362465,5.383702,8388481,0.038709,12310605,16.983166,3078362,1.00413,4.1236,2273,2008.187278,,-1,,4016.374512,
Sample,09/10/2024 11:15,23,9362485,5.383812,8388475,0.038676,12311474,16.973344,3078511,1.004179,22.836002,2451.699951,2159.235182,,-1,,4318.470215,
Sample,09/10/2024 11:15,23,9362462,5.383686,8388480,0.038703,12311670,16.971129,3077863,1.003966,15.436,2376.399902,2095.58707,,-1,,4191.174316,
Sample,09/10/2024 11:15,23,9362477,5.383768,8388485,0.038731,12311897,16.968564,3078194,1.004075,16.881001,2397,2112.999506,,-1,,4225.999023,
Sample,09/10/2024 11:15,23,9362444,5.383587,8388478,0.038692,12312184,16.96532,3077157,1.003734,30.598999,2440.600098,2149.852921,,-1,,4299.706055,
Sample,09/10/2024 11:15,23,9362445,5.383592,8388480,0.038703,12312436,16.962472,3075846,1.003303,2.0808,2141.199951,1896.781981,,-1,,3793.563965,
Sample,09/10/2024 11:15,23,9362423,5.383471,8388482,0.038714,12312937,16.95681,3075738,1.003268,0.6352,2109.199951,1869.733664,,-1,,3739.467285,
Sample,09/10/2024 11:15,23,9362456,5.383653,8388479,0.038698,12313579,16.949555,3077130,1.003725,0.7343,2126.399902,1884.272093,,-1,,3768.544189,
Sample,09/10/2024 11:15,23,9362444,5.383587,8388477,0.038687,12314038,16.944368,3074566,1.002883,0.3344,2107.699951,1868.465774,,-1,,3736.931641,
Sample,09/10/2024 11:15,23,9362444,5.383587,8388478,0.038692,12314371,16.940605,3073901,1.002664,0.7321,2110.399902,1870.747935,,-1,,3741.49585,
Sample,09/10/2024 11:15,23,9362433,5.383526,8388477,0.038687,12314849,16.935204,3075239,1.003104,0.5802,2106.800049,1867.705123,,-1,,3735.410156,
Sample,09/10/2024 11:16,23,9362437,5.383548,8388483,0.03872,12315017,16.933306,3074390,1.002825,4.2669,2140.899902,1896.528362,,-1,,3793.056641,
Sample,09/10/2024 11:16,23,9362389,5.383284,8388482,0.038714,12315148,16.931826,3074224,1.00277,0.189,2100.600098,1862.464553,,-1,,3724.929199,
Sample,09/10/2024 11:16,23,9362414,5.383422,8388479,0.038698,12315770,16.924797,3074273,1.002786,0.2078,2101.600098,1863.309813,,-1,,3726.619629,
Sample,09/10/2024 11:16,23,9362408,5.383389,8388481,0.038709,12316573,16.915724,3074379,1.002821,0.1971,2104.300049,1865.591973,,-1,,3731.183838,
Sample,09/10/2024 11:16,23,9362402,5.383356,8388482,0.038714,12317266,16.907895,3073235,1.002445,0.7701,2111.699951,1871.846814,,-1,,3743.693604,
Sample,09/10/2024 11:16,23,9362401,5.38335,8388474,0.03867,12317903,16.900698,3073841,1.002644,0.392,2106.699951,1867.620515,,-1,,3735.240967,
Sample,09/10/2024 11:16,23,9362410,5.3834,8388481,0.038709,12318437,16.894665,3073554,1.00255,0.6624,2110.899902,1871.170565,,-1,,3742.341064,
Sample,09/10/2024 11:16,23,9362387,5.383273,8388481,0.038709,12318790,16.890677,3073896,1.002662,0.6612,2111.199951,1871.424184,,-1,,3742.848389,
Sample,09/10/2024 11:16,23,9362367,5.383163,8388478,0.038692,12319260,16.885367,3074268,1.002785,0.2344,2104.600098,1865.845593,,-1,,3731.691162,
Sample,09/10/2024 11:16,23,9362362,5.383136,8388480,0.038703,12319875,16.87842,3073653,1.002583,0.311,2104.100098,1865.422963,,-1,,3730.845947,
Sample,09/10/2024 11:16,23,9362386,5.383268,8388472,0.038659,12320567,16.870603,3073961,1.002684,0.2764,2106,1867.028874,,-1,,3734.057861,
Sample,09/10/2024 11:16,23,9362355,5.383097,8388484,0.038725,12321268,16.862685,3074071,1.00272,0.2844,2106.199951,1867.197885,,-1,,3734.395752,
Sample,09/10/2024 11:16,23,9362361,5.38313,8388483,0.03872,12322078,16.853535,3074487,1.002857,0.2989,2108.399902,1869.057415,,-1,,3738.114746,
Sample,09/10/2024 11:16,23,9362363,5.383141,8388478,0.038692,12322836,16.844974,3074164,1.00275,84.669998,2601.300049,2285.686146,,-1,,4571.37207,
Sample,09/10/2024 11:16,23,9362332,5.382971,8388476,0.038681,12323290,16.839846,3074515,1.002866,2.7351,2190.399902,1938.368727,,-1,,3876.737549,
Sample,09/10/2024 11:16,23,9362295,5.382767,8388481,0.038709,12323715,16.835046,3074675,1.002918,0.3447,2117.199951,1876.495744,,-1,,3752.991455,
Sample,09/10/2024 11:16,23,9362336,5.382993,8388481,0.038709,12324095,16.830755,3074546,1.002876,0.344,2115,1874.636213,,-1,,3749.272461,
Sample,09/10/2024 11:16,23,9362331,5.382965,8388481,0.038709,12324573,16.825356,3074558,1.00288,0.3325,2117.5,1876.749363,,-1,,3753.498779,
Sample,09/10/2024 11:16,23,9362316,5.382883,8388479,0.038698,12325058,16.819879,3074412,1.002832,0.2879,2112.899902,1872.861085,,-1,,3745.722168,
Sample,09/10/2024 11:16,23,9362316,5.382883,8388480,0.038703,12325505,16.814831,3074310,1.002798,56.792999,2377,2096.094308,,-1,,4192.188477,
Sample,09/10/2024 11:16,23,9362303,5.382811,8388481,0.038709,12325366,16.816401,3074376,1.00282,0.9977,2136.199951,1892.555682,,-1,,3785.111328,
Sample,09/10/2024 11:16,23,9362305,5.382822,8388482,0.038714,12324435,16.826915,3074479,1.002854,0.0294,2100.199951,1862.126325,,-1,,3724.252686,
Sample,09/10/2024 11:16,23,9362289,5.382734,8388479,0.038698,12323997,16.831861,3074476,1.002853,0.063,2101.300049,1863.056194,,-1,,3726.112305,
Sample,09/10/2024 11:16,23,9362282,5.382696,8388487,0.038742,12324151,16.830122,3074586,1.002889,0.0417,2099.600098,1861.619293,,-1,,3723.238525,
Sample,09/10/2024 11:16,23,9362288,5.382729,8388480,0.038703,12324423,16.82705,3074475,1.002853,0.0203,2099.899902,1861.872706,,-1,,3723.745361,
Sample,09/10/2024 11:16,23,9362271,5.382636,8388479,0.038698,12324828,16.822476,3074490,1.002858,0.0276,2101.399902,1863.140596,,-1,,3726.28125,
Sample,09/10/2024 11:16,23,9362279,5.38268,8388481,0.038709,12325270,16.817485,3074532,1.002871,0.0296,2102.300049,1863.901454,,-1,,3727.802979,
Sample,09/10/2024 11:16,23,9362270,5.38263,8388480,0.038703,12325665,16.813024,3074496,1.00286,0.0382,2100.5,1862.379944,,-1,,3724.76001,
Sample,09/10/2024 11:16,23,9362282,5.382696,8388478,0.038692,12326027,16.808936,3074382,1.002822,0.0281,2097.800049,1860.097784,,-1,,3720.195557,
Sample,09/10/2024 11:16,23,9360998,5.375637,8388479,0.038698,12326429,16.804397,3074526,1.002869,0.0221,2101.699951,1863.394215,,-1,,3726.78833,
Sample,09/10/2024 11:16,23,9360174,5.371106,8388482,0.038714,12326855,16.799586,3074464,1.002849,0.038,2101.399902,1863.140596,,-1,,3726.28125,
Sample,09/10/2024 11:16,23,9360066,5.370513,8388476,0.038681,12327293,16.79464,3074461,1.002848,0.0252,2100.100098,1862.041923,,-1,,3724.08374,
Sample,09/10/2024 11:16,23,9359960,5.36993,8388481,0.038709,12327648,16.790632,3074467,1.00285,0.0222,2099.300049,1861.365674,,-1,,3722.731445,
Sample,09/10/2024 11:16,23,9359870,5.369435,8388477,0.038687,12328018,16.786454,3074478,1.002854,0.03,2100.600098,1862.464553,,-1,,3724.929199,
Sample,09/10/2024 11:16,23,9359813,5.369122,8388478,0.038692,12328382,16.782344,3074423,1.002836,0.0346,2099.800049,1861.788304,,-1,,3723.57666,
Sample,09/10/2024 11:16,23,9359748,5.368764,8388481,0.038709,12328707,16.778674,3074397,1.002827,0.0288,2101.399902,1863.140596,,-1,,3726.28125,
Sample,09/10/2024 11:16,23,9359669,5.36833,8388476,0.038681,12329037,16.774948,3074519,1.002867,0.02,2100.300049,1862.210934,,-1,,3724.421875,
Sample,09/10/2024 11:16,23,9359624,5.368083,8388481,0.038709,12329311,16.771855,3074454,1.002846,0.0348,2100.5,1862.379944,,-1,,3724.76001,
Sample,09/10/2024 11:16,23,9359563,5.367747,8388480,0.038703,12329554,16.769111,3074498,1.00286,0.0306,2101.199951,1862.971585,,-1,,3725.943115,
Sample,09/10/2024 11:16,23,9359523,5.367527,8388480,0.038703,12329747,16.766932,3074488,1.002857,0.0196,2099.600098,1861.619293,,-1,,3723.238525,
Sample,09/10/2024 11:16,23,9359471,5.367241,8388484,0.038725,12329921,16.764968,3074302,1.002796,0.0254,2099.600098,1861.619293,,-1,,3723.238525,
Sample,09/10/2024 11:16,23,9359431,5.367022,8388476,0.038681,12330149,16.762394,3074351,1.002812,0.0293,2100.300049,1862.210934,,-1,,3724.421875,
Sample,09/10/2024 11:16,23,9359383,5.366758,8388478,0.038692,12330338,16.76026,3074351,1.002812,0.0236,2099.300049,1861.365674,,-1,,3722.731445,
Sample,09/10/2024 11:16,23,9359335,5.366494,8388480,0.038703,12330502,16.758408,3074389,1.002824,0.0189,2099.300049,1861.365674,,-1,,3722.731445,
Sample,09/10/2024 11:16,23,9359308,5.366345,8388477,0.038687,12330667,16.756545,3074302,1.002796,0.0276,2099.100098,1861.196663,,-1,,3722.393311,
Sample,09/10/2024 11:16,23,9359250,5.366026,8388481,0.038709,12330787,16.755191,3074333,1.002806,0.0359,2099.100098,1861.196663,,-1,,3722.393311,
Sample,09/10/2024 11:16,23,9359229,5.365911,8388478,0.038692,12330903,16.753881,3074263,1.002783,0.023,2098.699951,1860.858435,,-1,,3721.716797,
Sample,09/10/2024 11:16,23,9359174,5.365609,8388476,0.038681,12331014,16.752628,3074283,1.00279,0.0182,2099.300049,1861.365674,,-1,,3722.731445,
Sample,09/10/2024 11:16,23,9359113,5.365273,8388485,0.038731,12331156,16.751025,3074332,1.002806,0.0349,2099.5,1861.534685,,-1,,3723.069336,
Sample,09/10/2024 11:16,23,9359097,5.365185,8388480,0.038703,12331330,16.749061,3074313,1.002799,0.0272,2099.199951,1861.281065,,-1,,3722.562012,
Sample,09/10/2024 11:16,23,9359078,5.365081,8388472,0.038659,12331521,16.746904,3074223,1.00277,0.0215,2099.899902,1861.872706,,-1,,3723.745361,
Sample,09/10/2024 11:16,23,9359050,5.364927,8388478,0.038692,12331683,16.745076,3074247,1.002778,0.0306,2097.800049,1860.097784,,-1,,3720.195557,
