VERSION,5.2,AQUAtalk:V4.42,OS:V6.2
LOGGER TYPE,AQUAlogger 310TYPT5 max50m 
LOGGER,2554-327
REGIME
REGIME TITLE, Logging Mode, Start At, Burst Mode, Interval, Samples Per Burst, Within Burst Sample Rate, Samples Per Average, Intermittent Logging, Hours per Day, Days per Month, Months per Year
SPM_stock_calibration, Instant Start, NA,Disabled, 1.000000 Seconds,NA, NA, 1, Disabled, NA, NA, NA, NA
[LOGGER CHANNEL 0],Disabled


[LOGGER CHANNEL 1],Disabled


[LOGGER CHANNEL 2],Battery        ,06/03/2023
COEFFS, -46.089977, 5.4978768e-06, 0, 0, 0
Channel Setup, Not Averaged, Gain x1, Interval Multiplier x1
[LOGGER CHANNEL 3],Ext Power      ,06/03/2023
COEFFS, -45.999802, 5.4883012e-06, 0, 0, 0
Channel Setup, Not Averaged, Gain x1, Interval Multiplier x1
[LOGGER CHANNEL 4],Temperature    ,13/03/2023
COEFFS, 967.58575, -0.00022002781, 1.9068084e-11, -7.0580938e-19, 8.0592888e-27
Channel Setup, Not Averaged, Gain x1, Interval Multiplier x1
[LOGGER CHANNEL 5],Pressure       ,09/03/2023
COEFFS, -0.0026125142, 3.2540086e-07, 5.6441919e-16, -1.0555092e-23, 0
Channel Setup, Not Averaged, Gain x1, Interval Multiplier x1
[LOGGER CHANNEL 6],Turbidity,09/03/2023
COEFFS Raw1, -0.011529949, 0.82234406, 0, 0, 0,COEFFS Raw2, 86.911514, 0.8452599, 0, 0, 0,Transition Raw2,1080.2458
Channel Setup, Not Averaged, Gain x1, Keep Powered, Interval Multiplier x1
[LOGGER CHANNEL 7],Disabled


[LOGGER CHANNEL 8],Depth       ,Not Calibrated
COEFFS, 51.507366, 1.0135, 1, 0, 0
Channel Setup, Not Averaged, Gain x5
[LOGGER CHANNEL 9],SSC         ,User Cal Req'd
COEFFS, 0, 2, 0, 0, 0
Channel Setup, Not Averaged, Gain x1
START TIME, 16/10/2024 16:17:17
STOP TIME, 16/10/2024 17:01:18
HEADING, Timecode,,Battery        , , Ext Power      , , Temperature    , , Pressure       , , Turbidity, , , Depth       , , SSC         , , 
UNITS, [dd/MM/yyyy HH:mm:ss],[ms], Raw, V      , Raw, V      , Raw, °C     , Raw, bar    , Raw1,Raw2, FTU    , Raw, m      , Raw, mg/l   , 
Sample,16/10/2024 16:17:22,23,9360405,5.372376,8388489,0.038753,11919929,21.467700,3108661,1.014086,0.019200,2141.300049,1896.866590,,0.011965,,3793.733154,
Sample,16/10/2024 16:17:23,23,9360340,5.372019,8388486,0.038736,11919858,21.468531,3108655,1.014084,0.047500,2143.500000,1898.726120,,0.011925,,3797.452148,
Sample,16/10/2024 16:17:24,23,9360293,5.371761,8388488,0.038747,11919778,21.469467,3108683,1.014093,0.050000,2140.300049,1896.021330,,0.012112,,3792.042725,
Sample,16/10/2024 16:17:25,23,9360279,5.371684,8388479,0.038698,11919734,21.469982,3108700,1.014099,0.047400,2141.600098,1897.120209,,0.012226,,3794.240479,
Sample,16/10/2024 16:17:26,23,9360214,5.371326,8388483,0.038720,11919884,21.468226,3108575,1.014058,0.178600,2143.399902,1898.641512,,0.011389,,3797.282959,
Sample,16/10/2024 16:17:27,23,9360271,5.371640,8388483,0.038720,11920208,21.464434,3108667,1.014088,0.426800,2144.000000,1899.148750,,0.012005,,3798.297607,
Sample,16/10/2024 16:17:28,23,9360248,5.371513,8388476,0.038681,11920477,21.461286,3108610,1.014069,13.008000,2226.699951,1969.051703,,0.011624,,3938.103516,
Sample,16/10/2024 16:17:29,23,9360231,5.371420,8388481,0.038709,11920718,21.458466,3108608,1.014068,12.014000,2225.300049,1967.868422,,0.011610,,3935.736816,
Sample,16/10/2024 16:17:30,23,9360194,5.371216,8388482,0.038714,11920726,21.458372,3108671,1.014089,11.996000,2223.800049,1966.600532,,0.012032,,3933.201172,
Sample,16/10/2024 16:17:31,23,9360163,5.371046,8388479,0.038698,11920698,21.458700,3108607,1.014068,11.934999,2223.300049,1966.177902,,0.011604,,3932.355713,
Sample,16/10/2024 16:17:32,23,9360127,5.370848,8388485,0.038731,11920681,21.458899,3108678,1.014091,11.990000,2223.800049,1966.600532,,0.012079,,3933.201172,
Sample,16/10/2024 16:17:33,23,9360096,5.370678,8388485,0.038731,11920765,21.457916,3108621,1.014073,11.963000,2225.000000,1967.614803,,0.011697,,3935.229492,
Sample,16/10/2024 16:17:34,23,9360077,5.370573,8388479,0.038698,11920852,21.456898,3108538,1.014045,11.988001,2223.100098,1966.008891,,0.011142,,3932.017822,
Sample,16/10/2024 16:17:35,23,9360057,5.370463,8388478,0.038692,11920868,21.456711,3108622,1.014073,11.987000,2224.000000,1966.769543,,0.011704,,3933.539062,
Sample,16/10/2024 16:17:36,23,9360024,5.370282,8388480,0.038703,11920818,21.457296,3108635,1.014077,11.979000,2221.199951,1964.402774,,0.011791,,3928.805664,
Sample,16/10/2024 16:17:37,23,9359991,5.370100,8388482,0.038714,11920824,21.457226,3108684,1.014093,11.958000,2222.500000,1965.501653,,0.012119,,3931.003418,
Sample,16/10/2024 16:17:38,23,9359949,5.369869,8388479,0.038698,11920880,21.456570,3108614,1.014070,11.958000,2220.899902,1964.149154,,0.011650,,3928.298340,
Sample,16/10/2024 16:17:39,23,9359927,5.369748,8388478,0.038692,11920909,21.456231,3108669,1.014088,11.990999,2221.600098,1964.741001,,0.012018,,3929.481934,
Sample,16/10/2024 16:17:40,23,9359904,5.369622,8388484,0.038725,11920996,21.455213,3108598,1.014065,11.958000,2222.600098,1965.586261,,0.011543,,3931.172607,
Sample,16/10/2024 16:17:41,23,9359877,5.369474,8388483,0.038720,11921016,21.454979,3108601,1.014066,12.588000,2225.699951,1968.206443,,0.011563,,3936.412842,
Sample,16/10/2024 16:17:42,23,9359851,5.369331,8388483,0.038720,11921030,21.454815,3108588,1.014062,12.063001,2222.500000,1965.501653,,0.011476,,3931.003418,
Sample,16/10/2024 16:17:43,23,9359812,5.369116,8388483,0.038720,11921027,21.454850,3108650,1.014082,27.279999,2199.300049,1945.891664,,0.011891,,3891.783447,
Sample,16/10/2024 16:17:44,23,9359773,5.368902,8388481,0.038709,11921366,21.450883,3107677,1.013762,0.139100,2146.500000,1901.261900,,0.005369,,3802.523682,
Sample,16/10/2024 16:17:45,23,9359731,5.368671,8388475,0.038676,11922182,21.441335,3107556,1.013723,4.553200,830.900024,3.732767,,0.004557,,7.465535,
Sample,16/10/2024 16:17:46,23,9359694,5.368467,8388481,0.038709,12002265,20.508646,3109864,1.014481,11.708000,-113.400002,9.616475,,0.020001,,19.232948,
Sample,16/10/2024 16:17:47,23,9359660,5.368281,8388474,0.038670,12199383,18.244756,3114038,1.015853,11.890000,-114.099998,9.766141,,0.047650,,19.532282,
Sample,16/10/2024 16:17:48,23,9359637,5.368154,8388478,0.038692,12365239,16.366599,3116984,1.016821,13.136999,-115.500000,10.791603,,0.066953,,21.583206,
Sample,16/10/2024 16:17:49,23,9359581,5.367846,8388477,0.038687,12469907,15.189777,3118157,1.017206,13.670000,-113.599998,11.229913,,0.074591,,22.459827,
Sample,16/10/2024 16:17:50,23,9359534,5.367588,8388481,0.038709,12526703,14.553012,3118628,1.017361,14.093000,-113.300003,11.577765,,0.077650,,23.155531,
Sample,16/10/2024 16:17:51,23,9359533,5.367582,8388476,0.038681,12556836,14.215543,3117621,1.017030,12.936000,-115.300003,10.626313,,0.071104,,21.252626,
Sample,16/10/2024 16:17:52,23,9359501,5.367406,8388484,0.038725,12594067,13.798838,3118864,1.017439,14.761000,-115.900002,12.127091,,0.079182,,24.254181,
Sample,16/10/2024 16:17:53,23,9359474,5.367258,8388482,0.038714,12627072,13.429600,3120699,1.018042,23.971001,-105.199997,19.700880,,0.091052,,39.401760,
Sample,16/10/2024 16:17:54,23,9359434,5.367038,8388478,0.038692,12652638,13.143649,3119999,1.017812,30.738998,-97.470001,25.266503,,0.086532,,50.533005,
Sample,16/10/2024 16:17:55,23,9359396,5.366829,8388476,0.038681,12668009,12.971740,3119933,1.017790,31.836002,-95.949997,26.168618,,0.086105,,52.337234,
Sample,16/10/2024 16:17:56,23,9359389,5.366791,8388479,0.038698,12672619,12.920183,3119701,1.017714,31.926001,-95.050003,26.242627,,0.084604,,52.485256,
Sample,16/10/2024 16:17:57,23,9359342,5.366532,8388481,0.038709,12671733,12.930092,3119785,1.017741,31.816000,-94.919998,26.152169,,0.085148,,52.304337,
Sample,16/10/2024 16:17:58,23,9359328,5.366455,8388478,0.038692,12669518,12.954864,3111212,1.014924,13.610001,-118.800003,11.180573,,0.028969,,22.361147,
Sample,16/10/2024 16:17:59,23,9359365,5.366659,8388479,0.038698,12678709,12.852074,3106474,1.013367,61.344002,307.899994,50.434346,,-1.000000,,100.868690,
Sample,16/10/2024 16:18:00,23,9359291,5.366252,8388480,0.038703,12683419,12.799398,3109793,1.014458,42.855000,-93.520004,35.230025,,0.019527,,70.460052,
Sample,16/10/2024 16:18:01,23,9359265,5.366109,8388480,0.038703,12697144,12.645897,3115992,1.016495,36.783001,-92.529999,30.236753,,0.060472,,60.473507,
Sample,16/10/2024 16:18:02,23,9359238,5.365960,8388477,0.038687,12703694,12.572638,3120296,1.017909,31.493000,-94.220001,25.886552,,0.088451,,51.773102,
Sample,16/10/2024 16:18:03,23,9359215,5.365834,8388481,0.038709,12707540,12.529622,3120259,1.017897,37.278999,-85.750000,30.644634,,0.088212,,61.289268,
Sample,16/10/2024 16:18:04,23,9359195,5.365724,8388483,0.038720,12707451,12.530617,3120348,1.017926,48.772003,-82.169998,40.095837,,0.088787,,80.191673,
Sample,16/10/2024 16:18:05,23,9359167,5.365570,8388479,0.038698,12706070,12.546064,3120199,1.017877,73.461998,-66.120003,60.399508,,0.087824,,120.799019,
Sample,16/10/2024 16:18:06,23,9359159,5.365526,8388481,0.038709,12703536,12.574406,3120067,1.017834,109.469994,-56.959999,90.010470,,0.086971,,180.020935,
Sample,16/10/2024 16:18:07,23,9359116,5.365290,8388478,0.038692,12700076,12.613104,3120130,1.017855,130.430008,-47.389999,107.246813,,0.087378,,214.493622,
Sample,16/10/2024 16:18:08,23,9359096,5.365180,8388480,0.038703,12696065,12.657964,3120173,1.017869,148.369995,-34.029999,121.999655,,0.087656,,243.999313,
Sample,16/10/2024 16:18:09,23,9359070,5.365037,8388476,0.038681,12692321,12.699838,3120088,1.017841,168.209991,-20.560001,138.314958,,0.087107,,276.629913,
Sample,16/10/2024 16:18:10,23,9359065,5.365009,8388481,0.038709,12689837,12.727619,3120206,1.017880,189.839996,-19.539999,156.102264,,0.087869,,312.204529,
Sample,16/10/2024 16:18:11,23,9359031,5.364822,8388481,0.038709,12688669,12.740682,3120087,1.017840,179.529999,-19.000000,147.623899,,0.087100,,295.247803,
Sample,16/10/2024 16:18:12,23,9359010,5.364707,8388482,0.038714,12687996,12.748209,3120038,1.017824,168.369995,-21.850000,138.446536,,0.086784,,276.893066,
Sample,16/10/2024 16:18:13,23,9358974,5.364509,8388479,0.038698,12687073,12.758532,3120136,1.017857,161.720001,-23.780001,132.977953,,0.087417,,265.955902,
Sample,16/10/2024 16:18:14,23,9358975,5.364515,8388485,0.038731,12685935,12.771259,3120199,1.017877,171.990005,-25.530001,141.423430,,0.087824,,282.846863,
Sample,16/10/2024 16:18:15,23,9358952,5.364388,8388478,0.038692,12684804,12.783908,3120209,1.017881,181.209991,-15.900000,149.005431,,0.087889,,298.010864,
Sample,16/10/2024 16:18:16,23,9358916,5.364190,8388484,0.038725,12683864,12.794421,3120100,1.017845,180.309998,-20.549999,148.265326,,0.087184,,296.530640,
Sample,16/10/2024 16:18:17,23,9358921,5.364218,8388474,0.038670,12683043,12.803603,3120106,1.017847,183.709991,-23.360001,151.061291,,0.087223,,302.122589,
Sample,16/10/2024 16:18:18,23,9358891,5.364053,8388481,0.038709,12682319,12.811700,3120085,1.017840,179.869995,-19.480000,147.903493,,0.087088,,295.806976,
Sample,16/10/2024 16:18:19,23,9358848,5.363816,8388481,0.038709,12681671,12.818947,3119985,1.017807,171.509995,-23.039999,141.028696,,0.086441,,282.057404,
Sample,16/10/2024 16:18:20,23,9358836,5.363750,8388479,0.038698,12681077,12.825590,3120184,1.017872,162.970001,-27.920002,134.005883,,0.087727,,268.011780,
Sample,16/10/2024 16:18:21,23,9358813,5.363624,8388477,0.038687,12680441,12.832703,3120031,1.017822,158.980011,-28.529999,130.724738,,0.086738,,261.449463,
Sample,16/10/2024 16:18:22,23,9358804,5.363574,8388479,0.038698,12679748,12.840454,3119979,1.017805,156.899994,-28.939999,129.014249,,0.086402,,258.028503,
Sample,16/10/2024 16:18:23,23,9358777,5.363426,8388479,0.038698,12678916,12.849759,3120017,1.017817,151.470001,-33.610001,124.548927,,0.086648,,249.097855,
Sample,16/10/2024 16:18:24,23,9358759,5.363327,8388484,0.038725,12678043,12.859522,3119921,1.017786,152.490005,-28.660000,125.387721,,0.086027,,250.775436,
Sample,16/10/2024 16:18:25,23,9358726,5.363146,8388480,0.038703,12677109,12.869968,3119895,1.017777,153.850006,-31.579998,126.506109,,0.085859,,253.012222,
Sample,16/10/2024 16:18:26,23,9358693,5.362964,8388482,0.038714,12676150,12.880693,3119907,1.017781,155.440002,-26.710001,127.813633,,0.085937,,255.627274,
Sample,16/10/2024 16:18:27,23,9358697,5.362986,8388479,0.038698,12675214,12.891161,3120041,1.017825,154.480011,-26.500000,127.024190,,0.086803,,254.048386,
Sample,16/10/2024 16:18:28,23,9358662,5.362794,8388485,0.038731,12674316,12.901204,3119860,1.017766,153.680008,-28.210001,126.366312,,0.085633,,252.732620,
Sample,16/10/2024 16:18:29,23,9358657,5.362766,8388480,0.038703,12673415,12.911281,3120035,1.017823,153.930008,-30.629999,126.571898,,0.086764,,253.143799,
Sample,16/10/2024 16:18:30,23,9358634,5.362640,8388480,0.038703,12672608,12.920306,3119886,1.017774,152.399994,-33.060001,125.313700,,0.085801,,250.627396,
Sample,16/10/2024 16:18:31,23,9358589,5.362392,8388484,0.038725,12671875,12.928504,3119941,1.017792,149.419998,-34.110001,122.863119,,0.086157,,245.726242,
Sample,16/10/2024 16:18:32,23,9358583,5.362359,8388483,0.038720,12671228,12.935740,3120002,1.017813,145.669998,-34.760002,119.779328,,0.086551,,239.558655,
Sample,16/10/2024 16:18:33,23,9358565,5.362260,8388481,0.038709,12670559,12.943222,3120044,1.017826,143.449997,-34.200001,117.953724,,0.086823,,235.907440,
Sample,16/10/2024 16:18:34,23,9358554,5.362200,8388479,0.038698,12669962,12.949898,3120010,1.017815,143.190002,-34.480000,117.739919,,0.086603,,235.479843,
Sample,16/10/2024 16:18:35,23,9358538,5.362112,8388481,0.038709,12669372,12.956497,3120055,1.017830,141.699997,-32.540001,116.514622,,0.086894,,233.029236,
Sample,16/10/2024 16:18:36,23,9358511,5.361964,8388483,0.038720,12668812,12.962760,3120091,1.017842,139.360001,-36.020000,114.590339,,0.087126,,229.180679,
Sample,16/10/2024 16:18:37,23,9358481,5.361799,8388480,0.038703,12668294,12.968553,3119962,1.017799,135.980011,-37.709999,111.810825,,0.086292,,223.621643,
Sample,16/10/2024 16:18:38,23,9358453,5.361645,8388484,0.038725,12667782,12.974279,3120007,1.017814,132.529999,-36.180000,108.973728,,0.086583,,217.947449,
Sample,16/10/2024 16:18:39,23,9358448,5.361617,8388484,0.038725,12667369,12.978898,3120071,1.017835,129.139999,-39.529999,106.185982,,0.086997,,212.371964,
Sample,16/10/2024 16:18:40,23,9358425,5.361491,8388478,0.038692,12667018,12.982823,3120027,1.017821,127.349998,-40.230000,104.713985,,0.086713,,209.427963,
Sample,16/10/2024 16:18:41,23,9358415,5.361436,8388480,0.038703,12666757,12.985742,3120093,1.017842,125.819992,-41.629997,103.455794,,0.087139,,206.911591,
Sample,16/10/2024 16:18:42,23,9358386,5.361276,8388479,0.038698,12666544,12.988124,3120080,1.017838,123.650002,-46.040001,101.671315,,0.087055,,203.342636,
Sample,16/10/2024 16:18:43,23,9358389,5.361293,8388480,0.038703,12666425,12.989455,3119839,1.017759,122.930008,-44.849998,101.079232,,0.085497,,202.158463,
Sample,16/10/2024 16:18:44,23,9358355,5.361106,8388481,0.038709,12666409,12.989634,3119849,1.017762,121.750000,-44.650002,100.108860,,0.085562,,200.217712,
Sample,16/10/2024 16:18:45,23,9358335,5.360996,8388481,0.038709,12666480,12.988840,3119842,1.017760,120.819992,-45.020000,99.344073,,0.085516,,198.688141,
Sample,16/10/2024 16:18:46,23,9358323,5.360930,8388478,0.038692,12666623,12.987241,3119807,1.017748,120.419998,-46.470001,99.015141,,0.085290,,198.030289,
Sample,16/10/2024 16:18:47,23,9358308,5.360847,8388479,0.038698,12666892,12.984232,3119790,1.017743,119.709999,-46.660000,98.431277,,0.085180,,196.862549,
Sample,16/10/2024 16:18:48,23,9358271,5.360644,8388480,0.038703,12667246,12.980273,3119798,1.017746,119.230003,-48.500000,98.036556,,0.085232,,196.073105,
Sample,16/10/2024 16:18:49,23,9358250,5.360529,8388482,0.038714,12667659,12.975655,3119866,1.017768,119.230003,-46.250000,98.036556,,0.085672,,196.073105,
Sample,16/10/2024 16:18:50,23,9358235,5.360446,8388484,0.038725,12668136,12.970320,3119978,1.017805,119.990005,-47.250000,98.661539,,0.086396,,197.323074,
Sample,16/10/2024 16:18:51,23,9358207,5.360292,8388480,0.038703,12668656,12.964504,3119880,1.017772,121.069992,-46.349998,99.549659,,0.085762,,199.099319,
Sample,16/10/2024 16:18:52,23,9358205,5.360281,8388482,0.038714,12669211,12.958297,3119889,1.017775,120.860001,-47.939999,99.376974,,0.085820,,198.753952,
Sample,16/10/2024 16:18:53,23,9358206,5.360287,8388480,0.038703,12669764,12.952113,3119911,1.017783,119.610001,-48.950001,98.349044,,0.085963,,196.698090,
Sample,16/10/2024 16:18:54,23,9358164,5.360056,8388482,0.038714,12670315,12.945950,3119965,1.017800,118.180008,-50.420002,97.173098,,0.086312,,194.346191,
Sample,16/10/2024 16:18:55,23,9358154,5.360001,8388481,0.038709,12670881,12.939620,3119980,1.017805,117.490005,-50.700001,96.605679,,0.086409,,193.211365,
Sample,16/10/2024 16:18:56,23,9358129,5.359863,8388482,0.038714,12671380,12.934040,3119975,1.017804,117.059998,-49.709999,96.252064,,0.086376,,192.504135,
Sample,16/10/2024 16:18:57,23,9358111,5.359764,8388480,0.038703,12671847,12.928817,3119971,1.017802,116.780006,-50.860001,96.021815,,0.086351,,192.043625,
Sample,16/10/2024 16:18:58,23,9358087,5.359632,8388479,0.038698,12672312,12.923616,3119947,1.017794,117.139999,-50.900002,96.317853,,0.086195,,192.635712,
Sample,16/10/2024 16:18:59,23,9358087,5.359632,8388481,0.038709,12672746,12.918763,3119998,1.017811,117.449997,-49.180000,96.572778,,0.086525,,193.145554,
Sample,16/10/2024 16:19:00,23,9358042,5.359385,8388482,0.038714,12673161,12.914121,3120176,1.017870,116.900002,-51.509998,96.120492,,0.087676,,192.240982,
Sample,16/10/2024 16:19:01,23,9358049,5.359423,8388478,0.038692,12673536,12.909927,3120086,1.017840,116.480003,-52.230000,95.775109,,0.087094,,191.550217,
Sample,16/10/2024 16:19:02,23,9358015,5.359237,8388481,0.038709,12673885,12.906024,3120113,1.017849,116.409996,-51.110001,95.717539,,0.087269,,191.435074,
Sample,16/10/2024 16:19:03,23,9358016,5.359242,8388481,0.038709,12674240,12.902054,3120202,1.017878,116.090004,-49.360001,95.454396,,0.087844,,190.908798,
Sample,16/10/2024 16:19:04,23,9357977,5.359028,8388479,0.038698,12674566,12.898408,3120102,1.017845,115.959999,-48.970001,95.347487,,0.087197,,190.694977,
Sample,16/10/2024 16:19:05,23,9357971,5.358995,8388481,0.038709,12674905,12.894617,3120315,1.017915,115.130005,-52.579998,94.664946,,0.088574,,189.329895,
Sample,16/10/2024 16:19:06,23,9357939,5.358819,8388484,0.038725,12675238,12.890893,3120215,1.017883,115.860001,-53.159996,95.265254,,0.087928,,190.530502,
Sample,16/10/2024 16:19:07,23,9357921,5.358720,8388481,0.038709,12675572,12.887157,3120130,1.017855,114.659996,-51.779999,94.278437,,0.087378,,188.556870,
Sample,16/10/2024 16:19:08,23,9357926,5.358747,8388478,0.038692,12675923,12.883232,3120198,1.017877,114.009995,-52.690002,93.743912,,0.087818,,187.487823,
Sample,16/10/2024 16:19:09,23,9357917,5.358698,8388481,0.038709,12676247,12.879608,3120232,1.017888,113.389999,-52.790001,93.234063,,0.088037,,186.468124,
Sample,16/10/2024 16:19:10,23,9357890,5.358549,8388481,0.038709,12676628,12.875347,3120230,1.017887,112.880005,-54.379997,92.814672,,0.088025,,185.629349,
Sample,16/10/2024 16:19:11,23,9357885,5.358522,8388482,0.038714,12677035,12.870795,3120306,1.017912,112.090004,-54.180000,92.165020,,0.088515,,184.330032,
Sample,16/10/2024 16:19:12,23,9357846,5.358307,8388483,0.038720,12677437,12.866299,3120318,1.017916,111.369995,-55.230000,91.572925,,0.088593,,183.145844,
Sample,16/10/2024 16:19:13,23,9357827,5.358203,8388484,0.038725,12677906,12.861054,3120325,1.017919,110.599998,-54.879997,90.939722,,0.088638,,181.879440,
Sample,16/10/2024 16:19:14,23,9357822,5.358175,8388477,0.038687,12678398,12.855552,3120450,1.017960,110.969994,-51.490002,91.243986,,0.089445,,182.487976,
Sample,16/10/2024 16:19:15,23,9357807,5.358093,8388482,0.038714,12678894,12.850005,3120441,1.017957,110.569992,-52.700001,90.915047,,0.089387,,181.830093,
Sample,16/10/2024 16:19:16,23,9357779,5.357939,8388480,0.038703,12679440,12.843898,3120479,1.017969,110.830002,-52.529999,91.128864,,0.089633,,182.257721,
Sample,16/10/2024 16:19:17,23,9357783,5.357961,8388476,0.038681,12680000,12.837635,3120457,1.017962,112.050003,-53.629997,92.132125,,0.089491,,184.264252,
Sample,16/10/2024 16:19:18,23,9357754,5.357802,8388482,0.038714,12680588,12.831059,3120542,1.017990,111.530006,-52.959999,91.704509,,0.090039,,183.409012,
Sample,16/10/2024 16:19:19,23,9357735,5.357697,8388478,0.038692,12681196,12.824259,3120549,1.017992,109.519997,-54.070000,90.051589,,0.090084,,180.103180,
Sample,16/10/2024 16:19:20,23,9357715,5.357587,8388478,0.038692,12681822,12.817258,3120598,1.018008,108.509995,-54.629997,89.221020,,0.090401,,178.442047,
Sample,16/10/2024 16:19:21,23,9357703,5.357521,8388481,0.038709,12682449,12.810246,3120591,1.018006,109.540001,-53.090004,90.068040,,0.090356,,180.136078,
Sample,16/10/2024 16:19:22,23,9357681,5.357400,8388483,0.038720,12683075,12.803245,3120652,1.018026,109.409996,-53.900002,89.961131,,0.090749,,179.922256,
Sample,16/10/2024 16:19:23,23,9357667,5.357323,8388483,0.038720,12683730,12.795920,3120791,1.018072,108.959999,-50.549999,89.591079,,0.091646,,179.182159,
Sample,16/10/2024 16:19:24,23,9357646,5.357208,8388481,0.038709,12684400,12.788426,3120684,1.018037,109.009995,-54.240002,89.632192,,0.090956,,179.264389,
Sample,16/10/2024 16:19:25,23,9357650,5.357230,8388476,0.038681,12685096,12.780642,3120656,1.018027,109.360001,-52.909996,89.920017,,0.090775,,179.840042,
Sample,16/10/2024 16:19:26,23,9357616,5.357043,8388480,0.038703,12685803,12.772735,3120767,1.018064,110.759995,-52.870003,91.071294,,0.091491,,182.142593,
Sample,16/10/2024 16:19:27,23,9357596,5.356933,8388479,0.038698,12686526,12.764649,3120890,1.018104,111.000000,-51.480000,91.268661,,0.092284,,182.537323,
Sample,16/10/2024 16:19:28,23,9357600,5.356955,8388478,0.038692,12687294,12.756060,3120722,1.018049,111.269997,-51.579998,91.490691,,0.091201,,182.981384,
Sample,16/10/2024 16:19:29,23,9357590,5.356900,8388478,0.038692,12688044,12.747672,3120824,1.018083,110.540001,-51.709999,90.890384,,0.091859,,181.780762,
Sample,16/10/2024 16:19:30,23,9357561,5.356741,8388481,0.038709,12688811,12.739094,3120889,1.018104,110.430008,-49.829998,90.799932,,0.092278,,181.599869,
Sample,16/10/2024 16:19:31,23,9357537,5.356609,8388478,0.038692,12689448,12.731970,3120918,1.018114,110.610001,-49.700001,90.947948,,0.092465,,181.895889,
Sample,16/10/2024 16:19:32,23,9357544,5.356647,8388480,0.038703,12689950,12.726355,3120985,1.018136,111.550003,-51.329998,91.720953,,0.092897,,183.441910,
Sample,16/10/2024 16:19:33,23,9357518,5.356504,8388481,0.038709,12690373,12.721625,3121020,1.018147,111.849998,-52.650002,91.967652,,0.093122,,183.935303,
Sample,16/10/2024 16:19:34,23,9357504,5.356427,8388483,0.038720,12690701,12.717956,3121264,1.018227,111.889999,-49.810001,92.000547,,0.094695,,184.001099,
Sample,16/10/2024 16:19:35,23,9357468,5.356229,8388481,0.038709,12691062,12.713919,3121056,1.018159,111.490005,-51.859997,91.671614,,0.093354,,183.343231,
Sample,16/10/2024 16:19:36,23,9357461,5.356191,8388482,0.038714,12691435,12.709747,3121091,1.018170,111.290001,-50.829998,91.507142,,0.093580,,183.014282,
Sample,16/10/2024 16:19:37,23,9357471,5.356246,8388476,0.038681,12691885,12.704714,3121115,1.018178,110.809998,-51.529999,91.112414,,0.093735,,182.224823,
Sample,16/10/2024 16:19:38,23,9357422,5.355976,8388483,0.038720,12692349,12.699525,3121240,1.018219,110.740005,-51.060001,91.054856,,0.094540,,182.109711,
Sample,16/10/2024 16:19:39,23,9357418,5.355954,8388480,0.038703,12692825,12.694201,3121339,1.018252,110.630005,-50.829998,90.964398,,0.095178,,181.928802,
Sample,16/10/2024 16:19:40,23,9357397,5.355839,8388484,0.038725,12693269,12.689235,3121239,1.018219,110.090004,-50.799999,90.520331,,0.094534,,181.040665,
Sample,16/10/2024 16:19:41,23,9357414,5.355932,8388481,0.038709,12693644,12.685041,3121361,1.018259,109.830002,-51.570000,90.306520,,0.095319,,180.613037,
Sample,16/10/2024 16:19:42,23,9357374,5.355712,8388481,0.038709,12693897,12.682212,3121417,1.018278,109.860001,-51.909996,90.331190,,0.095680,,180.662384,
Sample,16/10/2024 16:19:43,23,9357353,5.355597,8388481,0.038709,12694126,12.679651,3121434,1.018283,110.340004,-51.770000,90.725917,,0.095789,,181.451828,
Sample,16/10/2024 16:19:44,23,9357335,5.355498,8388482,0.038714,12694222,12.678577,3121461,1.018292,110.650002,-52.690002,90.980842,,0.095963,,181.961685,
Sample,16/10/2024 16:19:45,23,9357341,5.355531,8388480,0.038703,12694296,12.677749,3121495,1.018303,110.730003,-53.079998,91.046631,,0.096182,,182.093262,
Sample,16/10/2024 16:19:46,23,9357318,5.355405,8388480,0.038703,12694357,12.677067,3121511,1.018308,110.369995,-54.059998,90.750580,,0.096285,,181.501160,
Sample,16/10/2024 16:19:47,23,9357300,5.355306,8388484,0.038725,12694407,12.676508,3121566,1.018326,109.330002,-50.889999,89.895348,,0.096639,,179.790695,
Sample,16/10/2024 16:19:48,23,9357273,5.355157,8388478,0.038692,12694441,12.676128,3121584,1.018332,108.980003,-51.970001,89.607529,,0.096755,,179.215057,
Sample,16/10/2024 16:19:49,23,9357272,5.355152,8388480,0.038703,12694505,12.675412,3121683,1.018365,109.740005,-51.279999,90.232512,,0.097392,,180.465027,
Sample,16/10/2024 16:19:50,23,9357232,5.354932,8388483,0.038720,12694592,12.674439,3121865,1.018425,109.500000,-51.529999,90.035145,,0.098562,,180.070297,
Sample,16/10/2024 16:19:51,23,9357247,5.355014,8388483,0.038720,12694686,12.673387,3121785,1.018398,109.159996,-52.329998,89.755545,,0.098048,,179.511093,
Sample,16/10/2024 16:19:52,23,9357236,5.354954,8388481,0.038709,12694797,12.672146,3121803,1.018404,109.419998,-53.379997,89.969356,,0.098164,,179.938705,
Sample,16/10/2024 16:19:53,23,9357223,5.354882,8388478,0.038692,12694918,12.670793,3121896,1.018435,109.130005,-52.200001,89.730882,,0.098762,,179.461761,
Sample,16/10/2024 16:19:54,23,9357181,5.354651,8388481,0.038709,12694965,12.670267,3121861,1.018423,108.900002,-50.020000,89.541740,,0.098537,,179.083481,
Sample,16/10/2024 16:19:55,23,9357200,5.354756,8388482,0.038714,12695007,12.669797,3122015,1.018474,109.480003,-49.900002,90.018701,,0.099527,,180.037399,
Sample,16/10/2024 16:19:56,23,9357160,5.354536,8388478,0.038692,12695014,12.669719,3122012,1.018473,109.869995,-50.570000,90.339408,,0.099507,,180.678818,
Sample,16/10/2024 16:19:57,23,9357145,5.354453,8388482,0.038714,12695028,12.669562,3121929,1.018446,109.469994,-51.060001,90.010470,,0.098974,,180.020935,
Sample,16/10/2024 16:19:58,23,9357125,5.354343,8388482,0.038714,12695072,12.669070,3122117,1.018508,109.230003,-50.739998,89.813115,,0.100182,,179.626236,
Sample,16/10/2024 16:19:59,23,9357121,5.354321,8388480,0.038703,12695164,12.668041,3122092,1.018499,109.599998,-49.889999,90.117378,,0.100021,,180.234756,
Sample,16/10/2024 16:20:00,23,9357105,5.354233,8388479,0.038698,12695309,12.666420,3122200,1.018535,109.690002,-49.529999,90.191393,,0.100715,,180.382782,
Sample,16/10/2024 16:20:01,23,9357101,5.354211,8388479,0.038698,12695491,12.664384,3122149,1.018518,110.180008,-52.190002,90.594346,,0.100388,,181.188690,
Sample,16/10/2024 16:20:02,23,9357097,5.354190,8388478,0.038692,12695681,12.662259,3122209,1.018538,110.040001,-50.049999,90.479212,,0.100773,,180.958420,
Sample,16/10/2024 16:20:03,23,9357076,5.354074,8388484,0.038725,12695901,12.659799,3122280,1.018561,108.949997,-51.120003,89.582853,,0.101229,,179.165710,
Sample,16/10/2024 16:20:04,23,9357044,5.353898,8388478,0.038692,12696137,12.657159,3122344,1.018582,109.209999,-50.139999,89.796665,,0.101640,,179.593323,
Sample,16/10/2024 16:20:05,23,9357043,5.353893,8388479,0.038698,12696340,12.654889,3122329,1.018577,109.550003,-51.139999,90.076265,,0.101544,,180.152527,
Sample,16/10/2024 16:20:06,23,9357015,5.353739,8388479,0.038698,12696578,12.652227,3122369,1.018590,110.150002,-51.209999,90.569670,,0.101801,,181.139343,
Sample,16/10/2024 16:20:07,23,9357007,5.353695,8388485,0.038731,12696811,12.649621,3122490,1.018630,109.919998,-50.620003,90.380528,,0.102577,,180.761063,
Sample,16/10/2024 16:20:08,23,9356990,5.353601,8388480,0.038703,12697043,12.647026,3122426,1.018609,110.360001,-50.120003,90.742362,,0.102166,,181.484726,
Sample,16/10/2024 16:20:09,23,9356980,5.353546,8388479,0.038698,12697242,12.644801,3122509,1.018636,111.219994,-50.970001,91.449572,,0.102699,,182.899139,
Sample,16/10/2024 16:20:10,23,9356958,5.353425,8388479,0.038698,12697421,12.642799,3122488,1.018629,112.459999,-48.430000,92.469283,,0.102564,,184.938568,
Sample,16/10/2024 16:20:11,23,9356952,5.353392,8388478,0.038692,12697652,12.640215,3122587,1.018662,113.059998,-49.760002,92.962688,,0.103200,,185.925369,
Sample,16/10/2024 16:20:12,23,9356915,5.353189,8388477,0.038687,12697818,12.638358,3122619,1.018673,113.930008,-47.129997,93.678136,,0.103405,,187.356277,
Sample,16/10/2024 16:20:13,23,9356908,5.353150,8388482,0.038714,12698040,12.635875,3122657,1.018685,113.930008,-48.379997,93.678136,,0.103649,,187.356277,
Sample,16/10/2024 16:20:14,23,9356897,5.353090,8388482,0.038714,12698246,12.633571,3122721,1.018706,114.790001,-47.220001,94.385346,,0.104059,,188.770691,
Sample,16/10/2024 16:20:15,23,9356878,5.352985,8388484,0.038725,12698452,12.631267,3122804,1.018733,115.059998,-50.459999,94.607376,,0.104592,,189.214752,
Sample,16/10/2024 16:20:16,23,9356894,5.353073,8388480,0.038703,12698662,12.628919,3122834,1.018743,115.340004,-47.770000,94.837638,,0.104784,,189.675278,
Sample,16/10/2024 16:20:17,23,9356860,5.352887,8388485,0.038731,12698892,12.626346,3122755,1.018717,115.459999,-49.020000,94.936315,,0.104277,,189.872635,
Sample,16/10/2024 16:20:18,23,9356870,5.352941,8388479,0.038698,12699117,12.623830,3122813,1.018736,115.219994,-50.590000,94.738948,,0.104649,,189.477890,
Sample,16/10/2024 16:20:19,23,9356836,5.352755,8388479,0.038698,12699357,12.621146,3122961,1.018785,115.280006,-50.099998,94.788299,,0.105598,,189.576599,
Sample,16/10/2024 16:20:20,23,9356837,5.352760,8388482,0.038714,12699617,12.618238,3122953,1.018782,115.050003,-49.079998,94.599157,,0.105547,,189.198318,
Sample,16/10/2024 16:20:21,23,9356815,5.352639,8388477,0.038687,12699886,12.615229,3122972,1.018789,114.619995,-51.590004,94.245543,,0.105669,,188.491089,
Sample,16/10/2024 16:20:22,23,9356795,5.352529,8388475,0.038676,12700172,12.612030,3122992,1.018795,113.730003,-52.730000,93.513663,,0.105797,,187.027328,
Sample,16/10/2024 16:20:23,23,9356762,5.352348,8388474,0.038670,12700475,12.608641,3123081,1.018824,113.590004,-51.770000,93.398536,,0.106367,,186.797073,
Sample,16/10/2024 16:20:24,23,9356749,5.352276,8388485,0.038731,12700769,12.605353,3123181,1.018857,112.980003,-50.889999,92.896905,,0.107008,,185.793808,
Sample,16/10/2024 16:20:25,23,9356752,5.352293,8388478,0.038692,12701076,12.601920,3123221,1.018870,112.750000,-51.540001,92.707763,,0.107264,,185.415527,
Sample,16/10/2024 16:20:26,23,9356730,5.352172,8388479,0.038698,12701389,12.598419,3123279,1.018889,112.769997,-51.290001,92.724207,,0.107635,,185.448410,
Sample,16/10/2024 16:20:27,23,9356722,5.352128,8388477,0.038687,12701724,12.594672,3123283,1.018891,112.540001,-53.390003,92.535072,,0.107661,,185.070145,
Sample,16/10/2024 16:20:28,23,9356719,5.352111,8388484,0.038725,12702073,12.590769,3123309,1.018899,112.630005,-50.950001,92.609086,,0.107828,,185.218170,
Sample,16/10/2024 16:20:29,23,9356706,5.352040,8388484,0.038725,12702418,12.586910,3123410,1.018932,113.099998,-52.640003,92.995583,,0.108474,,185.991165,
Sample,16/10/2024 16:20:30,23,9356690,5.351952,8388485,0.038731,12702750,12.583197,3123531,1.018972,113.360001,-52.180000,93.209394,,0.109249,,186.418793,
Sample,16/10/2024 16:20:31,23,9356663,5.351803,8388480,0.038703,12703070,12.579618,3123533,1.018973,113.269997,-53.640003,93.135379,,0.109261,,186.270752,
Sample,16/10/2024 16:20:32,23,9356665,5.351814,8388483,0.038720,12703426,12.575636,3123473,1.018953,113.349998,-52.540001,93.201169,,0.108877,,186.402344,
Sample,16/10/2024 16:20:33,23,9356654,5.351754,8388485,0.038731,12703774,12.571744,3123458,1.018948,113.490005,-51.060001,93.316302,,0.108781,,186.632599,
Sample,16/10/2024 16:20:34,23,9356626,5.351600,8388481,0.038709,12704106,12.568030,3123553,1.018979,113.400002,-50.299999,93.242288,,0.109389,,186.484573,
Sample,16/10/2024 16:20:35,23,9356633,5.351638,8388480,0.038703,12704447,12.564216,3123610,1.018998,113.059998,-52.500000,92.962688,,0.109754,,185.925369,
Sample,16/10/2024 16:20:36,23,9356607,5.351496,8388483,0.038720,12704756,12.560760,3123688,1.019024,113.000000,-51.640003,92.913349,,0.110253,,185.826706,
Sample,16/10/2024 16:20:37,23,9356605,5.351485,8388476,0.038681,12705081,12.557125,3123670,1.019018,112.619995,-52.379997,92.600855,,0.110138,,185.201706,
Sample,16/10/2024 16:20:38,23,9356592,5.351413,8388485,0.038731,12705413,12.553412,3123704,1.019029,111.969994,-51.909996,92.066330,,0.110355,,184.132660,
Sample,16/10/2024 16:20:39,23,9356547,5.351166,8388481,0.038709,12705706,12.550135,3123673,1.019019,111.759995,-55.340004,91.893638,,0.110157,,183.787277,
Sample,16/10/2024 16:20:40,23,9356538,5.351116,8388479,0.038698,12706010,12.546735,3123840,1.019074,111.740005,-55.640003,91.877200,,0.111225,,183.754395,
Sample,16/10/2024 16:20:41,23,9356538,5.351116,8388481,0.038709,12706314,12.543335,3123765,1.019049,111.430008,-52.720001,91.622276,,0.110745,,183.244553,
Sample,16/10/2024 16:20:42,23,9356523,5.351034,8388477,0.038687,12706611,12.540013,3123967,1.019116,110.750000,-56.879997,91.063075,,0.112037,,182.126144,
Sample,16/10/2024 16:20:43,23,9356506,5.350940,8388484,0.038725,12706886,12.536937,3123936,1.019105,110.380005,-55.709999,90.758812,,0.111839,,181.517624,
Sample,16/10/2024 16:20:44,23,9356493,5.350869,8388481,0.038709,12707165,12.533816,3123978,1.019119,109.400002,-55.720001,89.952912,,0.112107,,179.905823,
Sample,16/10/2024 16:20:45,23,9356495,5.350880,8388481,0.038709,12707453,12.530595,3123930,1.019103,109.169998,-56.359997,89.763770,,0.111800,,179.527542,
Sample,16/10/2024 16:20:46,23,9356476,5.350775,8388482,0.038714,12707707,12.527754,3124051,1.019143,108.949997,-55.909996,89.582853,,0.112573,,179.165710,
Sample,16/10/2024 16:20:47,23,9356449,5.350627,8388484,0.038725,12707944,12.525103,3124073,1.019150,108.619995,-55.459999,89.311478,,0.112714,,178.622955,
Sample,16/10/2024 16:20:48,23,9356434,5.350544,8388485,0.038731,12708209,12.522139,3124099,1.019159,108.440002,-55.400002,89.163462,,0.112880,,178.326920,
Sample,16/10/2024 16:20:49,23,9356431,5.350528,8388481,0.038709,12708472,12.519198,3124162,1.019180,108.340004,-56.959999,89.081229,,0.113283,,178.162460,
Sample,16/10/2024 16:20:50,23,9356407,5.350396,8388487,0.038742,12708702,12.516625,3124172,1.019183,107.849998,-57.570000,88.678276,,0.113346,,177.356552,
Sample,16/10/2024 16:20:51,23,9356419,5.350462,8388482,0.038714,12708948,12.513874,3124181,1.019186,107.349998,-57.790001,88.267104,,0.113404,,176.534210,
Sample,16/10/2024 16:20:52,23,9356396,5.350335,8388481,0.038709,12709199,12.511066,3124173,1.019183,106.699997,-55.629997,87.732579,,0.113353,,175.465164,
Sample,16/10/2024 16:20:53,23,9356379,5.350242,8388483,0.038720,12709418,12.508617,3124205,1.019194,106.480003,-56.409996,87.551669,,0.113557,,175.103333,
Sample,16/10/2024 16:20:54,23,9356381,5.350253,8388478,0.038692,12709651,12.506011,3124300,1.019225,106.809998,-58.329998,87.823038,,0.114164,,175.646072,
Sample,16/10/2024 16:20:55,23,9356352,5.350094,8388479,0.038698,12709881,12.503438,3124359,1.019244,106.519997,-56.809998,87.584557,,0.114541,,175.169113,
Sample,16/10/2024 16:20:56,23,9356343,5.350044,8388486,0.038736,12710116,12.500810,3124437,1.019270,105.780006,-58.140003,86.976030,,0.115038,,173.952057,
Sample,16/10/2024 16:20:57,23,9356322,5.349929,8388484,0.038725,12710341,12.498293,3124507,1.019293,104.680008,-59.159996,86.071453,,0.115485,,172.142914,
Sample,16/10/2024 16:20:58,23,9356311,5.349868,8388482,0.038714,12710593,12.495474,3124445,1.019273,103.590004,-58.009998,85.175095,,0.115089,,170.350189,
Sample,16/10/2024 16:20:59,23,9356302,5.349819,8388480,0.038703,12710814,12.493003,3124575,1.019315,103.080002,-58.099998,84.755698,,0.115919,,169.511398,
Sample,16/10/2024 16:21:00,23,9356294,5.349775,8388481,0.038709,12711044,12.490430,3124546,1.019306,102.590004,-58.529999,84.352751,,0.115734,,168.705505,
Sample,16/10/2024 16:21:01,23,9356293,5.349769,8388481,0.038709,12711256,12.488059,3124629,1.019333,102.229996,-60.220001,84.056700,,0.116263,,168.113403,
Sample,16/10/2024 16:21:02,23,9356281,5.349703,8388480,0.038703,12711504,12.485285,3124735,1.019368,101.830002,-58.259998,83.727768,,0.116940,,167.455536,
Sample,16/10/2024 16:21:03,23,9356250,5.349533,8388480,0.038703,12711725,12.482813,3124686,1.019352,101.360001,-61.379997,83.341265,,0.116627,,166.682526,
Sample,16/10/2024 16:21:04,23,9356251,5.349538,8388483,0.038720,12711949,12.480307,3124730,1.019366,100.849998,-61.599998,82.921868,,0.116908,,165.843735,
Sample,16/10/2024 16:21:05,23,9356237,5.349461,8388482,0.038714,12712180,12.477724,3124622,1.019331,100.229996,-60.240002,82.412012,,0.116219,,164.824020,
Sample,16/10/2024 16:21:06,23,9356240,5.349478,8388481,0.038709,12712386,12.475420,3124761,1.019376,99.511002,-62.579998,81.820752,,0.117105,,163.641510,
Sample,16/10/2024 16:21:07,23,9356199,5.349252,8388483,0.038720,12712607,12.472948,3124771,1.019380,98.912003,-60.900002,81.328168,,0.117169,,162.656342,
Sample,16/10/2024 16:21:08,23,9356186,5.349181,8388477,0.038687,12712809,12.470688,3124833,1.019400,98.189003,-63.770000,80.733614,,0.117564,,161.467224,
Sample,16/10/2024 16:21:09,23,9356160,5.349038,8388480,0.038703,12713011,12.468429,3124883,1.019417,97.806999,-63.440002,80.419475,,0.117883,,160.838943,
Sample,16/10/2024 16:21:10,23,9356162,5.349049,8388479,0.038698,12713195,12.466371,3125008,1.019458,97.120003,-64.309998,79.854528,,0.118680,,159.709061,
Sample,16/10/2024 16:21:11,23,9356144,5.348950,8388482,0.038714,12713380,12.464301,3125047,1.019470,96.460999,-63.930000,79.312600,,0.118928,,158.625198,
Sample,16/10/2024 16:21:12,23,9356127,5.348857,8388480,0.038703,12713543,12.462478,3125065,1.019476,95.820999,-63.849998,78.786300,,0.119043,,157.572601,
Sample,16/10/2024 16:21:13,23,9356117,5.348802,8388481,0.038709,12713707,12.460644,3125151,1.019505,94.818001,-63.970001,77.961490,,0.119591,,155.922974,
Sample,16/10/2024 16:21:14,23,9356124,5.348840,8388477,0.038687,12713865,12.458877,3125145,1.019503,93.382996,-63.220001,76.781422,,0.119553,,153.562851,
Sample,16/10/2024 16:21:15,23,9356111,5.348769,8388483,0.038720,12714007,12.457288,3125035,1.019466,92.153000,-65.759995,75.769943,,0.118852,,151.539886,
Sample,16/10/2024 16:21:16,23,9356075,5.348571,8388477,0.038687,12714182,12.455331,3125206,1.019523,91.992996,-64.809998,75.638364,,0.119941,,151.276733,
Sample,16/10/2024 16:21:17,23,9356077,5.348582,8388481,0.038709,12714327,12.453709,3125251,1.019537,91.137001,-64.240005,74.934442,,0.120228,,149.868881,
Sample,16/10/2024 16:21:18,23,9356060,5.348488,8388484,0.038725,12714468,12.452132,3125189,1.019517,90.488998,-64.180000,74.401561,,0.119833,,148.803116,
Sample,16/10/2024 16:21:19,23,9356033,5.348340,8388480,0.038703,12714599,12.450667,3125179,1.019514,90.142006,-64.360001,74.116214,,0.119769,,148.232422,
Sample,16/10/2024 16:21:20,23,9356031,5.348329,8388481,0.038709,12714741,12.449078,3125270,1.019544,89.995995,-65.240005,73.996142,,0.120349,,147.992279,
Sample,16/10/2024 16:21:21,23,9356022,5.348279,8388483,0.038720,12714864,12.447703,3125312,1.019557,90.056999,-64.849998,74.046309,,0.120616,,148.092621,
Sample,16/10/2024 16:21:22,23,9356024,5.348290,8388477,0.038687,12714958,12.446651,3125330,1.019563,89.959999,-66.790001,73.966541,,0.120731,,147.933090,
Sample,16/10/2024 16:21:23,23,9355996,5.348136,8388479,0.038698,12715095,12.445119,3125405,1.019588,89.584000,-67.050003,73.657340,,0.121208,,147.314682,
Sample,16/10/2024 16:21:24,23,9355989,5.348098,8388477,0.038687,12715192,12.444034,3125408,1.019589,89.382004,-65.059998,73.491230,,0.121227,,146.982468,
Sample,16/10/2024 16:21:25,23,9355964,5.347960,8388484,0.038725,12715294,12.442893,3125449,1.019603,88.719009,-69.559998,72.946021,,0.121488,,145.892044,
Sample,16/10/2024 16:21:26,23,9355971,5.347999,8388482,0.038714,12715382,12.441908,3125472,1.019610,87.529999,-68.190002,71.968245,,0.121634,,143.936493,
Sample,16/10/2024 16:21:27,23,9355951,5.347889,8388485,0.038731,12715458,12.441058,3125564,1.019640,86.274002,-67.699997,70.935384,,0.122220,,141.870773,
Sample,16/10/2024 16:21:28,23,9355938,5.347817,8388487,0.038742,12715547,12.440063,3125526,1.019628,85.302994,-68.840004,70.136881,,0.121978,,140.273758,
Sample,16/10/2024 16:21:29,23,9355921,5.347724,8388484,0.038725,12715608,12.439381,3125556,1.019638,84.359001,-70.709999,69.360594,,0.122169,,138.721191,
Sample,16/10/2024 16:21:30,23,9355915,5.347691,8388481,0.038709,12715674,12.438642,3125689,1.019681,83.277000,-69.220001,68.470817,,0.123015,,136.941635,
Sample,16/10/2024 16:21:31,23,9355910,5.347664,8388487,0.038742,12715738,12.437926,3125655,1.019670,82.917999,-69.279999,68.175595,,0.122799,,136.351196,
Sample,16/10/2024 16:21:32,23,9355886,5.347532,8388480,0.038703,12715804,12.437188,3125673,1.019676,82.580002,-69.580002,67.897644,,0.122913,,135.795288,
Sample,16/10/2024 16:21:33,23,9355880,5.347499,8388478,0.038692,12715873,12.436416,3125689,1.019681,81.598999,-70.879997,67.090923,,0.123015,,134.181839,
Sample,16/10/2024 16:21:34,23,9355876,5.347477,8388482,0.038714,12715939,12.435678,3125796,1.019717,80.403000,-71.020004,66.107400,,0.123695,,132.214798,
Sample,16/10/2024 16:21:35,23,9355854,5.347356,8388483,0.038720,12715996,12.435041,3125791,1.019715,79.921005,-71.909996,65.711034,,0.123663,,131.422073,
Sample,16/10/2024 16:21:36,23,9355834,5.347246,8388485,0.038731,12716075,12.434157,3125914,1.019755,79.054001,-71.309998,64.998058,,0.124445,,129.996124,
Sample,16/10/2024 16:21:37,23,9355829,5.347218,8388488,0.038747,12716153,12.433285,3125920,1.019757,78.074997,-72.800003,64.192980,,0.124483,,128.385956,
Sample,16/10/2024 16:21:38,23,9355815,5.347141,8388485,0.038731,12716245,12.432255,3125860,1.019738,77.244003,-72.800003,63.509618,,0.124102,,127.019234,
Sample,16/10/2024 16:21:39,23,9355813,5.347130,8388481,0.038709,12716336,12.431238,3126075,1.019808,75.867996,-74.599998,62.378066,,0.125468,,124.756134,
Sample,16/10/2024 16:21:40,23,9355814,5.347136,8388480,0.038703,12716466,12.429784,3126145,1.019831,74.348000,-73.490005,61.128106,,0.125913,,122.256210,
Sample,16/10/2024 16:21:41,23,9355792,5.347015,8388482,0.038714,12716596,12.428329,3126087,1.019812,73.538002,-74.059998,60.462010,,0.125545,,120.924019,
Sample,16/10/2024 16:21:42,23,9355767,5.346877,8388479,0.038698,12716730,12.426831,3126134,1.019828,73.037003,-73.229996,60.050016,,0.125843,,120.100029,
Sample,16/10/2024 16:21:43,23,9355746,5.346762,8388481,0.038709,12716882,12.425130,3126155,1.019835,72.816002,-74.340004,59.868277,,0.125976,,119.736557,
Sample,16/10/2024 16:21:44,23,9355761,5.346844,8388484,0.038725,12717066,12.423072,3126171,1.019840,72.566002,-74.169998,59.662691,,0.126078,,119.325378,
Sample,16/10/2024 16:21:45,23,9355739,5.346723,8388474,0.038670,12717227,12.421271,3126182,1.019843,72.041000,-74.930000,59.230959,,0.126148,,118.461922,
Sample,16/10/2024 16:21:46,23,9355727,5.346657,8388479,0.038698,12717428,12.419023,3126325,1.019890,71.488998,-75.889999,58.777024,,0.127056,,117.554047,
Sample,16/10/2024 16:21:47,23,9355721,5.346624,8388480,0.038703,12717662,12.416406,3126141,1.019830,70.969002,-74.610001,58.349407,,0.125888,,116.698814,
Sample,16/10/2024 16:21:48,23,9355718,5.346608,8388479,0.038698,12717892,12.413833,3126263,1.019870,71.017006,-72.229996,58.388883,,0.126662,,116.777763,
Sample,16/10/2024 16:21:49,23,9355681,5.346405,8388483,0.038720,12718115,12.411339,3126363,1.019903,71.292999,-75.629997,58.615845,,0.127297,,117.231689,
Sample,16/10/2024 16:21:50,23,9355679,5.346394,8388478,0.038692,12718373,12.408453,3126336,1.019894,71.172997,-75.070000,58.517161,,0.127126,,117.034325,
Sample,16/10/2024 16:21:51,23,9355663,5.346306,8388486,0.038736,12718606,12.405846,3126275,1.019874,70.971001,-76.300003,58.351051,,0.126738,,116.702103,
Sample,16/10/2024 16:21:52,23,9355660,5.346289,8388480,0.038703,12718865,12.402949,3126345,1.019897,71.040001,-76.270004,58.407793,,0.127183,,116.815590,
Sample,16/10/2024 16:21:53,23,9355647,5.346218,8388482,0.038714,12719132,12.399963,3126506,1.019950,70.934998,-73.190002,58.321444,,0.128205,,116.642891,
Sample,16/10/2024 16:21:54,23,9355625,5.346097,8388477,0.038687,12719382,12.397166,3126465,1.019936,70.971001,-76.199997,58.351051,,0.127944,,116.702103,
Sample,16/10/2024 16:21:55,23,9355625,5.346097,8388481,0.038709,12719657,12.394090,3126467,1.019937,70.732994,-74.919998,58.155328,,0.127957,,116.310654,
Sample,16/10/2024 16:21:56,23,9355615,5.346042,8388485,0.038731,12719932,12.391014,3126560,1.019968,70.445999,-77.520004,57.919319,,0.128547,,115.838638,
Sample,16/10/2024 16:21:57,23,9355601,5.345965,8388480,0.038703,12720163,12.388430,3126534,1.019959,70.033997,-76.139999,57.580511,,0.128382,,115.161026,
Sample,16/10/2024 16:21:58,23,9355594,5.345926,8388487,0.038742,12720397,12.385813,3126657,1.019999,69.905998,-75.490005,57.475253,,0.129163,,114.950508,
Sample,16/10/2024 16:21:59,23,9355569,5.345789,8388479,0.038698,12720626,12.383251,3126684,1.020008,70.069000,-74.970001,57.609297,,0.129334,,115.218590,
Sample,16/10/2024 16:22:00,23,9355572,5.345805,8388485,0.038731,12720863,12.380600,3126663,1.020001,70.221001,-75.370003,57.734293,,0.129201,,115.468590,
Sample,16/10/2024 16:22:01,23,9355545,5.345657,8388484,0.038725,12721085,12.378117,3126546,1.019963,70.077995,-76.610001,57.616694,,0.128458,,115.233391,
Sample,16/10/2024 16:22:02,23,9355542,5.345640,8388485,0.038731,12721268,12.376070,3126497,1.019947,69.503998,-75.349998,57.144670,,0.128148,,114.289337,
Sample,16/10/2024 16:22:03,23,9355539,5.345624,8388486,0.038736,12721496,12.373520,3126572,1.019972,68.998001,-79.090004,56.728567,,0.128623,,113.457130,
Sample,16/10/2024 16:22:04,23,9355509,5.345459,8388477,0.038687,12721690,12.371350,3126607,1.019983,68.649002,-78.050003,56.441569,,0.128845,,112.883141,
Sample,16/10/2024 16:22:05,23,9355528,5.345563,8388484,0.038725,12721886,12.369157,3126653,1.019998,68.130997,-77.529999,56.015591,,0.129137,,112.031181,
Sample,16/10/2024 16:22:06,23,9355507,5.345448,8388478,0.038692,12722094,12.366830,3126753,1.020031,68.056999,-77.199997,55.954739,,0.129771,,111.909477,
Sample,16/10/2024 16:22:07,23,9355490,5.345354,8388477,0.038687,12722274,12.364817,3126775,1.020038,67.875000,-77.320000,55.805073,,0.129911,,111.610146,
Sample,16/10/2024 16:22:08,23,9355466,5.345222,8388479,0.038698,12722461,12.362725,3126770,1.020037,67.874001,-76.259995,55.804252,,0.129879,,111.608505,
Sample,16/10/2024 16:22:09,23,9355485,5.345327,8388478,0.038692,12722679,12.360287,3126740,1.020027,67.917007,-78.540001,55.839618,,0.129689,,111.679237,
Sample,16/10/2024 16:22:10,23,9355444,5.345102,8388483,0.038720,12722891,12.357915,3126838,1.020059,67.737999,-77.199997,55.692411,,0.130310,,111.384827,
Sample,16/10/2024 16:22:11,23,9355451,5.345140,8388484,0.038725,12723085,12.355745,3126876,1.020071,67.383995,-78.379997,55.401298,,0.130551,,110.802597,
Sample,16/10/2024 16:22:12,23,9355433,5.345041,8388482,0.038714,12723302,12.353318,3126930,1.020089,67.165001,-77.409996,55.221210,,0.130893,,110.442421,
Sample,16/10/2024 16:22:13,23,9355423,5.344986,8388477,0.038687,12723542,12.350633,3126885,1.020074,67.188004,-75.959999,55.240126,,0.130608,,110.480255,
Sample,16/10/2024 16:22:14,23,9355394,5.344827,8388483,0.038720,12723804,12.347702,3126934,1.020091,67.117996,-77.190002,55.182556,,0.130919,,110.365112,
Sample,16/10/2024 16:22:15,23,9355398,5.344849,8388481,0.038709,12724063,12.344805,3127121,1.020152,66.988998,-77.449997,55.076475,,0.132103,,110.152954,
Sample,16/10/2024 16:22:16,23,9355402,5.344871,8388484,0.038725,12724346,12.341640,3127016,1.020117,67.020004,-78.930000,55.101973,,0.131438,,110.203949,
Sample,16/10/2024 16:22:17,23,9355376,5.344728,8388487,0.038742,12724634,12.338418,3127065,1.020134,67.308998,-77.099998,55.339625,,0.131749,,110.679253,
Sample,16/10/2024 16:22:18,23,9355370,5.344695,8388481,0.038709,12724913,12.335297,3127087,1.020141,67.488998,-77.059998,55.487647,,0.131888,,110.975296,
Sample,16/10/2024 16:22:19,23,9355333,5.344491,8388477,0.038687,12725236,12.331684,3127231,1.020188,67.490005,-78.139999,55.488475,,0.132800,,110.976952,
Sample,16/10/2024 16:22:20,23,9355351,5.344590,8388477,0.038687,12725539,12.328294,3127256,1.020196,67.577995,-77.860001,55.560833,,0.132958,,111.121666,
Sample,16/10/2024 16:22:21,23,9355321,5.344425,8388484,0.038725,12725828,12.325062,3127192,1.020175,67.625000,-77.220001,55.599487,,0.132553,,111.198975,
Sample,16/10/2024 16:22:22,23,9355334,5.344497,8388480,0.038703,12726144,12.321527,3127181,1.020172,67.527000,-77.629997,55.518898,,0.132483,,111.037796,
Sample,16/10/2024 16:22:23,23,9355319,5.344414,8388475,0.038676,12726446,12.318149,3127090,1.020142,67.694000,-77.830002,55.656229,,0.131907,,111.312462,
Sample,16/10/2024 16:22:24,23,9355300,5.344310,8388473,0.038665,12726735,12.314916,3127257,1.020197,67.808998,-77.959999,55.750797,,0.132965,,111.501595,
Sample,16/10/2024 16:22:25,23,9355283,5.344216,8388484,0.038725,12727031,12.311605,3127201,1.020178,67.749001,-77.430000,55.701459,,0.132610,,111.402916,
Sample,16/10/2024 16:22:26,23,9355286,5.344233,8388482,0.038714,12727336,12.308193,3127333,1.020222,67.797005,-77.849998,55.740934,,0.133446,,111.481873,
Sample,16/10/2024 16:22:27,23,9355262,5.344101,8388480,0.038703,12727617,12.305049,3127338,1.020223,68.225998,-78.470001,56.093715,,0.133477,,112.187431,
Sample,16/10/2024 16:22:28,23,9355265,5.344117,8388479,0.038698,12727885,12.302051,3127441,1.020257,68.638000,-76.139999,56.432522,,0.134129,,112.865044,
Sample,16/10/2024 16:22:29,23,9355229,5.343919,8388481,0.038709,12728176,12.298796,3127360,1.020231,68.662003,-75.930000,56.452260,,0.133617,,112.904518,
Sample,16/10/2024 16:22:30,23,9355243,5.343996,8388480,0.038703,12728425,12.296011,3127434,1.020255,68.568001,-76.729996,56.374959,,0.134085,,112.749916,
Sample,16/10/2024 16:22:31,23,9355209,5.343810,8388479,0.038698,12728704,12.292890,3127547,1.020292,68.959000,-77.959999,56.696494,,0.134800,,113.392990,
Sample,16/10/2024 16:22:32,23,9355220,5.343870,8388486,0.038736,12728955,12.290082,3127551,1.020293,69.202003,-75.400002,56.896327,,0.134825,,113.792656,
Sample,16/10/2024 16:22:33,23,9355184,5.343672,8388481,0.038709,12729227,12.287039,3127572,1.020300,69.546005,-80.370003,57.179215,,0.134958,,114.358429,
Sample,16/10/2024 16:22:34,23,9355184,5.343672,8388482,0.038714,12729464,12.284388,3127698,1.020342,69.780998,-77.779999,57.372460,,0.135755,,114.744919,
Sample,16/10/2024 16:22:35,23,9355172,5.343606,8388480,0.038703,12729723,12.281490,3127645,1.020324,69.737999,-78.830002,57.337100,,0.135420,,114.674202,
Sample,16/10/2024 16:22:36,23,9355175,5.343623,8388485,0.038731,12729961,12.278828,3127630,1.020319,69.695999,-77.470001,57.302561,,0.135325,,114.605125,
Sample,16/10/2024 16:22:37,23,9355149,5.343480,8388479,0.038698,12730208,12.276065,3127759,1.020362,69.063004,-77.779999,56.782021,,0.136141,,113.564041,
Sample,16/10/2024 16:22:38,23,9355144,5.343452,8388483,0.038720,12730443,12.273436,3127781,1.020369,68.749001,-79.419998,56.523803,,0.136280,,113.047607,
Sample,16/10/2024 16:22:39,23,9355120,5.343320,8388482,0.038714,12730666,12.270941,3127729,1.020352,68.707001,-78.650002,56.489264,,0.135951,,112.978531,
Sample,16/10/2024 16:22:40,23,9355130,5.343375,8388482,0.038714,12730927,12.268022,3127839,1.020388,68.561996,-79.059998,56.370021,,0.136647,,112.740044,
Sample,16/10/2024 16:22:41,23,9355105,5.343238,8388482,0.038714,12731151,12.265516,3127692,1.020340,68.195000,-78.779999,56.068223,,0.135717,,112.136444,
Sample,16/10/2024 16:22:42,23,9355116,5.343298,8388481,0.038709,12731371,12.263055,3127806,1.020377,67.653000,-80.270004,55.622513,,0.136438,,111.245026,
Sample,16/10/2024 16:22:43,23,9355084,5.343122,8388482,0.038714,12731592,12.260582,3127848,1.020391,66.922005,-78.849998,55.021383,,0.136704,,110.042770,
Sample,16/10/2024 16:22:44,23,9355081,5.343106,8388480,0.038703,12731808,12.258166,3127906,1.020410,66.478996,-80.639999,54.657078,,0.137070,,109.314156,
Sample,16/10/2024 16:22:45,23,9355075,5.343073,8388480,0.038703,12732040,12.255571,3127824,1.020383,66.336998,-81.270004,54.540307,,0.136552,,109.080612,
Sample,16/10/2024 16:22:46,23,9355051,5.342941,8388483,0.038720,12732229,12.253456,3127900,1.020408,66.372002,-80.320000,54.569092,,0.137032,,109.138184,
Sample,16/10/2024 16:22:47,23,9355066,5.343023,8388478,0.038692,12732426,12.251253,3127836,1.020387,66.386002,-80.099998,54.580604,,0.136628,,109.161209,
Sample,16/10/2024 16:22:48,23,9355039,5.342875,8388481,0.038709,12732588,12.249440,3127873,1.020399,66.401001,-79.520004,54.592939,,0.136862,,109.185875,
Sample,16/10/2024 16:22:49,23,9355034,5.342847,8388482,0.038714,12732755,12.247572,3127960,1.020428,66.483994,-77.330002,54.661188,,0.137411,,109.322372,
Sample,16/10/2024 16:22:50,23,9355011,5.342721,8388481,0.038709,12732907,12.245872,3128124,1.020482,66.527000,-79.790001,54.696554,,0.138447,,109.393105,
Sample,16/10/2024 16:22:51,23,9355006,5.342693,8388487,0.038742,12733055,12.244216,3128010,1.020444,66.744003,-79.029999,54.875005,,0.137727,,109.750008,
Sample,16/10/2024 16:22:52,23,9354998,5.342649,8388479,0.038698,12733168,12.242952,3128125,1.020482,67.047997,-79.740005,55.124992,,0.138454,,110.249985,
Sample,16/10/2024 16:22:53,23,9354986,5.342583,8388484,0.038725,12733279,12.241710,3128038,1.020453,67.691002,-78.750000,55.653764,,0.137904,,111.307526,
Sample,16/10/2024 16:22:54,23,9354971,5.342501,8388481,0.038709,12733391,12.240457,3128123,1.020481,68.422005,-79.290001,56.254900,,0.138441,,112.509796,
Sample,16/10/2024 16:22:55,23,9354951,5.342391,8388480,0.038703,12733479,12.239473,3128131,1.020484,68.782997,-78.930000,56.551759,,0.138492,,113.103516,
Sample,16/10/2024 16:22:56,23,9354956,5.342419,8388484,0.038725,12733569,12.238466,3128190,1.020503,68.852997,-76.940002,56.609323,,0.138864,,113.218643,
Sample,16/10/2024 16:22:57,23,9354928,5.342265,8388485,0.038731,12733640,12.237672,3128210,1.020510,68.541000,-76.889999,56.352755,,0.138991,,112.705513,
Sample,16/10/2024 16:22:58,23,9354939,5.342325,8388475,0.038676,12733710,12.236889,3128210,1.020510,68.440002,-79.509995,56.269700,,0.138991,,112.539398,
Sample,16/10/2024 16:22:59,23,9354939,5.342325,8388481,0.038709,12733775,12.236161,3128285,1.020534,68.370003,-78.059998,56.212136,,0.139464,,112.424271,
Sample,16/10/2024 16:23:00,23,9354915,5.342193,8388485,0.038731,12733847,12.235356,3128223,1.020514,68.289001,-77.680000,56.145525,,0.139073,,112.291054,
Sample,16/10/2024 16:23:01,23,9354896,5.342089,8388484,0.038725,12733913,12.234618,3128222,1.020514,68.217003,-78.729996,56.086317,,0.139066,,112.172638,
Sample,16/10/2024 16:23:02,23,9354879,5.341995,8388486,0.038736,12733934,12.234383,3128356,1.020558,67.910995,-78.409996,55.834674,,0.139912,,111.669350,
Sample,16/10/2024 16:23:03,23,9354879,5.341995,8388478,0.038692,12733978,12.233890,3128441,1.020586,68.108994,-77.199997,55.997497,,0.140449,,111.994995,
Sample,16/10/2024 16:23:04,23,9354876,5.341979,8388487,0.038742,12734033,12.233275,3128343,1.020554,68.490005,-80.300003,56.310820,,0.139830,,112.621635,
Sample,16/10/2024 16:23:05,23,9354851,5.341841,8388479,0.038698,12734049,12.233096,3128358,1.020558,69.137001,-78.720001,56.842873,,0.139925,,113.685745,
Sample,16/10/2024 16:23:06,23,9354857,5.341874,8388480,0.038703,12734081,12.232738,3128318,1.020545,69.783997,-78.779999,57.374925,,0.139672,,114.749847,
Sample,16/10/2024 16:23:07,23,9354829,5.341720,8388480,0.038703,12734103,12.232492,3128470,1.020595,70.291000,-78.900002,57.791857,,0.140632,,115.583717,
Sample,16/10/2024 16:23:08,23,9354809,5.341610,8388480,0.038703,12734125,12.232246,3128528,1.020614,70.733994,-79.750000,58.156150,,0.140998,,116.312302,
Sample,16/10/2024 16:23:09,23,9354812,5.341627,8388485,0.038731,12734179,12.231642,3128555,1.020623,71.173996,-79.040001,58.517983,,0.141168,,117.035965,
Sample,16/10/2024 16:23:10,23,9354800,5.341561,8388477,0.038687,12734182,12.231608,3128577,1.020630,71.156998,-76.279999,58.504005,,0.141307,,117.008011,
Sample,16/10/2024 16:23:11,23,9354810,5.341616,8388484,0.038725,12734251,12.230836,3128718,1.020677,71.281998,-78.650002,58.606798,,0.142196,,117.213593,
Sample,16/10/2024 16:23:12,23,9354777,5.341434,8388481,0.038709,12734279,12.230523,3128584,1.020633,71.497002,-77.870003,58.783605,,0.141351,,117.567207,
Sample,16/10/2024 16:23:13,23,9354764,5.341363,8388481,0.038709,12734337,12.229874,3128642,1.020652,71.767998,-77.900002,59.006457,,0.141717,,118.012917,
Sample,16/10/2024 16:23:14,23,9354759,5.341335,8388484,0.038725,12734404,12.229125,3128677,1.020663,72.001999,-77.470001,59.198886,,0.141938,,118.397774,
Sample,16/10/2024 16:23:15,23,9354747,5.341269,8388482,0.038714,12734473,12.228353,3128716,1.020676,72.098999,-78.009995,59.278654,,0.142184,,118.557304,
Sample,16/10/2024 16:23:16,23,9354752,5.341297,8388484,0.038725,12734573,12.227234,3128707,1.020673,71.846001,-77.270004,59.070602,,0.142127,,118.141205,
Sample,16/10/2024 16:23:17,23,9354740,5.341231,8388483,0.038720,12734714,12.225657,3128728,1.020680,71.592003,-78.830002,58.861729,,0.142259,,117.723457,
Sample,16/10/2024 16:23:18,23,9354719,5.341116,8388483,0.038720,12734831,12.224348,3128698,1.020670,71.452995,-78.110001,58.747417,,0.142070,,117.494835,
Sample,16/10/2024 16:23:19,23,9354724,5.341143,8388483,0.038720,12735012,12.222323,3128820,1.020710,71.472000,-78.009995,58.763045,,0.142839,,117.526093,
Sample,16/10/2024 16:23:20,23,9354690,5.340956,8388479,0.038698,12735173,12.220522,3128868,1.020726,71.667007,-77.099998,58.923408,,0.143142,,117.846817,
Sample,16/10/2024 16:23:21,23,9354681,5.340907,8388480,0.038703,12735349,12.218553,3128921,1.020743,71.679001,-78.080002,58.933271,,0.143476,,117.866539,
Sample,16/10/2024 16:23:22,23,9354698,5.341000,8388489,0.038753,12735474,12.217154,3128840,1.020717,71.723000,-77.759995,58.969453,,0.142965,,117.938904,
Sample,16/10/2024 16:23:23,23,9354675,5.340874,8388485,0.038731,12735616,12.215566,3129024,1.020777,71.755997,-77.669998,58.996588,,0.144125,,117.993179,
Sample,16/10/2024 16:23:24,23,9354642,5.340692,8388477,0.038687,12735769,12.213854,3128949,1.020753,71.862999,-76.759995,59.084581,,0.143652,,118.169159,
Sample,16/10/2024 16:23:25,23,9354661,5.340797,8388482,0.038714,12735893,12.212467,3128936,1.020748,71.733994,-77.809998,58.978494,,0.143570,,117.956985,
Sample,16/10/2024 16:23:26,23,9354642,5.340692,8388481,0.038709,12736027,12.210968,3129082,1.020796,71.840004,-76.919998,59.065671,,0.144490,,118.131340,
Sample,16/10/2024 16:23:27,23,9354619,5.340566,8388482,0.038714,12736138,12.209726,3128921,1.020743,71.917999,-76.879997,59.129810,,0.143476,,118.259621,
Sample,16/10/2024 16:23:28,23,9354632,5.340637,8388484,0.038725,12736246,12.208518,3129110,1.020806,71.930000,-76.379997,59.139679,,0.144667,,118.279358,
Sample,16/10/2024 16:23:29,23,9354606,5.340494,8388488,0.038747,12736388,12.206929,3129161,1.020822,72.029999,-75.620003,59.221912,,0.144988,,118.443825,
Sample,16/10/2024 16:23:30,23,9354591,5.340412,8388480,0.038703,12736505,12.205620,3129061,1.020789,71.895004,-75.930000,59.110900,,0.144358,,118.221802,
Sample,16/10/2024 16:23:31,23,9354607,5.340500,8388479,0.038698,12736637,12.204144,3129063,1.020790,71.934998,-75.479996,59.143788,,0.144371,,118.287575,
Sample,16/10/2024 16:23:32,23,9354585,5.340379,8388481,0.038709,12736732,12.203081,3129078,1.020795,71.934998,-77.190002,59.143788,,0.144465,,118.287575,
Sample,16/10/2024 16:23:33,23,9354566,5.340274,8388479,0.038698,12736851,12.201749,3129062,1.020790,72.143997,-77.500000,59.315658,,0.144364,,118.631317,
Sample,16/10/2024 16:23:34,23,9354570,5.340296,8388479,0.038698,12736955,12.200586,3129133,1.020813,72.143997,-78.629997,59.315658,,0.144812,,118.631317,
Sample,16/10/2024 16:23:35,23,9354548,5.340175,8388482,0.038714,12737058,12.199434,3129133,1.020813,72.473999,-75.620003,59.587033,,0.144812,,119.174065,
Sample,16/10/2024 16:23:36,23,9354538,5.340120,8388481,0.038709,12737166,12.198225,3129182,1.020829,72.804001,-76.740005,59.858408,,0.145120,,119.716820,
Sample,16/10/2024 16:23:37,23,9354535,5.340104,8388480,0.038703,12737253,12.197252,3129226,1.020844,72.945000,-75.570000,59.974358,,0.145397,,119.948715,
Sample,16/10/2024 16:23:38,23,9354516,5.339999,8388484,0.038725,12737328,12.196413,3129276,1.020860,73.060997,-77.279999,60.069747,,0.145712,,120.139496,
Sample,16/10/2024 16:23:39,23,9354503,5.339928,8388487,0.038742,12737411,12.195485,3129312,1.020872,73.271004,-77.180000,60.242445,,0.145939,,120.484894,
Sample,16/10/2024 16:23:40,23,9354499,5.339906,8388480,0.038703,12737484,12.194668,3129364,1.020889,73.371002,-77.959999,60.324678,,0.146266,,120.649353,
Sample,16/10/2024 16:23:41,23,9354492,5.339868,8388481,0.038709,12737542,12.194019,3129454,1.020919,73.402000,-78.340004,60.350169,,0.146833,,120.700340,
Sample,16/10/2024 16:23:42,23,9354491,5.339862,8388484,0.038725,12737589,12.193493,3129355,1.020886,73.292999,-75.919998,60.260533,,0.146209,,120.521065,
Sample,16/10/2024 16:23:43,23,9354466,5.339725,8388478,0.038692,12737641,12.192911,3129506,1.020936,73.332001,-75.070000,60.292606,,0.147160,,120.585213,
Sample,16/10/2024 16:23:44,23,9354460,5.339692,8388480,0.038703,12737667,12.192621,3129488,1.020930,73.210999,-76.580002,60.193100,,0.147046,,120.386200,
Sample,16/10/2024 16:23:45,23,9354434,5.339549,8388486,0.038736,12737668,12.192609,3129495,1.020932,73.216003,-76.979996,60.197216,,0.147091,,120.394432,
Sample,16/10/2024 16:23:46,23,9354424,5.339494,8388481,0.038709,12737703,12.192218,3129433,1.020912,73.264999,-74.690002,60.237507,,0.146700,,120.475014,
Sample,16/10/2024 16:23:47,23,9354448,5.339626,8388480,0.038703,12737698,12.192274,3129411,1.020905,73.344002,-76.909996,60.302475,,0.146562,,120.604950,
Sample,16/10/2024 16:23:48,23,9354438,5.339571,8388484,0.038725,12737716,12.192072,3129441,1.020914,73.209999,-77.159996,60.192278,,0.146751,,120.384560,
Sample,16/10/2024 16:23:49,23,9354402,5.339373,8388482,0.038714,12737707,12.192173,3129494,1.020932,73.107002,-76.559998,60.107579,,0.147084,,120.215157,
Sample,16/10/2024 16:23:50,23,9354420,5.339472,8388481,0.038709,12737693,12.192330,3129468,1.020923,72.808998,-78.709999,59.862518,,0.146921,,119.725037,
Sample,16/10/2024 16:23:51,23,9354387,5.339290,8388479,0.038698,12737683,12.192442,3129617,1.020972,72.681999,-77.940002,59.758081,,0.147858,,119.516159,
Sample,16/10/2024 16:23:52,23,9354356,5.339120,8388481,0.038709,12737655,12.192755,3129537,1.020946,72.223000,-77.389999,59.380625,,0.147355,,118.761253,
Sample,16/10/2024 16:23:53,23,9354379,5.339246,8388482,0.038714,12737644,12.192878,3129555,1.020952,71.712997,-78.570000,58.961228,,0.147468,,117.922455,
Sample,16/10/2024 16:23:54,23,9354358,5.339131,8388484,0.038725,12737613,12.193225,3129632,1.020977,71.495003,-77.190002,58.781961,,0.147952,,117.563919,
Sample,16/10/2024 16:23:55,23,9354348,5.339076,8388483,0.038720,12737589,12.193493,3129732,1.021010,71.455002,-79.000000,58.749067,,0.148581,,117.498131,
Sample,16/10/2024 16:23:56,23,9354348,5.339076,8388478,0.038692,12737556,12.193862,3129689,1.020996,71.332001,-79.419998,58.647917,,0.148311,,117.295837,
Sample,16/10/2024 16:23:57,23,9354323,5.338938,8388482,0.038714,12737515,12.194321,3129762,1.021020,71.470001,-78.590004,58.761401,,0.148770,,117.522804,
Sample,16/10/2024 16:23:58,23,9354308,5.338856,8388486,0.038736,12737480,12.194713,3129825,1.021041,71.505997,-77.820000,58.791002,,0.149166,,117.582001,
Sample,16/10/2024 16:23:59,23,9354308,5.338856,8388483,0.038720,12737451,12.195037,3129832,1.021043,71.539001,-78.029999,58.818143,,0.149210,,117.636284,
Sample,16/10/2024 16:24:00,23,9354315,5.338894,8388483,0.038720,12737413,12.195462,3129783,1.021027,71.348000,-77.970001,58.661074,,0.148902,,117.322151,
Sample,16/10/2024 16:24:01,23,9354298,5.338801,8388481,0.038709,12737387,12.195753,3129833,1.021043,71.400002,-78.970001,58.703838,,0.149216,,117.407677,
Sample,16/10/2024 16:24:02,23,9354285,5.338729,8388485,0.038731,12737335,12.196335,3129911,1.021069,71.711998,-79.209999,58.960406,,0.149707,,117.920815,
Sample,16/10/2024 16:24:03,23,9354271,5.338653,8388483,0.038720,12737280,12.196950,3129912,1.021069,71.624001,-80.669998,58.888042,,0.149713,,117.776085,
Sample,16/10/2024 16:24:04,23,9354261,5.338598,8388478,0.038692,12737247,12.197319,3129883,1.021060,71.568001,-77.639999,58.841991,,0.149531,,117.683983,
Sample,16/10/2024 16:24:05,23,9354243,5.338499,8388479,0.038698,12737222,12.197599,3129972,1.021089,71.403999,-79.050003,58.707125,,0.150090,,117.414253,
Sample,16/10/2024 16:24:06,23,9354247,5.338521,8388481,0.038709,12737154,12.198360,3129859,1.021052,71.445000,-77.470001,58.740842,,0.149380,,117.481682,
Sample,16/10/2024 16:24:07,23,9354245,5.338510,8388480,0.038703,12737124,12.198695,3129962,1.021086,71.298996,-78.870003,58.620776,,0.150027,,117.241554,
Sample,16/10/2024 16:24:08,23,9354222,5.338383,8388483,0.038720,12737100,12.198964,3130028,1.021107,71.600998,-77.820000,58.869126,,0.150442,,117.738251,
Sample,16/10/2024 16:24:09,23,9354219,5.338367,8388482,0.038714,12737069,12.199311,3129942,1.021079,71.709000,-79.300003,58.957940,,0.149901,,117.915878,
Sample,16/10/2024 16:24:10,23,9354186,5.338185,8388480,0.038703,12737042,12.199613,3129934,1.021076,71.977997,-77.750000,59.179149,,0.149851,,118.358299,
Sample,16/10/2024 16:24:11,23,9354205,5.338290,8388479,0.038698,12736997,12.200116,3129940,1.021078,72.012001,-77.139999,59.207112,,0.149889,,118.414223,
Sample,16/10/2024 16:24:12,23,9354202,5.338273,8388481,0.038709,12736993,12.200161,3129885,1.021060,72.271004,-77.840004,59.420101,,0.149543,,118.840202,
Sample,16/10/2024 16:24:13,23,9354172,5.338108,8388481,0.038709,12736974,12.200373,3129954,1.021083,72.229996,-76.940002,59.386378,,0.149977,,118.772758,
Sample,16/10/2024 16:24:14,23,9354175,5.338125,8388476,0.038681,12736956,12.200575,3130008,1.021101,71.858994,-77.419998,59.081287,,0.150316,,118.162575,
Sample,16/10/2024 16:24:15,23,9354156,5.338020,8388479,0.038698,12736958,12.200552,3130024,1.021106,71.537003,-76.590004,58.816500,,0.150417,,117.632996,
Sample,16/10/2024 16:24:16,23,9354136,5.337910,8388482,0.038714,12736959,12.200541,3130148,1.021147,71.080002,-79.080002,58.440688,,0.151196,,116.881378,
Sample,16/10/2024 16:24:17,23,9354131,5.337883,8388484,0.038725,12736961,12.200519,3130123,1.021138,70.772995,-77.639999,58.188222,,0.151039,,116.376442,
Sample,16/10/2024 16:24:18,23,9354134,5.337899,8388479,0.038698,12736959,12.200541,3130114,1.021136,70.235001,-78.459999,57.745806,,0.150982,,115.491615,
Sample,16/10/2024 16:24:19,23,9354111,5.337773,8388486,0.038736,12736995,12.200138,3130152,1.021148,69.834000,-78.930000,57.416045,,0.151221,,114.832092,
Sample,16/10/2024 16:24:20,23,9354104,5.337734,8388476,0.038681,12737012,12.199948,3130109,1.021134,69.721001,-80.949997,57.323121,,0.150951,,114.646240,
Sample,16/10/2024 16:24:21,23,9354110,5.337767,8388482,0.038714,12737043,12.199601,3130262,1.021184,69.526001,-79.959999,57.162764,,0.151912,,114.325531,
Sample,16/10/2024 16:24:22,23,9354088,5.337646,8388477,0.038687,12737047,12.199557,3130096,1.021130,69.318001,-77.620003,56.991717,,0.150869,,113.983437,
Sample,16/10/2024 16:24:23,23,9354069,5.337542,8388481,0.038709,12737081,12.199176,3130234,1.021175,69.210999,-79.290001,56.903724,,0.151736,,113.807449,
Sample,16/10/2024 16:24:24,23,9354054,5.337459,8388482,0.038714,12737094,12.199031,3130250,1.021180,68.973000,-78.509995,56.708007,,0.151836,,113.416016,
Sample,16/10/2024 16:24:25,23,9354071,5.337553,8388484,0.038725,12737124,12.198695,3130225,1.021172,68.757004,-76.909996,56.530384,,0.151679,,113.060768,
Sample,16/10/2024 16:24:26,23,9354052,5.337448,8388480,0.038703,12737147,12.198438,3130278,1.021189,68.093002,-80.240005,55.984346,,0.152012,,111.968689,
Sample,16/10/2024 16:24:27,23,9354034,5.337350,8388478,0.038692,12737183,12.198035,3130242,1.021178,67.665001,-79.900002,55.632382,,0.151786,,111.264763,
Sample,16/10/2024 16:24:28,23,9354038,5.337372,8388478,0.038692,12737180,12.198069,3130301,1.021197,67.294998,-80.029999,55.328112,,0.152156,,110.656227,
Sample,16/10/2024 16:24:29,23,9354015,5.337245,8388482,0.038714,12737211,12.197722,3130338,1.021209,66.866005,-80.270004,54.975332,,0.152389,,109.950668,
Sample,16/10/2024 16:24:30,23,9354010,5.337218,8388479,0.038698,12737236,12.197442,3130363,1.021217,66.766006,-80.580002,54.893099,,0.152546,,109.786201,
Sample,16/10/2024 16:24:31,23,9353998,5.337152,8388483,0.038720,12737249,12.197297,3130448,1.021245,66.758995,-81.040001,54.887333,,0.153079,,109.774666,
Sample,16/10/2024 16:24:32,23,9353987,5.337091,8388479,0.038698,12737269,12.197073,3130343,1.021211,66.912003,-79.509995,55.013158,,0.152420,,110.026314,
Sample,16/10/2024 16:24:33,23,9353992,5.337119,8388480,0.038703,12737280,12.196950,3130375,1.021221,66.767006,-80.270004,54.893921,,0.152621,,109.787842,
Sample,16/10/2024 16:24:34,23,9353976,5.337031,8388479,0.038698,12737310,12.196614,3130426,1.021238,66.410995,-81.139999,54.601158,,0.152941,,109.202316,
Sample,16/10/2024 16:24:35,23,9353961,5.336948,8388483,0.038720,12737335,12.196335,3130535,1.021274,66.238998,-79.970001,54.459717,,0.153625,,108.919434,
Sample,16/10/2024 16:24:36,23,9353945,5.336860,8388474,0.038670,12737357,12.196089,3130578,1.021288,66.039001,-78.909996,54.295251,,0.153895,,108.590500,
Sample,16/10/2024 16:24:37,23,9353943,5.336849,8388478,0.038692,12737400,12.195608,3130495,1.021261,66.218002,-79.270004,54.442451,,0.153374,,108.884903,
Sample,16/10/2024 16:24:38,23,9353932,5.336789,8388482,0.038714,12737449,12.195059,3130532,1.021273,66.417007,-79.349998,54.606102,,0.153606,,109.212204,
Sample,16/10/2024 16:24:39,23,9353916,5.336701,8388473,0.038665,12737461,12.194925,3130641,1.021309,66.693001,-82.430000,54.833063,,0.154290,,109.666130,
Sample,16/10/2024 16:24:40,23,9353911,5.336673,8388481,0.038709,12737505,12.194433,3130666,1.021317,67.016006,-80.050003,55.098685,,0.154447,,110.197372,
Sample,16/10/2024 16:24:41,23,9353908,5.336657,8388479,0.038698,12737531,12.194142,3130641,1.021309,67.452995,-79.490005,55.458040,,0.154290,,110.916084,
Sample,16/10/2024 16:24:42,23,9353893,5.336574,8388483,0.038720,12737584,12.193549,3130605,1.021297,67.811996,-78.729996,55.753263,,0.154064,,111.506523,
Sample,16/10/2024 16:24:43,23,9353879,5.336497,8388482,0.038714,12737614,12.193213,3130625,1.021303,68.066002,-80.159996,55.962143,,0.154190,,111.924286,
Sample,16/10/2024 16:24:44,23,9353888,5.336547,8388480,0.038703,12737663,12.192665,3130602,1.021296,67.736000,-80.080002,55.690768,,0.154045,,111.381538,
Sample,16/10/2024 16:24:45,23,9353869,5.336442,8388478,0.038692,12737689,12.192374,3130604,1.021297,67.516006,-79.320000,55.509857,,0.154058,,111.019714,
Sample,16/10/2024 16:24:46,23,9353844,5.336305,8388479,0.038698,12737717,12.192061,3130605,1.021297,67.103996,-81.240005,55.171043,,0.154064,,110.342087,
Sample,16/10/2024 16:24:47,23,9353850,5.336338,8388483,0.038720,12737762,12.191558,3130653,1.021313,67.115005,-81.990005,55.180096,,0.154365,,110.360191,
Sample,16/10/2024 16:24:48,23,9353854,5.336360,8388480,0.038703,12737789,12.191256,3130693,1.021326,67.038002,-79.699997,55.116773,,0.154616,,110.233543,
Sample,16/10/2024 16:24:49,23,9353824,5.336195,8388480,0.038703,12737807,12.191054,3130690,1.021325,66.772995,-81.190002,54.898846,,0.154597,,109.797691,
Sample,16/10/2024 16:24:50,23,9353823,5.336189,8388481,0.038709,12737786,12.191289,3130701,1.021328,66.455002,-79.529999,54.637346,,0.154666,,109.274696,
Sample,16/10/2024 16:24:51,23,9353801,5.336069,8388479,0.038698,12737820,12.190909,3130779,1.021354,66.237000,-79.279999,54.458073,,0.155155,,108.916145,
Sample,16/10/2024 16:24:52,23,9353797,5.336047,8388483,0.038720,12737807,12.191054,3130720,1.021335,66.298996,-80.389999,54.509056,,0.154785,,109.018112,
Sample,16/10/2024 16:24:53,23,9353802,5.336074,8388481,0.038709,12737831,12.190786,3130729,1.021338,66.290001,-80.379997,54.501659,,0.154842,,109.003319,
Sample,16/10/2024 16:24:54,23,9353784,5.335975,8388480,0.038703,12737829,12.190808,3130816,1.021366,66.406998,-79.919998,54.597870,,0.155387,,109.195740,
Sample,16/10/2024 16:24:55,23,9353764,5.335865,8388481,0.038709,12737834,12.190752,3130852,1.021378,66.464005,-78.340004,54.644750,,0.155613,,109.289497,
Sample,16/10/2024 16:24:56,23,9353751,5.335794,8388478,0.038692,12737821,12.190898,3130800,1.021361,66.375999,-79.800003,54.572379,,0.155287,,109.144760,
Sample,16/10/2024 16:24:57,23,9353752,5.335799,8388483,0.038720,12737813,12.190987,3130880,1.021387,66.383995,-78.459999,54.578954,,0.155789,,109.157906,
Sample,16/10/2024 16:24:58,23,9353750,5.335788,8388482,0.038714,12737823,12.190875,3130907,1.021396,66.332993,-81.209999,54.537013,,0.155958,,109.074028,
Sample,16/10/2024 16:24:59,23,9353746,5.335766,8388484,0.038725,12737821,12.190898,3130934,1.021405,66.373001,-80.290001,54.569914,,0.156127,,109.139824,
Sample,16/10/2024 16:25:00,23,9353726,5.335656,8388477,0.038687,12737785,12.191300,3131074,1.021451,66.192001,-77.389999,54.421069,,0.157004,,108.842140,
Sample,16/10/2024 16:25:01,23,9353695,5.335486,8388481,0.038709,12737778,12.191379,3131014,1.021431,65.982994,-79.190002,54.249194,,0.156628,,108.498390,
Sample,16/10/2024 16:25:02,23,9353707,5.335552,8388476,0.038681,12737755,12.191636,3131070,1.021450,66.232002,-80.209999,54.453964,,0.156979,,108.907928,
Sample,16/10/2024 16:25:03,23,9353706,5.335546,8388478,0.038692,12737737,12.191837,3131055,1.021445,66.370003,-80.040001,54.567448,,0.156885,,109.134895,
Sample,16/10/2024 16:25:04,23,9353673,5.335365,8388480,0.038703,12737725,12.191972,3131107,1.021462,66.348999,-77.959999,54.550176,,0.157211,,109.100349,
Sample,16/10/2024 16:25:05,23,9353687,5.335442,8388480,0.038703,12737756,12.191625,3131068,1.021449,66.431999,-80.240005,54.618430,,0.156967,,109.236862,
Sample,16/10/2024 16:25:06,23,9353682,5.335414,8388486,0.038736,12737709,12.192151,3131025,1.021435,66.457001,-78.809998,54.638990,,0.156697,,109.277977,
Sample,16/10/2024 16:25:07,23,9353658,5.335282,8388483,0.038720,12737723,12.191994,3131205,1.021494,66.429001,-80.940002,54.615965,,0.157825,,109.231926,
Sample,16/10/2024 16:25:08,23,9353654,5.335260,8388481,0.038709,12737705,12.192195,3131175,1.021484,66.481003,-80.440002,54.658728,,0.157637,,109.317459,
Sample,16/10/2024 16:25:09,23,9353655,5.335266,8388482,0.038714,12737694,12.192318,3131170,1.021483,66.375000,-80.889999,54.571557,,0.157606,,109.143112,
Sample,16/10/2024 16:25:10,23,9353646,5.335216,8388482,0.038714,12737689,12.192374,3131085,1.021455,66.492004,-80.040001,54.667775,,0.157073,,109.335548,
Sample,16/10/2024 16:25:11,23,9353627,5.335112,8388476,0.038681,12737658,12.192721,3131181,1.021486,66.574997,-79.379997,54.736024,,0.157675,,109.472046,
Sample,16/10/2024 16:25:12,23,9353614,5.335040,8388484,0.038725,12737687,12.192397,3131116,1.021465,66.827003,-79.620003,54.943260,,0.157267,,109.886520,
Sample,16/10/2024 16:25:13,23,9353582,5.334864,8388480,0.038703,12737685,12.192419,3131153,1.021477,66.917999,-79.940002,55.018090,,0.157499,,110.036179,
Sample,16/10/2024 16:25:14,23,9353608,5.335007,8388480,0.038703,12737686,12.192408,3131087,1.021455,66.846001,-79.389999,54.958882,,0.157086,,109.917763,
Sample,16/10/2024 16:25:15,23,9353591,5.334914,8388483,0.038720,12737703,12.192218,3131093,1.021457,66.699997,-79.409996,54.838817,,0.157123,,109.677635,
Sample,16/10/2024 16:25:16,23,9353564,5.334766,8388478,0.038692,12737707,12.192173,3131124,1.021467,66.639999,-80.090004,54.789478,,0.157318,,109.578957,
Sample,16/10/2024 16:25:17,23,9353588,5.334897,8388481,0.038709,12737708,12.192162,3131097,1.021459,66.647995,-79.720001,54.796053,,0.157148,,109.592110,
Sample,16/10/2024 16:25:18,23,9353562,5.334755,8388482,0.038714,12737719,12.192039,3131200,1.021492,66.745003,-81.400002,54.875827,,0.157794,,109.751656,
Sample,16/10/2024 16:25:19,23,9353544,5.334656,8388478,0.038692,12737734,12.191871,3131243,1.021507,66.875000,-78.190002,54.982729,,0.158063,,109.965462,
Sample,16/10/2024 16:25:20,23,9353515,5.334496,8388480,0.038703,12737705,12.192195,3131215,1.021497,66.939003,-80.349998,55.035362,,0.157888,,110.070724,
Sample,16/10/2024 16:25:21,23,9353540,5.334634,8388481,0.038709,12737718,12.192050,3131235,1.021504,67.134995,-79.990005,55.196534,,0.158013,,110.393066,
Sample,16/10/2024 16:25:22,23,9353518,5.334513,8388477,0.038687,12737728,12.191938,3131286,1.021521,67.223000,-80.349998,55.268905,,0.158332,,110.537811,
Sample,16/10/2024 16:25:23,23,9353510,5.334469,8388477,0.038687,12737726,12.191960,3131298,1.021525,67.305000,-79.820000,55.336338,,0.158407,,110.672676,
Sample,16/10/2024 16:25:24,23,9353497,5.334397,8388480,0.038703,12737726,12.191960,3131333,1.021536,67.380997,-79.209999,55.398833,,0.158626,,110.797668,
Sample,16/10/2024 16:25:25,23,9353493,5.334375,8388481,0.038709,12737715,12.192084,3131317,1.021531,67.268997,-82.409996,55.306731,,0.158526,,110.613464,
Sample,16/10/2024 16:25:26,23,9353476,5.334282,8388481,0.038709,12737711,12.192128,3131271,1.021516,67.199997,-79.750000,55.249989,,0.158238,,110.499977,
Sample,16/10/2024 16:25:27,23,9353465,5.334221,8388484,0.038725,12737705,12.192195,3131444,1.021573,67.181999,-80.970001,55.235188,,0.159321,,110.470375,
Sample,16/10/2024 16:25:28,23,9353461,5.334199,8388479,0.038698,12737688,12.192386,3131441,1.021572,67.258995,-78.669998,55.298505,,0.159302,,110.597008,
Sample,16/10/2024 16:25:29,23,9353472,5.334260,8388476,0.038681,12737671,12.192576,3131440,1.021571,67.400002,-80.750000,55.414461,,0.159296,,110.828926,
Sample,16/10/2024 16:25:30,23,9353447,5.334122,8388483,0.038720,12737668,12.192609,3131482,1.021585,67.577995,-81.040001,55.560833,,0.159559,,111.121666,
Sample,16/10/2024 16:25:31,23,9353429,5.334023,8388483,0.038720,12737645,12.192867,3131433,1.021569,67.584999,-79.979996,55.566593,,0.159252,,111.133186,
Sample,16/10/2024 16:25:32,23,9353418,5.333963,8388478,0.038692,12737624,12.193102,3131465,1.021580,67.576004,-82.080002,55.559196,,0.159453,,111.118393,
Sample,16/10/2024 16:25:33,23,9353438,5.334073,8388481,0.038709,12737600,12.193370,3131509,1.021594,67.785995,-79.099998,55.731881,,0.159728,,111.463760,
Sample,16/10/2024 16:25:34,23,9353418,5.333963,8388480,0.038703,12737586,12.193527,3131550,1.021607,67.883995,-80.090004,55.812470,,0.159984,,111.624939,
Sample,16/10/2024 16:25:35,23,9353397,5.333847,8388479,0.038698,12737546,12.193974,3131511,1.021595,67.863998,-78.389999,55.796026,,0.159740,,111.592056,
Sample,16/10/2024 16:25:36,23,9353384,5.333776,8388477,0.038687,12737521,12.194254,3131524,1.021599,67.848999,-79.419998,55.783692,,0.159822,,111.567383,
Sample,16/10/2024 16:25:37,23,9353386,5.333787,8388486,0.038736,12737495,12.194545,3131511,1.021595,67.960999,-79.790001,55.875794,,0.159740,,111.751587,
Sample,16/10/2024 16:25:38,23,9353379,5.333748,8388478,0.038692,12737451,12.195037,3131450,1.021575,67.834000,-80.669998,55.771357,,0.159359,,111.542717,
Sample,16/10/2024 16:25:39,23,9353365,5.333671,8388482,0.038714,12737438,12.195182,3131466,1.021580,67.935997,-80.430000,55.855234,,0.159459,,111.710464,
Sample,16/10/2024 16:25:40,23,9353363,5.333660,8388483,0.038720,12737398,12.195630,3131560,1.021611,67.728996,-81.669998,55.685008,,0.160047,,111.370018,
Sample,16/10/2024 16:25:41,23,9353351,5.333594,8388481,0.038709,12737388,12.195742,3131594,1.021622,67.808998,-81.970001,55.750797,,0.160260,,111.501595,
Sample,16/10/2024 16:25:42,23,9353355,5.333616,8388485,0.038731,12737382,12.195809,3131611,1.021627,67.656998,-80.729996,55.625801,,0.160366,,111.251602,
Sample,16/10/2024 16:25:43,23,9353321,5.333430,8388480,0.038703,12737344,12.196234,3131642,1.021638,67.417007,-80.729996,55.428446,,0.160560,,110.856895,
Sample,16/10/2024 16:25:44,23,9353321,5.333430,8388479,0.038698,12737335,12.196335,3131652,1.021641,67.334999,-80.029999,55.361007,,0.160623,,110.722015,
Sample,16/10/2024 16:25:45,23,9353305,5.333342,8388478,0.038692,12737301,12.196715,3131701,1.021657,67.151001,-81.349998,55.209697,,0.160929,,110.419395,
Sample,16/10/2024 16:25:46,23,9353294,5.333281,8388480,0.038703,12737270,12.197062,3131610,1.021627,67.190002,-80.740005,55.241770,,0.160360,,110.483536,
Sample,16/10/2024 16:25:47,23,9353304,5.333336,8388479,0.038698,12737267,12.197096,3131776,1.021682,67.216003,-81.599998,55.263152,,0.161398,,110.526306,
Sample,16/10/2024 16:25:48,23,9353282,5.333215,8388476,0.038681,12737268,12.197084,3131873,1.021714,67.279999,-81.709999,55.315778,,0.162005,,110.631554,
Sample,16/10/2024 16:25:49,23,9353265,5.333122,8388479,0.038698,12737239,12.197409,3131643,1.021638,67.223999,-82.520004,55.269727,,0.160566,,110.539452,
Sample,16/10/2024 16:25:50,23,9353268,5.333138,8388476,0.038681,12737221,12.197610,3131818,1.021696,67.211998,-80.509995,55.259858,,0.161661,,110.519714,
Sample,16/10/2024 16:25:51,23,9353262,5.333105,8388484,0.038725,12737209,12.197744,3131671,1.021647,67.374001,-79.169998,55.393080,,0.160741,,110.786156,
Sample,16/10/2024 16:25:52,23,9353255,5.333067,8388480,0.038703,12737175,12.198125,3131751,1.021673,67.248001,-79.770004,55.289465,,0.161242,,110.578926,
Sample,16/10/2024 16:25:53,23,9353255,5.333067,8388479,0.038698,12737168,12.198203,3131678,1.021650,67.264000,-80.190002,55.302621,,0.160785,,110.605240,
Sample,16/10/2024 16:25:54,23,9353242,5.332995,8388479,0.038698,12737152,12.198382,3131742,1.021671,67.261002,-81.800003,55.300155,,0.161185,,110.600311,
Sample,16/10/2024 16:25:55,23,9353224,5.332896,8388484,0.038725,12737148,12.198427,3131727,1.021666,67.171005,-80.820000,55.226148,,0.161092,,110.452293,
Sample,16/10/2024 16:25:56,23,9353205,5.332792,8388475,0.038676,12737143,12.198483,3131854,1.021707,67.100998,-78.360001,55.168577,,0.161886,,110.337158,
Sample,16/10/2024 16:25:57,23,9353216,5.332852,8388479,0.038698,12737134,12.198583,3131812,1.021694,67.042999,-81.020004,55.120883,,0.161623,,110.241768,
Sample,16/10/2024 16:25:58,23,9353207,5.332803,8388484,0.038725,12737124,12.198695,3131808,1.021692,66.729996,-83.659996,54.863486,,0.161598,,109.726974,
Sample,16/10/2024 16:25:59,23,9353199,5.332759,8388481,0.038709,12737128,12.198651,3131869,1.021712,66.400002,-80.349998,54.592117,,0.161980,,109.184235,
Sample,16/10/2024 16:26:00,23,9353172,5.332610,8388483,0.038720,12737126,12.198673,3131917,1.021728,66.214005,-81.870003,54.439164,,0.162280,,108.878326,
Sample,16/10/2024 16:26:01,23,9353160,5.332544,8388477,0.038687,12737106,12.198897,3131819,1.021696,65.806999,-80.779999,54.104465,,0.161667,,108.208931,
Sample,16/10/2024 16:26:02,23,9353180,5.332654,8388482,0.038714,12737101,12.198953,3131829,1.021699,65.485001,-81.400002,53.839672,,0.161729,,107.679344,
Sample,16/10/2024 16:26:03,23,9353156,5.332522,8388476,0.038681,12737092,12.199053,3131794,1.021688,65.156998,-81.389999,53.569940,,0.161511,,107.139877,
Sample,16/10/2024 16:26:04,23,9353146,5.332467,8388480,0.038703,12737075,12.199243,3131982,1.021749,65.008995,-81.639999,53.448231,,0.162686,,106.896461,
Sample,16/10/2024 16:26:05,23,9353148,5.332478,8388484,0.038725,12737080,12.199188,3131947,1.021738,64.957001,-80.409996,53.405474,,0.162467,,106.810951,
Sample,16/10/2024 16:26:06,23,9353125,5.332352,8388483,0.038720,12737060,12.199411,3132007,1.021758,64.699997,-81.770004,53.194129,,0.162842,,106.388260,
Sample,16/10/2024 16:26:07,23,9353103,5.332231,8388480,0.038703,12737080,12.199188,3131997,1.021754,64.724998,-81.229996,53.214688,,0.162780,,106.429375,
Sample,16/10/2024 16:26:08,23,9353118,5.332313,8388479,0.038698,12737049,12.199534,3131993,1.021753,64.701004,-80.470001,53.194957,,0.162755,,106.389915,
Sample,16/10/2024 16:26:09,23,9353109,5.332264,8388482,0.038714,12737064,12.199367,3131930,1.021732,64.668999,-82.220001,53.168637,,0.162361,,106.337273,
Sample,16/10/2024 16:26:10,23,9353105,5.332242,8388478,0.038692,12737019,12.199870,3131941,1.021736,64.589005,-81.259995,53.102855,,0.162430,,106.205711,
Sample,16/10/2024 16:26:11,23,9353092,5.332171,8388477,0.038687,12737007,12.200004,3132011,1.021759,64.436996,-80.639999,52.977852,,0.162867,,105.955704,
Sample,16/10/2024 16:26:12,23,9353070,5.332050,8388481,0.038709,12736978,12.200329,3132088,1.021784,64.172005,-81.000000,52.759937,,0.163348,,105.519875,
Sample,16/10/2024 16:26:13,23,9353059,5.331989,8388480,0.038703,12736970,12.200418,3132108,1.021791,64.030998,-80.669998,52.643981,,0.163473,,105.287964,
Sample,16/10/2024 16:26:14,23,9353067,5.332033,8388483,0.038720,12736939,12.200765,3132112,1.021792,64.020004,-80.000000,52.634941,,0.163498,,105.269882,
Sample,16/10/2024 16:26:15,23,9353055,5.331967,8388479,0.038698,12736933,12.200832,3132213,1.021825,64.082993,-82.680000,52.686739,,0.164129,,105.373474,
Sample,16/10/2024 16:26:16,23,9353040,5.331885,8388479,0.038698,12736889,12.201324,3132065,1.021777,63.805000,-81.279999,52.458133,,0.163204,,104.916267,
Sample,16/10/2024 16:26:17,23,9353050,5.331940,8388483,0.038720,12736849,12.201772,3132190,1.021818,63.818001,-79.830002,52.468824,,0.163985,,104.937645,
Sample,16/10/2024 16:26:18,23,9353033,5.331846,8388481,0.038709,12736823,12.202063,3132249,1.021837,63.683998,-81.309998,52.358628,,0.164354,,104.717255,
Sample,16/10/2024 16:26:19,23,9353012,5.331731,8388482,0.038714,12736791,12.202421,3132224,1.021829,63.591003,-80.870003,52.282154,,0.164198,,104.564308,
Sample,16/10/2024 16:26:20,23,9353006,5.331698,8388484,0.038725,12736758,12.202790,3132288,1.021850,63.657997,-81.169998,52.337246,,0.164597,,104.674492,
Sample,16/10/2024 16:26:21,23,9352994,5.331632,8388483,0.038720,12736726,12.203148,3132226,1.021830,63.500999,-80.940002,52.208140,,0.164210,,104.416283,
Sample,16/10/2024 16:26:22,23,9352992,5.331621,8388482,0.038714,12736678,12.203685,3132345,1.021869,63.456001,-80.809998,52.171136,,0.164953,,104.342270,
Sample,16/10/2024 16:26:23,23,9352982,5.331566,8388485,0.038731,12736655,12.203942,3132214,1.021826,63.612999,-81.379997,52.300242,,0.164135,,104.600487,
Sample,16/10/2024 16:26:24,23,9352970,5.331500,8388482,0.038714,12736626,12.204267,3132183,1.021815,63.645000,-83.080002,52.326558,,0.163942,,104.653114,
Sample,16/10/2024 16:26:25,23,9352957,5.331428,8388482,0.038714,12736575,12.204837,3132270,1.021844,63.780998,-79.860001,52.438395,,0.164485,,104.876793,
Sample,16/10/2024 16:26:26,23,9352950,5.331390,8388478,0.038692,12736554,12.205072,3132314,1.021859,63.866005,-82.180000,52.508300,,0.164760,,105.016602,
Sample,16/10/2024 16:26:27,23,9352941,5.331340,8388476,0.038681,12736536,12.205273,3132293,1.021852,63.802998,-80.870003,52.456486,,0.164629,,104.912971,
Sample,16/10/2024 16:26:28,23,9352930,5.331280,8388477,0.038687,12736502,12.205654,3132348,1.021870,63.775002,-80.290001,52.433464,,0.164972,,104.866928,
Sample,16/10/2024 16:26:29,23,9352924,5.331247,8388482,0.038714,12736503,12.205643,3132357,1.021873,63.652000,-80.279999,52.332315,,0.165028,,104.664627,
Sample,16/10/2024 16:26:30,23,9352909,5.331164,8388478,0.038692,12736489,12.205799,3132398,1.021886,63.535999,-84.360001,52.236922,,0.165284,,104.473846,
Sample,16/10/2024 16:26:31,23,9352905,5.331142,8388481,0.038709,12736463,12.206090,3132399,1.021886,63.348000,-82.440002,52.082322,,0.165290,,104.164642,
Sample,16/10/2024 16:26:32,23,9352906,5.331148,8388483,0.038720,12736444,12.206303,3132307,1.021856,63.286999,-84.199997,52.032158,,0.164716,,104.064316,
Sample,16/10/2024 16:26:33,23,9352895,5.331087,8388482,0.038714,12736422,12.206549,3132215,1.021826,63.264000,-82.199997,52.013245,,0.164141,,104.026489,
Sample,16/10/2024 16:26:34,23,9352888,5.331049,8388480,0.038703,12736430,12.206459,3132403,1.021888,63.132000,-81.370003,51.904696,,0.165315,,103.809395,
Sample,16/10/2024 16:26:35,23,9352871,5.330955,8388475,0.038676,12736417,12.206605,3132355,1.021872,63.040001,-82.459999,51.829041,,0.165016,,103.658081,
Sample,16/10/2024 16:26:36,23,9352866,5.330928,8388482,0.038714,12736431,12.206448,3132478,1.021912,62.867004,-81.849998,51.686778,,0.165783,,103.373558,
Sample,16/10/2024 16:26:37,23,9352861,5.330900,8388483,0.038720,12736442,12.206325,3132542,1.021933,62.685997,-84.290001,51.537928,,0.166183,,103.075859,
Sample,16/10/2024 16:26:38,23,9352843,5.330802,8388480,0.038703,12736438,12.206370,3132448,1.021903,62.632000,-82.550003,51.493523,,0.165596,,102.987045,
Sample,16/10/2024 16:26:39,23,9352843,5.330802,8388480,0.038703,12736442,12.206325,3132415,1.021892,62.486000,-83.110001,51.373461,,0.165390,,102.746925,
Sample,16/10/2024 16:26:40,23,9352829,5.330725,8388482,0.038714,12736445,12.206292,3132398,1.021886,62.528999,-83.340004,51.408822,,0.165284,,102.817642,
Sample,16/10/2024 16:26:41,23,9352810,5.330620,8388481,0.038709,12736465,12.206068,3132461,1.021907,62.618000,-82.320000,51.482011,,0.165677,,102.964020,
Sample,16/10/2024 16:26:42,23,9352809,5.330615,8388482,0.038714,12736467,12.206045,3132385,1.021882,62.645000,-80.930000,51.504214,,0.165203,,103.008430,
Sample,16/10/2024 16:26:43,23,9352798,5.330554,8388481,0.038709,12736473,12.205978,3132633,1.021963,62.670002,-81.570000,51.524774,,0.166751,,103.049545,
Sample,16/10/2024 16:26:44,23,9352803,5.330582,8388480,0.038703,12736481,12.205889,3132504,1.021921,62.789001,-82.330002,51.622633,,0.165946,,103.245262,
Sample,16/10/2024 16:26:45,23,9352789,5.330505,8388481,0.038709,12736494,12.205743,3132477,1.021912,62.917004,-82.279999,51.727895,,0.165777,,103.455788,
Sample,16/10/2024 16:26:46,23,9352784,5.330477,8388481,0.038709,12736496,12.205721,3132503,1.021921,62.871002,-82.199997,51.690066,,0.165939,,103.380135,
Sample,16/10/2024 16:26:47,23,9352773,5.330417,8388482,0.038714,12736487,12.205822,3132546,1.021935,62.993000,-81.699997,51.790390,,0.166208,,103.580780,
Sample,16/10/2024 16:26:48,23,9352767,5.330384,8388481,0.038709,12736509,12.205576,3132611,1.021956,62.982994,-81.110001,51.782161,,0.166613,,103.564323,
Sample,16/10/2024 16:26:49,23,9352752,5.330301,8388478,0.038692,12736523,12.205419,3132553,1.021937,63.052002,-83.419998,51.838910,,0.166251,,103.677818,
Sample,16/10/2024 16:26:50,23,9352745,5.330263,8388477,0.038687,12736508,12.205587,3132636,1.021964,62.984997,-82.620003,51.783808,,0.166769,,103.567619,
Sample,16/10/2024 16:26:51,23,9352725,5.330153,8388480,0.038703,12736510,12.205564,3132676,1.021977,63.067005,-82.520004,51.851247,,0.167019,,103.702492,
Sample,16/10/2024 16:26:52,23,9352729,5.330175,8388479,0.038698,12736520,12.205452,3132672,1.021976,62.978996,-80.529999,51.778874,,0.166994,,103.557747,
Sample,16/10/2024 16:26:53,23,9352724,5.330147,8388480,0.038703,12736531,12.205329,3132522,1.021927,62.945000,-82.639999,51.750917,,0.166058,,103.501831,
Sample,16/10/2024 16:26:54,23,9352711,5.330076,8388483,0.038720,12736520,12.205452,3132685,1.021980,62.916004,-81.800003,51.727073,,0.167075,,103.454147,
Sample,16/10/2024 16:26:55,23,9352698,5.330004,8388482,0.038714,12736525,12.205397,3132561,1.021940,62.942005,-81.459999,51.748454,,0.166301,,103.496910,
Sample,16/10/2024 16:26:56,23,9352689,5.329955,8388478,0.038692,12736519,12.205464,3132667,1.021975,62.877998,-82.500000,51.695819,,0.166963,,103.391640,
Sample,16/10/2024 16:26:57,23,9352686,5.329938,8388482,0.038714,12736534,12.205296,3132620,1.021959,62.753998,-82.169998,51.593848,,0.166670,,103.187698,
Sample,16/10/2024 16:26:58,23,9352681,5.329911,8388481,0.038709,12736520,12.205452,3132664,1.021974,62.723000,-81.169998,51.568356,,0.166944,,103.136711,
Sample,16/10/2024 16:26:59,23,9352654,5.329762,8388485,0.038731,12736525,12.205397,3132633,1.021963,62.743000,-83.479996,51.584804,,0.166751,,103.169609,
Sample,16/10/2024 16:27:00,23,9352663,5.329812,8388480,0.038703,12736527,12.205374,3132662,1.021973,62.900002,-83.330002,51.713913,,0.166932,,103.427826,
Sample,16/10/2024 16:27:01,23,9352645,5.329713,8388478,0.038692,12736531,12.205329,3132576,1.021945,63.090004,-82.110001,51.870160,,0.166395,,103.740318,
Sample,16/10/2024 16:27:02,23,9352649,5.329735,8388481,0.038709,12736523,12.205419,3132618,1.021958,63.209999,-81.309998,51.968838,,0.166657,,103.937675,
Sample,16/10/2024 16:27:03,23,9352615,5.329548,8388481,0.038709,12736511,12.205553,3132670,1.021976,63.413002,-83.220001,52.135776,,0.166981,,104.271553,
Sample,16/10/2024 16:27:04,23,9352626,5.329608,8388476,0.038681,12736521,12.205441,3132696,1.021984,63.592003,-81.669998,52.282976,,0.167144,,104.565956,
Sample,16/10/2024 16:27:05,23,9352621,5.329581,8388486,0.038736,12736526,12.205385,3132779,1.022011,63.730000,-81.759995,52.396457,,0.167661,,104.792915,
Sample,16/10/2024 16:27:06,23,9352621,5.329581,8388485,0.038731,12736543,12.205195,3132746,1.022000,63.711998,-82.370003,52.381653,,0.167455,,104.763306,
Sample,16/10/2024 16:27:07,23,9352604,5.329488,8388482,0.038714,12736534,12.205296,3132823,1.022026,63.895000,-82.550003,52.532144,,0.167936,,105.064285,
Sample,16/10/2024 16:27:08,23,9352590,5.329411,8388476,0.038681,12736527,12.205374,3132754,1.022003,63.872002,-81.680000,52.513232,,0.167505,,105.026466,
Sample,16/10/2024 16:27:09,23,9352572,5.329312,8388484,0.038725,12736520,12.205452,3132800,1.022018,64.005997,-82.570000,52.623422,,0.167792,,105.246841,
Sample,16/10/2024 16:27:10,23,9352571,5.329306,8388481,0.038709,12736534,12.205296,3132881,1.022045,64.094002,-82.750000,52.695792,,0.168297,,105.391586,
Sample,16/10/2024 16:27:11,23,9352567,5.329284,8388487,0.038742,12736526,12.205385,3132856,1.022037,64.009995,-82.440002,52.626709,,0.168141,,105.253418,
Sample,16/10/2024 16:27:12,23,9352568,5.329290,8388483,0.038720,12736537,12.205262,3132818,1.022024,63.865002,-81.150002,52.507475,,0.167904,,105.014954,
Sample,16/10/2024 16:27:13,23,9352541,5.329141,8388479,0.038698,12736529,12.205352,3132892,1.022048,63.840004,-82.419998,52.486918,,0.168366,,104.973839,
Sample,16/10/2024 16:27:14,23,9352547,5.329174,8388477,0.038687,12736517,12.205486,3132739,1.021998,63.776001,-82.440002,52.434286,,0.167412,,104.868568,
Sample,16/10/2024 16:27:15,23,9352535,5.329108,8388484,0.038725,12736537,12.205262,3132886,1.022046,63.676003,-82.209999,52.352053,,0.168328,,104.704109,
Sample,16/10/2024 16:27:16,23,9352524,5.329048,8388475,0.038676,12736535,12.205285,3132876,1.022043,63.441002,-80.809998,52.158801,,0.168266,,104.317604,
Sample,16/10/2024 16:27:17,23,9352519,5.329020,8388478,0.038692,12736529,12.205352,3132791,1.022015,63.460999,-80.229996,52.175246,,0.167736,,104.350494,
Sample,16/10/2024 16:27:18,23,9352514,5.328993,8388482,0.038714,12736533,12.205307,3132829,1.022028,63.534996,-82.330002,52.236097,,0.167973,,104.472191,
Sample,16/10/2024 16:27:19,23,9352501,5.328921,8388480,0.038703,12736531,12.205329,3132825,1.022026,63.489002,-83.270004,52.198274,,0.167948,,104.396545,
Sample,16/10/2024 16:27:20,23,9352498,5.328905,8388484,0.038725,12736509,12.205576,3132857,1.022037,63.427998,-83.099998,52.148107,,0.168148,,104.296211,
Sample,16/10/2024 16:27:21,23,9352478,5.328795,8388482,0.038714,12736525,12.205397,3132869,1.022041,63.477997,-80.990005,52.189224,,0.168222,,104.378448,
Sample,16/10/2024 16:27:22,23,9352464,5.328718,8388476,0.038681,12736506,12.205609,3132933,1.022062,63.422997,-83.110001,52.143995,,0.168621,,104.287987,
Sample,16/10/2024 16:27:23,23,9352476,5.328784,8388478,0.038692,12736507,12.205598,3132964,1.022072,63.366005,-81.990005,52.097128,,0.168815,,104.194260,
Sample,16/10/2024 16:27:24,23,9352453,5.328657,8388479,0.038698,12736486,12.205833,3132975,1.022076,63.152000,-81.520004,51.921143,,0.168883,,103.842285,
Sample,16/10/2024 16:27:25,23,9352450,5.328641,8388478,0.038692,12736477,12.205934,3132990,1.022081,63.112999,-81.849998,51.889070,,0.168977,,103.778137,
Sample,16/10/2024 16:27:26,23,9352447,5.328624,8388484,0.038725,12736469,12.206023,3132820,1.022025,62.958996,-81.290001,51.762427,,0.167917,,103.524857,
Sample,16/10/2024 16:27:27,23,9352415,5.328448,8388482,0.038714,12736445,12.206292,3133071,1.022107,62.846001,-81.790001,51.669506,,0.169481,,103.339012,
Sample,16/10/2024 16:27:28,23,9352413,5.328437,8388481,0.038709,12736427,12.206493,3132876,1.022043,62.704998,-81.009995,51.553553,,0.168266,,103.107109,
Sample,16/10/2024 16:27:29,23,9352423,5.328492,8388485,0.038731,12736415,12.206627,3133061,1.022104,62.698997,-81.599998,51.548619,,0.169419,,103.097237,
Sample,16/10/2024 16:27:30,23,9352428,5.328520,8388481,0.038709,12736386,12.206952,3132922,1.022058,62.772999,-82.750000,51.609473,,0.168553,,103.218948,
Sample,16/10/2024 16:27:31,23,9352399,5.328360,8388479,0.038698,12736366,12.207175,3133078,1.022110,62.857994,-80.740005,51.679368,,0.169525,,103.358734,
Sample,16/10/2024 16:27:32,23,9352387,5.328295,8388482,0.038714,12736335,12.207522,3133002,1.022085,62.896004,-82.209999,51.710625,,0.169051,,103.421249,
Sample,16/10/2024 16:27:33,23,9352383,5.328273,8388480,0.038703,12736328,12.207600,3132940,1.022064,63.088001,-81.409996,51.868513,,0.168665,,103.737030,
Sample,16/10/2024 16:27:34,23,9352379,5.328251,8388485,0.038731,12736286,12.208070,3133114,1.022121,63.035999,-81.349998,51.825750,,0.169749,,103.651497,
Sample,16/10/2024 16:27:35,23,9352359,5.328141,8388483,0.038720,12736283,12.208104,3132940,1.022064,63.128998,-83.639999,51.902227,,0.168665,,103.804451,
Sample,16/10/2024 16:27:36,23,9352365,5.328174,8388479,0.038698,12736242,12.208563,3133111,1.022120,63.091003,-82.720001,51.870982,,0.169731,,103.741966,
Sample,16/10/2024 16:27:37,23,9352343,5.328053,8388482,0.038714,12736232,12.208674,3133037,1.022096,62.958996,-84.110001,51.762427,,0.169270,,103.524857,
Sample,16/10/2024 16:27:38,23,9352337,5.328020,8388478,0.038692,12736189,12.209156,3133097,1.022116,62.877003,-83.919998,51.695000,,0.169643,,103.389999,
Sample,16/10/2024 16:27:39,23,9352324,5.327948,8388480,0.038703,12736158,12.209502,3133074,1.022108,62.927002,-81.139999,51.736117,,0.169500,,103.472237,
Sample,16/10/2024 16:27:40,23,9352309,5.327866,8388483,0.038720,12736123,12.209894,3133128,1.022126,62.862000,-83.449997,51.682662,,0.169837,,103.365326,
Sample,16/10/2024 16:27:41,23,9352304,5.327838,8388490,0.038758,12736120,12.209927,3133165,1.022138,62.747997,-83.270004,51.588913,,0.170067,,103.177826,
Sample,16/10/2024 16:27:42,23,9352312,5.327882,8388485,0.038731,12736084,12.210330,3133207,1.022152,62.616005,-81.970001,51.480370,,0.170329,,102.960739,
Sample,16/10/2024 16:27:43,23,9352289,5.327756,8388484,0.038725,12736081,12.210364,3133175,1.022141,62.285999,-82.889999,51.208992,,0.170129,,102.417984,
Sample,16/10/2024 16:27:44,23,9352291,5.327767,8388481,0.038709,12736061,12.210587,3133081,1.022111,61.947998,-80.449997,50.931039,,0.169544,,101.862076,
Sample,16/10/2024 16:27:45,23,9352294,5.327783,8388488,0.038747,12736038,12.210845,3133179,1.022143,61.660999,-84.389999,50.695027,,0.170154,,101.390053,
Sample,16/10/2024 16:27:46,23,9352266,5.327629,8388481,0.038709,12735999,12.211281,3133123,1.022124,61.522003,-82.870003,50.580724,,0.169805,,101.161446,
Sample,16/10/2024 16:27:47,23,9352259,5.327591,8388481,0.038709,12735980,12.211494,3133064,1.022105,61.442005,-82.659996,50.514938,,0.169438,,101.029877,
Sample,16/10/2024 16:27:48,23,9352266,5.327629,8388479,0.038698,12735971,12.211594,3133030,1.022094,61.375000,-83.129997,50.459837,,0.169226,,100.919678,
Sample,16/10/2024 16:27:49,23,9352245,5.327514,8388479,0.038698,12735933,12.212019,3133155,1.022135,61.272999,-81.570000,50.375957,,0.170005,,100.751915,
Sample,16/10/2024 16:27:50,23,9352241,5.327492,8388481,0.038709,12735906,12.212322,3133082,1.022111,61.348999,-84.639999,50.438455,,0.169550,,100.876907,
Sample,16/10/2024 16:27:51,23,9352233,5.327448,8388486,0.038736,12735897,12.212422,3133144,1.022131,61.335999,-80.590004,50.427764,,0.169936,,100.855530,
Sample,16/10/2024 16:27:52,23,9352217,5.327360,8388482,0.038714,12735861,12.212825,3133174,1.022141,61.348000,-84.740005,50.437633,,0.170123,,100.875267,
Sample,16/10/2024 16:27:53,23,9352211,5.327327,8388485,0.038731,12735866,12.212769,3133213,1.022154,61.327995,-83.270004,50.421183,,0.170366,,100.842369,
Sample,16/10/2024 16:27:54,23,9352209,5.327316,8388481,0.038709,12735834,12.213127,3133130,1.022127,61.391003,-83.870003,50.472997,,0.169849,,100.945992,
Sample,16/10/2024 16:27:55,23,9352182,5.327167,8388482,0.038714,12735796,12.213552,3133222,1.022157,61.322002,-83.120003,50.416255,,0.170422,,100.832512,
Sample,16/10/2024 16:27:56,23,9352180,5.327156,8388483,0.038720,12735780,12.213731,3133222,1.022157,61.275002,-82.570000,50.377604,,0.170422,,100.755211,
Sample,16/10/2024 16:27:57,23,9352167,5.327085,8388484,0.038725,12735754,12.214022,3133260,1.022169,61.381001,-82.959999,50.464772,,0.170659,,100.929543,
Sample,16/10/2024 16:27:58,23,9352155,5.327019,8388478,0.038692,12735729,12.214302,3133277,1.022175,61.318001,-81.240005,50.412964,,0.170765,,100.825928,
Sample,16/10/2024 16:27:59,23,9352142,5.326948,8388486,0.038736,12735701,12.214615,3133276,1.022175,61.444000,-85.270004,50.516579,,0.170758,,101.033157,
Sample,16/10/2024 16:28:00,23,9352172,5.327112,8388479,0.038698,12735649,12.215197,3133328,1.022192,61.487000,-83.099998,50.551939,,0.171082,,101.103882,
Sample,16/10/2024 16:28:01,23,9352159,5.327041,8388479,0.038698,12735619,12.215532,3133344,1.022197,61.467003,-83.000000,50.535495,,0.171182,,101.070992,
Sample,16/10/2024 16:28:02,23,9352139,5.326931,8388481,0.038709,12735599,12.215756,3133256,1.022168,61.514000,-82.729996,50.574143,,0.170634,,101.148285,
Sample,16/10/2024 16:28:03,23,9352128,5.326871,8388479,0.038698,12735572,12.216058,3133383,1.022210,61.430000,-83.520004,50.505066,,0.171425,,101.010132,
Sample,16/10/2024 16:28:04,23,9352130,5.326882,8388483,0.038720,12735523,12.216606,3133322,1.022190,61.427998,-82.820000,50.503419,,0.171045,,101.006836,
Sample,16/10/2024 16:28:05,23,9352109,5.326766,8388485,0.038731,12735509,12.216763,3133281,1.022176,61.458996,-81.690002,50.528910,,0.170790,,101.057823,
Sample,16/10/2024 16:28:06,23,9352098,5.326706,8388477,0.038687,12735445,12.217479,3133349,1.022199,61.299000,-81.889999,50.397339,,0.171213,,100.794678,
Sample,16/10/2024 16:28:07,23,9352100,5.326717,8388480,0.038703,12735401,12.217971,3133339,1.022195,61.215004,-84.599998,50.328265,,0.171151,,100.656532,
Sample,16/10/2024 16:28:08,23,9352090,5.326662,8388479,0.038698,12735355,12.218486,3133265,1.022171,61.219002,-83.529999,50.331553,,0.170690,,100.663109,
Sample,16/10/2024 16:28:09,23,9352067,5.326535,8388477,0.038687,12735325,12.218821,3133379,1.022209,61.198997,-83.669998,50.315102,,0.171400,,100.630203,
Sample,16/10/2024 16:28:10,23,9352060,5.326497,8388481,0.038709,12735303,12.219067,3133298,1.022182,61.171001,-83.199997,50.292080,,0.170895,,100.584160,
Sample,16/10/2024 16:28:11,23,9352072,5.326563,8388478,0.038692,12735271,12.219425,3133291,1.022180,61.129997,-82.650002,50.258360,,0.170852,,100.516724,
Sample,16/10/2024 16:28:12,23,9352053,5.326458,8388483,0.038720,12735231,12.219873,3133288,1.022179,61.043999,-83.860001,50.187640,,0.170833,,100.375282,
Sample,16/10/2024 16:28:13,23,9352058,5.326486,8388475,0.038676,12735146,12.220824,3133455,1.022233,60.911999,-85.000000,50.079091,,0.171873,,100.158180,
Sample,16/10/2024 16:28:14,23,9352043,5.326403,8388481,0.038709,12735124,12.221070,3133326,1.022191,60.759998,-82.229996,49.954094,,0.171070,,99.908188,
Sample,16/10/2024 16:28:15,23,9352034,5.326354,8388477,0.038687,12735089,12.221461,3133300,1.022183,60.577995,-83.349998,49.804425,,0.170908,,99.608849,
Sample,16/10/2024 16:28:16,23,9352021,5.326282,8388478,0.038692,12735034,12.222077,3133421,1.022222,60.368000,-83.440002,49.631737,,0.171661,,99.263474,
Sample,16/10/2024 16:28:17,23,9352008,5.326211,8388480,0.038703,12735014,12.222301,3133338,1.022195,60.267006,-83.059998,49.548685,,0.171144,,99.097366,
Sample,16/10/2024 16:28:18,23,9352014,5.326244,8388477,0.038687,12734968,12.222815,3133422,1.022223,60.112999,-84.180000,49.422038,,0.171667,,98.844078,
Sample,16/10/2024 16:28:19,23,9352004,5.326189,8388486,0.038736,12734935,12.223184,3133439,1.022228,60.002998,-86.169998,49.331580,,0.171773,,98.663162,
Sample,16/10/2024 16:28:20,23,9352002,5.326178,8388482,0.038714,12734881,12.223788,3133432,1.022226,59.920002,-83.809998,49.263328,,0.171730,,98.526657,
Sample,16/10/2024 16:28:21,23,9351988,5.326101,8388476,0.038681,12734859,12.224035,3133527,1.022257,59.922997,-81.759995,49.265791,,0.172321,,98.531578,
Sample,16/10/2024 16:28:22,23,9351972,5.326013,8388481,0.038709,12734809,12.224594,3133497,1.022247,59.918999,-82.629997,49.262503,,0.172134,,98.525009,
Sample,16/10/2024 16:28:23,23,9351970,5.326002,8388482,0.038714,12734777,12.224952,3133525,1.022256,59.903999,-83.659996,49.250168,,0.172309,,98.500336,
Sample,16/10/2024 16:28:24,23,9351953,5.325908,8388480,0.038703,12734739,12.225377,3133474,1.022240,59.825001,-83.500000,49.185204,,0.171991,,98.370407,
Sample,16/10/2024 16:28:25,23,9351939,5.325831,8388486,0.038736,12734693,12.225892,3133607,1.022283,59.715004,-83.949997,49.094749,,0.172819,,98.189499,
Sample,16/10/2024 16:28:26,23,9351942,5.325848,8388480,0.038703,12734647,12.226406,3133502,1.022249,59.603996,-85.419998,49.003463,,0.172165,,98.006927,
Sample,16/10/2024 16:28:27,23,9351945,5.325864,8388482,0.038714,12734599,12.226943,3133631,1.022291,59.608997,-85.790001,49.007575,,0.172968,,98.015152,
Sample,16/10/2024 16:28:28,23,9351931,5.325787,8388480,0.038703,12734574,12.227223,3133518,1.022254,59.691002,-82.599998,49.075011,,0.172265,,98.150024,
Sample,16/10/2024 16:28:29,23,9351919,5.325721,8388480,0.038703,12734530,12.227715,3133542,1.022262,59.746002,-85.370003,49.120240,,0.172414,,98.240479,
Sample,16/10/2024 16:28:30,23,9351915,5.325700,8388480,0.038703,12734470,12.228386,3133527,1.022257,59.797997,-84.909996,49.162998,,0.172321,,98.325996,
Sample,16/10/2024 16:28:31,23,9351906,5.325650,8388482,0.038714,12734432,12.228811,3133553,1.022266,59.840004,-84.809998,49.197542,,0.172483,,98.395081,
Sample,16/10/2024 16:28:32,23,9351890,5.325562,8388476,0.038681,12734393,12.229248,3133587,1.022277,59.796001,-83.940002,49.161357,,0.172694,,98.322716,
Sample,16/10/2024 16:28:33,23,9351901,5.325623,8388479,0.038698,12734352,12.229706,3133603,1.022282,59.782997,-83.349998,49.150663,,0.172794,,98.301323,
Sample,16/10/2024 16:28:34,23,9351880,5.325507,8388480,0.038703,12734297,12.230322,3133663,1.022302,59.771004,-84.849998,49.140800,,0.173167,,98.281601,
Sample,16/10/2024 16:28:35,23,9351881,5.325513,8388485,0.038731,12734242,12.230937,3133578,1.022274,59.782997,-82.830002,49.150663,,0.172638,,98.301323,
Sample,16/10/2024 16:28:36,23,9351857,5.325381,8388480,0.038703,12734198,12.231429,3133526,1.022257,59.627998,-84.330002,49.023201,,0.172315,,98.046402,
Sample,16/10/2024 16:28:37,23,9351848,5.325331,8388485,0.038731,12734155,12.231910,3133672,1.022305,59.620003,-84.220001,49.016625,,0.173223,,98.033249,
Sample,16/10/2024 16:28:38,23,9351841,5.325293,8388482,0.038714,12734096,12.232570,3133694,1.022312,59.594002,-85.389999,48.995244,,0.173360,,97.990486,
Sample,16/10/2024 16:28:39,23,9351823,5.325194,8388478,0.038692,12734040,12.233197,3133628,1.022290,59.556000,-84.199997,48.963993,,0.172949,,97.927986,
Sample,16/10/2024 16:28:40,23,9351822,5.325188,8388477,0.038687,12733976,12.233913,3133639,1.022294,59.590004,-85.229996,48.991956,,0.173018,,97.983910,
Sample,16/10/2024 16:28:41,23,9351834,5.325254,8388479,0.038698,12733928,12.234450,3133740,1.022327,59.707996,-83.209999,49.088986,,0.173646,,98.177971,
Sample,16/10/2024 16:28:42,23,9351800,5.325067,8388485,0.038731,12733864,12.235166,3133675,1.022306,59.756001,-83.259995,49.128462,,0.173242,,98.256927,
Sample,16/10/2024 16:28:43,23,9351800,5.325067,8388477,0.038687,12733795,12.235938,3133731,1.022324,59.765003,-84.919998,49.135866,,0.173590,,98.271729,
Sample,16/10/2024 16:28:44,23,9351791,5.325018,8388483,0.038720,12733733,12.236631,3133709,1.022317,59.819000,-83.309998,49.180270,,0.173453,,98.360542,
Sample,16/10/2024 16:28:45,23,9351782,5.324968,8388479,0.038698,12733679,12.237235,3133686,1.022309,59.864002,-85.470001,49.217277,,0.173310,,98.434555,
Sample,16/10/2024 16:28:46,23,9351790,5.325012,8388480,0.038703,12733611,12.237996,3133701,1.022314,59.862000,-83.550003,49.215630,,0.173404,,98.431259,
Sample,16/10/2024 16:28:47,23,9351784,5.324979,8388486,0.038736,12733554,12.238634,3133740,1.022327,59.872997,-84.459999,49.224674,,0.173646,,98.449348,
Sample,16/10/2024 16:28:48,23,9351772,5.324913,8388478,0.038692,12733474,12.239529,3133723,1.022322,59.888000,-83.570000,49.237012,,0.173540,,98.474022,
Sample,16/10/2024 16:28:49,23,9351766,5.324880,8388478,0.038692,12733408,12.240267,3133755,1.022332,59.911999,-80.930000,49.256747,,0.173739,,98.513496,
Sample,16/10/2024 16:28:50,23,9351754,5.324814,8388485,0.038731,12733369,12.240703,3133728,1.022323,59.930000,-84.009995,49.271550,,0.173572,,98.543098,
Sample,16/10/2024 16:28:51,23,9351749,5.324787,8388481,0.038709,12733306,12.241408,3133636,1.022293,60.029999,-83.059998,49.353783,,0.172999,,98.707565,
Sample,16/10/2024 16:28:52,23,9351734,5.324704,8388481,0.038709,12733239,12.242158,3133760,1.022334,60.144001,-84.330002,49.447532,,0.173771,,98.895065,
Sample,16/10/2024 16:28:53,23,9351730,5.324682,8388479,0.038698,12733168,12.242952,3133763,1.022335,60.371002,-82.759995,49.634205,,0.173789,,99.268410,
Sample,16/10/2024 16:28:54,23,9351716,5.324605,8388483,0.038720,12733139,12.243276,3133688,1.022310,60.384998,-83.620003,49.645715,,0.173323,,99.291428,
Sample,16/10/2024 16:28:55,23,9351703,5.324534,8388483,0.038720,12733086,12.243869,3133756,1.022332,60.464001,-84.080002,49.710682,,0.173746,,99.421364,
Sample,16/10/2024 16:28:56,23,9351704,5.324539,8388484,0.038725,12733029,12.244507,3133654,1.022299,60.401001,-84.979996,49.658875,,0.173111,,99.317749,
Sample,16/10/2024 16:28:57,23,9351693,5.324479,8388483,0.038720,12733002,12.244809,3133754,1.022332,60.388000,-83.800003,49.648184,,0.173733,,99.296371,
Sample,16/10/2024 16:28:58,23,9351698,5.324506,8388481,0.038709,12732947,12.245424,3133743,1.022328,60.378998,-83.520004,49.640781,,0.173665,,99.281563,
Sample,16/10/2024 16:28:59,23,9351693,5.324479,8388482,0.038714,12732887,12.246095,3133759,1.022333,60.357002,-84.150002,49.622693,,0.173764,,99.245384,
Sample,16/10/2024 16:29:00,23,9351677,5.324391,8388481,0.038709,12732865,12.246342,3133747,1.022329,60.314003,-82.059998,49.587332,,0.173690,,99.174667,
Sample,16/10/2024 16:29:01,23,9351654,5.324265,8388485,0.038731,12732807,12.246990,3133913,1.022384,60.371002,-81.099998,49.634205,,0.174722,,99.268410,
Sample,16/10/2024 16:29:02,23,9351656,5.324276,8388478,0.038692,12732746,12.247673,3133809,1.022350,60.314003,-83.520004,49.587332,,0.174075,,99.174667,
Sample,16/10/2024 16:29:03,23,9351647,5.324226,8388477,0.038687,12732708,12.248098,3133938,1.022392,60.241005,-83.540001,49.527303,,0.174877,,99.054604,
Sample,16/10/2024 16:29:04,23,9351641,5.324193,8388480,0.038703,12732652,12.248724,3133896,1.022378,60.163002,-83.309998,49.463158,,0.174616,,98.926315,
Sample,16/10/2024 16:29:05,23,9351647,5.324226,8388481,0.038709,12732605,12.249250,3133960,1.022399,60.195000,-85.009995,49.489471,,0.175014,,98.978943,
Sample,16/10/2024 16:29:06,23,9351628,5.324122,8388483,0.038720,12732588,12.249440,3133866,1.022369,60.247997,-82.740005,49.533053,,0.174430,,99.066109,
Sample,16/10/2024 16:29:07,23,9351603,5.323984,8388479,0.038698,12732535,12.250033,3133927,1.022389,60.194000,-84.180000,49.488649,,0.174809,,98.977295,
Sample,16/10/2024 16:29:08,23,9351606,5.324001,8388479,0.038698,12732496,12.250470,3133845,1.022362,60.301003,-84.340004,49.576642,,0.174299,,99.153282,
Sample,16/10/2024 16:29:09,23,9351597,5.323951,8388481,0.038709,12732447,12.251018,3133945,1.022395,60.284996,-84.500000,49.563479,,0.174921,,99.126961,
Sample,16/10/2024 16:29:10,23,9351592,5.323924,8388477,0.038687,12732379,12.251778,3133904,1.022381,60.358997,-83.190002,49.624333,,0.174666,,99.248665,
Sample,16/10/2024 16:29:11,23,9351579,5.323852,8388487,0.038742,12732351,12.252092,3133897,1.022379,60.410999,-83.759995,49.667097,,0.174622,,99.334190,
Sample,16/10/2024 16:29:12,23,9351582,5.323869,8388476,0.038681,12732290,12.252774,3133894,1.022378,60.545002,-84.870003,49.777293,,0.174604,,99.554588,
Sample,16/10/2024 16:29:13,23,9351551,5.323698,8388487,0.038742,12732242,12.253311,3133976,1.022405,60.609997,-83.229996,49.830741,,0.175114,,99.661484,
Sample,16/10/2024 16:29:14,23,9351564,5.323770,8388481,0.038709,12732191,12.253882,3133918,1.022386,60.584999,-84.409996,49.810184,,0.174753,,99.620369,
Sample,16/10/2024 16:29:15,23,9351555,5.323720,8388478,0.038692,12732151,12.254329,3133951,1.022396,60.589001,-85.540001,49.813475,,0.174958,,99.626953,
Sample,16/10/2024 16:29:16,23,9351539,5.323632,8388479,0.038698,12732108,12.254810,3133956,1.022398,60.472004,-84.669998,49.717264,,0.174989,,99.434525,
Sample,16/10/2024 16:29:17,23,9351533,5.323599,8388482,0.038714,12732058,12.255369,3133994,1.022411,60.417999,-84.629997,49.672853,,0.175225,,99.345703,
Sample,16/10/2024 16:29:18,23,9351531,5.323588,8388484,0.038725,12732013,12.255873,3133966,1.022401,60.319000,-85.220001,49.591442,,0.175051,,99.182884,
Sample,16/10/2024 16:29:19,23,9351525,5.323555,8388484,0.038725,12731956,12.256510,3134016,1.022418,60.258995,-83.949997,49.542097,,0.175362,,99.084190,
Sample,16/10/2024 16:29:20,23,9351500,5.323418,8388484,0.038725,12731902,12.257115,3134000,1.022413,60.188000,-84.650002,49.483714,,0.175263,,98.967430,
Sample,16/10/2024 16:29:21,23,9351499,5.323412,8388479,0.038698,12731844,12.257763,3134006,1.022415,60.167004,-83.550003,49.466448,,0.175300,,98.932899,
Sample,16/10/2024 16:29:22,23,9351504,5.323440,8388483,0.038720,12731794,12.258323,3134043,1.022427,60.116005,-84.790001,49.424510,,0.175530,,98.849022,
Sample,16/10/2024 16:29:23,23,9351502,5.323429,8388479,0.038698,12731766,12.258636,3134010,1.022416,60.016003,-84.559998,49.342274,,0.175325,,98.684547,
Sample,16/10/2024 16:29:24,23,9351494,5.323385,8388477,0.038687,12731720,12.259151,3133931,1.022390,59.967999,-85.610001,49.302798,,0.174834,,98.605598,
Sample,16/10/2024 16:29:25,23,9351463,5.323214,8388479,0.038698,12731682,12.259576,3133980,1.022406,59.902996,-83.709999,49.249343,,0.175138,,98.498688,
Sample,16/10/2024 16:29:26,23,9351475,5.323280,8388482,0.038714,12731626,12.260202,3134001,1.022413,59.848999,-85.070000,49.204939,,0.175269,,98.409882,
Sample,16/10/2024 16:29:27,23,9351456,5.323176,8388479,0.038698,12731584,12.260672,3133939,1.022393,59.838001,-86.490005,49.195895,,0.174884,,98.391792,
Sample,16/10/2024 16:29:28,23,9351444,5.323110,8388483,0.038720,12731549,12.261063,3134075,1.022437,59.776001,-85.290001,49.144910,,0.175729,,98.289818,
Sample,16/10/2024 16:29:29,23,9351447,5.323127,8388481,0.038709,12731527,12.261310,3133999,1.022412,59.801003,-82.000000,49.165470,,0.175257,,98.330940,
Sample,16/10/2024 16:29:30,23,9351436,5.323066,8388482,0.038714,12731469,12.261958,3134021,1.022419,59.713001,-81.349998,49.093102,,0.175393,,98.186203,
Sample,16/10/2024 16:29:31,23,9351423,5.322995,8388481,0.038709,12731444,12.262238,3134002,1.022413,59.746002,-83.820000,49.120240,,0.175275,,98.240479,
Sample,16/10/2024 16:29:32,23,9351423,5.322995,8388482,0.038714,12731381,12.262943,3134069,1.022435,59.707001,-85.520004,49.088168,,0.175692,,98.176338,
Sample,16/10/2024 16:29:33,23,9351403,5.322885,8388480,0.038703,12731366,12.263111,3134095,1.022444,59.724998,-84.320000,49.102968,,0.175853,,98.205933,
Sample,16/10/2024 16:29:34,23,9351398,5.322857,8388478,0.038692,12731329,12.263525,3134028,1.022422,59.660999,-84.680000,49.050339,,0.175437,,98.100677,
Sample,16/10/2024 16:29:35,23,9351387,5.322797,8388481,0.038709,12731303,12.263815,3134106,1.022447,59.641003,-83.409996,49.033895,,0.175921,,98.067787,
Sample,16/10/2024 16:29:36,23,9351395,5.322841,8388478,0.038692,12731273,12.264151,3134078,1.022438,59.602997,-84.930000,49.002641,,0.175747,,98.005280,
Sample,16/10/2024 16:29:37,23,9351369,5.322698,8388484,0.038725,12731235,12.264576,3134103,1.022446,59.514000,-84.599998,48.929455,,0.175903,,97.858910,
Sample,16/10/2024 16:29:38,23,9351363,5.322665,8388482,0.038714,12731199,12.264979,3134128,1.022455,59.549999,-84.509995,48.959058,,0.176058,,97.918114,
Sample,16/10/2024 16:29:39,23,9351355,5.322621,8388481,0.038709,12731172,12.265281,3134139,1.022458,59.562000,-84.279999,48.968927,,0.176127,,97.937859,
Sample,16/10/2024 16:29:40,23,9351352,5.322604,8388476,0.038681,12731134,12.265706,3134067,1.022435,59.493999,-86.120003,48.913007,,0.175679,,97.826012,
Sample,16/10/2024 16:29:41,23,9351342,5.322549,8388482,0.038714,12731092,12.266176,3134152,1.022463,59.377003,-82.709999,48.816796,,0.176207,,97.633591,
Sample,16/10/2024 16:29:42,23,9351329,5.322478,8388483,0.038720,12731082,12.266288,3134233,1.022489,59.340004,-84.879997,48.786370,,0.176710,,97.572739,
Sample,16/10/2024 16:29:43,23,9351324,5.322450,8388477,0.038687,12731064,12.266489,3134192,1.022476,59.200001,-84.830002,48.671239,,0.176456,,97.342476,
Sample,16/10/2024 16:29:44,23,9351326,5.322461,8388479,0.038698,12731033,12.266836,3134134,1.022457,59.116005,-83.050003,48.602166,,0.176095,,97.204330,
Sample,16/10/2024 16:29:45,23,9351296,5.322296,8388480,0.038703,12730996,12.267250,3134226,1.022487,59.102997,-85.129997,48.591469,,0.176667,,97.182938,
Sample,16/10/2024 16:29:46,23,9351290,5.322263,8388486,0.038736,12730974,12.267496,3134125,1.022454,59.042999,-83.520004,48.542130,,0.176040,,97.084259,
Sample,16/10/2024 16:29:47,23,9351296,5.322296,8388482,0.038714,12730938,12.267899,3134119,1.022452,59.043999,-84.629997,48.542952,,0.176002,,97.085907,
Sample,16/10/2024 16:29:48,23,9351309,5.322368,8388482,0.038714,12730915,12.268156,3134313,1.022515,59.013000,-83.590004,48.517461,,0.177207,,97.034920,
Sample,16/10/2024 16:29:49,23,9351286,5.322241,8388481,0.038709,12730900,12.268324,3134227,1.022487,59.052998,-84.900002,48.550352,,0.176673,,97.100708,
Sample,16/10/2024 16:29:50,23,9351281,5.322214,8388481,0.038709,12730860,12.268771,3134250,1.022495,59.134998,-85.190002,48.617785,,0.176816,,97.235573,
Sample,16/10/2024 16:29:51,23,9351238,5.321977,8388483,0.038720,12730836,12.269040,3134293,1.022509,59.236000,-83.070000,48.700843,,0.177083,,97.401688,
Sample,16/10/2024 16:29:52,23,9351243,5.322005,8388484,0.038725,12730803,12.269409,3134230,1.022488,59.319000,-84.169998,48.769098,,0.176692,,97.538193,
Sample,16/10/2024 16:29:53,23,9351259,5.322093,8388479,0.038698,12730791,12.269543,3134135,1.022457,59.348999,-83.909996,48.793767,,0.176102,,97.587532,
Sample,16/10/2024 16:29:54,23,9351242,5.321999,8388482,0.038714,12730763,12.269856,3134172,1.022469,59.372002,-85.409996,48.812683,,0.176332,,97.625366,
Sample,16/10/2024 16:29:55,23,9351228,5.321922,8388485,0.038731,12730735,12.270170,3134281,1.022505,59.482002,-83.699997,48.903142,,0.177009,,97.806282,
Sample,16/10/2024 16:29:56,23,9351235,5.321961,8388480,0.038703,12730695,12.270617,3134230,1.022488,59.504997,-83.720001,48.922051,,0.176692,,97.844101,
Sample,16/10/2024 16:29:57,23,9351206,5.321802,8388479,0.038698,12730667,12.270930,3134256,1.022497,59.529999,-83.540001,48.942611,,0.176853,,97.885223,
Sample,16/10/2024 16:29:58,23,9351206,5.321802,8388482,0.038714,12730636,12.271277,3134370,1.022534,59.611000,-84.540001,49.009222,,0.177561,,98.018448,
Sample,16/10/2024 16:29:59,23,9351200,5.321769,8388481,0.038709,12730627,12.271378,3134379,1.022537,59.724998,-84.370003,49.102968,,0.177617,,98.205933,
Sample,16/10/2024 16:30:00,23,9351181,5.321664,8388482,0.038714,12730595,12.271736,3134391,1.022541,59.791004,-84.120003,49.157247,,0.177692,,98.314491,
Sample,16/10/2024 16:30:01,23,9351171,5.321609,8388483,0.038720,12730569,12.272027,3134278,1.022504,59.808998,-83.889999,49.172045,,0.176990,,98.344086,
Sample,16/10/2024 16:30:02,23,9351188,5.321703,8388482,0.038714,12730546,12.272284,3134390,1.022541,59.862000,-83.139999,49.215630,,0.177685,,98.431259,
Sample,16/10/2024 16:30:03,23,9351176,5.321637,8388485,0.038731,12730505,12.272742,3134350,1.022528,59.817005,-82.970001,49.178629,,0.177437,,98.357262,
Sample,16/10/2024 16:30:04,23,9351157,5.321532,8388487,0.038742,12730470,12.273134,3134336,1.022523,59.719002,-82.970001,49.098037,,0.177350,,98.196075,
Sample,16/10/2024 16:30:05,23,9351172,5.321615,8388483,0.038720,12730453,12.273324,3134276,1.022503,59.602001,-82.849998,49.001822,,0.176978,,98.003647,
Sample,16/10/2024 16:30:06,23,9351158,5.321538,8388484,0.038725,12730419,12.273705,3134364,1.022532,59.495003,-83.659996,48.913832,,0.177524,,97.827667,
Sample,16/10/2024 16:30:07,23,9351157,5.321532,8388482,0.038714,12730387,12.274063,3134338,1.022524,59.365002,-83.120003,48.806927,,0.177363,,97.613853,
Sample,16/10/2024 16:30:08,23,9351133,5.321400,8388486,0.038736,12730351,12.274465,3134347,1.022527,59.214001,-85.159996,48.682752,,0.177418,,97.365501,
Sample,16/10/2024 16:30:09,23,9351131,5.321389,8388479,0.038698,12730320,12.274812,3134339,1.022524,59.072002,-82.940002,48.565981,,0.177369,,97.131958,
Sample,16/10/2024 16:30:10,23,9351127,5.321367,8388482,0.038714,12730271,12.275360,3134332,1.022522,59.109997,-84.199997,48.597225,,0.177325,,97.194450,
Sample,16/10/2024 16:30:11,23,9351119,5.321323,8388481,0.038709,12730251,12.275584,3134479,1.022570,59.124001,-82.759995,48.608741,,0.178238,,97.217484,
Sample,16/10/2024 16:30:12,23,9351107,5.321257,8388482,0.038714,12730198,12.276177,3134447,1.022559,59.107002,-83.919998,48.594763,,0.178039,,97.189522,
Sample,16/10/2024 16:30:13,23,9351104,5.321241,8388478,0.038692,12730166,12.276535,3134426,1.022553,59.121002,-85.759995,48.606275,,0.177909,,97.212547,
Sample,16/10/2024 16:30:14,23,9351075,5.321081,8388480,0.038703,12730124,12.277005,3134407,1.022546,59.154999,-83.970001,48.634232,,0.177791,,97.268463,
Sample,16/10/2024 16:30:15,23,9351054,5.320966,8388484,0.038725,12730085,12.277441,3134408,1.022547,59.085999,-83.009995,48.577490,,0.177797,,97.154984,
Sample,16/10/2024 16:30:16,23,9351063,5.321015,8388480,0.038703,12730054,12.277788,3134403,1.022545,59.060997,-86.320000,48.556930,,0.177766,,97.113861,
Sample,16/10/2024 16:30:17,23,9351065,5.321026,8388483,0.038720,12729996,12.278437,3134384,1.022539,58.993999,-84.110001,48.501835,,0.177648,,97.003670,
Sample,16/10/2024 16:30:18,23,9351045,5.320916,8388478,0.038692,12729946,12.278996,3134416,1.022549,59.032997,-82.620003,48.533905,,0.177847,,97.067810,
Sample,16/10/2024 16:30:19,23,9351039,5.320883,8388487,0.038742,12729894,12.279578,3134427,1.022553,58.961998,-83.209999,48.475519,,0.177915,,96.951035,
Sample,16/10/2024 16:30:20,23,9351033,5.320850,8388477,0.038687,12729867,12.279880,3134353,1.022529,58.878998,-84.909996,48.407264,,0.177456,,96.814529,
Sample,16/10/2024 16:30:21,23,9351026,5.320812,8388479,0.038698,12729807,12.280551,3134507,1.022579,58.838001,-83.740005,48.373551,,0.178412,,96.747101,
Sample,16/10/2024 16:30:22,23,9351017,5.320762,8388477,0.038687,12729766,12.281009,3134355,1.022529,58.726002,-84.059998,48.281449,,0.177468,,96.562897,
Sample,16/10/2024 16:30:23,23,9351019,5.320773,8388478,0.038692,12729739,12.281311,3134428,1.022553,58.592003,-86.300003,48.171256,,0.177921,,96.342514,
Sample,16/10/2024 16:30:24,23,9351010,5.320724,8388489,0.038753,12729671,12.282072,3134461,1.022564,58.576000,-84.610001,48.158096,,0.178126,,96.316193,
Sample,16/10/2024 16:30:25,23,9351001,5.320674,8388477,0.038687,12729624,12.282598,3134450,1.022560,58.529999,-85.639999,48.120267,,0.178058,,96.240532,
Sample,16/10/2024 16:30:26,23,9350992,5.320625,8388480,0.038703,12729575,12.283146,3134404,1.022545,58.467999,-85.139999,48.069282,,0.177772,,96.138565,
Sample,16/10/2024 16:30:27,23,9350979,5.320553,8388476,0.038681,12729534,12.283605,3134357,1.022530,58.418999,-85.509995,48.028987,,0.177481,,96.057976,
Sample,16/10/2024 16:30:28,23,9350981,5.320564,8388484,0.038725,12729480,12.284209,3134518,1.022583,58.381001,-84.860001,47.997739,,0.178480,,95.995476,
Sample,16/10/2024 16:30:29,23,9350971,5.320510,8388480,0.038703,12729431,12.284757,3134412,1.022548,58.431999,-84.550003,48.039678,,0.177822,,96.079353,
Sample,16/10/2024 16:30:30,23,9350980,5.320559,8388481,0.038709,12729398,12.285126,3134530,1.022587,58.296001,-86.959999,47.927841,,0.178555,,95.855682,
Sample,16/10/2024 16:30:31,23,9350958,5.320438,8388478,0.038692,12729320,12.285999,3134425,1.022552,58.326000,-85.129997,47.952510,,0.177903,,95.905022,
Sample,16/10/2024 16:30:32,23,9350951,5.320400,8388483,0.038720,12729289,12.286345,3134449,1.022560,58.459999,-84.639999,48.062703,,0.178052,,96.125404,
Sample,16/10/2024 16:30:33,23,9350932,5.320295,8388481,0.038709,12729222,12.287095,3134490,1.022574,58.147999,-84.240005,47.806132,,0.178306,,95.612267,
Sample,16/10/2024 16:30:34,23,9350931,5.320290,8388481,0.038709,12729157,12.287822,3134449,1.022560,58.237999,-87.000000,47.880143,,0.178052,,95.760284,
Sample,16/10/2024 16:30:35,23,9350928,5.320273,8388486,0.038736,12729115,12.288292,3134553,1.022594,57.907997,-85.059998,47.608768,,0.178697,,95.217537,
Sample,16/10/2024 16:30:36,23,9350929,5.320279,8388478,0.038692,12729096,12.288504,3134582,1.022604,57.964001,-86.849998,47.654822,,0.178877,,95.309647,
Sample,16/10/2024 16:30:37,23,9350913,5.320191,8388480,0.038703,12729034,12.289198,3134631,1.022620,58.103996,-85.020004,47.769947,,0.179181,,95.539894,
Sample,16/10/2024 16:30:38,23,9350896,5.320097,8388484,0.038725,12728972,12.289892,3134497,1.022576,57.793999,-84.930000,47.515022,,0.178350,,95.030045,
Sample,16/10/2024 16:30:39,23,9350891,5.320070,8388481,0.038709,12728927,12.290395,3134558,1.022596,57.733997,-85.490005,47.465680,,0.178728,,94.931358,
Sample,16/10/2024 16:30:40,23,9350893,5.320081,8388480,0.038703,12728847,12.291290,3134519,1.022583,57.702003,-86.150002,47.439370,,0.178486,,94.878738,
Sample,16/10/2024 16:30:41,23,9350890,5.320064,8388483,0.038720,12728825,12.291536,3134671,1.022633,57.642998,-85.020004,47.390847,,0.179430,,94.781693,
Sample,16/10/2024 16:30:42,23,9350879,5.320004,8388479,0.038698,12728776,12.292084,3134731,1.022653,57.582001,-87.500000,47.340687,,0.179802,,94.681374,
Sample,16/10/2024 16:30:43,23,9350862,5.319910,8388483,0.038720,12728727,12.292632,3134462,1.022564,57.577995,-87.180000,47.337393,,0.178132,,94.674782,
Sample,16/10/2024 16:30:44,23,9350870,5.319954,8388482,0.038714,12728655,12.293438,3134581,1.022604,57.520000,-85.389999,47.289701,,0.178871,,94.579399,
Sample,16/10/2024 16:30:45,23,9350843,5.319806,8388483,0.038720,12728592,12.294142,3134676,1.022635,57.456001,-84.790001,47.237072,,0.179461,,94.474144,
Sample,16/10/2024 16:30:46,23,9350835,5.319762,8388482,0.038714,12728559,12.294512,3134609,1.022613,57.392006,-85.020004,47.184445,,0.179045,,94.368889,
Sample,16/10/2024 16:30:47,23,9350844,5.319811,8388478,0.038692,12728490,12.295284,3134564,1.022598,57.286999,-86.750000,47.098093,,0.178766,,94.196190,
Sample,16/10/2024 16:30:48,23,9350834,5.319756,8388478,0.038692,12728440,12.295843,3134609,1.022613,57.165001,-86.759995,46.997769,,0.179045,,93.995537,
Sample,16/10/2024 16:30:49,23,9350827,5.319718,8388484,0.038725,12728377,12.296548,3134514,1.022581,57.046001,-85.370003,46.899911,,0.178455,,93.799820,
Sample,16/10/2024 16:30:50,23,9350812,5.319635,8388482,0.038714,12728338,12.296984,3134597,1.022609,56.888000,-86.849998,46.769980,,0.178970,,93.539963,
Sample,16/10/2024 16:30:51,23,9350800,5.319569,8388481,0.038709,12728262,12.297834,3134560,1.022597,56.612000,-87.099998,46.543012,,0.178741,,93.086021,
Sample,16/10/2024 16:30:52,23,9350789,5.319509,8388479,0.038698,12728224,12.298259,3134566,1.022599,56.480999,-85.699997,46.435284,,0.178778,,92.870567,
Sample,16/10/2024 16:30:53,23,9350788,5.319503,8388486,0.038736,12728170,12.298863,3134600,1.022610,56.277996,-86.129997,46.268346,,0.178989,,92.536690,
Sample,16/10/2024 16:30:54,23,9350785,5.319487,8388478,0.038692,12728122,12.299400,3134714,1.022647,56.142998,-86.900002,46.157331,,0.179696,,92.314659,
Sample,16/10/2024 16:30:55,23,9350771,5.319410,8388479,0.038698,12728066,12.300027,3134710,1.022646,55.987000,-86.699997,46.029047,,0.179671,,92.058090,
Sample,16/10/2024 16:30:56,23,9350764,5.319371,8388484,0.038725,12728018,12.300564,3134681,1.022636,55.946003,-84.349998,45.995334,,0.179492,,91.990669,
Sample,16/10/2024 16:30:57,23,9350764,5.319371,8388482,0.038714,12727938,12.301458,3134627,1.022619,55.862999,-84.990005,45.927076,,0.179157,,91.854149,
Sample,16/10/2024 16:30:58,23,9350753,5.319311,8388477,0.038687,12727901,12.301872,3134628,1.022619,55.834999,-86.430000,45.904050,,0.179163,,91.808098,
Sample,16/10/2024 16:30:59,23,9350733,5.319201,8388483,0.038720,12727835,12.302611,3134652,1.022627,55.736000,-87.209999,45.822639,,0.179312,,91.645279,
Sample,16/10/2024 16:31:00,23,9350720,5.319130,8388481,0.038709,12727798,12.303025,3134673,1.022634,55.602001,-86.459999,45.712446,,0.179442,,91.424889,
Sample,16/10/2024 16:31:01,23,9350723,5.319146,8388479,0.038698,12727723,12.303864,3134654,1.022628,55.469002,-84.889999,45.603074,,0.179324,,91.206146,
Sample,16/10/2024 16:31:02,23,9350720,5.319130,8388484,0.038725,12727674,12.304412,3134743,1.022657,55.367004,-86.490005,45.519197,,0.179876,,91.038399,
Sample,16/10/2024 16:31:03,23,9350698,5.319009,8388479,0.038698,12727622,12.304993,3134696,1.022641,55.315002,-87.759995,45.476434,,0.179585,,90.952866,
Sample,16/10/2024 16:31:04,23,9350696,5.318998,8388484,0.038725,12727584,12.305418,3134654,1.022628,55.236000,-85.699997,45.411467,,0.179324,,90.822937,
Sample,16/10/2024 16:31:05,23,9350697,5.319003,8388486,0.038736,12727532,12.306000,3134645,1.022625,55.181000,-85.759995,45.366238,,0.179268,,90.732475,
Sample,16/10/2024 16:31:06,23,9350685,5.318937,8388481,0.038709,12727471,12.306683,3134737,1.022655,55.105999,-87.330002,45.304561,,0.179839,,90.609123,
Sample,16/10/2024 16:31:07,23,9350675,5.318882,8388478,0.038692,12727443,12.306996,3134693,1.022640,55.180000,-84.490005,45.365416,,0.179566,,90.730835,
Sample,16/10/2024 16:31:08,23,9350685,5.318937,8388483,0.038720,12727370,12.307812,3134728,1.022652,55.295002,-87.159996,45.459987,,0.179783,,90.919975,
Sample,16/10/2024 16:31:09,23,9350660,5.318800,8388483,0.038720,12727341,12.308137,3134873,1.022699,54.868000,-86.190002,45.108844,,0.180682,,90.217690,
Sample,16/10/2024 16:31:10,23,9350649,5.318739,8388476,0.038681,12727281,12.308808,3134761,1.022663,55.029999,-87.779999,45.242063,,0.179988,,90.484123,
Sample,16/10/2024 16:31:11,23,9350643,5.318706,8388475,0.038676,12727217,12.309524,3134705,1.022644,54.847004,-87.860001,45.091578,,0.179640,,90.183159,
Sample,16/10/2024 16:31:12,23,9350645,5.318717,8388484,0.038725,12727186,12.309871,3134707,1.022645,54.935997,-86.240005,45.164761,,0.179653,,90.329521,
Sample,16/10/2024 16:31:13,23,9350631,5.318640,8388484,0.038725,12727150,12.310273,3134765,1.022664,54.918999,-87.550003,45.150783,,0.180013,,90.301567,
Sample,16/10/2024 16:31:14,23,9350631,5.318640,8388482,0.038714,12727111,12.310710,3134746,1.022658,55.129997,-86.360001,45.324296,,0.179895,,90.648590,
Sample,16/10/2024 16:31:15,23,9350618,5.318569,8388481,0.038709,12727075,12.311112,3134837,1.022688,55.070000,-86.639999,45.274957,,0.180459,,90.549911,
Sample,16/10/2024 16:31:16,23,9350607,5.318508,8388478,0.038692,12727038,12.311526,3134838,1.022688,55.145000,-85.820000,45.336634,,0.180465,,90.673271,
Sample,16/10/2024 16:31:17,23,9350600,5.318470,8388478,0.038692,12727007,12.311873,3134777,1.022668,55.264000,-86.800003,45.434492,,0.180087,,90.868988,
Sample,16/10/2024 16:31:18,23,9350610,5.318525,8388480,0.038703,12726957,12.312432,3134740,1.022656,55.272003,-84.720001,45.441074,,0.179858,,90.882149,
Sample,16/10/2024 16:31:19,23,9350600,5.318470,8388482,0.038714,12726954,12.312466,3126955,1.020097,41.431000,-105.900002,34.059007,,0.131052,,68.118011,
Sample,16/10/2024 16:31:20,23,9350611,5.318530,8388480,0.038703,12727515,12.306190,3122007,1.018471,111.949997,2531.300049,2226.517953,,0.099475,,4453.036133,
Sample,16/10/2024 16:31:21,23,9350581,5.318365,8388485,0.038731,12724318,12.341953,3122256,1.018553,21.395000,2539.800049,2233.702662,,0.101075,,4467.405273,
Sample,16/10/2024 16:31:22,23,9350547,5.318178,8388481,0.038709,12719792,12.392580,3121885,1.018431,34.592999,2112.600098,1872.607672,,0.098691,,3745.215332,
Sample,16/10/2024 16:31:23,23,9350544,5.318162,8388483,0.038720,12736232,12.208674,3122164,1.018523,66.871002,-6.554000,54.979442,,0.100484,,109.958885,
Sample,16/10/2024 16:31:24,23,9350567,5.318288,8388478,0.038692,12787816,11.631398,3135513,1.022910,43.708000,-59.720001,35.931485,,0.184648,,71.862968,
Sample,16/10/2024 16:31:25,23,9350550,5.318195,8388481,0.038709,12820088,11.269982,3140656,1.024600,51.806000,-64.139999,42.590826,,0.216270,,85.181656,
Sample,16/10/2024 16:31:26,23,9350537,5.318123,8388483,0.038720,12836562,11.085388,3137799,1.023661,48.102001,-73.159996,39.544865,,0.198756,,79.089729,
Sample,16/10/2024 16:31:27,23,9350523,5.318046,8388484,0.038725,12844003,11.001985,3121857,1.018422,219.199997,2282.500000,2016.217247,,0.098511,,4032.434570,
Sample,16/10/2024 16:31:28,23,9350513,5.317991,8388485,0.038731,12841836,11.026276,3121838,1.018416,332.410004,2444.899902,2153.487373,,0.098389,,4306.974609,
Sample,16/10/2024 16:31:29,23,9350490,5.317865,8388477,0.038687,12835416,11.098231,3122040,1.018482,54.882996,2615.300049,2297.519785,,0.099687,,4595.039551,
Sample,16/10/2024 16:31:30,23,9350483,5.317827,8388483,0.038720,12827937,11.182042,3121924,1.018444,17.181000,2480.899902,2183.916730,,0.098942,,4367.833496,
Sample,16/10/2024 16:31:31,23,9350480,5.317810,8388481,0.038709,12820399,11.266498,3122008,1.018472,1.399600,2464.199951,2169.800931,,0.099482,,4339.602051,
Sample,16/10/2024 16:31:32,23,9350457,5.317684,8388480,0.038703,12813445,11.344397,3122009,1.018472,0.253700,5519.000000,4751.900929,,0.099488,,9503.801758,
Sample,16/10/2024 16:31:33,23,9350485,5.317838,8388479,0.038698,12807177,11.414602,3121903,1.018437,0.051700,2143.000000,1898.303490,,0.098807,,3796.606934,
Sample,16/10/2024 16:31:34,23,9350480,5.317810,8388478,0.038692,12801555,11.477563,3121989,1.018466,0.095800,2472.000000,2176.393999,,0.099359,,4352.788086,
Sample,16/10/2024 16:31:35,23,9350482,5.317821,8388478,0.038692,12796081,11.538860,3121981,1.018463,0.088200,2544.699951,2237.844353,,0.099308,,4475.688477,
Sample,16/10/2024 16:31:36,23,9350473,5.317772,8388478,0.038692,12791214,11.593354,3121841,1.018417,0.092100,2573.800049,2262.441499,,0.098408,,4524.882812,
Sample,16/10/2024 16:31:37,23,9350467,5.317739,8388479,0.038698,12786677,11.644149,3121876,1.018428,0.119000,2617.000000,2298.956685,,0.098633,,4597.913574,
Sample,16/10/2024 16:31:38,23,9350463,5.317717,8388483,0.038720,12782087,11.695533,3122054,1.018487,0.223600,2597.000000,2282.051487,,0.099777,,4564.103027,
Sample,16/10/2024 16:31:39,23,9350449,5.317640,8388484,0.038725,12777405,11.747943,3122178,1.018528,0.195600,2597.300049,2282.305106,,0.100574,,4564.610352,
Sample,16/10/2024 16:31:40,23,9350445,5.317618,8388481,0.038709,12772345,11.804579,3122014,1.018474,0.650500,2644.899902,2322.539354,,0.099520,,4645.078613,
Sample,16/10/2024 16:31:41,23,9350435,5.317563,8388481,0.038709,12773485,11.791820,3132949,1.022067,96.080994,-40.650002,79.000105,,0.168721,,158.000214,
Sample,16/10/2024 16:31:42,23,9350422,5.317491,8388477,0.038687,12798128,11.515939,3146946,1.026667,135.139999,-44.560001,111.120046,,0.254381,,222.240097,
Sample,16/10/2024 16:31:43,23,9350419,5.317475,8388486,0.038736,12817090,11.303567,3150037,1.027683,109.400002,-49.870003,89.952912,,0.272891,,179.905823,
Sample,16/10/2024 16:31:44,23,9350415,5.317453,8388485,0.038731,12829450,11.165088,3149117,1.027381,178.029999,-25.730000,146.390383,,0.267396,,292.780762,
Sample,16/10/2024 16:31:45,23,9350393,5.317332,8388480,0.038703,12838080,11.068375,3148706,1.027245,143.029999,-33.900002,117.608341,,0.264937,,235.216675,
Sample,16/10/2024 16:31:46,23,9350390,5.317315,8388484,0.038725,12842453,11.019360,3148525,1.027186,125.430008,-42.200001,103.135093,,0.263854,,206.270187,
Sample,16/10/2024 16:31:47,23,9350395,5.317343,8388476,0.038681,12843971,11.002344,3148428,1.027154,125.080002,-41.060001,102.847267,,0.263273,,205.694534,
Sample,16/10/2024 16:31:48,23,9350386,5.317293,8388478,0.038692,12844093,11.000976,3148189,1.027076,124.869995,-40.400002,102.674569,,0.261841,,205.349136,
Sample,16/10/2024 16:31:49,23,9350379,5.317255,8388483,0.038720,12843518,11.007422,3148114,1.027051,124.630005,-18.600000,102.477215,,0.261392,,204.954437,
Sample,16/10/2024 16:31:50,23,9350377,5.317244,8388484,0.038725,12842561,11.018149,3148149,1.027062,112.019997,-35.599998,92.107449,,0.261601,,184.214905,
Sample,16/10/2024 16:31:51,23,9350358,5.317139,8388482,0.038714,12841522,11.029795,3148043,1.027028,115.680008,-42.170002,95.117238,,0.260966,,190.234482,
Sample,16/10/2024 16:31:52,23,9350361,5.317156,8388482,0.038714,12840513,11.041105,3148048,1.027029,135.350006,-32.510002,111.292744,,0.260996,,222.585495,
Sample,16/10/2024 16:31:53,23,9350339,5.317035,8388483,0.038720,12839672,11.050531,3147911,1.026984,175.230011,-28.289999,144.087830,,0.260174,,288.175659,
Sample,16/10/2024 16:31:54,23,9350332,5.316996,8388479,0.038698,12838919,11.058971,3148000,1.027013,180.290009,-16.560001,148.248889,,0.260708,,296.497772,
Sample,16/10/2024 16:31:55,23,9350328,5.316974,8388481,0.038709,12838228,11.066716,3148008,1.027016,140.449997,-16.950001,115.486691,,0.260756,,230.973389,
Sample,16/10/2024 16:31:56,23,9350335,5.317013,8388487,0.038742,12837585,11.073922,3147902,1.026981,118.709999,-15.339999,97.608933,,0.260120,,195.217865,
Sample,16/10/2024 16:31:57,23,9350320,5.316930,8388482,0.038714,12836978,11.080725,3147941,1.026994,115.919998,-6.489000,95.314593,,0.260354,,190.629181,
Sample,16/10/2024 16:31:58,23,9350284,5.316732,8388481,0.038709,12836390,11.087316,3147964,1.027002,125.580002,0.072000,103.258439,,0.260492,,206.516876,
Sample,16/10/2024 16:31:59,23,9350295,5.316793,8388476,0.038681,12835807,11.093849,3147827,1.026957,134.680008,-20.590000,110.741775,,0.259671,,221.483551,
Sample,16/10/2024 16:32:00,23,9350303,5.316837,8388480,0.038703,12835228,11.100338,3147868,1.026970,143.990005,-37.189999,118.397796,,0.259917,,236.795593,
Sample,16/10/2024 16:32:01,23,9350287,5.316749,8388479,0.038698,12834679,11.106491,3147795,1.026946,149.180008,-37.070000,122.665764,,0.259479,,245.331528,
Sample,16/10/2024 16:32:02,23,9350276,5.316688,8388483,0.038720,12834104,11.112935,3148537,1.027190,151.910004,-33.620003,124.910760,,0.263926,,249.821518,
Sample,16/10/2024 16:32:03,23,9350268,5.316645,8388482,0.038714,12833617,11.118393,3147937,1.026993,158.089996,-35.910000,129.992840,,0.260330,,259.985687,
Sample,16/10/2024 16:32:04,23,9350257,5.316584,8388479,0.038698,12833131,11.123839,3147839,1.026961,149.269989,-37.290001,122.739760,,0.259743,,245.479523,
Sample,16/10/2024 16:32:05,23,9350265,5.316628,8388484,0.038725,12832688,11.128803,3148047,1.027029,135.350006,-43.420002,111.292744,,0.260990,,222.585495,
Sample,16/10/2024 16:32:06,23,9350231,5.316441,8388479,0.038698,12832255,11.133656,3147823,1.026955,128.880005,-44.610001,105.972177,,0.259647,,211.944351,
Sample,16/10/2024 16:32:07,23,9350245,5.316518,8388477,0.038687,12831869,11.137981,3147757,1.026934,126.190002,-49.900002,103.760070,,0.259251,,207.520142,
Sample,16/10/2024 16:32:08,23,9350225,5.316408,8388482,0.038714,12831514,11.141959,3147869,1.026970,125.469994,-43.900002,103.167975,,0.259923,,206.335953,
Sample,16/10/2024 16:32:09,23,9350219,5.316375,8388478,0.038692,12831154,11.145994,3147876,1.026973,121.949997,-48.739998,100.273326,,0.259965,,200.546646,
Sample,16/10/2024 16:32:10,23,9350207,5.316309,8388481,0.038709,12830829,11.149636,3147842,1.026962,122.369995,-48.250000,100.618709,,0.259761,,201.237411,
Sample,16/10/2024 16:32:11,23,9350212,5.316337,8388480,0.038703,12830526,11.153031,3147862,1.026968,121.669998,-50.459999,100.043071,,0.259881,,200.086136,
Sample,16/10/2024 16:32:12,23,9350194,5.316238,8388484,0.038725,12830251,11.156112,3147850,1.026964,121.900002,-45.180000,100.232213,,0.259809,,200.464432,
Sample,16/10/2024 16:32:13,23,9350197,5.316254,8388478,0.038692,12829988,11.159060,3147822,1.026955,123.569992,-46.299999,101.605520,,0.259641,,203.211044,
Sample,16/10/2024 16:32:14,23,9350191,5.316221,8388480,0.038703,12829784,11.161346,3147890,1.026977,124.980003,-43.939999,102.765034,,0.260049,,205.530075,
Sample,16/10/2024 16:32:15,23,9350175,5.316133,8388476,0.038681,12829554,11.163923,3147854,1.026965,126.959999,-42.129997,104.393272,,0.259833,,208.786545,
Sample,16/10/2024 16:32:16,23,9350167,5.316089,8388478,0.038692,12829384,11.165828,3147891,1.026978,131.259995,-46.310001,107.929347,,0.260055,,215.858688,
Sample,16/10/2024 16:32:17,23,9350164,5.316073,8388480,0.038703,12829208,11.167800,3147797,1.026947,135.819992,-45.000000,111.679234,,0.259491,,223.358475,
Sample,16/10/2024 16:32:18,23,9350159,5.316045,8388478,0.038692,12829018,11.169929,3147822,1.026955,139.720001,-41.099998,114.886384,,0.259641,,229.772766,
Sample,16/10/2024 16:32:19,23,9350153,5.316012,8388478,0.038692,12828887,11.171397,3147776,1.026940,145.860001,-1.480000,119.935576,,0.259365,,239.871155,
Sample,16/10/2024 16:32:20,23,9350132,5.315897,8388480,0.038703,12828736,11.173089,3147825,1.026956,145.959991,-4.243000,120.017803,,0.259659,,240.035599,
Sample,16/10/2024 16:32:21,23,9350132,5.315897,8388479,0.038698,12828550,11.175173,3147963,1.027001,146.559998,-2.457000,120.511214,,0.260486,,241.022430,
Sample,16/10/2024 16:32:22,23,9350122,5.315842,8388479,0.038698,12828413,11.176708,3147829,1.026957,147.309998,1.737000,121.127972,,0.259683,,242.255951,
Sample,16/10/2024 16:32:23,23,9350109,5.315770,8388481,0.038709,12828301,11.177963,3149282,1.027435,158.019989,-26.340000,129.935270,,0.268382,,259.870544,
Sample,16/10/2024 16:32:24,23,9350118,5.315820,8388478,0.038692,12829338,11.166343,3148459,1.027164,160.889999,-36.790001,132.295406,,0.263459,,264.590820,
Sample,16/10/2024 16:32:25,23,9350114,5.315798,8388479,0.038698,12834118,11.112778,3148299,1.027112,150.720001,-35.560001,123.932168,,0.262500,,247.864334,
Sample,16/10/2024 16:32:26,23,9350094,5.315688,8388481,0.038709,12836307,11.088246,3148479,1.027171,151.790009,-34.200001,124.812083,,0.263578,,249.624161,
Sample,16/10/2024 16:32:27,23,9350096,5.315699,8388479,0.038698,12836855,11.082104,3148460,1.027165,154.619995,-37.020000,127.139305,,0.263465,,254.278610,
Sample,16/10/2024 16:32:28,23,9350096,5.315699,8388478,0.038692,12837099,11.079369,3148457,1.027164,156.990005,-37.660000,129.088269,,0.263447,,258.176544,
Sample,16/10/2024 16:32:29,23,9350080,5.315611,8388479,0.038698,12837347,11.076590,3148397,1.027144,158.449997,-37.150002,130.288885,,0.263087,,260.577759,
Sample,16/10/2024 16:32:30,23,9350070,5.315556,8388478,0.038692,12837515,11.074707,3148532,1.027188,160.529999,-38.349998,131.999362,,0.263896,,263.998718,
Sample,16/10/2024 16:32:31,23,9350066,5.315534,8388484,0.038725,12837536,11.074472,3148434,1.027156,161.139999,-39.189999,132.500992,,0.263309,,265.001984,
Sample,16/10/2024 16:32:32,23,9350059,5.315495,8388481,0.038709,12837426,11.075704,3148522,1.027185,162.509995,-40.980000,133.627599,,0.263836,,267.255188,
Sample,16/10/2024 16:32:33,23,9350046,5.315424,8388483,0.038720,12837240,11.077789,3148561,1.027198,163.769989,-40.060001,134.663748,,0.264069,,269.327484,
Sample,16/10/2024 16:32:34,23,9350041,5.315396,8388487,0.038742,12836949,11.081051,3148579,1.027204,165.040009,-40.110001,135.708142,,0.264177,,271.416290,
Sample,16/10/2024 16:32:35,23,9350041,5.315396,8388482,0.038714,12836591,11.085063,3148482,1.027172,163.680008,-42.239998,134.589753,,0.263596,,269.179504,
Sample,16/10/2024 16:32:36,23,9350025,5.315309,8388482,0.038714,12836232,11.089086,3148537,1.027190,163.790009,-41.549999,134.680211,,0.263926,,269.360413,
Sample,16/10/2024 16:32:37,23,9350011,5.315232,8388486,0.038736,12835787,11.094074,3148573,1.027202,162.619995,-40.590000,133.718058,,0.264141,,267.436127,
Sample,16/10/2024 16:32:38,23,9350017,5.315265,8388476,0.038681,12835350,11.098971,3148585,1.027206,161.180008,-44.470001,132.533893,,0.264213,,265.067780,
Sample,16/10/2024 16:32:39,23,9350005,5.315199,8388480,0.038703,12834935,11.103622,3148576,1.027203,160.559998,-44.389999,132.024031,,0.264159,,264.048065,
Sample,16/10/2024 16:32:40,23,9349996,5.315149,8388481,0.038709,12834493,11.108575,3148545,1.027193,161.500000,-43.950001,132.797037,,0.263974,,265.594086,
Sample,16/10/2024 16:32:41,23,9349987,5.315100,8388478,0.038692,12834085,11.113148,3148639,1.027223,162.759995,-44.739998,133.833186,,0.264536,,267.666382,
Sample,16/10/2024 16:32:42,23,9349982,5.315072,8388482,0.038714,12833641,11.118124,3148623,1.027218,163.880005,-43.840000,134.754219,,0.264441,,269.508453,
Sample,16/10/2024 16:32:43,23,9349979,5.315056,8388478,0.038692,12833253,11.122472,3148588,1.027207,164.869995,-44.430000,135.568332,,0.264231,,271.136658,
Sample,16/10/2024 16:32:44,23,9349968,5.314995,8388485,0.038731,12832851,11.126977,3148641,1.027224,165.880005,-45.430000,136.398908,,0.264548,,272.797821,
Sample,16/10/2024 16:32:45,23,9349962,5.314962,8388478,0.038692,12832501,11.130899,3148563,1.027198,166.399994,-44.420002,136.826517,,0.264081,,273.653046,
Sample,16/10/2024 16:32:46,23,9349946,5.314874,8388485,0.038731,12832153,11.134799,3148561,1.027198,166.630005,-43.930000,137.015666,,0.264069,,274.031342,
Sample,16/10/2024 16:32:47,23,9349949,5.314891,8388480,0.038703,12831842,11.138284,3148567,1.027200,166.490005,-41.939999,136.900538,,0.264105,,273.801086,
Sample,16/10/2024 16:32:48,23,9349947,5.314880,8388479,0.038698,12831537,11.141702,3148572,1.027201,164.690002,-42.170002,135.420316,,0.264135,,270.840637,
Sample,16/10/2024 16:32:49,23,9349934,5.314808,8388476,0.038681,12831220,11.145254,3148506,1.027180,162.119995,-40.480000,133.306886,,0.263740,,266.613770,
Sample,16/10/2024 16:32:50,23,9349924,5.314753,8388474,0.038670,12830935,11.148448,3148686,1.027239,159.069992,-36.279999,130.798734,,0.264818,,261.597473,
Sample,16/10/2024 16:32:51,23,9349936,5.314819,8388482,0.038714,12830655,11.151585,3148639,1.027223,155.919998,-39.209999,128.208355,,0.264536,,256.416718,
Sample,16/10/2024 16:32:52,23,9349914,5.314698,8388479,0.038698,12830409,11.154342,3148662,1.027231,151.190002,-37.000000,124.318671,,0.264674,,248.637344,
Sample,16/10/2024 16:32:53,23,9349913,5.314693,8388480,0.038703,12830194,11.156751,3148571,1.027201,146.580002,-37.010002,120.527665,,0.264129,,241.055328,
Sample,16/10/2024 16:32:54,23,9349892,5.314577,8388481,0.038709,12829976,11.159194,3148662,1.027231,142.540009,-38.189999,117.205400,,0.264674,,234.410797,
Sample,16/10/2024 16:32:55,23,9349894,5.314588,8388479,0.038698,12829778,11.161413,3148647,1.027226,140.970001,-40.110001,115.914314,,0.264584,,231.828629,
Sample,16/10/2024 16:32:56,23,9349880,5.314511,8388480,0.038703,12829581,11.163620,3148658,1.027230,139.730011,-41.299999,114.894615,,0.264650,,229.789230,
Sample,16/10/2024 16:32:57,23,9349883,5.314528,8388478,0.038692,12829424,11.165379,3148705,1.027245,138.669998,-41.329998,114.022920,,0.264931,,228.045837,
Sample,16/10/2024 16:32:58,23,9349861,5.314407,8388476,0.038681,12829272,11.167083,3148649,1.027227,138.009995,-43.160000,113.480170,,0.264596,,226.960342,
Sample,16/10/2024 16:32:59,23,9349870,5.314456,8388482,0.038714,12829136,11.168607,3148610,1.027214,137.930008,-41.650002,113.414393,,0.264363,,226.828781,
Sample,16/10/2024 16:33:00,23,9349851,5.314352,8388482,0.038714,12829026,11.169839,3148613,1.027215,137.440002,-40.910000,113.011440,,0.264381,,226.022888,
Sample,16/10/2024 16:33:01,23,9349846,5.314324,8388477,0.038687,12828930,11.170915,3148650,1.027227,137.149994,-40.779999,112.772954,,0.264602,,225.545914,
Sample,16/10/2024 16:33:02,23,9349845,5.314319,8388484,0.038725,12828832,11.172013,3148639,1.027223,137.290009,-37.220001,112.888094,,0.264536,,225.776184,
Sample,16/10/2024 16:33:03,23,9349808,5.314115,8388480,0.038703,12828734,11.173111,3148622,1.027218,137.899994,-34.900002,113.389712,,0.264435,,226.779419,
Sample,16/10/2024 16:33:04,23,9349826,5.314214,8388477,0.038687,12828661,11.173929,3148694,1.027242,138.419998,-33.020000,113.817334,,0.264866,,227.634674,
Sample,16/10/2024 16:33:05,23,9349818,5.314170,8388479,0.038698,12828639,11.174176,3148640,1.027224,139.309998,-27.660000,114.549220,,0.264542,,229.098434,
Sample,16/10/2024 16:33:06,23,9349806,5.314104,8388483,0.038720,12828579,11.174848,3148720,1.027250,139.889999,-26.910000,115.026181,,0.265021,,230.052368,
Sample,16/10/2024 16:33:07,23,9349792,5.314028,8388480,0.038703,12828529,11.175408,3148746,1.027259,140.169998,-23.820000,115.256436,,0.265177,,230.512878,
Sample,16/10/2024 16:33:08,23,9349790,5.314017,8388480,0.038703,12828488,11.175868,3148730,1.027253,139.509995,-28.329998,114.713686,,0.265081,,229.427368,
Sample,16/10/2024 16:33:09,23,9349782,5.313973,8388478,0.038692,12828484,11.175912,3148678,1.027236,139.000000,-29.090000,114.294295,,0.264770,,228.588593,
Sample,16/10/2024 16:33:10,23,9349778,5.313951,8388480,0.038703,12828454,11.176249,3148861,1.027296,138.449997,-32.590000,113.842003,,0.265865,,227.684006,
Sample,16/10/2024 16:33:11,23,9349768,5.313896,8388479,0.038698,12828443,11.176372,3148804,1.027278,138.059998,-31.760000,113.521290,,0.265524,,227.042572,
Sample,16/10/2024 16:33:12,23,9349764,5.313874,8388480,0.038703,12828426,11.176562,3148781,1.027270,136.569992,-30.350000,112.295992,,0.265386,,224.591980,
Sample,16/10/2024 16:33:13,23,9349766,5.313885,8388482,0.038714,12828448,11.176316,3148768,1.027266,135.040009,-33.310001,111.037820,,0.265308,,222.075638,
Sample,16/10/2024 16:33:14,23,9349738,5.313731,8388488,0.038747,12828442,11.176383,3148859,1.027296,135.399994,-32.579998,111.333851,,0.265853,,222.667709,
Sample,16/10/2024 16:33:15,23,9349740,5.313742,8388478,0.038692,12828452,11.176271,3148729,1.027253,137.019989,-31.910000,112.666045,,0.265075,,225.332092,
Sample,16/10/2024 16:33:16,23,9349731,5.313692,8388478,0.038692,12828456,11.176226,3148749,1.027260,135.059998,-33.209999,111.054257,,0.265195,,222.108521,
Sample,16/10/2024 16:33:17,23,9349728,5.313676,8388485,0.038731,12828449,11.176305,3148839,1.027289,133.970001,-33.430000,110.157905,,0.265733,,220.315811,
Sample,16/10/2024 16:33:18,23,9349728,5.313676,8388485,0.038731,12828453,11.176260,3148784,1.027271,131.519989,-35.889999,108.143152,,0.265404,,216.286301,
Sample,16/10/2024 16:33:19,23,9349709,5.313571,8388482,0.038714,12828468,11.176092,3148789,1.027273,129.089996,-36.540001,106.144862,,0.265434,,212.289719,
Sample,16/10/2024 16:33:20,23,9349704,5.313544,8388477,0.038687,12828443,11.176372,3148801,1.027277,127.369995,-35.049999,104.730430,,0.265506,,209.460861,
Sample,16/10/2024 16:33:21,23,9349697,5.313505,8388479,0.038698,12828446,11.176338,3148756,1.027262,125.980003,-36.910000,103.587378,,0.265237,,207.174759,
Sample,16/10/2024 16:33:22,23,9349695,5.313494,8388479,0.038698,12828443,11.176372,3148827,1.027285,124.610001,-35.810001,102.460764,,0.265661,,204.921524,
Sample,16/10/2024 16:33:23,23,9349683,5.313428,8388483,0.038720,12828430,11.176518,3148801,1.027277,123.199997,-36.500000,101.301256,,0.265506,,202.602509,
Sample,16/10/2024 16:33:24,23,9349676,5.313390,8388478,0.038692,12828430,11.176518,3148771,1.027267,121.880005,-38.290001,100.215769,,0.265326,,200.431534,
Sample,16/10/2024 16:33:25,23,9349678,5.313401,8388482,0.038714,12828419,11.176641,3148750,1.027260,121.150002,-38.049999,99.615455,,0.265201,,199.230911,
Sample,16/10/2024 16:33:26,23,9349660,5.313302,8388479,0.038698,12828411,11.176730,3148819,1.027283,119.259995,-40.620003,98.061219,,0.265614,,196.122437,
Sample,16/10/2024 16:33:27,23,9349656,5.313280,8388480,0.038703,12828385,11.177022,3148818,1.027282,117.849998,-42.770000,96.901717,,0.265608,,193.803436,
Sample,16/10/2024 16:33:28,23,9349644,5.313214,8388483,0.038720,12828362,11.177280,3148905,1.027311,116.559998,-41.950001,95.840892,,0.266128,,191.681778,
Sample,16/10/2024 16:33:29,23,9349648,5.313236,8388479,0.038698,12828357,11.177336,3148789,1.027273,115.740005,-42.770000,95.166577,,0.265434,,190.333160,
Sample,16/10/2024 16:33:30,23,9349627,5.313120,8388480,0.038703,12828317,11.177784,3148913,1.027314,114.449997,-43.900002,94.105746,,0.266176,,188.211487,
Sample,16/10/2024 16:33:31,23,9349623,5.313098,8388483,0.038720,12828299,11.177985,3148873,1.027300,113.790001,-44.730000,93.563002,,0.265937,,187.126007,
Sample,16/10/2024 16:33:32,23,9349619,5.313076,8388479,0.038698,12828288,11.178109,3148871,1.027300,113.119995,-43.849998,93.012027,,0.265925,,186.024048,
Sample,16/10/2024 16:33:33,23,9349613,5.313043,8388485,0.038731,12828250,11.178534,3148942,1.027323,112.719994,-42.079998,92.683088,,0.266349,,185.366180,
Sample,16/10/2024 16:33:34,23,9349610,5.313027,8388479,0.038698,12828216,11.178915,3148947,1.027325,112.559998,-39.139999,92.551516,,0.266379,,185.103027,
Sample,16/10/2024 16:33:35,23,9349589,5.312911,8388484,0.038725,12828201,11.179084,3148939,1.027322,112.059998,-42.579998,92.140344,,0.266332,,184.280685,
Sample,16/10/2024 16:33:36,23,9349585,5.312889,8388483,0.038720,12828162,11.179521,3148890,1.027306,111.550003,-44.450001,91.720953,,0.266038,,183.441910,
Sample,16/10/2024 16:33:37,23,9349580,5.312862,8388480,0.038703,12828122,11.179969,3149011,1.027346,110.840004,-42.010002,91.137089,,0.266762,,182.274185,
Sample,16/10/2024 16:33:38,23,9349564,5.312774,8388484,0.038725,12828082,11.180417,3148944,1.027324,110.199997,-42.549999,90.610783,,0.266361,,181.221573,
Sample,16/10/2024 16:33:39,23,9349564,5.312774,8388476,0.038681,12828043,11.180854,3148863,1.027297,109.380005,-40.910000,89.936468,,0.265877,,179.872940,
Sample,16/10/2024 16:33:40,23,9349557,5.312736,8388481,0.038709,12828032,11.180977,3148952,1.027326,108.569992,-44.299999,89.270359,,0.266409,,178.540710,
Sample,16/10/2024 16:33:41,23,9349556,5.312730,8388481,0.038709,12827996,11.181381,3148973,1.027333,107.880005,-43.900002,88.702952,,0.266535,,177.405899,
Sample,16/10/2024 16:33:42,23,9349540,5.312642,8388477,0.038687,12827942,11.181986,3148948,1.027325,107.719994,-45.279999,88.571367,,0.266385,,177.142731,
Sample,16/10/2024 16:33:43,23,9349542,5.312653,8388486,0.038736,12827891,11.182557,3148986,1.027337,107.569992,-46.760002,88.448015,,0.266613,,176.896027,
Sample,16/10/2024 16:33:44,23,9349537,5.312626,8388474,0.038670,12827851,11.183005,3149072,1.027366,107.569992,-47.379997,88.448015,,0.267127,,176.896027,
Sample,16/10/2024 16:33:45,23,9349523,5.312549,8388481,0.038709,12827790,11.183689,3149035,1.027354,107.530006,-46.779999,88.415133,,0.266906,,176.830261,
Sample,16/10/2024 16:33:46,23,9349529,5.312582,8388480,0.038703,12827763,11.183991,3148956,1.027328,107.110001,-48.370003,88.069743,,0.266433,,176.139481,
Sample,16/10/2024 16:33:47,23,9349516,5.312510,8388484,0.038725,12827694,11.184765,3148995,1.027340,106.769997,-49.570000,87.790143,,0.266666,,175.580292,
Sample,16/10/2024 16:33:48,23,9349501,5.312428,8388478,0.038692,12827640,11.185370,3149042,1.027356,106.809998,-48.750000,87.823038,,0.266948,,175.646072,
Sample,16/10/2024 16:33:49,23,9349488,5.312356,8388478,0.038692,12827599,11.185829,3149092,1.027372,106.800003,-49.150002,87.814819,,0.267247,,175.629639,
Sample,16/10/2024 16:33:50,23,9349492,5.312378,8388484,0.038725,12827539,11.186501,3149135,1.027386,106.389999,-51.290001,87.477655,,0.267504,,174.955307,
Sample,16/10/2024 16:33:51,23,9349484,5.312334,8388476,0.038681,12827478,11.187185,3149070,1.027365,106.449997,-50.840000,87.526993,,0.267115,,175.053986,
Sample,16/10/2024 16:33:52,23,9349478,5.312301,8388480,0.038703,12827442,11.187588,3149027,1.027351,106.500000,-53.070000,87.568113,,0.266858,,175.136230,
Sample,16/10/2024 16:33:53,23,9349477,5.312296,8388476,0.038681,12827390,11.188171,3149142,1.027389,106.509995,-51.570000,87.576332,,0.267546,,175.152664,
Sample,16/10/2024 16:33:54,23,9349468,5.312246,8388486,0.038736,12827314,11.189022,3149146,1.027390,106.680008,-48.120003,87.716141,,0.267569,,175.432281,
Sample,16/10/2024 16:33:55,23,9349451,5.312153,8388481,0.038709,12827245,11.189796,3149238,1.027420,106.459999,-48.120003,87.535218,,0.268119,,175.070435,
Sample,16/10/2024 16:33:56,23,9349441,5.312098,8388477,0.038687,12827215,11.190132,3149139,1.027388,106.130005,-46.629997,87.263850,,0.267528,,174.527695,
Sample,16/10/2024 16:33:57,23,9349451,5.312153,8388481,0.038709,12827164,11.190703,3149101,1.027375,106.409996,-47.209999,87.494099,,0.267300,,174.988205,
Sample,16/10/2024 16:33:58,23,9349432,5.312048,8388480,0.038703,12827104,11.191375,3149191,1.027405,107.030006,-47.340000,88.003961,,0.267838,,176.007919,
Sample,16/10/2024 16:33:59,23,9349424,5.312004,8388476,0.038681,12827033,11.192171,3149238,1.027420,107.630005,-47.610001,88.497366,,0.268119,,176.994736,
Sample,16/10/2024 16:34:00,23,9349416,5.311960,8388483,0.038720,12826951,11.193090,3149173,1.027399,108.559998,-47.709999,89.262140,,0.267731,,178.524277,
Sample,16/10/2024 16:34:01,23,9349409,5.311922,8388480,0.038703,12826899,11.193672,3149261,1.027428,110.000000,-44.959999,90.446317,,0.268257,,180.892639,
Sample,16/10/2024 16:34:02,23,9349404,5.311894,8388484,0.038725,12826843,11.194300,3149277,1.027433,111.110001,-47.989998,91.359120,,0.268353,,182.718246,
Sample,16/10/2024 16:34:03,23,9349386,5.311795,8388482,0.038714,12826777,11.195039,3149183,1.027402,112.110001,-47.870003,92.181464,,0.267791,,184.362930,
Sample,16/10/2024 16:34:04,23,9349386,5.311795,8388479,0.038698,12826733,11.195532,3149310,1.027444,112.590004,-50.279999,92.576192,,0.268550,,185.152390,
Sample,16/10/2024 16:34:05,23,9349392,5.311828,8388478,0.038692,12826690,11.196014,3149254,1.027426,114.019997,-51.990002,93.752138,,0.268215,,187.504272,
Sample,16/10/2024 16:34:06,23,9349369,5.311702,8388479,0.038698,12826634,11.196642,3149297,1.027440,114.669998,-51.459999,94.286662,,0.268472,,188.573318,
Sample,16/10/2024 16:34:07,23,9349369,5.311702,8388481,0.038709,12826576,11.197291,3149220,1.027414,115.790001,-54.159996,95.207690,,0.268012,,190.415375,
Sample,16/10/2024 16:34:08,23,9349352,5.311608,8388479,0.038698,12826532,11.197784,3149230,1.027418,119.119995,-52.159996,97.946091,,0.268072,,195.892181,
Sample,16/10/2024 16:34:09,23,9349343,5.311559,8388477,0.038687,12826485,11.198311,3149232,1.027418,121.139999,-55.599998,99.607230,,0.268084,,199.214462,
Sample,16/10/2024 16:34:10,23,9349341,5.311548,8388480,0.038703,12826419,11.199051,3149286,1.027436,122.590004,-54.770000,100.799632,,0.268406,,201.599258,
Sample,16/10/2024 16:34:11,23,9349348,5.311586,8388484,0.038725,12826398,11.199286,3149224,1.027416,122.519997,-57.900002,100.742062,,0.268036,,201.484131,
Sample,16/10/2024 16:34:12,23,9349331,5.311493,8388482,0.038714,12826343,11.199902,3149303,1.027442,123.159996,-58.329998,101.268362,,0.268508,,202.536728,
Sample,16/10/2024 16:34:13,23,9349305,5.311350,8388483,0.038720,12826264,11.200787,3149273,1.027432,123.419998,-57.900002,101.482173,,0.268329,,202.964340,
Sample,16/10/2024 16:34:14,23,9349302,5.311334,8388479,0.038698,12826171,11.201829,3149316,1.027446,123.699997,-57.480000,101.712428,,0.268586,,203.424850,
Sample,16/10/2024 16:34:15,23,9349294,5.311290,8388480,0.038703,12826079,11.202860,3149386,1.027469,123.409996,-57.680000,101.473948,,0.269004,,202.947891,
Sample,16/10/2024 16:34:16,23,9349306,5.311356,8388479,0.038698,12825953,11.204272,3149309,1.027444,122.059998,-57.150002,100.363785,,0.268544,,200.727570,
Sample,16/10/2024 16:34:17,23,9349301,5.311328,8388481,0.038709,12825798,11.206009,3149263,1.027429,120.819992,-54.529999,99.344073,,0.268269,,198.688141,
Sample,16/10/2024 16:34:18,23,9349297,5.311306,8388478,0.038692,12825618,11.208025,3149341,1.027454,119.190002,-57.159996,98.003661,,0.268735,,196.007324,
Sample,16/10/2024 16:34:19,23,9349275,5.311185,8388480,0.038703,12825430,11.210132,3149250,1.027424,116.880005,-56.950001,96.104048,,0.268191,,192.208099,
Sample,16/10/2024 16:34:20,23,9349270,5.311158,8388478,0.038692,12825222,11.212462,3149389,1.027470,114.110001,-56.870003,93.826152,,0.269022,,187.652298,
Sample,16/10/2024 16:34:21,23,9349256,5.311081,8388487,0.038742,12825018,11.214748,3149317,1.027446,110.740005,-57.790001,91.054856,,0.268592,,182.109711,
Sample,16/10/2024 16:34:22,23,9349235,5.310965,8388477,0.038687,12824792,11.217280,3149294,1.027439,106.880005,-56.759998,87.880608,,0.268454,,175.761215,
Sample,16/10/2024 16:34:23,23,9349246,5.311026,8388479,0.038698,12824559,11.219891,3149335,1.027452,103.269997,-57.509998,84.911939,,0.268699,,169.823883,
Sample,16/10/2024 16:34:24,23,9349224,5.310905,8388478,0.038692,12824342,11.222322,3149188,1.027404,100.529999,-57.770000,82.658718,,0.267821,,165.317429,
Sample,16/10/2024 16:34:25,23,9349227,5.310921,8388482,0.038714,12824101,11.225022,3149258,1.027427,98.022995,-59.980000,80.597098,,0.268239,,161.194199,
Sample,16/10/2024 16:34:26,23,9349212,5.310839,8388482,0.038714,12823908,11.227185,3149238,1.027420,96.112999,-59.270000,79.026424,,0.268119,,158.052841,
Sample,16/10/2024 16:34:27,23,9349194,5.310740,8388483,0.038720,12823720,11.229291,3149273,1.027432,94.916000,-59.840004,78.042080,,0.268329,,156.084152,
Sample,16/10/2024 16:34:28,23,9349192,5.310729,8388478,0.038692,12823560,11.231084,3149383,1.027468,93.925995,-61.420002,77.227954,,0.268986,,154.455902,
Sample,16/10/2024 16:34:29,23,9349193,5.310734,8388477,0.038687,12823413,11.232731,3149323,1.027448,92.935997,-58.459999,76.413836,,0.268627,,152.827667,
Sample,16/10/2024 16:34:30,23,9349178,5.310652,8388479,0.038698,12823268,11.234355,3149344,1.027455,91.912003,-57.299999,75.571760,,0.268753,,151.143524,
Sample,16/10/2024 16:34:31,23,9349180,5.310663,8388480,0.038703,12823172,11.235431,3149375,1.027465,91.202003,-55.959999,74.987896,,0.268938,,149.975800,
Sample,16/10/2024 16:34:32,23,9349171,5.310613,8388483,0.038720,12823050,11.236797,3149471,1.027497,90.572006,-55.140003,74.469822,,0.269512,,148.939636,
Sample,16/10/2024 16:34:33,23,9349168,5.310597,8388483,0.038720,12822962,11.237783,3149394,1.027472,90.129005,-53.599998,74.105523,,0.269052,,148.211044,
Sample,16/10/2024 16:34:34,23,9349146,5.310476,8388481,0.038709,12822875,11.238758,3149496,1.027505,89.913002,-53.670002,73.927894,,0.269661,,147.855789,
Sample,16/10/2024 16:34:35,23,9349151,5.310503,8388483,0.038720,12822786,11.239755,3149365,1.027462,90.039001,-53.799999,74.031508,,0.268878,,148.063019,
Sample,16/10/2024 16:34:36,23,9349159,5.310547,8388481,0.038709,12822690,11.240831,3149392,1.027471,89.805000,-52.329998,73.839079,,0.269040,,147.678162,
Sample,16/10/2024 16:34:37,23,9349140,5.310443,8388477,0.038687,12822597,11.241873,3149445,1.027488,89.645996,-52.750000,73.708323,,0.269356,,147.416641,
Sample,16/10/2024 16:34:38,23,9349133,5.310404,8388478,0.038692,12822519,11.242747,3149393,1.027471,90.041000,-52.320000,74.033152,,0.269046,,148.066299,
Sample,16/10/2024 16:34:39,23,9349109,5.310272,8388479,0.038698,12822419,11.243867,3149473,1.027498,90.467003,-51.879997,74.383473,,0.269524,,148.766953,
Sample,16/10/2024 16:34:40,23,9349115,5.310305,8388480,0.038703,12822307,11.245122,3149422,1.027481,90.759995,-53.040001,74.624413,,0.269219,,149.248825,
Sample,16/10/2024 16:34:41,23,9349109,5.310272,8388482,0.038714,12822211,11.246197,3149515,1.027511,90.949997,-50.829998,74.780660,,0.269775,,149.561325,
Sample,16/10/2024 16:34:42,23,9349114,5.310300,8388478,0.038692,12822144,11.246948,3149482,1.027501,91.110001,-53.150002,74.912238,,0.269577,,149.824478,
Sample,16/10/2024 16:34:43,23,9349081,5.310119,8388477,0.038687,12822069,11.247788,3149512,1.027510,91.634995,-51.759998,75.343964,,0.269757,,150.687927,
Sample,16/10/2024 16:34:44,23,9349083,5.310130,8388484,0.038725,12821995,11.248617,3149435,1.027485,92.136002,-51.720001,75.755964,,0.269297,,151.511932,
Sample,16/10/2024 16:34:45,23,9349077,5.310097,8388482,0.038714,12821932,11.249323,3149525,1.027515,92.186996,-52.209999,75.797899,,0.269834,,151.595795,
Sample,16/10/2024 16:34:46,23,9349068,5.310047,8388481,0.038709,12821857,11.250163,3149531,1.027517,92.309006,-48.900002,75.898233,,0.269870,,151.796463,
Sample,16/10/2024 16:34:47,23,9349053,5.309965,8388476,0.038681,12821806,11.250735,3149467,1.027496,92.695999,-49.920002,76.216475,,0.269488,,152.432953,
Sample,16/10/2024 16:34:48,23,9349045,5.309921,8388480,0.038703,12821759,11.251261,3149482,1.027501,93.250000,-51.770000,76.672054,,0.269577,,153.344101,
Sample,16/10/2024 16:34:49,23,9349056,5.309981,8388477,0.038687,12821715,11.251754,3149501,1.027507,93.845993,-50.939999,77.162165,,0.269691,,154.324326,
Sample,16/10/2024 16:34:50,23,9349042,5.309904,8388480,0.038703,12821650,11.252482,3149531,1.027517,94.126999,-49.660000,77.393249,,0.269870,,154.786499,
Sample,16/10/2024 16:34:51,23,9349030,5.309838,8388478,0.038692,12821647,11.252516,3149492,1.027504,94.520004,-51.650002,77.716435,,0.269637,,155.432877,
Sample,16/10/2024 16:34:52,23,9349028,5.309827,8388483,0.038720,12821593,11.253121,3149530,1.027516,95.079002,-49.660000,78.176123,,0.269864,,156.352249,
Sample,16/10/2024 16:34:53,23,9349022,5.309794,8388479,0.038698,12821544,11.253670,3149476,1.027499,95.227997,-48.250000,78.298648,,0.269542,,156.597290,
Sample,16/10/2024 16:34:54,23,9349014,5.309750,8388481,0.038709,12821501,11.254152,3149578,1.027532,95.065994,-51.740002,78.165426,,0.270151,,156.330856,
Sample,16/10/2024 16:34:55,23,9349006,5.309706,8388484,0.038725,12821484,11.254342,3149586,1.027535,96.150993,-51.799999,79.057669,,0.270199,,158.115341,
Sample,16/10/2024 16:34:56,23,9349000,5.309673,8388482,0.038714,12821420,11.255059,3149565,1.027528,97.112000,-50.680000,79.847946,,0.270073,,159.695892,
Sample,16/10/2024 16:34:57,23,9348993,5.309635,8388484,0.038725,12821394,11.255350,3149571,1.027530,97.650002,-52.549999,80.290369,,0.270109,,160.580734,
Sample,16/10/2024 16:34:58,23,9348984,5.309585,8388480,0.038703,12821345,11.255899,3149625,1.027548,97.332993,-49.689999,80.029679,,0.270432,,160.059357,
Sample,16/10/2024 16:34:59,23,9348976,5.309541,8388486,0.038736,12821305,11.256348,3149571,1.027530,96.467003,-48.670002,79.317537,,0.270109,,158.635071,
Sample,16/10/2024 16:35:00,23,9348958,5.309442,8388482,0.038714,12821260,11.256852,3149550,1.027523,96.202003,-50.189999,79.099617,,0.269984,,158.199234,
Sample,16/10/2024 16:35:01,23,9348959,5.309448,8388484,0.038725,12821227,11.257221,3149640,1.027552,96.409996,-47.349998,79.270658,,0.270521,,158.541321,
Sample,16/10/2024 16:35:02,23,9348954,5.309420,8388474,0.038670,12821172,11.257838,3149644,1.027554,96.040001,-41.639999,78.966395,,0.270545,,157.932785,
Sample,16/10/2024 16:35:03,23,9348953,5.309415,8388481,0.038709,12821147,11.258118,3149614,1.027544,96.457993,-39.930000,79.310128,,0.270366,,158.620255,
Sample,16/10/2024 16:35:04,23,9348944,5.309365,8388482,0.038714,12821119,11.258431,3149694,1.027570,95.617004,-40.010002,78.618546,,0.270844,,157.237091,
Sample,16/10/2024 16:35:05,23,9348933,5.309305,8388481,0.038709,12821093,11.258723,3149643,1.027553,95.610001,-38.260002,78.612787,,0.270539,,157.225571,
Sample,16/10/2024 16:35:06,23,9348930,5.309288,8388479,0.038698,12821054,11.259160,3149709,1.027575,94.744003,-36.820000,77.900639,,0.270933,,155.801285,
Sample,16/10/2024 16:35:07,23,9348913,5.309195,8388483,0.038720,12821016,11.259585,3149673,1.027563,94.251999,-37.590000,77.496042,,0.270718,,154.992081,
Sample,16/10/2024 16:35:08,23,9348896,5.309101,8388480,0.038703,12820963,11.260179,3149675,1.027564,94.397003,-33.500000,77.615285,,0.270730,,155.230576,
Sample,16/10/2024 16:35:09,23,9348898,5.309112,8388477,0.038687,12820928,11.260571,3149682,1.027566,94.379997,-33.110001,77.601301,,0.270772,,155.202606,
Sample,16/10/2024 16:35:10,23,9348890,5.309068,8388480,0.038703,12820881,11.261098,3149728,1.027581,94.559006,-31.590000,77.748507,,0.271047,,155.497009,
Sample,16/10/2024 16:35:11,23,9348886,5.309046,8388482,0.038714,12820873,11.261187,3149742,1.027586,94.799004,-33.820000,77.945868,,0.271130,,155.891739,
Sample,16/10/2024 16:35:12,23,9348889,5.309063,8388480,0.038703,12820849,11.261456,3149768,1.027594,94.725998,-37.820000,77.885832,,0.271285,,155.771667,
Sample,16/10/2024 16:35:13,23,9348874,5.308980,8388476,0.038681,12820803,11.261972,3149707,1.027574,95.195999,-39.459999,78.272335,,0.270921,,156.544662,
Sample,16/10/2024 16:35:14,23,9348863,5.308920,8388482,0.038714,12820800,11.262005,3149695,1.027571,96.190994,-41.540001,79.090563,,0.270850,,158.181122,
Sample,16/10/2024 16:35:15,23,9348855,5.308876,8388479,0.038698,12820775,11.262285,3149754,1.027590,96.657997,-45.110001,79.474600,,0.271202,,158.949203,
Sample,16/10/2024 16:35:16,23,9348848,5.308838,8388478,0.038692,12820769,11.262352,3149752,1.027589,96.539001,-50.610001,79.376745,,0.271190,,158.753494,
Sample,16/10/2024 16:35:17,23,9348847,5.308832,8388478,0.038692,12820758,11.262476,3149737,1.027584,95.647003,-51.200001,78.643215,,0.271100,,157.286438,
Sample,16/10/2024 16:35:18,23,9348844,5.308816,8388482,0.038714,12820702,11.263103,3149768,1.027594,94.670998,-52.500000,77.840603,,0.271285,,155.681213,
Sample,16/10/2024 16:35:19,23,9348836,5.308772,8388484,0.038725,12820690,11.263238,3149774,1.027596,93.449005,-49.529999,76.835705,,0.271321,,153.671402,
Sample,16/10/2024 16:35:20,23,9348827,5.308722,8388481,0.038709,12820681,11.263338,3149798,1.027604,92.102997,-48.790001,75.728823,,0.271465,,151.457642,
Sample,16/10/2024 16:35:21,23,9348821,5.308689,8388484,0.038725,12820641,11.263786,3149844,1.027619,91.122002,-49.270000,74.922107,,0.271739,,149.844208,
Sample,16/10/2024 16:35:22,23,9348816,5.308662,8388476,0.038681,12820628,11.263932,3149791,1.027602,90.238998,-49.549999,74.195975,,0.271423,,148.391953,
Sample,16/10/2024 16:35:23,23,9348807,5.308612,8388479,0.038698,12820602,11.264223,3149835,1.027617,89.509003,-50.610001,73.595667,,0.271685,,147.191330,
Sample,16/10/2024 16:35:24,23,9348800,5.308574,8388480,0.038703,12820576,11.264515,3149728,1.027581,89.099007,-49.889999,73.258509,,0.271047,,146.517014,
Sample,16/10/2024 16:35:25,23,9348783,5.308480,8388482,0.038714,12820553,11.264772,3149793,1.027603,88.929001,-51.670002,73.118706,,0.271435,,146.237411,
Sample,16/10/2024 16:35:26,23,9348781,5.308469,8388476,0.038681,12820552,11.264784,3149756,1.027591,88.894005,-50.470001,73.089927,,0.271214,,146.179855,
Sample,16/10/2024 16:35:27,23,9348780,5.308464,8388483,0.038720,12820530,11.265030,3149817,1.027611,88.940002,-50.980000,73.127753,,0.271578,,146.255508,
Sample,16/10/2024 16:35:28,23,9348768,5.308398,8388486,0.038736,12820517,11.265176,3149736,1.027584,89.029007,-51.340004,73.200946,,0.271094,,146.401886,
Sample,16/10/2024 16:35:29,23,9348759,5.308348,8388481,0.038709,12820497,11.265400,3149827,1.027614,89.215004,-52.279999,73.353899,,0.271638,,146.707794,
Sample,16/10/2024 16:35:30,23,9348748,5.308288,8388485,0.038731,12820487,11.265512,3149808,1.027608,89.469009,-50.230000,73.562779,,0.271524,,147.125565,
Sample,16/10/2024 16:35:31,23,9348742,5.308255,8388481,0.038709,12820437,11.266072,3149734,1.027583,89.988998,-51.670002,73.990389,,0.271082,,147.980774,
Sample,16/10/2024 16:35:32,23,9348747,5.308282,8388483,0.038720,12820450,11.265926,3149793,1.027603,90.485001,-48.790001,74.398273,,0.271435,,148.796539,
Sample,16/10/2024 16:35:33,23,9348730,5.308189,8388481,0.038709,12820427,11.266184,3149868,1.027627,90.940002,-51.549999,74.772441,,0.271882,,149.544876,
Sample,16/10/2024 16:35:34,23,9348729,5.308183,8388482,0.038714,12820405,11.266430,3149881,1.027632,91.115997,-52.790001,74.917170,,0.271960,,149.834335,
Sample,16/10/2024 16:35:35,23,9348721,5.308139,8388479,0.038698,12820399,11.266498,3149829,1.027615,91.474007,-53.349998,75.211576,,0.271650,,150.423157,
Sample,16/10/2024 16:35:36,23,9348719,5.308128,8388483,0.038720,12820388,11.266621,3149769,1.027595,91.659996,-54.209999,75.364524,,0.271291,,150.729050,
Sample,16/10/2024 16:35:37,23,9348700,5.308024,8388483,0.038720,12820341,11.267147,3149863,1.027626,91.684006,-52.209999,75.384268,,0.271852,,150.768539,
Sample,16/10/2024 16:35:38,23,9348706,5.308057,8388479,0.038698,12820354,11.267002,3149900,1.027638,91.817001,-54.079998,75.493636,,0.272073,,150.987274,
Sample,16/10/2024 16:35:39,23,9348698,5.308013,8388481,0.038709,12820351,11.267035,3149950,1.027654,91.920998,-56.009998,75.579157,,0.272372,,151.158310,
Sample,16/10/2024 16:35:40,23,9348691,5.307974,8388484,0.038725,12820362,11.266912,3149950,1.027654,92.254005,-55.730000,75.853004,,0.272372,,151.706009,
Sample,16/10/2024 16:35:41,23,9348682,5.307925,8388476,0.038681,12820347,11.267080,3149891,1.027635,92.700996,-55.730000,76.220584,,0.272020,,152.441162,
Sample,16/10/2024 16:35:42,23,9348662,5.307815,8388480,0.038703,12820349,11.267058,3149941,1.027651,93.055000,-57.090004,76.511697,,0.272318,,153.023392,
Sample,16/10/2024 16:35:43,23,9348660,5.307804,8388485,0.038731,12820320,11.267383,3150000,1.027671,93.215996,-56.379997,76.644091,,0.272670,,153.288177,
Sample,16/10/2024 16:35:44,23,9348657,5.307787,8388479,0.038698,12820323,11.267349,3149859,1.027624,93.205994,-56.570000,76.635866,,0.271829,,153.271729,
Sample,16/10/2024 16:35:45,23,9348648,5.307738,8388483,0.038720,12820300,11.267607,3149916,1.027643,93.150002,-56.259998,76.589821,,0.272169,,153.179642,
Sample,16/10/2024 16:35:46,23,9348626,5.307617,8388477,0.038687,12820307,11.267528,3149889,1.027634,93.384003,-55.709999,76.782250,,0.272008,,153.564499,
Sample,16/10/2024 16:35:47,23,9348632,5.307650,8388485,0.038731,12820307,11.267528,3149904,1.027639,93.511002,-53.770000,76.886687,,0.272097,,153.773376,
Sample,16/10/2024 16:35:48,23,9348627,5.307622,8388483,0.038720,12820308,11.267517,3149984,1.027665,93.677994,-55.290001,77.024012,,0.272575,,154.048019,
Sample,16/10/2024 16:35:49,23,9348611,5.307535,8388486,0.038736,12820312,11.267472,3149909,1.027641,93.722000,-55.270000,77.060201,,0.272127,,154.120407,
Sample,16/10/2024 16:35:50,23,9348618,5.307573,8388480,0.038703,12820308,11.267517,3150011,1.027674,93.479004,-53.579998,76.860374,,0.272736,,153.720749,
Sample,16/10/2024 16:35:51,23,9348598,5.307463,8388484,0.038725,12820305,11.267551,3149962,1.027658,93.202003,-53.629997,76.632584,,0.272443,,153.265167,
Sample,16/10/2024 16:35:52,23,9348604,5.307496,8388481,0.038709,12820300,11.267607,3149908,1.027641,92.992996,-51.970001,76.460709,,0.272121,,152.921417,
Sample,16/10/2024 16:35:53,23,9348598,5.307463,8388474,0.038670,12820285,11.267775,3150014,1.027675,92.990005,-51.629997,76.458249,,0.272754,,152.916504,
Sample,16/10/2024 16:35:54,23,9348594,5.307441,8388478,0.038692,12820273,11.267909,3149915,1.027643,93.182999,-53.629997,76.616956,,0.272163,,153.233917,
Sample,16/10/2024 16:35:55,23,9348566,5.307287,8388475,0.038676,12820293,11.267685,3150072,1.027694,92.987999,-53.370003,76.456599,,0.273100,,152.913193,
Sample,16/10/2024 16:35:56,23,9348558,5.307243,8388481,0.038709,12820291,11.267708,3149932,1.027648,92.815002,-52.409996,76.314336,,0.272264,,152.628677,
Sample,16/10/2024 16:35:57,23,9348556,5.307232,8388479,0.038698,12820267,11.267976,3149976,1.027663,92.554001,-52.670002,76.099703,,0.272527,,152.199402,
Sample,16/10/2024 16:35:58,23,9348550,5.307199,8388480,0.038703,12820257,11.268088,3149987,1.027666,92.257996,-53.190002,75.856285,,0.272592,,151.712570,
Sample,16/10/2024 16:35:59,23,9348557,5.307238,8388477,0.038687,12820259,11.268066,3149967,1.027660,91.984001,-52.970001,75.630967,,0.272473,,151.261932,
Sample,16/10/2024 16:36:00,23,9348535,5.307117,8388482,0.038714,12820250,11.268167,3149919,1.027644,91.720993,-52.640003,75.414684,,0.272187,,150.829361,
Sample,16/10/2024 16:36:01,23,9348523,5.307051,8388481,0.038709,12820249,11.268178,3150079,1.027697,91.585999,-53.599998,75.303672,,0.273141,,150.607346,
Sample,16/10/2024 16:36:02,23,9348536,5.307122,8388478,0.038692,12820253,11.268133,3149942,1.027652,91.245003,-54.599998,75.023256,,0.272324,,150.046509,
Sample,16/10/2024 16:36:03,23,9348516,5.307012,8388477,0.038687,12820247,11.268200,3150069,1.027693,91.037003,-53.459999,74.852209,,0.273082,,149.704422,
Sample,16/10/2024 16:36:04,23,9348531,5.307095,8388478,0.038692,12820233,11.268357,3150049,1.027687,90.594009,-53.940002,74.487916,,0.272962,,148.975830,
Sample,16/10/2024 16:36:05,23,9348513,5.306996,8388482,0.038714,12820207,11.268649,3150016,1.027676,90.376999,-53.930000,74.309459,,0.272765,,148.618912,
Sample,16/10/2024 16:36:06,23,9348501,5.306930,8388481,0.038709,12820219,11.268514,3150015,1.027676,90.100998,-52.440002,74.082491,,0.272760,,148.164978,
Sample,16/10/2024 16:36:07,23,9348482,5.306825,8388482,0.038714,12820197,11.268761,3149979,1.027664,89.970993,-54.700001,73.975582,,0.272545,,147.951172,
Sample,16/10/2024 16:36:08,23,9348483,5.306831,8388477,0.038687,12820205,11.268671,3149988,1.027667,89.797005,-53.680000,73.832504,,0.272598,,147.665009,
Sample,16/10/2024 16:36:09,23,9348481,5.306820,8388476,0.038681,12820195,11.268783,3149999,1.027670,89.932999,-53.329998,73.944338,,0.272664,,147.888672,
Sample,16/10/2024 16:36:10,23,9348471,5.306765,8388481,0.038709,12820184,11.268906,3150048,1.027687,90.549004,-55.200001,74.450906,,0.272956,,148.901810,
Sample,16/10/2024 16:36:11,23,9348465,5.306732,8388480,0.038703,12820177,11.268985,3150067,1.027693,91.217003,-54.690002,75.000231,,0.273070,,150.000458,
Sample,16/10/2024 16:36:12,23,9348469,5.306754,8388477,0.038687,12820162,11.269153,3150062,1.027691,91.174004,-55.359997,74.964871,,0.273040,,149.929749,
Sample,16/10/2024 16:36:13,23,9348454,5.306671,8388480,0.038703,12820150,11.269287,3150051,1.027688,90.289001,-53.930000,74.237095,,0.272974,,148.474182,
Sample,16/10/2024 16:36:14,23,9348434,5.306561,8388484,0.038725,12820131,11.269500,3150120,1.027710,89.227005,-55.029999,73.363768,,0.273386,,146.727539,
Sample,16/10/2024 16:36:15,23,9348439,5.306589,8388480,0.038703,12820130,11.269511,3150010,1.027674,88.237000,-54.909996,72.549643,,0.272730,,145.099289,
Sample,16/10/2024 16:36:16,23,9348415,5.306457,8388479,0.038698,12820142,11.269377,3150148,1.027719,87.690994,-54.950001,72.100639,,0.273553,,144.201279,
Sample,16/10/2024 16:36:17,23,9348431,5.306545,8388483,0.038720,12820153,11.269254,3150155,1.027722,87.113998,-54.620003,71.626150,,0.273595,,143.252304,
Sample,16/10/2024 16:36:18,23,9348416,5.306462,8388480,0.038703,12820123,11.269590,3150131,1.027714,86.585999,-55.099998,71.191952,,0.273451,,142.383911,
Sample,16/10/2024 16:36:19,23,9348414,5.306451,8388485,0.038731,12820130,11.269511,3150177,1.027729,85.927002,-55.459999,70.650030,,0.273726,,141.300064,
Sample,16/10/2024 16:36:20,23,9348394,5.306341,8388479,0.038698,12820107,11.269769,3150191,1.027734,84.952003,-55.009998,69.848246,,0.273809,,139.696487,
Sample,16/10/2024 16:36:21,23,9348384,5.306287,8388477,0.038687,12820092,11.269937,3150157,1.027722,84.592003,-56.159996,69.552202,,0.273607,,139.104401,
Sample,16/10/2024 16:36:22,23,9348384,5.306287,8388481,0.038709,12820102,11.269825,3150160,1.027723,84.435997,-56.270000,69.423911,,0.273624,,138.847824,
Sample,16/10/2024 16:36:23,23,9348380,5.306265,8388480,0.038703,12820095,11.269903,3150174,1.027728,84.210999,-56.599998,69.238885,,0.273708,,138.477768,
Sample,16/10/2024 16:36:24,23,9348380,5.306265,8388480,0.038703,12820091,11.269948,3150104,1.027705,83.542007,-56.470001,68.688744,,0.273290,,137.377487,
Sample,16/10/2024 16:36:25,23,9348360,5.306155,8388478,0.038692,12820066,11.270228,3150159,1.027723,82.577003,-57.690002,67.895179,,0.273618,,135.790359,
Sample,16/10/2024 16:36:26,23,9348353,5.306116,8388481,0.038709,12820043,11.270486,3150183,1.027731,81.735001,-55.299999,67.202763,,0.273762,,134.405533,
Sample,16/10/2024 16:36:27,23,9348352,5.306111,8388479,0.038698,12820066,11.270228,3150127,1.027712,81.055000,-56.349998,66.643568,,0.273428,,133.287140,
Sample,16/10/2024 16:36:28,23,9348355,5.306127,8388476,0.038681,12820048,11.270430,3150183,1.027731,80.373001,-58.099998,66.082730,,0.273762,,132.165466,
Sample,16/10/2024 16:36:29,23,9348346,5.306078,8388476,0.038681,12820036,11.270564,3150182,1.027731,79.926003,-58.680000,65.715144,,0.273756,,131.430283,
Sample,16/10/2024 16:36:30,23,9348323,5.305951,8388478,0.038692,12820013,11.270822,3150219,1.027743,79.412003,-57.390003,65.292459,,0.273976,,130.584915,
Sample,16/10/2024 16:36:31,23,9348318,5.305924,8388477,0.038687,12819989,11.271091,3150214,1.027741,79.116005,-59.940002,65.049047,,0.273946,,130.098099,
Sample,16/10/2024 16:36:32,23,9348311,5.305885,8388478,0.038692,12819971,11.271293,3150214,1.027741,78.815002,-59.770000,64.801520,,0.273946,,129.603043,
Sample,16/10/2024 16:36:33,23,9348298,5.305814,8388481,0.038709,12819970,11.271304,3150247,1.027752,78.487000,-57.909996,64.531788,,0.274143,,129.063583,
Sample,16/10/2024 16:36:34,23,9348305,5.305852,8388478,0.038692,12819966,11.271349,3150186,1.027732,78.306000,-59.509998,64.382944,,0.273780,,128.765884,
Sample,16/10/2024 16:36:35,23,9348292,5.305781,8388485,0.038731,12819951,11.271517,3150234,1.027748,78.087997,-58.440002,64.203671,,0.274066,,128.407349,
Sample,16/10/2024 16:36:36,23,9348297,5.305808,8388482,0.038714,12819936,11.271685,3150292,1.027767,77.852005,-59.279999,64.009604,,0.274412,,128.019211,
Sample,16/10/2024 16:36:37,23,9348286,5.305748,8388482,0.038714,12819915,11.271920,3150299,1.027769,77.403999,-59.809998,63.641189,,0.274453,,127.282379,
Sample,16/10/2024 16:36:38,23,9348277,5.305698,8388480,0.038703,12819910,11.271976,3150282,1.027763,76.943001,-60.009998,63.262090,,0.274352,,126.524178,
Sample,16/10/2024 16:36:39,23,9348252,5.305561,8388478,0.038692,12819876,11.272357,3150297,1.027768,76.433998,-58.940002,62.843515,,0.274441,,125.687027,
Sample,16/10/2024 16:36:40,23,9348269,5.305654,8388483,0.038720,12819876,11.272357,3150306,1.027771,76.004997,-60.659996,62.490728,,0.274495,,124.981461,
Sample,16/10/2024 16:36:41,23,9348254,5.305572,8388475,0.038676,12819866,11.272469,3150317,1.027775,75.723999,-59.840004,62.259651,,0.274561,,124.519302,
Sample,16/10/2024 16:36:42,23,9348256,5.305583,8388481,0.038709,12819850,11.272648,3150347,1.027785,75.612000,-59.980000,62.167549,,0.274739,,124.335098,
Sample,16/10/2024 16:36:43,23,9348231,5.305445,8388478,0.038692,12819845,11.272704,3150337,1.027781,75.504997,-60.040001,62.079556,,0.274680,,124.159111,
Sample,16/10/2024 16:36:44,23,9348232,5.305451,8388482,0.038714,12819827,11.272906,3150315,1.027774,75.555000,-61.740002,62.120676,,0.274549,,124.241356,
Sample,16/10/2024 16:36:45,23,9348220,5.305385,8388481,0.038709,12819809,11.273107,3150388,1.027798,75.499001,-59.440002,62.074625,,0.274984,,124.149254,
Sample,16/10/2024 16:36:46,23,9348215,5.305357,8388486,0.038736,12819824,11.272939,3150305,1.027771,75.447006,-58.320000,62.031868,,0.274489,,124.063736,
Sample,16/10/2024 16:36:47,23,9348209,5.305324,8388477,0.038687,12819841,11.272749,3150390,1.027799,75.341003,-58.809998,61.944697,,0.274996,,123.889397,
Sample,16/10/2024 16:36:48,23,9348212,5.305341,8388483,0.038720,12819812,11.273074,3150334,1.027781,75.324997,-58.079998,61.931534,,0.274662,,123.863068,
Sample,16/10/2024 16:36:49,23,9348195,5.305247,8388475,0.038676,12819817,11.273018,3150349,1.027785,75.497002,-58.480000,62.072981,,0.274751,,124.145966,
Sample,16/10/2024 16:36:50,23,9348197,5.305258,8388480,0.038703,12819786,11.273365,3150299,1.027769,75.663002,-58.320000,62.209491,,0.274453,,124.418983,
Sample,16/10/2024 16:36:51,23,9348188,5.305209,8388480,0.038703,12819797,11.273242,3150336,1.027781,75.981003,-58.400002,62.470997,,0.274674,,124.941994,
Sample,16/10/2024 16:36:52,23,9348166,5.305088,8388482,0.038714,12819797,11.273242,3150364,1.027790,76.354996,-60.329998,62.778548,,0.274841,,125.557098,
Sample,16/10/2024 16:36:53,23,9348168,5.305099,8388478,0.038692,12819791,11.273309,3150250,1.027753,76.616005,-59.759998,62.993187,,0.274161,,125.986374,
Sample,16/10/2024 16:36:54,23,9348157,5.305038,8388476,0.038681,12819778,11.273455,3150229,1.027746,76.826004,-58.049999,63.165878,,0.274036,,126.331757,
Sample,16/10/2024 16:36:55,23,9348156,5.305033,8388480,0.038703,12819796,11.273253,3150290,1.027766,77.066002,-58.090004,63.363239,,0.274400,,126.726479,
Sample,16/10/2024 16:36:56,23,9348149,5.304995,8388484,0.038725,12819771,11.273533,3150385,1.027797,77.365005,-57.750000,63.609123,,0.274966,,127.218246,
Sample,16/10/2024 16:36:57,23,9348143,5.304962,8388482,0.038714,12819762,11.273634,3150253,1.027754,77.837997,-60.970001,63.998085,,0.274179,,127.996170,
Sample,16/10/2024 16:36:58,23,9348123,5.304852,8388477,0.038687,12819746,11.273813,3150301,1.027770,78.210999,-57.430000,64.304820,,0.274465,,128.609634,
Sample,16/10/2024 16:36:59,23,9348128,5.304879,8388478,0.038692,12819746,11.273813,3150341,1.027783,78.570000,-59.680000,64.600043,,0.274704,,129.200089,
Sample,16/10/2024 16:37:00,23,9348122,5.304846,8388481,0.038709,12819756,11.273701,3150366,1.027791,78.932999,-58.409996,64.898553,,0.274853,,129.797104,
Sample,16/10/2024 16:37:01,23,9348117,5.304819,8388482,0.038714,12819742,11.273858,3150306,1.027771,79.607002,-58.349998,65.452816,,0.274495,,130.905624,
Sample,16/10/2024 16:37:02,23,9348117,5.304819,8388486,0.038736,12819783,11.273399,3150341,1.027783,80.557999,-58.579998,66.234862,,0.274704,,132.469727,
Sample,16/10/2024 16:37:03,23,9348092,5.304681,8388479,0.038698,12819735,11.273936,3150438,1.027815,81.465004,-58.500000,66.980733,,0.275282,,133.961472,
Sample,16/10/2024 16:37:04,23,9348083,5.304632,8388482,0.038714,12819744,11.273836,3150369,1.027792,82.207993,-58.090004,67.591725,,0.274871,,135.183456,
Sample,16/10/2024 16:37:05,23,9348085,5.304643,8388481,0.038709,12819739,11.273892,3150423,1.027810,82.455994,-57.000000,67.795667,,0.275192,,135.591339,
Sample,16/10/2024 16:37:06,23,9348084,5.304637,8388480,0.038703,12819742,11.273858,3150297,1.027768,82.607002,-56.620003,67.919848,,0.274441,,135.839691,
Sample,16/10/2024 16:37:07,23,9348067,5.304544,8388477,0.038687,12819706,11.274261,3150376,1.027794,82.590004,-57.250000,67.905870,,0.274912,,135.811737,
Sample,16/10/2024 16:37:08,23,9348067,5.304544,8388479,0.038698,12819713,11.274183,3150501,1.027835,82.804001,-57.480000,68.081849,,0.275657,,136.163696,
Sample,16/10/2024 16:37:09,23,9348053,5.304467,8388482,0.038714,12819703,11.274295,3150562,1.027855,83.375000,-57.299999,68.551406,,0.276021,,137.102814,
Sample,16/10/2024 16:37:10,23,9348032,5.304351,8388485,0.038731,12819734,11.273948,3150367,1.027791,84.339005,-56.700001,69.344150,,0.274859,,138.688293,
Sample,16/10/2024 16:37:11,23,9348034,5.304362,8388480,0.038703,12819699,11.274340,3150460,1.027822,84.895996,-54.799999,69.802189,,0.275413,,139.604370,
Sample,16/10/2024 16:37:12,23,9348037,5.304379,8388478,0.038692,12819714,11.274172,3150480,1.027828,85.192001,-54.549999,70.045607,,0.275532,,140.091217,
Sample,16/10/2024 16:37:13,23,9348030,5.304340,8388481,0.038709,12819699,11.274340,3150512,1.027839,85.556999,-56.040001,70.345761,,0.275723,,140.691528,
Sample,16/10/2024 16:37:14,23,9348022,5.304296,8388478,0.038692,12819680,11.274553,3150495,1.027833,85.854996,-54.959999,70.590816,,0.275622,,141.181625,
Sample,16/10/2024 16:37:15,23,9347994,5.304142,8388482,0.038714,12819669,11.274676,3150520,1.027842,85.905991,-53.920002,70.632752,,0.275771,,141.265503,
Sample,16/10/2024 16:37:16,23,9348008,5.304219,8388480,0.038703,12819649,11.274900,3150490,1.027832,85.804001,-54.709999,70.548881,,0.275592,,141.097763,
Sample,16/10/2024 16:37:17,23,9347996,5.304153,8388480,0.038703,12819663,11.274743,3150509,1.027838,85.797997,-58.090004,70.543943,,0.275705,,141.087891,
Sample,16/10/2024 16:37:18,23,9347992,5.304131,8388481,0.038709,12819659,11.274788,3150561,1.027855,85.640999,-52.359997,70.414837,,0.276015,,140.829681,
Sample,16/10/2024 16:37:19,23,9347978,5.304054,8388479,0.038698,12819671,11.274653,3150492,1.027832,85.320000,-55.599998,70.150865,,0.275604,,140.301727,
Sample,16/10/2024 16:37:20,23,9347989,5.304115,8388480,0.038703,12819652,11.274866,3150448,1.027818,85.056999,-55.440002,69.934589,,0.275341,,139.869171,
Sample,16/10/2024 16:37:21,23,9347968,5.303999,8388476,0.038681,12819657,11.274810,3150510,1.027838,84.952003,-54.509998,69.848246,,0.275711,,139.696487,
Sample,16/10/2024 16:37:22,23,9347955,5.303928,8388485,0.038731,12819649,11.274900,3150536,1.027847,84.900993,-55.520000,69.806298,,0.275866,,139.612595,
Sample,16/10/2024 16:37:23,23,9347958,5.303944,8388481,0.038709,12819640,11.275001,3150528,1.027844,84.597000,-54.190002,69.556311,,0.275818,,139.112625,
Sample,16/10/2024 16:37:24,23,9347951,5.303906,8388479,0.038698,12819637,11.275034,3150610,1.027871,84.195000,-54.709999,69.225728,,0.276307,,138.451462,
Sample,16/10/2024 16:37:25,23,9347952,5.303911,8388480,0.038703,12819627,11.275146,3150568,1.027857,83.781998,-53.450001,68.886099,,0.276057,,137.772202,
Sample,16/10/2024 16:37:26,23,9347937,5.303829,8388481,0.038709,12819620,11.275225,3150597,1.027867,83.410995,-55.290001,68.581007,,0.276229,,137.162018,
Sample,16/10/2024 16:37:27,23,9347924,5.303757,8388482,0.038714,12819647,11.274922,3150663,1.027889,83.017006,-53.120003,68.257012,,0.276623,,136.514023,
Sample,16/10/2024 16:37:28,23,9347937,5.303829,8388479,0.038698,12819632,11.275090,3150500,1.027835,82.449005,-53.950001,67.789920,,0.275651,,135.579834,
Sample,16/10/2024 16:37:29,23,9347916,5.303713,8388477,0.038687,12819631,11.275101,3150627,1.027877,81.748001,-54.720001,67.213454,,0.276408,,134.426910,
Sample,16/10/2024 16:37:30,23,9347916,5.303713,8388480,0.038703,12819638,11.275023,3150454,1.027820,81.274002,-54.509998,66.823663,,0.275377,,133.647324,
Sample,16/10/2024 16:37:31,23,9347901,5.303631,8388482,0.038714,12819626,11.275157,3150474,1.027827,80.778000,-54.670002,66.415779,,0.275496,,132.831558,
Sample,16/10/2024 16:37:32,23,9347896,5.303604,8388481,0.038709,12819629,11.275124,3150628,1.027877,80.372002,-54.059998,66.081909,,0.276414,,132.163818,
Sample,16/10/2024 16:37:33,23,9347891,5.303576,8388477,0.038687,12819619,11.275236,3150582,1.027862,79.778999,-53.809998,65.594257,,0.276140,,131.188507,
Sample,16/10/2024 16:37:34,23,9347879,5.303510,8388478,0.038692,12819603,11.275415,3150556,1.027853,79.038002,-54.520000,64.984902,,0.275985,,129.969803,
Sample,16/10/2024 16:37:35,23,9347879,5.303510,8388477,0.038687,12819603,11.275415,3150579,1.027861,78.323997,-53.390003,64.397745,,0.276122,,128.795486,
Sample,16/10/2024 16:37:36,23,9347870,5.303461,8388480,0.038703,12819611,11.275326,3150636,1.027880,77.577003,-52.730000,63.783458,,0.276462,,127.566917,
Sample,16/10/2024 16:37:37,23,9347860,5.303406,8388482,0.038714,12819588,11.275583,3150505,1.027837,77.077995,-53.779999,63.373102,,0.275681,,126.746201,
Sample,16/10/2024 16:37:38,23,9347859,5.303400,8388479,0.038698,12819559,11.275908,3150515,1.027840,76.668999,-54.420002,63.036766,,0.275741,,126.073532,
Sample,16/10/2024 16:37:39,23,9347847,5.303334,8388481,0.038709,12819548,11.276031,3150561,1.027855,76.348999,-51.420002,62.773616,,0.276015,,125.547234,
Sample,16/10/2024 16:37:40,23,9347832,5.303252,8388479,0.038698,12819549,11.276020,3150531,1.027845,76.289001,-52.180000,62.724278,,0.275836,,125.448555,
Sample,16/10/2024 16:37:41,23,9347835,5.303268,8388481,0.038709,12819537,11.276155,3150526,1.027844,76.102005,-54.509998,62.570502,,0.275806,,125.141006,
Sample,16/10/2024 16:37:42,23,9347822,5.303197,8388480,0.038703,12819530,11.276233,3150632,1.027878,76.026001,-55.070000,62.508001,,0.276438,,125.015999,
Sample,16/10/2024 16:37:43,23,9347812,5.303142,8388476,0.038681,12819522,11.276323,3150616,1.027873,75.945999,-53.750000,62.442212,,0.276343,,124.884422,
Sample,16/10/2024 16:37:44,23,9347815,5.303158,8388478,0.038692,12819483,11.276759,3150511,1.027839,75.882996,-55.309998,62.390401,,0.275717,,124.780800,
Sample,16/10/2024 16:37:45,23,9347809,5.303125,8388479,0.038698,12819508,11.276479,3150687,1.027897,75.801003,-55.299999,62.322975,,0.276765,,124.645950,
Sample,16/10/2024 16:37:46,23,9347791,5.303026,8388483,0.038720,12819482,11.276771,3150574,1.027859,75.547005,-55.220001,62.114101,,0.276092,,124.228203,
Sample,16/10/2024 16:37:47,23,9347793,5.303037,8388484,0.038725,12819468,11.276928,3150538,1.027848,75.405998,-54.730000,61.998145,,0.275878,,123.996292,
Sample,16/10/2024 16:37:48,23,9347789,5.303015,8388488,0.038747,12819459,11.277028,3150522,1.027842,75.336998,-56.059998,61.941403,,0.275782,,123.882805,
Sample,16/10/2024 16:37:49,23,9347770,5.302911,8388479,0.038698,12819445,11.277185,3150517,1.027841,75.285995,-58.150002,61.899462,,0.275753,,123.798920,
Sample,16/10/2024 16:37:50,23,9347765,5.302883,8388480,0.038703,12819409,11.277589,3150548,1.027851,75.250000,-58.299999,61.869861,,0.275937,,123.739723,
Sample,16/10/2024 16:37:51,23,9347766,5.302889,8388484,0.038725,12819386,11.277846,3150540,1.027848,75.235001,-55.730000,61.857526,,0.275890,,123.715050,
Sample,16/10/2024 16:37:52,23,9347762,5.302867,8388483,0.038720,12819386,11.277846,3150562,1.027855,75.202995,-56.470001,61.831207,,0.276021,,123.662415,
Sample,16/10/2024 16:37:53,23,9347748,5.302790,8388476,0.038681,12819384,11.277869,3150580,1.027861,75.035995,-56.849998,61.693876,,0.276128,,123.387749,
Sample,16/10/2024 16:37:54,23,9347745,5.302773,8388479,0.038698,12819356,11.278182,3150497,1.027834,75.002998,-58.109997,61.666741,,0.275634,,123.333481,
Sample,16/10/2024 16:37:55,23,9347727,5.302674,8388477,0.038687,12819327,11.278507,3150576,1.027860,74.788002,-58.079998,61.489940,,0.276104,,122.979881,
Sample,16/10/2024 16:37:56,23,9347728,5.302680,8388479,0.038698,12819345,11.278305,3150571,1.027858,74.472000,-59.170002,61.230077,,0.276074,,122.460152,
Sample,16/10/2024 16:37:57,23,9347715,5.302608,8388478,0.038692,12819304,11.278765,3150585,1.027863,74.228996,-56.390003,61.030245,,0.276158,,122.060486,
Sample,16/10/2024 16:37:58,23,9347720,5.302636,8388475,0.038676,12819295,11.278866,3150610,1.027871,73.997002,-56.259998,60.839465,,0.276307,,121.678932,
Sample,16/10/2024 16:37:59,23,9347714,5.302603,8388480,0.038703,12819259,11.279269,3150718,1.027907,73.722000,-58.290001,60.613319,,0.276950,,121.226639,
Sample,16/10/2024 16:38:00,23,9347688,5.302460,8388482,0.038714,12819235,11.279538,3150593,1.027866,73.662003,-57.049999,60.563981,,0.276206,,121.127960,
Sample,16/10/2024 16:38:01,23,9347687,5.302454,8388483,0.038720,12819194,11.279997,3150623,1.027875,73.750999,-58.079998,60.637167,,0.276384,,121.274330,
Sample,16/10/2024 16:38:02,23,9347692,5.302482,8388483,0.038720,12819182,11.280132,3150640,1.027881,73.802002,-59.230000,60.679108,,0.276486,,121.358215,
Sample,16/10/2024 16:38:03,23,9347677,5.302400,8388481,0.038709,12819172,11.280244,3150516,1.027840,73.990005,-58.809998,60.833712,,0.275747,,121.667427,
Sample,16/10/2024 16:38:04,23,9347661,5.302312,8388478,0.038692,12819157,11.280412,3150585,1.027863,74.095001,-59.980000,60.920055,,0.276158,,121.840111,
Sample,16/10/2024 16:38:05,23,9347661,5.302312,8388481,0.038709,12819138,11.280624,3150610,1.027871,74.074997,-59.270000,60.903604,,0.276307,,121.807205,
Sample,16/10/2024 16:38:06,23,9347670,5.302361,8388480,0.038703,12819100,11.281050,3150601,1.027868,74.059998,-59.579998,60.891269,,0.276253,,121.782539,
Sample,16/10/2024 16:38:07,23,9347639,5.302191,8388479,0.038698,12819051,11.281599,3150644,1.027882,74.044998,-58.520000,60.878935,,0.276509,,121.757866,
Sample,16/10/2024 16:38:08,23,9347639,5.302191,8388482,0.038714,12819021,11.281935,3150644,1.027882,74.022003,-58.240002,60.860025,,0.276509,,121.720047,
Sample,16/10/2024 16:38:09,23,9347629,5.302136,8388481,0.038709,12818974,11.282462,3150584,1.027863,73.929001,-58.849998,60.783545,,0.276152,,121.567093,
Sample,16/10/2024 16:38:10,23,9347609,5.302026,8388480,0.038703,12818924,11.283022,3150595,1.027866,73.884995,-59.440002,60.747357,,0.276217,,121.494713,
Sample,16/10/2024 16:38:11,23,9347623,5.302103,8388480,0.038703,12818911,11.283167,3150597,1.027867,73.873001,-59.750000,60.737494,,0.276229,,121.474991,
Sample,16/10/2024 16:38:12,23,9347618,5.302075,8388478,0.038692,12818891,11.283392,3150705,1.027902,73.857002,-58.659996,60.724337,,0.276873,,121.448677,
Sample,16/10/2024 16:38:13,23,9347601,5.301982,8388485,0.038731,12818824,11.284142,3150665,1.027889,73.862000,-60.920002,60.728447,,0.276634,,121.456894,
Sample,16/10/2024 16:38:14,23,9347583,5.301883,8388484,0.038725,12818797,11.284445,3150635,1.027879,73.771004,-59.049999,60.653617,,0.276456,,121.307236,
Sample,16/10/2024 16:38:15,23,9347580,5.301866,8388480,0.038703,12818761,11.284848,3150602,1.027869,73.607002,-59.480000,60.518751,,0.276259,,121.037506,
Sample,16/10/2024 16:38:16,23,9347593,5.301938,8388481,0.038709,12818701,11.285520,3150681,1.027895,73.518997,-60.129997,60.446381,,0.276730,,120.892761,
Sample,16/10/2024 16:38:17,23,9347585,5.301894,8388481,0.038709,12818655,11.286035,3150753,1.027918,73.512001,-58.279999,60.440628,,0.277159,,120.881256,
Sample,16/10/2024 16:38:18,23,9347583,5.301883,8388481,0.038709,12818615,11.286483,3150746,1.027916,73.570000,-58.009998,60.488323,,0.277117,,120.976646,
Sample,16/10/2024 16:38:19,23,9347563,5.301773,8388478,0.038692,12818568,11.287010,3150777,1.027926,73.632996,-59.340004,60.540127,,0.277302,,121.080254,
Sample,16/10/2024 16:38:20,23,9347551,5.301707,8388474,0.038670,12818510,11.287660,3150720,1.027907,73.626999,-61.349998,60.535196,,0.276962,,121.070389,
Sample,16/10/2024 16:38:21,23,9347554,5.301723,8388479,0.038698,12818473,11.288074,3150713,1.027905,73.742996,-57.480000,60.630585,,0.276920,,121.261169,
Sample,16/10/2024 16:38:22,23,9347543,5.301663,8388481,0.038709,12818405,11.288836,3150763,1.027921,73.862999,-59.849998,60.729269,,0.277218,,121.458534,
Sample,16/10/2024 16:38:23,23,9347563,5.301773,8388479,0.038698,12818381,11.289105,3150704,1.027902,73.986000,-60.849998,60.830418,,0.276867,,121.660835,
Sample,16/10/2024 16:38:24,23,9347544,5.301668,8388485,0.038731,12818330,11.289676,3150679,1.027894,74.159996,-59.009998,60.973503,,0.276718,,121.947006,
Sample,16/10/2024 16:38:25,23,9347519,5.301531,8388479,0.038698,12818282,11.290214,3150726,1.027909,74.455002,-61.129997,61.216099,,0.276998,,122.432198,
Sample,16/10/2024 16:38:26,23,9347520,5.301536,8388480,0.038703,12818216,11.290953,3150704,1.027902,74.757996,-59.659996,61.465264,,0.276867,,122.930527,
Sample,16/10/2024 16:38:27,23,9347518,5.301525,8388482,0.038714,12818172,11.291446,3150678,1.027894,74.997002,-61.090004,61.661809,,0.276712,,123.323616,
Sample,16/10/2024 16:38:28,23,9347504,5.301448,8388478,0.038692,12818132,11.291894,3150763,1.027921,75.130997,-58.620003,61.771999,,0.277218,,123.543999,
Sample,16/10/2024 16:38:29,23,9347500,5.301426,8388482,0.038714,12818038,11.292947,3150752,1.027918,75.134995,-59.409996,61.775287,,0.277153,,123.550575,
Sample,16/10/2024 16:38:30,23,9347502,5.301437,8388480,0.038703,12818007,11.293295,3150799,1.027933,75.121002,-59.109997,61.763780,,0.277433,,123.527557,
Sample,16/10/2024 16:38:31,23,9347487,5.301355,8388479,0.038698,12817951,11.293922,3150743,1.027915,75.117004,-59.220001,61.760493,,0.277099,,123.520988,
Sample,16/10/2024 16:38:32,23,9347476,5.301294,8388475,0.038676,12817895,11.294549,3150718,1.027907,74.846001,-60.909996,61.537634,,0.276950,,123.075272,
Sample,16/10/2024 16:38:33,23,9347466,5.301239,8388481,0.038709,12817843,11.295132,3150749,1.027917,74.721001,-60.020000,61.434841,,0.277135,,122.869682,
Sample,16/10/2024 16:38:34,23,9347463,5.301223,8388478,0.038692,12817787,11.295759,3150608,1.027871,74.547997,-56.609997,61.292573,,0.276295,,122.585144,
Sample,16/10/2024 16:38:35,23,9347464,5.301228,8388478,0.038692,12817729,11.296409,3150804,1.027935,74.133995,-59.909996,60.952121,,0.277462,,121.904243,
Sample,16/10/2024 16:38:36,23,9347458,5.301195,8388481,0.038709,12817692,11.296823,3150754,1.027919,73.659996,-60.090004,60.562331,,0.277165,,121.124664,
Sample,16/10/2024 16:38:37,23,9347441,5.301102,8388478,0.038692,12817639,11.297417,3150700,1.027901,73.491005,-61.120003,60.423362,,0.276843,,120.846725,
Sample,16/10/2024 16:38:38,23,9347423,5.301003,8388482,0.038714,12817577,11.298112,3150749,1.027917,73.389000,-59.379997,60.339479,,0.277135,,120.678955,
Sample,16/10/2024 16:38:39,23,9347430,5.301042,8388480,0.038703,12817509,11.298873,3150734,1.027912,73.250999,-59.720001,60.225995,,0.277045,,120.451988,
Sample,16/10/2024 16:38:40,23,9347421,5.300992,8388480,0.038703,12817493,11.299053,3150712,1.027905,73.056999,-60.859997,60.066460,,0.276914,,120.132919,
Sample,16/10/2024 16:38:41,23,9347422,5.300998,8388484,0.038725,12817405,11.300038,3150847,1.027949,72.886002,-60.379997,59.925841,,0.277718,,119.851685,
Sample,16/10/2024 16:38:42,23,9347423,5.301003,8388485,0.038731,12817356,11.300587,3150753,1.027918,72.695999,-61.480000,59.769593,,0.277159,,119.539185,
Sample,16/10/2024 16:38:43,23,9347397,5.300860,8388479,0.038698,12817316,11.301035,3150732,1.027911,72.318001,-62.349998,59.458749,,0.277034,,118.917496,
Sample,16/10/2024 16:38:44,23,9347402,5.300888,8388480,0.038703,12817259,11.301674,3150736,1.027913,71.935997,-61.480000,59.144610,,0.277057,,118.289223,
Sample,16/10/2024 16:38:45,23,9347390,5.300822,8388481,0.038709,12817192,11.302424,3150786,1.027929,71.572006,-61.640003,58.845285,,0.277355,,117.690567,
Sample,16/10/2024 16:38:46,23,9347372,5.300723,8388481,0.038709,12817162,11.302760,3150766,1.027922,71.297005,-61.059998,58.619139,,0.277236,,117.238274,
Sample,16/10/2024 16:38:47,23,9347378,5.300756,8388483,0.038720,12817106,11.303388,3150787,1.027929,71.102005,-62.370003,58.458782,,0.277361,,116.917564,
Sample,16/10/2024 16:38:48,23,9347369,5.300706,8388480,0.038703,12817059,11.303914,3150714,1.027905,70.986000,-59.709999,58.363386,,0.276926,,116.726768,
Sample,16/10/2024 16:38:49,23,9347356,5.300635,8388482,0.038714,12816985,11.304743,3150724,1.027909,70.897003,-63.190002,58.290200,,0.276986,,116.580399,
Sample,16/10/2024 16:38:50,23,9347360,5.300657,8388482,0.038714,12816949,11.305147,3150797,1.027933,70.831001,-61.950001,58.235924,,0.277421,,116.471848,
Sample,16/10/2024 16:38:51,23,9347338,5.300536,8388476,0.038681,12816887,11.305841,3150795,1.027932,70.784996,-63.120003,58.198091,,0.277409,,116.396179,
Sample,16/10/2024 16:38:52,23,9347329,5.300486,8388477,0.038687,12816820,11.306592,3150811,1.027937,70.667007,-60.509998,58.101064,,0.277504,,116.202126,
Sample,16/10/2024 16:38:53,23,9347333,5.300508,8388482,0.038714,12816801,11.306804,3150678,1.027894,70.538002,-61.059998,57.994977,,0.276712,,115.989952,
Sample,16/10/2024 16:38:54,23,9347338,5.300536,8388481,0.038709,12816743,11.307454,3150815,1.027939,70.503998,-63.329998,57.967014,,0.277528,,115.934029,
Sample,16/10/2024 16:38:55,23,9347316,5.300415,8388478,0.038692,12816682,11.308137,3150769,1.027923,70.435997,-61.279999,57.911094,,0.277254,,115.822189,
Sample,16/10/2024 16:38:56,23,9347318,5.300426,8388482,0.038714,12816633,11.308686,3150791,1.027931,70.434998,-62.259998,57.910272,,0.277385,,115.820541,
Sample,16/10/2024 16:38:57,23,9347301,5.300332,8388482,0.038714,12816591,11.309157,3150790,1.027930,70.482994,-61.270000,57.949742,,0.277379,,115.899483,
Sample,16/10/2024 16:38:58,23,9347301,5.300332,8388483,0.038720,12816523,11.309919,3150729,1.027910,70.448997,-59.390003,57.921785,,0.277016,,115.843567,
Sample,16/10/2024 16:38:59,23,9347299,5.300321,8388477,0.038687,12816492,11.310266,3150815,1.027939,70.469002,-62.959999,57.938235,,0.277528,,115.876472,
Sample,16/10/2024 16:39:00,23,9347281,5.300222,8388477,0.038687,12816427,11.310994,3150770,1.027924,70.455002,-61.099998,57.926723,,0.277260,,115.853447,
Sample,16/10/2024 16:39:01,23,9347273,5.300178,8388481,0.038709,12816374,11.311588,3150820,1.027940,70.492996,-62.599998,57.957967,,0.277558,,115.915932,
Sample,16/10/2024 16:39:02,23,9347264,5.300129,8388486,0.038736,12816331,11.312069,3150790,1.027930,70.396004,-62.290001,57.878206,,0.277379,,115.756409,
Sample,16/10/2024 16:39:03,23,9347266,5.300140,8388477,0.038687,12816271,11.312742,3150801,1.027934,70.327995,-59.990002,57.822280,,0.277444,,115.644562,
Sample,16/10/2024 16:39:04,23,9347256,5.300085,8388485,0.038731,12816219,11.313324,3150732,1.027911,70.354996,-61.070000,57.844483,,0.277034,,115.688965,
Sample,16/10/2024 16:39:05,23,9347250,5.300052,8388478,0.038692,12816164,11.313940,3150737,1.027913,70.272995,-61.870003,57.777050,,0.277063,,115.554100,
Sample,16/10/2024 16:39:06,23,9347253,5.300068,8388479,0.038698,12816109,11.314556,3150713,1.027905,70.203995,-61.180000,57.720308,,0.276920,,115.440620,
Sample,16/10/2024 16:39:07,23,9347251,5.300057,8388483,0.038720,12816058,11.315128,3150792,1.027931,70.156998,-61.840004,57.681661,,0.277391,,115.363319,
Sample,16/10/2024 16:39:08,23,9347237,5.299980,8388483,0.038720,12816009,11.315676,3150732,1.027911,70.102005,-60.820000,57.636438,,0.277034,,115.272873,
Sample,16/10/2024 16:39:09,23,9347225,5.299914,8388479,0.038698,12815970,11.316113,3150819,1.027940,70.061996,-60.109997,57.603537,,0.277552,,115.207077,
Sample,16/10/2024 16:39:10,23,9347210,5.299832,8388485,0.038731,12815900,11.316897,3150740,1.027914,69.972000,-62.879997,57.529529,,0.277081,,115.059059,
Sample,16/10/2024 16:39:11,23,9347215,5.299859,8388480,0.038703,12815860,11.317346,3150867,1.027956,69.922997,-61.320000,57.489231,,0.277837,,114.978462,
Sample,16/10/2024 16:39:12,23,9347209,5.299826,8388473,0.038665,12815818,11.317816,3150741,1.027914,69.914001,-63.270000,57.481834,,0.277087,,114.963669,
Sample,16/10/2024 16:39:13,23,9347201,5.299783,8388483,0.038720,12815756,11.318511,3150829,1.027943,69.800003,-61.870003,57.388088,,0.277611,,114.776176,
Sample,16/10/2024 16:39:14,23,9347194,5.299744,8388482,0.038714,12815690,11.319250,3150870,1.027957,69.768997,-63.040001,57.362591,,0.277855,,114.725182,
Sample,16/10/2024 16:39:15,23,9347176,5.299645,8388480,0.038703,12815645,11.319754,3150910,1.027970,69.703995,-61.500000,57.309136,,0.278093,,114.618271,
Sample,16/10/2024 16:39:16,23,9347172,5.299623,8388484,0.038725,12815589,11.320381,3150918,1.027972,69.492004,-63.159996,57.134807,,0.278141,,114.269615,
Sample,16/10/2024 16:39:17,23,9347171,5.299618,8388480,0.038703,12815536,11.320975,3150849,1.027950,69.353996,-61.140003,57.021317,,0.277730,,114.042633,
Sample,16/10/2024 16:39:18,23,9347165,5.299585,8388481,0.038709,12815474,11.321669,3150765,1.027922,69.425003,-62.990002,57.079709,,0.277230,,114.159416,
Sample,16/10/2024 16:39:19,23,9347155,5.299530,8388482,0.038714,12815435,11.322106,3150799,1.027933,69.470001,-61.770000,57.116713,,0.277433,,114.233429,
Sample,16/10/2024 16:39:20,23,9347150,5.299502,8388478,0.038692,12815360,11.322946,3150865,1.027955,69.512001,-62.790001,57.151252,,0.277826,,114.302505,
Sample,16/10/2024 16:39:21,23,9347138,5.299436,8388485,0.038731,12815335,11.323226,3150912,1.027970,69.584000,-61.359997,57.210459,,0.278105,,114.420921,
Sample,16/10/2024 16:39:22,23,9347131,5.299398,8388477,0.038687,12815280,11.323843,3150819,1.027940,69.570999,-61.329998,57.199768,,0.277552,,114.399536,
Sample,16/10/2024 16:39:23,23,9347130,5.299392,8388480,0.038703,12815236,11.324335,3150786,1.027929,69.671005,-61.849998,57.282008,,0.277355,,114.564018,
Sample,16/10/2024 16:39:24,23,9347114,5.299304,8388487,0.038742,12815176,11.325008,3150809,1.027937,69.738998,-61.709999,57.337921,,0.277492,,114.675842,
Sample,16/10/2024 16:39:25,23,9347111,5.299288,8388479,0.038698,12815147,11.325332,3150824,1.027942,69.823997,-60.490002,57.407820,,0.277581,,114.815643,
Sample,16/10/2024 16:39:26,23,9347117,5.299321,8388478,0.038692,12815101,11.325848,3150766,1.027922,69.869003,-62.140003,57.444830,,0.277236,,114.889664,
Sample,16/10/2024 16:39:27,23,9347095,5.299200,8388481,0.038709,12815049,11.326430,3150798,1.027933,69.964005,-63.520000,57.522954,,0.277427,,115.045906,
Sample,16/10/2024 16:39:28,23,9347096,5.299205,8388484,0.038725,12814993,11.327057,3150857,1.027952,69.985001,-60.329998,57.540220,,0.277778,,115.080437,
Sample,16/10/2024 16:39:29,23,9347094,5.299194,8388482,0.038714,12814911,11.327976,3150924,1.027974,69.960999,-61.500000,57.520482,,0.278177,,115.040962,
Sample,16/10/2024 16:39:30,23,9347090,5.299172,8388483,0.038720,12814878,11.328346,3150838,1.027946,69.889999,-59.930000,57.462096,,0.277665,,114.924194,
Sample,16/10/2024 16:39:31,23,9347054,5.298974,8388484,0.038725,12814830,11.328883,3150755,1.027919,69.941002,-61.299999,57.504038,,0.277171,,115.008072,
Sample,16/10/2024 16:39:32,23,9347066,5.299040,8388478,0.038692,12814783,11.329410,3150859,1.027953,69.987000,-61.620003,57.541864,,0.277790,,115.083725,
Sample,16/10/2024 16:39:33,23,9347062,5.299018,8388480,0.038703,12814720,11.330115,3150848,1.027949,69.943001,-62.980000,57.505682,,0.277724,,115.011360,
Sample,16/10/2024 16:39:34,23,9347055,5.298980,8388480,0.038703,12814696,11.330384,3150787,1.027929,69.977005,-61.400002,57.533645,,0.277361,,115.067291,
Sample,16/10/2024 16:39:35,23,9347048,5.298941,8388481,0.038709,12814649,11.330911,3150887,1.027962,69.986000,-60.000000,57.541042,,0.277956,,115.082085,
Sample,16/10/2024 16:39:36,23,9347046,5.298930,8388482,0.038714,12814592,11.331549,3150903,1.027968,70.082993,-61.070000,57.620803,,0.278052,,115.241608,
Sample,16/10/2024 16:39:37,23,9347027,5.298826,8388483,0.038720,12814544,11.332087,3150843,1.027948,70.146004,-60.670002,57.672620,,0.277695,,115.345238,
Sample,16/10/2024 16:39:38,23,9347037,5.298881,8388481,0.038709,12814503,11.332546,3150827,1.027943,70.194000,-61.180000,57.712090,,0.277599,,115.424179,
Sample,16/10/2024 16:39:39,23,9347025,5.298815,8388484,0.038725,12814480,11.332804,3150894,1.027965,70.207993,-59.629997,57.723596,,0.277998,,115.447189,
Sample,16/10/2024 16:39:40,23,9347009,5.298727,8388483,0.038720,12814429,11.333375,3150848,1.027949,70.307999,-59.559998,57.805835,,0.277724,,115.611671,
Sample,16/10/2024 16:39:41,23,9347005,5.298705,8388481,0.038709,12814380,11.333924,3150901,1.027967,70.343002,-61.250000,57.834621,,0.278040,,115.669243,
Sample,16/10/2024 16:39:42,23,9346997,5.298661,8388479,0.038698,12814346,11.334305,3150818,1.027940,70.297005,-60.320000,57.796795,,0.277546,,115.593590,
Sample,16/10/2024 16:39:43,23,9346978,5.298556,8388480,0.038703,12814322,11.334574,3150760,1.027921,70.323997,-60.930000,57.818992,,0.277200,,115.637985,
Sample,16/10/2024 16:39:44,23,9346982,5.298578,8388479,0.038698,12814268,11.335179,3150925,1.027975,70.314003,-59.759998,57.810773,,0.278183,,115.621544,
Sample,16/10/2024 16:39:45,23,9346976,5.298545,8388482,0.038714,12814241,11.335481,3150879,1.027960,70.313004,-59.049999,57.809951,,0.277909,,115.619904,
Sample,16/10/2024 16:39:46,23,9346972,5.298524,8388482,0.038714,12814194,11.336007,3150846,1.027949,70.306000,-60.520000,57.804192,,0.277712,,115.608383,
Sample,16/10/2024 16:39:47,23,9346964,5.298480,8388483,0.038720,12814162,11.336366,3150812,1.027938,70.317001,-59.870003,57.813239,,0.277510,,115.626480,
Sample,16/10/2024 16:39:48,23,9346969,5.298507,8388479,0.038698,12814136,11.336657,3150853,1.027951,70.342003,-61.159996,57.833799,,0.277754,,115.667595,
Sample,16/10/2024 16:39:49,23,9346942,5.298359,8388478,0.038692,12814083,11.337251,3150915,1.027971,70.414001,-60.690002,57.893006,,0.278123,,115.786011,
Sample,16/10/2024 16:39:50,23,9346947,5.298386,8388480,0.038703,12814066,11.337441,3150886,1.027962,70.452995,-60.250000,57.925073,,0.277951,,115.850143,
Sample,16/10/2024 16:39:51,23,9346934,5.298315,8388480,0.038703,12814029,11.337856,3150928,1.027976,70.393997,-59.870003,57.876556,,0.278201,,115.753113,
Sample,16/10/2024 16:39:52,23,9346925,5.298265,8388481,0.038709,12813997,11.338214,3151004,1.028001,70.340004,-59.840004,57.832155,,0.278653,,115.664307,
Sample,16/10/2024 16:39:53,23,9346915,5.298210,8388485,0.038731,12813975,11.338461,3150942,1.027980,70.336998,-59.240002,57.829683,,0.278284,,115.659363,
Sample,16/10/2024 16:39:54,23,9346917,5.298221,8388477,0.038687,12813920,11.339077,3151030,1.028009,70.194000,-60.820000,57.712090,,0.278808,,115.424179,
Sample,16/10/2024 16:39:55,23,9346916,5.298216,8388481,0.038709,12813887,11.339446,3150884,1.027961,70.106003,-62.430000,57.639725,,0.277939,,115.279449,
Sample,16/10/2024 16:39:56,23,9346902,5.298139,8388477,0.038687,12813880,11.339525,3150986,1.027995,70.074997,-60.849998,57.614228,,0.278546,,115.228455,
Sample,16/10/2024 16:39:57,23,9346895,5.298100,8388483,0.038720,12813829,11.340096,3150970,1.027990,70.113998,-61.759998,57.646300,,0.278451,,115.292603,
Sample,16/10/2024 16:39:58,23,9346901,5.298133,8388480,0.038703,12813817,11.340230,3150979,1.027992,70.124001,-60.290001,57.654526,,0.278504,,115.309052,
Sample,16/10/2024 16:39:59,23,9346880,5.298018,8388480,0.038703,12813769,11.340768,3150939,1.027979,70.182999,-60.659996,57.703042,,0.278266,,115.406082,
Sample,16/10/2024 16:40:00,23,9346882,5.298029,8388482,0.038714,12813723,11.341283,3151099,1.028032,70.232002,-59.609997,57.743340,,0.279218,,115.486679,
Sample,16/10/2024 16:40:01,23,9346872,5.297974,8388477,0.038687,12813691,11.341642,3150887,1.027962,70.240005,-61.430000,57.749922,,0.277956,,115.499840,
Sample,16/10/2024 16:40:02,23,9346865,5.297935,8388479,0.038698,12813644,11.342168,3150958,1.027986,70.218002,-61.230000,57.731827,,0.278379,,115.463654,
Sample,16/10/2024 16:40:03,23,9346852,5.297864,8388481,0.038709,12813636,11.342258,3150998,1.027999,70.258995,-61.450001,57.765538,,0.278617,,115.531075,
Sample,16/10/2024 16:40:04,23,9346848,5.297842,8388477,0.038687,12813597,11.342695,3150990,1.027996,70.300003,-60.450001,57.799260,,0.278570,,115.598518,
Sample,16/10/2024 16:40:05,23,9346848,5.297842,8388478,0.038692,12813558,11.343132,3151009,1.028002,70.402000,-61.049999,57.883137,,0.278683,,115.766273,
Sample,16/10/2024 16:40:06,23,9346831,5.297748,8388479,0.038698,12813515,11.343613,3151037,1.028012,70.513000,-60.640003,57.974417,,0.278849,,115.948837,
Sample,16/10/2024 16:40:07,23,9346838,5.297787,8388480,0.038703,12813478,11.344028,3151120,1.028039,70.586998,-62.140003,58.035269,,0.279343,,116.070541,
Sample,16/10/2024 16:40:08,23,9346825,5.297715,8388481,0.038709,12813455,11.344285,3151052,1.028016,70.627998,-60.180000,58.068985,,0.278939,,116.137970,
Sample,16/10/2024 16:40:09,23,9346819,5.297682,8388480,0.038703,12813434,11.344520,3151083,1.028027,70.694000,-60.509998,58.123262,,0.279123,,116.246521,
Sample,16/10/2024 16:40:10,23,9346817,5.297671,8388482,0.038714,12813382,11.345103,3151050,1.028016,70.800003,-61.599998,58.210432,,0.278927,,116.420868,
Sample,16/10/2024 16:40:11,23,9346813,5.297649,8388478,0.038692,12813350,11.345461,3151084,1.028027,70.767006,-60.959999,58.183297,,0.279129,,116.366592,
Sample,16/10/2024 16:40:12,23,9346790,5.297523,8388481,0.038709,12813322,11.345775,3151085,1.028027,70.733994,-61.920002,58.156150,,0.279135,,116.312302,
Sample,16/10/2024 16:40:13,23,9346785,5.297495,8388477,0.038687,12813268,11.346380,3150958,1.027986,70.695999,-62.099998,58.124905,,0.278379,,116.249809,
Sample,16/10/2024 16:40:14,23,9346789,5.297517,8388480,0.038703,12813216,11.346962,3150937,1.027979,70.693001,-61.079998,58.122440,,0.278254,,116.244881,
Sample,16/10/2024 16:40:15,23,9346775,5.297440,8388482,0.038714,12813184,11.347321,3151124,1.028040,70.747002,-61.670002,58.166847,,0.279367,,116.333694,
Sample,16/10/2024 16:40:16,23,9346770,5.297413,8388479,0.038698,12813150,11.347702,3150946,1.027982,70.707993,-61.040001,58.134768,,0.278308,,116.269539,
Sample,16/10/2024 16:40:17,23,9346774,5.297435,8388480,0.038703,12813091,11.348363,3151013,1.028004,70.748001,-61.640003,58.167669,,0.278707,,116.335335,
Sample,16/10/2024 16:40:18,23,9346750,5.297303,8388483,0.038720,12813056,11.348755,3150997,1.027998,70.751999,-62.409996,58.170956,,0.278611,,116.341911,
Sample,16/10/2024 16:40:19,23,9346741,5.297253,8388478,0.038692,12813022,11.349135,3151003,1.028000,70.720001,-60.290001,58.144643,,0.278647,,116.289284,
Sample,16/10/2024 16:40:20,23,9346744,5.297270,8388474,0.038670,12812973,11.349684,3151014,1.028004,70.754997,-61.720001,58.173422,,0.278712,,116.346848,
Sample,16/10/2024 16:40:21,23,9346731,5.297199,8388484,0.038725,12812935,11.350110,3151045,1.028014,70.784996,-61.909996,58.198091,,0.278897,,116.396179,
Sample,16/10/2024 16:40:22,23,9346715,5.297111,8388483,0.038720,12812887,11.350648,3151150,1.028049,70.862000,-63.370003,58.261415,,0.279522,,116.522827,
Sample,16/10/2024 16:40:23,23,9346723,5.297155,8388478,0.038692,12812858,11.350972,3150906,1.027968,71.028999,-61.170002,58.398746,,0.278070,,116.797493,
Sample,16/10/2024 16:40:24,23,9346721,5.297144,8388477,0.038687,12812808,11.351532,3151112,1.028036,71.169998,-62.500000,58.514696,,0.279296,,117.029388,
Sample,16/10/2024 16:40:25,23,9346709,5.297078,8388483,0.038720,12812773,11.351924,3151013,1.028004,71.253998,-61.590004,58.583772,,0.278707,,117.167542,
Sample,16/10/2024 16:40:26,23,9346695,5.297001,8388482,0.038714,12812703,11.352709,3151063,1.028020,71.293999,-63.070000,58.616667,,0.279004,,117.233330,
Sample,16/10/2024 16:40:27,23,9346708,5.297072,8388483,0.038720,12812663,11.353157,3151101,1.028033,71.358994,-63.820000,58.670115,,0.279230,,117.340233,
Sample,16/10/2024 16:40:28,23,9346693,5.296990,8388481,0.038709,12812619,11.353649,3151166,1.028054,71.404999,-63.420002,58.707947,,0.279617,,117.415894,
Sample,16/10/2024 16:40:29,23,9346684,5.296940,8388475,0.038676,12812582,11.354064,3151159,1.028052,71.403999,-62.159996,58.707125,,0.279575,,117.414253,
Sample,16/10/2024 16:40:30,23,9346671,5.296869,8388478,0.038692,12812554,11.354377,3151049,1.028015,71.426003,-60.879997,58.725219,,0.278921,,117.450439,
Sample,16/10/2024 16:40:31,23,9346664,5.296830,8388479,0.038698,12812497,11.355016,3151134,1.028043,71.375000,-63.409996,58.683278,,0.279427,,117.366554,
Sample,16/10/2024 16:40:32,23,9346671,5.296869,8388490,0.038758,12812476,11.355251,3151037,1.028012,71.346001,-62.620003,58.659430,,0.278849,,117.318863,
Sample,16/10/2024 16:40:33,23,9346652,5.296764,8388484,0.038725,12812438,11.355677,3151006,1.028001,71.399002,-63.599998,58.703016,,0.278665,,117.406029,
Sample,16/10/2024 16:40:34,23,9346645,5.296726,8388473,0.038665,12812388,11.356237,3151111,1.028036,71.517998,-64.990005,58.800871,,0.279290,,117.601746,
Sample,16/10/2024 16:40:35,23,9346644,5.296720,8388481,0.038709,12812357,11.356584,3151019,1.028006,71.578995,-62.040001,58.851032,,0.278742,,117.702065,
Sample,16/10/2024 16:40:36,23,9346644,5.296720,8388484,0.038725,12812300,11.357223,3151108,1.028035,71.721001,-62.040001,58.967809,,0.279272,,117.935616,
Sample,16/10/2024 16:40:37,23,9346634,5.296665,8388474,0.038670,12812241,11.357883,3150999,1.027999,71.831001,-62.870003,59.058268,,0.278623,,118.116539,
Sample,16/10/2024 16:40:38,23,9346616,5.296566,8388481,0.038709,12812224,11.358074,3151101,1.028033,71.876999,-63.299999,59.096093,,0.279230,,118.192184,
Sample,16/10/2024 16:40:39,23,9346618,5.296577,8388475,0.038676,12812174,11.358634,3150948,1.027982,71.910995,-64.699997,59.124050,,0.278320,,118.248100,
Sample,16/10/2024 16:40:40,23,9346619,5.296583,8388485,0.038731,12812118,11.359261,3151042,1.028013,71.968002,-63.980000,59.170930,,0.278879,,118.341858,
Sample,16/10/2024 16:40:41,23,9346602,5.296489,8388475,0.038676,12812091,11.359564,3151063,1.028020,71.921005,-63.209999,59.132282,,0.279004,,118.264565,
Sample,16/10/2024 16:40:42,23,9346597,5.296462,8388482,0.038714,12812062,11.359888,3150964,1.027988,71.867004,-64.419998,59.087875,,0.278415,,118.175751,
Sample,16/10/2024 16:40:43,23,9346597,5.296462,8388480,0.038703,12812006,11.360516,3151090,1.028029,71.841003,-63.629997,59.066493,,0.279165,,118.132988,
Sample,16/10/2024 16:40:44,23,9346571,5.296319,8388480,0.038703,12811971,11.360908,3151045,1.028014,71.777000,-64.110001,59.013860,,0.278897,,118.027718,
Sample,16/10/2024 16:40:45,23,9346575,5.296341,8388480,0.038703,12811928,11.361389,3151029,1.028009,71.772003,-65.440002,59.009751,,0.278802,,118.019501,
Sample,16/10/2024 16:40:46,23,9346574,5.296335,8388482,0.038714,12811893,11.361781,3150927,1.027975,71.565002,-63.730000,58.839525,,0.278195,,117.679047,
Sample,16/10/2024 16:40:47,23,9346566,5.296291,8388479,0.038698,12811856,11.362196,3151095,1.028031,71.496002,-64.949997,58.782783,,0.279195,,117.565567,
Sample,16/10/2024 16:40:48,23,9346572,5.296324,8388486,0.038736,12811836,11.362420,3151001,1.028000,71.375000,-62.730000,58.683278,,0.278635,,117.366554,
Sample,16/10/2024 16:40:49,23,9346549,5.296198,8388481,0.038709,12811793,11.362901,3150989,1.027996,71.291000,-63.120003,58.614201,,0.278564,,117.228401,
Sample,16/10/2024 16:40:50,23,9346546,5.296181,8388479,0.038698,12811753,11.363349,3151108,1.028035,71.138000,-62.599998,58.488383,,0.279272,,116.976768,
Sample,16/10/2024 16:40:51,23,9346525,5.296066,8388481,0.038709,12811728,11.363629,3151078,1.028025,70.903999,-63.990002,58.295953,,0.279093,,116.591904,
Sample,16/10/2024 16:40:52,23,9346524,5.296060,8388480,0.038703,12811696,11.363988,3151060,1.028019,70.594002,-63.090004,58.041028,,0.278986,,116.082054,
Sample,16/10/2024 16:40:53,23,9346529,5.296088,8388483,0.038720,12811650,11.364503,3151082,1.028026,70.373001,-63.250000,57.859290,,0.279117,,115.718582,
Sample,16/10/2024 16:40:54,23,9346516,5.296016,8388477,0.038687,12811618,11.364862,3151036,1.028011,70.091003,-63.650002,57.627391,,0.278843,,115.254784,
Sample,16/10/2024 16:40:55,23,9346503,5.295945,8388480,0.038703,12811587,11.365209,3150921,1.027973,69.882004,-64.559998,57.455521,,0.278159,,114.911041,
Sample,16/10/2024 16:40:56,23,9346500,5.295929,8388482,0.038714,12811544,11.365690,3151029,1.028009,69.789001,-63.609997,57.379041,,0.278802,,114.758080,
Sample,16/10/2024 16:40:57,23,9346488,5.295863,8388482,0.038714,12811525,11.365903,3151063,1.028020,69.535995,-66.020004,57.170983,,0.279004,,114.341965,
Sample,16/10/2024 16:40:58,23,9346490,5.295874,8388480,0.038703,12811475,11.366463,3151131,1.028042,69.397003,-63.270000,57.056684,,0.279409,,114.113365,
Sample,16/10/2024 16:40:59,23,9346484,5.295841,8388480,0.038703,12811464,11.366586,3151035,1.028011,69.176003,-62.790001,56.874945,,0.278837,,113.749893,
Sample,16/10/2024 16:41:00,23,9346481,5.295824,8388479,0.038698,12811436,11.366900,3151105,1.028034,68.953995,-64.729996,56.692378,,0.279254,,113.384758,
Sample,16/10/2024 16:41:01,23,9346471,5.295769,8388480,0.038703,12811404,11.367259,3151068,1.028022,68.740005,-62.959999,56.516406,,0.279034,,113.032814,
Sample,16/10/2024 16:41:02,23,9346446,5.295632,8388482,0.038714,12811366,11.367684,3151037,1.028012,68.485001,-62.409996,56.306704,,0.278849,,112.613411,
Sample,16/10/2024 16:41:03,23,9346455,5.295681,8388483,0.038720,12811332,11.368065,3151031,1.028010,68.276001,-63.549999,56.134834,,0.278814,,112.269669,
Sample,16/10/2024 16:41:04,23,9346452,5.295665,8388477,0.038687,12811277,11.368681,3151070,1.028022,68.189003,-63.990002,56.063292,,0.279046,,112.126587,
Sample,16/10/2024 16:41:05,23,9346447,5.295637,8388482,0.038714,12811254,11.368939,3151082,1.028026,68.048996,-62.059998,55.948158,,0.279117,,111.896317,
Sample,16/10/2024 16:41:06,23,9346431,5.295549,8388482,0.038714,12811208,11.369454,3151099,1.028032,67.945999,-61.500000,55.863459,,0.279218,,111.726921,
Sample,16/10/2024 16:41:07,23,9346421,5.295494,8388474,0.038670,12811202,11.369521,3151115,1.028037,67.822006,-62.900002,55.761494,,0.279314,,111.522987,
Sample,16/10/2024 16:41:08,23,9346411,5.295439,8388479,0.038698,12811163,11.369958,3151066,1.028021,67.716003,-63.799999,55.674324,,0.279022,,111.348648,
Sample,16/10/2024 16:41:09,23,9346415,5.295461,8388481,0.038709,12811112,11.370529,3151066,1.028021,67.532997,-64.229996,55.523829,,0.279022,,111.047661,
Sample,16/10/2024 16:41:10,23,9346408,5.295423,8388478,0.038692,12811095,11.370720,3151019,1.028006,67.470001,-61.990002,55.472025,,0.278742,,110.944054,
Sample,16/10/2024 16:41:11,23,9346404,5.295401,8388481,0.038709,12811061,11.371100,3151035,1.028011,67.452995,-62.559998,55.458040,,0.278837,,110.916084,
Sample,16/10/2024 16:41:12,23,9346402,5.295390,8388480,0.038703,12811041,11.371324,3151033,1.028010,67.473000,-63.009998,55.474491,,0.278826,,110.948982,
Sample,16/10/2024 16:41:13,23,9346391,5.295329,8388480,0.038703,12811006,11.371716,3151049,1.028015,67.457001,-64.320000,55.461334,,0.278921,,110.922668,
Sample,16/10/2024 16:41:14,23,9346381,5.295274,8388479,0.038698,12810985,11.371952,3151040,1.028013,67.403999,-63.040001,55.417749,,0.278867,,110.835495,
Sample,16/10/2024 16:41:15,23,9346366,5.295192,8388478,0.038692,12810949,11.372355,3151018,1.028005,67.500000,-63.820000,55.496694,,0.278736,,110.993385,
Sample,16/10/2024 16:41:16,23,9346369,5.295208,8388481,0.038709,12810914,11.372747,3151069,1.028022,67.604996,-64.000000,55.583037,,0.279040,,111.166077,
Sample,16/10/2024 16:41:17,23,9346366,5.295192,8388476,0.038681,12810873,11.373206,3151080,1.028026,67.607002,-62.809998,55.584687,,0.279105,,111.169373,
Sample,16/10/2024 16:41:18,23,9346352,5.295115,8388480,0.038703,12810856,11.373397,3150985,1.027994,67.612000,-63.120003,55.588797,,0.278540,,111.177589,
Sample,16/10/2024 16:41:19,23,9346352,5.295115,8388478,0.038692,12810819,11.373811,3151076,1.028024,67.680000,-63.320000,55.644717,,0.279081,,111.289436,
Sample,16/10/2024 16:41:20,23,9346340,5.295049,8388481,0.038709,12810765,11.374416,3150992,1.027997,67.758995,-65.139999,55.709677,,0.278582,,111.419357,
Sample,16/10/2024 16:41:21,23,9346319,5.294933,8388482,0.038714,12810753,11.374550,3151022,1.028007,67.737000,-62.820000,55.691590,,0.278760,,111.383179,
Sample,16/10/2024 16:41:22,23,9346329,5.294988,8388475,0.038676,12810714,11.374987,3151057,1.028018,67.737999,-63.799999,55.692411,,0.278968,,111.384827,
Sample,16/10/2024 16:41:23,23,9346316,5.294917,8388478,0.038692,12810688,11.375278,3150997,1.027998,67.758995,-63.079998,55.709677,,0.278611,,111.419357,
Sample,16/10/2024 16:41:24,23,9346312,5.294895,8388478,0.038692,12810637,11.375849,3151048,1.028015,67.723999,-63.750000,55.680899,,0.278915,,111.361801,
Sample,16/10/2024 16:41:25,23,9346310,5.294884,8388482,0.038714,12810605,11.376208,3151145,1.028047,67.659996,-63.290001,55.628266,,0.279492,,111.256531,
Sample,16/10/2024 16:41:26,23,9346294,5.294796,8388482,0.038714,12810578,11.376510,3151111,1.028036,67.654999,-63.759998,55.624157,,0.279290,,111.248314,
Sample,16/10/2024 16:41:27,23,9346280,5.294719,8388482,0.038714,12810559,11.376723,3151063,1.028020,67.643997,-62.409996,55.615110,,0.279004,,111.230217,
Sample,16/10/2024 16:41:28,23,9346283,5.294735,8388484,0.038725,12810522,11.377137,3151127,1.028041,67.647995,-63.320000,55.618397,,0.279385,,111.236794,
Sample,16/10/2024 16:41:29,23,9346285,5.294746,8388481,0.038709,12810467,11.377754,3151235,1.028077,67.698997,-64.250000,55.660339,,0.280027,,111.320679,
Sample,16/10/2024 16:41:30,23,9346267,5.294647,8388481,0.038709,12810437,11.378090,3151158,1.028051,67.719002,-63.859997,55.676789,,0.279569,,111.353577,
Sample,16/10/2024 16:41:31,23,9346274,5.294686,8388479,0.038698,12810400,11.378504,3151121,1.028039,67.777000,-61.680000,55.724484,,0.279349,,111.448967,
Sample,16/10/2024 16:41:32,23,9346264,5.294631,8388481,0.038709,12810368,11.378862,3151088,1.028028,67.666000,-63.209999,55.633204,,0.279153,,111.266411,
Sample,16/10/2024 16:41:33,23,9346237,5.294483,8388483,0.038720,12810292,11.379714,3151089,1.028029,67.636002,-62.220001,55.608535,,0.279159,,111.217072,
Sample,16/10/2024 16:41:34,23,9346244,5.294521,8388480,0.038703,12810273,11.379926,3151213,1.028069,67.643997,-64.020004,55.615110,,0.279897,,111.230217,
Sample,16/10/2024 16:41:35,23,9346245,5.294527,8388478,0.038692,12810225,11.380464,3151098,1.028032,67.646004,-63.409996,55.616760,,0.279212,,111.233521,
Sample,16/10/2024 16:41:36,23,9346247,5.294538,8388482,0.038714,12810210,11.380632,3151109,1.028035,67.689003,-63.820000,55.652120,,0.279278,,111.304237,
Sample,16/10/2024 16:41:37,23,9346225,5.294417,8388476,0.038681,12810173,11.381046,3151122,1.028039,67.689003,-63.529999,55.652120,,0.279355,,111.304237,
Sample,16/10/2024 16:41:38,23,9346222,5.294400,8388480,0.038703,12810140,11.381416,3151142,1.028046,67.652000,-63.500000,55.621691,,0.279474,,111.243385,
Sample,16/10/2024 16:41:39,23,9346201,5.294285,8388478,0.038692,12810104,11.381819,3151050,1.028016,67.697006,-60.640003,55.658701,,0.278927,,111.317406,
Sample,16/10/2024 16:41:40,23,9346193,5.294241,8388479,0.038698,12810062,11.382290,3151119,1.028038,67.727005,-61.590004,55.683371,,0.279337,,111.366745,
Sample,16/10/2024 16:41:41,23,9346202,5.294290,8388479,0.038698,12810019,11.382771,3151192,1.028062,67.718002,-64.409996,55.675967,,0.279772,,111.351936,
Sample,16/10/2024 16:41:42,23,9346199,5.294274,8388482,0.038714,12810000,11.382984,3151088,1.028028,67.744003,-62.190002,55.697349,,0.279153,,111.394699,
Sample,16/10/2024 16:41:43,23,9346182,5.294180,8388476,0.038681,12809928,11.383791,3151162,1.028053,67.766006,-62.020000,55.715443,,0.279593,,111.430885,
Sample,16/10/2024 16:41:44,23,9346174,5.294136,8388479,0.038698,12809897,11.384138,3151232,1.028076,67.880997,-63.509998,55.810005,,0.280010,,111.620010,
Sample,16/10/2024 16:41:45,23,9346174,5.294136,8388481,0.038709,12809836,11.384821,3151148,1.028048,67.895004,-63.200001,55.821524,,0.279510,,111.643051,
Sample,16/10/2024 16:41:46,23,9346168,5.294103,8388479,0.038698,12809807,11.385146,3151142,1.028046,67.854996,-61.270000,55.788623,,0.279474,,111.577248,
Sample,16/10/2024 16:41:47,23,9346170,5.294114,8388476,0.038681,12809769,11.385571,3151079,1.028025,67.891006,-62.209999,55.818236,,0.279099,,111.636475,
Sample,16/10/2024 16:41:48,23,9346160,5.294059,8388483,0.038720,12809734,11.385963,3151103,1.028033,67.844002,-61.709999,55.779582,,0.279242,,111.559166,
Sample,16/10/2024 16:41:49,23,9346148,5.293993,8388482,0.038714,12809665,11.386736,3151075,1.028024,67.766006,-59.970001,55.715443,,0.279076,,111.430885,
Sample,16/10/2024 16:41:50,23,9346145,5.293977,8388477,0.038687,12809640,11.387016,3151048,1.028015,67.753998,-59.400002,55.705568,,0.278915,,111.411133,
Sample,16/10/2024 16:41:51,23,9346139,5.293944,8388482,0.038714,12809596,11.387509,3151172,1.028056,67.695999,-60.480000,55.657873,,0.279653,,111.315742,
Sample,16/10/2024 16:41:52,23,9346123,5.293856,8388473,0.038665,12809552,11.388002,3151004,1.028001,67.690002,-59.659996,55.652942,,0.278653,,111.305885,
Sample,16/10/2024 16:41:53,23,9346123,5.293856,8388479,0.038698,12809514,11.388428,3151120,1.028039,67.639000,-60.270000,55.611000,,0.279343,,111.222000,
Sample,16/10/2024 16:41:54,23,9346123,5.293856,8388479,0.038698,12809453,11.389111,3151164,1.028053,67.630997,-60.340004,55.604419,,0.279605,,111.208839,
Sample,16/10/2024 16:41:55,23,9346100,5.293729,8388477,0.038687,12809412,11.389570,3151157,1.028051,67.668999,-57.870003,55.635670,,0.279563,,111.271339,
Sample,16/10/2024 16:41:56,23,9346105,5.293757,8388474,0.038670,12809373,11.390007,3151087,1.028028,67.598999,-59.320000,55.578106,,0.279147,,111.156212,
Sample,16/10/2024 16:41:57,23,9346089,5.293669,8388478,0.038692,12809312,11.390690,3151045,1.028014,67.596001,-60.329998,55.575640,,0.278897,,111.151283,
Sample,16/10/2024 16:41:58,23,9346087,5.293658,8388483,0.038720,12809259,11.391284,3151121,1.028039,67.527000,-60.059998,55.518898,,0.279349,,111.037796,
Sample,16/10/2024 16:41:59,23,9346079,5.293614,8388477,0.038687,12809240,11.391496,3151162,1.028053,67.610001,-59.740002,55.587153,,0.279593,,111.174309,
Sample,16/10/2024 16:42:00,23,9346081,5.293625,8388480,0.038703,12809188,11.392079,3151178,1.028058,67.681999,-61.509998,55.646360,,0.279688,,111.292717,
Sample,16/10/2024 16:42:01,23,9346069,5.293559,8388480,0.038703,12809150,11.392504,3151232,1.028076,67.790001,-61.570000,55.735175,,0.280010,,111.470352,
Sample,16/10/2024 16:42:02,23,9346063,5.293526,8388477,0.038687,12809117,11.392874,3151139,1.028045,67.837997,-61.730000,55.774645,,0.279456,,111.549286,
Sample,16/10/2024 16:42:03,23,9346035,5.293372,8388478,0.038692,12809050,11.393624,3151138,1.028045,67.847000,-61.309998,55.782048,,0.279450,,111.564095,
Sample,16/10/2024 16:42:04,23,9346041,5.293405,8388481,0.038709,12808990,11.394296,3151104,1.028034,67.840004,-62.079998,55.776295,,0.279248,,111.552589,
Sample,16/10/2024 16:42:05,23,9346049,5.293449,8388482,0.038714,12808971,11.394509,3151192,1.028062,67.817001,-59.209999,55.757379,,0.279772,,111.514755,
Sample,16/10/2024 16:42:06,23,9346040,5.293399,8388481,0.038709,12808906,11.395237,3151155,1.028050,67.849998,-62.340004,55.784514,,0.279552,,111.569031,
Sample,16/10/2024 16:42:07,23,9346029,5.293339,8388477,0.038687,12808854,11.395820,3151161,1.028052,67.904999,-61.950001,55.829743,,0.279587,,111.659485,
Sample,16/10/2024 16:42:08,23,9346023,5.293306,8388479,0.038698,12808820,11.396200,3151126,1.028041,67.987999,-61.470001,55.897997,,0.279379,,111.795998,
Sample,16/10/2024 16:42:09,23,9346012,5.293246,8388484,0.038725,12808761,11.396861,3151135,1.028044,68.030998,-60.159996,55.933358,,0.279433,,111.866714,
Sample,16/10/2024 16:42:10,23,9345997,5.293163,8388475,0.038676,12808737,11.397130,3151131,1.028042,68.127998,-59.690002,56.013125,,0.279409,,112.026253,
Sample,16/10/2024 16:42:11,23,9346005,5.293207,8388473,0.038665,12808684,11.397724,3151226,1.028074,68.347000,-60.570000,56.193220,,0.279974,,112.386436,
Sample,16/10/2024 16:42:12,23,9345994,5.293147,8388480,0.038703,12808650,11.398104,3151178,1.028058,68.564003,-61.290001,56.371671,,0.279688,,112.743340,
Sample,16/10/2024 16:42:13,23,9345988,5.293114,8388482,0.038714,12808608,11.398575,3151161,1.028052,68.813004,-62.900002,56.576435,,0.279587,,113.152870,
Sample,16/10/2024 16:42:14,23,9345985,5.293097,8388485,0.038731,12808561,11.399101,3151168,1.028055,69.064003,-60.200001,56.782843,,0.279629,,113.565689,
Sample,16/10/2024 16:42:15,23,9345970,5.293015,8388483,0.038720,12808500,11.399784,3151083,1.028027,69.293999,-60.890003,56.971979,,0.279123,,113.943954,
Sample,16/10/2024 16:42:16,23,9345963,5.292976,8388479,0.038698,12808447,11.400378,3151101,1.028033,69.572006,-60.950001,57.200596,,0.279230,,114.401192,
Sample,16/10/2024 16:42:17,23,9345978,5.293059,8388482,0.038714,12808414,11.400748,3151150,1.028049,69.880997,-59.920002,57.454693,,0.279522,,114.909386,
Sample,16/10/2024 16:42:18,23,9345975,5.293042,8388476,0.038681,12808345,11.401520,3151226,1.028074,70.155998,-60.870003,57.680839,,0.279974,,115.361679,
Sample,16/10/2024 16:42:19,23,9345942,5.292861,8388479,0.038698,12808322,11.401778,3151227,1.028074,70.431999,-60.109997,57.907807,,0.279980,,115.815613,
Sample,16/10/2024 16:42:20,23,9345946,5.292883,8388479,0.038698,12808258,11.402495,3151199,1.028065,70.783997,-61.029999,58.197270,,0.279813,,116.394539,
Sample,16/10/2024 16:42:21,23,9345928,5.292784,8388482,0.038714,12808235,11.402752,3151168,1.028055,71.099998,-58.790001,58.457132,,0.279629,,116.914261,
Sample,16/10/2024 16:42:22,23,9345919,5.292734,8388478,0.038692,12808171,11.403469,3151218,1.028071,71.290001,-58.799999,58.613379,,0.279926,,117.226761,
Sample,16/10/2024 16:42:23,23,9345923,5.292756,8388486,0.038736,12808107,11.404186,3151175,1.028057,71.337997,-58.049999,58.652849,,0.279671,,117.305695,
Sample,16/10/2024 16:42:24,23,9345927,5.292778,8388480,0.038703,12808071,11.404589,3151138,1.028045,71.371002,-60.670002,58.679990,,0.279450,,117.359978,
Sample,16/10/2024 16:42:25,23,9345909,5.292679,8388480,0.038703,12808030,11.405048,3151191,1.028062,71.315002,-58.909996,58.633939,,0.279766,,117.267876,
Sample,16/10/2024 16:42:26,23,9345899,5.292624,8388480,0.038703,12807970,11.405720,3151202,1.028066,71.132996,-59.170002,58.484267,,0.279831,,116.968536,
Sample,16/10/2024 16:42:27,23,9345884,5.292542,8388477,0.038687,12807936,11.406101,3151247,1.028081,71.184998,-59.299999,58.527030,,0.280099,,117.054062,
Sample,16/10/2024 16:42:28,23,9345883,5.292536,8388488,0.038747,12807888,11.406639,3151236,1.028077,71.195999,-60.670002,58.536077,,0.280033,,117.072151,
Sample,16/10/2024 16:42:29,23,9345885,5.292547,8388481,0.038709,12807846,11.407109,3151254,1.028083,71.374001,-59.259998,58.682456,,0.280140,,117.364914,
Sample,16/10/2024 16:42:30,23,9345886,5.292553,8388479,0.038698,12807787,11.407770,3151262,1.028085,71.413002,-60.790001,58.714528,,0.280188,,117.429054,
Sample,16/10/2024 16:42:31,23,9345868,5.292454,8388477,0.038687,12807737,11.408330,3151258,1.028084,71.466003,-59.990002,58.758114,,0.280164,,117.516228,
Sample,16/10/2024 16:42:32,23,9345870,5.292465,8388480,0.038703,12807683,11.408935,3151202,1.028066,71.447006,-60.150002,58.742492,,0.279831,,117.484985,
Sample,16/10/2024 16:42:33,23,9345840,5.292300,8388482,0.038714,12807645,11.409360,3151248,1.028081,71.507996,-61.000000,58.792646,,0.280105,,117.585289,
Sample,16/10/2024 16:42:34,23,9345845,5.292327,8388477,0.038687,12807620,11.409640,3151254,1.028083,71.504997,-61.290001,58.790180,,0.280140,,117.580360,
Sample,16/10/2024 16:42:35,23,9345857,5.292393,8388480,0.038703,12807566,11.410245,3151281,1.028092,71.570000,-58.459999,58.843635,,0.280301,,117.687271,
Sample,16/10/2024 16:42:36,23,9345843,5.292316,8388476,0.038681,12807526,11.410693,3151250,1.028082,71.660995,-61.440002,58.918464,,0.280117,,117.836929,
Sample,16/10/2024 16:42:37,23,9345832,5.292256,8388480,0.038703,12807470,11.411320,3151237,1.028077,71.384995,-62.750000,58.691497,,0.280039,,117.382996,
Sample,16/10/2024 16:42:38,23,9345837,5.292283,8388475,0.038676,12807416,11.411925,3151293,1.028096,71.116005,-61.340004,58.470295,,0.280372,,116.940590,
Sample,16/10/2024 16:42:39,23,9345809,5.292129,8388481,0.038709,12807349,11.412676,3151326,1.028107,70.852005,-60.920002,58.253196,,0.280569,,116.506393,
Sample,16/10/2024 16:42:40,23,9345808,5.292124,8388482,0.038714,12807313,11.413079,3151308,1.028101,71.028000,-61.659996,58.397924,,0.280462,,116.795845,
Sample,16/10/2024 16:42:41,23,9345807,5.292118,8388483,0.038720,12807260,11.413672,3151330,1.028108,71.143997,-65.800003,58.493314,,0.280593,,116.986626,
Sample,16/10/2024 16:42:42,23,9345805,5.292107,8388479,0.038698,12807195,11.414400,3151209,1.028068,71.128998,-62.020000,58.480979,,0.279873,,116.961960,
Sample,16/10/2024 16:42:43,23,9345797,5.292063,8388483,0.038720,12807159,11.414804,3151200,1.028065,71.120003,-60.590004,58.473582,,0.279819,,116.947166,
Sample,16/10/2024 16:42:44,23,9345788,5.292014,8388478,0.038692,12807119,11.415252,3151079,1.028025,71.064003,-62.470001,58.427531,,0.279099,,116.855064,
Sample,16/10/2024 16:42:45,23,9345775,5.291943,8388482,0.038714,12807069,11.415812,3151183,1.028060,70.903000,-62.259998,58.295131,,0.279718,,116.590263,
Sample,16/10/2024 16:42:46,23,9345774,5.291937,8388480,0.038703,12807020,11.416360,3151197,1.028064,70.981003,-61.730000,58.359276,,0.279801,,116.718552,
Sample,16/10/2024 16:42:47,23,9345777,5.291954,8388482,0.038714,12806976,11.416853,3151196,1.028064,71.040001,-61.520000,58.407793,,0.279795,,116.815590,
Sample,16/10/2024 16:42:48,23,9345765,5.291888,8388477,0.038687,12806919,11.417491,3151172,1.028056,71.167007,-63.099998,58.512236,,0.279653,,117.024475,
Sample,16/10/2024 16:42:49,23,9345756,5.291838,8388480,0.038703,12806861,11.418141,3151223,1.028073,71.082001,-62.020000,58.442331,,0.279956,,116.884666,
Sample,16/10/2024 16:42:50,23,9345744,5.291772,8388483,0.038720,12806807,11.418746,3151182,1.028059,71.242996,-61.750000,58.574725,,0.279712,,117.149452,
Sample,16/10/2024 16:42:51,23,9345730,5.291695,8388487,0.038742,12806763,11.419239,3151181,1.028059,71.220001,-61.099998,58.555815,,0.279706,,117.111633,
Sample,16/10/2024 16:42:52,23,9345734,5.291717,8388481,0.038709,12806713,11.419799,3151266,1.028087,71.242004,-62.129997,58.573910,,0.280212,,117.147820,
Sample,16/10/2024 16:42:53,23,9345721,5.291646,8388476,0.038681,12806653,11.420471,3151228,1.028074,70.927002,-61.279999,58.314869,,0.279986,,116.629738,
Sample,16/10/2024 16:42:54,23,9345724,5.291662,8388476,0.038681,12806652,11.420482,3151218,1.028071,70.892998,-61.200001,58.286906,,0.279926,,116.573814,
Sample,16/10/2024 16:42:55,23,9345709,5.291580,8388479,0.038698,12806576,11.421333,3151371,1.028121,70.932999,-61.920002,58.319800,,0.280836,,116.639603,
Sample,16/10/2024 16:42:56,23,9345698,5.291519,8388481,0.038709,12806521,11.421949,3151301,1.028098,71.039001,-61.870003,58.406971,,0.280420,,116.813942,
Sample,16/10/2024 16:42:57,23,9345680,5.291420,8388482,0.038714,12806488,11.422319,3151251,1.028082,70.966003,-61.559998,58.346942,,0.280123,,116.693886,
Sample,16/10/2024 16:42:58,23,9345689,5.291470,8388485,0.038731,12806433,11.422934,3151304,1.028099,70.717003,-61.980000,58.142178,,0.280438,,116.284355,
Sample,16/10/2024 16:42:59,23,9345690,5.291475,8388478,0.038692,12806386,11.423461,3151238,1.028078,70.550003,-61.759998,58.004846,,0.280045,,116.009689,
Sample,16/10/2024 16:43:00,23,9345680,5.291420,8388481,0.038709,12806332,11.424066,3151235,1.028077,70.366005,-60.950001,57.853537,,0.280027,,115.707069,
Sample,16/10/2024 16:43:01,23,9345667,5.291349,8388481,0.038709,12806282,11.424626,3151231,1.028075,70.291000,-61.690002,57.791857,,0.280004,,115.583717,
Sample,16/10/2024 16:43:02,23,9345658,5.291299,8388480,0.038703,12806240,11.425096,3151133,1.028043,70.297005,-62.549999,57.796795,,0.279421,,115.593590,
Sample,16/10/2024 16:43:03,23,9345655,5.291283,8388477,0.038687,12806200,11.425544,3151189,1.028061,70.326004,-61.820000,57.820642,,0.279754,,115.641281,
Sample,16/10/2024 16:43:04,23,9345645,5.291228,8388479,0.038698,12806167,11.425914,3151322,1.028105,70.350998,-61.690002,57.841196,,0.280545,,115.682388,
Sample,16/10/2024 16:43:05,23,9345648,5.291244,8388479,0.038698,12806111,11.426541,3151141,1.028046,70.456001,-61.049999,57.927545,,0.279468,,115.855087,
Sample,16/10/2024 16:43:06,23,9345642,5.291211,8388479,0.038698,12806057,11.427146,3151239,1.028078,70.447006,-61.309998,57.920147,,0.280051,,115.840294,
Sample,16/10/2024 16:43:07,23,9345630,5.291145,8388478,0.038692,12806008,11.427694,3151205,1.028067,70.504997,-61.029999,57.967836,,0.279849,,115.935669,
Sample,16/10/2024 16:43:08,23,9345628,5.291134,8388480,0.038703,12805975,11.428064,3151269,1.028088,70.373001,-61.320000,57.859290,,0.280230,,115.718582,
Sample,16/10/2024 16:43:09,23,9345616,5.291068,8388484,0.038725,12805911,11.428781,3151233,1.028076,70.369003,-61.770000,57.856002,,0.280016,,115.712006,
Sample,16/10/2024 16:43:10,23,9345603,5.290997,8388477,0.038687,12805849,11.429475,3151269,1.028088,70.195000,-60.590004,57.712911,,0.280230,,115.425819,
Sample,16/10/2024 16:43:11,23,9345617,5.291074,8388483,0.038720,12805790,11.430136,3151087,1.028028,70.142998,-60.659996,57.670148,,0.279147,,115.340294,
Sample,16/10/2024 16:43:12,23,9345602,5.290991,8388475,0.038676,12805775,11.430304,3151210,1.028068,70.020004,-61.629997,57.569005,,0.279879,,115.138008,
Sample,16/10/2024 16:43:13,23,9345593,5.290942,8388481,0.038709,12805729,11.430819,3151313,1.028102,70.011002,-60.559998,57.561602,,0.280491,,115.123207,
Sample,16/10/2024 16:43:14,23,9345591,5.290931,8388484,0.038725,12805667,11.431513,3151345,1.028113,69.968002,-63.059998,57.526241,,0.280682,,115.052483,
Sample,16/10/2024 16:43:15,23,9345569,5.290810,8388478,0.038692,12805629,11.431939,3151222,1.028072,69.876999,-60.420002,57.451405,,0.279950,,114.902809,
Sample,16/10/2024 16:43:16,23,9345573,5.290832,8388478,0.038692,12805587,11.432409,3151153,1.028050,69.666000,-60.020000,57.277892,,0.279540,,114.555786,
Sample,16/10/2024 16:43:17,23,9345559,5.290755,8388478,0.038692,12805523,11.433126,3151235,1.028077,69.524002,-61.359997,57.161121,,0.280027,,114.322243,
Sample,16/10/2024 16:43:18,23,9345557,5.290744,8388479,0.038698,12805474,11.433675,3151182,1.028059,69.577003,-60.629997,57.204706,,0.279712,,114.409409,
Sample,16/10/2024 16:43:19,23,9345547,5.290689,8388478,0.038692,12805446,11.433988,3151238,1.028078,69.697998,-62.570000,57.304205,,0.280045,,114.608414,
Sample,16/10/2024 16:43:20,23,9345542,5.290662,8388479,0.038698,12805404,11.434459,3151257,1.028084,69.701004,-59.959999,57.306677,,0.280158,,114.613358,
Sample,16/10/2024 16:43:21,23,9345527,5.290579,8388480,0.038703,12805374,11.434795,3151311,1.028102,69.643997,-62.450001,57.259798,,0.280480,,114.519592,
Sample,16/10/2024 16:43:22,23,9345534,5.290618,8388480,0.038703,12805314,11.435467,3151173,1.028056,69.638000,-61.829998,57.254866,,0.279659,,114.509735,
Sample,16/10/2024 16:43:23,23,9345529,5.290590,8388475,0.038676,12805281,11.435836,3151201,1.028065,69.528999,-61.680000,57.165230,,0.279825,,114.330460,
Sample,16/10/2024 16:43:24,23,9345538,5.290640,8388481,0.038709,12805244,11.436251,3151220,1.028072,69.587997,-60.549999,57.213747,,0.279938,,114.427490,
Sample,16/10/2024 16:43:25,23,9345514,5.290508,8388486,0.038736,12805189,11.436867,3151301,1.028098,69.723999,-61.740002,57.325587,,0.280420,,114.651176,
Sample,16/10/2024 16:43:26,23,9345517,5.290524,8388482,0.038714,12805139,11.437427,3151152,1.028049,69.947006,-61.959999,57.508975,,0.279534,,115.017952,
Sample,16/10/2024 16:43:27,23,9345504,5.290453,8388478,0.038692,12805087,11.438009,3151120,1.028039,70.046005,-60.629997,57.590387,,0.279343,,115.180771,
Sample,16/10/2024 16:43:28,23,9345484,5.290343,8388475,0.038676,12805058,11.438334,3151170,1.028055,69.942001,-60.759998,57.504860,,0.279641,,115.009720,
Sample,16/10/2024 16:43:29,23,9345496,5.290409,8388477,0.038687,12805002,11.438961,3151168,1.028055,69.811996,-60.200001,57.397951,,0.279629,,114.795898,
Sample,16/10/2024 16:43:30,23,9345481,5.290326,8388480,0.038703,12804965,11.439375,3151149,1.028048,69.742004,-62.340004,57.340393,,0.279516,,114.680786,
Sample,16/10/2024 16:43:31,23,9345478,5.290310,8388480,0.038703,12804907,11.440025,3151193,1.028063,69.695000,-64.090004,57.301739,,0.279778,,114.603477,
Sample,16/10/2024 16:43:32,23,9345458,5.290200,8388483,0.038720,12804871,11.440428,3151279,1.028091,69.613998,-60.959999,57.235128,,0.280289,,114.470261,
Sample,16/10/2024 16:43:33,23,9345462,5.290222,8388476,0.038681,12804836,11.440820,3151162,1.028053,69.522995,-63.099998,57.160292,,0.279593,,114.320587,
Sample,16/10/2024 16:43:34,23,9345458,5.290200,8388478,0.038692,12804769,11.441570,3151204,1.028066,69.386002,-60.900002,57.047637,,0.279843,,114.095276,
Sample,16/10/2024 16:43:35,23,9345438,5.290090,8388481,0.038709,12804733,11.441973,3151243,1.028079,69.358994,-61.509998,57.025427,,0.280075,,114.050850,
Sample,16/10/2024 16:43:36,23,9345449,5.290150,8388478,0.038692,12804682,11.442545,3151231,1.028075,69.482002,-62.900002,57.126582,,0.280004,,114.253166,
Sample,16/10/2024 16:43:37,23,9345435,5.290073,8388480,0.038703,12804649,11.442914,3151177,1.028058,69.456001,-62.450001,57.105200,,0.279682,,114.210403,
Sample,16/10/2024 16:43:38,23,9345424,5.290013,8388479,0.038698,12804590,11.443575,3151194,1.028063,69.335999,-62.430000,57.006517,,0.279784,,114.013031,
Sample,16/10/2024 16:43:39,23,9345418,5.289980,8388482,0.038714,12804591,11.443564,3151083,1.028027,69.271004,-60.640003,56.953069,,0.279123,,113.906136,
Sample,16/10/2024 16:43:40,23,9345412,5.289947,8388480,0.038703,12804504,11.444538,3151176,1.028057,69.085999,-61.599998,56.800931,,0.279676,,113.601860,
Sample,16/10/2024 16:43:41,23,9345406,5.289914,8388480,0.038703,12804479,11.444818,3151122,1.028039,68.880997,-62.079998,56.632349,,0.279355,,113.264694,
Sample,16/10/2024 16:43:42,23,9345408,5.289925,8388477,0.038687,12804435,11.445311,3151138,1.028045,68.718002,-62.000000,56.498311,,0.279450,,112.996620,
Sample,16/10/2024 16:43:43,23,9345392,5.289837,8388485,0.038731,12804373,11.446005,3151144,1.028047,68.552002,-61.840004,56.361802,,0.279486,,112.723602,
Sample,16/10/2024 16:43:44,23,9345401,5.289886,8388480,0.038703,12804342,11.446352,3151136,1.028044,68.413002,-61.200001,56.247496,,0.279438,,112.494995,
Sample,16/10/2024 16:43:45,23,9345383,5.289787,8388480,0.038703,12804292,11.446912,3151151,1.028049,68.405998,-63.390003,56.241737,,0.279528,,112.483475,
Sample,16/10/2024 16:43:46,23,9345365,5.289688,8388479,0.038698,12804262,11.447248,3151233,1.028076,68.353996,-60.900002,56.198973,,0.280016,,112.397949,
Sample,16/10/2024 16:43:47,23,9345367,5.289699,8388481,0.038709,12804225,11.447663,3151123,1.028040,68.389000,-62.120003,56.227758,,0.279361,,112.455513,
Sample,16/10/2024 16:43:48,23,9345374,5.289738,8388481,0.038709,12804175,11.448222,3151186,1.028061,68.343002,-62.259998,56.189932,,0.279736,,112.379868,
Sample,16/10/2024 16:43:49,23,9345350,5.289606,8388481,0.038709,12804122,11.448816,3151102,1.028033,68.427002,-60.590004,56.259009,,0.279236,,112.518021,
Sample,16/10/2024 16:43:50,23,9345355,5.289633,8388482,0.038714,12804088,11.449197,3151174,1.028057,68.512001,-62.930000,56.328907,,0.279665,,112.657814,
Sample,16/10/2024 16:43:51,23,9345343,5.289567,8388480,0.038703,12804040,11.449734,3151171,1.028056,68.535995,-63.259998,56.348639,,0.279647,,112.697281,
Sample,16/10/2024 16:43:52,23,9345340,5.289551,8388480,0.038703,12803997,11.450216,3151116,1.028038,68.546005,-62.920002,56.356871,,0.279319,,112.713737,
Sample,16/10/2024 16:43:53,23,9345341,5.289556,8388478,0.038692,12803966,11.450563,3151190,1.028062,68.495003,-62.120003,56.314929,,0.279760,,112.629860,
Sample,16/10/2024 16:43:54,23,9345316,5.289419,8388483,0.038720,12803920,11.451078,3151234,1.028076,68.409996,-62.180000,56.245024,,0.280022,,112.490051,
Sample,16/10/2024 16:43:55,23,9345324,5.289463,8388481,0.038709,12803861,11.451739,3151101,1.028033,68.175003,-62.970001,56.051779,,0.279230,,112.103561,
Sample,16/10/2024 16:43:56,23,9345311,5.289392,8388479,0.038698,12803826,11.452131,3151155,1.028050,68.007004,-60.959999,55.913626,,0.279552,,111.827255,
Sample,16/10/2024 16:43:57,23,9345288,5.289265,8388480,0.038703,12803783,11.452612,3151163,1.028053,67.992004,-64.040001,55.901291,,0.279599,,111.802582,
Sample,16/10/2024 16:43:58,23,9345303,5.289348,8388482,0.038714,12803743,11.453060,3151247,1.028081,68.013000,-63.490002,55.918557,,0.280099,,111.837112,
Sample,16/10/2024 16:43:59,23,9345289,5.289271,8388481,0.038709,12803690,11.453654,3151130,1.028042,68.100998,-61.409996,55.990921,,0.279403,,111.981842,
Sample,16/10/2024 16:44:00,23,9345277,5.289205,8388487,0.038742,12803626,11.454371,3151138,1.028045,68.191002,-62.940002,56.064936,,0.279450,,112.129875,
Sample,16/10/2024 16:44:01,23,9345282,5.289232,8388477,0.038687,12803602,11.454639,3151188,1.028061,68.157997,-63.059998,56.037794,,0.279748,,112.075592,
Sample,16/10/2024 16:44:02,23,9345276,5.289199,8388478,0.038692,12803542,11.455311,3151230,1.028075,68.181000,-62.950001,56.056711,,0.279998,,112.113419,
Sample,16/10/2024 16:44:03,23,9345262,5.289122,8388478,0.038692,12803508,11.455692,3151274,1.028089,68.164001,-63.940002,56.042732,,0.280259,,112.085464,
Sample,16/10/2024 16:44:04,23,9345267,5.289150,8388482,0.038714,12803482,11.455983,3151143,1.028046,68.290001,-64.040001,56.146347,,0.279480,,112.292694,
Sample,16/10/2024 16:44:05,23,9345259,5.289106,8388480,0.038703,12803420,11.456678,3151179,1.028058,68.431999,-63.259998,56.263118,,0.279694,,112.526237,
Sample,16/10/2024 16:44:06,23,9345249,5.289051,8388475,0.038676,12803381,11.457114,3151120,1.028039,68.465004,-64.020004,56.290260,,0.279343,,112.580521,
Sample,16/10/2024 16:44:07,23,9345225,5.288919,8388475,0.038676,12803339,11.457585,3151202,1.028066,68.457001,-62.990002,56.283678,,0.279831,,112.567360,
Sample,16/10/2024 16:44:08,23,9345234,5.288968,8388482,0.038714,12803280,11.458246,3151160,1.028052,68.380997,-63.180000,56.221177,,0.279581,,112.442352,
Sample,16/10/2024 16:44:09,23,9345223,5.288908,8388482,0.038714,12803242,11.458671,3151226,1.028074,68.272003,-64.340004,56.131547,,0.279974,,112.263092,
Sample,16/10/2024 16:44:10,23,9345231,5.288952,8388478,0.038692,12803204,11.459097,3151228,1.028074,68.235001,-61.140003,56.101118,,0.279986,,112.202232,
Sample,16/10/2024 16:44:11,23,9345220,5.288891,8388485,0.038731,12803156,11.459634,3151096,1.028031,68.197006,-64.529999,56.069873,,0.279200,,112.139748,
Sample,16/10/2024 16:44:12,23,9345215,5.288864,8388475,0.038676,12803113,11.460116,3151223,1.028073,68.184998,-64.860001,56.059998,,0.279956,,112.119995,
Sample,16/10/2024 16:44:13,23,9345200,5.288781,8388482,0.038714,12803054,11.460776,3151266,1.028087,68.180000,-63.930000,56.055889,,0.280212,,112.111778,
Sample,16/10/2024 16:44:14,23,9345190,5.288726,8388477,0.038687,12803016,11.461202,3151178,1.028058,68.232994,-63.829998,56.099468,,0.279688,,112.198936,
Sample,16/10/2024 16:44:15,23,9345175,5.288644,8388476,0.038681,12802983,11.461572,3151338,1.028110,68.238998,-63.029999,56.104405,,0.280640,,112.208809,
Sample,16/10/2024 16:44:16,23,9345176,5.288649,8388478,0.038692,12802935,11.462109,3151197,1.028064,68.281998,-64.020004,56.139766,,0.279801,,112.279533,
Sample,16/10/2024 16:44:17,23,9345176,5.288649,8388482,0.038714,12802864,11.462904,3151214,1.028070,68.284996,-63.540001,56.142231,,0.279903,,112.284462,
Sample,16/10/2024 16:44:18,23,9345166,5.288594,8388484,0.038725,12802821,11.463386,3151135,1.028044,68.308998,-63.670002,56.161969,,0.279433,,112.323936,
Sample,16/10/2024 16:44:19,23,9345160,5.288561,8388478,0.038692,12802777,11.463879,3151225,1.028073,68.264999,-63.430000,56.125787,,0.279968,,112.251572,
Sample,16/10/2024 16:44:20,23,9345142,5.288462,8388481,0.038709,12802744,11.464248,3151238,1.028078,68.202995,-64.320000,56.074798,,0.280045,,112.149597,
Sample,16/10/2024 16:44:21,23,9345153,5.288523,8388476,0.038681,12802679,11.464976,3151202,1.028066,68.241005,-62.890003,56.106055,,0.279831,,112.212112,
Sample,16/10/2024 16:44:22,23,9345143,5.288468,8388477,0.038687,12802644,11.465368,3151164,1.028053,68.266006,-63.370003,56.126615,,0.279605,,112.253227,
Sample,16/10/2024 16:44:23,23,9345129,5.288391,8388477,0.038687,12802573,11.466163,3151140,1.028045,68.298996,-64.389999,56.153744,,0.279462,,112.307487,
Sample,16/10/2024 16:44:24,23,9345141,5.288457,8388480,0.038703,12802552,11.466398,3151199,1.028065,68.389000,-62.099998,56.227758,,0.279813,,112.455513,
Sample,16/10/2024 16:44:25,23,9345120,5.288341,8388483,0.038720,12802514,11.466824,3151249,1.028081,68.425003,-63.570000,56.257365,,0.280111,,112.514732,
Sample,16/10/2024 16:44:26,23,9345107,5.288270,8388475,0.038676,12802463,11.467395,3151362,1.028118,68.466003,-65.110001,56.291082,,0.280783,,112.582161,
Sample,16/10/2024 16:44:27,23,9345100,5.288231,8388477,0.038687,12802425,11.467820,3151272,1.028089,68.471001,-64.209999,56.295191,,0.280248,,112.590385,
Sample,16/10/2024 16:44:28,23,9345112,5.288297,8388478,0.038692,12802379,11.468336,3151248,1.028081,68.432999,-61.320000,56.263940,,0.280105,,112.527878,
Sample,16/10/2024 16:44:29,23,9345102,5.288242,8388480,0.038703,12802319,11.469007,3151228,1.028074,68.408997,-62.440002,56.244202,,0.279986,,112.488403,
Sample,16/10/2024 16:44:30,23,9345094,5.288198,8388479,0.038698,12802277,11.469478,3151358,1.028117,68.350998,-63.150002,56.196508,,0.280759,,112.393013,
Sample,16/10/2024 16:44:31,23,9345079,5.288116,8388483,0.038720,12802211,11.470217,3151244,1.028080,68.177002,-64.159996,56.053423,,0.280081,,112.106850,
Sample,16/10/2024 16:44:32,23,9345081,5.288127,8388487,0.038742,12802168,11.470698,3151380,1.028124,68.102997,-62.790001,55.992565,,0.280890,,111.985130,
Sample,16/10/2024 16:44:33,23,9345075,5.288094,8388482,0.038714,12802120,11.471236,3151257,1.028084,68.059998,-63.870003,55.957205,,0.280158,,111.914413,
Sample,16/10/2024 16:44:34,23,9345060,5.288012,8388478,0.038692,12802085,11.471628,3151319,1.028104,67.957001,-64.840004,55.872506,,0.280527,,111.745010,
Sample,16/10/2024 16:44:35,23,9345064,5.288034,8388475,0.038676,12802039,11.472143,3151286,1.028093,67.892998,-64.690002,55.819874,,0.280331,,111.639748,
Sample,16/10/2024 16:44:36,23,9345059,5.288006,8388480,0.038703,12801975,11.472860,3151287,1.028094,67.858994,-64.250000,55.791911,,0.280337,,111.583824,
Sample,16/10/2024 16:44:37,23,9345050,5.287957,8388480,0.038703,12801941,11.473241,3151295,1.028096,67.862000,-61.829998,55.794383,,0.280384,,111.588768,
Sample,16/10/2024 16:44:38,23,9345030,5.287847,8388487,0.038742,12801869,11.474047,3151174,1.028057,67.882996,-64.970001,55.811649,,0.279665,,111.623299,
Sample,16/10/2024 16:44:39,23,9345026,5.287825,8388476,0.038681,12801823,11.474562,3151265,1.028086,67.830002,-62.570000,55.768069,,0.280206,,111.536140,
Sample,16/10/2024 16:44:40,23,9345028,5.287836,8388486,0.038736,12801793,11.474898,3151199,1.028065,67.776001,-61.409996,55.723662,,0.279813,,111.447327,
Sample,16/10/2024 16:44:41,23,9345022,5.287803,8388481,0.038709,12801757,11.475301,3151288,1.028094,67.752998,-62.759998,55.704746,,0.280343,,111.409492,
Sample,16/10/2024 16:44:42,23,9345020,5.287792,8388482,0.038714,12801696,11.475984,3151281,1.028092,67.710999,-63.650002,55.670208,,0.280301,,111.340416,
Sample,16/10/2024 16:44:43,23,9344999,5.287676,8388483,0.038720,12801671,11.476264,3151271,1.028088,67.679001,-64.209999,55.643895,,0.280242,,111.287788,
Sample,16/10/2024 16:44:44,23,9344988,5.287616,8388483,0.038720,12801602,11.477037,3151193,1.028063,67.623001,-63.109997,55.597844,,0.279778,,111.195686,
Sample,16/10/2024 16:44:45,23,9344988,5.287616,8388483,0.038720,12801560,11.477507,3151359,1.028117,67.548996,-62.079998,55.536986,,0.280765,,111.073975,
Sample,16/10/2024 16:44:46,23,9344997,5.287665,8388483,0.038720,12801514,11.478022,3151201,1.028065,67.492004,-62.409996,55.490119,,0.279825,,110.980240,
Sample,16/10/2024 16:44:47,23,9344987,5.287610,8388480,0.038703,12801450,11.478739,3151269,1.028088,67.457993,-62.959999,55.462150,,0.280230,,110.924301,
Sample,16/10/2024 16:44:48,23,9344985,5.287599,8388478,0.038692,12801399,11.479310,3151254,1.028083,67.393997,-63.349998,55.409524,,0.280140,,110.819046,
Sample,16/10/2024 16:44:49,23,9344973,5.287533,8388476,0.038681,12801355,11.479803,3151157,1.028051,67.327003,-62.599998,55.354432,,0.279563,,110.708862,
Sample,16/10/2024 16:44:50,23,9344951,5.287412,8388483,0.038720,12801301,11.480408,3151209,1.028068,67.257996,-62.900002,55.297684,,0.279873,,110.595367,
Sample,16/10/2024 16:44:51,23,9344944,5.287374,8388477,0.038687,12801259,11.480878,3151203,1.028066,67.233994,-61.549999,55.277946,,0.279837,,110.555893,
Sample,16/10/2024 16:44:52,23,9344940,5.287352,8388476,0.038681,12801221,11.481303,3151229,1.028075,67.172997,-63.909996,55.227785,,0.279992,,110.455566,
Sample,16/10/2024 16:44:53,23,9344951,5.287412,8388480,0.038703,12801165,11.481931,3151178,1.028058,67.137001,-62.320000,55.198184,,0.279688,,110.396370,
Sample,16/10/2024 16:44:54,23,9344937,5.287335,8388477,0.038687,12801117,11.482468,3151240,1.028078,67.032997,-63.549999,55.112657,,0.280057,,110.225311,
Sample,16/10/2024 16:44:55,23,9344928,5.287286,8388478,0.038692,12801076,11.482927,3151049,1.028015,66.905998,-62.770000,55.008221,,0.278921,,110.016441,
Sample,16/10/2024 16:44:56,23,9344923,5.287258,8388484,0.038725,12801002,11.483756,3151138,1.028045,66.752998,-62.490002,54.882402,,0.279450,,109.764801,
Sample,16/10/2024 16:44:57,23,9344906,5.287165,8388478,0.038692,12800969,11.484125,3151120,1.028039,66.596001,-60.900002,54.753296,,0.279343,,109.506592,
Sample,16/10/2024 16:44:58,23,9344912,5.287198,8388482,0.038714,12800895,11.484954,3151212,1.028069,66.502998,-64.150002,54.676816,,0.279891,,109.353630,
Sample,16/10/2024 16:44:59,23,9344921,5.287247,8388481,0.038709,12800883,11.485088,3151244,1.028080,66.372002,-62.599998,54.569092,,0.280081,,109.138184,
Sample,16/10/2024 16:45:00,23,9344897,5.287115,8388475,0.038676,12800833,11.485648,3151238,1.028078,66.291000,-61.180000,54.502481,,0.280045,,109.004959,
Sample,16/10/2024 16:45:01,23,9344896,5.287110,8388481,0.038709,12800787,11.486163,3151306,1.028100,66.205002,-64.650002,54.431760,,0.280450,,108.863518,
Sample,16/10/2024 16:45:02,23,9344892,5.287088,8388484,0.038725,12800734,11.486757,3151164,1.028053,66.125000,-62.890003,54.365971,,0.279605,,108.731941,
Sample,16/10/2024 16:45:03,23,9344866,5.286945,8388483,0.038720,12800675,11.487418,3151248,1.028081,66.096001,-61.950001,54.342124,,0.280105,,108.684250,
Sample,16/10/2024 16:45:04,23,9344867,5.286950,8388478,0.038692,12800649,11.487709,3151246,1.028080,66.007996,-64.680000,54.269753,,0.280093,,108.539505,
Sample,16/10/2024 16:45:05,23,9344873,5.286983,8388480,0.038703,12800570,11.488593,3151345,1.028113,65.967003,-62.529999,54.236043,,0.280682,,108.472084,
Sample,16/10/2024 16:45:06,23,9344863,5.286928,8388478,0.038692,12800538,11.488952,3151222,1.028072,66.004997,-64.240005,54.267288,,0.279950,,108.534576,
Sample,16/10/2024 16:45:07,23,9344849,5.286852,8388483,0.038720,12800483,11.489568,3151260,1.028085,65.965004,-63.180000,54.234400,,0.280176,,108.468796,
Sample,16/10/2024 16:45:08,23,9344848,5.286846,8388476,0.038681,12800441,11.490038,3151238,1.028078,65.953995,-62.690002,54.225346,,0.280045,,108.450691,
Sample,16/10/2024 16:45:09,23,9344837,5.286786,8388480,0.038703,12800384,11.490676,3151264,1.028086,65.941002,-61.650002,54.214662,,0.280200,,108.429321,
Sample,16/10/2024 16:45:10,23,9344831,5.286753,8388482,0.038714,12800348,11.491079,3151222,1.028072,65.968002,-63.270000,54.236865,,0.279950,,108.473732,
Sample,16/10/2024 16:45:11,23,9344831,5.286753,8388478,0.038692,12800312,11.491483,3151230,1.028075,66.052002,-65.159996,54.305942,,0.279998,,108.611885,
Sample,16/10/2024 16:45:12,23,9344823,5.286709,8388478,0.038692,12800254,11.492132,3151256,1.028084,66.143997,-63.079998,54.381594,,0.280152,,108.763184,
Sample,16/10/2024 16:45:13,23,9344814,5.286659,8388474,0.038670,12800194,11.492804,3151244,1.028080,66.357994,-63.690002,54.557573,,0.280081,,109.115143,
Sample,16/10/2024 16:45:14,23,9344818,5.286681,8388481,0.038709,12800154,11.493252,3151279,1.028091,66.419998,-63.670002,54.608561,,0.280289,,109.217125,
Sample,16/10/2024 16:45:15,23,9344791,5.286533,8388477,0.038687,12800092,11.493946,3151286,1.028093,66.521004,-63.980000,54.691623,,0.280331,,109.383247,
Sample,16/10/2024 16:45:16,23,9344799,5.286577,8388481,0.038709,12800038,11.494551,3151123,1.028040,66.611000,-64.459999,54.765631,,0.279361,,109.531258,
Sample,16/10/2024 16:45:17,23,9344793,5.286544,8388483,0.038720,12800004,11.494932,3151176,1.028057,66.629997,-63.240002,54.781253,,0.279676,,109.562508,
Sample,16/10/2024 16:45:18,23,9344778,5.286461,8388481,0.038709,12799971,11.495301,3151238,1.028078,66.758995,-62.529999,54.887333,,0.280045,,109.774666,
Sample,16/10/2024 16:45:19,23,9344774,5.286439,8388483,0.038720,12799915,11.495928,3151356,1.028116,66.801003,-61.250000,54.921878,,0.280747,,109.843758,
Sample,16/10/2024 16:45:20,23,9344767,5.286401,8388483,0.038720,12799854,11.496611,3151232,1.028076,66.945000,-62.170002,55.040293,,0.280010,,110.080589,
Sample,16/10/2024 16:45:21,23,9344766,5.286395,8388475,0.038676,12799809,11.497115,3151230,1.028075,66.995003,-63.470001,55.081413,,0.279998,,110.162827,
Sample,16/10/2024 16:45:22,23,9344746,5.286285,8388481,0.038709,12799749,11.497787,3151279,1.028091,67.035995,-63.450001,55.115123,,0.280289,,110.230247,
Sample,16/10/2024 16:45:23,23,9344741,5.286258,8388478,0.038692,12799684,11.498515,3151281,1.028092,67.112000,-62.009998,55.177625,,0.280301,,110.355247,
Sample,16/10/2024 16:45:24,23,9344750,5.286307,8388479,0.038698,12799629,11.499131,3151322,1.028105,67.209999,-63.779999,55.258214,,0.280545,,110.516426,
Sample,16/10/2024 16:45:25,23,9344724,5.286164,8388482,0.038714,12799587,11.499601,3151186,1.028061,67.350998,-61.070000,55.374163,,0.279736,,110.748329,
Sample,16/10/2024 16:45:26,23,9344738,5.286241,8388482,0.038714,12799560,11.499904,3151193,1.028063,67.347000,-62.870003,55.370876,,0.279778,,110.741753,
Sample,16/10/2024 16:45:27,23,9344731,5.286203,8388479,0.038698,12799486,11.500732,3151202,1.028066,67.399002,-61.890003,55.413639,,0.279831,,110.827278,
Sample,16/10/2024 16:45:28,23,9344717,5.286126,8388476,0.038681,12799456,11.501068,3151312,1.028102,67.435997,-61.629997,55.444062,,0.280485,,110.888123,
Sample,16/10/2024 16:45:29,23,9344722,5.286153,8388482,0.038714,12799392,11.501785,3151383,1.028125,67.561996,-63.079998,55.547677,,0.280908,,111.095352,
Sample,16/10/2024 16:45:30,23,9344715,5.286115,8388481,0.038709,12799345,11.502311,3151316,1.028103,67.611000,-62.029999,55.587975,,0.280509,,111.175949,
Sample,16/10/2024 16:45:31,23,9344694,5.285999,8388482,0.038714,12799303,11.502781,3151367,1.028120,67.665001,-63.930000,55.632382,,0.280813,,111.264763,
Sample,16/10/2024 16:45:32,23,9344699,5.286027,8388481,0.038709,12799231,11.503588,3151246,1.028080,67.733994,-62.450001,55.689118,,0.280093,,111.378235,
Sample,16/10/2024 16:45:33,23,9344687,5.285961,8388482,0.038714,12799170,11.504271,3151346,1.028113,67.758995,-61.109997,55.709677,,0.280688,,111.419357,
Sample,16/10/2024 16:45:34,23,9344679,5.285917,8388481,0.038709,12799121,11.504819,3151289,1.028094,67.747002,-62.000000,55.699815,,0.280349,,111.399628,
Sample,16/10/2024 16:45:35,23,9344677,5.285906,8388477,0.038687,12799087,11.505200,3151253,1.028083,67.787003,-63.259998,55.732709,,0.280135,,111.465416,
Sample,16/10/2024 16:45:36,23,9344669,5.285862,8388486,0.038736,12799025,11.505894,3151300,1.028098,67.922005,-62.659996,55.843727,,0.280414,,111.687454,
Sample,16/10/2024 16:45:37,23,9344660,5.285812,8388481,0.038709,12798960,11.506622,3151266,1.028087,67.975998,-62.909996,55.888128,,0.280212,,111.776260,
Sample,16/10/2024 16:45:38,23,9344658,5.285801,8388481,0.038709,12798907,11.507216,3151239,1.028078,68.052002,-64.229996,55.950630,,0.280051,,111.901260,
Sample,16/10/2024 16:45:39,23,9344641,5.285708,8388481,0.038709,12798859,11.507753,3151301,1.028098,68.056000,-63.420002,55.953918,,0.280420,,111.907837,
Sample,16/10/2024 16:45:40,23,9344653,5.285774,8388482,0.038714,12798804,11.508369,3151329,1.028108,68.102997,-60.759998,55.992565,,0.280587,,111.985130,
Sample,16/10/2024 16:45:41,23,9344641,5.285708,8388483,0.038720,12798747,11.509007,3151345,1.028113,68.153999,-62.220001,56.034507,,0.280682,,112.069016,
Sample,16/10/2024 16:45:42,23,9344627,5.285631,8388479,0.038698,12798680,11.509758,3151315,1.028103,68.266006,-62.430000,56.126615,,0.280503,,112.253227,
Sample,16/10/2024 16:45:43,23,9344625,5.285620,8388480,0.038703,12798627,11.510351,3151319,1.028104,68.377998,-62.109997,56.218711,,0.280527,,112.437424,
Sample,16/10/2024 16:45:44,23,9344612,5.285549,8388485,0.038731,12798577,11.510911,3151211,1.028069,68.434998,-60.959999,56.265584,,0.279885,,112.531166,
Sample,16/10/2024 16:45:45,23,9344609,5.285532,8388479,0.038698,12798523,11.511516,3151814,1.028267,69.524002,-60.090004,57.161121,,0.283469,,114.322243,
Sample,16/10/2024 16:45:46,23,9344602,5.285494,8388481,0.038709,12798585,11.510821,3151692,1.028227,72.099998,-60.820000,59.279476,,0.282744,,118.558952,
Sample,16/10/2024 16:45:47,23,9344596,5.285461,8388478,0.038692,12799592,11.499545,3153971,1.028976,91.634003,-64.370003,75.343148,,0.296249,,150.686295,
Sample,16/10/2024 16:45:48,23,9344605,5.285510,8388475,0.038676,12800903,11.484864,3155472,1.029469,80.623001,-52.920002,66.288316,,0.305104,,132.576630,
Sample,16/10/2024 16:45:49,23,9344584,5.285395,8388479,0.038698,12801339,11.479982,3125201,1.019521,190.839996,-9.974001,156.924608,,0.119909,,313.849213,
Sample,16/10/2024 16:45:50,23,9344745,5.286280,8388480,0.038703,12793560,11.567087,3125265,1.019542,359.589996,3915.100098,3396.188650,,0.120317,,6792.377441,
Sample,16/10/2024 16:45:51,23,9344580,5.285373,8388479,0.038698,12788384,11.625039,3125649,1.019668,130.649994,3553.000000,3090.119956,,0.122760,,6180.239746,
Sample,16/10/2024 16:45:52,23,9344569,5.285312,8388481,0.038709,12784756,11.665655,3125458,1.019605,107.119995,3657.199951,3178.195997,,0.121545,,6356.392090,
Sample,16/10/2024 16:45:53,23,9344657,5.285796,8388480,0.038703,12800907,11.484820,3138902,1.024024,356.289978,1905.900024,1697.892388,,0.205533,,3395.784668,
Sample,16/10/2024 16:45:54,23,9344576,5.285351,8388484,0.038725,12833501,11.119693,3135773,1.022995,358.910004,868.599976,295.135981,,0.186257,,590.271973,
Sample,16/10/2024 16:45:55,23,9344552,5.285219,8388481,0.038709,12855237,10.876036,3142343,1.025154,102.840004,609.799988,84.558337,,0.226551,,169.116669,
Sample,16/10/2024 16:45:56,23,9344564,5.285285,8388482,0.038714,12868111,10.731650,3155685,1.029539,380.730011,702.500000,313.079535,,0.306358,,626.159058,
Sample,16/10/2024 16:45:57,23,9344554,5.285230,8388480,0.038703,12875790,10.645501,3154877,1.029274,220.970001,626.400024,181.701839,,0.301598,,363.403687,
Sample,16/10/2024 16:45:58,23,9344537,5.285136,8388478,0.038692,12878447,10.615688,3154657,1.029201,217.680008,576.000000,178.996333,,0.300300,,357.992676,
Sample,16/10/2024 16:45:59,23,9344545,5.285180,8388482,0.038714,12878900,10.610605,3154363,1.029105,176.589996,543.500000,145.206205,,0.298565,,290.412415,
Sample,16/10/2024 16:46:00,23,9344535,5.285125,8388478,0.038692,12878696,10.612894,3154252,1.029068,154.160004,556.299988,126.761034,,0.297910,,253.522064,
Sample,16/10/2024 16:46:01,23,9344522,5.285054,8388478,0.038692,12878350,10.616777,3154247,1.029066,133.309998,542.299988,109.615155,,0.297880,,219.230316,
Sample,16/10/2024 16:46:02,23,9344506,5.284966,8388483,0.038720,12877983,10.620895,3153982,1.028979,128.419998,545.900024,105.593893,,0.296314,,211.187790,
Sample,16/10/2024 16:46:03,23,9344525,5.285070,8388480,0.038703,12877591,10.625293,3154076,1.029010,118.110001,541.799988,97.115528,,0.296870,,194.231049,
Sample,16/10/2024 16:46:04,23,9344488,5.284867,8388481,0.038709,12877212,10.629546,3154069,1.029008,120.550003,534.200012,99.122050,,0.296829,,198.244095,
Sample,16/10/2024 16:46:05,23,9344494,5.284900,8388477,0.038687,12876854,10.633563,3153973,1.028976,130.669998,527.799988,107.444167,,0.296261,,214.888336,
Sample,16/10/2024 16:46:06,23,9344494,5.284900,8388480,0.038703,12876485,10.637703,3153899,1.028952,135.660004,530.900024,111.547669,,0.295824,,223.095337,
Sample,16/10/2024 16:46:07,23,9344485,5.284850,8388478,0.038692,12876146,10.641507,3153977,1.028978,113.619995,539.500000,93.423199,,0.296285,,186.846390,
Sample,16/10/2024 16:46:08,23,9344473,5.284784,8388476,0.038681,12875801,10.645378,3153931,1.028963,118.040001,540.400024,97.057964,,0.296013,,194.115921,
Sample,16/10/2024 16:46:09,23,9344464,5.284735,8388476,0.038681,12875523,10.648497,3153862,1.028940,119.469994,547.500000,98.233910,,0.295605,,196.467819,
Sample,16/10/2024 16:46:10,23,9344450,5.284658,8388478,0.038692,12875238,10.651695,3153870,1.028943,119.830002,550.099976,98.529961,,0.295652,,197.059921,
Sample,16/10/2024 16:46:11,23,9344452,5.284669,8388478,0.038692,12875007,10.654287,3153922,1.028960,120.389999,540.299988,98.990471,,0.295960,,197.980942,
Sample,16/10/2024 16:46:12,23,9344429,5.284542,8388483,0.038720,12874745,10.657226,3153865,1.028941,118.230003,540.599976,97.214212,,0.295623,,194.428421,
Sample,16/10/2024 16:46:13,23,9344453,5.284674,8388480,0.038703,12874522,10.659728,3153823,1.028927,127.590004,549.500000,104.911353,,0.295375,,209.822708,
Sample,16/10/2024 16:46:14,23,9344449,5.284652,8388477,0.038687,12874288,10.662354,3153841,1.028933,129.790009,549.900024,106.720513,,0.295481,,213.441025,
Sample,16/10/2024 16:46:15,23,9344434,5.284570,8388478,0.038692,12874078,10.664710,3153854,1.028937,131.360001,539.700012,108.011587,,0.295558,,216.023178,
Sample,16/10/2024 16:46:16,23,9344422,5.284504,8388479,0.038698,12873848,10.667290,3153925,1.028961,139.149994,536.000000,114.417642,,0.295978,,228.835281,
Sample,16/10/2024 16:46:17,23,9344409,5.284432,8388479,0.038698,12873649,10.669523,3153788,1.028916,150.139999,535.700012,123.455207,,0.295168,,246.910416,
Sample,16/10/2024 16:46:18,23,9344416,5.284471,8388480,0.038703,12873455,10.671699,3153808,1.028922,160.759995,537.400024,132.188497,,0.295286,,264.376984,
Sample,16/10/2024 16:46:19,23,9344423,5.284509,8388483,0.038720,12873305,10.673382,3153868,1.028942,170.819992,537.200012,140.461277,,0.295641,,280.922546,
Sample,16/10/2024 16:46:20,23,9344403,5.284399,8388482,0.038714,12873095,10.675738,3153789,1.028916,166.139999,531.500000,136.612712,,0.295174,,273.225433,
Sample,16/10/2024 16:46:21,23,9344381,5.284279,8388480,0.038703,12872929,10.677601,3153753,1.028904,164.779999,529.500000,135.494324,,0.294961,,270.988647,
Sample,16/10/2024 16:46:22,23,9344387,5.284311,8388482,0.038714,12872782,10.679250,3153787,1.028915,156.300003,523.500000,128.520850,,0.295162,,257.041687,
Sample,16/10/2024 16:46:23,23,9344378,5.284262,8388474,0.038670,12872633,10.680922,3153763,1.028907,142.069992,526.900024,116.818885,,0.295020,,233.637772,
Sample,16/10/2024 16:46:24,23,9344385,5.284300,8388484,0.038725,12872465,10.682806,3153822,1.028927,134.019989,525.500000,110.199013,,0.295369,,220.398026,
Sample,16/10/2024 16:46:25,23,9344374,5.284240,8388482,0.038714,12872343,10.684175,3153735,1.028898,125.159996,522.500000,102.913050,,0.294854,,205.826096,
Sample,16/10/2024 16:46:26,23,9344357,5.284147,8388480,0.038703,12872198,10.685802,3153772,1.028910,119.730003,518.500000,98.447728,,0.295073,,196.895462,
Sample,16/10/2024 16:46:27,23,9344350,5.284108,8388485,0.038731,12872081,10.687114,3153787,1.028915,117.509995,515.700012,96.622117,,0.295162,,193.244232,
Sample,16/10/2024 16:46:28,23,9344355,5.284136,8388482,0.038714,12871971,10.688348,3153783,1.028914,115.869995,519.000000,95.273473,,0.295138,,190.546951,
Sample,16/10/2024 16:46:29,23,9344347,5.284092,8388478,0.038692,12871887,10.689291,3153780,1.028913,113.130005,525.700012,93.020258,,0.295120,,186.040512,
Sample,16/10/2024 16:46:30,23,9344329,5.283993,8388482,0.038714,12871786,10.690424,3153667,1.028876,109.730003,530.500000,90.224287,,0.294452,,180.448578,
Sample,16/10/2024 16:46:31,23,9344321,5.283949,8388475,0.038676,12871720,10.691164,3153752,1.028904,107.169998,534.700012,88.119082,,0.294955,,176.238159,
Sample,16/10/2024 16:46:32,23,9344320,5.283943,8388475,0.038676,12871652,10.691927,3153725,1.028895,106.090004,540.099976,87.230955,,0.294795,,174.461914,
Sample,16/10/2024 16:46:33,23,9344322,5.283954,8388488,0.038747,12871609,10.692410,3153718,1.028893,105.630005,548.799988,86.852678,,0.294754,,173.705353,
Sample,16/10/2024 16:46:34,23,9344308,5.283877,8388482,0.038714,12871586,10.692668,3153652,1.028871,105.709999,559.799988,86.918460,,0.294364,,173.836914,
Sample,16/10/2024 16:46:35,23,9344306,5.283866,8388475,0.038676,12871560,10.692959,3153670,1.028877,108.019997,551.400024,88.818073,,0.294470,,177.636139,
Sample,16/10/2024 16:46:36,23,9344284,5.283745,8388485,0.038731,12871539,10.693195,3153775,1.028911,109.639999,548.900024,90.150273,,0.295091,,180.300552,
Sample,16/10/2024 16:46:37,23,9344280,5.283723,8388482,0.038714,12871509,10.693532,3153711,1.028890,112.290001,545.400024,92.329486,,0.294712,,184.658966,
Sample,16/10/2024 16:46:38,23,9344262,5.283624,8388479,0.038698,12871518,10.693431,3153786,1.028915,116.269997,542.400024,95.602412,,0.295156,,191.204819,
Sample,16/10/2024 16:46:39,23,9344273,5.283685,8388480,0.038703,12871482,10.693834,3153669,1.028877,121.780006,546.400024,100.133536,,0.294464,,200.267075,
Sample,16/10/2024 16:46:40,23,9344267,5.283652,8388477,0.038687,12871483,10.693823,3153662,1.028874,124.440002,548.500000,102.320967,,0.294423,,204.641937,
Sample,16/10/2024 16:46:41,23,9344256,5.283591,8388481,0.038709,12871462,10.694059,3153693,1.028884,124.800003,549.000000,102.617012,,0.294606,,205.234024,
Sample,16/10/2024 16:46:42,23,9344254,5.283580,8388480,0.038703,12871447,10.694227,3153703,1.028888,125.369995,549.099976,103.085741,,0.294665,,206.171478,
Sample,16/10/2024 16:46:43,23,9344234,5.283470,8388476,0.038681,12871456,10.694126,3153691,1.028884,121.930008,548.200012,100.256888,,0.294594,,200.513779,
Sample,16/10/2024 16:46:44,23,9344247,5.283542,8388481,0.038709,12871430,10.694418,3153696,1.028885,120.680008,549.799988,99.228958,,0.294624,,198.457916,
Sample,16/10/2024 16:46:45,23,9344223,5.283410,8388481,0.038709,12871407,10.694676,3153664,1.028875,118.569992,548.799988,97.493799,,0.294434,,194.987595,
Sample,16/10/2024 16:46:46,23,9344235,5.283476,8388479,0.038698,12871389,10.694878,3153678,1.028879,117.280006,545.700012,96.432987,,0.294517,,192.865982,
Sample,16/10/2024 16:46:47,23,9344225,5.283421,8388476,0.038681,12871359,10.695214,3153629,1.028863,117.659996,540.599976,96.745469,,0.294227,,193.490936,
Sample,16/10/2024 16:46:48,23,9344206,5.283316,8388480,0.038703,12871332,10.695517,3153780,1.028913,118.500000,538.000000,97.436242,,0.295120,,194.872482,
Sample,16/10/2024 16:46:49,23,9344190,5.283228,8388483,0.038720,12871289,10.696000,3153699,1.028886,122.349998,535.200012,100.602265,,0.294641,,201.204529,
Sample,16/10/2024 16:46:50,23,9344211,5.283344,8388477,0.038687,12871244,10.696504,3153593,1.028852,125.869995,528.000000,103.496913,,0.294015,,206.993820,
Sample,16/10/2024 16:46:51,23,9344207,5.283322,8388480,0.038703,12871182,10.697200,3153632,1.028864,130.559998,526.799988,107.353709,,0.294245,,214.707413,
Sample,16/10/2024 16:46:52,23,9344188,5.283217,8388477,0.038687,12871135,10.697727,3153608,1.028856,130.269989,532.500000,107.115222,,0.294103,,214.230438,
Sample,16/10/2024 16:46:53,23,9344181,5.283179,8388480,0.038703,12871080,10.698344,3153511,1.028825,127.269997,531.400024,104.648196,,0.293529,,209.296387,
Sample,16/10/2024 16:46:54,23,9344176,5.283151,8388477,0.038687,12871047,10.698714,3153648,1.028870,124.440002,531.799988,102.320967,,0.294340,,204.641937,
Sample,16/10/2024 16:46:55,23,9344170,5.283118,8388481,0.038709,12870965,10.699634,3153612,1.028858,121.610001,534.099976,99.993732,,0.294127,,199.987457,
Sample,16/10/2024 16:46:56,23,9344163,5.283080,8388476,0.038681,12870891,10.700465,3153626,1.028862,118.869995,535.799988,97.740505,,0.294210,,195.481003,
Sample,16/10/2024 16:46:57,23,9344146,5.282987,8388478,0.038692,12870823,10.701227,3153578,1.028847,117.080002,535.099976,96.268515,,0.293926,,192.537033,
Sample,16/10/2024 16:46:58,23,9344138,5.282943,8388482,0.038714,12870765,10.701878,3153603,1.028855,116.459999,535.099976,95.758659,,0.294074,,191.517319,
Sample,16/10/2024 16:46:59,23,9344171,5.283124,8388479,0.038698,12870707,10.702529,3153554,1.028839,115.930008,532.700012,95.322824,,0.293784,,190.645645,
Sample,16/10/2024 16:47:00,23,9344142,5.282965,8388480,0.038703,12870632,10.703370,3153526,1.028830,114.530006,532.599976,94.171541,,0.293618,,188.343079,
Sample,16/10/2024 16:47:01,23,9344118,5.282833,8388479,0.038698,12870583,10.703920,3153586,1.028849,113.419998,536.200012,93.258732,,0.293973,,186.517471,
Sample,16/10/2024 16:47:02,23,9344103,5.282750,8388479,0.038698,12870512,10.704716,3153591,1.028851,112.419998,532.400024,92.436388,,0.294003,,184.872772,
Sample,16/10/2024 16:47:03,23,9344118,5.282833,8388479,0.038698,12870430,10.705636,3153542,1.028835,111.269997,533.099976,91.490691,,0.293713,,182.981384,
Sample,16/10/2024 16:47:04,23,9344109,5.282783,8388481,0.038709,12870376,10.706242,3153569,1.028844,110.860001,532.200012,91.153534,,0.293873,,182.307068,
Sample,16/10/2024 16:47:05,23,9344100,5.282734,8388481,0.038709,12870328,10.706780,3153527,1.028830,110.269997,530.000000,90.668347,,0.293624,,181.336700,
Sample,16/10/2024 16:47:06,23,9344096,5.282712,8388479,0.038698,12870264,10.707498,3153565,1.028842,109.860001,530.000000,90.331190,,0.293849,,180.662384,
Sample,16/10/2024 16:47:07,23,9344095,5.282706,8388483,0.038720,12870185,10.708385,3153471,1.028811,109.540001,529.000000,90.068040,,0.293293,,180.136078,
Sample,16/10/2024 16:47:08,23,9344099,5.282728,8388482,0.038714,12870132,10.708979,3153532,1.028832,109.309998,531.000000,89.878898,,0.293654,,179.757797,
Sample,16/10/2024 16:47:09,23,9344071,5.282574,8388483,0.038720,12870074,10.709630,3153507,1.028823,109.080002,531.599976,89.689762,,0.293506,,179.379532,
Sample,16/10/2024 16:47:10,23,9344071,5.282574,8388478,0.038692,12870000,10.710460,3153553,1.028838,108.949997,531.500000,89.582853,,0.293778,,179.165710,
Sample,16/10/2024 16:47:11,23,9344085,5.282651,8388479,0.038698,12869943,10.711099,3153616,1.028859,109.440002,531.099976,89.985807,,0.294151,,179.971619,
Sample,16/10/2024 16:47:12,23,9344058,5.282503,8388480,0.038703,12869897,10.711616,3153516,1.028826,110.230003,530.000000,90.635459,,0.293559,,181.270920,
Sample,16/10/2024 16:47:13,23,9344056,5.282492,8388482,0.038714,12869808,10.712614,3153613,1.028858,110.509995,530.099976,90.865708,,0.294133,,181.731415,
Sample,16/10/2024 16:47:14,23,9344047,5.282442,8388482,0.038714,12869756,10.713197,3153536,1.028833,111.209999,528.299988,91.441353,,0.293677,,182.882706,
Sample,16/10/2024 16:47:15,23,9344045,5.282431,8388481,0.038709,12869678,10.714072,3153411,1.028792,111.569992,531.599976,91.737391,,0.292938,,183.474777,
Sample,16/10/2024 16:47:16,23,9344036,5.282382,8388482,0.038714,12869610,10.714835,3153611,1.028857,111.840004,529.700012,91.959434,,0.294121,,183.918869,
Sample,16/10/2024 16:47:17,23,9344038,5.282393,8388482,0.038714,12869543,10.715587,3153445,1.028803,111.389999,530.900024,91.589375,,0.293139,,183.178757,
Sample,16/10/2024 16:47:18,23,9344013,5.282255,8388482,0.038714,12869476,10.716338,3153467,1.028810,111.290001,530.700012,91.507142,,0.293269,,183.014282,
Sample,16/10/2024 16:47:19,23,9344025,5.282321,8388481,0.038709,12869422,10.716944,3153442,1.028802,111.430008,532.299988,91.622276,,0.293121,,183.244553,
Sample,16/10/2024 16:47:20,23,9344004,5.282206,8388480,0.038703,12869348,10.717774,3153521,1.028828,110.699997,533.299988,91.021956,,0.293589,,182.043915,
Sample,16/10/2024 16:47:21,23,9343990,5.282129,8388479,0.038698,12869280,10.718537,3153401,1.028788,110.300003,533.000000,90.693023,,0.292879,,181.386047,
Sample,16/10/2024 16:47:22,23,9343975,5.282046,8388479,0.038698,12869208,10.719345,3153454,1.028806,110.469994,533.000000,90.832814,,0.293192,,181.665634,
Sample,16/10/2024 16:47:23,23,9344007,5.282222,8388481,0.038709,12869155,10.719939,3153424,1.028796,110.610001,533.400024,90.947948,,0.293015,,181.895889,
Sample,16/10/2024 16:47:24,23,9344002,5.282195,8388482,0.038714,12869077,10.720814,3153501,1.028821,110.790001,530.799988,91.095970,,0.293470,,182.191940,
Sample,16/10/2024 16:47:25,23,9343973,5.282035,8388480,0.038703,12868993,10.721757,3153480,1.028814,111.480003,533.400024,91.663389,,0.293346,,183.326782,
Sample,16/10/2024 16:47:26,23,9343961,5.281969,8388481,0.038709,12868907,10.722721,3153557,1.028840,111.440002,531.099976,91.630495,,0.293802,,183.260986,
Sample,16/10/2024 16:47:27,23,9343970,5.282019,8388480,0.038703,12868820,10.723697,3153550,1.028837,111.880005,529.299988,91.992328,,0.293760,,183.984650,
Sample,16/10/2024 16:47:28,23,9343957,5.281947,8388485,0.038731,12868757,10.724404,3153527,1.028830,112.619995,528.500000,92.600855,,0.293624,,185.201706,
Sample,16/10/2024 16:47:29,23,9343951,5.281914,8388480,0.038703,12868687,10.725189,3153648,1.028870,113.480003,528.599976,93.308077,,0.294340,,186.616150,
Sample,16/10/2024 16:47:30,23,9343969,5.282013,8388479,0.038698,12868615,10.725997,3153547,1.028836,114.349998,525.599976,94.023513,,0.293742,,188.047028,
Sample,16/10/2024 16:47:31,23,9343948,5.281898,8388481,0.038709,12868533,10.726917,3153500,1.028821,115.840004,525.400024,95.248810,,0.293464,,190.497620,
Sample,16/10/2024 16:47:32,23,9343927,5.281782,8388482,0.038714,12868442,10.727937,3153567,1.028843,117.550003,524.500000,96.655017,,0.293861,,193.310028,
Sample,16/10/2024 16:47:33,23,9343930,5.281799,8388477,0.038687,12868362,10.728835,3153546,1.028836,117.610001,522.799988,96.704356,,0.293737,,193.408707,
Sample,16/10/2024 16:47:34,23,9343922,5.281755,8388483,0.038720,12868262,10.729957,3153574,1.028845,117.440002,523.500000,96.564559,,0.293902,,193.129120,
Sample,16/10/2024 16:47:35,23,9343922,5.281755,8388477,0.038687,12868179,10.730888,3153545,1.028836,117.280006,523.799988,96.432987,,0.293731,,192.865982,
Sample,16/10/2024 16:47:36,23,9343906,5.281667,8388476,0.038681,12868092,10.731864,3153695,1.028885,117.790001,523.599976,96.852378,,0.294618,,193.704758,
Sample,16/10/2024 16:47:37,23,9343905,5.281662,8388482,0.038714,12868036,10.732492,3153616,1.028859,118.209999,521.400024,97.197761,,0.294151,,194.395523,
Sample,16/10/2024 16:47:38,23,9343901,5.281640,8388481,0.038709,12867935,10.733625,3153559,1.028840,118.550003,522.099976,97.477361,,0.293813,,194.954727,
Sample,16/10/2024 16:47:39,23,9343890,5.281579,8388479,0.038698,12867842,10.734668,3153501,1.028821,118.860001,519.900024,97.732286,,0.293470,,195.464569,
Sample,16/10/2024 16:47:40,23,9343888,5.281568,8388480,0.038703,12867769,10.735487,3153508,1.028824,118.800003,519.000000,97.682947,,0.293512,,195.365891,
Sample,16/10/2024 16:47:41,23,9343869,5.281464,8388480,0.038703,12867685,10.736429,3153567,1.028843,118.009995,519.700012,97.033289,,0.293861,,194.066574,
Sample,16/10/2024 16:47:42,23,9343870,5.281469,8388485,0.038731,12867615,10.737214,3153581,1.028848,118.059998,518.200012,97.074408,,0.293944,,194.148819,
Sample,16/10/2024 16:47:43,23,9343870,5.281469,8388484,0.038725,12867511,10.738381,3153513,1.028825,118.559998,516.900024,97.485580,,0.293541,,194.971161,
Sample,16/10/2024 16:47:44,23,9343859,5.281409,8388481,0.038709,12867458,10.738975,3153424,1.028796,118.090004,517.000000,97.099084,,0.293015,,194.198166,
Sample,16/10/2024 16:47:45,23,9343853,5.281376,8388476,0.038681,12867369,10.739974,3153543,1.028835,117.400002,516.799988,96.531665,,0.293719,,193.063324,
Sample,16/10/2024 16:47:46,23,9343846,5.281337,8388481,0.038709,12867298,10.740770,3153515,1.028826,117.709999,518.299988,96.786589,,0.293553,,193.573181,
Sample,16/10/2024 16:47:47,23,9343847,5.281343,8388477,0.038687,12867237,10.741454,3153553,1.028838,117.959999,516.599976,96.992175,,0.293778,,193.984344,
Sample,16/10/2024 16:47:48,23,9343855,5.281387,8388481,0.038709,12867146,10.742475,3153563,1.028842,118.449997,518.799988,97.395122,,0.293837,,194.790237,
Sample,16/10/2024 16:47:49,23,9343816,5.281172,8388479,0.038698,12867055,10.743496,3153432,1.028799,118.400002,516.500000,97.354009,,0.293062,,194.708023,
Sample,16/10/2024 16:47:50,23,9343824,5.281216,8388482,0.038714,12867002,10.744090,3153510,1.028824,118.290001,518.200012,97.263550,,0.293524,,194.527100,
Sample,16/10/2024 16:47:51,23,9343819,5.281189,8388478,0.038692,12866947,10.744707,3153494,1.028819,118.230003,516.900024,97.214212,,0.293429,,194.428421,
Sample,16/10/2024 16:47:52,23,9343813,5.281156,8388478,0.038692,12866889,10.745358,3153442,1.028802,118.630005,517.900024,97.543150,,0.293121,,195.086304,
Sample,16/10/2024 16:47:53,23,9343799,5.281079,8388478,0.038692,12866807,10.746278,3153504,1.028822,119.240005,517.599976,98.044781,,0.293488,,196.089569,
Sample,16/10/2024 16:47:54,23,9343801,5.281090,8388477,0.038687,12866744,10.746984,3153450,1.028805,120.490005,516.400024,99.072711,,0.293169,,198.145416,
Sample,16/10/2024 16:47:55,23,9343810,5.281139,8388479,0.038698,12866689,10.747601,3153484,1.028816,119.990005,516.500000,98.661539,,0.293370,,197.323074,
Sample,16/10/2024 16:47:56,23,9343792,5.281040,8388480,0.038703,12866621,10.748364,3153429,1.028798,121.309998,516.799988,99.747027,,0.293044,,199.494049,
Sample,16/10/2024 16:47:57,23,9343750,5.280809,8388481,0.038709,12866548,10.749183,3153540,1.028834,122.509995,518.000000,100.733837,,0.293701,,201.467667,
Sample,16/10/2024 16:47:58,23,9343778,5.280963,8388486,0.038736,12866526,10.749430,3153518,1.028827,122.409996,514.500000,100.651604,,0.293571,,201.303207,
Sample,16/10/2024 16:47:59,23,9343781,5.280980,8388480,0.038703,12866459,10.750181,3153565,1.028842,123.440002,516.599976,101.498623,,0.293849,,202.997253,
Sample,16/10/2024 16:48:00,23,9343753,5.280826,8388479,0.038698,12866419,10.750630,3153603,1.028855,123.360001,516.400024,101.432834,,0.294074,,202.865662,
Sample,16/10/2024 16:48:01,23,9343749,5.280804,8388478,0.038692,12866364,10.751247,3153427,1.028797,123.169998,513.799988,101.276587,,0.293032,,202.553177,
Sample,16/10/2024 16:48:02,23,9343755,5.280837,8388476,0.038681,12866316,10.751785,3153482,1.028815,123.930008,514.200012,101.901577,,0.293358,,203.803146,
Sample,16/10/2024 16:48:03,23,9343743,5.280771,8388483,0.038720,12866247,10.752559,3153489,1.028817,123.530006,516.200012,101.572638,,0.293399,,203.145279,
Sample,16/10/2024 16:48:04,23,9343724,5.280666,8388477,0.038687,12866203,10.753053,3153524,1.028829,123.030006,515.900024,101.161466,,0.293606,,202.322937,
Sample,16/10/2024 16:48:05,23,9343727,5.280683,8388476,0.038681,12866169,10.753434,3153601,1.028854,123.290001,515.400024,101.375271,,0.294062,,202.750534,
Sample,16/10/2024 16:48:06,23,9343725,5.280672,8388483,0.038720,12866120,10.753984,3153594,1.028852,123.690002,514.599976,101.704209,,0.294020,,203.408417,
Sample,16/10/2024 16:48:07,23,9343717,5.280628,8388481,0.038709,12866059,10.754668,3153561,1.028841,123.699997,514.700012,101.712428,,0.293825,,203.424850,
Sample,16/10/2024 16:48:08,23,9343704,5.280556,8388480,0.038703,12866012,10.755195,3153532,1.028832,124.040001,512.799988,101.992029,,0.293654,,203.984055,
Sample,16/10/2024 16:48:09,23,9343718,5.280633,8388475,0.038676,12865972,10.755644,3153650,1.028870,124.430008,512.799988,102.312749,,0.294352,,204.625504,
Sample,16/10/2024 16:48:10,23,9343695,5.280507,8388480,0.038703,12865926,10.756160,3153593,1.028852,125.349998,514.599976,103.069297,,0.294015,,206.138596,
Sample,16/10/2024 16:48:11,23,9343682,5.280435,8388479,0.038698,12865860,10.756900,3153583,1.028848,125.940002,514.599976,103.554484,,0.293955,,207.108963,
Sample,16/10/2024 16:48:12,23,9343702,5.280545,8388476,0.038681,12865836,10.757169,3153576,1.028846,126.330002,514.799988,103.875197,,0.293914,,207.750397,
Sample,16/10/2024 16:48:13,23,9343684,5.280446,8388481,0.038709,12865788,10.757708,3153513,1.028825,126.650002,514.099976,104.138347,,0.293541,,208.276688,
Sample,16/10/2024 16:48:14,23,9343673,5.280386,8388485,0.038731,12865742,10.758224,3153549,1.028837,126.930008,513.200012,104.368609,,0.293754,,208.737213,
Sample,16/10/2024 16:48:15,23,9343653,5.280276,8388480,0.038703,12865700,10.758695,3153544,1.028835,127.659996,513.299988,104.968910,,0.293725,,209.937820,
Sample,16/10/2024 16:48:16,23,9343667,5.280353,8388479,0.038698,12865648,10.759278,3153558,1.028840,127.110001,513.900024,104.516625,,0.293808,,209.033249,
Sample,16/10/2024 16:48:17,23,9343666,5.280348,8388480,0.038703,12865599,10.759828,3153571,1.028844,125.919998,512.900024,103.538033,,0.293884,,207.076065,
Sample,16/10/2024 16:48:18,23,9343629,5.280144,8388477,0.038687,12865556,10.760310,3153621,1.028861,126.230003,514.200012,103.792964,,0.294180,,207.585922,
Sample,16/10/2024 16:48:19,23,9343657,5.280298,8388480,0.038703,12865533,10.760568,3153578,1.028847,126.759995,514.599976,104.228799,,0.293926,,208.457596,
Sample,16/10/2024 16:48:20,23,9343641,5.280210,8388482,0.038714,12865483,10.761129,3153499,1.028821,127.159996,514.500000,104.557738,,0.293458,,209.115479,
Sample,16/10/2024 16:48:21,23,9343624,5.280117,8388483,0.038720,12865433,10.761690,3153551,1.028838,127.230003,515.700012,104.615308,,0.293766,,209.230621,
Sample,16/10/2024 16:48:22,23,9343625,5.280122,8388478,0.038692,12865388,10.762194,3153711,1.028890,127.050003,516.400024,104.467286,,0.294712,,208.934570,
Sample,16/10/2024 16:48:23,23,9343623,5.280111,8388479,0.038698,12865354,10.762576,3153534,1.028832,126.769997,516.599976,104.237024,,0.293666,,208.474045,
Sample,16/10/2024 16:48:24,23,9343615,5.280067,8388480,0.038703,12865290,10.763294,3153598,1.028853,126.580002,514.500000,104.080783,,0.294044,,208.161560,
Sample,16/10/2024 16:48:25,23,9343590,5.279930,8388479,0.038698,12865258,10.763652,3153587,1.028850,125.509995,511.799988,103.200869,,0.293979,,206.401733,
Sample,16/10/2024 16:48:26,23,9343578,5.279864,8388478,0.038692,12865212,10.764168,3153533,1.028832,124.800003,514.400024,102.617012,,0.293660,,205.234024,
Sample,16/10/2024 16:48:27,23,9343609,5.280034,8388477,0.038687,12865168,10.764662,3153554,1.028839,124.190002,512.700012,102.115381,,0.293784,,204.230759,
Sample,16/10/2024 16:48:28,23,9343590,5.279930,8388480,0.038703,12865148,10.764886,3153560,1.028841,122.990005,512.299988,101.128571,,0.293819,,202.257141,
Sample,16/10/2024 16:48:29,23,9343578,5.279864,8388474,0.038670,12865109,10.765324,3153465,1.028809,121.949997,511.700012,100.273326,,0.293257,,200.546646,
Sample,16/10/2024 16:48:30,23,9343578,5.279864,8388485,0.038731,12865063,10.765840,3153548,1.028837,121.219994,513.099976,99.673012,,0.293748,,199.346024,
Sample,16/10/2024 16:48:31,23,9343572,5.279831,8388482,0.038714,12865024,10.766277,3153614,1.028858,120.480003,512.700012,99.064486,,0.294139,,198.128967,
Sample,16/10/2024 16:48:32,23,9343546,5.279688,8388482,0.038714,12865001,10.766535,3153621,1.028861,119.880005,511.700012,98.571081,,0.294180,,197.142166,
Sample,16/10/2024 16:48:33,23,9343559,5.279759,8388479,0.038698,12864968,10.766905,3153568,1.028843,119.080002,512.700012,97.913203,,0.293867,,195.826401,
Sample,16/10/2024 16:48:34,23,9343548,5.279699,8388480,0.038703,12864926,10.767376,3153590,1.028851,118.409996,512.400024,97.362227,,0.293997,,194.724457,
Sample,16/10/2024 16:48:35,23,9343563,5.279781,8388481,0.038709,12864897,10.767702,3153623,1.028861,118.040001,515.599976,97.057964,,0.294192,,194.115921,
Sample,16/10/2024 16:48:36,23,9343541,5.279660,8388481,0.038709,12864870,10.768004,3153550,1.028837,117.930008,513.700012,96.967512,,0.293760,,193.935028,
Sample,16/10/2024 16:48:37,23,9343534,5.279622,8388477,0.038687,12864858,10.768139,3153634,1.028865,117.709999,516.299988,96.786589,,0.294257,,193.573181,
Sample,16/10/2024 16:48:38,23,9343529,5.279594,8388479,0.038698,12864806,10.768722,3153532,1.028832,117.680008,515.900024,96.761926,,0.293654,,193.523849,
Sample,16/10/2024 16:48:39,23,9343527,5.279583,8388481,0.038709,12864797,10.768823,3153462,1.028809,117.680008,513.900024,96.761926,,0.293240,,193.523849,
Sample,16/10/2024 16:48:40,23,9343507,5.279473,8388481,0.038709,12864746,10.769395,3153547,1.028836,118.009995,516.900024,97.033289,,0.293742,,194.066574,
Sample,16/10/2024 16:48:41,23,9343506,5.279468,8388482,0.038714,12864694,10.769978,3153567,1.028843,118.139999,517.400024,97.140197,,0.293861,,194.280396,
Sample,16/10/2024 16:48:42,23,9343517,5.279528,8388479,0.038698,12864673,10.770214,3153589,1.028850,118.490005,518.200012,97.428023,,0.293991,,194.856049,
Sample,16/10/2024 16:48:43,23,9343501,5.279440,8388480,0.038703,12864657,10.770393,3153617,1.028859,118.319992,516.299988,97.288213,,0.294157,,194.576431,
Sample,16/10/2024 16:48:44,23,9343481,5.279330,8388483,0.038720,12864656,10.770405,3153562,1.028841,118.150002,516.599976,97.148423,,0.293831,,194.296844,
Sample,16/10/2024 16:48:45,23,9343476,5.279303,8388481,0.038709,12864638,10.770607,3153692,1.028884,118.069992,516.099976,97.082627,,0.294600,,194.165253,
Sample,16/10/2024 16:48:46,23,9343480,5.279325,8388477,0.038687,12864600,10.771033,3153665,1.028875,117.740005,518.500000,96.811265,,0.294440,,193.622528,
Sample,16/10/2024 16:48:47,23,9343476,5.279303,8388479,0.038698,12864581,10.771246,3153646,1.028869,117.530006,514.299988,96.638573,,0.294328,,193.277145,
Sample,16/10/2024 16:48:48,23,9343452,5.279171,8388480,0.038703,12864560,10.771481,3153750,1.028903,117.290001,515.700012,96.441206,,0.294943,,192.882416,
Sample,16/10/2024 16:48:49,23,9343457,5.279198,8388477,0.038687,12864539,10.771717,3153747,1.028902,117.190002,514.099976,96.358973,,0.294925,,192.717941,
Sample,16/10/2024 16:48:50,23,9343440,5.279105,8388480,0.038703,12864510,10.772042,3153638,1.028866,117.219994,517.000000,96.383636,,0.294281,,192.767273,
Sample,16/10/2024 16:48:51,23,9343430,5.279050,8388480,0.038703,12864480,10.772379,3153577,1.028846,117.150002,516.299988,96.326078,,0.293920,,192.652161,
Sample,16/10/2024 16:48:52,23,9343439,5.279100,8388478,0.038692,12864485,10.772323,3153587,1.028850,117.750000,516.900024,96.819484,,0.293979,,193.638962,
Sample,16/10/2024 16:48:53,23,9343442,5.279116,8388486,0.038736,12864452,10.772693,3153537,1.028833,118.449997,518.200012,97.395122,,0.293683,,194.790237,
Sample,16/10/2024 16:48:54,23,9343433,5.279067,8388482,0.038714,12864443,10.772794,3153611,1.028857,118.849998,515.599976,97.724061,,0.294121,,195.448120,
Sample,16/10/2024 16:48:55,23,9343423,5.279012,8388473,0.038665,12864407,10.773198,3153608,1.028856,119.300003,514.500000,98.094119,,0.294103,,196.188232,
Sample,16/10/2024 16:48:56,23,9343399,5.278880,8388477,0.038687,12864394,10.773343,3153556,1.028839,118.990005,516.200012,97.839195,,0.293796,,195.678391,
Sample,16/10/2024 16:48:57,23,9343406,5.278918,8388477,0.038687,12864384,10.773456,3153640,1.028867,119.180008,515.700012,97.995442,,0.294293,,195.990891,
Sample,16/10/2024 16:48:58,23,9343389,5.278825,8388479,0.038698,12864366,10.773657,3153569,1.028844,119.769997,517.000000,98.480616,,0.293873,,196.961227,
Sample,16/10/2024 16:48:59,23,9343415,5.278968,8388486,0.038736,12864352,10.773814,3153738,1.028899,119.500000,516.000000,98.258586,,0.294872,,196.517166,
Sample,16/10/2024 16:49:00,23,9343369,5.278715,8388480,0.038703,12864324,10.774128,3153570,1.028844,119.530006,515.200012,98.283261,,0.293879,,196.566528,
Sample,16/10/2024 16:49:01,23,9343387,5.278814,8388483,0.038720,12864310,10.774286,3153651,1.028871,119.569992,515.500000,98.316143,,0.294358,,196.632294,
Sample,16/10/2024 16:49:02,23,9343377,5.278759,8388480,0.038703,12864298,10.774420,3153631,1.028864,119.409996,514.400024,98.184572,,0.294239,,196.369141,
Sample,16/10/2024 16:49:03,23,9343361,5.278671,8388478,0.038692,12864277,10.774656,3153676,1.028879,119.389999,515.700012,98.168127,,0.294505,,196.336258,
Sample,16/10/2024 16:49:04,23,9343358,5.278654,8388480,0.038703,12864268,10.774757,3153687,1.028882,119.459999,513.599976,98.225691,,0.294571,,196.451385,
Sample,16/10/2024 16:49:05,23,9343359,5.278660,8388480,0.038703,12864252,10.774936,3153594,1.028852,119.750000,515.799988,98.464172,,0.294020,,196.928345,
Sample,16/10/2024 16:49:06,23,9343367,5.278704,8388479,0.038698,12864226,10.775228,3153581,1.028848,120.040001,516.000000,98.702652,,0.293944,,197.405304,
Sample,16/10/2024 16:49:07,23,9343335,5.278528,8388477,0.038687,12864215,10.775351,3153578,1.028847,120.169998,514.200012,98.809555,,0.293926,,197.619110,
Sample,16/10/2024 16:49:08,23,9343344,5.278577,8388477,0.038687,12864194,10.775587,3153621,1.028861,119.750000,513.099976,98.464172,,0.294180,,196.928345,
Sample,16/10/2024 16:49:09,23,9343337,5.278539,8388479,0.038698,12864205,10.775463,3153563,1.028842,120.050003,514.700012,98.710878,,0.293837,,197.421753,
Sample,16/10/2024 16:49:10,23,9343308,5.278379,8388480,0.038703,12864164,10.775923,3153663,1.028875,120.099998,512.900024,98.751991,,0.294429,,197.503983,
Sample,16/10/2024 16:49:11,23,9343334,5.278522,8388484,0.038725,12864137,10.776226,3153619,1.028860,119.500000,512.900024,98.258586,,0.294168,,196.517166,
Sample,16/10/2024 16:49:12,23,9343318,5.278434,8388478,0.038692,12864122,10.776394,3153642,1.028868,119.269997,513.400024,98.069444,,0.294304,,196.138885,
Sample,16/10/2024 16:49:13,23,9343312,5.278401,8388481,0.038709,12864134,10.776260,3153608,1.028856,119.469994,513.200012,98.233910,,0.294103,,196.467819,
Sample,16/10/2024 16:49:14,23,9343303,5.278352,8388479,0.038698,12864104,10.776596,3153673,1.028878,119.650002,514.900024,98.381939,,0.294488,,196.763870,
Sample,16/10/2024 16:49:15,23,9343309,5.278385,8388480,0.038703,12864082,10.776843,3153679,1.028880,119.290001,514.200012,98.085894,,0.294523,,196.171783,
Sample,16/10/2024 16:49:16,23,9343284,5.278247,8388477,0.038687,12864065,10.777033,3153711,1.028890,118.430008,514.900024,97.378684,,0.294712,,194.757370,
Sample,16/10/2024 16:49:17,23,9343286,5.278258,8388478,0.038692,12864037,10.777348,3153674,1.028878,118.110001,515.799988,97.115528,,0.294494,,194.231049,
Sample,16/10/2024 16:49:18,23,9343268,5.278159,8388480,0.038703,12864027,10.777460,3153690,1.028883,118.409996,515.200012,97.362227,,0.294588,,194.724457,
Sample,16/10/2024 16:49:19,23,9343255,5.278088,8388480,0.038703,12864027,10.777460,3153727,1.028896,118.040001,513.299988,97.057964,,0.294807,,194.115921,
Sample,16/10/2024 16:49:20,23,9343272,5.278181,8388480,0.038703,12863998,10.777785,3153642,1.028868,116.360001,513.400024,95.676426,,0.294304,,191.352844,
Sample,16/10/2024 16:49:21,23,9343262,5.278126,8388481,0.038709,12863976,10.778032,3153676,1.028879,115.059998,515.000000,94.607376,,0.294505,,189.214752,
Sample,16/10/2024 16:49:22,23,9343240,5.278005,8388479,0.038698,12863965,10.778155,3153612,1.028858,114.590004,513.799988,94.220880,,0.294127,,188.441757,
Sample,16/10/2024 16:49:23,23,9343245,5.278033,8388479,0.038698,12863953,10.778290,3153651,1.028871,112.919998,517.000000,92.847560,,0.294358,,185.695114,
Sample,16/10/2024 16:49:24,23,9343249,5.278055,8388477,0.038687,12863942,10.778413,3153594,1.028852,111.690002,516.299988,91.836081,,0.294020,,183.672165,
Sample,16/10/2024 16:49:25,23,9343230,5.277950,8388479,0.038698,12863925,10.778604,3153632,1.028864,110.880005,514.000000,91.169984,,0.294245,,182.339966,
Sample,16/10/2024 16:49:26,23,9343206,5.277818,8388476,0.038681,12863922,10.778637,3153717,1.028892,109.940002,514.099976,90.396979,,0.294748,,180.793961,
Sample,16/10/2024 16:49:27,23,9343230,5.277950,8388480,0.038703,12863903,10.778850,3153630,1.028864,109.480003,513.599976,90.018701,,0.294233,,180.037399,
Sample,16/10/2024 16:49:28,23,9343213,5.277857,8388479,0.038698,12863896,10.778929,3153644,1.028868,109.250000,515.200012,89.829559,,0.294316,,179.659119,
Sample,16/10/2024 16:49:29,23,9343216,5.277873,8388482,0.038714,12863891,10.778985,3153768,1.028909,108.949997,516.500000,89.582853,,0.295049,,179.165710,
Sample,16/10/2024 16:49:30,23,9343199,5.277780,8388480,0.038703,12863880,10.779108,3153739,1.028900,108.530006,515.200012,89.237477,,0.294878,,178.474960,
Sample,16/10/2024 16:49:31,23,9343201,5.277791,8388477,0.038687,12863869,10.779232,3153743,1.028901,108.530006,513.700012,89.237477,,0.294902,,178.474960,
Sample,16/10/2024 16:49:32,23,9343183,5.277692,8388485,0.038731,12863856,10.779378,3153655,1.028872,108.490005,512.700012,89.204582,,0.294381,,178.409164,
Sample,16/10/2024 16:49:33,23,9343170,5.277621,8388477,0.038687,12863848,10.779467,3153681,1.028880,109.050003,515.500000,89.665093,,0.294535,,179.330185,
Sample,16/10/2024 16:49:34,23,9343161,5.277571,8388478,0.038692,12863809,10.779905,3153700,1.028887,109.409996,515.000000,89.961131,,0.294647,,179.922256,
Sample,16/10/2024 16:49:35,23,9343189,5.277725,8388478,0.038692,12863816,10.779826,3153669,1.028877,109.860001,515.599976,90.331190,,0.294464,,180.662384,
Sample,16/10/2024 16:49:36,23,9343178,5.277665,8388479,0.038698,12863820,10.779781,3153653,1.028871,110.990005,514.000000,91.260442,,0.294369,,182.520889,
Sample,16/10/2024 16:49:37,23,9343161,5.277571,8388479,0.038698,12863798,10.780028,3153655,1.028872,111.360001,515.400024,91.564706,,0.294381,,183.129410,
Sample,16/10/2024 16:49:38,23,9343153,5.277527,8388480,0.038703,12863790,10.780118,3153620,1.028860,111.209999,512.000000,91.441353,,0.294174,,182.882706,
Sample,16/10/2024 16:49:39,23,9343147,5.277494,8388481,0.038709,12863775,10.780286,3153629,1.028863,111.389999,514.700012,91.589375,,0.294227,,183.178757,
Sample,16/10/2024 16:49:40,23,9343134,5.277423,8388478,0.038692,12863756,10.780499,3153635,1.028865,111.069992,515.400024,91.326219,,0.294263,,182.652435,
Sample,16/10/2024 16:49:41,23,9343137,5.277439,8388481,0.038709,12863755,10.780510,3153645,1.028869,111.219994,514.599976,91.449572,,0.294322,,182.899139,
Sample,16/10/2024 16:49:42,23,9343128,5.277390,8388480,0.038703,12863759,10.780466,3153605,1.028856,111.280006,513.500000,91.498923,,0.294086,,182.997849,
Sample,16/10/2024 16:49:43,23,9343139,5.277450,8388478,0.038692,12863752,10.780544,3153689,1.028883,111.610001,514.700012,91.770292,,0.294582,,183.540588,
Sample,16/10/2024 16:49:44,23,9343121,5.277351,8388479,0.038698,12863739,10.780690,3153596,1.028853,111.569992,516.500000,91.737391,,0.294032,,183.474777,
Sample,16/10/2024 16:49:45,23,9343111,5.277296,8388488,0.038747,12863747,10.780600,3153661,1.028874,111.130005,516.599976,91.375570,,0.294417,,182.751144,
Sample,16/10/2024 16:49:46,23,9343077,5.277109,8388476,0.038681,12863731,10.780780,3153555,1.028839,110.110001,516.799988,90.536776,,0.293790,,181.073547,
Sample,16/10/2024 16:49:47,23,9343121,5.277351,8388481,0.038709,12863712,10.780993,3153710,1.028890,109.669998,514.599976,90.174942,,0.294707,,180.349884,
Sample,16/10/2024 16:49:48,23,9343090,5.277181,8388483,0.038720,12863712,10.780993,3153821,1.028926,109.360001,514.799988,89.920017,,0.295363,,179.840042,
Sample,16/10/2024 16:49:49,23,9343081,5.277131,8388479,0.038698,12863693,10.781206,3153732,1.028897,108.619995,514.700012,89.311478,,0.294837,,178.622955,
Sample,16/10/2024 16:49:50,23,9343064,5.277038,8388478,0.038692,12863702,10.781105,3153734,1.028898,108.240005,516.500000,88.998996,,0.294848,,177.997986,
Sample,16/10/2024 16:49:51,23,9343083,5.277142,8388487,0.038742,12863714,10.780970,3153738,1.028899,107.780006,515.700012,88.620719,,0.294872,,177.241440,
Sample,16/10/2024 16:49:52,23,9343067,5.277054,8388483,0.038720,12863738,10.780701,3153854,1.028937,107.409996,513.900024,88.316443,,0.295558,,176.632889,
Sample,16/10/2024 16:49:53,23,9343040,5.276906,8388485,0.038731,12863706,10.781060,3153694,1.028885,107.130005,513.500000,88.086194,,0.294612,,176.172394,
Sample,16/10/2024 16:49:54,23,9343066,5.277049,8388476,0.038681,12863731,10.780780,3153709,1.028890,106.889999,515.599976,87.888827,,0.294701,,175.777649,
Sample,16/10/2024 16:49:55,23,9343063,5.277032,8388481,0.038709,12863713,10.780982,3153858,1.028939,106.540001,514.900024,87.601007,,0.295582,,175.202011,
Sample,16/10/2024 16:49:56,23,9343028,5.276840,8388475,0.038676,12863715,10.780959,3153745,1.028902,106.250000,514.200012,87.362527,,0.294913,,174.725052,
Sample,16/10/2024 16:49:57,23,9343010,5.276741,8388482,0.038714,12863720,10.780903,3153744,1.028901,106.000000,514.000000,87.156941,,0.294908,,174.313889,
Sample,16/10/2024 16:49:58,23,9343030,5.276851,8388480,0.038703,12863725,10.780847,3153824,1.028927,105.969994,512.299988,87.132265,,0.295381,,174.264526,
Sample,16/10/2024 16:49:59,23,9343018,5.276785,8388480,0.038703,12863734,10.780746,3153762,1.028907,105.869995,512.599976,87.050032,,0.295014,,174.100067,
Sample,16/10/2024 16:50:00,23,9343012,5.276752,8388481,0.038709,12863715,10.780959,3153773,1.028911,105.809998,511.700012,87.000694,,0.295079,,174.001389,
Sample,16/10/2024 16:50:01,23,9343023,5.276812,8388475,0.038676,12863712,10.780993,3153766,1.028908,105.880005,510.399994,87.058264,,0.295038,,174.116531,
Sample,16/10/2024 16:50:02,23,9343002,5.276697,8388481,0.038709,12863720,10.780903,3153661,1.028874,105.869995,512.299988,87.050032,,0.294417,,174.100067,
Sample,16/10/2024 16:50:03,23,9342984,5.276598,8388478,0.038692,12863727,10.780824,3153698,1.028886,105.769997,513.099976,86.967799,,0.294636,,173.935593,
Sample,16/10/2024 16:50:04,23,9343001,5.276691,8388481,0.038709,12863746,10.780611,3153768,1.028909,105.780006,511.000000,86.976030,,0.295049,,173.952057,
Sample,16/10/2024 16:50:05,23,9342991,5.276636,8388482,0.038714,12863739,10.780690,3153682,1.028881,105.969994,512.400024,87.132265,,0.294541,,174.264526,
Sample,16/10/2024 16:50:06,23,9342971,5.276526,8388488,0.038747,12863757,10.780488,3153639,1.028867,106.080002,511.200012,87.222730,,0.294287,,174.445465,
Sample,16/10/2024 16:50:07,23,9342966,5.276499,8388481,0.038709,12863754,10.780522,3153722,1.028894,105.830002,511.700012,87.017144,,0.294777,,174.034286,
Sample,16/10/2024 16:50:08,23,9342978,5.276565,8388477,0.038687,12863759,10.780466,3153741,1.028900,105.440002,510.000000,86.696430,,0.294890,,173.392868,
Sample,16/10/2024 16:50:09,23,9342963,5.276483,8388480,0.038703,12863739,10.780690,3153693,1.028884,105.150002,510.600006,86.457950,,0.294606,,172.915894,
Sample,16/10/2024 16:50:10,23,9342940,5.276356,8388481,0.038709,12863771,10.780331,3153688,1.028883,105.130005,510.500000,86.441506,,0.294576,,172.883011,
Sample,16/10/2024 16:50:11,23,9342967,5.276505,8388479,0.038698,12863789,10.780129,3153812,1.028924,105.099998,511.000000,86.416830,,0.295310,,172.833664,
Sample,16/10/2024 16:50:12,23,9342938,5.276345,8388479,0.038698,12863776,10.780275,3153670,1.028877,104.930008,511.399994,86.277039,,0.294470,,172.554077,
Sample,16/10/2024 16:50:13,23,9342930,5.276301,8388484,0.038725,12863801,10.779994,3153824,1.028927,104.590004,513.099976,85.997439,,0.295381,,171.994873,
Sample,16/10/2024 16:50:14,23,9342921,5.276252,8388481,0.038709,12863774,10.780297,3153810,1.028923,104.180008,512.200012,85.660281,,0.295298,,171.320557,
Sample,16/10/2024 16:50:15,23,9342923,5.276263,8388475,0.038676,12863785,10.780174,3153843,1.028934,103.869995,513.500000,85.405344,,0.295493,,170.810684,
Sample,16/10/2024 16:50:16,23,9342910,5.276191,8388478,0.038692,12863820,10.779781,3153706,1.028889,103.590004,511.799988,85.175095,,0.294683,,170.350189,
Sample,16/10/2024 16:50:17,23,9342907,5.276175,8388476,0.038681,12863838,10.779580,3153846,1.028935,103.380005,510.200012,85.002403,,0.295511,,170.004807,
Sample,16/10/2024 16:50:18,23,9342890,5.276081,8388478,0.038692,12863846,10.779490,3153834,1.028931,103.280006,511.299988,84.920170,,0.295440,,169.840347,
Sample,16/10/2024 16:50:19,23,9342901,5.276142,8388478,0.038692,12863852,10.779422,3153785,1.028915,103.319992,512.599976,84.953052,,0.295150,,169.906097,
Sample,16/10/2024 16:50:20,23,9342900,5.276136,8388480,0.038703,12863873,10.779187,3153775,1.028911,103.409996,513.099976,85.027067,,0.295091,,170.054138,
Sample,16/10/2024 16:50:21,23,9342881,5.276032,8388480,0.038703,12863895,10.778940,3153820,1.028926,103.619995,510.899994,85.199758,,0.295357,,170.399521,
Sample,16/10/2024 16:50:22,23,9342868,5.275960,8388482,0.038714,12863871,10.779209,3153732,1.028897,103.769997,512.099976,85.323111,,0.294837,,170.646225,
Sample,16/10/2024 16:50:23,23,9342889,5.276076,8388483,0.038720,12863893,10.778963,3153786,1.028915,103.669998,511.399994,85.240878,,0.295156,,170.481750,
Sample,16/10/2024 16:50:24,23,9342878,5.276015,8388479,0.038698,12863908,10.778794,3153806,1.028922,103.690002,511.000000,85.257328,,0.295274,,170.514664,
Sample,16/10/2024 16:50:25,23,9342846,5.275839,8388485,0.038731,12863952,10.778301,3153733,1.028898,103.659996,511.100006,85.232653,,0.294843,,170.465302,
Sample,16/10/2024 16:50:26,23,9342863,5.275933,8388480,0.038703,12863940,10.778435,3153737,1.028899,103.599998,510.600006,85.183314,,0.294866,,170.366623,
Sample,16/10/2024 16:50:27,23,9342838,5.275795,8388480,0.038703,12863959,10.778222,3153693,1.028884,103.709999,511.299988,85.273772,,0.294606,,170.547546,
Sample,16/10/2024 16:50:28,23,9342841,5.275812,8388481,0.038709,12863979,10.777998,3153674,1.028878,103.790001,511.799988,85.339561,,0.294494,,170.679123,
Sample,16/10/2024 16:50:29,23,9342847,5.275845,8388481,0.038709,12864000,10.777763,3153734,1.028898,103.869995,511.100006,85.405344,,0.294848,,170.810684,
Sample,16/10/2024 16:50:30,23,9342841,5.275812,8388481,0.038709,12864019,10.777549,3153694,1.028885,103.869995,510.000000,85.405344,,0.294612,,170.810684,
Sample,16/10/2024 16:50:31,23,9342807,5.275625,8388479,0.038698,12864029,10.777437,3153753,1.028904,103.830002,510.100006,85.372456,,0.294961,,170.744919,
Sample,16/10/2024 16:50:32,23,9342808,5.275630,8388476,0.038681,12864031,10.777415,3153700,1.028887,103.959999,511.399994,85.479358,,0.294647,,170.958710,
Sample,16/10/2024 16:50:33,23,9342810,5.275641,8388480,0.038703,12864066,10.777022,3153738,1.028899,104.219994,510.700012,85.693163,,0.294872,,171.386322,
Sample,16/10/2024 16:50:34,23,9342792,5.275542,8388481,0.038709,12864079,10.776876,3153746,1.028902,104.490005,510.500000,85.915206,,0.294919,,171.830414,
Sample,16/10/2024 16:50:35,23,9342807,5.275625,8388482,0.038714,12864099,10.776652,3153680,1.028880,104.680008,511.399994,86.071453,,0.294529,,172.142914,
Sample,16/10/2024 16:50:36,23,9342794,5.275553,8388480,0.038703,12864140,10.776192,3153728,1.028896,104.849998,510.500000,86.211244,,0.294813,,172.422485,
Sample,16/10/2024 16:50:37,23,9342777,5.275460,8388484,0.038725,12864148,10.776103,3153762,1.028907,104.849998,511.399994,86.211244,,0.295014,,172.422485,
Sample,16/10/2024 16:50:38,23,9342775,5.275449,8388484,0.038725,12864163,10.775934,3153695,1.028885,104.869995,511.700012,86.227688,,0.294618,,172.455383,
Sample,16/10/2024 16:50:39,23,9342777,5.275460,8388481,0.038709,12864174,10.775811,3153678,1.028879,104.759995,510.000000,86.137230,,0.294517,,172.274460,
Sample,16/10/2024 16:50:40,23,9342752,5.275322,8388477,0.038687,12864212,10.775385,3153721,1.028894,104.750000,508.899994,86.129011,,0.294772,,172.258026,
Sample,16/10/2024 16:50:41,23,9342781,5.275482,8388481,0.038709,12864212,10.775385,3153705,1.028888,104.830002,511.000000,86.194800,,0.294677,,172.389603,
Sample,16/10/2024 16:50:42,23,9342764,5.275388,8388484,0.038725,12864257,10.774880,3153686,1.028882,104.730003,510.799988,86.112567,,0.294565,,172.225128,
Sample,16/10/2024 16:50:43,23,9342744,5.275278,8388485,0.038731,12864276,10.774667,3153730,1.028897,104.639999,511.200012,86.038552,,0.294825,,172.077103,
Sample,16/10/2024 16:50:44,23,9342753,5.275328,8388480,0.038703,12864280,10.774622,3153761,1.028907,104.389999,509.000000,85.832966,,0.295008,,171.665939,
Sample,16/10/2024 16:50:45,23,9342739,5.275251,8388478,0.038692,12864307,10.774319,3153742,1.028901,104.300003,511.600006,85.758959,,0.294896,,171.517914,
Sample,16/10/2024 16:50:46,23,9342725,5.275174,8388478,0.038692,12864329,10.774072,3153752,1.028904,104.209999,512.000000,85.684944,,0.294955,,171.369888,
Sample,16/10/2024 16:50:47,23,9342727,5.275185,8388477,0.038687,12864347,10.773871,3153829,1.028929,103.930008,510.500000,85.454695,,0.295410,,170.909393,
Sample,16/10/2024 16:50:48,23,9342725,5.275174,8388481,0.038709,12864389,10.773399,3153815,1.028925,103.610001,510.600006,85.191539,,0.295327,,170.383072,
Sample,16/10/2024 16:50:49,23,9342699,5.275031,8388481,0.038709,12864403,10.773242,3153825,1.028928,103.219994,510.600006,84.870819,,0.295386,,169.741638,
Sample,16/10/2024 16:50:50,23,9342708,5.275081,8388481,0.038709,12864423,10.773018,3153843,1.028934,103.119995,510.799988,84.788586,,0.295493,,169.577179,
Sample,16/10/2024 16:50:51,23,9342677,5.274910,8388483,0.038720,12864460,10.772603,3153827,1.028928,102.969994,509.500000,84.665233,,0.295398,,169.330460,
Sample,16/10/2024 16:50:52,23,9342698,5.275026,8388477,0.038687,12864470,10.772491,3153713,1.028891,102.900002,511.299988,84.607676,,0.294724,,169.215347,
Sample,16/10/2024 16:50:53,23,9342696,5.275015,8388480,0.038703,12864484,10.772334,3153672,1.028878,102.819992,511.100006,84.541880,,0.294482,,169.083755,
Sample,16/10/2024 16:50:54,23,9342679,5.274921,8388479,0.038698,12864509,10.772053,3153816,1.028925,102.599998,510.100006,84.360970,,0.295333,,168.721939,
Sample,16/10/2024 16:50:55,23,9342675,5.274899,8388479,0.038698,12864534,10.771773,3153803,1.028921,102.459999,510.700012,84.245842,,0.295256,,168.491684,
Sample,16/10/2024 16:50:56,23,9342676,5.274905,8388488,0.038747,12864556,10.771526,3153731,1.028897,102.419998,511.000000,84.212948,,0.294831,,168.425888,
Sample,16/10/2024 16:50:57,23,9342630,5.274652,8388479,0.038698,12864603,10.770999,3153837,1.028932,102.240005,512.099976,84.064932,,0.295457,,168.129868,
Sample,16/10/2024 16:50:58,23,9342653,5.274778,8388482,0.038714,12864621,10.770797,3153779,1.028913,102.240005,510.000000,84.064932,,0.295115,,168.129868,
Sample,16/10/2024 16:50:59,23,9342653,5.274778,8388481,0.038709,12864647,10.770506,3153749,1.028903,102.180000,511.600006,84.015587,,0.294937,,168.031174,
Sample,16/10/2024 16:51:00,23,9342666,5.274850,8388485,0.038731,12864667,10.770281,3153783,1.028914,101.970001,511.200012,83.842895,,0.295138,,167.685791,
Sample,16/10/2024 16:51:01,23,9342656,5.274795,8388479,0.038698,12864687,10.770057,3153871,1.028943,101.870003,510.500000,83.760662,,0.295658,,167.521332,
Sample,16/10/2024 16:51:02,23,9342626,5.274630,8388482,0.038714,12864711,10.769788,3153775,1.028911,101.800003,511.399994,83.703098,,0.295091,,167.406204,
Sample,16/10/2024 16:51:03,23,9342614,5.274564,8388480,0.038703,12864730,10.769575,3153841,1.028933,101.590004,513.200012,83.530407,,0.295481,,167.060806,
Sample,16/10/2024 16:51:04,23,9342616,5.274575,8388481,0.038709,12864768,10.769148,3153870,1.028943,101.430000,510.500000,83.398829,,0.295652,,166.797653,
Sample,16/10/2024 16:51:05,23,9342601,5.274492,8388486,0.038736,12864805,10.768733,3153817,1.028925,101.169998,510.600006,83.185018,,0.295339,,166.370041,
Sample,16/10/2024 16:51:06,23,9342626,5.274630,8388484,0.038725,12864822,10.768543,3153970,1.028975,100.909996,509.600006,82.971206,,0.296244,,165.942413,
Sample,16/10/2024 16:51:07,23,9342617,5.274580,8388478,0.038692,12864850,10.768229,3153808,1.028922,100.669998,510.500000,82.773846,,0.295286,,165.547684,
Sample,16/10/2024 16:51:08,23,9342575,5.274349,8388483,0.038720,12864873,10.767971,3153858,1.028939,100.500000,510.500000,82.634049,,0.295582,,165.268097,
Sample,16/10/2024 16:51:09,23,9342589,5.274426,8388480,0.038703,12864908,10.767578,3153964,1.028973,100.180000,511.799988,82.370899,,0.296208,,164.741791,
Sample,16/10/2024 16:51:10,23,9342567,5.274305,8388479,0.038698,12864928,10.767354,3153847,1.028935,100.029999,509.100006,82.247546,,0.295517,,164.495087,
Sample,16/10/2024 16:51:11,23,9342572,5.274333,8388481,0.038709,12864961,10.766984,3153808,1.028922,99.964005,509.799988,82.193276,,0.295286,,164.386551,
Sample,16/10/2024 16:51:12,23,9342584,5.274399,8388480,0.038703,12865010,10.766434,3153778,1.028912,99.789001,509.500000,82.049363,,0.295109,,164.098724,
Sample,16/10/2024 16:51:13,23,9342577,5.274360,8388479,0.038698,12865013,10.766400,3153782,1.028914,99.707993,509.100006,81.982746,,0.295132,,163.965485,
Sample,16/10/2024 16:51:14,23,9342578,5.274366,8388482,0.038714,12865049,10.765997,3153855,1.028938,99.650993,510.100006,81.935873,,0.295564,,163.871750,
Sample,16/10/2024 16:51:15,23,9342558,5.274256,8388476,0.038681,12865067,10.765795,3153854,1.028937,99.490005,511.299988,81.803486,,0.295558,,163.606964,
Sample,16/10/2024 16:51:16,23,9342553,5.274228,8388482,0.038714,12865090,10.765537,3153936,1.028964,99.406998,508.200012,81.735225,,0.296043,,163.470444,
Sample,16/10/2024 16:51:17,23,9342558,5.274256,8388479,0.038698,12865123,10.765167,3153851,1.028936,99.199997,511.399994,81.564999,,0.295540,,163.130005,
Sample,16/10/2024 16:51:18,23,9342518,5.274036,8388478,0.038692,12865161,10.764740,3153890,1.028949,99.159996,510.700012,81.532104,,0.295771,,163.064209,
Sample,16/10/2024 16:51:19,23,9342544,5.274179,8388481,0.038709,12865197,10.764337,3153855,1.028938,99.147003,510.299988,81.521420,,0.295564,,163.042847,
Sample,16/10/2024 16:51:20,23,9342537,5.274140,8388479,0.038698,12865225,10.764023,3153803,1.028921,99.192001,511.899994,81.558424,,0.295256,,163.116852,
Sample,16/10/2024 16:51:21,23,9342528,5.274091,8388487,0.038742,12865241,10.763843,3153849,1.028936,99.211998,509.399994,81.574868,,0.295528,,163.149734,
Sample,16/10/2024 16:51:22,23,9342519,5.274041,8388484,0.038725,12865250,10.763742,3153818,1.028926,99.199005,509.000000,81.564183,,0.295345,,163.128372,
Sample,16/10/2024 16:51:23,23,9342524,5.274069,8388478,0.038692,12865301,10.763170,3153932,1.028963,99.211998,509.200012,81.574868,,0.296019,,163.149734,
Sample,16/10/2024 16:51:24,23,9342513,5.274008,8388477,0.038687,12865341,10.762721,3153902,1.028953,99.189003,510.700012,81.555958,,0.295842,,163.111923,
Sample,16/10/2024 16:51:25,23,9342491,5.273888,8388480,0.038703,12865349,10.762632,3153885,1.028948,99.156998,512.099976,81.529639,,0.295741,,163.059280,
Sample,16/10/2024 16:51:26,23,9342499,5.273931,8388477,0.038687,12865383,10.762250,3153830,1.028929,99.177994,510.100006,81.546905,,0.295416,,163.093811,
Sample,16/10/2024 16:51:27,23,9342490,5.273882,8388478,0.038692,12865396,10.762105,3153909,1.028955,99.377998,510.299988,81.711377,,0.295883,,163.422760,
Sample,16/10/2024 16:51:28,23,9342495,5.273910,8388483,0.038720,12865434,10.761678,3153887,1.028948,99.509003,510.100006,81.819108,,0.295753,,163.638214,
Sample,16/10/2024 16:51:29,23,9342489,5.273877,8388482,0.038714,12865458,10.761409,3153833,1.028930,99.549004,510.799988,81.852002,,0.295434,,163.704010,
Sample,16/10/2024 16:51:30,23,9342454,5.273684,8388486,0.038736,12865480,10.761162,3153806,1.028922,99.626999,511.299988,81.916141,,0.295274,,163.832275,
Sample,16/10/2024 16:51:31,23,9342462,5.273728,8388481,0.038709,12865501,10.760927,3153762,1.028907,99.772003,511.799988,82.035385,,0.295014,,164.070770,
Sample,16/10/2024 16:51:32,23,9342467,5.273756,8388476,0.038681,12865546,10.760422,3153777,1.028912,99.894005,510.899994,82.135712,,0.295103,,164.271423,
Sample,16/10/2024 16:51:33,23,9342466,5.273750,8388480,0.038703,12865575,10.760097,3153852,1.028937,99.987999,511.799988,82.213008,,0.295546,,164.426010,
Sample,16/10/2024 16:51:34,23,9342456,5.273695,8388479,0.038698,12865610,10.759704,3153841,1.028933,99.939003,512.099976,82.172716,,0.295481,,164.345428,
Sample,16/10/2024 16:51:35,23,9342453,5.273679,8388480,0.038703,12865642,10.759345,3153772,1.028910,99.849998,509.899994,82.099524,,0.295073,,164.199051,
Sample,16/10/2024 16:51:36,23,9342450,5.273662,8388477,0.038687,12865655,10.759199,3153680,1.028880,99.852005,510.500000,82.101174,,0.294529,,164.202347,
Sample,16/10/2024 16:51:37,23,9342436,5.273585,8388475,0.038676,12865672,10.759009,3153815,1.028925,99.832993,512.099976,82.085539,,0.295327,,164.171082,
Sample,16/10/2024 16:51:38,23,9342436,5.273585,8388480,0.038703,12865707,10.758616,3153792,1.028917,100.020004,511.000000,82.239327,,0.295191,,164.478653,
Sample,16/10/2024 16:51:39,23,9342384,5.273299,8388483,0.038720,12865742,10.758224,3153757,1.028905,100.190002,510.799988,82.379124,,0.294984,,164.758255,
Sample,16/10/2024 16:51:40,23,9342410,5.273442,8388480,0.038703,12865773,10.757876,3153749,1.028903,100.290001,510.899994,82.461357,,0.294937,,164.922714,
Sample,16/10/2024 16:51:41,23,9342399,5.273382,8388481,0.038709,12865806,10.757506,3153778,1.028912,100.320000,511.500000,82.486026,,0.295109,,164.972046,
Sample,16/10/2024 16:51:42,23,9342366,5.273200,8388482,0.038714,12865804,10.757528,3153879,1.028946,100.220001,510.799988,82.403793,,0.295706,,164.807587,
Sample,16/10/2024 16:51:43,23,9342383,5.273294,8388480,0.038703,12865824,10.757304,3153903,1.028953,100.080002,510.700012,82.288666,,0.295848,,164.577332,
Sample,16/10/2024 16:51:44,23,9342382,5.273288,8388480,0.038703,12865860,10.756900,3153841,1.028933,100.000000,510.200012,82.222877,,0.295481,,164.445755,
Sample,16/10/2024 16:51:45,23,9342354,5.273134,8388479,0.038698,12865845,10.757068,3153853,1.028937,100.059998,510.000000,82.272215,,0.295552,,164.544434,
Sample,16/10/2024 16:51:46,23,9342349,5.273107,8388479,0.038698,12865914,10.756294,3153947,1.028968,100.220001,510.700012,82.403793,,0.296108,,164.807587,
Sample,16/10/2024 16:51:47,23,9342377,5.273261,8388475,0.038676,12865925,10.756171,3153893,1.028950,100.320000,512.599976,82.486026,,0.295788,,164.972046,
Sample,16/10/2024 16:51:48,23,9342339,5.273052,8388481,0.038709,12865951,10.755879,3153859,1.028939,100.470001,511.500000,82.609379,,0.295587,,165.218765,
Sample,16/10/2024 16:51:49,23,9342344,5.273079,8388480,0.038703,12865963,10.755745,3153801,1.028920,100.699997,511.100006,82.798515,,0.295245,,165.597031,
Sample,16/10/2024 16:51:50,23,9342339,5.273052,8388479,0.038698,12865989,10.755453,3153842,1.028933,100.720001,511.700012,82.814965,,0.295487,,165.629929,
Sample,16/10/2024 16:51:51,23,9342326,5.272980,8388479,0.038698,12866001,10.755319,3153801,1.028920,100.770004,511.100006,82.856085,,0.295245,,165.712173,
Sample,16/10/2024 16:51:52,23,9342315,5.272920,8388480,0.038703,12866029,10.755004,3153844,1.028934,100.740005,512.700012,82.831416,,0.295499,,165.662827,
Sample,16/10/2024 16:51:53,23,9342345,5.273085,8388478,0.038692,12866061,10.754645,3153845,1.028934,100.659996,511.700012,82.765620,,0.295505,,165.531235,
Sample,16/10/2024 16:51:54,23,9342320,5.272947,8388477,0.038687,12866083,10.754399,3153907,1.028955,100.559998,511.200012,82.683387,,0.295871,,165.366776,
Sample,16/10/2024 16:51:55,23,9342306,5.272870,8388477,0.038687,12866097,10.754242,3153827,1.028928,100.389999,510.100006,82.543590,,0.295398,,165.087173,
Sample,16/10/2024 16:51:56,23,9342305,5.272865,8388480,0.038703,12866122,10.753961,3153804,1.028921,100.370003,511.700012,82.527146,,0.295262,,165.054291,
Sample,16/10/2024 16:51:57,23,9342311,5.272898,8388476,0.038681,12866138,10.753782,3153921,1.028959,100.370003,511.899994,82.527146,,0.295954,,165.054291,
Sample,16/10/2024 16:51:58,23,9342281,5.272733,8388481,0.038709,12866140,10.753759,3153898,1.028952,100.419998,514.400024,82.568260,,0.295818,,165.136520,
Sample,16/10/2024 16:51:59,23,9342275,5.272700,8388483,0.038720,12866171,10.753412,3153947,1.028968,100.389999,511.299988,82.543590,,0.296108,,165.087173,
Sample,16/10/2024 16:52:00,23,9342278,5.272716,8388483,0.038720,12866188,10.753221,3153878,1.028945,100.409996,513.500000,82.560034,,0.295700,,165.120071,
Sample,16/10/2024 16:52:01,23,9342268,5.272661,8388482,0.038714,12866207,10.753008,3153890,1.028949,100.250000,512.400024,82.428463,,0.295771,,164.856918,
Sample,16/10/2024 16:52:02,23,9342265,5.272645,8388481,0.038709,12866226,10.752795,3153971,1.028976,100.000000,512.500000,82.222877,,0.296249,,164.445755,
Sample,16/10/2024 16:52:03,23,9342263,5.272634,8388477,0.038687,12866246,10.752570,3153898,1.028952,99.757004,513.700012,82.023050,,0.295818,,164.046097,
Sample,16/10/2024 16:52:04,23,9342270,5.272672,8388482,0.038714,12866241,10.752626,3153883,1.028947,99.542999,512.400024,81.847065,,0.295729,,163.694122,
Sample,16/10/2024 16:52:05,23,9342261,5.272623,8388484,0.038725,12866266,10.752346,3153884,1.028947,99.625992,513.500000,81.915313,,0.295735,,163.830627,
Sample,16/10/2024 16:52:06,23,9342262,5.272629,8388480,0.038703,12866269,10.752312,3153938,1.028965,99.474998,511.700012,81.791145,,0.296054,,163.582291,
Sample,16/10/2024 16:52:07,23,9342244,5.272530,8388481,0.038709,12866297,10.751998,3153862,1.028940,99.340996,512.299988,81.680948,,0.295605,,163.361893,
Sample,16/10/2024 16:52:08,23,9342228,5.272442,8388478,0.038692,12866325,10.751684,3153893,1.028950,99.295998,513.400024,81.643944,,0.295788,,163.287888,
Sample,16/10/2024 16:52:09,23,9342240,5.272508,8388484,0.038725,12866321,10.751729,3153832,1.028930,99.354996,512.900024,81.692461,,0.295428,,163.384918,
Sample,16/10/2024 16:52:10,23,9342241,5.272513,8388480,0.038703,12866342,10.751494,3153869,1.028942,99.269005,511.899994,81.621747,,0.295647,,163.243500,
Sample,16/10/2024 16:52:11,23,9342230,5.272453,8388479,0.038698,12866357,10.751325,3153947,1.028968,99.294998,510.899994,81.643122,,0.296108,,163.286240,
Sample,16/10/2024 16:52:12,23,9342233,5.272469,8388480,0.038703,12866378,10.751090,3153950,1.028969,99.172997,511.600006,81.542795,,0.296125,,163.085587,
Sample,16/10/2024 16:52:13,23,9342208,5.272332,8388482,0.038714,12866384,10.751022,3153829,1.028929,99.044006,508.799988,81.436721,,0.295410,,162.873444,
Sample,16/10/2024 16:52:14,23,9342186,5.272211,8388482,0.038714,12866409,10.750742,3153956,1.028971,99.057999,511.100006,81.448227,,0.296161,,162.896454,
Sample,16/10/2024 16:52:15,23,9342196,5.272266,8388485,0.038731,12866412,10.750708,3153972,1.028976,98.865005,509.899994,81.289521,,0.296255,,162.579041,
Sample,16/10/2024 16:52:16,23,9342198,5.272277,8388480,0.038703,12866390,10.750955,3153896,1.028951,98.777000,509.799988,81.217150,,0.295806,,162.434296,
Sample,16/10/2024 16:52:17,23,9342209,5.272337,8388485,0.038731,12866423,10.750585,3153978,1.028978,98.574997,510.600006,81.051034,,0.296291,,162.102066,
Sample,16/10/2024 16:52:18,23,9342195,5.272260,8388481,0.038709,12866420,10.750619,3153863,1.028940,98.373001,510.000000,80.884924,,0.295611,,161.769852,
Sample,16/10/2024 16:52:19,23,9342170,5.272123,8388479,0.038698,12866447,10.750316,3153949,1.028969,98.264999,508.299988,80.796109,,0.296119,,161.592224,
Sample,16/10/2024 16:52:20,23,9342171,5.272128,8388478,0.038692,12866458,10.750192,3153967,1.028974,98.240005,509.500000,80.775555,,0.296226,,161.551117,
Sample,16/10/2024 16:52:21,23,9342147,5.271996,8388480,0.038703,12866454,10.750237,3153875,1.028944,98.218002,507.799988,80.757461,,0.295682,,161.514923,
Sample,16/10/2024 16:52:22,23,9342160,5.272068,8388480,0.038703,12866478,10.749968,3153915,1.028957,98.184998,508.600006,80.730320,,0.295918,,161.460648,
Sample,16/10/2024 16:52:23,23,9342167,5.272106,8388482,0.038714,12866442,10.750372,3153965,1.028974,98.180992,510.399994,80.727026,,0.296214,,161.454056,
Sample,16/10/2024 16:52:24,23,9342135,5.271930,8388486,0.038736,12866470,10.750058,3153945,1.028967,98.145004,508.700012,80.697432,,0.296096,,161.394867,
Sample,16/10/2024 16:52:25,23,9342141,5.271963,8388480,0.038703,12866475,10.750002,3153992,1.028983,98.184998,510.100006,80.730320,,0.296374,,161.460648,
Sample,16/10/2024 16:52:26,23,9342118,5.271837,8388481,0.038709,12866494,10.749789,3153871,1.028943,98.117004,511.500000,80.674406,,0.295658,,161.348816,
Sample,16/10/2024 16:52:27,23,9342123,5.271864,8388481,0.038709,12866492,10.749811,3153861,1.028940,98.139999,509.000000,80.693316,,0.295599,,161.386627,
Sample,16/10/2024 16:52:28,23,9342113,5.271809,8388484,0.038725,12866490,10.749833,3154037,1.028997,98.111000,511.899994,80.669469,,0.296639,,161.338943,
Sample,16/10/2024 16:52:29,23,9342129,5.271897,8388476,0.038681,12866520,10.749497,3153947,1.028968,98.264999,508.500000,80.796109,,0.296108,,161.592224,
Sample,16/10/2024 16:52:30,23,9342113,5.271809,8388473,0.038665,12866515,10.749553,3153982,1.028979,98.222000,509.399994,80.760749,,0.296314,,161.521500,
Sample,16/10/2024 16:52:31,23,9342093,5.271699,8388479,0.038698,12866511,10.749598,3153991,1.028982,98.132996,508.600006,80.687557,,0.296368,,161.375107,
Sample,16/10/2024 16:52:32,23,9342097,5.271721,8388479,0.038698,12866508,10.749632,3153937,1.028965,98.145004,508.399994,80.697432,,0.296049,,161.394867,
Sample,16/10/2024 16:52:33,23,9342082,5.271639,8388481,0.038709,12866497,10.749755,3154042,1.028999,98.080002,508.399994,80.643977,,0.296669,,161.287949,
Sample,16/10/2024 16:52:34,23,9342064,5.271540,8388482,0.038714,12866498,10.749744,3153994,1.028983,97.995995,508.399994,80.574895,,0.296385,,161.149796,
Sample,16/10/2024 16:52:35,23,9342095,5.271710,8388482,0.038714,12866518,10.749519,3153993,1.028983,97.957993,507.700012,80.543644,,0.296379,,161.087280,
Sample,16/10/2024 16:52:36,23,9342080,5.271628,8388482,0.038714,12866508,10.749632,3154005,1.028987,97.930992,507.899994,80.521440,,0.296450,,161.042877,
Sample,16/10/2024 16:52:37,23,9342079,5.271622,8388479,0.038698,12866515,10.749553,3153973,1.028976,97.889999,507.799988,80.487730,,0.296261,,160.975464,
Sample,16/10/2024 16:52:38,23,9342061,5.271523,8388478,0.038692,12866519,10.749508,3154099,1.029018,97.836998,508.500000,80.444145,,0.297006,,160.888290,
Sample,16/10/2024 16:52:39,23,9342053,5.271479,8388483,0.038720,12866495,10.749777,3154048,1.029001,97.824997,507.899994,80.434276,,0.296704,,160.868546,
Sample,16/10/2024 16:52:40,23,9342060,5.271518,8388480,0.038703,12866514,10.749564,3154000,1.028985,97.788002,508.600006,80.403853,,0.296421,,160.807709,
Sample,16/10/2024 16:52:41,23,9342047,5.271446,8388480,0.038703,12866510,10.749609,3153952,1.028970,97.761002,508.899994,80.381649,,0.296137,,160.763306,
Sample,16/10/2024 16:52:42,23,9342034,5.271375,8388481,0.038709,12866530,10.749385,3154097,1.029017,97.684998,508.100006,80.319148,,0.296994,,160.638290,
Sample,16/10/2024 16:52:43,23,9342041,5.271413,8388479,0.038698,12866508,10.749632,3154031,1.028996,98.000992,506.200012,80.579004,,0.296604,,161.158005,
Sample,16/10/2024 16:52:44,23,9342023,5.271315,8388477,0.038687,12866520,10.749497,3154100,1.029018,98.000992,507.500000,80.579004,,0.297012,,161.158005,
Sample,16/10/2024 16:52:45,23,9342010,5.271243,8388478,0.038692,12866510,10.749609,3154097,1.029017,97.940994,508.700012,80.529665,,0.296994,,161.059326,
Sample,16/10/2024 16:52:46,23,9342012,5.271254,8388482,0.038714,12866515,10.749553,3154114,1.029023,97.940994,508.299988,80.529665,,0.297094,,161.059326,
Sample,16/10/2024 16:52:47,23,9342020,5.271298,8388485,0.038731,12866500,10.749721,3153941,1.028966,97.847000,508.500000,80.452370,,0.296072,,160.904739,
Sample,16/10/2024 16:52:48,23,9342014,5.271265,8388480,0.038703,12866515,10.749553,3154060,1.029005,97.792007,508.200012,80.407147,,0.296775,,160.814301,
Sample,16/10/2024 16:52:49,23,9341987,5.271117,8388482,0.038714,12866542,10.749250,3154101,1.029019,97.711998,507.299988,80.341352,,0.297018,,160.682709,
Sample,16/10/2024 16:52:50,23,9341995,5.271161,8388481,0.038709,12866519,10.749508,3154005,1.028987,97.892006,507.600006,80.489380,,0.296450,,160.978760,
Sample,16/10/2024 16:52:51,23,9341986,5.271111,8388481,0.038709,12866524,10.749452,3154151,1.029035,98.295998,508.899994,80.821600,,0.297313,,161.643204,
Sample,16/10/2024 16:52:52,23,9341969,5.271018,8388482,0.038714,12866528,10.749407,3154026,1.028994,98.302994,507.899994,80.827354,,0.296574,,161.654709,
Sample,16/10/2024 16:52:53,23,9341972,5.271034,8388476,0.038681,12866515,10.749553,3153995,1.028984,98.315002,508.100006,80.837229,,0.296391,,161.674454,
Sample,16/10/2024 16:52:54,23,9341979,5.271073,8388478,0.038692,12866509,10.749620,3153977,1.028978,98.415001,507.000000,80.919462,,0.296285,,161.838928,
Sample,16/10/2024 16:52:55,23,9341960,5.270968,8388481,0.038709,12866504,10.749676,3154038,1.028998,98.272995,508.700012,80.802684,,0.296645,,161.605362,
Sample,16/10/2024 16:52:56,23,9341952,5.270924,8388480,0.038703,12866483,10.749912,3153894,1.028950,98.117996,506.100006,80.675222,,0.295794,,161.350449,
Sample,16/10/2024 16:52:57,23,9341939,5.270853,8388480,0.038703,12866495,10.749777,3154042,1.028999,98.105995,507.100006,80.665353,,0.296669,,161.330704,
Sample,16/10/2024 16:52:58,23,9341927,5.270787,8388482,0.038714,12866481,10.749934,3153916,1.028958,98.130997,506.100006,80.685913,,0.295924,,161.371826,
Sample,16/10/2024 16:52:59,23,9341945,5.270886,8388482,0.038714,12866505,10.749665,3153990,1.028982,98.165001,505.000000,80.713876,,0.296362,,161.427750,
Sample,16/10/2024 16:53:00,23,9341933,5.270820,8388483,0.038720,12866504,10.749676,3153930,1.028962,98.272995,505.299988,80.802684,,0.296007,,161.605362,
Sample,16/10/2024 16:53:01,23,9341921,5.270754,8388479,0.038698,12866497,10.749755,3154039,1.028998,98.329002,506.399994,80.848742,,0.296651,,161.697479,
Sample,16/10/2024 16:53:02,23,9341921,5.270754,8388480,0.038703,12866495,10.749777,3153941,1.028966,98.362000,507.700012,80.875877,,0.296072,,161.751755,
Sample,16/10/2024 16:53:03,23,9341927,5.270787,8388482,0.038714,12866493,10.749800,3153891,1.028949,98.340004,507.100006,80.857789,,0.295777,,161.715576,
Sample,16/10/2024 16:53:04,23,9341894,5.270605,8388476,0.038681,12866488,10.749856,3154002,1.028986,98.440994,507.399994,80.940837,,0.296433,,161.881668,
Sample,16/10/2024 16:53:05,23,9341895,5.270611,8388479,0.038698,12866504,10.749676,3153987,1.028981,98.549004,507.399994,81.029658,,0.296344,,162.059311,
Sample,16/10/2024 16:53:06,23,9341898,5.270627,8388483,0.038720,12866499,10.749733,3153952,1.028970,98.642006,505.899994,81.106138,,0.296137,,162.212280,
Sample,16/10/2024 16:53:07,23,9341886,5.270561,8388481,0.038709,12866506,10.749654,3153872,1.028943,98.723000,507.299988,81.172743,,0.295664,,162.345490,
Sample,16/10/2024 16:53:08,23,9341890,5.270583,8388482,0.038714,12866512,10.749587,3154063,1.029006,98.788002,507.799988,81.226197,,0.296793,,162.452393,
Sample,16/10/2024 16:53:09,23,9341863,5.270435,8388478,0.038692,12866516,10.749542,3153993,1.028983,98.809998,506.399994,81.244285,,0.296379,,162.488571,
Sample,16/10/2024 16:53:10,23,9341850,5.270363,8388481,0.038709,12866501,10.749710,3153936,1.028964,98.789001,507.200012,81.227019,,0.296043,,162.454041,
Sample,16/10/2024 16:53:11,23,9341861,5.270424,8388483,0.038720,12866528,10.749407,3153930,1.028962,98.817001,506.899994,81.250045,,0.296007,,162.500092,
Sample,16/10/2024 16:53:12,23,9341848,5.270352,8388479,0.038698,12866537,10.749306,3154010,1.028989,98.835999,507.299988,81.265667,,0.296480,,162.531326,
Sample,16/10/2024 16:53:13,23,9341847,5.270347,8388480,0.038703,12866532,10.749362,3153894,1.028950,98.914001,509.700012,81.329812,,0.295794,,162.659622,
Sample,16/10/2024 16:53:14,23,9341837,5.270292,8388476,0.038681,12866535,10.749329,3153949,1.028969,98.907997,507.799988,81.324874,,0.296119,,162.649750,
Sample,16/10/2024 16:53:15,23,9341847,5.270347,8388482,0.038714,12866538,10.749295,3153967,1.028974,98.897003,507.600006,81.315834,,0.296226,,162.631668,
Sample,16/10/2024 16:53:16,23,9341820,5.270198,8388479,0.038698,12866536,10.749318,3154034,1.028996,98.835999,507.399994,81.265667,,0.296622,,162.531326,
Sample,16/10/2024 16:53:17,23,9341839,5.270303,8388477,0.038687,12866558,10.749071,3153957,1.028971,98.764000,507.799988,81.206459,,0.296167,,162.412918,
Sample,16/10/2024 16:53:18,23,9341825,5.270226,8388482,0.038714,12866549,10.749172,3153963,1.028973,98.727997,507.299988,81.176852,,0.296202,,162.353699,
Sample,16/10/2024 16:53:19,23,9341813,5.270160,8388479,0.038698,12866549,10.749172,3153929,1.028962,98.727005,507.200012,81.176037,,0.296001,,162.352066,
Sample,16/10/2024 16:53:20,23,9341808,5.270132,8388482,0.038714,12866546,10.749205,3154013,1.028990,98.707001,508.100006,81.159586,,0.296498,,162.319168,
Sample,16/10/2024 16:53:21,23,9341797,5.270072,8388476,0.038681,12866552,10.749138,3154059,1.029005,98.625992,508.399994,81.092969,,0.296769,,162.185944,
Sample,16/10/2024 16:53:22,23,9341806,5.270121,8388485,0.038731,12866572,10.748914,3153961,1.028973,98.547997,506.500000,81.028830,,0.296190,,162.057663,
Sample,16/10/2024 16:53:23,23,9341809,5.270138,8388478,0.038692,12866614,10.748443,3153965,1.028974,98.482002,506.700012,80.974560,,0.296214,,161.949127,
Sample,16/10/2024 16:53:24,23,9341780,5.269979,8388481,0.038709,12866590,10.748712,3154030,1.028995,98.395004,506.799988,80.903018,,0.296598,,161.806030,
Sample,16/10/2024 16:53:25,23,9341762,5.269880,8388482,0.038714,12866586,10.748757,3154099,1.029018,98.307999,506.500000,80.831469,,0.297006,,161.662933,
Sample,16/10/2024 16:53:26,23,9341758,5.269858,8388488,0.038747,12866597,10.748633,3154070,1.029008,98.237999,509.100006,80.773905,,0.296834,,161.547806,
Sample,16/10/2024 16:53:27,23,9341765,5.269896,8388485,0.038731,12866600,10.748600,3153981,1.028979,98.189003,507.000000,80.733614,,0.296309,,161.467224,
Sample,16/10/2024 16:53:28,23,9341762,5.269880,8388483,0.038720,12866610,10.748487,3154047,1.029001,98.099998,505.500000,80.660422,,0.296699,,161.320847,
Sample,16/10/2024 16:53:29,23,9341762,5.269880,8388475,0.038676,12866624,10.748330,3154032,1.028996,98.055000,504.899994,80.623418,,0.296610,,161.246841,
Sample,16/10/2024 16:53:30,23,9341761,5.269874,8388478,0.038692,12866639,10.748162,3154005,1.028987,98.047997,507.100006,80.617658,,0.296450,,161.235321,
Sample,16/10/2024 16:53:31,23,9341732,5.269715,8388480,0.038703,12866658,10.747949,3154116,1.029023,98.080002,508.000000,80.643977,,0.297106,,161.287949,
Sample,16/10/2024 16:53:32,23,9341722,5.269660,8388478,0.038692,12866667,10.747848,3154056,1.029004,98.056999,506.200012,80.625061,,0.296752,,161.250122,
Sample,16/10/2024 16:53:33,23,9341721,5.269654,8388481,0.038709,12866681,10.747691,3154071,1.029009,97.906998,506.299988,80.501708,,0.296840,,161.003418,
Sample,16/10/2024 16:53:34,23,9341717,5.269632,8388484,0.038725,12866688,10.747613,3153992,1.028983,97.780991,506.399994,80.398087,,0.296374,,160.796173,
Sample,16/10/2024 16:53:35,23,9341740,5.269759,8388476,0.038681,12866691,10.747579,3154076,1.029010,97.667999,507.000000,80.305170,,0.296870,,160.610336,
Sample,16/10/2024 16:53:36,23,9341716,5.269627,8388481,0.038709,12866717,10.747287,3154054,1.029003,97.620995,508.299988,80.266516,,0.296740,,160.533035,
Sample,16/10/2024 16:53:37,23,9341704,5.269561,8388479,0.038698,12866700,10.747478,3154029,1.028995,97.563004,507.600006,80.218827,,0.296592,,160.437653,
Sample,16/10/2024 16:53:38,23,9341690,5.269484,8388479,0.038698,12866715,10.747310,3153970,1.028975,97.585999,507.899994,80.237737,,0.296244,,160.475479,
Sample,16/10/2024 16:53:39,23,9341707,5.269577,8388485,0.038731,12866729,10.747153,3154055,1.029003,97.674004,504.600006,80.310107,,0.296746,,160.620209,
Sample,16/10/2024 16:53:40,23,9341679,5.269423,8388480,0.038703,12866744,10.746984,3153992,1.028983,97.730995,507.799988,80.356974,,0.296374,,160.713943,
Sample,16/10/2024 16:53:41,23,9341697,5.269522,8388480,0.038703,12866740,10.747029,3154087,1.029014,97.792007,506.899994,80.407147,,0.296935,,160.814301,
Sample,16/10/2024 16:53:42,23,9341684,5.269451,8388482,0.038714,12866747,10.746951,3153965,1.028974,97.787003,506.100006,80.403031,,0.296214,,160.806061,
Sample,16/10/2024 16:53:43,23,9341680,5.269429,8388477,0.038687,12866750,10.746917,3153990,1.028982,97.857002,506.899994,80.460595,,0.296362,,160.921188,
Sample,16/10/2024 16:53:44,23,9341664,5.269341,8388482,0.038714,12866755,10.746861,3154037,1.028997,97.830002,506.200012,80.438391,,0.296639,,160.876785,
Sample,16/10/2024 16:53:45,23,9341647,5.269247,8388482,0.038714,12866768,10.746715,3154024,1.028993,97.886002,505.700012,80.484442,,0.296563,,160.968887,
Sample,16/10/2024 16:53:46,23,9341652,5.269275,8388480,0.038703,12866790,10.746468,3153945,1.028967,98.007996,504.799988,80.584764,,0.296096,,161.169525,
Sample,16/10/2024 16:53:47,23,9341663,5.269335,8388477,0.038687,12866814,10.746199,3153941,1.028966,98.142998,505.500000,80.695782,,0.296072,,161.391571,
Sample,16/10/2024 16:53:48,23,9341646,5.269242,8388478,0.038692,12866806,10.746289,3154088,1.029014,98.238998,504.200012,80.774727,,0.296941,,161.549454,
Sample,16/10/2024 16:53:49,23,9341634,5.269176,8388482,0.038714,12866809,10.746255,3154018,1.028991,98.354996,505.000000,80.870117,,0.296527,,161.740234,
Sample,16/10/2024 16:53:50,23,9341635,5.269181,8388483,0.038720,12866805,10.746300,3153977,1.028978,98.352997,504.600006,80.868473,,0.296285,,161.736954,
Sample,16/10/2024 16:53:51,23,9341632,5.269165,8388481,0.038709,12866811,10.746233,3153993,1.028983,98.334999,504.500000,80.853673,,0.296379,,161.707352,
Sample,16/10/2024 16:53:52,23,9341615,5.269071,8388477,0.038687,12866834,10.745975,3154062,1.029006,98.315002,506.399994,80.837229,,0.296787,,161.674454,
Sample,16/10/2024 16:53:53,23,9341629,5.269148,8388481,0.038709,12866830,10.746020,3154048,1.029001,98.327003,505.700012,80.847098,,0.296704,,161.694199,
Sample,16/10/2024 16:53:54,23,9341602,5.269000,8388485,0.038731,12866838,10.745930,3154046,1.029000,98.357994,504.399994,80.872583,,0.296693,,161.745163,
Sample,16/10/2024 16:53:55,23,9341606,5.269022,8388480,0.038703,12866834,10.745975,3153988,1.028981,98.340996,505.299988,80.858604,,0.296350,,161.717209,
Sample,16/10/2024 16:53:56,23,9341589,5.268928,8388479,0.038698,12866846,10.745840,3154038,1.028998,98.294998,505.600006,80.820778,,0.296645,,161.641556,
Sample,16/10/2024 16:53:57,23,9341595,5.268961,8388486,0.038736,12866840,10.745908,3154132,1.029029,98.404999,503.100006,80.911237,,0.297201,,161.822479,
Sample,16/10/2024 16:53:58,23,9341565,5.268796,8388485,0.038731,12866830,10.746020,3153993,1.028983,98.457993,504.500000,80.954816,,0.296379,,161.909637,
Sample,16/10/2024 16:53:59,23,9341574,5.268846,8388482,0.038714,12866845,10.745851,3154090,1.029015,98.791000,505.200012,81.228663,,0.296953,,162.457321,
Sample,16/10/2024 16:54:00,23,9341580,5.268879,8388480,0.038703,12866867,10.745605,3154176,1.029043,98.800995,503.600006,81.236882,,0.297461,,162.473770,
Sample,16/10/2024 16:54:01,23,9341562,5.268780,8388482,0.038714,12866847,10.745829,3154063,1.029006,98.869003,505.700012,81.292808,,0.296793,,162.585617,
Sample,16/10/2024 16:54:02,23,9341552,5.268725,8388483,0.038720,12866846,10.745840,3154076,1.029010,98.757996,502.000000,81.201522,,0.296870,,162.403046,
Sample,16/10/2024 16:54:03,23,9341547,5.268698,8388481,0.038709,12866852,10.745773,3154108,1.029021,98.754997,503.299988,81.199056,,0.297059,,162.398117,
Sample,16/10/2024 16:54:04,23,9341541,5.268665,8388475,0.038676,12866872,10.745549,3154080,1.029012,98.809006,504.799988,81.243469,,0.296894,,162.486938,
Sample,16/10/2024 16:54:05,23,9341530,5.268604,8388481,0.038709,12866867,10.745605,3154101,1.029019,98.784996,503.799988,81.223725,,0.297018,,162.447449,
Sample,16/10/2024 16:54:06,23,9341538,5.268648,8388481,0.038709,12866856,10.745728,3154058,1.029004,98.781998,503.200012,81.221260,,0.296764,,162.442520,
Sample,16/10/2024 16:54:07,23,9341529,5.268599,8388480,0.038703,12866855,10.745739,3154091,1.029015,98.785995,504.799988,81.224547,,0.296959,,162.449097,
Sample,16/10/2024 16:54:08,23,9341511,5.268500,8388481,0.038709,12866846,10.745840,3154123,1.029026,98.800995,504.500000,81.236882,,0.297148,,162.473770,
Sample,16/10/2024 16:54:09,23,9341493,5.268401,8388485,0.038731,12866821,10.746121,3154217,1.029057,98.852997,503.600006,81.279645,,0.297703,,162.559296,
Sample,16/10/2024 16:54:10,23,9341514,5.268516,8388478,0.038692,12866863,10.745650,3154136,1.029030,98.900002,502.500000,81.318299,,0.297224,,162.636597,
Sample,16/10/2024 16:54:11,23,9341493,5.268401,8388483,0.038720,12866845,10.745851,3154015,1.028990,99.027000,501.399994,81.422736,,0.296509,,162.845474,
Sample,16/10/2024 16:54:12,23,9341494,5.268406,8388481,0.038709,12866849,10.745807,3154072,1.029009,99.040001,503.899994,81.433427,,0.296846,,162.866852,
Sample,16/10/2024 16:54:13,23,9341459,5.268214,8388477,0.038687,12866840,10.745908,3154040,1.028998,99.072998,501.600006,81.460562,,0.296657,,162.921127,
Sample,16/10/2024 16:54:14,23,9341482,5.268340,8388483,0.038720,12866831,10.746008,3154071,1.029009,99.107002,504.000000,81.488525,,0.296840,,162.977051,
Sample,16/10/2024 16:54:15,23,9341448,5.268153,8388479,0.038698,12866832,10.745997,3154030,1.028995,99.184006,503.799988,81.551848,,0.296598,,163.103699,
Sample,16/10/2024 16:54:16,23,9341476,5.268307,8388478,0.038692,12866821,10.746121,3154062,1.029006,99.223000,502.100006,81.583915,,0.296787,,163.167831,
Sample,16/10/2024 16:54:17,23,9341483,5.268346,8388480,0.038703,12866837,10.745941,3154112,1.029022,99.295998,502.500000,81.643944,,0.297083,,163.287888,
Sample,16/10/2024 16:54:18,23,9341456,5.268197,8388479,0.038698,12866857,10.745717,3154172,1.029042,99.336998,504.100006,81.677661,,0.297437,,163.355316,
Sample,16/10/2024 16:54:19,23,9341451,5.268170,8388477,0.038687,12866836,10.745952,3154064,1.029006,99.311996,503.799988,81.657101,,0.296799,,163.314209,
Sample,16/10/2024 16:54:20,23,9341425,5.268027,8388481,0.038709,12866847,10.745829,3154090,1.029015,99.319008,501.600006,81.662867,,0.296953,,163.325729,
Sample,16/10/2024 16:54:21,23,9341454,5.268186,8388479,0.038698,12866848,10.745818,3154197,1.029050,99.329002,502.399994,81.671086,,0.297585,,163.342178,
Sample,16/10/2024 16:54:22,23,9341453,5.268181,8388480,0.038703,12866838,10.745930,3154175,1.029043,99.332993,503.100006,81.674367,,0.297455,,163.348740,
Sample,16/10/2024 16:54:23,23,9341443,5.268126,8388481,0.038709,12866841,10.745896,3154147,1.029034,99.309006,502.299988,81.654641,,0.297289,,163.309280,
Sample,16/10/2024 16:54:24,23,9341445,5.268137,8388477,0.038687,12866850,10.745795,3154085,1.029013,99.270996,503.200012,81.623384,,0.296923,,163.246765,
Sample,16/10/2024 16:54:25,23,9341433,5.268071,8388477,0.038687,12866836,10.745952,3154161,1.029038,99.348000,503.899994,81.686708,,0.297372,,163.373413,
Sample,16/10/2024 16:54:26,23,9341416,5.267977,8388486,0.038736,12866822,10.746109,3154074,1.029010,99.324005,503.100006,81.666976,,0.296858,,163.333954,
Sample,16/10/2024 16:54:27,23,9341409,5.267939,8388481,0.038709,12866819,10.746143,3154145,1.029033,99.299004,504.100006,81.646416,,0.297278,,163.292831,
Sample,16/10/2024 16:54:28,23,9341407,5.267928,8388484,0.038725,12866825,10.746076,3154101,1.029019,99.314003,503.500000,81.658751,,0.297018,,163.317505,
Sample,16/10/2024 16:54:29,23,9341417,5.267983,8388479,0.038698,12866833,10.745986,3154128,1.029027,99.270004,503.299988,81.622569,,0.297177,,163.245132,
Sample,16/10/2024 16:54:30,23,9341391,5.267840,8388475,0.038676,12866843,10.745874,3154149,1.029034,99.250992,503.700012,81.606934,,0.297301,,163.213867,
Sample,16/10/2024 16:54:31,23,9341404,5.267911,8388480,0.038703,12866841,10.745896,3154158,1.029037,99.214005,501.899994,81.576518,,0.297354,,163.153030,
Sample,16/10/2024 16:54:32,23,9341383,5.267796,8388476,0.038681,12866844,10.745863,3154042,1.028999,99.274002,503.299988,81.625856,,0.296669,,163.251709,
Sample,16/10/2024 16:54:33,23,9341378,5.267768,8388481,0.038709,12866823,10.746098,3154077,1.029011,99.318001,502.000000,81.662039,,0.296876,,163.324081,
Sample,16/10/2024 16:54:34,23,9341365,5.267697,8388480,0.038703,12866819,10.746143,3154152,1.029035,99.275002,505.000000,81.626678,,0.297319,,163.253357,
Sample,16/10/2024 16:54:35,23,9341365,5.267697,8388479,0.038698,12866821,10.746121,3154145,1.029033,99.291000,502.000000,81.639835,,0.297278,,163.279663,
Sample,16/10/2024 16:54:36,23,9341363,5.267686,8388484,0.038725,12866814,10.746199,3154119,1.029024,99.230995,501.899994,81.590490,,0.297124,,163.180984,
Sample,16/10/2024 16:54:37,23,9341346,5.267592,8388483,0.038720,12866839,10.745919,3154112,1.029022,99.137001,503.500000,81.513194,,0.297083,,163.026382,
Sample,16/10/2024 16:54:38,23,9341345,5.267587,8388479,0.038698,12866836,10.745952,3154126,1.029027,98.995003,505.299988,81.396423,,0.297165,,162.792847,
Sample,16/10/2024 16:54:39,23,9341342,5.267570,8388478,0.038692,12866843,10.745874,3154016,1.028991,98.919998,502.799988,81.334743,,0.296515,,162.669479,
Sample,16/10/2024 16:54:40,23,9341324,5.267471,8388482,0.038714,12866825,10.746076,3154091,1.029015,98.754005,501.100006,81.198240,,0.296959,,162.396484,
Sample,16/10/2024 16:54:41,23,9341337,5.267543,8388481,0.038709,12866829,10.746031,3154088,1.029014,98.645996,502.000000,81.109419,,0.296941,,162.218842,
Sample,16/10/2024 16:54:42,23,9341323,5.267466,8388477,0.038687,12866830,10.746020,3154075,1.029010,98.592003,502.700012,81.065018,,0.296864,,162.130035,
Sample,16/10/2024 16:54:43,23,9341323,5.267466,8388480,0.038703,12866842,10.745885,3154116,1.029023,98.507004,502.600006,80.995120,,0.297106,,161.990234,
Sample,16/10/2024 16:54:44,23,9341300,5.267340,8388483,0.038720,12866823,10.746098,3154088,1.029014,98.397995,502.799988,80.905477,,0.296941,,161.810959,
Sample,16/10/2024 16:54:45,23,9341301,5.267345,8388480,0.038703,12866845,10.745851,3154069,1.029008,98.504005,501.899994,80.992654,,0.296829,,161.985306,
Sample,16/10/2024 16:54:46,23,9341283,5.267246,8388482,0.038714,12866850,10.745795,3154173,1.029042,98.542999,502.000000,81.024721,,0.297443,,162.049438,
Sample,16/10/2024 16:54:47,23,9341285,5.267257,8388477,0.038687,12866822,10.746109,3154163,1.029039,98.431999,502.200012,80.933440,,0.297384,,161.866882,
Sample,16/10/2024 16:54:48,23,9341271,5.267180,8388483,0.038720,12866853,10.745762,3154016,1.028991,98.359001,504.399994,80.873411,,0.296515,,161.746826,
Sample,16/10/2024 16:54:49,23,9341267,5.267158,8388479,0.038698,12866840,10.745908,3154181,1.029045,98.307999,502.500000,80.831469,,0.297490,,161.662933,
Sample,16/10/2024 16:54:50,23,9341248,5.267054,8388484,0.038725,12866873,10.745537,3154146,1.029033,98.218002,501.799988,80.757461,,0.297283,,161.514923,
Sample,16/10/2024 16:54:51,23,9341252,5.267076,8388477,0.038687,12866843,10.745874,3154059,1.029005,98.167999,500.299988,80.716342,,0.296769,,161.432678,
Sample,16/10/2024 16:54:52,23,9341226,5.266933,8388482,0.038714,12866855,10.745739,3154083,1.029013,98.164001,502.399994,80.713054,,0.296911,,161.426102,
Sample,16/10/2024 16:54:53,23,9341261,5.267125,8388479,0.038698,12866843,10.745874,3153983,1.028980,98.075996,502.100006,80.640684,,0.296320,,161.281372,
Sample,16/10/2024 16:54:54,23,9341253,5.267081,8388480,0.038703,12866875,10.745515,3154107,1.029020,98.038002,501.600006,80.609439,,0.297053,,161.218872,
Sample,16/10/2024 16:54:55,23,9341244,5.267032,8388481,0.038709,12866865,10.745627,3154115,1.029023,98.089005,502.399994,80.651381,,0.297100,,161.302765,
Sample,16/10/2024 16:54:56,23,9341234,5.266977,8388479,0.038698,12866877,10.745493,3154124,1.029026,98.086998,501.299988,80.649731,,0.297153,,161.299454,
Sample,16/10/2024 16:54:57,23,9341235,5.266982,8388484,0.038725,12866868,10.745593,3154127,1.029027,98.098000,500.600006,80.658778,,0.297171,,161.317551,
Sample,16/10/2024 16:54:58,23,9341213,5.266861,8388482,0.038714,12866866,10.745616,3154123,1.029026,98.205994,500.600006,80.747586,,0.297148,,161.495178,
Sample,16/10/2024 16:54:59,23,9341211,5.266850,8388478,0.038692,12866860,10.745683,3154141,1.029032,98.264999,501.899994,80.796109,,0.297254,,161.592224,
Sample,16/10/2024 16:55:00,23,9341218,5.266889,8388480,0.038703,12866871,10.745560,3154160,1.029038,98.395996,499.500000,80.903833,,0.297366,,161.807663,
Sample,16/10/2024 16:55:01,23,9341222,5.266911,8388482,0.038714,12866883,10.745425,3154057,1.029004,98.529999,502.299988,81.014030,,0.296758,,162.028061,
Sample,16/10/2024 16:55:02,23,9341208,5.266834,8388484,0.038725,12866892,10.745324,3154160,1.029038,98.770996,503.299988,81.212212,,0.297366,,162.424423,
Sample,16/10/2024 16:55:03,23,9341203,5.266806,8388483,0.038720,12866888,10.745369,3154122,1.029025,98.935997,502.899994,81.347900,,0.297142,,162.695801,
Sample,16/10/2024 16:55:04,23,9341201,5.266795,8388478,0.038692,12866885,10.745403,3154150,1.029035,99.035995,501.299988,81.430133,,0.297307,,162.860260,
Sample,16/10/2024 16:55:05,23,9341190,5.266735,8388478,0.038692,12866899,10.745246,3154147,1.029034,99.288002,503.500000,81.637369,,0.297289,,163.274734,
Sample,16/10/2024 16:55:06,23,9341190,5.266735,8388483,0.038720,12866899,10.745246,3154088,1.029014,99.461998,502.100006,81.780454,,0.296941,,163.560913,
Sample,16/10/2024 16:55:07,23,9341178,5.266669,8388475,0.038676,12866883,10.745425,3154101,1.029019,99.514999,500.500000,81.824039,,0.297018,,163.648071,
Sample,16/10/2024 16:55:08,23,9341159,5.266564,8388481,0.038709,12866885,10.745403,3154089,1.029015,99.555992,501.000000,81.857749,,0.296947,,163.715500,
Sample,16/10/2024 16:55:09,23,9341152,5.266526,8388482,0.038714,12866879,10.745470,3154081,1.029012,99.541000,504.399994,81.845421,,0.296899,,163.690842,
Sample,16/10/2024 16:55:10,23,9341160,5.266570,8388481,0.038709,12866915,10.745066,3154126,1.029027,99.488998,502.200012,81.802657,,0.297165,,163.605316,
Sample,16/10/2024 16:55:11,23,9341158,5.266559,8388482,0.038714,12866896,10.745279,3154186,1.029046,99.592003,501.100006,81.887363,,0.297520,,163.774719,
Sample,16/10/2024 16:55:12,23,9341143,5.266476,8388480,0.038703,12866910,10.745122,3154170,1.029041,99.577995,503.299988,81.875843,,0.297425,,163.751694,
Sample,16/10/2024 16:55:13,23,9341141,5.266465,8388480,0.038703,12866893,10.745313,3154215,1.029056,99.542999,502.600006,81.847065,,0.297691,,163.694122,
Sample,16/10/2024 16:55:14,23,9341107,5.266278,8388483,0.038720,12866898,10.745257,3154141,1.029032,99.509003,502.399994,81.819108,,0.297254,,163.638214,
Sample,16/10/2024 16:55:15,23,9341127,5.266388,8388479,0.038698,12866898,10.745257,3153997,1.028984,99.507004,503.100006,81.817464,,0.296403,,163.634933,
Sample,16/10/2024 16:55:16,23,9341130,5.266405,8388475,0.038676,12866897,10.745268,3154111,1.029022,99.544006,501.500000,81.847893,,0.297077,,163.695786,
Sample,16/10/2024 16:55:17,23,9341128,5.266394,8388483,0.038720,12866916,10.745055,3154189,1.029047,99.620995,502.899994,81.911204,,0.297537,,163.822403,
Sample,16/10/2024 16:55:18,23,9341116,5.266328,8388479,0.038698,12866915,10.745066,3154113,1.029022,99.599007,501.500000,81.893122,,0.297088,,163.786240,
Sample,16/10/2024 16:55:19,23,9341106,5.266273,8388475,0.038676,12866941,10.744775,3154175,1.029043,99.572998,498.799988,81.871734,,0.297455,,163.743469,
Sample,16/10/2024 16:55:20,23,9341090,5.266185,8388479,0.038698,12866911,10.745111,3154261,1.029071,99.604996,502.100006,81.898047,,0.297963,,163.796097,
Sample,16/10/2024 16:55:21,23,9341083,5.266147,8388479,0.038698,12866929,10.744909,3154235,1.029063,99.627998,503.200012,81.916963,,0.297809,,163.833923,
Sample,16/10/2024 16:55:22,23,9341081,5.266136,8388484,0.038725,12866925,10.744954,3154297,1.029083,99.707993,502.100006,81.982746,,0.298175,,163.965485,
Sample,16/10/2024 16:55:23,23,9341096,5.266218,8388480,0.038703,12866935,10.744842,3154231,1.029061,99.849998,502.500000,82.099524,,0.297786,,164.199051,
Sample,16/10/2024 16:55:24,23,9341094,5.266207,8388481,0.038709,12866915,10.745066,3154195,1.029049,99.982994,502.399994,82.208892,,0.297573,,164.417786,
Sample,16/10/2024 16:55:25,23,9341073,5.266092,8388483,0.038720,12866951,10.744662,3154253,1.029068,100.099998,503.399994,82.305110,,0.297915,,164.610214,
Sample,16/10/2024 16:55:26,23,9341036,5.265888,8388480,0.038703,12866924,10.744965,3154187,1.029047,100.169998,502.700012,82.362674,,0.297526,,164.725342,
Sample,16/10/2024 16:55:27,23,9341050,5.265965,8388483,0.038720,12866918,10.745033,3154237,1.029063,100.199997,501.600006,82.387343,,0.297821,,164.774689,
Sample,16/10/2024 16:55:28,23,9341038,5.265899,8388481,0.038709,12866931,10.744887,3154269,1.029074,100.320000,502.100006,82.486026,,0.298010,,164.972046,
Sample,16/10/2024 16:55:29,23,9341025,5.265828,8388483,0.038720,12866915,10.745066,3154180,1.029044,100.400002,502.100006,82.551815,,0.297484,,165.103638,
Sample,16/10/2024 16:55:30,23,9341018,5.265789,8388477,0.038687,12866948,10.744696,3154107,1.029020,100.409996,503.500000,82.560034,,0.297053,,165.120071,
Sample,16/10/2024 16:55:31,23,9341005,5.265718,8388484,0.038725,12866945,10.744730,3154098,1.029018,100.389999,502.200012,82.543590,,0.297000,,165.087173,
Sample,16/10/2024 16:55:32,23,9341011,5.265751,8388478,0.038692,12866955,10.744618,3154166,1.029040,100.409996,501.899994,82.560034,,0.297402,,165.120071,
Sample,16/10/2024 16:55:33,23,9341002,5.265701,8388481,0.038709,12866942,10.744763,3154131,1.029028,100.389999,501.500000,82.543590,,0.297195,,165.087173,
Sample,16/10/2024 16:55:34,23,9341014,5.265767,8388476,0.038681,12866955,10.744618,3154222,1.029058,100.290001,501.299988,82.461357,,0.297732,,164.922714,
Sample,16/10/2024 16:55:35,23,9340991,5.265641,8388478,0.038692,12866952,10.744651,3154103,1.029019,100.430000,503.100006,82.576485,,0.297029,,165.152969,
Sample,16/10/2024 16:55:36,23,9341000,5.265690,8388484,0.038725,12866956,10.744606,3154106,1.029020,100.409996,500.899994,82.560034,,0.297047,,165.120071,
Sample,16/10/2024 16:55:37,23,9340994,5.265657,8388482,0.038714,12866964,10.744517,3154088,1.029014,100.419998,502.399994,82.568260,,0.296941,,165.136520,
Sample,16/10/2024 16:55:38,23,9340976,5.265558,8388481,0.038709,12866979,10.744348,3154180,1.029044,100.430000,502.700012,82.576485,,0.297484,,165.152969,
Sample,16/10/2024 16:55:39,23,9340979,5.265575,8388477,0.038687,12866947,10.744707,3154098,1.029018,100.430000,501.799988,82.576485,,0.297000,,165.152969,
Sample,16/10/2024 16:55:40,23,9340957,5.265454,8388477,0.038687,12866948,10.744696,3154055,1.029003,100.379997,502.799988,82.535365,,0.296746,,165.070724,
Sample,16/10/2024 16:55:41,23,9340969,5.265520,8388477,0.038687,12866942,10.744763,3154120,1.029025,100.300003,502.200012,82.469582,,0.297130,,164.939163,
Sample,16/10/2024 16:55:42,23,9340949,5.265410,8388475,0.038676,12866984,10.744292,3154127,1.029027,100.259995,502.600006,82.436681,,0.297171,,164.873367,
Sample,16/10/2024 16:55:43,23,9340961,5.265476,8388480,0.038703,12866959,10.744573,3154164,1.029039,100.209999,501.299988,82.395568,,0.297390,,164.791138,
Sample,16/10/2024 16:55:44,23,9340959,5.265465,8388480,0.038703,12866979,10.744348,3154177,1.029043,100.190002,502.000000,82.379124,,0.297467,,164.758255,
Sample,16/10/2024 16:55:45,23,9340923,5.265267,8388480,0.038703,12866976,10.744382,3154170,1.029041,100.180000,503.000000,82.370899,,0.297425,,164.741791,
Sample,16/10/2024 16:55:46,23,9340937,5.265344,8388482,0.038714,12866964,10.744517,3154144,1.029033,100.099998,503.500000,82.305110,,0.297272,,164.610214,
Sample,16/10/2024 16:55:47,23,9340936,5.265338,8388476,0.038681,12866980,10.744337,3154197,1.029050,100.059998,501.799988,82.272215,,0.297585,,164.544434,
Sample,16/10/2024 16:55:48,23,9340903,5.265157,8388483,0.038720,12866953,10.744640,3154054,1.029003,100.040001,501.500000,82.255771,,0.296740,,164.511536,
Sample,16/10/2024 16:55:49,23,9340890,5.265085,8388479,0.038698,12866961,10.744550,3154175,1.029043,99.990005,502.200012,82.214658,,0.297455,,164.429321,
Sample,16/10/2024 16:55:50,23,9340918,5.265239,8388479,0.038698,12866959,10.744573,3154182,1.029045,99.944008,501.799988,82.176832,,0.297496,,164.353668,
Sample,16/10/2024 16:55:51,23,9340915,5.265223,8388480,0.038703,12866944,10.744741,3154220,1.029058,99.904999,502.700012,82.144753,,0.297721,,164.289505,
Sample,16/10/2024 16:55:52,23,9340904,5.265162,8388481,0.038709,12866948,10.744696,3154122,1.029025,99.845001,502.899994,82.095414,,0.297142,,164.190826,
Sample,16/10/2024 16:55:53,23,9340914,5.265217,8388478,0.038692,12866949,10.744685,3154202,1.029052,99.777000,503.200012,82.039494,,0.297614,,164.078995,
Sample,16/10/2024 16:55:54,23,9340905,5.265168,8388478,0.038692,12866959,10.744573,3154142,1.029032,99.745003,502.600006,82.013181,,0.297260,,164.026367,
Sample,16/10/2024 16:55:55,23,9340896,5.265118,8388478,0.038692,12866953,10.744640,3154193,1.029049,99.769005,502.500000,82.032919,,0.297561,,164.065842,
Sample,16/10/2024 16:55:56,23,9340888,5.265074,8388481,0.038709,12866930,10.744898,3154190,1.029048,99.580994,502.100006,81.878309,,0.297543,,163.756622,
Sample,16/10/2024 16:55:57,23,9340878,5.265019,8388476,0.038681,12866951,10.744662,3154097,1.029017,99.400993,502.799988,81.730287,,0.296994,,163.460571,
Sample,16/10/2024 16:55:58,23,9340876,5.265008,8388486,0.038736,12866926,10.744943,3154228,1.029060,99.329002,501.500000,81.671086,,0.297768,,163.342178,
Sample,16/10/2024 16:55:59,23,9340889,5.265080,8388479,0.038698,12866944,10.744741,3154249,1.029067,99.284004,501.500000,81.634082,,0.297892,,163.268158,
Sample,16/10/2024 16:56:00,23,9340872,5.264986,8388477,0.038687,12866934,10.744853,3154190,1.029048,99.339005,501.399994,81.679311,,0.297543,,163.358627,
Sample,16/10/2024 16:56:01,23,9340864,5.264942,8388483,0.038720,12866891,10.745335,3154113,1.029022,99.322006,500.700012,81.665332,,0.297088,,163.330658,
Sample,16/10/2024 16:56:02,23,9340846,5.264844,8388488,0.038747,12866878,10.745481,3154241,1.029065,99.229996,502.500000,81.589668,,0.297845,,163.179337,
Sample,16/10/2024 16:56:03,23,9340846,5.264844,8388481,0.038709,12866876,10.745504,3154192,1.029048,99.044998,499.100006,81.437536,,0.297555,,162.875076,
Sample,16/10/2024 16:56:04,23,9340840,5.264811,8388481,0.038709,12866857,10.745717,3154126,1.029027,98.977997,501.899994,81.382438,,0.297165,,162.764877,
Sample,16/10/2024 16:56:05,23,9340851,5.264871,8388482,0.038714,12866846,10.745840,3154073,1.029009,98.880997,502.700012,81.302671,,0.296852,,162.605347,
Sample,16/10/2024 16:56:06,23,9340842,5.264822,8388477,0.038687,12866827,10.746053,3154114,1.029023,98.857002,500.899994,81.282939,,0.297094,,162.565872,
Sample,16/10/2024 16:56:07,23,9340830,5.264756,8388478,0.038692,12866836,10.745952,3154091,1.029015,98.734001,501.399994,81.181790,,0.296959,,162.363586,
Sample,16/10/2024 16:56:08,23,9340812,5.264657,8388480,0.038703,12866826,10.746065,3154112,1.029022,98.422997,502.500000,80.926037,,0.297083,,161.852081,
Sample,16/10/2024 16:56:09,23,9340820,5.264701,8388481,0.038709,12866780,10.746581,3154106,1.029020,98.169006,501.500000,80.717170,,0.297047,,161.434341,
Sample,16/10/2024 16:56:10,23,9340807,5.264629,8388479,0.038698,12866748,10.746940,3154176,1.029043,97.950996,502.500000,80.537891,,0.297461,,161.075775,
Sample,16/10/2024 16:56:11,23,9340805,5.264618,8388479,0.038698,12866738,10.747052,3154243,1.029065,97.717003,502.000000,80.345467,,0.297856,,160.690933,
Sample,16/10/2024 16:56:12,23,9340796,5.264569,8388478,0.038692,12866728,10.747164,3154154,1.029036,97.455002,501.600006,80.130012,,0.297331,,160.260025,
Sample,16/10/2024 16:56:13,23,9340796,5.264569,8388480,0.038703,12866719,10.747265,3154163,1.029039,97.254997,502.100006,79.965540,,0.297384,,159.931076,
Sample,16/10/2024 16:56:14,23,9340787,5.264519,8388477,0.038687,12866707,10.747399,3154145,1.029033,97.047997,500.600006,79.795314,,0.297278,,159.590622,
Sample,16/10/2024 16:56:15,23,9340753,5.264332,8388481,0.038709,12866680,10.747702,3154159,1.029038,96.922997,499.799988,79.692521,,0.297360,,159.385040,
Sample,16/10/2024 16:56:16,23,9340776,5.264459,8388480,0.038703,12866654,10.747994,3154113,1.029022,96.860001,502.899994,79.640717,,0.297088,,159.281433,
Sample,16/10/2024 16:56:17,23,9340768,5.264415,8388476,0.038681,12866646,10.748084,3154177,1.029043,96.889000,503.000000,79.664564,,0.297467,,159.329132,
Sample,16/10/2024 16:56:18,23,9340746,5.264294,8388481,0.038709,12866625,10.748319,3154197,1.029050,96.845001,498.500000,79.628382,,0.297585,,159.256760,
Sample,16/10/2024 16:56:19,23,9340745,5.264288,8388478,0.038692,12866583,10.748790,3154170,1.029041,96.852997,501.500000,79.634957,,0.297425,,159.269913,
Sample,16/10/2024 16:56:20,23,9340756,5.264349,8388478,0.038692,12866569,10.748947,3154102,1.029019,96.852997,501.000000,79.634957,,0.297024,,159.269913,
Sample,16/10/2024 16:56:21,23,9340740,5.264261,8388475,0.038676,12866549,10.749172,3154192,1.029048,96.840996,500.600006,79.625088,,0.297555,,159.250183,
Sample,16/10/2024 16:56:22,23,9340725,5.264178,8388484,0.038725,12866524,10.749452,3154192,1.029048,96.806999,501.899994,79.597131,,0.297555,,159.194260,
Sample,16/10/2024 16:56:23,23,9340738,5.264250,8388479,0.038698,12866517,10.749531,3154150,1.029035,96.905991,500.100006,79.678536,,0.297307,,159.357071,
Sample,16/10/2024 16:56:24,23,9340718,5.264140,8388480,0.038703,12866484,10.749901,3154143,1.029032,96.955002,500.399994,79.718840,,0.297266,,159.437683,
Sample,16/10/2024 16:56:25,23,9340717,5.264134,8388481,0.038709,12866482,10.749923,3154207,1.029053,96.942001,500.600006,79.708149,,0.297644,,159.416306,
Sample,16/10/2024 16:56:26,23,9340717,5.264134,8388482,0.038714,12866469,10.750069,3154293,1.029082,96.947998,502.399994,79.713081,,0.298152,,159.426163,
Sample,16/10/2024 16:56:27,23,9340706,5.264074,8388477,0.038687,12866456,10.750215,3154135,1.029030,96.922997,499.700012,79.692521,,0.297218,,159.385040,
Sample,16/10/2024 16:56:28,23,9340703,5.264057,8388476,0.038681,12866414,10.750686,3154110,1.029021,96.887001,498.899994,79.662920,,0.297071,,159.325836,
Sample,16/10/2024 16:56:29,23,9340712,5.264107,8388479,0.038698,12866386,10.751000,3154190,1.029048,96.890999,499.000000,79.666208,,0.297543,,159.332413,
Sample,16/10/2024 16:56:30,23,9340710,5.264096,8388476,0.038681,12866367,10.751213,3154231,1.029061,96.922997,499.299988,79.692521,,0.297786,,159.385040,
Sample,16/10/2024 16:56:31,23,9340693,5.264002,8388485,0.038731,12866343,10.751482,3154195,1.029049,96.940994,501.100006,79.707321,,0.297573,,159.414642,
Sample,16/10/2024 16:56:32,23,9340675,5.263903,8388474,0.038670,12866309,10.751864,3154174,1.029043,96.889999,501.100006,79.665386,,0.297449,,159.330765,
Sample,16/10/2024 16:56:33,23,9340673,5.263892,8388480,0.038703,12866307,10.751886,3154301,1.029084,96.890999,500.100006,79.666208,,0.298199,,159.332413,
Sample,16/10/2024 16:56:34,23,9340652,5.263777,8388479,0.038698,12866284,10.752144,3154284,1.029079,96.857994,499.500000,79.639067,,0.298099,,159.278137,
Sample,16/10/2024 16:56:35,23,9340674,5.263898,8388480,0.038703,12866285,10.752133,3154223,1.029059,96.850998,500.799988,79.633313,,0.297738,,159.266632,
Sample,16/10/2024 16:56:36,23,9340635,5.263683,8388473,0.038665,12866264,10.752368,3154250,1.029067,96.782997,500.600006,79.577393,,0.297898,,159.154785,
Sample,16/10/2024 16:56:37,23,9340647,5.263749,8388482,0.038714,12866248,10.752548,3154164,1.029039,96.805992,500.100006,79.596303,,0.297390,,159.192612,
Sample,16/10/2024 16:56:38,23,9340626,5.263634,8388479,0.038698,12866229,10.752761,3154339,1.029097,96.820000,500.899994,79.607822,,0.298423,,159.215637,
Sample,16/10/2024 16:56:39,23,9340637,5.263694,8388483,0.038720,12866186,10.753243,3154070,1.029008,96.829002,500.799988,79.615225,,0.296834,,159.230453,
Sample,16/10/2024 16:56:40,23,9340634,5.263678,8388480,0.038703,12866186,10.753243,3154125,1.029026,96.927994,500.899994,79.696630,,0.297159,,159.393265,
Sample,16/10/2024 16:56:41,23,9340637,5.263694,8388481,0.038709,12866186,10.753243,3154180,1.029044,97.017998,500.899994,79.770645,,0.297484,,159.541290,
Sample,16/10/2024 16:56:42,23,9340637,5.263694,8388483,0.038720,12866151,10.753636,3154116,1.029023,97.529007,502.700012,80.190870,,0.297106,,160.381744,
Sample,16/10/2024 16:56:43,23,9340616,5.263579,8388479,0.038698,12866135,10.753815,3154165,1.029040,97.119003,500.299988,79.853706,,0.297396,,159.707413,
Sample,16/10/2024 16:56:44,23,9340617,5.263584,8388479,0.038698,12866109,10.754107,3154232,1.029062,97.190994,502.299988,79.912907,,0.297791,,159.825821,
Sample,16/10/2024 16:56:45,23,9340597,5.263475,8388479,0.038698,12866091,10.754309,3154168,1.029041,97.320999,502.100006,80.019816,,0.297413,,160.039627,
Sample,16/10/2024 16:56:46,23,9340598,5.263480,8388481,0.038709,12866078,10.754455,3154119,1.029024,97.465004,502.500000,80.138238,,0.297124,,160.276474,
Sample,16/10/2024 16:56:47,23,9340606,5.263524,8388483,0.038720,12866073,10.754511,3154191,1.029048,97.409996,501.600006,80.093002,,0.297549,,160.186005,
Sample,16/10/2024 16:56:48,23,9340603,5.263508,8388478,0.038692,12866052,10.754746,3154121,1.029025,97.470993,503.100006,80.143163,,0.297136,,160.286331,
Sample,16/10/2024 16:56:49,23,9340580,5.263381,8388484,0.038725,12866007,10.755251,3154078,1.029011,97.550995,502.000000,80.208952,,0.296882,,160.417908,
Sample,16/10/2024 16:56:50,23,9340589,5.263431,8388475,0.038676,12866001,10.755319,3154166,1.029040,97.813004,502.000000,80.424413,,0.297402,,160.848831,
Sample,16/10/2024 16:56:51,23,9340571,5.263332,8388481,0.038709,12865964,10.755734,3154179,1.029044,98.104004,502.299988,80.663715,,0.297478,,161.327438,
Sample,16/10/2024 16:56:52,23,9340543,5.263178,8388480,0.038703,12865951,10.755879,3154143,1.029032,98.450996,501.700012,80.949063,,0.297266,,161.898132,
Sample,16/10/2024 16:56:53,23,9340565,5.263299,8388480,0.038703,12865932,10.756092,3154284,1.029079,98.556999,502.100006,81.036233,,0.298099,,162.072464,
Sample,16/10/2024 16:56:54,23,9340552,5.263227,8388482,0.038714,12865904,10.756407,3154178,1.029044,98.670998,500.799988,81.129979,,0.297472,,162.259964,
Sample,16/10/2024 16:56:55,23,9340545,5.263189,8388480,0.038703,12865890,10.756564,3154194,1.029049,98.740005,501.899994,81.186728,,0.297567,,162.373459,
Sample,16/10/2024 16:56:56,23,9340551,5.263222,8388476,0.038681,12865884,10.756631,3154307,1.029086,98.669006,501.899994,81.128342,,0.298234,,162.256683,
Sample,16/10/2024 16:56:57,23,9340548,5.263205,8388484,0.038725,12865839,10.757136,3154167,1.029040,98.755997,503.600006,81.199878,,0.297407,,162.399750,
Sample,16/10/2024 16:56:58,23,9340532,5.263117,8388481,0.038709,12865816,10.757394,3154186,1.029046,98.740997,500.500000,81.187543,,0.297520,,162.375092,
Sample,16/10/2024 16:56:59,23,9340542,5.263172,8388482,0.038714,12865777,10.757831,3154157,1.029037,98.757004,501.600006,81.200706,,0.297348,,162.401413,
Sample,16/10/2024 16:57:00,23,9340522,5.263062,8388482,0.038714,12865780,10.757797,3154164,1.029039,98.737000,503.100006,81.184256,,0.297390,,162.368515,
Sample,16/10/2024 16:57:01,23,9340511,5.263002,8388480,0.038703,12865760,10.758022,3154182,1.029045,98.767006,500.799988,81.208931,,0.297496,,162.417862,
Sample,16/10/2024 16:57:02,23,9340494,5.262908,8388481,0.038709,12865738,10.758268,3154114,1.029023,98.822998,501.100006,81.254976,,0.297094,,162.509949,
Sample,16/10/2024 16:57:03,23,9340480,5.262831,8388483,0.038720,12865714,10.758538,3154236,1.029063,98.764000,501.700012,81.206459,,0.297815,,162.412918,
Sample,16/10/2024 16:57:04,23,9340491,5.262892,8388475,0.038676,12865706,10.758627,3154115,1.029023,98.820999,502.899994,81.253332,,0.297100,,162.506668,
Sample,16/10/2024 16:57:05,23,9340479,5.262826,8388482,0.038714,12865664,10.759099,3154031,1.028996,98.861000,501.200012,81.286227,,0.296604,,162.572449,
Sample,16/10/2024 16:57:06,23,9340472,5.262787,8388477,0.038687,12865633,10.759446,3154054,1.029003,98.892998,499.799988,81.312540,,0.296740,,162.625076,
Sample,16/10/2024 16:57:07,23,9340490,5.262886,8388479,0.038698,12865594,10.759884,3154099,1.029018,98.897003,501.500000,81.315834,,0.297006,,162.631668,
Sample,16/10/2024 16:57:08,23,9340460,5.262721,8388476,0.038681,12865586,10.759973,3154020,1.028992,98.832001,501.500000,81.262379,,0.296539,,162.524765,
Sample,16/10/2024 16:57:09,23,9340463,5.262738,8388482,0.038714,12865583,10.760007,3154033,1.028996,98.724007,500.700012,81.173571,,0.296616,,162.347137,
Sample,16/10/2024 16:57:10,23,9340453,5.262683,8388479,0.038698,12865556,10.760310,3154029,1.028995,98.660995,501.100006,81.121754,,0.296592,,162.243515,
Sample,16/10/2024 16:57:11,23,9340468,5.262765,8388480,0.038703,12865528,10.760624,3154207,1.029053,98.612999,501.700012,81.082284,,0.297644,,162.164566,
Sample,16/10/2024 16:57:12,23,9340455,5.262694,8388480,0.038703,12865503,10.760904,3154158,1.029037,98.592003,501.399994,81.065018,,0.297354,,162.130035,
Sample,16/10/2024 16:57:13,23,9340442,5.262622,8388483,0.038720,12865465,10.761331,3154120,1.029025,98.674004,500.899994,81.132451,,0.297130,,162.264908,
Sample,16/10/2024 16:57:14,23,9340443,5.262628,8388480,0.038703,12865438,10.761633,3154108,1.029021,98.714005,501.899994,81.165346,,0.297059,,162.330688,
Sample,16/10/2024 16:57:15,23,9340439,5.262606,8388482,0.038714,12865431,10.761712,3154268,1.029073,98.727005,502.000000,81.176037,,0.298004,,162.352066,
Sample,16/10/2024 16:57:16,23,9340413,5.262463,8388483,0.038720,12865387,10.762206,3154136,1.029030,98.679001,501.100006,81.136561,,0.297224,,162.273117,
Sample,16/10/2024 16:57:17,23,9340418,5.262490,8388478,0.038692,12865370,10.762396,3154136,1.029030,98.666000,501.899994,81.125870,,0.297224,,162.251740,
Sample,16/10/2024 16:57:18,23,9340416,5.262479,8388482,0.038714,12865354,10.762576,3154141,1.029032,98.610001,501.299988,81.079819,,0.297254,,162.159637,
Sample,16/10/2024 16:57:19,23,9340399,5.262386,8388482,0.038714,12865314,10.763024,3154143,1.029032,98.672005,500.700012,81.130807,,0.297266,,162.261612,
Sample,16/10/2024 16:57:20,23,9340403,5.262408,8388486,0.038736,12865294,10.763249,3154169,1.029041,98.692001,501.200012,81.147252,,0.297419,,162.294510,
Sample,16/10/2024 16:57:21,23,9340398,5.262380,8388479,0.038698,12865259,10.763641,3154149,1.029034,98.725998,501.299988,81.175208,,0.297301,,162.350418,
Sample,16/10/2024 16:57:22,23,9340404,5.262413,8388477,0.038687,12865229,10.763978,3154127,1.029027,98.742004,501.899994,81.188371,,0.297171,,162.376740,
Sample,16/10/2024 16:57:23,23,9340385,5.262309,8388481,0.038709,12865207,10.764224,3154180,1.029044,98.649002,501.399994,81.111891,,0.297484,,162.223785,
Sample,16/10/2024 16:57:24,23,9340386,5.262314,8388478,0.038692,12865194,10.764370,3154084,1.029013,98.612999,499.000000,81.082284,,0.296917,,162.164566,
Sample,16/10/2024 16:57:25,23,9340373,5.262243,8388482,0.038714,12865160,10.764752,3154145,1.029033,98.473000,501.100006,80.967157,,0.297278,,161.934311,
Sample,16/10/2024 16:57:26,23,9340368,5.262216,8388476,0.038681,12865118,10.765223,3154150,1.029035,98.440994,500.200012,80.940837,,0.297307,,161.881668,
Sample,16/10/2024 16:57:27,23,9340359,5.262166,8388476,0.038681,12865104,10.765380,3154155,1.029036,98.465996,499.700012,80.961397,,0.297337,,161.922791,
Sample,16/10/2024 16:57:28,23,9340364,5.262194,8388481,0.038709,12865063,10.765840,3154034,1.028996,98.499008,501.600006,80.988545,,0.296622,,161.977097,
Sample,16/10/2024 16:57:29,23,9340353,5.262133,8388481,0.038709,12865031,10.766199,3154222,1.029058,98.582001,500.700012,81.056793,,0.297732,,162.113586,
Sample,16/10/2024 16:57:30,23,9340356,5.262150,8388484,0.038725,12864987,10.766692,3154112,1.029022,98.567001,499.600006,81.044459,,0.297083,,162.088913,
Sample,16/10/2024 16:57:31,23,9340346,5.262095,8388479,0.038698,12864974,10.766838,3154193,1.029049,98.265999,500.700012,80.796931,,0.297561,,161.593857,
Sample,16/10/2024 16:57:32,23,9340341,5.262067,8388480,0.038703,12864932,10.767309,3154211,1.029055,98.130997,499.899994,80.685913,,0.297667,,161.371826,
Sample,16/10/2024 16:57:33,23,9340330,5.262007,8388479,0.038698,12864904,10.767623,3154114,1.029023,98.189003,499.100006,80.733614,,0.297094,,161.467224,
Sample,16/10/2024 16:57:34,23,9340331,5.262012,8388478,0.038692,12864878,10.767915,3154134,1.029029,98.320999,500.500000,80.842160,,0.297213,,161.684326,
Sample,16/10/2024 16:57:35,23,9340326,5.261985,8388478,0.038692,12864837,10.768375,3154207,1.029053,98.477997,500.100006,80.971266,,0.297644,,161.942535,
Sample,16/10/2024 16:57:36,23,9340286,5.261765,8388481,0.038709,12864801,10.768778,3154165,1.029040,98.680000,500.799988,81.137383,,0.297396,,162.274765,
Sample,16/10/2024 16:57:37,23,9340293,5.261803,8388479,0.038698,12864769,10.769137,3154200,1.029051,98.759003,501.100006,81.202350,,0.297602,,162.404694,
Sample,16/10/2024 16:57:38,23,9340306,5.261875,8388482,0.038714,12864739,10.769474,3154249,1.029067,98.745003,502.899994,81.190837,,0.297892,,162.381668,
Sample,16/10/2024 16:57:39,23,9340298,5.261831,8388480,0.038703,12864711,10.769788,3154083,1.029013,98.624008,500.399994,81.091338,,0.296911,,162.182678,
Sample,16/10/2024 16:57:40,23,9340268,5.261666,8388479,0.038698,12864658,10.770382,3154076,1.029010,98.447006,501.100006,80.945781,,0.296870,,161.891556,
Sample,16/10/2024 16:57:41,23,9340298,5.261831,8388478,0.038692,12864625,10.770752,3153981,1.028979,98.297005,499.600006,80.822428,,0.296309,,161.644852,
Sample,16/10/2024 16:57:42,23,9340286,5.261765,8388485,0.038731,12864594,10.771100,3154035,1.028997,98.132996,500.299988,80.687557,,0.296628,,161.375107,
Sample,16/10/2024 16:57:43,23,9340283,5.261748,8388482,0.038714,12864577,10.771291,3154081,1.029012,98.035995,499.000000,80.607789,,0.296899,,161.215576,
Sample,16/10/2024 16:57:44,23,9340272,5.261688,8388480,0.038703,12864523,10.771896,3154081,1.029012,97.945999,499.399994,80.533781,,0.296899,,161.067566,
Sample,16/10/2024 16:57:45,23,9340261,5.261627,8388477,0.038687,12864471,10.772480,3154182,1.029045,97.889000,499.500000,80.486908,,0.297496,,160.973816,
Sample,16/10/2024 16:57:46,23,9340252,5.261578,8388476,0.038681,12864457,10.772637,3154142,1.029032,97.897003,500.000000,80.493490,,0.297260,,160.986984,
Sample,16/10/2024 16:57:47,23,9340262,5.261633,8388482,0.038714,12864398,10.773298,3154110,1.029021,97.886002,497.600006,80.484442,,0.297071,,160.968887,
Sample,16/10/2024 16:57:48,23,9340254,5.261589,8388480,0.038703,12864368,10.773635,3154209,1.029054,97.862999,499.799988,80.465526,,0.297656,,160.931046,
Sample,16/10/2024 16:57:49,23,9340253,5.261583,8388480,0.038703,12864315,10.774229,3154240,1.029064,97.859001,501.100006,80.462239,,0.297839,,160.924484,
Sample,16/10/2024 16:57:50,23,9340240,5.261512,8388479,0.038698,12864294,10.774465,3154182,1.029045,97.849007,498.799988,80.454020,,0.297496,,160.908035,
Sample,16/10/2024 16:57:51,23,9340231,5.261462,8388476,0.038681,12864245,10.775015,3154179,1.029044,97.848000,498.600006,80.453192,,0.297478,,160.906387,
Sample,16/10/2024 16:57:52,23,9340210,5.261347,8388481,0.038709,12864211,10.775396,3154072,1.029009,97.794006,499.299988,80.408791,,0.296846,,160.817581,
Sample,16/10/2024 16:57:53,23,9340239,5.261506,8388482,0.038714,12864175,10.775800,3154317,1.029089,97.815994,500.100006,80.426872,,0.298293,,160.853745,
Sample,16/10/2024 16:57:54,23,9340219,5.261396,8388481,0.038709,12864147,10.776114,3154162,1.029039,97.849007,499.700012,80.454020,,0.297378,,160.908035,
Sample,16/10/2024 16:57:55,23,9340214,5.261369,8388481,0.038709,12864098,10.776663,3154183,1.029045,97.914001,500.100006,80.507468,,0.297502,,161.014938,
Sample,16/10/2024 16:57:56,23,9340203,5.261308,8388472,0.038659,12864045,10.777258,3154184,1.029046,98.009995,501.100006,80.586407,,0.297508,,161.172821,
Sample,16/10/2024 16:57:57,23,9340179,5.261176,8388480,0.038703,12864005,10.777706,3154230,1.029061,98.098000,499.899994,80.658778,,0.297780,,161.317551,
Sample,16/10/2024 16:57:58,23,9340190,5.261237,8388478,0.038692,12863965,10.778155,3154301,1.029084,98.136002,500.899994,80.690028,,0.298199,,161.380051,
Sample,16/10/2024 16:57:59,23,9340195,5.261264,8388482,0.038714,12863933,10.778514,3154084,1.029013,98.184006,500.000000,80.729504,,0.296917,,161.459015,
Sample,16/10/2024 16:58:00,23,9340177,5.261165,8388478,0.038692,12863893,10.778963,3154056,1.029004,98.184998,499.500000,80.730320,,0.296752,,161.460648,
Sample,16/10/2024 16:58:01,23,9340176,5.261160,8388477,0.038687,12863870,10.779221,3154192,1.029048,98.186996,500.299988,80.731964,,0.297555,,161.463928,
Sample,16/10/2024 16:58:02,23,9340170,5.261127,8388479,0.038698,12863815,10.779837,3154213,1.029055,98.282997,502.399994,80.810909,,0.297679,,161.621826,
Sample,16/10/2024 16:58:03,23,9340145,5.260989,8388476,0.038681,12863771,10.780331,3154125,1.029026,98.434006,499.899994,80.935090,,0.297159,,161.870178,
Sample,16/10/2024 16:58:04,23,9340147,5.261000,8388478,0.038692,12863734,10.780746,3154134,1.029029,98.465004,499.200012,80.960582,,0.297213,,161.921158,
Sample,16/10/2024 16:58:05,23,9340170,5.261127,8388477,0.038687,12863701,10.781116,3154211,1.029055,98.432999,501.799988,80.934262,,0.297667,,161.868530,
Sample,16/10/2024 16:58:06,23,9340128,5.260896,8388477,0.038687,12863641,10.781789,3154211,1.029055,98.365997,500.399994,80.879164,,0.297667,,161.758331,
Sample,16/10/2024 16:58:07,23,9340134,5.260929,8388477,0.038687,12863616,10.782069,3154191,1.029048,98.357002,501.399994,80.871767,,0.297549,,161.743530,
Sample,16/10/2024 16:58:08,23,9340126,5.260885,8388482,0.038714,12863586,10.782406,3154151,1.029035,98.367004,499.700012,80.879992,,0.297313,,161.759979,
Sample,16/10/2024 16:58:09,23,9340129,5.260902,8388480,0.038703,12863560,10.782698,3154205,1.029053,98.410995,500.000000,80.916168,,0.297632,,161.832336,
Sample,16/10/2024 16:58:10,23,9340127,5.260891,8388481,0.038709,12863510,10.783258,3154166,1.029040,98.444008,499.799988,80.943316,,0.297402,,161.886627,
Sample,16/10/2024 16:58:11,23,9340118,5.260841,8388478,0.038692,12863465,10.783763,3154208,1.029054,98.550995,499.100006,81.031296,,0.297650,,162.062592,
Sample,16/10/2024 16:58:12,23,9340120,5.260852,8388483,0.038720,12863436,10.784088,3154201,1.029051,98.619003,498.700012,81.087222,,0.297608,,162.174438,
Sample,16/10/2024 16:58:13,23,9340109,5.260792,8388479,0.038698,12863386,10.784649,3154250,1.029067,98.688004,499.399994,81.143964,,0.297898,,162.287933,
Sample,16/10/2024 16:58:14,23,9340097,5.260726,8388477,0.038687,12863358,10.784963,3154229,1.029061,98.794998,501.500000,81.231950,,0.297774,,162.463898,
Sample,16/10/2024 16:58:15,23,9340098,5.260731,8388481,0.038709,12863329,10.785288,3154178,1.029044,98.949997,502.000000,81.359413,,0.297472,,162.718826,
Sample,16/10/2024 16:58:16,23,9340056,5.260500,8388478,0.038692,12863285,10.785782,3154258,1.029070,99.047005,501.299988,81.439186,,0.297945,,162.878372,
Sample,16/10/2024 16:58:17,23,9340099,5.260737,8388477,0.038687,12863242,10.786264,3154225,1.029059,99.061996,499.899994,81.451515,,0.297750,,162.903030,
Sample,16/10/2024 16:58:18,23,9340091,5.260693,8388475,0.038676,12863226,10.786444,3154256,1.029069,99.074997,501.399994,81.462206,,0.297933,,162.924408,
Sample,16/10/2024 16:58:19,23,9340085,5.260660,8388477,0.038687,12863162,10.787161,3154164,1.029039,99.125992,499.600006,81.504141,,0.297390,,163.008286,
Sample,16/10/2024 16:58:20,23,9340076,5.260610,8388480,0.038703,12863116,10.787677,3154238,1.029064,99.194008,500.899994,81.560074,,0.297827,,163.120148,
Sample,16/10/2024 16:58:21,23,9340056,5.260500,8388478,0.038692,12863078,10.788104,3154231,1.029061,99.257996,500.500000,81.612694,,0.297786,,163.225388,
Sample,16/10/2024 16:58:22,23,9340055,5.260495,8388483,0.038720,12863047,10.788451,3154143,1.029032,99.337997,502.899994,81.678483,,0.297266,,163.356964,
Sample,16/10/2024 16:58:23,23,9340068,5.260566,8388479,0.038698,12863010,10.788866,3154249,1.029067,99.392006,502.100006,81.722896,,0.297892,,163.445786,
Sample,16/10/2024 16:58:24,23,9340036,5.260390,8388478,0.038692,12862972,10.789292,3154206,1.029053,99.392998,499.899994,81.723712,,0.297638,,163.447418,
Sample,16/10/2024 16:58:25,23,9340048,5.260456,8388481,0.038709,12862922,10.789853,3154153,1.029036,99.459999,500.700012,81.778810,,0.297325,,163.557617,
Sample,16/10/2024 16:58:26,23,9340019,5.260297,8388481,0.038709,12862898,10.790122,3154227,1.029060,99.564003,500.500000,81.864337,,0.297762,,163.728668,
Sample,16/10/2024 16:58:27,23,9340038,5.260401,8388480,0.038703,12862851,10.790650,3154216,1.029056,99.605995,501.600006,81.898869,,0.297697,,163.797745,
Sample,16/10/2024 16:58:28,23,9340021,5.260308,8388481,0.038709,12862809,10.791121,3154167,1.029040,99.675003,500.799988,81.955617,,0.297407,,163.911240,
Sample,16/10/2024 16:58:29,23,9340015,5.260275,8388479,0.038698,12862759,10.791681,3154109,1.029021,99.735001,499.100006,82.004956,,0.297065,,164.009918,
Sample,16/10/2024 16:58:30,23,9340003,5.260209,8388478,0.038692,12862729,10.792018,3154194,1.029049,99.822998,500.700012,82.077320,,0.297567,,164.154633,
Sample,16/10/2024 16:58:31,23,9340018,5.260291,8388478,0.038692,12862720,10.792119,3154164,1.029039,100.020004,500.899994,82.239327,,0.297390,,164.478653,
Sample,16/10/2024 16:58:32,23,9339977,5.260066,8388477,0.038687,12862659,10.792803,3154232,1.029062,100.220001,499.799988,82.403793,,0.297791,,164.807587,
Sample,16/10/2024 16:58:33,23,9339984,5.260104,8388480,0.038703,12862625,10.793184,3154215,1.029056,100.300003,502.200012,82.469582,,0.297691,,164.939163,
Sample,16/10/2024 16:58:34,23,9339966,5.260005,8388479,0.038698,12862594,10.793532,3154176,1.029043,100.320000,502.700012,82.486026,,0.297461,,164.972046,
Sample,16/10/2024 16:58:35,23,9339984,5.260104,8388480,0.038703,12862540,10.794138,3154264,1.029072,100.360001,497.700012,82.518921,,0.297980,,165.037842,
Sample,16/10/2024 16:58:36,23,9339962,5.259983,8388479,0.038698,12862512,10.794452,3154220,1.029058,100.370003,500.500000,82.527146,,0.297721,,165.054291,
Sample,16/10/2024 16:58:37,23,9339963,5.259989,8388482,0.038714,12862473,10.794889,3154120,1.029025,100.400002,501.200012,82.551815,,0.297130,,165.103638,
Sample,16/10/2024 16:58:38,23,9339947,5.259901,8388481,0.038709,12862417,10.795517,3154184,1.029046,100.419998,500.600006,82.568260,,0.297508,,165.136520,
Sample,16/10/2024 16:58:39,23,9339932,5.259818,8388478,0.038692,12862387,10.795854,3154273,1.029075,100.419998,500.000000,82.568260,,0.298034,,165.136520,
Sample,16/10/2024 16:58:40,23,9339921,5.259758,8388482,0.038714,12862355,10.796212,3154196,1.029050,100.409996,500.700012,82.560034,,0.297579,,165.120071,
Sample,16/10/2024 16:58:41,23,9339926,5.259785,8388484,0.038725,12862317,10.796639,3154254,1.029069,100.379997,500.799988,82.535365,,0.297921,,165.070724,
Sample,16/10/2024 16:58:42,23,9339949,5.259912,8388479,0.038698,12862283,10.797020,3154176,1.029043,100.330002,499.100006,82.494252,,0.297461,,164.988510,
Sample,16/10/2024 16:58:43,23,9339910,5.259697,8388482,0.038714,12862263,10.797244,3154171,1.029042,100.340004,500.799988,82.502477,,0.297431,,165.004959,
Sample,16/10/2024 16:58:44,23,9339895,5.259615,8388480,0.038703,12862212,10.797816,3154154,1.029036,100.360001,502.100006,82.518921,,0.297331,,165.037842,
Sample,16/10/2024 16:58:45,23,9339891,5.259593,8388477,0.038687,12862177,10.798209,3154116,1.029023,100.349998,501.000000,82.510696,,0.297106,,165.021393,
Sample,16/10/2024 16:58:46,23,9339885,5.259560,8388478,0.038692,12862136,10.798669,3154277,1.029076,100.320000,500.000000,82.486026,,0.298057,,164.972046,
Sample,16/10/2024 16:58:47,23,9339889,5.259582,8388483,0.038720,12862090,10.799185,3154204,1.029052,100.279999,498.799988,82.453132,,0.297626,,164.906265,
Sample,16/10/2024 16:58:48,23,9339890,5.259588,8388482,0.038714,12862054,10.799588,3154304,1.029085,100.220001,499.500000,82.403793,,0.298217,,164.807587,
Sample,16/10/2024 16:58:49,23,9339909,5.259692,8388482,0.038714,12862030,10.799857,3154163,1.029039,100.190002,500.399994,82.379124,,0.297384,,164.758255,
Sample,16/10/2024 16:58:50,23,9339875,5.259505,8388484,0.038725,12861956,10.800687,3154315,1.029089,100.199997,499.200012,82.387343,,0.298282,,164.774689,
Sample,16/10/2024 16:58:51,23,9339855,5.259395,8388483,0.038720,12861925,10.801035,3154268,1.029073,100.220001,500.700012,82.403793,,0.298004,,164.807587,
Sample,16/10/2024 16:58:52,23,9339882,5.259544,8388482,0.038714,12861891,10.801416,3154178,1.029044,100.190002,501.100006,82.379124,,0.297472,,164.758255,
Sample,16/10/2024 16:58:53,23,9339874,5.259500,8388479,0.038698,12861864,10.801719,3154209,1.029054,100.090004,501.100006,82.296891,,0.297656,,164.593781,
Sample,16/10/2024 16:58:54,23,9339852,5.259379,8388482,0.038714,12861824,10.802168,3154220,1.029058,100.080002,501.500000,82.288666,,0.297721,,164.577332,
Sample,16/10/2024 16:58:55,23,9339859,5.259417,8388477,0.038687,12861778,10.802684,3154143,1.029032,100.110001,501.200012,82.313335,,0.297266,,164.626663,
Sample,16/10/2024 16:58:56,23,9339845,5.259340,8388483,0.038720,12861737,10.803144,3154293,1.029082,100.099998,500.899994,82.305110,,0.298152,,164.610214,
Sample,16/10/2024 16:58:57,23,9339816,5.259181,8388477,0.038687,12861711,10.803435,3154252,1.029068,99.974007,500.799988,82.201501,,0.297910,,164.403000,
Sample,16/10/2024 16:58:58,23,9339846,5.259346,8388477,0.038687,12861663,10.803974,3154258,1.029070,99.859001,499.500000,82.106927,,0.297945,,164.213852,
Sample,16/10/2024 16:58:59,23,9339859,5.259417,8388481,0.038709,12861627,10.804377,3154245,1.029066,99.797997,500.399994,82.056760,,0.297868,,164.113525,
Sample,16/10/2024 16:59:00,23,9339844,5.259335,8388482,0.038714,12861587,10.804826,3154257,1.029070,99.699997,498.100006,81.976171,,0.297939,,163.952347,
Sample,16/10/2024 16:59:01,23,9339850,5.259368,8388479,0.038698,12861565,10.805073,3154229,1.029061,99.527000,498.600006,81.833908,,0.297774,,163.667816,
Sample,16/10/2024 16:59:02,23,9339827,5.259241,8388481,0.038709,12861511,10.805678,3154210,1.029054,99.434998,500.600006,81.758250,,0.297661,,163.516495,
Sample,16/10/2024 16:59:03,23,9339829,5.259252,8388480,0.038703,12861483,10.805992,3154154,1.029036,99.422997,499.899994,81.748381,,0.297331,,163.496765,
Sample,16/10/2024 16:59:04,23,9339819,5.259197,8388478,0.038692,12861441,10.806463,3154269,1.029074,99.399002,499.799988,81.728649,,0.298010,,163.457306,
Sample,16/10/2024 16:59:05,23,9339812,5.259159,8388479,0.038698,12861420,10.806699,3154245,1.029066,99.413002,499.799988,81.740162,,0.297868,,163.480331,
Sample,16/10/2024 16:59:06,23,9339813,5.259164,8388479,0.038698,12861364,10.807327,3154205,1.029053,99.379997,500.500000,81.713021,,0.297632,,163.426041,
Sample,16/10/2024 16:59:07,23,9339799,5.259087,8388477,0.038687,12861335,10.807652,3154242,1.029065,99.350998,500.200012,81.689174,,0.297850,,163.378342,
Sample,16/10/2024 16:59:08,23,9339804,5.259115,8388478,0.038692,12861290,10.808157,3154297,1.029083,99.315002,499.200012,81.659573,,0.298175,,163.319153,
Sample,16/10/2024 16:59:09,23,9339797,5.259076,8388477,0.038687,12861239,10.808729,3154124,1.029026,99.220001,500.700012,81.581449,,0.297153,,163.162903,
Sample,16/10/2024 16:59:10,23,9339761,5.258878,8388478,0.038692,12861217,10.808975,3154291,1.029081,99.160995,499.700012,81.532926,,0.298140,,163.065857,
Sample,16/10/2024 16:59:11,23,9339787,5.259021,8388478,0.038692,12861152,10.809704,3154229,1.029061,99.099998,499.100006,81.482766,,0.297774,,162.965530,
Sample,16/10/2024 16:59:12,23,9339754,5.258840,8388475,0.038676,12861115,10.810119,3154293,1.029082,99.017998,498.200012,81.415333,,0.298152,,162.830658,
Sample,16/10/2024 16:59:13,23,9339776,5.258961,8388479,0.038698,12861055,10.810792,3154276,1.029076,99.025993,500.000000,81.421908,,0.298051,,162.843811,
Sample,16/10/2024 16:59:14,23,9339734,5.258730,8388479,0.038698,12861029,10.811084,3154248,1.029067,99.162003,500.899994,81.533754,,0.297886,,163.067505,
Sample,16/10/2024 16:59:15,23,9339746,5.258796,8388482,0.038714,12860998,10.811432,3154311,1.029088,98.955994,500.799988,81.364344,,0.298258,,162.728683,
Sample,16/10/2024 16:59:16,23,9339756,5.258851,8388482,0.038714,12860954,10.811925,3154346,1.029099,98.894005,499.399994,81.313368,,0.298465,,162.626740,
Sample,16/10/2024 16:59:17,23,9339755,5.258845,8388476,0.038681,12860900,10.812531,3154277,1.029076,99.057999,501.700012,81.448227,,0.298057,,162.896454,
Sample,16/10/2024 16:59:18,23,9339743,5.258779,8388484,0.038725,12860863,10.812946,3154337,1.029096,99.007004,500.700012,81.406292,,0.298411,,162.812592,
Sample,16/10/2024 16:59:19,23,9339740,5.258763,8388481,0.038709,12860831,10.813305,3154259,1.029070,98.992004,500.600006,81.393957,,0.297951,,162.787918,
Sample,16/10/2024 16:59:20,23,9340733,5.264222,8388485,0.038731,12859199,10.831607,3127308,1.020213,792.679993,1628.500000,1463.417269,,0.133288,,2926.834473,
Sample,16/10/2024 16:59:21,23,9339717,5.258636,8388483,0.038720,12853738,10.892844,3126655,1.019999,8.121401,4333.799805,3750.098725,,0.129150,,7500.197266,
Sample,16/10/2024 16:59:22,23,9339699,5.258537,8388481,0.038709,12850450,10.929710,3126370,1.019905,14.856000,4113.700195,3564.057350,,0.127342,,7128.114746,
Sample,16/10/2024 16:59:23,23,9339697,5.258526,8388477,0.038687,12847832,10.959061,3126061,1.019804,16.997000,4151.000000,3595.585379,,0.125379,,7191.170898,
Sample,16/10/2024 16:59:24,23,9339687,5.258471,8388473,0.038665,12845591,10.984184,3125905,1.019752,18.896999,4183.899902,3623.394348,,0.124388,,7246.788574,
Sample,16/10/2024 16:59:25,23,9339684,5.258455,8388481,0.038709,12842417,11.019763,3125957,1.019769,20.160000,4204.399902,3640.722176,,0.124719,,7281.444336,
Sample,16/10/2024 16:59:26,23,9339684,5.258455,8388479,0.038698,12839895,11.048032,3125853,1.019735,22.328999,4251.500000,3680.534000,,0.124058,,7361.067871,
Sample,16/10/2024 16:59:27,23,9341052,5.265976,8388479,0.038698,12837757,11.071995,3126458,1.019934,23.556002,4274.000000,3699.552348,,0.127900,,7399.104492,
Sample,16/10/2024 16:59:28,23,9341470,5.268274,8388481,0.038709,12835720,11.094824,3126396,1.019914,24.882000,4318.799805,3737.419826,,0.127507,,7474.839844,
Sample,16/10/2024 16:59:29,23,9341638,5.269198,8388479,0.038698,12832073,11.135695,3126757,1.020032,27.493000,4391.899902,3799.208408,,0.129797,,7598.416992,
Sample,16/10/2024 16:59:30,23,9341719,5.269643,8388477,0.038687,12826538,11.197717,3126478,1.019941,27.913998,4444.299805,3843.499944,,0.128027,,7687.000000,
Sample,16/10/2024 16:59:31,23,9341786,5.270012,8388480,0.038703,12817104,11.303410,3127558,1.020296,26.413998,4918.299805,4244.153139,,0.134870,,8488.306641,
Sample,16/10/2024 16:59:32,23,9341855,5.270391,8388476,0.038681,12805849,11.429475,3127096,1.020144,33.564999,5056.299805,4360.799006,,0.131945,,8721.597656,
Sample,16/10/2024 16:59:33,23,9341907,5.270677,8388481,0.038709,12791838,11.586368,3127564,1.020298,38.141998,5325.600098,4588.427746,,0.134908,,9176.855469,
Sample,16/10/2024 16:59:34,23,9341961,5.270974,8388483,0.038720,12778944,11.730716,3127969,1.020431,44.122002,5395.399902,4647.426722,,0.137468,,9294.853516,
Sample,16/10/2024 16:59:35,23,9341994,5.271155,8388480,0.038703,12767133,11.862913,3127639,1.020322,52.527000,5409.200195,4659.091557,,0.135382,,9318.183594,
Sample,16/10/2024 16:59:36,23,9342045,5.271435,8388480,0.038703,12754366,12.005783,3127977,1.020433,57.077995,5461.200195,4703.045072,,0.137519,,9406.089844,
Sample,16/10/2024 16:59:37,23,9342089,5.271677,8388481,0.038709,12743498,12.127384,3127127,1.020154,57.579998,5509.600098,4743.955569,,0.132141,,9487.911133,
Sample,16/10/2024 16:59:38,23,9342177,5.272161,8388479,0.038698,12572542,14.039725,3128349,1.020556,3.373800,3727.800049,3237.871429,,0.139868,,6475.742676,
Sample,16/10/2024 16:59:39,23,9343400,5.278885,8388478,0.038692,12371581,16.295141,3129111,1.020806,2317.300049,3688.600098,3204.737282,,0.144673,,6409.474609,
Sample,16/10/2024 16:59:40,23,9343282,5.278236,8388485,0.038731,12176957,18.500350,3128753,1.020688,2727.600098,2853.800049,2499.114272,,0.142417,,4998.228516,
Sample,16/10/2024 16:59:41,23,9343529,5.279594,8388478,0.038692,11914974,21.525707,3129376,1.020893,2455.300049,2935.399902,2568.087356,,0.146342,,5136.174805,
Sample,16/10/2024 16:59:42,23,9342490,5.273882,8388481,0.038709,11656040,24.610738,3127165,1.020166,18.316999,3514.000000,3057.154820,,0.132382,,6114.309570,
Sample,16/10/2024 16:59:43,23,9342430,5.273552,8388478,0.038692,11575626,25.593339,3128351,1.020556,58.357994,4120.799805,3570.058365,,0.139881,,7140.116699,
Sample,16/10/2024 16:59:44,23,9342442,5.273618,8388479,0.038698,11579511,25.545567,3128225,1.020515,228.899994,4412.000000,3816.198215,,0.139085,,7632.396484,
Sample,16/10/2024 16:59:45,23,9343589,5.279924,8388478,0.038692,11516899,26.319354,3130753,1.021346,3273.100098,2835.600098,2483.730583,,0.154992,,4967.460938,
Sample,16/10/2024 16:59:46,23,9343601,5.279990,8388481,0.038709,11384722,27.981671,3130253,1.021181,2832.699951,2794.500000,2448.990318,,0.151855,,4897.980469,
Sample,16/10/2024 16:59:47,23,9343803,5.281101,8388482,0.038714,11324921,28.747586,3129478,1.020927,4141.799805,3177.100098,2772.386841,,0.146984,,5544.773438,
Sample,16/10/2024 16:59:48,23,9342700,5.275037,8388479,0.038698,11295769,29.124276,3131012,1.021431,48.284000,2770.199951,2428.450461,,0.156616,,4856.900879,
Sample,16/10/2024 16:59:49,23,9342632,5.274663,8388481,0.038709,11310824,28.929465,3128548,1.020621,97.279999,3278.600098,2858.180721,,0.141124,,5716.361328,
Sample,16/10/2024 16:59:50,23,9342627,5.274635,8388480,0.038703,11344458,28.496368,3128388,1.020568,17.261000,2221.000000,1964.233763,,0.140114,,3928.467529,
Sample,16/10/2024 16:59:51,23,9342626,5.274630,8388480,0.038703,11386767,27.955637,3130213,1.021168,127.090004,2806.000000,2458.710807,,0.151604,,4917.421387,
Sample,16/10/2024 16:59:52,23,9342638,5.274696,8388482,0.038714,11430037,27.407167,3129878,1.021058,0.463900,2735.000000,2398.697354,,0.149499,,4797.394531,
Sample,16/10/2024 16:59:53,23,9342688,5.274971,8388483,0.038720,11473124,26.865419,3129377,1.020893,0.216900,2681.100098,2353.137928,,0.146348,,4706.275879,
Sample,16/10/2024 16:59:54,23,9342699,5.275031,8388478,0.038692,11515745,26.333695,3129397,1.020900,0.045500,2541.500000,2235.139562,,0.146474,,4470.279297,
Sample,16/10/2024 16:59:55,23,9342701,5.275042,8388484,0.038725,11558184,25.808201,3128595,1.020636,0.044000,2503.100098,2202.681665,,0.141420,,4405.363281,
Sample,16/10/2024 16:59:56,23,9342713,5.275108,8388480,0.038703,11602033,25.269236,3128946,1.020752,0.030900,2497.699951,2198.117137,,0.143633,,4396.234375,
Sample,16/10/2024 16:59:57,23,9342725,5.275174,8388476,0.038681,11644858,24.746610,3128871,1.020727,0.038200,2494.300049,2195.243336,,0.143161,,4390.486816,
Sample,16/10/2024 16:59:58,23,9342737,5.275240,8388481,0.038709,11688162,24.221748,3129119,1.020809,0.041600,2493.199951,2194.313468,,0.144723,,4388.626953,
Sample,16/10/2024 16:59:59,23,9342758,5.275355,8388476,0.038681,11733366,23.677558,3129113,1.020807,0.120300,2494.399902,2195.327738,,0.144686,,4390.655273,
Sample,16/10/2024 17:00:00,23,9342764,5.275388,8388476,0.038681,11777390,23.151034,3129280,1.020861,0.246800,2493.600098,2194.651696,,0.145737,,4389.303223,
Sample,16/10/2024 17:00:01,23,9342769,5.275416,8388481,0.038709,11819997,22.644550,3129021,1.020776,0.035000,2493.399902,2194.482479,,0.144106,,4388.964844,
Sample,16/10/2024 17:00:02,23,9342786,5.275509,8388480,0.038703,11857806,22.197527,3128586,1.020633,0.121500,2494.800049,2195.665966,,0.141364,,4391.332031,
Sample,16/10/2024 17:00:03,23,9342785,5.275504,8388476,0.038681,11890847,21.808658,3128902,1.020737,0.257900,2495.199951,2196.003988,,0.143356,,4392.007812,
Sample,16/10/2024 17:00:04,23,9342790,5.275531,8388477,0.038687,11917439,21.496845,3128872,1.020727,0.124800,2493.699951,2194.736098,,0.143167,,4389.472168,
Sample,16/10/2024 17:00:05,23,9342816,5.275674,8388483,0.038720,11941328,21.217575,3128842,1.020718,0.166200,2495.199951,2196.003988,,0.142978,,4392.007812,
Sample,16/10/2024 17:00:06,23,9342819,5.275691,8388480,0.038703,11963889,20.954540,3128847,1.020719,0.357700,2516.199951,2213.754446,,0.143009,,4427.508789,
Sample,16/10/2024 17:00:07,23,9342838,5.275795,8388485,0.038731,11984144,20.718961,3128866,1.020725,0.437100,2509.699951,2208.260256,,0.143129,,4416.520508,
Sample,16/10/2024 17:00:08,23,9342843,5.275823,8388482,0.038714,12002118,20.510350,3128758,1.020690,0.360900,2510.000000,2208.513875,,0.142448,,4417.027832,
Sample,16/10/2024 17:00:09,23,9341759,5.269863,8388478,0.038692,12018404,20.321677,3128825,1.020712,0.320600,2509.600098,2208.175854,,0.142871,,4416.351562,
Sample,16/10/2024 17:00:10,23,9340978,5.265569,8388480,0.038703,12034042,20.140813,3128719,1.020677,0.266800,2508.199951,2206.992366,,0.142203,,4413.984863,
Sample,16/10/2024 17:00:11,23,9340884,5.265052,8388482,0.038714,12050776,19.947592,3128723,1.020678,0.250600,2509.000000,2207.668616,,0.142228,,4415.337402,
Sample,16/10/2024 17:00:12,23,9340800,5.264591,8388482,0.038714,12066547,19.765784,3128657,1.020657,0.331000,2508.800049,2207.499605,,0.141812,,4414.999023,
Sample,16/10/2024 17:00:13,23,9340738,5.264250,8388485,0.038731,12082556,19.581518,3128665,1.020659,0.332600,2510.600098,2209.021114,,0.141862,,4418.041992,
Sample,16/10/2024 17:00:14,23,9340684,5.263953,8388485,0.038731,12098263,19.400998,3128725,1.020679,0.345600,2510.899902,2209.274527,,0.142240,,4418.548828,
Sample,16/10/2024 17:00:15,23,9340636,5.263689,8388479,0.038698,12112900,19.233010,3128613,1.020642,0.365700,2509.100098,2207.753224,,0.141534,,4415.506348,
Sample,16/10/2024 17:00:16,23,9340578,5.263370,8388483,0.038720,12126805,19.073628,3128536,1.020617,0.319900,2509.800049,2208.344865,,0.141048,,4416.689941,
Sample,16/10/2024 17:00:17,23,9340552,5.263227,8388484,0.038725,12139656,18.926500,3128617,1.020644,0.351200,2509.100098,2207.753224,,0.141559,,4415.506348,
Sample,16/10/2024 17:00:18,23,9340511,5.263002,8388481,0.038709,12151634,18.789512,3128502,1.020606,0.337700,2510.300049,2208.767495,,0.140834,,4417.535156,
Sample,16/10/2024 17:00:19,23,9340461,5.262727,8388481,0.038709,12163399,18.655093,3128480,1.020599,0.304900,2509.899902,2208.429267,,0.140695,,4416.858398,
Sample,16/10/2024 17:00:20,23,9340448,5.262655,8388479,0.038698,12175877,18.512670,3128437,1.020584,0.335700,2510.300049,2208.767495,,0.140424,,4417.535156,
Sample,16/10/2024 17:00:21,23,9340423,5.262518,8388481,0.038709,12188138,18.372862,3128359,1.020559,0.185400,2502.800049,2202.428045,,0.139931,,4404.855957,
Sample,16/10/2024 17:00:22,23,9340389,5.262331,8388481,0.038709,12198500,18.254812,3128453,1.020590,0.371500,2510.899902,2209.274527,,0.140525,,4418.548828,
Sample,16/10/2024 17:00:23,23,9340356,5.262150,8388479,0.038698,12207949,18.147244,3128470,1.020595,0.344700,2506.600098,2205.640074,,0.140632,,4411.280273,
Sample,16/10/2024 17:00:24,23,9340357,5.262155,8388476,0.038681,12217688,18.036454,3128271,1.020530,0.237300,2507.300049,2206.231715,,0.139376,,4412.463379,
Sample,16/10/2024 17:00:25,23,9340305,5.261869,8388479,0.038698,12226461,17.936722,3128338,1.020552,0.299100,2508.800049,2207.499605,,0.139799,,4414.999023,
Sample,16/10/2024 17:00:26,23,9340286,5.261765,8388478,0.038692,12234179,17.849034,3128280,1.020533,0.372000,2507.199951,2206.147106,,0.139433,,4412.294434,
Sample,16/10/2024 17:00:27,23,9340256,5.261600,8388478,0.038692,12241387,17.767184,3128329,1.020549,0.288000,2508.100098,2206.907964,,0.139742,,4413.815918,
Sample,16/10/2024 17:00:28,23,9340244,5.261534,8388483,0.038720,12248391,17.687690,3128241,1.020520,0.325000,2507.300049,2206.231715,,0.139186,,4412.463379,
Sample,16/10/2024 17:00:29,23,9340231,5.261462,8388478,0.038692,12254956,17.613213,3128227,1.020515,0.339400,2508.300049,2207.076975,,0.139098,,4414.153809,
Sample,16/10/2024 17:00:30,23,9340206,5.261325,8388477,0.038687,12261335,17.540877,3128213,1.020511,0.277500,2509.500000,2208.091246,,0.139010,,4416.182617,
Sample,16/10/2024 17:00:31,23,9340177,5.261165,8388474,0.038670,12267435,17.471734,3128168,1.020496,0.243700,2507.399902,2206.316117,,0.138725,,4412.632324,
Sample,16/10/2024 17:00:32,23,9340152,5.261028,8388478,0.038692,12273261,17.405722,3128225,1.020515,0.221600,2508.199951,2206.992366,,0.139085,,4413.984863,
Sample,16/10/2024 17:00:33,23,9340136,5.260940,8388476,0.038681,12278757,17.343472,3128099,1.020473,0.190900,2510.199951,2208.682886,,0.138290,,4417.365723,
Sample,16/10/2024 17:00:34,23,9340135,5.260935,8388479,0.038698,12284055,17.283485,3128171,1.020497,0.291200,2509.399902,2208.006637,,0.138744,,4416.013184,
Sample,16/10/2024 17:00:35,23,9340107,5.260781,8388478,0.038692,12288922,17.228396,3127993,1.020439,0.240900,2507.199951,2206.147106,,0.137620,,4412.294434,
Sample,16/10/2024 17:00:36,23,9340095,5.260715,8388478,0.038692,12293564,17.175869,3127994,1.020439,0.305600,2509.100098,2207.753224,,0.137626,,4415.506348,
Sample,16/10/2024 17:00:37,23,9340080,5.260632,8388481,0.038709,12299058,17.113720,3127991,1.020438,0.270200,2506.199951,2205.301847,,0.137607,,4410.603516,
Sample,16/10/2024 17:00:38,23,9340062,5.260533,8388480,0.038703,12304715,17.049749,3127938,1.020420,0.327200,2508.000000,2206.823356,,0.137272,,4413.646484,
Sample,16/10/2024 17:00:39,23,9340048,5.260456,8388481,0.038709,12310262,16.987043,3127917,1.020414,0.233500,2508.300049,2207.076975,,0.137140,,4414.153809,
Sample,16/10/2024 17:00:40,23,9340028,5.260346,8388476,0.038681,12315432,16.928617,3127968,1.020430,0.266000,2508.500000,2207.245986,,0.137462,,4414.492188,
Sample,16/10/2024 17:00:41,23,9340028,5.260346,8388481,0.038709,12320323,16.873359,3127887,1.020404,0.317400,2508.699951,2207.414996,,0.136950,,4414.830078,
Sample,16/10/2024 17:00:42,23,9339989,5.260132,8388476,0.038681,12324953,16.821065,3127778,1.020368,0.280000,2507.899902,2206.738747,,0.136261,,4413.477539,
Sample,16/10/2024 17:00:43,23,9339985,5.260110,8388477,0.038687,12328880,16.776721,3127760,1.020362,0.219800,2508.600098,2207.330594,,0.136147,,4414.661133,
Sample,16/10/2024 17:00:44,23,9339967,5.260011,8388481,0.038709,12332655,16.734103,3127748,1.020358,0.316900,2507.199951,2206.147106,,0.136071,,4412.294434,
Sample,16/10/2024 17:00:45,23,9339951,5.259923,8388481,0.038709,12336574,16.689868,3127736,1.020354,0.331000,2509.500000,2208.091246,,0.135995,,4416.182617,
Sample,16/10/2024 17:00:46,23,9339922,5.259763,8388482,0.038714,12340641,16.643973,3127560,1.020296,0.315500,2506.800049,2205.809085,,0.134882,,4411.618164,
Sample,16/10/2024 17:00:47,23,9339912,5.259708,8388478,0.038692,12344478,16.600683,3127522,1.020284,0.221000,2507.500000,2206.400726,,0.134642,,4412.801270,
Sample,16/10/2024 17:00:48,23,9339905,5.259670,8388482,0.038714,12347737,16.563920,3127591,1.020306,0.263000,2508.699951,2207.414996,,0.135078,,4414.830078,
Sample,16/10/2024 17:00:49,23,9339903,5.259659,8388478,0.038692,12350623,16.531371,3127491,1.020274,0.320800,2509.500000,2208.091246,,0.134446,,4416.182617,
Sample,16/10/2024 17:00:50,23,9339873,5.259494,8388480,0.038703,12353324,16.500912,3127441,1.020257,0.260200,2508.399902,2207.161377,,0.134129,,4414.322754,
Sample,16/10/2024 17:00:51,23,9339856,5.259401,8388483,0.038720,12355969,16.471089,3127426,1.020252,0.315000,2508.800049,2207.499605,,0.134034,,4414.999023,
Sample,16/10/2024 17:00:52,23,9339863,5.259439,8388477,0.038687,12358526,16.442262,3127353,1.020228,0.261600,2509.100098,2207.753224,,0.133572,,4415.506348,
Sample,16/10/2024 17:00:53,23,9339852,5.259379,8388479,0.038698,12361154,16.412638,3127359,1.020230,0.285000,2508.500000,2207.245986,,0.133610,,4414.492188,
Sample,16/10/2024 17:00:54,23,9339832,5.259269,8388482,0.038714,12363950,16.381125,3127257,1.020197,0.277300,2509.000000,2207.668616,,0.132965,,4415.337402,
Sample,16/10/2024 17:00:55,23,9339831,5.259263,8388475,0.038676,12367004,16.346710,3127300,1.020211,0.302600,2509.399902,2208.006637,,0.133237,,4416.013184,
Sample,16/10/2024 17:00:56,23,9339813,5.259164,8388480,0.038703,12369735,16.315938,3127229,1.020187,0.286500,2508.199951,2206.992366,,0.132787,,4413.984863,
Sample,16/10/2024 17:00:57,23,9339804,5.259115,8388484,0.038725,12371997,16.290454,3127155,1.020163,0.290000,2508.800049,2207.499605,,0.132319,,4414.999023,
Sample,16/10/2024 17:00:58,23,9339792,5.259049,8388483,0.038720,12374133,16.266392,3127075,1.020137,0.279700,2508.300049,2207.076975,,0.131812,,4414.153809,
Sample,16/10/2024 17:00:59,23,9339805,5.259120,8388480,0.038703,12376186,16.243268,3127064,1.020133,0.253900,2509.300049,2207.922235,,0.131742,,4415.844238,
Sample,16/10/2024 17:01:00,23,9339780,5.258983,8388478,0.038692,12377696,16.226261,3127006,1.020114,0.233600,2506.100098,2205.217444,,0.131375,,4410.435059,
Sample,16/10/2024 17:01:01,23,9339761,5.258878,8388479,0.038698,12378984,16.211755,3126969,1.020102,0.318900,2505.699951,2204.879217,,0.131140,,4409.758301,
Sample,16/10/2024 17:01:02,23,9339738,5.258752,8388484,0.038725,12380892,16.190269,3126859,1.020066,0.261400,2504.399902,2203.780337,,0.130443,,4407.560547,
Sample,16/10/2024 17:01:03,23,9339742,5.258774,8388483,0.038720,12382457,16.172646,3126870,1.020069,0.267800,2508.399902,2207.161377,,0.130513,,4414.322754,
Sample,16/10/2024 17:01:04,23,9339722,5.258664,8388481,0.038709,12384304,16.151850,3126887,1.020075,0.211300,2506.800049,2205.809085,,0.130621,,4411.618164,
Sample,16/10/2024 17:01:05,23,9339714,5.258620,8388484,0.038725,12387292,16.118211,3126800,1.020046,0.237800,2507.199951,2206.147106,,0.130069,,4412.294434,
Sample,16/10/2024 17:01:06,23,9339698,5.258532,8388479,0.038698,12390073,16.086906,3126799,1.020046,0.198900,2507.300049,2206.231715,,0.130063,,4412.463379,
Sample,16/10/2024 17:01:07,23,9339680,5.258433,8388485,0.038731,12392273,16.062144,3126757,1.020032,0.270800,2506.199951,2205.301847,,0.129797,,4410.603516,
Sample,16/10/2024 17:01:08,23,9339687,5.258471,8388485,0.038731,12393942,16.043361,3126628,1.019990,0.254600,2503.399902,2202.935078,,0.128979,,4405.870117,
Sample,16/10/2024 17:01:09,23,9339681,5.258438,8388478,0.038692,12395384,16.027133,3126624,1.019989,0.226700,2503.399902,2202.935078,,0.128953,,4405.870117,
Sample,16/10/2024 17:01:10,23,9339668,5.258367,8388483,0.038720,12396983,16.009140,3126607,1.019983,0.229400,2504.300049,2203.695935,,0.128845,,4407.392090,
Sample,16/10/2024 17:01:11,23,9339676,5.258411,8388479,0.038698,12398728,15.989505,3126518,1.019954,0.221900,2504.699951,2204.033957,,0.128281,,4408.067871,
Sample,16/10/2024 17:01:12,23,9339666,5.258356,8388484,0.038725,12400261,15.972257,3126486,1.019943,0.256500,2505.100098,2204.372184,,0.128078,,4408.744141,
Sample,16/10/2024 17:01:13,23,9339630,5.258158,8388479,0.038698,12401752,15.955482,3126384,1.019910,0.252700,2504.399902,2203.780337,,0.127430,,4407.560547,
Sample,16/10/2024 17:01:14,23,9339606,5.258026,8388480,0.038703,12403506,15.935750,3126446,1.019930,0.221700,2504.800049,2204.118565,,0.127824,,4408.237305,
Sample,16/10/2024 17:01:15,23,9339629,5.258153,8388478,0.038692,12405003,15.918911,3126414,1.019920,0.221100,2503.699951,2203.188697,,0.127621,,4406.377441,
Sample,16/10/2024 17:01:16,23,9339597,5.257977,8388478,0.038692,12406168,15.905807,3126257,1.019868,0.255000,2506.300049,2205.386455,,0.126624,,4410.772949,
Sample,16/10/2024 17:01:17,23,9339583,5.257900,8388478,0.038692,12407100,15.895324,3126235,1.019861,0.259600,2506.399902,2205.470857,,0.126485,,4410.941895,
Sample,16/10/2024 17:01:18,23,9339602,5.258004,8388483,0.038720,12408121,15.883840,3126258,1.019868,0.267300,2504.899902,2204.202967,,0.126631,,4408.405762,
