VERSION,5.2,AQUAtalk:V4.42,OS:V6.2,,,,,,,,,,,,,
LOGGER TYPE,AQUAlogger 310TYPT5 max50m ,,,,,,,,,,,,,,,
LOGGER,2554-327,,,,,,,,,,,,,,,
REGIME,,,,,,,,,,,,,,,,
REGIME TITLE, Logging Mode, Start At, Burst Mode, Interval, Samples Per Burst, Within Burst Sample Rate, Samples Per Average, Intermittent Logging, Hours per Day, Days per Month, Months per Year,,,,,
Pilot 25 April 2023 site 7, Triggered Logging, NA, Disabled, 1.000000 Seconds,NA, NA,1, Disabled, NA, NA, NA, NA,,,,
[LOGGER CHANNEL 0],Disabled,,,,,,,,,,,,,,,
,,,,,,,,,,,,,,,,
,,,,,,,,,,,,,,,,
[LOGGER CHANNEL 1],Disabled,,,,,,,,,,,,,,,
,,,,,,,,,,,,,,,,
,,,,,,,,,,,,,,,,
[LOGGER CHANNEL 2],Battery        ,06/03/2023,,,,,,,,,,,,,,
COEFFS,-46.089977,5.50E-06,0,0,0,,,,,,,,,,,
Channel Setup, Not Averaged, Gain x1, Interval Multiplier x20,,,,,,,,,,,,,
[LOGGER CHANNEL 3],Disabled,,,,,,,,,,,,,,,
,,,,,,,,,,,,,,,,
,,,,,,,,,,,,,,,,
[LOGGER CHANNEL 4],Temperature    ,13/03/2023,,,,,,,,,,,,,,
COEFFS,967.58575,-0.000220028,1.91E-11,-7.06E-19,8.06E-27,,,,,,,,,,,
Channel Setup, Not Averaged, Gain x1, Interval Multiplier x1,,,,,,,,,,,,,
[LOGGER CHANNEL 5],Pressure       ,09/03/2023,,,,,,,,,,,,,,
COEFFS,-0.002612514,3.25E-07,5.64E-16,-1.06E-23,0,,,,,,,,,,,
Channel Setup, Not Averaged, Gain x1, Interval Multiplier x1,,,,,,,,,,,,,
[LOGGER CHANNEL 6],Turbidity,09/03/2023,,,,,,,,,,,,,,
COEFFS Raw1,-0.011529949,0.82234406,0,0,0,COEFFS Raw2,86.911514,0.8452599,0,0,0,Transition Raw2,1080.2458,,,
Channel Setup, Not Averaged, Gain x1, Keep Powered, Interval Multiplier x1,,,,,,,,,,,,
[LOGGER CHANNEL 7],Disabled,,,,,,,,,,,,,,,
,,,,,,,,,,,,,,,,
,,,,,,,,,,,,,,,,
[LOGGER CHANNEL 8],Depth       ,Not Calibrated,,,,,,,,,,,,,,
COEFFS,51.507366,1.0135,1,0,0,,,,,,,,,,,
Channel Setup, Not Averaged, Gain x5,,,,,,,,,,,,,,
[LOGGER CHANNEL 9],SSC         ,User Cal Req'd,,,,,,,,,,,,,,
COEFFS,0,2,0,0,0,,,,,,,,,,,
Channel Setup, Not Averaged, Gain x1,,,,,,,,,,,,,,
START TIME, 25/04/2023 14:51:49,,,,,,,,,,,,,,,
STOP TIME, 25/04/2023 15:21:02,,,,,,,,,,,,,,,
HEADING, Timecode,,Battery        , , Temperature    , , Pressure       , , Turbidity, , , Depth       , , SSC         , , 
UNITS, [dd/MM/yyyy HH:mm:ss],[ms], Raw, V      , Raw, °C     , Raw, bar    , Raw1,Raw2, FTU    , Raw, m      , Raw, mg/l   , 
Sample,25/04/2023 15:01,23,,,12665793,12.996524,3202392,1.04489,0.1115,3083.899902,2693.608452,,0.56797,,5387.216797,
Sample,25/04/2023 15:01,23,,,12665311,13.001914,3202643,1.044973,0.0208,3083.899902,2693.608452,,0.569313,,5387.216797,
Sample,25/04/2023 15:01,23,,,12664939,13.006074,3202679,1.044985,0.0869,3080.399902,2690.650043,,0.569505,,5381.300293,
Sample,25/04/2023 15:01,23,,,12664838,13.007204,3203253,1.045173,0.1093,3088.5,2697.49673,,0.572573,,5394.993652,
Sample,25/04/2023 15:01,23,,,12665884,12.995506,3206180,1.046135,0.0161,3082.100098,2692.08715,,0.588167,,5384.174316,
Sample,25/04/2023 15:01,23,,,12667969,12.972188,3201354,1.044549,0.0287,3086.100098,2695.468189,,0.562412,,5390.936523,
Sample,25/04/2023 15:01,23,,,12668938,12.96135,3202850,1.045041,0.0791,3083.300049,2693.10142,,0.570419,,5386.202637,
Sample,25/04/2023 15:02,23,,,12669241,12.957962,3203448,1.045237,0.0571,3084.199951,2693.862072,,0.573614,,5387.724121,
Sample,25/04/2023 15:02,23,,,12669621,12.953712,3202309,1.044863,0.0006,3096.199951,2704.00519,,0.567526,,5408.010254,
Sample,25/04/2023 15:02,23,,,12669642,12.953477,3201886,1.044724,0.0871,3070.300049,2682.113041,,0.565262,,5364.226074,
Sample,25/04/2023 15:02,23,,,12670104,12.94831,3201648,1.044646,0.5236,3076.600098,2687.43822,,0.563988,,5374.876465,
Sample,25/04/2023 15:02,23,,,12670505,12.943825,3201973,1.044753,0.0317,3074.899902,2686.001113,,0.565728,,5372.002441,
Sample,25/04/2023 15:02,23,,,12671171,12.936377,3202049,1.044778,0.0556,3076.600098,2687.43822,,0.566135,,5374.876465,
Sample,25/04/2023 15:02,23,,,12672665,12.919668,3202362,1.04488,0.117,3033.5,2651.007436,,0.56781,,5302.014648,
Sample,25/04/2023 15:02,23,,,12674406,12.900197,3202227,1.044836,0.1003,3742.5,3250.296708,,0.567087,,6500.593262,
Sample,25/04/2023 15:02,23,,,12675930,12.883153,3202083,1.044789,0.1229,3601.699951,3131.284072,,0.566317,,6262.568359,
Sample,25/04/2023 15:02,23,,,12678111,12.858762,3202112,1.044798,1.2676,3815,3311.578051,,0.566472,,6623.15625,
Sample,25/04/2023 15:02,23,,,12681205,12.824159,3202575,1.04495,1.9303,3231,2817.946267,,0.568949,,5635.892578,
Sample,25/04/2023 15:02,23,9416553,5.681071,12689417,12.732316,3202505,1.044927,1.9732,-263.5,1.611119,,0.568575,,3.222239,
Sample,25/04/2023 15:02,23,,,12700056,12.613328,3202004,1.044763,0.893,3364.600098,2930.873073,,0.565894,,5861.746094,
Sample,25/04/2023 15:02,23,,,12711060,12.490251,3201025,1.044441,0.0769,3572,3106.179894,,0.560648,,6212.359863,
Sample,25/04/2023 15:02,23,,,12720787,12.38145,3201288,1.044527,0.1285,3126.399902,2729.531998,,0.562058,,5459.063965,
Sample,25/04/2023 15:02,23,,,12728034,12.300385,3200720,1.044341,0.0048,3110.600098,2716.177057,,0.559012,,5432.354004,
Sample,25/04/2023 15:02,23,,,12734127,12.232224,3201834,1.044707,5.9774,667.099976,4.903949,,0.564984,,9.807899,
Sample,25/04/2023 15:02,23,,,12751363,12.039385,3274590,1.068624,2.3727,-63.470001,1.939646,,0.933207,,3.879292,
Sample,25/04/2023 15:02,23,,,12766797,11.866673,3236299,1.056036,1.9077,-62.390003,1.557256,,0.74432,,3.114511,
Sample,25/04/2023 15:02,23,,,12774166,11.784198,3253805,1.06179,2.3221,-67.770004,1.898035,,0.831873,,3.796071,
Sample,25/04/2023 15:02,23,,,12777910,11.74229,3257234,1.062918,2.5509,-65.520004,2.086188,,0.848777,,4.172375,
Sample,25/04/2023 15:02,23,,,12780976,11.70797,3309716,1.080172,2.2496,-67.389999,1.838415,,1.098936,,3.67683,
Sample,25/04/2023 15:02,23,,,12782566,11.690171,3287497,1.072867,2.2247,-67.409996,1.817939,,0.994855,,3.635878,
Sample,25/04/2023 15:02,23,,,12783211,11.682951,3298172,1.076377,1.7634,-65.720001,1.438591,,1.045167,,2.877183,
Sample,25/04/2023 15:02,23,,,12783484,11.679895,3297769,1.076244,2.5826,-68.120003,2.112256,,1.043278,,4.224512,
Sample,25/04/2023 15:02,23,,,12783719,11.677264,3300574,1.077166,2.154,-68.080002,1.759799,,1.056408,,3.519598,
Sample,25/04/2023 15:02,23,,,12784346,11.670245,3353842,1.094681,1.6859,-65.290001,1.37486,,1.29908,,2.74972,
Sample,25/04/2023 15:02,23,,,12785162,11.66111,3390286,1.106666,1.6957,-67.830002,1.382919,,1.458956,,2.765838,
Sample,25/04/2023 15:02,23,,,12786180,11.649713,3386433,1.105399,1.9699,-69.490005,1.608406,,1.442254,,3.216811,
Sample,25/04/2023 15:02,23,,,12786243,11.649008,3378393,1.102755,2.288,-68.830002,1.869993,,1.407257,,3.739987,
Sample,25/04/2023 15:02,23,,,12786347,11.647844,3401819,1.110458,2.4133,-66.909996,1.973033,,1.508685,,3.946066,
Sample,25/04/2023 15:02,23,9416228,5.679284,12786952,11.64107,3454874,1.127908,3.0561,-68.020004,2.501636,,1.732929,,5.003272,
Sample,25/04/2023 15:02,23,,,12788253,11.626505,3510874,1.146329,3.3906,-69.790001,2.77671,,1.962936,,5.553419,
Sample,25/04/2023 15:02,23,,,12789785,11.609353,3515690,1.147914,2.1271,-69.07,1.737678,,1.982447,,3.475356,
Sample,25/04/2023 15:02,23,,,12791231,11.593164,3543929,1.157204,2.4237,-70.32,1.981585,,2.096099,,3.963171,
Sample,25/04/2023 15:02,23,,,12794711,11.5542,3627795,1.184799,1.9223,-67.690002,1.569262,,2.427115,,3.138524,
Sample,25/04/2023 15:02,23,,,12797692,11.520821,3656052,1.194099,2.0304,-68.5,1.658157,,2.536812,,3.316315,
Sample,25/04/2023 15:02,23,,,12799052,11.505592,3653923,1.193398,2.0665,-68.330002,1.687844,,2.528575,,3.375688,
Sample,25/04/2023 15:02,23,,,12799482,11.500777,3712776,1.212768,2.6874,-70.169998,2.198437,,2.754754,,4.396875,
Sample,25/04/2023 15:02,23,,,12801537,11.477765,3758767,1.227907,2.1026,-70.020004,1.717531,,2.929545,,3.435061,
Sample,25/04/2023 15:02,23,,,12802642,11.46539,3747509,1.224201,2.6913,-68.770004,2.201645,,2.886901,,4.403289,
Sample,25/04/2023 15:02,23,,,12802542,11.46651,3759235,1.228061,2.4106,-69.550003,1.970813,,2.931316,,3.941626,
Sample,25/04/2023 15:02,23,,,12802855,11.463005,3774650,1.233136,4.2447,-67.43,3.479074,,2.98956,,6.958148,
Sample,25/04/2023 15:02,23,,,12803521,11.455547,3794172,1.239563,2.215,-71.790001,1.809962,,3.0631,,3.619924,
Sample,25/04/2023 15:02,23,,,12804312,11.446688,3808241,1.244195,2.0753,-69.979996,1.695081,,3.115952,,3.390161,
Sample,25/04/2023 15:02,23,,,12806650,11.420504,3945120,1.289269,2.3467,-69.770004,1.918265,,3.624731,,3.83653,
Sample,25/04/2023 15:02,23,,,12811164,11.369947,3958901,1.293808,2.5207,-69.970001,2.061353,,3.675488,,4.122705,
Sample,25/04/2023 15:02,23,,,12813559,11.34312,3974941,1.299092,2.8454,-70.559998,2.328368,,3.734474,,4.656735,
Sample,25/04/2023 15:02,23,,,12815290,11.323731,4049355,1.323605,2.7804,-68.759995,2.274915,,4.006945,,4.54983,
Sample,25/04/2023 15:02,23,,,12817022,11.304329,4082395,1.334491,2.0353,-69.540001,1.662187,,4.127362,,3.324374,
Sample,25/04/2023 15:02,23,,,12818108,11.292163,4114917,1.345207,2.2623,-68.400002,1.848859,,4.24559,,3.697718,
Sample,25/04/2023 15:02,23,9416040,5.678251,12819212,11.279795,4155949,1.358728,2.9873,-67.559998,2.445059,,4.394363,,4.890117,
Sample,25/04/2023 15:02,23,,,12819981,11.27118,4231709,1.383697,2.6155,-70.959999,2.139311,,4.668033,,4.278622,
Sample,25/04/2023 15:02,23,,,12820678,11.263372,4241758,1.387009,2.3694,-71.93,1.936932,,4.704242,,3.873864,
Sample,25/04/2023 15:02,23,,,12821321,11.256168,4249167,1.389451,1.9919,-68.509995,1.626497,,4.730927,,3.252995,
Sample,25/04/2023 15:02,23,,,12821889,11.249805,4239624,1.386306,2.7856,-70.900002,2.279192,,4.696554,,4.558383,
Sample,25/04/2023 15:02,23,,,12821869,11.250029,4270894,1.396613,2.4811,-68.159996,2.028788,,4.809119,,4.057576,
Sample,25/04/2023 15:02,23,,,12822678,11.240965,4380046,1.4326,2.8129,-71.279999,2.301642,,5.200704,,4.603283,
Sample,25/04/2023 15:02,23,,,12824213,11.223767,4409511,1.442316,3.6045,-70.889999,2.952609,,5.306095,,5.905219,
Sample,25/04/2023 15:02,23,,,12824925,11.21579,4452507,1.456495,2.4059,-70.809998,1.966948,,5.45967,,3.933895,
Sample,25/04/2023 15:03,23,,,12825628,11.207913,4417690,1.445013,2.7629,-69.490005,2.260524,,5.335328,,4.521049,
Sample,25/04/2023 15:03,23,,,12825452,11.209885,4435177,1.45078,2.354,-70.580002,1.924268,,5.397799,,3.848536,
Sample,25/04/2023 15:03,23,,,12825753,11.206513,4559357,1.491739,2.3854,-70.879997,1.95009,,5.840346,,3.900179,
Sample,25/04/2023 15:03,23,,,12826591,11.197123,4566985,1.494255,3.2193,-72.120003,2.635842,,5.867474,,5.271685,
Sample,25/04/2023 15:03,23,,,12826746,11.195387,4565526,1.493774,3.0081,-71.32,2.462163,,5.862286,,4.924326,
Sample,25/04/2023 15:03,23,,,12827251,11.189728,4584266,1.499956,3.031,-68.889999,2.480995,,5.92891,,4.96199,
Sample,25/04/2023 15:03,23,,,12827962,11.181762,4698980,1.537807,5.2328,-71.139999,4.291632,,6.336026,,8.583263,
Sample,25/04/2023 15:03,23,,,12828778,11.172618,4760349,1.558061,2.8934,-71.639999,2.36784,,6.553372,,4.735681,
Sample,25/04/2023 15:03,23,,,12829088,11.169145,4771759,1.561827,2.4149,-71.330002,1.974349,,6.593751,,3.948697,
Sample,25/04/2023 15:03,23,,,12828892,11.171341,4767457,1.560407,3.0169,-71.129997,2.4694,,6.578528,,4.9388,
Sample,25/04/2023 15:03,23,,,12828514,11.175576,4845963,1.586321,4.8849,-70.900002,4.005539,,6.856134,,8.011077,
Sample,25/04/2023 15:03,23,9415869,5.677311,12828782,11.172573,4898540,1.60368,3.5868,-71.150002,2.938054,,7.041832,,5.876108,
Sample,25/04/2023 15:03,23,,,12828973,11.170433,4897118,1.60321,3.1039,-71.270004,2.540944,,7.036812,,5.081887,
Sample,25/04/2023 15:03,23,,,12828894,11.171318,4911690,1.608021,4.3153,-69.559998,3.537131,,7.088252,,7.074262,
Sample,25/04/2023 15:03,23,,,12828893,11.17133,4926893,1.613041,2.8877,-72.099998,2.363153,,7.141906,,4.726306,
Sample,25/04/2023 15:03,23,,,12828726,11.173201,4963807,1.625231,3.317,-69.809998,2.716185,,7.272131,,5.432371,
Sample,25/04/2023 15:03,23,,,12828961,11.170568,5085435,1.665401,2.7408,-70.709999,2.242351,,7.700729,,4.484702,
Sample,25/04/2023 15:03,23,,,12829649,11.162858,5139581,1.683288,4.4388,-71.559998,3.638691,,7.89132,,7.277381,
Sample,25/04/2023 15:03,23,,,12829841,11.160707,5158764,1.689625,3.027,-71.360001,2.477705,,7.958815,,4.955411,
Sample,25/04/2023 15:03,23,,,12829736,11.161883,5284158,1.73106,3.3121,-71.199997,2.712156,,8.399682,,5.424312,
Sample,25/04/2023 15:03,23,,,12830046,11.15841,5274147,1.727751,2.9311,-71.610001,2.398843,,8.364504,,4.797686,
Sample,25/04/2023 15:03,23,,,12829964,11.159329,5316256,1.741668,3.2831,-70.93,2.688308,,8.51245,,5.376616,
Sample,25/04/2023 15:03,23,,,12830067,11.158174,5395837,1.767972,3.8419,-71.360001,3.147834,,8.791907,,6.295667,
Sample,25/04/2023 15:03,23,,,12830313,11.155418,5553373,1.820059,3.5976,-70.610001,2.946935,,9.344629,,5.89387,
Sample,25/04/2023 15:03,23,,,12830813,11.149815,5536190,1.814377,2.4173,-71.300003,1.976322,,9.284369,,3.952645,
Sample,25/04/2023 15:03,23,,,12830579,11.152437,5527545,1.811518,3.6145,-71.900002,2.960833,,9.254049,,5.921665,
Sample,25/04/2023 15:03,23,,,12830124,11.157536,5563189,1.823305,3.2617,-70.889999,2.670709,,9.37905,,5.341419,
Sample,25/04/2023 15:03,23,,,12830034,11.158544,5619737,1.842007,2.8754,-72.639999,2.353038,,9.577305,,4.706076,
Sample,25/04/2023 15:03,23,,,12830223,11.156426,5769568,1.891571,3.9519,-69.849998,3.238292,,10.102322,,6.476583,
Sample,25/04/2023 15:03,23,,,12830929,11.148515,5774343,1.893151,7.1031,-70.379997,5.829662,,10.119048,,11.659324,
Sample,25/04/2023 15:03,23,,,12830885,11.149008,5760949,1.888719,4.4115,-68.370003,3.616241,,10.072131,,7.232482,
Sample,25/04/2023 15:03,23,9415746,5.676634,12830767,11.15033,5667374,1.857763,2.5481,-71.610001,2.083885,,9.74427,,4.16777,
Sample,25/04/2023 15:03,23,,,12830542,11.152852,5676021,1.860623,2.8133,-69.509995,2.301971,,9.774573,,4.603941,
Sample,25/04/2023 15:03,23,,,12830695,11.151137,5699047,1.86824,2.237,-73.529999,1.828054,,9.85526,,3.656107,
Sample,25/04/2023 15:03,23,,,12830730,11.150745,5689897,1.865214,2.9697,-70.690002,2.430585,,9.823198,,4.861171,
Sample,25/04/2023 15:03,23,,,12830730,11.150745,5613697,1.840009,3.1569,-73.509995,2.584528,,9.556132,,5.169056,
Sample,25/04/2023 15:03,23,,,12830581,11.152415,5490361,1.799223,3.5514,-71.580002,2.908943,,9.123619,,5.817885,
Sample,25/04/2023 15:03,23,,,12830973,11.148022,5507030,1.804734,3.5442,-72.490005,2.903022,,9.182092,,5.806043,
Sample,25/04/2023 15:03,23,,,12830991,11.14782,5509468,1.80554,2.7372,-69.740005,2.23939,,9.190644,,4.47878,
Sample,25/04/2023 15:03,23,,,12830594,11.152269,5493809,1.800363,2.9264,-71.25,2.394977,,9.135714,,4.789955,
Sample,25/04/2023 15:03,23,,,12830130,11.157468,5514662,1.807258,3.1287,-72.659996,2.561338,,9.208863,,5.122675,
Sample,25/04/2023 15:03,23,,,12829949,11.159497,5512709,1.806612,2.0466,-71.330002,1.671479,,9.202013,,3.342959,
Sample,25/04/2023 15:03,23,,,12829811,11.161043,5484198,1.797185,3.7332,-73.409996,3.058445,,9.101997,,6.11689,
Sample,25/04/2023 15:03,23,,,12830301,11.155552,5284594,1.731204,2.6938,-74.759995,2.2037,,8.401214,,4.407401,
Sample,25/04/2023 15:03,23,,,12831038,11.147294,5288216,1.732401,2.5376,-73.009995,2.07525,,8.41394,,4.150501,
Sample,25/04/2023 15:03,23,,,12831250,11.144918,5294462,1.734465,3.0908,-70.75,2.530171,,8.435886,,5.060342,
Sample,25/04/2023 15:03,23,,,12831224,11.145209,5278977,1.729347,2.1821,-73.419998,1.782907,,8.381477,,3.565814,
Sample,25/04/2023 15:03,23,,,12831014,11.147562,5290904,1.733289,4.1318,-72.849998,3.386231,,8.423385,,6.772463,
Sample,25/04/2023 15:03,23,,,12830818,11.149759,5301487,1.736787,1.8849,-73.25,1.538506,,8.460567,,3.077013,
Sample,25/04/2023 15:03,23,,,12830951,11.148268,5093495,1.668063,2.3055,-71.220001,1.884384,,7.729107,,3.768769,
Sample,25/04/2023 15:03,23,,,12831505,11.14206,5047689,1.652933,2.9659,-73.870003,2.42746,,7.567792,,4.85492,
Sample,25/04/2023 15:03,23,9415621,5.675947,12832027,11.136211,5051760,1.654278,2.5125,-70.520004,2.05461,,7.582132,,4.109219,
Sample,25/04/2023 15:03,23,,,12831888,11.137768,5079782,1.663534,3.7465,-71.540001,3.069382,,7.680824,,6.138764,
Sample,25/04/2023 15:03,23,,,12831797,11.138788,5051807,1.654293,2.861,-73.159996,2.341196,,7.582298,,4.682393,
Sample,25/04/2023 15:03,23,,,12831472,11.14243,5076845,1.662564,2.2868,-73.150002,1.869006,,7.670481,,3.738013,
Sample,25/04/2023 15:03,23,,,12831551,11.141545,4945488,1.619181,2.6175,-73.370003,2.140955,,7.207514,,4.281911,
Sample,25/04/2023 15:03,23,,,12831747,11.139348,4774459,1.562718,3.1345,-71.68,2.566108,,6.603305,,5.132215,
Sample,25/04/2023 15:03,23,,,12831620,11.140772,4798437,1.570633,2.6036,-73.949997,2.129525,,6.688126,,4.25905,
Sample,25/04/2023 15:03,23,,,12831290,11.14447,4796127,1.56987,3.1056,-73.43,2.542342,,6.679957,,5.084683,
Sample,25/04/2023 15:03,23,,,12830787,11.150106,4811067,1.574802,4.2245,-70.970001,3.462463,,6.732789,,6.924925,
Sample,25/04/2023 15:04,23,,,12830620,11.151978,4828296,1.580489,3.5174,-72.740005,2.880983,,6.793697,,5.761966,
Sample,25/04/2023 15:04,23,,,12830551,11.152751,4778135,1.563931,3.0585,-73,2.503609,,6.616311,,5.007219,
Sample,25/04/2023 15:04,23,,,12830312,11.155429,4493715,1.470086,2.4411,-71.440002,1.995894,,5.606638,,3.991788,
Sample,25/04/2023 15:04,23,,,12831297,11.144391,4529808,1.481991,2.9069,-74.370003,2.378942,,5.7352,,4.757884,
Sample,25/04/2023 15:04,23,,,12831980,11.136737,4539747,1.48527,3.6354,-73.279999,2.978019,,5.770577,,5.956038,
Sample,25/04/2023 15:04,23,,,12831923,11.137376,4549156,1.488374,3.931,-72.770004,3.221105,,5.804057,,6.44221,
Sample,25/04/2023 15:04,23,,,12831884,11.137813,4569385,1.495047,2.2725,-73.209999,1.857247,,5.876008,,3.714494,
Sample,25/04/2023 15:04,23,,,12831768,11.139113,4524612,1.480277,2.1909,-72.400002,1.790144,,5.716701,,3.580287,
Sample,25/04/2023 15:04,23,,,12831524,11.141847,4367152,1.428348,3.058,-73.25,2.503198,,5.154545,,5.006396,
Sample,25/04/2023 15:04,23,,,12831097,11.146632,4279090,1.399315,3.0112,-71.68,2.464712,,4.838592,,4.929425,
Sample,25/04/2023 15:04,23,,,12830399,11.154454,4275097,1.397999,2.8454,-73.93,2.328368,,4.824234,,4.656735,
Sample,25/04/2023 15:04,23,9415511,5.675342,12829831,11.160819,4268513,1.395828,2.8525,-74.120003,2.334206,,4.800554,,4.668413,
Sample,25/04/2023 15:04,23,,,12829509,11.164427,4274404,1.39777,2.042,-72.490005,1.667697,,4.821742,,3.335393,
Sample,25/04/2023 15:04,23,,,12829631,11.16306,4288890,1.402546,2.6134,-72.889999,2.137584,,4.873817,,4.275168,
Sample,25/04/2023 15:04,23,,,12829902,11.160023,4050748,1.324064,2.8315,-71.599998,2.316937,,4.012029,,4.633874,
Sample,25/04/2023 15:04,23,,,12830002,11.158903,4006575,1.309512,3.0185,-73.080002,2.470716,,3.850532,,4.941432,
Sample,25/04/2023 15:04,23,,,12830029,11.1586,4010553,1.310822,2.5201,-71.629997,2.060859,,3.865102,,4.121719,
Sample,25/04/2023 15:04,23,,,12829670,11.162623,4010693,1.310869,4.2472,-73.75,3.48113,,3.865614,,6.96226,
Sample,25/04/2023 15:04,23,,,12829451,11.165077,4015125,1.312329,2.698,-72.979996,2.207154,,3.88184,,4.414309,
Sample,25/04/2023 15:04,23,,,12829166,11.16827,3988585,1.303586,3.0331,-70.690002,2.482722,,3.784575,,4.965444,
Sample,25/04/2023 15:04,23,,,12828649,11.174064,3706646,1.21075,2.5019,-71.309998,2.045893,,2.731335,,4.091785,
Sample,25/04/2023 15:04,23,,,12827068,11.191779,3758155,1.227706,2.8696,-73.779999,2.348269,,2.927229,,4.696537,
Sample,25/04/2023 15:04,23,,,12826002,11.203723,3762567,1.229158,2.1403,-71.529999,1.748533,,2.943919,,3.497066,
Sample,25/04/2023 15:04,23,,,12825649,11.207678,3763156,1.229352,4.088,-71.709999,3.350212,,2.946146,,6.700425,
Sample,25/04/2023 15:04,23,,,12825806,11.205919,3768418,1.231084,2.0651,-72.220001,1.686693,,2.966032,,3.373386,
Sample,25/04/2023 15:04,23,,,12825454,11.209863,3556634,1.161384,1.8676,-72.490005,1.52428,,2.146838,,3.048559,
Sample,25/04/2023 15:04,23,,,12818974,11.282462,3446772,1.125243,1.8641,-72.809998,1.521402,,1.699123,,3.042803,
Sample,25/04/2023 15:04,23,,,12810330,11.379288,3484286,1.137583,1.965,-72.300003,1.604376,,1.854484,,3.208752,
Sample,25/04/2023 15:04,23,,,12805087,11.438009,3480593,1.136368,2.1891,-73.050003,1.788663,,1.839317,,3.577327,
Sample,25/04/2023 15:04,23,,,12802955,11.461885,3485276,1.137909,2.3883,-72.229996,1.952474,,1.858545,,3.904949,
Sample,25/04/2023 15:04,23,,,12802371,11.468425,3483600,1.137357,2.2757,-71.949997,1.859879,,1.851669,,3.719757,
Sample,25/04/2023 15:04,23,9415418,5.674831,12802388,11.468235,3454935,1.127928,2.2988,-72.150002,1.878875,,1.733183,,3.757749,
Sample,25/04/2023 15:04,23,,,12802104,11.471415,3270957,1.067429,2.1514,-66.709999,1.757661,,0.915685,,3.515322,
Sample,25/04/2023 15:04,23,,,12800888,11.485032,3316829,1.082511,2.1568,-73.669998,1.762102,,1.131755,,3.524204,
Sample,25/04/2023 15:04,23,,,12800039,11.49454,3300779,1.077234,1.8241,-73.169998,1.488508,,1.057366,,2.977016,
Sample,25/04/2023 15:04,23,,,12799811,11.497093,3289431,1.073503,3.4239,-73.479996,2.804094,,1.004014,,5.608188,
Sample,25/04/2023 15:04,23,,,12799821,11.496981,3290856,1.073971,2.2124,-72.590004,1.807824,,1.01075,,3.615648,
Sample,25/04/2023 15:04,23,,,12799868,11.496455,3252842,1.061474,2.5239,-73.470001,2.063984,,0.827112,,4.127968,
Sample,25/04/2023 15:04,23,,,12800082,11.494058,3201268,1.044521,382.139984,2444.199951,2152.895732,,0.561951,,4305.791504,
Sample,25/04/2023 15:04,23,,,12802645,11.465357,3201034,1.044444,3.0778,2791.600098,2446.539147,,0.560697,,4893.078125,
Sample,25/04/2023 15:04,23,,,12808189,11.403268,3200116,1.044142,20.812,2788.899902,2444.25678,,0.55577,,4888.513672,
Sample,25/04/2023 15:04,23,,,12814425,11.33342,3200010,1.044107,16.389999,2808.699951,2460.992968,,0.5552,,4921.98584,
Sample,25/04/2023 15:04,23,,,12818653,11.286058,3200815,1.044372,10.659,2839.300049,2486.858003,,0.559522,,4973.71582,
Sample,25/04/2023 15:04,23,,,12813047,11.348855,3449580,1.126167,5.9456,-55.190002,4.877799,,1.710856,,9.755598,
Sample,25/04/2023 15:04,23,,,12810807,11.373945,3567923,1.165098,2.325,-71.860001,1.90042,,2.19173,,3.80084,
Sample,25/04/2023 15:04,23,,,12811386,11.36746,3627470,1.184692,2.1839,-72.139999,1.784387,,2.425849,,3.568774,
Sample,25/04/2023 15:04,23,,,12814690,11.330452,3793099,1.23921,2.6624,-73.349998,2.177879,,3.059064,,4.355757,
Sample,25/04/2023 15:04,23,,,12819842,11.272738,3998671,1.306908,2.1897,-72.470001,1.789157,,3.821567,,3.578314,
Sample,25/04/2023 15:04,23,,,12824110,11.224921,4199098,1.372948,2.3021,-71.279999,1.881588,,4.550384,,3.763176,
Sample,25/04/2023 15:04,23,,,12828167,11.179465,4395290,1.437626,3.297,-71.520004,2.699739,,5.255244,,5.399477,
Sample,25/04/2023 15:04,23,,,12831060,11.147047,4618042,1.5111,2.3174,-72.520004,1.89417,,6.048904,,3.78834,
Sample,25/04/2023 15:04,23,9415330,5.674347,12832630,11.129453,4810770,1.574704,2.3071,-73.040001,1.8857,,6.731739,,3.7714,
Sample,25/04/2023 15:04,23,,,12833673,11.117765,4998554,1.636705,2.6681,-70.729996,2.182566,,7.394646,,4.365132,
Sample,25/04/2023 15:04,23,,,12834357,11.1101,5147062,1.685759,2.8661,-72.159996,2.34539,,7.917643,,4.690781,
Sample,25/04/2023 15:04,23,,,12834707,11.106177,5290428,1.733132,2.7571,-73.970001,2.255755,,8.421712,,4.51151,
Sample,25/04/2023 15:04,23,,,12835112,11.101638,5392352,1.76682,3.7162,-69.979996,3.044465,,8.779672,,6.08893,
Sample,25/04/2023 15:04,23,,,12835183,11.100843,5599406,1.835282,3.1183,-72.229996,2.552786,,9.506032,,5.105571,
Sample,25/04/2023 15:04,23,,,12835022,11.102647,5704434,1.870022,4.8061,-72.169998,3.940738,,9.874136,,7.881475,
Sample,25/04/2023 15:04,23,,,12835309,11.099431,5727496,1.877652,93.004005,65.729996,76.469762,,9.954938,,152.939529,
Sample,25/04/2023 15:04,23,,,12835200,11.100652,5728286,1.877913,415.279968,238.899994,341.491487,,9.957705,,682.982971,
Sample,25/04/2023 15:05,23,,,12834796,11.10518,5723796,1.876428,152.480011,89.840004,125.379502,,9.941975,,250.759003,
Sample,25/04/2023 15:05,23,,,12834302,11.110716,5715422,1.873657,58.584999,4.152,48.165496,,9.912635,,96.330994,
Sample,25/04/2023 15:05,23,,,12834271,11.111063,5693006,1.866242,62.125999,-38.209999,51.077417,,9.834092,,102.154831,
Sample,25/04/2023 15:05,23,,,12834422,11.109371,5711240,1.872274,75.729996,4.407,62.264583,,9.897983,,124.529167,
Sample,25/04/2023 15:05,23,,,12834878,11.104261,5710889,1.872158,6.0754,-70.870003,4.984539,,9.896753,,9.969078,
Sample,25/04/2023 15:05,23,,,12835275,11.099812,5700611,1.868758,5.1899,-71.830002,4.256353,,9.86074,,8.512707,
Sample,25/04/2023 15:05,23,,,12835472,11.097604,5659833,1.855269,4.5706,-70.860001,3.747076,,9.717842,,7.494152,
Sample,25/04/2023 15:05,23,,,12835475,11.09757,5617691,1.84133,3.9376,-71.590004,3.226532,,9.570133,,6.453064,
Sample,25/04/2023 15:05,23,,,12835346,11.099016,5576118,1.827581,3.9582,-72.090004,3.243472,,9.424384,,6.486945,
Sample,25/04/2023 15:05,23,,,12835169,11.101,5534461,1.813805,6.7735,-72.449997,5.558618,,9.278305,,11.117235,
Sample,25/04/2023 15:05,23,,,12835228,11.100338,5514512,1.807208,3.7391,-72.82,3.063297,,9.208337,,6.126594,
Sample,25/04/2023 15:05,23,9415183,5.673539,12835109,11.101672,5455455,1.787682,3.8696,-73.740005,3.170613,,9.001149,,6.341226,
Sample,25/04/2023 15:05,23,,,12835031,11.102546,5465937,1.791147,2.6314,-71.620003,2.152386,,9.037929,,4.304772,
Sample,25/04/2023 15:05,23,,,12835087,11.101919,5430702,1.779498,3.011,-74.150002,2.464548,,8.914284,,4.929096,
Sample,25/04/2023 15:05,23,,,12834978,11.10314,5331986,1.746867,2.3675,-73.889999,1.935369,,8.567702,,3.870739,
Sample,25/04/2023 15:05,23,,,12834838,11.104709,5308240,1.739018,4.0919,-72.43,3.35342,,8.484291,,6.706839,
Sample,25/04/2023 15:05,23,,,12835046,11.102378,5304540,1.737796,3.939,-71.909996,3.227683,,8.471292,,6.455367,
Sample,25/04/2023 15:05,23,,,12835121,11.101537,5300324,1.736402,3.5697,-72.580002,2.923991,,8.456481,,5.847983,
Sample,25/04/2023 15:05,23,,,12835181,11.100865,5202808,1.704178,3.1308,-71.82,2.563065,,8.11373,,5.12613,
Sample,25/04/2023 15:05,23,,,12835106,11.101706,5126689,1.679029,2.9083,-71.650002,2.380093,,7.845952,,4.760187,
Sample,25/04/2023 15:05,23,,,12834954,11.103409,5111954,1.674161,2.232,-72.199997,1.823942,,7.794089,,3.647884,
Sample,25/04/2023 15:05,23,,,12834735,11.105863,5098971,1.669872,2.3441,-72.900002,1.916127,,7.748386,,3.832253,
Sample,25/04/2023 15:05,23,,,12834466,11.108878,4969350,1.627061,3.7476,-71.900002,3.070287,,7.291679,,6.140574,
Sample,25/04/2023 15:05,23,,,12834422,11.109371,4896721,1.603079,3.4196,-71.970001,2.800558,,7.035411,,5.601116,
Sample,25/04/2023 15:05,23,,,12834822,11.104888,4893858,1.602134,2.9265,-72.43,2.39506,,7.025303,,4.79012,
Sample,25/04/2023 15:05,23,,,12834959,11.103353,4872914,1.595219,2.9253,-71.509995,2.394073,,6.951344,,4.788146,
Sample,25/04/2023 15:05,23,,,12834975,11.103174,4706964,1.540442,3.0243,-73.540001,2.475485,,6.364319,,4.950971,
Sample,25/04/2023 15:05,23,,,12834603,11.107343,4706603,1.540323,3.6879,-71.900002,3.021193,,6.36304,,6.042385,
Sample,25/04/2023 15:05,23,,,12834476,11.108766,4716009,1.543427,1.9173,-72.18,1.56515,,6.396366,,3.130301,
Sample,25/04/2023 15:05,23,,,12834534,11.108116,4718991,1.544411,3.0618,-71.599998,2.506323,,6.40693,,5.012646,
Sample,25/04/2023 15:05,23,,,12834642,11.106906,4499258,1.471914,2.6106,-73.080002,2.135281,,5.626392,,4.270563,
Sample,25/04/2023 15:05,23,9415107,5.673121,12834865,11.104406,4471512,1.462763,4.3979,-75.25,3.605057,,5.527477,,7.210114,
Sample,25/04/2023 15:05,23,,,12834928,11.1037,4470476,1.462421,1.962,-71.479996,1.601909,,5.523782,,3.203818,
Sample,25/04/2023 15:05,23,,,12834757,11.105617,4448600,1.455206,2.8731,-73.75,2.351147,,5.445725,,4.702293,
Sample,25/04/2023 15:05,23,,,12834556,11.107869,4189571,1.369808,3.0948,-73.909996,2.533461,,4.515971,,5.066921,
Sample,25/04/2023 15:05,23,,,12833734,11.117081,4207409,1.375687,5.6385,-69.309998,4.625257,,4.580388,,9.250514,
Sample,25/04/2023 15:05,23,,,12833020,11.125083,4170437,1.363502,2.7574,-72.82,2.256002,,4.446797,,4.512003,
Sample,25/04/2023 15:05,23,,,12831940,11.137186,3923922,1.282288,2.5387,-74.639999,2.076155,,3.546506,,4.152309,
Sample,25/04/2023 15:05,23,,,12830104,11.15776,3934844,1.285885,2.6345,-72.809998,2.154936,,3.586833,,4.309871,
Sample,25/04/2023 15:05,23,,,12828364,11.177257,3923432,1.282126,2.8215,-71.770004,2.308714,,3.544695,,4.617428,
Sample,25/04/2023 15:05,23,,,12826318,11.200182,3939937,1.287562,2.5402,-73.529999,2.077388,,3.605621,,4.154777,
Sample,25/04/2023 15:05,23,,,12824546,11.220036,3681785,1.202568,2.4467,-71.720001,2.000499,,2.636034,,4.000998,
Sample,25/04/2023 15:05,23,,,12820422,11.26624,3643319,1.189908,1.8719,-72.790001,1.527816,,2.487482,,3.055632,
Sample,25/04/2023 15:05,23,,,12811268,11.368782,3646216,1.190862,1.7625,-73.940002,1.437852,,2.498719,,2.875703,
Sample,25/04/2023 15:05,23,,,12806761,11.419261,3653805,1.193359,2.0253,-73.040001,1.653964,,2.528118,,3.307927,
Sample,25/04/2023 15:05,23,,,12804524,11.444314,3611442,1.179418,2.1825,-71.849998,1.783236,,2.363244,,3.566472,
Sample,25/04/2023 15:05,23,,,12803035,11.460989,3341301,1.090557,1.9728,-72.43,1.61079,,1.242996,,3.221581,
Sample,25/04/2023 15:05,23,,,12802450,11.46754,3378937,1.102933,2.2863,-72.800003,1.868595,,1.409632,,3.737191,
Sample,25/04/2023 15:05,23,,,12802390,11.468212,3221459,1.051158,1.3816,-71.559998,1.124621,,0.668321,,2.249241,
Sample,25/04/2023 15:05,23,,,12803072,11.460575,3229592,1.053831,2.9981,-72.459999,2.45394,,0.710186,,4.907879,
Sample,25/04/2023 15:05,23,,,12803905,11.451246,3202817,1.04503,1.1501,-375.5,0.934248,,0.570243,,1.868496,
Sample,25/04/2023 15:05,23,9415033,5.672714,12805387,11.434649,3201595,1.044628,9.0214,2793,2447.722429,,0.563704,,4895.444824,
Sample,25/04/2023 15:05,23,,,12807795,11.40768,3200283,1.044197,0.4114,3289.300049,2867.224961,,0.556667,,5734.449707,
Sample,25/04/2023 15:05,23,,,12816358,11.311767,3199432,1.043917,0.099,2882.699951,2523.542201,,0.552093,,5047.084473,
Sample,25/04/2023 15:05,23,,,12824353,11.222199,3200263,1.04419,0.095,2884,2524.64108,,0.556559,,5049.282227,
Sample,25/04/2023 15:05,23,,,12831475,11.142397,3200577,1.044294,0.0598,3375.699951,2940.255334,,0.558245,,5880.510742,
Sample,25/04/2023 15:05,23,,,12837140,11.07891,3200175,1.044162,0.3275,3558.199951,3094.515266,,0.556087,,6189.030762,
Sample,25/04/2023 15:05,23,,,12841291,11.032384,3200113,1.044141,0.4589,3002.199951,2624.550759,,0.555754,,5249.101562,
Sample,25/04/2023 15:05,23,,,12842909,11.014248,3199840,1.044051,0.2263,2939,2571.130375,,0.554287,,5142.260742,
Sample,25/04/2023 15:05,23,,,12843197,11.01102,3201170,1.044489,0.2563,2929.600098,2563.185014,,0.561426,,5126.370117,
Sample,25/04/2023 15:06,23,,,12842644,11.017219,3200890,1.044397,0.2766,2927.899902,2561.747907,,0.559924,,5123.495605,
Sample,25/04/2023 15:06,23,,,12841785,11.026847,3202269,1.04485,0.5715,2910.899902,2547.378489,,0.567312,,5094.756836,
Sample,25/04/2023 15:06,23,,,12840669,11.039356,3206311,1.046178,0.1636,1894.800049,1688.510023,,0.588863,,3377.02002,
Sample,25/04/2023 15:06,23,,,12839429,11.053255,3206045,1.046091,0.0392,2935.5,2568.171965,,0.58745,,5136.34375,
Sample,25/04/2023 15:06,23,,,12837687,11.072779,3204997,1.045746,107.169998,12824,10926.52453,,0.581874,,21853.04883,
Sample,25/04/2023 15:06,23,,,12835518,11.097088,3201269,1.044521,3.5785,3222.100098,2810.423536,,0.561957,,5620.847168,
Sample,25/04/2023 15:06,23,,,12833514,11.119547,3205163,1.045801,0.0518,3092.199951,2700.624151,,0.582758,,5401.248535,
Sample,25/04/2023 15:06,23,,,12831797,11.138788,3206217,1.046148,0.0595,3052.899902,2667.405395,,0.588364,,5334.810547,
Sample,25/04/2023 15:06,23,,,12830158,11.157155,3207319,1.04651,0.047,2686.800049,2357.955868,,0.594214,,4715.911621,
Sample,25/04/2023 15:06,23,,,12828628,11.174299,3206790,1.046336,23.876999,4757,4107.812882,,0.591407,,8215.625977,
Sample,25/04/2023 15:06,23,,,12827289,11.189302,3206970,1.046395,0.0012,3208.699951,2799.09693,,0.592362,,5598.193848,
Sample,25/04/2023 15:06,23,9415026,5.672676,12825809,11.205885,3204479,1.045576,1.9401,3228.300049,2815.664106,,0.579114,,5631.328125,
Sample,25/04/2023 15:06,23,,,12824021,11.225919,3206107,1.046111,0.0797,2667.800049,2341.89593,,0.587779,,4683.791992,
Sample,25/04/2023 15:06,23,,,12822258,11.245671,3206463,1.046228,0.0275,2613.899902,2296.336297,,0.589671,,4592.672363,
Sample,25/04/2023 15:06,23,,,12820640,11.263798,3206593,1.046271,0.0398,2587,2273.598888,,0.590361,,4547.197754,
Sample,25/04/2023 15:06,23,,,12819291,11.27891,3206903,1.046373,0.0891,2545.399902,2238.435994,,0.592007,,4476.87207,
Sample,25/04/2023 15:06,23,,,12818089,11.292376,3207031,1.046415,0.041,2545,2238.097972,,0.592686,,4476.195801,
Sample,25/04/2023 15:06,23,,,12816931,11.305348,3207262,1.046491,0.0221,2531.699951,2226.855974,,0.593911,,4453.711914,
Sample,25/04/2023 15:06,23,,,12815899,11.316909,3207101,1.046438,0.0368,2518.199951,2215.444965,,0.593057,,4430.890137,
Sample,25/04/2023 15:06,23,,,12815140,11.325411,3207353,1.046521,0.0359,2514.899902,2212.655566,,0.594394,,4425.311035,
Sample,25/04/2023 15:06,23,,,12814747,11.329813,3207567,1.046591,0.0365,2508.899902,2207.584007,,0.595529,,4415.167969,
Sample,25/04/2023 15:06,23,,,12814231,11.335593,3207564,1.04659,0.0515,2511.300049,2209.612755,,0.595513,,4419.225586,
Sample,25/04/2023 15:06,23,,,12813634,11.34228,3206827,1.046348,0.0559,2519,2216.121215,,0.591603,,4432.242188,
Sample,25/04/2023 15:06,23,,,12812949,11.349953,3205900,1.046043,0.0632,2460.600098,2166.758119,,0.586679,,4333.516113,
Sample,25/04/2023 15:06,23,,,12812376,11.356371,3205700,1.045978,0.2619,2398.600098,2114.352005,,0.585615,,4228.704102,
Sample,25/04/2023 15:06,23,,,12812030,11.360247,3205689,1.045974,0.142,1442.300049,1306.029916,,0.585557,,2612.059814,
Sample,25/04/2023 15:06,23,,,12811647,11.364537,3205524,1.04592,0.2249,1020.200012,0.173415,,0.584679,,0.34683,
Sample,25/04/2023 15:06,23,,,12811113,11.370518,3206812,1.046343,0.0475,2524.800049,2221.023763,,0.591524,,4442.047363,
Sample,25/04/2023 15:06,23,,,12810576,11.376533,3205711,1.045981,0.106,2111.600098,1871.762412,,0.585674,,3743.524902,
Sample,25/04/2023 15:06,23,,,12810042,11.382514,3260646,1.064039,0.3663,2319.300049,2047.322853,,0.865522,,4094.645752,
Sample,25/04/2023 15:06,23,,,12809532,11.388226,3205607,1.045947,0.2007,940,0.153515,,0.58512,,0.307029,
Sample,25/04/2023 15:06,23,9414952,5.672269,12809041,11.393725,3207377,1.046529,0.0548,2528.300049,2223.982173,,0.594521,,4447.964355,
Sample,25/04/2023 15:06,23,,,12808666,11.397925,3205386,1.045874,0.2013,1162.300049,1069.357143,,0.583945,,2138.714355,
Sample,25/04/2023 15:06,23,,,12808202,11.403122,3205544,1.045926,0.1156,1603,1441.863142,,0.584785,,2883.726318,
Sample,25/04/2023 15:06,23,,,12807741,11.408285,3206584,1.046268,0.0567,2534.300049,2229.053732,,0.590313,,4458.107422,
Sample,25/04/2023 15:06,23,,,12807368,11.412463,3206396,1.046206,0.0533,2535.399902,2229.983395,,0.589315,,4459.966797,
Sample,25/04/2023 15:06,23,,,12806894,11.417771,3205232,1.045824,0.0979,2546.800049,2239.619481,,0.583125,,4479.23877,
Sample,25/04/2023 15:06,23,,,12806328,11.42411,3205526,1.04592,0.0881,2527.800049,2223.559543,,0.58469,,4447.119141,
Sample,25/04/2023 15:06,23,,,12805817,11.429833,3206417,1.046213,0.1046,2545.399902,2238.435994,,0.589426,,4476.87207,
Sample,25/04/2023 15:06,23,,,12805447,11.433977,3205327,1.045855,0.0851,2493.100098,2194.229066,,0.583631,,4388.458008,
Sample,25/04/2023 15:06,23,,,12805082,11.438065,3205095,1.045779,0.1049,2502.699951,2202.343437,,0.582396,,4404.687012,
Sample,25/04/2023 15:06,23,,,12804722,11.442097,3205270,1.045836,0.0969,1961.300049,1744.719807,,0.583327,,3489.439697,
Sample,25/04/2023 15:06,23,,,12804303,11.446789,3204641,1.045629,0.0688,2512,2210.204395,,0.579978,,4420.408691,
Sample,25/04/2023 15:06,23,,,12803953,11.450709,3205597,1.045944,0.5759,2205.5,1951.132234,,0.585067,,3902.264404,
Sample,25/04/2023 15:06,23,,,12803567,11.455031,3206025,1.046084,0.0444,2554.300049,2245.958931,,0.587343,,4491.917969,
Sample,25/04/2023 15:06,23,,,12803110,11.460149,3205610,1.045948,0.1334,1739.800049,1557.494738,,0.585136,,3114.989502,
Sample,25/04/2023 15:06,23,,,12802750,11.464181,3205672,1.045968,0.1596,2517.300049,2214.684314,,0.585466,,4429.368652,
Sample,25/04/2023 15:06,23,,,12802378,11.468347,3205359,1.045865,0.1153,1776.300049,1588.346725,,0.583801,,3176.693359,
Sample,25/04/2023 15:06,23,,,12802033,11.47221,3205165,1.045802,0.1419,1755.300049,1570.596267,,0.582768,,3141.192627,
Sample,25/04/2023 15:06,23,,,12801692,11.476029,3206152,1.046126,0.0547,2546.800049,2239.619481,,0.588018,,4479.23877,
Sample,25/04/2023 15:06,23,,,12801368,11.479657,3206851,1.046356,0.0516,2551,2243.169532,,0.591731,,4486.338867,
Sample,25/04/2023 15:06,23,9414414,5.669311,12800971,11.484103,3204710,1.045652,0.0386,2549.699951,2242.070652,,0.580345,,4484.141113,
Sample,25/04/2023 15:06,23,,,12800371,11.490822,3204646,1.045631,0.0278,2552.899902,2244.775443,,0.580004,,4489.550781,
Sample,25/04/2023 15:06,23,,,12799817,11.497026,3204694,1.045647,0.0374,2557.199951,2248.410102,,0.58026,,4496.820312,
Sample,25/04/2023 15:06,23,,,12799369,11.502042,3204650,1.045632,0.0316,2559.5,2250.354241,,0.580026,,4500.708496,
Sample,25/04/2023 15:06,23,,,12798747,11.509007,3204939,1.045727,0.0347,2564.800049,2254.83416,,0.581565,,4509.668457,
Sample,25/04/2023 15:06,23,,,12798392,11.512983,3204697,1.045648,0.0295,2570.5,2259.6521,,0.580276,,4519.304199,
Sample,25/04/2023 15:06,23,,,12798048,11.516835,3204997,1.045746,0.0185,2571.899902,2260.835381,,0.581874,,4521.670898,
Sample,25/04/2023 15:06,23,,,12797686,11.520888,3204823,1.045689,0.035,2577.100098,2265.230898,,0.580947,,4530.461914,
Sample,25/04/2023 15:06,23,,,12797312,11.525076,3204908,1.045717,0.0306,2581.399902,2268.86535,,0.5814,,4537.730469,
Sample,25/04/2023 15:07,23,,,12796944,11.529197,3204823,1.045689,0.0248,2589.199951,2275.458419,,0.580947,,4550.916992,
Sample,25/04/2023 15:07,23,,,12796548,11.533631,3204829,1.045691,0.0275,2593.300049,2278.924067,,0.580979,,4557.848145,
Sample,25/04/2023 15:07,23,,,12796203,11.537494,3204842,1.045696,0.0359,2603.899902,2287.883698,,0.581048,,4575.767578,
Sample,25/04/2023 15:07,23,,,12795877,11.541144,3204790,1.045678,0.0305,2605.800049,2289.489816,,0.580771,,4578.979492,
Sample,25/04/2023 15:07,23,,,12795614,11.544089,3205057,1.045766,0.0308,2611.600098,2294.392364,,0.582193,,4588.784668,
Sample,25/04/2023 15:07,23,,,12795342,11.547135,3204761,1.045669,0.0275,2620.100098,2301.577074,,0.580617,,4603.154297,
Sample,25/04/2023 15:07,23,,,12795083,11.550035,3204877,1.045707,0.025,2626.199951,2306.733035,,0.581235,,4613.466309,
Sample,25/04/2023 15:07,23,,,12794948,11.551546,3204911,1.045718,0.039,2642.300049,2320.341802,,0.581416,,4640.683594,
Sample,25/04/2023 15:07,23,,,12794780,11.553427,3204683,1.045643,0.0283,2653.300049,2329.639661,,0.580201,,4659.279297,
Sample,25/04/2023 15:07,23,,,12794643,11.554961,3204843,1.045696,0.0219,2665.800049,2340.20541,,0.581054,,4680.410645,
Sample,25/04/2023 15:07,23,,,12794502,11.55654,3204888,1.045711,0.0371,2669.399902,2343.248222,,0.581293,,4686.496582,
Sample,25/04/2023 15:07,23,9414705,5.670911,12794324,11.558533,3204826,1.04569,0.0267,2672.800049,2346.122229,,0.580963,,4692.244629,
Sample,25/04/2023 15:07,23,,,12794086,11.561198,3204882,1.045709,0.0371,2674.5,2347.55913,,0.581261,,4695.118164,
Sample,25/04/2023 15:07,23,,,12793844,11.563908,3204902,1.045715,0.0476,2677,2349.67228,,0.581368,,4699.344727,
Sample,25/04/2023 15:07,23,,,12793588,11.566774,3204712,1.045653,0.0524,2685,2356.434359,,0.580356,,4712.868652,
Sample,25/04/2023 15:07,23,,,12793334,11.569618,3204766,1.045671,0.0373,2688,2358.970139,,0.580644,,4717.94043,
Sample,25/04/2023 15:07,23,,,12793077,11.572495,3204787,1.045677,0.0421,2693.699951,2363.788079,,0.580755,,4727.576172,
Sample,25/04/2023 15:07,23,,,12792855,11.574981,3204748,1.045665,0.0356,2694.100098,2364.126307,,0.580548,,4728.252441,
Sample,25/04/2023 15:07,23,,,12792642,11.577366,3204766,1.045671,0.0354,2697.800049,2367.253727,,0.580644,,4734.507324,
Sample,25/04/2023 15:07,23,,,12792402,11.580053,3204991,1.045745,0.0324,2705.199951,2373.508568,,0.581842,,4747.01709,
Sample,25/04/2023 15:07,23,,,12792128,11.583121,3204815,1.045687,0.0286,2712.699951,2379.848017,,0.580905,,4759.695801,
Sample,25/04/2023 15:07,23,,,12791886,11.58583,3204868,1.045704,0.0368,2708.699951,2376.466977,,0.581187,,4752.934082,
Sample,25/04/2023 15:07,23,,,12791638,11.588607,3204760,1.045669,0.0257,2721.5,2387.286345,,0.580612,,4774.572754,
Sample,25/04/2023 15:07,23,,,12791287,11.592537,3204742,1.045663,0.0373,2729.100098,2393.710403,,0.580516,,4787.420898,
Sample,25/04/2023 15:07,23,,,12790938,11.596444,3204816,1.045687,0.032,2738.300049,2401.486753,,0.58091,,4802.973633,
Sample,25/04/2023 15:07,23,,,12790624,11.59996,3204892,1.045712,0.0319,2742.399902,2404.952195,,0.581315,,4809.904297,
Sample,25/04/2023 15:07,23,,,12790358,11.602938,3204833,1.045693,0.0266,2742.199951,2404.783184,,0.581,,4809.566406,
Sample,25/04/2023 15:07,23,,,12790120,11.605603,3204829,1.045691,0.0348,2747.699951,2409.432114,,0.580979,,4818.864258,
Sample,25/04/2023 15:07,23,,,12789801,11.609174,3204803,1.045683,0.0327,2747.699951,2409.432114,,0.580841,,4818.864258,
Sample,25/04/2023 15:07,23,,,12789508,11.612455,3204780,1.045675,0.0377,2752.199951,2413.235783,,0.580718,,4826.47168,
Sample,25/04/2023 15:07,23,,,12789184,11.616082,3204736,1.045661,0.0328,2754.5,2415.179922,,0.580484,,4830.359863,
Sample,25/04/2023 15:07,23,9414675,5.670746,12788955,11.618646,3204886,1.04571,0.0348,2752.300049,2413.320392,,0.581283,,4826.640625,
Sample,25/04/2023 15:07,23,,,12788670,11.621837,3204914,1.045719,0.0364,2752.800049,2413.743022,,0.581432,,4827.48584,
Sample,25/04/2023 15:07,23,,,12788486,11.623897,3204860,1.045701,0.0324,2754.199951,2414.926303,,0.581144,,4829.852539,
Sample,25/04/2023 15:07,23,,,12788323,11.625722,3204836,1.045694,0.0325,2755.699951,2416.194193,,0.581016,,4832.388184,
Sample,25/04/2023 15:07,23,,,12788081,11.628431,3204789,1.045678,0.0416,2757.699951,2417.884713,,0.580766,,4835.769531,
Sample,25/04/2023 15:07,23,,,12787874,11.630748,3205023,1.045755,0.0325,2753.600098,2414.419271,,0.582012,,4828.838379,
Sample,25/04/2023 15:07,23,,,12787654,11.633211,3204774,1.045673,0.0363,2755.399902,2415.940574,,0.580686,,4831.881348,
Sample,25/04/2023 15:07,23,,,12787368,11.636413,3204790,1.045678,0.0414,2747.699951,2409.432114,,0.580771,,4818.864258,
Sample,25/04/2023 15:07,23,,,12787047,11.640007,3204690,1.045646,0.0293,2734.899902,2398.612746,,0.580239,,4797.225586,
Sample,25/04/2023 15:07,23,,,12786767,11.643142,3204810,1.045685,0.0392,2745,2407.149953,,0.580878,,4814.299805,
Sample,25/04/2023 15:07,23,,,12786450,11.64669,3204923,1.045722,0.0283,2744.100098,2406.389302,,0.58148,,4812.778809,
Sample,25/04/2023 15:07,23,,,12786208,11.6494,3204773,1.045673,0.043,2757.399902,2417.631093,,0.580681,,4835.262207,
Sample,25/04/2023 15:07,23,,,12785948,11.65231,3204943,1.045729,0.0375,2768.199951,2426.759942,,0.581586,,4853.52002,
Sample,25/04/2023 15:07,23,,,12785740,11.654639,3204712,1.045653,0.0429,2771,2429.126711,,0.580356,,4858.253418,
Sample,25/04/2023 15:07,23,,,12785549,11.656777,3204784,1.045676,0.037,2770.199951,2428.450461,,0.580739,,4856.900879,
Sample,25/04/2023 15:07,23,,,12785355,11.658949,3204695,1.045647,0.0425,2773.399902,2431.155252,,0.580265,,4862.310547,
Sample,25/04/2023 15:07,23,,,12785163,11.661099,3205092,1.045778,0.0032,2791.100098,2446.116517,,0.58238,,4892.23291,
Sample,25/04/2023 15:07,23,,,12785405,11.658389,3205494,1.04591,0.0525,2821.899902,2472.150357,,0.584519,,4944.300781,
Sample,25/04/2023 15:07,23,,,12785816,11.653788,3204126,1.04546,0.0442,2820.899902,2471.305097,,0.577232,,4942.610352,
Sample,25/04/2023 15:07,23,,,12786143,11.650127,3204678,1.045642,0.0191,2803.199951,2456.344038,,0.580175,,4912.687988,
Sample,25/04/2023 15:07,23,9414631,5.670504,12786344,11.647877,3205490,1.045909,0.0372,2780.899902,2437.494701,,0.584498,,4874.989258,
Sample,25/04/2023 15:07,23,,,12786381,11.647463,3204956,1.045733,0.0327,2790.199951,2445.35566,,0.581656,,4890.711426,
Sample,25/04/2023 15:07,23,,,12786356,11.647743,3205232,1.045824,0.0508,2804.100098,2457.104896,,0.583125,,4914.209961,
Sample,25/04/2023 15:07,23,,,12786272,11.648683,3204862,1.045702,0.0296,2803.600098,2456.682266,,0.581155,,4913.364746,
Sample,25/04/2023 15:07,23,,,12786039,11.651292,3206258,1.046161,0.0433,2803.899902,2456.935679,,0.588581,,4913.871582,
Sample,25/04/2023 15:07,23,,,12785659,11.655546,3205471,1.045902,0.0338,2788.899902,2444.25678,,0.584397,,4888.513672,
Sample,25/04/2023 15:07,23,,,12785142,11.661334,3204477,1.045576,0.0294,2783.300049,2439.523449,,0.579104,,4879.046875,
Sample,25/04/2023 15:07,23,,,12784746,11.665767,3204532,1.045594,0.1461,2810.399902,2462.429868,,0.579397,,4924.859863,
Sample,25/04/2023 15:07,23,,,12784595,11.667457,3205092,1.045778,0.0322,2819.399902,2470.037208,,0.58238,,4940.074219,
Sample,25/04/2023 15:08,23,,,12784374,11.669931,3205406,1.045881,0.0631,2807.100098,2459.640676,,0.584051,,4919.28125,
Sample,25/04/2023 15:08,23,,,12784146,11.672484,3206319,1.046181,0.0771,2808.199951,2460.570338,,0.588906,,4921.140625,
Sample,25/04/2023 15:08,23,,,12783994,11.674185,3206019,1.046082,0.0476,2803,2456.175028,,0.587311,,4912.350098,
Sample,25/04/2023 15:08,23,,,12783859,11.675697,3205586,1.04594,0.0407,2809.300049,2461.500206,,0.585009,,4923.000488,
Sample,25/04/2023 15:08,23,,,12783754,11.676872,3205243,1.045827,0.0269,2813.399902,2464.965648,,0.583184,,4929.931152,
Sample,25/04/2023 15:08,23,,,12783528,11.679402,3205247,1.045829,0.0287,2812.199951,2463.951377,,0.583205,,4927.902832,
Sample,25/04/2023 15:08,23,,,12783193,11.683152,3205275,1.045838,0.0322,2807.899902,2460.316719,,0.583354,,4920.633301,
Sample,25/04/2023 15:08,23,,,12782934,11.686052,3204976,1.04574,0.1523,2821.5,2471.812336,,0.581762,,4943.624512,
Sample,25/04/2023 15:08,23,,,12782837,11.687137,3204775,1.045674,0.0218,2795.600098,2449.920187,,0.580692,,4899.840332,
Sample,25/04/2023 15:08,23,,,12782794,11.687619,3204721,1.045656,0.0309,2797.699951,2451.695109,,0.580404,,4903.390137,
Sample,25/04/2023 15:08,23,,,12782612,11.689656,3204702,1.04565,0.0296,2799.199951,2452.962999,,0.580303,,4905.925781,
Sample,25/04/2023 15:08,23,9412059,5.656364,12782465,11.691302,3204722,1.045656,0.0339,2800.899902,2454.399899,,0.580409,,4908.799805,
Sample,25/04/2023 15:08,23,,,12782250,11.693709,3204801,1.045682,0.0293,2804,2457.020288,,0.58083,,4914.040527,
Sample,25/04/2023 15:08,23,,,12782133,11.695018,3204846,1.045697,0.0212,2803.899902,2456.935679,,0.58107,,4913.871582,
Sample,25/04/2023 15:08,23,,,12782080,11.695612,3204774,1.045673,0.0211,2804.199951,2457.189298,,0.580686,,4914.378418,
Sample,25/04/2023 15:08,23,,,12782084,11.695567,3204765,1.04567,0.0136,2805.399902,2458.203569,,0.580638,,4916.407227,
Sample,25/04/2023 15:08,23,,,12782087,11.695533,3204815,1.045687,0.0337,2803.800049,2456.851277,,0.580905,,4913.702637,
Sample,25/04/2023 15:08,23,,,12782100,11.695388,3204883,1.045709,0.0294,2806.399902,2459.048829,,0.581267,,4918.097656,
Sample,25/04/2023 15:08,23,,,12781998,11.696529,3204804,1.045683,0.0226,2799.800049,2453.470237,,0.580846,,4906.94043,
Sample,25/04/2023 15:08,23,,,12781914,11.69747,3204898,1.045714,0.0312,2797.399902,2451.44149,,0.581347,,4902.882812,
Sample,25/04/2023 15:08,23,,,12781780,11.69897,3204848,1.045698,0.0341,2797.199951,2451.272479,,0.58108,,4902.544922,
Sample,25/04/2023 15:08,23,,,12781649,11.700436,3204837,1.045694,0.0138,2803.699951,2456.766668,,0.581022,,4913.533203,
Sample,25/04/2023 15:08,23,,,12781539,11.701668,3204902,1.045715,0.0267,2805.300049,2458.119167,,0.581368,,4916.238281,
Sample,25/04/2023 15:08,23,,,12781425,11.702944,3204834,1.045693,0.0221,2806.300049,2458.964427,,0.581006,,4917.928711,
Sample,25/04/2023 15:08,23,,,12781313,11.704198,3204763,1.04567,0.0318,2805.100098,2457.950156,,0.580628,,4915.900391,
Sample,25/04/2023 15:08,23,,,12781070,11.706918,3204799,1.045681,0.0276,2811.899902,2463.697758,,0.580819,,4927.395508,
Sample,25/04/2023 15:08,23,,,12780733,11.71069,3204852,1.045699,0.0237,2815.399902,2466.656168,,0.581102,,4933.3125,
Sample,25/04/2023 15:08,23,,,12780414,11.714261,3204850,1.045698,0.0322,2813.600098,2465.134865,,0.581091,,4930.269531,
Sample,25/04/2023 15:08,23,,,12780085,11.717944,3204800,1.045682,0.0321,2814.399902,2465.810908,,0.580825,,4931.621582,
Sample,25/04/2023 15:08,23,,,12779786,11.721291,3204841,1.045695,0.0291,2811.600098,2463.444345,,0.581043,,4926.888672,
Sample,25/04/2023 15:08,23,,,12779561,11.723809,3205038,1.04576,0.0158,2809.199951,2461.415598,,0.582092,,4922.831055,
Sample,25/04/2023 15:08,23,9411455,5.653043,12779428,11.725298,3204816,1.045687,0.0495,2809,2461.246587,,0.58091,,4922.493164,
Sample,25/04/2023 15:08,23,,,12779259,11.72719,3204780,1.045675,0.0243,2801.300049,2454.738127,,0.580718,,4909.476074,
Sample,25/04/2023 15:08,23,,,12779172,11.728164,3204788,1.045678,0.0234,2794,2448.567688,,0.580761,,4897.135254,
Sample,25/04/2023 15:08,23,,,12779056,11.729462,3204795,1.04568,0.026,2784.899902,2440.875741,,0.580798,,4881.751465,
Sample,25/04/2023 15:08,23,,,12778986,11.730246,3204808,1.045684,0.0126,2786.600098,2442.312848,,0.580867,,4884.625488,
Sample,25/04/2023 15:08,23,,,12778857,11.73169,3204846,1.045697,0.0359,2787.399902,2442.988891,,0.58107,,4885.977539,
Sample,25/04/2023 15:08,23,,,12778719,11.733235,3204905,1.045716,0.0222,2790.300049,2445.440268,,0.581384,,4890.880371,
Sample,25/04/2023 15:08,23,,,12778565,11.734958,3204805,1.045683,0.0203,2796.5,2450.680838,,0.580851,,4901.361816,
Sample,25/04/2023 15:08,23,,,12778382,11.737007,3204736,1.045661,0.0375,2797.699951,2451.695109,,0.580484,,4903.390137,
Sample,25/04/2023 15:08,23,,,12778245,11.73854,3204815,1.045687,0.0096,2794.899902,2449.32834,,0.580905,,4898.656738,
Sample,25/04/2023 15:08,23,,,12778069,11.74051,3204734,1.04566,0.0294,2799.100098,2452.878597,,0.580473,,4905.757324,
Sample,25/04/2023 15:08,23,,,12777846,11.743007,3204801,1.045682,0.0156,2807.199951,2459.725078,,0.58083,,4919.450195,
Sample,25/04/2023 15:08,23,,,12777611,11.745637,3204624,1.045624,0.0268,2810.800049,2462.768096,,0.579887,,4925.536133,
Sample,25/04/2023 15:08,23,,,12777392,11.748088,3204891,1.045712,0.0132,2819.300049,2469.952805,,0.581309,,4939.905762,
Sample,25/04/2023 15:08,23,,,12777265,11.74951,3204874,1.045706,0.0258,2813.600098,2465.134865,,0.581219,,4930.269531,
Sample,25/04/2023 15:08,23,,,12777200,11.750238,3204921,1.045722,0.0279,2810.600098,2462.599085,,0.581469,,4925.198242,
Sample,25/04/2023 15:08,23,,,12777106,11.75129,3204921,1.045722,0.0342,2807.699951,2460.147708,,0.581469,,4920.29541,
Sample,25/04/2023 15:08,23,,,12776954,11.752991,3204786,1.045677,0.0312,2802.199951,2455.498778,,0.58075,,4910.997559,
Sample,25/04/2023 15:08,23,,,12776824,11.754446,3204881,1.045708,0.0269,2801.899902,2455.245159,,0.581256,,4910.490234,
Sample,25/04/2023 15:08,23,,,12776780,11.754939,3204881,1.045708,0.0082,2801.5,2454.907138,,0.581256,,4909.814453,
Sample,25/04/2023 15:08,23,9411100,5.651091,12776773,11.755017,3204762,1.045669,0.0362,2818,2468.853926,,0.580622,,4937.708008,
Sample,25/04/2023 15:08,23,,,12776665,11.756226,3204703,1.04565,0.0267,2819.100098,2469.783795,,0.580308,,4939.567383,
Sample,25/04/2023 15:08,23,,,12776493,11.758151,3204841,1.045695,0.0229,2816.399902,2467.501428,,0.581043,,4935.00293,
Sample,25/04/2023 15:08,23,,,12776231,11.761084,3204820,1.045688,0.0131,2805.300049,2458.119167,,0.580931,,4916.238281,
Sample,25/04/2023 15:08,23,,,12775978,11.763916,3204796,1.04568,0.0303,2799.199951,2452.962999,,0.580803,,4905.925781,
Sample,25/04/2023 15:08,23,,,12775808,11.765819,3204765,1.04567,0.0306,2801.100098,2454.569116,,0.580638,,4909.138184,
Sample,25/04/2023 15:08,23,,,12775670,11.767363,3204831,1.045692,0.033,2811.800049,2463.613356,,0.58099,,4927.226562,
Sample,25/04/2023 15:08,23,,,12775537,11.768852,3204778,1.045675,0.0282,2812.300049,2464.035986,,0.580708,,4928.071777,
Sample,25/04/2023 15:08,23,,,12775345,11.771001,3204814,1.045686,0.0376,2819.300049,2469.952805,,0.580899,,4939.905762,
Sample,25/04/2023 15:09,23,,,12775079,11.773978,3204751,1.045666,0.0322,2821.699951,2471.981347,,0.580564,,4943.962891,
Sample,25/04/2023 15:09,23,,,12774749,11.777672,3204805,1.045683,0.0321,2819.5,2470.121816,,0.580851,,4940.243652,
Sample,25/04/2023 15:09,23,,,12774433,11.781209,3204859,1.045701,0.0342,2825.5,2475.193375,,0.581139,,4950.386719,
Sample,25/04/2023 15:09,23,,,12774193,11.783895,3204733,1.04566,0.0164,2817,2468.008666,,0.580468,,4936.01709,
Sample,25/04/2023 15:09,23,,,12774018,11.785854,3204687,1.045645,0.0277,2810.600098,2462.599085,,0.580223,,4925.198242,
Sample,25/04/2023 15:09,23,,,12773859,11.787634,3204804,1.045683,0.0074,2814.899902,2466.233538,,0.580846,,4932.467285,
Sample,25/04/2023 15:09,23,,,12773692,11.789503,3204693,1.045647,0.0317,2814.899902,2466.233538,,0.580255,,4932.467285,
Sample,25/04/2023 15:09,23,,,12773458,11.792122,3204800,1.045682,0.0452,2816.600098,2467.670645,,0.580825,,4935.341309,
Sample,25/04/2023 15:09,23,,,12773241,11.794551,3204800,1.045682,0.0363,2814.899902,2466.233538,,0.580825,,4932.467285,
Sample,25/04/2023 15:09,23,,,12773011,11.797125,3204814,1.045686,0.0183,2800.899902,2454.399899,,0.580899,,4908.799805,
Sample,25/04/2023 15:09,23,,,12772759,11.799946,3204804,1.045683,0.0187,2795.300049,2449.666568,,0.580846,,4899.333008,
Sample,25/04/2023 15:09,23,9410831,5.649612,12772612,11.801591,3204736,1.045661,0.0246,2812.100098,2463.866975,,0.580484,,4927.733887,
Sample,25/04/2023 15:09,23,,,12772375,11.804244,3204721,1.045656,0.0093,2828.899902,2478.067177,,0.580404,,4956.134277,
Sample,25/04/2023 15:09,23,,,12772300,11.805083,3204780,1.045675,0.0012,2827.199951,2476.630276,,0.580718,,4953.260742,
Sample,25/04/2023 15:09,23,,,12772419,11.803751,3204681,1.045643,0.0319,2818.5,2469.276556,,0.580191,,4938.553223,
Sample,25/04/2023 15:09,23,,,12772427,11.803662,3204704,1.04565,0.0463,2809,2461.246587,,0.580313,,4922.493164,
Sample,25/04/2023 15:09,23,,,12772294,11.80515,3204731,1.045659,0.0215,2815.199951,2466.487157,,0.580457,,4932.974121,
Sample,25/04/2023 15:09,23,,,12772065,11.807713,3204829,1.045691,0.0313,2820.399902,2470.882467,,0.580979,,4941.765137,
Sample,25/04/2023 15:09,23,,,12771815,11.810511,3204693,1.045647,0.0114,2823.300049,2473.333845,,0.580255,,4946.66748,
Sample,25/04/2023 15:09,23,,,12771608,11.812828,3204782,1.045676,0.0335,2826.399902,2475.954027,,0.580729,,4951.908203,
Sample,25/04/2023 15:09,23,,,12771377,11.815414,3204754,1.045667,0.0472,2828.899902,2478.067177,,0.58058,,4956.134277,
Sample,25/04/2023 15:09,23,,,12771143,11.818033,3204658,1.045635,0.0214,2820.899902,2471.305097,,0.580068,,4942.610352,
Sample,25/04/2023 15:09,23,,,12770888,11.820887,3204676,1.045641,0.0267,2814.199951,2465.641897,,0.580164,,4931.283691,
Sample,25/04/2023 15:09,23,,,12770781,11.822084,3204676,1.045641,0.0197,2815.399902,2466.656168,,0.580164,,4933.3125,
Sample,25/04/2023 15:09,23,,,12770757,11.822353,3204752,1.045666,0.032,2809.600098,2461.753826,,0.580569,,4923.507812,
Sample,25/04/2023 15:09,23,,,12770659,11.82345,3204753,1.045666,0.0381,2833.100098,2481.617433,,0.580574,,4963.234863,
Sample,25/04/2023 15:09,23,,,12770492,11.825319,3204740,1.045662,0.0319,2838.300049,2486.012744,,0.580505,,4972.025391,
Sample,25/04/2023 15:09,23,,,12770337,11.827054,3204758,1.045668,0.0398,2843.600098,2490.492662,,0.580601,,4980.985352,
Sample,25/04/2023 15:09,23,,,12770191,11.828688,3204727,1.045658,0.0209,2845.300049,2491.929563,,0.580436,,4983.858887,
Sample,25/04/2023 15:09,23,,,12770094,11.829773,3204675,1.045641,0.0457,2848.100098,2494.296332,,0.580159,,4988.592773,
Sample,25/04/2023 15:09,23,,,12770064,11.830109,3204708,1.045652,0.0145,2848.600098,2494.718962,,0.580335,,4989.437988,
Sample,25/04/2023 15:09,23,9410648,5.648606,12770162,11.829012,3204712,1.045653,0.0193,2842.699951,2489.731805,,0.580356,,4979.463379,
Sample,25/04/2023 15:09,23,,,12770214,11.82843,3204790,1.045678,0.031,2844.199951,2490.999694,,0.580771,,4981.999512,
Sample,25/04/2023 15:09,23,,,12770326,11.827177,3204666,1.045638,0.0182,2844.899902,2491.591335,,0.580111,,4983.182617,
Sample,25/04/2023 15:09,23,,,12770319,11.827255,3204685,1.045644,0.0308,2848.300049,2494.465343,,0.580212,,4988.930664,
Sample,25/04/2023 15:09,23,,,12770278,11.827714,3204733,1.04566,0.0097,2843.5,2490.408054,,0.580468,,4980.815918,
Sample,25/04/2023 15:09,23,,,12770217,11.828397,3204774,1.045673,0.0239,2834.5,2482.800715,,0.580686,,4965.601562,
Sample,25/04/2023 15:09,23,,,12770105,11.82965,3204709,1.045652,0.0521,2835.800049,2483.899594,,0.58034,,4967.799316,
Sample,25/04/2023 15:09,23,,,12770008,11.830736,3204676,1.045641,0.0046,2837.5,2485.336494,,0.580164,,4970.672852,
Sample,25/04/2023 15:09,23,,,12769928,11.831631,3204615,1.045621,0.0169,2838.899902,2486.519776,,0.579839,,4973.039551,
Sample,25/04/2023 15:09,23,,,12769849,11.832515,3204673,1.04564,0.0482,2844,2490.830684,,0.580148,,4981.661133,
Sample,25/04/2023 15:09,23,,,12769826,11.832773,3204604,1.045617,0.052,2849.399902,2495.395005,,0.57978,,4990.790039,
Sample,25/04/2023 15:09,23,,,12769925,11.831665,3204630,1.045626,0.0311,2851.800049,2497.423752,,0.579919,,4994.847656,
Sample,25/04/2023 15:09,23,,,12769922,11.831698,3204534,1.045594,0.0044,2850.300049,2496.155862,,0.579407,,4992.311523,
Sample,25/04/2023 15:09,23,,,12769844,11.832571,3204658,1.045635,0.0135,2849,2495.056983,,0.580068,,4990.11377,
Sample,25/04/2023 15:09,23,,,12769662,11.834608,3204692,1.045646,0.0473,2845.100098,2491.760552,,0.580249,,4983.520996,
Sample,25/04/2023 15:09,23,,,12769392,11.83763,3204571,1.045606,0.0282,2844.300049,2491.084303,,0.579605,,4982.168457,
Sample,25/04/2023 15:09,23,,,12769046,11.841503,3204556,1.045602,0.0281,2839.600098,2487.111623,,0.579525,,4974.223145,
Sample,25/04/2023 15:09,23,,,12768721,11.84514,3204629,1.045626,0.0607,2838.699951,2486.350765,,0.579914,,4972.70166,
Sample,25/04/2023 15:09,23,,,12768349,11.849303,3204671,1.045639,0.0366,2840.100098,2487.534253,,0.580137,,4975.068359,
Sample,25/04/2023 15:09,23,,,12768003,11.853176,3204639,1.045629,0.0182,2839.399902,2486.942406,,0.579967,,4973.884766,
Sample,25/04/2023 15:09,23,9410447,5.647501,12767786,11.855604,3204648,1.045632,0.0482,2839.399902,2486.942406,,0.580015,,4973.884766,
Sample,25/04/2023 15:09,23,,,12767510,11.858693,3204631,1.045626,0.0339,2844.300049,2491.084303,,0.579924,,4982.168457,
Sample,25/04/2023 15:09,23,,,12767316,11.860865,3204633,1.045627,0.0521,2842.5,2489.562794,,0.579935,,4979.125488,
Sample,25/04/2023 15:09,23,,,12767081,11.863495,3204695,1.045647,0.0362,2844.699951,2491.422324,,0.580265,,4982.844727,
Sample,25/04/2023 15:09,23,,,12766841,11.866181,3204601,1.045616,0.0503,2846,2492.521204,,0.579764,,4985.04248,
Sample,25/04/2023 15:09,23,,,12766645,11.868374,3204604,1.045617,0.0429,2841.100098,2488.379513,,0.57978,,4976.758789,
Sample,25/04/2023 15:09,23,,,12766449,11.870568,3204591,1.045613,0.0332,2841.5,2488.717534,,0.579711,,4977.435059,
Sample,25/04/2023 15:09,23,,,12766207,11.873276,3204704,1.04565,0.0428,2849.5,2495.479613,,0.580313,,4990.958984,
Sample,25/04/2023 15:09,23,,,12766116,11.874294,3204644,1.04563,0.0471,2852.399902,2497.930784,,0.579994,,4995.861328,
Sample,25/04/2023 15:10,23,,,12766119,11.874261,3204566,1.045605,0.0311,2856.100098,2501.058411,,0.579578,,5002.116699,
Sample,25/04/2023 15:10,23,,,12766192,11.873444,3204620,1.045623,0.0435,2851.199951,2496.916514,,0.579866,,4993.833008,
Sample,25/04/2023 15:10,23,,,12766245,11.872851,3204572,1.045607,0.0488,2852.199951,2497.761774,,0.57961,,4995.523438,
Sample,25/04/2023 15:10,23,,,12766329,11.871911,3204488,1.045579,0.0389,2857.399902,2502.157084,,0.579162,,5004.313965,
Sample,25/04/2023 15:10,23,,,12766286,11.872392,3204602,1.045617,0.0446,2862.800049,2506.721611,,0.57977,,5013.443359,
Sample,25/04/2023 15:10,23,,,12766196,11.873399,3204507,1.045585,0.0471,2861.899902,2505.960753,,0.579264,,5011.921387,
Sample,25/04/2023 15:10,23,,,12766150,11.873914,3204561,1.045603,0.0283,2860.800049,2505.031091,,0.579551,,5010.062012,
Sample,25/04/2023 15:10,23,,,12766217,11.873164,3204555,1.045601,0.0357,2861.600098,2505.707341,,0.579519,,5011.414551,
Sample,25/04/2023 15:10,23,,,12766387,11.871262,3204610,1.045619,0.0265,2862.699951,2506.637003,,0.579812,,5013.273926,
Sample,25/04/2023 15:10,23,,,12766420,11.870892,3204629,1.045626,0.038,2860.800049,2505.031091,,0.579914,,5010.062012,
Sample,25/04/2023 15:10,23,,,12766316,11.872056,3204605,1.045618,0.031,2864.5,2508.158512,,0.579786,,5016.316895,
Sample,25/04/2023 15:10,23,9410288,5.646627,12766200,11.873354,3204437,1.045562,0.0296,2864.300049,2507.989501,,0.57889,,5015.979004,
Sample,25/04/2023 15:10,23,,,12765953,11.876119,3204463,1.045571,0.0407,2863,2506.890622,,0.579029,,5013.78125,
Sample,25/04/2023 15:10,23,,,12765721,11.878715,3204743,1.045663,0.0124,2862.600098,2506.5526,,0.580521,,5013.10498,
Sample,25/04/2023 15:10,23,,,12765437,11.881893,3204559,1.045603,0.0318,2860.699951,2504.946483,,0.579541,,5009.893066,
Sample,25/04/2023 15:10,23,,,12765126,11.885374,3204645,1.045631,0.0528,2858.899902,2503.424974,,0.579999,,5006.850098,
Sample,25/04/2023 15:10,23,,,12764891,11.888004,3204533,1.045594,0.0394,2858.800049,2503.340572,,0.579402,,5006.681152,
Sample,25/04/2023 15:10,23,,,12764630,11.890925,3204490,1.04558,0.0299,2863.5,2507.313252,,0.579173,,5014.626465,
Sample,25/04/2023 15:10,23,,,12764442,11.893029,3204535,1.045595,0.0382,2860.300049,2504.608461,,0.579413,,5009.216797,
Sample,25/04/2023 15:10,23,,,12764340,11.89417,3204519,1.045589,0.0316,2862,2506.045362,,0.579327,,5012.09082,
Sample,25/04/2023 15:10,23,,,12764283,11.894808,3204587,1.045612,0.0359,2863.199951,2507.059633,,0.57969,,5014.119141,
Sample,25/04/2023 15:10,23,,,12764233,11.895368,3204482,1.045577,0.0539,2860.300049,2504.608461,,0.57913,,5009.216797,
Sample,25/04/2023 15:10,23,,,12764131,11.896509,3204604,1.045617,0.0169,2865.199951,2508.750152,,0.57978,,5017.500488,
Sample,25/04/2023 15:10,23,,,12763848,11.899676,3204645,1.045631,0.0309,2863.399902,2507.228643,,0.579999,,5014.45752,
Sample,25/04/2023 15:10,23,,,12763502,11.903548,3204454,1.045568,0.0266,2867,2510.271662,,0.578981,,5020.543457,
Sample,25/04/2023 15:10,23,,,12763237,11.906514,3204495,1.045581,0.0224,2863.399902,2507.228643,,0.5792,,5014.45752,
Sample,25/04/2023 15:10,23,,,12763241,11.906469,3204392,1.045548,0.0318,2860.600098,2504.862081,,0.578651,,5009.724121,
Sample,25/04/2023 15:10,23,,,12763296,11.905854,3204524,1.045591,0.0533,2861.800049,2505.876351,,0.579354,,5011.75293,
Sample,25/04/2023 15:10,23,,,12763277,11.906066,3204528,1.045592,0.0485,2860,2504.354842,,0.579375,,5008.709473,
Sample,25/04/2023 15:10,23,,,12763264,11.906212,3204599,1.045616,0.0406,2858.699951,2503.255963,,0.579754,,5006.511719,
Sample,25/04/2023 15:10,23,,,12763255,11.906313,3204646,1.045631,0.0421,2864.300049,2507.989501,,0.580004,,5015.979004,
Sample,25/04/2023 15:10,23,9410132,5.645769,12763164,11.907331,3204514,1.045588,0.0441,2865.100098,2508.66575,,0.579301,,5017.331543,
Sample,25/04/2023 15:10,23,,,12762978,11.909412,3204413,1.045555,0.0199,2865.199951,2508.750152,,0.578762,,5017.500488,
Sample,25/04/2023 15:10,23,,,12762927,11.909983,3204532,1.045594,0.0386,2862.199951,2506.214373,,0.579397,,5012.428711,
Sample,25/04/2023 15:10,23,,,12762828,11.911091,3204497,1.045582,0.0323,2860.800049,2505.031091,,0.57921,,5010.062012,
Sample,25/04/2023 15:10,23,,,12762724,11.912255,3204373,1.045541,0.0356,2859.800049,2504.185831,,0.578549,,5008.371582,
Sample,25/04/2023 15:10,23,,,12762677,11.912781,3204410,1.045554,0.0358,2859.5,2503.932212,,0.578747,,5007.864258,
Sample,25/04/2023 15:10,23,,,12762526,11.914471,3204539,1.045596,0.0239,2862.100098,2506.129971,,0.579434,,5012.259766,
Sample,25/04/2023 15:10,23,,,12762258,11.91747,3204471,1.045574,0.0268,2857.800049,2502.495312,,0.579072,,5004.990723,
Sample,25/04/2023 15:10,23,,,12761895,11.921532,3204356,1.045536,0.0296,2852,2497.592763,,0.578459,,4995.185547,
Sample,25/04/2023 15:10,23,,,12761476,11.926221,3204564,1.045604,0.0294,2851.100098,2496.832112,,0.579567,,4993.664062,
Sample,25/04/2023 15:10,23,,,12761105,11.930373,3204454,1.045568,0.0392,2849.5,2495.479613,,0.578981,,4990.958984,
Sample,25/04/2023 15:10,23,,,12760790,11.933898,3204416,1.045556,0.0366,2854.100098,2499.367891,,0.578778,,4998.73584,
Sample,25/04/2023 15:10,23,,,12760723,11.934648,3204463,1.045571,0.0502,2858.699951,2503.255963,,0.579029,,5006.511719,
Sample,25/04/2023 15:10,23,,,12760808,11.933696,3204480,1.045577,0.0281,2860.800049,2505.031091,,0.57912,,5010.062012,
Sample,25/04/2023 15:10,23,,,12760814,11.933629,3204520,1.04559,0.0437,2862.600098,2506.5526,,0.579333,,5013.10498,
Sample,25/04/2023 15:10,23,,,12760738,11.93448,3204520,1.04559,0.0385,2863.399902,2507.228643,,0.579333,,5014.45752,
Sample,25/04/2023 15:10,23,,,12760708,11.934816,3204264,1.045506,0.0316,2865.100098,2508.66575,,0.577968,,5017.331543,
Sample,25/04/2023 15:10,23,,,12760692,11.934995,3204557,1.045602,0.0431,2864.5,2508.158512,,0.57953,,5016.316895,
Sample,25/04/2023 15:10,23,,,12760758,11.934256,3204570,1.045606,0.0329,2862,2506.045362,,0.579599,,5012.09082,
Sample,25/04/2023 15:10,23,,,12760880,11.932891,3204438,1.045563,0.0296,2863,2506.890622,,0.578896,,5013.78125,
Sample,25/04/2023 15:10,23,9409995,5.645016,12760987,11.931693,3204523,1.045591,0.0419,2863,2506.890622,,0.579349,,5013.78125,
Sample,25/04/2023 15:10,23,,,12760901,11.932656,3204432,1.045561,0.0395,2863.699951,2507.482263,,0.578864,,5014.964355,
Sample,25/04/2023 15:10,23,,,12760922,11.932421,3204435,1.045562,0.0336,2862.199951,2506.214373,,0.57888,,5012.428711,
Sample,25/04/2023 15:10,23,,,12760889,11.93279,3204405,1.045552,0.042,2862.300049,2506.298981,,0.57872,,5012.598145,
Sample,25/04/2023 15:10,23,,,12760872,11.93298,3204535,1.045595,0.0304,2861.100098,2505.284711,,0.579413,,5010.569336,
Sample,25/04/2023 15:10,23,,,12760703,11.934871,3204314,1.045522,0.0313,2858,2502.664322,,0.578235,,5005.328613,
Sample,25/04/2023 15:10,23,,,12760518,11.936942,3204445,1.045565,0.0484,2858.399902,2503.002344,,0.578933,,5006.004883,
Sample,25/04/2023 15:10,23,,,12760460,11.937591,3204467,1.045572,0.0475,2863.899902,2507.651273,,0.57905,,5015.302734,
Sample,25/04/2023 15:10,23,,,12760472,11.937456,3204423,1.045558,0.0268,2858,2502.664322,,0.578816,,5005.328613,
Sample,25/04/2023 15:11,23,,,12760371,11.938587,3204341,1.045531,0.0389,2857.100098,2501.903671,,0.578379,,5003.807129,
Sample,25/04/2023 15:11,23,,,12760155,11.941004,3204556,1.045602,0.0336,2859.600098,2504.016821,,0.579525,,5008.033691,
Sample,25/04/2023 15:11,23,,,12759916,11.943678,3204204,1.045486,0.0507,2851.300049,2497.001122,,0.577648,,4994.002441,
Sample,25/04/2023 15:11,23,,,12759681,11.946308,3204346,1.045533,0.0314,2844.399902,2491.168705,,0.578405,,4982.337402,
Sample,25/04/2023 15:11,23,,,12759446,11.948938,3204435,1.045562,0.0372,2848.199951,2494.380734,,0.57888,,4988.76123,
Sample,25/04/2023 15:11,23,,,12759095,11.952866,3204354,1.045535,0.0273,2862,2506.045362,,0.578448,,5012.09082,
Sample,25/04/2023 15:11,23,,,12758788,11.956301,3204322,1.045525,0.0371,2869,2511.962181,,0.578277,,5023.924316,
Sample,25/04/2023 15:11,23,,,12758545,11.95902,3204406,1.045552,0.0439,2869.199951,2512.131192,,0.578725,,5024.262207,
Sample,25/04/2023 15:11,23,,,12758381,11.960856,3204363,1.045538,0.0193,2866.899902,2510.187053,,0.578496,,5020.374023,
Sample,25/04/2023 15:11,23,,,12758302,11.96174,3204269,1.045507,0.0403,2866.899902,2510.187053,,0.577995,,5020.374023,
Sample,25/04/2023 15:11,23,,,12758303,11.961728,3204418,1.045556,0.0383,2872.5,2514.920591,,0.578789,,5029.841309,
Sample,25/04/2023 15:11,23,9409864,5.644296,12758382,11.960844,3204347,1.045533,0.0457,2870.100098,2512.89205,,0.578411,,5025.78418,
Sample,25/04/2023 15:11,23,,,12758292,11.961852,3204279,1.04551,0.0405,2870.399902,2513.145463,,0.578048,,5026.291016,
Sample,25/04/2023 15:11,23,,,12758279,11.961997,3204444,1.045565,0.0553,2870,2512.807441,,0.578928,,5025.614746,
Sample,25/04/2023 15:11,23,,,12758318,11.961561,3204297,1.045516,0.0429,2870.5,2513.230071,,0.578144,,5026.459961,
Sample,25/04/2023 15:11,23,,,12758292,11.961852,3204381,1.045544,0.0403,2870.100098,2512.89205,,0.578592,,5025.78418,
Sample,25/04/2023 15:11,23,,,12758213,11.962736,3204434,1.045561,0.0339,2868.800049,2511.793171,,0.578874,,5023.586426,
Sample,25/04/2023 15:11,23,,,12758137,11.963586,3204268,1.045507,0.0455,2872.699951,2515.089602,,0.577989,,5030.179199,
Sample,25/04/2023 15:11,23,,,12758061,11.964436,3204318,1.045523,0.0358,2870.800049,2513.48369,,0.578256,,5026.967285,
Sample,25/04/2023 15:11,23,,,12757950,11.965679,3204522,1.04559,0.0372,2874.5,2516.611111,,0.579343,,5033.222168,
Sample,25/04/2023 15:11,23,,,12757769,11.967704,3204297,1.045516,0.0297,2873.899902,2516.103872,,0.578144,,5032.20752,
Sample,25/04/2023 15:11,23,,,12757624,11.969327,3204220,1.045491,0.0406,2872.5,2514.920591,,0.577734,,5029.841309,
Sample,25/04/2023 15:11,23,,,12757489,11.970837,3204274,1.045509,0.0312,2871.5,2514.075331,,0.578021,,5028.150879,
Sample,25/04/2023 15:11,23,,,12757300,11.972952,3204312,1.045521,0.0358,2871,2513.652701,,0.578224,,5027.305176,
Sample,25/04/2023 15:11,23,,,12757123,11.974933,3204335,1.045529,0.0472,2875.199951,2517.202751,,0.578347,,5034.405273,
Sample,25/04/2023 15:11,23,,,12756937,11.977014,3204374,1.045542,0.0394,2874.699951,2516.780122,,0.578555,,5033.560059,
Sample,25/04/2023 15:11,23,,,12756744,11.979174,3204191,1.045482,0.0345,2875.300049,2517.28736,,0.577579,,5034.574707,
Sample,25/04/2023 15:11,23,,,12756558,11.981255,3204241,1.045498,0.0311,2877.199951,2518.893271,,0.577846,,5037.786621,
Sample,25/04/2023 15:11,23,,,12756444,11.982531,3204408,1.045553,0.0272,2875.300049,2517.28736,,0.578736,,5034.574707,
Sample,25/04/2023 15:11,23,,,12756367,11.983392,3204263,1.045505,0.0498,2875,2517.033741,,0.577963,,5034.067383,
Sample,25/04/2023 15:11,23,,,12756259,11.984601,3204273,1.045509,0.0422,2874.100098,2516.273089,,0.578016,,5032.546387,
Sample,25/04/2023 15:11,23,9409739,5.643609,12756195,11.985317,3204213,1.045489,0.029,2876.199951,2518.048011,,0.577696,,5036.096191,
Sample,25/04/2023 15:11,23,,,12756026,11.987208,3204252,1.045502,0.0343,2877.800049,2519.40051,,0.577904,,5038.800781,
Sample,25/04/2023 15:11,23,,,12755961,11.987936,3204358,1.045536,0.0305,2876,2517.879001,,0.578469,,5035.757812,
Sample,25/04/2023 15:11,23,,,12755820,11.989513,3204235,1.045496,0.0481,2881.899902,2522.865952,,0.577814,,5045.731934,
Sample,25/04/2023 15:11,23,,,12755689,11.990979,3204117,1.045457,0.0275,2880.300049,2521.51366,,0.577184,,5043.027344,
Sample,25/04/2023 15:11,23,,,12755545,11.992591,3204168,1.045474,0.0346,2879.899902,2521.175432,,0.577456,,5042.351074,
Sample,25/04/2023 15:11,23,,,12755392,11.994303,3204320,1.045524,0.0423,2881.199951,2522.274311,,0.578267,,5044.548828,
Sample,25/04/2023 15:11,23,,,12755290,11.995444,3204146,1.045467,0.0277,2878.800049,2520.24577,,0.577339,,5040.491699,
Sample,25/04/2023 15:11,23,,,12755201,11.99644,3204231,1.045495,0.0449,2880.199951,2521.429051,,0.577792,,5042.85791,
Sample,25/04/2023 15:11,23,,,12755174,11.996742,3204372,1.045541,0.0317,2879.5,2520.83741,,0.578544,,5041.674805,
Sample,25/04/2023 15:11,23,,,12755181,11.996664,3204199,1.045484,0.0422,2879.699951,2521.006421,,0.577622,,5042.012695,
Sample,25/04/2023 15:11,23,,,12755181,11.996664,3204291,1.045514,0.033,2877.399902,2519.062282,,0.578112,,5038.124512,
Sample,25/04/2023 15:11,23,,,12755204,11.996406,3204253,1.045502,0.0405,2879.100098,2520.499389,,0.577909,,5040.998535,
Sample,25/04/2023 15:11,23,,,12755230,11.996115,3204185,1.04548,0.0447,2878.100098,2519.654129,,0.577547,,5039.308105,
Sample,25/04/2023 15:11,23,,,12755247,11.995925,3204206,1.045487,0.0373,2874.699951,2516.780122,,0.577659,,5033.560059,
Sample,25/04/2023 15:11,23,,,12755172,11.996764,3204279,1.04551,0.03,2877.300049,2518.97788,,0.578048,,5037.955566,
Sample,25/04/2023 15:11,23,,,12755025,11.998409,3204204,1.045486,0.0395,2878.5,2519.99215,,0.577648,,5039.984375,
Sample,25/04/2023 15:11,23,,,12754853,12.000334,3204253,1.045502,0.0279,2886.300049,2526.585219,,0.577909,,5053.17041,
Sample,25/04/2023 15:11,23,,,12754754,12.001442,3204298,1.045517,0.0384,2878.600098,2520.076759,,0.578149,,5040.15332,
Sample,25/04/2023 15:11,23,,,12754657,12.002527,3204266,1.045506,0.0223,2877.5,2519.146891,,0.577979,,5038.293945,
Sample,25/04/2023 15:11,23,9409604,5.642867,12754596,12.00321,3204419,1.045557,0.0258,2883.899902,2524.556471,,0.578794,,5049.112793,
Sample,25/04/2023 15:11,23,,,12754395,12.005459,3204294,1.045515,0.0618,2881,2522.1053,,0.578128,,5044.210449,
Sample,25/04/2023 15:11,23,,,12754195,12.007697,3204208,1.045487,0.0478,2879.699951,2521.006421,,0.57767,,5042.012695,
Sample,25/04/2023 15:11,23,,,12753954,12.010393,3204281,1.045511,0.0335,2880.5,2521.68267,,0.578059,,5043.365234,
Sample,25/04/2023 15:11,23,,,12753724,12.012967,3204315,1.045522,0.0349,2880.800049,2521.936289,,0.57824,,5043.872559,
Sample,25/04/2023 15:11,23,,,12753460,12.015921,3204054,1.045437,0.024,2876.399902,2518.217022,,0.576848,,5036.434082,
Sample,25/04/2023 15:11,23,,,12753156,12.019323,3204184,1.045479,0.0328,2879.600098,2520.922019,,0.577542,,5041.844238,
Sample,25/04/2023 15:11,23,,,12752714,12.024268,3204291,1.045514,0.0364,2882.699951,2523.542201,,0.578112,,5047.084473,
Sample,25/04/2023 15:11,23,,,12752259,12.02936,3204255,1.045503,0.0413,2885.800049,2526.162589,,0.57792,,5052.325195,
Sample,25/04/2023 15:12,23,,,12751904,12.033332,3204266,1.045506,0.0373,2886.100098,2526.416208,,0.577979,,5052.83252,
Sample,25/04/2023 15:12,23,,,12751671,12.035939,3204230,1.045494,0.045,2881.300049,2522.358919,,0.577787,,5044.717773,
Sample,25/04/2023 15:12,23,,,12751770,12.034831,3204079,1.045445,0.0146,2884.899902,2525.401731,,0.576982,,5050.803223,
Sample,25/04/2023 15:12,23,,,12752010,12.032146,3204177,1.045477,0.0481,2884.199951,2524.810091,,0.577504,,5049.620117,
Sample,25/04/2023 15:12,23,,,12752168,12.030378,3204165,1.045473,0.0386,2883.800049,2524.472069,,0.57744,,5048.944336,
Sample,25/04/2023 15:12,23,,,12752192,12.030109,3204135,1.045463,0.0424,2884.899902,2525.401731,,0.57728,,5050.803223,
Sample,25/04/2023 15:12,23,,,12752135,12.030747,3204254,1.045502,0.0464,2883.199951,2523.964831,,0.577915,,5047.929688,
Sample,25/04/2023 15:12,23,,,12752091,12.031239,3204275,1.045509,0.0056,2881.800049,2522.781549,,0.578027,,5045.562988,
Sample,25/04/2023 15:12,23,,,12751963,12.032672,3204137,1.045464,0.04,2883.699951,2524.387461,,0.577291,,5048.774902,
Sample,25/04/2023 15:12,23,,,12751808,12.034406,3204206,1.045487,0.034,2878.699951,2520.161161,,0.577659,,5040.322266,
Sample,25/04/2023 15:12,23,,,12751600,12.036733,3204295,1.045516,0.0238,2870.199951,2512.976452,,0.578133,,5025.953125,
Sample,25/04/2023 15:12,23,9409495,5.642267,12751399,12.038982,3204166,1.045473,0.023,2879.100098,2520.499389,,0.577446,,5040.998535,
Sample,25/04/2023 15:12,23,,,12751205,12.041153,3204223,1.045492,0.0596,2877.699951,2519.315901,,0.57775,,5038.631836,
Sample,25/04/2023 15:12,23,,,12750945,12.044062,3204241,1.045498,0.0292,2882.300049,2523.204179,,0.577846,,5046.408203,
Sample,25/04/2023 15:12,23,,,12750680,12.047027,3204118,1.045458,0.0499,2887,2527.17686,,0.57719,,5054.353516,
Sample,25/04/2023 15:12,23,,,12750479,12.049276,3204209,1.045487,0.0393,2883.399902,2524.133841,,0.577675,,5048.267578,
Sample,25/04/2023 15:12,23,,,12750260,12.051727,3204170,1.045475,0.0605,2885.100098,2525.570948,,0.577467,,5051.14209,
Sample,25/04/2023 15:12,23,,,12749913,12.055609,3204083,1.045446,0.0483,2883.5,2524.21845,,0.577003,,5048.437012,
Sample,25/04/2023 15:12,23,,,12749494,12.060298,3204199,1.045484,0.0485,2882.600098,2523.457799,,0.577622,,5046.915527,
Sample,25/04/2023 15:12,23,,,12749064,12.065109,3204140,1.045465,0.0557,2881.699951,2522.696941,,0.577307,,5045.394043,
Sample,25/04/2023 15:12,23,,,12748726,12.068891,3204144,1.045466,0.0546,2882.5,2523.37319,,0.577328,,5046.746582,
Sample,25/04/2023 15:12,23,,,12748462,12.071845,3204092,1.045449,0.0383,2887.199951,2527.34587,,0.577051,,5054.691895,
Sample,25/04/2023 15:12,23,,,12748201,12.074765,3204143,1.045466,0.0397,2878.199951,2519.738531,,0.577323,,5039.477051,
Sample,25/04/2023 15:12,23,,,12747891,12.078233,3203990,1.045416,0.0512,2887.199951,2527.34587,,0.576507,,5054.691895,
Sample,25/04/2023 15:12,23,,,12747668,12.080728,3204102,1.045452,0.0387,2883.699951,2524.387461,,0.577104,,5048.774902,
Sample,25/04/2023 15:12,23,,,12747520,12.082384,3204087,1.045447,0.0413,2888.300049,2528.275739,,0.577024,,5056.55127,
Sample,25/04/2023 15:12,23,,,12747456,12.0831,3204044,1.045433,0.0626,2885.600098,2525.993578,,0.576795,,5051.987305,
Sample,25/04/2023 15:12,23,,,12747398,12.083749,3204149,1.045468,0.0263,2887.5,2527.59949,,0.577355,,5055.199219,
Sample,25/04/2023 15:12,23,,,12747324,12.084577,3204106,1.045454,0.032,2890.5,2530.135269,,0.577126,,5060.270508,
Sample,25/04/2023 15:12,23,,,12747083,12.087274,3204070,1.045442,0.0493,2885.899902,2526.246991,,0.576934,,5052.494141,
Sample,25/04/2023 15:12,23,,,12746802,12.090418,3204161,1.045472,0.0361,2887.600098,2527.684098,,0.577419,,5055.368164,
Sample,25/04/2023 15:12,23,9409375,5.641608,12746619,12.092465,3204065,1.04544,0.0612,2889.300049,2529.120999,,0.576907,,5058.242188,
Sample,25/04/2023 15:12,23,,,12746475,12.094076,3204128,1.045461,0.0435,2885.899902,2526.246991,,0.577243,,5052.494141,
Sample,25/04/2023 15:12,23,,,12746397,12.094949,3204111,1.045455,0.0369,2881.899902,2522.865952,,0.577152,,5045.731934,
Sample,25/04/2023 15:12,23,,,12746418,12.094714,3204069,1.045441,0.0367,2882.199951,2523.119571,,0.576928,,5046.239258,
Sample,25/04/2023 15:12,23,,,12746470,12.094132,3204121,1.045459,0.0188,2874.699951,2516.780122,,0.577206,,5033.560059,
Sample,25/04/2023 15:12,23,,,12746479,12.094032,3204157,1.04547,0.0179,2878.300049,2519.82314,,0.577398,,5039.646484,
Sample,25/04/2023 15:12,23,,,12746529,12.093472,3204071,1.045442,0.0353,2879.600098,2520.922019,,0.576939,,5041.844238,
Sample,25/04/2023 15:12,23,,,12746610,12.092566,3203871,1.045376,0.0366,2887.600098,2527.684098,,0.575872,,5055.368164,
Sample,25/04/2023 15:12,23,,,12746701,12.091548,3204132,1.045462,0.042,2886.100098,2526.416208,,0.577264,,5052.83252,
Sample,25/04/2023 15:12,23,,,12746707,12.091481,3204185,1.04548,0.0494,2887.699951,2527.7685,,0.577547,,5055.537109,
Sample,25/04/2023 15:12,23,,,12746557,12.093159,3203978,1.045412,0.0339,2890.199951,2529.88165,,0.576443,,5059.763184,
Sample,25/04/2023 15:12,23,,,12746361,12.095352,3204192,1.045482,0.0195,2889.199951,2529.03639,,0.577584,,5058.072754,
Sample,25/04/2023 15:12,23,,,12746132,12.097914,3204156,1.04547,0.0456,2890,2529.712639,,0.577392,,5059.425293,
Sample,25/04/2023 15:12,23,,,12745865,12.100901,3203927,1.045395,0.0616,2889.399902,2529.205401,,0.576171,,5058.410645,
Sample,25/04/2023 15:12,23,,,12745624,12.103598,3204166,1.045473,0.0275,2892.600098,2531.910398,,0.577446,,5063.820801,
Sample,25/04/2023 15:12,23,,,12745507,12.104907,3204088,1.045448,0.0469,2892,2531.403159,,0.57703,,5062.806152,
Sample,25/04/2023 15:12,23,,,12745497,12.105019,3203976,1.045411,0.061,2887.800049,2527.853109,,0.576432,,5055.706055,
Sample,25/04/2023 15:12,23,,,12745502,12.104963,3204034,1.04543,0.0072,2898.800049,2537.150968,,0.576742,,5074.301758,
Sample,25/04/2023 15:12,23,,,12745528,12.104672,3204127,1.045461,0.0358,2892.899902,2532.163811,,0.577238,,5064.327637,
Sample,25/04/2023 15:12,23,,,12745475,12.105265,3203988,1.045415,0.0387,2895.5,2534.361569,,0.576496,,5068.723145,
Sample,25/04/2023 15:12,23,9409273,5.641047,12745481,12.105198,3204128,1.045461,0.0609,2892.699951,2531.9948,,0.577243,,5063.989746,
Sample,25/04/2023 15:12,23,,,12745504,12.104941,3204188,1.045481,0.0442,2891.600098,2531.065138,,0.577563,,5062.130371,
Sample,25/04/2023 15:12,23,,,12745550,12.104426,3204105,1.045453,0.0161,2900.5,2538.587868,,0.57712,,5077.175781,
Sample,25/04/2023 15:12,23,,,12745557,12.104348,3204007,1.045421,0.0492,2892.399902,2531.741181,,0.576598,,5063.482422,
Sample,25/04/2023 15:12,23,,,12745586,12.104023,3204110,1.045455,0.1449,2913.199951,2549.322628,,0.577147,,5098.64502,
Sample,25/04/2023 15:12,23,,,12745519,12.104773,3203986,1.045414,0.034,2899.100098,2537.404587,,0.576486,,5074.809082,
Sample,25/04/2023 15:12,23,,,12745354,12.106619,3204053,1.045436,0.1588,2908.800049,2545.603567,,0.576843,,5091.207031,
Sample,25/04/2023 15:12,23,,,12745287,12.107368,3204045,1.045434,0.0285,2898.600098,2536.981957,,0.5768,,5073.963867,
Sample,25/04/2023 15:12,23,,,12745252,12.10776,3203936,1.045398,0.0305,2894.300049,2533.347298,,0.576219,,5066.694824,
Sample,25/04/2023 15:13,23,,,12745169,12.108689,3204130,1.045462,0.0271,2902.100098,2539.940367,,0.577254,,5079.880859,
Sample,25/04/2023 15:13,23,,,12745086,12.109617,3204036,1.045431,0.0447,2903.800049,2541.377267,,0.576752,,5082.754395,
Sample,25/04/2023 15:13,23,,,12744972,12.110893,3203958,1.045405,0.2572,2777,2434.19827,,0.576336,,4868.396484,
Sample,25/04/2023 15:13,23,,,12744799,12.112828,3204123,1.045459,0.047,2907.5,2544.504688,,0.577216,,5089.009277,
Sample,25/04/2023 15:13,23,,,12744583,12.115245,3203986,1.045414,0.3835,2868.300049,2511.370541,,0.576486,,5022.741211,
Sample,25/04/2023 15:13,23,,,12744402,12.11727,3203942,1.0454,0.0458,2908.399902,2545.265339,,0.576251,,5090.530762,
Sample,25/04/2023 15:13,23,,,12744216,12.119351,3204128,1.045461,0.0361,2902.800049,2540.532007,,0.577243,,5081.063965,
Sample,25/04/2023 15:13,23,,,12744057,12.12113,3204087,1.045447,0.2229,2850.699951,2496.493884,,0.577024,,4992.987793,
Sample,25/04/2023 15:13,23,,,12744018,12.121566,3203913,1.04539,0.0663,2903.800049,2541.377267,,0.576096,,5082.754395,
Sample,25/04/2023 15:13,23,,,12744017,12.121578,3204118,1.045458,0.2113,2903.100098,2540.785627,,0.57719,,5081.571289,
Sample,25/04/2023 15:13,23,,,12743961,12.122204,3204077,1.045444,0.3177,2804.899902,2457.780939,,0.576971,,4915.562012,
Sample,25/04/2023 15:13,23,9409227,5.640794,12743849,12.123457,3203971,1.045409,0.1969,1263.099976,1154.559279,,0.576405,,2309.118652,
Sample,25/04/2023 15:13,23,,,12743718,12.124923,3204023,1.045426,0.2867,2833.399902,2481.870846,,0.576683,,4963.741699,
Sample,25/04/2023 15:13,23,,,12743699,12.125135,3204085,1.045447,0.3581,2864.399902,2508.073903,,0.577014,,5016.147949,
Sample,25/04/2023 15:13,23,,,12743713,12.124979,3203933,1.045397,0.176,2891.600098,2531.065138,,0.576203,,5062.130371,
Sample,25/04/2023 15:13,23,,,12743760,12.124453,3204134,1.045463,0.2368,2826.199951,2475.785016,,0.577275,,4951.569824,
Sample,25/04/2023 15:13,23,,,12743856,12.123379,3204072,1.045442,0.4344,2864.100098,2507.82049,,0.576944,,5015.641113,
Sample,25/04/2023 15:13,23,,,12743875,12.123166,3204011,1.045422,0.2955,2736.5,2399.965244,,0.576619,,4799.930664,
Sample,25/04/2023 15:13,23,,,12743884,12.123066,3204103,1.045453,0.2732,2744.5,2406.727323,,0.57711,,4813.45459,
Sample,25/04/2023 15:13,23,,,12743809,12.123905,3204106,1.045454,0.1746,1315,1198.428289,,0.577126,,2396.856689,
Sample,25/04/2023 15:13,23,,,12743652,12.125661,3203885,1.045381,0.2463,1885.199951,1680.395446,,0.575947,,3360.790771,
Sample,25/04/2023 15:13,23,,,12743354,12.128995,3204038,1.045431,0.258,2774.199951,2431.831501,,0.576763,,4863.663086,
Sample,25/04/2023 15:13,23,,,12742966,12.133336,3204066,1.04544,0.2924,2285.800049,2019.006646,,0.576912,,4038.013184,
Sample,25/04/2023 15:13,23,,,12742584,12.13761,3203964,1.045407,0.2182,2809.5,2461.669217,,0.576368,,4923.338379,
Sample,25/04/2023 15:13,23,,,12742276,12.141056,3204085,1.045447,0.1682,2908.899902,2545.687969,,0.577014,,5091.375977,
Sample,25/04/2023 15:13,23,,,12741986,12.144301,3204065,1.04544,0.1879,1332.5,1213.220338,,0.576907,,2426.440674,
Sample,25/04/2023 15:13,23,,,12741630,12.148284,3203986,1.045414,0.1736,2858.600098,2503.171561,,0.576486,,5006.343262,
Sample,25/04/2023 15:13,23,,,12741366,12.151237,3204069,1.045441,0.1423,1796,1604.998303,,0.576928,,3209.996582,
Sample,25/04/2023 15:13,23,,,12741122,12.153967,3203936,1.045398,0.2434,2108.600098,1869.226632,,0.576219,,3738.453369,
Sample,25/04/2023 15:13,23,,,12740799,12.157581,3203992,1.045416,0.2791,2881.800049,2522.781549,,0.576518,,5045.562988,
Sample,25/04/2023 15:13,23,,,12740538,12.160501,3204204,1.045486,0.2337,2765.5,2424.477781,,0.577648,,4848.955566,
Sample,25/04/2023 15:13,23,9409127,5.640244,12740353,12.162571,3203930,1.045396,0.1809,1356.800049,1233.760194,,0.576187,,2467.520508,
Sample,25/04/2023 15:13,23,,,12740145,12.164898,3203934,1.045397,0.2164,1443,1306.621557,,0.576208,,2613.243164,
Sample,25/04/2023 15:13,23,,,12740017,12.16633,3204088,1.045448,0.199,1305.699951,1190.567331,,0.57703,,2381.134766,
Sample,25/04/2023 15:13,23,,,12739900,12.167639,3204075,1.045443,0.2151,1492.599976,1348.546428,,0.57696,,2697.092773,
Sample,25/04/2023 15:13,23,,,12739862,12.168064,3204000,1.045419,0.5097,2869.600098,2512.46942,,0.57656,,5024.938965,
Sample,25/04/2023 15:13,23,,,12739873,12.167941,3203980,1.045412,0.1404,1624.900024,1460.374354,,0.576453,,2920.748779,
Sample,25/04/2023 15:13,23,,,12739879,12.167874,3203929,1.045395,0.1682,1346.900024,1225.392101,,0.576181,,2450.78418,
Sample,25/04/2023 15:13,23,,,12739856,12.168131,3203809,1.045356,0.3171,2822.899902,2472.995617,,0.575541,,4945.991211,
Sample,25/04/2023 15:13,23,,,12739863,12.168053,3204020,1.045425,0.1426,1577.400024,1420.224509,,0.576667,,2840.448975,
Sample,25/04/2023 15:13,23,,,12739899,12.16765,3203983,1.045413,0.228,1568.699951,1412.870686,,0.576469,,2825.741455,
Sample,25/04/2023 15:13,23,,,12739871,12.167963,3203929,1.045395,0.2213,1275.5,1165.040523,,0.576181,,2330.081055,
Sample,25/04/2023 15:13,23,,,12739706,12.169809,3204090,1.045448,0.206,1244.300049,1138.668455,,0.57704,,2277.336914,
Sample,25/04/2023 15:13,23,,,12739479,12.172349,3203911,1.04539,0.1601,1640.599976,1473.644894,,0.576085,,2947.289795,
Sample,25/04/2023 15:13,23,,,12739321,12.174116,3203816,1.045358,0.258,2699.100098,2368.352606,,0.575578,,4736.705078,
Sample,25/04/2023 15:13,23,,,12739199,12.175481,3204034,1.04543,0.1705,1355.800049,1232.914935,,0.576742,,2465.829834,
Sample,25/04/2023 15:13,23,,,12739133,12.17622,3203829,1.045363,0.1556,1508.199951,1361.732462,,0.575648,,2723.464844,
Sample,25/04/2023 15:13,23,,,12739108,12.176499,3203962,1.045406,0.2681,2792.199951,2447.046179,,0.576357,,4894.092285,
Sample,25/04/2023 15:13,23,,,12739063,12.177003,3204029,1.045428,0.2007,1239.400024,1134.526661,,0.576715,,2269.053223,
Sample,25/04/2023 15:13,23,,,12739114,12.176432,3203930,1.045396,0.2365,2836.199951,2484.237615,,0.576187,,4968.475098,
Sample,25/04/2023 15:13,23,,,12739077,12.176846,3203904,1.045387,0.2346,1446.599976,1309.664472,,0.576048,,2619.328857,
Sample,25/04/2023 15:13,23,9409021,5.639661,12739028,12.177394,3203872,1.045377,0.1575,1412,1280.4185,,0.575877,,2560.836914,
Sample,25/04/2023 15:13,23,,,12738880,12.17905,3204017,1.045424,0.2442,2618.699951,2300.393586,,0.576651,,4600.787109,
Sample,25/04/2023 15:13,23,,,12738738,12.180639,3203802,1.045354,0.1539,1547.699951,1395.120228,,0.575504,,2790.240479,
Sample,25/04/2023 15:13,23,,,12738577,12.18244,3203969,1.045409,0.3195,2257.199951,1994.83213,,0.576395,,3989.664307,
Sample,25/04/2023 15:13,23,,,12738184,12.186837,3203860,1.045373,0.3546,2832.199951,2480.856576,,0.575813,,4961.713379,
Sample,25/04/2023 15:13,23,,,12737911,12.189891,3203766,1.045342,0.161,1426.300049,1292.505758,,0.575312,,2585.011475,
Sample,25/04/2023 15:13,23,,,12737838,12.190707,3203983,1.045413,0.2567,2742.100098,2404.698782,,0.576469,,4809.397461,
Sample,25/04/2023 15:13,23,,,12737829,12.190808,3203843,1.045367,0.2379,2260.100098,1997.283508,,0.575723,,3994.566895,
Sample,25/04/2023 15:13,23,,,12737905,12.189958,3203810,1.045356,0.2968,2878.399902,2519.907542,,0.575546,,5039.814941,
Sample,25/04/2023 15:14,23,,,12738010,12.188783,3203888,1.045382,0.2668,2882.399902,2523.288582,,0.575963,,5046.577148,
Sample,25/04/2023 15:14,23,,,12738175,12.186937,3203927,1.045395,0.2302,2884.5,2525.06371,,0.576171,,5050.127441,
Sample,25/04/2023 15:14,23,,,12738313,12.185393,3203840,1.045366,0.2956,2783.600098,2439.777068,,0.575707,,4879.554199,
Sample,25/04/2023 15:14,23,,,12738492,12.183391,3203965,1.045407,0.0379,2911.100098,2547.547706,,0.576373,,5095.095215,
Sample,25/04/2023 15:14,23,,,12738726,12.180773,3203926,1.045394,0.0283,2907.399902,2544.420079,,0.576165,,5088.840332,
Sample,25/04/2023 15:14,23,,,12738885,12.178994,3203870,1.045376,0.0402,2912.300049,2548.561976,,0.575867,,5097.124023,
Sample,25/04/2023 15:14,23,,,12738956,12.1782,3203958,1.045405,0.0228,2907.600098,2544.589296,,0.576336,,5089.178711,
Sample,25/04/2023 15:14,23,,,12738966,12.178088,3203773,1.045344,0.0543,2899.199951,2537.488989,,0.575349,,5074.978027,
Sample,25/04/2023 15:14,23,,,12738958,12.178177,3203801,1.045353,0.033,2897.800049,2536.305708,,0.575498,,5072.611328,
Sample,25/04/2023 15:14,23,,,12738906,12.178759,3204019,1.045425,0.0444,2900.699951,2538.756879,,0.576662,,5077.513672,
Sample,25/04/2023 15:14,23,,,12738776,12.180214,3203754,1.045338,0.036,2901.199951,2539.179509,,0.575248,,5078.358887,
Sample,25/04/2023 15:14,23,9408860,5.638776,12738685,12.181232,3203900,1.045386,0.0447,2901.699951,2539.602139,,0.576027,,5079.204102,
Sample,25/04/2023 15:14,23,,,12738460,12.183749,3204020,1.045425,0.0252,2894.5,2533.516309,,0.576667,,5067.032715,
Sample,25/04/2023 15:14,23,,,12738173,12.18696,3203786,1.045348,0.019,2895.100098,2534.023547,,0.575418,,5068.046875,
Sample,25/04/2023 15:14,23,,,12738006,12.188828,3203758,1.045339,0.0477,2893.600098,2532.755658,,0.575269,,5065.51123,
Sample,25/04/2023 15:14,23,,,12737889,12.190137,3204019,1.045425,0.0309,2894.399902,2533.4317,,0.576662,,5066.863281,
Sample,25/04/2023 15:14,23,,,12737721,12.192016,3203854,1.045371,0.0238,2894.399902,2533.4317,,0.575781,,5066.863281,
Sample,25/04/2023 15:14,23,,,12737507,12.194411,3203758,1.045339,0.0163,2892.5,2531.825789,,0.575269,,5063.651367,
Sample,25/04/2023 15:14,23,,,12737092,12.199053,3203810,1.045356,0.0292,2891.899902,2531.318551,,0.575546,,5062.637207,
Sample,25/04/2023 15:14,23,,,12736589,12.204681,3203888,1.045382,0.0228,2884.100098,2524.725688,,0.575963,,5049.451172,
Sample,25/04/2023 15:14,23,,,12736034,12.21089,3203756,1.045339,0.0311,2880.600098,2521.767279,,0.575258,,5043.534668,
Sample,25/04/2023 15:14,23,,,12735515,12.216696,3204009,1.045422,0.039,2881.399902,2522.443322,,0.576608,,5044.886719,
Sample,25/04/2023 15:14,23,,,12735074,12.221629,3203724,1.045328,0.0537,2891.399902,2530.895921,,0.575088,,5061.791992,
Sample,25/04/2023 15:14,23,,,12734719,12.225601,3203759,1.04534,0.0175,2889,2528.867379,,0.575274,,5057.734863,
Sample,25/04/2023 15:14,23,,,12734649,12.226384,3203894,1.045384,0.039,2891.399902,2530.895921,,0.575995,,5061.791992,
Sample,25/04/2023 15:14,23,,,12734822,12.224448,3203947,1.045401,0.0321,2890,2529.712639,,0.576277,,5059.425293,
Sample,25/04/2023 15:14,23,,,12735022,12.222211,3203692,1.045318,0.0361,2891.300049,2530.811518,,0.574917,,5061.623047,
Sample,25/04/2023 15:14,23,,,12735121,12.221104,3203851,1.04537,0.0371,2894.600098,2533.600917,,0.575765,,5067.20166,
Sample,25/04/2023 15:14,23,,,12735186,12.220376,3203802,1.045354,0.0647,2893.5,2532.671049,,0.575504,,5065.342285,
Sample,25/04/2023 15:14,23,,,12735168,12.220578,3203786,1.045348,0.0193,2894.199951,2533.26269,,0.575418,,5066.525391,
Sample,25/04/2023 15:14,23,,,12735073,12.22164,3203788,1.045349,0.0469,2890.600098,2530.219878,,0.575429,,5060.439941,
Sample,25/04/2023 15:14,23,9408737,5.6381,12734961,12.222893,3203777,1.045345,0.0342,2892.300049,2531.656778,,0.57537,,5063.313477,
Sample,25/04/2023 15:14,23,,,12734875,12.223856,3203711,1.045324,0.0585,2893.199951,2532.41743,,0.575018,,5064.834961,
Sample,25/04/2023 15:14,23,,,12734883,12.223766,3203791,1.04535,0.0371,2892.600098,2531.910398,,0.575445,,5063.820801,
Sample,25/04/2023 15:14,23,,,12734940,12.223128,3203800,1.045353,0.0201,2893.300049,2532.502038,,0.575493,,5065.003906,
Sample,25/04/2023 15:14,23,,,12734929,12.223251,3203692,1.045318,0.0428,2887.399902,2527.514881,,0.574917,,5055.029785,
Sample,25/04/2023 15:14,23,,,12734798,12.224717,3203903,1.045387,0.0567,2883.800049,2524.472069,,0.576043,,5048.944336,
Sample,25/04/2023 15:14,23,,,12734610,12.22682,3203831,1.045363,0.0547,2890,2529.712639,,0.575659,,5059.425293,
Sample,25/04/2023 15:14,23,,,12734350,12.229729,3203745,1.045335,0.0098,2892,2531.403159,,0.5752,,5062.806152,
Sample,25/04/2023 15:14,23,,,12734068,12.232884,3203809,1.045356,0.0473,2894.699951,2533.68532,,0.575541,,5067.370605,
Sample,25/04/2023 15:14,23,,,12733810,12.23577,3203734,1.045331,0.0238,2889.100098,2528.951988,,0.575141,,5057.903809,
Sample,25/04/2023 15:14,23,,,12733582,12.23832,3203782,1.045347,0.019,2889.800049,2529.543629,,0.575397,,5059.087402,
Sample,25/04/2023 15:14,23,,,12733327,12.241173,3203944,1.0454,0.0232,2890.399902,2530.050661,,0.576261,,5060.101562,
Sample,25/04/2023 15:14,23,,,12733010,12.244719,3203773,1.045344,0.0412,2891.5,2530.980529,,0.575349,,5061.960938,
Sample,25/04/2023 15:14,23,,,12732782,12.24727,3203695,1.045319,0.0253,2892.5,2531.825789,,0.574933,,5063.651367,
Sample,25/04/2023 15:14,23,,,12732575,12.249586,3203915,1.045391,0.0054,2890.5,2530.135269,,0.576107,,5060.270508,
Sample,25/04/2023 15:14,23,,,12732424,12.251275,3203825,1.045361,0.0099,2891.5,2530.980529,,0.575627,,5061.960938,
Sample,25/04/2023 15:14,23,,,12732306,12.252595,3203904,1.045387,0.0286,2891.699951,2531.14954,,0.576048,,5062.299316,
Sample,25/04/2023 15:14,23,,,12732249,12.253233,3203919,1.045392,0.0339,2891.699951,2531.14954,,0.576128,,5062.299316,
Sample,25/04/2023 15:14,23,,,12732026,12.255727,3203788,1.045349,0.012,2893,2532.248419,,0.575429,,5064.49707,
Sample,25/04/2023 15:14,23,,,12731758,12.258725,3203669,1.04531,0.0215,2892.699951,2531.9948,,0.574794,,5063.989746,
Sample,25/04/2023 15:14,23,9408645,5.637594,12731738,12.258949,3203859,1.045372,0.0405,2890.699951,2530.30428,,0.575808,,5060.608398,
Sample,25/04/2023 15:14,23,,,12731598,12.260515,3203872,1.045377,0.0263,2892.300049,2531.656778,,0.575877,,5063.313477,
Sample,25/04/2023 15:14,23,,,12731577,12.26075,3203810,1.045356,0.0308,2886.899902,2527.092251,,0.575546,,5054.18457,
Sample,25/04/2023 15:14,23,,,12731387,12.262876,3203845,1.045368,0.0291,2885.800049,2526.162589,,0.575733,,5052.325195,
Sample,25/04/2023 15:14,23,,,12731219,12.264755,3203822,1.04536,0.0371,2890.600098,2530.219878,,0.575611,,5060.439941,
Sample,25/04/2023 15:14,23,,,12731109,12.265986,3203704,1.045321,0.0455,2891.699951,2531.14954,,0.574981,,5062.299316,
Sample,25/04/2023 15:14,23,,,12731144,12.265594,3203877,1.045378,0.029,2892.399902,2531.741181,,0.575904,,5063.482422,
Sample,25/04/2023 15:14,23,,,12731227,12.264666,3203761,1.04534,0.0551,2894,2533.093679,,0.575285,,5066.1875,
Sample,25/04/2023 15:14,23,,,12731439,12.262294,3203751,1.045337,0.0487,2895.699951,2534.53058,,0.575232,,5069.061035,
Sample,25/04/2023 15:15,23,,,12732060,12.255347,3203911,1.04539,0.0388,2897.600098,2536.136697,,0.576085,,5072.273438,
Sample,25/04/2023 15:15,23,,,12732531,12.250078,3203750,1.045337,0.0107,2895.199951,2534.10795,,0.575226,,5068.21582,
Sample,25/04/2023 15:15,23,,,12732579,12.249541,3203622,1.045295,0.0444,2892.100098,2531.487768,,0.574543,,5062.975586,
Sample,25/04/2023 15:15,23,,,12732409,12.251443,3203826,1.045362,0.046,2894.5,2533.516309,,0.575632,,5067.032715,
Sample,25/04/2023 15:15,23,,,12732146,12.254385,3203796,1.045352,0.0197,2896.5,2535.206829,,0.575472,,5070.413574,
Sample,25/04/2023 15:15,23,,,12731854,12.257652,3203704,1.045321,0.0556,2895.600098,2534.446177,,0.574981,,5068.892578,
Sample,25/04/2023 15:15,23,,,12731717,12.259184,3203826,1.045362,0.0214,2894.899902,2533.85433,,0.575632,,5067.708496,
Sample,25/04/2023 15:15,23,,,12731482,12.261813,3203772,1.045344,0.0719,2898.399902,2536.81274,,0.575344,,5073.625488,
Sample,25/04/2023 15:15,23,,,12731292,12.263939,3203613,1.045292,0.0104,2894.100098,2533.178287,,0.574495,,5066.356445,
Sample,25/04/2023 15:15,23,,,12731207,12.264889,3203858,1.045372,0.0408,2889.800049,2529.543629,,0.575803,,5059.087402,
Sample,25/04/2023 15:15,23,,,12731191,12.265068,3203790,1.04535,0.047,2887.300049,2527.430479,,0.57544,,5054.86084,
Sample,25/04/2023 15:15,23,9408539,5.637011,12731012,12.267071,3203792,1.04535,0.0094,2886.699951,2526.92324,,0.57545,,5053.84668,
Sample,25/04/2023 15:15,23,,,12730782,12.269644,3203776,1.045345,0.0256,2889.800049,2529.543629,,0.575365,,5059.087402,
Sample,25/04/2023 15:15,23,,,12730740,12.270114,3203815,1.045358,0.0597,2894.600098,2533.600917,,0.575573,,5067.20166,
Sample,25/04/2023 15:15,23,,,12730848,12.268905,3203654,1.045305,0.0315,2895.100098,2534.023547,,0.574714,,5068.046875,
Sample,25/04/2023 15:15,23,,,12731103,12.266053,3203842,1.045367,0.0176,2895.899902,2534.69959,,0.575717,,5069.399414,
Sample,25/04/2023 15:15,23,,,12731463,12.262026,3203717,1.045326,0.041,2896.5,2535.206829,,0.57505,,5070.413574,
Sample,25/04/2023 15:15,23,,,12731904,12.257092,3203707,1.045322,0.0311,2896.300049,2535.037818,,0.574997,,5070.075684,
Sample,25/04/2023 15:15,23,,,12732006,12.255951,3203848,1.045369,0.0284,2891,2530.557899,,0.575749,,5061.115723,
Sample,25/04/2023 15:15,23,,,12731844,12.257763,3203758,1.045339,0.042,2890.699951,2530.30428,,0.575269,,5060.608398,
Sample,25/04/2023 15:15,23,,,12731714,12.259218,3203583,1.045282,0.0523,2895.800049,2534.615188,,0.574335,,5069.230469,
Sample,25/04/2023 15:15,23,,,12731634,12.260113,3203942,1.0454,0.0195,2894.399902,2533.4317,,0.576251,,5066.863281,
Sample,25/04/2023 15:15,23,,,12731639,12.260057,3203704,1.045321,0.0498,2894.399902,2533.4317,,0.574981,,5066.863281,
Sample,25/04/2023 15:15,23,,,12731647,12.259967,3203685,1.045315,0.0209,2895.699951,2534.53058,,0.574879,,5069.061035,
Sample,25/04/2023 15:15,23,,,12731793,12.258334,3203895,1.045384,0.0207,2894.199951,2533.26269,,0.576,,5066.525391,
Sample,25/04/2023 15:15,23,,,12731909,12.257036,3203770,1.045343,0.027,2896.199951,2534.953209,,0.575333,,5069.90625,
Sample,25/04/2023 15:15,23,,,12731843,12.257775,3203638,1.0453,0.0422,2894.699951,2533.68532,,0.574629,,5067.370605,
Sample,25/04/2023 15:15,23,,,12731701,12.259363,3203945,1.045401,0.0254,2887.600098,2527.684098,,0.576267,,5055.368164,
Sample,25/04/2023 15:15,23,,,12731372,12.263044,3203658,1.045306,0.0128,2887.199951,2527.34587,,0.574735,,5054.691895,
Sample,25/04/2023 15:15,23,,,12730948,12.267787,3203712,1.045324,0.0495,2892.800049,2532.079408,,0.575023,,5064.158691,
Sample,25/04/2023 15:15,23,,,12730530,12.272463,3203781,1.045347,0.0314,2894,2533.093679,,0.575392,,5066.1875,
Sample,25/04/2023 15:15,23,9408447,5.636505,12730146,12.276759,3203565,1.045276,0.0116,2893.800049,2532.924668,,0.574239,,5065.849121,
Sample,25/04/2023 15:15,23,,,12729707,12.281669,3203671,1.045311,0.0493,2887,2527.17686,,0.574805,,5054.353516,
Sample,25/04/2023 15:15,23,,,12729295,12.286278,3203907,1.045388,0.0554,2884.399902,2524.979101,,0.576064,,5049.958008,
Sample,25/04/2023 15:15,23,,,12728900,12.290697,3203824,1.045361,0.0137,2884.5,2525.06371,,0.575621,,5050.127441,
Sample,25/04/2023 15:15,23,,,12728522,12.294926,3203574,1.045279,0.0484,2887.899902,2527.937511,,0.574287,,5055.875,
Sample,25/04/2023 15:15,23,,,12728188,12.298662,3203814,1.045358,0.0697,2884.300049,2524.894699,,0.575568,,5049.789551,
Sample,25/04/2023 15:15,23,,,12727783,12.303192,3203658,1.045306,0.0409,2881.300049,2522.358919,,0.574735,,5044.717773,
Sample,25/04/2023 15:15,23,,,12727356,12.307969,3203633,1.045298,0.0418,2876,2517.879001,,0.574602,,5035.757812,
Sample,25/04/2023 15:15,23,,,12727002,12.311929,3203829,1.045363,0.0335,2877.100098,2518.808869,,0.575648,,5037.617676,
Sample,25/04/2023 15:15,23,,,12726724,12.315039,3203742,1.045334,0.0286,2882,2522.95056,,0.575184,,5045.900879,
Sample,25/04/2023 15:15,23,,,12726496,12.317589,3203669,1.04531,0.0274,2881.100098,2522.189909,,0.574794,,5044.379883,
Sample,25/04/2023 15:15,23,,,12726294,12.319849,3203800,1.045353,0.0383,2885.5,2525.90897,,0.575493,,5051.817871,
Sample,25/04/2023 15:15,23,,,12726143,12.321538,3203719,1.045326,0.0162,2888.199951,2528.19113,,0.575061,,5056.382324,
Sample,25/04/2023 15:15,23,,,12726015,12.32297,3203539,1.045267,0.0526,2893.899902,2533.00907,,0.5741,,5066.018066,
Sample,25/04/2023 15:15,23,,,12725863,12.32467,3203818,1.045359,0.0569,2890.899902,2530.473291,,0.575589,,5060.946777,
Sample,25/04/2023 15:15,23,,,12725768,12.325733,3203571,1.045278,0.0553,2897.5,2536.052089,,0.574271,,5072.104004,
Sample,25/04/2023 15:15,23,,,12725810,12.325263,3203736,1.045332,0.019,2901.100098,2539.095107,,0.575152,,5078.19043,
Sample,25/04/2023 15:15,23,,,12725912,12.324122,3203820,1.04536,0.0165,2898.5,2536.897349,,0.5756,,5073.794922,
Sample,25/04/2023 15:15,23,,,12725929,12.323932,3203638,1.0453,0.0265,2905,2542.391538,,0.574629,,5084.783203,
Sample,25/04/2023 15:15,23,,,12725829,12.32505,3203686,1.045316,0.0469,2902.399902,2540.19378,,0.574885,,5080.387695,
Sample,25/04/2023 15:15,23,9408338,5.635906,12725642,12.327142,3203709,1.045323,0.0133,2905.5,2542.814168,,0.575007,,5085.628418,
Sample,25/04/2023 15:15,23,,,12725439,12.329413,3203692,1.045318,0.0469,2905.699951,2542.983179,,0.574917,,5085.966309,
Sample,25/04/2023 15:15,23,,,12725411,12.329726,3203733,1.045331,0.0357,2903.399902,2541.03904,,0.575136,,5082.078125,
Sample,25/04/2023 15:15,23,,,12725492,12.32882,3203917,1.045392,0.0386,2909.5,2546.195207,,0.576117,,5092.390625,
Sample,25/04/2023 15:15,23,,,12725568,12.32797,3203720,1.045327,0.0477,2911.100098,2547.547706,,0.575066,,5095.095215,
Sample,25/04/2023 15:15,23,,,12725635,12.327221,3203597,1.045286,0.043,2910.800049,2547.294087,,0.57441,,5094.588379,
Sample,25/04/2023 15:15,23,,,12725639,12.327176,3203821,1.04536,0.0279,2911.600098,2547.970336,,0.575605,,5095.94043,
Sample,25/04/2023 15:15,23,,,12725985,12.323305,3203744,1.045335,0.0156,2916.699951,2552.281038,,0.575194,,5104.562012,
Sample,25/04/2023 15:15,23,,,12726413,12.318518,3203651,1.045304,0.0394,2922.800049,2557.437205,,0.574698,,5114.874512,
Sample,25/04/2023 15:16,23,,,12726640,12.315978,3203842,1.045367,0.1108,2924.100098,2558.536085,,0.575717,,5117.072266,
Sample,25/04/2023 15:16,23,,,12726620,12.316202,3203685,1.045315,0.1756,2926.399902,2560.480017,,0.574879,,5120.959961,
Sample,25/04/2023 15:16,23,,,12726609,12.316325,3203702,1.045321,0.3511,2819.800049,2470.375435,,0.57497,,4940.750977,
Sample,25/04/2023 15:16,23,,,12726954,12.312466,3203766,1.045342,0.2431,2115.300049,1874.889832,,0.575312,,3749.779785,
Sample,25/04/2023 15:16,23,,,12727720,12.303897,3203675,1.045312,0.2806,2850.699951,2496.493884,,0.574826,,4992.987793,
Sample,25/04/2023 15:16,23,,,12728497,12.295205,3203718,1.045326,0.2488,2887.100098,2527.261468,,0.575056,,5054.522949,
Sample,25/04/2023 15:16,23,,,12728934,12.290317,3203819,1.045359,0.2048,1255.599976,1148.21983,,0.575595,,2296.439697,
Sample,25/04/2023 15:16,23,,,12729304,12.286178,3203528,1.045264,0.1494,1547.099976,1394.613092,,0.574041,,2789.226074,
Sample,25/04/2023 15:16,23,,,12729433,12.284735,3203701,1.045321,0.2363,1678.5,1505.680265,,0.574965,,3011.360596,
Sample,25/04/2023 15:16,23,,,12729536,12.283582,3203922,1.045393,0.1198,1792,1601.617264,,0.576144,,3203.234619,
Sample,25/04/2023 15:16,23,,,12729640,12.282419,3203704,1.045321,0.1236,1995,1773.205024,,0.574981,,3546.410156,
Sample,25/04/2023 15:16,23,9408327,5.635846,12729721,12.281513,3203670,1.04531,0.0836,2853.800049,2499.114272,,0.574799,,4998.228516,
Sample,25/04/2023 15:16,23,,,12729563,12.28328,3203772,1.045344,0.1257,2004.800049,1781.488613,,0.575344,,3562.977295,
Sample,25/04/2023 15:16,23,,,12729277,12.28648,3203618,1.045293,0.0614,2812.199951,2463.951377,,0.574522,,4927.902832,
Sample,25/04/2023 15:16,23,,,12728999,12.28959,3203673,1.045311,0.0938,2722.800049,2388.385225,,0.574815,,4776.770508,
Sample,25/04/2023 15:16,23,,,12728780,12.292039,3203760,1.04534,0.0825,2943.199951,2574.680425,,0.57528,,5149.36084,
Sample,25/04/2023 15:16,23,,,12728574,12.294344,3203668,1.04531,0.0809,2914,2549.998877,,0.574789,,5099.997559,
Sample,25/04/2023 15:16,23,,,12728271,12.297733,3203576,1.045279,0.0591,2891.899902,2531.318551,,0.574298,,5062.637207,
Sample,25/04/2023 15:16,23,,,12727788,12.303136,3203690,1.045317,0.0738,2870.5,2513.230071,,0.574906,,5026.459961,
Sample,25/04/2023 15:16,23,,,12727279,12.30883,3203625,1.045296,0.0502,2864.600098,2508.24312,,0.574559,,5016.486328,
Sample,25/04/2023 15:16,23,,,12727016,12.311772,3203611,1.045291,0.0682,2895.800049,2534.615188,,0.574484,,5069.230469,
Sample,25/04/2023 15:16,23,,,12727106,12.310766,3203746,1.045335,0.0859,2802.899902,2456.090419,,0.575205,,4912.180664,
Sample,25/04/2023 15:16,23,,,12727358,12.307947,3203544,1.045269,0.0821,2833.899902,2482.293476,,0.574127,,4964.586914,
Sample,25/04/2023 15:16,23,,,12727669,12.304468,3203645,1.045302,0.0805,2816.5,2467.586036,,0.574666,,4935.171875,
Sample,25/04/2023 15:16,23,,,12728007,12.300687,3203859,1.045372,0.0677,2833.699951,2482.124465,,0.575808,,4964.249023,
Sample,25/04/2023 15:16,23,,,12728308,12.297319,3203624,1.045295,0.0818,3011.199951,2632.158099,,0.574554,,5264.316406,
Sample,25/04/2023 15:16,23,,,12728448,12.295753,3203619,1.045294,0.0711,2843.800049,2490.661673,,0.574527,,4981.323242,
Sample,25/04/2023 15:16,23,,,12728417,12.2961,3203689,1.045317,0.0789,2932.5,2565.636185,,0.574901,,5131.272461,
Sample,25/04/2023 15:16,23,,,12728255,12.297912,3203564,1.045275,0.0934,2931.600098,2564.875534,,0.574233,,5129.750977,
Sample,25/04/2023 15:16,23,,,12728183,12.298718,3203684,1.045315,0.0764,2853.100098,2498.522631,,0.574874,,4997.04541,
Sample,25/04/2023 15:16,23,,,12728149,12.299098,3203730,1.04533,0.0731,2813,2464.627627,,0.57512,,4929.255371,
Sample,25/04/2023 15:16,23,9408238,5.635356,12727955,12.301268,3203628,1.045297,0.0769,3234,2820.482047,,0.574575,,5640.963867,
Sample,25/04/2023 15:16,23,,,12727616,12.30506,3203546,1.04527,0.0739,2888.800049,2528.698369,,0.574137,,5057.396973,
Sample,25/04/2023 15:16,23,,,12727262,12.30902,3203750,1.045337,0.0874,3095.800049,2703.667169,,0.575226,,5407.334473,
Sample,25/04/2023 15:16,23,,,12726762,12.314614,3203623,1.045295,0.0837,3080.600098,2690.81926,,0.574548,,5381.638672,
Sample,25/04/2023 15:16,23,,,12726290,12.319894,3203562,1.045275,0.0801,3155.300049,2753.960133,,0.574223,,5507.92041,
Sample,25/04/2023 15:16,23,,,12725906,12.324189,3203710,1.045323,0.0872,2820.399902,2470.882467,,0.575013,,4941.765137,
Sample,25/04/2023 15:16,23,,,12725499,12.328742,3203680,1.045314,0.0873,2951.800049,2581.949743,,0.574853,,5163.899414,
Sample,25/04/2023 15:16,23,,,12725152,12.332624,3203632,1.045298,0.0869,2949.899902,2580.343625,,0.574596,,5160.687012,
Sample,25/04/2023 15:16,23,,,12724851,12.335991,3203767,1.045342,0.0841,2908.800049,2545.603567,,0.575317,,5091.207031,
Sample,25/04/2023 15:16,23,,,12724624,12.33853,3203618,1.045293,0.0851,2931.199951,2564.537306,,0.574522,,5129.074707,
Sample,25/04/2023 15:16,23,,,12724485,12.340085,3203608,1.04529,0.0877,3112.899902,2718.12099,,0.574468,,5436.242188,
Sample,25/04/2023 15:16,23,,,12724444,12.340543,3203763,1.045341,0.0929,2832.699951,2481.279206,,0.575296,,4962.558594,
Sample,25/04/2023 15:16,23,,,12724302,12.342132,3203590,1.045284,0.0886,2925.199951,2559.465747,,0.574372,,5118.931641,
Sample,25/04/2023 15:16,23,,,12724028,12.345197,3203601,1.045288,0.0769,2917,2552.534657,,0.574431,,5105.069336,
Sample,25/04/2023 15:16,23,,,12723720,12.348642,3203745,1.045335,0.0822,2817.199951,2468.177677,,0.5752,,4936.355469,
Sample,25/04/2023 15:16,23,,,12723417,12.352031,3203547,1.04527,0.0753,2853.5,2498.860653,,0.574143,,4997.721191,
Sample,25/04/2023 15:16,23,,,12723261,12.353776,3203582,1.045281,0.0951,2841.600098,2488.802142,,0.57433,,4977.604492,
Sample,25/04/2023 15:16,23,,,12723103,12.355544,3203681,1.045314,0.0903,2948.699951,2579.329354,,0.574858,,5158.658691,
Sample,25/04/2023 15:16,23,,,12722919,12.357602,3203551,1.045271,0.0914,2918,2553.379917,,0.574164,,5106.759766,
Sample,25/04/2023 15:16,23,,,12722766,12.359314,3203394,1.04522,0.0695,2815.699951,2466.909787,,0.573326,,4933.819336,
Sample,25/04/2023 15:16,23,9408161,5.634933,12722624,12.360902,3203583,1.045282,0.0686,2787.300049,2442.904488,,0.574335,,4885.809082,
Sample,25/04/2023 15:16,23,,,12722261,12.364962,3203584,1.045282,0.0809,2810.800049,2462.768096,,0.57434,,4925.536133,
Sample,25/04/2023 15:16,23,,,12721872,12.369314,3203626,1.045296,0.0872,2905,2542.391538,,0.574564,,5084.783203,
Sample,25/04/2023 15:16,23,,,12721552,12.372893,3203665,1.045309,0.0799,2837.699951,2485.505505,,0.574773,,4971.01123,
Sample,25/04/2023 15:16,23,,,12721414,12.374437,3203594,1.045285,0.0818,2860.5,2504.777472,,0.574394,,5009.555176,
Sample,25/04/2023 15:16,23,,,12721411,12.37447,3203477,1.045247,0.0896,2813.899902,2465.388278,,0.573769,,4930.776367,
Sample,25/04/2023 15:16,23,,,12721491,12.373576,3203743,1.045334,0.0852,3063,2675.942603,,0.575189,,5351.885254,
Sample,25/04/2023 15:16,23,,,12721597,12.37239,3203663,1.045308,0.0861,2896.199951,2534.953209,,0.574762,,5069.90625,
Sample,25/04/2023 15:16,23,,,12721547,12.372949,3203592,1.045285,0.0563,2801.199951,2454.653519,,0.574383,,4909.307129,
Sample,25/04/2023 15:17,23,,,12721424,12.374325,3203686,1.045316,0.0992,2990.800049,2614.914879,,0.574885,,5229.82959,
Sample,25/04/2023 15:17,23,,,12721441,12.374135,3203629,1.045297,0.0829,2970.899902,2598.094083,,0.57458,,5196.187988,
Sample,25/04/2023 15:17,23,,,12721537,12.373061,3203595,1.045286,0.1001,3013.100098,2633.764216,,0.574399,,5267.52832,
Sample,25/04/2023 15:17,23,,,12721673,12.37154,3203673,1.045311,0.0729,2924.300049,2558.705095,,0.574815,,5117.410156,
Sample,25/04/2023 15:17,23,,,12721846,12.369605,3203554,1.045272,0.0752,3265.199951,2846.854114,,0.57418,,5693.708008,
Sample,25/04/2023 15:17,23,,,12721932,12.368643,3203623,1.045295,0.0763,3140.399902,2741.365637,,0.574548,,5482.731445,
Sample,25/04/2023 15:17,23,,,12721904,12.368956,3203691,1.045317,0.0942,3194,2786.67165,,0.574911,,5573.343262,
Sample,25/04/2023 15:17,23,,,12721778,12.370365,3203548,1.04527,0.0864,3592.899902,3123.845744,,0.574148,,6247.691406,
Sample,25/04/2023 15:17,23,,,12721640,12.371909,3203551,1.045271,0.0693,3002.600098,2624.888987,,0.574164,,5249.777832,
Sample,25/04/2023 15:17,23,,,12721555,12.37286,3203692,1.045318,0.0869,3633.300049,3157.994368,,0.574917,,6315.98877,
Sample,25/04/2023 15:17,23,,,12721551,12.372904,3203499,1.045254,0.0914,3714.899902,3226.967452,,0.573886,,6453.935059,
Sample,25/04/2023 15:17,23,9408064,5.6344,12721642,12.371887,3203704,1.045321,0.1101,3762.399902,3267.117298,,0.574981,,6534.234375,
Sample,25/04/2023 15:17,23,,,12721651,12.371786,3203688,1.045316,0.0918,3685.5,3202.116894,,0.574895,,6404.233887,
Sample,25/04/2023 15:17,23,,,12721811,12.369996,3203533,1.045265,0.0895,3735.199951,3244.12627,,0.574068,,6488.252441,
Sample,25/04/2023 15:17,23,,,12722055,12.367267,3203520,1.045261,0.1081,3765,3269.315056,,0.573999,,6538.629883,
Sample,25/04/2023 15:17,23,,,12722426,12.363117,3203657,1.045306,0.0991,3879.899902,3366.435337,,0.57473,,6732.870605,
Sample,25/04/2023 15:17,23,,,12722824,12.358665,3203531,1.045265,0.0997,3873.800049,3361.279375,,0.574057,,6722.558594,
Sample,25/04/2023 15:17,23,,,12723414,12.352065,3203617,1.045293,0.0904,3583.399902,3115.815775,,0.574516,,6231.631348,
Sample,25/04/2023 15:17,23,,,12723967,12.345879,3203720,1.045327,0.0927,3836.100098,3329.413118,,0.575066,,6658.826172,
Sample,25/04/2023 15:17,23,,,12724366,12.341416,3203605,1.045289,0.1116,3801.100098,3299.829021,,0.574452,,6599.658203,
Sample,25/04/2023 15:17,23,,,12724617,12.338608,3203538,1.045267,0.1008,3754.199951,3260.186208,,0.574095,,6520.372559,
Sample,25/04/2023 15:17,23,,,12724664,12.338082,3203670,1.04531,0.0901,3699,3213.527902,,0.574799,,6427.055664,
Sample,25/04/2023 15:17,23,,,12724577,12.339056,3203519,1.045261,0.0885,3618.100098,3145.146459,,0.573993,,6290.292969,
Sample,25/04/2023 15:17,23,,,12724302,12.342132,3203564,1.045275,0.0926,3370.100098,2935.522002,,0.574233,,5871.043945,
Sample,25/04/2023 15:17,23,,,12723963,12.345924,3203680,1.045314,0.0806,3706.399902,3219.782743,,0.574853,,6439.56543,
Sample,25/04/2023 15:17,23,,,12723645,12.349481,3203403,1.045223,0.0815,3534.399902,3074.398039,,0.573374,,6148.795898,
Sample,25/04/2023 15:17,23,,,12723391,12.352322,3203500,1.045254,0.0857,3064.5,2677.210493,,0.573892,,5354.420898,
Sample,25/04/2023 15:17,23,,,12723054,12.356092,3203735,1.045332,0.084,3098.199951,2705.69571,,0.575146,,5411.391602,
Sample,25/04/2023 15:17,23,,,12722678,12.360298,3203498,1.045254,0.0937,3092.699951,2701.046781,,0.573881,,5402.09375,
Sample,25/04/2023 15:17,23,,,12722454,12.362804,3203568,1.045277,0.0806,2862.300049,2506.298981,,0.574255,,5012.598145,
Sample,25/04/2023 15:17,23,,,12722431,12.363061,3203638,1.0453,0.0771,2849.800049,2495.733232,,0.574629,,4991.466309,
Sample,25/04/2023 15:17,23,9407973,5.633899,12722616,12.360991,3203471,1.045245,0.0856,2880.199951,2521.429051,,0.573737,,5042.85791,
Sample,25/04/2023 15:17,23,,,12722883,12.358005,3203485,1.04525,0.0671,2815,2466.318146,,0.573812,,4932.63623,
Sample,25/04/2023 15:17,23,,,12723160,12.354906,3203637,1.045299,0.086,2811.300049,2463.190726,,0.574623,,4926.381348,
Sample,25/04/2023 15:17,23,,,12723271,12.353665,3203430,1.045231,0.0817,2842.600098,2489.647402,,0.573518,,4979.294922,
Sample,25/04/2023 15:17,23,,,12723320,12.353116,3203429,1.045231,0.0724,2886.199951,2526.50061,,0.573513,,5053.001465,
Sample,25/04/2023 15:17,23,,,12723242,12.353989,3203669,1.04531,0.0876,2865.600098,2509.08838,,0.574794,,5018.176758,
Sample,25/04/2023 15:17,23,,,12723151,12.355007,3203325,1.045197,0.08,2877,2518.724261,,0.572957,,5037.44873,
Sample,25/04/2023 15:17,23,,,12722997,12.35673,3203483,1.045249,0.0792,2831.300049,2480.095924,,0.573801,,4960.191895,
Sample,25/04/2023 15:17,23,,,12722738,12.359627,3203465,1.045243,0.0815,2830.199951,2479.166056,,0.573705,,4958.332031,
Sample,25/04/2023 15:17,23,,,12722457,12.36277,3203467,1.045244,0.0747,2816.399902,2467.501428,,0.573716,,4935.00293,
Sample,25/04/2023 15:17,23,,,12722245,12.365141,3203608,1.04529,0.091,2928.600098,2562.339754,,0.574468,,5124.679688,
Sample,25/04/2023 15:17,23,,,12722050,12.367323,3203374,1.045213,0.0851,3533.899902,3073.97541,,0.573219,,6147.950684,
Sample,25/04/2023 15:17,23,,,12721845,12.369616,3203475,1.045246,0.0818,3804.699951,3302.871833,,0.573758,,6605.743652,
Sample,25/04/2023 15:17,23,,,12721635,12.371965,3203460,1.045241,0.0862,3728.199951,3238.20945,,0.573678,,6476.418945,
Sample,25/04/2023 15:17,23,,,12721427,12.374291,3203450,1.045238,0.0895,3935.300049,3413.262859,,0.573625,,6826.525879,
Sample,25/04/2023 15:17,23,,,12721197,12.376864,3203501,1.045255,0.0923,3945.199951,3421.63085,,0.573897,,6843.261719,
Sample,25/04/2023 15:17,23,,,12721000,12.379068,3203566,1.045276,0.0873,3727.399902,3237.533201,,0.574244,,6475.066406,
Sample,25/04/2023 15:17,23,,,12720757,12.381786,3203443,1.045236,0.096,4030.199951,3493.477942,,0.573587,,6986.956055,
Sample,25/04/2023 15:17,23,,,12720652,12.38296,3203542,1.045268,0.0976,3644,3167.038608,,0.574116,,6334.077148,
Sample,25/04/2023 15:17,23,,,12720600,12.383542,3203462,1.045242,0.092,2844.800049,2491.506933,,0.573689,,4983.013672,
Sample,25/04/2023 15:17,23,9407878,5.633377,12720496,12.384705,3203525,1.045263,0.0818,2929.899902,2563.438427,,0.574025,,5126.876953,
Sample,25/04/2023 15:17,23,,,12720278,12.387144,3203444,1.045236,0.2017,1323.300049,1205.443988,,0.573593,,2410.887939,
Sample,25/04/2023 15:17,23,,,12719946,12.390858,3203406,1.045224,0.0355,2922.300049,2557.014576,,0.57339,,5114.029297,
Sample,25/04/2023 15:17,23,,,12719626,12.394437,3203552,1.045272,0.0225,2909.699951,2546.364218,,0.574169,,5092.728516,
Sample,25/04/2023 15:17,23,,,12719368,12.397323,3203299,1.045188,0.0133,2906.399902,2543.574819,,0.572818,,5087.149414,
Sample,25/04/2023 15:17,23,,,12719205,12.399146,3203280,1.045182,0.0107,2903.5,2541.123648,,0.572717,,5082.24707,
Sample,25/04/2023 15:17,23,,,12719135,12.399929,3203542,1.045268,0.0294,2901.100098,2539.095107,,0.574116,,5078.19043,
Sample,25/04/2023 15:17,23,,,12719072,12.400634,3203407,1.045224,0.0358,2900.699951,2538.756879,,0.573395,,5077.513672,
Sample,25/04/2023 15:17,23,,,12718940,12.40211,3203412,1.045226,0.0127,2904.699951,2542.137919,,0.573422,,5084.275879,
Sample,25/04/2023 15:18,23,,,12718944,12.402066,3203620,1.045294,0.0207,2902.300049,2540.109377,,0.574532,,5080.21875,
Sample,25/04/2023 15:18,23,,,12718843,12.403195,3203472,1.045245,0.0227,2903.5,2541.123648,,0.573742,,5082.24707,
Sample,25/04/2023 15:18,23,,,12718695,12.404851,3203283,1.045183,0.0331,2904.699951,2542.137919,,0.572733,,5084.275879,
Sample,25/04/2023 15:18,23,,,12718550,12.406473,3203513,1.045259,0.0098,2905.899902,2543.152189,,0.573961,,5086.304199,
Sample,25/04/2023 15:18,23,,,12718365,12.408542,3203418,1.045227,0.0156,2906.399902,2543.574819,,0.573454,,5087.149414,
Sample,25/04/2023 15:18,23,,,12718116,12.411327,3203346,1.045204,0.0339,2906.699951,2543.828438,,0.573069,,5087.656738,
Sample,25/04/2023 15:18,23,,,12717929,12.413419,3203671,1.045311,0.0391,2906.800049,2543.913047,,0.574805,,5087.826172,
Sample,25/04/2023 15:18,23,,,12717864,12.414146,3203539,1.045267,0.028,2903.899902,2541.461669,,0.5741,,5082.92334,
Sample,25/04/2023 15:18,23,,,12718020,12.412401,3203415,1.045227,0.0221,2904.300049,2541.799897,,0.573438,,5083.599609,
Sample,25/04/2023 15:18,23,,,12718320,12.409046,3203406,1.045224,0.0427,2905.899902,2543.152189,,0.57339,,5086.304199,
Sample,25/04/2023 15:18,23,,,12718724,12.404527,3203686,1.045316,0.0256,2905.399902,2542.729559,,0.574885,,5085.458984,
Sample,25/04/2023 15:18,23,9407703,5.632415,12718923,12.402301,3203392,1.045219,0.0134,2901.300049,2539.264118,,0.573315,,5078.52832,
Sample,25/04/2023 15:18,23,,,12718917,12.402368,3203448,1.045237,0.0305,2903.800049,2541.377267,,0.573614,,5082.754395,
Sample,25/04/2023 15:18,23,,,12719046,12.400925,3203621,1.045294,0.0266,2901.899902,2539.77115,,0.574538,,5079.54248,
Sample,25/04/2023 15:18,23,,,12719152,12.399739,3203304,1.04519,0.0218,2902.100098,2539.940367,,0.572845,,5079.880859,
Sample,25/04/2023 15:18,23,,,12719270,12.398419,3203391,1.045219,0.0274,2902.800049,2540.532007,,0.57331,,5081.063965,
Sample,25/04/2023 15:18,23,,,12719400,12.396965,3203478,1.045247,0.0141,2903.5,2541.123648,,0.573774,,5082.24707,
Sample,25/04/2023 15:18,23,,,12719471,12.396171,3203260,1.045176,0.023,2903,2540.701018,,0.57261,,5081.401855,
Sample,25/04/2023 15:18,23,,,12719558,12.395198,3203468,1.045244,0.0218,2903.199951,2540.870029,,0.573721,,5081.740234,
Sample,25/04/2023 15:18,23,,,12719592,12.394817,3203486,1.04525,0.0215,2902.199951,2540.024769,,0.573817,,5080.049316,
Sample,25/04/2023 15:18,23,,,12719512,12.395712,3203397,1.045221,0.0229,2904,2541.546278,,0.573342,,5083.092773,
Sample,25/04/2023 15:18,23,,,12719445,12.396462,3203244,1.04517,0.0293,2903.399902,2541.03904,,0.572525,,5082.078125,
Sample,25/04/2023 15:18,23,,,12719429,12.396641,3203405,1.045223,0.02,2903.399902,2541.03904,,0.573385,,5082.078125,
Sample,25/04/2023 15:18,23,,,12719382,12.397166,3203332,1.045199,0.008,2901.699951,2539.602139,,0.572995,,5079.204102,
Sample,25/04/2023 15:18,23,,,12719352,12.397502,3203529,1.045264,0.0249,2903.399902,2541.03904,,0.574047,,5082.078125,
Sample,25/04/2023 15:18,23,,,12719321,12.397849,3203451,1.045238,0.0242,2902.899902,2540.61641,,0.57363,,5081.23291,
Sample,25/04/2023 15:18,23,,,12719298,12.398106,3203310,1.045192,0.0263,2903.100098,2540.785627,,0.572877,,5081.571289,
Sample,25/04/2023 15:18,23,,,12719264,12.398486,3203373,1.045213,0.0183,2905.300049,2542.645157,,0.573214,,5085.290527,
Sample,25/04/2023 15:18,23,,,12719167,12.399571,3203514,1.045259,0.0322,2903.399902,2541.03904,,0.573967,,5082.078125,
Sample,25/04/2023 15:18,23,,,12719045,12.400936,3203441,1.045235,0.026,2903.199951,2540.870029,,0.573577,,5081.740234,
Sample,25/04/2023 15:18,23,,,12718870,12.402893,3203469,1.045244,0.0303,2905.5,2542.814168,,0.573726,,5085.628418,
Sample,25/04/2023 15:18,23,9407604,5.631871,12718761,12.404113,3203279,1.045182,0.0374,2905,2542.391538,,0.572712,,5084.783203,
Sample,25/04/2023 15:18,23,,,12718610,12.405802,3203214,1.04516,0.008,2906,2543.236798,,0.572364,,5086.473633,
Sample,25/04/2023 15:18,23,,,12718558,12.406383,3203538,1.045267,0.0195,2906.699951,2543.828438,,0.574095,,5087.656738,
Sample,25/04/2023 15:18,23,,,12718419,12.407938,3203433,1.045232,0.0294,2900.600098,2538.672477,,0.573534,,5077.344727,
Sample,25/04/2023 15:18,23,,,12718277,12.409527,3203295,1.045187,0.0221,2905.699951,2542.983179,,0.572797,,5085.966309,
Sample,25/04/2023 15:18,23,,,12718186,12.410544,3203516,1.04526,0.0315,2904.899902,2542.306929,,0.573977,,5084.61377,
Sample,25/04/2023 15:18,23,,,12718027,12.412323,3203421,1.045228,0.0202,2905.899902,2543.152189,,0.57347,,5086.304199,
Sample,25/04/2023 15:18,23,,,12718064,12.411909,3203214,1.04516,0.0173,2906.699951,2543.828438,,0.572364,,5087.656738,
Sample,25/04/2023 15:18,23,,,12718132,12.411148,3203463,1.045242,0.0225,2904.600098,2542.053516,,0.573694,,5084.106934,
Sample,25/04/2023 15:18,23,,,12718049,12.412077,3203407,1.045224,0.0294,2906.100098,2543.321406,,0.573395,,5086.642578,
Sample,25/04/2023 15:18,23,,,12717891,12.413844,3203469,1.045244,0.0196,2904.699951,2542.137919,,0.573726,,5084.275879,
Sample,25/04/2023 15:18,23,,,12717665,12.416372,3203511,1.045258,0.0251,2904,2541.546278,,0.573951,,5083.092773,
Sample,25/04/2023 15:18,23,,,12717314,12.420298,3203474,1.045246,0.0236,2901.699951,2539.602139,,0.573753,,5079.204102,
Sample,25/04/2023 15:18,23,,,12717042,12.423341,3203301,1.045189,0.0282,2905.199951,2542.560549,,0.572829,,5085.121094,
Sample,25/04/2023 15:18,23,,,12716794,12.426115,3203444,1.045236,0.0182,2903.899902,2541.461669,,0.573593,,5082.92334,
Sample,25/04/2023 15:18,23,,,12716664,12.427569,3203452,1.045239,0.0317,2905.5,2542.814168,,0.573636,,5085.628418,
Sample,25/04/2023 15:18,23,,,12716618,12.428083,3203538,1.045267,0.0351,2902.699951,2540.447399,,0.574095,,5080.89502,
Sample,25/04/2023 15:18,23,,,12716543,12.428922,3203341,1.045202,0.0449,2902.899902,2540.61641,,0.573043,,5081.23291,
Sample,25/04/2023 15:18,23,,,12716314,12.431484,3203457,1.04524,0.0196,2904.199951,2541.715289,,0.573662,,5083.430664,
Sample,25/04/2023 15:18,23,,,12716174,12.43305,3203367,1.045211,0.0153,2900.5,2538.587868,,0.573182,,5077.175781,
Sample,25/04/2023 15:18,23,9407501,5.631304,12716138,12.433452,3203325,1.045197,0.0143,2902.699951,2540.447399,,0.572957,,5080.89502,
Sample,25/04/2023 15:18,23,,,12716036,12.434593,3203554,1.045272,0.0287,2903,2540.701018,,0.57418,,5081.401855,
Sample,25/04/2023 15:18,23,,,12715981,12.435208,3203272,1.04518,0.0358,2904,2541.546278,,0.572674,,5083.092773,
Sample,25/04/2023 15:18,23,,,12715927,12.435812,3203473,1.045246,0.0185,2903.800049,2541.377267,,0.573748,,5082.754395,
Sample,25/04/2023 15:18,23,,,12715807,12.437155,3203545,1.045269,0.0319,2902.300049,2540.109377,,0.574132,,5080.21875,
Sample,25/04/2023 15:18,23,,,12715648,12.438933,3203284,1.045183,0.0369,2904.300049,2541.799897,,0.572738,,5083.599609,
Sample,25/04/2023 15:18,23,,,12715455,12.441092,3203387,1.045217,0.0147,2903,2540.701018,,0.573288,,5081.401855,
Sample,25/04/2023 15:18,23,,,12715322,12.44258,3203424,1.045229,0.0168,2900.800049,2538.841488,,0.573486,,5077.683105,
Sample,25/04/2023 15:18,23,,,12715232,12.443586,3203406,1.045224,0.0306,2899.699951,2537.911619,,0.57339,,5075.823242,
Sample,25/04/2023 15:19,23,,,12715123,12.444805,3203424,1.045229,0.0256,2902.899902,2540.61641,,0.573486,,5081.23291,
Sample,25/04/2023 15:19,23,,,12715130,12.444727,3203409,1.045225,0.0346,2903.199951,2540.870029,,0.573406,,5081.740234,
Sample,25/04/2023 15:19,23,,,12715130,12.444727,3203475,1.045246,0.0246,2904.100098,2541.630887,,0.573758,,5083.261719,
Sample,25/04/2023 15:19,23,,,12715112,12.444929,3203340,1.045202,0.0062,2901.5,2539.433128,,0.573037,,5078.866211,
Sample,25/04/2023 15:19,23,,,12714982,12.446383,3215158,1.049086,0.023,2900.199951,2538.334249,,0.635512,,5076.668457,
Sample,25/04/2023 15:19,23,,,12714839,12.447982,3203471,1.045245,0.0248,2899.600098,2537.827217,,0.573737,,5075.654297,
Sample,25/04/2023 15:19,23,,,12714655,12.45004,3203303,1.04519,0.0207,2901,2539.010498,,0.57284,,5078.020996,
Sample,25/04/2023 15:19,23,,,12714497,12.451808,3203442,1.045235,0.0412,2901.100098,2539.095107,,0.573582,,5078.19043,
Sample,25/04/2023 15:19,23,,,12714329,12.453687,3203397,1.045221,0.0236,2899.399902,2537.658,,0.573342,,5075.315918,
Sample,25/04/2023 15:19,23,,,12713998,12.457389,3203335,1.0452,0.0323,2898.699951,2537.066359,,0.573011,,5074.132812,
Sample,25/04/2023 15:19,23,,,12713814,12.459447,3203448,1.045237,0.031,2899.699951,2537.911619,,0.573614,,5075.823242,
Sample,25/04/2023 15:19,23,9407407,5.630788,12713637,12.461427,3203379,1.045215,0.0256,2898.100098,2536.559327,,0.573246,,5073.118652,
Sample,25/04/2023 15:19,23,,,12713379,12.464313,3203275,1.04518,0.0318,2900,2538.165238,,0.57269,,5076.330566,
Sample,25/04/2023 15:19,23,,,12713345,12.464693,3203406,1.045224,0.0132,2903.800049,2541.377267,,0.57339,,5082.754395,
Sample,25/04/2023 15:19,23,,,12713427,12.463776,3203381,1.045215,0.0459,2902.399902,2540.19378,,0.573256,,5080.387695,
Sample,25/04/2023 15:19,23,,,12713617,12.461651,3203327,1.045198,0.0227,2903.300049,2540.954637,,0.572968,,5081.90918,
Sample,25/04/2023 15:19,23,,,12713813,12.459458,3203444,1.045236,0.0208,2903.899902,2541.461669,,0.573593,,5082.92334,
Sample,25/04/2023 15:19,23,,,12714004,12.457322,3203472,1.045245,0.0172,2903.300049,2540.954637,,0.573742,,5081.90918,
Sample,25/04/2023 15:19,23,,,12714252,12.454548,3203287,1.045184,0.0201,2902.899902,2540.61641,,0.572754,,5081.23291,
Sample,25/04/2023 15:19,23,,,12714536,12.451371,3203501,1.045255,0.0234,2903.199951,2540.870029,,0.573897,,5081.740234,
Sample,25/04/2023 15:19,23,,,12714678,12.449783,3203642,1.045301,0.0315,2903.699951,2541.292659,,0.57465,,5082.585449,
Sample,25/04/2023 15:19,23,,,12714773,12.44872,3203337,1.045201,0.0301,2903,2540.701018,,0.573021,,5081.401855,
Sample,25/04/2023 15:19,23,,,12714835,12.448027,3203368,1.045211,0.0365,2904.5,2541.968908,,0.573187,,5083.937988,
Sample,25/04/2023 15:19,23,,,12714927,12.446998,3203294,1.045187,0.0307,2902.800049,2540.532007,,0.572792,,5081.063965,
Sample,25/04/2023 15:19,23,,,12715118,12.444861,3203633,1.045298,0.0233,2906.600098,2543.744036,,0.574602,,5087.488281,
Sample,25/04/2023 15:19,23,,,12715313,12.44268,3203340,1.045202,0.0142,2904.199951,2541.715289,,0.573037,,5083.430664,
Sample,25/04/2023 15:19,23,,,12715406,12.44164,3203497,1.045253,0.0236,2903.600098,2541.208257,,0.573876,,5082.416504,
Sample,25/04/2023 15:19,23,,,12715358,12.442177,3203296,1.045187,0.0239,2906.399902,2543.574819,,0.572802,,5087.149414,
Sample,25/04/2023 15:19,23,,,12715269,12.443172,3203552,1.045272,0.0208,2904.5,2541.968908,,0.574169,,5083.937988,
Sample,25/04/2023 15:19,23,,,12715274,12.443117,3203416,1.045227,0.0309,2903.300049,2540.954637,,0.573443,,5081.90918,
Sample,25/04/2023 15:19,23,,,12715350,12.442266,3203361,1.045209,0.0211,2903.5,2541.123648,,0.57315,,5082.24707,
Sample,25/04/2023 15:19,23,9407335,5.630392,12715579,12.439705,3203436,1.045233,0.0345,2903.699951,2541.292659,,0.57355,,5082.585449,
Sample,25/04/2023 15:19,23,,,12715662,12.438777,3203537,1.045267,0.0293,2904.5,2541.968908,,0.574089,,5083.937988,
Sample,25/04/2023 15:19,23,,,12715713,12.438206,3203240,1.045169,0.0192,2905.300049,2542.645157,,0.572503,,5085.290527,
Sample,25/04/2023 15:19,23,,,12715644,12.438978,3203440,1.045235,0.0214,2904.399902,2541.884299,,0.573571,,5083.768555,
Sample,25/04/2023 15:19,23,,,12715546,12.440074,3203357,1.045207,0.0341,2906.199951,2543.405809,,0.573128,,5086.811523,
Sample,25/04/2023 15:19,23,,,12715606,12.439403,3203449,1.045238,0.0205,2905.399902,2542.729559,,0.573619,,5085.458984,
Sample,25/04/2023 15:19,23,,,12715798,12.437255,3203527,1.045263,0.0343,2903.800049,2541.377267,,0.574036,,5082.754395,
Sample,25/04/2023 15:19,23,,,12715924,12.435846,3203377,1.045214,0.0226,2904.5,2541.968908,,0.573235,,5083.937988,
Sample,25/04/2023 15:19,23,,,12716003,12.434962,3203402,1.045222,0.0242,2904.899902,2542.306929,,0.573369,,5084.61377,
Sample,25/04/2023 15:19,23,,,12715968,12.435354,3203527,1.045263,0.0251,2903.399902,2541.03904,,0.574036,,5082.078125,
Sample,25/04/2023 15:19,23,,,12715850,12.436674,3203411,1.045225,0.0044,2902.800049,2540.532007,,0.573417,,5081.063965,
Sample,25/04/2023 15:19,23,,,12715678,12.438598,3203354,1.045206,0.0107,2903.899902,2541.461669,,0.573112,,5082.92334,
Sample,25/04/2023 15:19,23,,,12715507,12.44051,3203518,1.04526,0.0241,2905.5,2542.814168,,0.573988,,5085.628418,
Sample,25/04/2023 15:19,23,,,12715342,12.442356,3203440,1.045235,0.0255,2906.100098,2543.321406,,0.573571,,5086.642578,
Sample,25/04/2023 15:19,23,,,12715173,12.444246,3203333,1.0452,0.0196,2905.600098,2542.898776,,0.573,,5085.797363,
Sample,25/04/2023 15:19,23,,,12715020,12.445958,3203316,1.045194,0.0339,2906.5,2543.659428,,0.572909,,5087.318848,
Sample,25/04/2023 15:19,23,,,12714947,12.446774,3203357,1.045207,0.0198,2907.300049,2544.335677,,0.573128,,5088.671387,
Sample,25/04/2023 15:19,23,,,12714802,12.448396,3203327,1.045198,0.0185,2903.899902,2541.461669,,0.572968,,5082.92334,
Sample,25/04/2023 15:19,23,,,12714696,12.449582,3203261,1.045176,0.0226,2905.100098,2542.476146,,0.572615,,5084.952148,
Sample,25/04/2023 15:19,23,,,12714437,12.452479,3203284,1.045183,0.032,2906.699951,2543.828438,,0.572738,,5087.656738,
Sample,25/04/2023 15:19,23,9407249,5.629919,12713954,12.457881,3203292,1.045186,0.0388,2909.399902,2546.110599,,0.572781,,5092.221191,
Sample,25/04/2023 15:19,23,,,12713221,12.46608,3203573,1.045278,0.033,2908.399902,2545.265339,,0.574282,,5090.530762,
Sample,25/04/2023 15:19,23,,,12712727,12.471605,3203387,1.045217,0.0194,2912.199951,2548.477368,,0.573288,,5096.95459,
Sample,25/04/2023 15:19,23,,,12712559,12.473485,3203320,1.045195,0.0286,2911.800049,2548.139347,,0.572931,,5096.278809,
Sample,25/04/2023 15:19,23,,,12712415,12.475095,3203415,1.045227,0.0029,2915.800049,2551.520386,,0.573438,,5103.041016,
Sample,25/04/2023 15:19,23,,,12712227,12.477198,3203346,1.045204,0.0167,2915.199951,2551.013148,,0.573069,,5102.026367,
Sample,25/04/2023 15:19,23,,,12712234,12.47712,3203284,1.045183,0.0364,2917.699951,2553.126297,,0.572738,,5106.252441,
Sample,25/04/2023 15:19,23,,,12712345,12.475878,3203401,1.045222,0.0635,2929.5,2563.100406,,0.573363,,5126.200684,
Sample,25/04/2023 15:19,23,,,12712471,12.474469,3203211,1.045159,0.3676,2873.899902,2516.103872,,0.572348,,5032.20752,
Sample,25/04/2023 15:20,23,,,12712542,12.473675,3203325,1.045197,0.2228,1338.900024,1218.630022,,0.572957,,2437.26001,
Sample,25/04/2023 15:20,23,,,12712463,12.474558,3203355,1.045207,0.1645,1425.300049,1291.660498,,0.573118,,2583.321045,
Sample,25/04/2023 15:20,23,,,12712397,12.475296,3203303,1.04519,0.0901,2395.300049,2111.562606,,0.57284,,4223.125,
Sample,25/04/2023 15:20,23,,,12712357,12.475744,3203258,1.045175,0.1014,2319.300049,2047.322853,,0.572599,,4094.645752,
Sample,25/04/2023 15:20,23,,,12712218,12.477299,3203323,1.045196,0.0728,2929.5,2563.100406,,0.572947,,5126.200684,
Sample,25/04/2023 15:20,23,,,12712093,12.478697,3203279,1.045182,0.0839,2804.100098,2457.104896,,0.572712,,4914.209961,
Sample,25/04/2023 15:20,23,,,12711948,12.480319,3203284,1.045183,0.0802,2921.5,2556.338326,,0.572738,,5112.676758,
Sample,25/04/2023 15:20,23,,,12711873,12.481158,3203408,1.045224,0.0898,3921.899902,3401.936253,,0.573401,,6803.872559,
Sample,25/04/2023 15:20,23,,,12711806,12.481907,3203299,1.045188,0.0757,3384.5,2947.693662,,0.572818,,5895.387207,
Sample,25/04/2023 15:20,23,,,12711720,12.482869,3203302,1.045189,0.0921,4011,3477.248993,,0.572834,,6954.498047,
Sample,25/04/2023 15:20,23,,,12711613,12.484066,3203430,1.045231,0.0876,4108.100098,3559.323812,,0.573518,,7118.647461,
Sample,25/04/2023 15:20,23,9407244,5.629892,12711585,12.484379,3203348,1.045204,0.0823,4007.300049,3474.121572,,0.57308,,6948.243164,
Sample,25/04/2023 15:20,23,,,12711540,12.484882,3203343,1.045203,0.0936,3982.300049,3452.990075,,0.573053,,6905.97998,
Sample,25/04/2023 15:20,23,,,12711462,12.485755,3203515,1.045259,0.0903,3989,3458.653275,,0.573972,,6917.306641,
Sample,25/04/2023 15:20,23,,,12711338,12.487142,3203341,1.045202,0.067,3697.699951,3212.429023,,0.573043,,6424.85791,
Sample,25/04/2023 15:20,23,,,12711157,12.489166,3203277,1.045181,0.0627,3698.300049,3212.936262,,0.572701,,6425.872559,
Sample,25/04/2023 15:20,23,,,12711012,12.490788,3203396,1.04522,0.049,3633.199951,3157.909759,,0.573336,,6315.819336,
Sample,25/04/2023 15:20,23,,,12710884,12.49222,3203212,1.04516,0.0527,3655.100098,3176.421075,,0.572354,,6352.842285,
Sample,25/04/2023 15:20,23,,,12710745,12.493774,3203370,1.045212,0.0003,3493.600098,3039.9116,,0.573198,,6079.823242,
Sample,25/04/2023 15:20,23,,,12710647,12.49487,3203368,1.045211,0.0239,3500.899902,3046.081833,,0.573187,,6092.163574,
Sample,25/04/2023 15:20,23,,,12710551,12.495944,3203269,1.045179,0.0004,3463.699951,3014.638205,,0.572658,,6029.276367,
Sample,25/04/2023 15:20,23,,,12710422,12.497387,3203300,1.045189,0.0226,3449,3002.212926,,0.572824,,6004.425781,
Sample,25/04/2023 15:20,23,,,12710262,12.499177,3203397,1.045221,0.0497,3408.100098,2967.641879,,0.573342,,5935.283691,
Sample,25/04/2023 15:20,23,,,12710056,12.501481,3203222,1.045163,0.0532,3393.600098,2955.38561,,0.572407,,5910.770996,
Sample,25/04/2023 15:20,23,,,12709824,12.504076,3203377,1.045214,0.0601,3374,2938.818433,,0.573235,,5877.636719,
Sample,25/04/2023 15:20,23,,,12709644,12.506089,3203368,1.045211,0.0774,3384.800049,2947.947282,,0.573187,,5895.894531,
Sample,25/04/2023 15:20,23,,,12709404,12.508773,3203157,1.045142,0.0268,3432.699951,2988.435148,,0.57206,,5976.870117,
Sample,25/04/2023 15:20,23,,,12709148,12.511637,3203393,1.045219,0.0627,3397.5,2958.682041,,0.57332,,5917.364258,
Sample,25/04/2023 15:20,23,,,12708888,12.514545,3203441,1.045235,0.0905,3380.899902,2944.650644,,0.573577,,5889.30127,
Sample,25/04/2023 15:20,23,,,12708622,12.51752,3203286,1.045184,0.0819,3349.399902,2918.024957,,0.572749,,5836.049805,
Sample,25/04/2023 15:20,23,,,12708335,12.52073,3203323,1.045196,0.0576,3418.800049,2976.686118,,0.572947,,5953.37207,
Sample,25/04/2023 15:20,23,9407156,5.629408,12708120,12.523135,3203244,1.04517,0.159,3318.399902,2891.8219,,0.572525,,5783.644043,
Sample,25/04/2023 15:20,23,,,12707899,12.525607,3203199,1.045156,0.0978,3382.800049,2946.256762,,0.572284,,5892.513672,
Sample,25/04/2023 15:20,23,,,12707689,12.527955,3203242,1.04517,0.0988,3405.300049,2965.27511,,0.572514,,5930.550293,
Sample,25/04/2023 15:20,23,,,12707544,12.529577,3203289,1.045185,0.0894,3369.600098,2935.099372,,0.572765,,5870.19873,
Sample,25/04/2023 15:20,23,,,12707485,12.530237,3203250,1.045172,0.1266,3336.300049,2906.952176,,0.572557,,5813.904297,
Sample,25/04/2023 15:20,23,,,12707473,12.530371,3203344,1.045203,0.1095,3395.5,2956.991521,,0.573059,,5913.98291,
Sample,25/04/2023 15:20,23,,,12707419,12.530975,3203414,1.045226,0.0849,3392.699951,2954.624752,,0.573433,,5909.249512,
Sample,25/04/2023 15:20,23,,,12707335,12.531915,3203256,1.045174,0.1709,3372.600098,2937.635152,,0.572589,,5875.270508,
Sample,25/04/2023 15:20,23,,,12707225,12.533145,3203275,1.04518,0.1467,3362.5,2929.097944,,0.57269,,5858.195801,
Sample,25/04/2023 15:20,23,,,12707074,12.534834,3203381,1.045215,0.1554,3392.800049,2954.709361,,0.573256,,5909.418945,
Sample,25/04/2023 15:20,23,,,12706950,12.536221,3203091,1.04512,0.0773,3393.399902,2955.216393,,0.571707,,5910.432617,
Sample,25/04/2023 15:20,23,,,12706804,12.537854,3203265,1.045177,0.092,3399.300049,2960.20355,,0.572637,,5920.407227,
Sample,25/04/2023 15:20,23,,,12706691,12.539118,3203345,1.045203,0.1335,3418.300049,2976.263488,,0.573064,,5952.526855,
Sample,25/04/2023 15:20,23,,,12706664,12.53942,3203160,1.045143,0.1489,3432.300049,2988.097127,,0.572076,,5976.194336,
Sample,25/04/2023 15:20,23,,,12706500,12.541254,3203291,1.045186,0.1063,3397.199951,2958.428422,,0.572776,,5916.856934,
Sample,25/04/2023 15:20,23,,,12706315,12.543323,3203263,1.045177,0.1321,3366.800049,2932.732603,,0.572626,,5865.465332,
Sample,25/04/2023 15:20,23,,,12706254,12.544006,3203161,1.045143,0.1482,3375.800049,2940.339942,,0.572081,,5880.679688,
Sample,25/04/2023 15:20,23,,,12706072,12.546041,3203259,1.045175,0.1074,3392,2954.033112,,0.572605,,5908.066406,
Sample,25/04/2023 15:20,23,,,12705832,12.548726,3203334,1.0452,0.152,3324.300049,2896.809057,,0.573005,,5793.618164,
Sample,25/04/2023 15:20,23,,,12705563,12.551734,3203186,1.045151,0.0733,3349.100098,2917.771544,,0.572215,,5835.542969,
Sample,25/04/2023 15:20,23,9407089,5.629039,12705224,12.555526,3203283,1.045183,0.0874,3354.899902,2922.673887,,0.572733,,5845.347656,
Sample,25/04/2023 15:20,23,,,12704859,12.559608,3203344,1.045203,0.0861,3410.199951,2969.416801,,0.573059,,5938.833496,
Sample,25/04/2023 15:20,23,,,12704610,12.562393,3203216,1.045161,0.0728,3395.5,2956.991521,,0.572375,,5913.98291,
Sample,25/04/2023 15:20,23,,,12704345,12.565357,3203259,1.045175,0.0742,3440.600098,2995.112825,,0.572605,,5990.225586,
Sample,25/04/2023 15:20,23,,,12703908,12.570245,3203379,1.045215,0.0717,3403.199951,2963.499981,,0.573246,,5927,
Sample,25/04/2023 15:20,23,,,12703396,12.575971,3203173,1.045147,0.0844,3403.699951,2963.922611,,0.572145,,5927.845215,
Sample,25/04/2023 15:20,23,,,12703027,12.580099,3203168,1.045145,0.0894,3434.100098,2989.618636,,0.572119,,5979.237305,
Sample,25/04/2023 15:20,23,,,12702840,12.58219,3203363,1.045209,0.1665,3371.199951,2936.451664,,0.57316,,5872.90332,
Sample,25/04/2023 15:20,23,,,12702995,12.580456,3203229,1.045165,0.0978,3410.5,2969.67042,,0.572445,,5939.34082,
Sample,25/04/2023 15:21,23,,,12703186,12.57832,3203352,1.045206,0.095,3354.300049,2922.166854,,0.573102,,5844.333496,
Sample,25/04/2023 15:21,23,,,12703229,12.577839,3203426,1.04523,0.1084,3350.300049,2918.785815,,0.573497,,5837.571777,
Sample,25/04/2023 15:21,23,,,12703223,12.577906,3203177,1.045148,0.1455,3410.399902,2969.585811,,0.572167,,5939.171387,
