VERSION,5.2,AQUAtalk:V4.42,OS:V6.2
LOGGER TYPE,AQUAlogger 310TYPT5 max50m 
LOGGER,2554-327
REGIME
REGIME TITLE, Logging Mode, Start At, Burst Mode, Interval, Samples Per Burst, Within Burst Sample Rate, Samples Per Average, Intermittent Logging, Hours per Day, Days per Month, Months per Year
Pilot 7 April 2023, Instant Start, NA,Enabled, 1.000000 Minutes, 10,5.000000 Seconds,1, Disabled, NA, NA, NA, NA
[LOGGER CHANNEL 0],Disabled


[LOGGER CHANNEL 1],Disabled


[LOGGER CHANNEL 2],Battery        ,06/03/2023
COEFFS, -46.089977, 5.4978768e-06, 0, 0, 0
Channel Setup, Not Averaged, Gain x1, Interval Multiplier x10
[LOGGER CHANNEL 3],Disabled


[LOGGER CHANNEL 4],Temperature    ,13/03/2023
COEFFS, 967.58575, -0.00022002781, 1.9068084e-11, -7.0580938e-19, 8.0592888e-27
Channel Setup, Not Averaged, Gain x1, Interval Multiplier x1
[LOGGER CHANNEL 5],Pressure       ,09/03/2023
COEFFS, -0.0026125142, 3.2540086e-07, 5.6441919e-16, -1.0555092e-23, 0
Channel Setup, Not Averaged, Gain x1, Interval Multiplier x1
[LOGGER CHANNEL 6],Turbidity,09/03/2023
COEFFS Raw1, -0.011529949, 0.82234406, 0, 0, 0,COEFFS Raw2, 86.911514, 0.8452599, 0, 0, 0,Transition Raw2,1080.2458
Channel Setup, Not Averaged, Gain x1, Interval Multiplier x1
[LOGGER CHANNEL 7],Disabled


[LOGGER CHANNEL 8],Depth       ,Not Calibrated
COEFFS, 51.507366, 1.0135, 1, 0, 0
Channel Setup, Not Averaged, Gain x5
[LOGGER CHANNEL 9],SSC         ,User Cal Req'd
COEFFS, 0, 2, 0, 0, 0
Channel Setup, Not Averaged, Gain x1
START TIME, 07/04/2023 10:35:20
STOP TIME, 07/04/2023 17:19:09
HEADING, Timecode,,Battery        , , Temperature    , , Pressure       , , Turbidity, , , Depth       , , SSC         , , 
UNITS, [dd/MM/yyyy HH:mm:ss],[ms], Raw, V      , Raw, °C     , Raw, bar    , Raw1,Raw2, FTU    , Raw, m      , Raw, mg/l   , 
Sample,07/04/2023 10:35:33,0,,,12470169,15.186837,3205223,1.045821,0.224900,2836.100098,2484.153213,,0.583077,,4968.306641,
Sample,07/04/2023 10:35:38,0,,,12470194,15.186556,3205336,1.045858,0.232900,2837.199951,2485.082875,,0.583679,,4970.165527,
Sample,07/04/2023 10:35:43,0,,,12470104,15.187566,3205163,1.045801,0.241500,2837.600098,2485.421103,,0.582758,,4970.842285,
Sample,07/04/2023 10:35:48,0,,,12468952,15.200493,3205719,1.045984,0.094700,2838.300049,2486.012744,,0.585716,,4972.025391,
Sample,07/04/2023 10:35:53,0,,,12467966,15.211557,3205658,1.045964,0.070800,2833.699951,2482.124465,,0.585392,,4964.249023,
Sample,07/04/2023 10:35:58,0,,,12485935,15.009974,3205359,1.045865,1.825400,-6257.799805,1.489577,,0.583801,,2.979154,
Sample,07/04/2023 10:36:03,0,,,12501756,14.832579,3205609,1.045948,0.038600,2849.100098,2495.141592,,0.585131,,4990.283203,
Sample,07/04/2023 10:36:08,0,,,12524469,14.578040,3205382,1.045873,0.502900,-492.399994,0.402027,,0.583923,,0.804054,
Sample,07/04/2023 10:36:13,0,9444090,5.832466,12540293,14.400787,3205147,1.045796,0.063300,3509.899902,3053.689172,,0.582673,,6107.378418,
Sample,07/04/2023 10:36:28,0,,,12539588,14.408682,3205201,1.045814,0.106200,2178.899902,1928.648238,,0.582960,,3857.296387,
Sample,07/04/2023 10:36:33,0,,,12541011,14.392745,3205180,1.045807,0.011000,2849.899902,2495.817635,,0.582848,,4991.635254,
Sample,07/04/2023 10:36:38,0,,,12539980,14.404292,3205174,1.045805,0.075400,2925.800049,2559.972985,,0.582816,,5119.945801,
Sample,07/04/2023 10:36:43,0,,,12539863,14.405602,3205167,1.045802,0.079200,2880.199951,2521.429051,,0.582779,,5042.857910,
Sample,07/04/2023 10:36:48,0,,,12539359,14.411247,3205250,1.045830,0.940200,2849.500000,2495.479613,,0.583221,,4990.958984,
Sample,07/04/2023 10:36:53,0,,,12526533,14.554916,3205241,1.045827,0.106600,2058.100098,1826.541007,,0.583173,,3653.082031,
Sample,07/04/2023 10:36:58,0,,,12510536,14.734166,3205174,1.045805,0.110900,1945.300049,1731.195648,,0.582816,,3462.391357,
Sample,07/04/2023 10:37:03,0,,,12494154,14.917808,3205326,1.045855,0.136300,1749.099976,1565.355593,,0.583625,,3130.711182,
Sample,07/04/2023 10:37:08,0,,,12477950,15.099539,3205456,1.045897,0.153100,1528.699951,1379.060290,,0.584317,,2758.120605,
Sample,07/04/2023 10:37:13,0,9444624,5.835402,12473558,15.148812,3205242,1.045827,0.241100,2816.100098,2467.248015,,0.583178,,4934.496094,
Sample,07/04/2023 10:37:28,0,,,12492890,14.931981,3204597,1.045615,0.823300,1498.199951,1353.279862,,0.579743,,2706.559814,
Sample,07/04/2023 10:37:33,0,,,12502408,14.825270,3204448,1.045566,0.094700,3540.199951,3079.300588,,0.578949,,6158.601074,
Sample,07/04/2023 10:37:38,0,,,12523325,14.590857,3204571,1.045606,0.088500,2932.500000,2565.636185,,0.579605,,5131.272461,
Sample,07/04/2023 10:37:43,0,,,12527415,14.545035,3204814,1.045686,0.065200,2926.399902,2560.480017,,0.580899,,5120.959961,
Sample,07/04/2023 10:37:48,0,,,12532886,14.483748,3204382,1.045544,0.094100,3574.399902,3108.208436,,0.578597,,6216.416992,
Sample,07/04/2023 10:37:53,0,,,12532609,14.486851,3204867,1.045704,152.080002,3389.300049,2951.750951,,0.581182,,5903.501953,
Sample,07/04/2023 10:37:58,0,,,12531922,14.494547,3203921,1.045393,14.445999,2875.800049,2517.709990,,0.576139,,5035.419922,
Sample,07/04/2023 10:38:03,0,,,12529661,14.519874,3204163,1.045472,19.548000,2929.399902,2563.015797,,0.577430,,5126.031738,
Sample,07/04/2023 10:38:08,0,,,12525448,14.567072,3203824,1.045361,57.276001,3095.399902,2703.328941,,0.575621,,5406.657715,
Sample,07/04/2023 10:38:13,0,9444581,5.835166,12522123,14.604324,3204608,1.045619,0.085700,2844.399902,2491.168705,,0.579802,,4982.337402,
Sample,07/04/2023 10:38:28,0,,,12508175,14.760628,3204338,1.045530,23.159000,3020.500000,2640.019057,,0.578363,,5280.038086,
Sample,07/04/2023 10:38:33,0,,,12524624,14.576303,3204838,1.045694,0.045400,3335.600098,2906.360535,,0.581027,,5812.721191,
Sample,07/04/2023 10:38:38,0,,,12525552,14.565906,3204130,1.045462,0.071200,2864.500000,2508.158512,,0.577254,,5016.316895,
Sample,07/04/2023 10:38:43,0,,,12524729,14.575127,3204656,1.045634,4.358700,6813.000000,5845.667246,,0.580058,,11691.334961,
Sample,07/04/2023 10:38:48,0,,,12518243,14.647799,3204610,1.045619,341.519989,8932.599609,7637.279810,,0.579812,,15274.559570,
Sample,07/04/2023 10:38:53,0,,,12511735,14.720729,3204279,1.045510,0.063800,3457.699951,3009.566646,,0.578048,,6019.133301,
Sample,07/04/2023 10:38:58,0,,,12518551,14.644347,3204259,1.045504,0.078300,3226.600098,2814.227206,,0.577941,,5628.454590,
Sample,07/04/2023 10:39:03,0,,,12520365,14.624022,3204184,1.045479,0.784700,2828.399902,2477.644547,,0.577542,,4955.289062,
Sample,07/04/2023 10:39:08,0,,,12525562,14.565794,3204555,1.045601,1.608500,3852.500000,3343.275298,,0.579519,,6686.550781,
Sample,07/04/2023 10:39:13,0,9444753,5.836111,12532483,14.488263,3204299,1.045517,0.065700,2904.100098,2541.630887,,0.578155,,5083.261719,
Sample,07/04/2023 10:39:28,0,,,12537489,14.432191,3203758,1.045339,0.016000,2829.699951,2478.743426,,0.575269,,4957.486816,
Sample,07/04/2023 10:39:33,0,,,12541855,14.383293,3203713,1.045324,0.208200,2300.300049,2031.262915,,0.575029,,4062.525879,
Sample,07/04/2023 10:39:38,0,,,12541179,14.390864,3205418,1.045885,0.255200,3539.399902,3078.624339,,0.584115,,6157.248535,
Sample,07/04/2023 10:39:43,0,,,12534769,14.462657,3205663,1.045965,0.194900,3513.899902,3057.070211,,0.585418,,6114.140625,
Sample,07/04/2023 10:39:48,0,,,12529044,14.526786,3205516,1.045917,0.082900,1792.400024,1601.955388,,0.584636,,3203.910889,
Sample,07/04/2023 10:39:53,0,,,12528485,14.533048,3204624,1.045624,0.668500,181.100006,0.538207,,0.579887,,1.076414,
Sample,07/04/2023 10:39:58,0,,,12524306,14.579866,3204525,1.045591,0.469000,2910.100098,2546.702446,,0.579359,,5093.404785,
Sample,07/04/2023 10:40:03,0,,,12524162,14.581479,3204505,1.045585,0.281800,3199.500000,2791.320580,,0.579253,,5582.641113,
Sample,07/04/2023 10:40:08,0,,,12525144,14.570477,3204464,1.045571,0.047900,3188.000000,2781.600091,,0.579034,,5563.200195,
Sample,07/04/2023 10:40:13,0,9444603,5.835287,12524234,14.580673,3204008,1.045421,1.130600,2732.500000,2396.584204,,0.576603,,4793.168457,
Sample,07/04/2023 10:40:28,0,,,12525442,14.567139,3203523,1.045262,0.019900,2507.100098,2206.062704,,0.574015,,4412.125488,
Sample,07/04/2023 10:40:33,0,,,12519966,14.628492,3205155,1.045798,4.492300,2741.600098,2404.276152,,0.582715,,4808.552246,
Sample,07/04/2023 10:40:38,0,,,12512816,14.708614,3204900,1.045715,4.034800,2744.600098,2406.811932,,0.581357,,4813.624023,
Sample,07/04/2023 10:40:43,0,,,12508171,14.760673,3205184,1.045808,4.451200,2743.800049,2406.135683,,0.582870,,4812.271484,
Sample,07/04/2023 10:40:48,0,,,12503308,14.815182,3204990,1.045744,4.495100,2745.000000,2407.149953,,0.581837,,4814.299805,
Sample,07/04/2023 10:40:53,0,,,12499709,14.855527,3204991,1.045745,4.505900,2744.300049,2406.558312,,0.581842,,4813.116699,
Sample,07/04/2023 10:40:58,0,,,12496932,14.886661,3204868,1.045704,4.484000,2743.500000,2405.882063,,0.581187,,4811.764160,
Sample,07/04/2023 10:41:03,0,,,12494618,14.912605,3204854,1.045699,4.533800,2743.399902,2405.797455,,0.581112,,4811.594727,
Sample,07/04/2023 10:41:08,0,,,12492780,14.933214,3204755,1.045667,4.501100,2745.199951,2407.318964,,0.580585,,4814.637695,
Sample,07/04/2023 10:41:13,0,9444548,5.834984,12490322,14.960776,3204687,1.045645,4.515000,2742.300049,2404.867793,,0.580223,,4809.735352,
Sample,07/04/2023 10:41:28,0,,,12489128,14.974166,3204836,1.045694,4.521200,2743.600098,2405.966672,,0.581016,,4811.933105,
Sample,07/04/2023 10:41:33,0,,,12488988,14.975736,3204857,1.045700,4.560900,2746.300049,2408.248832,,0.581128,,4816.497559,
Sample,07/04/2023 10:41:38,0,,,12487186,14.995944,3204520,1.045590,4.522700,2744.899902,2407.065345,,0.579333,,4814.130859,
Sample,07/04/2023 10:41:43,0,,,12485399,15.015986,3204744,1.045663,3.717500,2745.500000,2407.572583,,0.580526,,4815.145020,
Sample,07/04/2023 10:41:48,0,,,12481304,15.061916,3204570,1.045606,4.512800,2746.500000,2408.417843,,0.579599,,4816.835449,
Sample,07/04/2023 10:41:53,0,,,12478506,15.093302,3204788,1.045678,4.518200,2745.399902,2407.487975,,0.580761,,4814.976074,
Sample,07/04/2023 10:41:58,0,,,12474555,15.137626,3204528,1.045592,2.710900,2752.600098,2413.574011,,0.579375,,4827.147949,
Sample,07/04/2023 10:42:03,0,,,12471308,15.174057,3204722,1.045656,4.549600,2753.500000,2414.334662,,0.580409,,4828.669434,
Sample,07/04/2023 10:42:08,0,,,12469705,15.192043,3204584,1.045611,4.525200,2752.500000,2413.489402,,0.579674,,4826.979004,
Sample,07/04/2023 10:42:13,0,9444491,5.834671,12468175,15.209212,3204731,1.045659,4.569100,2754.199951,2414.926303,,0.580457,,4829.852539,
Sample,07/04/2023 10:42:28,0,,,12465005,15.244786,3204408,1.045553,2.895400,2754.600098,2415.264531,,0.578736,,4830.529297,
Sample,07/04/2023 10:42:33,0,,,12464245,15.253315,3204679,1.045642,3.258300,2757.800049,2417.969321,,0.580180,,4835.938477,
Sample,07/04/2023 10:42:38,0,,,12463207,15.264965,3204578,1.045609,4.602201,2749.800049,2411.207242,,0.579642,,4822.414551,
Sample,07/04/2023 10:42:43,0,,,12460951,15.290286,3204443,1.045564,4.577800,2750.300049,2411.629872,,0.578922,,4823.259766,
Sample,07/04/2023 10:42:48,0,,,12458833,15.314059,3204502,1.045584,4.527400,2750.699951,2411.967893,,0.579237,,4823.935547,
Sample,07/04/2023 10:42:53,0,,,12455995,15.345918,3204598,1.045615,4.120800,2755.100098,2415.687161,,0.579748,,4831.374512,
Sample,07/04/2023 10:42:58,0,,,12453266,15.376555,3204392,1.045548,5.314200,2766.800049,2425.576660,,0.578651,,4851.153320,
Sample,07/04/2023 10:43:03,0,,,12453310,15.376061,3204484,1.045578,5.212700,2764.500000,2423.632521,,0.579141,,4847.265137,
Sample,07/04/2023 10:43:08,0,,,12454950,15.357649,3204579,1.045609,5.221000,2762.800049,2422.195621,,0.579647,,4844.391113,
Sample,07/04/2023 10:43:13,0,9444430,5.834336,12456256,15.342988,3204430,1.045560,5.118300,2763.800049,2423.040881,,0.578853,,4846.081543,
Sample,07/04/2023 10:43:28,0,,,12454238,15.365643,3204507,1.045585,5.298600,2767.199951,2425.914682,,0.579264,,4851.829590,
Sample,07/04/2023 10:43:33,0,,,12453569,15.373153,3204532,1.045594,5.209400,2767.500000,2426.168301,,0.579397,,4852.336426,
Sample,07/04/2023 10:43:38,0,,,12450168,15.411339,3204495,1.045581,5.329200,2767.800049,2426.421920,,0.579200,,4852.843750,
Sample,07/04/2023 10:43:43,0,,,12447368,15.442780,3204535,1.045595,5.163100,2765.399902,2424.393173,,0.579413,,4848.786133,
Sample,07/04/2023 10:43:48,0,,,12445090,15.468362,3204467,1.045572,5.139300,2763.899902,2423.125283,,0.579050,,4846.250488,
Sample,07/04/2023 10:43:53,0,,,12444747,15.472215,3204415,1.045555,5.245900,2766.699951,2425.492052,,0.578773,,4850.983887,
Sample,07/04/2023 10:43:58,0,,,12445056,15.468744,3204669,1.045639,2.244400,2764.100098,2423.294500,,0.580127,,4846.588867,
Sample,07/04/2023 10:44:03,0,,,12446889,15.448159,3204442,1.045564,5.165200,2764.699951,2423.801532,,0.578917,,4847.603027,
Sample,07/04/2023 10:44:08,0,,,12447077,15.446048,3204539,1.045596,5.222800,2766.000000,2424.900411,,0.579434,,4849.800781,
Sample,07/04/2023 10:44:13,0,9444359,5.833945,12448081,15.434774,3204318,1.045523,5.266200,2765.899902,2424.815803,,0.578256,,4849.631836,
Sample,07/04/2023 10:44:28,0,,,12450607,15.406410,3204434,1.045561,5.219201,2765.899902,2424.815803,,0.578874,,4849.631836,
Sample,07/04/2023 10:44:33,0,,,12451360,15.397955,3204469,1.045573,5.230800,2765.600098,2424.562390,,0.579061,,4849.125000,
Sample,07/04/2023 10:44:38,0,,,12451806,15.392947,3204361,1.045537,5.222600,2765.500000,2424.477781,,0.578485,,4848.955566,
Sample,07/04/2023 10:44:43,0,,,12453184,15.377476,3204416,1.045556,5.221100,2765.699951,2424.646792,,0.578778,,4849.293457,
Sample,07/04/2023 10:44:48,0,,,12456589,15.339249,3204404,1.045552,3.080700,2783.000000,2439.269830,,0.578715,,4878.539551,
Sample,07/04/2023 10:44:53,0,,,12456247,15.343089,3204406,1.045552,5.235500,2785.600098,2441.467588,,0.578725,,4882.935059,
Sample,07/04/2023 10:44:58,0,,,12454686,15.360613,3204321,1.045524,3.814300,2784.500000,2440.537719,,0.578272,,4881.075195,
Sample,07/04/2023 10:45:03,0,,,12454494,15.362769,3204512,1.045587,5.258200,2789.300049,2444.595008,,0.579290,,4889.189941,
Sample,07/04/2023 10:45:08,0,,,12453065,15.378812,3204435,1.045562,5.267700,2786.399902,2442.143631,,0.578880,,4884.287109,
Sample,07/04/2023 10:45:13,0,9444307,5.833659,12450883,15.403311,3204553,1.045601,5.248100,2797.899902,2451.864120,,0.579509,,4903.728027,
Sample,07/04/2023 10:45:28,0,,,12444646,15.473349,3204500,1.045583,5.236800,2796.600098,2450.765447,,0.579226,,4901.530762,
Sample,07/04/2023 10:45:33,0,,,12442280,15.499922,3204434,1.045561,5.236701,2799.600098,2453.301226,,0.578874,,4906.602539,
Sample,07/04/2023 10:45:38,0,,,12440194,15.523352,3204483,1.045578,5.218500,2804.399902,2457.358309,,0.579136,,4914.716797,
Sample,07/04/2023 10:45:43,0,,,12438345,15.544122,3204440,1.045563,5.210299,2803.199951,2456.344038,,0.578906,,4912.687988,
Sample,07/04/2023 10:45:48,0,,,12436914,15.560197,3204462,1.045571,5.252400,2806.300049,2458.964427,,0.579024,,4917.928711,
Sample,07/04/2023 10:45:53,0,,,12437095,15.558164,3204499,1.045583,5.233300,2803.199951,2456.344038,,0.579221,,4912.687988,
Sample,07/04/2023 10:45:58,0,,,12434454,15.587834,3204479,1.045576,5.159200,2802.100098,2455.414376,,0.579114,,4910.828613,
Sample,07/04/2023 10:46:03,0,,,12431253,15.623799,3204461,1.045570,6.080500,2808.699951,2460.992968,,0.579018,,4921.985840,
Sample,07/04/2023 10:46:08,0,,,12431920,15.616305,3204588,1.045612,5.992100,2818.899902,2469.614578,,0.579695,,4939.229004,
Sample,07/04/2023 10:46:13,0,9444250,5.833346,12433808,15.595092,3204525,1.045591,6.138100,2811.000000,2462.937107,,0.579359,,4925.874023,
Sample,07/04/2023 10:46:28,0,,,12428062,15.659657,3204588,1.045612,5.927400,2773.699951,2431.408871,,0.579695,,4862.817871,
Sample,07/04/2023 10:46:33,0,,,12427873,15.661781,3204944,1.045729,0.453400,2574.300049,2262.864129,,0.581592,,4525.728027,
Sample,07/04/2023 10:46:38,0,,,12431376,15.622417,3204526,1.045592,0.061500,3031.300049,2649.147905,,0.579365,,5298.295898,
Sample,07/04/2023 10:46:43,0,,,12435739,15.573397,3204426,1.045559,0.088300,3042.899902,2658.952796,,0.578832,,5317.905762,
Sample,07/04/2023 10:46:48,0,,,12440346,15.521645,3204464,1.045571,0.089900,3042.699951,2658.783786,,0.579034,,5317.567383,
Sample,07/04/2023 10:46:53,0,,,12441142,15.512704,3204409,1.045553,0.086100,3042.899902,2658.952796,,0.578741,,5317.905762,
Sample,07/04/2023 10:46:58,0,,,12442833,15.493711,3204530,1.045593,0.091500,3051.500000,2666.222114,,0.579386,,5332.444336,
Sample,07/04/2023 10:47:03,0,,,12442521,15.497215,3204473,1.045574,0.090800,3052.600098,2667.151982,,0.579082,,5334.304199,
Sample,07/04/2023 10:47:08,0,,,12444669,15.473091,3204562,1.045604,0.083000,3055.100098,2669.265132,,0.579557,,5338.530273,
Sample,07/04/2023 10:47:13,0,9444228,5.833225,12444853,15.471024,3204567,1.045605,0.115700,3055.899902,2669.941175,,0.579583,,5339.882324,
Sample,07/04/2023 10:47:28,0,,,12448298,15.432337,3204614,1.045621,0.197800,2995.899902,2619.225581,,0.579834,,5238.451172,
Sample,07/04/2023 10:47:33,0,,,12440987,15.514445,3204517,1.045589,0.086000,3061.300049,2674.505702,,0.579317,,5349.011230,
Sample,07/04/2023 10:47:38,0,,,12435491,15.576184,3204477,1.045576,0.089800,3060.300049,2673.660442,,0.579104,,5347.320801,
Sample,07/04/2023 10:47:43,0,,,12437634,15.552109,3204590,1.045613,0.077400,3058.800049,2672.392553,,0.579706,,5344.785156,
Sample,07/04/2023 10:47:48,0,,,12438590,15.541370,3204360,1.045537,0.077000,3057.000000,2670.871043,,0.578480,,5341.742188,
Sample,07/04/2023 10:47:53,0,,,12443561,15.485534,3204516,1.045588,0.087300,3061.199951,2674.421094,,0.579311,,5348.842285,
Sample,07/04/2023 10:47:58,0,,,12446601,15.451394,3204491,1.045580,0.082000,3063.000000,2675.942603,,0.579178,,5351.885254,
Sample,07/04/2023 10:48:03,0,,,12450327,15.409554,3204193,1.045482,0.098600,3063.600098,2676.449841,,0.577590,,5352.899902,
Sample,07/04/2023 10:48:08,0,,,12450627,15.406185,3204489,1.045580,0.585400,2626.199951,2306.733035,,0.579168,,4613.466309,
Sample,07/04/2023 10:48:13,0,9444184,5.832983,12435193,15.579531,3204485,1.045578,0.095800,3066.800049,2679.154632,,0.579146,,5358.309082,
Sample,07/04/2023 10:48:28,0,,,12398149,15.996020,3204614,1.045621,0.232400,2980.000000,2605.786031,,0.579834,,5211.572266,
Sample,07/04/2023 10:48:33,0,,,12399808,15.977353,3204227,1.045493,0.106500,3075.899902,2686.846373,,0.577771,,5373.692871,
Sample,07/04/2023 10:48:38,0,,,12398450,15.992633,3204464,1.045571,0.102100,4104.299805,3556.111577,,0.579034,,7112.223145,
Sample,07/04/2023 10:48:43,0,,,12395619,16.024488,3204444,1.045565,0.110200,4015.899902,3481.390684,,0.578928,,6962.781250,
Sample,07/04/2023 10:48:48,0,,,12399085,15.985488,3204212,1.045488,0.106800,4035.600098,3498.042469,,0.577691,,6996.084961,
Sample,07/04/2023 10:48:53,0,,,12405096,15.917865,3204537,1.045595,0.108600,3996.199951,3464.739105,,0.579423,,6929.478027,
Sample,07/04/2023 10:48:58,0,,,12403746,15.933051,3204287,1.045513,0.089900,3953.699951,3428.815559,,0.578091,,6857.631348,
Sample,07/04/2023 10:49:03,0,,,12398716,15.989640,3204384,1.045545,0.102200,3993.199951,3462.203325,,0.578608,,6924.406738,
Sample,07/04/2023 10:49:08,0,,,12401197,15.961726,3204338,1.045530,0.104500,4017.399902,3482.658574,,0.578363,,6965.317383,
Sample,07/04/2023 10:49:13,0,9444149,5.832791,12403937,15.930902,3204432,1.045561,0.127300,3201.100098,2792.673078,,0.578864,,5585.346191,
Sample,07/04/2023 10:49:28,0,,,12423632,15.709445,3204361,1.045537,0.095000,3211.899902,2801.801720,,0.578485,,5603.603516,
Sample,07/04/2023 10:49:33,0,,,12423373,15.712356,3204004,1.045420,0.102000,3208.500000,2798.927919,,0.576582,,5597.855957,
Sample,07/04/2023 10:49:38,0,,,12428456,15.655229,3204196,1.045483,0.100400,3177.300049,2772.555851,,0.577606,,5545.111816,
Sample,07/04/2023 10:49:43,0,,,12426110,15.681594,3204044,1.045433,116.969994,3202.500000,2793.856360,,0.576795,,5587.712891,
Sample,07/04/2023 10:49:48,0,,,12422384,15.723472,3204150,1.045468,0.007200,3153.199951,2752.185005,,0.577360,,5504.370117,
Sample,07/04/2023 10:49:53,0,,,12416300,15.791867,3204052,1.045436,0.075600,3184.100098,2778.303660,,0.576838,,5556.607422,
Sample,07/04/2023 10:49:58,0,,,12414905,15.807552,3204110,1.045455,0.031800,3166.399902,2763.342394,,0.577147,,5526.684570,
Sample,07/04/2023 10:50:03,0,,,12410523,15.856827,3204036,1.045431,0.002800,3177.699951,2772.893873,,0.576752,,5545.787598,
Sample,07/04/2023 10:50:08,0,,,12407594,15.889768,3203856,1.045371,0.003300,3198.699951,2790.644331,,0.575792,,5581.288574,
Sample,07/04/2023 10:50:13,0,9444191,5.833022,12402001,15.952681,3203787,1.045349,0.032600,2771.699951,2429.718351,,0.575424,,4859.436523,
Sample,07/04/2023 10:50:28,0,,,12359307,16.433458,3203906,1.045388,0.023800,3170.199951,2766.554423,,0.576059,,5533.108887,
Sample,07/04/2023 10:50:33,0,,,12349837,16.540235,3203894,1.045384,0.038300,3088.399902,2697.412122,,0.575995,,5394.824219,
Sample,07/04/2023 10:50:38,0,,,12340707,16.643229,3203765,1.045342,0.031500,2243.600098,1983.336719,,0.575306,,3966.673340,
Sample,07/04/2023 10:50:43,0,,,12345022,16.594546,3203862,1.045373,31.292999,3172.000000,2768.075933,,0.575824,,5536.151855,
Sample,07/04/2023 10:50:48,0,,,12353618,16.497597,3203684,1.045315,105.909996,3149.300049,2748.888574,,0.574874,,5497.777344,
Sample,07/04/2023 10:50:53,0,,,12361195,16.412176,3203679,1.045313,109.610001,3156.300049,2754.805393,,0.574847,,5509.610840,
Sample,07/04/2023 10:50:58,0,,,12366716,16.349955,3203624,1.045295,110.599998,3160.800049,2758.609063,,0.574554,,5517.218262,
Sample,07/04/2023 10:51:03,0,,,12372364,16.286320,3203640,1.045300,0.078900,3156.100098,2754.636383,,0.574639,,5509.272949,
Sample,07/04/2023 10:51:08,0,,,12363732,16.383582,3203506,1.045256,0.068600,3346.600098,2915.658394,,0.573924,,5831.316895,
Sample,07/04/2023 10:51:13,0,9444164,5.832873,12343774,16.608625,3203514,1.045259,0.064600,3235.100098,2821.411915,,0.573967,,5642.823730,
Sample,07/04/2023 10:51:28,0,,,12298512,17.119896,3203499,1.045254,0.058800,3229.000000,2816.255747,,0.573886,,5632.511719,
Sample,07/04/2023 10:51:33,0,,,12288574,17.232335,3203357,1.045207,0.103400,3154.300049,2753.114873,,0.573128,,5506.229980,
Sample,07/04/2023 10:51:38,0,,,12291788,17.195964,3203252,1.045173,0.164000,2773.800049,2431.493480,,0.572567,,4862.986816,
Sample,07/04/2023 10:51:43,0,,,12298444,17.120665,3203475,1.045246,6.239400,2735.199951,2398.866365,,0.573758,,4797.732910,
Sample,07/04/2023 10:51:48,0,,,12305235,17.043870,3203214,1.045160,4.797700,2734.000000,2397.852094,,0.572364,,4795.704102,
Sample,07/04/2023 10:51:53,0,,,12314749,16.936334,3203163,1.045144,5.739000,2735.600098,2399.204593,,0.572092,,4798.409180,
Sample,07/04/2023 10:51:58,0,,,12323734,16.834832,3203074,1.045114,5.558300,2737.000000,2400.387874,,0.571616,,4800.775879,
Sample,07/04/2023 10:52:03,0,,,12322143,16.852801,3203011,1.045094,0.443200,2678.199951,2350.686550,,0.571280,,4701.373047,
Sample,07/04/2023 10:52:08,0,,,12318381,16.895298,3203038,1.045103,4.578300,2728.100098,2392.865143,,0.571424,,4785.730469,
Sample,07/04/2023 10:52:13,0,9444002,5.831982,12324189,16.829693,3202737,1.045004,4.483900,2730.699951,2395.062695,,0.569815,,4790.125488,
Sample,07/04/2023 10:52:28,0,,,12329300,16.771979,3202631,1.044969,1.709000,2721.100098,2386.948324,,0.569249,,4773.896484,
Sample,07/04/2023 10:52:33,0,,,12327557,16.791659,3202637,1.044971,0.250200,2650.699951,2327.441903,,0.569281,,4654.883789,
Sample,07/04/2023 10:52:38,0,,,12317216,16.908460,3202733,1.045002,0.001000,2753.600098,2414.419271,,0.569794,,4828.838379,
Sample,07/04/2023 10:52:43,0,,,12305252,17.043678,3202451,1.044910,0.787200,2730.199951,2394.640065,,0.568286,,4789.280273,
Sample,07/04/2023 10:52:48,0,,,12288698,17.230931,3202550,1.044942,0.004400,2762.699951,2422.111012,,0.568815,,4844.222168,
Sample,07/04/2023 10:52:53,0,,,12278768,17.343348,3202263,1.044848,1.662800,2750.699951,2411.967893,,0.567280,,4823.935547,
Sample,07/04/2023 10:52:58,0,,,12267252,17.473808,3202262,1.044848,1.661900,2755.000000,2415.602552,,0.567275,,4831.205078,
Sample,07/04/2023 10:53:03,0,,,12254890,17.613961,3202428,1.044902,1.870600,2759.500000,2419.406222,,0.568163,,4838.812500,
Sample,07/04/2023 10:53:08,0,,,12247683,17.695724,3202186,1.044823,1.600300,2754.199951,2414.926303,,0.566868,,4829.852539,
Sample,07/04/2023 10:53:13,0,9443992,5.831928,12237391,17.812555,3202110,1.044798,1.895800,2759.899902,2419.744243,,0.566461,,4839.488281,
Sample,07/04/2023 10:53:28,0,,,12219349,18.017567,3201845,1.044710,2.886300,2758.800049,2418.814581,,0.565043,,4837.629395,
Sample,07/04/2023 10:53:33,0,,,12219772,18.012757,3201862,1.044716,0.004100,2750.000000,2411.376253,,0.565134,,4822.752441,
Sample,07/04/2023 10:53:38,0,,,12216949,18.044858,3201728,1.044672,1.564700,2755.300049,2415.856171,,0.564416,,4831.712402,
Sample,07/04/2023 10:53:43,0,,,12212426,18.096304,3201615,1.044635,1.833700,2759.500000,2419.406222,,0.563811,,4838.812500,
Sample,07/04/2023 10:53:48,0,,,12216527,18.049658,3201880,1.044722,1.720400,2753.899902,2414.672684,,0.565230,,4829.345215,
Sample,07/04/2023 10:53:53,0,,,12206848,18.159774,3201584,1.044625,0.011900,2755.899902,2416.363204,,0.563645,,4832.726562,
Sample,07/04/2023 10:53:58,0,,,12210832,18.114439,3201447,1.044580,0.967900,2750.899902,2412.136904,,0.562911,,4824.273926,
Sample,07/04/2023 10:54:03,0,,,12206389,18.164998,3201555,1.044615,0.009500,2758.899902,2418.898983,,0.563489,,4837.797852,
Sample,07/04/2023 10:54:08,0,,,12200367,18.233551,3201241,1.044512,0.006700,2753.100098,2413.996641,,0.561807,,4827.993164,
Sample,07/04/2023 10:54:13,0,9443986,5.831895,12192853,18.319134,3201231,1.044509,0.011300,2759.699951,2419.575232,,0.561753,,4839.150391,
Sample,07/04/2023 10:54:28,0,,,12166326,18.621672,3200900,1.044400,0.011900,2764.300049,2423.463511,,0.559978,,4846.927246,
Sample,07/04/2023 10:54:33,0,,,12161758,18.673835,3200979,1.044426,0.005300,2761.500000,2421.096742,,0.560402,,4842.193359,
Sample,07/04/2023 10:54:38,0,,,12153915,18.763440,3200607,1.044304,1.799400,2752.699951,2413.658413,,0.558406,,4827.316895,
Sample,07/04/2023 10:54:43,0,,,12152787,18.776333,3200770,1.044357,1.908500,2759.699951,2419.575232,,0.559281,,4839.150391,
Sample,07/04/2023 10:54:48,0,,,12150339,18.804316,3200787,1.044363,1.960300,2755.399902,2415.940574,,0.559372,,4831.881348,
Sample,07/04/2023 10:54:53,0,,,12148956,18.820127,3201517,1.044603,0.004400,3060.399902,2673.744845,,0.563286,,5347.489746,
Sample,07/04/2023 10:54:58,0,,,12169756,18.582517,3200759,1.044354,2.755800,3262.300049,2844.402943,,0.559222,,5688.805664,
Sample,07/04/2023 10:55:03,0,,,12207721,18.149839,3200375,1.044227,0.361000,3317.399902,2890.976640,,0.557161,,5781.953125,
Sample,07/04/2023 10:55:08,0,,,12232088,17.872786,3200301,1.044203,0.037500,3334.100098,2905.092646,,0.556763,,5810.185059,
Sample,07/04/2023 10:55:13,0,9443947,5.831680,12251655,17.650657,3200325,1.044211,0.053600,3341.000000,2910.924856,,0.556892,,5821.849609,
Sample,07/04/2023 10:55:28,0,,,12276341,17.370834,3199801,1.044039,0.399000,3365.000000,2931.211094,,0.554077,,5862.422363,
Sample,07/04/2023 10:55:33,0,,,12288456,17.233670,3199674,1.043997,0.400300,3337.100098,2907.628425,,0.553395,,5815.256836,
Sample,07/04/2023 10:55:38,0,,,12295452,17.154510,3199719,1.044012,0.354100,3354.899902,2922.673887,,0.553637,,5845.347656,
Sample,07/04/2023 10:55:43,0,,,12309274,16.998210,3199381,1.043901,0.303400,3337.500000,2907.966447,,0.551819,,5815.933105,
Sample,07/04/2023 10:55:48,0,,,12317040,16.910448,3199496,1.043938,0.285800,3350.100098,2918.616804,,0.552438,,5837.233398,
Sample,07/04/2023 10:55:53,0,,,12327429,16.793105,3199208,1.043844,0.281100,3371.399902,2936.620675,,0.550888,,5873.241211,
Sample,07/04/2023 10:55:58,0,,,12335799,16.698615,3199284,1.043869,0.176400,3334.100098,2905.092646,,0.551297,,5810.185059,
Sample,07/04/2023 10:56:03,0,,,12343814,16.608174,3199047,1.043791,0.077400,3338.300049,2908.642696,,0.550022,,5817.285156,
Sample,07/04/2023 10:56:08,0,,,12350308,16.534923,3198913,1.043747,0.162700,3322.800049,2895.541167,,0.549301,,5791.082520,
Sample,07/04/2023 10:56:13,0,9443902,5.831433,12347046,16.571715,3198925,1.043751,0.410400,3356.100098,2923.688364,,0.549365,,5847.376953,
Sample,07/04/2023 10:56:28,0,,,12352948,16.505152,3198348,1.043561,0.410600,3387.500000,2950.229442,,0.546258,,5900.458984,
Sample,07/04/2023 10:56:33,0,,,12353510,16.498815,3198569,1.043634,0.323400,3365.199951,2931.380105,,0.547449,,5862.760254,
Sample,07/04/2023 10:56:38,0,,,12360054,16.425038,3198441,1.043592,0.338100,3399.699951,2960.541572,,0.546759,,5921.083008,
Sample,07/04/2023 10:56:43,0,,,12364086,16.379593,3198430,1.043588,0.162900,3392.500000,2954.455742,,0.546700,,5908.911621,
Sample,07/04/2023 10:56:48,0,,,12360986,16.414532,3198273,1.043536,0.328900,3393.500000,2955.301001,,0.545854,,5910.602051,
Sample,07/04/2023 10:56:53,0,,,12361827,16.405053,3198441,1.043592,0.279800,3399.500000,2960.372561,,0.546759,,5920.745117,
Sample,07/04/2023 10:56:58,0,,,12357673,16.451878,3198092,1.043477,0.014600,3395.000000,2956.568891,,0.544878,,5913.137695,
Sample,07/04/2023 10:57:03,0,,,12360997,16.414408,3198227,1.043521,0.123600,3395.899902,2957.329543,,0.545606,,5914.659180,
Sample,07/04/2023 10:57:08,0,,,12359930,16.426435,3198131,1.043490,0.204100,3387.600098,2950.314051,,0.545088,,5900.627930,
Sample,07/04/2023 10:57:13,0,9443849,5.831141,12360136,16.424113,3198155,1.043498,0.077000,3396.500000,2957.836781,,0.545218,,5915.673340,
Sample,07/04/2023 10:57:28,0,,,12368263,16.332523,3197961,1.043434,0.015400,3393.300049,2955.131991,,0.544172,,5910.264160,
Sample,07/04/2023 10:57:33,0,,,12368155,16.333740,3198079,1.043473,0.155100,3397.300049,2958.513030,,0.544808,,5917.025879,
Sample,07/04/2023 10:57:38,0,,,12371892,16.291637,3198201,1.043513,11.983000,3399.300049,2960.203550,,0.545466,,5920.407227,
Sample,07/04/2023 10:57:43,0,,,12375043,16.256142,3197980,1.043440,0.090700,3391.899902,2953.948503,,0.544274,,5907.896973,
Sample,07/04/2023 10:57:48,0,,,12376099,16.244248,3198155,1.043498,0.256700,3389.600098,2952.004570,,0.545218,,5904.009277,
Sample,07/04/2023 10:57:53,0,,,12380254,16.197453,3197890,1.043410,62.028999,3383.399902,2946.763794,,0.543789,,5893.527344,
Sample,07/04/2023 10:57:58,0,,,12386838,16.123322,3198129,1.043489,162.850006,3391.899902,2953.948503,,0.545077,,5907.896973,
Sample,07/04/2023 10:58:03,0,,,12389771,16.090305,3197997,1.043446,391.830017,3382.300049,2945.834132,,0.544366,,5891.668457,
Sample,07/04/2023 10:58:08,0,,,12382401,16.173277,3197951,1.043431,374.839996,3384.100098,2947.355641,,0.544118,,5894.711426,
Sample,07/04/2023 10:58:13,0,9443791,5.830822,12367144,16.345132,3198316,1.043551,384.510010,3400.600098,2961.302429,,0.546085,,5922.604980,
Sample,07/04/2023 10:58:28,0,,,12348348,16.557029,3198063,1.043467,339.779999,3242.500000,2827.666756,,0.544722,,5655.333496,
Sample,07/04/2023 10:58:33,0,,,12346616,16.576565,3198013,1.043451,0.121600,3236.199951,2822.341577,,0.544452,,5644.683105,
Sample,07/04/2023 10:58:38,0,,,12337780,16.676258,3198113,1.043484,0.057400,3755.399902,3261.200478,,0.544991,,6522.400879,
Sample,07/04/2023 10:58:43,0,,,12334570,16.712487,3198379,1.043571,0.087200,3768.100098,3271.935444,,0.546425,,6543.871094,
Sample,07/04/2023 10:58:48,0,,,12332988,16.730344,3198361,1.043565,0.451300,3801.300049,3299.998032,,0.546328,,6599.996094,
Sample,07/04/2023 10:58:53,0,,,12328728,16.778437,3198573,1.043635,0.943700,3904.500000,3387.228813,,0.547470,,6774.457520,
Sample,07/04/2023 10:58:58,0,,,12323260,16.840185,3198350,1.043562,1.523600,-548.400024,1.241393,,0.546269,,2.482787,
Sample,07/04/2023 10:59:03,0,,,12326903,16.799044,3198492,1.043608,1.608500,-570.099976,1.311211,,0.547034,,2.622421,
Sample,07/04/2023 10:59:08,0,,,12327009,16.797847,3198495,1.043609,1.727900,-537.200012,1.409398,,0.547050,,2.818797,
Sample,07/04/2023 10:59:13,0,9443885,5.831339,12327480,16.792529,3198558,1.043630,1.579200,-466.299988,1.287116,,0.547389,,2.574232,
Sample,07/04/2023 10:59:28,0,,,12316390,16.917792,3198606,1.043646,0.851600,3461.600098,3012.863283,,0.547648,,6025.726562,
Sample,07/04/2023 10:59:33,0,,,12316597,16.915453,3198702,1.043677,0.601400,3497.500000,3043.208032,,0.548165,,6086.416016,
Sample,07/04/2023 10:59:38,0,,,12315777,16.924718,3198774,1.043701,0.374600,3470.800049,3020.639633,,0.548553,,6041.279297,
Sample,07/04/2023 10:59:43,0,,,12310422,16.985234,3198573,1.043635,0.189200,3421.800049,2979.221898,,0.547470,,5958.443848,
Sample,07/04/2023 10:59:48,0,,,12312433,16.962506,3198883,1.043737,1.254700,2922.600098,2557.268195,,0.549139,,5114.536621,
Sample,07/04/2023 10:59:53,0,,,12313107,16.954889,3198914,1.043747,0.000900,3444.600098,2998.493865,,0.549306,,5996.987793,
Sample,07/04/2023 10:59:58,0,,,12306870,17.025385,3198634,1.043655,0.063000,3485.399902,3032.980304,,0.547799,,6065.960449,
Sample,07/04/2023 11:00:03,0,,,12301964,17.080856,3198964,1.043764,0.103100,3781.800049,3283.515464,,0.549575,,6567.030762,
Sample,07/04/2023 11:00:08,0,,,12298837,17.116220,3198687,1.043672,0.070100,2415.800049,2128.890434,,0.548084,,4257.780762,
Sample,07/04/2023 11:00:13,0,9443858,5.831191,12291459,17.199687,3198726,1.043685,0.073900,3514.199951,3057.323831,,0.548294,,6114.647461,
Sample,07/04/2023 11:00:28,0,,,12280750,17.320904,3198506,1.043613,0.082000,3451.600098,3004.410684,,0.547109,,6008.821289,
Sample,07/04/2023 11:00:33,0,,,12272733,17.411704,3198672,1.043668,0.123500,3430.600098,2986.660226,,0.548003,,5973.320312,
Sample,07/04/2023 11:00:38,0,,,12264610,17.503752,3198497,1.043610,0.189900,3411.600098,2970.600288,,0.547061,,5941.200684,
Sample,07/04/2023 11:00:43,0,,,12258335,17.574892,3198603,1.043645,0.214200,3423.600098,2980.743407,,0.547632,,5961.486816,
Sample,07/04/2023 11:00:48,0,,,12251517,17.652223,3198402,1.043579,0.275700,3423.199951,2980.405179,,0.546549,,5960.810547,
Sample,07/04/2023 11:00:53,0,,,12250685,17.661662,3198387,1.043574,0.301600,3443.100098,2997.225975,,0.546468,,5994.452148,
Sample,07/04/2023 11:00:58,0,,,12246026,17.714528,3198150,1.043496,0.328800,3453.899902,3006.354617,,0.545191,,6012.709473,
Sample,07/04/2023 11:01:03,0,,,12247532,17.697437,3198380,1.043572,0.336900,3452.300049,3005.002325,,0.546430,,6010.004883,
Sample,07/04/2023 11:01:08,0,,,12246189,17.712678,3198059,1.043466,0.318600,3499.199951,3044.644932,,0.544700,,6089.290039,
Sample,07/04/2023 11:01:13,0,9443816,5.830960,12242281,17.757035,3198025,1.043455,0.325800,3440.699951,2995.197228,,0.544517,,5990.394531,
Sample,07/04/2023 11:01:28,0,,,12228243,17.916471,3197784,1.043376,0.181100,3428.100098,2984.547077,,0.543217,,5969.094238,
Sample,07/04/2023 11:01:33,0,,,12226991,17.930698,3197782,1.043375,0.213300,3454.399902,3006.777247,,0.543206,,6013.554688,
Sample,07/04/2023 11:01:38,0,,,12222616,17.980424,3197538,1.043295,0.128000,3466.699951,3017.173985,,0.541890,,6034.348145,
Sample,07/04/2023 11:01:43,0,,,12215799,18.057937,3197472,1.043273,0.124000,3372.100098,2937.212522,,0.541534,,5874.424805,
Sample,07/04/2023 11:01:48,0,,,12215516,18.061156,3197405,1.043251,0.108400,3459.000000,3010.665525,,0.541172,,6021.331055,
Sample,07/04/2023 11:01:53,0,,,12211560,18.106156,3197069,1.043141,0.057600,3422.899902,2980.151560,,0.539358,,5960.303223,
Sample,07/04/2023 11:01:58,0,,,12207143,18.156416,3197200,1.043184,0.063500,3438.300049,2993.168686,,0.540065,,5986.337402,
Sample,07/04/2023 11:02:03,0,,,12202501,18.209255,3196914,1.043090,0.034600,3462.399902,3013.539326,,0.538520,,6027.078613,
Sample,07/04/2023 11:02:08,0,,,12198789,18.251520,3196745,1.043034,0.018400,3382.300049,2945.834132,,0.537607,,5891.668457,
Sample,07/04/2023 11:02:13,0,9443758,5.830641,12192367,18.324671,3196637,1.042999,0.001300,3446.100098,2999.761755,,0.537023,,5999.523438,
Sample,07/04/2023 11:02:28,0,,,12192306,18.325366,3196306,1.042890,28.091000,2920.300049,2555.324056,,0.535234,,5110.647949,
Sample,07/04/2023 11:02:33,0,,,12193959,18.306534,3196192,1.042852,28.572001,2922.000000,2556.760956,,0.534617,,5113.521973,
Sample,07/04/2023 11:02:38,0,,,12193249,18.314622,3195814,1.042728,28.670002,2922.399902,2557.098978,,0.532571,,5114.197754,
Sample,07/04/2023 11:02:43,0,,,12194458,18.300849,3195983,1.042784,28.204998,2923.199951,2557.775227,,0.533486,,5115.550293,
Sample,07/04/2023 11:02:48,0,,,12194084,18.305110,3195554,1.042643,26.478998,2923.699951,2558.197857,,0.531163,,5116.395508,
Sample,07/04/2023 11:02:53,0,,,12192755,18.320251,3195480,1.042618,0.067900,3502.199951,3047.180712,,0.530763,,6094.361328,
Sample,07/04/2023 11:02:58,0,,,12186308,18.393720,3195450,1.042609,0.069100,3469.000000,3019.118124,,0.530600,,6038.236328,
Sample,07/04/2023 11:03:03,0,,,12183248,18.428605,3195303,1.042560,0.079200,3482.600098,3030.613741,,0.529804,,6061.227539,
Sample,07/04/2023 11:03:08,0,,,12178050,18.487882,3194940,1.042441,0.098700,3550.699951,3088.175817,,0.527836,,6176.351562,
Sample,07/04/2023 11:03:13,0,9443577,5.829646,12174287,18.530810,3194871,1.042418,0.079100,3510.699951,3054.365421,,0.527462,,6108.730957,
Sample,07/04/2023 11:03:28,0,,,12168970,18.591489,3194612,1.042333,0.051800,3461.500000,3012.778675,,0.526057,,6025.557129,
Sample,07/04/2023 11:03:33,0,,,12168107,18.601340,3194401,1.042264,0.066900,3477.699951,3026.471844,,0.524912,,6052.943848,
Sample,07/04/2023 11:03:38,0,,,12166198,18.623133,3194287,1.042226,0.058900,3458.600098,3010.327504,,0.524293,,6020.654785,
Sample,07/04/2023 11:03:43,0,,,12161606,18.675571,3194332,1.042241,26.393000,2907.600098,2544.589296,,0.524537,,5089.178711,
Sample,07/04/2023 11:03:48,0,,,12160443,18.688854,3193893,1.042097,0.203700,2912.000000,2548.308357,,0.522153,,5096.616699,
Sample,07/04/2023 11:03:53,0,,,12161478,18.677032,3193995,1.042130,24.743000,2909.600098,2546.279816,,0.522707,,5092.559570,
Sample,07/04/2023 11:03:58,0,,,12158945,18.705966,3193819,1.042072,0.135800,1683.699951,1510.075575,,0.521751,,3020.151123,
Sample,07/04/2023 11:04:03,0,,,12159391,18.700871,3193732,1.042044,0.059300,2982.600098,2607.983789,,0.521278,,5215.967773,
Sample,07/04/2023 11:04:08,0,,,12157564,18.721744,3193388,1.041931,0.028100,3455.800049,3007.960735,,0.519408,,6015.921387,
Sample,07/04/2023 11:04:13,0,9443565,5.829580,12163721,18.651416,3193500,1.041968,0.048600,3394.899902,2956.484283,,0.520017,,5912.968750,
Sample,07/04/2023 11:04:28,0,,,12157071,18.727376,3193247,1.041884,0.116500,3415.699951,2974.065730,,0.518641,,5948.131348,
Sample,07/04/2023 11:04:33,0,,,12150835,18.798645,3193007,1.041806,0.243200,2693.600098,2363.703677,,0.517335,,4727.407227,
Sample,07/04/2023 11:04:38,0,,,12147797,18.833379,3192994,1.041801,0.002800,3400.800049,2961.471440,,0.517264,,5922.942871,
Sample,07/04/2023 11:04:43,0,,,12143415,18.883494,3192829,1.041747,0.126100,3438.199951,2993.084078,,0.516366,,5986.167969,
Sample,07/04/2023 11:04:48,0,,,12148683,18.823248,3192835,1.041749,0.180900,3429.300049,2985.561347,,0.516399,,5971.122559,
Sample,07/04/2023 11:04:53,0,,,12143529,18.882190,3192725,1.041713,0.159900,3339.300049,2909.487956,,0.515800,,5818.976074,
Sample,07/04/2023 11:04:58,0,,,12148313,18.827479,3192921,1.041777,0.142800,3468.899902,3019.033516,,0.516867,,6038.066895,
Sample,07/04/2023 11:05:03,0,,,12141337,18.907266,3192194,1.041538,0.156600,3380.899902,2944.650644,,0.512907,,5889.301270,
Sample,07/04/2023 11:05:08,0,,,12142322,18.895998,3192463,1.041627,0.104400,3363.300049,2929.774194,,0.514373,,5859.548340,
Sample,07/04/2023 11:05:13,0,9443502,5.829234,12138910,18.935036,3192330,1.041583,0.040400,3418.500000,2976.432499,,0.513649,,5952.865234,
Sample,07/04/2023 11:05:28,0,,,12129109,19.047238,3192108,1.041510,0.061500,3478.899902,3027.486115,,0.512439,,6054.972168,
Sample,07/04/2023 11:05:33,0,,,12127377,19.067076,3191822,1.041416,0.078000,3469.600098,3019.625363,,0.510879,,6039.250488,
Sample,07/04/2023 11:05:38,0,,,12126127,19.081395,3192048,1.041490,0.092500,3504.800049,3049.378470,,0.512111,,6098.756836,
Sample,07/04/2023 11:05:43,0,,,12120465,19.146274,3191952,1.041459,0.101700,3474.300049,3023.598043,,0.511588,,6047.196289,
Sample,07/04/2023 11:05:48,0,,,12119047,19.162528,3191719,1.041382,0.100600,3587.600098,3119.366032,,0.510317,,6238.731934,
Sample,07/04/2023 11:05:53,0,,,12115815,19.199581,3191449,1.041293,0.114700,3539.899902,3079.046969,,0.508844,,6158.093750,
Sample,07/04/2023 11:05:58,0,,,12117925,19.175390,3191559,1.041330,0.113300,3521.399902,3063.409661,,0.509444,,6126.819336,
Sample,07/04/2023 11:06:03,0,,,12115184,19.206817,3191127,1.041188,0.103500,3539.800049,3078.962567,,0.507086,,6157.925293,
Sample,07/04/2023 11:06:08,0,,,12111109,19.253553,3191512,1.041314,0.099200,3497.199951,3042.954412,,0.509188,,6085.908691,
Sample,07/04/2023 11:06:13,0,9443499,5.829217,12107173,19.298712,3191269,1.041234,0.103000,3553.399902,3090.457978,,0.507861,,6180.916016,
Sample,07/04/2023 11:06:28,0,,,12094786,19.440936,3191015,1.041151,0.100100,3567.199951,3102.122606,,0.506474,,6204.245117,
Sample,07/04/2023 11:06:33,0,,,12091537,19.478267,3190610,1.041018,0.103700,3571.500000,3105.757264,,0.504261,,6211.514648,
Sample,07/04/2023 11:06:38,0,,,12089768,19.498597,3190598,1.041014,0.115700,3635.899902,3160.191920,,0.504195,,6320.383789,
Sample,07/04/2023 11:06:43,0,,,12087877,19.520334,3190438,1.040961,0.109300,3486.899902,3034.248194,,0.503320,,6068.496582,
Sample,07/04/2023 11:06:48,0,,,12093825,19.451977,3190426,1.040957,0.142500,1594.400024,1434.593927,,0.503255,,2869.187744,
Sample,07/04/2023 11:06:53,0,,,12098666,19.396369,3190364,1.040937,0.207800,2908.100098,2545.011926,,0.502916,,5090.023926,
Sample,07/04/2023 11:06:58,0,,,12101542,19.363345,3190155,1.040868,0.054500,2938.000000,2570.285115,,0.501772,,5140.570312,
Sample,07/04/2023 11:07:03,0,,,12104753,19.326485,3189988,1.040813,0.172200,1440.800049,1304.762026,,0.500859,,2609.524170,
Sample,07/04/2023 11:07:08,0,,,12105802,19.314445,3189845,1.040766,0.180500,2105.100098,1866.268223,,0.500076,,3732.536377,
Sample,07/04/2023 11:07:13,0,9443493,5.829184,12109434,19.272769,3190020,1.040824,0.199100,2118.800049,1877.848242,,0.501034,,3755.696533,
Sample,07/04/2023 11:07:28,0,,,12116096,19.196359,3189647,1.040701,0.090900,2347.800049,2071.412760,,0.498992,,4142.825684,
Sample,07/04/2023 11:07:33,0,,,12115902,19.198584,3189299,1.040587,0.118300,3630.699951,3155.796610,,0.497085,,6311.593262,
Sample,07/04/2023 11:07:38,0,,,12108239,19.286480,3189168,1.040544,0.092200,3574.300049,3108.124034,,0.496367,,6216.248047,
Sample,07/04/2023 11:07:43,0,,,12110366,19.262077,3189250,1.040571,0.117700,3577.199951,3110.575205,,0.496816,,6221.150391,
Sample,07/04/2023 11:07:48,0,,,12104937,19.324373,3188935,1.040467,0.110800,3569.100098,3103.728723,,0.495089,,6207.457520,
Sample,07/04/2023 11:07:53,0,,,12103360,19.342474,3188953,1.040473,0.109500,3489.600098,3036.530561,,0.495188,,6073.061035,
Sample,07/04/2023 11:07:58,0,,,12108262,19.286216,3189125,1.040530,0.091900,3498.100098,3043.715270,,0.496131,,6087.430664,
Sample,07/04/2023 11:08:03,0,,,12099342,19.388606,3188735,1.040401,0.097200,3507.500000,3051.660631,,0.493992,,6103.321289,
Sample,07/04/2023 11:08:08,0,,,12094048,19.449414,3189097,1.040520,0.097300,3477.199951,3026.049214,,0.495978,,6052.098633,
Sample,07/04/2023 11:08:13,0,9443525,5.829360,12089590,19.500643,3188839,1.040436,0.090500,3482.800049,3030.782752,,0.494563,,6061.565430,
Sample,07/04/2023 11:08:28,0,,,12076857,19.647082,3188651,1.040374,0.078500,3485.199951,3032.811293,,0.493531,,6065.622559,
Sample,07/04/2023 11:08:33,0,,,12074944,19.669098,3188618,1.040363,0.016500,2900.800049,2538.841488,,0.493350,,5077.683105,
Sample,07/04/2023 11:08:38,0,,,12070968,19.714869,3188496,1.040323,0.133300,1832.300049,1635.681279,,0.492681,,3271.362549,
Sample,07/04/2023 11:08:43,0,,,12077492,19.639775,3188698,1.040389,0.036500,2938.300049,2570.538734,,0.493789,,5141.077637,
Sample,07/04/2023 11:08:48,0,,,12076114,19.655632,3188316,1.040264,0.179200,2904.800049,2542.222527,,0.491692,,5084.444824,
Sample,07/04/2023 11:08:53,0,,,12081065,19.598667,3188569,1.040347,0.213200,2845.399902,2492.013965,,0.493081,,4984.027832,
Sample,07/04/2023 11:08:58,0,,,12079141,19.620801,3188489,1.040321,0.032700,2917.300049,2552.788276,,0.492642,,5105.576660,
Sample,07/04/2023 11:09:03,0,,,12081508,19.593572,3188373,1.040282,0.216600,2813.500000,2465.050257,,0.492005,,4930.100586,
Sample,07/04/2023 11:09:08,0,,,12087306,19.526898,3188250,1.040242,0.108400,3695.399902,3210.484884,,0.491330,,6420.969727,
Sample,07/04/2023 11:09:13,0,9443496,5.829201,12088569,19.512379,3188334,1.040270,0.187800,2887.100098,2527.261468,,0.491791,,5054.522949,
Sample,07/04/2023 11:09:28,0,,,12081012,19.599277,3188125,1.040201,0.074900,3503.699951,3048.448602,,0.490643,,6096.896973,
Sample,07/04/2023 11:09:33,0,,,12072558,19.696563,3187873,1.040118,0.087400,3486.899902,3034.248194,,0.489259,,6068.496582,
Sample,07/04/2023 11:09:38,0,,,12071763,19.705716,3187950,1.040143,0.106000,3518.699951,3061.127500,,0.489682,,6122.254883,
Sample,07/04/2023 11:09:43,0,,,12068398,19.744464,3188001,1.040160,0.100700,3490.000000,3036.868582,,0.489962,,6073.737305,
Sample,07/04/2023 11:09:48,0,,,12066718,19.763815,3187861,1.040114,0.102500,3524.100098,3065.692028,,0.489193,,6131.384277,
Sample,07/04/2023 11:09:53,0,,,12061714,19.821469,3187907,1.040129,0.094700,3539.500000,3078.708948,,0.489446,,6157.417969,
Sample,07/04/2023 11:09:58,0,,,12063498,19.800911,3187916,1.040132,0.118900,3504.000000,3048.702221,,0.489495,,6097.404297,
Sample,07/04/2023 11:10:03,0,,,12058970,19.853097,3187861,1.040114,0.105900,3527.000000,3068.143199,,0.489193,,6136.286621,
Sample,07/04/2023 11:10:08,0,,,12057639,19.868441,3187934,1.040138,0.101400,3512.500000,3055.886930,,0.489594,,6111.773926,
Sample,07/04/2023 11:10:13,0,9443508,5.829267,12053377,19.917588,3187686,1.040057,0.106100,3559.699951,3095.783156,,0.488231,,6191.566406,
Sample,07/04/2023 11:10:28,0,,,12051839,19.935329,3187728,1.040070,0.079200,3492.399902,3038.897123,,0.488462,,6077.794434,
Sample,07/04/2023 11:10:33,0,,,12041645,20.052984,3187549,1.040012,0.063000,3492.500000,3038.981732,,0.487478,,6077.963379,
Sample,07/04/2023 11:10:38,0,,,12036237,20.115449,3187653,1.040046,0.069400,3422.300049,2979.644528,,0.488050,,5959.289062,
Sample,07/04/2023 11:10:43,0,,,12042871,20.038827,3187740,1.040074,0.034900,3458.300049,3010.073885,,0.488528,,6020.147949,
Sample,07/04/2023 11:10:48,0,,,12039643,20.076104,3187584,1.040023,0.023300,3376.300049,2940.762572,,0.487670,,5881.524902,
Sample,07/04/2023 11:10:53,0,,,12036746,20.109569,3187545,1.040010,0.038100,3380.899902,2944.650644,,0.487456,,5889.301270,
Sample,07/04/2023 11:10:58,0,,,12036195,20.115935,3187495,1.039994,0.018100,3432.699951,2988.435148,,0.487181,,5976.870117,
Sample,07/04/2023 11:11:03,0,,,12027667,20.214509,3187512,1.039999,0.008700,3392.199951,2954.202122,,0.487274,,5908.404297,
Sample,07/04/2023 11:11:08,0,,,12021383,20.287200,3187469,1.039985,0.001800,3419.899902,2977.615780,,0.487038,,5955.231445,
Sample,07/04/2023 11:11:13,0,9443468,5.829047,12016812,20.340106,3187375,1.039954,0.002600,3402.199951,2962.654721,,0.486521,,5925.309570,
Sample,07/04/2023 11:11:28,0,,,12007364,20.449540,3187017,1.039837,0.023700,3391.699951,2953.779492,,0.484551,,5907.559082,
Sample,07/04/2023 11:11:33,0,,,12011320,20.403705,3187115,1.039869,0.004700,3337.899902,2908.304468,,0.485090,,5816.608887,
Sample,07/04/2023 11:11:38,0,,,12002033,20.511336,3187016,1.039836,0.002400,3393.300049,2955.131991,,0.484545,,5910.264160,
Sample,07/04/2023 11:11:43,0,,,12001576,20.516635,3186908,1.039801,0.012300,3416.600098,2974.826588,,0.483951,,5949.653320,
Sample,07/04/2023 11:11:48,0,,,12001212,20.520856,3186868,1.039788,0.052800,3419.899902,2977.615780,,0.483730,,5955.231445,
Sample,07/04/2023 11:11:53,0,,,11997820,20.560197,3186735,1.039744,0.057300,3427.600098,2984.124447,,0.482998,,5968.249023,
Sample,07/04/2023 11:11:58,0,,,12002747,20.503057,3186631,1.039710,0.054900,3421.300049,2978.799268,,0.482425,,5957.598633,
Sample,07/04/2023 11:12:03,0,,,12000977,20.523581,3186486,1.039662,0.076100,3469.600098,3019.625363,,0.481626,,6039.250488,
Sample,07/04/2023 11:12:08,0,,,12002420,20.506849,3186590,1.039696,0.084500,3477.699951,3026.471844,,0.482199,,6052.943848,
Sample,07/04/2023 11:12:13,0,9443442,5.828904,11997162,20.567831,3186224,1.039576,0.105700,3507.899902,3051.998652,,0.480182,,6103.997070,
Sample,07/04/2023 11:12:28,0,,,11993375,20.611773,3186224,1.039576,0.118000,3571.899902,3106.095286,,0.480182,,6212.190430,
Sample,07/04/2023 11:12:33,0,,,11986498,20.691617,3186035,1.039514,0.102300,3611.500000,3139.567661,,0.479140,,6279.135254,
Sample,07/04/2023 11:12:38,0,,,11989986,20.651113,3186063,1.039523,0.117200,3666.199951,3185.803336,,0.479294,,6371.606445,
Sample,07/04/2023 11:12:43,0,,,11981535,20.749276,3185920,1.039476,0.115600,3603.899902,3133.143603,,0.478506,,6266.287109,
Sample,07/04/2023 11:12:48,0,,,11977379,20.797584,3185915,1.039475,0.114200,3604.000000,3133.228211,,0.478478,,6266.456543,
Sample,07/04/2023 11:12:53,0,,,11971979,20.860385,3185595,1.039369,0.111200,3589.699951,3121.140953,,0.476712,,6242.281738,
Sample,07/04/2023 11:12:58,0,,,11970965,20.872181,3185796,1.039435,0.107400,3613.800049,3141.511800,,0.477821,,6283.023438,
Sample,07/04/2023 11:13:03,0,,,11968815,20.897199,3185507,1.039340,0.113900,3580.899902,3113.702625,,0.476226,,6227.405273,
Sample,07/04/2023 11:13:08,0,,,11969101,20.893871,3185372,1.039296,0.109000,3577.899902,3111.166845,,0.475481,,6222.333496,
Sample,07/04/2023 11:13:13,0,9443418,5.828772,11965215,20.939102,3185122,1.039214,0.107000,3379.000000,2943.044733,,0.474100,,5886.089355,
Sample,07/04/2023 11:13:28,0,,,11963688,20.956881,3185045,1.039189,0.106200,3268.199951,2849.389894,,0.473675,,5698.779785,
Sample,07/04/2023 11:13:33,0,,,11966926,20.919184,3185024,1.039182,0.088000,3291.800049,2869.338110,,0.473558,,5738.676270,
Sample,07/04/2023 11:13:38,0,,,11962082,20.975583,3184596,1.039041,0.089600,3288.500000,2866.548711,,0.471192,,5733.097656,
Sample,07/04/2023 11:13:43,0,,,11968282,20.903402,3184916,1.039146,0.089000,3004.800049,2626.748518,,0.472962,,5253.497070,
Sample,07/04/2023 11:13:48,0,,,11966020,20.929730,3184589,1.039039,0.073300,2907.500000,2544.504688,,0.471154,,5089.009277,
Sample,07/04/2023 11:13:53,0,,,11967608,20.911246,3184472,1.039000,0.113400,1970.900024,1752.834281,,0.470506,,3505.668457,
Sample,07/04/2023 11:13:58,0,,,11965038,20.941163,3184439,1.038989,0.067600,2985.600098,2610.519569,,0.470324,,5221.039062,
Sample,07/04/2023 11:14:03,0,,,11967721,20.909931,3184326,1.038952,0.075400,2991.199951,2615.252900,,0.469699,,5230.505859,
Sample,07/04/2023 11:14:08,0,,,11962612,20.969411,3184053,1.038863,0.091100,2914.000000,2549.998877,,0.468187,,5099.997559,
Sample,07/04/2023 11:14:13,0,9443394,5.828640,11960240,20.997037,3184048,1.038861,0.079100,2880.699951,2521.851681,,0.468160,,5043.703125,
Sample,07/04/2023 11:14:28,0,,,11949343,21.124052,3183811,1.038783,0.112300,3428.600098,2984.969707,,0.466847,,5969.939453,
Sample,07/04/2023 11:14:33,0,,,11955167,21.056148,3184072,1.038869,0.096600,3478.199951,3026.894474,,0.468293,,6053.789062,
Sample,07/04/2023 11:14:38,0,,,11947913,21.140731,3183713,1.038751,0.118000,3486.300049,3033.741162,,0.466304,,6067.482422,
Sample,07/04/2023 11:14:43,0,,,11947091,21.150320,3183956,1.038831,0.093300,3122.399902,2726.150959,,0.467650,,5452.301758,
Sample,07/04/2023 11:14:48,0,,,11945998,21.163072,3183719,1.038753,0.100400,3010.500000,2631.566458,,0.466337,,5263.132812,
Sample,07/04/2023 11:14:53,0,,,11951191,21.102500,3183574,1.038705,0.077400,3056.199951,2670.194794,,0.465534,,5340.389648,
Sample,07/04/2023 11:14:58,0,,,11962911,20.965929,3183628,1.038723,0.070900,3032.100098,2649.824154,,0.465833,,5299.648438,
Sample,07/04/2023 11:15:03,0,,,11963404,20.960188,3183804,1.038781,0.148000,1406.300049,1275.600560,,0.466808,,2551.201172,
Sample,07/04/2023 11:15:08,0,,,11971941,20.860827,3183558,1.038700,0.148600,2939.100098,2571.214983,,0.465445,,5142.430176,
Sample,07/04/2023 11:15:13,0,9443293,5.828084,11968714,20.898374,3183354,1.038633,0.027300,2922.100098,2556.845565,,0.464314,,5113.690918,
Sample,07/04/2023 11:15:28,0,,,11972281,20.856871,3183551,1.038698,0.030700,2918.600098,2553.887155,,0.465406,,5107.774414,
Sample,07/04/2023 11:15:33,0,,,11975512,20.819292,3183566,1.038702,0.030300,2919.000000,2554.225177,,0.465490,,5108.450195,
Sample,07/04/2023 11:15:38,0,,,11972731,20.851637,3183427,1.038657,0.025300,2913.100098,2549.238226,,0.464719,,5098.476562,
Sample,07/04/2023 11:15:43,0,,,11975804,20.815897,3183668,1.038736,0.287000,2860.500000,2504.777472,,0.466055,,5009.555176,
Sample,07/04/2023 11:15:48,0,,,11972073,20.859291,3183387,1.038644,0.184600,2026.599976,1799.915217,,0.464497,,3599.830322,
Sample,07/04/2023 11:15:53,0,,,11974365,20.832631,3183531,1.038691,0.087900,2243.199951,1982.998492,,0.465296,,3965.997070,
Sample,07/04/2023 11:15:58,0,,,11967393,20.913748,3183580,1.038707,0.119700,1695.000000,1519.627053,,0.465567,,3039.254150,
Sample,07/04/2023 11:16:03,0,,,11967602,20.911316,3183641,1.038727,0.064400,2985.800049,2610.688579,,0.465905,,5221.376953,
Sample,07/04/2023 11:16:08,0,,,11970832,20.873729,3183577,1.038706,0.084200,3033.800049,2651.261055,,0.465551,,5302.521973,
Sample,07/04/2023 11:16:13,0,9443348,5.828387,11964834,20.943538,3183556,1.038699,0.069500,3001.600098,2624.043727,,0.465434,,5248.087402,
Sample,07/04/2023 11:16:28,0,,,11963401,20.960223,3183769,1.038769,0.112100,3320.800049,2893.850648,,0.466614,,5787.701172,
Sample,07/04/2023 11:16:33,0,,,11962441,20.971402,3183606,1.038716,0.068500,2992.300049,2616.182769,,0.465711,,5232.365723,
Sample,07/04/2023 11:16:38,0,,,11969780,20.885969,3183770,1.038770,0.152400,1411.400024,1279.911365,,0.466620,,2559.822754,
Sample,07/04/2023 11:16:43,0,,,11971703,20.863595,3183691,1.038744,0.211800,2926.399902,2560.480017,,0.466182,,5120.959961,
Sample,07/04/2023 11:16:48,0,,,11967348,20.914272,3183841,1.038793,0.177800,1526.800049,1377.454378,,0.467013,,2754.908691,
Sample,07/04/2023 11:16:53,0,,,11964312,20.949615,3183678,1.038739,0.203300,2898.000000,2536.474719,,0.466110,,5072.949219,
Sample,07/04/2023 11:16:58,0,,,11966131,20.928438,3183818,1.038785,0.176100,2929.699951,2563.269416,,0.466886,,5126.539062,
Sample,07/04/2023 11:17:03,0,,,11963618,20.957696,3183988,1.038841,0.035200,2915.699951,2551.435778,,0.467827,,5102.871582,
Sample,07/04/2023 11:17:08,0,,,11962004,20.976491,3184057,1.038864,0.019000,2932.300049,2565.467175,,0.468210,,5130.934570,
Sample,07/04/2023 11:17:13,0,9443272,5.827969,11966016,20.929777,3184096,1.038877,0.006000,2923.199951,2557.775227,,0.468425,,5115.550293,
Sample,07/04/2023 11:17:28,0,,,11970362,20.879197,3184378,1.038969,0.031600,2907.100098,2544.166666,,0.469986,,5088.333496,
Sample,07/04/2023 11:17:33,0,,,11975319,20.821537,3184145,1.038893,0.007600,2919.100098,2554.309785,,0.468697,,5108.619629,
Sample,07/04/2023 11:17:38,0,,,11982781,20.734797,3184435,1.038988,0.018700,2922.800049,2557.437205,,0.470302,,5114.874512,
Sample,07/04/2023 11:17:43,0,,,11987405,20.681083,3184187,1.038907,0.133100,2944.000000,2575.356674,,0.468929,,5150.713379,
Sample,07/04/2023 11:17:48,0,,,11985652,20.701444,3184501,1.039010,0.007000,2928.500000,2562.255146,,0.470667,,5124.510254,
Sample,07/04/2023 11:17:53,0,,,11981747,20.746813,3184423,1.038984,0.010300,2923.800049,2558.282465,,0.470235,,5116.564941,
Sample,07/04/2023 11:17:58,0,,,11981186,20.753332,3184585,1.039037,0.019100,2920.899902,2555.831088,,0.471131,,5111.662109,
Sample,07/04/2023 11:18:03,0,,,11981254,20.752542,3184586,1.039038,0.010600,2930.500000,2563.945665,,0.471137,,5127.891113,
Sample,07/04/2023 11:18:08,0,,,11979864,20.768697,3184820,1.039115,0.023300,2919.100098,2554.309785,,0.472431,,5108.619629,
Sample,07/04/2023 11:18:13,0,9443214,5.827650,11980991,20.755598,3184790,1.039105,0.032000,2923.199951,2557.775227,,0.472265,,5115.550293,
Sample,07/04/2023 11:18:28,0,,,11982771,20.734914,3185055,1.039192,0.026800,2930.699951,2564.114676,,0.473730,,5128.229492,
Sample,07/04/2023 11:18:33,0,,,11983737,20.723690,3185058,1.039193,0.036200,2921.399902,2556.253718,,0.473746,,5112.507324,
Sample,07/04/2023 11:18:38,0,,,11988093,20.673093,3185075,1.039198,0.027900,2923.800049,2558.282465,,0.473840,,5116.564941,
Sample,07/04/2023 11:18:43,0,,,11989894,20.652181,3185145,1.039221,0.030700,2926.500000,2560.564626,,0.474227,,5121.129395,
Sample,07/04/2023 11:18:48,0,,,11995265,20.589840,3185353,1.039290,0.023100,2915.000000,2550.844137,,0.475376,,5101.688477,
Sample,07/04/2023 11:18:53,0,,,12001195,20.521053,3185367,1.039294,0.013200,2937.399902,2569.777876,,0.475453,,5139.555664,
Sample,07/04/2023 11:18:58,0,,,12007273,20.450595,3185304,1.039274,0.025600,2917.399902,2552.872678,,0.475105,,5105.745117,
Sample,07/04/2023 11:19:03,0,,,12006300,20.461871,3185549,1.039354,0.031300,2917.699951,2553.126297,,0.476458,,5106.252441,
Sample,07/04/2023 11:19:08,0,,,12008737,20.433630,3185512,1.039342,0.013900,2920.699951,2555.662077,,0.476254,,5111.324219,
Sample,07/04/2023 11:19:13,0,9443185,5.827491,12003762,20.491290,3185559,1.039358,0.044000,2921.199951,2556.084707,,0.476513,,5112.169434,
Sample,07/04/2023 11:19:28,0,,,12016314,20.345872,3185892,1.039467,0.063800,2940.399902,2572.313656,,0.478351,,5144.627441,
Sample,07/04/2023 11:19:33,0,,,12017549,20.331574,3185756,1.039422,0.250500,2799.899902,2453.554639,,0.477601,,4907.109375,
Sample,07/04/2023 11:19:38,0,,,12019220,20.312232,3185999,1.039502,0.265200,2822.000000,2472.234966,,0.478941,,4944.469727,
Sample,07/04/2023 11:19:43,0,,,12018764,20.317510,3186151,1.039552,0.222600,2823.100098,2473.164834,,0.479780,,4946.329590,
Sample,07/04/2023 11:19:48,0,,,12016094,20.348419,3186217,1.039574,0.189900,2865.300049,2508.834761,,0.480144,,5017.669434,
Sample,07/04/2023 11:19:53,0,,,12014561,20.366169,3186331,1.039611,0.132400,2944.000000,2575.356674,,0.480772,,5150.713379,
Sample,07/04/2023 11:19:58,0,,,12011993,20.395910,3186315,1.039606,0.008000,2922.800049,2557.437205,,0.480684,,5114.874512,
Sample,07/04/2023 11:20:03,0,,,12016457,20.344216,3186470,1.039657,0.037800,2926.699951,2560.733637,,0.481538,,5121.467285,
Sample,07/04/2023 11:20:08,0,,,12017009,20.337826,3186588,1.039696,0.014200,2926.600098,2560.649234,,0.482188,,5121.298340,
Sample,07/04/2023 11:20:13,0,9443168,5.827397,12020791,20.294051,3186499,1.039666,0.032600,2923.899902,2558.366868,,0.481698,,5116.733887,
Sample,07/04/2023 11:20:28,0,,,12030646,20.180065,3186659,1.039719,0.018200,2913.100098,2549.238226,,0.482579,,5098.476562,
Sample,07/04/2023 11:20:33,0,,,12031094,20.174886,3186840,1.039779,0.019300,2911.300049,2547.716717,,0.483576,,5095.433594,
Sample,07/04/2023 11:20:38,0,,,12032179,20.162344,3186822,1.039773,0.014800,2913.199951,2549.322628,,0.483477,,5098.645020,
Sample,07/04/2023 11:20:43,0,,,12029740,20.190539,3187025,1.039839,0.026100,2915.100098,2550.928745,,0.484595,,5101.857422,
Sample,07/04/2023 11:20:48,0,,,12035009,20.129638,3187087,1.039860,0.032100,2917.699951,2553.126297,,0.484936,,5106.252441,
Sample,07/04/2023 11:20:53,0,,,12033814,20.143448,3187092,1.039861,0.038100,2915.100098,2550.928745,,0.484964,,5101.857422,
Sample,07/04/2023 11:20:58,0,,,12029570,20.192505,3187279,1.039923,0.033700,2913.600098,2549.660856,,0.485993,,5099.321777,
Sample,07/04/2023 11:21:03,0,,,12029093,20.198020,3187256,1.039915,0.028900,2912.000000,2548.308357,,0.485866,,5096.616699,
Sample,07/04/2023 11:21:08,0,,,12044031,20.025435,3187462,1.039983,0.022000,2915.000000,2550.844137,,0.486999,,5101.688477,
Sample,07/04/2023 11:21:13,0,9443125,5.827161,12051332,19.941177,3187369,1.039952,0.032900,2914.600098,2550.506116,,0.486488,,5101.012207,
Sample,07/04/2023 11:21:28,0,,,12045269,20.011143,3187755,1.040079,0.017100,2921.600098,2556.422935,,0.488610,,5112.845703,
Sample,07/04/2023 11:21:33,0,,,12047850,19.981354,3187672,1.040052,0.017200,2920.199951,2555.239447,,0.488154,,5110.479004,
Sample,07/04/2023 11:21:38,0,,,12046609,19.995676,3188059,1.040179,0.030600,2928.899902,2562.593167,,0.490281,,5125.186523,
Sample,07/04/2023 11:21:43,0,,,12045649,20.006757,3187866,1.040116,0.238100,2792.899902,2447.637820,,0.489220,,4895.275879,
Sample,07/04/2023 11:21:48,0,,,12045421,20.009389,3188030,1.040170,0.156700,1423.500000,1290.138989,,0.490122,,2580.278076,
Sample,07/04/2023 11:21:53,0,,,12044065,20.025042,3188117,1.040198,0.141100,1554.000000,1400.445406,,0.490600,,2800.890869,
Sample,07/04/2023 11:21:58,0,,,12039975,20.072269,3188117,1.040198,0.076100,2999.300049,2622.099588,,0.490600,,5244.199219,
Sample,07/04/2023 11:22:03,0,,,12036618,20.111047,3188168,1.040215,0.107500,3618.699951,3145.653491,,0.490880,,6291.307129,
Sample,07/04/2023 11:22:08,0,,,12035401,20.125109,3188309,1.040261,0.098600,3587.000000,3118.858793,,0.491654,,6237.717773,
Sample,07/04/2023 11:22:13,0,9443198,5.827562,12033553,20.146464,3188487,1.040320,0.098300,3525.699951,3067.044320,,0.492631,,6134.088867,
Sample,07/04/2023 11:22:28,0,,,12055681,19.891017,3186655,1.039718,0.201800,1965.800049,1748.523477,,0.482557,,3497.046875,
Sample,07/04/2023 11:22:33,0,,,12066214,19.769620,3187445,1.039977,0.018600,2727.500000,2392.357905,,0.486906,,4784.715820,
Sample,07/04/2023 11:22:38,0,,,12070990,19.714616,3187423,1.039970,0.026200,2717.500000,2383.905306,,0.486785,,4767.810547,
Sample,07/04/2023 11:22:43,0,,,12092580,19.466282,3187268,1.039919,0.035000,2719.300049,2385.426815,,0.485932,,4770.853516,
Sample,07/04/2023 11:22:48,0,,,12102249,19.355228,3187537,1.040008,0.262700,2717.100098,2383.567284,,0.487412,,4767.134766,
Sample,07/04/2023 11:22:53,0,,,12102996,19.346653,3187661,1.040048,0.059400,2716.300049,2382.891035,,0.488094,,4765.782227,
Sample,07/04/2023 11:22:58,0,,,12102974,19.346905,3187829,1.040104,0.218500,2723.399902,2388.892257,,0.489017,,4777.784668,
Sample,07/04/2023 11:23:03,0,,,12108098,19.288098,3187732,1.040072,0.043500,2713.100098,2380.186245,,0.488484,,4760.372559,
Sample,07/04/2023 11:23:08,0,,,12117069,19.185203,3187861,1.040114,0.102600,2719.300049,2385.426815,,0.489193,,4770.853516,
Sample,07/04/2023 11:23:13,0,9442701,5.824830,12119193,19.160854,3187895,1.040125,0.063300,2711.500000,2378.833746,,0.489380,,4757.667480,
Sample,07/04/2023 11:23:28,0,,,12139755,18.925367,3188116,1.040198,0.066000,2711.000000,2378.411116,,0.490594,,4756.822266,
Sample,07/04/2023 11:23:33,0,,,12147379,18.838159,3187926,1.040136,0.053100,2711.199951,2378.580127,,0.489550,,4757.160156,
Sample,07/04/2023 11:23:38,0,,,12159226,18.702756,3188128,1.040202,0.083300,2713.399902,2380.439658,,0.490660,,4760.879395,
Sample,07/04/2023 11:23:43,0,,,12168448,18.597447,3188045,1.040175,0.037200,2713.199951,2380.270647,,0.490204,,4760.541504,
Sample,07/04/2023 11:23:48,0,,,12166329,18.621638,3188268,1.040248,0.056400,2717.100098,2383.567284,,0.491429,,4767.134766,
Sample,07/04/2023 11:23:53,0,,,12165632,18.629596,3188298,1.040258,0.036000,2713.699951,2380.693277,,0.491594,,4761.386719,
Sample,07/04/2023 11:23:58,0,,,12170307,18.576228,3188309,1.040261,0.045900,2711.300049,2378.664736,,0.491654,,4757.329590,
Sample,07/04/2023 11:24:03,0,,,12173067,18.544731,3188474,1.040316,0.062200,2709.399902,2377.058618,,0.492560,,4754.117188,
Sample,07/04/2023 11:24:08,0,,,12175773,18.513857,3188444,1.040306,0.024600,2721.199951,2387.032726,,0.492395,,4774.065430,
Sample,07/04/2023 11:24:13,0,9442802,5.825385,12182214,18.440395,3188166,1.040214,0.108700,3284.800049,2863.421291,,0.490869,,5726.842773,
Sample,07/04/2023 11:24:28,0,,,12184793,18.410991,3188581,1.040351,0.085000,2542.100098,2235.646801,,0.493147,,4471.293457,
Sample,07/04/2023 11:24:33,0,,,12185258,18.405690,3188516,1.040329,0.230200,2357.399902,2079.527131,,0.492790,,4159.054199,
Sample,07/04/2023 11:24:38,0,,,12191015,18.340076,3188668,1.040379,0.098900,2912.199951,2548.477368,,0.493625,,5096.954590,
Sample,07/04/2023 11:24:43,0,,,12196105,18.282089,3188584,1.040352,0.012300,2715.800049,2382.468405,,0.493164,,4764.937012,
Sample,07/04/2023 11:24:48,0,,,12199336,18.245291,3188849,1.040439,0.104500,2721.199951,2387.032726,,0.494618,,4774.065430,
Sample,07/04/2023 11:24:53,0,,,12199523,18.243162,3188856,1.040441,0.028200,2706.800049,2374.861066,,0.494656,,4749.722168,
Sample,07/04/2023 11:24:58,0,,,12201669,18.218727,3188815,1.040428,0.052800,2706.699951,2374.776457,,0.494431,,4749.552734,
Sample,07/04/2023 11:25:03,0,,,12200738,18.229327,3189031,1.040499,0.031900,2747.100098,2408.925081,,0.495616,,4817.850098,
Sample,07/04/2023 11:25:08,0,,,12199430,18.244221,3188971,1.040479,0.059500,2714.100098,2381.031505,,0.495287,,4762.062988,
Sample,07/04/2023 11:25:13,0,9442707,5.824863,12199695,18.241203,3189079,1.040514,0.041200,2733.500000,2397.429464,,0.495879,,4794.858887,
Sample,07/04/2023 11:25:28,0,,,12205513,18.174968,3189135,1.040533,0.109000,3466.000000,3016.582345,,0.496186,,6033.164551,
Sample,07/04/2023 11:25:33,0,,,12205247,18.177996,3189427,1.040629,0.096900,2826.500000,2476.038635,,0.497786,,4952.077148,
Sample,07/04/2023 11:25:38,0,,,12214223,18.075863,3189645,1.040701,0.072500,2682.500000,2354.321209,,0.498981,,4708.642578,
Sample,07/04/2023 11:25:43,0,,,12215983,18.055844,3189364,1.040608,0.084300,3641.000000,3164.502828,,0.497441,,6329.005859,
Sample,07/04/2023 11:25:48,0,,,12223156,17.974286,3189531,1.040663,0.103900,3351.199951,2919.546466,,0.498356,,5839.092773,
Sample,07/04/2023 11:25:53,0,,,12229590,17.901166,3189542,1.040667,0.921900,2356.699951,2078.935491,,0.498416,,4157.871094,
Sample,07/04/2023 11:25:58,0,,,12231980,17.874013,3189603,1.040687,0.089900,2881.699951,2522.696941,,0.498751,,5045.394043,
Sample,07/04/2023 11:26:03,0,,,12243229,17.746274,3189329,1.040597,0.142900,2822.199951,2472.403977,,0.497249,,4944.808105,
Sample,07/04/2023 11:26:08,0,,,12238387,17.801245,3189650,1.040702,0.111500,3487.199951,3034.501813,,0.499008,,6069.003418,
Sample,07/04/2023 11:26:13,0,9442812,5.825440,12243495,17.743255,3189927,1.040793,0.059700,1912.800049,1703.724702,,0.500525,,3407.449463,
Sample,07/04/2023 11:26:28,0,,,12336800,16.687318,3240414,1.057388,1.652800,-48.730000,1.347640,,0.765096,,2.695281,
Sample,07/04/2023 11:26:33,0,,,12780664,11.711463,3433657,1.120930,1.624800,-52.329998,1.324615,,1.644083,,2.649230,
Sample,07/04/2023 11:26:38,0,,,12791829,11.586469,3191246,1.041227,6.302000,3476.300049,3025.288563,,0.507736,,6050.577148,
Sample,07/04/2023 11:26:43,0,,,12710171,12.500194,3190515,1.040986,21.526999,1589.099976,1430.114008,,0.503742,,2860.228027,
Sample,07/04/2023 11:26:48,0,,,12676696,12.874587,3247347,1.059667,1.705600,-55.450001,1.391060,,0.799823,,2.782120,
Sample,07/04/2023 11:26:53,0,,,12822439,11.243643,3374614,1.101512,1.807400,-59.230000,1.474775,,1.390737,,2.949550,
Sample,07/04/2023 11:26:58,0,,,12831795,11.138811,3393610,1.107759,1.630700,-59.329998,1.329466,,1.473328,,2.658933,
Sample,07/04/2023 11:27:03,0,,,12844855,10.992434,3398618,1.109406,1.550300,-59.279999,1.263350,,1.494921,,2.526700,
Sample,07/04/2023 11:27:08,0,,,12845705,10.982906,3190477,1.040974,0.947700,2874.500000,2516.611111,,0.503534,,5033.222168,
Sample,07/04/2023 11:27:13,0,9442739,5.825039,12800999,11.483789,3190591,1.041011,232.439987,3822.000000,3317.494871,,0.504157,,6634.989746,
Sample,07/04/2023 11:27:28,0,,,12860682,10.814976,3558160,1.161886,1.619800,-63.420002,1.320503,,2.152916,,2.641006,
Sample,07/04/2023 11:27:33,0,,,12865760,10.758022,3709339,1.211637,1.657200,-65.879997,1.351259,,2.741627,,2.702518,
Sample,07/04/2023 11:27:38,0,,,12870645,10.703224,3818700,1.247639,1.741200,-64.529999,1.420335,,3.155167,,2.840671,
Sample,07/04/2023 11:27:43,0,,,12873951,10.666135,3438615,1.122560,1.850000,-63.829998,1.509807,,1.664938,,3.019613,
Sample,07/04/2023 11:27:48,0,,,12846096,10.978522,3194034,1.042143,76.581001,1551.099976,1397.994132,,0.522919,,2795.988281,
Sample,07/04/2023 11:27:53,0,,,12801857,11.474181,3193998,1.042131,0.488600,2915.300049,2551.097756,,0.522723,,5102.195312,
Sample,07/04/2023 11:27:58,0,,,12772108,11.807232,3193794,1.042064,0.424000,2830.399902,2479.335066,,0.521615,,4958.669922,
Sample,07/04/2023 11:28:03,0,,,12747166,12.086345,3193866,1.042088,0.327700,2554.699951,2246.296952,,0.522006,,4492.593750,
Sample,07/04/2023 11:28:08,0,,,12725078,12.333451,3194001,1.042132,0.043700,3199.199951,2791.066961,,0.522740,,5582.133789,
Sample,07/04/2023 11:28:13,0,9442732,5.825000,12707983,12.524667,3193877,1.042091,0.131600,2470.600098,2175.210718,,0.522066,,4350.421387,
Sample,07/04/2023 11:28:28,0,,,12877376,10.627706,3696534,1.207422,1.863800,-66.570000,1.521155,,2.692635,,3.042310,
Sample,07/04/2023 11:28:33,0,,,12883855,10.554999,3888655,1.270673,1.633600,-69.470001,1.331851,,3.415937,,2.663703,
Sample,07/04/2023 11:28:38,0,,,12882427,10.571025,3471818,1.133482,1.683500,-67.449997,1.372886,,1.803171,,2.745773,
Sample,07/04/2023 11:28:43,0,,,12870534,10.704470,3192517,1.041644,0.409000,1085.900024,1004.779266,,0.514667,,2009.558472,
Sample,07/04/2023 11:28:48,0,,,12838365,11.065180,3192727,1.041713,0.637700,3160.199951,2758.101824,,0.515811,,5516.203613,
Sample,07/04/2023 11:28:53,0,,,12841128,11.034211,3298260,1.076405,1.630000,-67.250000,1.328891,,1.045579,,2.657782,
Sample,07/04/2023 11:28:58,0,,,12884873,10.543574,3652132,1.192808,1.886300,-68.840004,1.539658,,2.521642,,3.079315,
Sample,07/04/2023 11:29:03,0,,,12891054,10.474194,3800444,1.241628,1.429000,-70.290001,1.163600,,3.086676,,2.327199,
Sample,07/04/2023 11:29:08,0,,,12895553,10.423685,3700876,1.208851,1.514100,-67.889999,1.233581,,2.709263,,2.467163,
Sample,07/04/2023 11:29:13,0,9442981,5.826369,12888897,10.498407,3195410,1.042595,1.335700,3442.300049,2996.549726,,0.530383,,5993.099609,
Sample,07/04/2023 11:29:28,0,,,12801206,11.481471,3195004,1.042462,640.089966,2683.800049,2355.420088,,0.528183,,4710.840332,
Sample,07/04/2023 11:29:33,0,,,12779616,11.723194,3195405,1.042594,612.059998,3235.800049,2822.003556,,0.530356,,5644.007324,
Sample,07/04/2023 11:29:38,0,,,12760756,11.934278,3195464,1.042613,548.690002,2699.300049,2368.521617,,0.530676,,4737.043457,
Sample,07/04/2023 11:29:43,0,,,12746261,12.096471,3195785,1.042719,533.079956,2701.500000,2370.381147,,0.532414,,4740.762207,
Sample,07/04/2023 11:29:48,0,,,12735008,12.222368,3195018,1.042467,0.790000,2701.399902,2370.296539,,0.528259,,4740.593262,
Sample,07/04/2023 11:29:53,0,,,12723584,12.350163,3195514,1.042630,0.846300,2704.399902,2372.832318,,0.530947,,4745.664551,
Sample,07/04/2023 11:29:58,0,,,12713051,12.467981,3195350,1.042576,0.874600,2699.399902,2368.606019,,0.530058,,4737.211914,
Sample,07/04/2023 11:30:03,0,,,12703997,12.569250,3196017,1.042795,0.874400,2701.399902,2370.296539,,0.533670,,4740.593262,
Sample,07/04/2023 11:30:08,0,,,12695881,12.660022,3196049,1.042805,0.872900,2705.699951,2373.931198,,0.533843,,4747.862305,
Sample,07/04/2023 11:30:13,0,9442736,5.825022,12690043,12.725315,3196186,1.042850,0.871200,2702.899902,2371.564429,,0.534584,,4743.128906,
Sample,07/04/2023 11:30:28,0,,,12673669,12.908440,3196631,1.042997,0.715200,2701.399902,2370.296539,,0.536991,,4740.593262,
Sample,07/04/2023 11:30:33,0,,,12670773,12.940828,3196609,1.042989,0.728500,2705.500000,2373.762187,,0.536872,,4747.524414,
Sample,07/04/2023 11:30:38,0,,,12666759,12.985720,3196739,1.043032,0.744600,2704.500000,2372.916927,,0.537575,,4745.833984,
Sample,07/04/2023 11:30:43,0,,,12662329,13.035264,3196975,1.043110,0.783700,2707.100098,2375.114685,,0.538850,,4750.229492,
Sample,07/04/2023 11:30:48,0,,,12658773,13.075034,3197248,1.043199,0.855800,2706.800049,2374.861066,,0.540324,,4749.722168,
Sample,07/04/2023 11:30:53,0,,,12655802,13.108262,3197126,1.043159,0.918000,2706.399902,2374.522838,,0.539666,,4749.045898,
Sample,07/04/2023 11:30:58,0,,,12653537,13.133594,3197328,1.043226,0.904800,2704.800049,2373.170546,,0.540756,,4746.341309,
Sample,07/04/2023 11:31:03,0,,,12651490,13.156488,3197488,1.043278,0.917700,2707.000000,2375.030077,,0.541620,,4750.060059,
Sample,07/04/2023 11:31:08,0,,,12650881,13.163299,3197564,1.043303,0.910100,2706.000000,2374.184817,,0.542030,,4748.369629,
Sample,07/04/2023 11:31:13,0,9442701,5.824830,12648272,13.192479,3197573,1.043306,0.907500,2705.899902,2374.100208,,0.542079,,4748.200195,
Sample,07/04/2023 11:31:28,0,,,12642560,13.256365,3198073,1.043471,0.906900,2703.600098,2372.156276,,0.544776,,4744.312500,
Sample,07/04/2023 11:31:33,0,,,12639820,13.287011,3198205,1.043514,0.909900,2703.399902,2371.987059,,0.545487,,4743.974121,
Sample,07/04/2023 11:31:38,0,,,12638577,13.300913,3198260,1.043532,0.902100,2704.699951,2373.085938,,0.545784,,4746.171875,
Sample,07/04/2023 11:31:43,0,,,12636036,13.329334,3198476,1.043603,0.889900,2703.600098,2372.156276,,0.546948,,4744.312500,
Sample,07/04/2023 11:31:48,0,,,12634089,13.351112,3198586,1.043639,0.907600,2703.899902,2372.409688,,0.547540,,4744.819336,
Sample,07/04/2023 11:31:53,0,,,12634201,13.349859,3198651,1.043661,0.902200,2706.000000,2374.184817,,0.547890,,4748.369629,
Sample,07/04/2023 11:31:58,0,,,12634765,13.343550,3198619,1.043650,0.890500,2705.899902,2374.100208,,0.547718,,4748.200195,
Sample,07/04/2023 11:32:03,0,,,12635677,13.333350,3198949,1.043759,0.908600,2707.500000,2375.452707,,0.549495,,4750.905273,
Sample,07/04/2023 11:32:08,0,,,12634354,13.348148,3199034,1.043787,0.910800,2707.399902,2375.368098,,0.549952,,4750.736328,
Sample,07/04/2023 11:32:13,0,9442677,5.824698,12633985,13.352275,3199080,1.043802,0.897100,2706.600098,2374.692055,,0.550200,,4749.384277,
Sample,07/04/2023 11:32:28,0,,,12632933,13.364042,3199278,1.043867,0.900500,2708.199951,2376.044347,,0.551265,,4752.088867,
Sample,07/04/2023 11:32:33,0,,,12632243,13.371759,3199225,1.043849,0.887200,2710.199951,2377.734867,,0.550980,,4755.469727,
Sample,07/04/2023 11:32:38,0,,,12631167,13.383795,3199414,1.043911,0.892600,2706.100098,2374.269425,,0.551997,,4748.539062,
Sample,07/04/2023 11:32:43,0,,,12632492,13.368974,3199404,1.043908,0.891500,2708.199951,2376.044347,,0.551943,,4752.088867,
Sample,07/04/2023 11:32:48,0,,,12633751,13.354892,3199409,1.043910,0.906400,2707.600098,2375.537315,,0.551970,,4751.074707,
Sample,07/04/2023 11:32:53,0,,,12634592,13.345485,3199557,1.043958,0.924000,2709.899902,2377.481248,,0.552766,,4754.962402,
Sample,07/04/2023 11:32:58,0,,,12635337,13.337153,3199695,1.044004,0.883600,2707.199951,2375.199087,,0.553508,,4750.397949,
Sample,07/04/2023 11:33:03,0,,,12635129,13.339479,3199686,1.044001,0.882200,2707.699951,2375.621717,,0.553459,,4751.243652,
Sample,07/04/2023 11:33:08,0,,,12635021,13.340687,3199648,1.043988,0.889800,2709.199951,2376.889607,,0.553255,,4753.779297,
Sample,07/04/2023 11:33:13,0,9442652,5.824560,12634655,13.344781,3199703,1.044006,0.891500,2709.500000,2377.143227,,0.553551,,4754.286621,
Sample,07/04/2023 11:33:28,0,,,12639890,13.286228,3199914,1.044076,0.890800,2705.600098,2373.846795,,0.554685,,4747.693359,
Sample,07/04/2023 11:33:33,0,,,12638645,13.300153,3199920,1.044078,0.880800,2707.800049,2375.706326,,0.554717,,4751.412598,
Sample,07/04/2023 11:33:38,0,,,12639672,13.288666,3199940,1.044084,0.884600,2710.000000,2377.565856,,0.554824,,4755.131836,
Sample,07/04/2023 11:33:43,0,,,12639534,13.290210,3200015,1.044109,0.890200,2707.300049,2375.283696,,0.555227,,4750.567383,
Sample,07/04/2023 11:33:48,0,,,12639321,13.292592,3199998,1.044103,0.888000,2709.100098,2376.805205,,0.555136,,4753.610352,
Sample,07/04/2023 11:33:53,0,,,12639464,13.290992,3200042,1.044118,0.869700,2707.399902,2375.368098,,0.555372,,4750.736328,
Sample,07/04/2023 11:33:58,0,,,12639290,13.292939,3199967,1.044093,0.890000,2708.100098,2375.959945,,0.554969,,4751.919922,
Sample,07/04/2023 11:34:03,0,,,12639449,13.291160,3199922,1.044078,0.866900,2709.600098,2377.227835,,0.554728,,4754.455566,
Sample,07/04/2023 11:34:08,0,,,12638735,13.299146,3200000,1.044104,0.861100,2707.899902,2375.790728,,0.555147,,4751.581543,
Sample,07/04/2023 11:34:13,0,9442615,5.824357,12637645,13.311338,3199950,1.044088,0.853400,2707.800049,2375.706326,,0.554878,,4751.412598,
Sample,07/04/2023 11:34:28,0,,,12638777,13.298676,3200114,1.044141,0.891500,2708.199951,2376.044347,,0.555759,,4752.088867,
Sample,07/04/2023 11:34:33,0,,,12638309,13.303911,3200052,1.044121,0.858500,2705.699951,2373.931198,,0.555426,,4747.862305,
Sample,07/04/2023 11:34:38,0,,,12637824,13.309336,3200246,1.044185,0.875200,2707.600098,2375.537315,,0.556468,,4751.074707,
Sample,07/04/2023 11:34:43,0,,,12638825,13.298140,3200179,1.044163,0.881000,2708.399902,2376.213358,,0.556108,,4752.426758,
Sample,07/04/2023 11:34:48,0,,,12638958,13.296652,3200131,1.044147,0.876900,2707.000000,2375.030077,,0.555850,,4750.060059,
Sample,07/04/2023 11:34:53,0,,,12638235,13.304739,3200094,1.044135,0.854500,2708.399902,2376.213358,,0.555652,,4752.426758,
Sample,07/04/2023 11:34:58,0,,,12636669,13.322254,3200288,1.044199,0.855100,2707.300049,2375.283696,,0.556693,,4750.567383,
Sample,07/04/2023 11:35:03,0,,,12637411,13.313955,3200161,1.044157,0.860100,2710.000000,2377.565856,,0.556011,,4755.131836,
Sample,07/04/2023 11:35:08,0,,,12638605,13.300600,3200264,1.044191,0.851900,2710.899902,2378.326508,,0.556565,,4756.652832,
Sample,07/04/2023 11:35:13,0,9442590,5.824219,12637934,13.308105,3200219,1.044176,0.869900,2708.600098,2376.382575,,0.556323,,4752.765137,
Sample,07/04/2023 11:35:28,0,,,12633877,13.353483,3200247,1.044185,0.859700,2707.500000,2375.452707,,0.556473,,4750.905273,
Sample,07/04/2023 11:35:33,0,,,12632944,13.363919,3200252,1.044187,0.871400,2707.399902,2375.368098,,0.556500,,4750.736328,
Sample,07/04/2023 11:35:38,0,,,12631448,13.380652,3200281,1.044196,0.870500,2708.800049,2376.551586,,0.556656,,4753.103027,
Sample,07/04/2023 11:35:43,0,,,12630354,13.392889,3200431,1.044246,0.857500,2708.399902,2376.213358,,0.557461,,4752.426758,
Sample,07/04/2023 11:35:48,0,,,12630014,13.396692,3200416,1.044241,0.881000,2708.399902,2376.213358,,0.557381,,4752.426758,
Sample,07/04/2023 11:35:53,0,,,12631663,13.378247,3200391,1.044233,0.893500,2710.000000,2377.565856,,0.557247,,4755.131836,
Sample,07/04/2023 11:35:58,0,,,12632838,13.365104,3200461,1.044256,0.882800,2707.899902,2375.790728,,0.557622,,4751.581543,
Sample,07/04/2023 11:36:03,0,,,12632141,13.372900,3200452,1.044253,0.882000,2707.000000,2375.030077,,0.557574,,4750.060059,
Sample,07/04/2023 11:36:08,0,,,12631304,13.382262,3200519,1.044275,0.889200,2708.199951,2376.044347,,0.557934,,4752.088867,
Sample,07/04/2023 11:36:13,0,9442573,5.824126,12630603,13.390103,3200492,1.044266,0.875400,2707.500000,2375.452707,,0.557789,,4750.905273,
Sample,07/04/2023 11:36:28,0,,,12630320,13.393269,3200536,1.044280,0.871300,2709.899902,2377.481248,,0.558025,,4754.962402,
Sample,07/04/2023 11:36:33,0,,,12631119,13.384332,3200582,1.044295,0.867800,2707.399902,2375.368098,,0.558272,,4750.736328,
Sample,07/04/2023 11:36:38,0,,,12630968,13.386021,3200623,1.044309,0.855800,2708.699951,2376.466977,,0.558492,,4752.934082,
Sample,07/04/2023 11:36:43,0,,,12631041,13.385204,3200563,1.044289,0.855900,2710.300049,2377.819476,,0.558170,,4755.639160,
Sample,07/04/2023 11:36:48,0,,,12632043,13.373997,3200658,1.044320,0.887100,2709.699951,2377.312237,,0.558680,,4754.624512,
Sample,07/04/2023 11:36:53,0,,,12632319,13.370909,3200555,1.044286,0.870100,2708.800049,2376.551586,,0.558127,,4753.103027,
Sample,07/04/2023 11:36:58,0,,,12632650,13.367207,3200688,1.044330,0.846300,2710.000000,2377.565856,,0.558841,,4755.131836,
Sample,07/04/2023 11:37:03,0,,,12632998,13.363315,3200627,1.044310,0.864800,2709.399902,2377.058618,,0.558513,,4754.117188,
Sample,07/04/2023 11:37:08,0,,,12633921,13.352991,3200711,1.044338,0.856300,2707.300049,2375.283696,,0.558964,,4750.567383,
Sample,07/04/2023 11:37:13,0,9442554,5.824022,12633784,13.354523,3200478,1.044261,0.847800,2708.199951,2376.044347,,0.557714,,4752.088867,
Sample,07/04/2023 11:37:28,0,,,12631862,13.376021,3200523,1.044276,0.876300,2706.199951,2374.353828,,0.557955,,4748.707520,
Sample,07/04/2023 11:37:33,0,,,12631171,13.383750,3200378,1.044228,0.881600,2706.899902,2374.945468,,0.557177,,4749.891113,
Sample,07/04/2023 11:37:38,0,,,12630843,13.387419,3200472,1.044259,0.874500,2707.000000,2375.030077,,0.557681,,4750.060059,
Sample,07/04/2023 11:37:43,0,,,12630667,13.389388,3200586,1.044297,0.873700,2709.100098,2376.805205,,0.558293,,4753.610352,
Sample,07/04/2023 11:37:48,0,,,12631212,13.383292,3200483,1.044263,0.869100,2709.100098,2376.805205,,0.557740,,4753.610352,
Sample,07/04/2023 11:37:53,0,,,12630794,13.387967,3200405,1.044237,0.855200,2706.899902,2374.945468,,0.557322,,4749.891113,
Sample,07/04/2023 11:37:58,0,,,12631681,13.378046,3200528,1.044278,0.867400,2709.899902,2377.481248,,0.557982,,4754.962402,
Sample,07/04/2023 11:38:03,0,,,12633590,13.356693,3200578,1.044294,0.856800,2706.300049,2374.438436,,0.558250,,4748.876953,
Sample,07/04/2023 11:38:08,0,,,12633898,13.353248,3200572,1.044292,0.857600,2705.500000,2373.762187,,0.558218,,4747.524414,
Sample,07/04/2023 11:38:13,0,9442528,5.823879,12636677,13.322165,3200578,1.044294,0.851100,2707.399902,2375.368098,,0.558250,,4750.736328,
Sample,07/04/2023 11:38:28,0,,,12637407,13.314000,3200471,1.044259,0.857400,2706.000000,2374.184817,,0.557676,,4748.369629,
Sample,07/04/2023 11:38:33,0,,,12636925,13.319391,3200478,1.044261,0.858300,2707.899902,2375.790728,,0.557714,,4751.581543,
Sample,07/04/2023 11:38:38,0,,,12635623,13.333954,3200492,1.044266,0.852800,2707.199951,2375.199087,,0.557789,,4750.397949,
Sample,07/04/2023 11:38:43,0,,,12636211,13.327377,3200494,1.044266,0.845000,2711.000000,2378.411116,,0.557799,,4756.822266,
Sample,07/04/2023 11:38:48,0,,,12636440,13.324816,3200528,1.044278,0.852700,2706.100098,2374.269425,,0.557982,,4748.539062,
Sample,07/04/2023 11:38:53,0,,,12635528,13.335016,3200562,1.044289,0.850400,2708.600098,2376.382575,,0.558164,,4752.765137,
Sample,07/04/2023 11:38:58,0,,,12636202,13.327478,3200472,1.044259,0.855800,2707.800049,2375.706326,,0.557681,,4751.412598,
Sample,07/04/2023 11:39:03,0,,,12635429,13.336124,3200482,1.044262,0.849400,2707.000000,2375.030077,,0.557735,,4750.060059,
Sample,07/04/2023 11:39:08,0,,,12634678,13.344524,3200451,1.044252,0.858300,2706.500000,2374.607447,,0.557569,,4749.214844,
Sample,07/04/2023 11:39:13,0,9442514,5.823802,12635325,13.337287,3200633,1.044312,0.873500,2708.300049,2376.128956,,0.558546,,4752.257812,
Sample,07/04/2023 11:39:28,0,,,12640005,13.284941,3200635,1.044313,0.864900,2707.500000,2375.452707,,0.558556,,4750.905273,
Sample,07/04/2023 11:39:33,0,,,12640727,13.276866,3200673,1.044325,0.844200,2707.100098,2375.114685,,0.558760,,4750.229492,
Sample,07/04/2023 11:39:38,0,,,12641275,13.270737,3200609,1.044304,0.848500,2707.800049,2375.706326,,0.558417,,4751.412598,
Sample,07/04/2023 11:39:43,0,,,12641904,13.263702,3200625,1.044309,0.853100,2705.699951,2373.931198,,0.558503,,4747.862305,
Sample,07/04/2023 11:39:48,0,,,12641625,13.266822,3200620,1.044308,0.854100,2707.500000,2375.452707,,0.558476,,4750.905273,
Sample,07/04/2023 11:39:53,0,,,12642095,13.261565,3200685,1.044329,0.845000,2707.399902,2375.368098,,0.558825,,4750.736328,
Sample,07/04/2023 11:39:58,0,,,12643291,13.248189,3200507,1.044271,0.841300,2707.300049,2375.283696,,0.557869,,4750.567383,
Sample,07/04/2023 11:40:03,0,,,12643923,13.241120,3200604,1.044303,0.844200,2706.800049,2374.861066,,0.558390,,4749.722168,
Sample,07/04/2023 11:40:08,0,,,12643510,13.245739,3200660,1.044321,0.843700,2708.300049,2376.128956,,0.558690,,4752.257812,
Sample,07/04/2023 11:40:13,0,9442499,5.823719,12642953,13.251969,3200578,1.044294,0.845900,2705.500000,2373.762187,,0.558250,,4747.524414,
Sample,07/04/2023 11:40:28,0,,,12642727,13.254497,3200636,1.044313,0.848300,2707.800049,2375.706326,,0.558562,,4751.412598,
Sample,07/04/2023 11:40:33,0,,,12644244,13.237530,3200650,1.044318,0.844200,2706.600098,2374.692055,,0.558637,,4749.384277,
Sample,07/04/2023 11:40:38,0,,,12644003,13.240225,3200631,1.044311,0.815700,2706.100098,2374.269425,,0.558535,,4748.539062,
Sample,07/04/2023 11:40:43,0,,,12643120,13.250101,3200693,1.044332,0.827200,2707.100098,2375.114685,,0.558867,,4750.229492,
Sample,07/04/2023 11:40:48,0,,,12642794,13.253747,3200662,1.044322,0.838300,2708.800049,2376.551586,,0.558701,,4753.103027,
Sample,07/04/2023 11:40:53,0,,,12642832,13.253322,3200659,1.044321,0.824900,2706.699951,2374.776457,,0.558685,,4749.552734,
Sample,07/04/2023 11:40:58,0,,,12641836,13.264462,3200716,1.044339,0.815700,2707.800049,2375.706326,,0.558991,,4751.412598,
Sample,07/04/2023 11:41:03,0,,,12641224,13.271307,3200422,1.044243,0.844900,2709.699951,2377.312237,,0.557413,,4754.624512,
Sample,07/04/2023 11:41:08,0,,,12641542,13.267751,3200672,1.044325,0.845600,2708.199951,2376.044347,,0.558755,,4752.088867,
Sample,07/04/2023 11:41:13,0,9442491,5.823675,12641463,13.268634,3200637,1.044313,0.848800,2706.600098,2374.692055,,0.558567,,4749.384277,
Sample,07/04/2023 11:41:28,0,,,12640701,13.277157,3200586,1.044297,0.837400,2709.199951,2376.889607,,0.558293,,4753.779297,
Sample,07/04/2023 11:41:33,0,,,12640471,13.279729,3200671,1.044325,0.823500,2707.199951,2375.199087,,0.558749,,4750.397949,
Sample,07/04/2023 11:41:38,0,,,12640937,13.274517,3200644,1.044316,0.846900,2709.500000,2377.143227,,0.558605,,4754.286621,
Sample,07/04/2023 11:41:43,0,,,12641903,13.263713,3200722,1.044341,0.849000,2708.399902,2376.213358,,0.559023,,4752.426758,
Sample,07/04/2023 11:41:48,0,,,12641938,13.263321,3200705,1.044336,0.868000,2708.699951,2376.466977,,0.558932,,4752.934082,
Sample,07/04/2023 11:41:53,0,,,12641996,13.262673,3200806,1.044369,0.850200,2705.000000,2373.339557,,0.559474,,4746.679199,
Sample,07/04/2023 11:41:58,0,,,12642299,13.259284,3200694,1.044332,0.798600,2707.300049,2375.283696,,0.558873,,4750.567383,
Sample,07/04/2023 11:42:03,0,,,12642164,13.260794,3200775,1.044359,0.853000,2708.100098,2375.959945,,0.559307,,4751.919922,
Sample,07/04/2023 11:42:08,0,,,12642695,13.254855,3200836,1.044379,0.845500,2708.300049,2376.128956,,0.559635,,4752.257812,
Sample,07/04/2023 11:42:13,0,9442474,5.823582,12642830,13.253345,3200849,1.044383,0.840000,2707.699951,2375.621717,,0.559704,,4751.243652,
Sample,07/04/2023 11:42:28,0,,,12643103,13.250291,3200882,1.044394,0.868000,2706.000000,2374.184817,,0.559881,,4748.369629,
Sample,07/04/2023 11:42:33,0,,,12642885,13.252730,3200924,1.044408,0.863600,2706.800049,2374.861066,,0.560107,,4749.722168,
Sample,07/04/2023 11:42:38,0,,,12643050,13.250884,3200786,1.044362,0.857800,2705.300049,2373.593176,,0.559366,,4747.186523,
Sample,07/04/2023 11:42:43,0,,,12643371,13.247294,3200942,1.044414,0.857400,2708.600098,2376.382575,,0.560203,,4752.765137,
Sample,07/04/2023 11:42:48,0,,,12644443,13.235304,3200839,1.044380,0.862600,2707.300049,2375.283696,,0.559651,,4750.567383,
Sample,07/04/2023 11:42:53,0,,,12645071,13.228280,3200900,1.044400,0.863100,2706.500000,2374.607447,,0.559978,,4749.214844,
Sample,07/04/2023 11:42:58,0,,,12646201,13.215642,3200974,1.044424,0.859000,2708.399902,2376.213358,,0.560375,,4752.426758,
Sample,07/04/2023 11:43:03,0,,,12645557,13.222845,3200840,1.044380,0.861800,2707.300049,2375.283696,,0.559656,,4750.567383,
Sample,07/04/2023 11:43:08,0,,,12645543,13.223001,3200878,1.044393,0.848900,2708.399902,2376.213358,,0.559860,,4752.426758,
Sample,07/04/2023 11:43:13,0,9442463,5.823521,12644376,13.236053,3200748,1.044350,0.841200,2708.600098,2376.382575,,0.559163,,4752.765137,
Sample,07/04/2023 11:43:28,0,,,12642516,13.256857,3200750,1.044351,0.858100,2711.199951,2378.580127,,0.559173,,4757.160156,
Sample,07/04/2023 11:43:33,0,,,12641555,13.267605,3200884,1.044395,0.862400,2706.899902,2374.945468,,0.559892,,4749.891113,
Sample,07/04/2023 11:43:38,0,,,12641062,13.273119,3200777,1.044359,0.856200,2706.699951,2374.776457,,0.559318,,4749.552734,
Sample,07/04/2023 11:43:43,0,,,12641086,13.272851,3200946,1.044415,0.853000,2706.500000,2374.607447,,0.560225,,4749.214844,
Sample,07/04/2023 11:43:48,0,,,12640779,13.276284,3201004,1.044434,0.836800,2706.899902,2374.945468,,0.560536,,4749.891113,
Sample,07/04/2023 11:43:53,0,,,12639850,13.286675,3200916,1.044405,0.856400,2708.399902,2376.213358,,0.560064,,4752.426758,
Sample,07/04/2023 11:43:58,0,,,12639396,13.291753,3201037,1.044445,0.852300,2712.500000,2379.679006,,0.560713,,4759.357910,
Sample,07/04/2023 11:44:03,0,,,12639385,13.291876,3201065,1.044454,0.850500,2708.800049,2376.551586,,0.560863,,4753.103027,
Sample,07/04/2023 11:44:08,0,,,12639088,13.295198,3201053,1.044450,0.859500,2708.699951,2376.466977,,0.560799,,4752.934082,
Sample,07/04/2023 11:44:13,0,9442458,5.823494,12640034,13.284617,3201158,1.044485,0.844100,2709.600098,2377.227835,,0.561362,,4754.455566,
Sample,07/04/2023 11:44:28,0,,,12639421,13.291473,3201117,1.044471,0.848600,2708.899902,2376.635988,,0.561142,,4753.271973,
Sample,07/04/2023 11:44:33,0,,,12638511,13.301652,3201108,1.044468,0.849300,2708.199951,2376.044347,,0.561093,,4752.088867,
Sample,07/04/2023 11:44:38,0,,,12637644,13.311349,3201124,1.044473,0.849300,2706.899902,2374.945468,,0.561179,,4749.891113,
Sample,07/04/2023 11:44:43,0,,,12636966,13.318932,3201258,1.044518,0.845900,2707.199951,2375.199087,,0.561898,,4750.397949,
Sample,07/04/2023 11:44:48,0,,,12636338,13.325956,3201169,1.044488,0.842300,2708.500000,2376.297967,,0.561421,,4752.595703,
Sample,07/04/2023 11:44:53,0,,,12636206,13.327433,3201092,1.044463,0.839600,2706.600098,2374.692055,,0.561008,,4749.384277,
Sample,07/04/2023 11:44:58,0,,,12635627,13.333909,3201260,1.044518,0.835400,2705.000000,2373.339557,,0.561908,,4746.679199,
Sample,07/04/2023 11:45:03,0,,,12635195,13.338741,3201155,1.044484,0.834300,2708.600098,2376.382575,,0.561345,,4752.765137,
Sample,07/04/2023 11:45:08,0,,,12635200,13.338685,3201161,1.044486,0.824500,2710.100098,2377.650465,,0.561378,,4755.300781,
Sample,07/04/2023 11:45:13,0,9442445,5.823422,12634569,13.345743,3201176,1.044491,0.794500,2708.600098,2376.382575,,0.561458,,4752.765137,
Sample,07/04/2023 11:45:28,0,,,12634292,13.348841,3201260,1.044518,0.850400,2709.899902,2377.481248,,0.561908,,4754.962402,
Sample,07/04/2023 11:45:33,0,,,12634294,13.348819,3201162,1.044486,0.835300,2709.300049,2376.974216,,0.561383,,4753.948242,
Sample,07/04/2023 11:45:38,0,,,12633839,13.353908,3201208,1.044501,0.834900,2708.800049,2376.551586,,0.561630,,4753.103027,
Sample,07/04/2023 11:45:43,0,,,12633189,13.361178,3201277,1.044524,0.817500,2707.100098,2375.114685,,0.562000,,4750.229492,
Sample,07/04/2023 11:45:48,0,,,12632117,13.373169,3200995,1.044431,0.790600,2709.800049,2377.396846,,0.560488,,4754.793457,
Sample,07/04/2023 11:45:53,0,,,12631464,13.380473,3201103,1.044467,0.820200,2708.399902,2376.213358,,0.561067,,4752.426758,
Sample,07/04/2023 11:45:58,0,,,12631432,13.380831,3201206,1.044500,0.840500,2708.399902,2376.213358,,0.561619,,4752.426758,
Sample,07/04/2023 11:46:03,0,,,12630718,13.388817,3201137,1.044478,0.860500,2708.800049,2376.551586,,0.561249,,4753.103027,
Sample,07/04/2023 11:46:08,0,,,12630201,13.394600,3201162,1.044486,0.875200,2710.899902,2378.326508,,0.561383,,4756.652832,
Sample,07/04/2023 11:46:13,0,9442419,5.823279,12629912,13.397833,3201285,1.044526,0.862400,2710.699951,2378.157497,,0.562042,,4756.314941,
Sample,07/04/2023 11:46:28,0,,,12628492,13.413716,3201028,1.044442,0.842300,2709.399902,2377.058618,,0.560664,,4754.117188,
Sample,07/04/2023 11:46:33,0,,,12627745,13.422072,3201205,1.044500,0.835100,2706.100098,2374.269425,,0.561614,,4748.539062,
Sample,07/04/2023 11:46:38,0,,,12626784,13.432821,3205458,1.045898,0.860900,2706.899902,2374.945468,,0.584328,,4749.891113,
Sample,07/04/2023 11:46:43,0,,,12626668,13.434119,3205664,1.045966,0.847200,2707.800049,2375.706326,,0.585424,,4751.412598,
Sample,07/04/2023 11:46:48,0,,,12626065,13.440864,3205391,1.045876,0.862100,2710.100098,2377.650465,,0.583971,,4755.300781,
Sample,07/04/2023 11:46:53,0,,,12624919,13.453682,3205635,1.045956,0.859000,2707.899902,2375.790728,,0.585269,,4751.581543,
Sample,07/04/2023 11:46:58,0,,,12624500,13.458369,3205498,1.045911,0.872200,2709.300049,2376.974216,,0.584541,,4753.948242,
Sample,07/04/2023 11:47:03,0,,,12624394,13.459555,3205628,1.045954,0.908300,2709.899902,2377.481248,,0.585232,,4754.962402,
Sample,07/04/2023 11:47:08,0,,,12624407,13.459410,3205408,1.045882,0.889000,2710.100098,2377.650465,,0.584062,,4755.300781,
Sample,07/04/2023 11:47:13,0,9442420,5.823285,12623478,13.469801,3205464,1.045900,0.899800,2709.899902,2377.481248,,0.584360,,4754.962402,
Sample,07/04/2023 11:47:28,0,,,12621826,13.488281,3205471,1.045902,0.892300,2708.300049,2376.128956,,0.584397,,4752.257812,
Sample,07/04/2023 11:47:33,0,,,12621310,13.494053,3205466,1.045901,0.879700,2710.100098,2377.650465,,0.584370,,4755.300781,
Sample,07/04/2023 11:47:38,0,,,12620544,13.502621,3205635,1.045956,0.893200,2707.100098,2375.114685,,0.585269,,4750.229492,
Sample,07/04/2023 11:47:43,0,,,12619800,13.510944,3205482,1.045906,0.910900,2709.500000,2377.143227,,0.584455,,4754.286621,
Sample,07/04/2023 11:47:48,0,,,12619932,13.509467,3205467,1.045901,0.907700,2708.500000,2376.297967,,0.584376,,4752.595703,
Sample,07/04/2023 11:47:53,0,,,12619459,13.514759,3205555,1.045930,0.888700,2707.699951,2375.621717,,0.584844,,4751.243652,
Sample,07/04/2023 11:47:58,0,,,12618551,13.524916,3205441,1.045892,0.894600,2708.899902,2376.635988,,0.584237,,4753.271973,
Sample,07/04/2023 11:48:03,0,,,12617443,13.537310,3205495,1.045910,0.880900,2711.000000,2378.411116,,0.584525,,4756.822266,
Sample,07/04/2023 11:48:08,0,,,12616967,13.542635,3205377,1.045871,0.886400,2710.500000,2377.988486,,0.583897,,4755.977051,
Sample,07/04/2023 11:48:13,0,9442412,5.823241,12616528,13.547546,3205519,1.045918,0.876000,2706.899902,2374.945468,,0.584652,,4749.891113,
Sample,07/04/2023 11:48:28,0,,,12614242,13.573119,3205524,1.045920,0.895000,2709.800049,2377.396846,,0.584679,,4754.793457,
Sample,07/04/2023 11:48:33,0,,,12613113,13.585749,3205428,1.045888,0.903700,2710.000000,2377.565856,,0.584168,,4755.131836,
Sample,07/04/2023 11:48:38,0,,,12612749,13.589821,3205519,1.045918,0.896200,2709.000000,2376.720597,,0.584652,,4753.441406,
Sample,07/04/2023 11:48:43,0,,,12612343,13.594363,3205313,1.045850,0.905200,2711.800049,2379.087366,,0.583556,,4758.174805,
Sample,07/04/2023 11:48:48,0,,,12612155,13.596466,3205505,1.045913,0.899200,2709.500000,2377.143227,,0.584578,,4754.286621,
Sample,07/04/2023 11:48:53,0,,,12612189,13.596086,3205424,1.045887,0.886900,2709.500000,2377.143227,,0.584147,,4754.286621,
Sample,07/04/2023 11:48:58,0,,,12611303,13.605998,3205509,1.045915,0.867700,2710.699951,2378.157497,,0.584599,,4756.314941,
Sample,07/04/2023 11:49:03,0,,,12610838,13.611200,3205448,1.045895,0.873300,2712.500000,2379.679006,,0.584275,,4759.357910,
Sample,07/04/2023 11:49:08,0,,,12610662,13.613169,3205355,1.045864,0.861900,2712.199951,2379.425387,,0.583780,,4758.850586,
Sample,07/04/2023 11:49:13,0,9442421,5.823290,12610101,13.619445,3205383,1.045873,0.946800,2711.600098,2378.918355,,0.583929,,4757.836914,
Sample,07/04/2023 11:49:28,0,,,12607570,13.647760,3205367,1.045868,1.029100,2711.500000,2378.833746,,0.583844,,4757.667480,
Sample,07/04/2023 11:49:33,0,,,12607494,13.648611,3205447,1.045894,1.030100,2709.600098,2377.227835,,0.584269,,4754.455566,
Sample,07/04/2023 11:49:38,0,,,12606430,13.660514,3205432,1.045889,1.033600,2708.100098,2375.959945,,0.584189,,4751.919922,
Sample,07/04/2023 11:49:43,0,,,12605872,13.666757,3205379,1.045872,1.039700,2708.500000,2376.297967,,0.583907,,4752.595703,
Sample,07/04/2023 11:49:48,0,,,12605608,13.669711,3205279,1.045839,1.032500,2709.199951,2376.889607,,0.583375,,4753.779297,
Sample,07/04/2023 11:49:53,0,,,12605351,13.672586,3205288,1.045842,1.053200,2711.699951,2379.002757,,0.583423,,4758.005371,
Sample,07/04/2023 11:49:58,0,,,12605257,13.673638,3205465,1.045900,1.078400,2712.500000,2379.679006,,0.584365,,4759.357910,
Sample,07/04/2023 11:50:03,0,,,12605160,13.674723,3205337,1.045858,1.052200,2709.800049,2377.396846,,0.583684,,4754.793457,
Sample,07/04/2023 11:50:08,0,,,12604815,13.678583,3205366,1.045868,1.101900,2709.300049,2376.974216,,0.583838,,4753.948242,
Sample,07/04/2023 11:50:13,0,9442409,5.823224,12604846,13.678236,3205330,1.045856,1.050400,2709.800049,2377.396846,,0.583647,,4754.793457,
Sample,07/04/2023 11:50:28,0,,,12602892,13.700097,3205432,1.045889,1.040800,2710.699951,2378.157497,,0.584189,,4756.314941,
Sample,07/04/2023 11:50:33,0,,,12600967,13.721635,3205327,1.045855,1.073400,2710.500000,2377.988486,,0.583631,,4755.977051,
Sample,07/04/2023 11:50:38,0,,,12599592,13.737019,3205365,1.045867,0.980400,2709.000000,2376.720597,,0.583833,,4753.441406,
Sample,07/04/2023 11:50:43,0,,,12598363,13.750770,3205428,1.045888,0.799600,2709.800049,2377.396846,,0.584168,,4754.793457,
Sample,07/04/2023 11:50:48,0,,,12597325,13.762384,3205203,1.045814,0.824700,2711.399902,2378.749138,,0.582971,,4757.498047,
Sample,07/04/2023 11:50:53,0,,,12595966,13.777590,3205288,1.045842,0.853900,2709.500000,2377.143227,,0.583423,,4754.286621,
Sample,07/04/2023 11:50:58,0,,,12595905,13.778272,3205223,1.045821,0.961600,2709.600098,2377.227835,,0.583077,,4754.455566,
Sample,07/04/2023 11:51:03,0,,,12594925,13.789238,3205200,1.045813,1.013100,2711.699951,2379.002757,,0.582955,,4758.005371,
Sample,07/04/2023 11:51:08,0,,,12594023,13.799331,3205282,1.045840,0.956800,2710.000000,2377.565856,,0.583391,,4755.131836,
Sample,07/04/2023 11:51:13,0,9442391,5.823125,12593381,13.806514,3205204,1.045815,0.788300,2707.699951,2375.621717,,0.582976,,4751.243652,
Sample,07/04/2023 11:51:28,0,,,12587574,13.871494,3205399,1.045879,0.790600,2711.000000,2378.411116,,0.584014,,4756.822266,
Sample,07/04/2023 11:51:33,0,,,12587545,13.871818,3205252,1.045830,0.777600,2711.399902,2378.749138,,0.583232,,4757.498047,
Sample,07/04/2023 11:51:38,0,,,12586303,13.885717,3205026,1.045756,0.773600,2713.300049,2380.355255,,0.582028,,4760.710449,
Sample,07/04/2023 11:51:43,0,,,12585627,13.893282,3205344,1.045861,0.933800,2711.399902,2378.749138,,0.583721,,4757.498047,
Sample,07/04/2023 11:51:48,0,,,12585754,13.891860,3205256,1.045832,0.857800,2712.800049,2379.932625,,0.583253,,4759.865234,
Sample,07/04/2023 11:51:53,0,,,12585643,13.893103,3205144,1.045795,0.832600,2709.300049,2376.974216,,0.582657,,4753.948242,
Sample,07/04/2023 11:51:58,0,,,12585536,13.894300,3205053,1.045765,0.791700,2711.600098,2378.918355,,0.582172,,4757.836914,
Sample,07/04/2023 11:52:03,0,,,12585186,13.898217,3205232,1.045824,0.821200,2712.100098,2379.340985,,0.583125,,4758.682129,
Sample,07/04/2023 11:52:08,0,,,12585980,13.889331,3204913,1.045719,0.903600,2712.699951,2379.848017,,0.581427,,4759.695801,
Sample,07/04/2023 11:52:13,0,9442402,5.823186,12585793,13.891424,3205083,1.045775,0.831600,2712.699951,2379.848017,,0.582332,,4759.695801,
Sample,07/04/2023 11:52:28,0,,,12586009,13.889007,3205204,1.045815,0.784600,2713.399902,2380.439658,,0.582976,,4760.879395,
Sample,07/04/2023 11:52:33,0,,,12585681,13.892677,3205285,1.045841,0.855600,2712.500000,2379.679006,,0.583407,,4759.357910,
Sample,07/04/2023 11:52:38,0,,,12585861,13.890663,3205113,1.045785,0.873300,2714.199951,2381.115907,,0.582492,,4762.231934,
Sample,07/04/2023 11:52:43,0,,,12586327,13.885448,3205228,1.045822,0.800700,2712.000000,2379.256376,,0.583104,,4758.512695,
Sample,07/04/2023 11:52:48,0,,,12588166,13.864869,3204977,1.045740,0.787700,2714.100098,2381.031505,,0.581767,,4762.062988,
Sample,07/04/2023 11:52:53,0,,,12587472,13.872635,3205041,1.045761,0.798400,2713.699951,2380.693277,,0.582108,,4761.386719,
Sample,07/04/2023 11:52:58,0,,,12587904,13.867801,3204882,1.045709,0.786200,2715.300049,2382.045775,,0.581261,,4764.091309,
Sample,07/04/2023 11:53:03,0,,,12587714,13.869927,3204998,1.045747,0.997000,2714.300049,2381.200515,,0.581879,,4762.400879,
Sample,07/04/2023 11:53:08,0,,,12588592,13.860102,3204864,1.045703,0.992900,2715.899902,2382.552807,,0.581166,,4765.105469,
Sample,07/04/2023 11:53:13,0,9442395,5.823147,12586793,13.880234,3204902,1.045715,1.046800,2715.000000,2381.792156,,0.581368,,4763.584473,
Sample,07/04/2023 11:53:28,0,,,12584750,13.903096,3204841,1.045695,1.046900,2715.000000,2381.792156,,0.581043,,4763.584473,
Sample,07/04/2023 11:53:33,0,,,12584337,13.907718,3204761,1.045669,1.027900,2713.399902,2380.439658,,0.580617,,4760.879395,
Sample,07/04/2023 11:53:38,0,,,12584121,13.910135,3204992,1.045745,0.994000,2713.399902,2380.439658,,0.581847,,4760.879395,
Sample,07/04/2023 11:53:43,0,,,12585459,13.895162,3204710,1.045652,0.982500,2714.399902,2381.284917,,0.580345,,4762.569824,
Sample,07/04/2023 11:53:48,0,,,12587001,13.877906,3204882,1.045709,0.967700,2716.000000,2382.637416,,0.581261,,4765.274902,
Sample,07/04/2023 11:53:53,0,,,12588836,13.857372,3204818,1.045688,0.963200,2715.699951,2382.383797,,0.580921,,4764.767578,
Sample,07/04/2023 11:53:58,0,,,12589413,13.850915,3204713,1.045653,0.965300,2714.199951,2381.115907,,0.580361,,4762.231934,
Sample,07/04/2023 11:54:03,0,,,12588267,13.863739,3204851,1.045699,0.972000,2715.100098,2381.876765,,0.581096,,4763.753418,
Sample,07/04/2023 11:54:08,0,,,12586852,13.879573,3204835,1.045693,0.935100,2711.899902,2379.171768,,0.581011,,4758.343750,
Sample,07/04/2023 11:54:13,0,9442380,5.823065,12584614,13.904618,3204827,1.045691,1.022300,2715.100098,2381.876765,,0.580969,,4763.753418,
Sample,07/04/2023 11:54:28,0,,,12581348,13.941168,3204825,1.045690,0.783100,2713.800049,2380.777885,,0.580958,,4761.555664,
Sample,07/04/2023 11:54:33,0,,,12579513,13.961704,3204883,1.045709,0.770200,2714.699951,2381.538537,,0.581267,,4763.077148,
Sample,07/04/2023 11:54:38,0,,,12579292,13.964178,3204742,1.045663,0.791600,2716.100098,2382.722024,,0.580516,,4765.443848,
Sample,07/04/2023 11:54:43,0,,,12578657,13.971284,3204865,1.045703,1.030800,2715.800049,2382.468405,,0.581171,,4764.937012,
Sample,07/04/2023 11:54:48,0,,,12579088,13.966461,3204844,1.045696,1.014300,2716.899902,2383.398067,,0.581059,,4766.795898,
Sample,07/04/2023 11:54:53,0,,,12580940,13.945734,3204773,1.045673,1.042000,2712.899902,2380.017028,,0.580681,,4760.034180,
Sample,07/04/2023 11:54:58,0,,,12582000,13.933871,3204775,1.045674,1.057700,2718.399902,2384.665957,,0.580692,,4769.332031,
Sample,07/04/2023 11:55:03,0,,,12582347,13.929988,3204708,1.045652,1.033200,2716.500000,2383.060046,,0.580335,,4766.120117,
Sample,07/04/2023 11:55:08,0,,,12583643,13.915484,3204787,1.045677,1.026700,2717.399902,2383.820697,,0.580755,,4767.641602,
Sample,07/04/2023 11:55:13,0,9442372,5.823021,12584181,13.909463,3204512,1.045587,1.016000,2716.000000,2382.637416,,0.579290,,4765.274902,
Sample,07/04/2023 11:55:28,0,,,12580975,13.945342,3204533,1.045594,0.999900,2716.899902,2383.398067,,0.579402,,4766.795898,
Sample,07/04/2023 11:55:33,0,,,12580637,13.949125,3204806,1.045684,1.028100,2714.500000,2381.369526,,0.580857,,4762.739258,
Sample,07/04/2023 11:55:38,0,,,12580548,13.950121,3204576,1.045608,0.860100,2713.600098,2380.608875,,0.579631,,4761.217773,
Sample,07/04/2023 11:55:43,0,,,12580776,13.947569,3204651,1.045633,0.791200,2714.800049,2381.623145,,0.580031,,4763.246094,
Sample,07/04/2023 11:55:48,0,,,12580481,13.950871,3204612,1.045620,0.788500,2715.500000,2382.214786,,0.579823,,4764.429688,
Sample,07/04/2023 11:55:53,0,,,12579849,13.957944,3204507,1.045585,0.807100,2715.100098,2381.876765,,0.579264,,4763.753418,
Sample,07/04/2023 11:55:58,0,,,12579158,13.965677,3204675,1.045641,0.797300,2715.699951,2382.383797,,0.580159,,4764.767578,
Sample,07/04/2023 11:56:03,0,,,12578074,13.977809,3204581,1.045610,1.028500,2716.199951,2382.806427,,0.579658,,4765.612793,
Sample,07/04/2023 11:56:08,0,,,12577866,13.980137,3204508,1.045586,0.811600,2716.199951,2382.806427,,0.579269,,4765.612793,
Sample,07/04/2023 11:56:13,0,9442366,5.822988,12576752,13.992605,3204466,1.045572,0.790900,2716.899902,2383.398067,,0.579045,,4766.795898,
Sample,07/04/2023 11:56:28,0,,,12574152,14.021705,3204536,1.045595,0.776500,2716.399902,2382.975437,,0.579418,,4765.950684,
Sample,07/04/2023 11:56:33,0,,,12573455,14.029506,3204531,1.045593,0.781200,2715.500000,2382.214786,,0.579391,,4764.429688,
Sample,07/04/2023 11:56:38,0,,,12573256,14.031733,3204525,1.045591,0.770500,2719.600098,2385.680434,,0.579359,,4771.360840,
Sample,07/04/2023 11:56:43,0,,,12572445,14.040811,3204401,1.045551,0.760100,2715.000000,2381.792156,,0.578699,,4763.584473,
Sample,07/04/2023 11:56:48,0,,,12572375,14.041594,3204532,1.045594,0.776900,2716.899902,2383.398067,,0.579397,,4766.795898,
Sample,07/04/2023 11:56:53,0,,,12572983,14.034789,3204425,1.045558,0.772300,2715.500000,2382.214786,,0.578826,,4764.429688,
Sample,07/04/2023 11:56:58,0,,,12572956,14.035091,3204437,1.045562,0.925200,2715.699951,2382.383797,,0.578890,,4764.767578,
Sample,07/04/2023 11:57:03,0,,,12572352,14.041852,3204465,1.045572,0.884100,2714.000000,2380.946896,,0.579040,,4761.893555,
Sample,07/04/2023 11:57:08,0,,,12571362,14.052933,3204275,1.045509,0.765600,2714.199951,2381.115907,,0.578027,,4762.231934,
Sample,07/04/2023 11:57:13,0,9442356,5.822933,12570888,14.058238,3204325,1.045526,0.806100,2714.199951,2381.115907,,0.578293,,4762.231934,
Sample,07/04/2023 11:57:28,0,,,12567636,14.094639,3204329,1.045527,0.868000,2714.399902,2381.284917,,0.578315,,4762.569824,
Sample,07/04/2023 11:57:33,0,,,12566829,14.103673,3204395,1.045549,0.778500,2714.100098,2381.031505,,0.578667,,4762.062988,
Sample,07/04/2023 11:57:38,0,,,12566352,14.109012,3204438,1.045563,0.775900,2715.000000,2381.792156,,0.578896,,4763.584473,
Sample,07/04/2023 11:57:43,0,,,12565737,14.115897,3204288,1.045513,0.998000,2714.699951,2381.538537,,0.578096,,4763.077148,
Sample,07/04/2023 11:57:48,0,,,12565682,14.116512,3204457,1.045569,0.969600,2714.100098,2381.031505,,0.578997,,4762.062988,
Sample,07/04/2023 11:57:53,0,,,12565475,14.118829,3204321,1.045524,0.969800,2716.399902,2382.975437,,0.578272,,4765.950684,
Sample,07/04/2023 11:57:58,0,,,12564898,14.125288,3204321,1.045524,0.962800,2717.500000,2383.905306,,0.578272,,4767.810547,
Sample,07/04/2023 11:58:03,0,,,12564554,14.129139,3204271,1.045508,0.999500,2714.300049,2381.200515,,0.578005,,4762.400879,
Sample,07/04/2023 11:58:08,0,,,12563952,14.135878,3204303,1.045518,0.986800,2714.399902,2381.284917,,0.578176,,4762.569824,
Sample,07/04/2023 11:58:13,0,9442342,5.822856,12563700,14.138699,3204340,1.045531,0.986900,2714.699951,2381.538537,,0.578373,,4763.077148,
Sample,07/04/2023 11:58:28,0,,,12561823,14.159712,3204204,1.045486,0.993600,2714.899902,2381.707547,,0.577648,,4763.415039,
Sample,07/04/2023 11:58:33,0,,,12561467,14.163697,3204111,1.045455,0.991000,2715.300049,2382.045775,,0.577152,,4764.091309,
Sample,07/04/2023 11:58:38,0,,,12560997,14.168959,3204339,1.045530,0.981700,2715.899902,2382.552807,,0.578368,,4765.105469,
Sample,07/04/2023 11:58:43,0,,,12559810,14.182247,3204135,1.045463,0.970300,2713.899902,2380.862288,,0.577280,,4761.724609,
Sample,07/04/2023 11:58:48,0,,,12559470,14.186054,3204271,1.045508,0.982600,2715.500000,2382.214786,,0.578005,,4764.429688,
Sample,07/04/2023 11:58:53,0,,,12558434,14.197652,3204212,1.045488,0.969300,2713.899902,2380.862288,,0.577691,,4761.724609,
Sample,07/04/2023 11:58:58,0,,,12557487,14.208255,3204316,1.045523,1.007100,2715.399902,2382.130177,,0.578245,,4764.260254,
Sample,07/04/2023 11:59:03,0,,,12556778,14.216192,3204246,1.045500,0.914800,2713.500000,2380.524266,,0.577872,,4761.048340,
Sample,07/04/2023 11:59:08,0,,,12556267,14.221914,3204421,1.045557,0.995000,2713.800049,2380.777885,,0.578805,,4761.555664,
Sample,07/04/2023 11:59:13,0,9442339,5.822840,12555944,14.225530,3204095,1.045450,1.039800,2715.600098,2382.299394,,0.577067,,4764.598633,
Sample,07/04/2023 11:59:28,0,,,12554964,14.236502,3204018,1.045425,1.169300,2715.800049,2382.468405,,0.576656,,4764.937012,
Sample,07/04/2023 11:59:33,0,,,12555669,14.228609,3204250,1.045501,1.131900,2716.399902,2382.975437,,0.577893,,4765.950684,
Sample,07/04/2023 11:59:38,0,,,12555444,14.231128,3204151,1.045468,1.164400,2713.800049,2380.777885,,0.577366,,4761.555664,
Sample,07/04/2023 11:59:43,0,,,12554817,14.238148,3204268,1.045507,1.171800,2712.600098,2379.763615,,0.577989,,4759.527344,
Sample,07/04/2023 11:59:48,0,,,12553564,14.252177,3204060,1.045439,1.170300,2713.800049,2380.777885,,0.576880,,4761.555664,
Sample,07/04/2023 11:59:53,0,,,12552792,14.260821,3204147,1.045467,1.156000,2715.899902,2382.552807,,0.577344,,4765.105469,
Sample,07/04/2023 11:59:58,0,,,12552665,14.262243,3207122,1.046445,1.175100,2712.699951,2379.848017,,0.593169,,4759.695801,
Sample,07/04/2023 12:00:03,0,,,12552920,14.259388,3204043,1.045433,1.128400,2716.899902,2383.398067,,0.576790,,4766.795898,
Sample,07/04/2023 12:00:08,0,,,12553435,14.253621,3204192,1.045482,1.084900,2716.300049,2382.891035,,0.577584,,4765.782227,
Sample,07/04/2023 12:00:13,0,9442322,5.822746,12553628,14.251461,3204058,1.045438,1.104400,2714.600098,2381.454135,,0.576870,,4762.908203,
Sample,07/04/2023 12:00:28,0,,,12555479,14.230736,3204155,1.045470,1.021700,2714.399902,2381.284917,,0.577387,,4762.569824,
Sample,07/04/2023 12:00:33,0,,,12554521,14.241462,3204092,1.045449,1.072900,2715.199951,2381.961167,,0.577051,,4763.922363,
Sample,07/04/2023 12:00:38,0,,,12554563,14.240992,3203989,1.045415,1.044400,2715.100098,2381.876765,,0.576502,,4763.753418,
Sample,07/04/2023 12:00:43,0,,,12553778,14.249781,3204105,1.045453,1.094000,2715.300049,2382.045775,,0.577120,,4764.091309,
Sample,07/04/2023 12:00:48,0,,,12553355,14.254517,3204140,1.045465,1.044400,2716.399902,2382.975437,,0.577307,,4765.950684,
Sample,07/04/2023 12:00:53,0,,,12553054,14.257887,3203968,1.045408,1.030000,2714.500000,2381.369526,,0.576389,,4762.739258,
Sample,07/04/2023 12:00:58,0,,,12554704,14.239413,3204152,1.045469,1.041800,2714.699951,2381.538537,,0.577371,,4763.077148,
Sample,07/04/2023 12:01:03,0,,,12555359,14.232080,3204121,1.045459,1.072500,2715.000000,2381.792156,,0.577206,,4763.584473,
Sample,07/04/2023 12:01:08,0,,,12555744,14.227769,3204082,1.045446,1.042000,2715.199951,2381.961167,,0.576998,,4763.922363,
Sample,07/04/2023 12:01:13,0,9442311,5.822686,12554949,14.236670,3204099,1.045451,1.052400,2716.100098,2382.722024,,0.577088,,4765.443848,
Sample,07/04/2023 12:01:28,0,,,12552555,14.263475,3204113,1.045456,1.036600,2717.399902,2383.820697,,0.577163,,4767.641602,
Sample,07/04/2023 12:01:33,0,,,12551957,14.270170,3203947,1.045401,1.029300,2716.800049,2383.313665,,0.576277,,4766.627441,
Sample,07/04/2023 12:01:38,0,,,12552098,14.268592,3204058,1.045438,1.004400,2714.100098,2381.031505,,0.576870,,4762.062988,
Sample,07/04/2023 12:01:43,0,,,12551356,14.276900,3204082,1.045446,1.010500,2714.800049,2381.623145,,0.576998,,4763.246094,
Sample,07/04/2023 12:01:48,0,,,12550761,14.283562,3204015,1.045424,0.986700,2716.300049,2382.891035,,0.576640,,4765.782227,
Sample,07/04/2023 12:01:53,0,,,12551618,14.273966,3204217,1.045490,0.990400,2714.899902,2381.707547,,0.577718,,4763.415039,
Sample,07/04/2023 12:01:58,0,,,12551092,14.279856,3203960,1.045406,0.994200,2713.699951,2380.693277,,0.576347,,4761.386719,
Sample,07/04/2023 12:02:03,0,,,12550217,14.289653,3204128,1.045461,1.016300,2719.300049,2385.426815,,0.577243,,4770.853516,
Sample,07/04/2023 12:02:08,0,,,12549517,14.297491,3204139,1.045464,0.998100,2714.600098,2381.454135,,0.577302,,4762.908203,
Sample,07/04/2023 12:02:13,0,9442301,5.822631,12549530,14.297346,3204185,1.045480,1.044400,2714.800049,2381.623145,,0.577547,,4763.246094,
Sample,07/04/2023 12:02:28,0,,,12548884,14.304579,3204009,1.045422,0.937000,2714.199951,2381.115907,,0.576608,,4762.231934,
Sample,07/04/2023 12:02:33,0,,,12549419,14.298589,3204104,1.045453,0.970700,2713.399902,2380.439658,,0.577115,,4760.879395,
Sample,07/04/2023 12:02:38,0,,,12549605,14.296506,3203856,1.045371,1.041700,2711.800049,2379.087366,,0.575792,,4758.174805,
Sample,07/04/2023 12:02:43,0,,,12550046,14.291568,3204205,1.045486,0.949700,2713.699951,2380.693277,,0.577654,,4761.386719,
Sample,07/04/2023 12:02:48,0,,,12548994,14.303348,3203884,1.045381,0.976200,2716.300049,2382.891035,,0.575941,,4765.782227,
Sample,07/04/2023 12:02:53,0,,,12548533,14.308510,3203960,1.045406,1.013200,2714.100098,2381.031505,,0.576347,,4762.062988,
Sample,07/04/2023 12:02:58,0,,,12548237,14.311824,3204067,1.045441,1.082800,2714.399902,2381.284917,,0.576918,,4762.569824,
Sample,07/04/2023 12:03:03,0,,,12548711,14.306517,3203953,1.045403,0.983400,2714.600098,2381.454135,,0.576309,,4762.908203,
Sample,07/04/2023 12:03:08,0,,,12549426,14.298510,3203963,1.045407,1.035000,2713.800049,2380.777885,,0.576363,,4761.555664,
Sample,07/04/2023 12:03:13,0,9442281,5.822521,12548855,14.304904,3203949,1.045402,1.091500,2713.600098,2380.608875,,0.576288,,4761.217773,
Sample,07/04/2023 12:03:28,0,,,12548760,14.305968,3204083,1.045446,1.059700,2716.199951,2382.806427,,0.577003,,4765.612793,
Sample,07/04/2023 12:03:33,0,,,12547904,14.315553,3203877,1.045378,1.097400,2715.600098,2382.299394,,0.575904,,4764.598633,
Sample,07/04/2023 12:03:38,0,,,12548852,14.304938,3204099,1.045451,1.141600,2714.300049,2381.200515,,0.577088,,4762.400879,
Sample,07/04/2023 12:03:43,0,,,12550000,14.292083,3203933,1.045397,1.110100,2714.899902,2381.707547,,0.576203,,4763.415039,
Sample,07/04/2023 12:03:48,0,,,12551742,14.272578,3204249,1.045501,1.197600,2715.699951,2382.383797,,0.577888,,4764.767578,
Sample,07/04/2023 12:03:53,0,,,12552281,14.266543,3203950,1.045402,1.168600,2715.600098,2382.299394,,0.576293,,4764.598633,
Sample,07/04/2023 12:03:58,0,,,12552886,14.259768,3203949,1.045402,1.128800,2716.600098,2383.144654,,0.576288,,4766.289551,
Sample,07/04/2023 12:04:03,0,,,12553467,14.253263,3204125,1.045460,1.169200,2713.899902,2380.862288,,0.577227,,4761.724609,
Sample,07/04/2023 12:04:08,0,,,12553848,14.248997,3203785,1.045348,1.086600,2713.600098,2380.608875,,0.575413,,4761.217773,
Sample,07/04/2023 12:04:13,0,9442257,5.822389,12554352,14.243354,3203885,1.045381,1.014400,2714.300049,2381.200515,,0.575947,,4762.400879,
Sample,07/04/2023 12:04:28,0,,,12555575,14.229661,3204095,1.045450,1.105900,2712.000000,2379.256376,,0.577067,,4758.512695,
Sample,07/04/2023 12:04:33,0,,,12555855,14.226526,3203845,1.045368,1.154400,2715.500000,2382.214786,,0.575733,,4764.429688,
Sample,07/04/2023 12:04:38,0,,,12555743,14.227780,3203960,1.045406,1.108000,2714.500000,2381.369526,,0.576347,,4762.739258,
Sample,07/04/2023 12:04:43,0,,,12555160,14.234308,3203976,1.045411,1.034700,2714.899902,2381.707547,,0.576432,,4763.415039,
Sample,07/04/2023 12:04:48,0,,,12554582,14.240779,3203896,1.045385,1.022100,2715.899902,2382.552807,,0.576005,,4765.105469,
Sample,07/04/2023 12:04:53,0,,,12554672,14.239771,3203821,1.045360,1.073900,2712.899902,2380.017028,,0.575605,,4760.034180,
Sample,07/04/2023 12:04:58,0,,,12554993,14.236177,3203970,1.045409,1.128400,2715.100098,2381.876765,,0.576400,,4763.753418,
Sample,07/04/2023 12:05:03,0,,,12553957,14.247777,3203965,1.045407,1.159000,2713.699951,2380.693277,,0.576373,,4761.386719,
Sample,07/04/2023 12:05:08,0,,,12553731,14.250307,3204030,1.045429,1.177100,2716.300049,2382.891035,,0.576720,,4765.782227,
Sample,07/04/2023 12:05:13,0,9442238,5.822284,12553291,14.255234,3203861,1.045373,1.082000,2712.399902,2379.594398,,0.575819,,4759.188965,
Sample,07/04/2023 12:05:28,0,,,12552490,14.264202,3203959,1.045405,1.141000,2715.199951,2381.961167,,0.576341,,4763.922363,
Sample,07/04/2023 12:05:33,0,,,12552313,14.266184,3203940,1.045399,1.024700,2715.199951,2381.961167,,0.576240,,4763.922363,
Sample,07/04/2023 12:05:38,0,,,12552739,14.261414,3204003,1.045420,1.107700,2715.899902,2382.552807,,0.576576,,4765.105469,
Sample,07/04/2023 12:05:43,0,,,12552390,14.265322,3203859,1.045372,0.818100,2715.399902,2382.130177,,0.575808,,4764.260254,
Sample,07/04/2023 12:05:48,0,,,12552429,14.264885,3204144,1.045466,0.784200,2712.699951,2379.848017,,0.577328,,4759.695801,
Sample,07/04/2023 12:05:53,0,,,12551453,14.275814,3203888,1.045382,0.808100,2716.399902,2382.975437,,0.575963,,4765.950684,
Sample,07/04/2023 12:05:58,0,,,12551792,14.272018,3204065,1.045440,0.813600,2716.000000,2382.637416,,0.576907,,4765.274902,
Sample,07/04/2023 12:06:03,0,,,12551653,14.273574,3203989,1.045415,0.983500,2714.500000,2381.369526,,0.576502,,4762.739258,
Sample,07/04/2023 12:06:08,0,,,12551519,14.275075,3204043,1.045433,1.224600,2714.600098,2381.454135,,0.576790,,4762.908203,
Sample,07/04/2023 12:06:13,0,9442231,5.822246,12552322,14.266083,3203772,1.045344,1.152700,2715.899902,2382.552807,,0.575344,,4765.105469,
Sample,07/04/2023 12:06:28,0,,,12552162,14.267875,3204128,1.045461,1.180600,2714.399902,2381.284917,,0.577243,,4762.569824,
Sample,07/04/2023 12:06:33,0,,,12553036,14.258089,3203874,1.045377,1.170000,2717.000000,2383.482676,,0.575888,,4766.965332,
Sample,07/04/2023 12:06:38,0,,,12552459,14.264549,3204072,1.045442,1.139900,2714.000000,2380.946896,,0.576944,,4761.893555,
Sample,07/04/2023 12:06:43,0,,,12551440,14.275959,3203944,1.045400,1.173100,2716.800049,2383.313665,,0.576261,,4766.627441,
Sample,07/04/2023 12:06:48,0,,,12551136,14.279363,3204048,1.045435,1.051100,2715.100098,2381.876765,,0.576816,,4763.753418,
Sample,07/04/2023 12:06:53,0,,,12550659,14.284704,3203988,1.045415,1.041000,2716.000000,2382.637416,,0.576496,,4765.274902,
Sample,07/04/2023 12:06:58,0,,,12550061,14.291400,3204069,1.045441,1.052400,2714.699951,2381.538537,,0.576928,,4763.077148,
Sample,07/04/2023 12:07:03,0,,,12549132,14.301802,3204056,1.045437,1.114100,2716.000000,2382.637416,,0.576859,,4765.274902,
Sample,07/04/2023 12:07:08,0,,,12548830,14.305184,3203989,1.045415,1.075600,2715.399902,2382.130177,,0.576502,,4764.260254,
Sample,07/04/2023 12:07:13,0,9442191,5.822026,12548527,14.308577,3204037,1.045431,1.064400,2715.600098,2382.299394,,0.576758,,4764.598633,
Sample,07/04/2023 12:07:28,0,,,12546118,14.335553,3203918,1.045392,1.042600,2716.399902,2382.975437,,0.576123,,4765.950684,
Sample,07/04/2023 12:07:33,0,,,12547035,14.325284,3204062,1.045439,1.052500,2714.100098,2381.031505,,0.576891,,4762.062988,
Sample,07/04/2023 12:07:38,0,,,12546728,14.328722,3204079,1.045445,0.986000,2715.600098,2382.299394,,0.576982,,4764.598633,
Sample,07/04/2023 12:07:43,0,,,12546103,14.335721,3203970,1.045409,1.047800,2716.899902,2383.398067,,0.576400,,4766.795898,
Sample,07/04/2023 12:07:48,0,,,12545635,14.340962,3204094,1.045450,1.185000,2715.600098,2382.299394,,0.577062,,4764.598633,
Sample,07/04/2023 12:07:53,0,,,12545056,14.347446,3204163,1.045472,1.112700,2715.500000,2382.214786,,0.577430,,4764.429688,
Sample,07/04/2023 12:07:58,0,,,12544866,14.349573,3204049,1.045435,1.077900,2719.100098,2385.257804,,0.576822,,4770.515625,
Sample,07/04/2023 12:08:03,0,,,12544707,14.351354,3204057,1.045438,1.147200,2716.199951,2382.806427,,0.576864,,4765.612793,
Sample,07/04/2023 12:08:08,0,,,12544319,14.355699,3203986,1.045414,1.147600,2719.199951,2385.342206,,0.576486,,4770.684570,
Sample,07/04/2023 12:08:13,0,9442168,5.821899,12544044,14.358779,3204016,1.045424,1.056400,2713.300049,2380.355255,,0.576646,,4760.710449,
Sample,07/04/2023 12:08:28,0,,,12542930,14.371254,3204048,1.045435,0.711100,2716.000000,2382.637416,,0.576816,,4765.274902,
Sample,07/04/2023 12:08:33,0,,,12541377,14.388646,3203935,1.045397,0.704700,2716.000000,2382.637416,,0.576213,,4765.274902,
Sample,07/04/2023 12:08:38,0,,,12540924,14.393720,3204012,1.045423,0.718200,2715.500000,2382.214786,,0.576624,,4764.429688,
Sample,07/04/2023 12:08:43,0,,,12540915,14.393820,3203755,1.045338,0.733800,2714.800049,2381.623145,,0.575253,,4763.246094,
Sample,07/04/2023 12:08:48,0,,,12540085,14.403116,3204093,1.045449,0.933500,2716.899902,2383.398067,,0.577056,,4766.795898,
Sample,07/04/2023 12:08:53,0,,,12538632,14.419389,3203877,1.045378,1.017400,2715.399902,2382.130177,,0.575904,,4764.260254,
Sample,07/04/2023 12:08:58,0,,,12538123,14.425090,3203972,1.045410,0.963100,2717.199951,2383.651686,,0.576411,,4767.303223,
Sample,07/04/2023 12:09:03,0,,,12537860,14.428036,3203880,1.045379,1.298100,2714.800049,2381.623145,,0.575920,,4763.246094,
Sample,07/04/2023 12:09:08,0,,,12537084,14.436727,3204102,1.045452,0.776600,2716.899902,2383.398067,,0.577104,,4766.795898,
Sample,07/04/2023 12:09:13,0,9442157,5.821839,12536379,14.444624,3203993,1.045416,0.746800,2715.300049,2382.045775,,0.576523,,4764.091309,
Sample,07/04/2023 12:09:28,0,,,12534256,14.468403,3203805,1.045355,0.881200,2714.000000,2380.946896,,0.575520,,4761.893555,
Sample,07/04/2023 12:09:33,0,,,12533058,14.481822,3203852,1.045370,0.990500,2715.100098,2381.876765,,0.575771,,4763.753418,
Sample,07/04/2023 12:09:38,0,,,12532538,14.487647,3203986,1.045414,1.154700,2716.800049,2383.313665,,0.576486,,4766.627441,
Sample,07/04/2023 12:09:43,0,,,12533085,14.481519,3203642,1.045301,0.735400,2717.600098,2383.989914,,0.574650,,4767.979980,
Sample,07/04/2023 12:09:48,0,,,12533566,14.476132,3204067,1.045441,0.839500,2715.399902,2382.130177,,0.576918,,4764.260254,
Sample,07/04/2023 12:09:53,0,,,12532976,14.482740,3203694,1.045318,0.885800,2713.600098,2380.608875,,0.574927,,4761.217773,
Sample,07/04/2023 12:09:58,0,,,12531829,14.495589,3203831,1.045363,1.158400,2716.100098,2382.722024,,0.575659,,4765.443848,
Sample,07/04/2023 12:10:03,0,,,12531386,14.500551,3203763,1.045341,1.187800,2717.899902,2384.243327,,0.575296,,4768.486816,
Sample,07/04/2023 12:10:08,0,,,12531406,14.500327,3203964,1.045407,1.045400,2714.300049,2381.200515,,0.576368,,4762.400879,
Sample,07/04/2023 12:10:13,0,9442131,5.821696,12530142,14.514486,3203852,1.045370,1.178100,2716.000000,2382.637416,,0.575771,,4765.274902,
Sample,07/04/2023 12:10:28,0,,,12528398,14.534023,3203752,1.045337,1.123800,2717.000000,2383.482676,,0.575237,,4766.965332,
Sample,07/04/2023 12:10:33,0,,,12527956,14.538974,3203724,1.045328,1.158900,2719.399902,2385.511217,,0.575088,,4771.022461,
Sample,07/04/2023 12:10:38,0,,,12527361,14.545640,3203926,1.045394,1.112400,2717.399902,2383.820697,,0.576165,,4767.641602,
Sample,07/04/2023 12:10:43,0,,,12526836,14.551522,3203538,1.045267,1.208800,2718.800049,2385.004185,,0.574095,,4770.008301,
Sample,07/04/2023 12:10:48,0,,,12526014,14.560731,3203837,1.045365,0.860500,2715.899902,2382.552807,,0.575691,,4765.105469,
Sample,07/04/2023 12:10:53,0,,,12526095,14.559823,3203785,1.045348,0.932400,2716.199951,2382.806427,,0.575413,,4765.612793,
Sample,07/04/2023 12:10:58,0,,,12525221,14.569615,3203647,1.045303,1.011900,2718.300049,2384.581555,,0.574677,,4769.163086,
Sample,07/04/2023 12:11:03,0,,,12524628,14.576258,3203813,1.045357,0.883700,2716.199951,2382.806427,,0.575562,,4765.612793,
Sample,07/04/2023 12:11:08,0,,,12524332,14.579575,3203725,1.045328,1.250600,2717.199951,2383.651686,,0.575093,,4767.303223,
Sample,07/04/2023 12:11:13,0,9442108,5.821570,12524178,14.581300,3203693,1.045318,1.179800,2716.699951,2383.229057,,0.574922,,4766.458008,
Sample,07/04/2023 12:11:28,0,,,12523135,14.592986,3203543,1.045269,1.162000,2717.699951,2384.074316,,0.574121,,4768.148438,
Sample,07/04/2023 12:11:33,0,,,12522546,14.599585,3203781,1.045347,1.101400,2715.899902,2382.552807,,0.575392,,4765.105469,
Sample,07/04/2023 12:11:38,0,,,12521869,14.607170,3203761,1.045340,1.081600,2718.000000,2384.327936,,0.575285,,4768.655762,
Sample,07/04/2023 12:11:43,0,,,12521144,14.615293,3203432,1.045232,1.148300,2717.800049,2384.158925,,0.573529,,4768.317871,
Sample,07/04/2023 12:11:48,0,,,12520040,14.627663,3203688,1.045316,1.105900,2717.000000,2383.482676,,0.574895,,4766.965332,
Sample,07/04/2023 12:11:53,0,,,12518757,14.642039,3203612,1.045291,1.100800,2715.100098,2381.876765,,0.574490,,4763.753418,
Sample,07/04/2023 12:11:58,0,,,12517898,14.651664,3203431,1.045232,1.147600,2718.800049,2385.004185,,0.573523,,4770.008301,
Sample,07/04/2023 12:12:03,0,,,12516988,14.661861,3203613,1.045292,1.030800,2716.800049,2383.313665,,0.574495,,4766.627441,
Sample,07/04/2023 12:12:08,0,,,12516747,14.664562,3203715,1.045325,1.029700,2716.300049,2382.891035,,0.575039,,4765.782227,
Sample,07/04/2023 12:12:13,0,9442082,5.821427,12516602,14.666187,3203713,1.045324,1.205800,2718.300049,2384.581555,,0.575029,,4769.163086,
Sample,07/04/2023 12:12:28,0,,,12519737,14.631058,3203538,1.045267,1.300200,2717.899902,2384.243327,,0.574095,,4768.486816,
Sample,07/04/2023 12:12:33,0,,,12521497,14.611338,3203582,1.045281,1.168400,2717.800049,2384.158925,,0.574330,,4768.317871,
Sample,07/04/2023 12:12:38,0,,,12522381,14.601433,3203361,1.045209,1.257000,2719.699951,2385.764836,,0.573150,,4771.529785,
Sample,07/04/2023 12:12:43,0,,,12521766,14.608324,3203552,1.045272,1.209100,2719.800049,2385.849445,,0.574169,,4771.698730,
Sample,07/04/2023 12:12:48,0,,,12523035,14.594106,3203426,1.045230,1.140600,2722.000000,2387.708975,,0.573497,,4775.417969,
Sample,07/04/2023 12:12:53,0,,,12523533,14.588526,3203495,1.045253,1.108000,2719.899902,2385.933847,,0.573865,,4771.867676,
Sample,07/04/2023 12:12:58,0,,,12523991,14.583395,3203450,1.045238,1.138300,2721.199951,2387.032726,,0.573625,,4774.065430,
Sample,07/04/2023 12:13:03,0,,,12523545,14.588392,3203392,1.045219,1.116500,2719.699951,2385.764836,,0.573315,,4771.529785,
Sample,07/04/2023 12:13:08,0,,,12524278,14.580180,3203455,1.045240,1.109800,2718.800049,2385.004185,,0.573652,,4770.008301,
Sample,07/04/2023 12:13:13,0,9442056,5.821284,12525493,14.566567,3203262,1.045176,1.121500,2721.800049,2387.539965,,0.572621,,4775.080078,
Sample,07/04/2023 12:13:28,0,,,12521939,14.606386,3203288,1.045185,1.054900,2719.899902,2385.933847,,0.572760,,4771.867676,
Sample,07/04/2023 12:13:33,0,,,12522012,14.605568,3203299,1.045188,1.046700,2720.399902,2386.356477,,0.572818,,4772.712891,
Sample,07/04/2023 12:13:38,0,,,12521841,14.607484,3203296,1.045187,1.037700,2718.199951,2384.496946,,0.572802,,4768.993652,
Sample,07/04/2023 12:13:43,0,,,12521470,14.611641,3203403,1.045223,1.032000,2720.399902,2386.356477,,0.573374,,4772.712891,
Sample,07/04/2023 12:13:48,0,,,12522290,14.602453,3203316,1.045194,1.050800,2721.500000,2387.286345,,0.572909,,4774.572754,
Sample,07/04/2023 12:13:53,0,,,12521921,14.606587,3203283,1.045183,1.072500,2722.000000,2387.708975,,0.572733,,4775.417969,
Sample,07/04/2023 12:13:58,0,,,12522403,14.601187,3203205,1.045157,1.007100,2722.800049,2388.385225,,0.572316,,4776.770508,
Sample,07/04/2023 12:14:03,0,,,12522378,14.601467,3203307,1.045191,1.031900,2721.899902,2387.624367,,0.572861,,4775.248535,
Sample,07/04/2023 12:14:08,0,,,12521990,14.605814,3203745,1.045335,1.003600,2721.300049,2387.117335,,0.575200,,4774.234863,
Sample,07/04/2023 12:14:13,0,9442051,5.821256,12523092,14.593467,3203342,1.045203,1.004000,2720.699951,2386.610096,,0.573048,,4773.220215,
Sample,07/04/2023 12:14:28,0,,,12523985,14.583462,3203135,1.045134,0.983000,2721.899902,2387.624367,,0.571942,,4775.248535,
Sample,07/04/2023 12:14:33,0,,,12524717,14.575261,3203284,1.045183,0.953400,2722.699951,2388.300616,,0.572738,,4776.601074,
Sample,07/04/2023 12:14:38,0,,,12525302,14.568707,3203151,1.045140,0.942500,2724.199951,2389.568506,,0.572028,,4779.137207,
Sample,07/04/2023 12:14:43,0,,,12524011,14.583171,3203019,1.045096,0.948000,2722.300049,2387.962595,,0.571323,,4775.925293,
Sample,07/04/2023 12:14:48,0,,,12523252,14.591675,3203182,1.045150,0.968800,2722.500000,2388.131605,,0.572193,,4776.263184,
Sample,07/04/2023 12:14:53,0,,,12523592,14.587865,3203073,1.045114,1.000600,2724.199951,2389.568506,,0.571611,,4779.137207,
Sample,07/04/2023 12:14:58,0,,,12523280,14.591361,3203055,1.045108,0.916900,2721.199951,2387.032726,,0.571515,,4774.065430,
Sample,07/04/2023 12:15:03,0,,,12522432,14.600862,3203245,1.045171,0.930600,2723.399902,2388.892257,,0.572530,,4777.784668,
Sample,07/04/2023 12:15:08,0,,,12523215,14.592089,3202999,1.045090,0.958300,2722.000000,2387.708975,,0.571216,,4775.417969,
Sample,07/04/2023 12:15:13,0,9442024,5.821108,12523709,14.586555,3202974,1.045082,0.982100,2724.300049,2389.653114,,0.571082,,4779.306152,
Sample,07/04/2023 12:15:28,0,,,12524330,14.579597,3203024,1.045098,0.991400,2723.000000,2388.554235,,0.571349,,4777.108398,
Sample,07/04/2023 12:15:33,0,,,12524181,14.581266,3203234,1.045167,0.997200,2722.699951,2388.300616,,0.572471,,4776.601074,
Sample,07/04/2023 12:15:38,0,,,12521933,14.606453,3202996,1.045089,0.976900,2723.100098,2388.638844,,0.571200,,4777.277832,
Sample,07/04/2023 12:15:43,0,,,12520112,14.626856,3203166,1.045145,0.987400,2723.000000,2388.554235,,0.572108,,4777.108398,
Sample,07/04/2023 12:15:48,0,,,12519045,14.638812,3202939,1.045070,1.008000,2721.199951,2387.032726,,0.570895,,4774.065430,
Sample,07/04/2023 12:15:53,0,,,12518360,14.646488,3203008,1.045093,0.970300,2720.100098,2386.103064,,0.571264,,4772.206055,
Sample,07/04/2023 12:15:58,0,,,12518447,14.645513,3202994,1.045088,0.977700,2721.000000,2386.863715,,0.571189,,4773.727539,
Sample,07/04/2023 12:16:03,0,,,12518822,14.641311,3202916,1.045062,0.985100,2723.500000,2388.976865,,0.570772,,4777.953613,
Sample,07/04/2023 12:16:08,0,,,12519570,14.632929,3202858,1.045043,0.958600,2722.600098,2388.216214,,0.570462,,4776.432617,
Sample,07/04/2023 12:16:13,0,9441999,5.820970,12518755,14.642061,3203003,1.045091,0.962000,2723.300049,2388.807854,,0.571237,,4777.615723,
Sample,07/04/2023 12:16:28,0,,,12519570,14.632929,3203073,1.045114,0.888400,2723.100098,2388.638844,,0.571611,,4777.277832,
Sample,07/04/2023 12:16:33,0,,,12518212,14.648146,3202938,1.045070,0.932100,2722.800049,2388.385225,,0.570890,,4776.770508,
Sample,07/04/2023 12:16:38,0,,,12517519,14.655911,3202648,1.044974,0.935900,2721.800049,2387.539965,,0.569339,,4775.080078,
Sample,07/04/2023 12:16:43,0,,,12518630,14.643462,3202817,1.045030,0.644400,2723.199951,2388.723246,,0.570243,,4777.446289,
Sample,07/04/2023 12:16:48,0,,,12518924,14.640168,3202765,1.045013,0.772200,2723.199951,2388.723246,,0.569965,,4777.446289,
Sample,07/04/2023 12:16:53,0,,,12517795,14.652819,3202759,1.045011,0.758200,2722.199951,2387.877986,,0.569933,,4775.755859,
Sample,07/04/2023 12:16:58,0,,,12516240,14.670243,3202780,1.045018,0.762600,2720.600098,2386.525694,,0.570045,,4773.051270,
Sample,07/04/2023 12:17:03,0,,,12514613,14.688476,3202815,1.045029,0.963000,2720.199951,2386.187466,,0.570232,,4772.375000,
Sample,07/04/2023 12:17:08,0,,,12513804,14.697542,3202756,1.045010,0.959400,2719.500000,2385.595826,,0.569917,,4771.191895,
Sample,07/04/2023 12:17:13,0,9441983,5.820882,12512917,14.707482,3202854,1.045042,1.020200,2721.300049,2387.117335,,0.570441,,4774.234863,
Sample,07/04/2023 12:17:28,0,,,12509567,14.745026,3202679,1.044985,1.057000,2718.500000,2384.750566,,0.569505,,4769.500977,
Sample,07/04/2023 12:17:33,0,,,12508941,14.752042,3202820,1.045031,1.071500,2720.199951,2386.187466,,0.570259,,4772.375000,
Sample,07/04/2023 12:17:38,0,,,12508344,14.758734,3202641,1.044972,1.080400,2720.600098,2386.525694,,0.569302,,4773.051270,
Sample,07/04/2023 12:17:43,0,,,12507653,14.766478,3202770,1.045014,1.037200,2719.000000,2385.173196,,0.569992,,4770.346191,
Sample,07/04/2023 12:17:48,0,,,12507743,14.765470,3202751,1.045008,1.087000,2720.000000,2386.018456,,0.569890,,4772.037109,
Sample,07/04/2023 12:17:53,0,,,12507143,14.772195,3202712,1.044995,1.053000,2723.699951,2389.145876,,0.569682,,4778.291992,
Sample,07/04/2023 12:17:58,0,,,12506031,14.784659,3202721,1.044998,1.022900,2718.600098,2384.835174,,0.569730,,4769.670410,
Sample,07/04/2023 12:18:03,0,,,12505302,14.792830,3202734,1.045003,1.038600,2720.399902,2386.356477,,0.569799,,4772.712891,
Sample,07/04/2023 12:18:08,0,,,12504605,14.800643,3202682,1.044986,1.043400,2718.699951,2384.919576,,0.569521,,4769.839355,
Sample,07/04/2023 12:18:13,0,9441956,5.820734,12504856,14.797829,3202688,1.044988,1.072800,2719.000000,2385.173196,,0.569553,,4770.346191,
Sample,07/04/2023 12:18:28,0,,,12504603,14.800665,3202689,1.044988,1.054300,2720.399902,2386.356477,,0.569559,,4772.712891,
Sample,07/04/2023 12:18:33,0,,,12503932,14.808187,3202530,1.044936,1.057800,2720.699951,2386.610096,,0.568708,,4773.220215,
Sample,07/04/2023 12:18:38,0,,,12502983,14.818825,3202491,1.044923,1.109200,2719.500000,2385.595826,,0.568500,,4771.191895,
Sample,07/04/2023 12:18:43,0,,,12501654,14.833723,3202485,1.044921,1.053200,2720.899902,2386.779107,,0.568468,,4773.558105,
Sample,07/04/2023 12:18:48,0,,,12500388,14.847915,3202616,1.044964,1.037500,2719.199951,2385.342206,,0.569168,,4770.684570,
Sample,07/04/2023 12:18:53,0,,,12500262,14.849328,3202578,1.044951,1.048700,2720.199951,2386.187466,,0.568965,,4772.375000,
Sample,07/04/2023 12:18:58,0,,,12499539,14.857433,3202587,1.044954,1.086100,2718.600098,2384.835174,,0.569013,,4769.670410,
Sample,07/04/2023 12:19:03,0,,,12498610,14.867848,3202779,1.045017,1.076800,2719.300049,2385.426815,,0.570040,,4770.853516,
Sample,07/04/2023 12:19:08,0,,,12497916,14.875628,3202489,1.044922,1.044500,2718.699951,2384.919576,,0.568489,,4769.839355,
Sample,07/04/2023 12:19:13,0,9441921,5.820541,12497266,14.882916,3202434,1.044904,1.062300,2720.300049,2386.272075,,0.568195,,4772.543945,
Sample,07/04/2023 12:19:28,0,,,12494477,14.914186,3202503,1.044927,1.027900,2720.899902,2386.779107,,0.568564,,4773.558105,
Sample,07/04/2023 12:19:33,0,,,12493510,14.925029,3202602,1.044959,1.023200,2720.100098,2386.103064,,0.569093,,4772.206055,
Sample,07/04/2023 12:19:38,0,,,12493310,14.927271,3202484,1.044920,1.070600,2723.300049,2388.807854,,0.568462,,4777.615723,
Sample,07/04/2023 12:19:43,0,,,12493105,14.929570,3202457,1.044912,1.042700,2720.300049,2386.272075,,0.568318,,4772.543945,
Sample,07/04/2023 12:19:48,0,,,12491704,14.945279,3202583,1.044953,1.063000,2720.800049,2386.694705,,0.568992,,4773.389648,
Sample,07/04/2023 12:19:53,0,,,12490422,14.959655,3202351,1.044877,1.022600,2722.399902,2388.046997,,0.567751,,4776.093750,
Sample,07/04/2023 12:19:58,0,,,12489689,14.967875,3202391,1.044890,1.024800,2720.300049,2386.272075,,0.567965,,4772.543945,
Sample,07/04/2023 12:20:03,0,,,12489142,14.974009,3202654,1.044976,1.034000,2719.300049,2385.426815,,0.569372,,4770.853516,
Sample,07/04/2023 12:20:08,0,,,12487871,14.988262,3202353,1.044877,0.849600,2719.500000,2385.595826,,0.567762,,4771.191895,
Sample,07/04/2023 12:20:13,0,9441878,5.820305,12487375,14.993825,3202379,1.044886,0.811300,2720.500000,2386.441085,,0.567901,,4772.882324,
Sample,07/04/2023 12:20:28,0,,,12485657,15.013092,3202198,1.044826,0.763700,2721.500000,2387.286345,,0.566932,,4774.572754,
Sample,07/04/2023 12:20:33,0,,,12485120,15.019115,3202555,1.044944,0.759000,2719.600098,2385.680434,,0.568842,,4771.360840,
Sample,07/04/2023 12:20:38,0,,,12484604,15.024902,3202233,1.044838,0.753000,2721.300049,2387.117335,,0.567120,,4774.234863,
Sample,07/04/2023 12:20:43,0,,,12484026,15.031385,3202346,1.044875,0.764000,2719.500000,2385.595826,,0.567724,,4771.191895,
Sample,07/04/2023 12:20:48,0,,,12484273,15.028615,3202345,1.044875,0.996600,2719.899902,2385.933847,,0.567719,,4771.867676,
Sample,07/04/2023 12:20:53,0,,,12485136,15.018936,3202362,1.044880,0.715500,2718.000000,2384.327936,,0.567810,,4768.655762,
Sample,07/04/2023 12:20:58,0,,,12484111,15.030432,3202457,1.044912,0.741800,2719.699951,2385.764836,,0.568318,,4771.529785,
Sample,07/04/2023 12:21:03,0,,,12484035,15.031284,3202446,1.044908,0.704400,2719.199951,2385.342206,,0.568259,,4770.684570,
Sample,07/04/2023 12:21:08,0,,,12484066,15.030936,3202200,1.044827,0.683700,2719.000000,2385.173196,,0.566943,,4770.346191,
Sample,07/04/2023 12:21:13,0,9441842,5.820107,12483230,15.040313,3202437,1.044905,0.696600,2723.600098,2389.061474,,0.568211,,4778.123047,
Sample,07/04/2023 12:21:28,0,,,12482392,15.049712,3202327,1.044869,0.757300,2721.199951,2387.032726,,0.567623,,4774.065430,
Sample,07/04/2023 12:21:33,0,,,12482065,15.053380,3202371,1.044883,0.908900,2719.399902,2385.511217,,0.567858,,4771.022461,
Sample,07/04/2023 12:21:38,0,,,12480966,15.065707,3202105,1.044796,1.063900,2720.600098,2386.525694,,0.566435,,4773.051270,
Sample,07/04/2023 12:21:43,0,,,12480193,15.074378,3202328,1.044869,1.061100,2719.500000,2385.595826,,0.567628,,4771.191895,
Sample,07/04/2023 12:21:48,0,,,12479550,15.081591,3202217,1.044833,1.069600,2721.000000,2386.863715,,0.567034,,4773.727539,
Sample,07/04/2023 12:21:53,0,,,12478547,15.092842,3202295,1.044858,0.851100,2721.699951,2387.455356,,0.567451,,4774.910645,
Sample,07/04/2023 12:21:58,0,,,12477767,15.101592,3202042,1.044775,0.826400,2743.399902,2405.797455,,0.566097,,4811.594727,
Sample,07/04/2023 12:22:03,0,,,12476997,15.110230,3202214,1.044832,0.846100,2743.800049,2406.135683,,0.567018,,4812.271484,
Sample,07/04/2023 12:22:08,0,,,12475683,15.124971,3202085,1.044789,0.819400,2746.699951,2408.586854,,0.566327,,4817.173828,
Sample,07/04/2023 12:22:13,0,9441716,5.819414,12474396,15.139410,3202092,1.044792,0.751400,2744.399902,2406.642715,,0.566365,,4813.285645,
Sample,07/04/2023 12:22:28,0,,,12474552,15.137660,3202045,1.044776,0.785000,2743.899902,2406.220085,,0.566113,,4812.439941,
Sample,07/04/2023 12:22:33,0,,,12473283,15.151897,3202048,1.044777,0.830500,2743.500000,2405.882063,,0.566129,,4811.764160,
Sample,07/04/2023 12:22:38,0,,,12472682,15.158640,3202124,1.044802,0.847800,2740.300049,2403.177273,,0.566536,,4806.354492,
Sample,07/04/2023 12:22:43,0,,,12473855,15.145480,3202059,1.044781,0.790200,2738.100098,2401.317742,,0.566188,,4802.635254,
Sample,07/04/2023 12:22:48,0,,,12472714,15.158281,3201927,1.044737,0.807300,2736.800049,2400.218863,,0.565482,,4800.437500,
Sample,07/04/2023 12:22:53,0,,,12473078,15.154197,3202115,1.044799,0.824200,2741.500000,2404.191543,,0.566488,,4808.383301,
Sample,07/04/2023 12:22:58,0,,,12473298,15.151729,3201813,1.044700,0.832400,2741.399902,2404.106935,,0.564871,,4808.213867,
Sample,07/04/2023 12:23:03,0,,,12471907,15.167336,3201975,1.044753,0.891000,2749.000000,2410.530993,,0.565739,,4821.062012,
Sample,07/04/2023 12:23:08,0,,,12475441,15.127686,3201879,1.044722,0.845700,2756.199951,2416.616823,,0.565225,,4833.233887,
Sample,07/04/2023 12:23:13,0,9441758,5.819645,12479971,15.076868,3201911,1.044732,0.827500,2747.699951,2409.432114,,0.565396,,4818.864258,
Sample,07/04/2023 12:23:28,0,,,12482505,15.048445,3201985,1.044756,0.659000,2744.500000,2406.727323,,0.565792,,4813.454590,
Sample,07/04/2023 12:23:33,0,,,12484029,15.031351,3202416,1.044898,0.652700,2743.899902,2406.220085,,0.568099,,4812.439941,
Sample,07/04/2023 12:23:38,0,,,12486075,15.008404,3201753,1.044680,0.650900,2748.000000,2409.685733,,0.564550,,4819.371582,
Sample,07/04/2023 12:23:43,0,,,12489180,14.973583,3201815,1.044701,0.653900,2749.300049,2410.784612,,0.564882,,4821.569336,
Sample,07/04/2023 12:23:48,0,,,12495844,14.898859,3201667,1.044652,0.657300,2756.199951,2416.616823,,0.564089,,4833.233887,
Sample,07/04/2023 12:23:53,0,,,12501317,14.837501,3201584,1.044625,0.663900,2763.699951,2422.956272,,0.563645,,4845.912598,
Sample,07/04/2023 12:23:58,0,,,12508397,14.758140,3201853,1.044713,0.663800,2766.199951,2425.069422,,0.565085,,4850.138672,
Sample,07/04/2023 12:24:03,0,,,12514843,14.685898,3201400,1.044564,0.662700,2757.100098,2417.377681,,0.562659,,4834.755371,
Sample,07/04/2023 12:24:08,0,,,12522422,14.600974,3201481,1.044591,0.664500,2734.300049,2398.105713,,0.563093,,4796.211426,
Sample,07/04/2023 12:24:13,0,9441892,5.820382,12527766,14.541103,3201389,1.044561,0.668200,2732.300049,2396.415194,,0.562600,,4792.830566,
Sample,07/04/2023 12:24:28,0,,,12542397,14.377223,3201158,1.044485,0.673000,2734.199951,2398.021105,,0.561362,,4796.041992,
Sample,07/04/2023 12:24:33,0,,,12548079,14.313594,3201563,1.044618,0.666800,2734.600098,2398.359333,,0.563532,,4796.718750,
Sample,07/04/2023 12:24:38,0,,,12552662,14.262277,3201700,1.044663,0.672300,2733.800049,2397.683083,,0.564266,,4795.366211,
Sample,07/04/2023 12:24:43,0,,,12555506,14.230434,3201622,1.044637,0.670700,2735.100098,2398.781963,,0.563848,,4797.563965,
Sample,07/04/2023 12:24:48,0,,,12557115,14.212419,3201701,1.044663,0.673600,2735.899902,2399.458005,,0.564271,,4798.916016,
Sample,07/04/2023 12:24:53,0,,,12560591,14.173504,3201567,1.044619,0.672600,2735.399902,2399.035375,,0.563554,,4798.070801,
Sample,07/04/2023 12:24:58,0,,,12565425,14.119389,3201519,1.044603,0.671100,2735.600098,2399.204593,,0.563296,,4798.409180,
Sample,07/04/2023 12:25:03,0,,,12569018,14.079170,3201812,1.044700,0.672700,2735.699951,2399.288995,,0.564866,,4798.578125,
Sample,07/04/2023 12:25:08,0,,,12571695,14.049205,3201572,1.044621,0.674200,2734.199951,2398.021105,,0.563580,,4796.041992,
Sample,07/04/2023 12:25:13,0,9441899,5.820420,12574268,14.020407,3201902,1.044729,0.676600,2735.199951,2398.866365,,0.565348,,4797.732910,
Sample,07/04/2023 12:25:28,0,,,12583332,13.918965,3201297,1.044530,0.676000,2733.500000,2397.429464,,0.562107,,4794.858887,
Sample,07/04/2023 12:25:33,0,,,12586329,13.885426,3201543,1.044611,0.674100,2734.399902,2398.190116,,0.563425,,4796.380371,
Sample,07/04/2023 12:25:38,0,,,12588335,13.862978,3201911,1.044732,0.677000,2735.399902,2399.035375,,0.565396,,4798.070801,
Sample,07/04/2023 12:25:43,0,,,12591285,13.829968,3201307,1.044534,0.675800,2736.199951,2399.711625,,0.562160,,4799.423340,
Sample,07/04/2023 12:25:48,0,,,12594119,13.798256,3201756,1.044681,0.679100,2737.800049,2401.064123,,0.564566,,4802.128418,
Sample,07/04/2023 12:25:53,0,,,12595854,13.778843,3201973,1.044753,0.682100,2737.699951,2400.979515,,0.565728,,4801.958984,
Sample,07/04/2023 12:25:58,0,,,12598590,13.748230,3201719,1.044669,0.673100,2737.800049,2401.064123,,0.564368,,4802.128418,
Sample,07/04/2023 12:26:03,0,,,12600482,13.727061,3201808,1.044698,0.675000,2738.399902,2401.571155,,0.564844,,4803.142090,
Sample,07/04/2023 12:26:08,0,,,12602865,13.700399,3201196,1.044497,0.678800,2736.100098,2399.627223,,0.561565,,4799.254395,
Sample,07/04/2023 12:26:13,0,9441882,5.820327,12605498,13.670941,3201659,1.044649,0.674700,2733.500000,2397.429464,,0.564046,,4794.858887,
Sample,07/04/2023 12:26:28,0,,,12617151,13.540577,3201562,1.044617,0.678100,2730.300049,2394.724674,,0.563527,,4789.449219,
Sample,07/04/2023 12:26:33,0,,,12620172,13.506783,3201548,1.044613,0.676700,2730.899902,2395.231706,,0.563452,,4790.463379,
Sample,07/04/2023 12:26:38,0,,,12622103,13.485182,3201836,1.044708,0.677900,2730.100098,2394.555663,,0.564994,,4789.111328,
Sample,07/04/2023 12:26:43,0,,,12624413,13.459343,3201877,1.044721,0.678600,2729.899902,2394.386446,,0.565214,,4788.772949,
Sample,07/04/2023 12:26:48,0,,,12626482,13.436199,3201849,1.044712,0.680400,2730.800049,2395.147304,,0.565064,,4790.294434,
Sample,07/04/2023 12:26:53,0,,,12628797,13.410304,3202197,1.044826,0.680700,2729.800049,2394.302044,,0.566927,,4788.604004,
Sample,07/04/2023 12:26:58,0,,,12629810,13.398973,3202317,1.044866,0.679200,2729.000000,2393.625795,,0.567569,,4787.251465,
Sample,07/04/2023 12:27:03,0,,,12631974,13.374768,3201948,1.044744,0.683100,2730.600098,2394.978293,,0.565594,,4789.956543,
Sample,07/04/2023 12:27:08,0,,,12634895,13.342096,3202383,1.044887,0.678900,2728.199951,2392.949545,,0.567922,,4785.898926,
Sample,07/04/2023 12:27:13,0,9441870,5.820261,12636295,13.326437,3202542,1.044940,0.685200,2726.800049,2391.766264,,0.568773,,4783.532715,
Sample,07/04/2023 12:27:28,0,,,12640433,13.280154,3202380,1.044886,0.685100,2726.699951,2391.681656,,0.567906,,4783.363281,
Sample,07/04/2023 12:27:33,0,,,12640046,13.284483,3202449,1.044909,0.687100,2726.100098,2391.174623,,0.568275,,4782.349121,
Sample,07/04/2023 12:27:38,0,,,12639850,13.286675,3203103,1.045124,0.685300,2727.100098,2392.019883,,0.571771,,4784.039551,
Sample,07/04/2023 12:27:43,0,,,12641809,13.264764,3202589,1.044955,0.685800,2725.600098,2390.751994,,0.569024,,4781.503906,
Sample,07/04/2023 12:27:48,0,,,12642546,13.256521,3202378,1.044886,0.684800,2727.199951,2392.104286,,0.567895,,4784.208496,
Sample,07/04/2023 12:27:53,0,,,12643458,13.246321,3202526,1.044934,0.686800,2725.199951,2390.413766,,0.568687,,4780.827637,
Sample,07/04/2023 12:27:58,0,,,12645788,13.220261,3202810,1.045028,0.685500,2725.000000,2390.244755,,0.570206,,4780.489746,
Sample,07/04/2023 12:28:03,0,,,12648174,13.193575,3203176,1.045148,0.683000,2725.699951,2390.836396,,0.572161,,4781.672852,
Sample,07/04/2023 12:28:08,0,,,12651103,13.160816,3202921,1.045064,0.685000,2725.600098,2390.751994,,0.570799,,4781.503906,
Sample,07/04/2023 12:28:13,0,9441861,5.820212,12654150,13.126738,3203101,1.045123,0.683300,2723.399902,2388.892257,,0.571761,,4777.784668,
Sample,07/04/2023 12:28:28,0,,,12657176,13.092895,3203133,1.045134,0.682100,2724.000000,2389.399495,,0.571932,,4778.798828,
Sample,07/04/2023 12:28:33,0,,,12658297,13.080358,3202477,1.044918,0.685000,2724.300049,2389.653114,,0.568425,,4779.306152,
Sample,07/04/2023 12:28:38,0,,,12659806,13.063481,3203108,1.045126,0.682600,2724.899902,2390.160146,,0.571798,,4780.320312,
Sample,07/04/2023 12:28:43,0,,,12661091,13.049110,3203002,1.045091,0.682400,2723.300049,2388.807854,,0.571232,,4777.615723,
Sample,07/04/2023 12:28:48,0,,,12662185,13.036875,3203099,1.045123,0.684300,2724.100098,2389.484104,,0.571750,,4778.968262,
Sample,07/04/2023 12:28:53,0,,,12663144,13.026150,3202914,1.045062,0.681600,2726.100098,2391.174623,,0.570761,,4782.349121,
Sample,07/04/2023 12:28:58,0,,,12664209,13.014239,3203075,1.045115,0.682300,2724.100098,2389.484104,,0.571622,,4778.968262,
Sample,07/04/2023 12:29:03,0,,,12664554,13.010380,3202900,1.045057,0.683000,2720.899902,2386.779107,,0.570687,,4773.558105,
Sample,07/04/2023 12:29:08,0,,,12667562,12.976739,3203022,1.045097,0.684600,2723.600098,2389.061474,,0.571339,,4778.123047,
Sample,07/04/2023 12:29:13,0,9441848,5.820140,12668960,12.961104,3203573,1.045278,0.686100,2722.399902,2388.046997,,0.574282,,4776.093750,
Sample,07/04/2023 12:29:28,0,,,12672879,12.917275,3203300,1.045189,0.682500,2723.199951,2388.723246,,0.572824,,4777.446289,
Sample,07/04/2023 12:29:33,0,,,12673402,12.911426,3203253,1.045173,0.682800,2720.399902,2386.356477,,0.572573,,4772.712891,
Sample,07/04/2023 12:29:38,0,,,12674723,12.896652,3203604,1.045289,0.685400,2723.100098,2388.638844,,0.574447,,4777.277832,
Sample,07/04/2023 12:29:43,0,,,12675371,12.889405,3203858,1.045372,0.686200,2722.600098,2388.216214,,0.575803,,4776.432617,
Sample,07/04/2023 12:29:48,0,,,12676209,12.880033,3203270,1.045179,0.684600,2721.000000,2386.863715,,0.572664,,4773.727539,
Sample,07/04/2023 12:29:53,0,,,12675863,12.883903,3204029,1.045428,0.681700,2723.500000,2388.976865,,0.576715,,4777.953613,
Sample,07/04/2023 12:29:58,0,,,12675868,12.883847,3203349,1.045205,0.684100,2723.300049,2388.807854,,0.573085,,4777.615723,
Sample,07/04/2023 12:30:03,0,,,12676556,12.876152,3203487,1.045250,0.680900,2721.500000,2387.286345,,0.573822,,4774.572754,
Sample,07/04/2023 12:30:08,0,,,12677137,12.869655,3203311,1.045192,0.682700,2722.699951,2388.300616,,0.572883,,4776.601074,
Sample,07/04/2023 12:30:13,0,9441818,5.819975,12677679,12.863593,3203981,1.045413,0.683500,2721.800049,2387.539965,,0.576459,,4775.080078,
Sample,07/04/2023 12:30:28,0,,,12677411,12.866590,3203976,1.045411,0.685600,2720.500000,2386.441085,,0.576432,,4772.882324,
Sample,07/04/2023 12:30:33,0,,,12676886,12.872462,3204388,1.045546,0.684500,2720.199951,2386.187466,,0.578629,,4772.375000,
Sample,07/04/2023 12:30:38,0,,,12677782,12.862441,3203818,1.045359,0.685100,2721.300049,2387.117335,,0.575589,,4774.234863,
Sample,07/04/2023 12:30:43,0,,,12678562,12.853718,3204016,1.045424,0.683400,2723.600098,2389.061474,,0.576646,,4778.123047,
Sample,07/04/2023 12:30:48,0,,,12677444,12.866221,3203737,1.045332,0.686700,2721.100098,2386.948324,,0.575157,,4773.896484,
Sample,07/04/2023 12:30:53,0,,,12677295,12.867888,3204219,1.045491,0.685300,2722.699951,2388.300616,,0.577728,,4776.601074,
Sample,07/04/2023 12:30:58,0,,,12678016,12.859824,3203857,1.045372,0.685800,2720.899902,2386.779107,,0.575797,,4773.558105,
Sample,07/04/2023 12:31:03,0,,,12679965,12.838027,3203813,1.045357,0.685700,2721.000000,2386.863715,,0.575562,,4773.727539,
Sample,07/04/2023 12:31:08,0,,,12680299,12.834291,3204248,1.045500,0.684700,2721.800049,2387.539965,,0.577883,,4775.080078,
Sample,07/04/2023 12:31:13,0,9441796,5.819854,12680337,12.833866,3204022,1.045426,0.686800,2720.800049,2386.694705,,0.576678,,4773.389648,
Sample,07/04/2023 12:31:28,0,,,12680576,12.831193,3204150,1.045468,0.683100,2719.800049,2385.849445,,0.577360,,4771.698730,
Sample,07/04/2023 12:31:33,0,,,12680894,12.827637,3204485,1.045578,0.685600,2719.899902,2385.933847,,0.579146,,4771.867676,
Sample,07/04/2023 12:31:38,0,,,12681314,12.822940,3204072,1.045442,0.685900,2717.899902,2384.243327,,0.576944,,4768.486816,
Sample,07/04/2023 12:31:43,0,,,12683516,12.798313,3204042,1.045433,0.689100,2720.000000,2386.018456,,0.576784,,4772.037109,
Sample,07/04/2023 12:31:48,0,,,12683104,12.802921,3204411,1.045554,0.686900,2718.899902,2385.088587,,0.578752,,4770.177246,
Sample,07/04/2023 12:31:53,0,,,12682536,12.809273,3204244,1.045499,0.690300,2717.699951,2384.074316,,0.577861,,4768.148438,
Sample,07/04/2023 12:31:58,0,,,12683055,12.803469,3204835,1.045693,0.685000,2720.199951,2386.187466,,0.581011,,4772.375000,
Sample,07/04/2023 12:32:03,0,,,12682898,12.805225,3204812,1.045686,0.684300,2719.199951,2385.342206,,0.580889,,4770.684570,
Sample,07/04/2023 12:32:08,0,,,12682286,12.812069,3204735,1.045660,0.690600,2716.699951,2383.229057,,0.580478,,4766.458008,
Sample,07/04/2023 12:32:13,0,9441768,5.819700,12679718,12.840789,3204718,1.045655,0.704800,2719.199951,2385.342206,,0.580388,,4770.684570,
Sample,07/04/2023 12:32:28,0,,,12672526,12.921223,3204782,1.045676,0.895500,2717.300049,2383.736295,,0.580729,,4767.472656,
Sample,07/04/2023 12:32:33,0,,,12670163,12.947650,3204713,1.045653,0.831800,2718.300049,2384.581555,,0.580361,,4769.163086,
Sample,07/04/2023 12:32:38,0,,,12668948,12.961239,3204785,1.045677,0.891800,2714.699951,2381.538537,,0.580745,,4763.077148,
Sample,07/04/2023 12:32:43,0,,,12667169,12.981135,3204807,1.045684,0.843600,2716.000000,2382.637416,,0.580862,,4765.274902,
Sample,07/04/2023 12:32:48,0,,,12665207,13.003077,3204969,1.045737,0.732100,2714.399902,2381.284917,,0.581725,,4762.569824,
Sample,07/04/2023 12:32:53,0,,,12662988,13.027894,3204829,1.045691,0.924300,2717.000000,2383.482676,,0.580979,,4766.965332,
Sample,07/04/2023 12:32:58,0,,,12661472,13.044849,3204953,1.045732,0.883800,2716.699951,2383.229057,,0.581640,,4766.458008,
Sample,07/04/2023 12:33:03,0,,,12661929,13.039738,3204794,1.045680,0.729800,2716.199951,2382.806427,,0.580793,,4765.612793,
Sample,07/04/2023 12:33:08,0,,,12662021,13.038709,3204818,1.045688,0.940300,2714.899902,2381.707547,,0.580921,,4763.415039,
Sample,07/04/2023 12:33:13,0,9441750,5.819601,12661505,13.044480,3204871,1.045705,0.679100,2719.199951,2385.342206,,0.581203,,4770.684570,
Sample,07/04/2023 12:33:28,0,,,12656244,13.103319,3204932,1.045725,0.700800,2717.399902,2383.820697,,0.581528,,4767.641602,
Sample,07/04/2023 12:33:33,0,,,12654350,13.124501,3204942,1.045728,0.752000,2715.899902,2382.552807,,0.581581,,4765.105469,
Sample,07/04/2023 12:33:38,0,,,12653750,13.131212,3205086,1.045776,0.730700,2716.300049,2382.891035,,0.582348,,4765.782227,
Sample,07/04/2023 12:33:43,0,,,12652714,13.142799,3205237,1.045825,0.821200,2715.000000,2381.792156,,0.583152,,4763.584473,
Sample,07/04/2023 12:33:48,0,,,12653042,13.139130,3205046,1.045763,0.747200,2716.300049,2382.891035,,0.582135,,4765.782227,
Sample,07/04/2023 12:33:53,0,,,12656328,13.102379,3205239,1.045826,0.654800,2717.800049,2384.158925,,0.583162,,4768.317871,
Sample,07/04/2023 12:33:58,0,,,12656892,13.096071,3205348,1.045862,0.673600,2716.899902,2383.398067,,0.583742,,4766.795898,
Sample,07/04/2023 12:34:03,0,,,12657902,13.084776,3205428,1.045888,0.655300,2715.500000,2382.214786,,0.584168,,4764.429688,
Sample,07/04/2023 12:34:08,0,,,12657659,13.087493,3205833,1.046021,0.695900,2718.600098,2384.835174,,0.586322,,4769.670410,
Sample,07/04/2023 12:34:13,0,9441711,5.819387,12656300,13.102692,3205550,1.045928,0.727200,2715.000000,2381.792156,,0.584817,,4763.584473,
Sample,07/04/2023 12:34:28,0,,,12654914,13.118194,3205091,1.045777,0.662500,2715.899902,2382.552807,,0.582374,,4765.105469,
Sample,07/04/2023 12:34:33,0,,,12655894,13.107233,3205205,1.045815,0.657700,2716.600098,2383.144654,,0.582981,,4766.289551,
Sample,07/04/2023 12:34:38,0,,,12656992,13.094953,3205377,1.045871,0.667700,2720.500000,2386.441085,,0.583897,,4772.882324,
Sample,07/04/2023 12:34:43,0,,,12658485,13.078255,3205502,1.045912,0.659700,2716.100098,2382.722024,,0.584562,,4765.443848,
Sample,07/04/2023 12:34:48,0,,,12659852,13.062967,3205464,1.045900,0.666300,2716.199951,2382.806427,,0.584360,,4765.612793,
Sample,07/04/2023 12:34:53,0,,,12660680,13.053707,3205566,1.045934,0.661000,2714.699951,2381.538537,,0.584902,,4763.077148,
Sample,07/04/2023 12:34:58,0,,,12661376,13.045923,3205387,1.045875,0.658700,2716.199951,2382.806427,,0.583950,,4765.612793,
Sample,07/04/2023 12:35:03,0,,,12662625,13.031954,3205674,1.045969,0.662000,2716.000000,2382.637416,,0.585477,,4765.274902,
Sample,07/04/2023 12:35:08,0,,,12662940,13.028431,3205340,1.045859,0.663300,2716.100098,2382.722024,,0.583700,,4765.443848,
Sample,07/04/2023 12:35:13,0,9441671,5.819167,12663455,13.022671,3205345,1.045861,0.665100,2714.399902,2381.284917,,0.583726,,4762.569824,
Sample,07/04/2023 12:35:28,0,,,12662232,13.036349,3205622,1.045952,0.655900,2716.300049,2382.891035,,0.585200,,4765.782227,
Sample,07/04/2023 12:35:33,0,,,12662973,13.028062,3205122,1.045788,0.654900,2716.300049,2382.891035,,0.582539,,4765.782227,
Sample,07/04/2023 12:35:38,0,,,12663981,13.016789,3205374,1.045870,0.654700,2716.899902,2383.398067,,0.583881,,4766.795898,
Sample,07/04/2023 12:35:43,0,,,12664544,13.010492,3205318,1.045852,0.647400,2716.000000,2382.637416,,0.583583,,4765.274902,
Sample,07/04/2023 12:35:48,0,,,12666196,12.992016,3205734,1.045989,0.653800,2714.500000,2381.369526,,0.585796,,4762.739258,
Sample,07/04/2023 12:35:53,0,,,12668052,12.971259,3205435,1.045890,0.655100,2716.399902,2382.975437,,0.584205,,4765.950684,
Sample,07/04/2023 12:35:58,0,,,12670485,12.944049,3205350,1.045863,0.652400,2716.399902,2382.975437,,0.583753,,4765.950684,
Sample,07/04/2023 12:36:03,0,,,12669628,12.953634,3205455,1.045897,0.658400,2715.899902,2382.552807,,0.584312,,4765.105469,
Sample,07/04/2023 12:36:08,0,,,12669702,12.952806,3205341,1.045860,0.661500,2714.600098,2381.454135,,0.583705,,4762.908203,
Sample,07/04/2023 12:36:13,0,9441664,5.819128,12670514,12.943725,3205466,1.045901,0.659800,2716.100098,2382.722024,,0.584370,,4765.443848,
Sample,07/04/2023 12:36:28,0,,,12669928,12.950278,3205313,1.045850,0.665900,2715.100098,2381.876765,,0.583556,,4763.753418,
Sample,07/04/2023 12:36:33,0,,,12670971,12.938614,3205481,1.045906,0.664800,2714.000000,2380.946896,,0.584450,,4761.893555,
Sample,07/04/2023 12:36:38,0,,,12670507,12.943803,3205584,1.045939,0.668700,2714.399902,2381.284917,,0.584998,,4762.569824,
Sample,07/04/2023 12:36:43,0,,,12670454,12.944396,3205464,1.045900,0.667600,2713.399902,2380.439658,,0.584360,,4760.879395,
Sample,07/04/2023 12:36:48,0,,,12671242,12.935583,3205736,1.045989,0.670900,2714.100098,2381.031505,,0.585807,,4762.062988,
Sample,07/04/2023 12:36:53,0,,,12671814,12.929186,3205539,1.045925,0.670800,2714.800049,2381.623145,,0.584759,,4763.246094,
Sample,07/04/2023 12:36:58,0,,,12671923,12.927967,3205269,1.045836,0.668000,2717.100098,2383.567284,,0.583322,,4767.134766,
Sample,07/04/2023 12:37:03,0,,,12672848,12.917622,3205807,1.046013,0.670300,2715.300049,2382.045775,,0.586184,,4764.091309,
Sample,07/04/2023 12:37:08,0,,,12672169,12.925216,3205334,1.045857,0.670500,2716.000000,2382.637416,,0.583668,,4765.274902,
Sample,07/04/2023 12:37:13,0,9441635,5.818969,12671657,12.930942,3205873,1.046034,0.671700,2714.199951,2381.115907,,0.586535,,4762.231934,
Sample,07/04/2023 12:37:28,0,,,12674162,12.902926,3205542,1.045926,0.673500,2715.800049,2382.468405,,0.584775,,4764.937012,
Sample,07/04/2023 12:37:33,0,,,12674306,12.901316,3205612,1.045949,0.671500,2717.000000,2383.482676,,0.585147,,4766.965332,
Sample,07/04/2023 12:37:38,0,,,12674992,12.893644,3205523,1.045919,0.676700,2711.500000,2378.833746,,0.584674,,4757.667480,
Sample,07/04/2023 12:37:43,0,,,12674781,12.896004,3205657,1.045963,0.673000,2714.100098,2381.031505,,0.585386,,4762.062988,
Sample,07/04/2023 12:37:48,0,,,12675079,12.892671,3205539,1.045925,0.672700,2716.399902,2382.975437,,0.584759,,4765.950684,
Sample,07/04/2023 12:37:53,0,,,12675606,12.886777,3205502,1.045912,0.674700,2714.500000,2381.369526,,0.584562,,4762.739258,
Sample,07/04/2023 12:37:58,0,,,12675503,12.887929,3205532,1.045922,0.677300,2715.399902,2382.130177,,0.584722,,4764.260254,
Sample,07/04/2023 12:38:03,0,,,12675466,12.888343,3206156,1.046127,0.675900,2715.199951,2381.961167,,0.588039,,4763.922363,
Sample,07/04/2023 12:38:08,0,,,12675486,12.888119,3206145,1.046124,0.672900,2716.199951,2382.806427,,0.587981,,4765.612793,
Sample,07/04/2023 12:38:13,0,9441606,5.818810,12675807,12.884529,3205627,1.045954,0.678000,2713.800049,2380.777885,,0.585227,,4761.555664,
Sample,07/04/2023 12:38:28,0,,,12678456,12.854903,3205650,1.045961,1.482000,2718.199951,2384.496946,,0.585349,,4768.993652,
Sample,07/04/2023 12:38:33,0,,,12676627,12.875358,3205966,1.046065,1.425300,2716.500000,2383.060046,,0.587030,,4766.120117,
Sample,07/04/2023 12:38:38,0,,,12676476,12.877047,3205865,1.046032,1.406500,2720.399902,2386.356477,,0.586493,,4772.712891,
Sample,07/04/2023 12:38:43,0,,,12677647,12.863951,3205738,1.045990,1.470500,2718.800049,2385.004185,,0.585817,,4770.008301,
Sample,07/04/2023 12:38:48,0,,,12677544,12.865103,3205935,1.046055,1.417700,2720.300049,2386.272075,,0.586865,,4772.543945,
Sample,07/04/2023 12:38:53,0,,,12678295,12.856704,3205336,1.045858,1.266500,2718.699951,2384.919576,,0.583679,,4769.839355,
Sample,07/04/2023 12:38:58,0,,,12677908,12.861032,3205372,1.045870,1.383800,2718.699951,2384.919576,,0.583870,,4769.839355,
Sample,07/04/2023 12:39:03,0,,,12678800,12.851056,3205192,1.045811,1.088500,2717.100098,2383.567284,,0.582912,,4767.134766,
Sample,07/04/2023 12:39:08,0,,,12678781,12.851268,3205277,1.045839,1.021800,2721.300049,2387.117335,,0.583365,,4774.234863,
Sample,07/04/2023 12:39:13,0,9441518,5.818326,12678693,12.852253,3205714,1.045982,1.060200,2722.500000,2388.131605,,0.585690,,4776.263184,
Sample,07/04/2023 12:39:28,0,,,12676358,12.878367,3205595,1.045943,1.210300,2718.300049,2384.581555,,0.585057,,4769.163086,
Sample,07/04/2023 12:39:33,0,,,12676876,12.872574,3205441,1.045892,1.235100,2720.600098,2386.525694,,0.584237,,4773.051270,
Sample,07/04/2023 12:39:38,0,,,12676706,12.874475,3206012,1.046080,1.327000,2721.100098,2386.948324,,0.587274,,4773.896484,
Sample,07/04/2023 12:39:43,0,,,12676273,12.879317,3205507,1.045914,1.425700,2719.699951,2385.764836,,0.584589,,4771.529785,
Sample,07/04/2023 12:39:48,0,,,12676423,12.877640,3205518,1.045918,1.458400,2722.600098,2388.216214,,0.584647,,4776.432617,
Sample,07/04/2023 12:39:53,0,,,12676160,12.880581,3205373,1.045870,1.508600,2721.600098,2387.370954,,0.583876,,4774.741699,
Sample,07/04/2023 12:39:58,0,,,12675489,12.888085,3205742,1.045991,1.591600,2721.899902,2387.624367,,0.585839,,4775.248535,
Sample,07/04/2023 12:40:03,0,,,12678337,12.856234,3205465,1.045900,1.663900,2720.600098,2386.525694,,0.584365,,4773.051270,
Sample,07/04/2023 12:40:08,0,,,12678908,12.849848,3205945,1.046058,1.646100,2720.699951,2386.610096,,0.586918,,4773.220215,
Sample,07/04/2023 12:40:13,0,9441495,5.818199,12679044,12.848327,3205802,1.046011,1.772300,2722.899902,2388.469627,,0.586158,,4776.939453,
Sample,07/04/2023 12:40:28,0,,,12681685,12.818791,3205884,1.046038,1.998300,2719.699951,2385.764836,,0.586594,,4771.529785,
Sample,07/04/2023 12:40:33,0,,,12681640,12.819294,3205398,1.045878,1.952500,2719.699951,2385.764836,,0.584009,,4771.529785,
Sample,07/04/2023 12:40:38,0,,,12681996,12.815312,3205954,1.046061,1.971600,2720.500000,2386.441085,,0.586966,,4772.882324,
Sample,07/04/2023 12:40:43,0,,,12679661,12.841427,3205970,1.046066,1.969300,2720.699951,2386.610096,,0.587051,,4773.220215,
Sample,07/04/2023 12:40:48,0,,,12677452,12.866132,3205825,1.046019,2.030100,2722.500000,2388.131605,,0.586280,,4776.263184,
Sample,07/04/2023 12:40:53,0,,,12675919,12.883276,3206193,1.046140,1.922100,2720.600098,2386.525694,,0.588236,,4773.051270,
Sample,07/04/2023 12:40:58,0,,,12674484,12.899325,3205928,1.046053,1.956000,2719.899902,2385.933847,,0.586828,,4771.867676,
Sample,07/04/2023 12:41:03,0,,,12673052,12.915340,3205964,1.046064,1.948500,2721.199951,2387.032726,,0.587019,,4774.065430,
Sample,07/04/2023 12:41:08,0,,,12671745,12.929958,3205959,1.046063,1.909200,2722.199951,2387.877986,,0.586992,,4775.755859,
Sample,07/04/2023 12:41:13,0,9441475,5.818089,12670995,12.938345,3205989,1.046073,1.842000,2719.300049,2385.426815,,0.587152,,4770.853516,
Sample,07/04/2023 12:41:28,0,,,12667135,12.981515,3206078,1.046102,1.885600,2719.000000,2385.173196,,0.587625,,4770.346191,
Sample,07/04/2023 12:41:33,0,,,12666011,12.994085,3206078,1.046102,1.886200,2721.300049,2387.117335,,0.587625,,4774.234863,
Sample,07/04/2023 12:41:38,0,,,12664546,13.010470,3206146,1.046124,1.861700,2723.800049,2389.230484,,0.587986,,4778.460938,
Sample,07/04/2023 12:41:43,0,,,12663072,13.026955,3206062,1.046097,1.884400,2725.500000,2390.667385,,0.587540,,4781.334961,
Sample,07/04/2023 12:41:48,0,,,12661922,13.039816,3206144,1.046124,1.867100,2727.399902,2392.273296,,0.587976,,4784.546387,
Sample,07/04/2023 12:41:53,0,,,12660616,13.054422,3205928,1.046053,1.877600,2725.699951,2390.836396,,0.586828,,4781.672852,
Sample,07/04/2023 12:41:58,0,,,12661116,13.048830,3206124,1.046117,1.907700,2723.199951,2388.723246,,0.587869,,4777.446289,
Sample,07/04/2023 12:42:03,0,,,12660685,13.053651,3206176,1.046134,1.879900,2723.500000,2388.976865,,0.588146,,4777.953613,
Sample,07/04/2023 12:42:08,0,,,12659040,13.072048,3206167,1.046131,1.871900,2726.000000,2391.090015,,0.588098,,4782.180176,
Sample,07/04/2023 12:42:13,0,9441455,5.817979,12657826,13.085626,3206132,1.046120,1.894500,2721.000000,2386.863715,,0.587912,,4773.727539,
Sample,07/04/2023 12:42:28,0,,,12654252,13.125597,3206018,1.046082,1.878300,2727.000000,2391.935275,,0.587306,,4783.870605,
Sample,07/04/2023 12:42:33,0,,,12653595,13.132945,3206159,1.046128,1.869900,2725.699951,2390.836396,,0.588055,,4781.672852,
Sample,07/04/2023 12:42:38,0,,,12652877,13.140976,3206031,1.046086,1.873400,2726.800049,2391.766264,,0.587375,,4783.532715,
Sample,07/04/2023 12:42:43,0,,,12651512,13.156242,3206007,1.046078,1.869800,2728.600098,2393.287773,,0.587248,,4786.575684,
Sample,07/04/2023 12:42:48,0,,,12650914,13.162930,3206243,1.046156,1.888000,2726.600098,2391.597253,,0.588502,,4783.194336,
Sample,07/04/2023 12:42:53,0,,,12650051,13.172582,3206000,1.046076,1.884800,2728.100098,2392.865143,,0.587210,,4785.730469,
Sample,07/04/2023 12:42:58,0,,,12649128,13.182905,3205990,1.046073,1.872300,2731.699951,2395.907955,,0.587157,,4791.815918,
Sample,07/04/2023 12:43:03,0,,,12648225,13.193005,3206244,1.046156,1.873900,2730.600098,2394.978293,,0.588507,,4789.956543,
Sample,07/04/2023 12:43:08,0,,,12647182,13.204670,3206046,1.046091,1.890900,2728.300049,2393.034154,,0.587455,,4786.068359,
Sample,07/04/2023 12:43:13,0,9441446,5.817930,12646442,13.212946,3205977,1.046069,1.884000,2730.800049,2395.147304,,0.587088,,4790.294434,
Sample,07/04/2023 12:43:28,0,,,12645329,13.225395,3205895,1.046042,1.910300,2725.699951,2390.836396,,0.586652,,4781.672852,
Sample,07/04/2023 12:43:33,0,,,12644702,13.232407,3206109,1.046112,1.926900,2724.500000,2389.822125,,0.587790,,4779.644043,
Sample,07/04/2023 12:43:38,0,,,12644333,13.236534,3206100,1.046109,1.901500,2726.300049,2391.343634,,0.587742,,4782.687500,
Sample,07/04/2023 12:43:43,0,,,12643220,13.248983,3206123,1.046117,1.883300,2729.800049,2394.302044,,0.587864,,4788.604004,
Sample,07/04/2023 12:43:48,0,,,12643617,13.244543,3205987,1.046072,1.894400,2728.600098,2393.287773,,0.587141,,4786.575684,
Sample,07/04/2023 12:43:53,0,,,12644690,13.232542,3205809,1.046013,1.914100,2727.000000,2391.935275,,0.586195,,4783.870605,
Sample,07/04/2023 12:43:58,0,,,12646353,13.213942,3205851,1.046027,1.913000,2728.699951,2393.372175,,0.586418,,4786.744141,
Sample,07/04/2023 12:44:03,0,,,12648070,13.194738,3205730,1.045987,1.959300,2727.399902,2392.273296,,0.585775,,4784.546387,
Sample,07/04/2023 12:44:08,0,,,12650360,13.169126,3206133,1.046120,1.953500,2729.000000,2393.625795,,0.587917,,4787.251465,
Sample,07/04/2023 12:44:13,0,9441434,5.817864,12651859,13.152361,3206224,1.046150,1.945600,2731.300049,2395.569934,,0.588401,,4791.139648,
Sample,07/04/2023 12:44:28,0,,,12651920,13.151679,3206105,1.046111,1.924000,2729.000000,2393.625795,,0.587768,,4787.251465,
Sample,07/04/2023 12:44:33,0,,,12650784,13.164384,3206051,1.046093,1.941600,2728.500000,2393.203165,,0.587481,,4786.406250,
Sample,07/04/2023 12:44:38,0,,,12651267,13.158982,3205932,1.046054,1.927700,2727.899902,2392.695926,,0.586849,,4785.392090,
Sample,07/04/2023 12:44:43,0,,,12651497,13.156410,3205994,1.046074,1.923800,2733.699951,2397.598475,,0.587178,,4795.196777,
Sample,07/04/2023 12:44:48,0,,,12652265,13.147820,3206008,1.046079,1.931400,2729.500000,2394.048425,,0.587253,,4788.096680,
Sample,07/04/2023 12:44:53,0,,,12652730,13.142620,3205634,1.045956,1.939200,2730.100098,2394.555663,,0.585264,,4789.111328,
Sample,07/04/2023 12:44:58,0,,,12653790,13.130764,3205939,1.046056,1.947300,2729.100098,2393.710403,,0.586886,,4787.420898,
Sample,07/04/2023 12:45:03,0,,,12654545,13.122320,3205868,1.046033,1.943400,2729.600098,2394.133033,,0.586509,,4788.266113,
Sample,07/04/2023 12:45:08,0,,,12654783,13.119659,3205879,1.046036,1.942900,2727.600098,2392.442513,,0.586567,,4784.885254,
Sample,07/04/2023 12:45:13,0,9441426,5.817820,12655007,13.117153,3205842,1.046024,1.946600,2731.399902,2395.654336,,0.586370,,4791.308594,
Sample,07/04/2023 12:45:28,0,,,12656615,13.099169,3206040,1.046089,1.965600,2730.600098,2394.978293,,0.587423,,4789.956543,
Sample,07/04/2023 12:45:33,0,,,12657252,13.092045,3206123,1.046117,1.956800,2729.300049,2393.879414,,0.587864,,4787.758789,
Sample,07/04/2023 12:45:38,0,,,12657481,13.089484,3206173,1.046133,1.965800,2730.199951,2394.640065,,0.588130,,4789.280273,
Sample,07/04/2023 12:45:43,0,,,12655816,13.108105,3206304,1.046176,1.937600,2731.699951,2395.907955,,0.588826,,4791.815918,
Sample,07/04/2023 12:45:48,0,,,12652973,13.139902,3205842,1.046024,1.946600,2730.000000,2394.471055,,0.586370,,4788.941895,
Sample,07/04/2023 12:45:53,0,,,12652081,13.149878,3206197,1.046141,1.942200,2733.899902,2397.767486,,0.588257,,4795.535156,
Sample,07/04/2023 12:45:58,0,,,12652678,13.143201,3205975,1.046068,1.946400,2732.800049,2396.837824,,0.587077,,4793.675781,
Sample,07/04/2023 12:46:03,0,,,12652789,13.141960,3206042,1.046090,1.956000,2730.699951,2395.062695,,0.587434,,4790.125488,
Sample,07/04/2023 12:46:08,0,,,12653507,13.133930,3206137,1.046121,1.961800,2730.800049,2395.147304,,0.587938,,4790.294434,
Sample,07/04/2023 12:46:13,0,9441418,5.817776,12653876,13.129803,3205945,1.046058,1.958800,2731.600098,2395.823553,,0.586918,,4791.646973,
Sample,07/04/2023 12:46:28,0,,,12653892,13.129624,3206119,1.046115,1.976700,2728.300049,2393.034154,,0.587843,,4786.068359,
Sample,07/04/2023 12:46:33,0,,,12652716,13.142776,3206192,1.046139,1.970300,2728.199951,2392.949545,,0.588231,,4785.898926,
Sample,07/04/2023 12:46:38,0,,,12651422,13.157249,3206156,1.046127,1.953800,2728.800049,2393.456784,,0.588039,,4786.913574,
Sample,07/04/2023 12:46:43,0,,,12650100,13.172034,3206121,1.046116,1.965400,2728.600098,2393.287773,,0.587853,,4786.575684,
Sample,07/04/2023 12:46:48,0,,,12649041,13.183878,3206160,1.046129,1.963700,2731.199951,2395.485325,,0.588061,,4790.970703,
Sample,07/04/2023 12:46:53,0,,,12648016,13.195342,3206226,1.046150,1.971200,2728.300049,2393.034154,,0.588411,,4786.068359,
Sample,07/04/2023 12:46:58,0,,,12647396,13.202276,3206218,1.046148,1.976600,2729.000000,2393.625795,,0.588369,,4787.251465,
Sample,07/04/2023 12:47:03,0,,,12646605,13.211123,3206175,1.046134,1.952100,2731.800049,2395.992564,,0.588140,,4791.985352,
Sample,07/04/2023 12:47:08,0,,,12645315,13.225551,3206244,1.046156,1.961500,2732.199951,2396.330585,,0.588507,,4792.661133,
Sample,07/04/2023 12:47:13,0,9441401,5.817683,12644156,13.238514,3206118,1.046115,1.973800,2729.699951,2394.217435,,0.587838,,4788.435059,
Sample,07/04/2023 12:47:28,0,,,12640673,13.277470,3206174,1.046133,1.951900,2733.100098,2397.091443,,0.588135,,4794.183105,
Sample,07/04/2023 12:47:33,0,,,12639824,13.286966,3206256,1.046160,1.947300,2733.199951,2397.175845,,0.588571,,4794.351562,
Sample,07/04/2023 12:47:38,0,,,12638698,13.299560,3206029,1.046086,1.969000,2729.600098,2394.133033,,0.587364,,4788.266113,
Sample,07/04/2023 12:47:43,0,,,12637805,13.309548,3206020,1.046083,1.954900,2735.800049,2399.373603,,0.587317,,4798.747070,
Sample,07/04/2023 12:47:48,0,,,12636608,13.322936,3206199,1.046142,1.953500,2731.899902,2396.076966,,0.588268,,4792.153809,
Sample,07/04/2023 12:47:53,0,,,12635237,13.338271,3206001,1.046077,1.968000,2728.800049,2393.456784,,0.587216,,4786.913574,
Sample,07/04/2023 12:47:58,0,,,12634534,13.346134,3206188,1.046138,1.950700,2730.399902,2394.809076,,0.588210,,4789.618164,
Sample,07/04/2023 12:48:03,0,,,12633695,13.355519,3206123,1.046117,1.968800,2730.399902,2394.809076,,0.587864,,4789.618164,
Sample,07/04/2023 12:48:08,0,,,12632820,13.365306,3205776,1.046003,1.982900,2728.399902,2393.118556,,0.586019,,4786.237305,
Sample,07/04/2023 12:48:13,0,9441379,5.817562,12632078,13.373605,3206000,1.046076,2.654000,2731.600098,2395.823553,,0.587210,,4791.646973,
Sample,07/04/2023 12:48:28,0,,,12630089,13.395853,3206088,1.046105,2.716500,2730.199951,2394.640065,,0.587678,,4789.280273,
Sample,07/04/2023 12:48:33,0,,,12629326,13.404387,3206007,1.046078,2.678700,2733.800049,2397.683083,,0.587248,,4795.366211,
Sample,07/04/2023 12:48:38,0,,,12628229,13.416658,3206076,1.046101,2.593400,2732.800049,2396.837824,,0.587614,,4793.675781,
Sample,07/04/2023 12:48:43,0,,,12627539,13.424376,3206168,1.046131,2.607800,2731.500000,2395.738944,,0.588103,,4791.478027,
Sample,07/04/2023 12:48:48,0,,,12626655,13.434264,3206029,1.046086,2.549500,2731.000000,2395.316314,,0.587364,,4790.632812,
Sample,07/04/2023 12:48:53,0,,,12625753,13.444354,3205906,1.046045,2.427300,2733.399902,2397.344856,,0.586711,,4794.689941,
Sample,07/04/2023 12:48:58,0,,,12624400,13.459488,3206105,1.046111,2.354200,2734.500000,2398.274724,,0.587768,,4796.549316,
Sample,07/04/2023 12:49:03,0,,,12623638,13.468012,3205957,1.046062,2.257000,2733.899902,2397.767486,,0.586982,,4795.535156,
Sample,07/04/2023 12:49:08,0,,,12622832,13.477028,3205961,1.046063,2.256100,2733.600098,2397.514073,,0.587003,,4795.028320,
Sample,07/04/2023 12:49:13,0,9441368,5.817501,12622283,13.483169,3205750,1.045994,2.227800,2736.800049,2400.218863,,0.585881,,4800.437500,
Sample,07/04/2023 12:49:28,0,,,12620452,13.503651,3206062,1.046097,3.904600,2754.199951,2414.926303,,0.587540,,4829.852539,
Sample,07/04/2023 12:49:33,0,,,12619838,13.510519,3205938,1.046056,3.145600,2739.000000,2402.078394,,0.586881,,4804.156738,
Sample,07/04/2023 12:49:38,0,,,12619173,13.517958,3206051,1.046093,3.318300,2741.899902,2404.529565,,0.587481,,4809.059082,
Sample,07/04/2023 12:49:43,0,,,12618539,13.525050,3205882,1.046037,3.182800,2742.800049,2405.290423,,0.586583,,4810.581055,
Sample,07/04/2023 12:49:48,0,,,12617490,13.536785,3206059,1.046096,3.348300,2737.500000,2400.810504,,0.587524,,4801.621094,
Sample,07/04/2023 12:49:53,0,,,12617093,13.541226,3206218,1.046148,3.341200,2744.699951,2406.896334,,0.588369,,4813.792480,
Sample,07/04/2023 12:49:58,0,,,12616084,13.552513,3206127,1.046118,3.347400,2745.500000,2407.572583,,0.587885,,4815.145020,
Sample,07/04/2023 12:50:03,0,,,12615864,13.554974,3206024,1.046084,3.308500,2741.199951,2403.937924,,0.587338,,4807.875977,
Sample,07/04/2023 12:50:08,0,,,12615312,13.561149,3206023,1.046084,3.331500,2743.199951,2405.628444,,0.587333,,4811.256836,
Sample,07/04/2023 12:50:13,0,9441371,5.817518,12614057,13.575189,3205989,1.046073,3.311300,2744.199951,2406.473704,,0.587152,,4812.947266,
Sample,07/04/2023 12:50:28,0,,,12611869,13.599666,3205759,1.045997,3.299500,2744.000000,2406.304693,,0.585929,,4812.609375,
Sample,07/04/2023 12:50:33,0,,,12611626,13.602384,3206129,1.046119,3.298800,2743.300049,2405.713053,,0.587896,,4811.426270,
Sample,07/04/2023 12:50:38,0,,,12611004,13.609343,3206020,1.046083,3.306500,2744.600098,2406.811932,,0.587317,,4813.624023,
Sample,07/04/2023 12:50:43,0,,,12610757,13.612106,3205842,1.046024,3.321800,2748.800049,2410.361982,,0.586370,,4820.724121,
Sample,07/04/2023 12:50:48,0,,,12610308,13.617129,3206119,1.046115,3.325300,2741.800049,2404.445163,,0.587843,,4808.890137,
Sample,07/04/2023 12:50:53,0,,,12609737,13.623517,3205863,1.046031,3.312100,2741.600098,2404.276152,,0.586482,,4808.552246,
Sample,07/04/2023 12:50:58,0,,,12608779,13.634235,3205859,1.046030,3.332200,2739.100098,2402.163002,,0.586461,,4804.326172,
Sample,07/04/2023 12:51:03,0,,,12607689,13.646429,3205796,1.046009,3.335800,2740.800049,2403.599903,,0.586126,,4807.199707,
Sample,07/04/2023 12:51:08,0,,,12607048,13.653600,3205738,1.045990,3.329000,2743.399902,2405.797455,,0.585817,,4811.594727,
Sample,07/04/2023 12:51:13,0,9441356,5.817435,12606603,13.658579,3205804,1.046012,3.331900,2741.699951,2404.360554,,0.586168,,4808.721191,
Sample,07/04/2023 12:51:28,0,,,12605874,13.666735,3205703,1.045979,3.310100,2744.100098,2406.389302,,0.585631,,4812.778809,
Sample,07/04/2023 12:51:33,0,,,12605431,13.671691,3205823,1.046018,3.355300,2739.699951,2402.670034,,0.586269,,4805.339844,
Sample,07/04/2023 12:51:38,0,,,12604909,13.677531,3205748,1.045993,3.202100,2741.300049,2404.022533,,0.585870,,4808.044922,
Sample,07/04/2023 12:51:43,0,,,12604928,13.677318,3205644,1.045959,3.349200,2742.899902,2405.374825,,0.585317,,4810.749512,
Sample,07/04/2023 12:51:48,0,,,12604846,13.678236,3205668,1.045967,3.331800,2740.699951,2403.515294,,0.585445,,4807.030762,
Sample,07/04/2023 12:51:53,0,,,12604419,13.683013,3205675,1.045969,3.320600,2743.000000,2405.459433,,0.585482,,4810.918945,
Sample,07/04/2023 12:51:58,0,,,12603906,13.688753,3205598,1.045944,3.331600,2742.300049,2404.867793,,0.585073,,4809.735352,
Sample,07/04/2023 12:52:03,0,,,12603058,13.698240,3205729,1.045987,3.343700,2742.899902,2405.374825,,0.585769,,4810.749512,
Sample,07/04/2023 12:52:08,0,,,12602532,13.704125,3205498,1.045911,3.338700,2742.800049,2405.290423,,0.584541,,4810.581055,
Sample,07/04/2023 12:52:13,0,9441348,5.817391,12602596,13.703409,3205522,1.045919,3.337100,2744.199951,2406.473704,,0.584668,,4812.947266,
Sample,07/04/2023 12:52:28,0,,,12599926,13.733282,3205548,1.045928,3.334900,2742.899902,2405.374825,,0.584807,,4810.749512,
Sample,07/04/2023 12:52:33,0,,,12599430,13.738832,3205493,1.045910,3.332200,2742.500000,2405.036803,,0.584514,,4810.073730,
Sample,07/04/2023 12:52:38,0,,,12599432,13.738809,3205523,1.045919,3.340100,2742.199951,2404.783184,,0.584674,,4809.566406,
Sample,07/04/2023 12:52:43,0,,,12598821,13.745646,3205539,1.045925,3.366500,2744.000000,2406.304693,,0.584759,,4812.609375,
Sample,07/04/2023 12:52:48,0,,,12597647,13.758781,3205451,1.045896,3.331600,2745.699951,2407.741594,,0.584291,,4815.483398,
Sample,07/04/2023 12:52:53,0,,,12597068,13.765260,3205654,1.045962,3.316200,2747.000000,2408.840473,,0.585370,,4817.681152,
Sample,07/04/2023 12:52:58,0,,,12597007,13.765942,3205512,1.045916,3.349200,2746.699951,2408.586854,,0.584615,,4817.173828,
Sample,07/04/2023 12:53:03,0,,,12597088,13.765036,3205563,1.045933,3.327700,2743.199951,2405.628444,,0.584886,,4811.256836,
Sample,07/04/2023 12:53:08,0,,,12595952,13.777747,3205629,1.045954,3.332200,2743.600098,2405.966672,,0.585238,,4811.933105,
Sample,07/04/2023 12:53:13,0,9441338,5.817336,12595381,13.784136,3205556,1.045930,3.372700,2742.600098,2405.121412,,0.584849,,4810.242676,
Sample,07/04/2023 12:53:28,0,,,12593564,13.804466,3205443,1.045893,3.370700,2749.199951,2410.700003,,0.584248,,4821.399902,
Sample,07/04/2023 12:53:33,0,,,12593277,13.807678,3205333,1.045857,3.361800,2748.399902,2410.023754,,0.583663,,4820.047363,
Sample,07/04/2023 12:53:38,0,,,12592886,13.812053,3205375,1.045871,3.391500,2746.199951,2408.164224,,0.583886,,4816.328613,
Sample,07/04/2023 12:53:43,0,,,12593063,13.810072,3205379,1.045872,3.360700,2744.300049,2406.558312,,0.583907,,4813.116699,
Sample,07/04/2023 12:53:48,0,,,12592582,13.815455,3205198,1.045813,3.395100,2747.399902,2409.178494,,0.582944,,4818.356934,
Sample,07/04/2023 12:53:53,0,,,12591990,13.822079,3205351,1.045863,3.335200,2742.000000,2404.614173,,0.583758,,4809.228516,
Sample,07/04/2023 12:53:58,0,,,12590817,13.835204,3205481,1.045906,3.290300,2744.300049,2406.558312,,0.584450,,4813.116699,
Sample,07/04/2023 12:54:03,0,,,12590452,13.839289,3205119,1.045787,3.264800,2744.300049,2406.558312,,0.582524,,4813.116699,
Sample,07/04/2023 12:54:08,0,,,12589545,13.849438,3205523,1.045919,3.221900,2746.500000,2408.417843,,0.584674,,4816.835449,
Sample,07/04/2023 12:54:13,0,9441320,5.817237,12589316,13.852001,3205266,1.045835,3.264700,2743.399902,2405.797455,,0.583306,,4811.594727,
Sample,07/04/2023 12:54:28,0,,,12587484,13.872501,3205360,1.045866,3.237100,2741.399902,2404.106935,,0.583806,,4808.213867,
Sample,07/04/2023 12:54:33,0,,,12586873,13.879338,3205251,1.045830,3.240700,2742.699951,2405.205814,,0.583226,,4810.411621,
Sample,07/04/2023 12:54:38,0,,,12586670,13.881610,3205154,1.045798,3.216700,2745.899902,2407.910604,,0.582710,,4815.821289,
Sample,07/04/2023 12:54:43,0,,,12586145,13.887485,3205220,1.045820,3.230100,2747.300049,2409.094092,,0.583061,,4818.187988,
Sample,07/04/2023 12:54:48,0,,,12585811,13.891223,3205038,1.045760,3.224400,2754.199951,2414.926303,,0.582092,,4829.852539,
Sample,07/04/2023 12:54:53,0,,,12584914,13.901261,3205152,1.045797,3.269800,2743.100098,2405.544042,,0.582699,,4811.087891,
Sample,07/04/2023 12:54:58,0,,,12583854,13.913123,3205185,1.045808,3.247700,2739.399902,2402.416415,,0.582875,,4804.833008,
Sample,07/04/2023 12:55:03,0,,,12583732,13.914488,3205186,1.045809,3.254800,2739.800049,2402.754643,,0.582880,,4805.509277,
Sample,07/04/2023 12:55:08,0,,,12583932,13.912250,3205094,1.045778,3.230500,2741.199951,2403.937924,,0.582390,,4807.875977,
Sample,07/04/2023 12:55:13,0,9441306,5.817160,12584320,13.907908,3205204,1.045815,3.224000,2739.300049,2402.332013,,0.582976,,4804.664062,
Sample,07/04/2023 12:55:28,0,,,12583879,13.912843,3205089,1.045777,3.270300,2738.800049,2401.909383,,0.582364,,4803.818848,
Sample,07/04/2023 12:55:33,0,,,12583068,13.921919,3204956,1.045733,3.247400,2741.899902,2404.529565,,0.581656,,4809.059082,
Sample,07/04/2023 12:55:38,0,,,12582692,13.926127,3205130,1.045790,3.236400,2739.899902,2402.839045,,0.582582,,4805.678223,
Sample,07/04/2023 12:55:43,0,,,12582185,13.931801,3205065,1.045769,3.241200,2737.600098,2400.895112,,0.582236,,4801.790039,
Sample,07/04/2023 12:55:48,0,,,12581530,13.939131,3204944,1.045729,3.247400,2742.600098,2405.121412,,0.581592,,4810.242676,
Sample,07/04/2023 12:55:53,0,,,12581537,13.939053,3204976,1.045740,3.231300,2738.000000,2401.233134,,0.581762,,4802.466309,
Sample,07/04/2023 12:55:58,0,,,12580652,13.948957,3204965,1.045736,3.230500,2744.600098,2406.811932,,0.581704,,4813.624023,
Sample,07/04/2023 12:56:03,0,,,12580611,13.949416,3204753,1.045666,3.248500,2739.500000,2402.501024,,0.580574,,4805.001953,
Sample,07/04/2023 12:56:08,0,,,12579916,13.957194,3204984,1.045742,3.228800,2746.399902,2408.333234,,0.581805,,4816.666504,
Sample,07/04/2023 12:56:13,0,9441299,5.817122,12579400,13.962969,3205065,1.045769,3.254200,2742.600098,2405.121412,,0.582236,,4810.242676,
Sample,07/04/2023 12:56:28,0,,,12579432,13.962611,3204895,1.045713,3.251100,2738.699951,2401.824774,,0.581331,,4803.649414,
Sample,07/04/2023 12:56:33,0,,,12579588,13.960865,3204836,1.045694,3.247100,2737.100098,2400.472482,,0.581016,,4800.944824,
Sample,07/04/2023 12:56:38,0,,,12579100,13.966326,3204969,1.045737,3.230100,2739.399902,2402.416415,,0.581725,,4804.833008,
Sample,07/04/2023 12:56:43,0,,,12579338,13.963663,3204918,1.045721,3.245600,2739.199951,2402.247404,,0.581453,,4804.494629,
Sample,07/04/2023 12:56:48,0,,,12578973,13.967748,3204900,1.045715,3.159000,2739.500000,2402.501024,,0.581357,,4805.001953,
Sample,07/04/2023 12:56:53,0,,,12579621,13.960495,3204806,1.045684,3.182900,2737.899902,2401.148525,,0.580857,,4802.296875,
Sample,07/04/2023 12:56:58,0,,,12580246,13.953501,3204750,1.045665,3.268800,2739.000000,2402.078394,,0.580558,,4804.156738,
Sample,07/04/2023 12:57:03,0,,,12580111,13.955012,3204734,1.045660,3.262500,2740.300049,2403.177273,,0.580473,,4806.354492,
Sample,07/04/2023 12:57:08,0,,,12579403,13.962935,3204810,1.045685,3.093100,2742.699951,2405.205814,,0.580878,,4810.411621,
Sample,07/04/2023 12:57:13,0,9441286,5.817050,12577724,13.981726,3204763,1.045670,3.059500,2744.100098,2406.389302,,0.580628,,4812.778809,
Sample,07/04/2023 12:57:28,0,,,12576143,13.999421,3204708,1.045652,3.484500,2755.800049,2416.278801,,0.580335,,4832.557617,
Sample,07/04/2023 12:57:33,0,,,12577035,13.989437,3204817,1.045687,3.472100,2755.800049,2416.278801,,0.580915,,4832.557617,
Sample,07/04/2023 12:57:38,0,,,12580077,13.955392,3204809,1.045685,3.498700,2759.500000,2419.406222,,0.580873,,4838.812500,
Sample,07/04/2023 12:57:43,0,,,12582608,13.927067,3204712,1.045653,3.524100,2758.699951,2418.729973,,0.580356,,4837.459961,
Sample,07/04/2023 12:57:48,0,,,12585605,13.893528,3204767,1.045671,3.498100,2760.899902,2420.589503,,0.580649,,4841.179199,
Sample,07/04/2023 12:57:53,0,,,12587408,13.873351,3204689,1.045645,3.639000,2759.699951,2419.575232,,0.580233,,4839.150391,
Sample,07/04/2023 12:57:58,0,,,12588620,13.859789,3204676,1.045641,3.668300,2755.699951,2416.194193,,0.580164,,4832.388184,
Sample,07/04/2023 12:58:03,0,,,12589611,13.848699,3204521,1.045590,3.487900,2753.600098,2414.419271,,0.579338,,4828.838379,
Sample,07/04/2023 12:58:08,0,,,12591642,13.825973,3204803,1.045683,3.478200,2752.800049,2413.743022,,0.580841,,4827.485840,
Sample,07/04/2023 12:58:13,0,9441271,5.816968,12594953,13.788924,3204703,1.045650,3.679200,2752.600098,2413.574011,,0.580308,,4827.147949,
Sample,07/04/2023 12:58:28,0,,,12596335,13.773461,3204621,1.045623,3.646400,2749.399902,2410.869014,,0.579871,,4821.737793,
Sample,07/04/2023 12:58:33,0,,,12594313,13.796086,3204785,1.045677,3.644900,2746.800049,2408.671462,,0.580745,,4817.342773,
Sample,07/04/2023 12:58:38,0,,,12592432,13.817133,3204787,1.045677,3.518900,2745.000000,2407.149953,,0.580755,,4814.299805,
Sample,07/04/2023 12:58:43,0,,,12591568,13.826801,3204747,1.045664,3.534100,2742.000000,2404.614173,,0.580542,,4809.228516,
Sample,07/04/2023 12:58:48,0,,,12591397,13.828714,3204628,1.045625,3.556400,2741.300049,2404.022533,,0.579908,,4808.044922,
Sample,07/04/2023 12:58:53,0,,,12590998,13.833179,3204747,1.045664,3.562900,2742.000000,2404.614173,,0.580542,,4809.228516,
Sample,07/04/2023 12:58:58,0,,,12591605,13.826387,3204756,1.045667,3.578600,2744.399902,2406.642715,,0.580590,,4813.285645,
Sample,07/04/2023 12:59:03,0,,,12591832,13.823847,3204775,1.045674,3.555800,2743.500000,2405.882063,,0.580692,,4811.764160,
Sample,07/04/2023 12:59:08,0,,,12592847,13.812489,3204763,1.045670,3.525300,2745.100098,2407.234562,,0.580628,,4814.469238,
Sample,07/04/2023 12:59:13,0,9441256,5.816885,12592851,13.812445,3204844,1.045696,3.523900,2745.399902,2407.487975,,0.581059,,4814.976074,
Sample,07/04/2023 12:59:28,0,,,12590963,13.833571,3204729,1.045658,3.528700,2744.600098,2406.811932,,0.580446,,4813.624023,
Sample,07/04/2023 12:59:33,0,,,12590090,13.843339,3204714,1.045653,3.527900,2741.699951,2404.360554,,0.580367,,4808.721191,
Sample,07/04/2023 12:59:38,0,,,12589604,13.848778,3204802,1.045682,3.536700,2744.100098,2406.389302,,0.580835,,4812.778809,
Sample,07/04/2023 12:59:43,0,,,12589404,13.851016,3204624,1.045624,3.540000,2740.500000,2403.346284,,0.579887,,4806.692383,
Sample,07/04/2023 12:59:48,0,,,12588707,13.858815,3204854,1.045699,3.532200,2742.399902,2404.952195,,0.581112,,4809.904297,
Sample,07/04/2023 12:59:53,0,,,12587894,13.867913,3204635,1.045628,3.485600,2743.699951,2406.051074,,0.579946,,4812.102051,
Sample,07/04/2023 12:59:58,0,,,12586960,13.878365,3204601,1.045616,3.511200,2744.800049,2406.980942,,0.579764,,4813.961914,
Sample,07/04/2023 13:00:03,0,,,12585933,13.889857,3204614,1.045621,3.502300,2743.500000,2405.882063,,0.579834,,4811.764160,
Sample,07/04/2023 13:00:08,0,,,12585087,13.899325,3204777,1.045674,3.500200,2743.899902,2406.220085,,0.580702,,4812.439941,
Sample,07/04/2023 13:00:13,0,9441249,5.816847,12584391,13.907113,3204588,1.045612,3.489900,2745.600098,2407.657192,,0.579695,,4815.314453,
Sample,07/04/2023 13:00:28,0,,,12583119,13.921348,3204732,1.045659,3.515100,2742.800049,2405.290423,,0.580462,,4810.581055,
Sample,07/04/2023 13:00:33,0,,,12582664,13.926440,3204630,1.045626,3.501700,2742.300049,2404.867793,,0.579919,,4809.735352,
Sample,07/04/2023 13:00:38,0,,,12582264,13.930917,3204857,1.045700,3.494400,2743.300049,2405.713053,,0.581128,,4811.426270,
Sample,07/04/2023 13:00:43,0,,,12582048,13.933334,3204670,1.045639,3.492400,2741.600098,2404.276152,,0.580132,,4808.552246,
Sample,07/04/2023 13:00:48,0,,,12581760,13.936557,3204929,1.045724,3.521500,2742.800049,2405.290423,,0.581512,,4810.581055,
Sample,07/04/2023 13:00:53,0,,,12581513,13.939321,3204753,1.045666,3.503000,2745.399902,2407.487975,,0.580574,,4814.976074,
Sample,07/04/2023 13:00:58,0,,,12580929,13.945857,3204720,1.045655,3.483800,2746.500000,2408.417843,,0.580399,,4816.835449,
Sample,07/04/2023 13:01:03,0,,,12580643,13.949058,3204665,1.045637,3.486800,2744.199951,2406.473704,,0.580105,,4812.947266,
Sample,07/04/2023 13:01:08,0,,,12580997,13.945096,3204835,1.045693,3.509400,2742.500000,2405.036803,,0.581011,,4810.073730,
Sample,07/04/2023 13:01:13,0,9441235,5.816770,12581864,13.935393,3204726,1.045657,3.483500,2741.500000,2404.191543,,0.580430,,4808.383301,
Sample,07/04/2023 13:01:28,0,,,12581632,13.937989,3204705,1.045651,3.566400,2746.399902,2408.333234,,0.580319,,4816.666504,
Sample,07/04/2023 13:01:33,0,,,12581370,13.940922,3204784,1.045676,3.582900,2745.199951,2407.318964,,0.580739,,4814.637695,
Sample,07/04/2023 13:01:38,0,,,12581379,13.940821,3204934,1.045726,3.605500,2744.399902,2406.642715,,0.581538,,4813.285645,
Sample,07/04/2023 13:01:43,0,,,12581039,13.944626,3204732,1.045659,3.550600,2744.199951,2406.473704,,0.580462,,4812.947266,
Sample,07/04/2023 13:01:48,0,,,12580186,13.954172,3204813,1.045686,3.514100,2744.000000,2406.304693,,0.580894,,4812.609375,
Sample,07/04/2023 13:01:53,0,,,12579685,13.959779,3204912,1.045719,3.524800,2741.899902,2404.529565,,0.581421,,4809.059082,
Sample,07/04/2023 13:01:58,0,,,12579526,13.961559,3204624,1.045624,3.550700,2741.500000,2404.191543,,0.579887,,4808.383301,
Sample,07/04/2023 13:02:03,0,,,12579975,13.956534,3204771,1.045672,3.549900,2740.899902,2403.684305,,0.580670,,4807.368652,
Sample,07/04/2023 13:02:08,0,,,12580420,13.951553,3204924,1.045723,3.512500,2740.399902,2403.261675,,0.581485,,4806.523438,
Sample,07/04/2023 13:02:13,0,9441213,5.816649,12580538,13.950233,3204720,1.045655,3.517400,2740.600098,2403.430892,,0.580399,,4806.861816,
Sample,07/04/2023 13:02:28,0,,,12582108,13.932662,3204700,1.045649,3.548600,2741.399902,2404.106935,,0.580292,,4808.213867,
Sample,07/04/2023 13:02:33,0,,,12581655,13.937732,3204757,1.045668,3.528500,2741.699951,2404.360554,,0.580596,,4808.721191,
Sample,07/04/2023 13:02:38,0,,,12581477,13.939724,3204866,1.045703,3.523700,2740.100098,2403.008262,,0.581176,,4806.016602,
Sample,07/04/2023 13:02:43,0,,,12581579,13.938583,3204701,1.045649,3.532900,2739.500000,2402.501024,,0.580297,,4805.001953,
Sample,07/04/2023 13:02:48,0,,,12581845,13.935606,3204745,1.045664,3.528700,2740.399902,2403.261675,,0.580532,,4806.523438,
Sample,07/04/2023 13:02:53,0,,,12581880,13.935214,3204694,1.045647,3.549900,2741.000000,2403.768914,,0.580260,,4807.537598,
Sample,07/04/2023 13:02:58,0,,,12582353,13.929921,3204749,1.045665,3.524900,2737.800049,2401.064123,,0.580553,,4802.128418,
Sample,07/04/2023 13:03:03,0,,,12582932,13.923441,3204764,1.045670,3.559900,2741.800049,2404.445163,,0.580633,,4808.890137,
Sample,07/04/2023 13:03:08,0,,,12582604,13.927112,3204859,1.045701,3.461600,2743.500000,2405.882063,,0.581139,,4811.764160,
Sample,07/04/2023 13:03:13,0,9441199,5.816572,12582927,13.923497,3204832,1.045692,3.539900,2741.800049,2404.445163,,0.580995,,4808.890137,
Sample,07/04/2023 13:03:28,0,,,12583727,13.914544,3204572,1.045607,3.518500,2740.300049,2403.177273,,0.579610,,4806.354492,
Sample,07/04/2023 13:03:33,0,,,12582778,13.925164,3204709,1.045652,3.533500,2742.500000,2405.036803,,0.580340,,4810.073730,
Sample,07/04/2023 13:03:38,0,,,12582692,13.926127,3204867,1.045704,3.367200,2744.000000,2406.304693,,0.581182,,4812.609375,
Sample,07/04/2023 13:03:43,0,,,12581346,13.941190,3204610,1.045619,2.363200,2741.600098,2404.276152,,0.579812,,4808.552246,
Sample,07/04/2023 13:03:48,0,,,12581652,13.937766,3204777,1.045674,2.406100,2741.300049,2404.022533,,0.580702,,4808.044922,
Sample,07/04/2023 13:03:53,0,,,12582061,13.933188,3204746,1.045664,2.466000,2740.699951,2403.515294,,0.580537,,4807.030762,
Sample,07/04/2023 13:03:58,0,,,12581379,13.940821,3204484,1.045578,2.343000,2740.199951,2403.092664,,0.579141,,4806.185547,
Sample,07/04/2023 13:04:03,0,,,12581361,13.941022,3204634,1.045627,2.434700,2741.399902,2404.106935,,0.579940,,4808.213867,
Sample,07/04/2023 13:04:08,0,,,12580529,13.950334,3204807,1.045684,2.436500,2744.399902,2406.642715,,0.580862,,4813.285645,
Sample,07/04/2023 13:04:13,0,9441188,5.816511,12579214,13.965050,3204669,1.045639,2.506400,2742.800049,2405.290423,,0.580127,,4810.581055,
Sample,07/04/2023 13:04:28,0,,,12581913,13.934845,3204409,1.045553,2.595200,2745.100098,2407.234562,,0.578741,,4814.469238,
Sample,07/04/2023 13:04:33,0,,,12581701,13.937217,3204704,1.045650,2.684300,2744.500000,2406.727323,,0.580313,,4813.454590,
Sample,07/04/2023 13:04:38,0,,,12582264,13.930917,3204579,1.045609,2.625200,2746.100098,2408.079822,,0.579647,,4816.159668,
Sample,07/04/2023 13:04:43,0,,,12582106,13.932685,3204493,1.045581,2.579300,2742.899902,2405.374825,,0.579189,,4810.749512,
Sample,07/04/2023 13:04:48,0,,,12582698,13.926060,3204548,1.045599,2.557300,2744.899902,2407.065345,,0.579482,,4814.130859,
Sample,07/04/2023 13:04:53,0,,,12583226,13.920151,3204637,1.045628,2.600100,2743.600098,2405.966672,,0.579956,,4811.933105,
Sample,07/04/2023 13:04:58,0,,,12583077,13.921818,3204537,1.045595,2.566700,2745.000000,2407.149953,,0.579423,,4814.299805,
Sample,07/04/2023 13:05:03,0,,,12584075,13.910650,3204649,1.045632,2.544500,2744.699951,2406.896334,,0.580020,,4813.792480,
Sample,07/04/2023 13:05:08,0,,,12584211,13.909128,3204840,1.045695,2.512500,2743.699951,2406.051074,,0.581038,,4812.102051,
Sample,07/04/2023 13:05:13,0,9441178,5.816456,12584170,13.909587,3204837,1.045694,2.538200,2745.000000,2407.149953,,0.581022,,4814.299805,
Sample,07/04/2023 13:05:28,0,,,12579585,13.960898,3204501,1.045583,2.681600,2749.800049,2411.207242,,0.579232,,4822.414551,
Sample,07/04/2023 13:05:33,0,,,12579430,13.962633,3204728,1.045658,2.616400,2743.000000,2405.459433,,0.580441,,4810.918945,
Sample,07/04/2023 13:05:38,0,,,12579197,13.965241,3204610,1.045619,3.295000,2750.500000,2411.798883,,0.579812,,4823.597656,
Sample,07/04/2023 13:05:43,0,,,12578185,13.976567,3204600,1.045616,3.343800,2754.199951,2414.926303,,0.579759,,4829.852539,
Sample,07/04/2023 13:05:48,0,,,12577629,13.982789,3204452,1.045567,3.370600,2751.399902,2412.559534,,0.578970,,4825.119141,
Sample,07/04/2023 13:05:53,0,,,12577525,13.983953,3204787,1.045677,3.435800,2752.899902,2413.827424,,0.580755,,4827.654785,
Sample,07/04/2023 13:05:58,0,,,12578346,13.974765,3204546,1.045598,3.574600,2752.699951,2413.658413,,0.579471,,4827.316895,
Sample,07/04/2023 13:06:03,0,,,12578273,13.975582,3204609,1.045619,3.537200,2752.000000,2413.066772,,0.579807,,4826.133789,
Sample,07/04/2023 13:06:08,0,,,12577902,13.979734,3204616,1.045621,3.509900,2752.000000,2413.066772,,0.579844,,4826.133789,
Sample,07/04/2023 13:06:13,0,9441161,5.816363,12576920,13.990725,3204709,1.045652,3.522100,2755.800049,2416.278801,,0.580340,,4832.557617,
Sample,07/04/2023 13:06:28,0,,,12580205,13.953960,3204569,1.045606,3.499900,2752.300049,2413.320392,,0.579594,,4826.640625,
Sample,07/04/2023 13:06:33,0,,,12581422,13.940340,3204551,1.045600,3.547700,2751.899902,2412.982164,,0.579498,,4825.964355,
Sample,07/04/2023 13:06:38,0,,,12582538,13.927850,3204750,1.045665,3.472400,2748.600098,2410.192971,,0.580558,,4820.385742,
Sample,07/04/2023 13:06:43,0,,,12581684,13.937408,3204446,1.045565,3.473100,2750.800049,2412.052502,,0.578938,,4824.104980,
Sample,07/04/2023 13:06:48,0,,,12581241,13.942365,3204416,1.045556,3.558400,2749.399902,2410.869014,,0.578778,,4821.737793,
Sample,07/04/2023 13:06:53,0,,,12580414,13.951621,3204713,1.045653,3.726800,2752.000000,2413.066772,,0.580361,,4826.133789,
Sample,07/04/2023 13:06:58,0,,,12579501,13.961838,3204449,1.045566,3.765800,2752.500000,2413.489402,,0.578954,,4826.979004,
Sample,07/04/2023 13:07:03,0,,,12579768,13.958850,3204580,1.045609,3.820400,2749.899902,2411.291644,,0.579653,,4822.583496,
Sample,07/04/2023 13:07:08,0,,,12578653,13.971329,3204536,1.045595,3.835700,2755.399902,2415.940574,,0.579418,,4831.881348,
Sample,07/04/2023 13:07:13,0,9441141,5.816253,12577045,13.989326,3204654,1.045634,3.829000,2757.199951,2417.462083,,0.580047,,4834.924316,
Sample,07/04/2023 13:07:28,0,,,12577658,13.982465,3207108,1.046440,1.802700,-536.200012,1.470910,,0.593094,,2.941819,
Sample,07/04/2023 13:07:33,0,,,12577823,13.980618,3206563,1.046261,0.251100,3166.600098,2763.511612,,0.590202,,5527.023438,
Sample,07/04/2023 13:07:38,0,,,12581388,13.940720,3206511,1.046244,0.055000,3287.399902,2865.618843,,0.589925,,5731.237793,
Sample,07/04/2023 13:07:43,0,,,12594795,13.790692,3207334,1.046515,0.106300,3202.500000,2793.856360,,0.594293,,5587.712891,
Sample,07/04/2023 13:07:48,0,,,12622338,13.482553,3206650,1.046290,1.871900,-537.200012,1.527816,,0.590664,,3.055632,
Sample,07/04/2023 13:07:53,0,,,12624304,13.460562,3205533,1.045923,0.579200,3166.300049,2763.257992,,0.584727,,5526.516113,
Sample,07/04/2023 13:07:58,0,,,12624607,13.457172,3204420,1.045557,1.948200,2734.899902,2398.612746,,0.578800,,4797.225586,
Sample,07/04/2023 13:08:03,0,,,12615629,13.557603,3205352,1.045863,1.972800,2732.899902,2396.922226,,0.583764,,4793.844238,
Sample,07/04/2023 13:08:08,0,,,12609273,13.628708,3205052,1.045765,1.991200,2729.000000,2393.625795,,0.582167,,4787.251465,
Sample,07/04/2023 13:08:13,0,9441093,5.815989,12605416,13.671859,3204865,1.045703,2.003800,2729.699951,2394.217435,,0.581171,,4788.435059,
Sample,07/04/2023 13:08:28,0,,,12596242,13.774502,3204542,1.045597,2.009300,2732.399902,2396.499596,,0.579450,,4792.999023,
Sample,07/04/2023 13:08:33,0,,,12594645,13.792371,3205050,1.045764,2.033200,2733.100098,2397.091443,,0.582156,,4794.183105,
Sample,07/04/2023 13:08:38,0,,,12593436,13.805899,3204464,1.045571,2.437300,2744.199951,2406.473704,,0.579034,,4812.947266,
Sample,07/04/2023 13:08:43,0,,,12591378,13.828927,3204254,1.045502,2.461900,2741.399902,2404.106935,,0.577915,,4808.213867,
Sample,07/04/2023 13:08:48,0,,,12589383,13.851251,3204418,1.045556,2.458500,2734.800049,2398.528343,,0.578789,,4797.056641,
Sample,07/04/2023 13:08:53,0,,,12588366,13.862631,3204743,1.045663,2.465200,2735.100098,2398.781963,,0.580521,,4797.563965,
Sample,07/04/2023 13:08:58,0,,,12587361,13.873877,3204196,1.045483,2.431200,2735.699951,2399.288995,,0.577606,,4798.578125,
Sample,07/04/2023 13:09:03,0,,,12586232,13.886511,3204742,1.045663,2.326600,2737.300049,2400.641493,,0.580516,,4801.283203,
Sample,07/04/2023 13:09:08,0,,,12584757,13.903018,3204787,1.045677,2.208500,2737.199951,2400.556885,,0.580755,,4801.113770,
Sample,07/04/2023 13:09:13,0,9441202,5.816588,12582864,13.924202,3204691,1.045646,2.209900,2737.699951,2400.979515,,0.580244,,4801.958984,
Sample,07/04/2023 13:09:28,0,,,12578657,13.971284,3204344,1.045532,2.197000,2736.600098,2400.049852,,0.578395,,4800.099609,
Sample,07/04/2023 13:09:33,0,,,12577530,13.983897,3205013,1.045752,2.207800,2735.699951,2399.288995,,0.581959,,4798.578125,
Sample,07/04/2023 13:09:38,0,,,12577113,13.988565,3204652,1.045633,2.197600,2735.800049,2399.373603,,0.580036,,4798.747070,
Sample,07/04/2023 13:09:43,0,,,12576601,13.994295,3204780,1.045675,2.200700,2735.699951,2399.288995,,0.580718,,4798.578125,
Sample,07/04/2023 13:09:48,0,,,12575897,14.002174,3204678,1.045642,2.210300,2736.100098,2399.627223,,0.580175,,4799.254395,
Sample,07/04/2023 13:09:53,0,,,12575982,14.001223,3204867,1.045704,2.212600,2736.500000,2399.965244,,0.581182,,4799.930664,
Sample,07/04/2023 13:09:58,0,,,12575954,14.001536,3204359,1.045537,2.218300,2735.300049,2398.950973,,0.578475,,4797.901855,
Sample,07/04/2023 13:10:03,0,,,12574090,14.022399,3205114,1.045785,2.206700,2735.000000,2398.697354,,0.582497,,4797.394531,
Sample,07/04/2023 13:10:08,0,,,12572623,14.038818,3204861,1.045702,2.211700,2735.800049,2399.373603,,0.581150,,4798.747070,
Sample,07/04/2023 13:10:13,0,9441198,5.816566,12573627,14.027581,3204696,1.045648,2.030000,2735.100098,2398.781963,,0.580271,,4797.563965,
Sample,07/04/2023 13:10:28,0,,,12570879,14.058339,3204690,1.045646,2.024900,2734.199951,2398.021105,,0.580239,,4796.041992,
Sample,07/04/2023 13:10:33,0,,,12569936,14.068894,3204761,1.045669,2.020800,2732.800049,2396.837824,,0.580617,,4793.675781,
Sample,07/04/2023 13:10:38,0,,,12568941,14.080032,3204852,1.045699,2.017100,2734.600098,2398.359333,,0.581102,,4796.718750,
Sample,07/04/2023 13:10:43,0,,,12568212,14.088192,3204648,1.045632,2.012000,2733.899902,2397.767486,,0.580015,,4795.535156,
Sample,07/04/2023 13:10:48,0,,,12567847,14.092277,3204835,1.045693,2.020600,2731.100098,2395.400923,,0.581011,,4790.801758,
Sample,07/04/2023 13:10:53,0,,,12568040,14.090117,3205051,1.045764,2.020600,2733.300049,2397.260454,,0.582161,,4794.520996,
Sample,07/04/2023 13:10:58,0,,,12566741,14.104658,3204601,1.045616,2.025300,2733.699951,2397.598475,,0.579764,,4795.196777,
Sample,07/04/2023 13:11:03,0,,,12566581,14.106449,3204776,1.045674,2.031200,2732.199951,2396.330585,,0.580697,,4792.661133,
Sample,07/04/2023 13:11:08,0,,,12566840,14.103550,3204827,1.045691,2.018700,2732.300049,2396.415194,,0.580969,,4792.830566,
Sample,07/04/2023 13:11:13,0,9441179,5.816462,12567151,14.100068,3204908,1.045717,2.026100,2733.899902,2397.767486,,0.581400,,4795.535156,
Sample,07/04/2023 13:11:28,0,,,12566560,14.106684,3204579,1.045609,2.026200,2732.699951,2396.753215,,0.579647,,4793.506348,
Sample,07/04/2023 13:11:33,0,,,12566952,14.102296,3204780,1.045675,2.019900,2733.699951,2397.598475,,0.580718,,4795.196777,
Sample,07/04/2023 13:11:38,0,,,12567701,14.093912,3204793,1.045679,2.028200,2735.199951,2398.866365,,0.580787,,4797.732910,
Sample,07/04/2023 13:11:43,0,,,12568532,14.084610,3204728,1.045658,2.021300,2734.000000,2397.852094,,0.580441,,4795.704102,
Sample,07/04/2023 13:11:48,0,,,12568194,14.088393,3204565,1.045605,2.027400,2733.000000,2397.006834,,0.579573,,4794.013672,
Sample,07/04/2023 13:11:53,0,,,12567687,14.094068,3204821,1.045689,2.035700,2734.399902,2398.190116,,0.580937,,4796.380371,
Sample,07/04/2023 13:11:58,0,,,12566848,14.103460,3204596,1.045615,2.032700,2733.300049,2397.260454,,0.579738,,4794.520996,
Sample,07/04/2023 13:12:03,0,,,12566327,14.109292,3204684,1.045644,2.098900,2733.899902,2397.767486,,0.580207,,4795.535156,
Sample,07/04/2023 13:12:08,0,,,12565204,14.121863,3204957,1.045733,2.110900,2732.300049,2396.415194,,0.581661,,4792.830566,
Sample,07/04/2023 13:12:13,0,9441156,5.816336,12565101,14.123016,3204550,1.045600,2.109000,2733.000000,2397.006834,,0.579493,,4794.013672,
Sample,07/04/2023 13:12:28,0,,,12563421,14.141823,3204838,1.045694,2.111000,2731.399902,2395.654336,,0.581027,,4791.308594,
Sample,07/04/2023 13:12:33,0,,,12562766,14.149155,3204719,1.045655,2.115000,2731.399902,2395.654336,,0.580393,,4791.308594,
Sample,07/04/2023 13:12:38,0,,,12562565,14.151405,3205040,1.045761,2.099400,2734.500000,2398.274724,,0.582103,,4796.549316,
Sample,07/04/2023 13:12:43,0,,,12562150,14.156051,3204524,1.045591,2.102400,2732.500000,2396.584204,,0.579354,,4793.168457,
Sample,07/04/2023 13:12:48,0,,,12561561,14.162645,3204907,1.045717,2.105100,2732.899902,2396.922226,,0.581395,,4793.844238,
Sample,07/04/2023 13:12:53,0,,,12561229,14.166362,3204936,1.045726,2.104000,2733.399902,2397.344856,,0.581549,,4794.689941,
Sample,07/04/2023 13:12:58,0,,,12560993,14.169004,3204487,1.045579,2.104400,2733.300049,2397.260454,,0.579157,,4794.520996,
Sample,07/04/2023 13:13:03,0,,,12561592,14.162298,3204453,1.045568,2.106500,2734.500000,2398.274724,,0.578976,,4796.549316,
Sample,07/04/2023 13:13:08,0,,,12562409,14.153152,3204739,1.045662,2.105700,2733.800049,2397.683083,,0.580500,,4795.366211,
Sample,07/04/2023 13:13:13,0,9441134,5.816215,12562827,14.148472,3204605,1.045618,2.113200,2735.300049,2398.950973,,0.579786,,4797.901855,
Sample,07/04/2023 13:13:28,0,,,12562739,14.149457,3204624,1.045624,2.040500,2733.600098,2397.514073,,0.579887,,4795.028320,
Sample,07/04/2023 13:13:33,0,,,12562131,14.156264,3204556,1.045602,2.043200,2735.100098,2398.781963,,0.579525,,4797.563965,
Sample,07/04/2023 13:13:38,0,,,12561768,14.160327,3204620,1.045623,2.035400,2734.500000,2398.274724,,0.579866,,4796.549316,
Sample,07/04/2023 13:13:43,0,,,12561570,14.162544,3204604,1.045617,2.050700,2733.199951,2397.175845,,0.579780,,4794.351562,
Sample,07/04/2023 13:13:48,0,,,12561325,14.165287,3204545,1.045598,2.049300,2732.300049,2396.415194,,0.579466,,4792.830566,
Sample,07/04/2023 13:13:53,0,,,12561006,14.168858,3204625,1.045624,2.044200,2732.399902,2396.499596,,0.579892,,4792.999023,
Sample,07/04/2023 13:13:58,0,,,12560641,14.172944,3204575,1.045608,2.023700,2731.800049,2395.992564,,0.579626,,4791.985352,
Sample,07/04/2023 13:14:03,0,,,12560752,14.171702,3204601,1.045616,2.022900,2730.500000,2394.893685,,0.579764,,4789.787598,
Sample,07/04/2023 13:14:08,0,,,12560371,14.175967,3204707,1.045651,2.023400,2732.100098,2396.246183,,0.580329,,4792.492188,
Sample,07/04/2023 13:14:13,0,9441112,5.816094,12559871,14.181565,3204679,1.045642,2.026900,2731.100098,2395.400923,,0.580180,,4790.801758,
Sample,07/04/2023 13:14:28,0,,,12558853,14.192961,3204592,1.045613,2.022600,2732.399902,2396.499596,,0.579717,,4792.999023,
Sample,07/04/2023 13:14:33,0,,,12558902,14.192413,3204620,1.045623,2.021300,2731.800049,2395.992564,,0.579866,,4791.985352,
Sample,07/04/2023 13:14:38,0,,,12558443,14.197552,3204662,1.045636,2.024000,2733.699951,2397.598475,,0.580090,,4795.196777,
Sample,07/04/2023 13:14:43,0,,,12560086,14.179158,3204554,1.045601,2.025300,2734.199951,2398.021105,,0.579514,,4796.041992,
Sample,07/04/2023 13:14:48,0,,,12560663,14.172698,3204667,1.045638,2.019400,2732.199951,2396.330585,,0.580116,,4792.661133,
Sample,07/04/2023 13:14:53,0,,,12560660,14.172732,3204564,1.045604,2.026600,2733.800049,2397.683083,,0.579567,,4795.366211,
Sample,07/04/2023 13:14:58,0,,,12560349,14.176213,3204679,1.045642,2.028000,2733.600098,2397.514073,,0.580180,,4795.028320,
Sample,07/04/2023 13:15:03,0,,,12560115,14.178833,3204549,1.045599,2.026200,2734.000000,2397.852094,,0.579487,,4795.704102,
Sample,07/04/2023 13:15:08,0,,,12560109,14.178900,3204621,1.045623,2.012900,2734.399902,2398.190116,,0.579871,,4796.380371,
Sample,07/04/2023 13:15:13,0,9441088,5.815962,12559726,14.183188,3204628,1.045625,2.024400,2732.800049,2396.837824,,0.579908,,4793.675781,
Sample,07/04/2023 13:15:28,0,,,12559330,14.187621,3204563,1.045604,2.024300,2728.800049,2393.456784,,0.579562,,4786.913574,
Sample,07/04/2023 13:15:33,0,,,12559047,14.190789,3204557,1.045602,2.028000,2731.300049,2395.569934,,0.579530,,4791.139648,
Sample,07/04/2023 13:15:38,0,,,12558344,14.198660,3204594,1.045614,2.026900,2732.000000,2396.161574,,0.579727,,4792.323242,
Sample,07/04/2023 13:15:43,0,,,12558309,14.199052,3204457,1.045569,2.025200,2731.800049,2395.992564,,0.578997,,4791.985352,
Sample,07/04/2023 13:15:48,0,,,12559100,14.190196,3204602,1.045617,2.023200,2732.300049,2396.415194,,0.579770,,4792.830566,
Sample,07/04/2023 13:15:53,0,,,12558679,14.194909,3204287,1.045513,2.024300,2731.600098,2395.823553,,0.578091,,4791.646973,
Sample,07/04/2023 13:15:58,0,,,12558274,14.199444,3204625,1.045624,2.025600,2734.000000,2397.852094,,0.579892,,4795.704102,
Sample,07/04/2023 13:16:03,0,,,12558218,14.200071,3204639,1.045629,2.014500,2732.800049,2396.837824,,0.579967,,4793.675781,
Sample,07/04/2023 13:16:08,0,,,12557516,14.207930,3204270,1.045508,2.025900,2734.800049,2398.528343,,0.578000,,4797.056641,
Sample,07/04/2023 13:16:13,0,9441068,5.815852,12557227,14.211166,3204517,1.045589,2.019100,2735.199951,2398.866365,,0.579317,,4797.732910,
Sample,07/04/2023 13:16:28,0,,,12559859,14.181699,3204422,1.045557,2.080300,2731.899902,2396.076966,,0.578810,,4792.153809,
Sample,07/04/2023 13:16:33,0,,,12559477,14.185975,3204508,1.045586,2.103600,2734.500000,2398.274724,,0.579269,,4796.549316,
Sample,07/04/2023 13:16:38,0,,,12559167,14.189446,3204450,1.045567,2.100000,2734.699951,2398.443735,,0.578960,,4796.887695,
Sample,07/04/2023 13:16:43,0,,,12558532,14.196555,3204406,1.045552,2.094200,2734.199951,2398.021105,,0.578725,,4796.041992,
Sample,07/04/2023 13:16:48,0,,,12558625,14.195514,3204350,1.045534,2.072600,2734.199951,2398.021105,,0.578427,,4796.041992,
Sample,07/04/2023 13:16:53,0,,,12559434,14.186457,3204365,1.045539,2.041500,2733.300049,2397.260454,,0.578507,,4794.520996,
Sample,07/04/2023 13:16:58,0,,,12560203,14.177848,3204483,1.045578,2.044700,2733.800049,2397.683083,,0.579136,,4795.366211,
Sample,07/04/2023 13:17:03,0,,,12559882,14.181441,3204539,1.045596,1.948400,2734.199951,2398.021105,,0.579434,,4796.041992,
Sample,07/04/2023 13:17:08,0,,,12559023,14.191058,3204201,1.045485,1.938400,2732.300049,2396.415194,,0.577632,,4792.830566,
Sample,07/04/2023 13:17:13,0,9441051,5.815758,12558891,14.192536,3204236,1.045496,1.948400,2732.500000,2396.584204,,0.577819,,4793.168457,
Sample,07/04/2023 13:17:28,0,,,12561334,14.165186,3204443,1.045564,1.944100,2734.899902,2398.612746,,0.578922,,4797.225586,
Sample,07/04/2023 13:17:33,0,,,12562836,14.148371,3204531,1.045593,1.942900,2733.800049,2397.683083,,0.579391,,4795.366211,
Sample,07/04/2023 13:17:38,0,,,12561778,14.160216,3204467,1.045572,1.941100,2733.699951,2397.598475,,0.579050,,4795.196777,
Sample,07/04/2023 13:17:43,0,,,12560798,14.171187,3204392,1.045548,1.939400,2734.399902,2398.190116,,0.578651,,4796.380371,
Sample,07/04/2023 13:17:48,0,,,12560766,14.171545,3204488,1.045579,1.944400,2733.699951,2397.598475,,0.579162,,4795.196777,
Sample,07/04/2023 13:17:53,0,,,12560016,14.179941,3204284,1.045512,1.941500,2732.800049,2396.837824,,0.578075,,4793.675781,
Sample,07/04/2023 13:17:58,0,,,12560259,14.177221,3204429,1.045560,1.936400,2734.800049,2398.528343,,0.578848,,4797.056641,
Sample,07/04/2023 13:18:03,0,,,12560460,14.174971,3204536,1.045595,1.935500,2732.199951,2396.330585,,0.579418,,4792.661133,
Sample,07/04/2023 13:18:08,0,,,12559797,14.182393,3204162,1.045472,1.945700,2733.800049,2397.683083,,0.577424,,4795.366211,
Sample,07/04/2023 13:18:13,0,9441028,5.815632,12560119,14.178788,3204115,1.045457,1.941500,2734.000000,2397.852094,,0.577174,,4795.704102,
Sample,07/04/2023 13:18:28,0,,,12559221,14.188841,3204221,1.045491,1.937300,2732.199951,2396.330585,,0.577739,,4792.661133,
Sample,07/04/2023 13:18:33,0,,,12558913,14.192290,3204416,1.045556,1.937200,2733.199951,2397.175845,,0.578778,,4794.351562,
Sample,07/04/2023 13:18:38,0,,,12558762,14.193980,3204167,1.045474,1.938400,2732.899902,2396.922226,,0.577451,,4793.844238,
Sample,07/04/2023 13:18:43,0,,,12558064,14.201795,3204372,1.045541,1.934900,2732.000000,2396.161574,,0.578544,,4792.323242,
Sample,07/04/2023 13:18:48,0,,,12558307,14.199074,3204463,1.045571,1.941300,2732.600098,2396.668813,,0.579029,,4793.337402,
Sample,07/04/2023 13:18:53,0,,,12562300,14.154372,3204227,1.045493,1.950500,2733.300049,2397.260454,,0.577771,,4794.520996,
Sample,07/04/2023 13:18:58,0,,,12562669,14.150241,3204333,1.045528,1.942500,2734.000000,2397.852094,,0.578336,,4795.704102,
Sample,07/04/2023 13:19:03,0,,,12562186,14.155648,3204460,1.045570,1.945600,2734.199951,2398.021105,,0.579013,,4796.041992,
Sample,07/04/2023 13:19:08,0,,,12562689,14.150017,3204153,1.045469,1.945800,2732.600098,2396.668813,,0.577376,,4793.337402,
Sample,07/04/2023 13:19:13,0,9441020,5.815588,12565165,14.122300,3204199,1.045484,1.944200,2733.300049,2397.260454,,0.577622,,4794.520996,
Sample,07/04/2023 13:19:28,0,,,12564342,14.131513,3204444,1.045565,1.940000,2733.199951,2397.175845,,0.578928,,4794.351562,
Sample,07/04/2023 13:19:33,0,,,12564580,14.128848,3204493,1.045581,1.939700,2732.800049,2396.837824,,0.579189,,4793.675781,
Sample,07/04/2023 13:19:38,0,,,12562971,14.146860,3204150,1.045468,1.943700,2732.899902,2396.922226,,0.577360,,4793.844238,
Sample,07/04/2023 13:19:43,0,,,12565568,14.117788,3204323,1.045525,1.939800,2732.000000,2396.161574,,0.578283,,4792.323242,
Sample,07/04/2023 13:19:48,0,,,12566868,14.103236,3204378,1.045543,1.925700,2733.000000,2397.006834,,0.578576,,4794.013672,
Sample,07/04/2023 13:19:53,0,,,12570522,14.062335,3204188,1.045481,1.926400,2733.899902,2397.767486,,0.577563,,4795.535156,
Sample,07/04/2023 13:19:58,0,,,12572760,14.037285,3204422,1.045557,1.899400,2734.399902,2398.190116,,0.578810,,4796.380371,
Sample,07/04/2023 13:20:03,0,,,12574540,14.017362,3204330,1.045527,1.899000,2731.800049,2395.992564,,0.578320,,4791.985352,
Sample,07/04/2023 13:20:08,0,,,12574574,14.016982,3204204,1.045486,1.901500,2732.300049,2396.415194,,0.577648,,4792.830566,
Sample,07/04/2023 13:20:13,0,9440997,5.815461,12574750,14.015012,3204535,1.045595,1.900100,2731.800049,2395.992564,,0.579413,,4791.985352,
Sample,07/04/2023 13:20:28,0,,,12572702,14.037934,3204617,1.045622,1.160500,2728.899902,2393.541186,,0.579850,,4787.082520,
Sample,07/04/2023 13:20:33,0,,,12571438,14.052082,3204291,1.045514,1.176500,2729.699951,2394.217435,,0.578112,,4788.435059,
Sample,07/04/2023 13:20:38,0,,,12572585,14.039244,3204307,1.045520,1.076700,2730.600098,2394.978293,,0.578197,,4789.956543,
Sample,07/04/2023 13:20:43,0,,,12572781,14.037050,3204477,1.045576,1.074500,2729.600098,2394.133033,,0.579104,,4788.266113,
Sample,07/04/2023 13:20:48,0,,,12572825,14.036558,3204580,1.045609,1.070300,2729.600098,2394.133033,,0.579653,,4788.266113,
Sample,07/04/2023 13:20:53,0,,,12572824,14.036569,3204402,1.045551,1.064800,2729.399902,2393.963816,,0.578704,,4787.927734,
Sample,07/04/2023 13:20:58,0,,,12573678,14.027010,3204521,1.045590,1.072600,2729.000000,2393.625795,,0.579338,,4787.251465,
Sample,07/04/2023 13:21:03,0,,,12574100,14.022287,3204576,1.045608,1.066800,2730.399902,2394.809076,,0.579631,,4789.618164,
Sample,07/04/2023 13:21:08,0,,,12575025,14.011934,3204390,1.045547,1.065500,2730.899902,2395.231706,,0.578640,,4790.463379,
Sample,07/04/2023 13:21:13,0,9440973,5.815329,12574800,14.014452,3204715,1.045654,1.061000,2729.899902,2394.386446,,0.580372,,4788.772949,
Sample,07/04/2023 13:21:28,0,,,12575592,14.005588,3204634,1.045627,1.065000,2728.300049,2393.034154,,0.579940,,4786.068359,
Sample,07/04/2023 13:21:33,0,,,12576741,13.992728,3204522,1.045590,1.062400,2730.000000,2394.471055,,0.579343,,4788.941895,
Sample,07/04/2023 13:21:38,0,,,12577392,13.985442,3204705,1.045651,1.083500,2728.600098,2393.287773,,0.580319,,4786.575684,
Sample,07/04/2023 13:21:43,0,,,12578424,13.973892,3204531,1.045593,1.071500,2729.500000,2394.048425,,0.579391,,4788.096680,
Sample,07/04/2023 13:21:48,0,,,12579784,13.958671,3204287,1.045513,1.087100,2729.100098,2393.710403,,0.578091,,4787.420898,
Sample,07/04/2023 13:21:53,0,,,12582061,13.933188,3204630,1.045626,0.346300,2722.699951,2388.300616,,0.579919,,4776.601074,
Sample,07/04/2023 13:21:58,0,,,12581985,13.934039,3204691,1.045646,0.340900,2723.000000,2388.554235,,0.580244,,4777.108398,
Sample,07/04/2023 13:22:03,0,,,12582952,13.923217,3204739,1.045662,0.347200,2723.199951,2388.723246,,0.580500,,4777.446289,
Sample,07/04/2023 13:22:08,0,,,12583934,13.912228,3205065,1.045769,0.347000,2723.500000,2388.976865,,0.582236,,4777.953613,
Sample,07/04/2023 13:22:13,0,9440950,5.815203,12582859,13.924258,3204793,1.045679,0.351500,2722.699951,2388.300616,,0.580787,,4776.601074,
Sample,07/04/2023 13:22:28,0,,,12583594,13.916033,3204722,1.045656,0.354300,2723.399902,2388.892257,,0.580409,,4777.784668,
Sample,07/04/2023 13:22:33,0,,,12583573,13.916268,3204727,1.045658,0.344400,2722.500000,2388.131605,,0.580436,,4776.263184,
Sample,07/04/2023 13:22:38,0,,,12583925,13.912328,3205069,1.045770,0.346100,2722.899902,2388.469627,,0.582257,,4776.939453,
Sample,07/04/2023 13:22:43,0,,,12583537,13.916670,3206476,1.046233,25.061001,2738.000000,2401.233134,,0.589740,,4802.466309,
Sample,07/04/2023 13:22:48,0,,,12580422,13.951531,3206293,1.046172,37.812000,2739.399902,2402.416415,,0.588767,,4804.833008,
Sample,07/04/2023 13:22:53,0,,,12577133,13.988341,3206480,1.046234,76.451004,2753.800049,2414.588282,,0.589761,,4829.176758,
Sample,07/04/2023 13:22:58,0,,,12577351,13.985901,3204334,1.045529,18.362000,2795.100098,2449.497557,,0.578341,,4898.995117,
Sample,07/04/2023 13:23:03,0,,,12578890,13.968677,3204805,1.045683,32.021999,2875.699951,2517.625381,,0.580851,,5035.250977,
Sample,07/04/2023 13:23:08,0,,,12581162,13.943249,3204610,1.045619,32.038998,2876.699951,2518.470641,,0.579812,,5036.941406,
Sample,07/04/2023 13:23:13,0,9440942,5.815159,12580286,13.953053,3204746,1.045664,30.211002,2870.300049,2513.061060,,0.580537,,5026.122070,
Sample,07/04/2023 13:23:28,0,,,12582747,13.925511,3204609,1.045619,30.738001,2872.000000,2514.497961,,0.579807,,5028.996094,
Sample,07/04/2023 13:23:33,0,,,12583005,13.922624,3204705,1.045651,30.697001,2871.399902,2513.990723,,0.580319,,5027.981445,
Sample,07/04/2023 13:23:38,0,,,12583535,13.916693,3204573,1.045607,30.901999,2872.100098,2514.582570,,0.579615,,5029.165039,
Sample,07/04/2023 13:23:43,0,,,12582588,13.927291,3204829,1.045691,31.073999,2872.300049,2514.751580,,0.580979,,5029.502930,
Sample,07/04/2023 13:23:48,0,,,12582271,13.930838,3204663,1.045637,31.295002,2875.800049,2517.709990,,0.580095,,5035.419922,
Sample,07/04/2023 13:23:53,0,,,12582324,13.930245,3204761,1.045669,31.153000,2875.199951,2517.202751,,0.580617,,5034.405273,
Sample,07/04/2023 13:23:58,0,,,12581919,13.934778,3204842,1.045696,31.268000,2875.500000,2517.456371,,0.581048,,5034.912598,
Sample,07/04/2023 13:24:03,0,,,12581436,13.940183,3204928,1.045724,31.225000,2873.100098,2515.427829,,0.581506,,5030.855469,
Sample,07/04/2023 13:24:08,0,,,12582534,13.927895,3204873,1.045706,31.317999,2877.000000,2518.724261,,0.581214,,5037.448730,
Sample,07/04/2023 13:24:13,0,9440930,5.815093,12583053,13.922087,3204976,1.045740,31.026001,2873.000000,2515.343221,,0.581762,,5030.686523,
Sample,07/04/2023 13:24:28,0,,,12584926,13.901126,3204768,1.045671,31.294001,2875.399902,2517.371762,,0.580654,,5034.743652,
Sample,07/04/2023 13:24:33,0,,,12585535,13.894311,3205069,1.045770,31.628000,2873.500000,2515.765851,,0.582257,,5031.531738,
Sample,07/04/2023 13:24:38,0,,,12585038,13.899873,3205020,1.045754,31.281000,2873.600098,2515.850459,,0.581996,,5031.700684,
Sample,07/04/2023 13:24:43,0,,,12583983,13.911679,3205116,1.045786,31.173000,2870.899902,2513.568093,,0.582508,,5027.136230,
Sample,07/04/2023 13:24:48,0,,,12582859,13.924258,3204807,1.045684,31.077999,2869.600098,2512.469420,,0.580862,,5024.938965,
Sample,07/04/2023 13:24:53,0,,,12581442,13.940116,3205043,1.045762,31.019001,2872.500000,2514.920591,,0.582119,,5029.841309,
Sample,07/04/2023 13:24:58,0,,,12580003,13.956220,3205054,1.045765,31.098001,2871.199951,2513.821712,,0.582177,,5027.643555,
Sample,07/04/2023 13:25:03,0,,,12578988,13.967580,3204991,1.045745,31.036999,2871.699951,2514.244342,,0.581842,,5028.488770,
Sample,07/04/2023 13:25:08,0,,,12577929,13.979432,3204989,1.045744,30.820002,2870.500000,2513.230071,,0.581831,,5026.459961,
Sample,07/04/2023 13:25:13,0,9440920,5.815038,12578787,13.969829,3205171,1.045804,31.058002,2872.100098,2514.582570,,0.582800,,5029.165039,
Sample,07/04/2023 13:25:28,0,,,12578578,13.972168,3205126,1.045789,30.704998,2869.100098,2512.046790,,0.582561,,5024.093750,
Sample,07/04/2023 13:25:33,0,,,12577112,13.988576,3205051,1.045764,30.633999,2867.600098,2510.778900,,0.582161,,5021.557617,
Sample,07/04/2023 13:25:38,0,,,12575826,14.002969,3205095,1.045779,30.967999,2870.300049,2513.061060,,0.582396,,5026.122070,
Sample,07/04/2023 13:25:43,0,,,12575317,14.008666,3205165,1.045802,30.154999,2867.399902,2510.609683,,0.582768,,5021.219238,
Sample,07/04/2023 13:25:48,0,,,12575017,14.012023,3204905,1.045716,32.336998,2879.500000,2520.837410,,0.581384,,5041.674805,
Sample,07/04/2023 13:25:53,0,,,12574883,14.013523,3205048,1.045763,32.267998,2879.899902,2521.175432,,0.582145,,5042.351074,
Sample,07/04/2023 13:25:58,0,,,12574720,14.015348,3204977,1.045740,32.220001,2879.199951,2520.583791,,0.581767,,5041.167480,
Sample,07/04/2023 13:26:03,0,,,12574113,14.022141,3204979,1.045741,32.276001,2879.500000,2520.837410,,0.581778,,5041.674805,
Sample,07/04/2023 13:26:08,0,,,12573543,14.028521,3205136,1.045792,32.124001,2875.600098,2517.540979,,0.582614,,5035.082031,
Sample,07/04/2023 13:26:13,0,9440897,5.814912,12573616,14.027704,3204964,1.045736,32.163002,2878.600098,2520.076759,,0.581698,,5040.153320,
Sample,07/04/2023 13:26:28,0,,,12573125,14.033200,3205066,1.045769,32.027000,2878.899902,2520.330172,,0.582241,,5040.660156,
Sample,07/04/2023 13:26:33,0,,,12572407,14.041236,3205050,1.045764,32.098999,2876.399902,2518.217022,,0.582156,,5036.434082,
Sample,07/04/2023 13:26:38,0,,,12572076,14.044941,3205000,1.045747,31.990000,2876.500000,2518.301631,,0.581890,,5036.603027,
Sample,07/04/2023 13:26:43,0,,,12571517,14.051198,3205119,1.045787,31.453999,2872.899902,2515.258612,,0.582524,,5030.517090,
Sample,07/04/2023 13:26:48,0,,,12571084,14.056044,3205019,1.045754,31.378998,2872.199951,2514.666972,,0.581991,,5029.333984,
Sample,07/04/2023 13:26:53,0,,,12570389,14.063824,3205098,1.045780,31.289999,2871.699951,2514.244342,,0.582412,,5028.488770,
Sample,07/04/2023 13:26:58,0,,,12569599,14.072666,3205079,1.045773,27.791000,2849.300049,2495.310602,,0.582311,,4990.621094,
Sample,07/04/2023 13:27:03,0,,,12569206,14.077065,3205161,1.045800,27.771999,2849.300049,2495.310602,,0.582747,,4990.621094,
Sample,07/04/2023 13:27:08,0,,,12569588,14.072790,3204994,1.045746,25.976002,2836.800049,2484.744854,,0.581858,,4969.489746,
Sample,07/04/2023 13:27:13,0,9440880,5.814818,12569605,14.072599,3205051,1.045764,25.926001,2837.199951,2485.082875,,0.582161,,4970.165527,
Sample,07/04/2023 13:27:28,0,,,12570484,14.062760,3205021,1.045754,22.480000,2811.100098,2463.021715,,0.582002,,4926.043457,
Sample,07/04/2023 13:27:33,0,,,12570956,14.057477,3205116,1.045786,22.668001,2813.199951,2464.796637,,0.582508,,4929.593262,
Sample,07/04/2023 13:27:38,0,,,12571203,14.054712,3205131,1.045791,22.610001,2813.899902,2465.388278,,0.582587,,4930.776367,
Sample,07/04/2023 13:27:43,0,,,12570700,14.060343,3205156,1.045799,22.573999,2810.800049,2462.768096,,0.582721,,4925.536133,
Sample,07/04/2023 13:27:48,0,,,12569802,14.070394,3205215,1.045818,22.417000,2806.399902,2459.048829,,0.583035,,4918.097656,
Sample,07/04/2023 13:27:53,0,,,12569458,14.074245,3204928,1.045724,21.513998,2800.500000,2454.061878,,0.581506,,4908.123535,
Sample,07/04/2023 13:27:58,0,,,12569324,14.075745,3205169,1.045803,21.448999,2802.600098,2455.837006,,0.582790,,4911.673828,
Sample,07/04/2023 13:28:03,0,,,12569290,14.076125,3205075,1.045772,21.381001,2802.100098,2455.414376,,0.582289,,4910.828613,
Sample,07/04/2023 13:28:08,0,,,12568881,14.080703,3205061,1.045768,21.381001,2802.399902,2455.667789,,0.582215,,4911.335449,
Sample,07/04/2023 13:28:13,0,9440855,5.814681,12568571,14.084173,3204957,1.045733,21.388998,2804.500000,2457.442917,,0.581661,,4914.885742,
Sample,07/04/2023 13:28:28,0,,,12569410,14.074782,3205211,1.045817,21.385000,2802.399902,2455.667789,,0.583013,,4911.335449,
Sample,07/04/2023 13:28:33,0,,,12569807,14.070338,3205143,1.045794,20.677999,2799.399902,2453.132009,,0.582651,,4906.264160,
Sample,07/04/2023 13:28:38,0,,,12569546,14.073260,3205053,1.045765,20.491001,2800.800049,2454.315497,,0.582172,,4908.630859,
Sample,07/04/2023 13:28:43,0,,,12569100,14.078252,3205140,1.045793,20.436001,2798.199951,2452.117739,,0.582635,,4904.235352,
Sample,07/04/2023 13:28:48,0,,,12569135,14.077860,3205071,1.045771,20.802999,2796.800049,2450.934457,,0.582268,,4901.869141,
Sample,07/04/2023 13:28:53,0,,,12568980,14.079595,3204934,1.045726,20.993999,2795.899902,2450.173600,,0.581538,,4900.347168,
Sample,07/04/2023 13:28:58,0,,,12568784,14.081789,3205017,1.045753,20.789999,2796.000000,2450.258208,,0.581980,,4900.516602,
Sample,07/04/2023 13:29:03,0,,,12568164,14.088729,3205006,1.045749,19.779001,2792.300049,2447.130788,,0.581922,,4894.261719,
Sample,07/04/2023 13:29:08,0,,,12567814,14.092647,3205339,1.045859,19.750999,2790.600098,2445.693887,,0.583695,,4891.387695,
Sample,07/04/2023 13:29:13,0,9440844,5.814620,12568066,14.089826,3205242,1.045827,19.719000,2789.800049,2445.017638,,0.583178,,4890.035156,
Sample,07/04/2023 13:29:28,0,,,12574444,14.018437,3205137,1.045793,19.268002,2792.800049,2447.553418,,0.582619,,4895.106934,
Sample,07/04/2023 13:29:33,0,,,12577604,13.983069,3205153,1.045798,19.425999,2792.500000,2447.299799,,0.582705,,4894.599609,
Sample,07/04/2023 13:29:38,0,,,12580706,13.948353,3205159,1.045800,19.438000,2789.500000,2444.764019,,0.582736,,4889.527832,
Sample,07/04/2023 13:29:43,0,,,12581838,13.935684,3205203,1.045814,19.458000,2796.399902,2450.596230,,0.582971,,4901.192383,
Sample,07/04/2023 13:29:48,0,,,12583857,13.913089,3205285,1.045841,19.481998,2793.000000,2447.722429,,0.583407,,4895.444824,
Sample,07/04/2023 13:29:53,0,,,12585285,13.897109,3205246,1.045828,19.516001,2792.699951,2447.468809,,0.583200,,4894.937500,
Sample,07/04/2023 13:29:58,0,,,12586596,13.882438,3205133,1.045791,19.520000,2789.899902,2445.102040,,0.582598,,4890.204102,
Sample,07/04/2023 13:30:03,0,,,12584968,13.900656,3205224,1.045821,19.543001,2791.899902,2446.792560,,0.583082,,4893.584961,
Sample,07/04/2023 13:30:08,0,,,12584298,13.908154,3205276,1.045838,19.556000,2789.800049,2445.017638,,0.583359,,4890.035156,
Sample,07/04/2023 13:30:13,0,9440827,5.814527,12582721,13.925802,3205238,1.045826,19.524000,2787.199951,2442.819880,,0.583157,,4885.639648,
Sample,07/04/2023 13:30:28,0,,,12578714,13.970646,3205476,1.045904,19.556000,2787.399902,2442.988891,,0.584424,,4885.977539,
Sample,07/04/2023 13:30:33,0,,,12579742,13.959141,3205292,1.045843,19.604000,2791.500000,2446.454539,,0.583444,,4892.909180,
Sample,07/04/2023 13:30:38,0,,,12580375,13.952057,3205369,1.045869,19.650999,2788.399902,2443.834150,,0.583854,,4887.668457,
Sample,07/04/2023 13:30:43,0,,,12580599,13.949550,3205249,1.045829,19.655001,2790.000000,2445.186649,,0.583216,,4890.373535,
Sample,07/04/2023 13:30:48,0,,,12579531,13.961503,3205318,1.045852,19.650999,2789.899902,2445.102040,,0.583583,,4890.204102,
Sample,07/04/2023 13:30:53,0,,,12578896,13.968609,3205209,1.045816,19.719999,2788.899902,2444.256780,,0.583003,,4888.513672,
Sample,07/04/2023 13:30:58,0,,,12578472,13.973355,3205340,1.045859,19.711000,2790.699951,2445.778290,,0.583700,,4891.556641,
Sample,07/04/2023 13:31:03,0,,,12578157,13.976880,3205138,1.045793,19.708000,2790.000000,2445.186649,,0.582625,,4890.373535,
Sample,07/04/2023 13:31:08,0,,,12577059,13.989169,3205359,1.045865,19.702999,2789.699951,2444.933030,,0.583801,,4889.866211,
Sample,07/04/2023 13:31:13,0,9440807,5.814417,12576410,13.996433,3205329,1.045856,19.728001,2790.199951,2445.355660,,0.583641,,4890.711426,
Sample,07/04/2023 13:31:28,0,,,12577043,13.989348,3205318,1.045852,20.208000,2794.199951,2448.736699,,0.583583,,4897.473633,
Sample,07/04/2023 13:31:33,0,,,12577889,13.979880,3205299,1.045846,19.997000,2790.300049,2445.440268,,0.583482,,4890.880371,
Sample,07/04/2023 13:31:38,0,,,12578117,13.977328,3205438,1.045891,19.926998,2791.399902,2446.369930,,0.584221,,4892.739746,
Sample,07/04/2023 13:31:43,0,,,12579071,13.966651,3205387,1.045875,19.975000,2793.000000,2447.722429,,0.583950,,4895.444824,
Sample,07/04/2023 13:31:48,0,,,12580842,13.946831,3205472,1.045903,19.990000,2792.500000,2447.299799,,0.584402,,4894.599609,
Sample,07/04/2023 13:31:53,0,,,12581223,13.942567,3205378,1.045872,19.956999,2792.000000,2446.877169,,0.583902,,4893.754395,
Sample,07/04/2023 13:31:58,0,,,12581158,13.943294,3205305,1.045848,19.959000,2794.000000,2448.567688,,0.583514,,4897.135254,
Sample,07/04/2023 13:32:03,0,,,12581556,13.938840,3205386,1.045874,18.796000,2785.699951,2441.551990,,0.583945,,4883.104004,
Sample,07/04/2023 13:32:08,0,,,12580745,13.947916,3205418,1.045885,18.438000,2784.699951,2440.706730,,0.584115,,4881.413574,
Sample,07/04/2023 13:32:13,0,9440787,5.814307,12579872,13.957686,3205349,1.045862,17.680000,2779.600098,2436.396028,,0.583748,,4872.791992,
Sample,07/04/2023 13:32:28,0,,,12580051,13.955683,3205448,1.045895,0.705000,3190.300049,2783.544230,,0.584275,,5567.088379,
Sample,07/04/2023 13:32:33,0,,,12602272,13.707034,3206834,1.046350,0.084800,2716.000000,2382.637416,,0.591640,,4765.274902,
Sample,07/04/2023 13:32:38,0,,,12621661,13.490126,3205181,1.045807,0.258100,3117.800049,2722.262887,,0.582854,,5444.525879,
Sample,07/04/2023 13:32:43,0,,,12836242,11.088974,3406667,1.112053,1.783100,-58.259998,1.454792,,1.529476,,2.909583,
Sample,07/04/2023 13:32:48,0,,,12882818,10.566637,3927988,1.283627,1.811800,-60.049999,1.478393,,3.561525,,2.956786,
Sample,07/04/2023 13:32:53,0,,,12889621,10.490280,4120707,1.347115,1.959900,-61.059998,1.600182,,4.266609,,3.200365,
Sample,07/04/2023 13:32:58,0,,,12895445,10.424898,4350375,1.422816,2.029300,-60.629997,1.657253,,5.094449,,3.314506,
Sample,07/04/2023 13:33:03,0,,,12901526,10.356616,4871051,1.594604,1.848800,-61.670002,1.508820,,6.944764,,3.017640,
Sample,07/04/2023 13:33:08,0,,,12901532,10.356549,5433737,1.780502,3.586400,-61.750000,2.937725,,8.924935,,5.875449,
Sample,07/04/2023 13:33:13,0,9440767,5.814197,12902909,10.341085,5718263,1.874597,5.515900,-60.170002,4.524437,,9.922589,,9.048875,
Sample,07/04/2023 13:33:28,0,,,12900630,10.366678,6037065,1.980102,2.110400,-64.379997,1.723945,,11.038834,,3.447890,
Sample,07/04/2023 13:33:33,0,,,12899492,10.379457,6017376,1.973584,3.326100,-63.790001,2.723669,,10.969931,,5.447338,
Sample,07/04/2023 13:33:38,0,,,12904496,10.323261,5669374,1.858425,2.059000,-64.639999,1.681676,,9.751279,,3.363353,
Sample,07/04/2023 13:33:43,0,,,12905230,10.315018,5309588,1.739464,2.146800,-64.500000,1.753878,,8.489026,,3.507757,
Sample,07/04/2023 13:33:48,0,,,12904503,10.323183,4977094,1.629618,3.262100,-63.049999,2.671039,,7.318987,,5.342078,
Sample,07/04/2023 13:33:53,0,,,12905256,10.314726,4594315,1.503272,2.142900,-66.129997,1.750671,,5.964622,,3.501342,
Sample,07/04/2023 13:33:58,0,,,12906177,10.304381,4172919,1.364320,2.410000,-67.199997,1.970319,,4.455775,,3.940639,
Sample,07/04/2023 13:34:03,0,,,12907003,10.295104,3638516,1.188328,2.142300,-64.820000,1.750178,,2.468832,,3.500356,
Sample,07/04/2023 13:34:08,0,,,12907859,10.285489,3256796,1.062774,1.988500,-65.090004,1.623701,,0.846622,,3.247402,
Sample,07/04/2023 13:34:13,0,9440747,5.814087,12905131,10.316130,3204944,1.045729,1.983900,2569.800049,2259.060459,,0.581592,,4518.121094,
Sample,07/04/2023 13:34:28,0,,,12858138,10.843505,3205485,1.045907,3.255900,2690.500000,2361.083288,,0.584471,,4722.166504,
Sample,07/04/2023 13:34:33,0,,,12843921,11.002904,3205370,1.045869,3.477200,2687.199951,2358.293889,,0.583860,,4716.587891,
Sample,07/04/2023 13:34:38,0,,,12833457,11.120186,3205599,1.045944,3.562800,2688.600098,2359.477377,,0.585078,,4718.954590,
Sample,07/04/2023 13:34:43,0,,,12824436,11.221269,3205825,1.046019,3.236800,2689.300049,2360.069018,,0.586280,,4720.138184,
Sample,07/04/2023 13:34:48,0,,,12816704,11.307891,3205874,1.046035,3.106100,2691.600098,2362.013157,,0.586540,,4724.026367,
Sample,07/04/2023 13:34:53,0,,,12810781,11.374237,3206106,1.046111,3.290700,2689.199951,2359.984409,,0.587774,,4719.968750,
Sample,07/04/2023 13:34:58,0,,,12805622,11.432017,3206103,1.046110,3.110800,2690.300049,2360.914278,,0.587758,,4721.828613,
Sample,07/04/2023 13:35:03,0,,,12801322,11.480172,3206428,1.046217,3.103000,2692.800049,2363.027427,,0.589485,,4726.054688,
Sample,07/04/2023 13:35:08,0,,,12798676,11.509802,3206540,1.046254,2.961800,2689.699951,2360.407039,,0.590079,,4720.813965,
Sample,07/04/2023 13:35:13,0,9440743,5.814065,12793786,11.564557,3206837,1.046351,2.897800,2691.699951,2362.097559,,0.591656,,4724.195312,
Sample,07/04/2023 13:35:28,0,,,12783980,11.674342,3207204,1.046472,2.716000,2693.899902,2363.957089,,0.593604,,4727.914062,
Sample,07/04/2023 13:35:33,0,,,12780274,11.715828,3207413,1.046541,2.750800,2695.899902,2365.647609,,0.594712,,4731.295410,
Sample,07/04/2023 13:35:38,0,,,12777184,11.750417,3207448,1.046552,1.874500,2692.800049,2363.027427,,0.594898,,4726.054688,
Sample,07/04/2023 13:35:43,0,,,12774870,11.776318,3207756,1.046653,1.791800,2695.199951,2365.055969,,0.596531,,4730.111816,
Sample,07/04/2023 13:35:48,0,,,12772167,11.806572,3208085,1.046762,1.832500,2701.199951,2370.127528,,0.598274,,4740.254883,
Sample,07/04/2023 13:35:53,0,,,12770755,11.822375,3208332,1.046843,1.861300,2698.300049,2367.676357,,0.599582,,4735.352539,
Sample,07/04/2023 13:35:58,0,,,12769915,11.831777,3208975,1.047054,1.835800,2698.600098,2367.929976,,0.602984,,4735.859863,
Sample,07/04/2023 13:36:03,0,,,12768679,11.845610,3208779,1.046990,1.774700,2699.199951,2368.437008,,0.601947,,4736.874023,
Sample,07/04/2023 13:36:08,0,,,12766737,11.867344,3209151,1.047112,1.758300,2698.800049,2368.098987,,0.603915,,4736.197754,
Sample,07/04/2023 13:36:13,0,9440719,5.813933,12765404,11.882263,3209182,1.047122,1.617200,2697.199951,2366.746488,,0.604079,,4733.493164,
Sample,07/04/2023 13:36:28,0,,,12762058,11.919708,3209313,1.047165,1.552700,2699.699951,2368.859638,,0.604771,,4737.719238,
Sample,07/04/2023 13:36:33,0,,,12761902,11.921454,3208995,1.047061,1.520200,2701.500000,2370.381147,,0.603090,,4740.762207,
Sample,07/04/2023 13:36:38,0,,,12760619,11.935811,3209356,1.047179,1.498000,2701.500000,2370.381147,,0.604998,,4740.762207,
Sample,07/04/2023 13:36:43,0,,,12761258,11.928661,3209287,1.047157,1.450900,2698.100098,2367.507346,,0.604634,,4735.014648,
Sample,07/04/2023 13:36:48,0,,,12759614,11.947058,3209339,1.047174,1.431800,2698.899902,2368.183389,,0.604908,,4736.366699,
Sample,07/04/2023 13:36:53,0,,,12756883,11.977618,3209330,1.047171,1.384500,2701.600098,2370.465756,,0.604861,,4740.931641,
Sample,07/04/2023 13:36:58,0,,,12754894,11.999875,3209554,1.047244,1.402000,2698.699951,2368.014378,,0.606045,,4736.028809,
Sample,07/04/2023 13:37:03,0,,,12753662,12.013661,3209280,1.047154,1.373300,2699.199951,2368.437008,,0.604597,,4736.874023,
Sample,07/04/2023 13:37:08,0,,,12752295,12.028957,3209230,1.047138,1.362500,2698.100098,2367.507346,,0.604332,,4735.014648,
Sample,07/04/2023 13:37:13,0,9440702,5.813839,12751018,12.043245,3209265,1.047149,1.343600,2699.199951,2368.437008,,0.604517,,4736.874023,
Sample,07/04/2023 13:37:28,0,,,12746448,12.094379,3209287,1.047157,1.308700,2700.300049,2369.366877,,0.604634,,4738.733887,
Sample,07/04/2023 13:37:33,0,,,12744344,12.117919,3209073,1.047086,1.297800,2699.100098,2368.352606,,0.603502,,4736.705078,
Sample,07/04/2023 13:37:38,0,,,12744197,12.119564,3209422,1.047201,1.302600,2699.100098,2368.352606,,0.605347,,4736.705078,
Sample,07/04/2023 13:37:43,0,,,12744349,12.117863,3209165,1.047116,1.269600,2699.199951,2368.437008,,0.603989,,4736.874023,
Sample,07/04/2023 13:37:48,0,,,12744335,12.118020,3209198,1.047127,1.253700,2699.899902,2369.028649,,0.604163,,4738.057129,
Sample,07/04/2023 13:37:53,0,,,12744181,12.119743,3209239,1.047141,1.243400,2699.500000,2368.690627,,0.604380,,4737.381348,
Sample,07/04/2023 13:37:58,0,,,12744421,12.117058,3209283,1.047155,1.252800,2699.600098,2368.775236,,0.604612,,4737.550293,
Sample,07/04/2023 13:38:03,0,,,12744240,12.119083,3209177,1.047120,1.208900,2700.800049,2369.789507,,0.604052,,4739.579102,
Sample,07/04/2023 13:38:08,0,,,12745002,12.110557,3209184,1.047123,1.178400,2701.000000,2369.958517,,0.604089,,4739.916992,
Sample,07/04/2023 13:38:13,0,9440677,5.813702,12743832,12.123647,3209211,1.047132,1.148900,2698.300049,2367.676357,,0.604232,,4735.352539,
Sample,07/04/2023 13:38:28,0,,,12739003,12.177674,3209344,1.047175,1.135200,2700.500000,2369.535887,,0.604935,,4739.071777,
Sample,07/04/2023 13:38:33,0,,,12736756,12.202812,3209311,1.047164,1.155600,2702.000000,2370.803777,,0.604760,,4741.607422,
Sample,07/04/2023 13:38:38,0,,,12735321,12.218866,3209295,1.047159,1.133600,2702.100098,2370.888386,,0.604676,,4741.776855,
Sample,07/04/2023 13:38:43,0,,,12733909,12.234662,3209396,1.047192,1.135100,2705.100098,2373.424165,,0.605210,,4746.848145,
Sample,07/04/2023 13:38:48,0,,,12732913,12.245805,3209207,1.047130,1.119200,2704.300049,2372.747916,,0.604211,,4745.495605,
Sample,07/04/2023 13:38:53,0,,,12732524,12.250156,3209263,1.047149,1.089400,2702.300049,2371.057396,,0.604507,,4742.114746,
Sample,07/04/2023 13:38:58,0,,,12731920,12.256913,3209222,1.047135,1.102800,2702.899902,2371.564429,,0.604290,,4743.128906,
Sample,07/04/2023 13:39:03,0,,,12730798,12.269465,3209088,1.047091,1.102700,2701.199951,2370.127528,,0.603582,,4740.254883,
Sample,07/04/2023 13:39:08,0,,,12729775,12.280909,3209129,1.047105,1.085000,2702.300049,2371.057396,,0.603798,,4742.114746,
Sample,07/04/2023 13:39:13,0,9440663,5.813625,12728613,12.293908,3209220,1.047135,1.073500,2701.699951,2370.550158,,0.604279,,4741.100098,
Sample,07/04/2023 13:39:28,0,,,12727482,12.306559,3209294,1.047159,1.052000,2700.000000,2369.113257,,0.604671,,4738.226562,
Sample,07/04/2023 13:39:33,0,,,12726184,12.321079,3209083,1.047090,1.027700,2701.300049,2370.212137,,0.603555,,4740.424316,
Sample,07/04/2023 13:39:38,0,,,12724722,12.337434,3209312,1.047165,1.022500,2703.800049,2372.325286,,0.604766,,4744.650391,
Sample,07/04/2023 13:39:43,0,,,12724473,12.340219,3209246,1.047143,1.018700,2703.300049,2371.902656,,0.604417,,4743.805176,
Sample,07/04/2023 13:39:48,0,,,12723128,12.355264,3209047,1.047078,1.035900,2701.500000,2370.381147,,0.603365,,4740.762207,
Sample,07/04/2023 13:39:53,0,,,12721865,12.369392,3209180,1.047121,1.015100,2703.100098,2371.733646,,0.604068,,4743.467285,
Sample,07/04/2023 13:39:58,0,,,12723200,12.354459,3209291,1.047158,1.007300,2701.600098,2370.465756,,0.604655,,4740.931641,
Sample,07/04/2023 13:40:03,0,,,12722459,12.362748,3209197,1.047127,1.004500,2698.300049,2367.676357,,0.604158,,4735.352539,
Sample,07/04/2023 13:40:08,0,,,12723590,12.350096,3209318,1.047167,1.005300,2704.100098,2372.578906,,0.604797,,4745.157715,
Sample,07/04/2023 13:40:13,0,9440638,5.813488,12725544,12.328239,3209488,1.047223,1.009200,2700.899902,2369.873909,,0.605696,,4739.748047,
Sample,07/04/2023 13:40:28,0,,,12730397,12.273951,3209403,1.047195,0.978100,2701.199951,2370.127528,,0.605247,,4740.254883,
Sample,07/04/2023 13:40:33,0,,,12730647,12.271154,3208724,1.046972,0.956800,2701.600098,2370.465756,,0.601656,,4740.931641,
Sample,07/04/2023 13:40:38,0,,,12729554,12.283381,3208740,1.046977,0.955200,2702.699951,2371.395418,,0.601741,,4742.791016,
Sample,07/04/2023 13:40:43,0,,,12729904,12.279466,3208743,1.046978,0.950600,2702.500000,2371.226407,,0.601757,,4742.452637,
Sample,07/04/2023 13:40:48,0,,,12728729,12.292610,3208914,1.047034,0.948800,2702.199951,2370.972788,,0.602661,,4741.945801,
Sample,07/04/2023 13:40:53,0,,,12728094,12.299713,3208941,1.047043,0.951400,2701.800049,2370.634767,,0.602804,,4741.269531,
Sample,07/04/2023 13:40:58,0,,,12727021,12.311716,3208899,1.047029,0.951200,2703.300049,2371.902656,,0.602582,,4743.805176,
Sample,07/04/2023 13:41:03,0,,,12726451,12.318093,3209128,1.047104,0.955600,2704.199951,2372.663308,,0.603793,,4745.326660,
Sample,07/04/2023 13:41:08,0,,,12724923,12.335185,3209057,1.047081,0.948300,2704.199951,2372.663308,,0.603418,,4745.326660,
Sample,07/04/2023 13:41:13,0,9440624,5.813411,12723052,12.356114,3208824,1.047004,0.947700,2702.399902,2371.141799,,0.602185,,4742.283691,
Sample,07/04/2023 13:41:28,0,,,12718285,12.409437,3208907,1.047032,0.950700,2703.100098,2371.733646,,0.602624,,4743.467285,
Sample,07/04/2023 13:41:33,0,,,12718392,12.408240,3208999,1.047062,0.955200,2701.199951,2370.127528,,0.603111,,4740.254883,
Sample,07/04/2023 13:41:38,0,,,12717336,12.420052,3208775,1.046988,0.954800,2704.399902,2372.832318,,0.601926,,4745.664551,
Sample,07/04/2023 13:41:43,0,,,12716931,12.424582,3208838,1.047009,0.951500,2703.899902,2372.409688,,0.602259,,4744.819336,
Sample,07/04/2023 13:41:48,0,,,12716313,12.431495,3208982,1.047056,0.953700,2704.199951,2372.663308,,0.603021,,4745.326660,
Sample,07/04/2023 13:41:53,0,,,12716506,12.429336,3208786,1.046992,0.948600,2704.899902,2373.254948,,0.601984,,4746.509766,
Sample,07/04/2023 13:41:58,0,,,12717795,12.414918,3208951,1.047046,0.954200,2703.000000,2371.649037,,0.602857,,4743.297852,
Sample,07/04/2023 13:42:03,0,,,12717829,12.414538,3209074,1.047087,0.952100,2704.399902,2372.832318,,0.603508,,4745.664551,
Sample,07/04/2023 13:42:08,0,,,12718386,12.408307,3208867,1.047019,0.947400,2703.000000,2371.649037,,0.602413,,4743.297852,
Sample,07/04/2023 13:42:13,0,9440621,5.813394,12719031,12.401093,3208795,1.046995,0.939700,2704.199951,2372.663308,,0.602032,,4745.326660,
Sample,07/04/2023 13:42:28,0,,,12715533,12.440219,3208907,1.047032,0.938400,2702.199951,2370.972788,,0.602624,,4741.945801,
Sample,07/04/2023 13:42:33,0,,,12714773,12.448720,3208893,1.047027,0.936900,2705.500000,2373.762187,,0.602550,,4747.524414,
Sample,07/04/2023 13:42:38,0,,,12714834,12.448038,3208763,1.046984,0.939600,2704.500000,2372.916927,,0.601863,,4745.833984,
Sample,07/04/2023 13:42:43,0,,,12714221,12.454895,3208785,1.046992,0.930300,2704.899902,2373.254948,,0.601979,,4746.509766,
Sample,07/04/2023 13:42:48,0,,,12712497,12.474178,3208946,1.047045,0.933900,2702.699951,2371.395418,,0.602831,,4742.791016,
Sample,07/04/2023 13:42:53,0,,,12711411,12.486325,3208833,1.047007,0.934000,2705.800049,2374.015806,,0.602233,,4748.031738,
Sample,07/04/2023 13:42:58,0,,,12709396,12.508863,3208814,1.047001,0.924600,2704.600098,2373.001536,,0.602132,,4746.002930,
Sample,07/04/2023 13:43:03,0,,,12708083,12.523549,3208931,1.047040,0.928400,2705.399902,2373.677578,,0.602751,,4747.354980,
Sample,07/04/2023 13:43:08,0,,,12707238,12.533000,3208767,1.046986,0.930400,2704.800049,2373.170546,,0.601884,,4746.341309,
Sample,07/04/2023 13:43:13,0,9440599,5.813273,12706120,12.545504,3208643,1.046945,0.932500,2703.699951,2372.240678,,0.601228,,4744.481445,
Sample,07/04/2023 13:43:28,0,,,12703696,12.572616,3208729,1.046973,0.930300,2705.899902,2374.100208,,0.601683,,4748.200195,
Sample,07/04/2023 13:43:33,0,,,12702814,12.582481,3208954,1.047047,0.928100,2702.100098,2370.888386,,0.602873,,4741.776855,
Sample,07/04/2023 13:43:38,0,,,12701810,12.593710,3208575,1.046923,0.934700,2705.800049,2374.015806,,0.600868,,4748.031738,
Sample,07/04/2023 13:43:43,0,,,12701517,12.596987,3208632,1.046941,0.922500,2705.399902,2373.677578,,0.601170,,4747.354980,
Sample,07/04/2023 13:43:48,0,,,12701133,12.601282,3208939,1.047042,0.926900,2705.100098,2373.424165,,0.602794,,4746.848145,
Sample,07/04/2023 13:43:53,0,,,12700357,12.609961,3208654,1.046949,0.923600,2702.199951,2370.972788,,0.601286,,4741.945801,
Sample,07/04/2023 13:43:58,0,,,12699727,12.617007,3208751,1.046980,0.921100,2705.100098,2373.424165,,0.601799,,4746.848145,
Sample,07/04/2023 13:44:03,0,,,12698692,12.628583,3208742,1.046977,0.917800,2706.199951,2374.353828,,0.601752,,4748.707520,
Sample,07/04/2023 13:44:08,0,,,12698491,12.630831,3208535,1.046909,0.919800,2706.100098,2374.269425,,0.600656,,4748.539062,
Sample,07/04/2023 13:44:13,0,9440601,5.813284,12697161,12.645706,3208566,1.046920,0.919200,2706.600098,2374.692055,,0.600820,,4749.384277,
Sample,07/04/2023 13:44:28,0,,,12694202,12.678801,3208652,1.046948,0.914900,2705.500000,2373.762187,,0.601275,,4747.524414,
Sample,07/04/2023 13:44:33,0,,,12693360,12.688218,3208860,1.047016,0.917600,2706.000000,2374.184817,,0.602376,,4748.369629,
Sample,07/04/2023 13:44:38,0,,,12693896,12.682223,3208604,1.046932,0.915500,2706.100098,2374.269425,,0.601021,,4748.539062,
Sample,07/04/2023 13:44:43,0,,,12693546,12.686137,3208432,1.046876,0.917400,2705.100098,2373.424165,,0.600111,,4746.848145,
Sample,07/04/2023 13:44:48,0,,,12693055,12.691629,3208683,1.046958,0.921200,2703.600098,2372.156276,,0.601439,,4744.312500,
Sample,07/04/2023 13:44:53,0,,,12693429,12.687446,3208620,1.046937,0.921500,2705.100098,2373.424165,,0.601106,,4746.848145,
Sample,07/04/2023 13:44:58,0,,,12691997,12.703462,3208560,1.046918,0.915100,2705.300049,2373.593176,,0.600788,,4747.186523,
Sample,07/04/2023 13:45:03,0,,,12690871,12.716055,3208749,1.046980,0.917300,2704.300049,2372.747916,,0.601789,,4745.495605,
Sample,07/04/2023 13:45:08,0,,,12690894,12.715798,3208723,1.046971,0.915500,2705.300049,2373.593176,,0.601651,,4747.186523,
Sample,07/04/2023 13:45:13,0,9440581,5.813174,12690160,12.724007,3208500,1.046898,0.919800,2704.199951,2372.663308,,0.600471,,4745.326660,
Sample,07/04/2023 13:45:28,0,,,12690756,12.717341,3208318,1.046838,0.917400,2706.500000,2374.607447,,0.599508,,4749.214844,
Sample,07/04/2023 13:45:33,0,,,12691028,12.714299,3208429,1.046875,0.918600,2704.699951,2373.085938,,0.600095,,4746.171875,
Sample,07/04/2023 13:45:38,0,,,12690789,12.716972,3208274,1.046824,0.916200,2706.199951,2374.353828,,0.599275,,4748.707520,
Sample,07/04/2023 13:45:43,0,,,12690509,12.720104,3208586,1.046926,0.914000,2705.100098,2373.424165,,0.600926,,4746.848145,
Sample,07/04/2023 13:45:48,0,,,12691475,12.709300,3208847,1.047012,0.919200,2706.100098,2374.269425,,0.602307,,4748.539062,
Sample,07/04/2023 13:45:53,0,,,12690862,12.716156,3208539,1.046911,0.918600,2705.100098,2373.424165,,0.600677,,4746.848145,
Sample,07/04/2023 13:45:58,0,,,12689991,12.725897,3208233,1.046810,0.912800,2707.000000,2375.030077,,0.599057,,4750.060059,
Sample,07/04/2023 13:46:03,0,,,12690400,12.721323,3208700,1.046964,0.913300,2707.199951,2375.199087,,0.601529,,4750.397949,
Sample,07/04/2023 13:46:08,0,,,12689996,12.725841,3208521,1.046905,0.909400,2706.399902,2374.522838,,0.600582,,4749.045898,
Sample,07/04/2023 13:46:13,0,9440569,5.813108,12689761,12.728469,3208383,1.046859,0.915200,2705.699951,2373.931198,,0.599852,,4747.862305,
Sample,07/04/2023 13:46:28,0,,,12685607,12.774927,3208149,1.046783,0.911200,2705.800049,2374.015806,,0.598613,,4748.031738,
Sample,07/04/2023 13:46:33,0,,,12684611,12.786067,3208463,1.046886,0.906600,2705.100098,2373.424165,,0.600275,,4746.848145,
Sample,07/04/2023 13:46:38,0,,,12683021,12.803849,3208507,1.046900,0.905100,2708.000000,2375.875337,,0.600508,,4751.750488,
Sample,07/04/2023 13:46:43,0,,,12682896,12.805247,3208275,1.046824,0.906600,2706.699951,2374.776457,,0.599280,,4749.552734,
Sample,07/04/2023 13:46:48,0,,,12681871,12.816710,3208282,1.046826,0.905700,2705.500000,2373.762187,,0.599317,,4747.524414,
Sample,07/04/2023 13:46:53,0,,,12682125,12.813870,3208397,1.046864,0.910600,2706.000000,2374.184817,,0.599926,,4748.369629,
Sample,07/04/2023 13:46:58,0,,,12681404,12.821933,3208077,1.046759,0.916700,2705.600098,2373.846795,,0.598231,,4747.693359,
Sample,07/04/2023 13:47:03,0,,,12679895,12.838810,3208423,1.046873,0.915100,2706.500000,2374.607447,,0.600063,,4749.214844,
Sample,07/04/2023 13:47:08,0,,,12679379,12.844580,3208303,1.046833,0.915700,2707.500000,2375.452707,,0.599428,,4750.905273,
Sample,07/04/2023 13:47:13,0,9440553,5.813020,12679459,12.843686,3208251,1.046816,0.914700,2707.199951,2375.199087,,0.599153,,4750.397949,
Sample,07/04/2023 13:47:28,0,,,12678434,12.855149,3208210,1.046803,0.912100,2705.199951,2373.508568,,0.598936,,4747.017090,
Sample,07/04/2023 13:47:33,0,,,12678400,12.855529,3208268,1.046822,0.913900,2707.899902,2375.790728,,0.599243,,4751.581543,
Sample,07/04/2023 13:47:38,0,,,12678332,12.856290,3208108,1.046769,0.914400,2706.500000,2374.607447,,0.598395,,4749.214844,
Sample,07/04/2023 13:47:43,0,,,12677063,12.870482,3208259,1.046819,0.907600,2707.000000,2375.030077,,0.599195,,4750.060059,
Sample,07/04/2023 13:47:48,0,,,12676115,12.881084,3208253,1.046817,0.909300,2705.199951,2373.508568,,0.599163,,4747.017090,
Sample,07/04/2023 13:47:53,0,,,12675881,12.883701,3208230,1.046809,0.909500,2705.800049,2374.015806,,0.599042,,4748.031738,
Sample,07/04/2023 13:47:58,0,,,12675184,12.891497,3208252,1.046816,0.910100,2706.600098,2374.692055,,0.599158,,4749.384277,
Sample,07/04/2023 13:48:03,0,,,12675407,12.889003,3208180,1.046793,0.905500,2706.000000,2374.184817,,0.598777,,4748.369629,
Sample,07/04/2023 13:48:08,0,,,12676294,12.879083,3208070,1.046757,0.907300,2705.600098,2373.846795,,0.598194,,4747.693359,
Sample,07/04/2023 13:48:13,0,9440540,5.812949,12676307,12.878937,3208029,1.046743,0.916900,2708.100098,2375.959945,,0.597977,,4751.919922,
Sample,07/04/2023 13:48:28,0,,,12676911,12.872182,3207173,1.046462,0.918000,2705.800049,2374.015806,,0.593439,,4748.031738,
Sample,07/04/2023 13:48:33,0,,,12676774,12.873714,3207169,1.046460,0.922800,2706.800049,2374.861066,,0.593418,,4749.722168,
Sample,07/04/2023 13:48:38,0,,,12676359,12.878356,3207127,1.046447,0.916500,2707.800049,2375.706326,,0.593195,,4751.412598,
Sample,07/04/2023 13:48:43,0,,,12674899,12.894684,3207043,1.046419,0.915900,2706.899902,2374.945468,,0.592750,,4749.891113,
Sample,07/04/2023 13:48:48,0,,,12674530,12.898811,3207119,1.046444,0.919500,2706.500000,2374.607447,,0.593153,,4749.214844,
Sample,07/04/2023 13:48:53,0,,,12674460,12.899594,3207236,1.046482,0.915900,2705.199951,2373.508568,,0.593774,,4747.017090,
Sample,07/04/2023 13:48:58,0,,,12674098,12.903642,3207104,1.046439,0.918200,2706.899902,2374.945468,,0.593073,,4749.891113,
Sample,07/04/2023 13:49:03,0,,,12672966,12.916302,3206967,1.046394,0.916500,2707.199951,2375.199087,,0.592346,,4750.397949,
Sample,07/04/2023 13:49:08,0,,,12671702,12.930438,3207295,1.046502,0.914800,2707.199951,2375.199087,,0.594086,,4750.397949,
Sample,07/04/2023 13:49:13,0,9440534,5.812916,12670711,12.941522,3207027,1.046414,0.913700,2708.300049,2376.128956,,0.592665,,4752.257812,
Sample,07/04/2023 13:49:28,0,,,12668143,12.970242,3207187,1.046466,0.912700,2707.699951,2375.621717,,0.593514,,4751.243652,
Sample,07/04/2023 13:49:33,0,,,12667938,12.972534,3207071,1.046428,0.914500,2708.899902,2376.635988,,0.592898,,4753.271973,
Sample,07/04/2023 13:49:38,0,,,12667963,12.972255,3207103,1.046439,0.910500,2709.100098,2376.805205,,0.593068,,4753.610352,
Sample,07/04/2023 13:49:43,0,,,12667077,12.982163,3207201,1.046471,0.908800,2707.600098,2375.537315,,0.593588,,4751.074707,
Sample,07/04/2023 13:49:48,0,,,12665788,12.996579,3207212,1.046475,0.902600,2711.199951,2378.580127,,0.593646,,4757.160156,
Sample,07/04/2023 13:49:53,0,,,12664013,13.016431,3207204,1.046472,0.907500,2710.399902,2377.903878,,0.593604,,4755.807617,
Sample,07/04/2023 13:49:58,0,,,12662943,13.028397,3207050,1.046421,0.901600,2711.100098,2378.495725,,0.592787,,4756.991211,
Sample,07/04/2023 13:50:03,0,,,12662181,13.036920,3206841,1.046353,0.905600,2707.600098,2375.537315,,0.591678,,4751.074707,
Sample,07/04/2023 13:50:08,0,,,12660900,13.051246,3207056,1.046423,0.905000,2707.000000,2375.030077,,0.592819,,4750.060059,
Sample,07/04/2023 13:50:13,0,9440506,5.812762,12660722,13.053237,3207075,1.046430,0.908500,2707.899902,2375.790728,,0.592919,,4751.581543,
Sample,07/04/2023 13:50:28,0,,,12656979,13.095098,3206943,1.046386,0.913100,2707.500000,2375.452707,,0.592219,,4750.905273,
Sample,07/04/2023 13:50:33,0,,,12654993,13.117310,3206846,1.046354,0.915500,2708.300049,2376.128956,,0.591704,,4752.257812,
Sample,07/04/2023 13:50:38,0,,,12654065,13.127689,3206888,1.046368,0.917100,2708.199951,2376.044347,,0.591927,,4752.088867,
Sample,07/04/2023 13:50:43,0,,,12652588,13.144208,3206895,1.046370,0.924700,2707.800049,2375.706326,,0.591964,,4751.412598,
Sample,07/04/2023 13:50:48,0,,,12651655,13.154643,3206898,1.046371,0.921400,2707.399902,2375.368098,,0.591980,,4750.736328,
Sample,07/04/2023 13:50:53,0,,,12651942,13.151433,3206941,1.046385,0.923600,2707.000000,2375.030077,,0.592208,,4750.060059,
Sample,07/04/2023 13:50:58,0,,,12651055,13.161353,3206935,1.046384,0.926700,2708.399902,2376.213358,,0.592177,,4752.426758,
Sample,07/04/2023 13:51:03,0,,,12651498,13.156399,3206842,1.046353,0.923700,2708.300049,2376.128956,,0.591683,,4752.257812,
Sample,07/04/2023 13:51:08,0,,,12651065,13.161241,3206774,1.046331,0.925400,2709.399902,2377.058618,,0.591322,,4754.117188,
Sample,07/04/2023 13:51:13,0,9440502,5.812740,12650092,13.172124,3206749,1.046322,0.921900,2708.000000,2375.875337,,0.591189,,4751.750488,
Sample,07/04/2023 13:51:28,0,,,12647844,13.197266,3206737,1.046318,0.931800,2708.399902,2376.213358,,0.591126,,4752.426758,
Sample,07/04/2023 13:51:33,0,,,12646271,13.214859,3206759,1.046326,0.932500,2709.500000,2377.143227,,0.591242,,4754.286621,
Sample,07/04/2023 13:51:38,0,,,12645921,13.218773,3206676,1.046298,0.936600,2709.899902,2377.481248,,0.590802,,4754.962402,
Sample,07/04/2023 13:51:43,0,,,12645577,13.222621,3206637,1.046286,0.937800,2707.699951,2375.621717,,0.590595,,4751.243652,
Sample,07/04/2023 13:51:48,0,,,12646030,13.217554,3206685,1.046301,0.937100,2709.800049,2377.396846,,0.590849,,4754.793457,
Sample,07/04/2023 13:51:53,0,,,12646020,13.217666,3206640,1.046287,0.939000,2710.399902,2377.903878,,0.590610,,4755.807617,
Sample,07/04/2023 13:51:58,0,,,12645057,13.228437,3206746,1.046321,0.938700,2707.300049,2375.283696,,0.591173,,4750.567383,
Sample,07/04/2023 13:52:03,0,,,12644019,13.240046,3206650,1.046290,0.942700,2708.500000,2376.297967,,0.590664,,4752.595703,
Sample,07/04/2023 13:52:08,0,,,12643821,13.242261,3206665,1.046295,0.943200,2710.100098,2377.650465,,0.590743,,4755.300781,
Sample,07/04/2023 13:52:13,0,9440491,5.812679,12644172,13.238335,3206577,1.046266,0.942000,2708.899902,2376.635988,,0.590276,,4753.271973,
Sample,07/04/2023 13:52:28,0,,,12642515,13.256868,3206667,1.046295,0.940000,2708.300049,2376.128956,,0.590754,,4752.257812,
Sample,07/04/2023 13:52:33,0,,,12643381,13.247182,3206718,1.046312,0.937400,2710.500000,2377.988486,,0.591025,,4755.977051,
Sample,07/04/2023 13:52:38,0,,,12644614,13.233392,3206629,1.046283,0.942800,2709.899902,2377.481248,,0.590552,,4754.962402,
Sample,07/04/2023 13:52:43,0,,,12645628,13.222050,3206449,1.046224,0.943000,2709.800049,2377.396846,,0.589596,,4754.793457,
Sample,07/04/2023 13:52:48,0,,,12648085,13.194570,3206521,1.046247,0.941800,2708.199951,2376.044347,,0.589979,,4752.088867,
Sample,07/04/2023 13:52:53,0,,,12648307,13.192087,3206512,1.046244,0.942400,2708.899902,2376.635988,,0.589931,,4753.271973,
Sample,07/04/2023 13:52:58,0,,,12646725,13.209781,3206468,1.046230,0.938000,2708.899902,2376.635988,,0.589697,,4753.271973,
Sample,07/04/2023 13:53:03,0,,,12649037,13.183923,3206429,1.046217,0.946900,2707.899902,2375.790728,,0.589490,,4751.581543,
Sample,07/04/2023 13:53:08,0,,,12649891,13.174372,3206507,1.046243,0.944000,2708.399902,2376.213358,,0.589904,,4752.426758,
Sample,07/04/2023 13:53:13,0,9440483,5.812635,12650414,13.168522,3206275,1.046167,0.942800,2711.000000,2378.411116,,0.588672,,4756.822266,
Sample,07/04/2023 13:53:28,0,,,12648095,13.194459,3206494,1.046239,0.945400,2708.500000,2376.297967,,0.589835,,4752.595703,
Sample,07/04/2023 13:53:33,0,,,12649868,13.174629,3206327,1.046184,0.940400,2709.199951,2376.889607,,0.588948,,4753.779297,
Sample,07/04/2023 13:53:38,0,,,12650135,13.171643,3206450,1.046224,0.946900,2710.500000,2377.988486,,0.589601,,4755.977051,
Sample,07/04/2023 13:53:43,0,,,12647990,13.195633,3206452,1.046225,0.941900,2709.300049,2376.974216,,0.589612,,4753.948242,
Sample,07/04/2023 13:53:48,0,,,12645693,13.221323,3206383,1.046202,0.942800,2710.000000,2377.565856,,0.589246,,4755.131836,
Sample,07/04/2023 13:53:53,0,,,12644431,13.235438,3206186,1.046137,0.940400,2712.000000,2379.256376,,0.588199,,4758.512695,
Sample,07/04/2023 13:53:58,0,,,12643006,13.251376,3206405,1.046209,0.933100,2710.800049,2378.242106,,0.589362,,4756.484375,
Sample,07/04/2023 13:54:03,0,,,12641203,13.271542,3206416,1.046213,0.934500,2710.600098,2378.073095,,0.589421,,4756.145996,
Sample,07/04/2023 13:54:08,0,,,12639858,13.286586,3206158,1.046128,0.938400,2710.800049,2378.242106,,0.588050,,4756.484375,
Sample,07/04/2023 13:54:13,0,9440474,5.812586,12639442,13.291239,3206215,1.046147,0.938500,2710.800049,2378.242106,,0.588353,,4756.484375,
Sample,07/04/2023 13:54:28,0,,,12638814,13.298263,3206360,1.046195,0.940400,2710.500000,2377.988486,,0.589123,,4755.977051,
Sample,07/04/2023 13:54:33,0,,,12637967,13.307736,3206425,1.046216,0.940700,2707.399902,2375.368098,,0.589469,,4750.736328,
Sample,07/04/2023 13:54:38,0,,,12639060,13.295511,3206093,1.046107,0.940000,2706.800049,2374.861066,,0.587705,,4749.722168,
Sample,07/04/2023 13:54:43,0,,,12637813,13.309459,3206289,1.046171,0.939800,2711.100098,2378.495725,,0.588746,,4756.991211,
Sample,07/04/2023 13:54:48,0,,,12636582,13.323227,3206298,1.046174,0.941700,2711.399902,2378.749138,,0.588794,,4757.498047,
Sample,07/04/2023 13:54:53,0,,,12635577,13.334468,3206098,1.046108,0.943100,2711.800049,2379.087366,,0.587731,,4758.174805,
Sample,07/04/2023 13:54:58,0,,,12633966,13.352487,3206287,1.046171,0.940100,2709.699951,2377.312237,,0.588736,,4754.624512,
Sample,07/04/2023 13:55:03,0,,,12632871,13.364735,3205993,1.046074,0.943400,2712.399902,2379.594398,,0.587173,,4759.188965,
Sample,07/04/2023 13:55:08,0,,,12633224,13.360787,3206155,1.046127,0.943800,2710.899902,2378.326508,,0.588034,,4756.652832,
Sample,07/04/2023 13:55:13,0,9440461,5.812515,12635357,13.336929,3206261,1.046162,0.940900,2710.699951,2378.157497,,0.588597,,4756.314941,
Sample,07/04/2023 13:55:28,0,,,12640508,13.279316,3206051,1.046093,0.940200,2709.300049,2376.974216,,0.587481,,4753.948242,
Sample,07/04/2023 13:55:33,0,,,12639447,13.291183,3206141,1.046123,0.941200,2711.600098,2378.918355,,0.587960,,4757.836914,
Sample,07/04/2023 13:55:38,0,,,12638715,13.299370,3206118,1.046115,0.937900,2711.000000,2378.411116,,0.587838,,4756.822266,
Sample,07/04/2023 13:55:43,0,,,12640000,13.284997,3205960,1.046063,0.932600,2709.800049,2377.396846,,0.586998,,4754.793457,
Sample,07/04/2023 13:55:48,0,,,12639473,13.290892,3205982,1.046070,0.929900,2709.600098,2377.227835,,0.587115,,4754.455566,
Sample,07/04/2023 13:55:53,0,,,12640202,13.282738,3205901,1.046044,0.931500,2708.699951,2376.466977,,0.586684,,4752.934082,
Sample,07/04/2023 13:55:58,0,,,12640056,13.284371,3205976,1.046068,0.928300,2711.699951,2379.002757,,0.587083,,4758.005371,
Sample,07/04/2023 13:56:03,0,,,12640010,13.284886,3205943,1.046057,0.926200,2712.199951,2379.425387,,0.586907,,4758.850586,
Sample,07/04/2023 13:56:08,0,,,12640710,13.277056,3205982,1.046070,0.929300,2712.100098,2379.340985,,0.587115,,4758.682129,
Sample,07/04/2023 13:56:13,0,9440455,5.812482,12641357,13.269820,3205841,1.046024,0.930800,2709.899902,2377.481248,,0.586365,,4754.962402,
Sample,07/04/2023 13:56:28,0,,,12642146,13.260995,3205961,1.046063,0.936000,2709.500000,2377.143227,,0.587003,,4754.286621,
Sample,07/04/2023 13:56:33,0,,,12642905,13.252506,3205974,1.046068,0.931600,2707.800049,2375.706326,,0.587072,,4751.412598,
Sample,07/04/2023 13:56:38,0,,,12643314,13.247931,3205748,1.045993,0.932500,2710.100098,2377.650465,,0.585870,,4755.300781,
Sample,07/04/2023 13:56:43,0,,,12643549,13.245303,3205985,1.046071,0.936300,2710.199951,2377.734867,,0.587131,,4755.469727,
Sample,07/04/2023 13:56:48,0,,,12643573,13.245035,3205968,1.046066,0.927400,2710.800049,2378.242106,,0.587040,,4756.484375,
Sample,07/04/2023 13:56:53,0,,,12643734,13.243234,3205748,1.045993,0.925400,2711.600098,2378.918355,,0.585870,,4757.836914,
Sample,07/04/2023 13:56:58,0,,,12644200,13.238022,3205966,1.046065,0.928000,2710.399902,2377.903878,,0.587030,,4755.807617,
Sample,07/04/2023 13:57:03,0,,,12644959,13.229533,3206017,1.046082,0.931100,2711.199951,2378.580127,,0.587301,,4757.160156,
Sample,07/04/2023 13:57:08,0,,,12644566,13.233928,3205816,1.046016,0.929000,2712.100098,2379.340985,,0.586232,,4758.682129,
Sample,07/04/2023 13:57:13,0,9440438,5.812388,12644124,13.238872,3205808,1.046013,0.928900,2711.300049,2378.664736,,0.586190,,4757.329590,
Sample,07/04/2023 13:57:28,0,,,12643238,13.248781,3205880,1.046037,0.926300,2711.300049,2378.664736,,0.586572,,4757.329590,
Sample,07/04/2023 13:57:33,0,,,12643247,13.248681,3205821,1.046017,0.925600,2710.100098,2377.650465,,0.586259,,4755.300781,
Sample,07/04/2023 13:57:38,0,,,12644481,13.234879,3205729,1.045987,0.934400,2710.199951,2377.734867,,0.585769,,4755.469727,
Sample,07/04/2023 13:57:43,0,,,12645374,13.224891,3205836,1.046022,0.928500,2710.699951,2378.157497,,0.586338,,4756.314941,
Sample,07/04/2023 13:57:48,0,,,12646185,13.215821,3205972,1.046067,0.934200,2710.699951,2378.157497,,0.587061,,4756.314941,
Sample,07/04/2023 13:57:53,0,,,12646105,13.216715,3205694,1.045976,0.933800,2709.399902,2377.058618,,0.585583,,4754.117188,
Sample,07/04/2023 13:57:58,0,,,12646654,13.210575,3205932,1.046054,0.933600,2709.600098,2377.227835,,0.586849,,4754.455566,
Sample,07/04/2023 13:58:03,0,,,12646867,13.208193,3205834,1.046022,0.930500,2711.300049,2378.664736,,0.586328,,4757.329590,
Sample,07/04/2023 13:58:08,0,,,12647084,13.205766,3205741,1.045991,0.931300,2710.199951,2377.734867,,0.585833,,4755.469727,
Sample,07/04/2023 13:58:13,0,9440427,5.812328,12647057,13.206068,3205871,1.046034,0.933000,2710.899902,2378.326508,,0.586524,,4756.652832,
Sample,07/04/2023 13:58:28,0,,,12646712,13.209927,3205901,1.046044,0.931100,2710.100098,2377.650465,,0.586684,,4755.300781,
Sample,07/04/2023 13:58:33,0,,,12646765,13.209334,3205682,1.045972,0.934200,2709.199951,2376.889607,,0.585519,,4753.779297,
Sample,07/04/2023 13:58:38,0,,,12646416,13.213237,3205693,1.045975,0.935700,2709.600098,2377.227835,,0.585578,,4754.455566,
Sample,07/04/2023 13:58:43,0,,,12645890,13.219120,3205685,1.045973,0.923800,2710.800049,2378.242106,,0.585535,,4756.484375,
Sample,07/04/2023 13:58:48,0,,,12645863,13.219422,3205897,1.046042,0.932500,2708.800049,2376.551586,,0.586663,,4753.103027,
Sample,07/04/2023 13:58:53,0,,,12645374,13.224891,3205800,1.046010,0.929500,2707.500000,2375.452707,,0.586147,,4750.905273,
Sample,07/04/2023 13:58:58,0,,,12644642,13.233078,3205708,1.045980,0.926900,2710.000000,2377.565856,,0.585658,,4755.131836,
Sample,07/04/2023 13:59:03,0,,,12644100,13.239140,3205814,1.046015,0.929400,2707.800049,2375.706326,,0.586221,,4751.412598,
Sample,07/04/2023 13:59:08,0,,,12643676,13.243883,3205887,1.046039,0.927700,2709.899902,2377.481248,,0.586610,,4754.962402,
Sample,07/04/2023 13:59:13,0,9440415,5.812262,12643788,13.242630,3205796,1.046009,0.929000,2708.699951,2376.466977,,0.586126,,4752.934082,
Sample,07/04/2023 13:59:28,0,,,12643471,13.246175,3205815,1.046015,0.925900,2709.100098,2376.805205,,0.586227,,4753.610352,
Sample,07/04/2023 13:59:33,0,,,12643743,13.243133,3206015,1.046081,0.924200,2713.600098,2380.608875,,0.587290,,4761.217773,
Sample,07/04/2023 13:59:38,0,,,12644442,13.235315,3205710,1.045981,0.926500,2709.100098,2376.805205,,0.585668,,4753.610352,
Sample,07/04/2023 13:59:43,0,,,12644740,13.231982,3205732,1.045988,0.929300,2709.199951,2376.889607,,0.585785,,4753.779297,
Sample,07/04/2023 13:59:48,0,,,12645095,13.228012,3205845,1.046025,0.934000,2709.300049,2376.974216,,0.586386,,4753.948242,
Sample,07/04/2023 13:59:53,0,,,12645429,13.224276,3205846,1.046026,0.927400,2709.600098,2377.227835,,0.586392,,4754.455566,
Sample,07/04/2023 13:59:58,0,,,12645318,13.225518,3205820,1.046017,0.929000,2711.100098,2378.495725,,0.586253,,4756.991211,
Sample,07/04/2023 14:00:03,0,,,12644889,13.230316,3205815,1.046015,0.927700,2709.600098,2377.227835,,0.586227,,4754.455566,
Sample,07/04/2023 14:00:08,0,,,12644753,13.231837,3205780,1.046004,0.927300,2709.500000,2377.143227,,0.586041,,4754.286621,
Sample,07/04/2023 14:00:13,0,9440396,5.812157,12644444,13.235293,3205784,1.046005,0.929100,2709.500000,2377.143227,,0.586062,,4754.286621,
Sample,07/04/2023 14:00:28,0,,,12644972,13.229387,3205752,1.045995,0.930100,2711.000000,2378.411116,,0.585892,,4756.822266,
Sample,07/04/2023 14:00:33,0,,,12645247,13.226312,3205906,1.046045,0.929600,2709.399902,2377.058618,,0.586711,,4754.117188,
Sample,07/04/2023 14:00:38,0,,,12645760,13.220574,3205637,1.045957,0.929800,2711.500000,2378.833746,,0.585280,,4757.667480,
Sample,07/04/2023 14:00:43,0,,,12646264,13.214937,3205848,1.046026,0.929000,2708.800049,2376.551586,,0.586402,,4753.103027,
Sample,07/04/2023 14:00:48,0,,,12646798,13.208965,3206024,1.046084,0.934200,2708.699951,2376.466977,,0.587338,,4752.934082,
Sample,07/04/2023 14:00:53,0,,,12646991,13.206806,3205820,1.046017,0.927100,2709.899902,2377.481248,,0.586253,,4754.962402,
Sample,07/04/2023 14:00:58,0,,,12646785,13.209110,3205685,1.045973,0.928400,2711.300049,2378.664736,,0.585535,,4757.329590,
Sample,07/04/2023 14:01:03,0,,,12647373,13.202534,3205882,1.046037,0.935200,2711.100098,2378.495725,,0.586583,,4756.991211,
Sample,07/04/2023 14:01:08,0,,,12647421,13.201997,3205874,1.046035,0.927700,2712.100098,2379.340985,,0.586540,,4758.682129,
Sample,07/04/2023 14:01:13,0,9440382,5.812080,12647769,13.198105,3205869,1.046033,0.930200,2711.100098,2378.495725,,0.586514,,4756.991211,
Sample,07/04/2023 14:01:28,0,,,12646381,13.213629,3205603,1.045946,0.929100,2709.300049,2376.974216,,0.585099,,4753.948242,
Sample,07/04/2023 14:01:33,0,,,12646074,13.217062,3205644,1.045959,0.928400,2709.500000,2377.143227,,0.585317,,4754.286621,
Sample,07/04/2023 14:01:38,0,,,12645692,13.221335,3205938,1.046056,0.928300,2710.500000,2377.988486,,0.586881,,4755.977051,
Sample,07/04/2023 14:01:43,0,,,12646019,13.217677,3205760,1.045997,0.931000,2710.600098,2378.073095,,0.585934,,4756.145996,
Sample,07/04/2023 14:01:48,0,,,12646379,13.213651,3205785,1.046006,0.932100,2709.800049,2377.396846,,0.586067,,4754.793457,
Sample,07/04/2023 14:01:53,0,,,12646633,13.210810,3205829,1.046020,0.927700,2708.699951,2376.466977,,0.586301,,4752.934082,
Sample,07/04/2023 14:01:58,0,,,12645845,13.219623,3205801,1.046011,0.927100,2711.800049,2379.087366,,0.586152,,4758.174805,
Sample,07/04/2023 14:02:03,0,,,12645290,13.225831,3205860,1.046030,0.931600,2709.399902,2377.058618,,0.586466,,4754.117188,
Sample,07/04/2023 14:02:08,0,,,12644512,13.234532,3205834,1.046022,0.926100,2709.800049,2377.396846,,0.586328,,4754.793457,
Sample,07/04/2023 14:02:13,0,9440370,5.812014,12644656,13.232922,3205918,1.046049,0.928000,2711.600098,2378.918355,,0.586774,,4757.836914,
Sample,07/04/2023 14:02:28,0,,,12646952,13.207242,3205654,1.045962,0.927700,2711.399902,2378.749138,,0.585370,,4757.498047,
Sample,07/04/2023 14:02:33,0,,,12647407,13.202153,3205614,1.045949,0.927200,2710.000000,2377.565856,,0.585158,,4755.131836,
Sample,07/04/2023 14:02:38,0,,,12648260,13.192613,3205888,1.046039,0.934200,2711.699951,2379.002757,,0.586615,,4758.005371,
Sample,07/04/2023 14:02:43,0,,,12648844,13.186082,3205623,1.045952,0.938800,2709.000000,2376.720597,,0.585206,,4753.441406,
Sample,07/04/2023 14:02:48,0,,,12649157,13.182581,3205793,1.046008,0.932600,2711.699951,2379.002757,,0.586110,,4758.005371,
Sample,07/04/2023 14:02:53,0,,,12649031,13.183990,3205586,1.045940,0.932400,2709.399902,2377.058618,,0.585009,,4754.117188,
Sample,07/04/2023 14:02:58,0,,,12649672,13.176821,3205803,1.046011,0.932600,2707.800049,2375.706326,,0.586163,,4751.412598,
Sample,07/04/2023 14:03:03,0,,,12650227,13.170614,3205715,1.045982,0.925700,2708.800049,2376.551586,,0.585695,,4753.103027,
Sample,07/04/2023 14:03:08,0,,,12650476,13.167829,3205804,1.046012,0.925700,2707.699951,2375.621717,,0.586168,,4751.243652,
Sample,07/04/2023 14:03:13,0,9440347,5.811888,12651253,13.159139,3205794,1.046008,0.925700,2708.500000,2376.297967,,0.586115,,4752.595703,
Sample,07/04/2023 14:03:28,0,,,12649993,13.173231,3205813,1.046015,0.934000,2709.399902,2377.058618,,0.586216,,4754.117188,
Sample,07/04/2023 14:03:33,0,,,12650777,13.164462,3205716,1.045983,0.930000,2709.100098,2376.805205,,0.585700,,4753.610352,
Sample,07/04/2023 14:03:38,0,,,12651343,13.158132,3205859,1.046030,0.928800,2708.500000,2376.297967,,0.586461,,4752.595703,
Sample,07/04/2023 14:03:43,0,,,12651127,13.160548,3205814,1.046015,0.930000,2710.600098,2378.073095,,0.586221,,4756.145996,
Sample,07/04/2023 14:03:48,0,,,12650459,13.168019,3205791,1.046007,0.933500,2709.399902,2377.058618,,0.586099,,4754.117188,
Sample,07/04/2023 14:03:53,0,,,12650778,13.164451,3205776,1.046003,0.926700,2710.100098,2377.650465,,0.586019,,4755.300781,
Sample,07/04/2023 14:03:58,0,,,12649918,13.174070,3205716,1.045983,0.935100,2709.000000,2376.720597,,0.585700,,4753.441406,
Sample,07/04/2023 14:04:03,0,,,12648699,13.187703,3205694,1.045976,0.928000,2707.199951,2375.199087,,0.585583,,4750.397949,
Sample,07/04/2023 14:04:08,0,,,12648570,13.189146,3205935,1.046055,0.930600,2708.699951,2376.466977,,0.586865,,4752.934082,
Sample,07/04/2023 14:04:13,0,9440330,5.811794,12648485,13.190097,3205746,1.045993,0.924900,2707.300049,2375.283696,,0.585860,,4750.567383,
Sample,07/04/2023 14:04:28,0,,,12650258,13.170267,3205915,1.046048,0.926800,2708.699951,2376.466977,,0.586758,,4752.934082,
Sample,07/04/2023 14:04:33,0,,,12650352,13.169216,3205691,1.045975,0.929400,2710.000000,2377.565856,,0.585567,,4755.131836,
Sample,07/04/2023 14:04:38,0,,,12650645,13.165939,3205801,1.046011,0.929900,2708.800049,2376.551586,,0.586152,,4753.103027,
Sample,07/04/2023 14:04:43,0,,,12650915,13.162919,3205783,1.046005,0.936300,2710.399902,2377.903878,,0.586057,,4755.807617,
Sample,07/04/2023 14:04:48,0,,,12651863,13.152316,3205737,1.045990,0.924500,2707.399902,2375.368098,,0.585812,,4750.736328,
Sample,07/04/2023 14:04:53,0,,,12652051,13.150214,3205754,1.045995,0.922000,2707.100098,2375.114685,,0.585902,,4750.229492,
Sample,07/04/2023 14:04:58,0,,,12652311,13.147306,3205759,1.045997,0.925200,2704.699951,2373.085938,,0.585929,,4746.171875,
Sample,07/04/2023 14:05:03,0,,,12653233,13.136994,3205862,1.046031,0.835000,2704.199951,2372.663308,,0.586477,,4745.326660,
Sample,07/04/2023 14:05:08,0,,,12654733,13.120218,3205750,1.045994,0.833600,2706.100098,2374.269425,,0.585881,,4748.539062,
Sample,07/04/2023 14:05:13,0,9440229,5.811239,12655852,13.107703,3205995,1.046075,0.837200,2705.800049,2374.015806,,0.587184,,4748.031738,
Sample,07/04/2023 14:05:28,0,,,12659614,13.065629,3205838,1.046023,0.839800,2705.600098,2373.846795,,0.586349,,4747.693359,
Sample,07/04/2023 14:05:33,0,,,12660734,13.053103,3205785,1.046006,0.836400,2705.399902,2373.677578,,0.586067,,4747.354980,
Sample,07/04/2023 14:05:38,0,,,12661701,13.042288,3205901,1.046044,0.838200,2705.800049,2374.015806,,0.586684,,4748.031738,
Sample,07/04/2023 14:05:43,0,,,12662754,13.030511,3205858,1.046030,0.841000,2704.899902,2373.254948,,0.586455,,4746.509766,
Sample,07/04/2023 14:05:48,0,,,12662199,13.036718,3205814,1.046015,0.837700,2706.000000,2374.184817,,0.586221,,4748.369629,
Sample,07/04/2023 14:05:53,0,,,12662543,13.032871,3205878,1.046036,0.834200,2706.399902,2374.522838,,0.586562,,4749.045898,
Sample,07/04/2023 14:05:58,0,,,12663720,13.019708,3205951,1.046060,0.839100,2705.000000,2373.339557,,0.586950,,4746.679199,
Sample,07/04/2023 14:06:03,0,,,12665500,12.999800,3205866,1.046032,0.840500,2704.699951,2373.085938,,0.586498,,4746.171875,
Sample,07/04/2023 14:06:08,0,,,12665567,12.999051,3205721,1.045984,0.837900,2706.300049,2374.438436,,0.585727,,4748.876953,
Sample,07/04/2023 14:06:13,0,9440218,5.811179,12666684,12.986559,3205888,1.046039,0.834800,2705.199951,2373.508568,,0.586615,,4747.017090,
Sample,07/04/2023 14:06:28,0,,,12666512,12.988482,3206120,1.046116,0.834600,2704.300049,2372.747916,,0.587848,,4745.495605,
Sample,07/04/2023 14:06:33,0,,,12667215,12.980620,3205997,1.046075,0.843200,2705.399902,2373.677578,,0.587194,,4747.354980,
Sample,07/04/2023 14:06:38,0,,,12668541,12.965790,3205979,1.046069,0.840600,2704.699951,2373.085938,,0.587099,,4746.171875,
Sample,07/04/2023 14:06:43,0,,,12669424,12.955915,3206044,1.046091,0.835200,2706.300049,2374.438436,,0.587444,,4748.876953,
Sample,07/04/2023 14:06:48,0,,,12671515,12.932530,3205842,1.046024,0.840100,2705.800049,2374.015806,,0.586370,,4748.031738,
Sample,07/04/2023 14:06:53,0,,,12672552,12.920932,3206011,1.046080,0.836800,2703.800049,2372.325286,,0.587269,,4744.650391,
Sample,07/04/2023 14:06:58,0,,,12678264,12.857050,3205970,1.046066,0.837700,2705.899902,2374.100208,,0.587051,,4748.200195,
Sample,07/04/2023 14:07:03,0,,,12681158,12.824684,3206192,1.046139,0.849600,2704.199951,2372.663308,,0.588231,,4745.326660,
Sample,07/04/2023 14:07:08,0,,,12682157,12.813512,3206049,1.046092,1.038500,2706.500000,2374.607447,,0.587471,,4749.214844,
Sample,07/04/2023 14:07:13,0,9440214,5.811157,12679848,12.839335,3205979,1.046069,1.037000,2707.399902,2375.368098,,0.587099,,4750.736328,
Sample,07/04/2023 14:07:28,0,,,12674608,12.897938,3206016,1.046081,1.039600,2704.000000,2372.494297,,0.587295,,4744.988770,
Sample,07/04/2023 14:07:33,0,,,12674981,12.893767,3205944,1.046058,1.037400,2705.300049,2373.593176,,0.586913,,4747.186523,
Sample,07/04/2023 14:07:38,0,,,12676560,12.876108,3206019,1.046082,1.038000,2704.100098,2372.578906,,0.587311,,4745.157715,
Sample,07/04/2023 14:07:43,0,,,12677036,12.870784,3206009,1.046079,0.801000,2703.500000,2372.071667,,0.587258,,4744.143555,
Sample,07/04/2023 14:07:48,0,,,12678462,12.854836,3205943,1.046057,1.086400,2706.600098,2374.692055,,0.586907,,4749.384277,
Sample,07/04/2023 14:07:53,0,,,12679162,12.847007,3206041,1.046090,1.085000,2705.300049,2373.593176,,0.587428,,4747.186523,
Sample,07/04/2023 14:07:58,0,,,12678943,12.849457,3206008,1.046079,1.005800,2706.699951,2374.776457,,0.587253,,4749.552734,
Sample,07/04/2023 14:08:03,0,,,12679056,12.848193,3206068,1.046099,0.758000,2704.399902,2372.832318,,0.587572,,4745.664551,
Sample,07/04/2023 14:08:08,0,,,12680852,12.828107,3206119,1.046115,0.759300,2705.100098,2373.424165,,0.587843,,4746.848145,
Sample,07/04/2023 14:08:13,0,9440196,5.811058,12680821,12.828453,3206098,1.046108,0.759200,2704.800049,2373.170546,,0.587731,,4746.341309,
Sample,07/04/2023 14:08:28,0,,,12680043,12.837154,3206096,1.046108,0.758600,2702.600098,2371.311016,,0.587721,,4742.622070,
Sample,07/04/2023 14:08:33,0,,,12680706,12.829740,3206226,1.046150,0.756300,2704.199951,2372.663308,,0.588411,,4745.326660,
Sample,07/04/2023 14:08:38,0,,,12681677,12.818880,3206373,1.046199,0.758500,2704.000000,2372.494297,,0.589192,,4744.988770,
Sample,07/04/2023 14:08:43,0,,,12682724,12.807171,3206215,1.046147,0.752600,2703.899902,2372.409688,,0.588353,,4744.819336,
Sample,07/04/2023 14:08:48,0,,,12682496,12.809720,3206323,1.046182,0.754800,2705.500000,2373.762187,,0.588927,,4747.524414,
Sample,07/04/2023 14:08:53,0,,,12683063,12.803379,3206267,1.046164,0.754300,2704.600098,2373.001536,,0.588629,,4746.002930,
Sample,07/04/2023 14:08:58,0,,,12683563,12.797787,3206113,1.046113,0.771500,2704.600098,2373.001536,,0.587811,,4746.002930,
Sample,07/04/2023 14:09:03,0,,,12683345,12.800225,3206225,1.046150,1.065100,2703.800049,2372.325286,,0.588406,,4744.650391,
Sample,07/04/2023 14:09:08,0,,,12684076,12.792050,3206154,1.046127,1.007600,2704.500000,2372.916927,,0.588029,,4745.833984,
Sample,07/04/2023 14:09:13,0,9440191,5.811030,12684455,12.787811,3206176,1.046134,1.066400,2703.899902,2372.409688,,0.588146,,4744.819336,
Sample,07/04/2023 14:09:28,0,,,12685558,12.775475,3206356,1.046193,1.114000,2704.399902,2372.832318,,0.589102,,4745.664551,
Sample,07/04/2023 14:09:33,0,,,12684779,12.784188,3206305,1.046176,1.003900,2705.300049,2373.593176,,0.588831,,4747.186523,
Sample,07/04/2023 14:09:38,0,,,12685511,12.776001,3206037,1.046088,1.094200,2702.899902,2371.564429,,0.587407,,4743.128906,
Sample,07/04/2023 14:09:43,0,,,12685980,12.770756,3206172,1.046133,1.052400,2702.699951,2371.395418,,0.588124,,4742.791016,
Sample,07/04/2023 14:09:48,0,,,12687834,12.750021,3206310,1.046178,1.034300,2702.800049,2371.480026,,0.588858,,4742.959961,
Sample,07/04/2023 14:09:53,0,,,12688283,12.744999,3206212,1.046146,1.002700,2702.199951,2370.972788,,0.588337,,4741.945801,
Sample,07/04/2023 14:09:58,0,,,12689545,12.730885,3206275,1.046167,1.061100,2702.899902,2371.564429,,0.588672,,4743.128906,
Sample,07/04/2023 14:10:03,0,,,12690127,12.724376,3206334,1.046186,1.144900,2704.199951,2372.663308,,0.588985,,4745.326660,
Sample,07/04/2023 14:10:08,0,,,12690320,12.722217,3206219,1.046148,1.090600,2703.399902,2371.987059,,0.588374,,4743.974121,
Sample,07/04/2023 14:10:13,0,9440169,5.810909,12690419,12.721110,3206275,1.046167,1.019900,2703.500000,2372.071667,,0.588672,,4744.143555,
Sample,07/04/2023 14:10:28,0,,,12691597,12.707935,3206331,1.046185,1.034200,2702.000000,2370.803777,,0.588969,,4741.607422,
Sample,07/04/2023 14:10:33,0,,,12691214,12.712219,3206314,1.046179,0.958400,2703.000000,2371.649037,,0.588879,,4743.297852,
Sample,07/04/2023 14:10:38,0,,,12690783,12.717039,3206429,1.046217,1.049300,2705.000000,2373.339557,,0.589490,,4746.679199,
Sample,07/04/2023 14:10:43,0,,,12691001,12.714601,3206295,1.046173,1.122400,2703.199951,2371.818048,,0.588778,,4743.636230,
Sample,07/04/2023 14:10:48,0,,,12690744,12.717475,3206602,1.046274,1.020100,2704.399902,2372.832318,,0.590409,,4745.664551,
Sample,07/04/2023 14:10:53,0,,,12690096,12.724723,3206288,1.046171,1.087300,2704.399902,2372.832318,,0.588741,,4745.664551,
Sample,07/04/2023 14:10:58,0,,,12690514,12.720048,3206358,1.046194,1.011300,2701.899902,2370.719169,,0.589113,,4741.438477,
Sample,07/04/2023 14:11:03,0,,,12691009,12.714511,3206385,1.046203,1.092100,2703.899902,2372.409688,,0.589256,,4744.819336,
Sample,07/04/2023 14:11:08,0,,,12691551,12.708450,3206374,1.046199,1.054400,2702.899902,2371.564429,,0.589198,,4743.128906,
Sample,07/04/2023 14:11:13,0,9440155,5.810832,12692234,12.700811,3206323,1.046182,1.017700,2703.500000,2372.071667,,0.588927,,4744.143555,
Sample,07/04/2023 14:11:28,0,,,12693831,12.682950,3206567,1.046263,0.927500,2705.100098,2373.424165,,0.590223,,4746.848145,
Sample,07/04/2023 14:11:33,0,,,12694337,12.677291,3206689,1.046303,0.922000,2703.399902,2371.987059,,0.590871,,4743.974121,
Sample,07/04/2023 14:11:38,0,,,12694708,12.673141,3206441,1.046221,0.951000,2702.699951,2371.395418,,0.589554,,4742.791016,
Sample,07/04/2023 14:11:43,0,,,12694903,12.670960,3206417,1.046213,0.948600,2702.199951,2370.972788,,0.589426,,4741.945801,
Sample,07/04/2023 14:11:48,0,,,12696293,12.655414,3206720,1.046313,0.952900,2704.399902,2372.832318,,0.591035,,4745.664551,
Sample,07/04/2023 14:11:53,0,,,12695414,12.665245,3206414,1.046212,0.984700,2703.800049,2372.325286,,0.589410,,4744.650391,
Sample,07/04/2023 14:11:58,0,,,12696324,12.655068,3206539,1.046253,0.990300,2705.800049,2374.015806,,0.590074,,4748.031738,
Sample,07/04/2023 14:12:03,0,,,12697222,12.645024,3206606,1.046275,0.888100,2704.300049,2372.747916,,0.590430,,4745.495605,
Sample,07/04/2023 14:12:08,0,,,12698359,12.632308,3206463,1.046228,0.913200,2704.100098,2372.578906,,0.589671,,4745.157715,
Sample,07/04/2023 14:12:13,0,9440109,5.810579,12698890,12.626369,3206469,1.046230,0.992600,2703.000000,2371.649037,,0.589702,,4743.297852,
Sample,07/04/2023 14:12:28,0,,,12703028,12.580087,3206686,1.046302,0.949100,2703.100098,2371.733646,,0.590855,,4743.467285,
Sample,07/04/2023 14:12:33,0,,,12703887,12.570480,3206622,1.046281,0.929900,2703.300049,2371.902656,,0.590515,,4743.805176,
Sample,07/04/2023 14:12:38,0,,,12704505,12.563568,3206712,1.046310,0.950900,2701.500000,2370.381147,,0.590993,,4740.762207,
Sample,07/04/2023 14:12:43,0,,,12704411,12.564619,3206669,1.046296,0.922700,2705.500000,2373.762187,,0.590764,,4747.524414,
Sample,07/04/2023 14:12:48,0,,,12704895,12.559206,3206561,1.046261,0.960600,2703.500000,2372.071667,,0.590191,,4744.143555,
Sample,07/04/2023 14:12:53,0,,,12705646,12.550806,3206711,1.046310,0.893000,2703.600098,2372.156276,,0.590987,,4744.312500,
Sample,07/04/2023 14:12:58,0,,,12706636,12.539733,3206747,1.046322,0.975300,2703.399902,2371.987059,,0.591179,,4743.974121,
Sample,07/04/2023 14:13:03,0,,,12707169,12.533772,3206781,1.046333,0.875100,2702.300049,2371.057396,,0.591359,,4742.114746,
Sample,07/04/2023 14:13:08,0,,,12707743,12.527351,3206737,1.046318,0.916900,2701.899902,2370.719169,,0.591126,,4741.438477,
Sample,07/04/2023 14:13:13,0,9440087,5.810458,12708685,12.516815,3206875,1.046364,0.931800,2701.399902,2370.296539,,0.591858,,4740.593262,
Sample,07/04/2023 14:13:28,0,,,12710836,12.492756,3206792,1.046337,0.896500,2702.399902,2371.141799,,0.591417,,4742.283691,
Sample,07/04/2023 14:13:33,0,,,12711260,12.488014,3206783,1.046334,0.941100,2703.699951,2372.240678,,0.591370,,4744.481445,
Sample,07/04/2023 14:13:38,0,,,12713565,12.462232,3206995,1.046403,0.973800,2702.899902,2371.564429,,0.592495,,4743.128906,
Sample,07/04/2023 14:13:43,0,,,12715067,12.445432,3206973,1.046396,0.935600,2701.199951,2370.127528,,0.592378,,4740.254883,
Sample,07/04/2023 14:13:48,0,,,12715768,12.437591,3206897,1.046371,0.968900,2703.699951,2372.240678,,0.591975,,4744.481445,
Sample,07/04/2023 14:13:53,0,,,12715631,12.439123,3207116,1.046443,0.987900,2704.399902,2372.832318,,0.593137,,4745.664551,
Sample,07/04/2023 14:13:58,0,,,12715718,12.438150,3207066,1.046427,0.966000,2703.399902,2371.987059,,0.592872,,4743.974121,
Sample,07/04/2023 14:14:03,0,,,12716506,12.429336,3207039,1.046418,0.994800,2702.300049,2371.057396,,0.592728,,4742.114746,
Sample,07/04/2023 14:14:08,0,,,12718012,12.412491,3207135,1.046449,0.979500,2701.500000,2370.381147,,0.593238,,4740.762207,
Sample,07/04/2023 14:14:13,0,9440079,5.810414,12717909,12.413643,3207176,1.046463,1.025400,2703.399902,2371.987059,,0.593455,,4743.974121,
Sample,07/04/2023 14:14:28,0,,,12712880,12.469894,3206985,1.046400,1.059700,2702.000000,2370.803777,,0.592442,,4741.607422,
Sample,07/04/2023 14:14:33,0,,,12712449,12.474715,3206999,1.046405,0.919800,2702.699951,2371.395418,,0.592516,,4742.791016,
Sample,07/04/2023 14:14:38,0,,,12712355,12.475766,3207094,1.046436,0.991500,2703.100098,2371.733646,,0.593020,,4743.467285,
Sample,07/04/2023 14:14:43,0,,,12712822,12.470543,3207124,1.046446,0.975400,2701.100098,2370.043126,,0.593179,,4740.086426,
Sample,07/04/2023 14:14:48,0,,,12711305,12.487511,3207170,1.046461,0.935100,2702.699951,2371.395418,,0.593423,,4742.791016,
Sample,07/04/2023 14:14:53,0,,,12710040,12.501660,3207208,1.046473,0.893800,2703.500000,2372.071667,,0.593625,,4744.143555,
Sample,07/04/2023 14:14:58,0,,,12710074,12.501279,3207192,1.046468,0.977600,2702.899902,2371.564429,,0.593540,,4743.128906,
Sample,07/04/2023 14:15:03,0,,,12710489,12.496638,3207012,1.046409,0.919400,2702.800049,2371.480026,,0.592585,,4742.959961,
Sample,07/04/2023 14:15:08,0,,,12710125,12.500709,3207305,1.046505,0.977600,2702.699951,2371.395418,,0.594140,,4742.791016,
Sample,07/04/2023 14:15:13,0,9440050,5.810255,12710343,12.498271,3207207,1.046473,1.005000,2702.600098,2371.311016,,0.593620,,4742.622070,
Sample,07/04/2023 14:15:28,0,,,12711667,12.483462,3207292,1.046501,0.967400,2702.300049,2371.057396,,0.594071,,4742.114746,
Sample,07/04/2023 14:15:33,0,,,12710435,12.497242,3207233,1.046481,0.977500,2703.399902,2371.987059,,0.593758,,4743.974121,
Sample,07/04/2023 14:15:38,0,,,12709998,12.502129,3207378,1.046529,1.025800,2702.199951,2370.972788,,0.594527,,4741.945801,
Sample,07/04/2023 14:15:43,0,,,12710200,12.499870,3207389,1.046533,0.954200,2702.100098,2370.888386,,0.594585,,4741.776855,
Sample,07/04/2023 14:15:48,0,,,12711408,12.486359,3207295,1.046502,0.974700,2701.100098,2370.043126,,0.594086,,4740.086426,
Sample,07/04/2023 14:15:53,0,,,12711726,12.482802,3207219,1.046477,0.990200,2703.399902,2371.987059,,0.593683,,4743.974121,
Sample,07/04/2023 14:15:58,0,,,12712546,12.473630,3207425,1.046545,0.992400,2701.600098,2370.465756,,0.594776,,4740.931641,
Sample,07/04/2023 14:16:03,0,,,12713697,12.460756,3206870,1.046362,0.839400,3260.699951,2843.050445,,0.591832,,5686.101074,
Sample,07/04/2023 14:16:08,0,,,12721357,12.375074,3206976,1.046397,0.001900,2761.000000,2420.674112,,0.592394,,4841.348145,
Sample,07/04/2023 14:16:13,0,9440040,5.810200,12729830,12.280293,3207028,1.046414,0.032600,2755.800049,2416.278801,,0.592670,,4832.557617,
Sample,07/04/2023 14:16:28,0,,,12897711,10.399455,4472718,1.463161,5.136600,-61.359997,4.212523,,5.531778,,8.425046,
Sample,07/04/2023 14:16:33,0,,,12899514,10.379210,4720143,1.544791,5.461100,-62.849998,4.479373,,6.411010,,8.958747,
Sample,07/04/2023 14:16:38,0,,,12901066,10.361782,5018252,1.643211,3.535100,-61.629997,2.895539,,7.464073,,5.791078,
Sample,07/04/2023 14:16:43,0,,,12902105,10.350114,5237025,1.715484,4.456300,-62.270000,3.653082,,8.234033,,7.306163,
Sample,07/04/2023 14:16:48,0,,,12902522,10.345431,5680377,1.862064,2.606700,-63.500000,2.132074,,9.789838,,4.264148,
Sample,07/04/2023 14:16:53,0,,,12903920,10.329731,6027530,1.976945,3.124600,-63.670002,2.557966,,11.005466,,5.115933,
Sample,07/04/2023 14:16:58,0,,,12903743,10.331718,6387286,2.096092,3.689400,-65.009995,3.022426,,12.263887,,6.044853,
Sample,07/04/2023 14:17:03,0,,,12902997,10.340096,6143093,2.015208,2.793000,-62.040001,2.285277,,11.409818,,4.570554,
Sample,07/04/2023 14:17:08,0,,,12903232,10.337457,5477551,1.794987,4.160700,-64.120003,3.409997,,9.078677,,6.819994,
Sample,07/04/2023 14:17:13,0,9440010,5.810035,12903699,10.332213,5077290,1.662711,2.717400,-65.440002,2.223108,,7.672048,,4.446216,
Sample,07/04/2023 14:17:28,0,,,12904818,10.319645,3554700,1.160748,2.603800,-66.259995,2.129690,,2.139129,,4.259379,
Sample,07/04/2023 14:17:33,0,,,12905495,10.312041,3205724,1.045985,2081.800049,-1239.099976,1711.944384,,0.585743,,3423.888672,
Sample,07/04/2023 14:17:38,0,,,12900791,10.364870,3205240,1.045826,1.837400,510.500000,1.499445,,0.583168,,2.998890,
Sample,07/04/2023 14:17:43,0,,,12888635,10.501348,3205451,1.045896,120.330002,2684.199951,2355.758110,,0.584291,,4711.516113,
Sample,07/04/2023 14:17:48,0,,,12877745,10.623565,3205631,1.045955,71.453995,2685.399902,2356.772380,,0.585248,,4713.544922,
Sample,07/04/2023 14:17:53,0,,,12867972,10.733210,3205210,1.045817,35.961002,2685.100098,2356.518967,,0.583008,,4713.038086,
Sample,07/04/2023 14:17:58,0,,,12860822,10.813405,3205383,1.045873,27.924999,2685.600098,2356.941597,,0.583929,,4713.883301,
Sample,07/04/2023 14:18:03,0,,,12855230,10.876115,3205381,1.045873,26.205999,2683.000000,2354.743839,,0.583918,,4709.487793,
Sample,07/04/2023 14:18:08,0,,,12850100,10.933634,3205190,1.045810,28.539999,2683.500000,2355.166469,,0.582901,,4710.333008,
Sample,07/04/2023 14:18:13,0,9440005,5.810007,12845665,10.983354,3205173,1.045804,30.095001,2685.699951,2357.025999,,0.582811,,4714.051758,
Sample,07/04/2023 14:18:28,0,,,12834391,11.109719,3205728,1.045987,28.631001,2684.100098,2355.673707,,0.585764,,4711.347656,
Sample,07/04/2023 14:18:33,0,,,12831758,11.139225,3205914,1.046048,23.235001,2682.699951,2354.490220,,0.586753,,4708.980469,
Sample,07/04/2023 14:18:38,0,,,12829237,11.167475,3205655,1.045963,14.545000,2683.000000,2354.743839,,0.585376,,4709.487793,
Sample,07/04/2023 14:18:43,0,,,12826942,11.193191,3209255,1.047146,4.351000,2682.199951,2354.067590,,0.604464,,4708.135254,
Sample,07/04/2023 14:18:48,0,,,12825176,11.212978,3209305,1.047163,2.044500,2683.000000,2354.743839,,0.604729,,4709.487793,
Sample,07/04/2023 14:18:53,0,,,12823154,11.235632,3209174,1.047119,1.496100,2680.800049,2352.884309,,0.604036,,4705.768555,
Sample,07/04/2023 14:18:58,0,,,12821490,11.254275,3209432,1.047204,1.376500,2681.500000,2353.475949,,0.605400,,4706.951660,
Sample,07/04/2023 14:19:03,0,,,12819975,11.271248,3209453,1.047211,1.344500,2682.600098,2354.405818,,0.605511,,4708.811523,
Sample,07/04/2023 14:19:08,0,,,12818713,11.285386,3209312,1.047165,1.378100,2681.800049,2353.729568,,0.604766,,4707.458984,
Sample,07/04/2023 14:19:13,0,9439986,5.809903,12817451,11.299523,3209409,1.047197,1.340700,2679.899902,2352.123451,,0.605278,,4704.247070,
Sample,07/04/2023 14:19:28,0,,,12812691,11.352843,3209658,1.047279,1.399900,2663.000000,2337.838641,,0.606594,,4675.677246,
Sample,07/04/2023 14:19:33,0,,,12811591,11.365164,3209460,1.047213,1.333000,2652.100098,2328.625391,,0.605548,,4657.250977,
Sample,07/04/2023 14:19:38,0,,,12810288,11.379758,3209412,1.047198,1.299800,2640.899902,2319.158314,,0.605294,,4638.316406,
Sample,07/04/2023 14:19:43,0,,,12809655,11.386848,3209711,1.047296,1.283600,2633.000000,2312.480844,,0.606874,,4624.961914,
Sample,07/04/2023 14:19:48,0,,,12808850,11.395864,3209515,1.047232,1.286700,2628.199951,2308.423555,,0.605838,,4616.847168,
Sample,07/04/2023 14:19:53,0,,,12807893,11.406583,3209546,1.047242,1.281100,2623.199951,2304.197255,,0.606002,,4608.394531,
Sample,07/04/2023 14:19:58,0,,,12806441,11.422845,3209810,1.047329,1.288100,2624.100098,2304.958113,,0.607397,,4609.916016,
Sample,07/04/2023 14:20:03,0,,,12806219,11.425331,3209654,1.047277,1.284600,2623.300049,2304.281864,,0.606573,,4608.563965,
Sample,07/04/2023 14:20:08,0,,,12805452,11.433921,3209548,1.047242,1.285700,2622.300049,2303.436604,,0.606013,,4606.873047,
Sample,07/04/2023 14:20:13,0,9439960,5.809760,12805666,11.431524,3209684,1.047287,1.290200,2623.399902,2304.366266,,0.606731,,4608.732422,
Sample,07/04/2023 14:20:28,0,,,12804629,11.443138,3209817,1.047331,1.316100,2622.199951,2303.351996,,0.607434,,4606.704102,
Sample,07/04/2023 14:20:33,0,,,12803638,11.454236,3209787,1.047321,1.310500,2622.100098,2303.267593,,0.607275,,4606.535156,
Sample,07/04/2023 14:20:38,0,,,12802206,11.470273,3209738,1.047305,1.318800,2622.600098,2303.690223,,0.607017,,4607.380371,
Sample,07/04/2023 14:20:43,0,,,12801835,11.474428,3209847,1.047341,1.314900,2621.800049,2303.013974,,0.607592,,4606.027832,
Sample,07/04/2023 14:20:48,0,,,12801929,11.473375,3209882,1.047352,1.323700,2621.500000,2302.760355,,0.607777,,4605.520508,
Sample,07/04/2023 14:20:53,0,,,12802183,11.470530,3209872,1.047349,1.320300,2621.500000,2302.760355,,0.607724,,4605.520508,
Sample,07/04/2023 14:20:58,0,,,12801620,11.476835,3209634,1.047271,1.322800,2623.100098,2304.112853,,0.606467,,4608.225586,
Sample,07/04/2023 14:21:03,0,,,12801267,11.480788,3209813,1.047329,1.331800,2623.600098,2304.535483,,0.607413,,4609.070801,
Sample,07/04/2023 14:21:08,0,,,12799341,11.502356,3209786,1.047321,1.324800,2619.800049,2301.323454,,0.607270,,4602.646973,
Sample,07/04/2023 14:21:13,0,9439937,5.809634,12799030,11.505838,3209644,1.047274,1.337500,2619.100098,2300.731814,,0.606520,,4601.463867,
Sample,07/04/2023 14:21:28,0,,,12798412,11.512759,3209888,1.047354,1.328400,2618.500000,2300.224575,,0.607809,,4600.449219,
Sample,07/04/2023 14:21:33,0,,,12798175,11.515413,3209800,1.047325,1.331400,2618.199951,2299.970956,,0.607344,,4599.941895,
Sample,07/04/2023 14:21:38,0,,,12797339,11.524774,3209769,1.047315,1.338200,2622.699951,2303.774625,,0.607180,,4607.549316,
Sample,07/04/2023 14:21:43,0,,,12796436,11.534885,3209888,1.047354,1.331800,2620.000000,2301.492465,,0.607809,,4602.984863,
Sample,07/04/2023 14:21:48,0,,,12796450,11.534728,3209737,1.047305,1.342400,2619.000000,2300.647205,,0.607011,,4601.294434,
Sample,07/04/2023 14:21:53,0,,,12796212,11.537393,3209787,1.047321,1.338700,2622.100098,2303.267593,,0.607275,,4606.535156,
Sample,07/04/2023 14:21:58,0,,,12795061,11.550281,3209813,1.047329,1.336700,2616.899902,2298.872077,,0.607413,,4597.744141,
Sample,07/04/2023 14:22:03,0,,,12794659,11.554782,3209847,1.047341,1.332000,2619.399902,2300.985227,,0.607592,,4601.970215,
Sample,07/04/2023 14:22:08,0,,,12793938,11.562855,3209963,1.047379,1.318200,2622.100098,2303.267593,,0.608205,,4606.535156,
Sample,07/04/2023 14:22:13,0,9439917,5.809524,12793722,11.565274,3209814,1.047330,1.327900,2617.399902,2299.294707,,0.607418,,4598.589355,
Sample,07/04/2023 14:22:28,0,,,12794043,11.561679,3209775,1.047317,1.343600,2622.399902,2303.521006,,0.607212,,4607.041992,
Sample,07/04/2023 14:22:33,0,,,12793338,11.569573,3209805,1.047327,1.330600,2619.500000,2301.069835,,0.607370,,4602.139648,
Sample,07/04/2023 14:22:38,0,,,12793279,11.570234,3209938,1.047371,1.347100,2622.000000,2303.182985,,0.608073,,4606.366211,
Sample,07/04/2023 14:22:43,0,,,12794731,11.553976,3209754,1.047310,1.337500,2619.899902,2301.407856,,0.607101,,4602.815918,
Sample,07/04/2023 14:22:48,0,,,12795331,11.547258,3209861,1.047345,1.351800,2620.500000,2301.915095,,0.607666,,4603.830078,
Sample,07/04/2023 14:22:53,0,,,12795970,11.540103,3209893,1.047356,1.415700,2616.300049,2298.365045,,0.607835,,4596.729980,
Sample,07/04/2023 14:22:58,0,,,12796696,11.531974,3209812,1.047329,1.392700,2617.899902,2299.717337,,0.607407,,4599.434570,
Sample,07/04/2023 14:23:03,0,,,12796952,11.529107,3209783,1.047320,1.393600,2617.800049,2299.632935,,0.607254,,4599.265625,
Sample,07/04/2023 14:23:08,0,,,12797159,11.526789,3210027,1.047400,1.382100,2616.899902,2298.872077,,0.608543,,4597.744141,
Sample,07/04/2023 14:23:13,0,9439900,5.809430,12796811,11.530686,3209812,1.047329,1.386900,2617.500000,2299.379315,,0.607407,,4598.758789,
Sample,07/04/2023 14:23:28,0,,,12794839,11.552767,3209862,1.047346,1.384600,2617.500000,2299.379315,,0.607671,,4598.758789,
Sample,07/04/2023 14:23:33,0,,,12794561,11.555879,3209889,1.047354,1.386400,2616.100098,2298.196034,,0.607814,,4596.392090,
Sample,07/04/2023 14:23:38,0,,,12794495,11.556618,3209928,1.047367,1.383900,2617.000000,2298.956685,,0.608020,,4597.913574,
Sample,07/04/2023 14:23:43,0,,,12793534,11.567379,3209772,1.047316,1.379000,2615.300049,2297.519785,,0.607196,,4595.039551,
Sample,07/04/2023 14:23:48,0,,,12793657,11.566001,3209805,1.047327,1.386900,2616.399902,2298.449447,,0.607370,,4596.898926,
Sample,07/04/2023 14:23:53,0,,,12792979,11.573593,3209956,1.047376,1.368100,2615.800049,2297.942415,,0.608168,,4595.884766,
Sample,07/04/2023 14:23:58,0,,,12792934,11.574097,3209656,1.047278,1.374700,2614.399902,2296.758927,,0.606583,,4593.518066,
Sample,07/04/2023 14:24:03,0,,,12792176,11.582583,3209902,1.047359,1.371700,2614.199951,2296.589916,,0.607883,,4593.179688,
Sample,07/04/2023 14:24:08,0,,,12792428,11.579762,3210047,1.047406,1.365500,2615.500000,2297.688795,,0.608648,,4595.377441,
Sample,07/04/2023 14:24:13,0,9439874,5.809287,12792070,11.583770,3209799,1.047325,1.386000,2611.800049,2294.561375,,0.607339,,4589.122559,
Sample,07/04/2023 14:24:28,0,,,12795656,11.543619,3209766,1.047314,1.380100,2615.600098,2297.773404,,0.607164,,4595.546875,
Sample,07/04/2023 14:24:33,0,,,12794740,11.553875,3209908,1.047361,1.369900,2613.600098,2296.082884,,0.607914,,4592.165527,
Sample,07/04/2023 14:24:38,0,,,12793868,11.563639,3209909,1.047361,1.387000,2614.100098,2296.505514,,0.607920,,4593.011230,
Sample,07/04/2023 14:24:43,0,,,12793002,11.573335,3209774,1.047317,1.367400,2615.100098,2297.350774,,0.607207,,4594.701660,
Sample,07/04/2023 14:24:48,0,,,12792284,11.581374,3209779,1.047318,1.397500,2612.000000,2294.730386,,0.607233,,4589.460938,
Sample,07/04/2023 14:24:53,0,,,12791892,11.585763,3209798,1.047325,1.385400,2612.399902,2295.068407,,0.607333,,4590.136719,
Sample,07/04/2023 14:24:58,0,,,12791169,11.593858,3209836,1.047337,1.365800,2613.000000,2295.575646,,0.607534,,4591.151367,
Sample,07/04/2023 14:25:03,0,,,12790511,11.601225,3209996,1.047390,1.370400,2613.699951,2296.167286,,0.608379,,4592.334473,
Sample,07/04/2023 14:25:08,0,,,12790382,11.602669,3210086,1.047419,1.364500,2615.000000,2297.266165,,0.608854,,4594.532227,
Sample,07/04/2023 14:25:13,0,9439863,5.809227,12790419,11.602255,3210009,1.047394,1.366400,2614.399902,2296.758927,,0.608448,,4593.518066,
Sample,07/04/2023 14:25:28,0,,,12789301,11.614772,3209885,1.047353,1.366900,2614.300049,2296.674525,,0.607793,,4593.349121,
Sample,07/04/2023 14:25:33,0,,,12787975,11.629618,3210035,1.047402,1.361600,2612.100098,2294.814994,,0.608585,,4589.629883,
Sample,07/04/2023 14:25:38,0,,,12786790,11.642884,3210053,1.047408,1.360700,2617.399902,2299.294707,,0.608680,,4598.589355,
Sample,07/04/2023 14:25:43,0,,,12786070,11.650945,3209975,1.047383,1.360200,2615.800049,2297.942415,,0.608268,,4595.884766,
Sample,07/04/2023 14:25:48,0,,,12785755,11.654471,3210078,1.047417,1.366900,2613.300049,2295.829265,,0.608812,,4591.658691,
Sample,07/04/2023 14:25:53,0,,,12784912,11.663908,3210600,1.047588,1.375400,2610.600098,2293.547104,,0.611566,,4587.094238,
Sample,07/04/2023 14:25:58,0,,,12784003,11.674084,3210751,1.047638,1.396300,2610.399902,2293.377887,,0.612362,,4586.755859,
Sample,07/04/2023 14:26:03,0,,,12783441,11.680376,3210662,1.047609,1.389400,2611.199951,2294.054137,,0.611893,,4588.108398,
Sample,07/04/2023 14:26:08,0,,,12782772,11.687865,3210640,1.047601,1.428800,2611.800049,2294.561375,,0.611777,,4589.122559,
Sample,07/04/2023 14:26:13,0,9439835,5.809073,12781423,11.702966,3210858,1.047673,1.446500,2610.899902,2293.800517,,0.612926,,4587.601074,
Sample,07/04/2023 14:26:28,0,,,12778987,11.730235,3210564,1.047576,1.822800,2612.300049,2294.984005,,0.611376,,4589.967773,
Sample,07/04/2023 14:26:33,0,,,12777719,11.744428,3210733,1.047632,1.846900,2615.000000,2297.266165,,0.612267,,4594.532227,
Sample,07/04/2023 14:26:38,0,,,12777208,11.750148,3210664,1.047609,1.846000,2614.699951,2297.012546,,0.611903,,4594.024902,
Sample,07/04/2023 14:26:43,0,,,12777143,11.750876,3210500,1.047555,1.860100,2614.699951,2297.012546,,0.611039,,4594.024902,
Sample,07/04/2023 14:26:48,0,,,12776145,11.762047,3210637,1.047600,1.903500,2613.800049,2296.251895,,0.611761,,4592.503906,
Sample,07/04/2023 14:26:53,0,,,12774083,11.785127,3210840,1.047667,1.579300,2617.399902,2299.294707,,0.612831,,4598.589355,
Sample,07/04/2023 14:26:58,0,,,12772991,11.797349,3210406,1.047524,2.480800,2621.699951,2302.929366,,0.610543,,4605.858887,
Sample,07/04/2023 14:27:03,0,,,12769606,11.835235,3210424,1.047530,63.770000,3679.399902,3196.960726,,0.610638,,6393.921387,
Sample,07/04/2023 14:27:08,0,,,12766367,11.871485,3210420,1.047529,62.163002,3675.100098,3193.326273,,0.610616,,6386.652344,
Sample,07/04/2023 14:27:13,0,9439815,5.808963,12764448,11.892962,3210361,1.047510,60.657001,3663.500000,3183.521176,,0.610305,,6367.042480,
Sample,07/04/2023 14:27:28,0,,,12765927,11.876410,3210113,1.047428,28.320002,3200.199951,2791.912221,,0.608996,,5583.824219,
Sample,07/04/2023 14:27:33,0,,,12763224,11.906659,3210069,1.047414,28.186001,3193.699951,2786.418031,,0.608764,,5572.835938,
Sample,07/04/2023 14:27:38,0,,,12764148,11.896319,3210048,1.047407,27.657001,3186.100098,2779.994180,,0.608653,,5559.988281,
Sample,07/04/2023 14:27:43,0,,,12763313,11.905663,3210019,1.047397,28.587000,3176.500000,2771.879602,,0.608500,,5543.759277,
Sample,07/04/2023 14:27:48,0,,,12762747,11.911998,3210180,1.047450,50.672997,3138.800049,2740.013345,,0.609350,,5480.026855,
Sample,07/04/2023 14:27:53,0,,,12762462,11.915187,3210062,1.047411,59.971001,3123.300049,2726.911816,,0.608727,,5453.823730,
Sample,07/04/2023 14:27:58,0,,,12765243,11.884064,3209935,1.047370,69.149002,3119.800049,2723.953407,,0.608057,,5447.906738,
Sample,07/04/2023 14:28:03,0,,,12768319,11.849639,3209889,1.047354,80.824997,3069.699951,2681.605803,,0.607814,,5363.211426,
Sample,07/04/2023 14:28:08,0,,,12771712,11.811664,3209742,1.047306,90.507004,3028.100098,2646.443115,,0.607038,,5292.886230,
Sample,07/04/2023 14:28:13,0,9439807,5.808919,12775546,11.768751,3210023,1.047399,92.099007,2922.500000,2557.183586,,0.608521,,5114.367188,
Sample,07/04/2023 14:28:28,0,,,12774786,11.777258,3209638,1.047272,8.381800,2780.199951,2436.903061,,0.606488,,4873.806152,
Sample,07/04/2023 14:28:33,0,,,12771842,11.810209,3209911,1.047362,3.931200,2760.500000,2420.251482,,0.607930,,4840.502930,
Sample,07/04/2023 14:28:38,0,,,12769827,11.832762,3209987,1.047387,12.361000,2797.000000,2451.103468,,0.608331,,4902.207031,
Sample,07/04/2023 14:28:43,0,,,12769450,11.836981,3210038,1.047403,7.313100,2785.500000,2441.382979,,0.608601,,4882.766113,
Sample,07/04/2023 14:28:48,0,,,12767992,11.853299,3210228,1.047466,1.812400,2753.399902,2414.250054,,0.609603,,4828.500000,
Sample,07/04/2023 14:28:53,0,,,12766949,11.864972,3209375,1.047186,1.292200,2738.899902,2401.993785,,0.605099,,4803.987793,
Sample,07/04/2023 14:28:58,0,,,12766410,11.871004,3209690,1.047289,1.290300,2736.899902,2400.303265,,0.606763,,4800.606445,
Sample,07/04/2023 14:29:03,0,,,12765723,11.878693,3209492,1.047224,1.283800,2738.899902,2401.993785,,0.605717,,4803.987793,
Sample,07/04/2023 14:29:08,0,,,12764536,11.891977,3209212,1.047132,1.286100,2740.399902,2403.261675,,0.604237,,4806.523438,
Sample,07/04/2023 14:29:13,0,9439809,5.808930,12764860,11.888351,3209751,1.047309,1.306400,2737.000000,2400.387874,,0.607085,,4800.775879,
Sample,07/04/2023 14:29:28,0,,,12770609,11.824009,3209824,1.047333,1.344000,2740.699951,2403.515294,,0.607471,,4807.030762,
Sample,07/04/2023 14:29:33,0,,,12771161,11.817831,3209222,1.047135,1.354200,2737.699951,2400.979515,,0.604290,,4801.958984,
Sample,07/04/2023 14:29:38,0,,,12771683,11.811989,3209699,1.047292,1.368700,2741.399902,2404.106935,,0.606811,,4808.213867,
Sample,07/04/2023 14:29:43,0,,,12770502,11.825207,3209519,1.047233,1.371400,2738.800049,2401.909383,,0.605860,,4803.818848,
Sample,07/04/2023 14:29:48,0,,,12769196,11.839824,3209285,1.047156,1.386100,2740.600098,2403.430892,,0.604623,,4806.861816,
Sample,07/04/2023 14:29:53,0,,,12767791,11.855548,3209850,1.047342,1.384800,2741.300049,2404.022533,,0.607608,,4808.044922,
Sample,07/04/2023 14:29:58,0,,,12767353,11.860450,3209562,1.047247,1.386900,2741.000000,2403.768914,,0.606087,,4807.537598,
Sample,07/04/2023 14:30:03,0,,,12765450,11.881748,3209426,1.047202,1.396900,2739.800049,2402.754643,,0.605368,,4805.509277,
Sample,07/04/2023 14:30:08,0,,,12764549,11.891831,3209467,1.047216,1.403300,2740.300049,2403.177273,,0.605585,,4806.354492,
Sample,07/04/2023 14:30:13,0,9439796,5.808858,12763290,11.905921,3209122,1.047102,1.408500,2741.800049,2404.445163,,0.603761,,4808.890137,
Sample,07/04/2023 14:30:28,0,,,12760609,11.935923,3209592,1.047257,1.402500,2742.600098,2405.121412,,0.606245,,4810.242676,
Sample,07/04/2023 14:30:33,0,,,12760014,11.942582,3209495,1.047225,1.407300,2740.100098,2403.008262,,0.605733,,4806.016602,
Sample,07/04/2023 14:30:38,0,,,12759457,11.948815,3209379,1.047187,1.399200,2741.000000,2403.768914,,0.605120,,4807.537598,
Sample,07/04/2023 14:30:43,0,,,12759064,11.953213,3209205,1.047130,1.396100,2741.800049,2404.445163,,0.604200,,4808.890137,
Sample,07/04/2023 14:30:48,0,,,12759141,11.952351,3209260,1.047148,1.393500,2741.699951,2404.360554,,0.604491,,4808.721191,
Sample,07/04/2023 14:30:53,0,,,12759081,11.953022,3209163,1.047116,1.380300,2741.199951,2403.937924,,0.603978,,4807.875977,
Sample,07/04/2023 14:30:58,0,,,12758136,11.963597,3209142,1.047109,1.368800,2741.000000,2403.768914,,0.603867,,4807.537598,
Sample,07/04/2023 14:31:03,0,,,12757079,11.975425,3209540,1.047240,1.353500,2742.199951,2404.783184,,0.605971,,4809.566406,
Sample,07/04/2023 14:31:08,0,,,12756254,11.984657,3209324,1.047169,1.352900,2741.600098,2404.276152,,0.604829,,4808.552246,
Sample,07/04/2023 14:31:13,0,9439780,5.808770,12756023,11.987242,3209248,1.047144,1.362000,2741.100098,2403.853522,,0.604427,,4807.707031,
Sample,07/04/2023 14:31:28,0,,,12754259,12.006981,3209532,1.047237,1.353100,2744.399902,2406.642715,,0.605928,,4813.285645,
Sample,07/04/2023 14:31:33,0,,,12753163,12.019244,3209579,1.047253,1.352100,2741.199951,2403.937924,,0.606177,,4807.875977,
Sample,07/04/2023 14:31:38,0,,,12752519,12.026450,3209077,1.047088,1.346900,2742.500000,2405.036803,,0.603523,,4810.073730,
Sample,07/04/2023 14:31:43,0,,,12752306,12.028834,3209209,1.047131,1.356100,2742.100098,2404.698782,,0.604221,,4809.397461,
Sample,07/04/2023 14:31:48,0,,,12752194,12.030087,3209119,1.047101,1.358400,2741.199951,2403.937924,,0.603745,,4807.875977,
Sample,07/04/2023 14:31:53,0,,,12752144,12.030646,3209296,1.047160,1.359300,2741.500000,2404.191543,,0.604681,,4808.383301,
Sample,07/04/2023 14:31:58,0,,,12752797,12.023340,3209447,1.047209,1.364500,2742.399902,2404.952195,,0.605479,,4809.904297,
Sample,07/04/2023 14:32:03,0,,,12752557,12.026025,3209002,1.047063,1.365300,2739.600098,2402.585632,,0.603127,,4805.171387,
Sample,07/04/2023 14:32:08,0,,,12751927,12.033074,3209715,1.047297,1.370800,2742.899902,2405.374825,,0.606895,,4810.749512,
Sample,07/04/2023 14:32:13,0,9439779,5.808765,12750777,12.045942,3208792,1.046994,1.361200,2740.899902,2403.684305,,0.602016,,4807.368652,
Sample,07/04/2023 14:32:28,0,,,12748887,12.067089,3212303,1.048148,1.372000,2742.800049,2405.290423,,0.620534,,4810.581055,
Sample,07/04/2023 14:32:33,0,,,12748520,12.071196,3209261,1.047148,1.371000,2742.800049,2405.290423,,0.604496,,4810.581055,
Sample,07/04/2023 14:32:38,0,,,12747931,12.077786,3209115,1.047100,1.370500,2743.699951,2406.051074,,0.603724,,4812.102051,
Sample,07/04/2023 14:32:43,0,,,12747943,12.077652,3209161,1.047115,1.372700,2743.500000,2405.882063,,0.603968,,4811.764160,
Sample,07/04/2023 14:32:48,0,,,12746657,12.092040,3209006,1.047064,1.376800,2742.500000,2405.036803,,0.603148,,4810.073730,
Sample,07/04/2023 14:32:53,0,,,12746015,12.099223,3209178,1.047121,1.383800,2744.199951,2406.473704,,0.604057,,4812.947266,
Sample,07/04/2023 14:32:58,0,,,12745597,12.103900,3209081,1.047089,1.377000,2745.399902,2407.487975,,0.603545,,4814.976074,
Sample,07/04/2023 14:33:03,0,,,12745179,12.108577,3209477,1.047219,1.382100,2743.399902,2405.797455,,0.605638,,4811.594727,
Sample,07/04/2023 14:33:08,0,,,12744576,12.115323,3209047,1.047078,1.375900,2743.699951,2406.051074,,0.603365,,4812.102051,
Sample,07/04/2023 14:33:13,0,9439762,5.808671,12746069,12.098619,3209055,1.047080,1.384600,2743.899902,2406.220085,,0.603407,,4812.439941,
Sample,07/04/2023 14:33:28,0,,,12741910,12.145151,3209059,1.047082,1.363300,2741.100098,2403.853522,,0.603428,,4807.707031,
Sample,07/04/2023 14:33:33,0,,,12741836,12.145979,3209107,1.047097,1.364600,2741.899902,2404.529565,,0.603682,,4809.059082,
Sample,07/04/2023 14:33:38,0,,,12740700,12.158688,3208942,1.047043,1.369800,2742.600098,2405.121412,,0.602809,,4810.242676,
Sample,07/04/2023 14:33:43,0,,,12739981,12.166732,3209114,1.047100,1.362300,2741.699951,2404.360554,,0.603719,,4808.721191,
Sample,07/04/2023 14:33:48,0,,,12739912,12.167504,3209023,1.047070,1.367000,2742.399902,2404.952195,,0.603238,,4809.904297,
Sample,07/04/2023 14:33:53,0,,,12740248,12.163745,3208737,1.046976,1.365600,2741.699951,2404.360554,,0.601725,,4808.721191,
Sample,07/04/2023 14:33:58,0,,,12740044,12.166028,3208718,1.046970,1.362800,2742.000000,2404.614173,,0.601625,,4809.228516,
Sample,07/04/2023 14:34:03,0,,,12739328,12.174038,3208912,1.047033,1.361700,2743.100098,2405.544042,,0.602651,,4811.087891,
Sample,07/04/2023 14:34:08,0,,,12739329,12.174027,3209007,1.047065,1.358200,2742.300049,2404.867793,,0.603153,,4809.735352,
Sample,07/04/2023 14:34:13,0,9439758,5.808650,12738707,12.180985,3208699,1.046963,1.354100,2741.600098,2404.276152,,0.601524,,4808.552246,
Sample,07/04/2023 14:34:28,0,,,12737365,12.195999,3209342,1.047175,1.333500,2741.800049,2404.445163,,0.604924,,4808.890137,
Sample,07/04/2023 14:34:33,0,,,12737245,12.197342,3208955,1.047047,1.312400,2744.000000,2406.304693,,0.602878,,4812.609375,
Sample,07/04/2023 14:34:38,0,,,12737107,12.198885,3208966,1.047051,1.307800,2743.699951,2406.051074,,0.602936,,4812.102051,
Sample,07/04/2023 14:34:43,0,,,12737864,12.190417,3208721,1.046971,1.304800,2743.500000,2405.882063,,0.601640,,4811.764160,
Sample,07/04/2023 14:34:48,0,,,12737951,12.189443,3209022,1.047069,1.298700,2742.199951,2404.783184,,0.603233,,4809.566406,
Sample,07/04/2023 14:34:53,0,,,12738006,12.188828,3208921,1.047036,1.300500,2742.500000,2405.036803,,0.602698,,4810.073730,
Sample,07/04/2023 14:34:58,0,,,12737163,12.198259,3208821,1.047003,1.301700,2742.699951,2405.205814,,0.602169,,4810.411621,
Sample,07/04/2023 14:35:03,0,,,12736541,12.205218,3208961,1.047049,1.304200,2743.300049,2405.713053,,0.602910,,4811.426270,
Sample,07/04/2023 14:35:08,0,,,12736483,12.205866,3209041,1.047076,1.299500,2742.699951,2405.205814,,0.603333,,4810.411621,
Sample,07/04/2023 14:35:13,0,9439745,5.808578,12736594,12.204625,3208842,1.047010,1.289000,2743.500000,2405.882063,,0.602281,,4811.764160,
Sample,07/04/2023 14:35:28,0,,,12735833,12.213138,3208893,1.047027,1.304100,2741.399902,2404.106935,,0.602550,,4808.213867,
Sample,07/04/2023 14:35:33,0,,,12736232,12.208674,3208573,1.046922,1.306100,2742.600098,2405.121412,,0.600857,,4810.242676,
Sample,07/04/2023 14:35:38,0,,,12736084,12.210330,3208872,1.047020,1.318400,2742.199951,2404.783184,,0.602439,,4809.566406,
Sample,07/04/2023 14:35:43,0,,,12736273,12.208216,3209147,1.047111,1.324000,2742.300049,2404.867793,,0.603894,,4809.735352,
Sample,07/04/2023 14:35:48,0,,,12736385,12.206963,3209062,1.047083,1.322600,2743.600098,2405.966672,,0.603444,,4811.933105,
Sample,07/04/2023 14:35:53,0,,,12735949,12.211840,3208485,1.046893,1.318600,2743.399902,2405.797455,,0.600392,,4811.594727,
Sample,07/04/2023 14:35:58,0,,,12736523,12.205419,3208769,1.046986,1.325000,2742.500000,2405.036803,,0.601894,,4810.073730,
Sample,07/04/2023 14:36:03,0,,,12736365,12.207187,3208771,1.046987,1.335200,2741.699951,2404.360554,,0.601905,,4808.721191,
Sample,07/04/2023 14:36:08,0,,,12735893,12.212467,3208742,1.046977,1.327900,2741.699951,2404.360554,,0.601752,,4808.721191,
Sample,07/04/2023 14:36:13,0,9439738,5.808540,12735541,12.216405,3208710,1.046967,1.327100,2744.300049,2406.558312,,0.601582,,4813.116699,
Sample,07/04/2023 14:36:28,0,,,12736687,12.203584,3208695,1.046962,1.330400,2741.600098,2404.276152,,0.601503,,4808.552246,
Sample,07/04/2023 14:36:33,0,,,12736718,12.203237,3208620,1.046937,1.331800,2744.399902,2406.642715,,0.601106,,4813.285645,
Sample,07/04/2023 14:36:38,0,,,12736539,12.205240,3208628,1.046940,1.338400,2744.000000,2406.304693,,0.601148,,4812.609375,
Sample,07/04/2023 14:36:43,0,,,12735703,12.214593,3208862,1.047017,1.346500,2742.500000,2405.036803,,0.602386,,4810.073730,
Sample,07/04/2023 14:36:48,0,,,12735568,12.216103,3208673,1.046955,1.335200,2744.199951,2406.473704,,0.601386,,4812.947266,
Sample,07/04/2023 14:36:53,0,,,12736451,12.206224,3208801,1.046997,1.337600,2744.600098,2406.811932,,0.602064,,4813.624023,
Sample,07/04/2023 14:36:58,0,,,12736727,12.203137,3208872,1.047020,1.332600,2744.000000,2406.304693,,0.602439,,4812.609375,
Sample,07/04/2023 14:37:03,0,,,12736408,12.206705,3208292,1.046830,1.339200,2743.399902,2405.797455,,0.599370,,4811.594727,
Sample,07/04/2023 14:37:08,0,,,12735855,12.212892,3208673,1.046955,1.339000,2744.600098,2406.811932,,0.601386,,4813.624023,
Sample,07/04/2023 14:37:13,0,9439733,5.808512,12736078,12.210397,3208550,1.046914,1.335700,2743.100098,2405.544042,,0.600736,,4811.087891,
Sample,07/04/2023 14:37:28,0,,,12737226,12.197554,3212595,1.048244,1.333400,2744.199951,2406.473704,,0.622070,,4812.947266,
Sample,07/04/2023 14:37:33,0,,,12738775,12.180225,3208210,1.046803,1.338500,2745.100098,2407.234562,,0.598936,,4814.469238,
Sample,07/04/2023 14:37:38,0,,,12739952,12.167057,3208497,1.046897,1.343200,2744.000000,2406.304693,,0.600455,,4812.609375,
Sample,07/04/2023 14:37:43,0,,,12740892,12.156540,3208546,1.046913,1.344500,2743.399902,2405.797455,,0.600714,,4811.594727,
Sample,07/04/2023 14:37:48,0,,,12740095,12.165457,3208644,1.046945,1.339400,2743.399902,2405.797455,,0.601233,,4811.594727,
Sample,07/04/2023 14:37:53,0,,,12739568,12.171353,3208708,1.046966,1.339400,2742.600098,2405.121412,,0.601572,,4810.242676,
Sample,07/04/2023 14:37:58,0,,,12740844,12.157077,3208639,1.046944,1.328100,2743.100098,2405.544042,,0.601207,,4811.087891,
Sample,07/04/2023 14:38:03,0,,,12742828,12.134880,3208266,1.046821,1.332000,2743.100098,2405.544042,,0.599232,,4811.087891,
Sample,07/04/2023 14:38:08,0,,,12745544,12.104493,3208691,1.046961,1.336000,2742.300049,2404.867793,,0.601482,,4809.735352,
Sample,07/04/2023 14:38:13,0,9439705,5.808358,12746475,12.094076,3208047,1.046749,1.332200,2743.800049,2406.135683,,0.598072,,4812.271484,
Sample,07/04/2023 14:38:28,0,,,12748439,12.072102,3208558,1.046917,1.326000,2743.199951,2405.628444,,0.600778,,4811.256836,
Sample,07/04/2023 14:38:33,0,,,12749944,12.055263,3208558,1.046917,1.327500,2742.699951,2405.205814,,0.600778,,4810.411621,
Sample,07/04/2023 14:38:38,0,,,12751188,12.041343,3208150,1.046783,1.330500,2742.300049,2404.867793,,0.598618,,4809.735352,
Sample,07/04/2023 14:38:43,0,,,12752734,12.024045,3208494,1.046896,1.340000,2740.800049,2403.599903,,0.600439,,4807.199707,
Sample,07/04/2023 14:38:48,0,,,12754870,12.000144,3208413,1.046869,1.345500,2742.000000,2404.614173,,0.600010,,4809.228516,
Sample,07/04/2023 14:38:53,0,,,12754845,12.000423,3208486,1.046893,1.337500,2742.899902,2405.374825,,0.600397,,4810.749512,
Sample,07/04/2023 14:38:58,0,,,12756624,11.980517,3208335,1.046844,1.342800,2743.399902,2405.797455,,0.599598,,4811.594727,
Sample,07/04/2023 14:39:03,0,,,12759827,11.944674,3208236,1.046811,1.340100,2741.000000,2403.768914,,0.599073,,4807.537598,
Sample,07/04/2023 14:39:08,0,,,12760143,11.941138,3208200,1.046799,1.336600,2741.300049,2404.022533,,0.598883,,4808.044922,
Sample,07/04/2023 14:39:13,0,9439689,5.808270,12761100,11.930429,3207982,1.046728,1.718400,2744.199951,2406.473704,,0.597728,,4812.947266,
Sample,07/04/2023 14:39:28,0,,,12755254,11.995847,3208364,1.046853,1.718100,2742.300049,2404.867793,,0.599751,,4809.735352,
Sample,07/04/2023 14:39:33,0,,,12754247,12.007115,3208205,1.046801,1.731500,2743.100098,2405.544042,,0.598909,,4811.087891,
Sample,07/04/2023 14:39:38,0,,,12752944,12.021695,3208005,1.046735,1.756600,2743.100098,2405.544042,,0.597850,,4811.087891,
Sample,07/04/2023 14:39:43,0,,,12751170,12.041545,3208614,1.046935,1.793500,2742.100098,2404.698782,,0.601074,,4809.397461,
Sample,07/04/2023 14:39:48,0,,,12750439,12.049724,3208331,1.046842,1.795400,2742.300049,2404.867793,,0.599576,,4809.735352,
Sample,07/04/2023 14:39:53,0,,,12749989,12.054759,3207997,1.046733,1.804700,2742.399902,2404.952195,,0.597808,,4809.904297,
Sample,07/04/2023 14:39:58,0,,,12749400,12.061349,3208500,1.046898,1.825000,2745.300049,2407.403572,,0.600471,,4814.807129,
Sample,07/04/2023 14:40:03,0,,,12747256,12.085338,3208068,1.046756,1.842700,2742.000000,2404.614173,,0.598184,,4809.228516,
Sample,07/04/2023 14:40:08,0,,,12745374,12.106395,3208034,1.046745,1.824600,2742.500000,2405.036803,,0.598004,,4810.073730,
Sample,07/04/2023 14:40:13,0,9439686,5.808254,12744058,12.121119,3208450,1.046881,1.842200,2742.399902,2404.952195,,0.600206,,4809.904297,
Sample,07/04/2023 14:40:28,0,,,12743113,12.131692,3208189,1.046796,1.851600,2741.600098,2404.276152,,0.598824,,4808.552246,
Sample,07/04/2023 14:40:33,0,,,12741924,12.144994,3208484,1.046893,1.844900,2743.800049,2406.135683,,0.600386,,4812.271484,
Sample,07/04/2023 14:40:38,0,,,12740705,12.158632,3208178,1.046792,1.848100,2745.699951,2407.741594,,0.598766,,4815.483398,
Sample,07/04/2023 14:40:43,0,,,12739976,12.166788,3208197,1.046798,1.846100,2743.500000,2405.882063,,0.598867,,4811.764160,
Sample,07/04/2023 14:40:48,0,,,12738900,12.178826,3208466,1.046887,1.855900,2742.699951,2405.205814,,0.600291,,4810.411621,
Sample,07/04/2023 14:40:53,0,,,12738245,12.186154,3208406,1.046867,1.847500,2743.899902,2406.220085,,0.599973,,4812.439941,
Sample,07/04/2023 14:40:58,0,,,12738274,12.185830,3207906,1.046703,1.728600,2747.000000,2408.840473,,0.597325,,4817.681152,
Sample,07/04/2023 14:41:03,0,,,12737079,12.199199,3208511,1.046902,1.777800,2743.500000,2405.882063,,0.600529,,4811.764160,
Sample,07/04/2023 14:41:08,0,,,12735270,12.219437,3207990,1.046730,1.804800,2746.199951,2408.164224,,0.597770,,4816.328613,
Sample,07/04/2023 14:41:13,0,9439679,5.808215,12734541,12.227592,3208476,1.046890,1.832500,2742.199951,2404.783184,,0.600344,,4809.566406,
Sample,07/04/2023 14:41:28,0,,,12733878,12.235009,3208656,1.046949,1.858400,2741.500000,2404.191543,,0.601297,,4808.383301,
Sample,07/04/2023 14:41:33,0,,,12734584,12.227111,3208643,1.046945,1.871500,2744.699951,2406.896334,,0.601228,,4813.792480,
Sample,07/04/2023 14:41:38,0,,,12734603,12.226898,3208599,1.046930,1.873200,2743.899902,2406.220085,,0.600995,,4812.439941,
Sample,07/04/2023 14:41:43,0,,,12733493,12.239316,3208597,1.046930,1.880200,2745.199951,2407.318964,,0.600984,,4814.637695,
Sample,07/04/2023 14:41:48,0,,,12733042,12.244361,3208595,1.046929,1.880700,2745.800049,2407.826202,,0.600974,,4815.652344,
Sample,07/04/2023 14:41:53,0,,,12733181,12.242806,3208674,1.046955,1.881200,2744.800049,2406.980942,,0.601392,,4813.961914,
Sample,07/04/2023 14:41:58,0,,,12731614,12.260336,3208632,1.046941,1.879000,2744.300049,2406.558312,,0.601170,,4813.116699,
Sample,07/04/2023 14:42:03,0,,,12728103,12.299613,3208588,1.046927,1.883300,2745.100098,2407.234562,,0.600937,,4814.469238,
Sample,07/04/2023 14:42:08,0,,,12726847,12.313663,3208711,1.046967,1.875700,2744.399902,2406.642715,,0.601588,,4813.285645,
Sample,07/04/2023 14:42:13,0,9439660,5.808111,12726279,12.320017,3208518,1.046904,1.876900,2745.300049,2407.403572,,0.600566,,4814.807129,
Sample,07/04/2023 14:42:28,0,,,12726855,12.313573,3208617,1.046936,1.887900,2744.000000,2406.304693,,0.601090,,4812.609375,
Sample,07/04/2023 14:42:33,0,,,12728238,12.298103,3208583,1.046925,1.890500,2743.500000,2405.882063,,0.600910,,4811.764160,
Sample,07/04/2023 14:42:38,0,,,12729571,12.283191,3208661,1.046951,1.887700,2743.899902,2406.220085,,0.601323,,4812.439941,
Sample,07/04/2023 14:42:43,0,,,12728396,12.296335,3208653,1.046948,1.888300,2743.800049,2406.135683,,0.601281,,4812.271484,
Sample,07/04/2023 14:42:48,0,,,12727372,12.307790,3208623,1.046938,1.886500,2745.000000,2407.149953,,0.601122,,4814.299805,
Sample,07/04/2023 14:42:53,0,,,12726258,12.320252,3208606,1.046933,1.887800,2744.500000,2406.727323,,0.601032,,4813.454590,
Sample,07/04/2023 14:42:58,0,,,12726342,12.319312,3208543,1.046912,1.888700,2742.800049,2405.290423,,0.600699,,4810.581055,
Sample,07/04/2023 14:43:03,0,,,12727495,12.306414,3208562,1.046918,1.888400,2744.100098,2406.389302,,0.600799,,4812.778809,
Sample,07/04/2023 14:43:08,0,,,12726431,12.318316,3208488,1.046894,1.886000,2746.100098,2408.079822,,0.600407,,4816.159668,
Sample,07/04/2023 14:43:13,0,9439646,5.808034,12726444,12.318171,3208456,1.046883,1.890400,2746.199951,2408.164224,,0.600238,,4816.328613,
Sample,07/04/2023 14:43:28,0,,,12721301,12.375701,3208557,1.046917,1.886100,2744.899902,2407.065345,,0.600773,,4814.130859,
Sample,07/04/2023 14:43:33,0,,,12720376,12.386048,3208553,1.046915,1.888100,2744.500000,2406.727323,,0.600751,,4813.454590,
Sample,07/04/2023 14:43:38,0,,,12719117,12.400131,3208455,1.046883,1.885600,2745.100098,2407.234562,,0.600233,,4814.469238,
Sample,07/04/2023 14:43:43,0,,,12715080,12.445286,3208463,1.046886,1.892000,2744.399902,2406.642715,,0.600275,,4813.285645,
Sample,07/04/2023 14:43:48,0,,,12713339,12.464760,3208360,1.046852,1.895100,2746.300049,2408.248832,,0.599730,,4816.497559,
Sample,07/04/2023 14:43:53,0,,,12711326,12.487276,3208444,1.046880,1.890700,2744.699951,2406.896334,,0.600175,,4813.792480,
Sample,07/04/2023 14:43:58,0,,,12709414,12.508662,3208344,1.046847,1.890900,2746.199951,2408.164224,,0.599645,,4816.328613,
Sample,07/04/2023 14:44:03,0,,,12708079,12.523593,3208296,1.046831,1.891700,2747.000000,2408.840473,,0.599391,,4817.681152,
Sample,07/04/2023 14:44:08,0,,,12707356,12.531680,3208386,1.046860,1.895800,2747.000000,2408.840473,,0.599868,,4817.681152,
Sample,07/04/2023 14:44:13,0,9439637,5.807984,12706637,12.539722,3208422,1.046872,1.890600,2748.600098,2410.192971,,0.600058,,4820.385742,
Sample,07/04/2023 14:44:28,0,,,12702157,12.589829,3208187,1.046795,2.095300,2743.199951,2405.628444,,0.598814,,4811.256836,
Sample,07/04/2023 14:44:33,0,,,12699626,12.618137,3208348,1.046848,2.102300,2747.199951,2409.009484,,0.599666,,4818.019043,
Sample,07/04/2023 14:44:38,0,,,12697536,12.641512,3208372,1.046856,2.094800,2748.899902,2410.446384,,0.599793,,4820.892578,
Sample,07/04/2023 14:44:43,0,,,12696461,12.653535,3208282,1.046826,2.098800,2747.600098,2409.347711,,0.599317,,4818.695312,
Sample,07/04/2023 14:44:48,0,,,12696407,12.654139,3208253,1.046817,2.093200,2747.399902,2409.178494,,0.599163,,4818.356934,
Sample,07/04/2023 14:44:53,0,,,12695880,12.660033,3208273,1.046823,2.098500,2748.100098,2409.770341,,0.599269,,4819.540527,
Sample,07/04/2023 14:44:58,0,,,12694712,12.673097,3208246,1.046814,2.100100,2746.699951,2408.586854,,0.599126,,4817.173828,
Sample,07/04/2023 14:45:03,0,,,12694820,12.671889,3208254,1.046817,2.096000,2750.000000,2411.376253,,0.599169,,4822.752441,
Sample,07/04/2023 14:45:08,0,,,12693268,12.689247,3208390,1.046862,2.102800,2748.899902,2410.446384,,0.599889,,4820.892578,
Sample,07/04/2023 14:45:13,0,9439617,5.807874,12692072,12.702623,3208274,1.046824,2.093900,2748.399902,2410.023754,,0.599275,,4820.047363,
Sample,07/04/2023 14:45:28,0,,,12691365,12.710530,3208177,1.046792,2.097100,2748.699951,2410.277374,,0.598761,,4820.554688,
Sample,07/04/2023 14:45:33,0,,,12692127,12.702008,3208155,1.046785,2.107000,2746.699951,2408.586854,,0.598644,,4817.173828,
Sample,07/04/2023 14:45:38,0,,,12691977,12.703685,3208274,1.046824,2.103100,2746.899902,2408.755864,,0.599275,,4817.511719,
Sample,07/04/2023 14:45:43,0,,,12692200,12.701191,3208186,1.046795,2.104700,2748.399902,2410.023754,,0.598809,,4820.047363,
Sample,07/04/2023 14:45:48,0,,,12690494,12.720271,3208140,1.046780,2.099000,2744.300049,2406.558312,,0.598565,,4813.116699,
Sample,07/04/2023 14:45:53,0,,,12690855,12.716234,3208111,1.046770,2.100700,2747.600098,2409.347711,,0.598411,,4818.695312,
Sample,07/04/2023 14:45:58,0,,,12689571,12.730594,3208052,1.046751,2.105400,2748.100098,2409.770341,,0.598099,,4819.540527,
Sample,07/04/2023 14:46:03,0,,,12690065,12.725069,3208182,1.046793,2.105900,2747.000000,2408.840473,,0.598787,,4817.681152,
Sample,07/04/2023 14:46:08,0,,,12689314,12.733468,3207965,1.046722,2.104000,2748.500000,2410.108363,,0.597638,,4820.216797,
Sample,07/04/2023 14:46:13,0,9439607,5.807819,12689360,12.732954,3208120,1.046773,2.108000,2747.100098,2408.925081,,0.598459,,4817.850098,
Sample,07/04/2023 14:46:28,0,,,12686654,12.763218,3208016,1.046739,2.106700,2748.199951,2409.854744,,0.597908,,4819.709473,
Sample,07/04/2023 14:46:33,0,,,12685840,12.772322,3207832,1.046678,2.107000,2746.000000,2407.995213,,0.596933,,4815.990234,
Sample,07/04/2023 14:46:38,0,,,12684242,12.790193,3207999,1.046733,2.108100,2749.000000,2410.530993,,0.597818,,4821.062012,
Sample,07/04/2023 14:46:43,0,,,12683764,12.795539,3207880,1.046694,2.117800,2748.600098,2410.192971,,0.597188,,4820.385742,
Sample,07/04/2023 14:46:48,0,,,12683783,12.795327,3207785,1.046663,2.113500,2747.800049,2409.516722,,0.596684,,4819.033203,
Sample,07/04/2023 14:46:53,0,,,12683605,12.797318,3207778,1.046661,2.109600,2748.399902,2410.023754,,0.596647,,4820.047363,
Sample,07/04/2023 14:46:58,0,,,12682742,12.806969,3207712,1.046639,2.107700,2748.199951,2409.854744,,0.596297,,4819.709473,
Sample,07/04/2023 14:47:03,0,,,12682764,12.806723,3207814,1.046672,2.108800,2748.500000,2410.108363,,0.596838,,4820.216797,
Sample,07/04/2023 14:47:08,0,,,12681531,12.820513,3207760,1.046655,2.105000,2749.399902,2410.869014,,0.596552,,4821.737793,
Sample,07/04/2023 14:47:13,0,9439598,5.807770,12681881,12.816599,3207735,1.046646,2.104700,2749.000000,2410.530993,,0.596419,,4821.062012,
Sample,07/04/2023 14:47:28,0,,,12681756,12.817997,3207690,1.046632,2.121900,2748.000000,2409.685733,,0.596181,,4819.371582,
Sample,07/04/2023 14:47:33,0,,,12681445,12.821475,3207656,1.046620,2.113300,2745.800049,2407.826202,,0.596001,,4815.652344,
Sample,07/04/2023 14:47:38,0,,,12680447,12.832636,3207726,1.046644,2.111300,2747.399902,2409.178494,,0.596372,,4818.356934,
Sample,07/04/2023 14:47:43,0,,,12680022,12.837389,3207686,1.046630,2.118100,2747.699951,2409.432114,,0.596160,,4818.864258,
Sample,07/04/2023 14:47:48,0,,,12680157,12.835879,3207632,1.046613,2.112200,2746.699951,2408.586854,,0.595873,,4817.173828,
Sample,07/04/2023 14:47:53,0,,,12679796,12.839917,3207611,1.046606,2.109000,2749.399902,2410.869014,,0.595762,,4821.737793,
Sample,07/04/2023 14:47:58,0,,,12678545,12.853908,3207574,1.046594,2.111500,2747.699951,2409.432114,,0.595566,,4818.864258,
Sample,07/04/2023 14:48:03,0,,,12677790,12.862352,3207555,1.046587,2.121100,2750.100098,2411.460861,,0.595465,,4822.921875,
Sample,07/04/2023 14:48:08,0,,,12677276,12.868100,3207596,1.046601,2.111100,2749.500000,2410.953623,,0.595683,,4821.907227,
Sample,07/04/2023 14:48:13,0,9439589,5.807720,12677275,12.868111,3207453,1.046554,2.115300,2749.500000,2410.953623,,0.594924,,4821.907227,
Sample,07/04/2023 14:48:28,0,,,12674885,12.894840,3207499,1.046569,2.109800,2749.199951,2410.700003,,0.595168,,4821.399902,
Sample,07/04/2023 14:48:33,0,,,12674536,12.898744,3207499,1.046569,2.106700,2749.000000,2410.530993,,0.595168,,4821.062012,
Sample,07/04/2023 14:48:38,0,,,12675781,12.884820,3207348,1.046519,2.113000,2749.800049,2411.207242,,0.594368,,4822.414551,
Sample,07/04/2023 14:48:43,0,,,12677270,12.868167,3207449,1.046552,2.108500,2750.899902,2412.136904,,0.594903,,4824.273926,
Sample,07/04/2023 14:48:48,0,,,12677103,12.870035,3207439,1.046549,2.111600,2750.899902,2412.136904,,0.594850,,4824.273926,
Sample,07/04/2023 14:48:53,0,,,12676777,12.873681,3207405,1.046538,2.111100,2750.600098,2411.883491,,0.594670,,4823.767090,
Sample,07/04/2023 14:48:58,0,,,12676509,12.876678,3207451,1.046553,2.110400,2750.300049,2411.629872,,0.594914,,4823.259766,
Sample,07/04/2023 14:49:03,0,,,12676068,12.881610,3207330,1.046513,2.112500,2750.000000,2411.376253,,0.594272,,4822.752441,
Sample,07/04/2023 14:49:08,0,,,12675731,12.885379,3207269,1.046493,2.040600,2749.199951,2410.700003,,0.593949,,4821.399902,
Sample,07/04/2023 14:49:13,0,9439574,5.807638,12676068,12.881610,3207230,1.046480,2.063700,2751.100098,2412.306121,,0.593742,,4824.612305,
Sample,07/04/2023 14:49:28,0,,,12678172,12.858079,3207430,1.046546,2.055800,2749.899902,2411.291644,,0.594802,,4822.583496,
Sample,07/04/2023 14:49:33,0,,,12676909,12.872204,3207255,1.046489,2.059200,2751.600098,2412.728751,,0.593874,,4825.457520,
Sample,07/04/2023 14:49:38,0,,,12676967,12.871556,3207336,1.046515,2.055900,2748.399902,2410.023754,,0.594304,,4820.047363,
Sample,07/04/2023 14:49:43,0,,,12674793,12.895869,3207378,1.046529,2.049800,2750.100098,2411.460861,,0.594527,,4822.921875,
Sample,07/04/2023 14:49:48,0,,,12676688,12.874676,3207306,1.046505,2.052700,2751.899902,2412.982164,,0.594145,,4825.964355,
Sample,07/04/2023 14:49:53,0,,,12678982,12.849020,3207440,1.046549,2.045800,2750.100098,2411.460861,,0.594855,,4822.921875,
Sample,07/04/2023 14:49:58,0,,,12682167,12.813400,3207138,1.046450,2.050900,2750.199951,2411.545263,,0.593254,,4823.090332,
Sample,07/04/2023 14:50:03,0,,,12684017,12.792710,3207257,1.046489,2.050100,2751.399902,2412.559534,,0.593885,,4825.119141,
Sample,07/04/2023 14:50:08,0,,,12686133,12.769045,3207156,1.046456,2.043300,2753.000000,2413.912032,,0.593349,,4827.824219,
Sample,07/04/2023 14:50:13,0,9439561,5.807566,12685033,12.781347,3207284,1.046498,2.044500,2751.199951,2412.390523,,0.594028,,4824.781250,
Sample,07/04/2023 14:50:28,0,,,12680577,12.831182,3207192,1.046468,2.047100,2749.300049,2410.784612,,0.593540,,4821.569336,
Sample,07/04/2023 14:50:33,0,,,12679567,12.842478,3207415,1.046541,2.064200,2749.699951,2411.122633,,0.594723,,4822.245117,
Sample,07/04/2023 14:50:38,0,,,12678657,12.852655,3207035,1.046416,2.063200,2750.399902,2411.714274,,0.592707,,4823.428711,
Sample,07/04/2023 14:50:43,0,,,12677822,12.861994,3207204,1.046472,2.071100,2750.100098,2411.460861,,0.593604,,4822.921875,
Sample,07/04/2023 14:50:48,0,,,12677094,12.870135,3207284,1.046498,2.073500,2748.399902,2410.023754,,0.594028,,4820.047363,
Sample,07/04/2023 14:50:53,0,,,12676483,12.876969,3207339,1.046516,2.075200,2752.500000,2413.489402,,0.594320,,4826.979004,
Sample,07/04/2023 14:50:58,0,,,12675765,12.884999,3208001,1.046734,1.496300,2747.399902,2409.178494,,0.597829,,4818.356934,
Sample,07/04/2023 14:51:03,0,,,12675653,12.886251,3207236,1.046482,1.631000,2746.500000,2408.417843,,0.593774,,4816.835449,
Sample,07/04/2023 14:51:08,0,,,12674587,12.898173,3207090,1.046434,1.632000,2749.399902,2410.869014,,0.592999,,4821.737793,
Sample,07/04/2023 14:51:13,0,9439351,5.806412,12673920,12.905633,3207255,1.046489,1.646300,2749.800049,2411.207242,,0.593874,,4822.414551,
Sample,07/04/2023 14:51:28,0,,,12672856,12.917532,3207202,1.046471,1.658300,2748.800049,2410.361982,,0.593593,,4820.724121,
Sample,07/04/2023 14:51:33,0,,,12671842,12.928873,3207298,1.046503,1.662200,2747.500000,2409.263103,,0.594102,,4818.526367,
Sample,07/04/2023 14:51:38,0,,,12673039,12.915486,3207114,1.046442,1.659200,2746.500000,2408.417843,,0.593126,,4816.835449,
Sample,07/04/2023 14:51:43,0,,,12673349,12.912019,3207211,1.046474,1.662700,2747.600098,2409.347711,,0.593641,,4818.695312,
Sample,07/04/2023 14:51:48,0,,,12673384,12.911627,3207193,1.046468,1.656400,2747.300049,2409.094092,,0.593545,,4818.187988,
Sample,07/04/2023 14:51:53,0,,,12672037,12.926692,3207068,1.046427,1.656500,2746.399902,2408.333234,,0.592882,,4816.666504,
Sample,07/04/2023 14:51:58,0,,,12671792,12.929432,3207357,1.046522,1.653100,2747.399902,2409.178494,,0.594415,,4818.356934,
Sample,07/04/2023 14:52:03,0,,,12670787,12.940672,3207177,1.046463,1.660500,2747.199951,2409.009484,,0.593461,,4818.019043,
Sample,07/04/2023 14:52:08,0,,,12669570,12.954282,3207033,1.046416,1.682700,2747.000000,2408.840473,,0.592697,,4817.681152,
Sample,07/04/2023 14:52:13,0,9439561,5.807566,12669488,12.955199,3207039,1.046418,1.686900,2748.600098,2410.192971,,0.592728,,4820.385742,
Sample,07/04/2023 14:52:28,0,,,12671733,12.930092,3207121,1.046445,1.677700,2747.000000,2408.840473,,0.593163,,4817.681152,
Sample,07/04/2023 14:52:33,0,,,12671839,12.928906,3207128,1.046447,1.678400,2747.899902,2409.601124,,0.593201,,4819.202148,
Sample,07/04/2023 14:52:38,0,,,12670852,12.939945,3207073,1.046429,1.677300,2747.899902,2409.601124,,0.592909,,4819.202148,
Sample,07/04/2023 14:52:43,0,,,12669686,12.952985,3207180,1.046464,1.678600,2748.899902,2410.446384,,0.593476,,4820.892578,
Sample,07/04/2023 14:52:48,0,,,12669447,12.955658,3207179,1.046464,1.673400,2747.800049,2409.516722,,0.593471,,4819.033203,
Sample,07/04/2023 14:52:53,0,,,12668981,12.960870,3207187,1.046466,1.674900,2749.699951,2411.122633,,0.593514,,4822.245117,
Sample,07/04/2023 14:52:58,0,,,12669380,12.956407,3207139,1.046451,1.675300,2748.899902,2410.446384,,0.593259,,4820.892578,
Sample,07/04/2023 14:53:03,0,,,12669092,12.959628,3207184,1.046465,1.677600,2746.300049,2408.248832,,0.593498,,4816.497559,
Sample,07/04/2023 14:53:08,0,,,12669484,12.955244,3207054,1.046423,1.677400,2748.300049,2409.939352,,0.592808,,4819.878906,
Sample,07/04/2023 14:53:13,0,9439568,5.807605,12670182,12.947438,3207076,1.046430,1.673200,2747.899902,2409.601124,,0.592925,,4819.202148,
Sample,07/04/2023 14:53:28,0,,,12682870,12.805538,3206800,1.046339,0.105700,3066.399902,2678.816404,,0.591460,,5357.632812,
Sample,07/04/2023 14:53:33,0,,,12697703,12.639645,3206823,1.046347,0.013900,2781.600098,2438.086548,,0.591582,,4876.173340,
Sample,07/04/2023 14:53:38,0,,,12828400,11.176854,3302506,1.077801,1.754300,-53.500000,1.431108,,1.065429,,2.862217,
Sample,07/04/2023 14:53:43,0,,,12894227,10.438573,3718585,1.214680,2.062300,-54.230000,1.684390,,2.776920,,3.368781,
Sample,07/04/2023 14:53:48,0,,,12902853,10.341714,3963956,1.295473,1.781900,-55.900002,1.453805,,3.694088,,2.907610,
Sample,07/04/2023 14:53:53,0,,,12907244,10.292397,4334888,1.417710,3.063000,-57.150002,2.507310,,5.038934,,5.014620,
Sample,07/04/2023 14:53:58,0,,,12909955,10.261945,4639000,1.518015,3.856400,-57.059998,3.159758,,6.123306,,6.319515,
Sample,07/04/2023 14:54:03,0,,,12911366,10.246094,4883009,1.598552,1.990500,-58.559998,1.625346,,6.986995,,3.250692,
Sample,07/04/2023 14:54:08,0,,,12912159,10.237185,5125414,1.678608,2.426900,-59.329998,1.984217,,7.841464,,3.968434,
Sample,07/04/2023 14:54:13,0,9439516,5.807319,12913206,10.225423,5275379,1.728158,3.395500,-56.779999,2.780739,,8.368833,,5.561478,
Sample,07/04/2023 14:54:28,0,,,12914515,10.210716,3735733,1.220325,1.794400,-58.740002,1.464084,,2.842199,,2.928169,
Sample,07/04/2023 14:54:33,0,,,12910364,10.257350,3205194,1.045811,3416.899902,3599.899902,3129.762563,,0.582923,,6259.524902,
Sample,07/04/2023 14:54:38,0,,,12895460,10.424730,3206366,1.046196,0.037400,3256.699951,2839.669405,,0.589155,,5679.338867,
Sample,07/04/2023 14:54:43,0,,,12877286,10.628716,3204523,1.045591,1.311200,2734.300049,2398.105713,,0.579349,,4796.211426,
Sample,07/04/2023 14:54:48,0,,,12864284,10.774577,3204733,1.045660,1.238500,2730.699951,2395.062695,,0.580468,,4790.125488,
Sample,07/04/2023 14:54:53,0,,,12853091,10.900099,3204920,1.045721,1.628400,2729.500000,2394.048425,,0.581464,,4788.096680,
Sample,07/04/2023 14:54:58,0,,,12843788,11.004395,3205068,1.045770,1.642700,2730.500000,2394.893685,,0.582252,,4789.787598,
Sample,07/04/2023 14:55:03,0,,,12836011,11.091563,3205195,1.045812,1.666900,2728.699951,2393.372175,,0.582928,,4786.744141,
Sample,07/04/2023 14:55:08,0,,,12830160,11.157132,3204872,1.045705,1.690900,2730.500000,2394.893685,,0.581208,,4789.787598,
Sample,07/04/2023 14:55:13,0,9439528,5.807385,12824143,11.224552,3204743,1.045663,1.793300,2729.800049,2394.302044,,0.580521,,4788.604004,
Sample,07/04/2023 14:55:28,0,,,12811711,11.363820,3204372,1.045541,1.937100,2731.699951,2395.907955,,0.578544,,4791.815918,
Sample,07/04/2023 14:55:33,0,,,12808449,11.400356,3204181,1.045478,1.970400,2729.800049,2394.302044,,0.577526,,4788.604004,
Sample,07/04/2023 14:55:38,0,,,12805423,11.434246,3203956,1.045404,1.986700,2728.600098,2393.287773,,0.576325,,4786.575684,
Sample,07/04/2023 14:55:43,0,,,12802845,11.463117,3203931,1.045396,2.016100,2726.699951,2391.681656,,0.576192,,4783.363281,
Sample,07/04/2023 14:55:48,0,,,12800913,11.484752,3204116,1.045457,2.026300,2725.300049,2390.498374,,0.577179,,4780.996582,
Sample,07/04/2023 14:55:53,0,,,12798961,11.506611,3204334,1.045529,2.042200,2725.600098,2390.751994,,0.578341,,4781.503906,
Sample,07/04/2023 14:55:58,0,,,12796828,11.530496,3204193,1.045482,2.071500,2725.300049,2390.498374,,0.577590,,4780.996582,
Sample,07/04/2023 14:56:03,0,,,12795746,11.542611,3203910,1.045389,2.086700,2724.600098,2389.906734,,0.576080,,4779.813477,
Sample,07/04/2023 14:56:08,0,,,12794290,11.558914,3204299,1.045517,2.101300,2723.500000,2388.976865,,0.578155,,4777.953613,
Sample,07/04/2023 14:56:13,0,9439504,5.807253,12792958,11.573828,3204327,1.045526,2.110500,2721.199951,2387.032726,,0.578304,,4774.065430,
Sample,07/04/2023 14:56:28,0,,,12789816,11.609006,3204272,1.045508,2.124200,2723.000000,2388.554235,,0.578011,,4777.108398,
Sample,07/04/2023 14:56:33,0,,,12789192,11.615992,3204172,1.045475,2.125100,2723.699951,2389.145876,,0.577478,,4778.291992,
Sample,07/04/2023 14:56:38,0,,,12788478,11.623986,3204364,1.045538,2.129100,2724.100098,2389.484104,,0.578501,,4778.968262,
Sample,07/04/2023 14:56:43,0,,,12787567,11.634185,3204176,1.045477,2.127600,2723.199951,2388.723246,,0.577499,,4777.446289,
Sample,07/04/2023 14:56:48,0,,,12786299,11.648381,3204382,1.045544,2.126400,2722.199951,2387.877986,,0.578597,,4775.755859,
Sample,07/04/2023 14:56:53,0,,,12784664,11.666685,3204161,1.045472,2.125700,2722.300049,2387.962595,,0.577419,,4775.925293,
Sample,07/04/2023 14:56:58,0,,,12783797,11.676391,3204389,1.045547,2.116500,2723.800049,2389.230484,,0.578635,,4778.460938,
Sample,07/04/2023 14:57:03,0,,,12782804,11.687507,3204638,1.045628,0.855300,2731.300049,2395.569934,,0.579962,,4791.139648,
Sample,07/04/2023 14:57:08,0,,,12781699,11.699877,3204960,1.045734,1.257800,2732.500000,2396.584204,,0.581677,,4793.168457,
Sample,07/04/2023 14:57:13,0,9439491,5.807182,12780813,11.709795,3205070,1.045770,1.274600,2733.699951,2397.598475,,0.582263,,4795.196777,
Sample,07/04/2023 14:57:28,0,,,12776813,11.754569,3204774,1.045673,1.285800,2733.300049,2397.260454,,0.580686,,4794.520996,
Sample,07/04/2023 14:57:33,0,,,12776713,11.755689,3204578,1.045609,1.207300,2736.199951,2399.711625,,0.579642,,4799.423340,
Sample,07/04/2023 14:57:38,0,,,12775090,11.773855,3205104,1.045782,0.959200,2732.699951,2396.753215,,0.582444,,4793.506348,
Sample,07/04/2023 14:57:43,0,,,12773809,11.788193,3204894,1.045713,0.967600,2742.699951,2405.205814,,0.581325,,4810.411621,
Sample,07/04/2023 14:57:48,0,,,12773054,11.796644,3205346,1.045861,0.977400,2733.500000,2397.429464,,0.583732,,4794.858887,
Sample,07/04/2023 14:57:53,0,,,12772110,11.807210,3205026,1.045756,0.952200,2732.800049,2396.837824,,0.582028,,4793.675781,
Sample,07/04/2023 14:57:58,0,,,12770800,11.821872,3205178,1.045806,0.947300,2747.800049,2409.516722,,0.582838,,4819.033203,
Sample,07/04/2023 14:58:03,0,,,12769765,11.833456,3205415,1.045884,0.964700,2734.100098,2397.936703,,0.584099,,4795.873535,
Sample,07/04/2023 14:58:08,0,,,12768383,11.848923,3205437,1.045891,0.973300,2763.600098,2422.871870,,0.584216,,4845.743652,
Sample,07/04/2023 14:58:13,0,9439412,5.806747,12767848,11.854911,3205262,1.045834,0.979500,2728.899902,2393.541186,,0.583285,,4787.082520,
Sample,07/04/2023 14:58:28,0,,,12764948,11.887366,3208902,1.047030,0.808600,2770.000000,2428.281451,,0.602598,,4856.562988,
Sample,07/04/2023 14:58:33,0,,,12763884,11.899273,3208994,1.047060,0.760700,2755.899902,2416.363204,,0.603084,,4832.726562,
Sample,07/04/2023 14:58:38,0,,,12763219,11.906715,3208781,1.046990,0.755900,2732.199951,2396.330585,,0.601958,,4792.661133,
Sample,07/04/2023 14:58:43,0,,,12763192,11.907018,3208858,1.047016,0.747300,2730.800049,2395.147304,,0.602365,,4790.294434,
Sample,07/04/2023 14:58:48,0,,,12761813,11.922450,3209015,1.047067,0.753400,2763.300049,2422.618251,,0.603196,,4845.236328,
Sample,07/04/2023 14:58:53,0,,,12760607,11.935946,3209032,1.047073,0.748100,2758.100098,2418.222940,,0.603285,,4836.445801,
Sample,07/04/2023 14:58:58,0,,,12760123,11.941362,3209203,1.047129,0.756600,2746.600098,2408.502452,,0.604190,,4817.004883,
Sample,07/04/2023 14:59:03,0,,,12759490,11.948446,3209309,1.047164,0.760300,2726.800049,2391.766264,,0.604750,,4783.532715,
Sample,07/04/2023 14:59:08,0,,,12758789,11.956290,3208770,1.046987,0.764000,2740.199951,2403.092664,,0.601900,,4806.185547,
Sample,07/04/2023 14:59:13,0,9439456,5.806989,12756631,11.980438,3208581,1.046925,0.770900,2770.500000,2428.704081,,0.600900,,4857.408203,
Sample,07/04/2023 14:59:28,0,,,12755099,11.997581,3208757,1.046982,0.821300,2736.100098,2399.627223,,0.601831,,4799.254395,
Sample,07/04/2023 14:59:33,0,,,12754562,12.003590,3208572,1.046922,0.793000,2729.699951,2394.217435,,0.600852,,4788.435059,
Sample,07/04/2023 14:59:38,0,,,12752503,12.026629,3208893,1.047027,0.751200,2731.600098,2395.823553,,0.602550,,4791.646973,
Sample,07/04/2023 14:59:43,0,,,12751862,12.033802,3208671,1.046954,0.530800,2730.199951,2394.640065,,0.601376,,4789.280273,
Sample,07/04/2023 14:59:48,0,,,12751493,12.037931,3208711,1.046967,0.830400,2729.000000,2393.625795,,0.601588,,4787.251465,
Sample,07/04/2023 14:59:53,0,,,12749598,12.059134,3208523,1.046905,0.698400,2746.100098,2408.079822,,0.600593,,4816.159668,
Sample,07/04/2023 14:59:58,0,,,12749153,12.064113,3208818,1.047002,0.781100,2737.600098,2400.895112,,0.602154,,4801.790039,
Sample,07/04/2023 15:00:03,0,,,12747524,12.082340,3208789,1.046993,0.820700,2735.899902,2399.458005,,0.602000,,4798.916016,
Sample,07/04/2023 15:00:08,0,,,12747076,12.087352,3208468,1.046887,0.753000,2749.300049,2410.784612,,0.600302,,4821.569336,
Sample,07/04/2023 15:00:13,0,9439455,5.806984,12745447,12.105578,3209160,1.047115,0.799600,2775.199951,2432.676761,,0.603962,,4865.353516,
Sample,07/04/2023 15:00:28,0,,,12744638,12.114630,3208593,1.046928,0.733000,2731.699951,2395.907955,,0.600963,,4791.815918,
Sample,07/04/2023 15:00:33,0,,,12743898,12.122909,3208694,1.046962,0.787800,2729.800049,2394.302044,,0.601498,,4788.604004,
Sample,07/04/2023 15:00:38,0,,,12743405,12.128425,3208638,1.046943,0.804000,2731.300049,2395.569934,,0.601201,,4791.139648,
Sample,07/04/2023 15:00:43,0,,,12741935,12.144871,3208726,1.046972,0.802100,2729.800049,2394.302044,,0.601667,,4788.604004,
Sample,07/04/2023 15:00:48,0,,,12741315,12.151808,3208303,1.046833,0.659000,2732.199951,2396.330585,,0.599428,,4792.661133,
Sample,07/04/2023 15:00:53,0,,,12741148,12.153676,3208770,1.046987,0.678800,2732.500000,2396.584204,,0.601900,,4793.168457,
Sample,07/04/2023 15:00:58,0,,,12740701,12.158677,3208366,1.046854,0.821200,2731.100098,2395.400923,,0.599762,,4790.801758,
Sample,07/04/2023 15:01:03,0,,,12740302,12.163141,3209232,1.047139,0.793400,2733.500000,2397.429464,,0.604343,,4794.858887,
Sample,07/04/2023 15:01:08,0,,,12739511,12.171991,3208984,1.047057,0.740400,2730.300049,2394.724674,,0.603032,,4789.449219,
Sample,07/04/2023 15:01:13,0,9439438,5.806890,12738337,12.185125,3208887,1.047025,0.931300,2732.699951,2396.753215,,0.602519,,4793.506348,
Sample,07/04/2023 15:01:28,0,,,12736120,12.209927,3208753,1.046981,0.847000,2732.800049,2396.837824,,0.601810,,4793.675781,
Sample,07/04/2023 15:01:33,0,,,12735342,12.218631,3208407,1.046867,0.918200,2733.000000,2397.006834,,0.599979,,4794.013672,
Sample,07/04/2023 15:01:38,0,,,12734524,12.227782,3208363,1.046853,0.807200,2733.899902,2397.767486,,0.599746,,4795.535156,
Sample,07/04/2023 15:01:43,0,,,12733748,12.236463,3208018,1.046739,0.846100,2731.199951,2395.485325,,0.597919,,4790.970703,
Sample,07/04/2023 15:01:48,0,,,12733222,12.242348,3208898,1.047029,0.769700,2734.699951,2398.443735,,0.602577,,4796.887695,
Sample,07/04/2023 15:01:53,0,,,12732902,12.245928,3208332,1.046843,0.797300,2732.800049,2396.837824,,0.599582,,4793.675781,
Sample,07/04/2023 15:01:58,0,,,12732006,12.255951,3208296,1.046831,0.835600,2736.100098,2399.627223,,0.599391,,4799.254395,
Sample,07/04/2023 15:02:03,0,,,12732259,12.253121,3208187,1.046795,0.812300,2733.300049,2397.260454,,0.598814,,4794.520996,
Sample,07/04/2023 15:02:08,0,,,12731092,12.266176,3208809,1.046999,0.801900,2740.899902,2403.684305,,0.602106,,4807.368652,
Sample,07/04/2023 15:02:13,0,9439414,5.806758,12730706,12.270494,3208331,1.046842,0.795600,2731.100098,2395.400923,,0.599576,,4790.801758,
Sample,07/04/2023 15:02:28,0,,,12728110,12.299534,3208181,1.046793,0.824500,2734.399902,2398.190116,,0.598782,,4796.380371,
Sample,07/04/2023 15:02:33,0,,,12727198,12.309736,3208982,1.047056,0.835000,2735.199951,2398.866365,,0.603021,,4797.732910,
Sample,07/04/2023 15:02:38,0,,,12726764,12.314591,3208497,1.046897,0.835100,2737.300049,2400.641493,,0.600455,,4801.283203,
Sample,07/04/2023 15:02:43,0,,,12726819,12.313976,3208268,1.046822,0.837800,2734.800049,2398.528343,,0.599243,,4797.056641,
Sample,07/04/2023 15:02:48,0,,,12725726,12.326203,3208148,1.046782,0.792000,2736.000000,2399.542614,,0.598607,,4799.085449,
Sample,07/04/2023 15:02:53,0,,,12724769,12.336908,3208679,1.046957,0.838700,2737.100098,2400.472482,,0.601418,,4800.944824,
Sample,07/04/2023 15:02:58,0,,,12724591,12.338899,3208185,1.046794,1.046400,2736.500000,2399.965244,,0.598803,,4799.930664,
Sample,07/04/2023 15:03:03,0,,,12722794,12.359000,3208150,1.046783,0.835300,2736.500000,2399.965244,,0.598618,,4799.930664,
Sample,07/04/2023 15:03:08,0,,,12723022,12.356450,3207914,1.046705,0.886400,2736.699951,2400.134255,,0.597368,,4800.268555,
Sample,07/04/2023 15:03:13,0,9439407,5.806720,12723794,12.347814,3208028,1.046743,0.836700,2735.899902,2399.458005,,0.597972,,4798.916016,
Sample,07/04/2023 15:03:28,0,,,12721907,12.368922,3208110,1.046770,0.951500,2735.899902,2399.458005,,0.598406,,4798.916016,
Sample,07/04/2023 15:03:33,0,,,12721870,12.369336,3208008,1.046736,0.857400,2733.399902,2397.344856,,0.597866,,4794.689941,
Sample,07/04/2023 15:03:38,0,,,12721113,12.377804,3208658,1.046950,0.883800,2732.300049,2396.415194,,0.601307,,4792.830566,
Sample,07/04/2023 15:03:43,0,,,12721150,12.377390,3208633,1.046942,0.947700,2735.100098,2398.781963,,0.601175,,4797.563965,
Sample,07/04/2023 15:03:48,0,,,12720798,12.381327,3207734,1.046646,0.874400,2736.399902,2399.880635,,0.596414,,4799.761230,
Sample,07/04/2023 15:03:53,0,,,12719934,12.390992,3207715,1.046640,0.876900,2736.000000,2399.542614,,0.596313,,4799.085449,
Sample,07/04/2023 15:03:58,0,,,12718785,12.403844,3208452,1.046882,0.905100,2743.600098,2405.966672,,0.600217,,4811.933105,
Sample,07/04/2023 15:04:03,0,,,12715221,12.443709,3208634,1.046942,0.971000,2776.699951,2433.944651,,0.601180,,4867.889160,
Sample,07/04/2023 15:04:08,0,,,12713355,12.464581,3207980,1.046727,0.857900,2745.800049,2407.826202,,0.597717,,4815.652344,
Sample,07/04/2023 15:04:13,0,9439397,5.806665,12713380,12.464301,3208699,1.046963,0.876600,2748.500000,2410.108363,,0.601524,,4820.216797,
Sample,07/04/2023 15:04:28,0,,,12710629,12.495072,3207562,1.046590,7.349101,2783.699951,2439.861470,,0.595502,,4879.723145,
Sample,07/04/2023 15:04:33,0,,,12708653,12.517173,3207811,1.046671,16.881001,2776.699951,2433.944651,,0.596822,,4867.889160,
Sample,07/04/2023 15:04:38,0,,,12707904,12.525551,3208108,1.046769,22.643999,2830.899902,2479.757696,,0.598395,,4959.515625,
Sample,07/04/2023 15:04:43,0,,,12707421,12.530953,3208170,1.046789,19.575001,2856.399902,2501.311824,,0.598724,,5002.623535,
Sample,07/04/2023 15:04:48,0,,,12706066,12.546108,3207699,1.046635,18.108999,2878.199951,2519.738531,,0.596228,,5039.477051,
Sample,07/04/2023 15:04:53,0,,,12705163,12.556208,3207736,1.046647,16.375999,2859.300049,2503.763202,,0.596425,,5007.526367,
Sample,07/04/2023 15:04:58,0,,,12704909,12.559049,3207937,1.046713,13.662000,2840.699951,2488.041285,,0.597490,,4976.082520,
Sample,07/04/2023 15:05:03,0,,,12704859,12.559608,3208251,1.046816,10.767000,2815.300049,2466.571766,,0.599153,,4933.143555,
Sample,07/04/2023 15:05:08,0,,,12705085,12.557081,3207664,1.046623,10.699000,2803.899902,2456.935679,,0.596043,,4913.871582,
Sample,07/04/2023 15:05:13,0,9439378,5.806560,12702742,12.583286,3207720,1.046642,14.069000,2808.100098,2460.485936,,0.596340,,4920.971680,
Sample,07/04/2023 15:05:28,0,,,12700836,12.604604,3208029,1.046743,14.022000,2848.600098,2494.718962,,0.597977,,4989.437988,
Sample,07/04/2023 15:05:33,0,,,12700830,12.604671,3207371,1.046527,14.144000,2890.899902,2530.473291,,0.594490,,5060.946777,
Sample,07/04/2023 15:05:38,0,,,12700391,12.609581,3207410,1.046540,4.183100,2900.399902,2538.503260,,0.594696,,5077.006348,
Sample,07/04/2023 15:05:43,0,,,12699715,12.617142,3207660,1.046622,10.566999,2870.199951,2512.976452,,0.596022,,5025.953125,
Sample,07/04/2023 15:05:48,0,,,12698717,12.628304,3207495,1.046568,9.592100,2877.399902,2519.062282,,0.595147,,5038.124512,
Sample,07/04/2023 15:05:53,0,,,12697924,12.637173,3208042,1.046747,10.678000,2870.000000,2512.807441,,0.598046,,5025.614746,
Sample,07/04/2023 15:05:58,0,,,12697181,12.645483,3207321,1.046510,10.702000,2893.600098,2532.755658,,0.594224,,5065.511230,
Sample,07/04/2023 15:06:03,0,,,12695404,12.665357,3207517,1.046575,10.667000,2891.800049,2531.234148,,0.595264,,5062.468262,
Sample,07/04/2023 15:06:08,0,,,12695269,12.666867,3207452,1.046553,10.802000,2916.899902,2552.450048,,0.594919,,5104.899902,
Sample,07/04/2023 15:06:13,0,9439324,5.806263,12694970,12.670211,3207424,1.046544,11.645000,2950.100098,2580.512842,,0.594771,,5161.025879,
Sample,07/04/2023 15:06:28,0,,,12693098,12.691148,3207987,1.046729,20.330999,2969.300049,2596.741791,,0.597755,,5193.483398,
Sample,07/04/2023 15:06:33,0,,,12691803,12.705631,3208205,1.046801,23.558001,2966.100098,2594.037001,,0.598909,,5188.074219,
Sample,07/04/2023 15:06:38,0,,,12694621,12.674114,3208302,1.046833,23.113998,2803.399902,2456.513049,,0.599423,,4913.025879,
Sample,07/04/2023 15:06:43,0,,,12694306,12.677637,3207639,1.046615,23.264999,2835.600098,2483.730583,,0.595910,,4967.460938,
Sample,07/04/2023 15:06:48,0,,,12692926,12.693072,3207451,1.046553,23.228001,2845.899902,2492.436595,,0.594914,,4984.873047,
Sample,07/04/2023 15:06:53,0,,,12692200,12.701191,3207396,1.046535,23.426001,2859.199951,2503.678593,,0.594622,,5007.357422,
Sample,07/04/2023 15:06:58,0,,,12692338,12.699648,3208050,1.046750,23.174000,2809.399902,2461.584608,,0.598088,,4923.169434,
Sample,07/04/2023 15:07:03,0,,,12691882,12.704748,3207483,1.046564,23.123001,2826.699951,2476.207646,,0.595083,,4952.415527,
Sample,07/04/2023 15:07:08,0,,,12691366,12.710519,3207367,1.046526,23.072001,2822.699951,2472.826606,,0.594468,,4945.653320,
Sample,07/04/2023 15:07:13,0,9439308,5.806175,12691154,12.712890,3207722,1.046642,23.043999,2803.000000,2456.175028,,0.596350,,4912.350098,
Sample,07/04/2023 15:07:28,0,,,12688837,12.738803,3207194,1.046469,23.266001,2836.100098,2484.153213,,0.593551,,4968.306641,
Sample,07/04/2023 15:07:33,0,,,12688091,12.747146,3207454,1.046554,23.355000,2867.699951,2510.863302,,0.594930,,5021.726562,
Sample,07/04/2023 15:07:38,0,,,12687423,12.754617,3207347,1.046519,23.461002,2900.100098,2538.249847,,0.594362,,5076.499512,
Sample,07/04/2023 15:07:43,0,,,12687570,12.752973,3207886,1.046696,22.891001,2798.199951,2452.117739,,0.597219,,4904.235352,
Sample,07/04/2023 15:07:48,0,,,12688312,12.744675,3207619,1.046608,22.896000,2795.199951,2449.581959,,0.595804,,4899.164062,
Sample,07/04/2023 15:07:53,0,,,12687470,12.754092,3207033,1.046416,23.042000,2802.899902,2456.090419,,0.592697,,4912.180664,
Sample,07/04/2023 15:07:58,0,,,12686488,12.765074,3207578,1.046595,23.431002,2829.600098,2478.659024,,0.595587,,4957.317871,
Sample,07/04/2023 15:08:03,0,,,12685827,12.772467,3207695,1.046633,23.528999,2850.500000,2496.324873,,0.596207,,4992.649902,
Sample,07/04/2023 15:08:08,0,,,12684867,12.783203,3207724,1.046643,23.642000,2836.399902,2484.406626,,0.596361,,4968.813477,
Sample,07/04/2023 15:08:13,0,9439300,5.806131,12683945,12.793515,3207444,1.046551,23.668999,2841.000000,2488.294904,,0.594877,,4976.589844,
Sample,07/04/2023 15:08:28,0,,,12681381,12.822190,3207471,1.046560,23.697001,2841.100098,2488.379513,,0.595020,,4976.758789,
Sample,07/04/2023 15:08:33,0,,,12681295,12.823152,3207415,1.046541,23.461002,2802.300049,2455.583387,,0.594723,,4911.166992,
Sample,07/04/2023 15:08:38,0,,,12680867,12.827939,3207533,1.046580,23.481001,2806.800049,2459.387057,,0.595349,,4918.773926,
Sample,07/04/2023 15:08:43,0,,,12680291,12.834381,3208419,1.046871,23.536001,2784.500000,2440.537719,,0.600042,,4881.075195,
Sample,07/04/2023 15:08:48,0,,,12679520,12.843004,3207689,1.046631,23.388998,2780.300049,2436.987669,,0.596175,,4873.975098,
Sample,07/04/2023 15:08:53,0,,,12679216,12.846403,3207606,1.046604,23.577999,2781.199951,2437.748320,,0.595736,,4875.496582,
Sample,07/04/2023 15:08:58,0,,,12678889,12.850061,3207217,1.046476,23.701000,2779.199951,2436.057801,,0.593673,,4872.115723,
Sample,07/04/2023 15:09:03,0,,,12678466,12.854791,3207361,1.046524,24.071001,2783.199951,2439.438840,,0.594437,,4878.877441,
Sample,07/04/2023 15:09:08,0,,,12678688,12.852308,3207530,1.046579,23.911999,2782.100098,2438.509178,,0.595333,,4877.018555,
Sample,07/04/2023 15:09:13,0,9439281,5.806027,12679108,12.847611,3207592,1.046599,24.021999,2784.300049,2440.368709,,0.595661,,4880.737305,
Sample,07/04/2023 15:09:28,0,,,12679592,12.842198,3207222,1.046478,24.034000,2783.899902,2440.030481,,0.593699,,4880.061035,
Sample,07/04/2023 15:09:33,0,,,12679716,12.840812,3207516,1.046574,24.498001,2785.000000,2440.960349,,0.595258,,4881.920898,
Sample,07/04/2023 15:09:38,0,,,12679422,12.844100,3207570,1.046592,24.764999,2783.800049,2439.946079,,0.595545,,4879.892090,
Sample,07/04/2023 15:09:43,0,,,12678885,12.850105,3206981,1.046399,24.203999,2785.399902,2441.298371,,0.592421,,4882.596680,
Sample,07/04/2023 15:09:48,0,,,12678074,12.859175,3207223,1.046478,24.176998,2785.000000,2440.960349,,0.593705,,4881.920898,
Sample,07/04/2023 15:09:53,0,,,12677683,12.863548,3207084,1.046432,24.248999,2783.600098,2439.777068,,0.592967,,4879.554199,
Sample,07/04/2023 15:09:58,0,,,12676619,12.875448,3207495,1.046568,24.289999,2790.000000,2445.186649,,0.595147,,4890.373535,
Sample,07/04/2023 15:10:03,0,,,12676108,12.881163,3207192,1.046468,24.311001,2785.399902,2441.298371,,0.593540,,4882.596680,
Sample,07/04/2023 15:10:08,0,,,12677904,12.861077,3207834,1.046679,24.606998,2787.199951,2442.819880,,0.596944,,4885.639648,
Sample,07/04/2023 15:10:13,0,9439273,5.805983,12678547,12.853885,3207619,1.046608,24.392000,2782.899902,2439.185221,,0.595804,,4878.370605,
Sample,07/04/2023 15:10:28,0,,,12676480,12.877002,3207191,1.046468,24.636999,2797.399902,2451.441490,,0.593535,,4902.882812,
Sample,07/04/2023 15:10:33,0,,,12675762,12.885032,3207026,1.046413,25.456001,2801.899902,2455.245159,,0.592659,,4910.490234,
Sample,07/04/2023 15:10:38,0,,,12674315,12.901215,3207164,1.046459,24.392000,2803.300049,2456.428647,,0.593392,,4912.857422,
Sample,07/04/2023 15:10:43,0,,,12672472,12.921827,3206844,1.046354,24.456999,2793.600098,2448.229667,,0.591694,,4896.459473,
Sample,07/04/2023 15:10:48,0,,,12671794,12.929410,3207374,1.046528,24.740000,2799.699951,2453.385629,,0.594505,,4906.771484,
Sample,07/04/2023 15:10:53,0,,,12670259,12.946577,3207076,1.046430,25.309000,2808.199951,2460.570338,,0.592925,,4921.140625,
Sample,07/04/2023 15:10:58,0,,,12668332,12.968128,3207127,1.046447,24.658001,2787.399902,2442.988891,,0.593195,,4885.977539,
Sample,07/04/2023 15:11:03,0,,,12668050,12.971282,3207515,1.046574,24.276001,2787.500000,2443.073499,,0.595253,,4886.146973,
Sample,07/04/2023 15:11:08,0,,,12667906,12.972892,3207317,1.046509,24.281002,2787.399902,2442.988891,,0.594203,,4885.977539,
Sample,07/04/2023 15:11:13,0,9439248,5.805846,12668580,12.965354,3207354,1.046521,24.178999,2790.800049,2445.862898,,0.594399,,4891.725586,
Sample,07/04/2023 15:11:28,0,,,12666815,12.985094,3207348,1.046519,24.081999,2793.300049,2447.976048,,0.594368,,4895.952148,
Sample,07/04/2023 15:11:33,0,,,12666471,12.988941,3207432,1.046547,24.028000,2786.699951,2442.397250,,0.594813,,4884.794434,
Sample,07/04/2023 15:11:38,0,,,12665442,13.000449,3207329,1.046513,21.488001,2800.199951,2453.808259,,0.594267,,4907.616699,
Sample,07/04/2023 15:11:43,0,,,12665040,13.004945,3207384,1.046531,21.542000,2792.699951,2447.468809,,0.594558,,4894.937500,
Sample,07/04/2023 15:11:48,0,,,12664529,13.010660,3207147,1.046453,21.670000,2796.000000,2450.258208,,0.593301,,4900.516602,
Sample,07/04/2023 15:11:53,0,,,12664599,13.009877,3207116,1.046443,21.728001,2801.500000,2454.907138,,0.593137,,4909.814453,
Sample,07/04/2023 15:11:58,0,,,12664408,13.012013,3207293,1.046501,21.876999,2808.500000,2460.823957,,0.594076,,4921.647949,
Sample,07/04/2023 15:12:03,0,,,12664095,13.015514,3207277,1.046496,18.170000,2817.800049,2468.684915,,0.593991,,4937.369629,
Sample,07/04/2023 15:12:08,0,,,12663219,13.025311,3206981,1.046399,18.316000,2821.699951,2471.981347,,0.592421,,4943.962891,
Sample,07/04/2023 15:12:13,0,9439241,5.805807,12662844,13.029505,3207154,1.046455,18.194000,2821.300049,2471.643325,,0.593339,,4943.286621,
Sample,07/04/2023 15:12:28,0,,,12661201,13.047880,3206881,1.046366,27.891001,2824.000000,2473.925486,,0.591890,,4947.851074,
Sample,07/04/2023 15:12:33,0,,,12660698,13.053505,3207024,1.046413,27.821003,2824.100098,2474.010094,,0.592649,,4948.020020,
Sample,07/04/2023 15:12:38,0,,,12660406,13.056771,3206959,1.046391,27.910000,2828.800049,2477.982774,,0.592304,,4955.965332,
Sample,07/04/2023 15:12:43,0,,,12659581,13.065998,3206812,1.046343,27.860001,2824.500000,2474.348116,,0.591524,,4948.696289,
Sample,07/04/2023 15:12:48,0,,,12658765,13.075124,3206982,1.046399,27.832001,2827.600098,2476.968504,,0.592426,,4953.937012,
Sample,07/04/2023 15:12:53,0,,,12658208,13.081353,3207046,1.046420,27.889999,2827.800049,2477.137515,,0.592766,,4954.274902,
Sample,07/04/2023 15:12:58,0,,,12656969,13.095210,3206700,1.046306,27.788998,2829.699951,2478.743426,,0.590929,,4957.486816,
Sample,07/04/2023 15:13:03,0,,,12656498,13.100478,3206845,1.046354,27.840000,2831.300049,2480.095924,,0.591699,,4960.191895,
Sample,07/04/2023 15:13:08,0,,,12656018,13.105846,3206830,1.046349,27.845001,2834.300049,2482.631704,,0.591619,,4965.263184,
Sample,07/04/2023 15:13:13,0,9439232,5.805758,12655147,13.115588,3206904,1.046373,27.863001,2833.199951,2481.701835,,0.592012,,4963.403809,
Sample,07/04/2023 15:13:28,0,,,12652674,13.143246,3206743,1.046320,27.848999,2838.899902,2486.519776,,0.591157,,4973.039551,
Sample,07/04/2023 15:13:33,0,,,12651813,13.152875,3207141,1.046451,27.791998,2841.899902,2489.055555,,0.593270,,4978.111328,
Sample,07/04/2023 15:13:38,0,,,12651556,13.155750,3206811,1.046343,27.875000,2843.300049,2490.239043,,0.591518,,4980.478027,
Sample,07/04/2023 15:13:43,0,,,12650996,13.162013,3206778,1.046332,27.802999,2845.100098,2491.760552,,0.591343,,4983.520996,
Sample,07/04/2023 15:13:48,0,,,12650425,13.168399,3206931,1.046382,27.850000,2847.100098,2493.451072,,0.592155,,4986.902344,
Sample,07/04/2023 15:13:53,0,,,12649602,13.177604,3206893,1.046370,27.879999,2857.600098,2502.326301,,0.591954,,5004.652832,
Sample,07/04/2023 15:13:58,0,,,12649828,13.175076,3206803,1.046340,27.792999,2859.899902,2504.270234,,0.591476,,5008.540527,
Sample,07/04/2023 15:14:03,0,,,12648644,13.188318,3207197,1.046470,27.666000,2832.399902,2481.025586,,0.593567,,4962.051270,
Sample,07/04/2023 15:14:08,0,,,12648206,13.193217,3206945,1.046387,27.666000,2833.199951,2481.701835,,0.592230,,4963.403809,
Sample,07/04/2023 15:14:13,0,9439201,5.805587,12647857,13.197120,3206840,1.046352,27.685001,2841.000000,2488.294904,,0.591672,,4976.589844,
Sample,07/04/2023 15:14:28,0,,,12646180,13.215877,3206765,1.046328,27.608002,2829.300049,2478.405404,,0.591274,,4956.811035,
Sample,07/04/2023 15:14:33,0,,,12645839,13.219691,3206978,1.046398,27.626999,2838.000000,2485.759124,,0.592405,,4971.518066,
Sample,07/04/2023 15:14:38,0,,,12645476,13.223751,3206785,1.046334,27.600000,2840.399902,2487.787666,,0.591380,,4975.575195,
Sample,07/04/2023 15:14:43,0,,,12644377,13.236042,3206705,1.046308,27.551001,2841.000000,2488.294904,,0.590956,,4976.589844,
Sample,07/04/2023 15:14:48,0,,,12643507,13.245773,3207062,1.046425,27.558002,2853.800049,2499.114272,,0.592850,,4998.228516,
Sample,07/04/2023 15:14:53,0,,,12642718,13.254597,3206744,1.046321,27.486002,2835.300049,2483.476964,,0.591163,,4966.954102,
Sample,07/04/2023 15:14:58,0,,,12641961,13.263064,3206642,1.046287,27.529999,2850.300049,2496.155862,,0.590621,,4992.311523,
Sample,07/04/2023 15:15:03,0,,,12640995,13.273869,3206639,1.046286,27.560001,2864.000000,2507.735882,,0.590605,,5015.471680,
Sample,07/04/2023 15:15:08,0,,,12640544,13.278913,3206585,1.046268,27.661999,2880.000000,2521.260040,,0.590318,,5042.520020,
Sample,07/04/2023 15:15:13,0,9439190,5.805527,12640310,13.281530,3206762,1.046327,27.686001,2887.800049,2527.853109,,0.591258,,5055.706055,
Sample,07/04/2023 15:15:28,0,,,12638211,13.305007,3206390,1.046204,27.766998,2929.300049,2562.931395,,0.589283,,5125.862793,
Sample,07/04/2023 15:15:33,0,,,12637299,13.315208,3206984,1.046400,27.768000,2936.600098,2569.101833,,0.592437,,5138.203613,
Sample,07/04/2023 15:15:38,0,,,12636471,13.324469,3206441,1.046221,27.813000,2941.800049,2573.497144,,0.589554,,5146.994141,
Sample,07/04/2023 15:15:43,0,,,12636163,13.327914,3206699,1.046306,27.799000,2949.500000,2580.005604,,0.590924,,5160.011230,
Sample,07/04/2023 15:15:48,0,,,12635745,13.332589,3206747,1.046322,27.766001,2952.399902,2582.456775,,0.591179,,5164.913574,
Sample,07/04/2023 15:15:53,0,,,12635119,13.339591,3206441,1.046221,27.823002,2959.899902,2588.796224,,0.589554,,5177.592285,
Sample,07/04/2023 15:15:58,0,,,12634651,13.344826,3206624,1.046281,27.827999,2962.500000,2590.993982,,0.590526,,5181.987793,
Sample,07/04/2023 15:16:03,0,,,12634009,13.352006,3206702,1.046307,27.827000,2972.899902,2599.784603,,0.590940,,5199.569336,
Sample,07/04/2023 15:16:08,0,,,12633641,13.356123,3206479,1.046234,27.913998,2976.300049,2602.658610,,0.589755,,5205.317383,
Sample,07/04/2023 15:16:13,0,9439172,5.805428,12633498,13.357722,3206396,1.046206,27.820002,2982.600098,2607.983789,,0.589315,,5215.967773,
Sample,07/04/2023 15:16:28,0,,,12631683,13.378023,3206508,1.046243,27.976002,3023.800049,2642.808456,,0.589910,,5285.616699,
Sample,07/04/2023 15:16:33,0,,,12631113,13.384399,3206610,1.046277,27.475000,2846.100098,2492.605812,,0.590451,,4985.211426,
Sample,07/04/2023 15:16:38,0,,,12631432,13.380831,3206261,1.046162,27.480000,2809.000000,2461.246587,,0.588597,,4922.493164,
Sample,07/04/2023 15:16:43,0,,,12631292,13.382397,3206538,1.046253,27.467999,2819.199951,2469.868197,,0.590069,,4939.736328,
Sample,07/04/2023 15:16:48,0,,,12630695,13.389074,3207329,1.046513,27.482000,2842.399902,2489.478185,,0.594267,,4978.956543,
Sample,07/04/2023 15:16:53,0,,,12630332,13.393135,3206175,1.046134,27.595001,2871.300049,2513.906320,,0.588140,,5027.812500,
Sample,07/04/2023 15:16:58,0,,,12629869,13.398314,3206468,1.046230,27.580999,2885.899902,2526.246991,,0.589697,,5052.494141,
Sample,07/04/2023 15:17:03,0,,,12629869,13.398314,3206245,1.046157,27.616001,2909.399902,2546.110599,,0.588512,,5092.221191,
Sample,07/04/2023 15:17:08,0,,,12628957,13.408515,3206335,1.046186,27.571003,2926.500000,2560.564626,,0.588991,,5121.129395,
Sample,07/04/2023 15:17:13,0,9439169,5.805411,12628379,13.414980,3206436,1.046219,27.532001,2926.699951,2560.733637,,0.589527,,5121.467285,
Sample,07/04/2023 15:17:28,0,,,12627059,13.429745,3206426,1.046216,27.445002,2888.600098,2528.529358,,0.589474,,5057.058594,
Sample,07/04/2023 15:17:33,0,,,12626389,13.437239,3206117,1.046115,27.363001,2843.100098,2490.070032,,0.587832,,4980.140137,
Sample,07/04/2023 15:17:38,0,,,12626362,13.437541,3206231,1.046152,27.428997,2891.100098,2530.642508,,0.588438,,5061.285156,
Sample,07/04/2023 15:17:43,0,,,12626473,13.436300,3206327,1.046184,27.461002,2915.699951,2551.435778,,0.588948,,5102.871582,
Sample,07/04/2023 15:17:48,0,,,12625417,13.448112,3206347,1.046190,27.225000,2836.600098,2484.575843,,0.589054,,4969.151855,
Sample,07/04/2023 15:17:53,0,,,12624800,13.455014,3206392,1.046205,27.327999,2859.000000,2503.509582,,0.589293,,5007.019043,
Sample,07/04/2023 15:17:58,0,,,12624467,13.458738,3206047,1.046092,27.358002,2878.300049,2519.823140,,0.587460,,5039.646484,
Sample,07/04/2023 15:18:03,0,,,12624107,13.462765,3206215,1.046147,27.403997,2900.800049,2538.841488,,0.588353,,5077.683105,
Sample,07/04/2023 15:18:08,0,,,12623275,13.472072,3206292,1.046172,27.383999,2878.300049,2519.823140,,0.588762,,5039.646484,
Sample,07/04/2023 15:18:13,0,9439135,5.805224,12623245,13.472408,3206361,1.046195,27.444000,2897.399902,2535.967480,,0.589129,,5071.935059,
Sample,07/04/2023 15:18:28,0,,,12621782,13.488773,3206351,1.046192,27.148001,2822.000000,2472.234966,,0.589076,,4944.469727,
Sample,07/04/2023 15:18:33,0,,,12621566,13.491189,3206022,1.046083,27.235001,2841.300049,2488.548523,,0.587327,,4977.097168,
Sample,07/04/2023 15:18:38,0,,,12621367,13.493415,3206156,1.046127,27.148001,2814.399902,2465.810908,,0.588039,,4931.621582,
Sample,07/04/2023 15:18:43,0,,,12621102,13.496380,3206079,1.046102,27.103001,2811.500000,2463.359737,,0.587630,,4926.719238,
Sample,07/04/2023 15:18:48,0,,,12621676,13.489959,3206150,1.046125,27.169001,2811.500000,2463.359737,,0.588008,,4926.719238,
Sample,07/04/2023 15:18:53,0,,,12621000,13.497521,3206323,1.046182,27.136002,2818.899902,2469.614578,,0.588927,,4939.229004,
Sample,07/04/2023 15:18:58,0,,,12620307,13.505273,3206078,1.046102,27.171001,2827.800049,2477.137515,,0.587625,,4954.274902,
Sample,07/04/2023 15:19:03,0,,,12620108,13.507499,3206290,1.046171,27.160000,2834.600098,2482.885323,,0.588751,,4965.770508,
Sample,07/04/2023 15:19:08,0,,,12620141,13.507130,3206268,1.046164,27.201000,2845.300049,2491.929563,,0.588635,,4983.858887,
Sample,07/04/2023 15:19:13,0,9439117,5.805125,12621671,13.490015,3206238,1.046154,27.082001,2806.699951,2459.302448,,0.588475,,4918.604980,
Sample,07/04/2023 15:19:28,0,,,12620691,13.500977,3206183,1.046136,27.066000,2821.500000,2471.812336,,0.588183,,4943.624512,
Sample,07/04/2023 15:19:33,0,,,12619691,13.512163,3206101,1.046109,27.028997,2822.000000,2472.234966,,0.587747,,4944.469727,
Sample,07/04/2023 15:19:38,0,,,12619489,13.514423,3206232,1.046152,27.023998,2825.000000,2474.770746,,0.588443,,4949.541504,
Sample,07/04/2023 15:19:43,0,,,12619142,13.518305,3206286,1.046170,27.069000,2836.100098,2484.153213,,0.588730,,4968.306641,
Sample,07/04/2023 15:19:48,0,,,12618633,13.523999,3206256,1.046160,27.072001,2839.199951,2486.773395,,0.588571,,4973.546875,
Sample,07/04/2023 15:19:53,0,,,12618210,13.528730,3206250,1.046158,27.057001,2846.100098,2492.605812,,0.588539,,4985.211426,
Sample,07/04/2023 15:19:58,0,,,12617916,13.532019,3205917,1.046049,27.023998,2838.000000,2485.759124,,0.586769,,4971.518066,
Sample,07/04/2023 15:20:03,0,,,12617556,13.536046,3206223,1.046149,26.997000,2833.699951,2482.124465,,0.588395,,4964.249023,
Sample,07/04/2023 15:20:08,0,,,12617392,13.537881,3206057,1.046095,27.021002,2847.800049,2494.042713,,0.587513,,4988.085449,
Sample,07/04/2023 15:20:13,0,9439096,5.805010,12617271,13.539235,3206021,1.046083,27.020000,2854.199951,2499.452293,,0.587322,,4998.904785,
Sample,07/04/2023 15:20:28,0,,,12617009,13.542165,3206205,1.046144,27.036001,2872.500000,2514.920591,,0.588300,,5029.841309,
Sample,07/04/2023 15:20:33,0,,,12616952,13.542803,3205946,1.046058,27.026001,2871.500000,2514.075331,,0.586923,,5028.150879,
Sample,07/04/2023 15:20:38,0,,,12617021,13.542031,3206011,1.046080,27.006001,2871.199951,2513.821712,,0.587269,,5027.643555,
Sample,07/04/2023 15:20:43,0,,,12616861,13.543821,3206129,1.046119,27.008001,2871.899902,2514.413353,,0.587896,,5028.826660,
Sample,07/04/2023 15:20:48,0,,,12616470,13.548195,3206080,1.046102,27.019001,2878.100098,2519.654129,,0.587636,,5039.308105,
Sample,07/04/2023 15:20:53,0,,,12616465,13.548251,3206034,1.046087,27.010000,2882.000000,2522.950560,,0.587391,,5045.900879,
Sample,07/04/2023 15:20:58,0,,,12615724,13.556540,3206051,1.046093,27.003998,2882.699951,2523.542201,,0.587481,,5047.084473,
Sample,07/04/2023 15:21:03,0,,,12615343,13.560802,3205897,1.046042,26.991001,2886.300049,2526.585219,,0.586663,,5053.170410,
Sample,07/04/2023 15:21:08,0,,,12615238,13.561977,3206121,1.046116,27.007000,2896.699951,2535.375839,,0.587853,,5070.751465,
Sample,07/04/2023 15:21:13,0,9439071,5.804872,12615020,13.564416,3205895,1.046042,27.007000,2896.399902,2535.122220,,0.586652,,5070.244629,
Sample,07/04/2023 15:21:28,0,,,12614015,13.575659,3205952,1.046060,26.848001,2854.500000,2499.705913,,0.586955,,4999.411621,
Sample,07/04/2023 15:21:33,0,,,12613202,13.584754,3205996,1.046075,26.776001,2818.100098,2468.938535,,0.587189,,4937.876953,
Sample,07/04/2023 15:21:38,0,,,12612897,13.588166,3206064,1.046097,26.823002,2833.600098,2482.040063,,0.587550,,4964.080078,
Sample,07/04/2023 15:21:43,0,,,12612664,13.590772,3206146,1.046124,26.837000,2846.300049,2492.774823,,0.587986,,4985.549805,
Sample,07/04/2023 15:21:48,0,,,12612440,13.593278,3206105,1.046111,26.816000,2848.699951,2494.803364,,0.587768,,4989.606934,
Sample,07/04/2023 15:21:53,0,,,12612174,13.596254,3206204,1.046143,26.855000,2856.199951,2501.142813,,0.588295,,5002.285645,
Sample,07/04/2023 15:21:58,0,,,12611846,13.599923,3205976,1.046068,26.812000,2852.800049,2498.269012,,0.587083,,4996.538086,
Sample,07/04/2023 15:22:03,0,,,12611469,13.604141,3206173,1.046133,26.816000,2863.899902,2507.651273,,0.588130,,5015.302734,
Sample,07/04/2023 15:22:08,0,,,12611205,13.607094,3206169,1.046132,26.827000,2868.800049,2511.793171,,0.588109,,5023.586426,
Sample,07/04/2023 15:22:13,0,9439058,5.804801,12610887,13.610652,3205966,1.046065,26.808002,2859.100098,2503.594191,,0.587030,,5007.188477,
Sample,07/04/2023 15:22:28,0,,,12609830,13.622477,3205940,1.046056,26.799999,2877.000000,2518.724261,,0.586891,,5037.448730,
Sample,07/04/2023 15:22:33,0,,,12609388,13.627421,3206095,1.046107,26.850000,2883.000000,2523.795820,,0.587715,,5047.591797,
Sample,07/04/2023 15:22:38,0,,,12609408,13.627198,3206070,1.046099,26.891001,2893.199951,2532.417430,,0.587582,,5064.834961,
Sample,07/04/2023 15:22:43,0,,,12609452,13.626705,3205983,1.046071,26.834000,2899.399902,2537.658000,,0.587120,,5075.315918,
Sample,07/04/2023 15:22:48,0,,,12609220,13.629301,3206026,1.046085,26.823999,2895.600098,2534.446177,,0.587349,,5068.892578,
Sample,07/04/2023 15:22:53,0,,,12608847,13.633474,3206010,1.046079,26.879999,2899.199951,2537.488989,,0.587263,,5074.978027,
Sample,07/04/2023 15:22:58,0,,,12608300,13.639593,3206132,1.046120,26.837000,2902.300049,2540.109377,,0.587912,,5080.218750,
Sample,07/04/2023 15:23:03,0,,,12608142,13.641361,3206055,1.046094,26.851002,2907.300049,2544.335677,,0.587503,,5088.671387,
Sample,07/04/2023 15:23:08,0,,,12608384,13.638654,3206112,1.046113,26.841000,2906.500000,2543.659428,,0.587806,,5087.318848,
Sample,07/04/2023 15:23:13,0,9439034,5.804669,12608129,13.641507,3206073,1.046100,26.846003,2904.600098,2542.053516,,0.587598,,5084.106934,
Sample,07/04/2023 15:23:28,0,,,12606289,13.662092,3206101,1.046109,26.751999,2873.199951,2515.512232,,0.587747,,5031.024414,
Sample,07/04/2023 15:23:33,0,,,12605897,13.666477,3206216,1.046147,26.796001,2883.199951,2523.964831,,0.588358,,5047.929688,
Sample,07/04/2023 15:23:38,0,,,12605598,13.669823,3206050,1.046093,26.804998,2886.600098,2526.838838,,0.587476,,5053.677734,
Sample,07/04/2023 15:23:43,0,,,12605183,13.674466,3205988,1.046072,26.778997,2886.300049,2526.585219,,0.587147,,5053.170410,
Sample,07/04/2023 15:23:48,0,,,12604588,13.681122,3206166,1.046131,26.653997,2844.199951,2490.999694,,0.588093,,4981.999512,
Sample,07/04/2023 15:23:53,0,,,12603982,13.687902,3206117,1.046115,26.669001,2851.399902,2497.085524,,0.587832,,4994.170898,
Sample,07/04/2023 15:23:58,0,,,12603481,13.693508,3206030,1.046086,26.651001,2841.500000,2488.717534,,0.587370,,4977.435059,
Sample,07/04/2023 15:24:03,0,,,12603232,13.696293,3205934,1.046054,26.704998,2853.300049,2498.691642,,0.586859,,4997.383301,
Sample,07/04/2023 15:24:08,0,,,12602888,13.700142,3206010,1.046079,26.651999,2831.199951,2480.011316,,0.587263,,4960.022461,
Sample,07/04/2023 15:24:13,0,9439020,5.804592,12602620,13.703141,3205984,1.046071,26.703999,2849.800049,2495.733232,,0.587125,,4991.466309,
Sample,07/04/2023 15:24:28,0,,,12601756,13.712807,3206072,1.046100,26.605999,2841.699951,2488.886545,,0.587593,,4977.772949,
Sample,07/04/2023 15:24:33,0,,,12601499,13.715683,3206072,1.046100,26.600000,2835.199951,2483.392355,,0.587593,,4966.784668,
Sample,07/04/2023 15:24:38,0,,,12601353,13.717316,3206077,1.046101,26.613001,2842.899902,2489.900815,,0.587620,,4979.801758,
Sample,07/04/2023 15:24:43,0,,,12600801,13.723492,3206122,1.046116,26.622000,2845.899902,2492.436595,,0.587859,,4984.873047,
Sample,07/04/2023 15:24:48,0,,,12600577,13.725998,3206071,1.046100,26.646999,2852.300049,2497.846382,,0.587588,,4995.692871,
Sample,07/04/2023 15:24:53,0,,,12600526,13.726569,3206052,1.046093,26.674000,2857.699951,2502.410703,,0.587487,,5004.821289,
Sample,07/04/2023 15:24:58,0,,,12600432,13.727621,3206124,1.046117,26.683002,2865.300049,2508.834761,,0.587869,,5017.669434,
Sample,07/04/2023 15:25:03,0,,,12600219,13.730004,3206017,1.046082,26.660000,2865.100098,2508.665750,,0.587301,,5017.331543,
Sample,07/04/2023 15:25:08,0,,,12599785,13.734860,3206137,1.046121,26.631001,2864.699951,2508.327522,,0.587938,,5016.655273,
Sample,07/04/2023 15:25:13,0,9438996,5.804460,12599239,13.740969,3206091,1.046106,26.623001,2857.600098,2502.326301,,0.587694,,5004.652832,
Sample,07/04/2023 15:25:28,0,,,12598112,13.753578,3206063,1.046097,26.608002,2853.100098,2498.522631,,0.587545,,4997.045410,
Sample,07/04/2023 15:25:33,0,,,12597732,13.757830,3205920,1.046050,26.558002,2849.899902,2495.817635,,0.586785,,4991.635254,
Sample,07/04/2023 15:25:38,0,,,12597195,13.763839,3205922,1.046051,26.535000,2838.500000,2486.181754,,0.586796,,4972.363281,
Sample,07/04/2023 15:25:43,0,,,12596754,13.768773,3206060,1.046096,26.571003,2846.000000,2492.521204,,0.587529,,4985.042480,
Sample,07/04/2023 15:25:48,0,,,12596848,13.767721,3205954,1.046061,26.573002,2849.699951,2495.648624,,0.586966,,4991.297363,
Sample,07/04/2023 15:25:53,0,,,12596843,13.767777,3205901,1.046044,26.588999,2857.000000,2501.819062,,0.586684,,5003.638184,
Sample,07/04/2023 15:25:58,0,,,12596643,13.770015,3205995,1.046075,26.575001,2861.899902,2505.960753,,0.587184,,5011.921387,
Sample,07/04/2023 15:26:03,0,,,12596332,13.773495,3206032,1.046087,26.483999,2842.699951,2489.731805,,0.587380,,4979.463379,
Sample,07/04/2023 15:26:08,0,,,12595697,13.780600,3206022,1.046083,26.582001,2841.300049,2488.548523,,0.587327,,4977.097168,
Sample,07/04/2023 15:26:13,0,9438977,5.804356,12595466,13.783184,3205980,1.046070,26.576000,2845.399902,2492.013965,,0.587104,,4984.027832,
Sample,07/04/2023 15:26:28,0,,,12594571,13.793199,3206065,1.046098,26.588999,2853.600098,2498.945261,,0.587556,,4997.890625,
Sample,07/04/2023 15:26:33,0,,,12594481,13.794206,3205986,1.046072,26.605999,2857.899902,2502.579714,,0.587136,,5005.159668,
Sample,07/04/2023 15:26:38,0,,,12594294,13.796298,3205949,1.046059,26.603001,2866.699951,2510.018042,,0.586939,,5020.036133,
Sample,07/04/2023 15:26:43,0,,,12593915,13.800539,3205991,1.046073,26.608999,2870.800049,2513.483690,,0.587162,,5026.967285,
Sample,07/04/2023 15:26:48,0,,,12593706,13.802878,3205929,1.046053,26.572001,2872.399902,2514.835982,,0.586833,,5029.671875,
Sample,07/04/2023 15:26:53,0,,,12593139,13.809222,3205958,1.046062,26.582001,2871.300049,2513.906320,,0.586987,,5027.812500,
Sample,07/04/2023 15:26:58,0,,,12593181,13.808752,3205964,1.046064,26.491001,2850.899902,2496.662895,,0.587019,,4993.325684,
Sample,07/04/2023 15:27:03,0,,,12592708,13.814045,3205968,1.046066,26.538000,2858.899902,2503.424974,,0.587040,,5006.850098,
Sample,07/04/2023 15:27:08,0,,,12592608,13.815164,3205993,1.046074,26.553997,2866.199951,2509.595412,,0.587173,,5019.190918,
Sample,07/04/2023 15:27:13,0,9438963,5.804279,12592666,13.814515,3205941,1.046057,26.653997,2870.800049,2513.483690,,0.586897,,5026.967285,
Sample,07/04/2023 15:27:28,0,,,12592190,13.819841,3205867,1.046032,26.648998,2882.500000,2523.373190,,0.586503,,5046.746582,
Sample,07/04/2023 15:27:33,0,,,12592054,13.821363,3205926,1.046052,26.525000,2845.399902,2492.013965,,0.586817,,4984.027832,
Sample,07/04/2023 15:27:38,0,,,12591313,13.829654,3205983,1.046071,26.516001,2843.800049,2490.661673,,0.587120,,4981.323242,
Sample,07/04/2023 15:27:43,0,,,12590741,13.836055,3205936,1.046055,26.518000,2842.199951,2489.309175,,0.586870,,4978.618164,
Sample,07/04/2023 15:27:48,0,,,12590576,13.837901,3205755,1.045996,26.576000,2851.100098,2496.832112,,0.585908,,4993.664062,
Sample,07/04/2023 15:27:53,0,,,12590601,13.837621,3205813,1.046015,26.626001,2865.800049,2509.257391,,0.586216,,5018.514648,
Sample,07/04/2023 15:27:58,0,,,12590152,13.842646,3205910,1.046047,26.608999,2866.699951,2510.018042,,0.586732,,5020.036133,
Sample,07/04/2023 15:28:03,0,,,12589931,13.845119,3205799,1.046010,26.563999,2868.500000,2511.539551,,0.586142,,5023.079102,
Sample,07/04/2023 15:28:08,0,,,12589410,13.850949,3205815,1.046015,26.533001,2853.600098,2498.945261,,0.586227,,4997.890625,
Sample,07/04/2023 15:28:13,0,9438939,5.804147,12589077,13.854675,3205977,1.046069,26.514999,2848.800049,2494.887973,,0.587088,,4989.775879,
Sample,07/04/2023 15:28:28,0,,,12587903,13.867812,3205861,1.046030,26.465000,2846.000000,2492.521204,,0.586471,,4985.042480,
Sample,07/04/2023 15:28:33,0,,,12587609,13.871102,3205828,1.046020,26.495001,2853.000000,2498.438023,,0.586296,,4996.875977,
Sample,07/04/2023 15:28:38,0,,,12587665,13.870476,3205955,1.046061,26.482000,2855.300049,2500.382162,,0.586971,,5000.764160,
Sample,07/04/2023 15:28:43,0,,,12587240,13.875231,3205812,1.046014,26.497000,2861.000000,2505.200102,,0.586211,,5010.400391,
Sample,07/04/2023 15:28:48,0,,,12586835,13.879764,3205856,1.046029,26.469000,2858.199951,2502.833333,,0.586445,,5005.666504,
Sample,07/04/2023 15:28:53,0,,,12586488,13.883647,3205896,1.046042,26.451000,2857.000000,2501.819062,,0.586657,,5003.638184,
Sample,07/04/2023 15:28:58,0,,,12586256,13.886243,3205802,1.046011,26.445002,2857.000000,2501.819062,,0.586158,,5003.638184,
Sample,07/04/2023 15:29:03,0,,,12585961,13.889544,3205845,1.046025,26.463001,2861.500000,2505.622732,,0.586386,,5011.245605,
Sample,07/04/2023 15:29:08,0,,,12585671,13.892789,3205742,1.045991,26.413000,2857.100098,2501.903671,,0.585839,,5003.807129,
Sample,07/04/2023 15:29:13,0,9438922,5.804053,12585364,13.896225,3205862,1.046031,26.439999,2861.000000,2505.200102,,0.586477,,5010.400391,
Sample,07/04/2023 15:29:28,0,,,12584840,13.902089,3205710,1.045981,26.433002,2872.600098,2515.005200,,0.585668,,5030.010254,
Sample,07/04/2023 15:29:33,0,,,12584588,13.904909,3205747,1.045993,26.435001,2877.600098,2519.231499,,0.585865,,5038.462891,
Sample,07/04/2023 15:29:38,0,,,12584304,13.908087,3205885,1.046038,26.466000,2877.600098,2519.231499,,0.586599,,5038.462891,
Sample,07/04/2023 15:29:43,0,,,12583932,13.912250,3205651,1.045961,26.444000,2869.500000,2512.384811,,0.585355,,5024.769531,
Sample,07/04/2023 15:29:48,0,,,12583596,13.916010,3205689,1.045974,26.483999,2877.899902,2519.484912,,0.585557,,5038.969727,
Sample,07/04/2023 15:29:53,0,,,12583049,13.922132,3205717,1.045983,26.451000,2862.100098,2506.129971,,0.585706,,5012.259766,
Sample,07/04/2023 15:29:58,0,,,12582531,13.927929,3205740,1.045991,26.483002,2868.100098,2511.201530,,0.585828,,5022.402832,
Sample,07/04/2023 15:30:03,0,,,12582474,13.928567,3205700,1.045978,26.486002,2869.699951,2512.553822,,0.585615,,5025.107422,
Sample,07/04/2023 15:30:08,0,,,12582491,13.928376,3205842,1.046024,26.491999,2874.300049,2516.442100,,0.586370,,5032.884277,
Sample,07/04/2023 15:30:13,0,9438901,5.803938,12582321,13.930279,3205717,1.045983,26.488998,2878.699951,2520.161161,,0.585706,,5040.322266,
Sample,07/04/2023 15:30:28,0,,,12580856,13.946674,3205561,1.045932,26.450001,2861.500000,2505.622732,,0.584876,,5011.245605,
Sample,07/04/2023 15:30:33,0,,,12580622,13.949293,3205729,1.045987,26.439999,2867.300049,2510.525281,,0.585769,,5021.050781,
Sample,07/04/2023 15:30:38,0,,,12580468,13.951016,3205739,1.045990,26.403000,2863.600098,2507.397860,,0.585823,,5014.795898,
Sample,07/04/2023 15:30:43,0,,,12580130,13.954799,3205673,1.045969,26.416000,2867.100098,2510.356270,,0.585472,,5020.712402,
Sample,07/04/2023 15:30:48,0,,,12580083,13.955325,3205533,1.045923,26.403997,2870.699951,2513.399082,,0.584727,,5026.798340,
Sample,07/04/2023 15:30:53,0,,,12579898,13.957395,3205542,1.045926,26.403997,2874.899902,2516.949132,,0.584775,,5033.898438,
Sample,07/04/2023 15:30:58,0,,,12579818,13.958291,3205541,1.045925,26.395000,2877.899902,2519.484912,,0.584769,,5038.969727,
Sample,07/04/2023 15:31:03,0,,,12579602,13.960708,3205613,1.045949,26.340000,2871.899902,2514.413353,,0.585152,,5028.826660,
Sample,07/04/2023 15:31:08,0,,,12579181,13.965420,3205606,1.045947,26.269001,2841.699951,2488.886545,,0.585115,,4977.772949,
Sample,07/04/2023 15:31:13,0,9438885,5.803850,12578960,13.967893,3205653,1.045962,26.299999,2853.100098,2498.522631,,0.585365,,4997.045410,
Sample,07/04/2023 15:31:28,0,,,12578252,13.975817,3205637,1.045957,26.310001,2865.300049,2508.834761,,0.585280,,5017.669434,
Sample,07/04/2023 15:31:33,0,,,12577996,13.978682,3205600,1.045945,26.302999,2868.600098,2511.624160,,0.585083,,5023.248535,
Sample,07/04/2023 15:31:38,0,,,12577772,13.981189,3205493,1.045910,26.288000,2871.500000,2514.075331,,0.584514,,5028.150879,
Sample,07/04/2023 15:31:43,0,,,12577619,13.982901,3205496,1.045911,26.301001,2871.800049,2514.328950,,0.584530,,5028.657715,
Sample,07/04/2023 15:31:48,0,,,12577151,13.988139,3205536,1.045924,26.323999,2876.500000,2518.301631,,0.584743,,5036.603027,
Sample,07/04/2023 15:31:53,0,,,12577056,13.989202,3205553,1.045929,26.320002,2877.199951,2518.893271,,0.584833,,5037.786621,
Sample,07/04/2023 15:31:58,0,,,12576977,13.990087,3205487,1.045908,26.299999,2879.100098,2520.499389,,0.584482,,5040.998535,
Sample,07/04/2023 15:32:03,0,,,12576658,13.993657,3205538,1.045924,26.284000,2880.500000,2521.682670,,0.584753,,5043.365234,
Sample,07/04/2023 15:32:08,0,,,12576431,13.996198,3205468,1.045901,26.276001,2882.199951,2523.119571,,0.584381,,5046.239258,
Sample,07/04/2023 15:32:13,0,9438862,5.803723,12575888,14.002275,3205561,1.045932,26.261999,2881.800049,2522.781549,,0.584876,,5045.562988,
Sample,07/04/2023 15:32:28,0,,,12575664,14.004782,3205507,1.045914,26.251001,2884.100098,2524.725688,,0.584589,,5049.451172,
Sample,07/04/2023 15:32:33,0,,,12575682,14.004580,3205533,1.045923,26.212000,2883.399902,2524.133841,,0.584727,,5048.267578,
Sample,07/04/2023 15:32:38,0,,,12575758,14.003730,3205511,1.045915,26.215000,2884.100098,2524.725688,,0.584610,,5049.451172,
Sample,07/04/2023 15:32:43,0,,,12575491,14.006718,3205529,1.045921,26.200001,2882.100098,2523.035169,,0.584706,,5046.070312,
Sample,07/04/2023 15:32:48,0,,,12575148,14.010557,3205471,1.045902,26.198999,2881.899902,2522.865952,,0.584397,,5045.731934,
Sample,07/04/2023 15:32:53,0,,,12574608,14.016601,3205345,1.045861,26.946003,2862.300049,2506.298981,,0.583726,,5012.598145,
Sample,07/04/2023 15:32:58,0,,,12574933,14.012964,3205426,1.045888,27.347000,2865.199951,2508.750152,,0.584158,,5017.500488,
Sample,07/04/2023 15:33:03,0,,,12575591,14.005599,3205525,1.045920,27.346003,2868.000000,2511.116921,,0.584684,,5022.233887,
Sample,07/04/2023 15:33:08,0,,,12575202,14.009953,3205393,1.045877,27.202999,2828.899902,2478.067177,,0.583982,,4956.134277,
Sample,07/04/2023 15:33:13,0,9438836,5.803580,12575631,14.005151,3205428,1.045888,27.018000,2829.000000,2478.151785,,0.584168,,4956.303711,
Sample,07/04/2023 15:33:28,0,,,12574945,14.012829,3205382,1.045873,26.985001,2841.699951,2488.886545,,0.583923,,4977.772949,
Sample,07/04/2023 15:33:33,0,,,12575431,14.007390,3205407,1.045881,27.000000,2851.199951,2496.916514,,0.584056,,4993.833008,
Sample,07/04/2023 15:33:38,0,,,12576515,13.995257,3205364,1.045867,27.021999,2866.399902,2509.764423,,0.583828,,5019.528809,
Sample,07/04/2023 15:33:43,0,,,12577064,13.989113,3205448,1.045895,26.980000,2862.000000,2506.045362,,0.584275,,5012.090820,
Sample,07/04/2023 15:33:48,0,,,12576086,14.000059,3205406,1.045881,26.907001,2812.800049,2464.458616,,0.584051,,4928.916992,
Sample,07/04/2023 15:33:53,0,,,12577007,13.989751,3205383,1.045873,26.926001,2823.800049,2473.756475,,0.583929,,4947.513184,
Sample,07/04/2023 15:33:58,0,,,12578096,13.977563,3205375,1.045871,26.913998,2840.100098,2487.534253,,0.583886,,4975.068359,
Sample,07/04/2023 15:34:03,0,,,12578506,13.972974,3205441,1.045892,26.896999,2853.199951,2498.607034,,0.584237,,4997.213867,
Sample,07/04/2023 15:34:08,0,,,12579038,13.967020,3205401,1.045879,27.172001,2863.500000,2507.313252,,0.584025,,5014.626465,
Sample,07/04/2023 15:34:13,0,9438822,5.803503,12578495,13.973097,3205378,1.045872,27.185001,2867.399902,2510.609683,,0.583902,,5021.219238,
Sample,07/04/2023 15:34:28,0,,,12579038,13.967020,3205419,1.045885,27.211002,2886.100098,2526.416208,,0.584120,,5052.832520,
Sample,07/04/2023 15:34:33,0,,,12579098,13.966349,3205427,1.045888,27.236002,2896.199951,2534.953209,,0.584163,,5069.906250,
Sample,07/04/2023 15:34:38,0,,,12579336,13.963685,3205432,1.045889,27.261999,2897.800049,2536.305708,,0.584189,,5072.611328,
Sample,07/04/2023 15:34:43,0,,,12579501,13.961838,3205509,1.045915,27.275000,2900.100098,2538.249847,,0.584599,,5076.499512,
Sample,07/04/2023 15:34:48,0,,,12578586,13.972079,3205431,1.045889,27.220001,2885.600098,2525.993578,,0.584184,,5051.987305,
Sample,07/04/2023 15:34:53,0,,,12578121,13.977283,3205450,1.045895,27.166998,2836.000000,2484.068604,,0.584285,,4968.137207,
Sample,07/04/2023 15:34:58,0,,,12576570,13.994642,3205529,1.045921,27.166998,2816.500000,2467.586036,,0.584706,,4935.171875,
Sample,07/04/2023 15:35:03,0,,,12575385,14.007905,3205382,1.045873,27.157001,2812.500000,2464.204997,,0.583923,,4928.410156,
Sample,07/04/2023 15:35:08,0,,,12574150,14.021727,3205334,1.045857,27.160000,2817.100098,2468.093275,,0.583668,,4936.186523,
Sample,07/04/2023 15:35:13,0,9438805,5.803410,12573864,14.024928,3205445,1.045894,27.146002,2817.100098,2468.093275,,0.584259,,4936.186523,
Sample,07/04/2023 15:35:28,0,,,12572646,14.038561,3205446,1.045894,27.225000,2816.500000,2467.586036,,0.584264,,4935.171875,
Sample,07/04/2023 15:35:33,0,,,12572348,14.041897,3205531,1.045922,27.238998,2819.899902,2470.459837,,0.584716,,4940.919434,
Sample,07/04/2023 15:35:38,0,,,12571970,14.046127,3205514,1.045916,27.240000,2827.399902,2476.799287,,0.584626,,4953.598633,
Sample,07/04/2023 15:35:43,0,,,12571526,14.051097,3205431,1.045889,27.213999,2823.199951,2473.249236,,0.584184,,4946.498535,
Sample,07/04/2023 15:35:48,0,,,12571010,14.056873,3205417,1.045885,27.219000,2827.300049,2476.714885,,0.584110,,4953.429688,
Sample,07/04/2023 15:35:53,0,,,12570433,14.063331,3205449,1.045895,27.233002,2827.000000,2476.461265,,0.584280,,4952.922363,
Sample,07/04/2023 15:35:58,0,,,12570014,14.068021,3205481,1.045906,27.188999,2816.399902,2467.501428,,0.584450,,4935.002930,
Sample,07/04/2023 15:36:03,0,,,12569869,14.069644,3205501,1.045912,27.135000,2816.600098,2467.670645,,0.584557,,4935.341309,
Sample,07/04/2023 15:36:08,0,,,12569600,14.072655,3205570,1.045935,27.129999,2819.699951,2470.290827,,0.584924,,4940.581543,
Sample,07/04/2023 15:36:13,0,9438789,5.803322,12568949,14.079942,3205453,1.045896,27.118999,2818.500000,2469.276556,,0.584301,,4938.553223,
Sample,07/04/2023 15:36:28,0,,,12568203,14.088292,3205518,1.045918,27.091999,2818.800049,2469.530175,,0.584647,,4939.060547,
Sample,07/04/2023 15:36:33,0,,,12568148,14.088908,3205499,1.045912,27.085001,2816.899902,2467.924058,,0.584546,,4935.848145,
Sample,07/04/2023 15:36:38,0,,,12567767,14.093173,3205581,1.045938,27.085001,2819.399902,2470.037208,,0.584982,,4940.074219,
Sample,07/04/2023 15:36:43,0,,,12567338,14.097975,3205443,1.045893,27.054998,2819.899902,2470.459837,,0.584248,,4940.919434,
Sample,07/04/2023 15:36:48,0,,,12567404,14.097236,3205577,1.045937,27.046001,2816.600098,2467.670645,,0.584961,,4935.341309,
Sample,07/04/2023 15:36:53,0,,,12567459,14.096621,3205589,1.045941,27.048000,2818.000000,2468.853926,,0.585025,,4937.708008,
Sample,07/04/2023 15:36:58,0,,,12567456,14.096654,3205564,1.045933,27.036001,2819.500000,2470.121816,,0.584892,,4940.243652,
Sample,07/04/2023 15:37:03,0,,,12567611,14.094919,3205577,1.045937,27.120001,2819.199951,2469.868197,,0.584961,,4939.736328,
Sample,07/04/2023 15:37:08,0,,,12567938,14.091259,3205430,1.045889,27.101002,2818.899902,2469.614578,,0.584179,,4939.229004,
Sample,07/04/2023 15:37:13,0,9438774,5.803240,12567905,14.091628,3205438,1.045891,27.105999,2821.000000,2471.389706,,0.584221,,4942.779297,
Sample,07/04/2023 15:37:28,0,,,12566902,14.102856,3205443,1.045893,27.207001,2819.399902,2470.037208,,0.584248,,4940.074219,
Sample,07/04/2023 15:37:33,0,,,12566865,14.103270,3205419,1.045885,27.202000,2820.699951,2471.136087,,0.584120,,4942.271973,
Sample,07/04/2023 15:37:38,0,,,12566717,14.104926,3205432,1.045889,27.198999,2824.000000,2473.925486,,0.584189,,4947.851074,
Sample,07/04/2023 15:37:43,0,,,12566538,14.106930,3205375,1.045871,27.166000,2822.300049,2472.488585,,0.583886,,4944.977051,
Sample,07/04/2023 15:37:48,0,,,12566336,14.109191,3205373,1.045870,27.150000,2827.100098,2476.545874,,0.583876,,4953.091797,
Sample,07/04/2023 15:37:53,0,,,12565941,14.113613,3205433,1.045890,27.136999,2824.600098,2474.432724,,0.584195,,4948.865234,
Sample,07/04/2023 15:37:58,0,,,12565846,14.114676,3205216,1.045818,27.138998,2825.800049,2475.446995,,0.583040,,4950.894043,
Sample,07/04/2023 15:38:03,0,,,12565493,14.118628,3205320,1.045853,27.159000,2825.600098,2475.277984,,0.583593,,4950.556152,
Sample,07/04/2023 15:38:08,0,,,12564937,14.124852,3205368,1.045868,27.113001,2817.699951,2468.600307,,0.583849,,4937.200684,
Sample,07/04/2023 15:38:13,0,9438754,5.803130,12565272,14.121102,3205344,1.045861,27.128998,2819.100098,2469.783795,,0.583721,,4939.567383,
Sample,07/04/2023 15:38:28,0,,,12565754,14.115706,3205300,1.045846,27.157001,2821.199951,2471.558717,,0.583487,,4943.117676,
Sample,07/04/2023 15:38:33,0,,,12566920,14.102654,3205342,1.045860,27.107000,2824.699951,2474.517126,,0.583711,,4949.034180,
Sample,07/04/2023 15:38:38,0,,,12566854,14.103393,3205371,1.045869,27.077000,2821.600098,2471.896944,,0.583865,,4943.793945,
Sample,07/04/2023 15:38:43,0,,,12566464,14.107759,3205339,1.045859,27.067999,2820.199951,2470.713457,,0.583695,,4941.426758,
Sample,07/04/2023 15:38:48,0,,,12566411,14.108352,3205407,1.045881,27.049000,2822.699951,2472.826606,,0.584056,,4945.653320,
Sample,07/04/2023 15:38:53,0,,,12566480,14.107579,3205299,1.045846,27.032001,2821.500000,2471.812336,,0.583482,,4943.624512,
Sample,07/04/2023 15:38:58,0,,,12566701,14.105106,3205356,1.045864,27.011999,2822.399902,2472.572987,,0.583785,,4945.145996,
Sample,07/04/2023 15:39:03,0,,,12566961,14.102195,3205315,1.045851,27.008999,2821.699951,2471.981347,,0.583567,,4943.962891,
Sample,07/04/2023 15:39:08,0,,,12566986,14.101915,3205365,1.045867,26.983002,2819.800049,2470.375435,,0.583833,,4940.750977,
Sample,07/04/2023 15:39:13,0,9438734,5.803020,12566867,14.103247,3205314,1.045851,26.965000,2821.300049,2471.643325,,0.583562,,4943.286621,
Sample,07/04/2023 15:39:28,0,,,12565149,14.122479,3205241,1.045827,26.937000,2822.000000,2472.234966,,0.583173,,4944.469727,
Sample,07/04/2023 15:39:33,0,,,12565372,14.119982,3205476,1.045904,26.919001,2822.000000,2472.234966,,0.584424,,4944.469727,
Sample,07/04/2023 15:39:38,0,,,12565646,14.116915,3205332,1.045857,26.911999,2820.300049,2470.798065,,0.583657,,4941.596191,
Sample,07/04/2023 15:39:43,0,,,12565461,14.118986,3205156,1.045799,26.908001,2823.600098,2473.587464,,0.582721,,4947.174805,
Sample,07/04/2023 15:39:48,0,,,12565496,14.118594,3205246,1.045828,26.904999,2822.300049,2472.488585,,0.583200,,4944.977051,
Sample,07/04/2023 15:39:53,0,,,12565645,14.116926,3205127,1.045789,26.894001,2821.800049,2472.065955,,0.582566,,4944.131836,
Sample,07/04/2023 15:39:58,0,,,12565890,14.114184,3205169,1.045803,26.894001,2822.500000,2472.657596,,0.582790,,4945.315430,
Sample,07/04/2023 15:40:03,0,,,12565861,14.114508,3205194,1.045811,26.878000,2823.600098,2473.587464,,0.582923,,4947.174805,
Sample,07/04/2023 15:40:08,0,,,12565701,14.116300,3205234,1.045824,26.866001,2823.500000,2473.502856,,0.583136,,4947.005859,
Sample,07/04/2023 15:40:13,0,9438718,5.802932,12565952,14.113490,3205112,1.045784,26.853001,2822.199951,2472.403977,,0.582486,,4944.808105,
Sample,07/04/2023 15:40:28,0,,,12564651,14.128053,3205285,1.045841,26.799000,2823.399902,2473.418247,,0.583407,,4946.836426,
Sample,07/04/2023 15:40:33,0,,,12564350,14.131423,3205256,1.045832,26.813000,2823.800049,2473.756475,,0.583253,,4947.513184,
Sample,07/04/2023 15:40:38,0,,,12564859,14.125725,3205193,1.045811,26.776001,2822.199951,2472.403977,,0.582917,,4944.808105,
Sample,07/04/2023 15:40:43,0,,,12564926,14.124975,3205216,1.045818,26.816000,2824.199951,2474.094496,,0.583040,,4948.188965,
Sample,07/04/2023 15:40:48,0,,,12565693,14.116389,3205197,1.045812,26.769001,2825.399902,2475.108767,,0.582939,,4950.217773,
Sample,07/04/2023 15:40:53,0,,,12566606,14.106169,3205084,1.045775,26.785000,2824.800049,2474.601735,,0.582337,,4949.203613,
Sample,07/04/2023 15:40:58,0,,,12566853,14.103404,3205208,1.045816,26.678997,2824.300049,2474.179105,,0.582997,,4948.358398,
Sample,07/04/2023 15:41:03,0,,,12566353,14.109001,3205226,1.045822,26.730999,2824.600098,2474.432724,,0.583093,,4948.865234,
Sample,07/04/2023 15:41:08,0,,,12567344,14.097908,3205097,1.045779,26.692999,2825.800049,2475.446995,,0.582406,,4950.894043,
Sample,07/04/2023 15:41:13,0,9438702,5.802844,12567890,14.091796,3205036,1.045759,26.638000,2823.199951,2473.249236,,0.582082,,4946.498535,
Sample,07/04/2023 15:41:28,0,,,12567764,14.093207,3205152,1.045797,26.587000,2823.000000,2473.080226,,0.582699,,4946.160645,
Sample,07/04/2023 15:41:33,0,,,12567001,14.101747,3205278,1.045839,26.564999,2825.300049,2475.024365,,0.583370,,4950.048828,
Sample,07/04/2023 15:41:38,0,,,12566575,14.106516,3205105,1.045782,26.576000,2824.600098,2474.432724,,0.582449,,4948.865234,
Sample,07/04/2023 15:41:43,0,,,12566627,14.105934,3205150,1.045797,26.546001,2822.699951,2472.826606,,0.582689,,4945.653320,
Sample,07/04/2023 15:41:48,0,,,12566104,14.111788,3205168,1.045803,26.534000,2823.800049,2473.756475,,0.582784,,4947.513184,
Sample,07/04/2023 15:41:53,0,,,12565684,14.116490,3205235,1.045825,26.525000,2824.199951,2474.094496,,0.583141,,4948.188965,
Sample,07/04/2023 15:41:58,0,,,12565883,14.114262,3205072,1.045771,26.525000,2823.399902,2473.418247,,0.582273,,4946.836426,
Sample,07/04/2023 15:42:03,0,,,12565878,14.114318,3205128,1.045790,26.549999,2823.800049,2473.756475,,0.582571,,4947.513184,
Sample,07/04/2023 15:42:08,0,,,12566330,14.109258,3205230,1.045823,26.572001,2822.699951,2472.826606,,0.583114,,4945.653320,
Sample,07/04/2023 15:42:13,0,9438682,5.802734,12566810,14.103885,3205080,1.045774,26.521002,2823.100098,2473.164834,,0.582316,,4946.329590,
Sample,07/04/2023 15:42:28,0,,,12566930,14.102542,3205093,1.045778,26.478001,2824.000000,2473.925486,,0.582385,,4947.851074,
Sample,07/04/2023 15:42:33,0,,,12567086,14.100796,3205103,1.045781,26.469000,2823.000000,2473.080226,,0.582438,,4946.160645,
Sample,07/04/2023 15:42:38,0,,,12566988,14.101893,3205050,1.045764,26.460001,2824.199951,2474.094496,,0.582156,,4948.188965,
Sample,07/04/2023 15:42:43,0,,,12567391,14.097382,3205045,1.045762,26.516998,2826.199951,2475.785016,,0.582130,,4951.569824,
Sample,07/04/2023 15:42:48,0,,,12568102,14.089423,3205125,1.045789,26.475000,2824.800049,2474.601735,,0.582555,,4949.203613,
Sample,07/04/2023 15:42:53,0,,,12568080,14.089669,3205204,1.045815,26.438999,2822.600098,2472.742204,,0.582976,,4945.484375,
Sample,07/04/2023 15:42:58,0,,,12567713,14.093777,3205102,1.045781,26.410000,2824.300049,2474.179105,,0.582433,,4948.358398,
Sample,07/04/2023 15:43:03,0,,,12567660,14.094371,3205054,1.045765,26.414999,2821.800049,2472.065955,,0.582177,,4944.131836,
Sample,07/04/2023 15:43:08,0,,,12567742,14.093453,3205147,1.045796,26.401001,2823.800049,2473.756475,,0.582673,,4947.513184,
Sample,07/04/2023 15:43:13,0,9438662,5.802624,12567974,14.090856,3205038,1.045760,26.396002,2823.199951,2473.249236,,0.582092,,4946.498535,
Sample,07/04/2023 15:43:28,0,,,12567743,14.093442,3205152,1.045797,26.358999,2824.100098,2474.010094,,0.582699,,4948.020020,
Sample,07/04/2023 15:43:33,0,,,12567980,14.090789,3205148,1.045796,26.388998,2823.399902,2473.418247,,0.582678,,4946.836426,
Sample,07/04/2023 15:43:38,0,,,12568230,14.087990,3205141,1.045794,26.346003,2822.300049,2472.488585,,0.582641,,4944.977051,
Sample,07/04/2023 15:43:43,0,,,12568251,14.087755,3205213,1.045817,26.341000,2823.199951,2473.249236,,0.583024,,4946.498535,
Sample,07/04/2023 15:43:48,0,,,12568315,14.087039,3205128,1.045790,26.336002,2823.199951,2473.249236,,0.582571,,4946.498535,
Sample,07/04/2023 15:43:53,0,,,12568044,14.090072,3205168,1.045803,26.320002,2822.699951,2472.826606,,0.582784,,4945.653320,
Sample,07/04/2023 15:43:58,0,,,12567683,14.094113,3205092,1.045778,26.312000,2823.800049,2473.756475,,0.582380,,4947.513184,
Sample,07/04/2023 15:44:03,0,,,12567619,14.094830,3205193,1.045811,26.306000,2825.000000,2474.770746,,0.582917,,4949.541504,
Sample,07/04/2023 15:44:08,0,,,12567302,14.098378,3205094,1.045778,26.266001,2825.300049,2475.024365,,0.582390,,4950.048828,
Sample,07/04/2023 15:44:13,0,9438645,5.802530,12567035,14.101367,3205014,1.045752,26.285000,2821.399902,2471.727727,,0.581964,,4943.455566,
Sample,07/04/2023 15:44:28,0,,,12567017,14.101568,3204833,1.045693,26.692999,2823.800049,2473.756475,,0.581000,,4947.513184,
Sample,07/04/2023 15:44:33,0,,,12569903,14.069264,3204847,1.045697,25.866001,2827.399902,2476.799287,,0.581075,,4953.598633,
Sample,07/04/2023 15:44:38,0,,,12572054,14.045187,3204641,1.045629,14.237000,2791.300049,2446.285528,,0.579978,,4892.571289,
Sample,07/04/2023 15:44:43,0,,,12570531,14.062234,3204765,1.045670,14.295000,2791.500000,2446.454539,,0.580638,,4892.909180,
Sample,07/04/2023 15:44:48,0,,,12568900,14.080491,3204686,1.045644,14.331999,2792.500000,2447.299799,,0.580217,,4894.599609,
Sample,07/04/2023 15:44:53,0,,,12568170,14.088662,3204683,1.045643,14.370999,2791.699951,2446.623549,,0.580201,,4893.247070,
Sample,07/04/2023 15:44:58,0,,,12567966,14.090945,3204866,1.045703,5.714700,2749.000000,2410.530993,,0.581176,,4821.062012,
Sample,07/04/2023 15:45:03,0,,,12567609,14.094942,3204775,1.045674,6.397201,2752.600098,2413.574011,,0.580692,,4827.147949,
Sample,07/04/2023 15:45:08,0,,,12567221,14.099285,3204787,1.045677,6.432300,2751.500000,2412.644143,,0.580755,,4825.288086,
Sample,07/04/2023 15:45:13,0,9438566,5.802096,12566932,14.102520,3204623,1.045624,12.711000,2778.000000,2435.043530,,0.579882,,4870.086914,
Sample,07/04/2023 15:45:28,0,,,12566253,14.110120,3204773,1.045673,12.745000,2779.000000,2435.888790,,0.580681,,4871.777344,
Sample,07/04/2023 15:45:33,0,,,12566082,14.112035,3204654,1.045634,12.749001,2780.000000,2436.734050,,0.580047,,4873.468262,
Sample,07/04/2023 15:45:38,0,,,12565836,14.114788,3204775,1.045674,12.780001,2782.500000,2438.847200,,0.580692,,4877.694336,
Sample,07/04/2023 15:45:43,0,,,12565572,14.117744,3204687,1.045645,12.864000,2782.100098,2438.509178,,0.580223,,4877.018555,
Sample,07/04/2023 15:45:48,0,,,12565377,14.119926,3204783,1.045676,12.933001,2782.000000,2438.424570,,0.580734,,4876.849121,
Sample,07/04/2023 15:45:53,0,,,12565197,14.121941,3204800,1.045682,13.745999,2784.899902,2440.875741,,0.580825,,4881.751465,
Sample,07/04/2023 15:45:58,0,,,12564988,14.124281,3204784,1.045676,13.795000,2787.000000,2442.650869,,0.580739,,4885.301758,
Sample,07/04/2023 15:46:03,0,,,12564674,14.127796,3204763,1.045670,13.030001,2786.399902,2442.143631,,0.580628,,4884.287109,
Sample,07/04/2023 15:46:08,0,,,12564496,14.129789,3204782,1.045676,12.844000,2786.500000,2442.228239,,0.580729,,4884.456543,
Sample,07/04/2023 15:46:13,0,9438605,5.802310,12564308,14.131893,3204712,1.045653,12.886000,2783.500000,2439.692459,,0.580356,,4879.384766,
Sample,07/04/2023 15:46:28,0,,,12563872,14.136774,3204668,1.045638,12.826999,2784.399902,2440.453111,,0.580121,,4880.906250,
Sample,07/04/2023 15:46:33,0,,,12563857,14.136942,3204631,1.045626,12.631999,2780.300049,2436.987669,,0.579924,,4873.975098,
Sample,07/04/2023 15:46:38,0,,,12564022,14.135095,3204645,1.045631,12.665999,2782.399902,2438.762591,,0.579999,,4877.525391,
Sample,07/04/2023 15:46:43,0,,,12564060,14.134669,3204595,1.045614,12.553000,2780.199951,2436.903061,,0.579732,,4873.806152,
Sample,07/04/2023 15:46:48,0,,,12563856,14.136953,3204634,1.045627,12.575000,2783.699951,2439.861470,,0.579940,,4879.723145,
Sample,07/04/2023 15:46:53,0,,,12564534,14.129363,3204831,1.045692,12.462000,2779.399902,2436.226811,,0.580990,,4872.453613,
Sample,07/04/2023 15:46:58,0,,,12564288,14.132117,3204703,1.045650,13.436999,2787.699951,2443.242510,,0.580308,,4886.484863,
Sample,07/04/2023 15:47:03,0,,,12564053,14.134748,3204683,1.045643,13.559000,2792.699951,2447.468809,,0.580201,,4894.937500,
Sample,07/04/2023 15:47:08,0,,,12563774,14.137871,3204842,1.045696,13.688001,2791.500000,2446.454539,,0.581048,,4892.909180,
Sample,07/04/2023 15:47:13,0,9438601,5.802288,12563535,14.140546,3204677,1.045641,13.626999,2791.399902,2446.369930,,0.580169,,4892.739746,
Sample,07/04/2023 15:47:28,0,,,12562973,14.146838,3204680,1.045642,19.514000,2816.899902,2467.924058,,0.580185,,4935.848145,
Sample,07/04/2023 15:47:33,0,,,12562886,14.147812,3204790,1.045678,19.267000,2815.100098,2466.402755,,0.580771,,4932.805664,
Sample,07/04/2023 15:47:38,0,,,12562780,14.148998,3204546,1.045598,18.879002,2815.800049,2466.994396,,0.579471,,4933.988770,
Sample,07/04/2023 15:47:43,0,,,12562768,14.149133,3204238,1.045497,18.889000,2813.800049,2465.303876,,0.577830,,4930.607910,
Sample,07/04/2023 15:47:48,0,,,12562888,14.147789,3204041,1.045432,18.972000,2812.899902,2464.543018,,0.576779,,4929.085938,
Sample,07/04/2023 15:47:53,0,,,12563466,14.141319,3203842,1.045367,19.018002,2814.199951,2465.641897,,0.575717,,4931.283691,
Sample,07/04/2023 15:47:58,0,,,12563654,14.139214,3203556,1.045273,19.320000,2814.500000,2465.895517,,0.574191,,4931.791016,
Sample,07/04/2023 15:48:03,0,,,12563803,14.137546,3203725,1.045328,19.361000,2815.699951,2466.909787,,0.575093,,4933.819336,
Sample,07/04/2023 15:48:08,0,,,12563537,14.140524,3203626,1.045296,19.006001,2816.199951,2467.332417,,0.574564,,4934.665039,
Sample,07/04/2023 15:48:13,0,9438581,5.802179,12563286,14.143334,3203567,1.045276,18.872000,2812.399902,2464.120388,,0.574250,,4928.240723,
Sample,07/04/2023 15:48:28,0,,,12564903,14.125233,3203600,1.045287,17.267000,2813.800049,2465.303876,,0.574426,,4930.607910,
Sample,07/04/2023 15:48:33,0,,,12564560,14.129072,3203786,1.045348,17.285000,2816.300049,2467.417026,,0.575418,,4934.833984,
Sample,07/04/2023 15:48:38,0,,,12564024,14.135072,3203749,1.045336,17.225000,2815.600098,2466.825385,,0.575221,,4933.650879,
Sample,07/04/2023 15:48:43,0,,,12563667,14.139069,3203552,1.045272,17.293001,2817.399902,2468.346688,,0.574169,,4936.693359,
Sample,07/04/2023 15:48:48,0,,,12563323,14.142920,3203630,1.045297,16.011000,2816.000000,2467.163406,,0.574586,,4934.326660,
Sample,07/04/2023 15:48:53,0,,,12563274,14.143468,3203563,1.045275,16.014999,2817.100098,2468.093275,,0.574228,,4936.186523,
Sample,07/04/2023 15:48:58,0,,,12563174,14.144588,3203846,1.045368,16.019001,2816.600098,2467.670645,,0.575739,,4935.341309,
Sample,07/04/2023 15:49:03,0,,,12563065,14.145808,3203894,1.045384,16.039999,2815.899902,2467.078798,,0.575995,,4934.157715,
Sample,07/04/2023 15:49:08,0,,,12562852,14.148192,3203528,1.045264,16.051998,2817.199951,2468.177677,,0.574041,,4936.355469,
Sample,07/04/2023 15:49:13,0,9438578,5.802162,12562585,14.151181,3203391,1.045219,16.073002,2815.899902,2467.078798,,0.573310,,4934.157715,
Sample,07/04/2023 15:49:28,0,,,12562873,14.147957,3203425,1.045230,16.094000,2818.899902,2469.614578,,0.573491,,4939.229004,
Sample,07/04/2023 15:49:33,0,,,12563090,14.145528,3203712,1.045324,16.079000,2816.899902,2467.924058,,0.575023,,4935.848145,
Sample,07/04/2023 15:49:38,0,,,12562765,14.149166,3203689,1.045317,16.100000,2810.800049,2462.768096,,0.574901,,4925.536133,
Sample,07/04/2023 15:49:43,0,,,12562559,14.151472,3203657,1.045306,16.255001,2816.500000,2467.586036,,0.574730,,4935.171875,
Sample,07/04/2023 15:49:48,0,,,12562448,14.152715,3203752,1.045337,16.347000,2820.199951,2470.713457,,0.575237,,4941.426758,
Sample,07/04/2023 15:49:53,0,,,12562187,14.155637,3203534,1.045266,16.329000,2814.800049,2466.149136,,0.574073,,4932.298340,
Sample,07/04/2023 15:49:58,0,,,12562467,14.152502,3203628,1.045297,18.645000,2813.399902,2464.965648,,0.574575,,4929.931152,
Sample,07/04/2023 15:50:03,0,,,12562969,14.146883,3203672,1.045311,18.600000,2810.800049,2462.768096,,0.574810,,4925.536133,
Sample,07/04/2023 15:50:08,0,,,12563877,14.136718,3203631,1.045298,18.600000,2809.899902,2462.007238,,0.574591,,4924.014648,
Sample,07/04/2023 15:50:13,0,9438558,5.802052,12564155,14.133606,3203611,1.045291,18.581999,2810.800049,2462.768096,,0.574484,,4925.536133,
Sample,07/04/2023 15:50:28,0,,,12563300,14.143177,3203752,1.045337,16.584000,2816.600098,2467.670645,,0.575237,,4935.341309,
Sample,07/04/2023 15:50:33,0,,,12562698,14.149916,3203818,1.045359,16.591999,2820.699951,2471.136087,,0.575589,,4942.271973,
Sample,07/04/2023 15:50:38,0,,,12562368,14.153611,3203619,1.045294,16.585001,2820.399902,2470.882467,,0.574527,,4941.765137,
Sample,07/04/2023 15:50:43,0,,,12562154,14.156006,3203843,1.045367,16.588001,2823.399902,2473.418247,,0.575723,,4946.836426,
Sample,07/04/2023 15:50:48,0,,,12561863,14.159264,3203688,1.045316,16.588001,2826.000000,2475.616005,,0.574895,,4951.231934,
Sample,07/04/2023 15:50:53,0,,,12561668,14.161447,3203663,1.045308,16.581999,2825.300049,2475.024365,,0.574762,,4950.048828,
Sample,07/04/2023 15:50:58,0,,,12561408,14.164358,3203628,1.045297,16.586000,2826.500000,2476.038635,,0.574575,,4952.077148,
Sample,07/04/2023 15:51:03,0,,,12561336,14.165164,3203656,1.045306,16.588001,2829.699951,2478.743426,,0.574725,,4957.486816,
Sample,07/04/2023 15:51:08,0,,,12561103,14.167772,3203830,1.045363,16.583000,2826.100098,2475.700614,,0.575653,,4951.401367,
Sample,07/04/2023 15:51:13,0,9438544,5.801975,12561002,14.168903,3203768,1.045343,16.585001,2829.000000,2478.151785,,0.575322,,4956.303711,
Sample,07/04/2023 15:51:28,0,,,12560728,14.171970,3203746,1.045335,16.580999,2832.100098,2480.772173,,0.575205,,4961.544434,
Sample,07/04/2023 15:51:33,0,,,12560616,14.173224,3203751,1.045337,16.580999,2834.000000,2482.378085,,0.575232,,4964.756348,
Sample,07/04/2023 15:51:38,0,,,12560493,14.174601,3203682,1.045314,16.584000,2835.399902,2483.561366,,0.574863,,4967.122559,
Sample,07/04/2023 15:51:43,0,,,12560420,14.175418,3203628,1.045297,16.588001,2834.100098,2482.462693,,0.574575,,4964.925293,
Sample,07/04/2023 15:51:48,0,,,12560341,14.176303,3203717,1.045326,16.587000,2836.100098,2484.153213,,0.575050,,4968.306641,
Sample,07/04/2023 15:51:53,0,,,12560226,14.177590,3203760,1.045340,16.586000,2837.399902,2485.251886,,0.575280,,4970.503906,
Sample,07/04/2023 15:51:58,0,,,12560103,14.178967,3203791,1.045350,16.586000,2837.899902,2485.674516,,0.575445,,4971.349121,
Sample,07/04/2023 15:52:03,0,,,12559990,14.180232,3203699,1.045320,16.580999,2837.199951,2485.082875,,0.574954,,4970.165527,
Sample,07/04/2023 15:52:08,0,,,12559934,14.180859,3203663,1.045308,16.588001,2838.100098,2485.843733,,0.574762,,4971.687500,
Sample,07/04/2023 15:52:13,0,9438527,5.801882,12559932,14.180882,3203699,1.045320,16.593000,2837.699951,2485.505505,,0.574954,,4971.011230,
Sample,07/04/2023 15:52:28,0,,,12559581,14.184811,3203800,1.045353,16.600000,2843.600098,2490.492662,,0.575493,,4980.985352,
Sample,07/04/2023 15:52:33,0,,,12559567,14.184968,3203707,1.045322,16.601999,2846.000000,2492.521204,,0.574997,,4985.042480,
Sample,07/04/2023 15:52:38,0,,,12559436,14.186434,3203596,1.045286,16.604000,2846.800049,2493.197453,,0.574404,,4986.395020,
Sample,07/04/2023 15:52:43,0,,,12559421,14.186602,3203636,1.045299,16.604000,2849.600098,2495.564222,,0.574618,,4991.128418,
Sample,07/04/2023 15:52:48,0,,,12559265,14.188349,3203683,1.045315,16.600000,2847.100098,2493.451072,,0.574869,,4986.902344,
Sample,07/04/2023 15:52:53,0,,,12559464,14.186121,3203645,1.045302,16.612000,2853.600098,2498.945261,,0.574666,,4997.890625,
Sample,07/04/2023 15:52:58,0,,,12559529,14.185393,3203656,1.045306,16.617001,2858.000000,2502.664322,,0.574725,,5005.328613,
Sample,07/04/2023 15:53:03,0,,,12559496,14.185763,3203634,1.045298,16.618000,2856.300049,2501.227422,,0.574607,,5002.455078,
Sample,07/04/2023 15:53:08,0,,,12559340,14.187509,3203659,1.045307,16.610001,2855.199951,2500.297553,,0.574741,,5000.595215,
Sample,07/04/2023 15:53:13,0,9438507,5.801772,12559262,14.188382,3203838,1.045366,16.616001,2859.699951,2504.101223,,0.575696,,5008.202637,
Sample,07/04/2023 15:53:28,0,,,12559087,14.190342,3203586,1.045283,16.625999,2863.199951,2507.059633,,0.574351,,5014.119141,
Sample,07/04/2023 15:53:33,0,,,12559025,14.191036,3203724,1.045328,16.626999,2864.800049,2508.412131,,0.575088,,5016.824219,
Sample,07/04/2023 15:53:38,0,,,12559632,14.184240,3203625,1.045296,16.660000,2879.500000,2520.837410,,0.574559,,5041.674805,
Sample,07/04/2023 15:53:43,0,,,12559682,14.183680,3203525,1.045263,16.659000,2882.399902,2523.288582,,0.574025,,5046.577148,
Sample,07/04/2023 15:53:48,0,,,12559982,14.180322,3203684,1.045315,16.666000,2886.000000,2526.331600,,0.574874,,5052.663086,
Sample,07/04/2023 15:53:53,0,,,12560181,14.178094,3203599,1.045287,16.670000,2888.000000,2528.022120,,0.574420,,5056.044434,
Sample,07/04/2023 15:53:58,0,,,12560634,14.173023,3203574,1.045279,16.681000,2894.600098,2533.600917,,0.574287,,5067.201660,
Sample,07/04/2023 15:54:03,0,,,12560255,14.177266,3203699,1.045320,16.674999,2892.500000,2531.825789,,0.574954,,5063.651367,
Sample,07/04/2023 15:54:08,0,,,12560224,14.177613,3203573,1.045278,16.687000,2896.399902,2535.122220,,0.574282,,5070.244629,
Sample,07/04/2023 15:54:13,0,9438488,5.801667,12560256,14.177254,3203735,1.045332,16.689999,2899.300049,2537.573598,,0.575146,,5075.146973,
Sample,07/04/2023 15:54:28,0,,,12559734,14.183098,3203601,1.045288,16.705000,2904.000000,2541.546278,,0.574431,,5083.092773,
Sample,07/04/2023 15:54:33,0,,,12559532,14.185360,3203693,1.045318,16.712000,2909.399902,2546.110599,,0.574922,,5092.221191,
Sample,07/04/2023 15:54:38,0,,,12559575,14.184878,3203716,1.045325,16.719000,2909.699951,2546.364218,,0.575045,,5092.728516,
Sample,07/04/2023 15:54:43,0,,,12559471,14.186043,3203701,1.045321,16.718000,2913.699951,2549.745258,,0.574965,,5099.490723,
Sample,07/04/2023 15:54:48,0,,,12559587,14.184744,3203595,1.045286,16.731998,2919.300049,2554.478796,,0.574399,,5108.957520,
Sample,07/04/2023 15:54:53,0,,,12559821,14.182124,3203568,1.045277,16.758999,2925.500000,2559.719366,,0.574255,,5119.438965,
Sample,07/04/2023 15:54:58,0,,,12559799,14.182371,3203636,1.045299,16.751999,2920.699951,2555.662077,,0.574618,,5111.324219,
Sample,07/04/2023 15:55:03,0,,,12559650,14.184039,3203720,1.045327,16.760000,2926.000000,2560.141996,,0.575066,,5120.284180,
Sample,07/04/2023 15:55:08,0,,,12559666,14.183860,3203604,1.045289,16.768002,2930.500000,2563.945665,,0.574447,,5127.891113,
Sample,07/04/2023 15:55:13,0,9438474,5.801590,12559334,14.187576,3203798,1.045352,16.770000,2929.800049,2563.354025,,0.575482,,5126.708008,
Sample,07/04/2023 15:55:28,0,,,12560635,14.173011,3203754,1.045338,16.812000,2950.199951,2580.597244,,0.575248,,5161.194336,
Sample,07/04/2023 15:55:33,0,,,12560072,14.179314,3203790,1.045350,16.806000,2948.000000,2578.737714,,0.575440,,5157.475586,
Sample,07/04/2023 15:55:38,0,,,12559941,14.180781,3203750,1.045337,16.809000,2950.600098,2580.935472,,0.575226,,5161.871094,
Sample,07/04/2023 15:55:43,0,,,12559903,14.181206,3203721,1.045327,16.812000,2950.899902,2581.188885,,0.575072,,5162.377930,
Sample,07/04/2023 15:55:48,0,,,12559661,14.183916,3203777,1.045345,16.813999,2953.199951,2583.133024,,0.575370,,5166.266113,
Sample,07/04/2023 15:55:53,0,,,12559455,14.186222,3203787,1.045349,16.820999,2952.800049,2582.795003,,0.575424,,5165.589844,
Sample,07/04/2023 15:55:58,0,,,12559285,14.188125,3203704,1.045321,16.822001,2954.100098,2583.893882,,0.574981,,5167.787598,
Sample,07/04/2023 15:56:03,0,,,12559340,14.187509,3203735,1.045332,16.836000,2957.899902,2587.105704,,0.575146,,5174.211426,
Sample,07/04/2023 15:56:08,0,,,12559505,14.185662,3203721,1.045327,16.841999,2959.300049,2588.289192,,0.575072,,5176.578613,
Sample,07/04/2023 15:56:13,0,9438459,5.801508,12559409,14.186737,3203741,1.045334,16.851000,2962.500000,2590.993982,,0.575178,,5181.987793,
Sample,07/04/2023 15:56:28,0,,,12559446,14.186323,3203785,1.045348,16.868000,2972.000000,2599.023952,,0.575413,,5198.047852,
Sample,07/04/2023 15:56:33,0,,,12559263,14.188371,3203732,1.045331,16.885000,2974.500000,2601.137101,,0.575130,,5202.274414,
Sample,07/04/2023 15:56:38,0,,,12558978,14.191562,3203803,1.045354,16.888000,2979.199951,2605.109782,,0.575509,,5210.219727,
Sample,07/04/2023 15:56:43,0,,,12558887,14.192581,3203780,1.045346,16.893002,2981.500000,2607.053921,,0.575386,,5214.107910,
Sample,07/04/2023 15:56:48,0,,,12558771,14.193879,3203690,1.045317,16.881001,2978.699951,2604.687152,,0.574906,,5209.374512,
Sample,07/04/2023 15:56:53,0,,,12558634,14.195413,3203634,1.045298,16.868999,2974.500000,2601.137101,,0.574607,,5202.274414,
Sample,07/04/2023 15:56:58,0,,,12558498,14.196936,3203763,1.045341,16.894001,2981.699951,2607.222931,,0.575296,,5214.445801,
Sample,07/04/2023 15:57:03,0,,,12558902,14.192413,3203713,1.045324,16.914999,2986.100098,2610.942199,,0.575029,,5221.884277,
Sample,07/04/2023 15:57:08,0,,,12558770,14.193891,3203736,1.045332,16.891001,2981.300049,2606.884910,,0.575152,,5213.770020,
Sample,07/04/2023 15:57:13,0,9438440,5.801403,12558601,14.195783,3203722,1.045327,16.881001,2979.399902,2605.278792,,0.575077,,5210.557617,
Sample,07/04/2023 15:57:28,0,,,12558268,14.199511,3203748,1.045336,16.894001,2979.500000,2605.363401,,0.575216,,5210.726562,
Sample,07/04/2023 15:57:33,0,,,12558170,14.200608,3203920,1.045392,16.903000,2983.000000,2608.321810,,0.576133,,5216.643555,
Sample,07/04/2023 15:57:38,0,,,12558010,14.202399,3203725,1.045328,16.918001,2988.300049,2612.801729,,0.575093,,5225.603516,
Sample,07/04/2023 15:57:43,0,,,12557698,14.205892,3203723,1.045328,16.939999,2991.399902,2615.421911,,0.575082,,5230.843750,
Sample,07/04/2023 15:57:48,0,,,12558077,14.201649,3203842,1.045367,16.943001,2996.199951,2619.479200,,0.575717,,5238.958496,
Sample,07/04/2023 15:57:53,0,,,12558141,14.200933,3203802,1.045354,16.941999,2996.600098,2619.817428,,0.575504,,5239.634766,
Sample,07/04/2023 15:57:58,0,,,12557745,14.205366,3203783,1.045347,16.931000,2995.100098,2618.549538,,0.575402,,5237.099121,
Sample,07/04/2023 15:58:03,0,,,12557565,14.207381,3203940,1.045399,16.945000,2998.699951,2621.592350,,0.576240,,5243.184570,
Sample,07/04/2023 15:58:08,0,,,12558026,14.202220,3203851,1.045370,16.969999,3007.399902,2628.946070,,0.575765,,5257.892090,
Sample,07/04/2023 15:58:13,0,9438420,5.801293,12558651,14.195223,3203792,1.045350,16.988001,3016.699951,2636.807028,,0.575450,,5273.614258,
Sample,07/04/2023 15:58:28,0,,,12559800,14.182359,3203780,1.045346,17.025999,3040.899902,2657.262276,,0.575386,,5314.524414,
Sample,07/04/2023 15:58:33,0,,,12559922,14.180994,3203823,1.045361,17.004002,3031.699951,2649.485927,,0.575616,,5298.971680,
Sample,07/04/2023 15:58:38,0,,,12559604,14.184554,3203873,1.045377,17.000999,3032.899902,2650.500197,,0.575883,,5301.000488,
Sample,07/04/2023 15:58:43,0,,,12559179,14.189312,3203782,1.045347,16.993000,3029.600098,2647.711005,,0.575397,,5295.421875,
Sample,07/04/2023 15:58:48,0,,,12558899,14.192446,3203952,1.045403,16.998001,3032.500000,2650.162176,,0.576304,,5300.324219,
Sample,07/04/2023 15:58:53,0,,,12559337,14.187543,3203684,1.045315,16.955000,2998.600098,2621.507948,,0.574874,,5243.016113,
Sample,07/04/2023 15:58:58,0,,,12559221,14.188841,3203660,1.045307,16.964001,3011.800049,2632.665337,,0.574746,,5265.330566,
Sample,07/04/2023 15:59:03,0,,,12559109,14.190095,3203903,1.045387,16.974001,3018.899902,2638.666559,,0.576043,,5277.333008,
Sample,07/04/2023 15:59:08,0,,,12559699,14.183490,3203867,1.045375,16.987000,3023.199951,2642.301217,,0.575851,,5284.602539,
Sample,07/04/2023 15:59:13,0,9438405,5.801211,12559463,14.186132,3203968,1.045408,16.994999,3025.300049,2644.076346,,0.576389,,5288.152832,
Sample,07/04/2023 15:59:28,0,,,12559850,14.181800,3203793,1.045351,16.998001,3028.000000,2646.358506,,0.575456,,5292.716797,
Sample,07/04/2023 15:59:33,0,,,12559700,14.183479,3203821,1.045360,17.000999,3031.500000,2649.316916,,0.575605,,5298.633789,
Sample,07/04/2023 15:59:38,0,,,12559367,14.187207,3203872,1.045377,16.989000,3027.899902,2646.273898,,0.575877,,5292.547852,
Sample,07/04/2023 15:59:43,0,,,12558884,14.192614,3203916,1.045391,16.970999,3023.500000,2642.554837,,0.576112,,5285.109863,
Sample,07/04/2023 15:59:48,0,,,12558872,14.192749,3203886,1.045381,16.968000,3021.000000,2640.441687,,0.575952,,5280.883301,
Sample,07/04/2023 15:59:53,0,,,12558825,14.193275,3203918,1.045392,16.961000,3019.500000,2639.173797,,0.576123,,5278.347656,
Sample,07/04/2023 15:59:58,0,,,12558674,14.194965,3203851,1.045370,16.958000,3019.800049,2639.427416,,0.575765,,5278.854980,
Sample,07/04/2023 16:00:03,0,,,12558650,14.195234,3203898,1.045385,16.952999,3022.699951,2641.878587,,0.576016,,5283.757324,
Sample,07/04/2023 16:00:08,0,,,12558395,14.198089,3203876,1.045378,16.963001,3023.699951,2642.723847,,0.575899,,5285.447754,
Sample,07/04/2023 16:00:13,0,9438389,5.801123,12558816,14.193376,3203827,1.045362,16.983999,3032.199951,2649.908557,,0.575637,,5299.816895,
Sample,07/04/2023 16:00:28,0,,,12560310,14.176650,3203844,1.045368,16.987000,3034.500000,2651.852696,,0.575728,,5303.705566,
Sample,07/04/2023 16:00:33,0,,,12560417,14.175452,3203854,1.045371,16.980000,3035.300049,2652.528945,,0.575781,,5305.058105,
Sample,07/04/2023 16:00:38,0,,,12560460,14.174971,3203741,1.045334,16.983999,3038.800049,2655.487354,,0.575178,,5310.974609,
Sample,07/04/2023 16:00:43,0,,,12560741,14.171825,3203741,1.045334,16.997000,3044.300049,2660.136284,,0.575178,,5320.272461,
Sample,07/04/2023 16:00:48,0,,,12560807,14.171086,3203717,1.045326,16.995998,3048.600098,2663.770943,,0.575050,,5327.541992,
Sample,07/04/2023 16:00:53,0,,,12560324,14.176493,3203789,1.045349,16.968000,3036.600098,2653.627824,,0.575434,,5307.255859,
Sample,07/04/2023 16:00:58,0,,,12559905,14.181184,3203816,1.045358,16.972000,3040.199951,2656.670636,,0.575578,,5313.341309,
Sample,07/04/2023 16:01:03,0,,,12559637,14.184184,3203802,1.045354,16.969000,3040.100098,2656.586234,,0.575504,,5313.172363,
Sample,07/04/2023 16:01:08,0,,,12559442,14.186367,3203759,1.045340,16.945000,3030.600098,2648.556265,,0.575274,,5297.112305,
Sample,07/04/2023 16:01:13,0,9438371,5.801024,12559259,14.188416,3203805,1.045355,16.934000,3029.399902,2647.541788,,0.575520,,5295.083496,
Sample,07/04/2023 16:01:28,0,,,12558510,14.196801,3203681,1.045314,16.863001,2995.199951,2618.633940,,0.574858,,5237.268066,
Sample,07/04/2023 16:01:33,0,,,12558539,14.196477,3203758,1.045339,16.875999,3005.199951,2627.086539,,0.575269,,5254.172852,
Sample,07/04/2023 16:01:38,0,,,12558516,14.196734,3203802,1.045354,16.860001,3001.199951,2623.705499,,0.575504,,5247.411133,
Sample,07/04/2023 16:01:43,0,,,12558520,14.196690,3203775,1.045345,16.845999,2997.000000,2620.155449,,0.575360,,5240.311035,
Sample,07/04/2023 16:01:48,0,,,12558484,14.197093,3203633,1.045298,17.238001,2983.699951,2608.913451,,0.574602,,5217.826660,
Sample,07/04/2023 16:01:53,0,,,12557757,14.205232,3203782,1.045347,16.850000,2884.300049,2524.894699,,0.575397,,5049.789551,
Sample,07/04/2023 16:01:58,0,,,12557725,14.205590,3203758,1.045339,16.858000,2920.800049,2555.746686,,0.575269,,5111.493164,
Sample,07/04/2023 16:02:03,0,,,12557722,14.205624,3203731,1.045330,16.799000,2925.500000,2559.719366,,0.575125,,5119.438965,
Sample,07/04/2023 16:02:08,0,,,12557344,14.209856,3203794,1.045351,16.722000,2874.600098,2516.695719,,0.575461,,5033.391602,
Sample,07/04/2023 16:02:13,0,9438354,5.800930,12556784,14.216125,3203697,1.045319,16.736000,2890.600098,2530.219878,,0.574943,,5060.439941,
Sample,07/04/2023 16:02:28,0,,,12555747,14.227736,3203794,1.045351,16.614000,2830.899902,2479.757696,,0.575461,,4959.515625,
Sample,07/04/2023 16:02:33,0,,,12555859,14.226482,3203789,1.045349,16.629002,2852.000000,2497.592763,,0.575434,,4995.185547,
Sample,07/04/2023 16:02:38,0,,,12555952,14.225440,3203694,1.045318,16.785999,2867.300049,2510.525281,,0.574927,,5021.050781,
Sample,07/04/2023 16:02:43,0,,,12555560,14.229829,3203700,1.045320,16.708000,2842.500000,2489.562794,,0.574959,,4979.125488,
Sample,07/04/2023 16:02:48,0,,,12555667,14.228631,3203622,1.045295,16.757999,2852.300049,2497.846382,,0.574543,,4995.692871,
Sample,07/04/2023 16:02:53,0,,,12554901,14.237208,3203817,1.045359,16.749001,2849.800049,2495.733232,,0.575584,,4991.466309,
Sample,07/04/2023 16:02:58,0,,,12554740,14.239010,3203722,1.045327,16.483000,2860.100098,2504.439451,,0.575077,,5008.878906,
Sample,07/04/2023 16:03:03,0,,,12554839,14.237902,3203740,1.045333,16.500000,2870.300049,2513.061060,,0.575173,,5026.122070,
Sample,07/04/2023 16:03:08,0,,,12554407,14.242739,3203765,1.045342,16.458000,2856.500000,2501.396433,,0.575306,,5002.792969,
Sample,07/04/2023 16:03:13,0,9438333,5.800815,12554011,14.247172,3203771,1.045344,16.419001,2833.100098,2481.617433,,0.575338,,4963.234863,
Sample,07/04/2023 16:03:28,0,,,12553627,14.251472,3203775,1.045345,16.424000,2834.300049,2482.631704,,0.575360,,4965.263184,
Sample,07/04/2023 16:03:33,0,,,12553223,14.255995,3203644,1.045302,16.396999,2815.500000,2466.740776,,0.574661,,4933.481445,
Sample,07/04/2023 16:03:38,0,,,12553061,14.257809,3203742,1.045334,16.424000,2838.500000,2486.181754,,0.575184,,4972.363281,
Sample,07/04/2023 16:03:43,0,,,12552992,14.258582,3203227,1.045165,17.108000,2845.199951,2491.844954,,0.572434,,4983.689941,
Sample,07/04/2023 16:03:48,0,,,12553038,14.258067,3203367,1.045211,16.101999,2852.500000,2498.015393,,0.573182,,4996.030762,
Sample,07/04/2023 16:03:53,0,,,12553182,14.256454,3203382,1.045216,16.108999,2864.199951,2507.904893,,0.573262,,5015.809570,
Sample,07/04/2023 16:03:58,0,,,12553312,14.254999,3203339,1.045202,16.188000,2880.100098,2521.344649,,0.573032,,5042.689453,
Sample,07/04/2023 16:04:03,0,,,12553461,14.253330,3203385,1.045217,16.200001,2890.199951,2529.881650,,0.573278,,5059.763184,
Sample,07/04/2023 16:04:08,0,,,12553784,14.249714,3203391,1.045219,16.213001,2899.600098,2537.827217,,0.573310,,5075.654297,
Sample,07/04/2023 16:04:13,0,9438320,5.800744,12553553,14.252300,3203388,1.045218,16.216999,2902.399902,2540.193780,,0.573294,,5080.387695,
Sample,07/04/2023 16:04:28,0,,,12552327,14.266027,3203408,1.045224,16.195999,2887.600098,2527.684098,,0.573401,,5055.368164,
Sample,07/04/2023 16:04:33,0,,,12552083,14.268760,3203221,1.045163,16.186001,2884.100098,2524.725688,,0.572402,,5049.451172,
Sample,07/04/2023 16:04:38,0,,,12551925,14.270529,3203277,1.045181,16.208000,2891.100098,2530.642508,,0.572701,,5061.285156,
Sample,07/04/2023 16:04:43,0,,,12551720,14.272824,3203341,1.045202,16.226000,2900.800049,2538.841488,,0.573043,,5077.683105,
Sample,07/04/2023 16:04:48,0,,,12551457,14.275769,3203391,1.045219,16.241001,2908.100098,2545.011926,,0.573310,,5090.023926,
Sample,07/04/2023 16:04:53,0,,,12550895,14.282062,3203278,1.045181,16.250000,2912.100098,2548.392966,,0.572706,,5096.786133,
Sample,07/04/2023 16:04:58,0,,,12550718,14.284043,3203357,1.045207,16.243999,2912.100098,2548.392966,,0.573128,,5096.786133,
Sample,07/04/2023 16:05:03,0,,,12550337,14.288310,3203406,1.045224,16.125000,2814.100098,2465.557495,,0.573390,,4931.114746,
Sample,07/04/2023 16:05:08,0,,,12550072,14.291277,3203318,1.045195,16.095999,2799.300049,2453.047607,,0.572920,,4906.095215,
Sample,07/04/2023 16:05:13,0,9438308,5.800678,12550017,14.291893,3203200,1.045156,16.055000,2795.399902,2449.750970,,0.572290,,4899.501953,
Sample,07/04/2023 16:05:28,0,,,12549607,14.296484,3203365,1.045210,4.939100,2736.199951,2399.711625,,0.573171,,4799.423340,
Sample,07/04/2023 16:05:33,0,,,12549352,14.299339,3203814,1.045358,4.748300,2736.100098,2399.627223,,0.575568,,4799.254395,
Sample,07/04/2023 16:05:38,0,,,12549054,14.302676,3203728,1.045329,1.262700,2719.199951,2385.342206,,0.575109,,4770.684570,
Sample,07/04/2023 16:05:43,0,,,12548922,14.304154,3203480,1.045248,1.202400,2728.000000,2392.780535,,0.573785,,4785.561035,
Sample,07/04/2023 16:05:48,0,,,12548538,14.308454,3203409,1.045225,1.200300,2733.899902,2397.767486,,0.573406,,4795.535156,
Sample,07/04/2023 16:05:53,0,,,12548260,14.311567,3203503,1.045255,1.200400,2744.000000,2406.304693,,0.573908,,4812.609375,
Sample,07/04/2023 16:05:58,0,,,12548052,14.313896,3203400,1.045222,1.199600,2758.300049,2418.391951,,0.573358,,4836.783691,
Sample,07/04/2023 16:06:03,0,,,12547708,14.317748,3203484,1.045249,1.193600,2743.899902,2406.220085,,0.573806,,4812.439941,
Sample,07/04/2023 16:06:08,0,,,12547487,14.320223,3203562,1.045275,1.196400,2758.199951,2418.307343,,0.574223,,4836.614746,
Sample,07/04/2023 16:06:13,0,9438292,5.800590,12547282,14.322518,3203515,1.045259,1.198800,2771.300049,2429.380330,,0.573972,,4858.760742,
Sample,07/04/2023 16:06:28,0,,,12546676,14.329304,3203502,1.045255,1.202400,2808.100098,2460.485936,,0.573902,,4920.971680,
Sample,07/04/2023 16:06:33,0,,,12546459,14.331734,3205141,1.045794,1.204200,2814.600098,2465.980125,,0.582641,,4931.960449,
Sample,07/04/2023 16:06:38,0,,,12546236,14.334232,3205137,1.045793,1.204300,2819.100098,2469.783795,,0.582619,,4939.567383,
Sample,07/04/2023 16:06:43,0,,,12546036,14.336471,3205321,1.045853,1.203700,2822.500000,2472.657596,,0.583599,,4945.315430,
Sample,07/04/2023 16:06:48,0,,,12545821,14.338879,3205039,1.045760,1.204600,2823.300049,2473.333845,,0.582098,,4946.667480,
Sample,07/04/2023 16:06:53,0,,,12545609,14.341253,3205176,1.045805,1.198200,2823.199951,2473.249236,,0.582827,,4946.498535,
Sample,07/04/2023 16:06:58,0,,,12545379,14.343828,3204962,1.045735,1.199100,2828.100098,2477.391134,,0.581688,,4954.782227,
Sample,07/04/2023 16:07:03,0,,,12545243,14.345351,3205182,1.045807,1.204200,2823.399902,2473.418247,,0.582859,,4946.836426,
Sample,07/04/2023 16:07:08,0,,,12545244,14.345340,3205248,1.045829,1.204800,2821.000000,2471.389706,,0.583210,,4942.779297,
Sample,07/04/2023 16:07:13,0,9438274,5.800491,12544810,14.350200,3205142,1.045794,1.201800,2822.500000,2472.657596,,0.582646,,4945.315430,
Sample,07/04/2023 16:07:28,0,,,12544054,14.358667,3205062,1.045768,1.192100,2819.899902,2470.459837,,0.582220,,4940.919434,
Sample,07/04/2023 16:07:33,0,,,12543819,14.361298,3205032,1.045758,1.204900,2820.199951,2470.713457,,0.582060,,4941.426758,
Sample,07/04/2023 16:07:38,0,,,12543591,14.363852,3204981,1.045741,1.198900,2814.500000,2465.895517,,0.581789,,4931.791016,
Sample,07/04/2023 16:07:43,0,,,12543385,14.366159,3205046,1.045763,1.199000,2815.199951,2466.487157,,0.582135,,4932.974121,
Sample,07/04/2023 16:07:48,0,,,12543220,14.368006,3205128,1.045790,1.203100,2812.300049,2464.035986,,0.582571,,4928.071777,
Sample,07/04/2023 16:07:53,0,,,12543062,14.369776,3205076,1.045772,1.203900,2809.100098,2461.331196,,0.582295,,4922.662598,
Sample,07/04/2023 16:07:58,0,,,12542815,14.372542,3205125,1.045789,1.199100,2805.500000,2458.288177,,0.582555,,4916.576172,
Sample,07/04/2023 16:08:03,0,,,12542595,14.375006,3205152,1.045797,1.199200,2798.600098,2452.455967,,0.582699,,4904.912109,
Sample,07/04/2023 16:08:08,0,,,12542410,14.377078,3203514,1.045259,1.194400,2793.000000,2447.722429,,0.573967,,4895.444824,
Sample,07/04/2023 16:08:13,0,9438267,5.800452,12542239,14.378993,3203638,1.045300,1.201200,2791.100098,2446.116517,,0.574629,,4892.232910,
Sample,07/04/2023 16:08:28,0,,,12541497,14.387302,3202834,1.045036,1.205100,2798.699951,2452.540369,,0.570334,,4905.080566,
Sample,07/04/2023 16:08:33,0,,,12541305,14.389453,3202971,1.045081,1.205900,2789.000000,2444.341389,,0.571066,,4888.682617,
Sample,07/04/2023 16:08:38,0,,,12541104,14.391704,3202076,1.044786,1.203900,2785.699951,2441.551990,,0.566279,,4883.104004,
Sample,07/04/2023 16:08:43,0,,,12540945,14.393484,3202723,1.044999,1.196900,2781.399902,2437.917331,,0.569740,,4875.834473,
Sample,07/04/2023 16:08:48,0,,,12540764,14.395512,3202923,1.045065,1.229300,2778.699951,2435.635171,,0.570810,,4871.270508,
Sample,07/04/2023 16:08:53,0,,,12540593,14.397427,3203189,1.045152,1.241100,2771.399902,2429.464732,,0.572231,,4858.929688,
Sample,07/04/2023 16:08:58,0,,,12540463,14.398883,3203511,1.045258,1.243700,2769.600098,2427.943429,,0.573951,,4855.886719,
Sample,07/04/2023 16:09:03,0,,,12540301,14.400697,3203765,1.045342,1.243100,2764.600098,2423.717130,,0.575306,,4847.434082,
Sample,07/04/2023 16:09:08,0,,,12540057,14.403430,3203609,1.045290,1.241900,2760.300049,2420.082471,,0.574474,,4840.165039,
Sample,07/04/2023 16:09:13,0,9438242,5.800315,12539852,14.405726,3203528,1.045264,1.240100,2758.300049,2418.391951,,0.574041,,4836.783691,
Sample,07/04/2023 16:09:28,0,,,12539083,14.414338,3202996,1.045089,1.163800,2750.100098,2411.460861,,0.571200,,4822.921875,
Sample,07/04/2023 16:09:33,0,,,12538810,14.417396,3203293,1.045186,1.206700,2748.699951,2410.277374,,0.572786,,4820.554688,
Sample,07/04/2023 16:09:38,0,,,12538629,14.419423,3202581,1.044952,1.218000,2747.199951,2409.009484,,0.568981,,4818.019043,
Sample,07/04/2023 16:09:43,0,,,12538326,14.422817,3202689,1.044988,1.229900,2753.500000,2414.334662,,0.569559,,4828.669434,
Sample,07/04/2023 16:09:48,0,,,12538077,14.425605,3201677,1.044655,1.204200,2749.199951,2410.700003,,0.564143,,4821.399902,
Sample,07/04/2023 16:09:53,0,,,12537909,14.427487,3201886,1.044724,1.194500,2746.399902,2408.333234,,0.565262,,4816.666504,
Sample,07/04/2023 16:09:58,0,,,12537661,14.430265,3201714,1.044667,1.207100,2742.699951,2405.205814,,0.564341,,4810.411621,
Sample,07/04/2023 16:10:03,0,,,12537445,14.432684,3202211,1.044831,1.210100,2741.000000,2403.768914,,0.567002,,4807.537598,
Sample,07/04/2023 16:10:08,0,,,12537251,14.434857,3201483,1.044591,1.206400,2739.100098,2402.163002,,0.563104,,4804.326172,
Sample,07/04/2023 16:10:13,0,9438231,5.800254,12537020,14.437444,3202035,1.044773,1.209000,2737.800049,2401.064123,,0.566060,,4802.128418,
Sample,07/04/2023 16:10:28,0,,,12536556,14.442641,3201714,1.044667,1.209000,2747.600098,2409.347711,,0.564341,,4818.695312,
Sample,07/04/2023 16:10:33,0,,,12536310,14.445396,3201918,1.044734,1.207300,2744.699951,2406.896334,,0.565433,,4813.792480,
Sample,07/04/2023 16:10:38,0,,,12536081,14.447961,3202024,1.044769,1.206100,2741.100098,2403.853522,,0.566001,,4807.707031,
Sample,07/04/2023 16:10:43,0,,,12535817,14.450918,3202151,1.044811,1.196300,2741.199951,2403.937924,,0.566681,,4807.875977,
Sample,07/04/2023 16:10:48,0,,,12535686,14.452386,3201812,1.044700,1.202800,2738.399902,2401.571155,,0.564866,,4803.142090,
Sample,07/04/2023 16:10:53,0,,,12535636,14.452946,3203098,1.045122,1.211600,2739.699951,2402.670034,,0.571745,,4805.339844,
Sample,07/04/2023 16:10:58,0,,,12535343,14.456227,3202213,1.044831,1.207500,2746.000000,2407.995213,,0.567013,,4815.990234,
Sample,07/04/2023 16:11:03,0,,,12535048,14.459532,3201973,1.044753,1.196100,2739.399902,2402.416415,,0.565728,,4804.833008,
Sample,07/04/2023 16:11:08,0,,,12534896,14.461234,3202412,1.044897,1.198000,2738.100098,2401.317742,,0.568077,,4802.635254,
Sample,07/04/2023 16:11:13,0,9438213,5.800155,12534828,14.461996,3202289,1.044856,1.200000,2734.500000,2398.274724,,0.567419,,4796.549316,
Sample,07/04/2023 16:11:28,0,,,12534155,14.469534,3201280,1.044525,1.201000,2729.399902,2393.963816,,0.562016,,4787.927734,
Sample,07/04/2023 16:11:33,0,,,12533996,14.471315,3201267,1.044520,1.206300,2728.100098,2392.865143,,0.561946,,4785.730469,
Sample,07/04/2023 16:11:38,0,,,12533727,14.474328,3202006,1.044763,1.201400,2729.699951,2394.217435,,0.565905,,4788.435059,
Sample,07/04/2023 16:11:43,0,,,12533525,14.476591,3200824,1.044375,1.206200,2731.000000,2395.316314,,0.559570,,4790.632812,
Sample,07/04/2023 16:11:48,0,,,12533350,14.478551,3199851,1.044055,1.200000,2727.100098,2392.019883,,0.554346,,4784.039551,
Sample,07/04/2023 16:11:53,0,,,12533137,14.480937,3199437,1.043919,1.197800,2727.899902,2392.695926,,0.552120,,4785.392090,
Sample,07/04/2023 16:11:58,0,,,12532983,14.482662,3199200,1.043841,1.182500,2726.899902,2391.850666,,0.550845,,4783.701172,
Sample,07/04/2023 16:12:03,0,,,12532920,14.483368,3199820,1.044045,1.205200,2725.800049,2390.921004,,0.554179,,4781.841797,
Sample,07/04/2023 16:12:08,0,,,12532709,14.485731,3200117,1.044142,1.207700,2727.800049,2392.611524,,0.555775,,4785.223145,
Sample,07/04/2023 16:12:13,0,9438197,5.800067,12532403,14.489159,3199283,1.043868,1.207900,2724.899902,2390.160146,,0.551292,,4780.320312,
Sample,07/04/2023 16:12:28,0,,,12531775,14.496193,3199483,1.043934,1.216100,2724.000000,2389.399495,,0.552368,,4778.798828,
Sample,07/04/2023 16:12:33,0,,,12531657,14.497515,3200230,1.044180,1.219000,2723.199951,2388.723246,,0.556382,,4777.446289,
Sample,07/04/2023 16:12:38,0,,,12531520,14.499050,3200579,1.044294,1.218900,2722.300049,2387.962595,,0.558256,,4775.925293,
Sample,07/04/2023 16:12:43,0,,,12531331,14.501167,3201025,1.044441,1.211000,2724.399902,2389.737517,,0.560648,,4779.475098,
Sample,07/04/2023 16:12:48,0,,,12531139,14.503318,3200739,1.044347,1.211600,2724.699951,2389.991136,,0.559114,,4779.982422,
Sample,07/04/2023 16:12:53,0,,,12531004,14.504830,3201457,1.044583,1.219700,2722.699951,2388.300616,,0.562964,,4776.601074,
Sample,07/04/2023 16:12:58,0,,,12530863,14.506409,3201567,1.044619,1.213000,2722.699951,2388.300616,,0.563554,,4776.601074,
Sample,07/04/2023 16:13:03,0,,,12530735,14.507843,3202313,1.044864,1.206400,2722.000000,2387.708975,,0.567548,,4775.417969,
Sample,07/04/2023 16:13:08,0,,,12530608,14.509266,3202764,1.045013,1.207600,2724.899902,2390.160146,,0.569960,,4780.320312,
Sample,07/04/2023 16:13:13,0,9438182,5.799985,12530429,14.511271,3202656,1.044977,1.203000,2723.899902,2389.314887,,0.569382,,4778.629883,
Sample,07/04/2023 16:13:28,0,,,12529669,14.519785,3201828,1.044705,1.220500,2726.899902,2391.850666,,0.564952,,4783.701172,
Sample,07/04/2023 16:13:33,0,,,12529483,14.521868,3202047,1.044777,1.220900,2724.300049,2389.653114,,0.566124,,4779.306152,
Sample,07/04/2023 16:13:38,0,,,12529254,14.524434,3201638,1.044642,1.215800,2725.399902,2390.582776,,0.563934,,4781.165527,
Sample,07/04/2023 16:13:43,0,,,12529111,14.526036,3202223,1.044835,1.231600,2723.300049,2388.807854,,0.567066,,4777.615723,
Sample,07/04/2023 16:13:48,0,,,12529021,14.527044,3201887,1.044724,1.237100,2722.000000,2387.708975,,0.565267,,4775.417969,
Sample,07/04/2023 16:13:53,0,,,12528895,14.528455,3201973,1.044753,1.235000,2722.199951,2387.877986,,0.565728,,4775.755859,
Sample,07/04/2023 16:13:58,0,,,12528787,14.529665,3202399,1.044893,1.233500,2725.699951,2390.836396,,0.568008,,4781.672852,
Sample,07/04/2023 16:14:03,0,,,12528654,14.531155,3202964,1.045078,1.225200,2723.699951,2389.145876,,0.571029,,4778.291992,
Sample,07/04/2023 16:14:08,0,,,12528481,14.533093,3202647,1.044974,1.246700,2721.600098,2387.370954,,0.569334,,4774.741699,
Sample,07/04/2023 16:14:13,0,9438175,5.799946,12528428,14.533687,3201781,1.044689,1.256500,2733.600098,2397.514073,,0.564700,,4795.028320,
Sample,07/04/2023 16:14:28,0,,,12527679,14.542078,3200879,1.044393,1.515400,2728.600098,2393.287773,,0.559865,,4786.575684,
Sample,07/04/2023 16:14:33,0,,,12527667,14.542212,3200276,1.044195,1.501900,2734.300049,2398.105713,,0.556629,,4796.211426,
Sample,07/04/2023 16:14:38,0,,,12527612,14.542828,3196815,1.043057,1.510200,2737.100098,2400.472482,,0.537985,,4800.944824,
Sample,07/04/2023 16:14:43,0,,,12527555,14.543467,3195485,1.042620,1.340100,2734.300049,2398.105713,,0.530790,,4796.211426,
Sample,07/04/2023 16:14:48,0,,,12527320,14.546099,3196640,1.043000,1.484600,2742.899902,2405.374825,,0.537040,,4810.749512,
Sample,07/04/2023 16:14:53,0,,,12527206,14.547377,3197045,1.043133,1.458400,2739.100098,2402.163002,,0.539228,,4804.326172,
Sample,07/04/2023 16:14:58,0,,,12527135,14.548172,3194473,1.042287,1.421400,2738.899902,2401.993785,,0.525302,,4803.987793,
Sample,07/04/2023 16:15:03,0,,,12526918,14.550603,3193432,1.041945,1.423800,2738.600098,2401.740372,,0.519647,,4803.480957,
Sample,07/04/2023 16:15:08,0,,,12526661,14.553482,3192244,1.041555,1.422300,2739.600098,2402.585632,,0.513180,,4805.171387,
Sample,07/04/2023 16:15:13,0,9438157,5.799847,12526440,14.555958,3189232,1.040565,1.429600,2740.100098,2403.008262,,0.496718,,4806.016602,
Sample,07/04/2023 16:15:28,0,,,12526019,14.560675,3182338,1.038299,1.429100,2739.100098,2402.163002,,0.458676,,4804.326172,
Sample,07/04/2023 16:15:33,0,,,12525846,14.562613,3180883,1.037821,1.426000,2740.199951,2403.092664,,0.450580,,4806.185547,
Sample,07/04/2023 16:15:38,0,,,12525471,14.566814,3185532,1.039349,1.429700,2742.500000,2405.036803,,0.476364,,4810.073730,
Sample,07/04/2023 16:15:43,0,,,12525167,14.570220,3185235,1.039251,1.418600,2740.399902,2403.261675,,0.474724,,4806.523438,
Sample,07/04/2023 16:15:48,0,,,12525000,14.572091,3185810,1.039440,1.414700,2741.399902,2404.106935,,0.477899,,4808.213867,
Sample,07/04/2023 16:15:53,0,,,12524770,14.574668,3186841,1.039779,1.386600,2738.500000,2401.655764,,0.483582,,4803.311523,
Sample,07/04/2023 16:15:58,0,,,12524512,14.577558,3188825,1.040431,1.378400,2736.100098,2399.627223,,0.494486,,4799.254395,
Sample,07/04/2023 16:16:03,0,,,12524272,14.580247,3191450,1.041294,1.323000,2733.899902,2397.767486,,0.508849,,4795.535156,
Sample,07/04/2023 16:16:08,0,,,12524033,14.582925,3193309,1.041905,1.328500,2735.500000,2399.119984,,0.518978,,4798.239746,
Sample,07/04/2023 16:16:13,0,9438140,5.799754,12523883,14.584605,3195085,1.042489,1.376800,2734.800049,2398.528343,,0.528622,,4797.056641,
Sample,07/04/2023 16:16:28,0,,,12523626,14.587484,3189848,1.040767,1.370800,2737.699951,2400.979515,,0.500092,,4801.958984,
Sample,07/04/2023 16:16:33,0,,,12523467,14.589266,3187957,1.040146,1.370700,2738.500000,2401.655764,,0.489721,,4803.311523,
Sample,07/04/2023 16:16:38,0,,,12523266,14.591518,3185608,1.039374,1.368500,2740.100098,2403.008262,,0.476784,,4806.016602,
Sample,07/04/2023 16:16:43,0,,,12523075,14.593658,3183523,1.038688,1.375100,2741.300049,2404.022533,,0.465251,,4808.044922,
Sample,07/04/2023 16:16:48,0,,,12522882,14.595820,3180886,1.037822,1.367300,2743.699951,2406.051074,,0.450597,,4812.102051,
Sample,07/04/2023 16:16:53,0,,,12522686,14.598016,3179581,1.037393,1.360200,2746.800049,2408.671462,,0.443316,,4817.342773,
Sample,07/04/2023 16:16:58,0,,,12522466,14.600481,3179368,1.037323,1.304800,2748.399902,2410.023754,,0.442126,,4820.047363,
Sample,07/04/2023 16:17:03,0,,,12522190,14.603573,3182182,1.038248,1.306200,2744.699951,2406.896334,,0.457809,,4813.792480,
Sample,07/04/2023 16:17:08,0,,,12521962,14.606128,3183218,1.038588,1.302900,2742.399902,2404.952195,,0.463560,,4809.904297,
Sample,07/04/2023 16:17:13,0,9438123,5.799660,12521759,14.608402,3185651,1.039388,1.307700,2737.800049,2401.064123,,0.477021,,4802.128418,
Sample,07/04/2023 16:17:28,0,,,12521178,14.614912,3181917,1.038160,1.313600,2739.199951,2402.247404,,0.456336,,4804.494629,
Sample,07/04/2023 16:17:33,0,,,12520903,14.617993,3180457,1.037681,1.311400,2741.100098,2403.853522,,0.448205,,4807.707031,
Sample,07/04/2023 16:17:38,0,,,12520727,14.619965,3179012,1.037206,1.297800,2741.699951,2404.360554,,0.440135,,4808.721191,
Sample,07/04/2023 16:17:43,0,,,12520534,14.622128,3179097,1.037234,1.302900,2742.100098,2404.698782,,0.440611,,4809.397461,
Sample,07/04/2023 16:17:48,0,,,12520369,14.623977,3177733,1.036785,1.302100,2742.199951,2404.783184,,0.432972,,4809.566406,
Sample,07/04/2023 16:17:53,0,,,12520163,14.626285,3175404,1.036020,1.288400,2739.899902,2402.839045,,0.419880,,4805.678223,
Sample,07/04/2023 16:17:58,0,,,12519990,14.628223,3173839,1.035506,1.313700,2743.199951,2405.628444,,0.411047,,4811.256836,
Sample,07/04/2023 16:18:03,0,,,12519798,14.630375,3173288,1.035324,1.328200,2742.399902,2404.952195,,0.407930,,4809.904297,
Sample,07/04/2023 16:18:08,0,,,12519711,14.631349,3174620,1.035762,1.320600,2739.000000,2402.078394,,0.415459,,4804.156738,
Sample,07/04/2023 16:18:13,0,9438116,5.799622,12519613,14.632448,3177494,1.036707,1.321800,2737.199951,2400.556885,,0.431632,,4801.113770,
Sample,07/04/2023 16:18:28,0,,,12519234,14.636694,3180518,1.037701,1.310800,2733.600098,2397.514073,,0.448546,,4795.028320,
Sample,07/04/2023 16:18:33,0,,,12519119,14.637983,3180747,1.037776,1.305800,2733.199951,2397.175845,,0.449822,,4794.351562,
Sample,07/04/2023 16:18:38,0,,,12518907,14.640358,3181304,1.037959,1.304400,2735.199951,2398.866365,,0.452925,,4797.732910,
Sample,07/04/2023 16:18:43,0,,,12518680,14.642902,3181257,1.037944,1.293300,2733.500000,2397.429464,,0.452663,,4794.858887,
Sample,07/04/2023 16:18:48,0,,,12518545,14.644415,3179218,1.037273,1.295200,2734.600098,2398.359333,,0.441287,,4796.718750,
Sample,07/04/2023 16:18:53,0,,,12518386,14.646196,3175695,1.036116,1.291500,2733.399902,2397.344856,,0.421520,,4794.689941,
Sample,07/04/2023 16:18:58,0,,,12518233,14.647911,3172821,1.035171,1.293200,2734.000000,2397.852094,,0.405286,,4795.704102,
Sample,07/04/2023 16:19:03,0,,,12518048,14.649984,3171529,1.034746,1.305300,2735.199951,2398.866365,,0.397956,,4797.732910,
Sample,07/04/2023 16:19:08,0,,,12517883,14.651832,3171902,1.034869,1.314100,2733.000000,2397.006834,,0.400074,,4794.013672,
Sample,07/04/2023 16:19:13,0,9438091,5.799485,12517729,14.653558,3174169,1.035614,1.327300,2734.699951,2398.443735,,0.412912,,4796.887695,
Sample,07/04/2023 16:19:28,0,,,12517331,14.658018,3172289,1.034996,1.317200,2734.399902,2398.190116,,0.402270,,4796.380371,
Sample,07/04/2023 16:19:33,0,,,12517226,14.659194,3169348,1.034029,1.326100,2735.399902,2399.035375,,0.385537,,4798.070801,
Sample,07/04/2023 16:19:38,0,,,12517087,14.660752,3166658,1.033145,1.320300,2734.699951,2398.443735,,0.370138,,4796.887695,
Sample,07/04/2023 16:19:43,0,,,12516919,14.662635,3163624,1.032148,1.327600,2735.899902,2399.458005,,0.352661,,4798.916016,
Sample,07/04/2023 16:19:48,0,,,12516756,14.664461,3160709,1.031190,1.320200,2734.600098,2398.359333,,0.335757,,4796.718750,
Sample,07/04/2023 16:19:53,0,,,12516621,14.665974,3160269,1.031046,1.317100,2735.800049,2399.373603,,0.333196,,4798.747070,
Sample,07/04/2023 16:19:58,0,,,12516498,14.667352,3161650,1.031499,1.309300,2734.100098,2397.936703,,0.341226,,4795.873535,
Sample,07/04/2023 16:20:03,0,,,12516357,14.668932,3164222,1.032345,1.303400,2734.399902,2398.190116,,0.356115,,4796.380371,
Sample,07/04/2023 16:20:08,0,,,12516193,14.670770,3166984,1.033253,1.291700,2733.199951,2397.175845,,0.372009,,4794.351562,
Sample,07/04/2023 16:20:13,0,9438085,5.799452,12516034,14.672552,3169725,1.034153,1.298900,2732.399902,2396.499596,,0.387688,,4792.999023,
Sample,07/04/2023 16:20:28,0,,,12515666,14.676676,3178181,1.036933,1.288400,2730.899902,2395.231706,,0.435483,,4790.463379,
Sample,07/04/2023 16:20:33,0,,,12515519,14.678323,3179859,1.037484,1.293600,2733.500000,2397.429464,,0.444869,,4794.858887,
Sample,07/04/2023 16:20:38,0,,,12515384,14.679836,3180761,1.037781,1.299500,2733.199951,2397.175845,,0.449900,,4794.351562,
Sample,07/04/2023 16:20:43,0,,,12515262,14.681203,3181392,1.037988,1.294600,2731.800049,2395.992564,,0.453415,,4791.985352,
Sample,07/04/2023 16:20:48,0,,,12515067,14.683388,3181251,1.037942,1.309100,2731.600098,2395.823553,,0.452630,,4791.646973,
Sample,07/04/2023 16:20:53,0,,,12514868,14.685618,3181287,1.037953,1.315200,2733.899902,2397.767486,,0.452830,,4795.535156,
Sample,07/04/2023 16:20:58,0,,,12514780,14.686604,3181574,1.038048,1.318100,2733.199951,2397.175845,,0.454428,,4794.351562,
Sample,07/04/2023 16:21:03,0,,,12514678,14.687747,3182105,1.038222,1.314400,2732.000000,2396.161574,,0.457381,,4792.323242,
Sample,07/04/2023 16:21:08,0,,,12514632,14.688263,3183465,1.038669,1.311100,2734.300049,2398.105713,,0.464930,,4796.211426,
Sample,07/04/2023 16:21:13,0,9438075,5.799397,12514529,14.689417,3183709,1.038749,1.318300,2732.899902,2396.922226,,0.466282,,4793.844238,
Sample,07/04/2023 16:21:28,0,,,12513815,14.697418,3180097,1.037562,1.304700,2735.399902,2399.035375,,0.446197,,4798.070801,
Sample,07/04/2023 16:21:33,0,,,12513636,14.699424,3178649,1.037086,1.293800,2734.399902,2398.190116,,0.438104,,4796.380371,
Sample,07/04/2023 16:21:38,0,,,12513467,14.701318,3177094,1.036575,1.301600,2734.000000,2397.852094,,0.429387,,4795.704102,
Sample,07/04/2023 16:21:43,0,,,12513314,14.703033,3176067,1.036238,1.306300,2732.800049,2396.837824,,0.423614,,4793.675781,
Sample,07/04/2023 16:21:48,0,,,12513128,14.705117,3175409,1.036022,1.308600,2733.199951,2397.175845,,0.419908,,4794.351562,
Sample,07/04/2023 16:21:53,0,,,12512992,14.706641,3175034,1.035898,1.296000,2733.399902,2397.344856,,0.417795,,4794.689941,
Sample,07/04/2023 16:21:58,0,,,12512878,14.707919,3174912,1.035858,1.297400,2734.199951,2398.021105,,0.417106,,4796.041992,
Sample,07/04/2023 16:22:03,0,,,12512725,14.709634,3174901,1.035855,1.289700,2733.800049,2397.683083,,0.417044,,4795.366211,
Sample,07/04/2023 16:22:08,0,,,12512582,14.711236,3175513,1.036056,1.295200,2734.300049,2398.105713,,0.420494,,4796.211426,
Sample,07/04/2023 16:22:13,0,9438047,5.799243,12512461,14.712592,3175233,1.035964,1.297300,2733.399902,2397.344856,,0.418917,,4794.689941,
Sample,07/04/2023 16:22:28,0,,,12511985,14.717927,3174472,1.035714,1.299200,2730.199951,2394.640065,,0.414623,,4789.280273,
Sample,07/04/2023 16:22:33,0,,,12511827,14.719697,3173640,1.035440,1.300700,2731.399902,2395.654336,,0.409922,,4791.308594,
Sample,07/04/2023 16:22:38,0,,,12511663,14.721535,3172554,1.035083,1.317200,2732.399902,2396.499596,,0.403773,,4792.999023,
Sample,07/04/2023 16:22:43,0,,,12511486,14.723519,3171903,1.034869,1.316100,2731.600098,2395.823553,,0.400080,,4791.646973,
Sample,07/04/2023 16:22:48,0,,,12511374,14.724774,3171179,1.034631,1.327400,2733.699951,2397.598475,,0.395967,,4795.196777,
Sample,07/04/2023 16:22:53,0,,,12511277,14.725861,3170907,1.034542,1.317700,2733.399902,2397.344856,,0.394420,,4794.689941,
Sample,07/04/2023 16:22:58,0,,,12511154,14.727240,3170404,1.034377,1.309500,2733.199951,2397.175845,,0.391557,,4794.351562,
Sample,07/04/2023 16:23:03,0,,,12510945,14.729582,3169820,1.034185,1.313300,2733.500000,2397.429464,,0.388230,,4794.858887,
Sample,07/04/2023 16:23:08,0,,,12510746,14.731813,3168853,1.033867,1.318200,2732.800049,2396.837824,,0.382710,,4793.675781,
Sample,07/04/2023 16:23:13,0,9438045,5.799232,12510614,14.733292,3167392,1.033387,1.317700,2733.100098,2397.091443,,0.374349,,4794.183105,
Sample,07/04/2023 16:23:28,0,,,12510171,14.738257,3167265,1.033345,1.309800,2734.000000,2397.852094,,0.373621,,4795.704102,
Sample,07/04/2023 16:23:33,0,,,12510001,14.740162,3169066,1.033937,1.296400,2732.100098,2396.246183,,0.383927,,4792.492188,
Sample,07/04/2023 16:23:38,0,,,12509911,14.741171,3171665,1.034791,1.279700,2730.899902,2395.231706,,0.398729,,4790.463379,
Sample,07/04/2023 16:23:43,0,,,12509796,14.742460,3175527,1.036060,1.312100,2734.300049,2398.105713,,0.420573,,4796.211426,
Sample,07/04/2023 16:23:48,0,,,12509639,14.744219,3177797,1.036806,1.306400,2734.300049,2398.105713,,0.433331,,4796.211426,
Sample,07/04/2023 16:23:53,0,,,12509470,14.746113,3178636,1.037082,1.294900,2733.000000,2397.006834,,0.438031,,4794.013672,
Sample,07/04/2023 16:23:58,0,,,12509245,14.748635,3179176,1.037260,1.313300,2735.699951,2399.288995,,0.441052,,4798.578125,
Sample,07/04/2023 16:24:03,0,,,12509000,14.751381,3179338,1.037313,1.336100,2734.300049,2398.105713,,0.441958,,4796.211426,
Sample,07/04/2023 16:24:08,0,,,12508863,14.752917,3179800,1.037465,1.325000,2733.800049,2397.683083,,0.444539,,4795.366211,
Sample,07/04/2023 16:24:13,0,9438022,5.799105,12508820,14.753399,3180992,1.037856,1.315700,2730.800049,2395.147304,,0.451187,,4790.294434,
Sample,07/04/2023 16:24:28,0,,,12508151,14.760897,3185193,1.039237,1.317100,2734.000000,2397.852094,,0.474492,,4795.704102,
Sample,07/04/2023 16:24:33,0,,,12507906,14.763643,3186231,1.039578,1.345300,2734.800049,2398.528343,,0.480221,,4797.056641,
Sample,07/04/2023 16:24:38,0,,,12507775,14.765111,3187055,1.039849,1.347700,2734.699951,2398.443735,,0.484760,,4796.887695,
Sample,07/04/2023 16:24:43,0,,,12507720,14.765728,3187607,1.040031,1.346300,2734.699951,2398.443735,,0.487797,,4796.887695,
Sample,07/04/2023 16:24:48,0,,,12507639,14.766635,3188798,1.040422,1.353700,2732.500000,2396.584204,,0.494338,,4793.168457,
Sample,07/04/2023 16:24:53,0,,,12507491,14.768294,3189553,1.040670,1.355500,2734.100098,2397.936703,,0.498477,,4795.873535,
Sample,07/04/2023 16:24:58,0,,,12507327,14.770132,3189282,1.040581,1.340000,2734.199951,2398.021105,,0.496992,,4796.041992,
Sample,07/04/2023 16:25:03,0,,,12507194,14.771623,3189118,1.040527,1.337000,2732.500000,2396.584204,,0.496093,,4793.168457,
Sample,07/04/2023 16:25:08,0,,,12507013,14.773652,3189337,1.040599,1.340400,2734.000000,2397.852094,,0.497293,,4795.704102,
Sample,07/04/2023 16:25:13,0,9438015,5.799067,12506866,14.775300,3189676,1.040711,1.344900,2732.199951,2396.330585,,0.499150,,4792.661133,
Sample,07/04/2023 16:25:28,0,,,12506334,14.781263,3190261,1.040903,1.338600,2732.199951,2396.330585,,0.502352,,4792.661133,
Sample,07/04/2023 16:25:33,0,,,12506178,14.783011,3189286,1.040583,1.336600,2732.899902,2396.922226,,0.497014,,4793.844238,
Sample,07/04/2023 16:25:38,0,,,12506017,14.784816,3188604,1.040358,1.334700,2734.300049,2398.105713,,0.493273,,4796.211426,
Sample,07/04/2023 16:25:43,0,,,12505822,14.787001,3187513,1.040000,1.333200,2734.300049,2398.105713,,0.487280,,4796.211426,
Sample,07/04/2023 16:25:48,0,,,12505655,14.788873,3187859,1.040113,1.318500,2732.399902,2396.499596,,0.489182,,4792.999023,
Sample,07/04/2023 16:25:53,0,,,12505480,14.790835,3188241,1.040239,1.326900,2732.500000,2396.584204,,0.491281,,4793.168457,
Sample,07/04/2023 16:25:58,0,,,12505279,14.793088,3188637,1.040369,1.333200,2734.800049,2398.528343,,0.493454,,4797.056641,
Sample,07/04/2023 16:26:03,0,,,12505111,14.794971,3189666,1.040707,1.333900,2734.300049,2398.105713,,0.499096,,4796.211426,
Sample,07/04/2023 16:26:08,0,,,12504964,14.796619,3190534,1.040993,1.331200,2734.300049,2398.105713,,0.503845,,4796.211426,
Sample,07/04/2023 16:26:13,0,9437984,5.798896,12504866,14.797717,3191299,1.041244,1.335500,2735.300049,2398.950973,,0.508025,,4797.901855,
Sample,07/04/2023 16:26:28,0,,,12504374,14.803232,3193092,1.041833,1.337300,2736.000000,2399.542614,,0.517798,,4799.085449,
Sample,07/04/2023 16:26:33,0,,,12504214,14.805026,3193825,1.042074,1.331700,2734.500000,2398.274724,,0.521783,,4796.549316,
Sample,07/04/2023 16:26:38,0,,,12504040,14.806976,3194111,1.042168,1.344900,2735.199951,2398.866365,,0.523337,,4797.732910,
Sample,07/04/2023 16:26:43,0,,,12503899,14.808557,3194504,1.042298,1.337000,2733.800049,2397.683083,,0.525471,,4795.366211,
Sample,07/04/2023 16:26:48,0,,,12503765,14.810059,3194863,1.042416,1.342800,2731.899902,2396.076966,,0.527418,,4792.153809,
Sample,07/04/2023 16:26:53,0,,,12503623,14.811651,3195119,1.042500,1.344200,2731.800049,2395.992564,,0.528806,,4791.985352,
Sample,07/04/2023 16:26:58,0,,,12503461,14.813466,3195001,1.042461,1.334100,2734.399902,2398.190116,,0.528167,,4796.380371,
Sample,07/04/2023 16:27:03,0,,,12503308,14.815182,3194890,1.042424,1.333200,2734.600098,2398.359333,,0.527565,,4796.718750,
Sample,07/04/2023 16:27:08,0,,,12503137,14.817098,3194777,1.042387,1.322700,2733.800049,2397.683083,,0.526952,,4795.366211,
Sample,07/04/2023 16:27:13,0,9437985,5.798902,12502955,14.819139,3194732,1.042373,1.334800,2733.899902,2397.767486,,0.526708,,4795.535156,
Sample,07/04/2023 16:27:28,0,,,12502450,14.824800,3195996,1.042788,1.334800,2734.399902,2398.190116,,0.533556,,4796.380371,
Sample,07/04/2023 16:27:33,0,,,12502299,14.826492,3196554,1.042971,1.335000,2734.399902,2398.190116,,0.536575,,4796.380371,
Sample,07/04/2023 16:27:38,0,,,12502136,14.828319,3195494,1.042623,1.337400,2734.699951,2398.443735,,0.530838,,4796.887695,
Sample,07/04/2023 16:27:43,0,,,12501918,14.830763,3194544,1.042311,1.347000,2734.899902,2398.612746,,0.525688,,4797.225586,
Sample,07/04/2023 16:27:48,0,,,12501799,14.832097,3194551,1.042313,1.341900,2733.399902,2397.344856,,0.525726,,4794.689941,
Sample,07/04/2023 16:27:53,0,,,12501692,14.833297,3194205,1.042199,1.340400,2735.000000,2398.697354,,0.523848,,4797.394531,
Sample,07/04/2023 16:27:58,0,,,12501545,14.834945,3194671,1.042352,1.338100,2735.100098,2398.781963,,0.526377,,4797.563965,
Sample,07/04/2023 16:28:03,0,,,12501382,14.836772,3195295,1.042558,1.340800,2734.300049,2398.105713,,0.529760,,4796.211426,
Sample,07/04/2023 16:28:08,0,,,12501194,14.838879,3195884,1.042751,1.357400,2735.000000,2398.697354,,0.532950,,4797.394531,
Sample,07/04/2023 16:28:13,0,9437961,5.798770,12501039,14.840617,3196397,1.042920,1.347200,2734.800049,2398.528343,,0.535726,,4797.056641,
Sample,07/04/2023 16:28:28,0,,,12500567,14.845908,3195620,1.042664,1.330800,2735.199951,2398.866365,,0.531521,,4797.732910,
Sample,07/04/2023 16:28:33,0,,,12500382,14.847982,3195101,1.042494,1.326900,2735.899902,2399.458005,,0.528709,,4798.916016,
Sample,07/04/2023 16:28:38,0,,,12500210,14.849911,3194346,1.042246,1.325500,2735.800049,2399.373603,,0.524613,,4798.747070,
Sample,07/04/2023 16:28:43,0,,,12500024,14.851996,3193670,1.042023,1.321100,2733.699951,2397.598475,,0.520941,,4795.196777,
Sample,07/04/2023 16:28:48,0,,,12499822,14.854260,3192314,1.041578,1.339600,2734.699951,2398.443735,,0.513561,,4796.887695,
Sample,07/04/2023 16:28:53,0,,,12499655,14.856132,3191505,1.041312,1.357400,2734.300049,2398.105713,,0.509150,,4796.211426,
Sample,07/04/2023 16:28:58,0,,,12499546,14.857354,3190656,1.041033,1.366100,2734.600098,2398.359333,,0.504512,,4796.718750,
Sample,07/04/2023 16:29:03,0,,,12499408,14.858902,3190267,1.040905,1.340100,2735.899902,2399.458005,,0.502385,,4798.916016,
Sample,07/04/2023 16:29:08,0,,,12499267,14.860482,3189926,1.040793,1.332200,2734.000000,2397.852094,,0.500519,,4795.704102,
Sample,07/04/2023 16:29:13,0,9437956,5.798742,12499172,14.861547,3189457,1.040639,1.314900,2737.000000,2400.387874,,0.497951,,4800.775879,
Sample,07/04/2023 16:29:28,0,,,12498488,14.869216,3183817,1.038785,1.349300,2735.800049,2399.373603,,0.466880,,4798.747070,
Sample,07/04/2023 16:29:33,0,,,12498293,14.871402,3181326,1.037966,1.359100,2736.399902,2399.880635,,0.453047,,4799.761230,
Sample,07/04/2023 16:29:38,0,,,12498142,14.873095,3178432,1.037015,1.354500,2735.399902,2399.035375,,0.436889,,4798.070801,
Sample,07/04/2023 16:29:43,0,,,12498003,14.874653,3176310,1.036318,1.352600,2736.100098,2399.627223,,0.424981,,4799.254395,
Sample,07/04/2023 16:29:48,0,,,12497853,14.876335,3173972,1.035549,1.356300,2735.399902,2399.035375,,0.411799,,4798.070801,
Sample,07/04/2023 16:29:53,0,,,12497714,14.877893,3171638,1.034782,1.348700,2735.699951,2399.288995,,0.398575,,4798.578125,
Sample,07/04/2023 16:29:58,0,,,12497572,14.879485,3169285,1.034009,1.333000,2734.100098,2397.936703,,0.385177,,4795.873535,
Sample,07/04/2023 16:30:03,0,,,12497397,14.881447,3166882,1.033219,1.334500,2735.199951,2398.866365,,0.371424,,4797.732910,
Sample,07/04/2023 16:30:08,0,,,12497200,14.883656,3165929,1.032906,1.340400,2736.600098,2400.049852,,0.365950,,4800.099609,
Sample,07/04/2023 16:30:13,0,9437942,5.798665,12497046,14.885382,3165438,1.032744,1.345600,2734.199951,2398.021105,,0.363125,,4796.041992,
Sample,07/04/2023 16:30:28,0,,,12496594,14.890450,3167944,1.033568,1.325700,2734.699951,2398.443735,,0.377511,,4796.887695,
Sample,07/04/2023 16:30:33,0,,,12496448,14.892087,3167542,1.033436,1.329600,2735.100098,2398.781963,,0.375209,,4797.563965,
Sample,07/04/2023 16:30:38,0,,,12496272,14.894060,3166618,1.033132,1.327500,2735.800049,2399.373603,,0.369909,,4798.747070,
Sample,07/04/2023 16:30:43,0,,,12496101,14.895978,3165749,1.032847,1.333000,2736.100098,2399.627223,,0.364914,,4799.254395,
Sample,07/04/2023 16:30:48,0,,,12495899,14.898242,3165239,1.032679,1.346100,2735.800049,2399.373603,,0.361979,,4798.747070,
Sample,07/04/2023 16:30:53,0,,,12495716,14.900294,3164430,1.032413,1.351200,2736.699951,2400.134255,,0.357316,,4800.268555,
Sample,07/04/2023 16:30:58,0,,,12495565,14.901987,3164705,1.032504,1.340500,2736.600098,2400.049852,,0.358902,,4800.099609,
Sample,07/04/2023 16:31:03,0,,,12495446,14.903321,3165894,1.032894,1.328400,2735.600098,2399.204593,,0.365748,,4798.409180,
Sample,07/04/2023 16:31:08,0,,,12495332,14.904600,3167535,1.033434,1.321900,2737.899902,2401.148525,,0.375169,,4802.296875,
Sample,07/04/2023 16:31:13,0,9437923,5.798561,12495252,14.905497,3170187,1.034305,1.323300,2736.600098,2400.049852,,0.390321,,4800.099609,
Sample,07/04/2023 16:31:28,0,,,12494820,14.910340,3176097,1.036248,1.328300,2736.899902,2400.303265,,0.423782,,4800.606445,
Sample,07/04/2023 16:31:33,0,,,12494642,14.912336,3176303,1.036315,1.328600,2734.300049,2398.105713,,0.424941,,4796.211426,
Sample,07/04/2023 16:31:38,0,,,12494431,14.914702,3176669,1.036436,1.329600,2737.699951,2400.979515,,0.426999,,4801.958984,
Sample,07/04/2023 16:31:43,0,,,12494223,14.917034,3177477,1.036701,1.332000,2736.899902,2400.303265,,0.431536,,4800.606445,
Sample,07/04/2023 16:31:48,0,,,12494046,14.919019,3177968,1.036863,1.338700,2737.100098,2400.472482,,0.434290,,4800.944824,
Sample,07/04/2023 16:31:53,0,,,12493861,14.921093,3177260,1.036630,1.344600,2736.199951,2399.711625,,0.430318,,4799.423340,
Sample,07/04/2023 16:31:58,0,,,12493701,14.922887,3177974,1.036865,1.335100,2736.600098,2400.049852,,0.434323,,4800.099609,
Sample,07/04/2023 16:32:03,0,,,12493548,14.924603,3178438,1.037017,1.341900,2737.699951,2400.979515,,0.436923,,4801.958984,
Sample,07/04/2023 16:32:08,0,,,12493411,14.926139,3175908,1.036186,1.332600,2736.300049,2399.796233,,0.422719,,4799.592285,
Sample,07/04/2023 16:32:13,0,9437907,5.798473,12493245,14.928000,3174194,1.035622,1.350700,2737.300049,2400.641493,,0.413053,,4801.283203,
Sample,07/04/2023 16:32:28,0,,,12492818,14.932788,3167642,1.033469,1.348100,2737.699951,2400.979515,,0.375782,,4801.958984,
Sample,07/04/2023 16:32:33,0,,,12492582,14.935434,3166655,1.033144,1.360400,2738.500000,2401.655764,,0.370121,,4803.311523,
Sample,07/04/2023 16:32:38,0,,,12492401,14.937464,3163750,1.032190,1.355800,2737.500000,2400.810504,,0.353389,,4801.621094,
Sample,07/04/2023 16:32:43,0,,,12492293,14.938675,3160595,1.031153,1.347200,2737.399902,2400.725895,,0.335094,,4801.451660,
Sample,07/04/2023 16:32:48,0,,,12492104,14.940794,3157240,1.030050,1.341100,2737.000000,2400.387874,,0.315494,,4800.775879,
Sample,07/04/2023 16:32:53,0,,,12491928,14.942768,3154077,1.029011,1.346300,2738.000000,2401.233134,,0.296876,,4802.466309,
Sample,07/04/2023 16:32:58,0,,,12491722,14.945077,3151213,1.028069,1.340400,2737.000000,2400.387874,,0.279897,,4800.775879,
Sample,07/04/2023 16:33:03,0,,,12491552,14.946984,3150022,1.027678,1.334900,2736.800049,2400.218863,,0.272801,,4800.437500,
Sample,07/04/2023 16:33:08,0,,,12491369,14.949036,3149197,1.027407,1.350300,2739.399902,2402.416415,,0.267874,,4804.833008,
Sample,07/04/2023 16:33:13,0,9437905,5.798462,12491230,14.950594,3148956,1.027328,1.325500,2738.199951,2401.402145,,0.266433,,4802.804199,
Sample,07/04/2023 16:33:28,0,,,12490719,14.956325,3149348,1.027456,1.346100,2736.800049,2400.218863,,0.268777,,4800.437500,
Sample,07/04/2023 16:33:33,0,,,12490561,14.958096,3150706,1.027903,1.348500,2738.600098,2401.740372,,0.276879,,4803.480957,
Sample,07/04/2023 16:33:38,0,,,12490449,14.959352,3151923,1.028303,1.343800,2737.699951,2400.979515,,0.284117,,4801.958984,
Sample,07/04/2023 16:33:43,0,,,12490311,14.960900,3152290,1.028423,1.341100,2736.699951,2400.134255,,0.286295,,4800.268555,
Sample,07/04/2023 16:33:48,0,,,12490145,14.962761,3152762,1.028578,1.335300,2737.399902,2400.725895,,0.289094,,4801.451660,
Sample,07/04/2023 16:33:53,0,,,12489980,14.964612,3152905,1.028625,1.338000,2736.300049,2399.796233,,0.289942,,4799.592285,
Sample,07/04/2023 16:33:58,0,,,12489796,14.966675,3153471,1.028811,1.342500,2735.500000,2399.119984,,0.293293,,4798.239746,
Sample,07/04/2023 16:34:03,0,,,12489595,14.968929,3153479,1.028814,1.337400,2738.600098,2401.740372,,0.293340,,4803.480957,
Sample,07/04/2023 16:34:08,0,,,12489434,14.970734,3153398,1.028787,1.337300,2738.399902,2401.571155,,0.292861,,4803.142090,
Sample,07/04/2023 16:34:13,0,9437877,5.798308,12489237,14.972944,3152941,1.028637,1.334200,2737.399902,2400.725895,,0.290155,,4801.451660,
Sample,07/04/2023 16:34:28,0,,,12488590,14.980199,3151333,1.028109,1.343800,2738.000000,2401.233134,,0.280610,,4802.466309,
Sample,07/04/2023 16:34:33,0,,,12488518,14.981007,3152427,1.028468,1.350100,2736.600098,2400.049852,,0.287108,,4800.099609,
Sample,07/04/2023 16:34:38,0,,,12488395,14.982386,3152216,1.028399,1.350300,2738.100098,2401.317742,,0.285856,,4802.635254,
Sample,07/04/2023 16:34:43,0,,,12488229,14.984248,3153216,1.028728,1.346700,2739.199951,2402.247404,,0.291784,,4804.494629,
Sample,07/04/2023 16:34:48,0,,,12488086,14.985851,3152316,1.028432,1.353000,2737.800049,2401.064123,,0.286450,,4802.128418,
Sample,07/04/2023 16:34:53,0,,,12487868,14.988296,3150848,1.027949,1.354400,2739.899902,2402.839045,,0.277724,,4805.678223,
Sample,07/04/2023 16:34:58,0,,,12487660,14.990629,3151774,1.028254,1.352100,2736.899902,2400.303265,,0.283232,,4800.606445,
Sample,07/04/2023 16:35:03,0,,,12487425,14.993264,3152514,1.028497,1.347400,2736.000000,2399.542614,,0.287624,,4799.085449,
Sample,07/04/2023 16:35:08,0,,,12487247,14.995260,3153308,1.028758,1.346500,2738.800049,2401.909383,,0.292328,,4803.818848,
Sample,07/04/2023 16:35:13,0,9437865,5.798242,12487107,14.996830,3153716,1.028892,1.355200,2738.600098,2401.740372,,0.294742,,4803.480957,
Sample,07/04/2023 16:35:28,0,,,12486467,15.004008,3156030,1.029652,1.346700,2740.399902,2403.261675,,0.308388,,4806.523438,
Sample,07/04/2023 16:35:33,0,,,12486255,15.006386,3157442,1.030117,1.338900,2739.899902,2402.839045,,0.316679,,4805.678223,
Sample,07/04/2023 16:35:38,0,,,12486055,15.008629,3158177,1.030358,1.349500,2739.899902,2402.839045,,0.320983,,4805.678223,
Sample,07/04/2023 16:35:43,0,,,12485872,15.010681,3159315,1.030732,1.348600,2739.800049,2402.754643,,0.327634,,4805.509277,
Sample,07/04/2023 16:35:48,0,,,12485653,15.013137,3159665,1.030847,1.353200,2741.699951,2404.360554,,0.329676,,4808.721191,
Sample,07/04/2023 16:35:53,0,,,12485453,15.015380,3161067,1.031308,1.357200,2737.500000,2400.810504,,0.337839,,4801.621094,
Sample,07/04/2023 16:35:58,0,,,12485332,15.016737,3161606,1.031485,1.357900,2738.899902,2401.993785,,0.340971,,4803.987793,
Sample,07/04/2023 16:36:03,0,,,12485190,15.018330,3162376,1.031738,1.357000,2738.699951,2401.824774,,0.345438,,4803.649414,
Sample,07/04/2023 16:36:08,0,,,12485047,15.019934,3162733,1.031855,1.360100,2741.199951,2403.937924,,0.347506,,4807.875977,
Sample,07/04/2023 16:36:13,0,9437850,5.798160,12484959,15.020921,3163421,1.032082,1.358400,2737.899902,2401.148525,,0.351488,,4802.296875,
Sample,07/04/2023 16:36:28,0,,,12484434,15.026809,3163063,1.031964,1.374600,2738.699951,2401.824774,,0.349417,,4803.649414,
Sample,07/04/2023 16:36:33,0,,,12484250,15.028873,3163496,1.032106,1.358600,2738.899902,2401.993785,,0.351921,,4803.987793,
Sample,07/04/2023 16:36:38,0,,,12484143,15.030073,3163638,1.032153,1.362100,2738.199951,2401.402145,,0.352742,,4802.804199,
Sample,07/04/2023 16:36:43,0,,,12484022,15.031430,3164861,1.032555,1.364900,2739.500000,2402.501024,,0.359801,,4805.001953,
Sample,07/04/2023 16:36:48,0,,,12483870,15.033135,3165289,1.032695,1.363500,2740.000000,2402.923654,,0.362267,,4805.847168,
Sample,07/04/2023 16:36:53,0,,,12483680,15.035266,3166370,1.033051,1.360300,2737.500000,2400.810504,,0.368484,,4801.621094,
Sample,07/04/2023 16:36:58,0,,,12483506,15.037217,3168100,1.033619,1.369100,2738.899902,2401.993785,,0.378404,,4803.987793,
Sample,07/04/2023 16:37:03,0,,,12483327,15.039225,3168082,1.033613,1.371900,2740.600098,2403.430892,,0.378301,,4806.861816,
Sample,07/04/2023 16:37:08,0,,,12483195,15.040705,3167991,1.033583,1.371200,2738.699951,2401.824774,,0.377780,,4803.649414,
Sample,07/04/2023 16:37:13,0,9437843,5.798121,12483058,15.042242,3167552,1.033439,1.368900,2740.300049,2403.177273,,0.375266,,4806.354492,
Sample,07/04/2023 16:37:28,0,,,12482580,15.047603,3168948,1.033898,1.366200,2742.100098,2404.698782,,0.383253,,4809.397461,
Sample,07/04/2023 16:37:33,0,,,12482369,15.049970,3169313,1.034018,1.362300,2742.199951,2404.783184,,0.385337,,4809.566406,
Sample,07/04/2023 16:37:38,0,,,12482120,15.052763,3170171,1.034300,1.363500,2741.000000,2403.768914,,0.390230,,4807.537598,
Sample,07/04/2023 16:37:43,0,,,12481931,15.054883,3170911,1.034543,1.365900,2742.699951,2405.205814,,0.394443,,4810.411621,
Sample,07/04/2023 16:37:48,0,,,12481735,15.057081,3171232,1.034649,1.358200,2741.399902,2404.106935,,0.396268,,4808.213867,
Sample,07/04/2023 16:37:53,0,,,12481498,15.059740,3171452,1.034721,1.364300,2742.800049,2405.290423,,0.397519,,4810.581055,
Sample,07/04/2023 16:37:58,0,,,12481357,15.061321,3170874,1.034531,1.368400,2741.399902,2404.106935,,0.394233,,4808.213867,
Sample,07/04/2023 16:38:03,0,,,12481199,15.063094,3171180,1.034632,1.377300,2740.399902,2403.261675,,0.395973,,4806.523438,
Sample,07/04/2023 16:38:08,0,,,12481058,15.064675,3170797,1.034506,1.375500,2740.399902,2403.261675,,0.393794,,4806.523438,
Sample,07/04/2023 16:38:13,0,9437826,5.798028,12480970,15.065662,3170133,1.034287,1.379500,2739.100098,2402.163002,,0.390014,,4804.326172,
Sample,07/04/2023 16:38:28,0,,,12480544,15.070441,3167559,1.033442,1.382400,2739.899902,2402.839045,,0.375306,,4805.678223,
Sample,07/04/2023 16:38:33,0,,,12480419,15.071843,3167130,1.033301,1.372900,2739.699951,2402.670034,,0.372847,,4805.339844,
Sample,07/04/2023 16:38:38,0,,,12480330,15.072841,3167312,1.033360,1.370800,2740.300049,2403.177273,,0.373890,,4806.354492,
Sample,07/04/2023 16:38:43,0,,,12480190,15.074412,3167881,1.033547,1.371200,2739.100098,2402.163002,,0.377150,,4804.326172,
Sample,07/04/2023 16:38:48,0,,,12480017,15.076352,3167970,1.033577,1.377600,2739.500000,2402.501024,,0.377660,,4805.001953,
Sample,07/04/2023 16:38:53,0,,,12479877,15.077923,3168753,1.033834,1.375100,2737.500000,2400.810504,,0.382139,,4801.621094,
Sample,07/04/2023 16:38:58,0,,,12479732,15.079549,3169878,1.034204,1.372000,2738.100098,2401.317742,,0.388560,,4802.635254,
Sample,07/04/2023 16:39:03,0,,,12479580,15.081254,3171094,1.034603,1.367600,2739.300049,2402.332013,,0.395484,,4804.664062,
Sample,07/04/2023 16:39:08,0,,,12479444,15.082780,3172184,1.034962,1.368500,2737.500000,2400.810504,,0.401675,,4801.621094,
Sample,07/04/2023 16:39:13,0,9437808,5.797929,12479310,15.084283,3172082,1.034928,1.364700,2738.699951,2401.824774,,0.401096,,4803.649414,
Sample,07/04/2023 16:39:28,0,,,12478709,15.091025,3174555,1.035741,1.372100,2739.100098,2402.163002,,0.415092,,4804.326172,
Sample,07/04/2023 16:39:33,0,,,12478537,15.092954,3174628,1.035765,1.369200,2738.500000,2401.655764,,0.415504,,4803.311523,
Sample,07/04/2023 16:39:38,0,,,12478349,15.095063,3174689,1.035785,1.366900,2739.500000,2402.501024,,0.415848,,4805.001953,
Sample,07/04/2023 16:39:43,0,,,12478134,15.097475,3174994,1.035885,1.372700,2738.800049,2401.909383,,0.417569,,4803.818848,
Sample,07/04/2023 16:39:48,0,,,12477947,15.099573,3174906,1.035856,1.367900,2738.699951,2401.824774,,0.417073,,4803.649414,
Sample,07/04/2023 16:39:53,0,,,12477803,15.101188,3174756,1.035807,1.368000,2741.699951,2404.360554,,0.416226,,4808.721191,
Sample,07/04/2023 16:39:58,0,,,12477642,15.102994,3174328,1.035666,1.351500,2738.100098,2401.317742,,0.413810,,4802.635254,
Sample,07/04/2023 16:40:03,0,,,12477547,15.104060,3174120,1.035598,1.350100,2740.000000,2402.923654,,0.412635,,4805.847168,
Sample,07/04/2023 16:40:08,0,,,12477409,15.105608,3174283,1.035651,1.383200,2739.600098,2402.585632,,0.413556,,4805.171387,
Sample,07/04/2023 16:40:13,0,9437802,5.797896,12477160,15.108401,3173961,1.035546,1.399400,2740.399902,2403.261675,,0.411737,,4806.523438,
Sample,07/04/2023 16:40:28,0,,,12476747,15.113034,3174187,1.035620,1.384700,2741.100098,2403.853522,,0.413014,,4807.707031,
Sample,07/04/2023 16:40:33,0,,,12476586,15.114841,3174264,1.035645,1.387700,2740.800049,2403.599903,,0.413449,,4807.199707,
Sample,07/04/2023 16:40:38,0,,,12476517,15.115615,3174212,1.035628,1.388900,2737.199951,2400.556885,,0.413155,,4801.113770,
Sample,07/04/2023 16:40:43,0,,,12476389,15.117051,3174481,1.035717,1.409700,2739.100098,2402.163002,,0.414674,,4804.326172,
Sample,07/04/2023 16:40:48,0,,,12476208,15.119081,3174095,1.035590,1.370000,2739.600098,2402.585632,,0.412494,,4805.171387,
Sample,07/04/2023 16:40:53,0,,,12475987,15.121561,3174141,1.035605,1.350300,2740.300049,2403.177273,,0.412754,,4806.354492,
Sample,07/04/2023 16:40:58,0,,,12475642,15.125431,3173874,1.035517,1.394800,2739.300049,2402.332013,,0.411245,,4804.664062,
Sample,07/04/2023 16:41:03,0,,,12475413,15.128000,3174132,1.035602,1.403700,2737.899902,2401.148525,,0.412703,,4802.296875,
Sample,07/04/2023 16:41:08,0,,,12475333,15.128898,3174196,1.035623,1.401900,2739.500000,2402.501024,,0.413065,,4805.001953,
Sample,07/04/2023 16:41:13,0,9437788,5.797819,12475317,15.129077,3174572,1.035746,1.425200,2741.199951,2403.937924,,0.415188,,4807.875977,
Sample,07/04/2023 16:41:28,0,,,12474673,15.136302,3174665,1.035777,1.421500,2737.600098,2400.895112,,0.415713,,4801.790039,
Sample,07/04/2023 16:41:33,0,,,12474664,15.136403,3175298,1.035985,1.404700,2736.800049,2400.218863,,0.419283,,4800.437500,
Sample,07/04/2023 16:41:38,0,,,12474603,15.137088,3175612,1.036088,1.392800,2737.100098,2400.472482,,0.421052,,4800.944824,
Sample,07/04/2023 16:41:43,0,,,12474470,15.138580,3176383,1.036342,1.422700,2737.199951,2400.556885,,0.425391,,4801.113770,
Sample,07/04/2023 16:41:48,0,,,12474418,15.139163,3176556,1.036398,1.337500,2740.399902,2403.261675,,0.426364,,4806.523438,
Sample,07/04/2023 16:41:53,0,,,12474349,15.139937,3176399,1.036347,1.434500,2738.399902,2401.571155,,0.425481,,4803.142090,
Sample,07/04/2023 16:41:58,0,,,12473971,15.144178,3176644,1.036427,1.635800,2739.199951,2402.247404,,0.426859,,4804.494629,
Sample,07/04/2023 16:42:03,0,,,12473782,15.146299,3176988,1.036540,1.595600,2738.399902,2401.571155,,0.428791,,4803.142090,
Sample,07/04/2023 16:42:08,0,,,12473700,15.147219,3177329,1.036653,1.544600,2738.399902,2401.571155,,0.430706,,4803.142090,
Sample,07/04/2023 16:42:13,0,9437768,5.797709,12473649,15.147791,3177394,1.036674,1.546600,2736.100098,2399.627223,,0.431071,,4799.254395,
Sample,07/04/2023 16:42:28,0,,,12473112,15.153816,3177535,1.036720,1.522600,2739.100098,2402.163002,,0.431862,,4804.326172,
Sample,07/04/2023 16:42:33,0,,,12472904,15.156149,3177333,1.036654,1.488400,2740.500000,2403.346284,,0.430728,,4806.692383,
Sample,07/04/2023 16:42:38,0,,,12472733,15.158068,3177591,1.036739,1.673600,2739.500000,2402.501024,,0.432176,,4805.001953,
Sample,07/04/2023 16:42:43,0,,,12472621,15.159325,3176972,1.036535,1.475100,2740.600098,2403.430892,,0.428701,,4806.861816,
Sample,07/04/2023 16:42:48,0,,,12472255,15.163431,3176554,1.036398,1.501500,2738.699951,2401.824774,,0.426353,,4803.649414,
Sample,07/04/2023 16:42:53,0,,,12472126,15.164879,3176109,1.036252,1.480000,2739.600098,2402.585632,,0.423850,,4805.171387,
Sample,07/04/2023 16:42:58,0,,,12472033,15.165922,3175267,1.035975,1.516400,2738.500000,2401.655764,,0.419108,,4803.311523,
Sample,07/04/2023 16:43:03,0,,,12471899,15.167425,3175663,1.036105,1.465000,2737.500000,2400.810504,,0.421339,,4801.621094,
Sample,07/04/2023 16:43:08,0,,,12471706,15.169591,3175491,1.036048,1.473300,2739.300049,2402.332013,,0.420370,,4804.664062,
Sample,07/04/2023 16:43:13,0,9437754,5.797632,12471534,15.171521,3175085,1.035915,1.480700,2742.300049,2404.867793,,0.418082,,4809.735352,
Sample,07/04/2023 16:43:28,0,,,12470977,15.177771,3175557,1.036070,1.503300,2740.000000,2402.923654,,0.420742,,4805.847168,
Sample,07/04/2023 16:43:33,0,,,12470882,15.178837,3175664,1.036105,1.552700,2739.100098,2402.163002,,0.421345,,4804.326172,
Sample,07/04/2023 16:43:38,0,,,12470784,15.179936,3175718,1.036123,1.526700,2738.100098,2401.317742,,0.421649,,4802.635254,
Sample,07/04/2023 16:43:43,0,,,12470668,15.181238,3176252,1.036299,1.512000,2738.100098,2401.317742,,0.424654,,4802.635254,
Sample,07/04/2023 16:43:48,0,,,12470497,15.183156,3175259,1.035972,1.507200,2739.600098,2402.585632,,0.419063,,4805.171387,
Sample,07/04/2023 16:43:53,0,,,12470303,15.185333,3174465,1.035711,1.516800,2741.600098,2404.276152,,0.414584,,4808.552246,
Sample,07/04/2023 16:43:58,0,,,12470128,15.187297,3174183,1.035619,1.545300,2739.800049,2402.754643,,0.412991,,4805.509277,
Sample,07/04/2023 16:44:03,0,,,12469976,15.189002,3172539,1.035078,1.518800,2738.500000,2401.655764,,0.403688,,4803.311523,
Sample,07/04/2023 16:44:08,0,,,12469864,15.190259,3171499,1.034736,1.495000,2737.899902,2401.148525,,0.397786,,4802.296875,
Sample,07/04/2023 16:44:13,0,9437735,5.797527,12469686,15.192257,3170333,1.034353,1.542600,2739.300049,2402.332013,,0.391153,,4804.664062,
Sample,07/04/2023 16:44:28,0,,,12469205,15.197654,3168523,1.033758,1.523600,2738.199951,2401.402145,,0.380824,,4802.804199,
Sample,07/04/2023 16:44:33,0,,,12469062,15.199258,3168311,1.033689,1.519200,2738.399902,2401.571155,,0.379611,,4803.142090,
Sample,07/04/2023 16:44:38,0,,,12468861,15.201514,3168242,1.033666,1.520200,2740.199951,2403.092664,,0.379217,,4806.185547,
Sample,07/04/2023 16:44:43,0,,,12468616,15.204263,3167114,1.033295,1.506300,2741.300049,2404.022533,,0.372755,,4808.044922,
Sample,07/04/2023 16:44:48,0,,,12468468,15.205924,3167092,1.033288,1.538200,2738.899902,2401.993785,,0.372629,,4803.987793,
Sample,07/04/2023 16:44:53,0,,,12468388,15.206822,3167785,1.033516,1.544300,2736.000000,2399.542614,,0.376601,,4799.085449,
Sample,07/04/2023 16:44:58,0,,,12468387,15.206833,3167688,1.033484,1.465300,2736.300049,2399.796233,,0.376045,,4799.592285,
Sample,07/04/2023 16:45:03,0,,,12468423,15.206429,3168076,1.033611,1.421300,2737.800049,2401.064123,,0.378267,,4802.128418,
Sample,07/04/2023 16:45:08,0,,,12467903,15.212264,3168620,1.033790,1.423900,2756.100098,2416.532421,,0.381378,,4833.064941,
Sample,07/04/2023 16:45:13,0,9437715,5.797417,12467427,15.217606,3168886,1.033878,1.380900,2748.000000,2409.685733,,0.382899,,4819.371582,
Sample,07/04/2023 16:45:28,0,,,12467060,15.221724,3170506,1.034410,1.348800,2743.399902,2405.797455,,0.392138,,4811.594727,
Sample,07/04/2023 16:45:33,0,,,12467060,15.221724,3171044,1.034587,1.318400,2742.000000,2404.614173,,0.395199,,4809.228516,
Sample,07/04/2023 16:45:38,0,,,12466976,15.222667,3171687,1.034798,1.319000,2744.899902,2407.065345,,0.398854,,4814.130859,
Sample,07/04/2023 16:45:43,0,,,12466762,15.225068,3172338,1.035012,1.313400,2744.300049,2406.558312,,0.402548,,4813.116699,
Sample,07/04/2023 16:45:48,0,,,12466469,15.228356,3172767,1.035153,1.351300,2747.699951,2409.432114,,0.404980,,4818.864258,
Sample,07/04/2023 16:45:53,0,,,12466206,15.231308,3172732,1.035142,1.343500,2748.000000,2409.685733,,0.404782,,4819.371582,
Sample,07/04/2023 16:45:58,0,,,12466152,15.231914,3173784,1.035487,1.394400,2744.899902,2407.065345,,0.410736,,4814.130859,
Sample,07/04/2023 16:46:03,0,,,12466010,15.233507,3174196,1.035623,1.391800,2747.399902,2409.178494,,0.413065,,4818.356934,
Sample,07/04/2023 16:46:08,0,,,12465928,15.234427,3174748,1.035804,1.383700,2747.100098,2408.925081,,0.416181,,4817.850098,
Sample,07/04/2023 16:46:13,0,9437703,5.797351,12465685,15.237155,3175077,1.035912,1.404800,2748.100098,2409.770341,,0.418037,,4819.540527,
Sample,07/04/2023 16:46:28,0,,,12465407,15.240274,3176851,1.036495,1.339800,2745.199951,2407.318964,,0.428022,,4814.637695,
Sample,07/04/2023 16:46:33,0,,,12465244,15.242104,3176907,1.036514,1.351700,2746.399902,2408.333234,,0.428336,,4816.666504,
Sample,07/04/2023 16:46:38,0,,,12464925,15.245684,3176882,1.036506,1.398100,2749.899902,2411.291644,,0.428196,,4822.583496,
Sample,07/04/2023 16:46:43,0,,,12464714,15.248052,3176919,1.036518,1.405400,2748.100098,2409.770341,,0.428404,,4819.540527,
Sample,07/04/2023 16:46:48,0,,,12464576,15.249600,3175294,1.035984,1.405400,2749.000000,2410.530993,,0.419260,,4821.062012,
Sample,07/04/2023 16:46:53,0,,,12464440,15.251127,3175268,1.035975,1.404400,2750.199951,2411.545263,,0.419114,,4823.090332,
Sample,07/04/2023 16:46:58,0,,,12464226,15.253528,3175354,1.036003,1.401700,2747.699951,2409.432114,,0.419599,,4818.864258,
Sample,07/04/2023 16:47:03,0,,,12464024,15.255795,3175384,1.036013,1.400400,2749.100098,2410.615601,,0.419768,,4821.231445,
Sample,07/04/2023 16:47:08,0,,,12463859,15.257647,3175360,1.036005,1.400200,2746.000000,2407.995213,,0.419632,,4815.990234,
Sample,07/04/2023 16:47:13,0,9437692,5.797291,12463738,15.259005,3175244,1.035967,1.400500,2748.800049,2410.361982,,0.418979,,4820.724121,
Sample,07/04/2023 16:47:28,0,,,12463195,15.265100,3175365,1.036007,1.393400,2746.800049,2408.671462,,0.419661,,4817.342773,
Sample,07/04/2023 16:47:33,0,,,12463041,15.266828,3175308,1.035988,1.392900,2747.500000,2409.263103,,0.419339,,4818.526367,
Sample,07/04/2023 16:47:38,0,,,12462869,15.268758,3175373,1.036010,1.393100,2748.699951,2410.277374,,0.419706,,4820.554688,
Sample,07/04/2023 16:47:43,0,,,12462704,15.270610,3175238,1.035965,1.391000,2748.899902,2410.446384,,0.418945,,4820.892578,
Sample,07/04/2023 16:47:48,0,,,12462540,15.272451,3175277,1.035978,1.390400,2749.500000,2410.953623,,0.419165,,4821.907227,
Sample,07/04/2023 16:47:53,0,,,12462369,15.274370,3175304,1.035987,1.391700,2747.500000,2409.263103,,0.419317,,4818.526367,
Sample,07/04/2023 16:47:58,0,,,12462188,15.276402,3175266,1.035975,1.392000,2748.699951,2410.277374,,0.419103,,4820.554688,
Sample,07/04/2023 16:48:03,0,,,12462031,15.278164,3175304,1.035987,1.387500,2748.899902,2410.446384,,0.419317,,4820.892578,
Sample,07/04/2023 16:48:08,0,,,12461884,15.279814,3175373,1.036010,1.389900,2746.199951,2408.164224,,0.419706,,4816.328613,
Sample,07/04/2023 16:48:13,0,9437679,5.797219,12461756,15.281250,3175322,1.035993,1.390800,2748.199951,2409.854744,,0.419418,,4819.709473,
Sample,07/04/2023 16:48:28,0,,,12461241,15.287031,3175281,1.035979,1.387800,2747.199951,2409.009484,,0.419187,,4818.019043,
Sample,07/04/2023 16:48:33,0,,,12461081,15.288827,3175276,1.035978,1.386200,2746.300049,2408.248832,,0.419159,,4816.497559,
Sample,07/04/2023 16:48:38,0,,,12460942,15.290387,3175270,1.035976,1.385000,2746.899902,2408.755864,,0.419125,,4817.511719,
Sample,07/04/2023 16:48:43,0,,,12460768,15.292340,3175301,1.035986,1.384600,2746.899902,2408.755864,,0.419300,,4817.511719,
Sample,07/04/2023 16:48:48,0,,,12460613,15.294080,3175315,1.035991,1.385500,2746.199951,2408.164224,,0.419379,,4816.328613,
Sample,07/04/2023 16:48:53,0,,,12460474,15.295640,3175275,1.035977,1.388000,2747.699951,2409.432114,,0.419153,,4818.864258,
Sample,07/04/2023 16:48:58,0,,,12460306,15.297525,3175259,1.035972,1.383400,2747.600098,2409.347711,,0.419063,,4818.695312,
Sample,07/04/2023 16:49:03,0,,,12460162,15.299142,3175376,1.036011,1.384100,2745.500000,2407.572583,,0.419722,,4815.145020,
Sample,07/04/2023 16:49:08,0,,,12460022,15.300713,3175346,1.036001,1.383500,2745.199951,2407.318964,,0.419553,,4814.637695,
Sample,07/04/2023 16:49:13,0,9437664,5.797137,12459883,15.302273,3175358,1.036005,1.383700,2748.000000,2409.685733,,0.419621,,4819.371582,
Sample,07/04/2023 16:49:28,0,,,12459405,15.307639,3175275,1.035977,1.384100,2745.800049,2407.826202,,0.419153,,4815.652344,
Sample,07/04/2023 16:49:33,0,,,12459256,15.309311,3175257,1.035972,1.387000,2745.199951,2407.318964,,0.419052,,4814.637695,
Sample,07/04/2023 16:49:38,0,,,12459111,15.310939,3175215,1.035958,1.387000,2745.399902,2407.487975,,0.418815,,4814.976074,
Sample,07/04/2023 16:49:43,0,,,12458960,15.312634,3175309,1.035989,1.384200,2743.100098,2405.544042,,0.419345,,4811.087891,
Sample,07/04/2023 16:49:48,0,,,12458811,15.314306,3175313,1.035990,1.386000,2745.899902,2407.910604,,0.419367,,4815.821289,
Sample,07/04/2023 16:49:53,0,,,12458656,15.316046,3175340,1.035999,1.378900,2744.100098,2406.389302,,0.419520,,4812.778809,
Sample,07/04/2023 16:49:58,0,,,12458506,15.317730,3175271,1.035976,1.381700,2744.199951,2406.473704,,0.419131,,4812.947266,
Sample,07/04/2023 16:50:03,0,,,12458370,15.319257,3175337,1.035998,1.381300,2743.500000,2405.882063,,0.419503,,4811.764160,
Sample,07/04/2023 16:50:08,0,,,12458225,15.320884,3175205,1.035954,1.382000,2741.899902,2404.529565,,0.418759,,4809.059082,
Sample,07/04/2023 16:50:13,0,9437646,5.797038,12458084,15.322467,3175178,1.035946,1.381500,2744.300049,2406.558312,,0.418606,,4813.116699,
Sample,07/04/2023 16:50:28,0,,,12457626,15.327608,3175217,1.035958,1.382600,2741.600098,2404.276152,,0.418826,,4808.552246,
Sample,07/04/2023 16:50:33,0,,,12457496,15.329068,3175265,1.035974,1.383600,2742.699951,2405.205814,,0.419097,,4810.411621,
Sample,07/04/2023 16:50:38,0,,,12457336,15.330864,3175304,1.035987,1.380500,2744.100098,2406.389302,,0.419317,,4812.778809,
Sample,07/04/2023 16:50:43,0,,,12457189,15.332514,3175277,1.035978,1.378600,2742.100098,2404.698782,,0.419165,,4809.397461,
Sample,07/04/2023 16:50:48,0,,,12457051,15.334063,3175298,1.035985,1.380100,2744.000000,2406.304693,,0.419283,,4812.609375,
Sample,07/04/2023 16:50:53,0,,,12456908,15.335668,3175360,1.036005,1.379900,2744.000000,2406.304693,,0.419632,,4812.609375,
Sample,07/04/2023 16:50:58,0,,,12456738,15.337577,3175418,1.036024,1.377700,2743.399902,2405.797455,,0.419959,,4811.594727,
Sample,07/04/2023 16:51:03,0,,,12456616,15.338946,3175253,1.035970,1.377700,2741.600098,2404.276152,,0.419029,,4808.552246,
Sample,07/04/2023 16:51:08,0,,,12456465,15.340641,3175416,1.036024,1.380800,2742.399902,2404.952195,,0.419948,,4809.904297,
Sample,07/04/2023 16:51:13,0,9437628,5.796939,12456338,15.342067,3175267,1.035975,1.381900,2741.399902,2404.106935,,0.419108,,4808.213867,
Sample,07/04/2023 16:51:28,0,,,12455862,15.347411,3175325,1.035994,1.379200,2742.800049,2405.290423,,0.419435,,4810.581055,
Sample,07/04/2023 16:51:33,0,,,12455743,15.348747,3175279,1.035979,1.380300,2741.500000,2404.191543,,0.419176,,4808.383301,
Sample,07/04/2023 16:51:38,0,,,12455606,15.350285,3175216,1.035958,1.377100,2742.100098,2404.698782,,0.418821,,4809.397461,
Sample,07/04/2023 16:51:43,0,,,12455468,15.351834,3175172,1.035944,1.378700,2742.600098,2405.121412,,0.418573,,4810.242676,
Sample,07/04/2023 16:51:48,0,,,12455316,15.353540,3175310,1.035989,1.376900,2741.100098,2403.853522,,0.419351,,4807.707031,
Sample,07/04/2023 16:51:53,0,,,12455183,15.355033,3175197,1.035952,1.378800,2742.600098,2405.121412,,0.418714,,4810.242676,
Sample,07/04/2023 16:51:58,0,,,12455040,15.356639,3175270,1.035976,1.378800,2743.100098,2405.544042,,0.419125,,4811.087891,
Sample,07/04/2023 16:52:03,0,,,12454892,15.358300,3175223,1.035960,1.377400,2740.300049,2403.177273,,0.418860,,4806.354492,
Sample,07/04/2023 16:52:08,0,,,12454755,15.359838,3175209,1.035956,1.375200,2742.699951,2405.205814,,0.418781,,4810.411621,
Sample,07/04/2023 16:52:13,0,9437613,5.796857,12454631,15.361231,3175203,1.035954,1.374400,2742.000000,2404.614173,,0.418747,,4809.228516,
Sample,07/04/2023 16:52:28,0,,,12454186,15.366226,3175154,1.035938,1.378800,2742.699951,2405.205814,,0.418471,,4810.411621,
Sample,07/04/2023 16:52:33,0,,,12454049,15.367765,3175099,1.035920,1.374300,2742.100098,2404.698782,,0.418161,,4809.397461,
Sample,07/04/2023 16:52:38,0,,,12453905,15.369381,3175154,1.035938,1.373800,2743.300049,2405.713053,,0.418471,,4811.426270,
Sample,07/04/2023 16:52:43,0,,,12453756,15.371054,3175192,1.035950,1.375200,2741.800049,2404.445163,,0.418685,,4808.890137,
Sample,07/04/2023 16:52:48,0,,,12453632,15.372446,3176935,1.036523,1.375000,2741.899902,2404.529565,,0.428494,,4809.059082,
Sample,07/04/2023 16:52:53,0,,,12453479,15.374164,3176941,1.036525,1.376100,2740.699951,2403.515294,,0.428527,,4807.030762,
Sample,07/04/2023 16:52:58,0,,,12453344,15.375680,3176866,1.036500,1.385100,2741.699951,2404.360554,,0.428106,,4808.721191,
Sample,07/04/2023 16:53:03,0,,,12453176,15.377566,3176788,1.036475,1.377100,2740.399902,2403.261675,,0.427668,,4806.523438,
Sample,07/04/2023 16:53:08,0,,,12453065,15.378812,3176872,1.036502,1.362200,2741.199951,2403.937924,,0.428140,,4807.875977,
Sample,07/04/2023 16:53:13,0,9437601,5.796791,12453125,15.378138,3176886,1.036507,1.349400,2740.699951,2403.515294,,0.428218,,4807.030762,
Sample,07/04/2023 16:53:28,0,,,12452556,15.384527,3176408,1.036350,1.396700,2739.800049,2402.754643,,0.425532,,4805.509277,
Sample,07/04/2023 16:53:33,0,,,12452315,15.387233,3177066,1.036566,1.369800,2749.199951,2410.700003,,0.429229,,4821.399902,
Sample,07/04/2023 16:53:38,0,,,12452149,15.389096,3176411,1.036351,1.352900,2748.500000,2410.108363,,0.425549,,4820.216797,
Sample,07/04/2023 16:53:43,0,,,12451854,15.392409,3175831,1.036160,1.345900,2750.800049,2412.052502,,0.422285,,4824.104980,
Sample,07/04/2023 16:53:48,0,,,12451642,15.394789,3175054,1.035905,1.342900,2752.899902,2413.827424,,0.417907,,4827.654785,
Sample,07/04/2023 16:53:53,0,,,12451427,15.397203,3176050,1.036232,12.574000,2786.199951,2441.974620,,0.423518,,4883.949219,
Sample,07/04/2023 16:53:58,0,,,12451377,15.397764,3175182,1.035947,36.386002,2852.500000,2498.015393,,0.418629,,4996.030762,
Sample,07/04/2023 16:54:03,0,,,12451316,15.398449,3173806,1.035495,37.095001,2866.199951,2509.595412,,0.410861,,5019.190918,
Sample,07/04/2023 16:54:08,0,,,12451290,15.398741,3173150,1.035279,35.056000,2878.199951,2519.738531,,0.407149,,5039.477051,
Sample,07/04/2023 16:54:13,0,9437584,5.796697,12451234,15.399370,3172842,1.035178,35.693001,2885.699951,2526.077980,,0.405405,,5052.155762,
Sample,07/04/2023 16:54:28,0,,,12450890,15.403232,3170351,1.034359,28.471003,2975.899902,2602.320383,,0.391255,,5204.640625,
Sample,07/04/2023 16:54:33,0,,,12450760,15.404692,3170499,1.034408,31.623999,2903.399902,2541.039040,,0.392098,,5082.078125,
Sample,07/04/2023 16:54:38,0,,,12450573,15.406792,3171038,1.034585,32.306999,2895.699951,2534.530580,,0.395165,,5069.061035,
Sample,07/04/2023 16:54:43,0,,,12450435,15.408341,3171138,1.034618,31.185001,2888.100098,2528.106728,,0.395734,,5056.213379,
Sample,07/04/2023 16:54:48,0,,,12450335,15.409464,3172040,1.034914,33.848000,2880.500000,2521.682670,,0.400858,,5043.365234,
Sample,07/04/2023 16:54:53,0,,,12450159,15.411440,3171808,1.034838,5.082400,3023.000000,2642.132207,,0.399541,,5284.264648,
Sample,07/04/2023 16:54:58,0,,,12450066,15.412484,3172180,1.034960,13.489000,2907.100098,2544.166666,,0.401652,,5088.333496,
Sample,07/04/2023 16:55:03,0,,,12449821,15.415235,3171971,1.034892,6.805200,2955.899902,2585.415185,,0.400466,,5170.830566,
Sample,07/04/2023 16:55:08,0,,,12449680,15.416819,3171757,1.034821,8.650000,2926.899902,2560.902647,,0.399251,,5121.805176,
Sample,07/04/2023 16:55:13,0,9437576,5.796653,12449544,15.418346,3172011,1.034905,7.956300,2912.500000,2548.730987,,0.400693,,5097.461914,
Sample,07/04/2023 16:55:28,0,,,12449051,15.423882,3172987,1.035225,5.326800,2918.800049,2554.056166,,0.406226,,5108.112305,
Sample,07/04/2023 16:55:33,0,,,12448883,15.425768,3173604,1.035428,5.793700,2914.199951,2550.167888,,0.409718,,5100.335938,
Sample,07/04/2023 16:55:38,0,,,12448732,15.427464,3174086,1.035587,7.026700,2883.600098,2524.303058,,0.412443,,5048.605957,
Sample,07/04/2023 16:55:43,0,,,12448539,15.429631,3174861,1.035841,6.980000,2896.899902,2535.544850,,0.416819,,5071.089844,
Sample,07/04/2023 16:55:48,0,,,12448372,15.431506,3174626,1.035764,7.647900,2890.000000,2529.712639,,0.415493,,5059.425293,
Sample,07/04/2023 16:55:53,0,,,12448198,15.433460,3174874,1.035846,7.462500,2897.000000,2535.629459,,0.416892,,5071.258789,
Sample,07/04/2023 16:55:58,0,,,12448019,15.435470,3175374,1.036010,6.373900,2911.000000,2547.463097,,0.419711,,5094.926270,
Sample,07/04/2023 16:56:03,0,,,12447850,15.437368,3175782,1.036144,8.963201,2878.800049,2520.245770,,0.422009,,5040.491699,
Sample,07/04/2023 16:56:08,0,,,12447656,15.439546,3175699,1.036117,7.977500,2871.000000,2513.652701,,0.421542,,5027.305176,
Sample,07/04/2023 16:56:13,0,9437556,5.796543,12447498,15.441321,3175787,1.036146,7.837300,2829.899902,2478.912437,,0.422038,,4957.824707,
Sample,07/04/2023 16:56:28,0,,,12446884,15.448216,3175891,1.036180,4.233800,2775.399902,2432.845772,,0.422623,,4865.691406,
Sample,07/04/2023 16:56:33,0,,,12446743,15.449799,3176553,1.036398,4.035600,2773.399902,2431.155252,,0.426347,,4862.310547,
Sample,07/04/2023 16:56:38,0,,,12446571,15.451731,3176888,1.036508,3.430800,2765.800049,2424.731400,,0.428230,,4849.462891,
Sample,07/04/2023 16:56:43,0,,,12446402,15.453628,3177090,1.036574,3.492000,2768.500000,2427.013561,,0.429364,,4854.027344,
Sample,07/04/2023 16:56:48,0,,,12446217,15.455706,3177277,1.036635,3.037900,2761.399902,2421.012133,,0.430414,,4842.024414,
Sample,07/04/2023 16:56:53,0,,,12446053,15.457548,3177382,1.036670,2.865300,2760.300049,2420.082471,,0.431003,,4840.165039,
Sample,07/04/2023 16:56:58,0,,,12445881,15.459479,3177403,1.036677,2.912800,2756.800049,2417.124061,,0.431121,,4834.248047,
Sample,07/04/2023 16:57:03,0,,,12445703,15.461478,3177742,1.036788,2.809700,2759.500000,2419.406222,,0.433023,,4838.812500,
Sample,07/04/2023 16:57:08,0,,,12445524,15.463488,3178435,1.037016,2.816700,2758.500000,2418.560962,,0.436906,,4837.122070,
Sample,07/04/2023 16:57:13,0,9437550,5.796510,12445368,15.465240,3178793,1.037134,2.852000,2759.899902,2419.744243,,0.438910,,4839.488281,
Sample,07/04/2023 16:57:28,0,,,12444855,15.471002,3179667,1.037421,3.075500,2760.500000,2420.251482,,0.443796,,4840.502930,
Sample,07/04/2023 16:57:33,0,,,12444673,15.473046,3179502,1.037367,3.312200,2763.399902,2422.702653,,0.442874,,4845.405273,
Sample,07/04/2023 16:57:38,0,,,12444501,15.474977,3179783,1.037459,2.571300,2752.600098,2413.574011,,0.444444,,4827.147949,
Sample,07/04/2023 16:57:43,0,,,12444320,15.477010,3180230,1.037606,2.447400,2754.100098,2414.841901,,0.446939,,4829.683594,
Sample,07/04/2023 16:57:48,0,,,12444182,15.478560,3180270,1.037619,2.469400,2752.800049,2413.743022,,0.447162,,4827.485840,
Sample,07/04/2023 16:57:53,0,,,12443987,15.480750,3180707,1.037763,2.480000,2754.600098,2415.264531,,0.449599,,4830.529297,
Sample,07/04/2023 16:57:58,0,,,12443811,15.482727,3180977,1.037852,2.365300,2753.399902,2414.250054,,0.451104,,4828.500000,
Sample,07/04/2023 16:58:03,0,,,12443678,15.484220,3180623,1.037735,2.355100,2751.800049,2412.897762,,0.449131,,4825.795410,
Sample,07/04/2023 16:58:08,0,,,12443525,15.485939,3181814,1.038127,2.588700,2755.899902,2416.363204,,0.455763,,4832.726562,
Sample,07/04/2023 16:58:13,0,9437531,5.796406,12443394,15.487410,3182468,1.038342,3.143400,2760.199951,2419.997862,,0.459398,,4839.995605,
Sample,07/04/2023 16:58:28,0,,,12442953,15.492363,3182547,1.038368,2.999200,2758.899902,2418.898983,,0.459836,,4837.797852,
Sample,07/04/2023 16:58:33,0,,,12442787,15.494227,3183095,1.038548,1.105400,2739.000000,2402.078394,,0.462878,,4804.156738,
Sample,07/04/2023 16:58:38,0,,,12442641,15.495867,3182377,1.038312,2.094000,2752.100098,2413.151381,,0.458892,,4826.302734,
Sample,07/04/2023 16:58:43,0,,,12442536,15.497047,3182218,1.038259,2.090000,2753.600098,2414.419271,,0.458009,,4828.838379,
Sample,07/04/2023 16:58:48,0,,,12442286,15.499854,3182006,1.038190,1.950300,2749.199951,2410.700003,,0.456830,,4821.399902,
Sample,07/04/2023 16:58:53,0,,,12442174,15.501112,3181683,1.038084,1.801800,2742.899902,2405.374825,,0.455034,,4810.749512,
Sample,07/04/2023 16:58:58,0,,,12442062,15.502370,3181007,1.037861,1.804000,2744.800049,2406.980942,,0.451271,,4813.961914,
Sample,07/04/2023 16:59:03,0,,,12441912,15.504055,3180465,1.037683,1.798700,2742.899902,2405.374825,,0.448250,,4810.749512,
Sample,07/04/2023 16:59:08,0,,,12441797,15.505347,3179689,1.037428,1.797100,2745.000000,2407.149953,,0.443919,,4814.299805,
Sample,07/04/2023 16:59:13,0,9437513,5.796307,12441693,15.506515,3179497,1.037365,1.809900,2744.199951,2406.473704,,0.442847,,4812.947266,
Sample,07/04/2023 16:59:28,0,,,12441346,15.510412,3180180,1.037590,3.023700,2762.000000,2421.519372,,0.446660,,4843.038574,
Sample,07/04/2023 16:59:33,0,,,12441181,15.512266,3180231,1.037606,2.989300,2759.600098,2419.490830,,0.446945,,4838.981445,
Sample,07/04/2023 16:59:38,0,,,12441049,15.513748,3180576,1.037720,3.089300,2759.800049,2419.659841,,0.448869,,4839.319824,
Sample,07/04/2023 16:59:43,0,,,12440879,15.515658,3180422,1.037669,1.726800,2750.199951,2411.545263,,0.448010,,4823.090332,
Sample,07/04/2023 16:59:48,0,,,12440778,15.516792,3180460,1.037682,2.626000,2755.899902,2416.363204,,0.448222,,4832.726562,
Sample,07/04/2023 16:59:53,0,,,12440618,15.518590,3180198,1.037596,2.829300,2755.800049,2416.278801,,0.446761,,4832.557617,
Sample,07/04/2023 16:59:58,0,,,12440488,15.520050,3180592,1.037725,3.249600,2758.399902,2418.476353,,0.448958,,4836.952637,
Sample,07/04/2023 17:00:03,0,,,12440327,15.521858,3180309,1.037632,3.259800,2758.199951,2418.307343,,0.447380,,4836.614746,
Sample,07/04/2023 17:00:08,0,,,12440211,15.523161,3180375,1.037654,4.164900,2766.699951,2425.492052,,0.447748,,4850.983887,
Sample,07/04/2023 17:00:13,0,9437493,5.796197,12440085,15.524576,3180430,1.037672,4.168500,2766.199951,2425.069422,,0.448055,,4850.138672,
Sample,07/04/2023 17:00:28,0,,,12439662,15.529328,3180586,1.037723,3.568100,2759.300049,2419.237211,,0.448925,,4838.474609,
Sample,07/04/2023 17:00:33,0,,,12439565,15.530417,3180593,1.037725,3.566000,2759.000000,2418.983592,,0.448964,,4837.967285,
Sample,07/04/2023 17:00:38,0,,,12439435,15.531878,3180962,1.037847,3.389200,2760.899902,2420.589503,,0.451020,,4841.179199,
Sample,07/04/2023 17:00:43,0,,,12439293,15.533473,3180966,1.037848,3.677700,2757.899902,2418.053723,,0.451043,,4836.107422,
Sample,07/04/2023 17:00:48,0,,,12439233,15.534147,3181042,1.037873,3.572300,2759.300049,2419.237211,,0.451466,,4838.474609,
Sample,07/04/2023 17:00:53,0,,,12439117,15.535450,3179435,1.037345,3.573200,2757.899902,2418.053723,,0.442500,,4836.107422,
Sample,07/04/2023 17:00:58,0,,,12438987,15.536910,3179252,1.037285,3.571500,2758.199951,2418.307343,,0.441477,,4836.614746,
Sample,07/04/2023 17:01:03,0,,,12438823,15.538752,3179377,1.037326,3.570000,2758.699951,2418.729973,,0.442176,,4837.459961,
Sample,07/04/2023 17:01:08,0,,,12438661,15.540572,3180941,1.037840,3.570300,2762.100098,2421.603980,,0.450903,,4843.208008,
Sample,07/04/2023 17:01:13,0,9437482,5.796136,12438538,15.541954,3181018,1.037865,3.573900,2760.300049,2420.082471,,0.451332,,4840.165039,
Sample,07/04/2023 17:01:28,0,,,12438083,15.547065,3180707,1.037763,3.565500,2760.000000,2419.828852,,0.449599,,4839.657715,
Sample,07/04/2023 17:01:33,0,,,12438052,15.547413,3180893,1.037824,3.582600,2758.000000,2418.138332,,0.450636,,4836.276855,
Sample,07/04/2023 17:01:38,0,,,12437941,15.548660,3180918,1.037832,3.580400,2758.500000,2418.560962,,0.450775,,4837.122070,
Sample,07/04/2023 17:01:43,0,,,12437789,15.550368,3180866,1.037815,3.581800,2758.699951,2418.729973,,0.450485,,4837.459961,
Sample,07/04/2023 17:01:48,0,,,12437671,15.551693,3179260,1.037287,3.581600,2758.899902,2418.898983,,0.441522,,4837.797852,
Sample,07/04/2023 17:01:53,0,,,12437542,15.553142,3179117,1.037240,3.582000,2759.199951,2419.152603,,0.440722,,4838.305176,
Sample,07/04/2023 17:01:58,0,,,12437421,15.554502,3179140,1.037248,3.585800,2761.300049,2420.927731,,0.440851,,4841.855469,
Sample,07/04/2023 17:02:03,0,,,12437265,15.556254,3179159,1.037254,3.587200,2758.000000,2418.138332,,0.440957,,4836.276855,
Sample,07/04/2023 17:02:08,0,,,12437143,15.557625,3178701,1.037103,1.727700,2783.199951,2439.438840,,0.438395,,4878.877441,
Sample,07/04/2023 17:02:13,0,9437463,5.796032,12437225,15.556703,3178718,1.037109,3.563200,2810.600098,2462.599085,,0.438490,,4925.198242,
Sample,07/04/2023 17:02:28,0,,,12485766,15.011870,3179111,1.037238,0.060900,2765.600098,2424.562390,,0.440689,,4849.125000,
Sample,07/04/2023 17:02:33,0,,,12493373,14.926565,3179129,1.037244,0.570800,2778.899902,2435.804181,,0.440790,,4871.608398,
Sample,07/04/2023 17:02:38,0,,,12487477,14.992681,3179332,1.037311,0.491600,2775.399902,2432.845772,,0.441924,,4865.691406,
Sample,07/04/2023 17:02:43,0,,,12483273,15.039831,3179235,1.037279,0.486400,2776.100098,2433.437619,,0.441382,,4866.875000,
Sample,07/04/2023 17:02:48,0,,,12480468,15.071293,3179166,1.037256,0.484900,2774.600098,2432.169729,,0.440996,,4864.339355,
Sample,07/04/2023 17:02:53,0,,,12479933,15.077294,3179222,1.037275,0.488400,2778.199951,2435.212541,,0.441310,,4870.425293,
Sample,07/04/2023 17:02:58,0,,,12476608,15.114594,3179167,1.037257,0.486100,2776.699951,2433.944651,,0.441002,,4867.889160,
Sample,07/04/2023 17:03:03,0,,,12473806,15.146029,3179115,1.037240,0.482700,2774.699951,2432.254131,,0.440711,,4864.508301,
Sample,07/04/2023 17:03:08,0,,,12472745,15.157933,3179157,1.037253,0.482200,2776.899902,2434.113662,,0.440946,,4868.227539,
Sample,07/04/2023 17:03:13,0,9437452,5.795971,12471568,15.171139,3179152,1.037252,0.480000,2776.300049,2433.606629,,0.440918,,4867.213379,
Sample,07/04/2023 17:03:28,0,,,12469800,15.190977,3179128,1.037244,0.485300,2776.600098,2433.860249,,0.440784,,4867.720703,
Sample,07/04/2023 17:03:33,0,,,12468579,15.204678,3179115,1.037240,0.481700,2773.600098,2431.324469,,0.440711,,4862.648926,
Sample,07/04/2023 17:03:38,0,,,12467956,15.211669,3179143,1.037249,0.479900,2772.399902,2430.309992,,0.440868,,4860.620117,
Sample,07/04/2023 17:03:43,0,,,12468985,15.200123,3179082,1.037229,0.477100,2775.800049,2433.183999,,0.440527,,4866.368164,
Sample,07/04/2023 17:03:48,0,,,12468477,15.205823,3179171,1.037258,0.484600,2772.399902,2430.309992,,0.441024,,4860.620117,
Sample,07/04/2023 17:03:53,0,,,12466280,15.230477,3178968,1.037191,0.482000,2774.100098,2431.747099,,0.439889,,4863.494141,
Sample,07/04/2023 17:03:58,0,,,12466215,15.231207,3179055,1.037220,0.479100,2772.100098,2430.056579,,0.440376,,4860.113281,
Sample,07/04/2023 17:04:03,0,,,12466079,15.232733,3179199,1.037267,0.472900,2771.500000,2429.549341,,0.441181,,4859.098633,
Sample,07/04/2023 17:04:08,0,,,12465543,15.238748,3179128,1.037244,0.489600,2774.000000,2431.662490,,0.440784,,4863.325195,
Sample,07/04/2023 17:04:13,0,9437442,5.795916,12465453,15.239758,3179091,1.037232,0.482900,2772.500000,2430.394601,,0.440577,,4860.789062,
Sample,07/04/2023 17:04:28,0,,,12474123,15.142473,3179178,1.037260,0.479600,2772.100098,2430.056579,,0.441064,,4860.113281,
Sample,07/04/2023 17:04:33,0,,,12472990,15.155185,3179131,1.037245,0.476500,2772.600098,2430.479209,,0.440801,,4860.958496,
Sample,07/04/2023 17:04:38,0,,,12471458,15.172374,3179155,1.037253,0.475000,2769.399902,2427.774212,,0.440935,,4855.548340,
Sample,07/04/2023 17:04:43,0,,,12468715,15.203152,3179215,1.037272,0.381100,2769.000000,2427.436191,,0.441270,,4854.872559,
Sample,07/04/2023 17:04:48,0,,,12467434,15.217527,3179196,1.037266,0.385900,2767.500000,2426.168301,,0.441164,,4852.336426,
Sample,07/04/2023 17:04:53,0,,,12467512,15.216652,3179142,1.037248,0.362000,2764.000000,2423.209891,,0.440862,,4846.419922,
Sample,07/04/2023 17:04:58,0,,,12466989,15.222521,3179203,1.037268,0.339100,2764.500000,2423.632521,,0.441203,,4847.265137,
Sample,07/04/2023 17:05:03,0,,,12468914,15.200919,3179423,1.037341,683.920044,5389.100098,4642.101750,,0.442433,,9284.203125,
Sample,07/04/2023 17:05:08,0,,,12475716,15.124601,3179420,1.037340,17.074001,6283.700195,5398.271344,,0.442416,,10796.542969,
Sample,07/04/2023 17:05:13,0,9437397,5.795669,12472273,15.163229,3179472,1.037357,17.525000,6263.100098,5380.858907,,0.442707,,10761.717773,
Sample,07/04/2023 17:05:28,0,,,12475789,15.123782,3179536,1.037378,18.050999,6238.399902,5359.980822,,0.443064,,10719.961914,
Sample,07/04/2023 17:05:33,0,,,12472355,15.162309,3179446,1.037348,18.144001,6235.100098,5357.191630,,0.442562,,10714.382812,
Sample,07/04/2023 17:05:38,0,,,12470389,15.184368,3179365,1.037322,18.219000,6231.700195,5354.317828,,0.442109,,10708.635742,
Sample,07/04/2023 17:05:43,0,,,12471439,15.172587,3179378,1.037326,18.284000,6239.299805,5360.741474,,0.442182,,10721.483398,
Sample,07/04/2023 17:05:48,0,,,12474092,15.142821,3179425,1.037341,18.341000,6238.600098,5360.150039,,0.442444,,10720.299805,
Sample,07/04/2023 17:05:53,0,,,12478010,15.098866,3179409,1.037336,18.394001,6232.399902,5354.909263,,0.442355,,10709.818359,
Sample,07/04/2023 17:05:58,0,,,12479562,15.081456,3179532,1.037377,18.422001,6230.100098,5352.965330,,0.443042,,10705.930664,
Sample,07/04/2023 17:06:03,0,,,12477933,15.099730,3179497,1.037365,18.468000,6228.000000,5351.190202,,0.442847,,10702.380859,
Sample,07/04/2023 17:06:08,0,,,12477460,15.105036,3179415,1.037338,18.505001,6223.299805,5347.217315,,0.442388,,10694.434570,
Sample,07/04/2023 17:06:13,0,9437377,5.795559,12485089,15.019463,3179415,1.037338,18.535999,6221.700195,5345.865229,,0.442388,,10691.730469,
Sample,07/04/2023 17:06:28,0,,,12488578,14.980334,3179549,1.037382,18.615000,6223.100098,5347.048511,,0.443137,,10694.096680,
Sample,07/04/2023 17:06:33,0,,,12485838,15.011062,3179538,1.037379,18.636000,6211.500000,5337.243413,,0.443076,,10674.487305,
Sample,07/04/2023 17:06:38,0,,,12489156,14.973852,3179531,1.037376,18.658001,6224.700195,5348.401009,,0.443037,,10696.801758,
Sample,07/04/2023 17:06:43,0,,,12490196,14.962189,3179578,1.037392,18.686001,6216.500000,5341.469713,,0.443299,,10682.939453,
Sample,07/04/2023 17:06:48,0,,,12485742,15.012139,3179593,1.037397,18.716000,6229.000000,5352.035462,,0.443383,,10704.071289,
Sample,07/04/2023 17:06:53,0,,,12486884,14.999331,3179506,1.037368,18.736000,6232.799805,5355.247284,,0.442897,,10710.494141,
Sample,07/04/2023 17:06:58,0,,,12485111,15.019216,3179618,1.037405,18.761000,6232.399902,5354.909263,,0.443523,,10709.818359,
Sample,07/04/2023 17:07:03,0,,,12486438,15.004333,3179571,1.037389,18.785999,6229.299805,5352.288875,,0.443260,,10704.578125,
Sample,07/04/2023 17:07:08,0,,,12487700,14.990180,3179548,1.037382,18.809000,6224.799805,5348.485205,,0.443132,,10696.970703,
Sample,07/04/2023 17:07:13,0,9437360,5.795466,12489061,14.974917,3179548,1.037382,18.833000,6224.399902,5348.147184,,0.443132,,10696.293945,
Sample,07/04/2023 17:07:28,0,,,12487167,14.996158,3179680,1.037425,18.901999,6236.299805,5358.205694,,0.443869,,10716.411133,
Sample,07/04/2023 17:07:33,0,,,12487697,14.990214,3179752,1.037449,18.920000,6243.700195,5364.460947,,0.444271,,10728.921875,
Sample,07/04/2023 17:07:38,0,,,12487525,14.992143,3179722,1.037439,498.679993,4566.899902,3947.128891,,0.444103,,7894.257812,
Sample,07/04/2023 17:07:43,0,,,12485633,15.013361,3179802,1.037465,468.389984,4597.899902,3973.331948,,0.444550,,7946.664062,
Sample,07/04/2023 17:07:48,0,,,12486438,15.004333,3179761,1.037452,170.050003,5309.700195,4574.988196,,0.444321,,9149.976562,
Sample,07/04/2023 17:07:53,0,,,12489457,14.970476,3179883,1.037492,91.949997,5855.600098,5036.415496,,0.445003,,10072.831055,
Sample,07/04/2023 17:07:58,0,,,12490584,14.957838,3179894,1.037496,0.189800,5657.299805,4868.800209,,0.445064,,9737.600586,
Sample,07/04/2023 17:08:03,0,,,12491696,14.945369,3179830,1.037475,0.142800,5671.100098,4880.465043,,0.444707,,9760.929688,
Sample,07/04/2023 17:08:08,0,,,12493220,14.928280,3179941,1.037511,0.128300,5659.799805,4870.913359,,0.445326,,9741.827148,
Sample,07/04/2023 17:08:13,0,9437378,5.795565,12494413,14.914904,3179963,1.037518,0.111200,5660.000000,4871.082576,,0.445449,,9742.165039,
Sample,07/04/2023 17:08:28,0,,,12490718,14.956336,3179943,1.037512,11.559000,7614.700195,6523.312277,,0.445338,,13046.625000,
Sample,07/04/2023 17:08:33,0,,,12493692,14.922988,3179929,1.037507,2.505100,8435.299805,7216.932225,,0.445259,,14433.864258,
Sample,07/04/2023 17:08:38,0,,,12499863,14.853801,3180044,1.037545,3.325400,8402.700195,7189.377082,,0.445901,,14378.753906,
Sample,07/04/2023 17:08:43,0,,,12508314,14.759070,3180124,1.037571,6.483800,8280.799805,7086.339569,,0.446348,,14172.678711,
Sample,07/04/2023 17:08:48,0,,,12514834,14.685999,3180000,1.037530,9.870600,8199.700195,7017.789321,,0.445656,,14035.579102,
Sample,07/04/2023 17:08:53,0,,,12521312,14.613411,3180075,1.037555,15.175000,8173.500000,6995.643347,,0.446074,,13991.287109,
Sample,07/04/2023 17:08:58,0,,,12527653,14.542369,3179923,1.037505,19.715000,8176.000000,6997.756496,,0.445226,,13995.512695,
Sample,07/04/2023 17:09:03,0,,,12531977,14.493931,3179940,1.037511,23.753000,8180.700195,7001.729383,,0.445321,,14003.458984,
Sample,07/04/2023 17:09:08,0,,,12535662,14.452654,3179877,1.037490,27.653997,8190.600098,7010.097374,,0.444969,,14020.194336,
Sample,07/04/2023 17:09:13,0,9437333,5.795317,12540330,14.400372,3179928,1.037507,29.019001,8197.799805,7016.182997,,0.445254,,14032.366211,
Sample,07/04/2023 17:09:28,0,,,12538253,14.423634,3180079,1.037556,37.362999,8125.600098,6955.155480,,0.446097,,13910.310547,
Sample,07/04/2023 17:09:33,0,,,12534849,14.461761,3180142,1.037577,37.448997,8125.799805,6955.324284,,0.446448,,13910.648438,
Sample,07/04/2023 17:09:38,0,,,12532603,14.486918,3180098,1.037563,37.377998,8125.899902,6955.408893,,0.446203,,13910.817383,
Sample,07/04/2023 17:09:43,0,,,12537192,14.435518,3180104,1.037565,37.426998,8128.700195,6957.775868,,0.446236,,13915.551758,
Sample,07/04/2023 17:09:48,0,,,12539576,14.408817,3180049,1.037547,37.566998,8124.700195,6954.394828,,0.445929,,13908.790039,
Sample,07/04/2023 17:09:53,0,,,12541389,14.388512,3180138,1.037576,37.688000,8125.899902,6955.408893,,0.446426,,13910.817383,
Sample,07/04/2023 17:09:58,0,,,12542886,14.371747,3180134,1.037574,37.792999,8126.000000,6955.493501,,0.446404,,13910.987305,
Sample,07/04/2023 17:10:03,0,,,12545052,14.347490,3180059,1.037550,37.866001,8127.100098,6956.423370,,0.445985,,13912.846680,
Sample,07/04/2023 17:10:08,0,,,12547819,14.316505,3180233,1.037607,37.957001,8128.399902,6957.522042,,0.446956,,13915.043945,
Sample,07/04/2023 17:10:13,0,9437319,5.795240,12548311,14.310996,3180157,1.037582,38.033001,8128.500000,6957.606651,,0.446532,,13915.212891,
Sample,07/04/2023 17:10:28,0,,,12541932,14.382431,3180244,1.037611,359.679993,8685.700195,7428.585635,,0.447017,,14857.170898,
Sample,07/04/2023 17:10:33,0,,,12541946,14.382274,3180200,1.037596,358.919983,8709.099609,7448.364222,,0.446772,,14896.728516,
Sample,07/04/2023 17:10:38,0,,,12541906,14.382722,3179953,1.037515,270.380005,7936.799805,6795.570162,,0.445393,,13591.140625,
Sample,07/04/2023 17:10:43,0,,,12542009,14.381568,3180383,1.037656,453.750000,7777.799805,6661.173837,,0.447793,,13322.347656,
Sample,07/04/2023 17:10:48,0,,,12539609,14.408447,3180154,1.037581,379.639984,7897.100098,6762.013592,,0.446515,,13524.027344,
Sample,07/04/2023 17:10:53,0,,,12536779,14.440143,3180156,1.037582,516.059998,8512.799805,7282.439867,,0.446526,,14564.879883,
Sample,07/04/2023 17:10:58,0,,,12531867,14.495163,3180152,1.037580,458.139984,8515.599609,7284.806430,,0.446504,,14569.613281,
Sample,07/04/2023 17:11:03,0,,,12530504,14.510431,3180251,1.037613,416.529968,8538.599609,7304.247408,,0.447056,,14608.495117,
Sample,07/04/2023 17:11:08,0,,,12529906,14.517130,3180180,1.037590,360.330017,8596.000000,7352.765656,,0.446660,,14705.531250,
Sample,07/04/2023 17:11:13,0,9437308,5.795180,12528560,14.532208,3180196,1.037595,348.690002,8601.299805,7357.245369,,0.446750,,14714.491211,
Sample,07/04/2023 17:11:28,0,,,12526598,14.554188,3180235,1.037608,319.169983,8598.700195,7355.048023,,0.446967,,14710.095703,
Sample,07/04/2023 17:11:33,0,,,12526705,14.552989,3180347,1.037644,311.100006,8597.500000,7354.033546,,0.447592,,14708.067383,
Sample,07/04/2023 17:11:38,0,,,12525944,14.561515,3180415,1.037667,303.929993,8597.099609,7353.695112,,0.447971,,14707.390625,
Sample,07/04/2023 17:11:43,0,,,12525426,14.567318,3180322,1.037636,297.919983,8595.500000,7352.343027,,0.447452,,14704.686523,
Sample,07/04/2023 17:11:48,0,,,12525279,14.568965,3180293,1.037627,291.610016,8597.599609,7354.117742,,0.447291,,14708.235352,
Sample,07/04/2023 17:11:53,0,,,12524822,14.574085,3180324,1.037637,286.100006,8599.500000,7355.724066,,0.447464,,14711.448242,
Sample,07/04/2023 17:11:58,0,,,12524346,14.579418,3180335,1.037641,281.160004,8598.799805,7355.132219,,0.447525,,14710.264648,
Sample,07/04/2023 17:12:03,0,,,12523449,14.589468,3180316,1.037634,276.760010,8598.000000,7354.456176,,0.447419,,14708.912109,
Sample,07/04/2023 17:12:08,0,,,12523268,14.591495,3180384,1.037657,272.539978,8596.700195,7353.357503,,0.447798,,14706.714844,
Sample,07/04/2023 17:12:13,0,9437277,5.795009,12518863,14.640851,3180298,1.037628,452.899994,4569.000000,3948.904020,,0.447319,,7897.808105,
Sample,07/04/2023 17:12:28,0,,,12499266,14.860493,3178906,1.037171,49.527996,2941.600098,2573.328133,,0.439542,,5146.656250,
Sample,07/04/2023 17:12:33,0,,,12495285,14.905127,3179375,1.037325,4.160900,2806.300049,2458.964427,,0.442165,,4917.928711,
Sample,07/04/2023 17:12:38,0,,,12492254,14.939112,3179407,1.037336,5.731100,2807.199951,2459.725078,,0.442344,,4919.450195,
Sample,07/04/2023 17:12:43,0,,,12487201,14.995776,3180498,1.037694,0.118800,3553.699951,3090.711597,,0.448434,,6181.423340,
Sample,07/04/2023 17:12:48,0,,,12488103,14.985661,3180475,1.037687,0.220900,1341.300049,1220.658666,,0.448306,,2441.317383,
Sample,07/04/2023 17:12:53,0,,,12485669,15.012958,3180505,1.037696,0.159400,1478.500000,1336.628284,,0.448473,,2673.256592,
Sample,07/04/2023 17:12:58,0,,,12483364,15.038810,3180513,1.037699,0.012300,2792.500000,2447.299799,,0.448518,,4894.599609,
Sample,07/04/2023 17:13:03,0,,,12482919,15.043801,3180465,1.037683,0.000300,2820.399902,2470.882467,,0.448250,,4941.765137,
Sample,07/04/2023 17:13:08,0,,,12479195,15.085573,3180389,1.037658,0.003500,2795.000000,2449.412948,,0.447826,,4898.825684,
Sample,07/04/2023 17:13:13,0,9437309,5.795185,12478085,15.098025,3180363,1.037650,0.002700,2798.600098,2452.455967,,0.447681,,4904.912109,
Sample,07/04/2023 17:13:28,0,,,12470186,15.186646,3180364,1.037650,0.013400,2800.899902,2454.399899,,0.447687,,4908.799805,
Sample,07/04/2023 17:13:33,0,,,12471684,15.169838,3180398,1.037661,0.016500,2801.699951,2455.076148,,0.447876,,4910.152344,
Sample,07/04/2023 17:13:38,0,,,12472551,15.160110,3180404,1.037663,0.006000,2802.100098,2455.414376,,0.447910,,4910.828613,
Sample,07/04/2023 17:13:43,0,,,12471235,15.174876,3180440,1.037675,0.003100,2799.300049,2453.047607,,0.448111,,4906.095215,
Sample,07/04/2023 17:13:48,0,,,12467167,15.220523,3180390,1.037659,0.006900,2802.000000,2455.329768,,0.447832,,4910.659668,
Sample,07/04/2023 17:13:53,0,,,12463599,15.260565,3180377,1.037654,0.001400,2802.000000,2455.329768,,0.447759,,4910.659668,
Sample,07/04/2023 17:13:58,0,,,12461231,15.287143,3180413,1.037666,0.015300,2805.199951,2458.034558,,0.447960,,4916.069336,
Sample,07/04/2023 17:14:03,0,,,12460228,15.298401,3180412,1.037666,0.001500,2802.399902,2455.667789,,0.447954,,4911.335449,
Sample,07/04/2023 17:14:08,0,,,12460218,15.298513,3180265,1.037618,0.000700,2801.500000,2454.907138,,0.447135,,4909.814453,
Sample,07/04/2023 17:14:13,0,9437289,5.795075,12460361,15.296908,3180340,1.037642,0.001200,2802.699951,2455.921408,,0.447553,,4911.842773,
Sample,07/04/2023 17:14:28,0,,,12452019,15.390556,3180303,1.037630,0.110400,3465.199951,3015.906095,,0.447347,,6031.812012,
Sample,07/04/2023 17:14:33,0,,,12447123,15.445532,3180253,1.037614,0.001500,2802.600098,2455.837006,,0.447068,,4911.673828,
Sample,07/04/2023 17:14:38,0,,,12445880,15.459490,3180291,1.037626,0.009600,2807.000000,2459.556067,,0.447280,,4919.112305,
Sample,07/04/2023 17:14:43,0,,,12444827,15.471316,3180279,1.037622,0.012600,2803.600098,2456.682266,,0.447213,,4913.364746,
Sample,07/04/2023 17:14:48,0,,,12445316,15.465824,3180265,1.037618,0.012200,2805.100098,2457.950156,,0.447135,,4915.900391,
Sample,07/04/2023 17:14:53,0,,,12446905,15.447980,3180270,1.037619,0.006000,2808.300049,2460.654946,,0.447162,,4921.310059,
Sample,07/04/2023 17:14:58,0,,,12446017,15.457952,3180291,1.037626,0.010100,2809.500000,2461.669217,,0.447280,,4923.338379,
Sample,07/04/2023 17:15:03,0,,,12445095,15.468306,3180295,1.037627,0.002300,2808.800049,2461.077576,,0.447302,,4922.155273,
Sample,07/04/2023 17:15:08,0,,,12445600,15.462635,3180193,1.037594,0.002000,2810.000000,2462.091847,,0.446733,,4924.183594,
Sample,07/04/2023 17:15:13,0,9437280,5.795026,12446380,15.453875,3180050,1.037547,0.019000,2811.100098,2463.021715,,0.445935,,4926.043457,
Sample,07/04/2023 17:15:28,0,,,12444523,15.474730,3180024,1.037538,0.019100,2810.199951,2462.260858,,0.445790,,4924.521484,
Sample,07/04/2023 17:15:33,0,,,12444901,15.470485,3180006,1.037532,0.012000,2811.399902,2463.275128,,0.445689,,4926.550293,
Sample,07/04/2023 17:15:38,0,,,12445358,15.465353,3179963,1.037518,0.007000,2807.000000,2459.556067,,0.445449,,4919.112305,
Sample,07/04/2023 17:15:43,0,,,12445099,15.468261,3179908,1.037500,0.012200,2809.199951,2461.415598,,0.445142,,4922.831055,
Sample,07/04/2023 17:15:48,0,,,12443905,15.481671,3179862,1.037485,0.001900,2809.300049,2461.500206,,0.444885,,4923.000488,
Sample,07/04/2023 17:15:53,0,,,12440661,15.518107,3179865,1.037486,0.008200,2810.199951,2462.260858,,0.444902,,4924.521484,
Sample,07/04/2023 17:15:58,0,,,12438046,15.547481,3179834,1.037476,0.020600,2808.699951,2460.992968,,0.444729,,4921.985840,
Sample,07/04/2023 17:16:03,0,,,12436510,15.564736,3179814,1.037469,0.001700,2810.300049,2462.345466,,0.444617,,4924.690918,
Sample,07/04/2023 17:16:08,0,,,12434548,15.586778,3179827,1.037474,0.005800,2809.500000,2461.669217,,0.444690,,4923.338379,
Sample,07/04/2023 17:16:13,0,9437263,5.794932,12433741,15.595845,3179764,1.037453,0.010200,2810.000000,2462.091847,,0.444338,,4924.183594,
Sample,07/04/2023 17:16:28,0,,,12433586,15.597586,3179754,1.037450,0.005900,2809.399902,2461.584608,,0.444282,,4923.169434,
Sample,07/04/2023 17:16:33,0,,,12432033,15.615035,3179714,1.037436,0.006900,2809.100098,2461.331196,,0.444059,,4922.662598,
Sample,07/04/2023 17:16:38,0,,,12429828,15.639812,3179801,1.037465,0.001800,2803.699951,2456.766668,,0.444545,,4913.533203,
Sample,07/04/2023 17:16:43,0,,,12428295,15.657039,3179777,1.037457,0.000500,2803.500000,2456.597658,,0.444411,,4913.195312,
Sample,07/04/2023 17:16:48,0,,,12426274,15.679751,3179701,1.037432,0.013400,2806.800049,2459.387057,,0.443986,,4918.773926,
Sample,07/04/2023 17:16:53,0,,,12424626,15.698273,3179753,1.037449,0.026800,2803.899902,2456.935679,,0.444277,,4913.871582,
Sample,07/04/2023 17:16:58,0,,,12424469,15.700037,3179658,1.037418,0.002300,2802.199951,2455.498778,,0.443746,,4910.997559,
Sample,07/04/2023 17:17:03,0,,,12422585,15.721213,3179638,1.037411,0.031200,2801.100098,2454.569116,,0.443634,,4909.138184,
Sample,07/04/2023 17:17:08,0,,,12414631,15.810633,3177828,1.036817,0.204600,2363.399902,2084.598691,,0.433505,,4169.197266,
Sample,07/04/2023 17:17:13,0,9437231,5.794756,12403691,15.933669,3178359,1.036991,6.066200,2907.199951,2544.251068,,0.436480,,5088.501953,
Sample,07/04/2023 17:17:28,0,,,12393690,16.046197,3178230,1.036949,0.629500,2845.199951,2491.844954,,0.435758,,4983.689941,
Sample,07/04/2023 17:17:33,0,,,12395514,16.025670,3177955,1.036858,0.571600,2828.800049,2477.982774,,0.434217,,4955.965332,
Sample,07/04/2023 17:17:38,0,,,12395994,16.020269,3177964,1.036861,0.593500,2833.100098,2481.617433,,0.434267,,4963.234863,
Sample,07/04/2023 17:17:43,0,,,12397805,15.999890,3178034,1.036884,0.648600,2835.100098,2483.307953,,0.434660,,4966.615723,
Sample,07/04/2023 17:17:48,0,,,12396799,16.011210,3177927,1.036849,0.661600,2837.699951,2485.505505,,0.434060,,4971.011230,
Sample,07/04/2023 17:17:53,0,,,12396974,16.009241,3177879,1.036833,0.469800,2834.800049,2483.054334,,0.433791,,4966.108887,
Sample,07/04/2023 17:17:58,0,,,12397592,16.002287,3177910,1.036844,0.419700,2832.100098,2480.772173,,0.433965,,4961.544434,
Sample,07/04/2023 17:18:03,0,,,12398888,15.987705,3177915,1.036845,0.221500,2826.000000,2475.616005,,0.433993,,4951.231934,
Sample,07/04/2023 17:18:08,0,,,12399311,15.982945,3177804,1.036809,0.199500,2822.800049,2472.911215,,0.433370,,4945.822266,
Sample,07/04/2023 17:18:13,0,9437344,5.795378,12394983,16.031646,3178895,1.037167,0.017300,3367.699951,2933.493255,,0.439481,,5866.986328,
Sample,07/04/2023 17:18:28,0,,,12383202,16.164258,3179162,1.037255,0.009300,3340.600098,2910.586835,,0.440974,,5821.173828,
Sample,07/04/2023 17:18:33,0,,,12381606,16.182229,3179113,1.037239,0.029000,3369.899902,2935.352785,,0.440700,,5870.705566,
Sample,07/04/2023 17:18:38,0,,,12380745,16.191924,3179051,1.037219,0.016800,3382.100098,2945.665121,,0.440353,,5891.330078,
Sample,07/04/2023 17:18:43,0,,,12379817,16.202374,3179012,1.037206,0.018100,3346.199951,2915.320167,,0.440135,,5830.640137,
Sample,07/04/2023 17:18:48,0,,,12374898,16.257775,3177415,1.036681,0.058000,2840.600098,2487.956883,,0.431188,,4975.913574,
Sample,07/04/2023 17:18:53,0,,,12376131,16.243887,3177439,1.036689,0.019200,2861.100098,2505.284711,,0.431323,,5010.569336,
Sample,07/04/2023 17:18:58,0,,,12372360,16.286365,3178744,1.037118,0.097200,3509.899902,3053.689172,,0.438636,,6107.378418,
Sample,07/04/2023 17:19:03,0,,,12370251,16.310125,3178675,1.037095,0.106700,3512.500000,3055.886930,,0.438250,,6111.773926,
Sample,07/04/2023 17:19:08,0,,,12369965,16.313347,3178651,1.037087,0.112700,3499.899902,3045.236573,,0.438115,,6090.473145,
