VERSION,5.2,AQUAtalk:V4.42,OS:V6.2,,,,,,,,,,,,,
LOGGER TYPE,AQUAlogger 310TYPT5 max50m ,,,,,,,,,,,,,,,
LOGGER,2554-327,,,,,,,,,,,,,,,
REGIME,,,,,,,,,,,,,,,,
REGIME TITLE, Logging Mode, Start At, Burst Mode, Interval, Samples Per Burst, Within Burst Sample Rate, Samples Per Average, Intermittent Logging, Hours per Day, Days per Month, Months per Year,,,,,
Pilot 25 April 2023 site 4, Triggered Logging, NA, Disabled, 1.000000 Seconds,NA, NA,1, Disabled, NA, NA, NA, NA,,,,
[LOGGER CHANNEL 0],Disabled,,,,,,,,,,,,,,,
,,,,,,,,,,,,,,,,
,,,,,,,,,,,,,,,,
[LOGGER CHANNEL 1],Disabled,,,,,,,,,,,,,,,
,,,,,,,,,,,,,,,,
,,,,,,,,,,,,,,,,
[LOGGER CHANNEL 2],Battery        ,06/03/2023,,,,,,,,,,,,,,
COEFFS,-46.089977,5.50E-06,0,0,0,,,,,,,,,,,
Channel Setup, Not Averaged, Gain x1, Interval Multiplier x20,,,,,,,,,,,,,
[LOGGER CHANNEL 3],Disabled,,,,,,,,,,,,,,,
,,,,,,,,,,,,,,,,
,,,,,,,,,,,,,,,,
[LOGGER CHANNEL 4],Temperature    ,13/03/2023,,,,,,,,,,,,,,
COEFFS,967.58575,-0.000220028,1.91E-11,-7.06E-19,8.06E-27,,,,,,,,,,,
Channel Setup, Not Averaged, Gain x1, Interval Multiplier x1,,,,,,,,,,,,,
[LOGGER CHANNEL 5],Pressure       ,09/03/2023,,,,,,,,,,,,,,
COEFFS,-0.002612514,3.25E-07,5.64E-16,-1.06E-23,0,,,,,,,,,,,
Channel Setup, Not Averaged, Gain x1, Interval Multiplier x1,,,,,,,,,,,,,
[LOGGER CHANNEL 6],Turbidity,09/03/2023,,,,,,,,,,,,,,
COEFFS Raw1,-0.011529949,0.82234406,0,0,0,COEFFS Raw2,86.911514,0.8452599,0,0,0,Transition Raw2,1080.2458,,,
Channel Setup, Not Averaged, Gain x1, Keep Powered, Interval Multiplier x1,,,,,,,,,,,,
[LOGGER CHANNEL 7],Disabled,,,,,,,,,,,,,,,
,,,,,,,,,,,,,,,,
,,,,,,,,,,,,,,,,
[LOGGER CHANNEL 8],Depth       ,Not Calibrated,,,,,,,,,,,,,,
COEFFS,51.507366,1.0135,1,0,0,,,,,,,,,,,
Channel Setup, Not Averaged, Gain x5,,,,,,,,,,,,,,
[LOGGER CHANNEL 9],SSC         ,User Cal Req'd,,,,,,,,,,,,,,
COEFFS,0,2,0,0,0,,,,,,,,,,,
Channel Setup, Not Averaged, Gain x1,,,,,,,,,,,,,,
START TIME, 25/04/2023 13:00:18,,,,,,,,,,,,,,,
STOP TIME, 25/04/2023 13:24:47,,,,,,,,,,,,,,,
HEADING, Timecode,,Battery        , , Temperature    , , Pressure       , , Turbidity, , , Depth       , , SSC         , , 
UNITS, [dd/MM/yyyy HH:mm:ss],[ms], Raw, V      , Raw, °C     , Raw, bar    , Raw1,Raw2, FTU    , Raw, m      , Raw, mg/l   , 
Sample,25/04/2023 13:05,23,,,12535643,14.452867,3200125,1.044145,0.1038,3405.399902,2965.359512,,0.555818,,5930.719238,
Sample,25/04/2023 13:05,23,,,12535261,14.457146,3203109,1.045126,0.3427,3422.899902,2980.15156,,0.571803,,5960.303223,
Sample,25/04/2023 13:05,23,,,12535572,14.453662,3200187,1.044165,0.1436,3407.899902,2967.472662,,0.556151,,5934.945312,
Sample,25/04/2023 13:05,23,,,12536539,14.442831,3199698,1.044005,0.1229,3407,2966.71201,,0.553524,,5933.423828,
Sample,25/04/2023 13:05,23,,,12538242,14.423757,3199768,1.044028,0.0227,3434.5,2989.956658,,0.5539,,5979.913086,
Sample,25/04/2023 13:05,23,,,12540859,14.394448,3199459,1.043926,0.066,3300.399902,2876.607222,,0.552239,,5753.214355,
Sample,25/04/2023 13:05,23,,,12544191,14.357132,3199367,1.043896,0.0261,3434.699951,2990.125668,,0.551744,,5980.251465,
Sample,25/04/2023 13:05,23,,,12546509,14.331174,3199401,1.043907,0.0642,3422.100098,2979.475517,,0.551927,,5958.951172,
Sample,25/04/2023 13:05,23,,,12548326,14.310828,3199448,1.043923,0.0216,3416.399902,2974.657371,,0.552179,,5949.314941,
Sample,25/04/2023 13:05,23,,,12551537,14.274873,3199513,1.043944,0.0311,3409.899902,2969.163181,,0.552529,,5938.326172,
Sample,25/04/2023 13:05,23,,,12554883,14.237409,3199549,1.043956,0.0409,3970.100098,3442.677945,,0.552723,,6885.355957,
Sample,25/04/2023 13:05,23,,,12559319,14.187744,3199781,1.044032,0.1625,3941.399902,3418.418821,,0.55397,,6836.837402,
Sample,25/04/2023 13:05,23,,,12563873,14.136763,3199371,1.043897,0.2576,4009.300049,3475.812092,,0.551765,,6951.624023,
Sample,25/04/2023 13:05,23,,,12568872,14.080804,3199691,1.044002,1.0038,-478.600006,0.813939,,0.553486,,1.627878,
Sample,25/04/2023 13:05,23,,,12573490,14.029114,3199742,1.044019,0.1105,-536.700012,0.079339,,0.55376,,0.158678,
Sample,25/04/2023 13:05,23,,,12576428,13.996231,3199023,1.043783,0.6038,-536.700012,0.485001,,0.549893,,0.970003,
Sample,25/04/2023 13:05,23,,,12580198,13.954038,3198624,1.043652,0.1392,3049.699951,2664.700605,,0.547745,,5329.401367,
Sample,25/04/2023 13:05,23,,,12586672,13.881588,3197946,1.043429,0.0544,3481.5,3029.683873,,0.544091,,6059.367676,
Sample,25/04/2023 13:05,23,9426741,5.737084,12592851,13.812445,3198415,1.043583,0.108,3460.600098,3012.018024,,0.546619,,6024.036133,
Sample,25/04/2023 13:05,23,,,12600525,13.72658,3235799,1.055871,131.160004,3407.600098,2967.219249,,0.741787,,5934.438477,
Sample,25/04/2023 13:05,23,,,12662686,13.031272,3316579,1.082429,3.0285,-48.23,2.478939,,1.130605,,4.957878,
Sample,25/04/2023 13:05,23,,,12712375,12.475543,3325610,1.085398,3.8926,-47.41,3.189527,,1.171959,,6.379054,
Sample,25/04/2023 13:05,23,,,12734488,12.228185,3339648,1.090014,3.8059,-48.59,3.118229,,1.235559,,6.236458,
Sample,25/04/2023 13:05,23,,,12746325,12.095755,3338518,1.089642,3.4814,-50.529999,2.851379,,1.230469,,5.702757,
Sample,25/04/2023 13:05,23,,,12752153,12.030546,3370955,1.100309,3.113,-50.049999,2.548427,,1.374698,,5.096854,
Sample,25/04/2023 13:05,23,,,12756882,11.97763,3363194,1.097756,3.6939,-48.07,3.026127,,1.340529,,6.052253,
Sample,25/04/2023 13:05,23,,,12759701,11.946084,3402601,1.110716,3.0335,-51.049999,2.483051,,1.512043,,4.966102,
Sample,25/04/2023 13:05,23,,,12763372,11.905003,3472908,1.13384,4.1272,-50.739998,3.382449,,1.807669,,6.764897,
Sample,25/04/2023 13:05,23,,,12766117,11.874283,3457541,1.128785,3.3833,-51.890003,2.770707,,1.744026,,5.541414,
Sample,25/04/2023 13:05,23,,,12767279,11.861279,3515978,1.148008,3.5369,-52.799999,2.897019,,1.983613,,5.794038,
Sample,25/04/2023 13:05,23,,,12768879,11.843372,3470425,1.133023,3.7771,-52.920002,3.094546,,1.797419,,6.189092,
Sample,25/04/2023 13:05,23,,,12769600,11.835302,3522699,1.150219,3.1314,-52.709999,2.563558,,2.010774,,5.127116,
Sample,25/04/2023 13:05,23,,,12771551,11.813466,3495470,1.141262,3.8139,-53.23,3.124808,,1.900259,,6.249616,
Sample,25/04/2023 13:05,23,,,12773632,11.790175,3659378,1.195193,3.6841,-53.579998,3.018068,,2.549671,,6.036136,
Sample,25/04/2023 13:05,23,,,12778431,11.736458,3630753,1.185773,3.5049,-55.170002,2.870704,,2.438637,,5.741407,
Sample,25/04/2023 13:05,23,,,12779913,11.719869,3648132,1.191492,3.0198,-55.07,2.471785,,2.506147,,4.94357,
Sample,25/04/2023 13:05,23,,,12780479,11.713533,3739285,1.221494,3.511,-53.109997,2.87572,,2.855693,,5.751441,
Sample,25/04/2023 13:05,23,,,12781531,11.701757,3773267,1.232681,3.8997,-53.379997,3.195365,,2.984341,,6.390731,
Sample,25/04/2023 13:05,23,9426486,5.735682,12782281,11.693361,3789456,1.23801,4.0862,-54.599998,3.348732,,3.045357,,6.697464,
Sample,25/04/2023 13:05,23,,,12782386,11.692186,3777096,1.233941,3.2831,-55.209999,2.688308,,2.998787,,5.376616,
Sample,25/04/2023 13:05,23,,,12782456,11.691402,3810867,1.24506,3.3169,-56.279999,2.716103,,3.125804,,5.432206,
Sample,25/04/2023 13:05,23,,,12782520,11.690686,3860469,1.261392,4.292201,-55.440002,3.518136,,3.31117,,7.036272,
Sample,25/04/2023 13:06,23,,,12783066,11.684574,3906473,1.276541,4.0877,-55.579998,3.349966,,3.481974,,6.699932,
Sample,25/04/2023 13:06,23,,,12783766,11.676738,3925042,1.282657,4.0487,-54.400002,3.317894,,3.550644,,6.635789,
Sample,25/04/2023 13:06,23,,,12784050,11.673558,3901900,1.275035,3.4189,-55.68,2.799982,,3.465039,,5.599964,
Sample,25/04/2023 13:06,23,,,12783352,11.681372,3904371,1.275849,3.5397,-55.009998,2.899321,,3.474191,,5.798643,
Sample,25/04/2023 13:06,23,,,12783128,11.68388,3961621,1.294704,3.8456,-55.859997,3.150876,,3.685498,,6.301753,
Sample,25/04/2023 13:06,23,,,12784370,11.669976,4050264,1.323905,4.3483,-53.690002,3.564269,,4.010263,,7.128538,
Sample,25/04/2023 13:06,23,,,12785207,11.660606,3992690,1.304938,3.5993,-56.459999,2.948333,,3.799635,,5.896666,
Sample,25/04/2023 13:06,23,,,12784891,11.664144,4015709,1.312521,3.765,-57.27,3.084596,,3.883978,,6.169191,
Sample,25/04/2023 13:06,23,,,12785487,11.657471,4106322,1.342375,3.3051,-54.809998,2.7064,,4.214372,,5.412799,
Sample,25/04/2023 13:06,23,,,12786730,11.643556,4150213,1.356838,3.2676,-56.470001,2.675562,,4.373591,,5.351123,
Sample,25/04/2023 13:06,23,,,12787664,11.633099,4172749,1.364264,3.9331,-55.609997,3.222832,,4.45516,,6.445663,
Sample,25/04/2023 13:06,23,,,12788066,11.628599,4162670,1.360943,3.9788,-55.579998,3.260413,,4.418693,,6.520826,
Sample,25/04/2023 13:06,23,,,12787911,11.630334,4263946,1.394323,3.5068,-55.349998,2.872266,,4.784123,,5.744533,
Sample,25/04/2023 13:06,23,,,12788971,11.618467,4276276,1.398387,3.7521,-57.309998,3.073988,,4.828474,,6.147975,
Sample,25/04/2023 13:06,23,,,12789231,11.615556,4315906,1.411452,3.3064,-57.909996,2.707468,,4.970838,,5.414937,
Sample,25/04/2023 13:06,23,,,12789443,11.613182,4296498,1.405054,4.5236,-56.599998,3.708426,,4.901152,,7.416852,
Sample,25/04/2023 13:06,23,9426275,5.734522,12789032,11.617784,4288590,1.402447,3.7312,-58.890003,3.0568,,4.872739,,6.1136,
Sample,25/04/2023 13:06,23,,,12789138,11.616597,4407267,1.441576,3.6515,-56.140003,2.991259,,5.298073,,5.982519,
Sample,25/04/2023 13:06,23,,,12790151,11.605256,4458816,1.458576,4.5965,-57.32,3.768374,,5.482185,,7.536749,
Sample,25/04/2023 13:06,23,,,12790641,11.59977,4432472,1.449888,3.5509,-57.090004,2.908532,,5.388138,,5.817063,
Sample,25/04/2023 13:06,23,,,12790286,11.603744,4437803,1.451646,3.1627,-55.840004,2.589298,,5.407177,,5.178595,
Sample,25/04/2023 13:06,23,,,12790350,11.603028,4467215,1.461346,4.1735,-56.400002,3.420523,,5.51215,,6.841046,
Sample,25/04/2023 13:06,23,,,12790789,11.598113,4452195,1.456392,3.5004,-57.290001,2.867003,,5.458556,,5.734006,
Sample,25/04/2023 13:06,23,,,12791084,11.59481,4598095,1.504519,5.3171,-57.790001,4.360956,,5.978053,,8.721911,
Sample,25/04/2023 13:06,23,,,12791886,11.58583,4681277,1.531965,4.2341,-58.650002,3.470357,,6.273274,,6.940714,
Sample,25/04/2023 13:06,23,,,12792391,11.580176,4656305,1.523725,3.2197,-57.73,2.636171,,6.18471,,5.272342,
Sample,25/04/2023 13:06,23,,,12792341,11.580736,4678932,1.531191,4.8327,-57.159996,3.962612,,6.26496,,7.925225,
Sample,25/04/2023 13:06,23,,,12792051,11.583983,4690038,1.534856,4.7887,-58.370003,3.926429,,6.304333,,7.852859,
Sample,25/04/2023 13:06,23,,,12791922,11.585427,4764798,1.559529,5.1222,-59.370003,4.200681,,6.569118,,8.401362,
Sample,25/04/2023 13:06,23,,,12792454,11.579471,4885552,1.599391,3.5704,-60.279999,2.924567,,6.995975,,5.849134,
Sample,25/04/2023 13:06,23,,,12793337,11.569584,4802332,1.571918,3.6873,-57.849998,3.020699,,6.701901,,6.041399,
Sample,25/04/2023 13:06,23,,,12793390,11.568991,4865552,1.592788,3.4472,-61.52,2.823255,,6.925341,,5.646509,
Sample,25/04/2023 13:06,23,,,12793685,11.565688,4935905,1.616017,3.4069,-59.870003,2.790114,,7.173705,,5.580228,
Sample,25/04/2023 13:06,23,,,12793748,11.564982,4983192,1.631632,2.991,-59.720001,2.448101,,7.340488,,4.896202,
Sample,25/04/2023 13:06,23,,,12794185,11.56009,4989412,1.633686,3.2107,-60.25,2.62877,,7.362418,,5.257541,
Sample,25/04/2023 13:06,23,,,12794218,11.55972,5020594,1.643984,3.2088,-61.200001,2.627208,,7.472326,,5.254416,
Sample,25/04/2023 13:06,23,9426103,5.733576,12794447,11.557156,5076061,1.662305,5.5563,-61.099998,4.557661,,7.667721,,9.115321,
Sample,25/04/2023 13:06,23,,,12794683,11.554513,5101338,1.670654,3.2253,-60.890003,2.640776,,7.756719,,5.281552,
Sample,25/04/2023 13:06,23,,,12794938,11.551658,5171110,1.693704,3.4806,-64.159996,2.850721,,8.002246,,5.701441,
Sample,25/04/2023 13:06,23,,,12795308,11.547515,5130592,1.680318,3.4652,-62.73,2.838057,,7.859687,,5.676113,
Sample,25/04/2023 13:06,23,,,12795151,11.549273,5199473,1.703076,3.2467,-62.459999,2.658374,,8.102002,,5.316749,
Sample,25/04/2023 13:06,23,,,12795403,11.546452,5283048,1.730693,3.3095,-59.709999,2.710018,,8.395781,,5.420036,
Sample,25/04/2023 13:06,23,,,12795538,11.54494,5291824,1.733593,3.5767,-60.540001,2.929748,,8.426617,,5.859496,
Sample,25/04/2023 13:06,23,,,12795091,11.549945,5280815,1.729955,5.0696,-63.049999,4.157426,,8.387935,,8.314851,
Sample,25/04/2023 13:06,23,,,12794232,11.559563,5310907,1.7399,3.6523,-61.509998,2.991918,,8.49366,,5.983835,
Sample,25/04/2023 13:06,23,,,12793798,11.564423,5365899,1.758076,3.9891,-62.220001,3.268883,,8.686797,,6.537766,
Sample,25/04/2023 13:06,23,,,12794065,11.561433,5397295,1.768454,4.347899,-58.98,3.563939,,8.797025,,7.127879,
Sample,25/04/2023 13:06,23,,,12794161,11.560358,5434693,1.780818,3.5807,-61.840004,2.933037,,8.928291,,5.866075,
Sample,25/04/2023 13:06,23,,,12794311,11.558679,5431448,1.779745,4.0525,-62.43,3.32102,,8.916902,,6.642039,
Sample,25/04/2023 13:06,23,,,12794447,11.557156,5530374,1.812453,3.5086,-60.240002,2.873747,,9.263971,,5.747493,
Sample,25/04/2023 13:06,23,,,12795143,11.549363,5531595,1.812857,4.1366,-61.890003,3.390179,,9.268254,,6.780357,
Sample,25/04/2023 13:06,23,,,12795489,11.545489,5509284,1.80548,3.4454,-61.170002,2.821774,,9.189999,,5.643548,
Sample,25/04/2023 13:06,23,,,12795934,11.540506,5644929,1.850339,4.3786,-60.640003,3.589186,,9.665607,,7.178372,
Sample,25/04/2023 13:06,23,,,12796794,11.530876,5609748,1.838703,4.838,-59.170002,3.96697,,9.542288,,7.933941,
Sample,25/04/2023 13:06,23,,,12796731,11.531582,5579064,1.828555,5.6569,-61.5,4.640388,,9.434713,,9.280776,
Sample,25/04/2023 13:06,23,,,12796425,11.535008,5628823,1.845012,3.8972,-63.009998,3.193309,,9.609154,,6.386619,
Sample,25/04/2023 13:06,23,9425967,5.732828,12796539,11.533732,5704198,1.869944,3.0577,-61.170002,2.502951,,9.873309,,5.005903,
Sample,25/04/2023 13:06,23,,,12796821,11.530574,5715476,1.873675,3.2652,-61.43,2.673588,,9.912824,,5.347176,
Sample,25/04/2023 13:06,23,,,12796847,11.530283,5668525,1.858144,3.3967,-60.190002,2.781726,,9.748304,,5.563452,
Sample,25/04/2023 13:06,23,,,12796504,11.534124,5692341,1.866022,3.3121,-61.829998,2.712156,,9.831762,,5.424312,
Sample,25/04/2023 13:07,23,,,12796455,11.534672,5782254,1.895768,4.6856,-61.23,3.841645,,10.146758,,7.68329,
Sample,25/04/2023 13:07,23,,,12797038,11.528144,5813495,1.906105,3.4569,-61.98,2.831231,,10.256176,,5.662463,
Sample,25/04/2023 13:07,23,,,12797275,11.52549,5805154,1.903346,4.3665,-62.25,3.579235,,10.226964,,7.158471,
Sample,25/04/2023 13:07,23,,,12797177,11.526588,5803978,1.902956,3.5277,-61.590004,2.889453,,10.222845,,5.778906,
Sample,25/04/2023 13:07,23,,,12797107,11.527372,5867829,1.924085,5.3572,-63.890003,4.393932,,10.446442,,8.787864,
Sample,25/04/2023 13:07,23,,,12797115,11.527282,5859670,1.921385,4.6791,-64.470001,3.8363,,10.417874,,7.6726,
Sample,25/04/2023 13:07,23,,,12797123,11.527192,5824904,1.909881,4.2686,-63.720001,3.498728,,10.296132,,6.997456,
Sample,25/04/2023 13:07,23,,,12797142,11.52698,5866544,1.92366,3.5681,-66.199997,2.922676,,10.441943,,5.845352,
Sample,25/04/2023 13:07,23,,,12797207,11.526252,5872189,1.925528,6.7445,-62.82,5.53477,,10.461708,,11.069539,
Sample,25/04/2023 13:07,23,,,12797035,11.528178,5879206,1.92785,4.2642,-65.629997,3.49511,,10.486277,,6.99022,
Sample,25/04/2023 13:07,23,,,12796737,11.531515,5828812,1.911174,3.7198,-65.400002,3.047426,,10.309817,,6.094851,
Sample,25/04/2023 13:07,23,,,12796901,11.529678,5829509,1.911404,4.1855,-65.150002,3.430391,,10.312258,,6.860783,
Sample,25/04/2023 13:07,23,,,12797530,11.522635,5766652,1.890606,3.8373,-66.659996,3.144051,,10.092108,,6.288102,
Sample,25/04/2023 13:07,23,,,12797901,11.518481,5709208,1.871602,3.3854,-63.82,2.772433,,9.890863,,5.544867,
Sample,25/04/2023 13:07,23,,,12797915,11.518324,5689585,1.86511,3.6891,-66.610001,3.022179,,9.822105,,6.044359,
Sample,25/04/2023 13:07,23,,,12797669,11.521079,5651737,1.852591,4.1825,-64.979996,3.427924,,9.689468,,6.855848,
Sample,25/04/2023 13:07,23,9425842,5.732141,12797924,11.518223,5553013,1.81994,3.5197,-63.68,2.882874,,9.343366,,5.765749,
Sample,25/04/2023 13:07,23,,,12798530,11.511437,5585486,1.830679,3.3789,-64.809998,2.767088,,9.45723,,5.534176,
Sample,25/04/2023 13:07,23,,,12798635,11.510262,5539426,1.815447,5.2902,-66,4.338835,,9.295718,,8.67767,
Sample,25/04/2023 13:07,23,,,12798692,11.509623,5421523,1.776464,4.2656,-66.57,3.496261,,8.882068,,6.992521,
Sample,25/04/2023 13:07,23,,,12799163,11.504349,5397930,1.768664,3.6348,-64.870003,2.977526,,8.799254,,5.955052,
Sample,25/04/2023 13:07,23,,,12799150,11.504495,5435694,1.781149,3.0056,-64.990005,2.460107,,8.931804,,4.920215,
Sample,25/04/2023 13:07,23,,,12799099,11.505066,5455310,1.787634,5.1574,-64.409996,4.229627,,9.00064,,8.459254,
Sample,25/04/2023 13:07,23,,,12799350,11.502255,5269304,1.726151,3.6793,-64.650002,3.01412,,8.347485,,6.028241,
Sample,25/04/2023 13:07,23,,,12799642,11.498985,5306332,1.738388,4.1958,-65.409996,3.438861,,8.477588,,6.877722,
Sample,25/04/2023 13:07,23,,,12800129,11.493532,5267247,1.725471,5.226701,-64.190002,4.286616,,8.340256,,8.573233,
Sample,25/04/2023 13:07,23,,,12799816,11.497037,5319135,1.742619,3.8865,-65.009995,3.18451,,8.522563,,6.36902,
Sample,25/04/2023 13:07,23,,,12799951,11.495525,5301740,1.73687,4.0407,-66.009995,3.311316,,8.461455,,6.622632,
Sample,25/04/2023 13:07,23,,,12799774,11.497507,5187437,1.699099,3.2546,-65.650002,2.664871,,8.059674,,5.329742,
Sample,25/04/2023 13:07,23,,,12799994,11.495044,5141462,1.683909,3.5498,-63.849998,2.907627,,7.897939,,5.815254,
Sample,25/04/2023 13:07,23,,,12800034,11.494596,5182572,1.697491,6.187,-65.199997,5.076313,,8.042563,,10.152626,
Sample,25/04/2023 13:07,23,,,12800180,11.492961,5209986,1.706549,4.2116,-64.150002,3.451855,,8.13897,,6.903709,
Sample,25/04/2023 13:07,23,,,12800290,11.491729,5054865,1.655303,3.0641,-66.059998,2.508215,,7.59307,,5.016429,
Sample,25/04/2023 13:07,23,,,12799971,11.495301,5069333,1.660082,3.7347,-66.139999,3.059678,,7.644027,,6.119357,
Sample,25/04/2023 13:07,23,,,12799842,11.496746,5074921,1.661928,2.9105,-66.800003,2.381902,,7.663706,,4.763805,
Sample,25/04/2023 13:07,23,,,12799499,11.500587,5070755,1.660552,3.0563,-67.279999,2.5018,,7.649035,,5.0036,
Sample,25/04/2023 13:07,23,9425714,5.731437,12799335,11.502423,5024428,1.645251,3.7902,-66.580002,3.105319,,7.485837,,6.210637,
Sample,25/04/2023 13:07,23,,,12798903,11.507261,4989347,1.633665,3.7172,-66.5,3.045287,,7.362189,,6.090575,
Sample,25/04/2023 13:07,23,,,12798926,11.507003,4987166,1.632944,3.288,-66.050003,2.692337,,7.354499,,5.384674,
Sample,25/04/2023 13:07,23,,,12798987,11.50632,4990393,1.63401,3.617,-65.440002,2.962889,,7.365876,,5.925777,
Sample,25/04/2023 13:07,23,,,12799355,11.502199,4960581,1.624165,4.1027,-66.129997,3.362301,,7.260753,,6.724603,
Sample,25/04/2023 13:07,23,,,12799687,11.498481,4895650,1.602725,4.5023,-64.080002,3.69091,,7.031629,,7.381819,
Sample,25/04/2023 13:07,23,,,12800000,11.494976,4869562,1.594112,3.7965,-65.940002,3.110499,,6.939505,,6.220999,
Sample,25/04/2023 13:07,23,,,12799914,11.495939,4875068,1.59593,6.6723,-62.220001,5.475396,,6.958951,,10.950792,
Sample,25/04/2023 13:07,23,,,12799855,11.4966,4853230,1.58872,4.3122,-63.490002,3.534582,,6.881811,,7.069164,
Sample,25/04/2023 13:07,23,,,12799640,11.499008,4809568,1.574307,3.2005,-65.18,2.620382,,6.727489,,5.240764,
Sample,25/04/2023 13:07,23,,,12799279,11.50305,4755407,1.55643,7.141,-64.849998,5.860829,,6.53588,,11.721658,
Sample,25/04/2023 13:07,23,,,12799616,11.499276,4686057,1.533542,3.4669,-63.52,2.839455,,6.29022,,5.678909,
Sample,25/04/2023 13:07,23,,,12799951,11.495525,4747513,1.553824,3.2968,-66.459999,2.699574,,6.507936,,5.399148,
Sample,25/04/2023 13:07,23,,,12800406,11.49043,4587201,1.500925,3.0425,-65.409996,2.490452,,5.939342,,4.980904,
Sample,25/04/2023 13:07,23,,,12800338,11.491191,4558753,1.49154,4.1126,-65.309998,3.370442,,5.838197,,6.740884,
Sample,25/04/2023 13:07,23,,,12800171,11.493062,4545471,1.487158,4.5033,-65.740005,3.691732,,5.790946,,7.383464,
Sample,25/04/2023 13:07,23,,,12799878,11.496343,4509315,1.475232,2.9973,-65.459999,2.453282,,5.662223,,4.906564,
Sample,25/04/2023 13:07,23,,,12799813,11.49707,4402672,1.44006,4.4189,-64.770004,3.622326,,5.281644,,7.244652,
Sample,25/04/2023 13:07,23,,,12800073,11.494159,4372796,1.430209,3.302,-65.199997,2.70385,,5.174753,,5.407701,
Sample,25/04/2023 13:07,23,,,12800032,11.494618,4388725,1.435461,4.0119,-64.279999,3.287632,,5.23176,,6.575264,
Sample,25/04/2023 13:07,23,9425619,5.730915,12800315,11.491449,4213341,1.377643,3.6815,-65.790001,3.01593,,4.601794,,6.031859,
Sample,25/04/2023 13:07,23,,,12800393,11.490576,4221004,1.380168,3.3722,-65.139999,2.761579,,4.629437,,5.523158,
Sample,25/04/2023 13:07,23,,,12800290,11.491729,4042676,1.321405,3.2503,-66.389999,2.661335,,3.982564,,5.32267,
Sample,25/04/2023 13:07,23,,,12800177,11.492994,3994087,1.305398,4.1167,-66.690002,3.373814,,3.804759,,6.747628,
Sample,25/04/2023 13:08,23,,,12799626,11.499164,4010473,1.310796,3.1598,-66.979996,2.586913,,3.864809,,5.173826,
Sample,25/04/2023 13:08,23,,,12798752,11.508951,3793248,1.239259,3.4896,-66.419998,2.858122,,3.059624,,5.716245,
Sample,25/04/2023 13:08,23,,,12797370,11.524427,3825619,1.249917,3.6593,-66.729996,2.997674,,3.181074,,5.995347,
Sample,25/04/2023 13:08,23,,,12796015,11.539599,3785428,1.236684,4.2984,-64.370003,3.523234,,3.030191,,7.046467,
Sample,25/04/2023 13:08,23,,,12794768,11.553562,3801115,1.241849,3.3888,-65.590004,2.77523,,3.089197,,5.550459,
Sample,25/04/2023 13:08,23,,,12793835,11.564008,3679985,1.201975,3.3539,-65.909996,2.74653,,2.629113,,5.493059,
Sample,25/04/2023 13:08,23,,,12792671,11.577041,3629738,1.185439,3.5762,-66.509995,2.929337,,2.434684,,5.858674,
Sample,25/04/2023 13:08,23,,,12791410,11.59116,3589714,1.172268,3.2638,-64.870003,2.672437,,2.277905,,5.344873,
Sample,25/04/2023 13:08,23,,,12790447,11.601942,3621396,1.182694,3.8363,-65.229996,3.143229,,2.402157,,6.286457,
Sample,25/04/2023 13:08,23,,,12789819,11.608973,3599015,1.175329,4.7898,-65.120003,3.927333,,2.314505,,7.854667,
Sample,25/04/2023 13:08,23,,,12789187,11.616048,3619547,1.182085,3.1296,-65.75,2.562078,,2.394937,,5.124156,
Sample,25/04/2023 13:08,23,,,12788725,11.621221,3431353,1.120172,3.3438,-65.659996,2.738224,,1.634371,,5.476449,
Sample,25/04/2023 13:08,23,,,12787943,11.629976,3378412,1.102761,3.6759,-66.199997,3.011325,,1.40734,,6.022649,
Sample,25/04/2023 13:08,23,,,12786952,11.64107,3401979,1.110511,3.0957,-66.220001,2.534201,,1.509372,,5.068401,
Sample,25/04/2023 13:08,23,,,12786045,11.651224,3368478,1.099494,3.3115,-66.129997,2.711662,,1.363815,,5.423325,
Sample,25/04/2023 13:08,23,,,12785320,11.659341,3378315,1.102729,1.6177,-67.190002,1.318776,,1.406917,,2.637552,
Sample,25/04/2023 13:08,23,9425523,5.730387,12785075,11.662084,3401499,1.110353,3.3501,-64.770004,2.743405,,1.50731,,5.48681,
Sample,25/04/2023 13:08,23,,,12785013,11.662778,3202966,1.045079,0.979,1299,1184.904131,,0.571039,,2369.80835,
Sample,25/04/2023 13:08,23,,,12785131,11.661457,3227527,1.053152,3.303,-65.720001,2.704672,,0.699606,,5.409345,
Sample,25/04/2023 13:08,23,,,12785271,11.659889,3200182,1.044164,404.169983,420.100006,332.355257,,0.556124,,664.71051,
Sample,25/04/2023 13:08,23,,,12788198,11.627121,3198934,1.043754,40.558002,3076.100098,2687.01559,,0.549414,,5374.03125,
Sample,25/04/2023 13:08,23,,,12792615,11.577668,3199481,1.043933,99.702995,3109.300049,2715.078178,,0.552357,,5430.15625,
Sample,25/04/2023 13:08,23,,,12795292,11.547695,3198544,1.043625,0.0468,3138.699951,2739.928736,,0.547314,,5479.857422,
Sample,25/04/2023 13:08,23,,,12798014,11.517215,3198996,1.043774,0.0372,3657.300049,3178.280606,,0.549748,,6356.561035,
Sample,25/04/2023 13:08,23,,,12801305,11.480363,3198748,1.043693,0.1072,3165.699951,2762.750754,,0.548413,,5525.501465,
Sample,25/04/2023 13:08,23,,,12803119,11.460049,3198665,1.043665,0.1198,3624.100098,3150.218018,,0.547966,,6300.436035,
Sample,25/04/2023 13:08,23,,,12804249,11.447394,3199063,1.043796,0.0689,3575.800049,3109.391923,,0.550108,,6218.783691,
Sample,25/04/2023 13:08,23,,,12805030,11.438647,3197657,1.043334,0.4236,3083,2692.847801,,0.542532,,5385.695801,
Sample,25/04/2023 13:08,23,,,12806132,11.426306,3201194,1.044496,0.7266,3079.399902,2689.804783,,0.561555,,5379.609375,
Sample,25/04/2023 13:08,23,,,12807503,11.410951,3196663,1.043007,0.009,2912.199951,2548.477368,,0.537164,,5096.95459,
Sample,25/04/2023 13:08,23,,,12808687,11.39769,3199044,1.04379,0.8265,2853.5,2498.860653,,0.550006,,4997.721191,
Sample,25/04/2023 13:08,23,,,12808734,11.397164,3198605,1.043646,1.7721,2808,2460.401327,,0.547642,,4920.802734,
Sample,25/04/2023 13:08,23,,,12807629,11.40954,3198062,1.043467,6.3512,2806.399902,2459.048829,,0.544716,,4918.097656,
Sample,25/04/2023 13:08,23,,,12806265,11.424816,3197719,1.043354,0.125,2810.600098,2462.599085,,0.542866,,4925.198242,
Sample,25/04/2023 13:08,23,,,12804176,11.448211,3197759,1.043367,0.1399,2858.100098,2502.748931,,0.543082,,5005.498047,
Sample,25/04/2023 13:08,23,,,12801855,11.474204,3198902,1.043743,0.1179,3469.100098,3019.202733,,0.549242,,6038.405273,
Sample,25/04/2023 13:08,23,9425488,5.730195,12799429,11.50137,3198503,1.043612,0.0245,2902.800049,2540.532007,,0.547093,,5081.063965,
Sample,25/04/2023 13:08,23,,,12797032,11.528211,3198586,1.043639,12.311,3885,3370.746245,,0.54754,,6741.492676,
Sample,25/04/2023 13:08,23,,,12794698,11.554346,3198818,1.043716,595.450012,7876.399902,6744.516546,,0.548789,,13489.0332,
Sample,25/04/2023 13:08,23,,,12792322,11.580949,3199389,1.043903,588.950012,3521.699951,3063.66328,,0.551862,,6127.32666,
Sample,25/04/2023 13:08,23,,,12789787,11.609331,3197113,1.043155,0.1063,3091,2699.60988,,0.539595,,5399.219727,
Sample,25/04/2023 13:08,23,,,12787179,11.638529,3200174,1.044161,49.222004,3281.899902,2860.969914,,0.556081,,5721.939941,
Sample,25/04/2023 13:08,23,,,12784504,11.668476,3198003,1.043448,37.976002,3089.600098,2698.426599,,0.544398,,5396.853027,
Sample,25/04/2023 13:08,23,,,12781677,11.700123,3197722,1.043355,3.3306,3011.600098,2632.496326,,0.542883,,5264.992676,
Sample,25/04/2023 13:08,23,,,12779417,11.725421,3196757,1.043038,5.6897,3015.699951,2635.961768,,0.537672,,5271.92334,
Sample,25/04/2023 13:08,23,,,12777382,11.7482,3197396,1.043248,0.8185,3003.300049,2625.480628,,0.541123,,5250.961426,
Sample,25/04/2023 13:08,23,,,12775795,11.765964,3198325,1.043553,5.1099,3018.300049,2638.159526,,0.546134,,5276.318848,
Sample,25/04/2023 13:08,23,,,12774296,11.782742,3197874,1.043405,5.5615,3034.600098,2651.937304,,0.543703,,5303.874512,
Sample,25/04/2023 13:08,23,,,12772929,11.798043,3197748,1.043364,5.4595,3049.800049,2664.785213,,0.543023,,5329.570312,
Sample,25/04/2023 13:08,23,,,12771726,11.811508,3197803,1.043382,5.5343,3047.399902,2662.756466,,0.54332,,5325.512695,
Sample,25/04/2023 13:08,23,,,12770625,11.82383,3198012,1.043451,5.5411,3054.300049,2668.588883,,0.544447,,5337.177734,
Sample,25/04/2023 13:08,23,,,12769492,11.836511,3198060,1.043466,5.5304,3039.399902,2655.994387,,0.544706,,5311.98877,
Sample,25/04/2023 13:08,23,,,12768475,11.847893,3198156,1.043498,5.4701,3032.300049,2649.993165,,0.545223,,5299.986328,
Sample,25/04/2023 13:08,23,,,12767460,11.859253,3198008,1.043449,5.5172,3033.899902,2651.345457,,0.544425,,5302.690918,
Sample,25/04/2023 13:08,23,,,12766438,11.870691,3202011,1.044765,5.5121,3026.899902,2645.428638,,0.565931,,5290.857422,
Sample,25/04/2023 13:08,23,,,12765413,11.882162,3202124,1.044802,5.542201,3032.300049,2649.993165,,0.566536,,5299.986328,
Sample,25/04/2023 13:08,23,9425387,5.72964,12764412,11.893364,3201998,1.044761,5.523499,3017.899902,2637.821299,,0.565862,,5275.642578,
Sample,25/04/2023 13:08,23,,,12763294,11.905876,3202101,1.044795,5.5906,3029,2647.203766,,0.566413,,5294.407715,
Sample,25/04/2023 13:08,23,,,12762261,11.917436,3201983,1.044756,5.5276,3023.800049,2642.808456,,0.565781,,5285.616699,
Sample,25/04/2023 13:08,23,,,12761230,11.928974,3202069,1.044784,5.6504,3029,2647.203766,,0.566242,,5294.407715,
Sample,25/04/2023 13:09,23,,,12760211,11.940377,3201998,1.044761,5.5832,3021.600098,2640.948925,,0.565862,,5281.897949,
Sample,25/04/2023 13:09,23,,,12759219,11.951478,3202292,1.044857,5.652101,3030.800049,2648.725275,,0.567435,,5297.450684,
Sample,25/04/2023 13:09,23,,,12758205,11.962825,3202104,1.044796,5.6688,3038.899902,2655.571757,,0.566429,,5311.143555,
Sample,25/04/2023 13:09,23,,,12757294,11.973019,3202126,1.044803,5.6582,3037.199951,2654.134856,,0.566547,,5308.269531,
Sample,25/04/2023 13:09,23,,,12756451,11.982453,3202194,1.044825,5.7107,3040.199951,2656.670636,,0.566911,,5313.341309,
Sample,25/04/2023 13:09,23,,,12755628,11.991662,3202230,1.044837,5.7067,3042.399902,2658.530166,,0.567103,,5317.060547,
Sample,25/04/2023 13:09,23,,,12754875,12.000088,3202090,1.044791,5.7067,3023.5,2642.554837,,0.566354,,5285.109863,
Sample,25/04/2023 13:09,23,,,12754106,12.008693,3202244,1.044842,5.708,3022.600098,2641.794185,,0.567178,,5283.588379,
Sample,25/04/2023 13:09,23,,,12753314,12.017555,3202112,1.044798,5.7096,3022.199951,2641.455957,,0.566472,,5282.912109,
Sample,25/04/2023 13:09,23,,,12752657,12.024906,3202115,1.044799,5.734,3030.100098,2648.133635,,0.566488,,5296.26709,
Sample,25/04/2023 13:09,23,,,12752029,12.031933,3202368,1.044882,5.722,3029.899902,2647.964417,,0.567842,,5295.928711,
Sample,25/04/2023 13:09,23,,,12751318,12.039889,3202094,1.044792,5.7219,3010.399902,2631.481849,,0.566376,,5262.963867,
Sample,25/04/2023 13:09,23,,,12750569,12.048269,3202257,1.044846,5.6759,3011.899902,2632.749739,,0.567248,,5265.499512,
Sample,25/04/2023 13:09,23,,,12749857,12.056236,3202417,1.044898,5.7332,3014.800049,2635.201117,,0.568104,,5270.402344,
Sample,25/04/2023 13:09,23,,,12749417,12.061159,3202214,1.044832,5.7083,2991,2615.08389,,0.567018,,5230.167969,
Sample,25/04/2023 13:09,23,,,12748926,12.066653,3202310,1.044863,5.7262,3001.300049,2623.790108,,0.567532,,5247.580078,
Sample,25/04/2023 13:09,23,9425301,5.729167,12748515,12.071252,3202252,1.044844,5.6963,2991.199951,2615.2529,,0.567221,,5230.505859,
Sample,25/04/2023 13:09,23,,,12748071,12.076219,3202271,1.04485,5.7087,2984.5,2609.5897,,0.567323,,5219.179199,
Sample,25/04/2023 13:09,23,,,12747660,12.080818,3202249,1.044843,5.6822,2982.399902,2607.814572,,0.567205,,5215.628906,
Sample,25/04/2023 13:09,23,,,12747251,12.085394,3202258,1.044846,5.7343,2984.199951,2609.336081,,0.567253,,5218.672363,
Sample,25/04/2023 13:09,23,,,12746670,12.091895,3202288,1.044856,5.7283,2985,2610.01233,,0.567414,,5220.024902,
Sample,25/04/2023 13:09,23,,,12745986,12.099548,3202271,1.04485,5.7068,2976.699951,2602.996632,,0.567323,,5205.993164,
Sample,25/04/2023 13:09,23,,,12745306,12.107156,3202369,1.044883,5.7493,2981.100098,2606.715899,,0.567847,,5213.431641,
Sample,25/04/2023 13:09,23,,,12744659,12.114395,3202270,1.04485,5.7083,2967.199951,2594.966663,,0.567318,,5189.933105,
Sample,25/04/2023 13:09,23,,,12744049,12.12122,3202350,1.044876,5.7378,2971.300049,2598.432311,,0.567746,,5196.864746,
Sample,25/04/2023 13:09,23,,,12743428,12.128167,3202468,1.044915,5.7195,2974.100098,2600.79908,,0.568377,,5201.598145,
Sample,25/04/2023 13:09,23,,,12742768,12.135552,3202314,1.044865,5.7542,2983.899902,2609.082462,,0.567553,,5218.165039,
Sample,25/04/2023 13:09,23,,,12742195,12.141962,3202345,1.044875,5.7194,2980.5,2606.208661,,0.567719,,5212.41748,
Sample,25/04/2023 13:09,23,,,12741856,12.145755,3202244,1.044842,5.7121,2961,2589.726093,,0.567178,,5179.452148,
Sample,25/04/2023 13:09,23,,,12741334,12.151595,3202587,1.044954,5.7168,2957.100098,2586.429661,,0.569013,,5172.859375,
Sample,25/04/2023 13:09,23,,,12740728,12.158375,3202338,1.044873,5.6544,2934.199951,2567.073086,,0.567681,,5134.145996,
Sample,25/04/2023 13:09,23,,,12740116,12.165222,3202408,1.044896,5.6378,2936.199951,2568.763606,,0.568056,,5137.527344,
Sample,25/04/2023 13:09,23,,,12739558,12.171465,3202349,1.044876,5.7209,2945,2576.201934,,0.56774,,5152.403809,
Sample,25/04/2023 13:09,23,,,12739066,12.176969,3202344,1.044874,5.648,2932.199951,2565.382566,,0.567713,,5130.765137,
Sample,25/04/2023 13:09,23,,,12738582,12.182384,3202465,1.044914,5.6753,2944,2575.356674,,0.568361,,5150.713379,
Sample,25/04/2023 13:09,23,,,12738326,12.185248,3202287,1.044856,5.6685,2954.600098,2584.316512,,0.567408,,5168.632812,
Sample,25/04/2023 13:09,23,9425234,5.728798,12738053,12.188302,3202613,1.044963,5.7111,2961.899902,2590.486744,,0.569152,,5180.973633,
Sample,25/04/2023 13:09,23,,,12737675,12.192531,3202444,1.044907,5.6943,2960,2588.880833,,0.568248,,5177.761719,
Sample,25/04/2023 13:09,23,,,12737553,12.193896,3202364,1.044881,5.6727,2952.399902,2582.456775,,0.56782,,5164.913574,
Sample,25/04/2023 13:09,23,,,12737241,12.197386,3202500,1.044926,5.6801,2960.199951,2589.049843,,0.568548,,5178.099609,
Sample,25/04/2023 13:09,23,,,12736891,12.201302,3202415,1.044898,5.6633,2950.199951,2580.597244,,0.568093,,5161.194336,
Sample,25/04/2023 13:09,23,,,12736426,12.206504,3202453,1.04491,5.6845,2955.800049,2585.330782,,0.568297,,5170.661621,
Sample,25/04/2023 13:09,23,,,12735859,12.212847,3202493,1.044923,5.6749,2960.5,2589.303463,,0.568511,,5178.606934,
Sample,25/04/2023 13:09,23,,,12735244,12.219727,3202526,1.044934,5.6894,2955.800049,2585.330782,,0.568687,,5170.661621,
Sample,25/04/2023 13:09,23,,,12734684,12.225992,3202440,1.044906,5.6634,2939.899902,2571.891026,,0.568227,,5143.782227,
Sample,25/04/2023 13:09,23,,,12734204,12.231362,3202488,1.044922,5.6877,2945,2576.201934,,0.568484,,5152.403809,
Sample,25/04/2023 13:09,23,,,12733743,12.236519,3202464,1.044914,5.6765,2942.899902,2574.426806,,0.568355,,5148.853516,
Sample,25/04/2023 13:09,23,,,12733234,12.242214,3202470,1.044916,5.7087,2931.100098,2564.452904,,0.568387,,5128.905762,
Sample,25/04/2023 13:09,23,,,12732762,12.247494,3202530,1.044936,5.6746,2941.300049,2573.074514,,0.568708,,5146.148926,
Sample,25/04/2023 13:09,23,,,12732381,12.251756,3202619,1.044965,5.6904,2939.199951,2571.299385,,0.569184,,5142.598633,
Sample,25/04/2023 13:09,23,,,12732080,12.255123,3202440,1.044906,5.6464,2932.300049,2565.467175,,0.568227,,5130.93457,
Sample,25/04/2023 13:09,23,,,12731737,12.25896,3202429,1.044902,5.7023,2935.600098,2568.256574,,0.568168,,5136.513184,
Sample,25/04/2023 13:09,23,,,12731549,12.261063,3202697,1.044991,5.710999,2926.600098,2560.649234,,0.569601,,5121.29834,
Sample,25/04/2023 13:09,23,,,12731518,12.26141,3202426,1.044901,5.6649,2915,2550.844137,,0.568152,,5101.688477,
Sample,25/04/2023 13:09,23,,,12731476,12.26188,3202478,1.044919,5.6432,2905.399902,2542.729559,,0.56843,,5085.458984,
Sample,25/04/2023 13:09,23,,,12731380,12.262954,3202510,1.044929,5.727799,2902.699951,2540.447399,,0.568601,,5080.89502,
Sample,25/04/2023 13:09,23,9425150,5.728337,12731143,12.265605,3202519,1.044932,5.6524,2895.800049,2534.615188,,0.56865,,5069.230469,
Sample,25/04/2023 13:09,23,,,12730832,12.269084,3202445,1.044908,5.7288,2886.199951,2526.50061,,0.568254,,5053.001465,
Sample,25/04/2023 13:09,23,,,12730536,12.272396,3202725,1.045,5.6466,2886.399902,2526.669621,,0.569751,,5053.339355,
Sample,25/04/2023 13:09,23,,,12730397,12.273951,3202308,1.044863,5.6877,2877.300049,2518.97788,,0.567521,,5037.955566,
Sample,25/04/2023 13:10,23,,,12730225,12.275875,3202559,1.044945,5.6762,2880.699951,2521.851681,,0.568864,,5043.703125,
Sample,25/04/2023 13:10,23,,,12729959,12.27885,3202510,1.044929,5.6878,2874.600098,2516.695719,,0.568601,,5033.391602,
Sample,25/04/2023 13:10,23,,,12729615,12.282699,3202634,1.04497,5.7188,2873.199951,2515.512232,,0.569265,,5031.024414,
Sample,25/04/2023 13:10,23,,,12729262,12.286647,3202549,1.044942,5.719201,2874.100098,2516.273089,,0.56881,,5032.546387,
Sample,25/04/2023 13:10,23,,,12728876,12.290966,3202561,1.044946,5.706,2871.699951,2514.244342,,0.568874,,5028.48877,
Sample,25/04/2023 13:10,23,,,12728483,12.295362,3202450,1.044909,5.7128,2870.899902,2513.568093,,0.568281,,5027.13623,
Sample,25/04/2023 13:10,23,,,12728133,12.299277,3202636,1.04497,5.7161,2867.300049,2510.525281,,0.569275,,5021.050781,
Sample,25/04/2023 13:10,23,,,12727844,12.30251,3202613,1.044963,5.7059,2861.199951,2505.369113,,0.569152,,5010.738281,
Sample,25/04/2023 13:10,23,,,12727534,12.305978,3202501,1.044926,5.7175,2859,2503.509582,,0.568553,,5007.019043,
Sample,25/04/2023 13:10,23,,,12727143,12.310352,3202564,1.044947,5.7393,2863.100098,2506.97523,,0.56889,,5013.950684,
Sample,25/04/2023 13:10,23,,,12726757,12.31467,3202543,1.04494,5.702,2857.199951,2501.988073,,0.568778,,5003.976074,
Sample,25/04/2023 13:10,23,,,12726348,12.319245,3202765,1.045013,5.7585,2863.600098,2507.39786,,0.569965,,5014.795898,
Sample,25/04/2023 13:10,23,,,12725917,12.324066,3202532,1.044936,5.7011,2859.100098,2503.594191,,0.568719,,5007.188477,
Sample,25/04/2023 13:10,23,,,12725511,12.328608,3202752,1.045009,5.7834,2862,2506.045362,,0.569895,,5012.09082,
Sample,25/04/2023 13:10,23,,,12725193,12.332165,3202445,1.044908,5.745299,2860.5,2504.777472,,0.568254,,5009.555176,
Sample,25/04/2023 13:10,23,,,12724851,12.335991,3202669,1.044981,5.7049,2852.199951,2497.761774,,0.569452,,4995.523438,
Sample,25/04/2023 13:10,23,9425079,5.727946,12724552,12.339335,3202361,1.04488,5.7512,2837.300049,2485.167484,,0.567804,,4970.334961,
Sample,25/04/2023 13:10,23,,,12724242,12.342803,3202617,1.044964,5.7116,2842.100098,2489.224772,,0.569174,,4978.449707,
Sample,25/04/2023 13:10,23,,,12723914,12.346472,3202526,1.044934,5.7418,2838.899902,2486.519776,,0.568687,,4973.039551,
Sample,25/04/2023 13:10,23,,,12723602,12.349962,3202756,1.04501,5.7298,2837.100098,2484.998473,,0.569917,,4969.99707,
Sample,25/04/2023 13:10,23,,,12723351,12.35277,3202686,1.044987,5.7446,2841.800049,2488.971153,,0.569543,,4977.942383,
Sample,25/04/2023 13:10,23,,,12723182,12.35466,3202629,1.044968,5.7276,2842.199951,2489.309175,,0.569238,,4978.618164,
Sample,25/04/2023 13:10,23,,,12723112,12.355443,3202644,1.044973,5.7409,2835.100098,2483.307953,,0.569318,,4966.615723,
Sample,25/04/2023 13:10,23,,,12722905,12.357759,3202569,1.044948,5.7158,2840.600098,2487.956883,,0.568917,,4975.913574,
Sample,25/04/2023 13:10,23,,,12722708,12.359962,3202566,1.044947,5.7376,2831.199951,2480.011316,,0.568901,,4960.022461,
Sample,25/04/2023 13:10,23,,,12722446,12.362893,3202666,1.04498,5.7252,2832.699951,2481.279206,,0.569436,,4962.558594,
Sample,25/04/2023 13:10,23,,,12722121,12.366528,3202483,1.04492,5.7277,2831,2479.842305,,0.568457,,4959.68457,
Sample,25/04/2023 13:10,23,,,12721786,12.370276,3202714,1.044996,5.7151,2824.5,2474.348116,,0.569692,,4948.696289,
Sample,25/04/2023 13:10,23,,,12721386,12.37475,3202733,1.045002,5.7805,2830.699951,2479.588686,,0.569794,,4959.177246,
Sample,25/04/2023 13:10,23,,,12721036,12.378665,3202610,1.044962,5.7113,2829.5,2478.574415,,0.569136,,4957.148926,
Sample,25/04/2023 13:10,23,,,12720722,12.382177,3202521,1.044933,5.7607,2829.699951,2478.743426,,0.56866,,4957.486816,
Sample,25/04/2023 13:10,23,,,12720485,12.384829,3202732,1.045002,5.7508,2829.300049,2478.405404,,0.569789,,4956.811035,
Sample,25/04/2023 13:10,23,,,12720235,12.387625,3202614,1.044963,5.7783,2833.300049,2481.786444,,0.569158,,4963.572754,
Sample,25/04/2023 13:10,23,,,12719916,12.391193,3202657,1.044977,5.7281,2830.199951,2479.166056,,0.569388,,4958.332031,
Sample,25/04/2023 13:10,23,,,12719616,12.394549,3202791,1.045021,5.752,2828.699951,2477.898166,,0.570104,,4955.796387,
Sample,25/04/2023 13:10,23,,,12719317,12.397893,3202588,1.044955,5.7726,2831.399902,2480.180326,,0.569019,,4960.36084,
Sample,25/04/2023 13:10,23,9424999,5.727506,12719060,12.400768,3202745,1.045006,5.7479,2833.800049,2482.209074,,0.569858,,4964.417969,
Sample,25/04/2023 13:10,23,,,12718734,12.404415,3202600,1.044959,5.7767,2837.100098,2484.998473,,0.569083,,4969.99707,
Sample,25/04/2023 13:10,23,,,12718557,12.406395,3202638,1.044971,5.7529,2831.899902,2480.602956,,0.569286,,4961.206055,
Sample,25/04/2023 13:10,23,,,12718351,12.408699,3202664,1.04498,5.7758,2829.300049,2478.405404,,0.569425,,4956.811035,
Sample,25/04/2023 13:10,23,,,12718151,12.410936,3202716,1.044997,5.7232,2824.300049,2474.179105,,0.569703,,4948.358398,
Sample,25/04/2023 13:10,23,,,12717870,12.414079,3202682,1.044986,5.7794,2829.100098,2478.236394,,0.569521,,4956.472656,
Sample,25/04/2023 13:10,23,,,12717696,12.416025,3202669,1.044981,5.7549,2822.300049,2472.488585,,0.569452,,4944.977051,
Sample,25/04/2023 13:10,23,,,12717491,12.418318,3202687,1.044987,5.7519,2827.100098,2476.545874,,0.569548,,4953.091797,
Sample,25/04/2023 13:10,23,,,12717382,12.419538,3202672,1.044982,5.7396,2822.899902,2472.995617,,0.569468,,4945.991211,
Sample,25/04/2023 13:10,23,,,12717174,12.421864,3202797,1.045023,5.750899,2829.199951,2478.320796,,0.570136,,4956.641602,
Sample,25/04/2023 13:10,23,,,12716895,12.424985,3202748,1.045007,5.7368,2831.399902,2480.180326,,0.569874,,4960.36084,
Sample,25/04/2023 13:10,23,,,12716683,12.427356,3202638,1.044971,5.7896,2824.199951,2474.094496,,0.569286,,4948.188965,
Sample,25/04/2023 13:10,23,,,12716385,12.43069,3202719,1.044998,5.717299,2823.100098,2473.164834,,0.569719,,4946.32959,
Sample,25/04/2023 13:10,23,,,12716301,12.431629,3202604,1.04496,5.7355,2817,2468.008666,,0.569104,,4936.01709,
Sample,25/04/2023 13:10,23,,,12716149,12.433329,3202833,1.045035,5.792201,2814.199951,2465.641897,,0.570329,,4931.283691,
Sample,25/04/2023 13:10,23,,,12715826,12.436942,3202712,1.044995,5.7129,2821.5,2471.812336,,0.569682,,4943.624512,
Sample,25/04/2023 13:10,23,,,12715415,12.441539,3202816,1.04503,5.7908,2819.399902,2470.037208,,0.570238,,4940.074219,
Sample,25/04/2023 13:10,23,,,12714997,12.446215,3202654,1.044976,5.741,2824.300049,2474.179105,,0.569372,,4948.358398,
Sample,25/04/2023 13:10,23,,,12714612,12.450521,3202705,1.044993,5.7636,2822.399902,2472.572987,,0.569644,,4945.145996,
Sample,25/04/2023 13:10,23,,,12714458,12.452244,3202635,1.04497,5.739201,2824.5,2474.348116,,0.56927,,4948.696289,
Sample,25/04/2023 13:10,23,9424942,5.727193,12714330,12.453675,3202715,1.044996,5.764201,2821.800049,2472.065955,,0.569698,,4944.131836,
Sample,25/04/2023 13:10,23,,,12714187,12.455275,3202770,1.045014,5.7437,2819.699951,2470.290827,,0.569992,,4940.581543,
Sample,25/04/2023 13:10,23,,,12714048,12.45683,3202947,1.045073,5.7752,2820.600098,2471.051684,,0.570938,,4942.103516,
Sample,25/04/2023 13:10,23,,,12713986,12.457523,3202693,1.044989,5.7436,2817.199951,2468.177677,,0.56958,,4936.355469,
Sample,25/04/2023 13:11,23,,,12713927,12.458183,3202759,1.045011,5.7434,2814.300049,2465.726506,,0.569933,,4931.453125,
Sample,25/04/2023 13:11,23,,,12713848,12.459067,3202673,1.044983,5.7549,2813.800049,2465.303876,,0.569473,,4930.60791,
Sample,25/04/2023 13:11,23,,,12713714,12.460566,3202631,1.044969,5.744201,2816,2467.163406,,0.569249,,4934.32666,
Sample,25/04/2023 13:11,23,,,12713476,12.463228,3202642,1.044972,5.779201,2818.5,2469.276556,,0.569307,,4938.553223,
Sample,25/04/2023 13:11,23,,,12713197,12.466348,3202863,1.045045,5.7568,2818.199951,2469.022937,,0.570489,,4938.045898,
Sample,25/04/2023 13:11,23,,,12712891,12.469771,3202588,1.044955,5.7487,2814.800049,2466.149136,,0.569019,,4932.29834,
Sample,25/04/2023 13:11,23,,,12712570,12.473361,3202722,1.044999,5.7884,2816.899902,2467.924058,,0.569735,,4935.848145,
Sample,25/04/2023 13:11,23,,,12712148,12.478082,3202786,1.04502,5.7519,2812.100098,2463.866975,,0.570077,,4927.733887,
Sample,25/04/2023 13:11,23,,,12711777,12.482231,3202733,1.045002,5.7526,2809.800049,2461.922836,,0.569794,,4923.845703,
Sample,25/04/2023 13:11,23,,,12711411,12.486325,3202684,1.044986,5.761701,2809.100098,2461.331196,,0.569532,,4922.662598,
Sample,25/04/2023 13:11,23,,,12711123,12.489546,3202695,1.04499,5.7549,2806.600098,2459.218046,,0.569591,,4918.436035,
Sample,25/04/2023 13:11,23,,,12710797,12.493193,3202495,1.044924,5.7535,2811,2462.937107,,0.568521,,4925.874023,
Sample,25/04/2023 13:11,23,,,12710494,12.496582,3202660,1.044978,5.7109,2803.699951,2456.766668,,0.569404,,4913.533203,
Sample,25/04/2023 13:11,23,,,12710146,12.500474,3202788,1.04502,5.7381,2806.100098,2458.795416,,0.570088,,4917.59082,
Sample,25/04/2023 13:11,23,,,12709845,12.503841,3202700,1.044991,5.7583,2808.399902,2460.739349,,0.569617,,4921.478516,
Sample,25/04/2023 13:11,23,,,12709532,12.507342,3202780,1.045018,5.7548,2813.399902,2464.965648,,0.570045,,4929.931152,
Sample,25/04/2023 13:11,23,9424878,5.726841,12709234,12.510675,3202598,1.044958,5.7649,2813.699951,2465.219267,,0.569072,,4930.438477,
Sample,25/04/2023 13:11,23,,,12708992,12.513382,3202676,1.044984,5.7544,2807.699951,2460.147708,,0.569489,,4920.29541,
Sample,25/04/2023 13:11,23,,,12708768,12.515887,3202715,1.044996,5.7493,2809.600098,2461.753826,,0.569698,,4923.507812,
Sample,25/04/2023 13:11,23,,,12708470,12.51922,3202624,1.044967,5.7364,2808.399902,2460.739349,,0.569211,,4921.478516,
Sample,25/04/2023 13:11,23,,,12708112,12.523224,3202753,1.045009,5.7344,2802.899902,2456.090419,,0.569901,,4912.180664,
Sample,25/04/2023 13:11,23,,,12707785,12.526882,3202626,1.044967,5.7327,2804.5,2457.442917,,0.569222,,4914.885742,
Sample,25/04/2023 13:11,23,,,12707545,12.529566,3202798,1.045024,5.7348,2804.100098,2457.104896,,0.570141,,4914.209961,
Sample,25/04/2023 13:11,23,,,12707293,12.532385,3202719,1.044998,5.7414,2806.600098,2459.218046,,0.569719,,4918.436035,
Sample,25/04/2023 13:11,23,,,12707075,12.534823,3202769,1.045014,5.7455,2804.199951,2457.189298,,0.569986,,4914.378418,
Sample,25/04/2023 13:11,23,,,12706947,12.536255,3202777,1.045017,5.7286,2801.300049,2454.738127,,0.570029,,4909.476074,
Sample,25/04/2023 13:11,23,,,12706852,12.537317,3202709,1.044994,5.7194,2804.399902,2457.358309,,0.569666,,4914.716797,
Sample,25/04/2023 13:11,23,,,12706948,12.536243,3202712,1.044995,5.7198,2796.800049,2450.934457,,0.569682,,4901.869141,
Sample,25/04/2023 13:11,23,,,12707064,12.534946,3202887,1.045053,5.7335,2799.800049,2453.470237,,0.570617,,4906.94043,
Sample,25/04/2023 13:11,23,,,12707124,12.534275,3202559,1.044945,5.7189,2795.600098,2449.920187,,0.568864,,4899.840332,
Sample,25/04/2023 13:11,23,,,12707123,12.534286,3202721,1.044998,5.7143,2793.899902,2448.48308,,0.56973,,4896.966309,
Sample,25/04/2023 13:11,23,,,12706966,12.536042,3202681,1.044985,5.7187,2798.699951,2452.540369,,0.569516,,4905.080566,
Sample,25/04/2023 13:11,23,,,12706707,12.538939,3202709,1.044994,5.7178,2799.600098,2453.301226,,0.569666,,4906.602539,
Sample,25/04/2023 13:11,23,,,12706348,12.542954,3202712,1.044995,5.7359,2799.600098,2453.301226,,0.569682,,4906.602539,
Sample,25/04/2023 13:11,23,,,12706031,12.5465,3202763,1.045012,5.7062,2799.5,2453.216618,,0.569954,,4906.433105,
Sample,25/04/2023 13:11,23,,,12705839,12.548647,3202635,1.04497,5.7245,2800.800049,2454.315497,,0.56927,,4908.630859,
Sample,25/04/2023 13:11,23,9424808,5.726456,12705763,12.549497,3202648,1.044974,5.7152,2799.899902,2453.554639,,0.569339,,4907.109375,
Sample,25/04/2023 13:11,23,,,12705524,12.552171,3202707,1.044994,5.7113,2801.800049,2455.160757,,0.569655,,4910.321289,
Sample,25/04/2023 13:11,23,,,12705207,12.555716,3202692,1.044989,5.7248,2801,2454.484508,,0.569575,,4908.969238,
Sample,25/04/2023 13:11,23,,,12705021,12.557796,3202848,1.04504,5.7137,2804.100098,2457.104896,,0.570409,,4914.209961,
Sample,25/04/2023 13:11,23,,,12705025,12.557752,3202739,1.045004,5.6946,2798.199951,2452.117739,,0.569826,,4904.235352,
Sample,25/04/2023 13:11,23,,,12704913,12.559004,3202689,1.044988,5.7093,2800.100098,2453.723856,,0.569559,,4907.447754,
Sample,25/04/2023 13:11,23,,,12704953,12.558557,3202684,1.044986,5.6876,2795.699951,2450.004589,,0.569532,,4900.009277,
Sample,25/04/2023 13:11,23,,,12704934,12.558769,3202899,1.045057,5.7214,2800.300049,2453.892867,,0.570681,,4907.785645,
Sample,25/04/2023 13:11,23,,,12704747,12.560861,3202569,1.044948,5.6882,2798.899902,2452.709379,,0.568917,,4905.418945,
Sample,25/04/2023 13:11,23,,,12704493,12.563702,3202760,1.045011,5.7065,2800.899902,2454.399899,,0.569938,,4908.799805,
Sample,25/04/2023 13:11,23,,,12704134,12.567717,3202773,1.045015,5.6756,2802.800049,2456.006017,,0.570008,,4912.012207,
Sample,25/04/2023 13:11,23,,,12703749,12.572023,3202816,1.04503,5.7138,2805.699951,2458.457188,,0.570238,,4916.914551,
Sample,25/04/2023 13:11,23,,,12703370,12.576262,3202738,1.045004,5.6934,2804.899902,2457.780939,,0.569821,,4915.562012,
Sample,25/04/2023 13:11,23,,,12703128,12.578969,3202710,1.044995,5.6815,2804,2457.020288,,0.569671,,4914.040527,
Sample,25/04/2023 13:11,23,,,12702974,12.580691,3202597,1.044958,5.682,2798.5,2452.371358,,0.569067,,4904.742676,
Sample,25/04/2023 13:11,23,,,12703317,12.576855,3202690,1.044988,5.649,2801,2454.484508,,0.569564,,4908.969238,
Sample,25/04/2023 13:11,23,,,12703321,12.57681,3202748,1.045007,5.6736,2802.899902,2456.090419,,0.569874,,4912.180664,
Sample,25/04/2023 13:11,23,,,12703146,12.578768,3202672,1.044982,5.680799,2801.600098,2454.991746,,0.569468,,4909.983398,
Sample,25/04/2023 13:11,23,,,12702867,12.581888,3202761,1.045012,5.6411,2804.5,2457.442917,,0.569944,,4914.885742,
Sample,25/04/2023 13:11,23,,,12702529,12.585668,3202716,1.044997,5.6655,2803.5,2456.597658,,0.569703,,4913.195312,
Sample,25/04/2023 13:11,23,9424747,5.726121,12702189,12.589471,3202691,1.044989,5.698,2807.5,2459.978697,,0.569569,,4919.95752,
Sample,25/04/2023 13:11,23,,,12701854,12.593218,3202751,1.045008,5.6569,2807.199951,2459.725078,,0.56989,,4919.450195,
Sample,25/04/2023 13:11,23,,,12701726,12.59465,3202934,1.045068,5.6632,2805.199951,2458.034558,,0.570868,,4916.069336,
Sample,25/04/2023 13:11,23,,,12701453,12.597703,3202600,1.044959,5.6508,2807.800049,2460.232316,,0.569083,,4920.464844,
Sample,25/04/2023 13:12,23,,,12701265,12.599806,3202682,1.044986,5.682,2809.199951,2461.415598,,0.569521,,4922.831055,
Sample,25/04/2023 13:12,23,,,12701003,12.602736,3202768,1.045014,5.6664,2807.600098,2460.063306,,0.569981,,4920.126465,
Sample,25/04/2023 13:12,23,,,12700825,12.604727,3202722,1.044999,5.6124,2808.199951,2460.570338,,0.569735,,4921.140625,
Sample,25/04/2023 13:12,23,,,12700683,12.606315,3202877,1.04505,5.6857,2811.600098,2463.444345,,0.570564,,4926.888672,
Sample,25/04/2023 13:12,23,,,12700567,12.607612,3202769,1.045014,5.6162,2810.399902,2462.429868,,0.569986,,4924.859863,
Sample,25/04/2023 13:12,23,,,12700453,12.608888,3202767,1.045014,5.6804,2812.100098,2463.866975,,0.569976,,4927.733887,
Sample,25/04/2023 13:12,23,,,12700177,12.611974,3202777,1.045017,5.6554,2814.600098,2465.980125,,0.570029,,4931.960449,
Sample,25/04/2023 13:12,23,,,12700001,12.613943,3202586,1.044954,5.6606,2811.800049,2463.613356,,0.569008,,4927.226562,
Sample,25/04/2023 13:12,23,,,12700044,12.613462,3202717,1.044997,5.6546,2815.399902,2466.656168,,0.569708,,4933.3125,
Sample,25/04/2023 13:12,23,,,12700031,12.613607,3202801,1.045025,5.6361,2818,2468.853926,,0.570157,,4937.708008,
Sample,25/04/2023 13:12,23,,,12699919,12.61486,3202692,1.044989,5.6634,2814.5,2465.895517,,0.569575,,4931.791016,
Sample,25/04/2023 13:12,23,,,12699935,12.614681,3202706,1.044993,5.6508,2816.699951,2467.755047,,0.56965,,4935.510254,
Sample,25/04/2023 13:12,23,,,12699805,12.616135,3202685,1.044987,5.6717,2817,2468.008666,,0.569537,,4936.01709,
Sample,25/04/2023 13:12,23,,,12699667,12.617678,3202735,1.045003,5.6389,2815.899902,2467.078798,,0.569805,,4934.157715,
Sample,25/04/2023 13:12,23,,,12699570,12.618763,3202612,1.044963,5.6384,2814.899902,2466.233538,,0.569147,,4932.467285,
Sample,25/04/2023 13:12,23,,,12699303,12.62175,3202762,1.045012,5.6441,2816.600098,2467.670645,,0.569949,,4935.341309,
Sample,25/04/2023 13:12,23,9424673,5.725714,12698932,12.625899,3202754,1.045009,5.661,2818,2468.853926,,0.569906,,4937.708008,
Sample,25/04/2023 13:12,23,,,12698539,12.630294,3202685,1.044987,5.6346,2817.600098,2468.515905,,0.569537,,4937.031738,
Sample,25/04/2023 13:12,23,,,12698144,12.634712,3202836,1.045036,5.653399,2815.399902,2466.656168,,0.570345,,4933.3125,
Sample,25/04/2023 13:12,23,,,12697894,12.637508,3202623,1.044966,5.65,2819,2469.699186,,0.569206,,4939.398438,
Sample,25/04/2023 13:12,23,,,12697928,12.637128,3202709,1.044994,5.6749,2816.699951,2467.755047,,0.569666,,4935.510254,
Sample,25/04/2023 13:12,23,,,12697828,12.638247,3202765,1.045013,5.6408,2815.699951,2466.909787,,0.569965,,4933.819336,
Sample,25/04/2023 13:12,23,,,12697669,12.640025,3202784,1.045019,5.6793,2814.800049,2466.149136,,0.570067,,4932.29834,
Sample,25/04/2023 13:12,23,,,12697546,12.6414,3202667,1.044981,5.6445,2814.199951,2465.641897,,0.569441,,4931.283691,
Sample,25/04/2023 13:12,23,,,12697218,12.645069,3202722,1.044999,5.659,2814.399902,2465.810908,,0.569735,,4931.621582,
Sample,25/04/2023 13:12,23,,,12696823,12.649487,3202708,1.044994,5.64,2815.300049,2466.571766,,0.56966,,4933.143555,
Sample,25/04/2023 13:12,23,,,12696529,12.652775,3202667,1.044981,5.6639,2809.800049,2461.922836,,0.569441,,4923.845703,
Sample,25/04/2023 13:12,23,,,12696274,12.655627,3202823,1.045032,5.6374,2812.5,2464.204997,,0.570275,,4928.410156,
Sample,25/04/2023 13:12,23,,,12695862,12.660235,3202819,1.045031,5.6531,2813.600098,2465.134865,,0.570254,,4930.269531,
Sample,25/04/2023 13:12,23,,,12695720,12.661823,3202624,1.044967,5.6171,2816.5,2467.586036,,0.569211,,4935.171875,
Sample,25/04/2023 13:12,23,,,12695883,12.66,3202814,1.045029,5.629701,2817.399902,2468.346688,,0.570227,,4936.693359,
Sample,25/04/2023 13:12,23,,,12696113,12.657428,3202544,1.04494,5.61,2817.899902,2468.769318,,0.568783,,4937.538574,
Sample,25/04/2023 13:12,23,,,12696304,12.655291,3202726,1.045,5.6232,2818.199951,2469.022937,,0.569756,,4938.045898,
Sample,25/04/2023 13:12,23,,,12696393,12.654296,3202910,1.045061,5.5726,2818.699951,2469.445567,,0.57074,,4938.891113,
Sample,25/04/2023 13:12,23,,,12696407,12.654139,3202673,1.044983,5.6139,2818.800049,2469.530175,,0.569473,,4939.060547,
Sample,25/04/2023 13:12,23,,,12696386,12.654374,3202770,1.045014,5.5782,2818.300049,2469.107545,,0.569992,,4938.215332,
Sample,25/04/2023 13:12,23,9424620,5.725423,12696507,12.653021,3202639,1.044971,5.604701,2818.899902,2469.614578,,0.569291,,4939.229004,
Sample,25/04/2023 13:12,23,,,12696349,12.654788,3202850,1.045041,5.563399,2819.800049,2470.375435,,0.570419,,4940.750977,
Sample,25/04/2023 13:12,23,,,12696301,12.655325,3202580,1.044952,5.6087,2817,2468.008666,,0.568976,,4936.01709,
Sample,25/04/2023 13:12,23,,,12696222,12.656208,3202852,1.045041,5.5776,2820.100098,2470.629055,,0.57043,,4941.258301,
Sample,25/04/2023 13:12,23,,,12695960,12.659139,3202689,1.044988,5.5664,2819,2469.699186,,0.569559,,4939.398438,
Sample,25/04/2023 13:12,23,,,12695667,12.662416,3202608,1.044961,5.603,2816.800049,2467.839656,,0.569126,,4935.679199,
Sample,25/04/2023 13:12,23,,,12695427,12.6651,3202760,1.045011,5.5603,2819.199951,2469.868197,,0.569938,,4939.736328,
Sample,25/04/2023 13:12,23,,,12695245,12.667135,3202568,1.044948,5.572,2818,2468.853926,,0.568912,,4937.708008,
Sample,25/04/2023 13:12,23,,,12695034,12.669495,3202742,1.045005,5.5728,2818.399902,2469.191948,,0.569842,,4938.383789,
Sample,25/04/2023 13:12,23,,,12694724,12.672962,3202683,1.044986,5.5728,2817.100098,2468.093275,,0.569527,,4936.186523,
Sample,25/04/2023 13:12,23,,,12694388,12.67672,3202763,1.045012,5.5462,2818,2468.853926,,0.569954,,4937.708008,
Sample,25/04/2023 13:12,23,,,12693976,12.681328,3202682,1.044986,5.5711,2818,2468.853926,,0.569521,,4937.708008,
Sample,25/04/2023 13:12,23,,,12693688,12.684549,3202823,1.045032,5.5539,2816.899902,2467.924058,,0.570275,,4935.848145,
Sample,25/04/2023 13:12,23,,,12693512,12.686518,3202749,1.045008,5.579,2814.899902,2466.233538,,0.569879,,4932.467285,
Sample,25/04/2023 13:12,23,,,12693243,12.689526,3202818,1.04503,5.5628,2814.5,2465.895517,,0.570248,,4931.791016,
Sample,25/04/2023 13:12,23,,,12692946,12.692848,3202678,1.044984,5.5638,2820.199951,2470.713457,,0.5695,,4941.426758,
Sample,25/04/2023 13:12,23,,,12692644,12.696226,3202689,1.044988,6.5444,2818.199951,2469.022937,,0.569559,,4938.045898,
Sample,25/04/2023 13:12,23,,,12692416,12.698775,3202539,1.044939,5.918,2816.300049,2467.417026,,0.568757,,4934.833984,
Sample,25/04/2023 13:12,23,,,12692299,12.700084,3202789,1.045021,5.400899,2813.399902,2464.965648,,0.570093,,4929.931152,
Sample,25/04/2023 13:12,23,,,12692299,12.700084,3202787,1.04502,5.459701,2810.399902,2462.429868,,0.570083,,4924.859863,
Sample,25/04/2023 13:12,23,9424578,5.725192,12692183,12.701381,3202786,1.04502,5.8165,2814.199951,2465.641897,,0.570077,,4931.283691,
Sample,25/04/2023 13:12,23,,,12692058,12.702779,3202617,1.044964,5.184,2809.699951,2461.838228,,0.569174,,4923.67627,
Sample,25/04/2023 13:12,23,,,12692008,12.703339,3202750,1.045008,5.5563,2816.199951,2467.332417,,0.569885,,4934.665039,
Sample,25/04/2023 13:12,23,,,12691821,12.70543,3202640,1.044972,5.5708,2816.199951,2467.332417,,0.569297,,4934.665039,
Sample,25/04/2023 13:13,23,,,12691645,12.707398,3202720,1.044998,5.5216,2816.199951,2467.332417,,0.569724,,4934.665039,
Sample,25/04/2023 13:13,23,,,12691409,12.710038,3202673,1.044983,5.5457,2816.5,2467.586036,,0.569473,,4935.171875,
Sample,25/04/2023 13:13,23,,,12691135,12.713102,3202728,1.045001,5.5172,2817.5,2468.431296,,0.569767,,4936.862793,
Sample,25/04/2023 13:13,23,,,12690785,12.717017,3202672,1.044982,5.5356,2816.899902,2467.924058,,0.569468,,4935.848145,
Sample,25/04/2023 13:13,23,,,12690446,12.720808,3202647,1.044974,5.5111,2815.899902,2467.078798,,0.569334,,4934.157715,
Sample,25/04/2023 13:13,23,,,12690131,12.724331,3202589,1.044955,5.522201,2815.899902,2467.078798,,0.569024,,4934.157715,
Sample,25/04/2023 13:13,23,,,12689876,12.727183,3202740,1.045005,5.5057,2817.800049,2468.684915,,0.569831,,4937.369629,
Sample,25/04/2023 13:13,23,,,12689658,12.729621,3202583,1.044953,5.5074,2815.300049,2466.571766,,0.568992,,4933.143555,
Sample,25/04/2023 13:13,23,,,12689569,12.730617,3202814,1.045029,5.5069,2815.800049,2466.994396,,0.570227,,4933.98877,
Sample,25/04/2023 13:13,23,,,12689510,12.731276,3202772,1.045015,5.4999,2815.199951,2466.487157,,0.570002,,4932.974121,
Sample,25/04/2023 13:13,23,,,12689348,12.733088,3202739,1.045004,5.4857,2816.399902,2467.501428,,0.569826,,4935.00293,
Sample,25/04/2023 13:13,23,,,12689093,12.73594,3202661,1.044979,5.4928,2818.5,2469.276556,,0.569409,,4938.553223,
Sample,25/04/2023 13:13,23,,,12688966,12.73736,3202693,1.044989,5.4947,2816.300049,2467.417026,,0.56958,,4934.833984,
Sample,25/04/2023 13:13,23,,,12688756,12.739709,3202828,1.045034,5.467,2817.800049,2468.684915,,0.570302,,4937.369629,
Sample,25/04/2023 13:13,23,,,12688554,12.741968,3202719,1.044998,5.4865,2817.300049,2468.262286,,0.569719,,4936.524414,
Sample,25/04/2023 13:13,23,,,12688318,12.744608,3202772,1.045015,5.4596,2817.300049,2468.262286,,0.570002,,4936.524414,
Sample,25/04/2023 13:13,23,9424496,5.724741,12688104,12.747001,3202564,1.044947,5.4656,2818.100098,2468.938535,,0.56889,,4937.876953,
Sample,25/04/2023 13:13,23,,,12687738,12.751094,3202628,1.044968,5.4719,2818.300049,2469.107545,,0.569232,,4938.215332,
Sample,25/04/2023 13:13,23,,,12687537,12.753342,3202657,1.044977,5.4411,2817.800049,2468.684915,,0.569388,,4937.369629,
Sample,25/04/2023 13:13,23,,,12687324,12.755725,3202661,1.044979,5.4572,2819.800049,2470.375435,,0.569409,,4940.750977,
Sample,25/04/2023 13:13,23,,,12687028,12.759035,3202593,1.044956,5.4493,2818.899902,2469.614578,,0.569045,,4939.229004,
Sample,25/04/2023 13:13,23,,,12686656,12.763195,3202633,1.044969,5.4779,2819.600098,2470.206425,,0.569259,,4940.413086,
Sample,25/04/2023 13:13,23,,,12686320,12.766953,3202639,1.044971,5.4489,2819.300049,2469.952805,,0.569291,,4939.905762,
Sample,25/04/2023 13:13,23,,,12685996,12.770577,3202627,1.044967,5.4615,2820.899902,2471.305097,,0.569227,,4942.610352,
Sample,25/04/2023 13:13,23,,,12685731,12.773541,3202796,1.045023,5.5105,2820.800049,2471.220695,,0.570131,,4942.441406,
Sample,25/04/2023 13:13,23,,,12685649,12.774458,3207996,1.046732,5.5018,2820.100098,2470.629055,,0.597802,,4941.258301,
Sample,25/04/2023 13:13,23,,,12685502,12.776102,3202664,1.04498,5.4899,2820.699951,2471.136087,,0.569425,,4942.271973,
Sample,25/04/2023 13:13,23,,,12685485,12.776292,3202655,1.044977,5.4787,2818.399902,2469.191948,,0.569377,,4938.383789,
Sample,25/04/2023 13:13,23,,,12685301,12.77835,3202677,1.044984,5.4701,2820.199951,2470.713457,,0.569495,,4941.426758,
Sample,25/04/2023 13:13,23,,,12685131,12.780251,3202676,1.044984,5.4613,2819.899902,2470.459837,,0.569489,,4940.919434,
Sample,25/04/2023 13:13,23,,,12684884,12.783013,3202728,1.045001,5.467299,2818.800049,2469.530175,,0.569767,,4939.060547,
Sample,25/04/2023 13:13,23,,,12684678,12.785317,3202672,1.044982,5.483399,2821.899902,2472.150357,,0.569468,,4944.300781,
Sample,25/04/2023 13:13,23,,,12684412,12.788292,3202536,1.044938,5.481,2821.199951,2471.558717,,0.56874,,4943.117676,
Sample,25/04/2023 13:13,23,,,12684238,12.790238,3202750,1.045008,5.4756,2818.699951,2469.445567,,0.569885,,4938.891113,
Sample,25/04/2023 13:13,23,,,12684062,12.792207,3202609,1.044962,5.4615,2820.899902,2471.305097,,0.569131,,4942.610352,
Sample,25/04/2023 13:13,23,,,12683784,12.795316,3202588,1.044955,5.4612,2817.699951,2468.600307,,0.569019,,4937.200684,
Sample,25/04/2023 13:13,23,9424457,5.724526,12683602,12.797351,3202664,1.04498,5.4423,2820.300049,2470.798065,,0.569425,,4941.596191,
Sample,25/04/2023 13:13,23,,,12683371,12.799935,3202620,1.044965,5.4796,2816.300049,2467.417026,,0.56919,,4934.833984,
Sample,25/04/2023 13:13,23,,,12683218,12.801646,3202694,1.04499,5.4365,2820.199951,2470.713457,,0.569585,,4941.426758,
Sample,25/04/2023 13:13,23,,,12683099,12.802977,3202559,1.044945,5.4559,2820.800049,2471.220695,,0.568864,,4942.441406,
Sample,25/04/2023 13:13,23,,,12683092,12.803055,3202734,1.045003,5.4415,2819.300049,2469.952805,,0.569799,,4939.905762,
Sample,25/04/2023 13:13,23,,,12683023,12.803827,3202564,1.044947,5.4524,2817,2468.008666,,0.56889,,4936.01709,
Sample,25/04/2023 13:13,23,,,12683043,12.803603,3202676,1.044984,5.4378,2818.399902,2469.191948,,0.569489,,4938.383789,
Sample,25/04/2023 13:13,23,,,12682970,12.804419,3202574,1.04495,5.4438,2820.5,2470.967076,,0.568944,,4941.934082,
Sample,25/04/2023 13:13,23,,,12683005,12.804028,3202530,1.044936,5.4491,2819,2469.699186,,0.568708,,4939.398438,
Sample,25/04/2023 13:13,23,,,12683102,12.802943,3202740,1.045005,5.4295,2821.399902,2471.727727,,0.569831,,4943.455566,
Sample,25/04/2023 13:13,23,,,12683222,12.801601,3202480,1.044919,5.4341,2818.199951,2469.022937,,0.568441,,4938.045898,
Sample,25/04/2023 13:13,23,,,12683239,12.801411,3202768,1.045014,5.4247,2822.100098,2472.319574,,0.569981,,4944.63916,
Sample,25/04/2023 13:13,23,,,12683226,12.801556,3202608,1.044961,5.4229,2820.199951,2470.713457,,0.569126,,4941.426758,
Sample,25/04/2023 13:13,23,,,12683257,12.80121,3202627,1.044967,5.4108,2820.899902,2471.305097,,0.569227,,4942.610352,
Sample,25/04/2023 13:13,23,,,12683081,12.803178,3202455,1.044911,5.4199,2820.699951,2471.136087,,0.568307,,4942.271973,
Sample,25/04/2023 13:13,23,,,12682765,12.806712,3202627,1.044967,5.399,2821.300049,2471.643325,,0.569227,,4943.286621,
Sample,25/04/2023 13:13,23,,,12682383,12.810984,3202606,1.044961,5.414701,2820.399902,2470.882467,,0.569115,,4941.765137,
Sample,25/04/2023 13:13,23,,,12682020,12.815044,3202622,1.044966,5.3928,2823.899902,2473.840877,,0.5692,,4947.681641,
Sample,25/04/2023 13:13,23,,,12681902,12.816364,3202463,1.044914,5.4079,2819.100098,2469.783795,,0.56835,,4939.567383,
Sample,25/04/2023 13:13,23,,,12681775,12.817784,3202531,1.044936,5.3928,2821.199951,2471.558717,,0.568714,,4943.117676,
Sample,25/04/2023 13:13,23,9424384,5.724125,12681643,12.81926,3202519,1.044932,5.3954,2821.100098,2471.474314,,0.56865,,4942.94873,
Sample,25/04/2023 13:13,23,,,12681414,12.821821,3202700,1.044991,5.395299,2821.199951,2471.558717,,0.569617,,4943.117676,
Sample,25/04/2023 13:13,23,,,12681181,12.824427,3202747,1.045007,5.3831,2823.100098,2473.164834,,0.569869,,4946.32959,
Sample,25/04/2023 13:13,23,,,12680943,12.827089,3202489,1.044922,5.3585,2821.199951,2471.558717,,0.568489,,4943.117676,
Sample,25/04/2023 13:14,23,,,12680848,12.828151,3202609,1.044962,5.4211,2820.5,2470.967076,,0.569131,,4941.934082,
Sample,25/04/2023 13:14,23,,,12680774,12.828979,3202694,1.04499,5.3687,2825.699951,2475.362386,,0.569585,,4950.724609,
Sample,25/04/2023 13:14,23,,,12680603,12.830891,3202454,1.044911,5.4057,2821.100098,2471.474314,,0.568302,,4942.94873,
Sample,25/04/2023 13:14,23,,,12680333,12.833911,3202738,1.045004,5.3798,2820.899902,2471.305097,,0.569821,,4942.610352,
Sample,25/04/2023 13:14,23,,,12680041,12.837177,3202542,1.04494,5.4131,2823.100098,2473.164834,,0.568773,,4946.32959,
Sample,25/04/2023 13:14,23,,,12680053,12.837043,3202743,1.045006,5.3964,2819.899902,2470.459837,,0.569847,,4940.919434,
Sample,25/04/2023 13:14,23,,,12679951,12.838183,3202612,1.044963,5.3868,2823.199951,2473.249236,,0.569147,,4946.498535,
Sample,25/04/2023 13:14,23,,,12680021,12.8374,3202581,1.044952,5.4157,2821.699951,2471.981347,,0.568981,,4943.962891,
Sample,25/04/2023 13:14,23,,,12679922,12.838508,3202575,1.04495,5.3877,2822.100098,2472.319574,,0.568949,,4944.63916,
Sample,25/04/2023 13:14,23,,,12679923,12.838496,3202643,1.044973,5.3994,2822.300049,2472.488585,,0.569313,,4944.977051,
Sample,25/04/2023 13:14,23,,,12680125,12.836237,3202622,1.044966,5.4074,2823.399902,2473.418247,,0.5692,,4946.836426,
Sample,25/04/2023 13:14,23,,,12679965,12.838027,3202702,1.044992,5.3957,2823,2473.080226,,0.569628,,4946.160645,
Sample,25/04/2023 13:14,23,,,12679670,12.841326,3202648,1.044974,5.4135,2823.100098,2473.164834,,0.569339,,4946.32959,
Sample,25/04/2023 13:14,23,,,12679449,12.843798,3202721,1.044998,5.3909,2826,2475.616005,,0.56973,,4951.231934,
Sample,25/04/2023 13:14,23,,,12679531,12.842881,3202652,1.044976,5.4075,2825.100098,2474.855354,,0.569361,,4949.710938,
Sample,25/04/2023 13:14,23,,,12679691,12.841091,3202777,1.045017,5.402101,2826.199951,2475.785016,,0.570029,,4951.569824,
Sample,25/04/2023 13:14,23,9424335,5.723856,12679812,12.839738,3202526,1.044934,5.4014,2824.800049,2474.601735,,0.568687,,4949.203613,
Sample,25/04/2023 13:14,23,,,12679797,12.839906,3202619,1.044965,5.3997,2824.600098,2474.432724,,0.569184,,4948.865234,
Sample,25/04/2023 13:14,23,,,12679801,12.839861,3202506,1.044928,5.3763,2824.399902,2474.263507,,0.56858,,4948.526855,
Sample,25/04/2023 13:14,23,,,12679581,12.842321,3202539,1.044939,5.4202,2827.899902,2477.221917,,0.568757,,4954.443848,
Sample,25/04/2023 13:14,23,,,12679376,12.844614,3202657,1.044977,5.3618,2828.800049,2477.982774,,0.569388,,4955.965332,
Sample,25/04/2023 13:14,23,,,12679245,12.846079,3202695,1.04499,5.3823,2828.5,2477.729155,,0.569591,,4955.458496,
Sample,25/04/2023 13:14,23,,,12678948,12.849401,3202630,1.044968,5.3838,2830.5,2479.419675,,0.569243,,4958.839355,
Sample,25/04/2023 13:14,23,,,12678752,12.851593,3202611,1.044962,5.3706,2827.5,2476.883895,,0.569142,,4953.767578,
Sample,25/04/2023 13:14,23,,,12678634,12.852912,3202680,1.044985,5.3845,2828.699951,2477.898166,,0.569511,,4955.796387,
Sample,25/04/2023 13:14,23,,,12678622,12.853047,3202530,1.044936,5.3733,2829.199951,2478.320796,,0.568708,,4956.641602,
Sample,25/04/2023 13:14,23,,,12678709,12.852074,3202549,1.044942,5.3762,2828.600098,2477.813764,,0.56881,,4955.627441,
Sample,25/04/2023 13:14,23,,,12678557,12.853774,3202575,1.04495,5.3736,2830.800049,2479.673294,,0.568949,,4959.34668,
Sample,25/04/2023 13:14,23,,,12678232,12.857408,3202432,1.044903,5.3782,2830.300049,2479.250664,,0.568184,,4958.501465,
Sample,25/04/2023 13:14,23,,,12678020,12.859779,3202516,1.044931,5.3755,2832.100098,2480.772173,,0.568634,,4961.544434,
Sample,25/04/2023 13:14,23,,,12677745,12.862855,3202590,1.044955,5.3777,2836.399902,2484.406626,,0.569029,,4968.813477,
Sample,25/04/2023 13:14,23,,,12677497,12.865628,3202406,1.044895,5.3709,2836.300049,2484.322224,,0.568045,,4968.644531,
Sample,25/04/2023 13:14,23,,,12677252,12.868368,3202631,1.044969,5.363299,2837.600098,2485.421103,,0.569249,,4970.842285,
Sample,25/04/2023 13:14,23,,,12676968,12.871545,3202602,1.044959,5.3846,2835.699951,2483.814985,,0.569093,,4967.629883,
Sample,25/04/2023 13:14,23,,,12676631,12.875314,3202542,1.04494,5.3824,2838.5,2486.181754,,0.568773,,4972.363281,
Sample,25/04/2023 13:14,23,,,12676118,12.881051,3202710,1.044995,5.3635,2836.600098,2484.575843,,0.569671,,4969.151855,
Sample,25/04/2023 13:14,23,9424276,5.723531,12675591,12.886945,3202620,1.044965,5.398,2837.5,2485.336494,,0.56919,,4970.672852,
Sample,25/04/2023 13:14,23,,,12675080,12.89266,3202531,1.044936,5.3774,2840.100098,2487.534253,,0.568714,,4975.068359,
Sample,25/04/2023 13:14,23,,,12674632,12.89767,3202450,1.044909,5.3942,2839.899902,2487.365036,,0.568281,,4974.72998,
Sample,25/04/2023 13:14,23,,,12674285,12.901551,3202498,1.044925,5.397799,2835.899902,2483.983996,,0.568537,,4967.967773,
Sample,25/04/2023 13:14,23,,,12673981,12.904951,3202521,1.044933,5.3762,2840.100098,2487.534253,,0.56866,,4975.068359,
Sample,25/04/2023 13:14,23,,,12673664,12.908496,3202650,1.044975,5.4016,2839.199951,2486.773395,,0.56935,,4973.546875,
Sample,25/04/2023 13:14,23,,,12673544,12.909838,3202583,1.044953,5.3932,2839.5,2487.027014,,0.568992,,4974.054199,
Sample,25/04/2023 13:14,23,,,12673613,12.909066,3202483,1.04492,5.3826,2839.800049,2487.280633,,0.568457,,4974.561035,
Sample,25/04/2023 13:14,23,,,12673668,12.908451,3202520,1.044932,5.3944,2840.300049,2487.703263,,0.568655,,4975.406738,
Sample,25/04/2023 13:14,23,,,12673546,12.909816,3202503,1.044927,5.3869,2839.399902,2486.942406,,0.568564,,4973.884766,
Sample,25/04/2023 13:14,23,,,12673406,12.911381,3202425,1.044901,5.3884,2842.699951,2489.731805,,0.568147,,4979.463379,
Sample,25/04/2023 13:14,23,,,12673283,12.912757,3202543,1.04494,5.4123,2844.699951,2491.422324,,0.568778,,4982.844727,
Sample,25/04/2023 13:14,23,,,12673060,12.915251,3202563,1.044946,5.3884,2844.300049,2491.084303,,0.568885,,4982.168457,
Sample,25/04/2023 13:14,23,,,12672998,12.915944,3202391,1.04489,5.3905,2840.699951,2488.041285,,0.567965,,4976.08252,
Sample,25/04/2023 13:14,23,,,12672767,12.918528,3202530,1.044936,5.4017,2843.800049,2490.661673,,0.568708,,4981.323242,
Sample,25/04/2023 13:14,23,,,12672668,12.919635,3202480,1.044919,5.3695,2844.600098,2491.337922,,0.568441,,4982.675781,
Sample,25/04/2023 13:14,23,,,12672523,12.921257,3202629,1.044968,5.4214,2845.600098,2492.183182,,0.569238,,4984.366211,
Sample,25/04/2023 13:14,23,,,12672550,12.920955,3202609,1.044962,5.3716,2848.199951,2494.380734,,0.569131,,4988.76123,
Sample,25/04/2023 13:14,23,,,12672871,12.917365,3202362,1.04488,5.3411,2852.899902,2498.353414,,0.56781,,4996.707031,
Sample,25/04/2023 13:14,23,,,12673213,12.91354,3202541,1.044939,5.3751,2858.5,2503.086952,,0.568767,,5006.173828,
Sample,25/04/2023 13:14,23,9424229,5.723273,12673234,12.913305,3202344,1.044874,5.3505,2860.800049,2505.031091,,0.567713,,5010.062012,
Sample,25/04/2023 13:14,23,,,12673148,12.914267,3202414,1.044897,5.2831,2854.800049,2499.959532,,0.568088,,4999.918945,
Sample,25/04/2023 13:14,23,,,12673029,12.915598,3202417,1.044898,5.1753,2847.800049,2494.042713,,0.568104,,4988.085449,
Sample,25/04/2023 13:14,23,,,12672695,12.919333,3202382,1.044887,5.1494,2845.899902,2492.436595,,0.567917,,4984.873047,
Sample,25/04/2023 13:15,23,,,12672267,12.92412,3202476,1.044918,5.1841,2847.100098,2493.451072,,0.56842,,4986.902344,
Sample,25/04/2023 13:15,23,,,12671768,12.9297,3202385,1.044888,1.5689,2847.199951,2493.535474,,0.567933,,4987.070801,
Sample,25/04/2023 13:15,23,,,12671226,12.935762,3202421,1.0449,0.0315,2848.800049,2494.887973,,0.568125,,4989.775879,
Sample,25/04/2023 13:15,23,,,12671005,12.938234,3202368,1.044882,0.0459,2847,2493.366463,,0.567842,,4986.73291,
Sample,25/04/2023 13:15,23,,,12670605,12.942707,3202548,1.044942,0.0429,2852,2497.592763,,0.568805,,4995.185547,
Sample,25/04/2023 13:15,23,,,12670119,12.948142,3202664,1.04498,0.1298,2843,2489.985424,,0.569425,,4979.970703,
Sample,25/04/2023 13:15,23,,,12669603,12.953913,3202390,1.04489,0.2085,2768.199951,2426.759942,,0.56796,,4853.52002,
Sample,25/04/2023 13:15,23,,,12669161,12.958856,3202474,1.044917,0.0412,2851.5,2497.170133,,0.568409,,4994.340332,
Sample,25/04/2023 13:15,23,,,12668772,12.963207,3202267,1.044849,0.0038,2864.800049,2508.412131,,0.567301,,5016.824219,
Sample,25/04/2023 13:15,23,,,12668373,12.967669,3202339,1.044873,0.0314,2850.100098,2495.986852,,0.567687,,4991.973633,
Sample,25/04/2023 13:15,23,,,12667986,12.971997,3202497,1.044925,0.0299,2862.100098,2506.129971,,0.568532,,5012.259766,
Sample,25/04/2023 13:15,23,,,12667604,12.97627,3202558,1.044945,0.0536,2852.699951,2498.184404,,0.568858,,4996.368652,
Sample,25/04/2023 13:15,23,,,12667162,12.981213,3202348,1.044876,0.0821,2903.300049,2540.954637,,0.567735,,5081.90918,
Sample,25/04/2023 13:15,23,,,12666781,12.985474,3202319,1.044866,0.2146,2778.800049,2435.719779,,0.56758,,4871.439453,
Sample,25/04/2023 13:15,23,,,12666395,12.989791,3202490,1.044922,0.093,3778.800049,3280.979684,,0.568494,,6561.959473,
Sample,25/04/2023 13:15,23,,,12666010,12.994097,3202523,1.044933,0.0963,3772.100098,3275.316484,,0.568671,,6550.632812,
Sample,25/04/2023 13:15,23,9424261,5.723449,12665649,12.998134,3202317,1.044866,0.0839,3661.899902,3182.168677,,0.567569,,6364.337402,
Sample,25/04/2023 13:15,23,,,12665426,13.000628,3202517,1.044931,0.0285,3436.5,2991.647177,,0.568639,,5983.294434,
Sample,25/04/2023 13:15,23,,,12665292,13.002127,3202392,1.04489,0.0675,3606,3134.918731,,0.56797,,6269.837402,
Sample,25/04/2023 13:15,23,,,12665145,13.003771,3202536,1.044938,0.1182,2463.899902,2169.547311,,0.56874,,4339.094727,
Sample,25/04/2023 13:15,23,,,12664890,13.006623,3202655,1.044977,0.7889,3384.699951,2947.862673,,0.569377,,5895.725586,
Sample,25/04/2023 13:15,23,,,12664688,13.008882,3202446,1.044908,0.0719,3747.600098,3254.607616,,0.568259,,6509.215332,
Sample,25/04/2023 13:15,23,,,12664819,13.007417,3202488,1.044922,0.086,2793.199951,2447.891439,,0.568484,,4895.782715,
Sample,25/04/2023 13:15,23,,,12664809,13.007528,3202451,1.04491,0.0768,3758.600098,3263.905475,,0.568286,,6527.811035,
Sample,25/04/2023 13:15,23,,,12664840,13.007182,3202353,1.044877,0.0833,2928.199951,2562.001526,,0.567762,,5124.00293,
Sample,25/04/2023 13:15,23,,,12664677,13.009005,3202486,1.044921,0.5665,2539.899902,2233.787064,,0.568473,,4467.574219,
Sample,25/04/2023 13:15,23,,,12664351,13.012651,3202489,1.044922,0.0249,2870.399902,2513.145463,,0.568489,,5026.291016,
Sample,25/04/2023 13:15,23,,,12663856,13.018187,3202404,1.044894,0.1296,2117,1876.326733,,0.568034,,3752.653564,
Sample,25/04/2023 13:15,23,,,12663474,13.022459,3202514,1.04493,0.0425,2858.199951,2502.833333,,0.568623,,5005.666504,
Sample,25/04/2023 13:15,23,,,12663095,13.026698,3202552,1.044943,0.1067,3563,3098.572555,,0.568826,,6197.14502,
Sample,25/04/2023 13:15,23,,,12662832,13.029639,3202282,1.044854,0.0321,2874.800049,2516.86473,,0.567382,,5033.729492,
Sample,25/04/2023 13:15,23,,,12662526,13.033061,3202437,1.044905,0.0481,2859.300049,2503.763202,,0.568211,,5007.526367,
Sample,25/04/2023 13:15,23,,,12662352,13.035007,3202569,1.044948,0.0456,2877.800049,2519.40051,,0.568917,,5038.800781,
Sample,25/04/2023 13:15,23,,,12662527,13.03305,3202491,1.044923,0.0519,2864.199951,2507.904893,,0.5685,,5015.80957,
Sample,25/04/2023 13:15,23,,,12662587,13.032379,3202467,1.044915,0.2818,2789.300049,2444.595008,,0.568371,,4889.189941,
Sample,25/04/2023 13:15,23,,,12662644,13.031741,3202351,1.044877,0.0411,2873,2515.343221,,0.567751,,5030.686523,
Sample,25/04/2023 13:15,23,9424135,5.722756,12662705,13.031059,3202335,1.044872,0.0483,2867.600098,2510.7789,,0.567665,,5021.557617,
Sample,25/04/2023 13:15,23,,,12662575,13.032513,3202439,1.044906,0.0547,2861.699951,2505.791743,,0.568222,,5011.583496,
Sample,25/04/2023 13:15,23,,,12662429,13.034146,3202606,1.044961,0.0165,2868.5,2511.539551,,0.569115,,5023.079102,
Sample,25/04/2023 13:15,23,,,12662295,13.035645,3202276,1.044852,0.0473,2865.300049,2508.834761,,0.56735,,5017.669434,
Sample,25/04/2023 13:15,23,,,12662153,13.037233,3202451,1.04491,0.0487,2859.5,2503.932212,,0.568286,,5007.864258,
Sample,25/04/2023 13:15,23,,,12661882,13.040264,3202520,1.044932,0.0415,2861.199951,2505.369113,,0.568655,,5010.738281,
Sample,25/04/2023 13:15,23,,,12661418,13.045453,3202433,1.044904,5.2796,2859.699951,2504.101223,,0.56819,,5008.202637,
Sample,25/04/2023 13:15,23,,,12660913,13.051101,3202384,1.044888,0.0304,2854.699951,2499.874923,,0.567927,,4999.75,
Sample,25/04/2023 13:15,23,,,12660422,13.056592,3202393,1.044891,3.9574,2853.300049,2498.691642,,0.567976,,4997.383301,
Sample,25/04/2023 13:15,23,,,12660060,13.060641,3202392,1.04489,5.2426,2854,2499.283283,,0.56797,,4998.566406,
Sample,25/04/2023 13:15,23,,,12659724,13.064398,3202454,1.044911,5.2039,2853,2498.438023,,0.568302,,4996.875977,
Sample,25/04/2023 13:15,23,,,12659327,13.068838,3202432,1.044903,1.5645,2858.600098,2503.171561,,0.568184,,5006.343262,
Sample,25/04/2023 13:15,23,,,12658961,13.072932,3202368,1.044882,5.165999,2854.800049,2499.959532,,0.567842,,4999.918945,
Sample,25/04/2023 13:15,23,,,12658706,13.075784,3202383,1.044887,5.2157,2856.899902,2501.734454,,0.567922,,5003.46875,
Sample,25/04/2023 13:15,23,,,12658479,13.078322,3202599,1.044958,0.0621,2863.300049,2507.144241,,0.569077,,5014.288574,
Sample,25/04/2023 13:15,23,,,12658383,13.079396,3202211,1.044831,5.2248,2856.600098,2501.481041,,0.567002,,5002.961914,
Sample,25/04/2023 13:15,23,,,12658307,13.080246,3202411,1.044896,5.198299,2858.300049,2502.917942,,0.568072,,5005.835938,
Sample,25/04/2023 13:15,23,,,12658135,13.08217,3202431,1.044903,5.2478,2856,2500.973803,,0.568179,,5001.947754,
Sample,25/04/2023 13:15,23,,,12657992,13.083769,3202402,1.044894,5.1905,2855.399902,2500.466564,,0.568024,,5000.933105,
Sample,25/04/2023 13:15,23,,,12657723,13.086778,3202341,1.044873,5.2518,2852.399902,2497.930784,,0.567697,,4995.861328,
Sample,25/04/2023 13:15,23,9424082,5.722465,12657509,13.089171,3202401,1.044893,5.209701,2858.699951,2503.255963,,0.568018,,5006.511719,
Sample,25/04/2023 13:15,23,,,12657166,13.093007,3202326,1.044869,5.1919,2854.699951,2499.874923,,0.567617,,4999.75,
Sample,25/04/2023 13:15,23,,,12657017,13.094673,3202261,1.044847,5.2495,2855.600098,2500.635781,,0.567269,,5001.271484,
Sample,25/04/2023 13:15,23,,,12656819,13.096888,3202374,1.044884,5.178,2856.800049,2501.650052,,0.567874,,5003.300293,
Sample,25/04/2023 13:16,23,,,12656570,13.099673,3202424,1.044901,5.2754,2857.100098,2501.903671,,0.568141,,5003.807129,
Sample,25/04/2023 13:16,23,,,12656834,13.09672,3202309,1.044863,4.4131,2856.300049,2501.227422,,0.567526,,5002.455078,
Sample,25/04/2023 13:16,23,,,12657153,13.093152,3202421,1.0449,5.2541,2855,2500.128543,,0.568125,,5000.257324,
Sample,25/04/2023 13:16,23,,,12657155,13.09313,3202538,1.044938,5.184,2860.699951,2504.946483,,0.568751,,5009.893066,
Sample,25/04/2023 13:16,23,,,12656981,13.095076,3202388,1.044889,5.226501,2859.300049,2503.763202,,0.567949,,5007.526367,
Sample,25/04/2023 13:16,23,,,12656784,13.097279,3202354,1.044878,0.1714,2860.5,2504.777472,,0.567767,,5009.555176,
Sample,25/04/2023 13:16,23,,,12656539,13.100019,3202222,1.044834,5.1873,2861.199951,2505.369113,,0.567061,,5010.738281,
Sample,25/04/2023 13:16,23,,,12656273,13.102994,3202282,1.044854,5.2162,2862,2506.045362,,0.567382,,5012.09082,
Sample,25/04/2023 13:16,23,,,12655856,13.107658,3202389,1.044889,5.2166,2859.600098,2504.016821,,0.567954,,5008.033691,
Sample,25/04/2023 13:16,23,,,12655355,13.113261,3202222,1.044834,5.2209,2860.800049,2505.031091,,0.567061,,5010.062012,
Sample,25/04/2023 13:16,23,,,12654945,13.117847,3202340,1.044873,5.2096,2860.699951,2504.946483,,0.567692,,5009.893066,
Sample,25/04/2023 13:16,23,,,12654689,13.12071,3202525,1.044934,5.2477,2860.899902,2505.115494,,0.568682,,5010.230957,
Sample,25/04/2023 13:16,23,,,12654623,13.121448,3202373,1.044884,5.1349,2861.300049,2505.453721,,0.567869,,5010.907227,
Sample,25/04/2023 13:16,23,,,12654435,13.123551,3202264,1.044848,5.2648,2864.600098,2508.24312,,0.567285,,5016.486328,
Sample,25/04/2023 13:16,23,,,12654469,13.12317,3202253,1.044845,5.141601,2862.699951,2506.637003,,0.567227,,5013.273926,
Sample,25/04/2023 13:16,23,,,12654474,13.123115,3202358,1.044879,0.0514,2864,2507.735882,,0.567788,,5015.47168,
Sample,25/04/2023 13:16,23,9424003,5.72203,12654516,13.122645,3202298,1.044859,5.1588,2861,2505.200102,,0.567467,,5010.400391,
Sample,25/04/2023 13:16,23,,,12654406,13.123875,3202428,1.044902,0.0313,2863,2506.890622,,0.568163,,5013.78125,
Sample,25/04/2023 13:16,23,,,12654368,13.1243,3202332,1.044871,5.0922,2861.699951,2505.791743,,0.567649,,5011.583496,
Sample,25/04/2023 13:16,23,,,12654271,13.125385,3202303,1.044861,0.0182,2866,2509.426402,,0.567494,,5018.853027,
Sample,25/04/2023 13:16,23,,,12653979,13.128651,3202284,1.044855,0.0481,2865,2508.581142,,0.567392,,5017.162109,
Sample,25/04/2023 13:16,23,,,12653878,13.12978,3202237,1.044839,5.1732,2863,2506.890622,,0.567141,,5013.78125,
Sample,25/04/2023 13:16,23,,,12653627,13.132587,3202361,1.04488,0.0264,2864.899902,2508.496533,,0.567804,,5016.993164,
Sample,25/04/2023 13:16,23,,,12653408,13.135037,3202227,1.044836,0.0413,2867.399902,2510.609683,,0.567087,,5021.219238,
Sample,25/04/2023 13:16,23,,,12653210,13.137251,3202233,1.044838,5.207799,2864.300049,2507.989501,,0.56712,,5015.979004,
Sample,25/04/2023 13:16,23,,,12652863,13.141132,3202283,1.044854,0.0273,2868,2511.116921,,0.567387,,5022.233887,
Sample,25/04/2023 13:16,23,,,12652580,13.144297,3202259,1.044847,5.1189,2859.199951,2503.678593,,0.567259,,5007.357422,
Sample,25/04/2023 13:16,23,,,12652330,13.147093,3202408,1.044896,0.1408,2862.800049,2506.721611,,0.568056,,5013.443359,
Sample,25/04/2023 13:16,23,,,12652015,13.150616,3202278,1.044853,0.0451,2863.100098,2506.97523,,0.56736,,5013.950684,
Sample,25/04/2023 13:16,23,,,12651811,13.152898,3202308,1.044863,0.0413,2865.300049,2508.834761,,0.567521,,5017.669434,
Sample,25/04/2023 13:16,23,,,12651554,13.155772,3202269,1.04485,0.0327,2864.300049,2507.989501,,0.567312,,5015.979004,
Sample,25/04/2023 13:16,23,,,12651186,13.159888,3202184,1.044822,0.0386,2867.100098,2510.35627,,0.566857,,5020.712402,
Sample,25/04/2023 13:16,23,,,12650627,13.16614,3202303,1.044861,5.217299,2867.5,2510.694291,,0.567494,,5021.388672,
Sample,25/04/2023 13:16,23,,,12650146,13.17152,3202261,1.044847,0.031,2869.600098,2512.46942,,0.567269,,5024.938965,
Sample,25/04/2023 13:16,23,,,12649774,13.17568,3202194,1.044825,0.0265,2871.399902,2513.990723,,0.566911,,5027.981445,
Sample,25/04/2023 13:16,23,,,12649437,13.179449,3202286,1.044855,0.0446,2871.300049,2513.90632,,0.567403,,5027.8125,
Sample,25/04/2023 13:16,23,9423976,5.721882,12649151,13.182648,3202249,1.044843,0.0442,2873.300049,2515.59684,,0.567205,,5031.193848,
Sample,25/04/2023 13:16,23,,,12648925,13.185176,3202044,1.044776,0.0283,2881.300049,2522.358919,,0.566108,,5044.717773,
Sample,25/04/2023 13:16,23,,,12648768,13.186932,3202412,1.044897,5.232,2886.800049,2527.007849,,0.568077,,5054.015625,
Sample,25/04/2023 13:16,23,,,12648610,13.188699,3202337,1.044872,0.0528,2894.399902,2533.4317,,0.567676,,5066.863281,
Sample,25/04/2023 13:16,23,,,12648437,13.190634,3202248,1.044843,0.0369,2907.800049,2544.758307,,0.5672,,5089.516602,
Sample,25/04/2023 13:16,23,,,12648281,13.192378,3202403,1.044894,0.0414,2905.300049,2542.645157,,0.568029,,5085.290527,
Sample,25/04/2023 13:16,23,,,12648184,13.193463,3202321,1.044867,0.0615,2907.800049,2544.758307,,0.56759,,5089.516602,
Sample,25/04/2023 13:16,23,,,12648153,13.19381,3202193,1.044825,0.2993,2910.600098,2547.125076,,0.566905,,5094.25,
Sample,25/04/2023 13:16,23,,,12648126,13.194112,3202256,1.044846,0.0416,2917.800049,2553.210906,,0.567243,,5106.421875,
Sample,25/04/2023 13:16,23,,,12647952,13.196058,3202173,1.044818,0.0323,2913.699951,2549.745258,,0.566798,,5099.490723,
Sample,25/04/2023 13:16,23,,,12647747,13.198351,3202141,1.044808,0.0455,2916.899902,2552.450048,,0.566627,,5104.899902,
Sample,25/04/2023 13:16,23,,,12647486,13.20127,3202218,1.044833,5.2896,2918.100098,2553.464525,,0.567039,,5106.929199,
Sample,25/04/2023 13:16,23,,,12647190,13.20458,3202361,1.04488,0.0325,2920.5,2555.493066,,0.567804,,5110.986328,
Sample,25/04/2023 13:16,23,,,12646930,13.207488,3202129,1.044804,0.0404,2927.399902,2561.325277,,0.566563,,5122.650391,
Sample,25/04/2023 13:16,23,,,12646554,13.211694,3201932,1.044739,5.2573,2915.300049,2551.097756,,0.565508,,5102.195312,
Sample,25/04/2023 13:16,23,,,12646212,13.215519,3202286,1.044855,0.0334,2922.100098,2556.845565,,0.567403,,5113.690918,
Sample,25/04/2023 13:16,23,,,12645797,13.22016,3201982,1.044755,0.0457,2922.100098,2556.845565,,0.565776,,5113.690918,
Sample,25/04/2023 13:16,23,,,12645274,13.22601,3202182,1.044821,0.3922,2918.300049,2553.633536,,0.566847,,5107.26709,
Sample,25/04/2023 13:16,23,,,12644810,13.231199,3202275,1.044852,0.0465,2918.800049,2554.056166,,0.567344,,5108.112305,
Sample,25/04/2023 13:16,23,,,12644321,13.236669,3202226,1.044836,0.0338,2919.5,2554.647807,,0.567082,,5109.29541,
Sample,25/04/2023 13:16,23,9423914,5.721541,12643758,13.242965,3202172,1.044818,0.0482,2938.600098,2570.792353,,0.566793,,5141.584473,
Sample,25/04/2023 13:16,23,,,12643257,13.248569,3202263,1.044848,0.0354,2919.199951,2554.394187,,0.56728,,5108.788574,
Sample,25/04/2023 13:16,23,,,12642828,13.253367,3202215,1.044832,0.0337,2915.600098,2551.351375,,0.567023,,5102.702637,
Sample,25/04/2023 13:16,23,,,12642494,13.257103,3202032,1.044772,0.0307,2930.399902,2563.861057,,0.566044,,5127.722168,
Sample,25/04/2023 13:17,23,,,12642153,13.260917,3202119,1.044801,0.0436,2910.300049,2546.871457,,0.566509,,5093.742676,
Sample,25/04/2023 13:17,23,,,12641829,13.264541,3202169,1.044817,0.0446,2912.300049,2548.561976,,0.566777,,5097.124023,
Sample,25/04/2023 13:17,23,,,12641557,13.267583,3202152,1.044811,4.8711,2911.300049,2547.716717,,0.566686,,5095.433594,
Sample,25/04/2023 13:17,23,,,12641269,13.270804,3202200,1.044827,0.0335,2908.199951,2545.096328,,0.566943,,5090.192871,
Sample,25/04/2023 13:17,23,,,12641198,13.271598,3202240,1.04484,0.0416,2940.300049,2572.229254,,0.567157,,5144.458496,
Sample,25/04/2023 13:17,23,,,12641033,13.273444,3202001,1.044762,5.2937,2918.899902,2554.140568,,0.565878,,5108.28125,
Sample,25/04/2023 13:17,23,,,12640924,13.274663,3202146,1.044809,0.0298,2924.300049,2558.705095,,0.566654,,5117.410156,
Sample,25/04/2023 13:17,23,,,12640819,13.275837,3202100,1.044794,0.0443,2918.300049,2553.633536,,0.566408,,5107.26709,
Sample,25/04/2023 13:17,23,,,12640565,13.278678,3202121,1.044801,0.0466,2917.5,2552.957287,,0.56652,,5105.914551,
Sample,25/04/2023 13:17,23,,,12640215,13.282593,3202258,1.044846,0.0427,2918,2553.379917,,0.567253,,5106.759766,
Sample,25/04/2023 13:17,23,,,12639853,13.286642,3202255,1.044845,0.0479,2919.800049,2554.901426,,0.567237,,5109.802734,
Sample,25/04/2023 13:17,23,,,12639754,13.287749,3202028,1.044771,0.0282,2918.199951,2553.548927,,0.566022,,5107.097656,
Sample,25/04/2023 13:17,23,,,12639805,13.287178,3202192,1.044825,0.038,2925.600098,2559.803974,,0.5669,,5119.60791,
Sample,25/04/2023 13:17,23,,,12639706,13.288286,3201911,1.044732,5.3031,2917.600098,2553.041895,,0.565396,,5106.083984,
Sample,25/04/2023 13:17,23,,,12639461,13.291026,3202112,1.044798,0.0284,2921.300049,2556.169316,,0.566472,,5112.338867,
Sample,25/04/2023 13:17,23,,,12639290,13.292939,3202213,1.044831,5.198299,2927.399902,2561.325277,,0.567013,,5122.650391,
Sample,25/04/2023 13:17,23,9423883,5.721371,12639118,13.294862,3202110,1.044798,0.034,2932,2565.213555,,0.566461,,5130.427246,
Sample,25/04/2023 13:17,23,,,12638832,13.298061,3202119,1.044801,5.2109,2930.5,2563.945665,,0.566509,,5127.891113,
Sample,25/04/2023 13:17,23,,,12638575,13.300936,3202258,1.044846,0.0082,2933.600098,2566.566054,,0.567253,,5133.132324,
Sample,25/04/2023 13:17,23,,,12638304,13.303967,3201995,1.04476,0.0257,2934.399902,2567.242097,,0.565846,,5134.484375,
Sample,25/04/2023 13:17,23,,,12637963,13.307781,3202106,1.044796,0.0337,2932.199951,2565.382566,,0.56644,,5130.765137,
Sample,25/04/2023 13:17,23,,,12637785,13.309772,3202202,1.044828,0.0421,2939,2571.130375,,0.566954,,5142.260742,
Sample,25/04/2023 13:17,23,,,12637650,13.311282,3202004,1.044763,2.1924,2933.899902,2566.819467,,0.565894,,5133.63916,
Sample,25/04/2023 13:17,23,,,12637456,13.313452,3202016,1.044767,0.0642,2930.600098,2564.030274,,0.565958,,5128.060547,
Sample,25/04/2023 13:17,23,,,12637212,13.316181,3202041,1.044775,0.0351,2930.300049,2563.776655,,0.566092,,5127.553223,
Sample,25/04/2023 13:17,23,,,12637036,13.318149,3202013,1.044766,0.0364,2930.699951,2564.114676,,0.565942,,5128.229492,
Sample,25/04/2023 13:17,23,,,12636797,13.320822,3202062,1.044782,0.0449,2927,2560.987256,,0.566204,,5121.974609,
Sample,25/04/2023 13:17,23,,,12636479,13.324379,3202196,1.044826,0.0465,2930.800049,2564.199285,,0.566922,,5128.398438,
Sample,25/04/2023 13:17,23,,,12636228,13.327187,3202063,1.044782,0.0404,2934.199951,2567.073086,,0.56621,,5134.145996,
Sample,25/04/2023 13:17,23,,,12635992,13.329826,3202072,1.044785,0.0402,2936.300049,2568.848214,,0.566258,,5137.696289,
Sample,25/04/2023 13:17,23,,,12635841,13.331515,3202145,1.044809,0.0375,2942.399902,2574.004176,,0.566649,,5148.008301,
Sample,25/04/2023 13:17,23,,,12635740,13.332645,3201933,1.044739,0.0585,2935.399902,2568.087356,,0.565514,,5136.174805,
Sample,25/04/2023 13:17,23,,,12635619,13.333998,3202043,1.044776,0.0451,2930.199951,2563.692046,,0.566103,,5127.384277,
Sample,25/04/2023 13:17,23,,,12635321,13.337332,3202140,1.044807,0.0263,2926.5,2560.564626,,0.566622,,5121.129395,
Sample,25/04/2023 13:17,23,,,12635081,13.340016,3209512,1.047231,0.0477,2926.300049,2560.395615,,0.605823,,5120.791016,
Sample,25/04/2023 13:17,23,,,12634940,13.341593,3202101,1.044795,4.8136,2923.5,2558.028846,,0.566413,,5116.057617,
Sample,25/04/2023 13:17,23,9423835,5.721107,12634852,13.342577,3201895,1.044727,5.3929,2923.199951,2557.775227,,0.56531,,5115.550293,
Sample,25/04/2023 13:17,23,,,12634657,13.344758,3201950,1.044745,5.3405,2922.5,2557.183586,,0.565605,,5114.367188,
Sample,25/04/2023 13:17,23,,,12634466,13.346895,3202075,1.044786,5.3813,2924.300049,2558.705095,,0.566274,,5117.410156,
Sample,25/04/2023 13:17,23,,,12634494,13.346582,3202089,1.044791,5.375,2928,2561.832516,,0.566349,,5123.665039,
Sample,25/04/2023 13:17,23,,,12634431,13.347286,3202014,1.044766,5.361701,2935.399902,2568.087356,,0.565947,,5136.174805,
Sample,25/04/2023 13:17,23,,,12634202,13.349848,3202097,1.044793,5.3881,2933.600098,2566.566054,,0.566392,,5133.132324,
Sample,25/04/2023 13:17,23,,,12633995,13.352163,3201985,1.044756,0.0174,2940.899902,2572.736286,,0.565792,,5145.472656,
Sample,25/04/2023 13:17,23,,,12633771,13.354668,3202032,1.044772,0.0422,2941.300049,2573.074514,,0.566044,,5146.148926,
Sample,25/04/2023 13:17,23,,,12633513,13.357554,3201931,1.044739,0.0389,2938.800049,2570.961364,,0.565503,,5141.922852,
Sample,25/04/2023 13:17,23,,,12633271,13.360261,3202096,1.044793,0.0419,2938.600098,2570.792353,,0.566386,,5141.584473,
Sample,25/04/2023 13:17,23,,,12633047,13.362767,3201907,1.044731,0.0243,2935.699951,2568.340976,,0.565375,,5136.682129,
Sample,25/04/2023 13:17,23,,,12632763,13.365943,3202045,1.044776,0.0579,2934.600098,2567.411314,,0.566113,,5134.822754,
Sample,25/04/2023 13:17,23,,,12632530,13.368549,3201900,1.044729,0.0292,2932.5,2565.636185,,0.565337,,5131.272461,
Sample,25/04/2023 13:17,23,,,12632388,13.370138,3201935,1.04474,0.0083,2935.300049,2568.002954,,0.565524,,5136.005859,
Sample,25/04/2023 13:17,23,,,12632255,13.371625,3202090,1.044791,0.0411,2932.5,2565.636185,,0.566354,,5131.272461,
Sample,25/04/2023 13:17,23,,,12632269,13.371469,3202057,1.04478,0.0386,2935.5,2568.171965,,0.566178,,5136.34375,
Sample,25/04/2023 13:17,23,,,12632435,13.369612,3201881,1.044722,0.0324,2943.600098,2575.018653,,0.565235,,5150.037109,
Sample,25/04/2023 13:17,23,,,12632725,13.366368,3201958,1.044748,0.0418,2942.399902,2574.004176,,0.565648,,5148.008301,
Sample,25/04/2023 13:17,23,,,12632783,13.365719,3201955,1.044747,0.0343,2944.199951,2575.525685,,0.565632,,5151.05127,
Sample,25/04/2023 13:17,23,,,12632682,13.366849,3201917,1.044734,0.0354,2946.800049,2577.723443,,0.565428,,5155.446777,
Sample,25/04/2023 13:17,23,9423764,5.720716,12632642,13.367297,3201993,1.044759,0.0205,2951.100098,2581.358102,,0.565835,,5162.716309,
Sample,25/04/2023 13:17,23,,,12632613,13.367621,3202012,1.044765,0.0437,2950.100098,2580.512842,,0.565937,,5161.025879,
Sample,25/04/2023 13:17,23,,,12632584,13.367945,3201824,1.044704,0.0239,2950.600098,2580.935472,,0.56493,,5161.871094,
Sample,25/04/2023 13:17,23,,,12632536,13.368482,3201911,1.044732,0.0372,2952.800049,2582.795003,,0.565396,,5165.589844,
Sample,25/04/2023 13:18,23,,,12632419,13.369791,3201881,1.044722,0.0477,2953.899902,2583.724665,,0.565235,,5167.449219,
Sample,25/04/2023 13:18,23,,,12632147,13.372833,3201930,1.044738,0.0362,2949.899902,2580.343625,,0.565498,,5160.687012,
Sample,25/04/2023 13:18,23,,,12631745,13.37733,3201964,1.04475,0.028,2950.600098,2580.935472,,0.56568,,5161.871094,
Sample,25/04/2023 13:18,23,,,12631437,13.380775,3201948,1.044744,0.0292,2950.699951,2581.019874,,0.565594,,5162.039551,
Sample,25/04/2023 13:18,23,,,12631159,13.383884,3201893,1.044726,0.0443,2944.100098,2575.441283,,0.5653,,5150.882324,
Sample,25/04/2023 13:18,23,,,12631017,13.385473,3201975,1.044753,0.0345,2941,2572.820894,,0.565739,,5145.641602,
Sample,25/04/2023 13:18,23,,,12630936,13.386379,3201964,1.04475,0.0323,2945.800049,2576.878183,,0.56568,,5153.756348,
Sample,25/04/2023 13:18,23,,,12630728,13.388705,3201806,1.044698,0.0432,2941.800049,2573.497144,,0.564834,,5146.994141,
Sample,25/04/2023 13:18,23,,,12630477,13.391513,3201937,1.044741,0.0286,2946.899902,2577.807845,,0.565535,,5155.615723,
Sample,25/04/2023 13:18,23,,,12630237,13.394197,3201925,1.044737,0.0389,2948.800049,2579.413963,,0.565471,,5158.828125,
Sample,25/04/2023 13:18,23,,,12629910,13.397855,3201855,1.044714,0.0268,2948.899902,2579.498365,,0.565096,,5158.996582,
Sample,25/04/2023 13:18,23,,,12629560,13.40177,3201918,1.044734,0.0389,2949.300049,2579.836593,,0.565433,,5159.67334,
Sample,25/04/2023 13:18,23,,,12629414,13.403403,3201906,1.044731,0.0147,2951.800049,2581.949743,,0.565369,,5163.899414,
Sample,25/04/2023 13:18,23,,,12629222,13.405551,3201877,1.044721,0.0311,2953.5,2583.386643,,0.565214,,5166.773438,
Sample,25/04/2023 13:18,23,,,12629122,13.406669,3201764,1.044684,0.0393,2950.699951,2581.019874,,0.564609,,5162.039551,
Sample,25/04/2023 13:18,23,,,12629000,13.408034,3202071,1.044785,0.0368,2955.899902,2585.415185,,0.566253,,5170.830566,
Sample,25/04/2023 13:18,23,9423733,5.720546,12628932,13.408794,3201726,1.044671,0.0439,2962.100098,2590.655961,,0.564405,,5181.312012,
Sample,25/04/2023 13:18,23,,,12628842,13.409801,3201985,1.044756,0.0238,2957.100098,2586.429661,,0.565792,,5172.859375,
Sample,25/04/2023 13:18,23,,,12628760,13.410718,3202005,1.044763,0.0344,2962.199951,2590.740363,,0.565899,,5181.480957,
Sample,25/04/2023 13:18,23,,,12628642,13.412038,3201717,1.044668,0.0159,2957.800049,2587.021302,,0.564357,,5174.04248,
Sample,25/04/2023 13:18,23,,,12628427,13.414443,3201872,1.044719,0.0456,2963.899902,2592.177264,,0.565187,,5184.354492,
Sample,25/04/2023 13:18,23,,,12628167,13.417351,3201833,1.044707,0.0367,2956.100098,2585.584402,,0.564978,,5171.168945,
Sample,25/04/2023 13:18,23,,,12627971,13.419544,3201845,1.04471,0.0391,2959,2588.035573,,0.565043,,5176.071289,
Sample,25/04/2023 13:18,23,,,12627654,13.423089,3201777,1.044688,0.0332,2957,2586.345053,,0.564678,,5172.689941,
Sample,25/04/2023 13:18,23,,,12627388,13.426065,3201833,1.044707,0.0338,2957,2586.345053,,0.564978,,5172.689941,
Sample,25/04/2023 13:18,23,,,12627242,13.427698,3201866,1.044717,0.0277,2954.600098,2584.316512,,0.565155,,5168.632812,
Sample,25/04/2023 13:18,23,,,12627119,13.429074,3201907,1.044731,0.0451,2962.199951,2590.740363,,0.565375,,5181.480957,
Sample,25/04/2023 13:18,23,,,12626924,13.431255,3201920,1.044735,0.0313,2961.100098,2589.810701,,0.565444,,5179.621582,
Sample,25/04/2023 13:18,23,,,12626737,13.433347,3201746,1.044678,0.0412,2956.100098,2585.584402,,0.564512,,5171.168945,
Sample,25/04/2023 13:18,23,,,12626503,13.435964,3201888,1.044725,0.0298,2952.5,2582.541383,,0.565273,,5165.083008,
Sample,25/04/2023 13:18,23,,,12626212,13.439219,3201930,1.044738,0.0239,2956.100098,2585.584402,,0.565498,,5171.168945,
Sample,25/04/2023 13:18,23,,,12626014,13.441434,3201721,1.04467,0.0382,2957,2586.345053,,0.564379,,5172.689941,
Sample,25/04/2023 13:18,23,,,12625965,13.441982,3201894,1.044727,0.0241,2959.399902,2588.373594,,0.565305,,5176.74707,
Sample,25/04/2023 13:18,23,,,12625915,13.442541,3201851,1.044712,0.0236,2965.199951,2593.276143,,0.565075,,5186.552246,
Sample,25/04/2023 13:18,23,,,12625865,13.443101,3201834,1.044707,0.0483,2957.100098,2586.429661,,0.564984,,5172.859375,
Sample,25/04/2023 13:18,23,,,12625805,13.443772,3201877,1.044721,0.023,2963.600098,2591.923851,,0.565214,,5183.847656,
Sample,25/04/2023 13:18,23,9423665,5.720172,12625627,13.445763,3201786,1.044691,0.0237,2963.899902,2592.177264,,0.564727,,5184.354492,
Sample,25/04/2023 13:18,23,,,12625416,13.448123,3201676,1.044655,0.043,2960,2588.880833,,0.564137,,5177.761719,
Sample,25/04/2023 13:18,23,,,12625294,13.449488,3201814,1.0447,0.0399,2957.199951,2586.514064,,0.564877,,5173.02832,
Sample,25/04/2023 13:18,23,,,12625203,13.450506,3201870,1.044719,0.0411,2962,2590.571352,,0.565176,,5181.142578,
Sample,25/04/2023 13:18,23,,,12625268,13.449779,3201583,1.044624,0.0307,2957.399902,2586.683074,,0.563639,,5173.366211,
Sample,25/04/2023 13:18,23,,,12625343,13.44894,3201849,1.044712,0.0346,2956.100098,2585.584402,,0.565064,,5171.168945,
Sample,25/04/2023 13:18,23,,,12625304,13.449376,3201734,1.044674,0.0445,2956.600098,2586.007032,,0.564448,,5172.01416,
Sample,25/04/2023 13:18,23,,,12625096,13.451703,3201736,1.044675,0.0281,2955.699951,2585.246174,,0.564459,,5170.492188,
Sample,25/04/2023 13:18,23,,,12624809,13.454913,3201756,1.044681,0.0451,2960,2588.880833,,0.564566,,5177.761719,
Sample,25/04/2023 13:18,23,,,12624654,13.456647,3201863,1.044716,0.0305,2961.699951,2590.317733,,0.565139,,5180.635254,
Sample,25/04/2023 13:18,23,,,12624629,13.456926,3201570,1.04462,0.0398,2956.399902,2585.837814,,0.56357,,5171.675781,
Sample,25/04/2023 13:18,23,,,12624571,13.457575,3201786,1.044691,0.0226,2956.699951,2586.091434,,0.564727,,5172.183105,
Sample,25/04/2023 13:18,23,,,12624672,13.456445,3201792,1.044693,0.0235,2960.5,2589.303463,,0.564759,,5178.606934,
Sample,25/04/2023 13:18,23,,,12624744,13.45564,3201724,1.044671,0.029,2955.300049,2584.908152,,0.564395,,5169.816406,
Sample,25/04/2023 13:18,23,,,12624748,13.455595,3201756,1.044681,0.0214,2956.699951,2586.091434,,0.564566,,5172.183105,
Sample,25/04/2023 13:18,23,,,12624682,13.456334,3201679,1.044656,0.0272,2953.5,2583.386643,,0.564154,,5166.773438,
Sample,25/04/2023 13:18,23,,,12624576,13.457519,3201783,1.04469,0.0184,2959,2588.035573,,0.564711,,5176.071289,
Sample,25/04/2023 13:18,23,,,12624622,13.457005,3201675,1.044655,0.0498,2962.300049,2590.824972,,0.564132,,5181.649902,
Sample,25/04/2023 13:18,23,,,12624824,13.454745,3201702,1.044663,0.0434,2958.399902,2587.528334,,0.564277,,5175.056641,
Sample,25/04/2023 13:18,23,,,12624797,13.455047,3201702,1.044663,0.0233,2961,2589.726093,,0.564277,,5179.452148,
Sample,25/04/2023 13:18,23,9423627,5.719963,12624630,13.456915,3201711,1.044666,0.0341,2955.699951,2585.246174,,0.564325,,5170.492188,
Sample,25/04/2023 13:18,23,,,12624671,13.456457,3201686,1.044658,0.0292,2956.899902,2586.260444,,0.564191,,5172.520996,
Sample,25/04/2023 13:18,23,,,12624760,13.455461,3201789,1.044692,0.0323,2956.600098,2586.007032,,0.564743,,5172.01416,
Sample,25/04/2023 13:18,23,,,12624806,13.454946,3201782,1.04469,0.0465,2955.399902,2584.992555,,0.564705,,5169.985352,
Sample,25/04/2023 13:19,23,,,12624675,13.456412,3201775,1.044687,0.0334,2954.5,2584.231903,,0.564668,,5168.463867,
Sample,25/04/2023 13:19,23,,,12624361,13.459924,3201540,1.04461,0.043,2956.600098,2586.007032,,0.563409,,5172.01416,
Sample,25/04/2023 13:19,23,,,12624093,13.462922,3201742,1.044677,0.0354,2956.5,2585.922423,,0.564491,,5171.844727,
Sample,25/04/2023 13:19,23,,,12623858,13.465551,3201757,1.044682,0.0381,2960.899902,2589.641484,,0.564571,,5179.283203,
Sample,25/04/2023 13:19,23,,,12623571,13.468761,3201618,1.044636,0.0439,2960.399902,2589.218854,,0.563827,,5178.4375,
Sample,25/04/2023 13:19,23,,,12623302,13.47177,3201660,1.04465,0.0349,2963.100098,2591.501221,,0.564052,,5183.002441,
Sample,25/04/2023 13:19,23,,,12623083,13.47422,3201487,1.044593,0.0356,2956.899902,2586.260444,,0.563125,,5172.520996,
Sample,25/04/2023 13:19,23,,,12622901,13.476256,3201738,1.044675,0.037,2959.199951,2588.204583,,0.56447,,5176.40918,
Sample,25/04/2023 13:19,23,,,12622648,13.479086,3201717,1.044668,0.0485,2958.800049,2587.866562,,0.564357,,5175.73291,
Sample,25/04/2023 13:19,23,,,12622466,13.481122,3201590,1.044627,0.0441,2957.100098,2586.429661,,0.563677,,5172.859375,
Sample,25/04/2023 13:19,23,,,12622283,13.483169,3201759,1.044682,0.0466,2961.100098,2589.810701,,0.564582,,5179.621582,
Sample,25/04/2023 13:19,23,,,12622184,13.484276,3201552,1.044614,0.0235,2958.699951,2587.781954,,0.563473,,5175.563965,
Sample,25/04/2023 13:19,23,,,12622068,13.485574,3201776,1.044688,0.0284,2959.699951,2588.627213,,0.564673,,5177.254395,
Sample,25/04/2023 13:19,23,,,12621939,13.487017,3201568,1.044619,0.0253,2957.5,2586.767683,,0.563559,,5173.535156,
Sample,25/04/2023 13:19,23,,,12621745,13.489187,3201774,1.044687,0.0279,2963.199951,2591.585623,,0.564662,,5183.171387,
Sample,25/04/2023 13:19,23,,,12621543,13.491446,3201568,1.044619,5.2473,2957.399902,2586.683074,,0.563559,,5173.366211,
Sample,25/04/2023 13:19,23,9423594,5.719782,12621427,13.492744,3201716,1.044668,0.0297,2959.800049,2588.711822,,0.564352,,5177.423828,
Sample,25/04/2023 13:19,23,,,12621286,13.494321,3201529,1.044607,0.0181,2961,2589.726093,,0.56335,,5179.452148,
Sample,25/04/2023 13:19,23,,,12621271,13.494489,3201752,1.04468,0.0361,2961.100098,2589.810701,,0.564545,,5179.621582,
Sample,25/04/2023 13:19,23,,,12621357,13.493527,3201339,1.044544,0.0411,2959,2588.035573,,0.562332,,5176.071289,
Sample,25/04/2023 13:19,23,,,12621266,13.494545,3201556,1.044615,0.0452,2963.600098,2591.923851,,0.563495,,5183.847656,
Sample,25/04/2023 13:19,23,,,12621019,13.497308,3201465,1.044586,0.0327,2958.199951,2587.359324,,0.563007,,5174.71875,
Sample,25/04/2023 13:19,23,,,12620777,13.500015,3201698,1.044662,0.0317,2957.800049,2587.021302,,0.564255,,5174.04248,
Sample,25/04/2023 13:19,23,,,12620551,13.502543,3201507,1.044599,0.0415,2957.800049,2587.021302,,0.563232,,5174.04248,
Sample,25/04/2023 13:19,23,,,12620289,13.505474,3201706,1.044665,0.0443,2957.300049,2586.598672,,0.564298,,5173.197266,
Sample,25/04/2023 13:19,23,,,12619966,13.509087,3201395,1.044563,0.0411,2957.100098,2586.429661,,0.562632,,5172.859375,
Sample,25/04/2023 13:19,23,,,12619682,13.512264,3201553,1.044614,0.0283,2957.199951,2586.514064,,0.563479,,5173.02832,
Sample,25/04/2023 13:19,23,,,12619485,13.514468,3201591,1.044627,0.0312,2958.600098,2587.697551,,0.563682,,5175.39502,
Sample,25/04/2023 13:19,23,,,12619333,13.516168,3201524,1.044605,0.0421,2958.899902,2587.950964,,0.563323,,5175.901855,
Sample,25/04/2023 13:19,23,,,12619055,13.519278,3201676,1.044655,0.0461,2958,2587.190313,,0.564137,,5174.380859,
Sample,25/04/2023 13:19,23,,,12618780,13.522354,3201590,1.044627,0.0311,2956.100098,2585.584402,,0.563677,,5171.168945,
Sample,25/04/2023 13:19,23,,,12618564,13.52477,3201453,1.044582,0.0383,2957.300049,2586.598672,,0.562943,,5173.197266,
Sample,25/04/2023 13:19,23,,,12618437,13.526191,3201640,1.044643,0.042,2960.800049,2589.557082,,0.563945,,5179.114258,
Sample,25/04/2023 13:19,23,,,12618249,13.528294,3201624,1.044638,0.0364,2959,2588.035573,,0.563859,,5176.071289,
Sample,25/04/2023 13:19,23,,,12618158,13.529312,3201421,1.044571,0.0191,2961.399902,2590.064114,,0.562771,,5180.128418,
Sample,25/04/2023 13:19,23,,,12618000,13.53108,3201589,1.044626,0.044,2961.699951,2590.317733,,0.563671,,5180.635254,
Sample,25/04/2023 13:19,23,9423529,5.719424,12617827,13.533015,3201524,1.044605,0.033,2958.300049,2587.443932,,0.563323,,5174.887695,
Sample,25/04/2023 13:19,23,,,12617508,13.536583,3201480,1.04459,0.0387,2957.399902,2586.683074,,0.563087,,5173.366211,
Sample,25/04/2023 13:19,23,,,12617192,13.540118,3201726,1.044671,0.023,2957.5,2586.767683,,0.564405,,5173.535156,
Sample,25/04/2023 13:19,23,,,12616970,13.542602,3201532,1.044608,0.0352,2957.699951,2586.936694,,0.563366,,5173.873535,
Sample,25/04/2023 13:19,23,,,12616745,13.545119,3201522,1.044604,0.0403,2959.600098,2588.542811,,0.563312,,5177.085449,
Sample,25/04/2023 13:19,23,,,12616632,13.546383,3201476,1.044589,0.045,2958.5,2587.612943,,0.563066,,5175.226074,
Sample,25/04/2023 13:19,23,,,12616409,13.548877,3201642,1.044644,0.039,2961.5,2590.148723,,0.563955,,5180.297363,
Sample,25/04/2023 13:19,23,,,12616284,13.550276,3201399,1.044564,0.0579,2959.300049,2588.289192,,0.562653,,5176.578613,
Sample,25/04/2023 13:19,23,,,12616137,13.55192,3201602,1.044631,0.0353,2957.899902,2587.105704,,0.563741,,5174.211426,
Sample,25/04/2023 13:19,23,,,12615950,13.554012,3201600,1.04463,0.0262,2959.899902,2588.796224,,0.56373,,5177.592285,
Sample,25/04/2023 13:19,23,,,12615842,13.55522,3201321,1.044538,0.0216,2962.600098,2591.078591,,0.562235,,5182.157227,
Sample,25/04/2023 13:19,23,,,12615556,13.55842,3201472,1.044588,1.9677,2964.5,2592.684502,,0.563045,,5185.369141,
Sample,25/04/2023 13:19,23,,,12615286,13.56144,3201640,1.044643,0.0419,2964.300049,2592.515492,,0.563945,,5185.030762,
Sample,25/04/2023 13:19,23,,,12615103,13.563487,3201357,1.04455,0.0372,2963,2591.416612,,0.562428,,5182.833008,
Sample,25/04/2023 13:19,23,,,12615130,13.563185,3201642,1.044644,0.0375,2964.199951,2592.430883,,0.563955,,5184.861816,
Sample,25/04/2023 13:19,23,,,12615099,13.563532,3201662,1.04465,0.0165,2963.5,2591.839242,,0.564062,,5183.678711,
Sample,25/04/2023 13:19,23,,,12615080,13.563745,3201461,1.044584,0.0201,2959.5,2588.458203,,0.562986,,5176.916504,
Sample,25/04/2023 13:19,23,,,12614930,13.565423,3201576,1.044622,0.0424,2958.199951,2587.359324,,0.563602,,5174.71875,
Sample,25/04/2023 13:19,23,,,12614562,13.569539,3201525,1.044605,0.0318,2954.5,2584.231903,,0.563329,,5168.463867,
Sample,25/04/2023 13:19,23,,,12614149,13.574159,3201406,1.044566,0.0253,2960,2588.880833,,0.562691,,5177.761719,
Sample,25/04/2023 13:19,23,9423479,5.71915,12613756,13.578556,3201672,1.044654,0.0281,2966.199951,2594.121403,,0.564116,,5188.242676,
Sample,25/04/2023 13:19,23,,,12613274,13.583948,3201578,1.044623,0.0154,2961.699951,2590.317733,,0.563613,,5180.635254,
Sample,25/04/2023 13:19,23,,,12612928,13.587819,3201333,1.044542,0.5304,2961.800049,2590.402342,,0.5623,,5180.804688,
Sample,25/04/2023 13:19,23,,,12612821,13.589016,3201543,1.044611,0.0333,2963.399902,2591.754634,,0.563425,,5183.509277,
Sample,25/04/2023 13:20,23,,,12612674,13.59066,3201394,1.044562,0.0208,2961.199951,2589.895103,,0.562627,,5179.790039,
Sample,25/04/2023 13:20,23,,,12612725,13.59009,3201359,1.044551,5.3874,2960.800049,2589.557082,,0.562439,,5179.114258,
Sample,25/04/2023 13:20,23,,,12612870,13.588468,3201794,1.044694,0.0213,2959.699951,2588.627213,,0.564769,,5177.254395,
Sample,25/04/2023 13:20,23,,,12612861,13.588568,3201306,1.044533,0.0262,2961.600098,2590.233331,,0.562155,,5180.466797,
Sample,25/04/2023 13:20,23,,,12612794,13.589318,3201499,1.044597,5.406701,2961.199951,2589.895103,,0.563189,,5179.790039,
Sample,25/04/2023 13:20,23,,,12612681,13.590582,3201401,1.044565,0.0352,2960,2588.880833,,0.562664,,5177.761719,
Sample,25/04/2023 13:20,23,,,12612430,13.59339,3201390,1.044561,0.0424,2960.800049,2589.557082,,0.562605,,5179.114258,
Sample,25/04/2023 13:20,23,,,12612112,13.596947,3201321,1.044538,0.0362,2960.800049,2589.557082,,0.562235,,5179.114258,
Sample,25/04/2023 13:20,23,,,12611820,13.600214,3201440,1.044577,0.0377,2963.199951,2591.585623,,0.562873,,5183.171387,
Sample,25/04/2023 13:20,23,,,12611473,13.604096,3201267,1.04452,0.0303,2966.5,2594.375022,,0.561946,,5188.75,
Sample,25/04/2023 13:20,23,,,12611153,13.607676,3201244,1.044513,0.0293,2965.600098,2593.614371,,0.561823,,5187.228516,
Sample,25/04/2023 13:20,23,,,12610805,13.611569,3201491,1.044594,0.047,2971.399902,2598.516713,,0.563146,,5197.033203,
Sample,25/04/2023 13:20,23,,,12610519,13.614769,3201398,1.044564,0.0569,2971.600098,2598.68593,,0.562648,,5197.37207,
Sample,25/04/2023 13:20,23,,,12610305,13.617163,3201352,1.044548,0.0513,2977.300049,2603.50387,,0.562401,,5207.007812,
Sample,25/04/2023 13:20,23,,,12610075,13.619736,3201378,1.044557,0.0442,2973.300049,2600.122831,,0.562541,,5200.245605,
Sample,25/04/2023 13:20,23,,,12609819,13.6226,3201536,1.044609,0.0379,2973.300049,2600.122831,,0.563387,,5200.245605,
Sample,25/04/2023 13:20,23,9423507,5.719304,12609468,13.626526,3201392,1.044562,0.2095,2117.399902,1876.664754,,0.562616,,3753.32959,
Sample,25/04/2023 13:20,23,,,12609015,13.631594,3201518,1.044603,0.0526,3665.600098,3185.296304,,0.563291,,6370.592773,
Sample,25/04/2023 13:20,23,,,12608565,13.636629,3201491,1.044594,0.3201,3440.300049,2994.859206,,0.563146,,5989.718262,
Sample,25/04/2023 13:20,23,,,12607967,13.643319,3201379,1.044557,0.2566,3476.800049,3025.711193,,0.562546,,6051.422363,
Sample,25/04/2023 13:20,23,,,12607331,13.650434,3201392,1.044562,0.253,3460.300049,3011.764404,,0.562616,,6023.528809,
Sample,25/04/2023 13:20,23,,,12606691,13.657594,3201421,1.044571,0.3229,3462.899902,3013.961956,,0.562771,,6027.923828,
Sample,25/04/2023 13:20,23,,,12606066,13.664587,3201348,1.044547,0.4034,3495.699951,3041.686522,,0.56238,,6083.373047,
Sample,25/04/2023 13:20,23,,,12605486,13.671076,3201530,1.044607,0.5791,3531.300049,3071.777858,,0.563355,,6143.555664,
Sample,25/04/2023 13:20,23,,,12605142,13.674924,3201406,1.044566,0.7161,3567.5,3102.376225,,0.562691,,6204.752441,
Sample,25/04/2023 13:20,23,,,12604720,13.679646,3201526,1.044606,0.7675,3553.399902,3090.457978,,0.563334,,6180.916016,
Sample,25/04/2023 13:20,23,,,12604204,13.685419,3201382,1.044558,0.7222,3521.5,3063.494269,,0.562562,,6126.98877,
Sample,25/04/2023 13:20,23,,,12603627,13.691874,3201445,1.044579,0.7245,3550.399902,3087.922198,,0.5629,,6175.844238,
Sample,25/04/2023 13:20,23,,,12603022,13.698643,3201354,1.044549,0.0397,3698,3212.682642,,0.562412,,6425.365234,
Sample,25/04/2023 13:20,23,,,12602575,13.703644,3201344,1.044546,0.2544,3430.800049,2986.829237,,0.562359,,5973.658691,
Sample,25/04/2023 13:20,23,,,12602119,13.708746,3201561,1.044617,0.0389,3598.199951,3128.325663,,0.563521,,6256.651367,
Sample,25/04/2023 13:20,23,,,12601708,13.713344,3201462,1.044585,0.2339,2845.600098,2492.183182,,0.562991,,4984.366211,
Sample,25/04/2023 13:20,23,,,12601334,13.717529,3201315,1.044536,0.0413,2981.800049,2607.30754,,0.562203,,5214.615234,
Sample,25/04/2023 13:20,23,,,12601135,13.719755,3201276,1.044523,0.0244,2980.800049,2606.46228,,0.561994,,5212.924316,
Sample,25/04/2023 13:20,23,,,12601374,13.717081,3201287,1.044527,0.0662,2969.5,2596.910802,,0.562053,,5193.821777,
Sample,25/04/2023 13:20,23,,,12601590,13.714664,3201376,1.044556,0.0235,2973.800049,2600.545461,,0.56253,,5201.09082,
Sample,25/04/2023 13:20,23,9423397,5.718699,12601630,13.714217,3201470,1.044587,0.0561,2978.100098,2604.180119,,0.563034,,5208.360352,
Sample,25/04/2023 13:20,23,,,12601421,13.716555,3201425,1.044572,0.024,2976.100098,2602.4896,,0.562793,,5204.979004,
Sample,25/04/2023 13:20,23,,,12601135,13.719755,3201387,1.04456,0.0246,2982.5,2607.899181,,0.562589,,5215.79834,
Sample,25/04/2023 13:20,23,,,12600984,13.721445,3201418,1.04457,0.0142,2967.5,2595.220282,,0.562755,,5190.44043,
Sample,25/04/2023 13:20,23,,,12600792,13.723593,3201359,1.044551,0.0091,2985.199951,2610.181341,,0.562439,,5220.362793,
Sample,25/04/2023 13:20,23,,,12600625,13.725461,3201205,1.0445,0.0384,2976.399902,2602.743013,,0.561614,,5205.48584,
Sample,25/04/2023 13:20,23,,,12600466,13.72724,3201366,1.044553,0.0317,2983.199951,2608.490821,,0.562477,,5216.981445,
Sample,25/04/2023 13:20,23,,,12600184,13.730395,3201359,1.044551,0.0792,2998.399902,2621.33873,,0.562439,,5242.677246,
Sample,25/04/2023 13:20,23,,,12599752,13.735229,3201370,1.044554,0.071,3027.300049,2645.766866,,0.562498,,5291.533691,
Sample,25/04/2023 13:20,23,,,12599238,13.74098,3201537,1.044609,0.406,3463.5,3014.469195,,0.563393,,6028.938477,
Sample,25/04/2023 13:20,23,,,12598608,13.748029,3201382,1.044558,0.3272,3479.100098,3027.655332,,0.562562,,6055.310547,
Sample,25/04/2023 13:20,23,,,12597990,13.754943,3201405,1.044566,0.1815,3488.5,3035.600692,,0.562686,,6071.201172,
Sample,25/04/2023 13:20,23,,,12597426,13.761254,3201314,1.044536,0.0166,3495.800049,3041.771131,,0.562198,,6083.54248,
Sample,25/04/2023 13:20,23,,,12596880,13.767363,3201440,1.044577,0.0912,3454.800049,3007.115475,,0.562873,,6014.230957,
Sample,25/04/2023 13:20,23,,,12596316,13.773674,3201326,1.04454,0.0212,3561.300049,3097.135655,,0.562262,,6194.271484,
Sample,25/04/2023 13:20,23,,,12595748,13.780029,3201363,1.044552,0.0576,3497.800049,3043.461651,,0.56246,,6086.92334,
Sample,25/04/2023 13:20,23,,,12595255,13.785545,3201290,1.044528,0.0358,3539.100098,3078.370926,,0.562069,,6156.741699,
Sample,25/04/2023 13:20,23,,,12594723,13.791498,3201453,1.044582,0.0457,3602.699951,3132.129332,,0.562943,,6264.258789,
Sample,25/04/2023 13:20,23,,,12594274,13.796522,3201428,1.044573,0.0202,3530.399902,3071.017,,0.562809,,6142.03418,
Sample,25/04/2023 13:20,23,,,12593831,13.801479,3201475,1.044589,0.0056,3534.100098,3074.144627,,0.563061,,6148.289062,
Sample,25/04/2023 13:20,23,9423436,5.718913,12593422,13.806055,3201390,1.044561,0.0052,3560.5,3096.459406,,0.562605,,6192.918945,
Sample,25/04/2023 13:20,23,,,12593010,13.810665,3201251,1.044515,0.0776,3843.199951,3335.414339,,0.56186,,6670.828613,
Sample,25/04/2023 13:20,23,,,12592717,13.813944,3201289,1.044528,0.0904,3974.100098,3446.058985,,0.562064,,6892.118164,
Sample,25/04/2023 13:20,23,,,12592644,13.814761,3201360,1.044551,0.1616,2931,2564.368295,,0.562444,,5128.736816,
Sample,25/04/2023 13:21,23,,,12592649,13.814705,3201465,1.044586,0.0883,3630.199951,3155.37398,,0.563007,,6310.748047,
Sample,25/04/2023 13:21,23,,,12592579,13.815488,3201358,1.04455,0.0618,3013,2633.679608,,0.562434,,5267.359375,
Sample,25/04/2023 13:21,23,,,12592794,13.813082,3201405,1.044566,0.2456,2834.399902,2482.716106,,0.562686,,4965.432129,
Sample,25/04/2023 13:21,23,,,12592898,13.811919,3201296,1.04453,0.1951,2898.800049,2537.150968,,0.562101,,5074.301758,
Sample,25/04/2023 13:21,23,,,12592793,13.813094,3201407,1.044566,0.0687,3035.300049,2652.528945,,0.562696,,5305.058105,
Sample,25/04/2023 13:21,23,,,12592735,13.813743,3201218,1.044504,0.098,1910.699951,1701.949573,,0.561683,,3403.89917,
Sample,25/04/2023 13:21,23,,,12592647,13.814727,3201317,1.044537,0.0773,2986.800049,2611.533839,,0.562214,,5223.067871,
Sample,25/04/2023 13:21,23,,,12592552,13.81579,3201420,1.044571,0.1919,1824.199951,1628.834591,,0.562766,,3257.669189,
Sample,25/04/2023 13:21,23,,,12592882,13.812098,3201368,1.044554,0.2881,2935.199951,2567.918346,,0.562487,,5135.836914,
Sample,25/04/2023 13:21,23,,,12593587,13.804209,3201390,1.044561,0.3829,3482.199951,3030.275514,,0.562605,,6060.55127,
Sample,25/04/2023 13:21,23,,,12594233,13.796981,3201248,1.044514,0.0393,3004.100098,2626.156877,,0.561844,,5252.313965,
Sample,25/04/2023 13:21,23,,,12594562,13.793299,3201438,1.044577,0.1636,2955.899902,2585.415185,,0.562862,,5170.830566,
Sample,25/04/2023 13:21,23,,,12594526,13.793702,3201407,1.044566,0.1961,1897.300049,1690.623173,,0.562696,,3381.246338,
Sample,25/04/2023 13:21,23,,,12594496,13.794038,3201298,1.044531,0.0435,3000.399902,2623.02925,,0.562112,,5246.058594,
Sample,25/04/2023 13:21,23,,,12594439,13.794676,3201478,1.04459,0.1448,1683.400024,1509.822059,,0.563077,,3019.644043,
Sample,25/04/2023 13:21,23,,,12594492,13.794083,3201147,1.044481,0.2972,2877.399902,2519.062282,,0.561303,,5038.124512,
Sample,25/04/2023 13:21,23,9423319,5.71827,12594335,13.795839,3201300,1.044531,0.0527,3005.100098,2627.002137,,0.562123,,5254.004395,
Sample,25/04/2023 13:21,23,,,12594050,13.799028,3201236,1.04451,0.0384,2995.300049,2618.718549,,0.56178,,5237.437012,
Sample,25/04/2023 13:21,23,,,12594076,13.798738,3201308,1.044534,0.0316,2999.100098,2621.930577,,0.562166,,5243.861328,
Sample,25/04/2023 13:21,23,,,12593903,13.800673,3201308,1.044534,0.0384,2987.899902,2612.463501,,0.562166,,5224.927246,
Sample,25/04/2023 13:21,23,,,12593508,13.805093,3201258,1.044518,0.1749,3010.600098,2631.651066,,0.561898,,5263.302246,
Sample,25/04/2023 13:21,23,,,12593138,13.809233,3201073,1.044457,0.0244,2998.600098,2621.507948,,0.560906,,5243.016113,
Sample,25/04/2023 13:21,23,,,12592689,13.814257,3201231,1.044509,0.0237,2996.800049,2619.986438,,0.561753,,5239.972656,
Sample,25/04/2023 13:21,23,,,12592225,13.819449,3201333,1.044542,0.0381,2994.600098,2618.126908,,0.5623,,5236.253906,
Sample,25/04/2023 13:21,23,,,12591669,13.825671,3201089,1.044462,0.0342,2993.800049,2617.450659,,0.560992,,5234.901367,
Sample,25/04/2023 13:21,23,,,12591142,13.831568,3201354,1.044549,0.0241,2993.899902,2617.535061,,0.562412,,5235.070312,
Sample,25/04/2023 13:21,23,,,12590733,13.836144,3201247,1.044514,0.0379,2990.300049,2614.492249,,0.561839,,5228.984375,
Sample,25/04/2023 13:21,23,,,12590485,13.838919,3201247,1.044514,0.0332,2992.600098,2616.436388,,0.561839,,5232.872559,
Sample,25/04/2023 13:21,23,,,12590448,13.839333,3201222,1.044506,0.0199,2993.699951,2617.36605,,0.561705,,5234.731934,
Sample,25/04/2023 13:21,23,,,12590304,13.840945,3201260,1.044518,0.0292,2993.800049,2617.450659,,0.561908,,5234.901367,
Sample,25/04/2023 13:21,23,,,12590121,13.842993,3201155,1.044484,0.0295,2995.399902,2618.802951,,0.561345,,5237.605957,
Sample,25/04/2023 13:21,23,,,12589847,13.846059,3201200,1.044498,0.0329,2989,2613.39337,,0.561587,,5226.786621,
Sample,25/04/2023 13:21,23,,,12589485,13.850109,3201343,1.044545,0.0474,2988.800049,2613.224359,,0.562353,,5226.44873,
Sample,25/04/2023 13:21,23,,,12589170,13.853634,3201181,1.044492,0.0165,2986.600098,2611.364829,,0.561485,,5222.729492,
Sample,25/04/2023 13:21,23,,,12588883,13.856846,3201282,1.044525,0.0402,2992.800049,2616.605399,,0.562026,,5233.210938,
Sample,25/04/2023 13:21,23,,,12588588,13.860147,3201225,1.044507,0.0388,2989.899902,2614.154021,,0.561721,,5228.308105,
Sample,25/04/2023 13:21,23,9423247,5.717874,12588366,13.862631,3201162,1.044486,0.0025,2992,2615.92915,,0.561383,,5231.858398,
Sample,25/04/2023 13:21,23,,,12588098,13.86563,3201215,1.044503,0.0378,2992.5,2616.35178,,0.561667,,5232.703613,
Sample,25/04/2023 13:21,23,,,12587857,13.868327,3201180,1.044492,0.0335,2991.300049,2615.337509,,0.56148,,5230.674805,
Sample,25/04/2023 13:21,23,,,12587571,13.871527,3201123,1.044473,0.0244,2990.800049,2614.914879,,0.561174,,5229.82959,
Sample,25/04/2023 13:21,23,,,12587354,13.873956,3201130,1.044475,0.0581,2985.5,2610.43496,,0.561211,,5220.870117,
Sample,25/04/2023 13:21,23,,,12587186,13.875836,3201334,1.044542,0.0242,2990.300049,2614.492249,,0.562305,,5228.984375,
Sample,25/04/2023 13:21,23,,,12587017,13.877727,3201062,1.044453,0.0303,2989.100098,2613.477978,,0.560847,,5226.956055,
Sample,25/04/2023 13:21,23,,,12586884,13.879215,3201224,1.044506,0.0217,2988.899902,2613.308761,,0.561715,,5226.617676,
Sample,25/04/2023 13:21,23,,,12586646,13.881879,3201042,1.044447,0.0305,2986.899902,2611.618242,,0.56074,,5223.236328,
Sample,25/04/2023 13:21,23,,,12586555,13.882897,3201149,1.044482,0.0232,2985,2610.01233,,0.561313,,5220.024902,
Sample,25/04/2023 13:21,23,,,12586421,13.884396,3201199,1.044498,0.0348,2986,2610.85759,,0.561581,,5221.715332,
Sample,25/04/2023 13:21,23,,,12586315,13.885583,3201120,1.044472,0.0458,2984.100098,2609.251679,,0.561158,,5218.503418,
Sample,25/04/2023 13:21,23,,,12586129,13.887664,3201059,1.044452,0.033,2985.899902,2610.772982,,0.560831,,5221.545898,
Sample,25/04/2023 13:21,23,,,12585898,13.890249,3201258,1.044518,0.0057,2989.100098,2613.477978,,0.561898,,5226.956055,
Sample,25/04/2023 13:21,23,,,12585593,13.893662,3201102,1.044466,0.0399,2988,2612.54811,,0.561061,,5225.096191,
Sample,25/04/2023 13:21,23,,,12585390,13.895934,3201130,1.044475,0.0533,2984.100098,2609.251679,,0.561211,,5218.503418,
Sample,25/04/2023 13:21,23,,,12585320,13.896717,3201138,1.044478,0.0274,2980.5,2606.208661,,0.561254,,5212.41748,
Sample,25/04/2023 13:21,23,,,12585286,13.897098,3201149,1.044482,0.0247,2985.600098,2610.519569,,0.561313,,5221.039062,
Sample,25/04/2023 13:21,23,,,12585328,13.896628,3200992,1.04443,0.0458,2984.5,2609.5897,,0.560471,,5219.179199,
Sample,25/04/2023 13:21,23,,,12585353,13.896348,3201210,1.044502,0.0295,2984.399902,2609.505092,,0.56164,,5219.010254,
Sample,25/04/2023 13:21,23,9423203,5.717632,12585353,13.896348,3200855,1.044385,0.0316,2987.899902,2612.463501,,0.559737,,5224.927246,
Sample,25/04/2023 13:21,23,,,12585267,13.89731,3200956,1.044418,0.037,2990.800049,2614.914879,,0.560278,,5229.82959,
Sample,25/04/2023 13:21,23,,,12585282,13.897142,3201043,1.044447,0.0313,2991.300049,2615.337509,,0.560745,,5230.674805,
Sample,25/04/2023 13:21,23,,,12585141,13.89872,3201053,1.04445,0.0342,2990.5,2614.66126,,0.560799,,5229.322754,
Sample,25/04/2023 13:22,23,,,12584847,13.90201,3201070,1.044456,0.0265,2988.399902,2612.886131,,0.56089,,5225.772461,
Sample,25/04/2023 13:22,23,,,12584544,13.905401,3201174,1.04449,0.0329,2984.800049,2609.84332,,0.561447,,5219.686523,
Sample,25/04/2023 13:22,23,,,12584189,13.909374,3201084,1.04446,0.0384,2986.800049,2611.533839,,0.560965,,5223.067871,
Sample,25/04/2023 13:22,23,,,12583803,13.913694,3201000,1.044433,1.2474,2985.600098,2610.519569,,0.560514,,5221.039062,
Sample,25/04/2023 13:22,23,,,12583625,13.915686,3201174,1.04449,5.8276,2985.699951,2610.603971,,0.561447,,5221.208008,
Sample,25/04/2023 13:22,23,,,12583475,13.917364,3201122,1.044473,0.0229,2988.100098,2612.632719,,0.561169,,5225.265625,
Sample,25/04/2023 13:22,23,,,12583437,13.91779,3200964,1.044421,5.3575,2988.5,2612.97074,,0.560321,,5225.941406,
Sample,25/04/2023 13:22,23,,,12583561,13.916402,3201137,1.044478,5.8967,2985.899902,2610.772982,,0.561249,,5221.545898,
Sample,25/04/2023 13:22,23,,,12583765,13.914119,3200980,1.044426,0.0386,2986.199951,2611.026601,,0.560407,,5222.053223,
Sample,25/04/2023 13:22,23,,,12583747,13.91432,3200919,1.044406,5.8811,2987.5,2612.12548,,0.56008,,5224.250977,
Sample,25/04/2023 13:22,23,,,12583515,13.916917,3201056,1.044451,5.8805,2988,2612.54811,,0.560815,,5225.096191,
Sample,25/04/2023 13:22,23,,,12583140,13.921113,3201054,1.04445,5.9024,2988.300049,2612.801729,,0.560804,,5225.603516,
Sample,25/04/2023 13:22,23,,,12582750,13.925478,3201084,1.04446,5.8451,2992.300049,2616.182769,,0.560965,,5232.365723,
Sample,25/04/2023 13:22,23,,,12582396,13.929439,3201010,1.044436,5.8886,2991.300049,2615.337509,,0.560568,,5230.674805,
Sample,25/04/2023 13:22,23,,,12582029,13.933547,3200940,1.044413,5.8777,2993.300049,2617.028029,,0.560193,,5234.056152,
Sample,25/04/2023 13:22,23,,,12581739,13.936792,3200806,1.044369,5.8898,2990.100098,2614.323238,,0.559474,,5228.646484,
Sample,25/04/2023 13:22,23,9423154,5.717363,12581556,13.93884,3200946,1.044415,5.915999,2989.800049,2614.069619,,0.560225,,5228.13916,
Sample,25/04/2023 13:22,23,,,12581400,13.940586,3200979,1.044426,5.9191,2988.800049,2613.224359,,0.560402,,5226.44873,
Sample,25/04/2023 13:22,23,,,12581243,13.942343,3201138,1.044478,5.905,2992.399902,2616.267171,,0.561254,,5232.53418,
Sample,25/04/2023 13:22,23,,,12580969,13.945409,3200891,1.044397,5.944201,2992.800049,2616.605399,,0.55993,,5233.210938,
Sample,25/04/2023 13:22,23,,,12580812,13.947166,3201059,1.044452,5.9081,2991.800049,2615.760139,,0.560831,,5231.520508,
Sample,25/04/2023 13:22,23,,,12580723,13.948162,3200863,1.044388,5.9156,2993.300049,2617.028029,,0.55978,,5234.056152,
Sample,25/04/2023 13:22,23,,,12580827,13.946999,3201032,1.044443,5.9101,2993,2616.77441,,0.560686,,5233.548828,
Sample,25/04/2023 13:22,23,,,12580786,13.947457,3201033,1.044444,5.945899,2990.199951,2614.407641,,0.560691,,5228.81543,
Sample,25/04/2023 13:22,23,,,12580589,13.949662,3200994,1.044431,5.8971,2990.600098,2614.745868,,0.560482,,5229.491699,
Sample,25/04/2023 13:22,23,,,12580466,13.951039,3200968,1.044422,5.944201,2992.800049,2616.605399,,0.560343,,5233.210938,
Sample,25/04/2023 13:22,23,,,12580272,13.95321,3201089,1.044462,5.9263,2991.800049,2615.760139,,0.560992,,5231.520508,
Sample,25/04/2023 13:22,23,,,12580186,13.954172,3200995,1.044431,5.9356,2988.699951,2613.139751,,0.560488,,5226.279297,
Sample,25/04/2023 13:22,23,,,12580007,13.956176,3200892,1.044397,5.9352,2988,2612.54811,,0.559935,,5225.096191,
Sample,25/04/2023 13:22,23,,,12579757,13.958973,3201121,1.044472,5.9728,2989.300049,2613.646989,,0.561163,,5227.293945,
Sample,25/04/2023 13:22,23,,,12579452,13.962387,3200876,1.044392,5.9351,2990.600098,2614.745868,,0.559849,,5229.491699,
Sample,25/04/2023 13:22,23,,,12579283,13.964278,3200930,1.04441,5.9752,2990.199951,2614.407641,,0.560139,,5228.81543,
Sample,25/04/2023 13:22,23,,,12579135,13.965935,3200879,1.044393,5.9994,2983.800049,2608.99806,,0.559865,,5217.996094,
Sample,25/04/2023 13:22,23,,,12578862,13.96899,3200851,1.044384,5.985,2989.5,2613.816,,0.559715,,5227.631836,
Sample,25/04/2023 13:22,23,,,12578677,13.97106,3200893,1.044398,5.9888,2991.300049,2615.337509,,0.55994,,5230.674805,
Sample,25/04/2023 13:22,23,,,12578563,13.972336,3201069,1.044455,6.0129,2991.800049,2615.760139,,0.560884,,5231.520508,
Sample,25/04/2023 13:22,23,9423094,5.717033,12578499,13.973053,3200902,1.044401,6.0221,2991.699951,2615.67553,,0.559989,,5231.351074,
Sample,25/04/2023 13:22,23,,,12578325,13.975,3200969,1.044423,5.9919,2992.5,2616.35178,,0.560348,,5232.703613,
Sample,25/04/2023 13:22,23,,,12578306,13.975213,3200799,1.044367,6.0424,2993.300049,2617.028029,,0.559436,,5234.056152,
Sample,25/04/2023 13:22,23,,,12578484,13.97322,3200848,1.044383,5.351,2989.5,2613.816,,0.559699,,5227.631836,
Sample,25/04/2023 13:22,23,,,12579006,13.967378,3200900,1.0444,6.1341,2988.899902,2613.308761,,0.559978,,5226.617676,
Sample,25/04/2023 13:22,23,,,12579291,13.964189,3200894,1.044398,4.5739,2983,2608.32181,,0.559946,,5216.643555,
Sample,25/04/2023 13:22,23,,,12579388,13.963103,3201088,1.044462,5.9257,2988.399902,2612.886131,,0.560986,,5225.772461,
Sample,25/04/2023 13:22,23,,,12579300,13.964088,3200927,1.044409,6.3168,2993.100098,2616.859018,,0.560123,,5233.718262,
Sample,25/04/2023 13:22,23,,,12579348,13.963551,3201008,1.044435,6.9015,3006,2627.762788,,0.560557,,5255.525391,
Sample,25/04/2023 13:22,23,,,12579615,13.960563,3200908,1.044402,5.4269,3001.800049,2624.212738,,0.560021,,5248.425293,
Sample,25/04/2023 13:22,23,,,12579538,13.961424,3200848,1.044383,6.0453,2997.699951,2620.74709,,0.559699,,5241.494141,
Sample,25/04/2023 13:22,23,,,12579195,13.965263,3200751,1.044351,6.0673,2996.100098,2619.394798,,0.559179,,5238.789551,
Sample,25/04/2023 13:22,23,,,12578791,13.969785,3200866,1.044389,6.0156,2992.699951,2616.52079,,0.559796,,5233.041504,
Sample,25/04/2023 13:22,23,,,12578385,13.974328,3200811,1.044371,6.0383,2997.100098,2620.240058,,0.559501,,5240.47998,
Sample,25/04/2023 13:22,23,,,12578309,13.975179,3200882,1.044394,5.8292,3001.199951,2623.705499,,0.559881,,5247.411133,
Sample,25/04/2023 13:22,23,,,12578352,13.974698,3201042,1.044447,0.2033,2994.399902,2617.957691,,0.56074,,5235.915527,
Sample,25/04/2023 13:22,23,,,12578553,13.972448,3200790,1.044364,3.9804,2994.699951,2618.21131,,0.559388,,5236.422852,
Sample,25/04/2023 13:22,23,,,12578606,13.971855,3201015,1.044438,0.5972,2989.300049,2613.646989,,0.560595,,5227.293945,
Sample,25/04/2023 13:22,23,,,12578423,13.973903,3200865,1.044388,0.0394,2989.100098,2613.477978,,0.55979,,5226.956055,
Sample,25/04/2023 13:22,23,,,12578138,13.977093,3200847,1.044382,0.0347,2989,2613.39337,,0.559694,,5226.786621,
Sample,25/04/2023 13:22,23,9423053,5.716807,12577786,13.981032,3200739,1.044347,4.3128,2994.899902,2618.380321,,0.559114,,5236.760742,
Sample,25/04/2023 13:22,23,,,12577314,13.986315,3200899,1.0444,3.3506,2990.600098,2614.745868,,0.559973,,5229.491699,
Sample,25/04/2023 13:22,23,,,12576816,13.991889,3200873,1.044391,0.0131,2991.800049,2615.760139,,0.559833,,5231.520508,
Sample,25/04/2023 13:22,23,,,12576298,13.997686,3200852,1.044384,2.6563,2989.600098,2613.900608,,0.559721,,5227.80127,
Sample,25/04/2023 13:23,23,,,12575869,14.002488,3200784,1.044362,3.2916,2990.100098,2614.323238,,0.559356,,5228.646484,
Sample,25/04/2023 13:23,23,,,12575522,14.006371,3200981,1.044426,3.2797,2987.899902,2612.463501,,0.560412,,5224.927246,
Sample,25/04/2023 13:23,23,,,12575265,14.009248,3200719,1.04434,3.2999,2986.800049,2611.533839,,0.559007,,5223.067871,
Sample,25/04/2023 13:23,23,,,12575140,14.010647,3200839,1.04438,3.1969,2984.899902,2609.927722,,0.559651,,5219.855469,
Sample,25/04/2023 13:23,23,,,12575003,14.01218,3200634,1.044312,3.2667,2981.600098,2607.138529,,0.558551,,5214.276855,
Sample,25/04/2023 13:23,23,,,12575052,14.011632,3200974,1.044424,3.2152,2979.899902,2605.701422,,0.560375,,5211.402832,
Sample,25/04/2023 13:23,23,,,12575044,14.011721,3200637,1.044313,3.2388,2978.699951,2604.687152,,0.558567,,5209.374512,
Sample,25/04/2023 13:23,23,,,12574980,14.012438,3201035,1.044444,3.1758,2982.600098,2607.983789,,0.560702,,5215.967773,
Sample,25/04/2023 13:23,23,,,12574958,14.012684,3200693,1.044332,3.2189,2982.199951,2607.645561,,0.558867,,5215.291016,
Sample,25/04/2023 13:23,23,,,12575014,14.012057,3201003,1.044434,3.145,2983,2608.32181,,0.56053,,5216.643555,
Sample,25/04/2023 13:23,23,,,12575085,14.011262,3200616,1.044306,3.1432,2977.699951,2603.841892,,0.558454,,5207.683594,
Sample,25/04/2023 13:23,23,,,12575064,14.011497,3200737,1.044346,3.2431,2983.199951,2608.490821,,0.559104,,5216.981445,
Sample,25/04/2023 13:23,23,,,12574970,14.012549,3200842,1.044381,3.1014,2978.600098,2604.602749,,0.559667,,5209.205566,
Sample,25/04/2023 13:23,23,,,12574784,14.014631,3200823,1.044375,3.1853,2979.600098,2605.448009,,0.559565,,5210.895996,
Sample,25/04/2023 13:23,23,,,12574498,14.017832,3200845,1.044382,3.1309,2979.800049,2605.61702,,0.559683,,5211.233887,
Sample,25/04/2023 13:23,23,,,12574145,14.021783,3200854,1.044385,3.1557,2982.100098,2607.561159,,0.559731,,5215.122559,
Sample,25/04/2023 13:23,23,9422989,5.716456,12573898,14.024548,3200871,1.04439,3.1122,2981.600098,2607.138529,,0.559822,,5214.276855,
Sample,25/04/2023 13:23,23,,,12573693,14.026842,3200709,1.044337,3.1631,2980,2605.786031,,0.558953,,5211.572266,
Sample,25/04/2023 13:23,23,,,12573744,14.026271,3200921,1.044407,3.1099,2980.600098,2606.293269,,0.560091,,5212.586426,
Sample,25/04/2023 13:23,23,,,12573768,14.026003,3200697,1.044333,3.1593,2981.899902,2607.391942,,0.558889,,5214.783691,
Sample,25/04/2023 13:23,23,,,12573652,14.027301,3200918,1.044406,3.0865,2979.600098,2605.448009,,0.560075,,5210.895996,
Sample,25/04/2023 13:23,23,,,12573501,14.028991,3200562,1.044289,3.1821,2979.300049,2605.19439,,0.558164,,5210.388672,
Sample,25/04/2023 13:23,23,,,12573570,14.028219,3200814,1.044372,3.1063,2980.800049,2606.46228,,0.559517,,5212.924316,
Sample,25/04/2023 13:23,23,,,12573599,14.027894,3200602,1.044302,3.1167,2980.399902,2606.124052,,0.558379,,5212.248047,
Sample,25/04/2023 13:23,23,,,12573740,14.026316,3200886,1.044395,3.1369,2982.699951,2608.068191,,0.559903,,5216.13623,
Sample,25/04/2023 13:23,23,,,12573878,14.024772,3200703,1.044335,3.1015,2981.600098,2607.138529,,0.558921,,5214.276855,
Sample,25/04/2023 13:23,23,,,12573705,14.026708,3200779,1.04436,3.1242,2982.399902,2607.814572,,0.559329,,5215.628906,
Sample,25/04/2023 13:23,23,,,12573587,14.028029,3200710,1.044337,3.107,2981.199951,2606.800301,,0.558959,,5213.600586,
Sample,25/04/2023 13:23,23,,,12573514,14.028846,3200738,1.044347,3.1547,2982.199951,2607.645561,,0.559109,,5215.291016,
Sample,25/04/2023 13:23,23,,,12573614,14.027726,3200870,1.04439,3.0817,2982,2607.476551,,0.559817,,5214.953125,
Sample,25/04/2023 13:23,23,,,12573554,14.028398,3200619,1.044307,3.1267,2981.899902,2607.391942,,0.55847,,5214.783691,
Sample,25/04/2023 13:23,23,,,12573528,14.028689,3200820,1.044374,3.1027,2979.399902,2605.278792,,0.559549,,5210.557617,
Sample,25/04/2023 13:23,23,,,12573370,14.030457,3200655,1.044319,3.1163,2980.300049,2606.03965,,0.558664,,5212.079102,
Sample,25/04/2023 13:23,23,,,12573208,14.032271,3200938,1.044412,3.1088,2980.699951,2606.377671,,0.560182,,5212.755371,
Sample,25/04/2023 13:23,23,,,12573118,14.033278,3200727,1.044343,3.084,2980.699951,2606.377671,,0.55905,,5212.755371,
Sample,25/04/2023 13:23,23,,,12573000,14.034599,3200776,1.044359,3.1454,2980.199951,2605.955041,,0.559313,,5211.910156,
Sample,25/04/2023 13:23,23,9422948,5.71623,12573017,14.034409,3200809,1.04437,3.0803,2978.300049,2604.34913,,0.55949,,5208.698242,
Sample,25/04/2023 13:23,23,,,12572755,14.037341,3200792,1.044364,3.1459,2981.300049,2606.88491,,0.559399,,5213.77002,
Sample,25/04/2023 13:23,23,,,12572637,14.038662,3200744,1.044349,3.086,2985.300049,2610.26595,,0.559141,,5220.531738,
Sample,25/04/2023 13:23,23,,,12572618,14.038874,3200737,1.044346,3.1438,2980.100098,2605.870639,,0.559104,,5211.741211,
Sample,25/04/2023 13:23,23,,,12572530,14.039859,3200677,1.044327,3.0947,2984.5,2609.5897,,0.558782,,5219.179199,
Sample,25/04/2023 13:23,23,,,12572355,14.041818,3200819,1.044373,3.1232,2982.699951,2608.068191,,0.559543,,5216.13623,
Sample,25/04/2023 13:23,23,,,12572199,14.043564,3200727,1.044343,3.1144,2981.300049,2606.88491,,0.55905,,5213.77002,
Sample,25/04/2023 13:23,23,,,12571913,14.046765,3200660,1.044321,3.0935,2981.600098,2607.138529,,0.55869,,5214.276855,
Sample,25/04/2023 13:23,23,,,12571537,14.050974,3200673,1.044325,3.121,2980,2605.786031,,0.55876,,5211.572266,
Sample,25/04/2023 13:23,23,,,12571268,14.053985,3200697,1.044333,3.1099,2981.600098,2607.138529,,0.558889,,5214.276855,
Sample,25/04/2023 13:23,23,,,12571052,14.056403,3200743,1.044348,3.1113,2977.5,2603.672881,,0.559136,,5207.345703,
Sample,25/04/2023 13:23,23,,,12570772,14.059537,3200752,1.044351,3.1209,2977.800049,2603.9265,,0.559184,,5207.853027,
Sample,25/04/2023 13:23,23,,,12570471,14.062906,3200835,1.044378,3.1178,2982,2607.476551,,0.559629,,5214.953125,
Sample,25/04/2023 13:23,23,,,12570162,14.066365,3200694,1.044332,3.0934,2981,2606.631291,,0.558873,,5213.262695,
Sample,25/04/2023 13:23,23,,,12569982,14.068379,3200690,1.044331,3.1195,2981.199951,2606.800301,,0.558851,,5213.600586,
Sample,25/04/2023 13:23,23,,,12570067,14.067428,3200691,1.044331,2.9935,2981.699951,2607.222931,,0.558857,,5214.445801,
Sample,25/04/2023 13:23,23,,,12570457,14.063063,3200674,1.044326,0.0326,2948.600098,2579.244952,,0.558766,,5158.489746,
Sample,25/04/2023 13:23,23,,,12571748,14.048612,3201026,1.044441,0.0136,2952.100098,2582.203362,,0.560654,,5164.406738,
Sample,25/04/2023 13:23,23,,,12572934,14.035338,3201269,1.044521,0.0384,2943.899902,2575.272066,,0.561957,,5150.543945,
Sample,25/04/2023 13:23,23,,,12573560,14.028331,3201184,1.044493,0.0346,2945.399902,2576.539956,,0.561501,,5153.080078,
Sample,25/04/2023 13:23,23,9422871,5.715807,12573855,14.025029,3201067,1.044455,0.0301,2946.300049,2577.300813,,0.560874,,5154.601562,
Sample,25/04/2023 13:23,23,,,12573942,14.024055,3200878,1.044393,0.0219,2951.399902,2581.611515,,0.55986,,5163.223145,
Sample,25/04/2023 13:23,23,,,12573889,14.024649,3200852,1.044384,0.0342,2953.100098,2583.048622,,0.559721,,5166.097168,
Sample,25/04/2023 13:23,23,,,12573799,14.025656,3200795,1.044365,0.031,2948.899902,2579.498365,,0.559415,,5158.996582,
Sample,25/04/2023 13:24,23,,,12573881,14.024738,3201110,1.044469,0.0332,2950.5,2580.850864,,0.561104,,5161.70166,
Sample,25/04/2023 13:24,23,,,12573809,14.025544,3200874,1.044391,0.0298,2951.100098,2581.358102,,0.559839,,5162.716309,
Sample,25/04/2023 13:24,23,,,12573620,14.027659,3201102,1.044466,0.0242,2951.800049,2581.949743,,0.561061,,5163.899414,
Sample,25/04/2023 13:24,23,,,12573589,14.028006,3200939,1.044413,0.0387,2952.600098,2582.625992,,0.560187,,5165.251953,
Sample,25/04/2023 13:24,23,,,12573546,14.028488,3200949,1.044416,0.0272,2954.800049,2584.485522,,0.560241,,5168.971191,
Sample,25/04/2023 13:24,23,,,12573752,14.026182,3200917,1.044405,0.0256,2955.100098,2584.739142,,0.560069,,5169.478516,
Sample,25/04/2023 13:24,23,,,12573899,14.024537,3200669,1.044324,0.0448,2951.800049,2581.949743,,0.558739,,5163.899414,
Sample,25/04/2023 13:24,23,,,12574043,14.022925,3201214,1.044503,0.0472,2962.800049,2591.247602,,0.561662,,5182.495117,
Sample,25/04/2023 13:24,23,,,12574096,14.022332,3201007,1.044435,0.0289,2954.600098,2584.316512,,0.560552,,5168.632812,
Sample,25/04/2023 13:24,23,,,12574427,14.018627,3200681,1.044328,0.0552,2958,2587.190313,,0.558803,,5174.380859,
Sample,25/04/2023 13:24,23,,,12574924,14.013064,3200478,1.044261,0.0553,2959.699951,2588.627213,,0.557714,,5177.254395,
Sample,25/04/2023 13:24,23,,,12575046,14.011699,3199982,1.044098,0.0852,2961.199951,2589.895103,,0.55505,,5179.790039,
Sample,25/04/2023 13:24,23,,,12575045,14.01171,3200406,1.044237,0.066,2955,2584.654533,,0.557327,,5169.309082,
Sample,25/04/2023 13:24,23,,,12574947,14.012807,3200103,1.044138,0.0696,2955.300049,2584.908152,,0.5557,,5169.816406,
Sample,25/04/2023 13:24,23,,,12574764,14.014855,3199927,1.04408,0.0754,2966.600098,2594.459631,,0.554754,,5188.919434,
Sample,25/04/2023 13:24,23,,,12574617,14.0165,3200605,1.044303,0.0803,2960.899902,2589.641484,,0.558395,,5179.283203,
Sample,25/04/2023 13:24,23,9422809,5.715466,12574487,14.017955,3200811,1.044371,0.0745,2946.899902,2577.807845,,0.559501,,5155.615723,
Sample,25/04/2023 13:24,23,,,12574392,14.019019,3200375,1.044227,0.1379,2947.699951,2578.484095,,0.557161,,5156.968262,
Sample,25/04/2023 13:24,23,,,12574788,14.014586,3200383,1.04423,0.1485,2945.399902,2576.539956,,0.557204,,5153.080078,
Sample,25/04/2023 13:24,23,,,12574953,14.01274,3200070,1.044127,0.1605,2948.199951,2578.906725,,0.555523,,5157.813477,
Sample,25/04/2023 13:24,23,,,12575235,14.009583,3200384,1.04423,0.1796,2948.899902,2579.498365,,0.557209,,5158.996582,
Sample,25/04/2023 13:24,23,,,12575381,14.007949,3200178,1.044163,0.1879,2950,2580.428234,,0.556103,,5160.856445,
Sample,25/04/2023 13:24,23,,,12575492,14.006707,3200152,1.044154,0.1569,2946.899902,2577.807845,,0.555963,,5155.615723,
Sample,25/04/2023 13:24,23,,,12575440,14.007289,3200345,1.044217,0.1991,2949.5,2580.005604,,0.557,,5160.01123,
Sample,25/04/2023 13:24,23,,,12575374,14.008028,3200474,1.04426,0.1568,2946.899902,2577.807845,,0.557692,,5155.615723,
Sample,25/04/2023 13:24,23,,,12575299,14.008867,3200571,1.044292,0.1986,2948.899902,2579.498365,,0.558213,,5158.996582,
Sample,25/04/2023 13:24,23,,,12575135,14.010703,3200195,1.044168,0.1841,2950.800049,2581.104483,,0.556194,,5162.208984,
Sample,25/04/2023 13:24,23,,,12575180,14.010199,3199925,1.044079,0.4036,2966.100098,2594.037001,,0.554744,,5188.074219,
Sample,25/04/2023 13:24,23,,,12575200,14.009975,3201057,1.044451,25.456999,3040.100098,2656.586234,,0.56082,,5313.172363,
Sample,25/04/2023 13:24,23,,,12575275,14.009136,3201015,1.044438,124.309998,3233.899902,2820.397438,,0.560595,,5640.794922,
Sample,25/04/2023 13:24,23,,,12574982,14.012415,3201005,1.044434,137.980011,3254.100098,2837.471853,,0.560541,,5674.943848,
Sample,25/04/2023 13:24,23,,,12574565,14.017082,3200990,1.044429,138.309998,3256.5,2839.500394,,0.560461,,5679.000977,
Sample,25/04/2023 13:24,23,,,12574116,14.022108,3200894,1.044398,122.580002,3222.399902,2810.676949,,0.559946,,5621.354004,
Sample,25/04/2023 13:24,23,,,12573593,14.027962,3200956,1.044418,160.309998,3298.699951,2875.170321,,0.560278,,5750.34082,
Sample,25/04/2023 13:24,23,,,12573343,14.03076,3200913,1.044404,173.630005,3319.600098,2892.836377,,0.560048,,5785.672852,
Sample,25/04/2023 13:24,23,,,12573240,14.031913,3200853,1.044384,187.029999,3366.100098,2932.140963,,0.559726,,5864.281738,
Sample,25/04/2023 13:24,23,9419608,5.697867,12573261,14.031677,3200841,1.04438,188.149994,3368.199951,2933.915885,,0.559662,,5867.831543,
Sample,25/04/2023 13:24,23,,,12573227,14.032058,3201068,1.044455,100.340004,3175.899902,2771.372364,,0.560879,,5542.744629,
Sample,25/04/2023 13:24,23,,,12573248,14.031823,3200695,1.044332,94.791,3159.800049,2757.763803,,0.558878,,5515.527832,
Sample,25/04/2023 13:24,23,,,12573226,14.032069,3200723,1.044342,29.27,3157.800049,2756.073283,,0.559028,,5512.146484,
Sample,25/04/2023 13:24,23,,,12573126,14.033189,3200686,1.04433,78.788002,3148.5,2748.212325,,0.55883,,5496.424805,
Sample,25/04/2023 13:24,23,,,12572860,14.036166,3200763,1.044355,88.247002,3147.5,2747.367065,,0.559243,,5494.733887,
Sample,25/04/2023 13:24,23,,,12572659,14.038416,3200597,1.0443,0.037,3134.899902,2736.716707,,0.558352,,5473.433594,
Sample,25/04/2023 13:24,23,,,12572560,14.039524,3200532,1.044279,82.223,3130.300049,2732.828636,,0.558003,,5465.657227,
Sample,25/04/2023 13:24,23,,,12572469,14.040542,3200681,1.044328,0.0631,3130.600098,2733.082255,,0.558803,,5466.164551,
Sample,25/04/2023 13:24,23,,,12572381,14.041527,3200663,1.044322,0.033,3131.399902,2733.758298,,0.558706,,5467.516602,
Sample,25/04/2023 13:24,23,,,12572312,14.042299,3200825,1.044375,0.0345,3132.899902,2735.026188,,0.559576,,5470.052246,
Sample,25/04/2023 13:24,23,,,12572454,14.04071,3200743,1.044348,0.0663,3138.100098,2739.421704,,0.559136,,5478.843262,
