VERSION,5.2,AQUAtalk:V4.42,OS:V6.2,,,,,,,,,,,,,
LOGGER TYPE,AQUAlogger 310TYPT5 max50m ,,,,,,,,,,,,,,,
LOGGER,2554-327,,,,,,,,,,,,,,,
REGIME,,,,,,,,,,,,,,,,
REGIME TITLE, Logging Mode, Start At, Burst Mode, Interval, Samples Per Burst, Within Burst Sample Rate, Samples Per Average, Intermittent Logging, Hours per Day, Days per Month, Months per Year,,,,,
Pilot 25 April 2023 site 6, Triggered Logging, NA, Disabled, 1.000000 Seconds,NA, NA,1, Disabled, NA, NA, NA, NA,,,,
[LOGGER CHANNEL 0],Disabled,,,,,,,,,,,,,,,
,,,,,,,,,,,,,,,,
,,,,,,,,,,,,,,,,
[LOGGER CHANNEL 1],Disabled,,,,,,,,,,,,,,,
,,,,,,,,,,,,,,,,
,,,,,,,,,,,,,,,,
[LOGGER CHANNEL 2],Battery        ,06/03/2023,,,,,,,,,,,,,,
COEFFS,-46.089977, 5.4978768e-06,0,0,0,,,,,,,,,,,
Channel Setup, Not Averaged, Gain x1, Interval Multiplier x20,,,,,,,,,,,,,
[LOGGER CHANNEL 3],Disabled,,,,,,,,,,,,,,,
,,,,,,,,,,,,,,,,
,,,,,,,,,,,,,,,,
[LOGGER CHANNEL 4],Temperature    ,13/03/2023,,,,,,,,,,,,,,
COEFFS,967.58575,-0.000220028, 1.9068084e-11,-7.06E-19, 8.0592888e-27,,,,,,,,,,,
Channel Setup, Not Averaged, Gain x1, Interval Multiplier x1,,,,,,,,,,,,,
[LOGGER CHANNEL 5],Pressure       ,09/03/2023,,,,,,,,,,,,,,
COEFFS,-0.002612514, 3.2540086e-07, 5.6441919e-16,-1.06E-23,0,,,,,,,,,,,
Channel Setup, Not Averaged, Gain x1, Interval Multiplier x1,,,,,,,,,,,,,
[LOGGER CHANNEL 6],Turbidity,09/03/2023,,,,,,,,,,,,,,
COEFFS Raw1,-0.011529949,0.82234406,0,0,0,COEFFS Raw2,86.911514,0.8452599,0,0,0,Transition Raw2,1080.2458,,,
Channel Setup, Not Averaged, Gain x1, Keep Powered, Interval Multiplier x1,,,,,,,,,,,,
[LOGGER CHANNEL 7],Disabled,,,,,,,,,,,,,,,
,,,,,,,,,,,,,,,,
,,,,,,,,,,,,,,,,
[LOGGER CHANNEL 8],Depth       ,Not Calibrated,,,,,,,,,,,,,,
COEFFS,51.507366,1.0135,1,0,0,,,,,,,,,,,
Channel Setup, Not Averaged, Gain x5,,,,,,,,,,,,,,
[LOGGER CHANNEL 9],SSC         ,User Cal Req'd,,,,,,,,,,,,,,
COEFFS,0,2,0,0,0,,,,,,,,,,,
Channel Setup, Not Averaged, Gain x1,,,,,,,,,,,,,,
START TIME, 25/04/2023 14:26:18,,,,,,,,,,,,,,,
STOP TIME, 25/04/2023 14:50:29,,,,,,,,,,,,,,,
HEADING, Timecode,,Battery        , , Temperature    , , Pressure       , , Turbidity, , , Depth       , , SSC         , , 
UNITS, [dd/MM/yyyy HH:mm:ss],[ms], Raw, V      , Raw, °C     , Raw, bar    , Raw1,Raw2, FTU    , Raw, m      , Raw, mg/l   , 
Sample,25/04/2023 14:34,23,,,12635453,13.335855,3203882,1.04538,0.0834,3070,2681.859422,,0.575931,,5363.71875,
Sample,25/04/2023 14:34,23,,,12635443,13.335967,3203608,1.04529,0.3475,3058.899902,2672.476955,,0.574468,,5344.954102,
Sample,25/04/2023 14:34,23,,,12634943,13.34156,3203118,1.045129,0.2463,3056.199951,2670.194794,,0.571852,,5340.389648,
Sample,25/04/2023 14:34,23,,,12633451,13.358248,3203062,1.04511,1.562,3059.699951,2673.153204,,0.571552,,5346.306641,
Sample,25/04/2023 14:34,23,,,12632615,13.367599,3202091,1.044791,0.0187,3025.5,2644.245356,,0.56636,,5288.490723,
Sample,25/04/2023 14:34,23,,,12633269,13.360283,3202067,1.044783,0.0789,3056.5,2670.448413,,0.566231,,5340.896973,
Sample,25/04/2023 14:34,23,,,12634094,13.351056,3201962,1.044749,0.0762,3052.800049,2667.320993,,0.565669,,5334.64209,
Sample,25/04/2023 14:34,23,,,12634990,13.341034,3202048,1.044777,0.1149,2847.100098,2493.451072,,0.566129,,4986.902344,
Sample,25/04/2023 14:34,23,,,12636533,13.323775,3202300,1.04486,0.0127,3506.199951,3050.561751,,0.567478,,6101.123535,
Sample,25/04/2023 14:34,23,,,12638575,13.300936,3202202,1.044828,0.0815,3807,3304.815972,,0.566954,,6609.631836,
Sample,25/04/2023 14:34,23,,,12640946,13.274417,3201987,1.044757,0.6654,3636.5,3160.699158,,0.565803,,6321.398438,
Sample,25/04/2023 14:34,23,,,12645184,13.227016,3202292,1.044857,0.6956,3658.300049,3179.125866,,0.567435,,6358.251953,
Sample,25/04/2023 14:34,23,,,12651635,13.154866,3202665,1.04498,0.1054,-536.700012,0.075145,,0.56943,,0.15029,
Sample,25/04/2023 14:34,23,,,12659163,13.070673,3202467,1.044915,0.2832,-536.700012,0.221358,,0.568371,,0.442716,
Sample,25/04/2023 14:34,23,,,12666201,12.991961,3201853,1.044713,0.3899,-536.700012,0.309102,,0.565085,,0.618204,
Sample,25/04/2023 14:34,23,,,12673885,12.906024,3200703,1.044335,1.9182,-536.599976,1.56589,,0.558921,,3.131781,
Sample,25/04/2023 14:34,23,,,12682073,12.814451,3200717,1.04434,0.0487,3254.699951,2837.978885,,0.558996,,5675.958008,
Sample,25/04/2023 14:34,23,,,12689345,12.733122,3201341,1.044545,0.4599,3054.699951,2668.926904,,0.562343,,5337.854004,
Sample,25/04/2023 14:34,23,9418677,5.692749,12693926,12.681887,3201158,1.044485,0.1624,3079.600098,2689.974,,0.561362,,5379.948242,
Sample,25/04/2023 14:34,23,,,12725081,12.333418,3295887,1.075625,3.708,-66.409996,3.037722,,1.034447,,6.075443,
Sample,25/04/2023 14:34,23,,,12766074,11.874764,3289403,1.073493,2.3223,218,1.8982,,1.003881,,3.7964,
Sample,25/04/2023 14:34,23,,,12786370,11.647586,3298578,1.07651,0.0199,-72.860001,0.004835,,1.047069,,0.009669,
Sample,25/04/2023 14:34,23,,,12795705,11.54307,3204965,1.045736,0.2002,3281.800049,2860.885511,,0.581704,,5721.770996,
Sample,25/04/2023 14:34,23,,,12801277,11.480676,3207453,1.046554,1.0749,-458.299988,0.872408,,0.594924,,1.744815,
Sample,25/04/2023 14:34,23,,,12806478,11.422431,3203281,1.045182,1.6091,-536.700012,1.311704,,0.572722,,2.623408,
Sample,25/04/2023 14:34,23,,,12809646,11.386949,3202783,1.045019,1.7919,-852.299988,1.462028,,0.570061,,2.924057,
Sample,25/04/2023 14:34,23,,,12811281,11.368636,3202697,1.044991,1.7605,101,1.436207,,0.569601,,2.872413,
Sample,25/04/2023 14:34,23,,,12811728,11.363629,3202077,1.044787,1.4996,-583.799988,1.221657,,0.566285,,2.443314,
Sample,25/04/2023 14:34,23,,,12811905,11.361647,3200458,1.044255,0.4318,2817.800049,2468.684915,,0.557606,,4937.369629,
Sample,25/04/2023 14:34,23,,,12814072,11.337374,3201557,1.044616,3.1684,2850.199951,2496.071254,,0.5635,,4992.142578,
Sample,25/04/2023 14:34,23,,,12811750,11.363383,3278613,1.069946,2.7631,1210.300049,1109.929618,,0.952522,,2219.859131,
Sample,25/04/2023 14:34,23,,,12811433,11.366934,3360614,1.096908,1.9421,-70.860001,1.585544,,1.329125,,3.171089,
Sample,25/04/2023 14:34,23,,,12813023,11.349124,3356102,1.095424,1.6794,-72.440002,1.369515,,1.309125,,2.739029,
Sample,25/04/2023 14:34,23,,,12813568,11.34302,3378634,1.102834,1.6742,-73.849998,1.365239,,1.408309,,2.730477,
Sample,25/04/2023 14:35,23,,,12813906,11.339233,3350498,1.093582,1.7971,-75.270004,1.466304,,1.284183,,2.932609,
Sample,25/04/2023 14:35,23,,,12813617,11.342471,3386285,1.10535,1.5467,-75.240005,1.26039,,1.441612,,2.520779,
Sample,25/04/2023 14:35,23,,,12812999,11.349393,3353483,1.094563,2.0789,-74.259995,1.698041,,1.297483,,3.396082,
Sample,25/04/2023 14:35,23,,,12812473,11.355285,3411116,1.113516,1.2586,-75.720001,1.023472,,1.548498,,2.046945,
Sample,25/04/2023 14:35,23,9418310,5.690731,12814072,11.337374,3499042,1.142437,1.3596,-74.790001,1.106529,,1.914831,,2.213058,
Sample,25/04/2023 14:35,23,,,12816322,11.31217,3461745,1.130168,3.0064,-73.120003,2.460765,,1.761486,,4.92153,
Sample,25/04/2023 14:35,23,,,12817487,11.29912,3486490,1.138308,2.1192,-74.840004,1.731182,,1.863523,,3.462363,
Sample,25/04/2023 14:35,23,,,12818239,11.290696,3454714,1.127856,1.4779,-74.82,1.203812,,1.732263,,2.407625,
Sample,25/04/2023 14:35,23,,,12818573,11.286954,3484209,1.137558,1.9642,-74.479996,1.603718,,1.854168,,3.207437,
Sample,25/04/2023 14:35,23,,,12820107,11.269769,3474672,1.13442,1.9465,-76,1.589163,,1.814944,,3.178326,
Sample,25/04/2023 14:35,23,,,12820457,11.265848,3471415,1.133349,1.9401,-74.120003,1.5839,,1.801507,,3.167799,
Sample,25/04/2023 14:35,23,,,12820157,11.269209,3481622,1.136707,1.558,-75.25,1.269682,,1.843546,,2.539364,
Sample,25/04/2023 14:35,23,,,12819696,11.274373,3518983,1.148997,2.7577,-76.389999,2.256248,,1.995766,,4.512496,
Sample,25/04/2023 14:35,23,,,12820863,11.261299,3575178,1.167485,1.6251,-76.620003,1.324861,,2.220489,,2.649723,
Sample,25/04/2023 14:35,23,,,12822249,11.245772,3580365,1.169192,1.0915,-76.610001,0.886059,,2.241008,,1.772117,
Sample,25/04/2023 14:35,23,,,12822987,11.237503,3572762,1.166691,2.2365,-74.779999,1.827643,,2.21092,,3.655285,
Sample,25/04/2023 14:35,23,,,12822949,11.237929,3575839,1.167703,2.2311,-75.349998,1.823202,,2.223106,,3.646404,
Sample,25/04/2023 14:35,23,,,12822599,11.24185,3588963,1.172021,1.2958,-75.639999,1.054063,,2.274945,,2.108127,
Sample,25/04/2023 14:35,23,,,12821704,11.251877,3578707,1.168647,1.7954,-76.740005,1.464907,,2.234453,,2.929813,
Sample,25/04/2023 14:35,23,,,12819555,11.275953,3595528,1.174181,1.6898,-74.129997,1.378067,,2.300795,,2.756134,
Sample,25/04/2023 14:35,23,,,12817383,11.300285,3649785,1.192036,1.3981,-75.879997,1.138189,,2.512552,,2.276379,
Sample,25/04/2023 14:35,23,,,12817129,11.30313,3739631,1.221608,1.6132,-75.759995,1.315075,,2.857007,,2.630151,
Sample,25/04/2023 14:35,23,,,12820741,11.262666,3774890,1.233215,1.6436,-75.520004,1.340075,,2.990465,,2.68015,
Sample,25/04/2023 14:35,23,,,12823030,11.237022,3784547,1.236394,1.3087,-76.409996,1.064672,,3.026872,,2.129344,
Sample,25/04/2023 14:35,23,9418347,5.690934,12823694,11.229582,3771532,1.23211,2.6234,-77.629997,2.145807,,2.977792,,4.291615,
Sample,25/04/2023 14:35,23,,,12823293,11.234075,3776096,1.233612,4.0658,-74.779999,3.331957,,2.995015,,6.663913,
Sample,25/04/2023 14:35,23,,,12823199,11.235128,3757899,1.227622,2.0917,-75.790001,1.708567,,2.92626,,3.417134,
Sample,25/04/2023 14:35,23,,,12823321,11.233761,3781387,1.235354,1.812,-77.580002,1.478557,,3.014966,,2.957115,
Sample,25/04/2023 14:35,23,,,12823823,11.228137,3761186,1.228704,2.0917,-77.190002,1.708567,,2.938696,,3.417134,
Sample,25/04/2023 14:35,23,,,12823581,11.230848,3767940,1.230927,2.8982,-76.330002,2.371788,,2.964226,,4.743575,
Sample,25/04/2023 14:35,23,,,12823090,11.236349,3778023,1.234246,1.771,-78.159996,1.444842,,3.002283,,2.889683,
Sample,25/04/2023 14:35,23,,,12822784,11.239778,3743397,1.222848,2.1303,-75.209999,1.74031,,2.871304,,3.480619,
Sample,25/04/2023 14:35,23,,,12822748,11.240181,3774010,1.232925,1.8924,-75.090004,1.544674,,2.987145,,3.089348,
Sample,25/04/2023 14:35,23,,,12823390,11.232988,3762760,1.229222,1.2732,-77.580002,1.035478,,2.944649,,2.070957,
Sample,25/04/2023 14:35,23,,,12823347,11.23347,3762031,1.228982,1.5379,-77.479996,1.253153,,2.941892,,2.506306,
Sample,25/04/2023 14:35,23,,,12823034,11.236977,3739097,1.221432,2.0098,-77.639999,1.641217,,2.854979,,3.282435,
Sample,25/04/2023 14:35,23,,,12823467,11.232126,3856698,1.26015,1.6522,-76.110001,1.347147,,3.297124,,2.694294,
Sample,25/04/2023 14:35,23,,,12824967,11.215319,3869377,1.264325,1.7628,-77.75,1.438098,,3.344323,,2.876196,
Sample,25/04/2023 14:35,23,,,12825720,11.206883,3896562,1.273277,2.1672,-75.879997,1.770654,,3.44526,,3.541308,
Sample,25/04/2023 14:35,23,,,12825874,11.205157,3896220,1.273165,2.4719,-78,2.021222,,3.443992,,4.042444,
Sample,25/04/2023 14:35,23,,,12825614,11.20807,3869936,1.264509,1.7203,-77.979996,1.403149,,3.346402,,2.806297,
Sample,25/04/2023 14:35,23,,,12825087,11.213975,3937822,1.286866,2.3751,-75.159996,1.94162,,3.59782,,3.883239,
Sample,25/04/2023 14:35,23,,,12826249,11.200955,3994558,1.305553,3.0111,-77.490005,2.464631,,3.806486,,4.929261,
Sample,25/04/2023 14:35,23,,,12827459,11.187398,3986293,1.302831,2.0807,-77.199997,1.699521,,3.776163,,3.399043,
Sample,25/04/2023 14:35,23,9418292,5.690632,12827857,11.182938,3999362,1.307136,1.7998,-77.849998,1.468525,,3.8241,,2.93705,
Sample,25/04/2023 14:35,23,,,12827958,11.181806,4028485,1.31673,2.9226,-77.57,2.391853,,3.930714,,4.783706,
Sample,25/04/2023 14:35,23,,,12828068,11.180574,4156836,1.35902,1.6826,-77.729996,1.372146,,4.397575,,2.744292,
Sample,25/04/2023 14:35,23,,,12829077,11.169268,4160495,1.360226,2.0126,-76.18,1.64352,,4.410821,,3.287039,
Sample,25/04/2023 14:35,23,,,12829420,11.165424,4205737,1.375136,2.0251,-78.300003,1.653799,,4.574353,,3.307598,
Sample,25/04/2023 14:35,23,,,12829711,11.162164,4201760,1.373826,4.3567,-76.129997,3.571176,,4.559995,,7.142353,
Sample,25/04/2023 14:35,23,,,12829554,11.163923,4210864,1.376826,1.8244,-75.68,1.488755,,4.592857,,2.977509,
Sample,25/04/2023 14:35,23,,,12829267,11.167139,4281955,1.400259,1.5007,-76.93,1.222562,,4.848892,,2.445123,
Sample,25/04/2023 14:35,23,,,12829423,11.165391,4313407,1.410628,1.8765,-78.400002,1.531599,,4.961869,,3.063197,
Sample,25/04/2023 14:35,23,,,12829748,11.161749,4387762,1.435144,3.2965,-75.559998,2.699327,,5.228315,,5.398654,
Sample,25/04/2023 14:35,23,,,12830559,11.152661,4392062,1.436562,2.0148,-79.590004,1.645329,,5.243698,,3.290658,
Sample,25/04/2023 14:35,23,,,12830708,11.150991,4429179,1.448802,1.7483,-76.889999,1.426174,,5.376376,,2.852348,
Sample,25/04/2023 14:35,23,,,12830046,11.15841,4417107,1.444821,1.634,-77.25,1.33218,,5.333244,,2.664361,
Sample,25/04/2023 14:35,23,,,12829373,11.165951,4435273,1.450811,1.8314,-78.650002,1.494511,,5.398142,,2.989022,
Sample,25/04/2023 14:35,23,,,12829259,11.167228,4439738,1.452284,2.0355,-77.900002,1.662351,,5.414086,,3.324703,
Sample,25/04/2023 14:35,23,,,12828811,11.172248,4458093,1.458337,1.7019,-77.57,1.388018,,5.479605,,2.776035,
Sample,25/04/2023 14:36,23,,,12828135,11.179823,4486096,1.467573,1.9698,-76.970001,1.608324,,5.579481,,3.216647,
Sample,25/04/2023 14:36,23,,,12827519,11.186725,4471986,1.462919,1.347,-79.759995,1.096167,,5.529168,,2.192335,
Sample,25/04/2023 14:36,23,,,12826957,11.193022,4560261,1.492037,2.1031,-76.75,1.717942,,5.843561,,3.435884,
Sample,25/04/2023 14:36,23,,,12827425,11.187779,4600995,1.505475,1.4363,-77.959999,1.169603,,5.988356,,2.339206,
Sample,25/04/2023 14:36,23,9418227,5.690275,12827763,11.183991,4611546,1.508957,2.8629,-77.370003,2.342759,,6.025834,,4.685517,
Sample,25/04/2023 14:36,23,,,12827375,11.188339,4611351,1.508892,1.7804,-77.32,1.452571,,6.025142,,2.905143,
Sample,25/04/2023 14:36,23,,,12826860,11.194109,4702108,1.538839,1.9092,-77.759995,1.558489,,6.347112,,3.116979,
Sample,25/04/2023 14:36,23,,,12827665,11.185089,4722218,1.545476,1.9819,-79.32,1.618274,,6.418361,,3.236547,
Sample,25/04/2023 14:36,23,,,12828337,11.17756,4718199,1.54415,1.8526,-79.120003,1.511945,,6.404124,,3.023889,
Sample,25/04/2023 14:36,23,,,12828058,11.180686,4779584,1.56441,2.0319,-78.459999,1.659391,,6.621438,,3.318782,
Sample,25/04/2023 14:36,23,,,12827586,11.185975,4836925,1.583338,2.0424,-77.440002,1.668025,,6.824195,,3.336051,
Sample,25/04/2023 14:36,23,,,12827834,11.183196,4842157,1.585065,1.7871,-79.379997,1.458081,,6.842685,,2.916162,
Sample,25/04/2023 14:36,23,,,12828275,11.178254,4930956,1.614383,1.4989,-78.470001,1.221082,,7.156243,,2.442163,
Sample,25/04/2023 14:36,23,,,12829332,11.16641,4979642,1.63046,1.8813,-77.509995,1.535546,,7.327971,,3.071092,
Sample,25/04/2023 14:36,23,,,12829542,11.164057,4986210,1.632629,1.9841,-79.779999,1.620083,,7.351129,,3.240166,
Sample,25/04/2023 14:36,23,,,12829344,11.166276,4952216,1.621403,1.3569,-79.009995,1.104309,,7.231248,,2.208617,
Sample,25/04/2023 14:36,23,,,12828881,11.171464,5084580,1.665119,1.8444,-77.82,1.505201,,7.697719,,3.010403,
Sample,25/04/2023 14:36,23,,,12830555,11.152706,5152281,1.687484,3.7574,-78.379997,3.078345,,7.936006,,6.156691,
Sample,25/04/2023 14:36,23,,,12831955,11.137018,5164614,1.691558,1.8987,-78.389999,1.549855,,7.979395,,3.09971,
Sample,25/04/2023 14:36,23,,,12832662,11.129095,5180422,1.696781,2.7603,-76.990005,2.258387,,8.035001,,4.516773,
Sample,25/04/2023 14:36,23,,,12833090,11.124298,5214943,1.708187,1.7002,-77.139999,1.386619,,8.1564,,2.773239,
Sample,25/04/2023 14:36,23,,,12833330,11.121609,5288049,1.732345,1.757,-77.699997,1.433329,,8.413353,,2.866657,
Sample,25/04/2023 14:36,23,,,12833762,11.116768,5293832,1.734257,1.621,-77.709999,1.32149,,8.433672,,2.64298,
Sample,25/04/2023 14:36,23,,,12833695,11.117518,5331304,1.746641,1.9024,-79.610001,1.552897,,8.565306,,3.105795,
Sample,25/04/2023 14:36,23,9418178,5.690005,12833757,11.116824,5376389,1.761544,1.7655,-78.629997,1.440319,,8.723629,,2.880637,
Sample,25/04/2023 14:36,23,,,12833809,11.116241,5417762,1.77522,2.1457,-78.379997,1.752974,,8.868868,,3.505947,
Sample,25/04/2023 14:36,23,,,12833924,11.114952,5436279,1.781342,2.5153,-77.610001,2.056912,,8.933857,,4.113824,
Sample,25/04/2023 14:36,23,,,12833856,11.115714,5454906,1.7875,2.5572,-77.759995,2.091368,,8.999223,,4.182736,
Sample,25/04/2023 14:36,23,,,12833944,11.114728,5469436,1.792304,1.8267,-78.220001,1.490646,,9.050206,,2.981292,
Sample,25/04/2023 14:36,23,,,12833884,11.1154,5446558,1.78474,1.7629,-78.220001,1.43818,,8.969929,,2.876361,
Sample,25/04/2023 14:36,23,,,12833779,11.116577,5432705,1.78016,3.3973,-79.139999,2.78222,,8.921314,,5.564439,
Sample,25/04/2023 14:36,23,,,12833766,11.116723,5408782,1.772252,3.215,-77.790001,2.632306,,8.837348,,5.264613,
Sample,25/04/2023 14:36,23,,,12834004,11.114056,5435485,1.781079,2.3886,-79.209999,1.952721,,8.93107,,3.905442,
Sample,25/04/2023 14:36,23,,,12834475,11.108777,5357751,1.755383,2.1622,-78.159996,1.766542,,8.658186,,3.533085,
Sample,25/04/2023 14:36,23,,,12834612,11.107242,5338578,1.749046,1.5099,-78.840004,1.230127,,8.590854,,2.460255,
Sample,25/04/2023 14:36,23,,,12834612,11.107242,5314085,1.74095,2.7169,-76.940002,2.222697,,8.504824,,4.445394,
Sample,25/04/2023 14:36,23,,,12834509,11.108396,5348243,1.75224,3.8237,-78.449997,3.132867,,8.624797,,6.265734,
Sample,25/04/2023 14:36,23,,,12834623,11.107119,5324193,1.744291,3.4305,-79.270004,2.809521,,8.54033,,5.619043,
Sample,25/04/2023 14:36,23,,,12834534,11.108116,5244764,1.718041,1.6709,-78.68,1.362525,,8.261236,,2.725049,
Sample,25/04/2023 14:36,23,,,12834336,11.110335,5252293,1.720529,3.1331,-80.830002,2.564956,,8.2877,,5.129912,
Sample,25/04/2023 14:36,23,,,12834676,11.106525,5231419,1.713631,2.815,-78.279999,2.303369,,8.214325,,4.606737,
Sample,25/04/2023 14:36,23,,,12835037,11.102479,5162468,1.690849,1.7686,-78.559998,1.442868,,7.971846,,2.885736,
Sample,25/04/2023 14:36,23,,,12834973,11.103196,5155293,1.688479,1.9233,-77.889999,1.570084,,7.946603,,3.140169,
Sample,25/04/2023 14:36,23,,,12834769,11.105482,5145190,1.685141,2.7772,-79.550003,2.272284,,7.911056,,4.544568,
Sample,25/04/2023 14:36,23,9418101,5.689582,12834880,11.104238,5053029,1.654697,1.6992,-78.300003,1.385797,,7.586602,,2.771594,
Sample,25/04/2023 14:36,23,,,12834803,11.105101,5062918,1.657963,2.7872,-79.18,2.280507,,7.621434,,4.561015,
Sample,25/04/2023 14:36,23,,,12834974,11.103185,5073486,1.661454,1.9416,-79.150002,1.585133,,7.658653,,3.170267,
Sample,25/04/2023 14:36,23,,,12835218,11.10045,5082990,1.664593,1.5971,-80.349998,1.301836,,7.69212,,2.603671,
Sample,25/04/2023 14:36,23,,,12835468,11.097649,4957211,1.623052,1.6064,-79.340004,1.309483,,7.248867,,2.618967,
Sample,25/04/2023 14:36,23,,,12835513,11.097144,4888513,1.600369,1.8451,-80.879997,1.505777,,7.006431,,3.011554,
Sample,25/04/2023 14:36,23,,,12835479,11.097525,4859656,1.590842,3.1802,-78.959999,2.603689,,6.904513,,5.207377,
Sample,25/04/2023 14:36,23,,,12835438,11.097985,4877684,1.596794,1.8395,-79.009995,1.501172,,6.96819,,3.002344,
Sample,25/04/2023 14:36,23,,,12835442,11.09794,4708629,1.540991,1.7634,-78.379997,1.438591,,6.370219,,2.877183,
Sample,25/04/2023 14:36,23,,,12835482,11.097492,4670542,1.528423,2.1896,-78.240005,1.789075,,6.235209,,3.578149,
Sample,25/04/2023 14:36,23,,,12835410,11.098299,4681407,1.532008,2.0863,-77.729996,1.704127,,6.273735,,3.408253,
Sample,25/04/2023 14:36,23,,,12835025,11.102613,4676278,1.530316,1.9049,-78.259995,1.554953,,6.255549,,3.109906,
Sample,25/04/2023 14:36,23,,,12834542,11.108026,4546597,1.487529,1.4708,-78.830002,1.197974,,5.794953,,2.395947,
Sample,25/04/2023 14:36,23,,,12833267,11.122315,4479252,1.465316,1.5986,-78.029999,1.303069,,5.555079,,2.606139,
Sample,25/04/2023 14:36,23,,,12831459,11.142576,4467929,1.461581,4.5252,-77.620003,3.709742,,5.514697,,7.419484,
Sample,25/04/2023 14:36,23,,,12829907,11.159967,4446270,1.454438,2.2499,-79.669998,1.838662,,5.437407,,3.677324,
Sample,25/04/2023 14:37,23,,,12829131,11.168663,4254238,1.391123,2.3528,-79.360001,1.923281,,4.749184,,3.846562,
Sample,25/04/2023 14:37,23,,,12828850,11.171811,4205484,1.375053,1.7578,-79.110001,1.433986,,4.573439,,2.867973,
Sample,25/04/2023 14:37,23,,,12829287,11.166915,4243363,1.387538,2.1736,-79.5,1.775917,,4.710024,,3.551835,
Sample,25/04/2023 14:37,23,,,12830047,11.158398,4111306,1.344017,1.8158,-79.440002,1.481682,,4.232476,,2.963365,
Sample,25/04/2023 14:37,23,9418054,5.689324,12830408,11.154353,4005581,1.309185,1.8672,-79.479996,1.523951,,3.846891,,3.047902,
Sample,25/04/2023 14:37,23,,,12830412,11.154308,4021691,1.314492,1.5361,-78.099998,1.251673,,3.905867,,2.503345,
Sample,25/04/2023 14:37,23,,,12829985,11.159093,4000011,1.30735,1.3787,-79.290001,1.122236,,3.826479,,2.244472,
Sample,25/04/2023 14:37,23,,,12829641,11.162948,3862613,1.262098,1.7159,-79.800003,1.39953,,3.319153,,2.799061,
Sample,25/04/2023 14:37,23,,,12829485,11.164696,3752150,1.225729,2.0963,-78.18,1.71235,,2.904492,,3.4247,
Sample,25/04/2023 14:37,23,,,12829588,11.163542,3747991,1.22436,2.3111,-79.729996,1.88899,,2.888729,,3.777979,
Sample,25/04/2023 14:37,23,,,12829622,11.163161,3756665,1.227215,1.6319,-78.270004,1.330453,,2.92159,,2.660907,
Sample,25/04/2023 14:37,23,,,12829014,11.169974,3621869,1.182849,1.7303,-78.639999,1.411372,,2.404004,,2.822744,
Sample,25/04/2023 14:37,23,,,12827620,11.185594,3462170,1.130308,1.0788,-78.050003,0.875615,,1.763249,,1.75123,
Sample,25/04/2023 14:37,23,,,12825115,11.213661,3493751,1.140696,1.1075,-78.740005,0.899216,,1.893239,,1.798432,
Sample,25/04/2023 14:37,23,,,12823577,11.230893,3483690,1.137387,1.1608,-78.370003,0.943047,,1.852038,,1.886094,
Sample,25/04/2023 14:37,23,,,12822678,11.240965,3434477,1.121199,2.1475,-79.639999,1.754454,,1.647536,,3.508908,
Sample,25/04/2023 14:37,23,,,12822171,11.246645,3342456,1.090937,1.5896,-80.520004,1.295668,,1.248186,,2.591336,
Sample,25/04/2023 14:37,23,,,12821831,11.250455,3318641,1.083107,0.1834,-79.639999,0.139288,,1.140079,,0.278576,
Sample,25/04/2023 14:37,23,,,12821488,11.254297,3312333,1.081032,0.6807,-77.590004,0.54824,,1.111038,,1.096479,
Sample,25/04/2023 14:37,23,,,12821340,11.255955,3316560,1.082422,0.6451,-78.75,0.518964,,1.130518,,1.037928,
Sample,25/04/2023 14:37,23,,,12821366,11.255664,3320512,1.083722,1.4339,-79.449997,1.167629,,1.148658,,2.335258,
Sample,25/04/2023 14:37,23,,,12821407,11.255205,3224843,1.05227,1.8166,-80.509995,1.48234,,0.685805,,2.964681,
Sample,25/04/2023 14:37,23,,,12821586,11.253199,3206618,1.046279,2.2397,2335.699951,2061.185033,,0.590494,,4122.370117,
Sample,25/04/2023 14:37,23,,,12823155,11.235621,3206730,1.046316,0.4559,3055.100098,2669.265132,,0.591088,,5338.530273,
Sample,25/04/2023 14:37,23,9418089,5.689516,12824171,11.224238,3205396,1.045878,0.1,3465.899902,3016.497736,,0.583998,,6032.995605,
Sample,25/04/2023 14:37,23,,,12825882,11.205067,3202655,1.044977,0.5499,2658.199951,2333.781352,,0.569377,,4667.5625,
Sample,25/04/2023 14:37,23,,,12828078,11.180462,3227689,1.053205,9.6433,-31.799999,7.918581,,0.700437,,15.837161,
Sample,25/04/2023 14:37,23,,,12826585,11.197191,3293834,1.07495,2.192,-77.509995,1.791048,,1.024792,,3.582096,
Sample,25/04/2023 14:37,23,,,12824912,11.215936,3315300,1.082008,1.0281,-77.990005,0.833922,,1.124719,,1.667844,
Sample,25/04/2023 14:37,23,,,12823862,11.2277,3307927,1.079584,0.0636,-78.32,0.040771,,1.090645,,0.081542,
Sample,25/04/2023 14:37,23,,,12823363,11.233291,3305451,1.07877,1.1849,-79.900002,0.962866,,1.079145,,1.925731,
Sample,25/04/2023 14:37,23,,,12823109,11.236136,3498613,1.142296,1.9309,-78.550003,1.576334,,1.913082,,3.152668,
Sample,25/04/2023 14:37,23,,,12822992,11.237447,3548474,1.158699,1.7231,-77.32,1.405451,,2.114277,,2.810902,
Sample,25/04/2023 14:37,23,,,12822930,11.238142,3535498,1.15443,1.8619,-78.159996,1.519592,,2.062298,,3.039185,
Sample,25/04/2023 14:37,23,,,12822527,11.242657,3667731,1.197942,2.6854,-79.690002,2.196793,,2.58192,,4.393585,
Sample,25/04/2023 14:37,23,,,12823314,11.23384,3744094,1.223077,1.2731,-78.75,1.035396,,2.873948,,2.070793,
Sample,25/04/2023 14:37,23,,,12822649,11.24129,3760881,1.228603,1.34,-79.370003,1.090411,,2.937543,,2.180822,
Sample,25/04/2023 14:37,23,,,12822075,11.247721,3746603,1.223903,1.9049,-76.82,1.554953,,2.883466,,3.109906,
Sample,25/04/2023 14:37,23,,,12822451,11.243508,3753371,1.226131,1.8009,-78.889999,1.469429,,2.909117,,2.938859,
Sample,25/04/2023 14:37,23,,,12823560,11.231084,3872572,1.265377,1.5082,-76.879997,1.228729,,3.356204,,2.457459,
Sample,25/04/2023 14:37,23,,,12825398,11.21049,3916380,1.279804,1.7659,-78.270004,1.440647,,3.518629,,2.881295,
Sample,25/04/2023 14:37,23,,,12826296,11.200429,3896666,1.273312,1.4871,-77.610001,1.211378,,3.445645,,2.422756,
Sample,25/04/2023 14:37,23,,,12826389,11.199387,3901907,1.275038,1.7791,-78.639999,1.451502,,3.465065,,2.903005,
Sample,25/04/2023 14:37,23,,,12826965,11.192933,3971141,1.29784,1.7816,-79.07,1.453558,,3.720509,,2.907116,
Sample,25/04/2023 14:37,23,9417949,5.688746,12828267,11.178344,4068780,1.330005,2.2357,-77.740005,1.826985,,4.07778,,3.653969,
Sample,25/04/2023 14:37,23,,,12829281,11.166982,4103438,1.341424,1.7813,-79.629997,1.453311,,4.203892,,2.906623,
Sample,25/04/2023 14:37,23,,,12829774,11.161458,4110593,1.343782,1.819,-79.349998,1.484314,,4.229887,,2.968628,
Sample,25/04/2023 14:37,23,,,12829889,11.160169,4090140,1.337043,1.7531,-78.5,1.430121,,4.155543,,2.860243,
Sample,25/04/2023 14:37,23,,,12829404,11.165604,4115467,1.345388,1.7981,-79.159996,1.467127,,4.247587,,2.934254,
Sample,25/04/2023 14:37,23,,,12828939,11.170814,4115919,1.345537,1.4083,-80.779999,1.146577,,4.249228,,2.293154,
Sample,25/04/2023 14:37,23,,,12828533,11.175363,4117701,1.346124,1.18,-78.82,0.958836,,4.255697,,1.917672,
Sample,25/04/2023 14:37,23,,,12828533,11.175363,4115783,1.345492,1.5538,-78.790001,1.266228,,4.248734,,2.532456,
Sample,25/04/2023 14:37,23,,,12828567,11.174982,4105921,1.342242,2.2469,-78.220001,1.836195,,4.212915,,3.67239,
Sample,25/04/2023 14:37,23,,,12828480,11.175957,4124693,1.348428,1.5716,-79.479996,1.280866,,4.281074,,2.561732,
Sample,25/04/2023 14:37,23,,,12828456,11.176226,4131152,1.350556,2.7756,-80.300003,2.270968,,4.304505,,4.541936,
Sample,25/04/2023 14:37,23,,,12828315,11.177806,4129918,1.35015,1.6934,-76.759995,1.381028,,4.300029,,2.762055,
Sample,25/04/2023 14:37,23,,,12828274,11.178266,4192861,1.370893,2.6579,-78.849998,2.174178,,4.527857,,4.348356,
Sample,25/04/2023 14:37,23,,,12828682,11.173694,4238219,1.385842,2.2312,-78.729996,1.823284,,4.691492,,3.646568,
Sample,25/04/2023 14:37,23,,,12829164,11.168293,4259405,1.392826,1.4929,-79.639999,1.216148,,4.767783,,2.432295,
Sample,25/04/2023 14:37,23,,,12829361,11.166085,4282694,1.400503,2.8922,-78.599998,2.366854,,4.851548,,4.733707,
Sample,25/04/2023 14:38,23,,,12829403,11.165615,4250040,1.389739,1.574,-78.770004,1.28284,,4.73407,,2.565679,
Sample,25/04/2023 14:38,23,,,12829813,11.161021,4269707,1.396222,1.5005,-80.529999,1.222397,,4.804849,,2.444795,
Sample,25/04/2023 14:38,23,,,12831226,11.145187,4341041,1.419739,1.299,-78.629997,1.056695,,5.060994,,2.11339,
Sample,25/04/2023 14:38,23,,,12831932,11.137275,4402079,1.439865,1.5968,-78.970001,1.301589,,5.279524,,2.603178,
Sample,25/04/2023 14:38,23,9417902,5.688488,12831842,11.138284,4390223,1.435955,1.6118,-78.620003,1.313924,,5.237119,,2.627848,
Sample,25/04/2023 14:38,23,,,12831382,11.143439,4394627,1.437408,1.6613,-79.029999,1.35463,,5.252873,,2.709261,
Sample,25/04/2023 14:38,23,,,12831482,11.142318,4410521,1.442649,2.8164,-79.509995,2.30452,,5.309705,,4.609039,
Sample,25/04/2023 14:38,23,,,12832103,11.135359,4416614,1.444658,1.8379,-79.529999,1.499856,,5.331483,,2.999713,
Sample,25/04/2023 14:38,23,,,12833192,11.123155,4439743,1.452285,2.2052,-78.669998,1.801903,,5.414104,,3.603806,
Sample,25/04/2023 14:38,23,,,12834381,11.109831,4495021,1.470517,2.1139,-77.290001,1.726823,,5.611293,,3.453646,
Sample,25/04/2023 14:38,23,,,12835256,11.100025,4544807,1.486939,1.4546,-80.300003,1.184652,,5.788583,,2.369303,
Sample,25/04/2023 14:38,23,,,12835883,11.092998,4616533,1.510602,1.877,-79.050003,1.53201,,6.043545,,3.06402,
Sample,25/04/2023 14:38,23,,,12836078,11.090812,4689894,1.534809,1.9212,-79.459999,1.568357,,6.303822,,3.136715,
Sample,25/04/2023 14:38,23,,,12836293,11.088403,4677999,1.530883,2.3271,-79.610001,1.902147,,6.261651,,3.804294,
Sample,25/04/2023 14:38,23,,,12836294,11.088391,4731868,1.548661,2.0704,-80.370003,1.691051,,6.452539,,3.382102,
Sample,25/04/2023 14:38,23,,,12836773,11.083023,4840091,1.584383,2.7785,-78.979996,2.273353,,6.835384,,4.546706,
Sample,25/04/2023 14:38,23,,,12837367,11.076366,4829435,1.580865,1.9086,-80.979996,1.557996,,6.797723,,3.115992,
Sample,25/04/2023 14:38,23,,,12837386,11.076153,4899261,1.603918,1.3758,-77.770004,1.119851,,7.044378,,2.239702,
Sample,25/04/2023 14:38,23,,,12837665,11.073026,5031962,1.647739,1.7172,-80.650002,1.400599,,7.512384,,2.801199,
Sample,25/04/2023 14:38,23,,,12838241,11.06657,5120424,1.676959,2.1705,-78.009995,1.773368,,7.823902,,3.546736,
Sample,25/04/2023 14:38,23,,,12838552,11.063084,5119234,1.676566,2.2647,-79.659996,1.850833,,7.819714,,3.701665,
Sample,25/04/2023 14:38,23,,,12838434,11.064407,5202040,1.703924,1.9841,-80.720001,1.620083,,8.111029,,3.240166,
Sample,25/04/2023 14:38,23,,,12838583,11.062737,5332975,1.747194,2.7108,-77.419998,2.21768,,8.571175,,4.435361,
Sample,25/04/2023 14:38,23,,,12839010,11.057951,5398047,1.768703,1.9263,-79.07,1.572551,,8.799665,,3.145103,
Sample,25/04/2023 14:38,23,9417850,5.688202,12839217,11.055631,5396129,1.768069,3.3731,-79.520004,2.762319,,8.792932,,5.524637,
Sample,25/04/2023 14:38,23,,,12839156,11.056315,5409139,1.77237,2.7628,-79.470001,2.260442,,8.838601,,4.520885,
Sample,25/04/2023 14:38,23,,,12839112,11.056808,5428302,1.778705,4.5752,-75.029999,3.750859,,8.905861,,7.501718,
Sample,25/04/2023 14:38,23,,,12839034,11.057682,5421035,1.776302,2.753,-79.900002,2.252383,,8.880356,,4.504766,
Sample,25/04/2023 14:38,23,,,12838867,11.059554,5418220,1.775372,5.5843,-77.860001,4.580686,,8.870475,,9.161372,
Sample,25/04/2023 14:38,23,,,12838786,11.060462,5412826,1.773589,3.1913,-77.050003,2.612817,,8.851543,,5.225633,
Sample,25/04/2023 14:38,23,,,12838870,11.05952,5398928,1.768994,4.6352,-79.75,3.800199,,8.802757,,7.600399,
Sample,25/04/2023 14:38,23,,,12839107,11.056864,5391080,1.7664,2.8674,-78.090004,2.346459,,8.775207,,4.692919,
Sample,25/04/2023 14:38,23,,,12839275,11.054981,5365189,1.757841,2.5154,-79.889999,2.056994,,8.684304,,4.113988,
Sample,25/04/2023 14:38,23,,,12839187,11.055967,5249337,1.719552,2.1492,-79.479996,1.755852,,8.27731,,3.511704,
Sample,25/04/2023 14:38,23,,,12839074,11.057234,5222114,1.710557,2.2694,-78.709999,1.854698,,8.181612,,3.709395,
Sample,25/04/2023 14:38,23,,,12839087,11.057088,5179173,1.696368,1.6544,-79.389999,1.348956,,8.030608,,2.697912,
Sample,25/04/2023 14:38,23,,,12838965,11.058455,5190578,1.700137,1.9853,-80.590004,1.62107,,8.070721,,3.24214,
Sample,25/04/2023 14:38,23,,,12839092,11.057032,5227287,1.712266,2.5035,-80.349998,2.047208,,8.199799,,4.094417,
Sample,25/04/2023 14:38,23,,,12839234,11.05544,5152037,1.687403,2.2587,-80.290001,1.845899,,7.935148,,3.691797,
Sample,25/04/2023 14:38,23,,,12839116,11.056763,4947819,1.619951,1.9397,-80.75,1.583571,,7.215738,,3.167141,
Sample,25/04/2023 14:38,23,,,12838675,11.061706,4868582,1.593789,2.3371,-78.759995,1.91037,,6.936043,,3.820741,
Sample,25/04/2023 14:38,23,,,12837220,11.078013,4865976,1.592928,1.2954,-80.300003,1.053735,,6.926838,,2.107469,
Sample,25/04/2023 14:38,23,,,12835999,11.091698,4889577,1.60072,1.4005,-79.949997,1.140163,,7.010187,,2.280326,
Sample,25/04/2023 14:38,23,,,12834912,11.10388,4874833,1.595852,1.6843,-79.120003,1.373544,,6.958122,,2.747088,
Sample,25/04/2023 14:38,23,9417795,5.6879,12834317,11.110548,4582488,1.49937,1.617,-80.379997,1.3182,,5.922591,,2.636401,
Sample,25/04/2023 14:38,23,,,12835003,11.10286,4543079,1.486369,2.533,-80.040001,2.071468,,5.782434,,4.142935,
Sample,25/04/2023 14:38,23,,,12835794,11.093995,4545003,1.487004,1.4577,-81.009995,1.187201,,5.789281,,2.374402,
Sample,25/04/2023 14:38,23,,,12836147,11.090039,4499510,1.471997,2.2255,-79.629997,1.818597,,5.62729,,3.637194,
Sample,25/04/2023 14:38,23,,,12836299,11.088335,4157993,1.359401,1.831,-78.389999,1.494182,,4.401764,,2.988364,
Sample,25/04/2023 14:38,23,,,12836564,11.085365,4194432,1.37141,2.2648,-79.620003,1.850915,,4.533532,,3.70183,
Sample,25/04/2023 14:38,23,,,12836907,11.081521,4192270,1.370698,2.0308,-80.290001,1.658486,,4.525722,,3.316973,
Sample,25/04/2023 14:38,23,,,12836914,11.081443,3859570,1.261096,1.326,-78.830002,1.078898,,3.307822,,2.157797,
Sample,25/04/2023 14:38,23,,,12834874,11.104306,3815175,1.246478,3.0815,-79.629997,2.522523,,3.141957,,5.045046,
Sample,25/04/2023 14:38,23,,,12832233,11.133902,3635702,1.187401,1.1584,-80.879997,0.941073,,2.457894,,1.882147,
Sample,25/04/2023 14:38,23,,,12830280,11.155788,3489462,1.139286,1.6001,-80.190002,1.304303,,1.875698,,2.608605,
Sample,25/04/2023 14:38,23,,,12829147,11.168483,3489019,1.13914,1.8539,-79.790001,1.513014,,1.873884,,3.026027,
Sample,25/04/2023 14:38,23,,,12828379,11.177089,3484153,1.137539,2.6097,-79.270004,2.134541,,1.853938,,4.269083,
Sample,25/04/2023 14:38,23,,,12827854,11.182972,3229201,1.053702,0.0969,-85.050003,0.068155,,0.708185,,0.13631,
Sample,25/04/2023 14:38,23,,,12827859,11.182916,3210959,1.047706,1.0355,-70.790001,0.840007,,0.613459,,1.680015,
Sample,25/04/2023 14:38,23,,,12828219,11.178882,3207729,1.046644,57.285999,677.5,47.097272,,0.596387,,94.194542,
Sample,25/04/2023 14:39,23,,,12829526,11.164237,3201706,1.044665,0.0042,3228.600098,2815.917726,,0.564298,,5631.835449,
Sample,25/04/2023 14:39,23,,,12833191,11.123167,3199205,1.043843,0.1872,1842.300049,1644.133878,,0.550872,,3288.267822,
Sample,25/04/2023 14:39,23,,,12839561,11.051775,3201899,1.044728,1.8576,3134.100098,2736.040665,,0.565332,,5472.081543,
Sample,25/04/2023 14:39,23,,,12844038,11.001593,3200120,1.044143,0.1138,3298.5,2875.00131,,0.555791,,5750.002441,
Sample,25/04/2023 14:39,23,9417847,5.688186,12847979,10.957413,3200917,1.044405,0.0968,3401.199951,2961.809461,,0.560069,,5923.619141,
Sample,25/04/2023 14:39,23,,,12850912,10.92453,3201269,1.044521,0.072,3521.800049,3063.747888,,0.561957,,6127.495605,
Sample,25/04/2023 14:39,23,,,12853211,10.898753,3201191,1.044495,22.261002,2801.699951,2455.076148,,0.561538,,4910.152344,
Sample,25/04/2023 14:39,23,,,12854040,10.889458,3201304,1.044533,20.617001,2792.399902,2447.21519,,0.562144,,4894.430176,
Sample,25/04/2023 14:39,23,,,12853765,10.892542,3202511,1.044929,16.511,2789.899902,2445.10204,,0.568607,,4890.204102,
Sample,25/04/2023 14:39,23,,,12852687,10.904629,3202401,1.044893,15.474001,2788.300049,2443.749748,,0.568018,,4887.499512,
Sample,25/04/2023 14:39,23,,,12851398,10.919081,3199746,1.044021,604.849976,6783.600098,5820.816687,,0.553782,,11641.63379,
Sample,25/04/2023 14:39,23,,,12849850,10.936437,3203330,1.045199,36.417999,3078.699951,2689.213142,,0.572984,,5378.42627,
Sample,25/04/2023 14:39,23,,,12848027,10.956875,3202950,1.045074,1.7269,4309.5,3729.559074,,0.570954,,7459.118164,
Sample,25/04/2023 14:39,23,,,12845901,10.980708,3201901,1.044729,17.907,3402.600098,2962.992949,,0.565342,,5925.98584,
Sample,25/04/2023 14:39,23,,,12843850,11.0037,3203920,1.045392,0.3362,3315.300049,2889.201718,,0.576133,,5778.40332,
Sample,25/04/2023 14:39,23,,,12842055,11.023821,3203377,1.045214,306.309998,6517.399902,5595.808336,,0.573235,,11191.61621,
Sample,25/04/2023 14:39,23,,,12840137,11.045319,3202898,1.045057,4.682799,3612.300049,3140.24391,,0.570676,,6280.487793,
Sample,25/04/2023 14:39,23,,,12838320,11.065685,3203446,1.045237,0.942,3334.699951,2905.599678,,0.573603,,5811.199219,
Sample,25/04/2023 14:39,23,,,12836619,11.084749,3203947,1.045401,0.0024,3298.100098,2874.663289,,0.576277,,5749.32666,
Sample,25/04/2023 14:39,23,,,12834995,11.10295,3205877,1.046036,0.0396,3990.600098,3460.005773,,0.586556,,6920.011719,
Sample,25/04/2023 14:39,23,,,12833785,11.11651,3206543,1.046255,0.0981,4354.299805,3767.426553,,0.590095,,7534.853027,
Sample,25/04/2023 14:39,23,,,12832670,11.129005,3207047,1.04642,0.1021,4386.200195,3794.390674,,0.592771,,7588.78125,
Sample,25/04/2023 14:39,23,,,12831452,11.142654,3207352,1.046521,0.0918,4321.399902,3739.617585,,0.594389,,7479.235352,
Sample,25/04/2023 14:39,23,,,12830284,11.155743,3207640,1.046615,0.0987,4375,3784.923598,,0.595916,,7569.847168,
Sample,25/04/2023 14:39,23,9417821,5.688043,12829388,11.165783,3207585,1.046597,0.0977,4313.399902,3732.855505,,0.595624,,7465.710938,
Sample,25/04/2023 14:39,23,,,12828512,11.175599,3207764,1.046656,0.119,4388.200195,3796.081194,,0.596573,,7592.162598,
Sample,25/04/2023 14:39,23,,,12827791,11.183678,3207523,1.046577,0.1108,4338.299805,3753.902394,,0.595296,,7507.804688,
Sample,25/04/2023 14:39,23,,,12827030,11.192205,3207554,1.046587,0.1088,4307.5,3727.868554,,0.59546,,7455.737305,
Sample,25/04/2023 14:39,23,,,12826268,11.200743,3207630,1.046612,0.0877,4315.5,3734.630634,,0.595863,,7469.26123,
Sample,25/04/2023 14:39,23,,,12825474,11.209639,3207828,1.046677,0.1081,4263.799805,3690.930532,,0.596912,,7381.86084,
Sample,25/04/2023 14:39,23,,,12824767,11.21756,3207468,1.046559,0.0985,4307.5,3727.868554,,0.595004,,7455.737305,
Sample,25/04/2023 14:39,23,,,12823973,11.226456,3207516,1.046574,0.1091,4287.399902,3710.878748,,0.595258,,7421.757324,
Sample,25/04/2023 14:39,23,,,12823141,11.235778,3207656,1.04662,0.1119,4259.299805,3687.126862,,0.596001,,7374.253906,
Sample,25/04/2023 14:39,23,,,12822266,11.245581,3207575,1.046594,0.1024,4238.799805,3669.799034,,0.595571,,7339.598145,
Sample,25/04/2023 14:39,23,,,12821400,11.255283,3207791,1.046665,0.0948,4300.5,3721.951735,,0.596716,,7443.90332,
Sample,25/04/2023 14:39,23,,,12820726,11.262834,3207729,1.046644,0.1052,4268,3694.480788,,0.596387,,7388.961426,
Sample,25/04/2023 14:39,23,,,12820180,11.268951,3207624,1.04661,0.0983,4262.600098,3689.916467,,0.595831,,7379.833008,
Sample,25/04/2023 14:39,23,,,12819503,11.276535,3207896,1.046699,0.0837,4236.200195,3667.601688,,0.597272,,7335.203613,
Sample,25/04/2023 14:39,23,,,12818881,11.283504,3207812,1.046672,0.0933,4249.299805,3678.674263,,0.596827,,7357.348633,
Sample,25/04/2023 14:39,23,,,12818192,11.291222,3207618,1.046608,0.0805,4208,3643.765194,,0.595799,,7287.530273,
Sample,25/04/2023 14:39,23,,,12817423,11.299837,3207880,1.046694,0.0932,4208.100098,3643.849802,,0.597188,,7287.699707,
Sample,25/04/2023 14:39,23,,,12816646,11.308541,3207454,1.046554,0.1106,4270.700195,3696.763155,,0.59493,,7393.526367,
Sample,25/04/2023 14:39,23,,,12815897,11.316931,3207522,1.046576,0.0947,4199.700195,3636.749702,,0.59529,,7273.499512,
Sample,25/04/2023 14:39,23,,,12815157,11.32522,3207638,1.046615,0.0921,4226.100098,3659.064481,,0.595905,,7318.128906,
Sample,25/04/2023 14:39,23,9417777,5.687801,12814434,11.333319,3207404,1.046538,0.0973,4285.799805,3709.526249,,0.594665,,7419.052734,
Sample,25/04/2023 14:39,23,,,12813623,11.342403,3207642,1.046616,0.095,4232.399902,3664.389453,,0.595926,,7328.778809,
Sample,25/04/2023 14:39,23,,,12812867,11.350872,3207595,1.0466,0.0956,4239.299805,3670.221664,,0.595677,,7340.443359,
Sample,25/04/2023 14:39,23,,,12812149,11.358914,3207429,1.046546,0.1054,4254.399902,3682.985171,,0.594797,,7365.970215,
Sample,25/04/2023 14:39,23,,,12811456,11.366676,3207521,1.046576,0.0926,4252.600098,3681.463868,,0.595285,,7362.927734,
Sample,25/04/2023 14:39,23,,,12810786,11.374181,3207517,1.046575,0.0929,4215.200195,3649.85123,,0.595264,,7299.702637,
Sample,25/04/2023 14:39,23,,,12810146,11.381349,3207428,1.046546,0.1075,4269.799805,3696.002091,,0.594792,,7392.004395,
Sample,25/04/2023 14:39,23,,,12809688,11.386479,3207571,1.046593,0.0999,4250.799805,3679.942153,,0.59555,,7359.884277,
Sample,25/04/2023 14:39,23,,,12809307,11.390746,3207621,1.046609,0.1151,4223.299805,3656.697505,,0.595815,,7313.39502,
Sample,25/04/2023 14:39,23,,,12808808,11.396335,3207357,1.046522,0.1043,4271.5,3697.439198,,0.594415,,7394.878418,
Sample,25/04/2023 14:39,23,,,12808341,11.401565,3207464,1.046557,0.0843,4248.399902,3677.913612,,0.594983,,7355.827148,
Sample,25/04/2023 14:39,23,,,12807867,11.406874,3207513,1.046573,0.101,4278.399902,3703.271409,,0.595242,,7406.542969,
Sample,25/04/2023 14:39,23,,,12807421,11.411869,3207436,1.046548,0.0802,4201.600098,3638.355613,,0.594834,,7276.711426,
Sample,25/04/2023 14:39,23,,,12806991,11.416685,3207562,1.04659,0.0959,4249,3678.42085,,0.595502,,7356.841797,
Sample,25/04/2023 14:39,23,,,12806539,11.421747,3207527,1.046578,0.0936,4224,3657.289352,,0.595317,,7314.578613,
Sample,25/04/2023 14:39,23,,,12806149,11.426115,3207595,1.0466,0.1167,4203.100098,3639.623503,,0.595677,,7279.24707,
Sample,25/04/2023 14:40,23,,,12805724,11.430875,3207481,1.046563,0.1216,4212.899902,3647.906885,,0.595073,,7295.813965,
Sample,25/04/2023 14:40,23,,,12805272,11.435937,3207718,1.046641,0.1134,4125.899902,3574.369273,,0.596329,,7148.73877,
Sample,25/04/2023 14:40,23,,,12804702,11.442321,3207492,1.046567,0.1177,4186,3625.169476,,0.595131,,7250.338867,
Sample,25/04/2023 14:40,23,,,12804304,11.446778,3207490,1.046566,0.1042,4227.5,3660.247762,,0.595121,,7320.495605,
Sample,25/04/2023 14:40,23,9417748,5.687641,12804010,11.45007,3207387,1.046532,0.0964,4108.899902,3559.999855,,0.594574,,7119.999512,
Sample,25/04/2023 14:40,23,,,12803592,11.454751,3207438,1.046549,0.1076,4145.799805,3591.189863,,0.594845,,7182.379883,
Sample,25/04/2023 14:40,23,,,12803200,11.459141,3207396,1.046535,0.1077,4129.399902,3577.327683,,0.594622,,7154.655273,
Sample,25/04/2023 14:40,23,,,12802754,11.464136,3207454,1.046554,0.111,4118,3567.691803,,0.59493,,7135.383789,
Sample,25/04/2023 14:40,23,,,12802290,11.469332,3207603,1.046603,0.1094,4081.199951,3536.586197,,0.59572,,7073.172363,
Sample,25/04/2023 14:40,23,,,12801844,11.474327,3207484,1.046564,0.112,4192.399902,3630.579057,,0.595089,,7261.158203,
Sample,25/04/2023 14:40,23,,,12801347,11.479892,3207390,1.046533,0.1016,4073.300049,3529.908726,,0.59459,,7059.817383,
Sample,25/04/2023 14:40,23,,,12800841,11.485559,3207408,1.046539,0.0996,4056.199951,3515.454699,,0.594686,,7030.90918,
Sample,25/04/2023 14:40,23,,,12800371,11.490822,3207227,1.046479,0.1019,4034.100098,3496.774579,,0.593726,,6993.549316,
Sample,25/04/2023 14:40,23,,,12799924,11.495827,3207384,1.046531,0.0982,4087.699951,3542.080386,,0.594558,,7084.160645,
Sample,25/04/2023 14:40,23,,,12799461,11.501012,3207364,1.046525,0.1114,4042.199951,3503.62106,,0.594452,,7007.242188,
Sample,25/04/2023 14:40,23,,,12799027,11.505872,3207285,1.046499,0.1134,4016.800049,3482.151541,,0.594033,,6964.303223,
Sample,25/04/2023 14:40,23,,,12798601,11.510642,3207458,1.046555,0.0921,4035.100098,3497.619839,,0.594951,,6995.239746,
Sample,25/04/2023 14:40,23,,,12798180,11.515357,3207417,1.046542,0.0997,4020.800049,3485.532581,,0.594733,,6971.064941,
Sample,25/04/2023 14:40,23,,,12797758,11.520082,3207286,1.046499,0.1108,3983.699951,3454.173356,,0.594039,,6908.34668,
Sample,25/04/2023 14:40,23,,,12797359,11.52455,3207223,1.046478,0.108,4007.5,3474.290583,,0.593705,,6948.581055,
Sample,25/04/2023 14:40,23,,,12796994,11.528637,3207212,1.046475,0.0856,4066.800049,3524.414537,,0.593646,,7048.829102,
Sample,25/04/2023 14:40,23,,,12796665,11.532321,3207087,1.046433,0.1013,3792.800049,3292.813323,,0.592983,,6585.626465,
Sample,25/04/2023 14:40,23,,,12796420,11.535064,3207266,1.046492,0.1094,3743.100098,3250.803947,,0.593933,,6501.60791,
Sample,25/04/2023 14:40,23,,,12796205,11.537472,3207273,1.046495,0.118,3983.100098,3453.666324,,0.59397,,6907.33252,
Sample,25/04/2023 14:40,23,9417709,5.687427,12795933,11.540517,3207159,1.046457,0.0966,3721,3232.12362,,0.593365,,6464.24707,
Sample,25/04/2023 14:40,23,,,12795699,11.543137,3207255,1.046489,0.0947,3746.899902,3254.015769,,0.593874,,6508.031738,
Sample,25/04/2023 14:40,23,,,12795554,11.544761,3207276,1.046496,0.1076,3973.300049,3445.382736,,0.593986,,6890.765625,
Sample,25/04/2023 14:40,23,,,12795235,11.548333,3206981,1.046399,0.11,4114.299805,3564.564176,,0.592421,,7129.128418,
Sample,25/04/2023 14:40,23,,,12794951,11.551513,3207091,1.046435,0.0982,3754.699951,3260.608838,,0.593004,,6521.217773,
Sample,25/04/2023 14:40,23,,,12794661,11.55476,3207324,1.046511,0.1035,3558.300049,3094.599875,,0.59424,,6189.199707,
Sample,25/04/2023 14:40,23,,,12794317,11.558612,3207043,1.046419,0.088,4104,3555.858164,,0.59275,,7111.716309,
Sample,25/04/2023 14:40,23,,,12793962,11.562586,3207218,1.046477,0.111,3758.800049,3264.074486,,0.593678,,6528.148926,
Sample,25/04/2023 14:40,23,,,12793616,11.56646,3207107,1.04644,0.1121,3778.100098,3280.388043,,0.593089,,6560.775879,
Sample,25/04/2023 14:40,23,,,12793263,11.570413,3207213,1.046475,0.0973,3571.699951,3105.926275,,0.593652,,6211.852539,
Sample,25/04/2023 14:40,23,,,12793003,11.573324,3207202,1.046471,0.1176,4029.300049,3492.71729,,0.593593,,6985.43457,
Sample,25/04/2023 14:40,23,,,12792849,11.575048,3207180,1.046464,0.1225,3577.899902,3111.166845,,0.593476,,6222.333496,
Sample,25/04/2023 14:40,23,,,12792563,11.57825,3206931,1.046382,0.0893,3940.100098,3417.320148,,0.592155,,6834.640137,
Sample,25/04/2023 14:40,23,,,12792348,11.580658,3207157,1.046456,0.0958,3730.899902,3240.491611,,0.593354,,6480.983398,
Sample,25/04/2023 14:40,23,,,12792038,11.584129,3207081,1.046431,0.1011,3759.800049,3264.919746,,0.592951,,6529.839355,
Sample,25/04/2023 14:40,23,,,12791688,11.588047,3206796,1.046338,0.1047,3934.899902,3412.924631,,0.591439,,6825.849121,
Sample,25/04/2023 14:40,23,,,12791314,11.592235,3206916,1.046377,0.1039,3622.199951,3148.6119,,0.592076,,6297.223633,
Sample,25/04/2023 14:40,23,,,12791072,11.594944,3206870,1.046362,0.101,3929.300049,3408.1913,,0.591832,,6816.382812,
Sample,25/04/2023 14:40,23,,,12790907,11.596791,3207109,1.046441,0.1163,4015,3480.630032,,0.5931,,6961.260254,
Sample,25/04/2023 14:40,23,,,12790716,11.59893,3206999,1.046405,0.0995,3710.100098,3222.91037,,0.592516,,6445.820801,
Sample,25/04/2023 14:40,23,9417673,5.687229,12790548,11.600811,3206940,1.046385,0.1011,4035.699951,3498.126871,,0.592203,,6996.253906,
Sample,25/04/2023 14:40,23,,,12790261,11.604024,3207018,1.046411,0.1174,3939.699951,3416.98192,,0.592617,,6833.963867,
Sample,25/04/2023 14:40,23,,,12789939,11.607629,3206855,1.046357,0.092,3930.100098,3408.867549,,0.591752,,6817.734863,
Sample,25/04/2023 14:40,23,,,12789593,11.611503,3231961,1.05461,0.1061,3915.100098,3396.18865,,0.722282,,6792.377441,
Sample,25/04/2023 14:40,23,,,12789396,11.613709,3207083,1.046432,0.0935,3927.600098,3406.754399,,0.592962,,6813.508789,
Sample,25/04/2023 14:40,23,,,12789158,11.616373,3206716,1.046312,0.0964,4013.399902,3479.277534,,0.591014,,6958.555176,
Sample,25/04/2023 14:40,23,,,12789029,11.617817,3207101,1.046438,0.0874,4042.399902,3503.790071,,0.593057,,7007.580078,
Sample,25/04/2023 14:40,23,,,12788742,11.621031,3206815,1.046344,0.0869,4017,3482.320552,,0.59154,,6964.641113,
Sample,25/04/2023 14:40,23,,,12788438,11.624434,3206938,1.046384,0.1079,3957.5,3432.027588,,0.592192,,6864.055176,
Sample,25/04/2023 14:40,23,,,12788059,11.628677,3205813,1.046015,0.0623,2920.100098,2555.155045,,0.586216,,5110.310059,
Sample,25/04/2023 14:40,23,,,12787761,11.632013,3204295,1.045516,0.7871,2896.199951,2534.953209,,0.578133,,5069.90625,
Sample,25/04/2023 14:40,23,,,12787588,11.63395,3205429,1.045888,0.1497,1687.400024,1513.203098,,0.584173,,3026.40625,
Sample,25/04/2023 14:40,23,,,12787337,11.63676,3205599,1.045944,0.1326,1759.300049,1573.977306,,0.585078,,3147.95459,
Sample,25/04/2023 14:40,23,,,12787025,11.640253,3206256,1.04616,0.0838,2830.199951,2479.166056,,0.588571,,4958.332031,
Sample,25/04/2023 14:40,23,,,12786609,11.64491,3206418,1.046214,0.071,2792.199951,2447.046179,,0.589431,,4894.092285,
Sample,25/04/2023 14:40,23,,,12786265,11.648762,3206305,1.046176,0.0812,3721.899902,3232.884272,,0.588831,,6465.768555,
Sample,25/04/2023 14:41,23,,,12785924,11.652579,3206576,1.046266,0.1053,3923.600098,3403.37336,,0.590271,,6806.746582,
Sample,25/04/2023 14:41,23,,,12785585,11.656374,3206805,1.046341,0.0844,2974.899902,2601.475123,,0.591486,,5202.950195,
Sample,25/04/2023 14:41,23,,,12785294,11.659632,3205652,1.045962,0.0986,3236,2822.172566,,0.58536,,5644.345215,
Sample,25/04/2023 14:41,23,,,12785378,11.658692,3206562,1.046261,0.0448,2989.800049,2614.069619,,0.590196,,5228.13916,
Sample,25/04/2023 14:41,23,9417616,5.686916,12785766,11.654348,3206536,1.046252,0.0861,3847.399902,3338.96439,,0.590058,,6677.928711,
Sample,25/04/2023 14:41,23,,,12785580,11.65643,3206220,1.046148,0.0438,2632.699951,2312.227225,,0.58838,,4624.45459,
Sample,25/04/2023 14:41,23,,,12785339,11.659128,3205742,1.045991,0.2237,2856.199951,2501.142813,,0.585839,,5002.285645,
Sample,25/04/2023 14:41,23,,,12785107,11.661725,3205656,1.045963,0.2358,2069.600098,1836.261496,,0.585381,,3672.522949,
Sample,25/04/2023 14:41,23,,,12784805,11.665106,3205073,1.045771,0.3344,2760.899902,2420.589503,,0.582279,,4841.179199,
Sample,25/04/2023 14:41,23,,,12784498,11.668543,3204395,1.045549,0.053,2843.100098,2490.070032,,0.578667,,4980.140137,
Sample,25/04/2023 14:41,23,,,12784132,11.67264,3204306,1.045519,0.0393,2847.300049,2493.620083,,0.578192,,4987.240234,
Sample,25/04/2023 14:41,23,,,12783875,11.675517,3203726,1.045329,0.0372,2845.100098,2491.760552,,0.575098,,4983.520996,
Sample,25/04/2023 14:41,23,,,12784115,11.672831,3204854,1.045699,1.211,2229.699951,1971.587483,,0.581112,,3943.175049,
Sample,25/04/2023 14:41,23,,,12784199,11.67189,3205410,1.045882,0.0385,2850.399902,2496.240265,,0.584072,,4992.480469,
Sample,25/04/2023 14:41,23,,,12783967,11.674487,3204133,1.045463,0.0428,2840.100098,2487.534253,,0.57727,,4975.068359,
Sample,25/04/2023 14:41,23,,,12783619,11.678383,3204096,1.04545,0.0456,2836.800049,2484.744854,,0.577072,,4969.489746,
Sample,25/04/2023 14:41,23,,,12783233,11.682704,3204034,1.04543,0.0479,2838.100098,2485.843733,,0.576742,,4971.6875,
Sample,25/04/2023 14:41,23,,,12783023,11.685055,3204012,1.045423,0.0429,2818.800049,2469.530175,,0.576624,,4939.060547,
Sample,25/04/2023 14:41,23,,,12782920,11.686208,3204006,1.045421,0.0409,2821.399902,2471.727727,,0.576592,,4943.455566,
Sample,25/04/2023 14:41,23,,,12782682,11.688873,3203894,1.045384,0.0646,2820,2470.544446,,0.575995,,4941.088867,
Sample,25/04/2023 14:41,23,,,12782454,11.691425,3204063,1.045439,0.5742,2803.399902,2456.513049,,0.576896,,4913.025879,
Sample,25/04/2023 14:41,23,,,12782038,11.696082,3203947,1.045401,0.5629,2809,2461.246587,,0.576277,,4922.493164,
Sample,25/04/2023 14:41,23,,,12781747,11.699339,3203665,1.045309,0.5546,2809.800049,2461.922836,,0.574773,,4923.845703,
Sample,25/04/2023 14:41,23,,,12781465,11.702496,3203953,1.045403,0.5295,2811.300049,2463.190726,,0.576309,,4926.381348,
Sample,25/04/2023 14:41,23,9414550,5.670059,12781235,11.705071,3203612,1.045291,0.5441,2811.699951,2463.528748,,0.57449,,4927.057617,
Sample,25/04/2023 14:41,23,,,12780991,11.707802,3203853,1.04537,0.5184,2812.199951,2463.951377,,0.575776,,4927.902832,
Sample,25/04/2023 14:41,23,,,12780766,11.710321,3203379,1.045215,0.5397,2812.399902,2464.120388,,0.573246,,4928.240723,
Sample,25/04/2023 14:41,23,,,12780615,11.712011,3203658,1.045306,0.5131,2810,2462.091847,,0.574735,,4924.183594,
Sample,25/04/2023 14:41,23,,,12780478,11.713545,3203405,1.045223,0.5184,2811,2462.937107,,0.573385,,4925.874023,
Sample,25/04/2023 14:41,23,,,12780389,11.714541,3203522,1.045262,0.4896,2810.699951,2462.683488,,0.574009,,4925.367188,
Sample,25/04/2023 14:41,23,,,12780294,11.715604,3203639,1.0453,0.4925,2812.899902,2464.543018,,0.574634,,4929.085938,
Sample,25/04/2023 14:41,23,,,12780094,11.717843,3203293,1.045186,0.4901,2814.100098,2465.557495,,0.572786,,4931.114746,
Sample,25/04/2023 14:41,23,,,12779847,11.720608,3235963,1.055925,0.4632,2815.899902,2467.078798,,0.742618,,4934.157715,
Sample,25/04/2023 14:41,23,,,12779533,11.724123,3203064,1.045111,0.4873,2815.600098,2466.825385,,0.571563,,4933.650879,
Sample,25/04/2023 14:41,23,,,12779225,11.727571,3203474,1.045246,0.4658,2816.699951,2467.755047,,0.573753,,4935.510254,
Sample,25/04/2023 14:41,23,,,12778870,11.731544,3203252,1.045173,0.4656,2817.399902,2468.346688,,0.572567,,4936.693359,
Sample,25/04/2023 14:41,23,,,12778556,11.735059,3203363,1.045209,0.4533,2815.399902,2466.656168,,0.57316,,4933.3125,
Sample,25/04/2023 14:41,23,,,12778276,11.738193,3203341,1.045202,0.4471,2815.5,2466.740776,,0.573043,,4933.481445,
Sample,25/04/2023 14:41,23,,,12777960,11.741731,3203265,1.045177,0.4477,2814,2465.472887,,0.572637,,4930.945801,
Sample,25/04/2023 14:41,23,,,12777676,11.74491,3203419,1.045228,0.4357,2814,2465.472887,,0.573459,,4930.945801,
Sample,25/04/2023 14:41,23,,,12777395,11.748055,3203464,1.045243,0.4216,2812.300049,2464.035986,,0.5737,,4928.071777,
Sample,25/04/2023 14:41,23,,,12777147,11.750831,3203248,1.045172,0.4223,2811.899902,2463.697758,,0.572546,,4927.395508,
Sample,25/04/2023 14:41,23,,,12776886,11.753752,3203322,1.045196,0.4331,2811.899902,2463.697758,,0.572941,,4927.395508,
Sample,25/04/2023 14:41,23,,,12776632,11.756595,3203514,1.045259,0.4128,2814,2465.472887,,0.573967,,4930.945801,
Sample,25/04/2023 14:41,23,9414112,5.667651,12776384,11.759371,3203154,1.045141,0.4183,2812.5,2464.204997,,0.572044,,4928.410156,
Sample,25/04/2023 14:41,23,,,12776149,11.762002,3203471,1.045245,0.4004,2812.800049,2464.458616,,0.573737,,4928.916992,
Sample,25/04/2023 14:41,23,,,12775946,11.764274,3203195,1.045154,0.409,2814.100098,2465.557495,,0.572263,,4931.114746,
Sample,25/04/2023 14:41,23,,,12775712,11.766893,3203408,1.045224,0.4057,2810.800049,2462.768096,,0.573401,,4925.536133,
Sample,25/04/2023 14:41,23,,,12775472,11.76958,3203372,1.045212,0.4129,2810.199951,2462.260858,,0.573208,,4924.521484,
Sample,25/04/2023 14:41,23,,,12775240,11.772176,3203177,1.045148,0.4006,2809.699951,2461.838228,,0.572167,,4923.67627,
Sample,25/04/2023 14:41,23,,,12775072,11.774057,3203263,1.045177,0.4009,2809,2461.246587,,0.572626,,4922.493164,
Sample,25/04/2023 14:41,23,,,12774931,11.775635,3203237,1.045168,0.3968,2807.800049,2460.232316,,0.572487,,4920.464844,
Sample,25/04/2023 14:41,23,,,12774790,11.777213,3203304,1.04519,0.3882,2805,2457.865547,,0.572845,,4915.730957,
Sample,25/04/2023 14:41,23,,,12774599,11.779351,3203257,1.045175,0.3968,2806.199951,2458.879818,,0.572594,,4917.759766,
Sample,25/04/2023 14:41,23,,,12774374,11.781869,3203149,1.045139,0.3786,2804.699951,2457.611928,,0.572017,,4915.223633,
Sample,25/04/2023 14:41,23,,,12774147,11.78441,3203322,1.045196,0.3792,2803.800049,2456.851277,,0.572941,,4913.702637,
Sample,25/04/2023 14:41,23,,,12773893,11.787253,3203312,1.045193,0.3844,2800.5,2454.061878,,0.572888,,4908.123535,
Sample,25/04/2023 14:41,23,,,12773681,11.789626,3203536,1.045266,0.3782,2802.199951,2455.498778,,0.574084,,4910.997559,
Sample,25/04/2023 14:41,23,,,12773458,11.792122,3203379,1.045215,0.3742,2803.100098,2456.259636,,0.573246,,4912.519043,
Sample,25/04/2023 14:41,23,,,12773256,11.794383,3203304,1.04519,0.3563,2803.100098,2456.259636,,0.572845,,4912.519043,
Sample,25/04/2023 14:42,23,,,12773037,11.796834,3203326,1.045197,0.3694,2802.199951,2455.498778,,0.572963,,4910.997559,
Sample,25/04/2023 14:42,23,,,12772811,11.799364,3203341,1.045202,0.3747,2801.699951,2455.076148,,0.573043,,4910.152344,
Sample,25/04/2023 14:42,23,,,12772613,11.80158,3203270,1.045179,0.3672,2802.600098,2455.837006,,0.572664,,4911.673828,
Sample,25/04/2023 14:42,23,,,12772394,11.804031,3203370,1.045212,0.3677,2803.199951,2456.344038,,0.573198,,4912.687988,
Sample,25/04/2023 14:42,23,9413819,5.66604,12772228,11.805889,3203213,1.04516,0.3796,2802.899902,2456.090419,,0.572359,,4912.180664,
Sample,25/04/2023 14:42,23,,,12772025,11.808161,3203405,1.045223,0.3746,2804.800049,2457.696537,,0.573385,,4915.393066,
Sample,25/04/2023 14:42,23,,,12771864,11.809963,3203131,1.045133,0.3798,2804.5,2457.442917,,0.571921,,4914.885742,
Sample,25/04/2023 14:42,23,,,12771725,11.811519,3203215,1.045161,0.3802,2805.100098,2457.950156,,0.57237,,4915.900391,
Sample,25/04/2023 14:42,23,,,12771607,11.81284,3203214,1.04516,0.3869,2805.100098,2457.950156,,0.572364,,4915.900391,
Sample,25/04/2023 14:42,23,,,12771430,11.814821,3203125,1.045131,0.3897,2805.899902,2458.626199,,0.571889,,4917.252441,
Sample,25/04/2023 14:42,23,,,12771259,11.816734,3203202,1.045156,0.376,2803.5,2456.597658,,0.5723,,4913.195312,
Sample,25/04/2023 14:42,23,,,12771059,11.818973,3203167,1.045145,0.3764,2806.899902,2459.471459,,0.572113,,4918.942871,
Sample,25/04/2023 14:42,23,,,12770860,11.8212,3203116,1.045128,0.3784,2804.699951,2457.611928,,0.571841,,4915.223633,
Sample,25/04/2023 14:42,23,,,12770732,11.822633,3203023,1.045098,0.3961,2804.399902,2457.358309,,0.571344,,4914.716797,
Sample,25/04/2023 14:42,23,,,12770556,11.824603,3203134,1.045134,0.401,2805.199951,2458.034558,,0.571937,,4916.069336,
Sample,25/04/2023 14:42,23,,,12770347,11.826942,3202980,1.045084,0.4033,2806.199951,2458.879818,,0.571114,,4917.759766,
Sample,25/04/2023 14:42,23,,,12770141,11.829247,3202992,1.045087,0.398,2804.199951,2457.189298,,0.571178,,4914.378418,
Sample,25/04/2023 14:42,23,,,12769935,11.831553,3202967,1.045079,0.3944,2802.399902,2455.667789,,0.571045,,4911.335449,
Sample,25/04/2023 14:42,23,,,12769694,11.83425,3203011,1.045094,0.399,2803.5,2456.597658,,0.57128,,4913.195312,
Sample,25/04/2023 14:42,23,,,12769491,11.836522,3202812,1.045028,0.3977,2802.399902,2455.667789,,0.570216,,4911.335449,
Sample,25/04/2023 14:42,23,,,12769258,11.83913,3202900,1.045057,0.4072,2801.5,2454.907138,,0.570687,,4909.814453,
Sample,25/04/2023 14:42,23,,,12769035,11.841626,3202943,1.045071,0.3979,2801.899902,2455.245159,,0.570916,,4910.490234,
Sample,25/04/2023 14:42,23,,,12768811,11.844133,3202817,1.04503,0.3986,2800.300049,2453.892867,,0.570243,,4907.785645,
Sample,25/04/2023 14:42,23,,,12768633,11.846125,3202940,1.04507,0.407,2799.100098,2452.878597,,0.5709,,4905.757324,
Sample,25/04/2023 14:42,23,9413592,5.664792,12768483,11.847804,3202792,1.045022,0.4042,2798.199951,2452.117739,,0.570109,,4904.235352,
Sample,25/04/2023 14:42,23,,,12768250,11.850411,3202966,1.045079,0.4115,2796.800049,2450.934457,,0.571039,,4901.869141,
Sample,25/04/2023 14:42,23,,,12768122,11.851844,3202875,1.045049,0.4018,2796.100098,2450.342817,,0.570553,,4900.685547,
Sample,25/04/2023 14:42,23,,,12767970,11.853545,3203064,1.045111,0.4027,2793.5,2448.145059,,0.571563,,4896.290039,
Sample,25/04/2023 14:42,23,,,12767786,11.855604,3202792,1.045022,0.4035,2796.399902,2450.59623,,0.570109,,4901.192383,
Sample,25/04/2023 14:42,23,,,12767659,11.857026,3202959,1.045077,0.4053,2794.600098,2449.074927,,0.571002,,4898.149902,
Sample,25/04/2023 14:42,23,,,12767568,11.858044,3202843,1.045038,0.4112,2796.100098,2450.342817,,0.570382,,4900.685547,
Sample,25/04/2023 14:42,23,,,12767408,11.859835,3202773,1.045015,0.4141,2794.699951,2449.159329,,0.570008,,4898.318848,
Sample,25/04/2023 14:42,23,,,12767292,11.861133,3202822,1.045032,0.4192,2796,2450.258208,,0.57027,,4900.516602,
Sample,25/04/2023 14:42,23,,,12767160,11.86261,3202754,1.045009,0.4137,2795.100098,2449.497557,,0.569906,,4898.995117,
Sample,25/04/2023 14:42,23,,,12766985,11.864569,3202822,1.045032,0.4075,2792.600098,2447.384407,,0.57027,,4894.769043,
Sample,25/04/2023 14:42,23,,,12766890,11.865632,3202628,1.044968,0.4188,2794.199951,2448.736699,,0.569232,,4897.473633,
Sample,25/04/2023 14:42,23,,,12766734,11.867378,3202739,1.045004,0.4217,2795.199951,2449.581959,,0.569826,,4899.164062,
Sample,25/04/2023 14:42,23,,,12766585,11.869046,3202792,1.045022,0.4174,2793.899902,2448.48308,,0.570109,,4896.966309,
Sample,25/04/2023 14:42,23,,,12766455,11.8705,3202698,1.044991,0.4245,2791.699951,2446.623549,,0.569607,,4893.24707,
Sample,25/04/2023 14:42,23,,,12766306,11.872168,3202851,1.045041,0.4199,2791.699951,2446.623549,,0.570425,,4893.24707,
Sample,25/04/2023 14:42,23,,,12766159,11.873813,3202633,1.044969,0.4325,2790.300049,2445.440268,,0.569259,,4890.880371,
Sample,25/04/2023 14:42,23,,,12765980,11.875816,3202575,1.04495,0.4156,2791,2446.031909,,0.568949,,4892.063965,
Sample,25/04/2023 14:42,23,,,12765841,11.877372,3202723,1.044999,0.4164,2793.300049,2447.976048,,0.56974,,4895.952148,
Sample,25/04/2023 14:42,23,,,12765702,11.878928,3202812,1.045028,0.4171,2792.199951,2447.046179,,0.570216,,4894.092285,
Sample,25/04/2023 14:42,23,9413417,5.66383,12765504,11.881144,3202545,1.044941,0.4239,2795.199951,2449.581959,,0.568789,,4899.164062,
Sample,25/04/2023 14:42,23,,,12765214,11.884389,3202822,1.045032,0.4276,2795,2449.412948,,0.57027,,4898.825684,
Sample,25/04/2023 14:42,23,,,12764954,11.887299,3202638,1.044971,0.4142,2795.600098,2449.920187,,0.569286,,4899.840332,
Sample,25/04/2023 14:42,23,,,12764696,11.890186,3202498,1.044925,0.4245,2794.600098,2449.074927,,0.568537,,4898.149902,
Sample,25/04/2023 14:42,23,,,12764406,11.893432,3202554,1.044944,0.4236,2795.300049,2449.666568,,0.568837,,4899.333008,
Sample,25/04/2023 14:42,23,,,12764121,11.896621,3202601,1.044959,0.437,2793.600098,2448.229667,,0.569088,,4896.459473,
Sample,25/04/2023 14:42,23,,,12763945,11.898591,3202435,1.044904,0.4143,2794.399902,2448.90571,,0.5682,,4897.811523,
Sample,25/04/2023 14:42,23,,,12763730,11.900997,3202615,1.044964,0.4258,2791.5,2446.454539,,0.569163,,4892.90918,
Sample,25/04/2023 14:42,23,,,12763569,11.902799,3202562,1.044946,0.4256,2790.600098,2445.693887,,0.56888,,4891.387695,
Sample,25/04/2023 14:42,23,,,12763370,11.905026,3202452,1.04491,0.4157,2792.5,2447.299799,,0.568291,,4894.599609,
Sample,25/04/2023 14:42,23,,,12763140,11.907599,3202533,1.044937,0.4255,2791.600098,2446.539147,,0.568724,,4893.078125,
Sample,25/04/2023 14:42,23,,,12762867,11.910655,3202583,1.044953,0.4223,2790.600098,2445.693887,,0.568992,,4891.387695,
Sample,25/04/2023 14:42,23,,,12762586,11.913799,3202370,1.044883,0.4259,2793.800049,2448.398678,,0.567853,,4896.797363,
Sample,25/04/2023 14:42,23,,,12762319,11.916787,3202653,1.044976,0.426,2792.399902,2447.21519,,0.569366,,4894.430176,
Sample,25/04/2023 14:42,23,,,12762088,11.919372,3202445,1.044908,0.4236,2793.399902,2448.06045,,0.568254,,4896.121094,
Sample,25/04/2023 14:42,23,,,12761851,11.922025,3202572,1.044949,0.4201,2794,2448.567688,,0.568933,,4897.135254,
Sample,25/04/2023 14:43,23,,,12761625,11.924554,3202480,1.044919,0.4268,2793.100098,2447.807037,,0.568441,,4895.614258,
Sample,25/04/2023 14:43,23,,,12761391,11.927172,3202515,1.044931,0.4136,2791.100098,2446.116517,,0.568628,,4892.23291,
Sample,25/04/2023 14:43,23,,,12761229,11.928985,3202516,1.044931,0.4133,2791.899902,2446.79256,,0.568634,,4893.584961,
Sample,25/04/2023 14:43,23,,,12761080,11.930653,3202513,1.04493,0.4253,2793.899902,2448.48308,,0.568617,,4896.966309,
Sample,25/04/2023 14:43,23,9413232,5.662813,12760955,11.932051,3202547,1.044941,0.4298,2793.699951,2448.314069,,0.568799,,4896.62793,
Sample,25/04/2023 14:43,23,,,12760814,11.933629,3202353,1.044877,0.4245,2794.300049,2448.821308,,0.567762,,4897.642578,
Sample,25/04/2023 14:43,23,,,12760701,11.934894,3202536,1.044938,0.4131,2791.800049,2446.708158,,0.56874,,4893.416504,
Sample,25/04/2023 14:43,23,,,12760574,11.936315,3202291,1.044857,0.4325,2792.300049,2447.130788,,0.56743,,4894.261719,
Sample,25/04/2023 14:43,23,,,12760462,11.937568,3202441,1.044906,0.4253,2793.800049,2448.398678,,0.568232,,4896.797363,
Sample,25/04/2023 14:43,23,,,12760326,11.93909,3202576,1.044951,0.4211,2794.800049,2449.243938,,0.568954,,4898.487793,
Sample,25/04/2023 14:43,23,,,12760211,11.940377,3202248,1.044843,0.4371,2794,2448.567688,,0.5672,,4897.135254,
Sample,25/04/2023 14:43,23,,,12760081,11.941832,3202381,1.044887,0.4214,2795.600098,2449.920187,,0.567911,,4899.840332,
Sample,25/04/2023 14:43,23,,,12759980,11.942962,3202494,1.044924,0.4159,2794.399902,2448.90571,,0.568516,,4897.811523,
Sample,25/04/2023 14:43,23,,,12759859,11.944316,3202461,1.044913,0.4232,2794.5,2448.990318,,0.568339,,4897.980469,
Sample,25/04/2023 14:43,23,,,12759672,11.946409,3202435,1.044904,0.4269,2797.899902,2451.86412,,0.5682,,4903.728027,
Sample,25/04/2023 14:43,23,,,12759439,11.949016,3202382,1.044887,0.4247,2798.399902,2452.28675,,0.567917,,4904.57373,
Sample,25/04/2023 14:43,23,,,12759173,11.951993,3202411,1.044896,0.4336,2800.300049,2453.892867,,0.568072,,4907.785645,
Sample,25/04/2023 14:43,23,,,12758913,11.954902,3202270,1.04485,0.4224,2803.300049,2456.428647,,0.567318,,4912.857422,
Sample,25/04/2023 14:43,23,,,12758632,11.958047,3202313,1.044864,0.4231,2803.600098,2456.682266,,0.567548,,4913.364746,
Sample,25/04/2023 14:43,23,,,12758337,11.961348,3202390,1.04489,0.4314,2802.699951,2455.921408,,0.56796,,4911.842773,
Sample,25/04/2023 14:43,23,,,12758042,11.964649,3202160,1.044814,0.4276,2803.5,2456.597658,,0.566729,,4913.195312,
Sample,25/04/2023 14:43,23,,,12757747,11.96795,3202555,1.044944,0.4276,2803.800049,2456.851277,,0.568842,,4913.702637,
Sample,25/04/2023 14:43,23,,,12757500,11.970714,3202306,1.044862,0.4365,2803.5,2456.597658,,0.56751,,4913.195312,
Sample,25/04/2023 14:43,23,,,12757256,11.973445,3202174,1.044819,0.4265,2802.899902,2456.090419,,0.566804,,4912.180664,
Sample,25/04/2023 14:43,23,9413090,5.662032,12757068,11.975548,3202279,1.044853,0.4254,2805.100098,2457.950156,,0.567366,,4915.900391,
Sample,25/04/2023 14:43,23,,,12756804,11.978502,3202251,1.044844,0.4365,2806.199951,2458.879818,,0.567216,,4917.759766,
Sample,25/04/2023 14:43,23,,,12756574,11.981076,3202286,1.044855,0.4305,2807.199951,2459.725078,,0.567403,,4919.450195,
Sample,25/04/2023 14:43,23,,,12756318,11.983941,3202283,1.044854,0.4323,2806.399902,2459.048829,,0.567387,,4918.097656,
Sample,25/04/2023 14:43,23,,,12756089,11.986503,3202391,1.04489,0.4189,2805.100098,2457.950156,,0.567965,,4915.900391,
Sample,25/04/2023 14:43,23,,,12755923,11.988361,3202343,1.044874,0.4258,2805.300049,2458.119167,,0.567708,,4916.238281,
Sample,25/04/2023 14:43,23,,,12755710,11.990744,3202304,1.044861,0.4285,2803.5,2456.597658,,0.567499,,4913.195312,
Sample,25/04/2023 14:43,23,,,12755529,11.99277,3202368,1.044882,0.4171,2803.199951,2456.344038,,0.567842,,4912.687988,
Sample,25/04/2023 14:43,23,,,12755401,11.994202,3202129,1.044804,0.4318,2804.899902,2457.780939,,0.566563,,4915.562012,
Sample,25/04/2023 14:43,23,,,12755226,11.99616,3213186,1.048438,0.4259,2803.600098,2456.682266,,0.625174,,4913.364746,
Sample,25/04/2023 14:43,23,,,12755075,11.99785,3202215,1.044832,0.4279,2804.600098,2457.527526,,0.567023,,4915.055176,
Sample,25/04/2023 14:43,23,,,12754878,12.000054,3202161,1.044814,0.4236,2803.600098,2456.682266,,0.566734,,4913.364746,
Sample,25/04/2023 14:43,23,,,12754698,12.002068,3202145,1.044809,0.4247,2802.800049,2456.006017,,0.566649,,4912.012207,
Sample,25/04/2023 14:43,23,,,12754456,12.004776,3202270,1.04485,0.4271,2800.199951,2453.808259,,0.567318,,4907.616699,
Sample,25/04/2023 14:43,23,,,12754165,12.008032,3202139,1.044807,0.4256,2800.600098,2454.146486,,0.566616,,4908.292969,
Sample,25/04/2023 14:43,23,,,12753865,12.011389,3202308,1.044863,0.4246,2800.100098,2453.723856,,0.567521,,4907.447754,
Sample,25/04/2023 14:43,23,,,12753620,12.014131,3202124,1.044802,0.4254,2801.600098,2454.991746,,0.566536,,4909.983398,
Sample,25/04/2023 14:43,23,,,12753326,12.01742,3202027,1.04477,0.4313,2800.399902,2453.977269,,0.566017,,4907.95459,
Sample,25/04/2023 14:43,23,,,12753091,12.02005,3202137,1.044806,0.4269,2800,2453.639248,,0.566606,,4907.27832,
Sample,25/04/2023 14:43,23,,,12752870,12.022523,3202031,1.044772,0.4243,2801.899902,2455.245159,,0.566038,,4910.490234,
Sample,25/04/2023 14:43,23,9412940,5.661207,12752709,12.024324,3202211,1.044831,0.4272,2798.199951,2452.117739,,0.567002,,4904.235352,
Sample,25/04/2023 14:43,23,,,12752457,12.027144,3202110,1.044798,0.4291,2800.5,2454.061878,,0.566461,,4908.123535,
Sample,25/04/2023 14:43,23,,,12752279,12.029136,3202075,1.044786,0.4243,2797.5,2451.526098,,0.566274,,4903.052246,
Sample,25/04/2023 14:43,23,,,12752079,12.031374,3202089,1.044791,0.4331,2797.100098,2451.188077,,0.566349,,4902.375977,
Sample,25/04/2023 14:43,23,,,12751902,12.033354,3202112,1.044798,0.414,2797.5,2451.526098,,0.566472,,4903.052246,
Sample,25/04/2023 14:43,23,,,12751804,12.034451,3201979,1.044755,0.4267,2793.100098,2447.807037,,0.56576,,4895.614258,
Sample,25/04/2023 14:43,23,,,12751694,12.035682,3202126,1.044803,0.4321,2791.300049,2446.285528,,0.566547,,4892.571289,
Sample,25/04/2023 14:43,23,,,12751589,12.036856,3202155,1.044812,0.4372,2794.600098,2449.074927,,0.566702,,4898.149902,
Sample,25/04/2023 14:43,23,,,12751451,12.0384,3201794,1.044694,0.4366,2796,2450.258208,,0.564769,,4900.516602,
Sample,25/04/2023 14:43,23,,,12751283,12.04028,3202119,1.044801,0.4209,2794.800049,2449.243938,,0.566509,,4898.487793,
Sample,25/04/2023 14:43,23,,,12751058,12.042798,3201952,1.044746,0.4377,2793.800049,2448.398678,,0.565615,,4896.797363,
Sample,25/04/2023 14:43,23,,,12750833,12.045315,3201991,1.044758,0.4244,2788.300049,2443.749748,,0.565824,,4887.499512,
Sample,25/04/2023 14:43,23,,,12750603,12.047889,3201978,1.044754,0.4336,2787.300049,2442.904488,,0.565755,,4885.809082,
Sample,25/04/2023 14:43,23,,,12750371,12.050485,3202048,1.044777,0.433,2786.600098,2442.312848,,0.566129,,4884.625488,
Sample,25/04/2023 14:43,23,,,12750168,12.052756,3201835,1.044707,0.432,2786.300049,2442.059228,,0.564989,,4884.118652,
Sample,25/04/2023 14:43,23,,,12750036,12.054233,3201875,1.04472,0.4331,2784.5,2440.537719,,0.565203,,4881.075195,
Sample,25/04/2023 14:44,23,,,12749923,12.055497,3202137,1.044806,0.4347,2783.899902,2440.030481,,0.566606,,4880.061035,
Sample,25/04/2023 14:44,23,,,12749935,12.055363,3201880,1.044722,0.4432,2782.5,2438.8472,,0.56523,,4877.694336,
Sample,25/04/2023 14:44,23,,,12749842,12.056404,3201985,1.044756,0.4293,2780.399902,2437.072071,,0.565792,,4874.144043,
Sample,25/04/2023 14:44,23,,,12749723,12.057735,3201993,1.044759,0.4208,2780.600098,2437.241288,,0.565835,,4874.482422,
Sample,25/04/2023 14:44,23,9412810,5.660493,12749632,12.058753,3201985,1.044756,0.4202,2778.199951,2435.212541,,0.565792,,4870.425293,
Sample,25/04/2023 14:44,23,,,12749440,12.060902,3202022,1.044769,0.4179,2779.300049,2436.142409,,0.56599,,4872.284668,
Sample,25/04/2023 14:44,23,,,12749255,12.062972,3201758,1.044682,0.4331,2777.899902,2434.958921,,0.564577,,4869.917969,
Sample,25/04/2023 14:44,23,,,12749119,12.064493,3201936,1.04474,0.4359,2778.199951,2435.212541,,0.56553,,4870.425293,
Sample,25/04/2023 14:44,23,,,12748971,12.066149,3201983,1.044756,0.4354,2778.199951,2435.212541,,0.565781,,4870.425293,
Sample,25/04/2023 14:44,23,,,12748784,12.068242,3201977,1.044754,0.4369,2777.899902,2434.958921,,0.565749,,4869.917969,
Sample,25/04/2023 14:44,23,,,12748613,12.070155,3201891,1.044726,0.4263,2778.800049,2435.719779,,0.565289,,4871.439453,
Sample,25/04/2023 14:44,23,,,12748524,12.071151,3201995,1.04476,0.433,2778.300049,2435.297149,,0.565846,,4870.594238,
Sample,25/04/2023 14:44,23,,,12748499,12.071431,3201906,1.044731,0.4288,2777,2434.19827,,0.565369,,4868.396484,
Sample,25/04/2023 14:44,23,,,12748478,12.071665,3201856,1.044714,0.4266,2777.800049,2434.874519,,0.565101,,4869.749023,
Sample,25/04/2023 14:44,23,,,12748439,12.072102,3201800,1.044696,0.4371,2778.5,2435.46616,,0.564802,,4870.932129,
Sample,25/04/2023 14:44,23,,,12748312,12.073523,3202010,1.044765,0.4432,2778.300049,2435.297149,,0.565926,,4870.594238,
Sample,25/04/2023 14:44,23,,,12748174,12.075067,3201821,1.044703,0.4376,2777.399902,2434.536291,,0.564914,,4869.072754,
Sample,25/04/2023 14:44,23,,,12747987,12.077159,3201957,1.044747,0.4377,2777.199951,2434.367281,,0.565642,,4868.734375,
Sample,25/04/2023 14:44,23,,,12747809,12.079151,3202062,1.044782,0.4305,2777.199951,2434.367281,,0.566204,,4868.734375,
Sample,25/04/2023 14:44,23,,,12747714,12.080214,3201717,1.044668,0.4338,2781.699951,2438.17095,,0.564357,,4876.341797,
Sample,25/04/2023 14:44,23,,,12747599,12.0815,3201807,1.044698,0.4384,2781.800049,2438.255559,,0.564839,,4876.51123,
Sample,25/04/2023 14:44,23,,,12747517,12.082418,3201933,1.044739,0.4287,2780.100098,2436.818658,,0.565514,,4873.637207,
Sample,25/04/2023 14:44,23,,,12747367,12.084096,3201794,1.044694,0.4318,2777.899902,2434.958921,,0.564769,,4869.917969,
Sample,25/04/2023 14:44,23,,,12747188,12.086099,3201977,1.044754,0.4237,2778.399902,2435.381551,,0.565749,,4870.763184,
Sample,25/04/2023 14:44,23,9412682,5.659789,12746945,12.088818,3201853,1.044713,0.4323,2778.100098,2435.128139,,0.565085,,4870.256348,
Sample,25/04/2023 14:44,23,,,12746650,12.092118,3201829,1.044705,0.4384,2781.600098,2438.086548,,0.564957,,4876.17334,
Sample,25/04/2023 14:44,23,,,12746443,12.094434,3201916,1.044734,0.4243,2781.699951,2438.17095,,0.565423,,4876.341797,
Sample,25/04/2023 14:44,23,,,12746228,12.09684,3201927,1.044737,0.4424,2783.800049,2439.946079,,0.565482,,4879.89209,
Sample,25/04/2023 14:44,23,,,12746044,12.098899,3201827,1.044705,0.43,2785.600098,2441.467588,,0.564946,,4882.935059,
Sample,25/04/2023 14:44,23,,,12745851,12.101058,3201847,1.044711,0.4359,2785.199951,2441.12936,,0.565053,,4882.258789,
Sample,25/04/2023 14:44,23,,,12745655,12.103251,3202046,1.044777,0.4278,2784,2440.115089,,0.566119,,4880.22998,
Sample,25/04/2023 14:44,23,,,12745390,12.106216,3201923,1.044736,0.4292,2787.5,2443.073499,,0.56546,,4886.146973,
Sample,25/04/2023 14:44,23,,,12745108,12.109371,3201774,1.044687,0.4223,2786.600098,2442.312848,,0.564662,,4884.625488,
Sample,25/04/2023 14:44,23,,,12744852,12.112235,3201995,1.04476,0.4285,2785.800049,2441.636599,,0.565846,,4883.273438,
Sample,25/04/2023 14:44,23,,,12744593,12.115133,3201687,1.044659,0.4296,2785.5,2441.382979,,0.564196,,4882.766113,
Sample,25/04/2023 14:44,23,,,12744295,12.118467,3201995,1.04476,0.424,2781.600098,2438.086548,,0.565846,,4876.17334,
Sample,25/04/2023 14:44,23,,,12743967,12.122137,3201879,1.044722,0.4405,2783,2439.26983,,0.565225,,4878.539551,
Sample,25/04/2023 14:44,23,,,12743638,12.125818,3201723,1.04467,0.4333,2780.699951,2437.32569,,0.564389,,4874.651367,
Sample,25/04/2023 14:44,23,,,12743341,12.129141,3201903,1.04473,0.4345,2779.100098,2435.973398,,0.565353,,4871.946777,
Sample,25/04/2023 14:44,23,,,12743086,12.131994,3201841,1.044709,0.4449,2779.899902,2436.649441,,0.565021,,4873.298828,
Sample,25/04/2023 14:44,23,,,12742833,12.134824,3201775,1.044687,0.4319,2781.399902,2437.917331,,0.564668,,4875.834473,
Sample,25/04/2023 14:44,23,,,12742591,12.137532,3201836,1.044708,0.4422,2782,2438.42457,,0.564994,,4876.849121,
Sample,25/04/2023 14:44,23,,,12742361,12.140105,3201855,1.044714,0.4398,2785.699951,2441.55199,,0.565096,,4883.104004,
Sample,25/04/2023 14:44,23,,,12742168,12.142264,3201689,1.044659,0.4324,2782.600098,2438.931808,,0.564207,,4877.86377,
Sample,25/04/2023 14:44,23,9412553,5.65908,12742059,12.143484,3201814,1.0447,0.4445,2784.199951,2440.2841,,0.564877,,4880.568359,
Sample,25/04/2023 14:44,23,,,12741906,12.145196,3201879,1.044722,0.4393,2786.899902,2442.566261,,0.565225,,4885.132324,
Sample,25/04/2023 14:44,23,,,12741772,12.146695,3201868,1.044718,0.4381,2787.899902,2443.411521,,0.565166,,4886.823242,
Sample,25/04/2023 14:44,23,,,12741652,12.148037,3201829,1.044705,0.438,2787,2442.650869,,0.564957,,4885.301758,
Sample,25/04/2023 14:44,23,,,12741628,12.148306,3201611,1.044634,0.4294,2787.600098,2443.158108,,0.563789,,4886.316406,
Sample,25/04/2023 14:44,23,,,12741585,12.148787,3201686,1.044658,0.4308,2785.600098,2441.467588,,0.564191,,4882.935059,
Sample,25/04/2023 14:44,23,,,12741505,12.149682,3201828,1.044705,0.4227,2788.399902,2443.83415,,0.564952,,4887.668457,
Sample,25/04/2023 14:44,23,,,12741384,12.151036,3201687,1.044659,0.4276,2789.300049,2444.595008,,0.564196,,4889.189941,
Sample,25/04/2023 14:44,23,,,12741194,12.153162,3201673,1.044654,0.4368,2788.899902,2444.25678,,0.564121,,4888.513672,
Sample,25/04/2023 14:44,23,,,12741041,12.154873,3201818,1.044702,0.4316,2789.699951,2444.93303,,0.564898,,4889.866211,
Sample,25/04/2023 14:44,23,,,12740819,12.157357,3201838,1.044708,0.443,2789.800049,2445.017638,,0.565005,,4890.035156,
Sample,25/04/2023 14:44,23,,,12740616,12.159628,3201633,1.044641,0.4345,2789.800049,2445.017638,,0.563907,,4890.035156,
Sample,25/04/2023 14:44,23,,,12740420,12.161821,3201550,1.044613,0.4404,2789.600098,2444.848627,,0.563462,,4889.697266,
Sample,25/04/2023 14:44,23,,,12740252,12.1637,3201700,1.044663,0.4358,2791.699951,2446.623549,,0.564266,,4893.24707,
Sample,25/04/2023 14:44,23,,,12740078,12.165647,3201676,1.044655,0.4291,2793.600098,2448.229667,,0.564137,,4896.459473,
Sample,25/04/2023 14:44,23,,,12739927,12.167336,3201753,1.04468,0.4255,2795.800049,2450.089198,,0.56455,,4900.178223,
Sample,25/04/2023 14:45,23,,,12739744,12.169384,3201714,1.044667,0.4317,2793.399902,2448.06045,,0.564341,,4896.121094,
Sample,25/04/2023 14:45,23,,,12739585,12.171163,3201642,1.044644,0.4365,2793,2447.722429,,0.563955,,4895.444824,
Sample,25/04/2023 14:45,23,,,12739407,12.173154,3201744,1.044677,0.444,2792.399902,2447.21519,,0.564502,,4894.430176,
Sample,25/04/2023 14:45,23,,,12739297,12.174385,3201676,1.044655,0.437,2789.199951,2444.5104,,0.564137,,4889.020996,
Sample,25/04/2023 14:45,23,9412437,5.658442,12739260,12.174799,3201532,1.044608,0.4386,2786.199951,2441.97462,,0.563366,,4883.949219,
Sample,25/04/2023 14:45,23,,,12739251,12.174899,3201701,1.044663,0.4297,2781.600098,2438.086548,,0.564271,,4876.17334,
Sample,25/04/2023 14:45,23,,,12739165,12.175862,3201628,1.044639,0.4328,2779.5,2436.31142,,0.56388,,4872.623047,
Sample,25/04/2023 14:45,23,,,12739082,12.17679,3201639,1.044643,0.4333,2778.100098,2435.128139,,0.563939,,4870.256348,
Sample,25/04/2023 14:45,23,,,12738983,12.177898,3201612,1.044634,0.4261,2776.100098,2433.437619,,0.563795,,4866.875,
Sample,25/04/2023 14:45,23,,,12738895,12.178882,3201815,1.044701,0.4307,2775.100098,2432.592359,,0.564882,,4865.18457,
Sample,25/04/2023 14:45,23,,,12738913,12.178681,3201664,1.044651,0.4382,2773.899902,2431.577882,,0.564073,,4863.155762,
Sample,25/04/2023 14:45,23,,,12739014,12.177551,3201590,1.044627,0.4352,2774.800049,2432.33874,,0.563677,,4864.677246,
Sample,25/04/2023 14:45,23,,,12739016,12.177528,3201722,1.04467,0.4299,2777.600098,2434.705509,,0.564384,,4869.411133,
Sample,25/04/2023 14:45,23,,,12738957,12.178189,3201569,1.04462,0.4438,2778.399902,2435.381551,,0.563564,,4870.763184,
Sample,25/04/2023 14:45,23,,,12738805,12.179889,3201599,1.04463,0.4162,2775.600098,2433.014989,,0.563725,,4866.029785,
Sample,25/04/2023 14:45,23,,,12738603,12.182149,3201652,1.044647,0.4435,2772.199951,2430.140981,,0.564009,,4860.281738,
Sample,25/04/2023 14:45,23,,,12738399,12.184431,3201625,1.044638,0.4356,2776.100098,2433.437619,,0.563864,,4866.875,
Sample,25/04/2023 14:45,23,,,12738198,12.18668,3201725,1.044671,0.4381,2775.199951,2432.676761,,0.5644,,4865.353516,
Sample,25/04/2023 14:45,23,,,12738025,12.188615,3201639,1.044643,0.4267,2773.300049,2431.07085,,0.563939,,4862.141602,
Sample,25/04/2023 14:45,23,,,12737914,12.189857,3201616,1.044635,0.4301,2773.699951,2431.408871,,0.563816,,4862.817871,
Sample,25/04/2023 14:45,23,,,12737831,12.190786,3201591,1.044627,0.4301,2773.699951,2431.408871,,0.563682,,4862.817871,
Sample,25/04/2023 14:45,23,,,12737750,12.191692,3201751,1.04468,0.4394,2769.800049,2428.11244,,0.564539,,4856.225098,
Sample,25/04/2023 14:45,23,,,12737670,12.192587,3201502,1.044598,0.431,2773.699951,2431.408871,,0.563205,,4862.817871,
Sample,25/04/2023 14:45,23,,,12737583,12.19356,3201675,1.044655,0.4276,2775.100098,2432.592359,,0.564132,,4865.18457,
Sample,25/04/2023 14:45,23,9412331,5.657859,12737600,12.19337,3201564,1.044618,0.4313,2772.800049,2430.64822,,0.563538,,4861.296387,
Sample,25/04/2023 14:45,23,,,12737525,12.194209,3201276,1.044523,0.4244,2776.100098,2433.437619,,0.561994,,4866.875,
Sample,25/04/2023 14:45,23,,,12737449,12.195059,3201286,1.044527,0.4269,2775.800049,2433.183999,,0.562048,,4866.368164,
Sample,25/04/2023 14:45,23,,,12737488,12.194623,3201122,1.044473,0.4355,2775.800049,2433.183999,,0.561169,,4866.368164,
Sample,25/04/2023 14:45,23,,,12737482,12.19469,3200817,1.044373,0.4276,2775.600098,2433.014989,,0.559533,,4866.029785,
Sample,25/04/2023 14:45,23,,,12737499,12.1945,3200863,1.044388,0.4396,2775.100098,2432.592359,,0.55978,,4865.18457,
Sample,25/04/2023 14:45,23,,,12737543,12.194008,3200871,1.04439,0.432,2775.5,2432.93038,,0.559822,,4865.86084,
Sample,25/04/2023 14:45,23,,,12737451,12.195037,3200689,1.04433,0.4363,2774.199951,2431.831501,,0.558846,,4863.663086,
Sample,25/04/2023 14:45,23,,,12737347,12.196201,3200733,1.044345,0.4276,2774.600098,2432.169729,,0.559082,,4864.339355,
Sample,25/04/2023 14:45,23,,,12737172,12.198158,3200639,1.044314,0.4331,2775.899902,2433.268402,,0.558578,,4866.536621,
Sample,25/04/2023 14:45,23,,,12736910,12.201089,3200627,1.04431,0.4368,2772.5,2430.394601,,0.558513,,4860.789062,
Sample,25/04/2023 14:45,23,,,12736627,12.204255,3200625,1.044309,0.4308,2773.600098,2431.324469,,0.558503,,4862.648926,
Sample,25/04/2023 14:45,23,,,12736322,12.207668,3200739,1.044347,0.4397,2773,2430.81723,,0.559114,,4861.634277,
Sample,25/04/2023 14:45,23,,,12736028,12.210957,3200926,1.044408,0.426,2772.5,2430.394601,,0.560117,,4860.789062,
Sample,25/04/2023 14:45,23,,,12735776,12.213776,3201053,1.04445,0.4244,2775.899902,2433.268402,,0.560799,,4866.536621,
Sample,25/04/2023 14:45,23,,,12735523,12.216606,3201147,1.044481,0.4219,2770.899902,2429.042102,,0.561303,,4858.083984,
Sample,25/04/2023 14:45,23,,,12735274,12.219392,3200938,1.044412,0.4323,2771.699951,2429.718351,,0.560182,,4859.436523,
Sample,25/04/2023 14:45,23,,,12735041,12.221998,3200987,1.044428,0.432,2771.600098,2429.633949,,0.560445,,4859.268066,
Sample,25/04/2023 14:45,23,,,12734837,12.224281,3200816,1.044372,0.4317,2774.800049,2432.33874,,0.559527,,4864.677246,
Sample,25/04/2023 14:45,23,,,12734677,12.226071,3200500,1.044268,0.4311,2774.199951,2431.831501,,0.557832,,4863.663086,
Sample,25/04/2023 14:45,23,9412197,5.657123,12734607,12.226854,3200745,1.044349,0.4495,2775.300049,2432.76137,,0.559146,,4865.522949,
Sample,25/04/2023 14:45,23,,,12734499,12.228062,3200598,1.044301,0.4317,2774,2431.66249,,0.558358,,4863.325195,
Sample,25/04/2023 14:45,23,,,12734443,12.228688,3200336,1.044214,0.4333,2772.899902,2430.732622,,0.556951,,4861.465332,
Sample,25/04/2023 14:45,23,,,12734364,12.229572,3200379,1.044229,0.4412,2773.600098,2431.324469,,0.557182,,4862.648926,
Sample,25/04/2023 14:45,23,,,12734349,12.22974,3200406,1.044237,0.4428,2772.600098,2430.479209,,0.557327,,4860.958496,
Sample,25/04/2023 14:45,23,,,12734207,12.231329,3200330,1.044212,0.4327,2773.600098,2431.324469,,0.556919,,4862.648926,
Sample,25/04/2023 14:45,23,,,12734005,12.233588,3200245,1.044185,0.4467,2774.800049,2432.33874,,0.556463,,4864.677246,
Sample,25/04/2023 14:45,23,,,12733733,12.236631,3200361,1.044223,0.435,2777.600098,2434.705509,,0.557085,,4869.411133,
Sample,25/04/2023 14:45,23,,,12733468,12.239596,3200259,1.044189,0.4261,2778.899902,2435.804181,,0.556538,,4871.608398,
Sample,25/04/2023 14:45,23,,,12733200,12.242594,3200204,1.044171,0.4422,2775.899902,2433.268402,,0.556242,,4866.536621,
Sample,25/04/2023 14:45,23,,,12732986,12.244988,3200266,1.044191,0.4354,2776.5,2433.77564,,0.556575,,4867.55127,
Sample,25/04/2023 14:45,23,,,12732779,12.247304,3200088,1.044133,0.4388,2777.800049,2434.874519,,0.555619,,4869.749023,
Sample,25/04/2023 14:45,23,,,12732581,12.249519,3200198,1.044169,0.4528,2777.399902,2434.536291,,0.55621,,4869.072754,
Sample,25/04/2023 14:45,23,,,12732487,12.25057,3200189,1.044166,0.4415,2777.100098,2434.282879,,0.556162,,4868.565918,
Sample,25/04/2023 14:45,23,,,12732457,12.250906,3200287,1.044198,0.4351,2778.800049,2435.719779,,0.556688,,4871.439453,
Sample,25/04/2023 14:45,23,,,12732427,12.251241,3200058,1.044123,0.4434,2776.300049,2433.606629,,0.555458,,4867.213379,
Sample,25/04/2023 14:46,23,,,12732347,12.252136,3199831,1.044048,0.4421,2773.899902,2431.577882,,0.554238,,4863.155762,
Sample,25/04/2023 14:46,23,,,12732412,12.251409,3199617,1.043978,0.4373,2775.699951,2433.099391,,0.553088,,4866.19873,
Sample,25/04/2023 14:46,23,,,12732329,12.252338,3199408,1.043909,0.4404,2774.5,2432.08512,,0.551964,,4864.17041,
Sample,25/04/2023 14:46,23,,,12732249,12.253233,3199408,1.043909,0.453,2773.899902,2431.577882,,0.551964,,4863.155762,
Sample,25/04/2023 14:46,23,9412091,5.65654,12732139,12.254463,3199242,1.043855,0.4406,2773.199951,2430.986241,,0.551071,,4861.972656,
Sample,25/04/2023 14:46,23,,,12732036,12.255616,3250190,1.060602,0.4339,2775.199951,2432.676761,,0.813967,,4865.353516,
Sample,25/04/2023 14:46,23,,,12731933,12.256768,3199215,1.043846,0.4443,2772.699951,2430.563611,,0.550926,,4861.127441,
Sample,25/04/2023 14:46,23,,,12731833,12.257886,3198919,1.043749,0.4374,2773.600098,2431.324469,,0.549333,,4862.648926,
Sample,25/04/2023 14:46,23,,,12731699,12.259385,3198822,1.043717,0.4368,2773.300049,2431.07085,,0.548811,,4862.141602,
Sample,25/04/2023 14:46,23,,,12731571,12.260817,3198862,1.04373,0.4341,2775.300049,2432.76137,,0.549026,,4865.522949,
Sample,25/04/2023 14:46,23,,,12731400,12.26273,3198510,1.043614,0.0417,2772.199951,2430.140981,,0.547131,,4860.281738,
Sample,25/04/2023 14:46,23,,,12731264,12.264252,3198471,1.043601,0.036,2778,2435.04353,,0.546921,,4870.086914,
Sample,25/04/2023 14:46,23,,,12731091,12.266187,3198772,1.0437,0.2478,1816.400024,1622.241626,,0.548542,,3244.483154,
Sample,25/04/2023 14:46,23,,,12730674,12.270852,3199004,1.043777,0.1054,3827.5,3322.1438,,0.549791,,6644.287598,
Sample,25/04/2023 14:46,23,,,12730058,12.277743,3199044,1.04379,2.0424,-2411,1.668025,,0.550006,,3.336051,
Sample,25/04/2023 14:46,23,,,12729420,12.28488,3199296,1.043873,1.4015,-2988.899902,1.140985,,0.551362,,2.281971,
Sample,25/04/2023 14:46,23,,,12728675,12.293214,3199107,1.043811,0.4585,3226.899902,2814.480619,,0.550345,,5628.961426,
Sample,25/04/2023 14:46,23,,,12727741,12.303662,3199007,1.043778,0.0737,3606.899902,3135.679383,,0.549807,,6271.358887,
Sample,25/04/2023 14:46,23,,,12726564,12.316829,3199005,1.043777,0.0623,3622.5,3148.86552,,0.549796,,6297.730957,
Sample,25/04/2023 14:46,23,,,12725379,12.330084,3198832,1.04372,0.0544,3518.199951,3060.70487,,0.548865,,6121.409668,
Sample,25/04/2023 14:46,23,,,12724451,12.340465,3199022,1.043783,0.0961,3735.899902,3244.71791,,0.549888,,6489.436035,
Sample,25/04/2023 14:46,23,,,12723995,12.345566,3198985,1.04377,0.0478,2795.699951,2450.004589,,0.549688,,4900.009277,
Sample,25/04/2023 14:46,23,,,12723885,12.346796,3198841,1.043723,0.446,2784.100098,2440.199698,,0.548913,,4880.399414,
Sample,25/04/2023 14:46,23,,,12723763,12.348161,3198987,1.043771,0.4368,2782,2438.42457,,0.549699,,4876.849121,
Sample,25/04/2023 14:46,23,9411989,5.655979,12723709,12.348765,3199091,1.043805,0.4356,2782.5,2438.8472,,0.550259,,4877.694336,
Sample,25/04/2023 14:46,23,,,12723578,12.35023,3199149,1.043824,0.4413,2780.800049,2437.410299,,0.550571,,4874.820801,
Sample,25/04/2023 14:46,23,,,12723552,12.350521,3199329,1.043883,0.4426,2782,2438.42457,,0.551539,,4876.849121,
Sample,25/04/2023 14:46,23,,,12723536,12.3507,3199306,1.043876,0.4483,2780.699951,2437.32569,,0.551416,,4874.651367,
Sample,25/04/2023 14:46,23,,,12723496,12.351148,3199228,1.04385,0.4465,2782,2438.42457,,0.550996,,4876.849121,
Sample,25/04/2023 14:46,23,,,12723512,12.350969,3199404,1.043908,0.4531,2782.399902,2438.762591,,0.551943,,4877.525391,
Sample,25/04/2023 14:46,23,,,12723479,12.351338,3199494,1.043938,0.4427,2781.800049,2438.255559,,0.552427,,4876.51123,
Sample,25/04/2023 14:46,23,,,12723382,12.352423,3199357,1.043893,0.4429,2780.899902,2437.494701,,0.55169,,4874.989258,
Sample,25/04/2023 14:46,23,,,12723288,12.353474,3199426,1.043915,0.4489,2780.100098,2436.818658,,0.552061,,4873.637207,
Sample,25/04/2023 14:46,23,,,12723200,12.354459,3199418,1.043913,0.4447,2780.5,2437.15668,,0.552018,,4874.313477,
Sample,25/04/2023 14:46,23,,,12723146,12.355063,3199489,1.043936,0.453,2782.100098,2438.509178,,0.5524,,4877.018555,
Sample,25/04/2023 14:46,23,,,12723109,12.355477,3199822,1.044046,0.4329,2783.800049,2439.946079,,0.55419,,4879.89209,
Sample,25/04/2023 14:46,23,,,12723101,12.355566,3199559,1.043959,0.4446,2780.699951,2437.32569,,0.552776,,4874.651367,
Sample,25/04/2023 14:46,23,,,12723071,12.355902,3199862,1.044059,0.4424,2780.800049,2437.410299,,0.554405,,4874.820801,
Sample,25/04/2023 14:46,23,,,12723041,12.356237,3199710,1.044009,0.4374,2782.800049,2439.100819,,0.553588,,4878.20166,
Sample,25/04/2023 14:46,23,,,12723025,12.356416,3199827,1.044047,0.4427,2785.5,2441.382979,,0.554217,,4882.766113,
Sample,25/04/2023 14:46,23,,,12722939,12.357378,3199804,1.04404,0.4305,2782.5,2438.8472,,0.554093,,4877.694336,
Sample,25/04/2023 14:46,23,,,12722803,12.3589,3199809,1.044041,0.4353,2782.800049,2439.100819,,0.55412,,4878.20166,
Sample,25/04/2023 14:46,23,,,12722671,12.360376,3200138,1.044149,0.4567,2780.800049,2437.410299,,0.555888,,4874.820801,
Sample,25/04/2023 14:46,23,,,12722516,12.36211,3200009,1.044107,0.4425,2781.699951,2438.17095,,0.555195,,4876.341797,
Sample,25/04/2023 14:46,23,9411878,5.655369,12722365,12.363799,3200049,1.04412,0.4433,2782.199951,2438.59358,,0.55541,,4877.187012,
Sample,25/04/2023 14:46,23,,,12722191,12.365745,3199929,1.044081,0.4424,2783.399902,2439.607851,,0.554765,,4879.21582,
Sample,25/04/2023 14:46,23,,,12722080,12.366987,3199768,1.044028,0.4313,2782.800049,2439.100819,,0.5539,,4878.20166,
Sample,25/04/2023 14:46,23,,,12721959,12.368341,3199686,1.044001,0.4442,2783.100098,2439.354438,,0.553459,,4878.708984,
Sample,25/04/2023 14:46,23,,,12721865,12.369392,3199622,1.04398,0.4464,2781.399902,2437.917331,,0.553115,,4875.834473,
Sample,25/04/2023 14:46,23,,,12721831,12.369772,3199683,1.044,0.4368,2783.199951,2439.43884,,0.553443,,4878.877441,
Sample,25/04/2023 14:46,23,,,12721810,12.370007,3199729,1.044015,0.4289,2782.300049,2438.678189,,0.55369,,4877.356445,
Sample,25/04/2023 14:46,23,,,12721695,12.371294,3199644,1.043987,0.4336,2782.600098,2438.931808,,0.553233,,4877.86377,
Sample,25/04/2023 14:46,23,,,12721578,12.372602,3204498,1.045582,0.4307,2783.100098,2439.354438,,0.579216,,4878.708984,
Sample,25/04/2023 14:46,23,,,12721408,12.374504,3204613,1.04562,0.4173,2783.699951,2439.86147,,0.579828,,4879.723145,
Sample,25/04/2023 14:46,23,,,12721212,12.376696,3204593,1.045614,0.4341,2785.300049,2441.213969,,0.579722,,4882.427734,
Sample,25/04/2023 14:46,23,,,12721025,12.378788,3204426,1.045559,0.4351,2784.600098,2440.622328,,0.578832,,4881.244629,
Sample,25/04/2023 14:46,23,,,12720839,12.380869,3204449,1.045566,0.4167,2785.5,2441.382979,,0.578954,,4882.766113,
Sample,25/04/2023 14:46,23,,,12720669,12.38277,3204374,1.045542,0.431,2783.5,2439.692459,,0.578555,,4879.384766,
Sample,25/04/2023 14:46,23,,,12720527,12.384359,3204473,1.045574,0.4401,2785.100098,2441.044958,,0.579082,,4882.089844,
Sample,25/04/2023 14:46,23,,,12720394,12.385846,3204526,1.045592,0.4281,2784,2440.115089,,0.579365,,4880.22998,
Sample,25/04/2023 14:47,23,,,12720241,12.387558,3204388,1.045546,0.4355,2785.800049,2441.636599,,0.578629,,4883.273438,
Sample,25/04/2023 14:47,23,,,12720060,12.389582,3204445,1.045565,0.4306,2784.199951,2440.2841,,0.578933,,4880.568359,
Sample,25/04/2023 14:47,23,,,12719941,12.390914,3204412,1.045554,0.4528,2785.399902,2441.298371,,0.578757,,4882.59668,
Sample,25/04/2023 14:47,23,,,12719870,12.391708,3204388,1.045546,0.4405,2786.399902,2442.143631,,0.578629,,4884.287109,
Sample,25/04/2023 14:47,23,9411773,5.654791,12719760,12.392938,3204413,1.045555,0.434,2784.600098,2440.622328,,0.578762,,4881.244629,
Sample,25/04/2023 14:47,23,,,12719610,12.394616,3204414,1.045555,0.4398,2784.699951,2440.70673,,0.578768,,4881.413574,
Sample,25/04/2023 14:47,23,,,12719608,12.394638,3204346,1.045533,0.4417,2785.899902,2441.721001,,0.578405,,4883.441895,
Sample,25/04/2023 14:47,23,,,12719634,12.394348,3204420,1.045557,0.4316,2784.300049,2440.368709,,0.5788,,4880.737305,
Sample,25/04/2023 14:47,23,,,12719561,12.395164,3204416,1.045556,0.43,2785,2440.960349,,0.578778,,4881.920898,
Sample,25/04/2023 14:47,23,,,12719403,12.396931,3204323,1.045525,0.4329,2788.699951,2444.08777,,0.578283,,4888.175781,
Sample,25/04/2023 14:47,23,,,12719213,12.399057,3204525,1.045591,0.4246,2791,2446.031909,,0.579359,,4892.063965,
Sample,25/04/2023 14:47,23,,,12719040,12.400992,3204444,1.045565,0.4426,2791.699951,2446.623549,,0.578928,,4893.24707,
Sample,25/04/2023 14:47,23,,,12718816,12.403497,3204110,1.045455,0.4347,2792.300049,2447.130788,,0.577147,,4894.261719,
Sample,25/04/2023 14:47,23,,,12718585,12.406081,3204212,1.045488,0.45,2795.899902,2450.1736,,0.577691,,4900.347168,
Sample,25/04/2023 14:47,23,,,12718433,12.407782,3204426,1.045559,0.4396,2797.600098,2451.610707,,0.578832,,4903.221191,
Sample,25/04/2023 14:47,23,,,12718319,12.409057,3204454,1.045568,0.444,2800.5,2454.061878,,0.578981,,4908.123535,
Sample,25/04/2023 14:47,23,,,12718168,12.410746,3204418,1.045556,0.4357,2801.600098,2454.991746,,0.578789,,4909.983398,
Sample,25/04/2023 14:47,23,,,12718052,12.412043,3204419,1.045557,0.4381,2802.699951,2455.921408,,0.578794,,4911.842773,
Sample,25/04/2023 14:47,23,,,12717958,12.413095,3204411,1.045554,0.4237,2805.5,2458.288177,,0.578752,,4916.576172,
Sample,25/04/2023 14:47,23,,,12717892,12.413833,3204371,1.045541,0.4633,2806.300049,2458.964427,,0.578539,,4917.928711,
Sample,25/04/2023 14:47,23,,,12717789,12.414985,3204368,1.04554,0.4422,2807.5,2459.978697,,0.578523,,4919.95752,
Sample,25/04/2023 14:47,23,,,12717713,12.415835,3204325,1.045526,0.4442,2808.300049,2460.654946,,0.578293,,4921.310059,
Sample,25/04/2023 14:47,23,,,12717725,12.415701,3204374,1.045542,0.4377,2811.300049,2463.190726,,0.578555,,4926.381348,
Sample,25/04/2023 14:47,23,,,12717629,12.416775,3204412,1.045554,0.4471,2814.199951,2465.641897,,0.578757,,4931.283691,
Sample,25/04/2023 14:47,23,9411681,5.654286,12717507,12.418139,3204347,1.045533,0.4373,2813.399902,2464.965648,,0.578411,,4929.931152,
Sample,25/04/2023 14:47,23,,,12717295,12.420511,3204473,1.045574,0.4402,2813.699951,2465.219267,,0.579082,,4930.438477,
Sample,25/04/2023 14:47,23,,,12717112,12.422558,3204287,1.045513,0.4485,2814.800049,2466.149136,,0.578091,,4932.29834,
Sample,25/04/2023 14:47,23,,,12716932,12.424571,3204270,1.045508,0.4343,2816.600098,2467.670645,,0.578,,4935.341309,
Sample,25/04/2023 14:47,23,,,12716757,12.426529,3204449,1.045566,0.4273,2815.300049,2466.571766,,0.578954,,4933.143555,
Sample,25/04/2023 14:47,23,,,12716671,12.42749,3204388,1.045546,0.4411,2813.600098,2465.134865,,0.578629,,4930.269531,
Sample,25/04/2023 14:47,23,,,12716568,12.428643,3204285,1.045512,0.4401,2813.699951,2465.219267,,0.57808,,4930.438477,
Sample,25/04/2023 14:47,23,,,12716383,12.430712,3204439,1.045563,0.4401,2812.600098,2464.289605,,0.578901,,4928.579102,
Sample,25/04/2023 14:47,23,,,12716198,12.432781,3204469,1.045573,0.4312,2810.899902,2462.852498,,0.579061,,4925.705078,
Sample,25/04/2023 14:47,23,,,12716059,12.434336,3204185,1.04548,0.4452,2811.600098,2463.444345,,0.577547,,4926.888672,
Sample,25/04/2023 14:47,23,,,12715970,12.435331,3204453,1.045568,0.4449,2813,2464.627627,,0.578976,,4929.255371,
Sample,25/04/2023 14:47,23,,,12715944,12.435622,3204365,1.045539,0.4399,2811.100098,2463.021715,,0.578507,,4926.043457,
Sample,25/04/2023 14:47,23,,,12715929,12.43579,3204309,1.04552,0.4367,2810.300049,2462.345466,,0.578208,,4924.690918,
Sample,25/04/2023 14:47,23,,,12715910,12.436003,3204327,1.045526,0.4472,2808.800049,2461.077576,,0.578304,,4922.155273,
Sample,25/04/2023 14:47,23,,,12715890,12.436226,3204389,1.045547,0.4488,2810.600098,2462.599085,,0.578635,,4925.198242,
Sample,25/04/2023 14:47,23,,,12715902,12.436092,3204393,1.045548,0.443,2810.699951,2462.683488,,0.578656,,4925.367188,
Sample,25/04/2023 14:47,23,,,12715937,12.435701,3204371,1.045541,0.4361,2812.699951,2464.374007,,0.578539,,4928.748047,
Sample,25/04/2023 14:47,23,,,12715838,12.436808,3204375,1.045542,0.4345,2812.199951,2463.951377,,0.57856,,4927.902832,
Sample,25/04/2023 14:47,23,,,12715712,12.438217,3204427,1.045559,0.4287,2814.5,2465.895517,,0.578837,,4931.791016,
Sample,25/04/2023 14:47,23,,,12715569,12.439817,3204412,1.045554,0.4442,2813.699951,2465.219267,,0.578757,,4930.438477,
Sample,25/04/2023 14:47,23,9411565,5.653648,12715444,12.441215,3204332,1.045528,0.4351,2816.5,2467.586036,,0.578331,,4935.171875,
Sample,25/04/2023 14:47,23,,,12715245,12.443441,3204371,1.045541,0.4405,2818.800049,2469.530175,,0.578539,,4939.060547,
Sample,25/04/2023 14:47,23,,,12715074,12.445354,3204356,1.045536,0.4447,2821.100098,2471.474314,,0.578459,,4942.94873,
Sample,25/04/2023 14:47,23,,,12714924,12.447031,3204319,1.045524,0.4313,2821.399902,2471.727727,,0.578261,,4943.455566,
Sample,25/04/2023 14:47,23,,,12714770,12.448754,3204258,1.045504,0.434,2823.899902,2473.840877,,0.577936,,4947.681641,
Sample,25/04/2023 14:47,23,,,12714667,12.449906,3204368,1.04554,0.4478,2825.199951,2474.939756,,0.578523,,4949.879395,
Sample,25/04/2023 14:47,23,,,12714523,12.451517,3204405,1.045552,0.4332,2825.699951,2475.362386,,0.57872,,4950.724609,
Sample,25/04/2023 14:47,23,,,12714356,12.453385,3204323,1.045525,0.4325,2826.800049,2476.292255,,0.578283,,4952.584473,
Sample,25/04/2023 14:47,23,,,12714209,12.455029,3204370,1.04554,0.4334,2826.800049,2476.292255,,0.578533,,4952.584473,
Sample,25/04/2023 14:47,23,,,12714100,12.456248,3204274,1.045509,0.4348,2829.600098,2478.659024,,0.578021,,4957.317871,
Sample,25/04/2023 14:47,23,,,12713971,12.457691,3204242,1.045498,0.43,2828.5,2477.729155,,0.577851,,4955.458496,
Sample,25/04/2023 14:47,23,,,12713801,12.459592,3204391,1.045547,0.4447,2829.300049,2478.405404,,0.578645,,4956.811035,
Sample,25/04/2023 14:47,23,,,12713661,12.461158,3204347,1.045533,0.4419,2827.699951,2477.052906,,0.578411,,4954.105957,
Sample,25/04/2023 14:47,23,,,12713548,12.462422,3204166,1.045473,0.4449,2831.199951,2480.011316,,0.577446,,4960.022461,
Sample,25/04/2023 14:47,23,,,12713372,12.464391,3204326,1.045526,0.4435,2835.100098,2483.307953,,0.578299,,4966.615723,
Sample,25/04/2023 14:47,23,,,12713234,12.465934,3204379,1.045543,0.4388,2834.199951,2482.547095,,0.578581,,4965.094238,
Sample,25/04/2023 14:48,23,,,12713113,12.467288,3204192,1.045482,0.4448,2835.199951,2483.392355,,0.577584,,4966.784668,
Sample,25/04/2023 14:48,23,,,12712937,12.469257,3204178,1.045477,0.4448,2833.600098,2482.040063,,0.57751,,4964.080078,
Sample,25/04/2023 14:48,23,,,12712745,12.471404,3204115,1.045457,0.4365,2834.600098,2482.885323,,0.577174,,4965.770508,
Sample,25/04/2023 14:48,23,,,12712570,12.473361,3204186,1.04548,0.4396,2834.600098,2482.885323,,0.577552,,4965.770508,
Sample,25/04/2023 14:48,23,9411469,5.65312,12712427,12.474961,3204311,1.045521,0.4395,2833.600098,2482.040063,,0.578219,,4964.080078,
Sample,25/04/2023 14:48,23,,,12712224,12.477232,3204190,1.045481,0.4433,2834.699951,2482.969725,,0.577574,,4965.939453,
Sample,25/04/2023 14:48,23,,,12712043,12.479256,3204232,1.045495,0.4306,2838,2485.759124,,0.577798,,4971.518066,
Sample,25/04/2023 14:48,23,,,12711866,12.481236,3204187,1.04548,0.4447,2836.5,2484.491234,,0.577558,,4968.982422,
Sample,25/04/2023 14:48,23,,,12711711,12.482969,3204152,1.045469,0.4499,2836.5,2484.491234,,0.577371,,4968.982422,
Sample,25/04/2023 14:48,23,,,12711560,12.484658,3204019,1.045425,0.432,2837,2484.913864,,0.576662,,4969.827637,
Sample,25/04/2023 14:48,23,,,12711374,12.486739,3204351,1.045534,0.4357,2837.399902,2485.251886,,0.578432,,4970.503906,
Sample,25/04/2023 14:48,23,,,12711211,12.488562,3204216,1.04549,0.4404,2835.899902,2483.983996,,0.577712,,4967.967773,
Sample,25/04/2023 14:48,23,,,12711047,12.490396,3204215,1.045489,0.4407,2837.600098,2485.421103,,0.577707,,4970.842285,
Sample,25/04/2023 14:48,23,,,12710896,12.492085,3204255,1.045503,0.4457,2838.5,2486.181754,,0.57792,,4972.363281,
Sample,25/04/2023 14:48,23,,,12710717,12.494087,3204204,1.045486,0.435,2838.100098,2485.843733,,0.577648,,4971.6875,
Sample,25/04/2023 14:48,23,,,12710552,12.495933,3204184,1.045479,0.4348,2839.600098,2487.111623,,0.577542,,4974.223145,
Sample,25/04/2023 14:48,23,,,12710435,12.497242,3204219,1.045491,0.4342,2839.300049,2486.858003,,0.577728,,4973.71582,
Sample,25/04/2023 14:48,23,,,12710321,12.498517,3204241,1.045498,0.4386,2838.5,2486.181754,,0.577846,,4972.363281,
Sample,25/04/2023 14:48,23,,,12710268,12.49911,3204104,1.045453,0.4394,2838.399902,2486.097146,,0.577115,,4972.194336,
Sample,25/04/2023 14:48,23,,,12710175,12.50015,3204222,1.045492,0.4436,2839.199951,2486.773395,,0.577744,,4973.546875,
Sample,25/04/2023 14:48,23,,,12710148,12.500452,3204138,1.045464,0.4398,2841.100098,2488.379513,,0.577296,,4976.758789,
Sample,25/04/2023 14:48,23,,,12710056,12.501481,3204117,1.045457,0.4394,2842.399902,2489.478185,,0.577184,,4978.956543,
Sample,25/04/2023 14:48,23,,,12709986,12.502264,3204226,1.045493,0.438,2841.399902,2488.632925,,0.577766,,4977.265625,
Sample,25/04/2023 14:48,23,,,12709957,12.502588,3204170,1.045475,0.4406,2842.699951,2489.731805,,0.577467,,4979.463379,
Sample,25/04/2023 14:48,23,9411361,5.652526,12709947,12.5027,3204265,1.045506,0.4379,2842.600098,2489.647402,,0.577973,,4979.294922,
Sample,25/04/2023 14:48,23,,,12709839,12.503908,3204261,1.045505,0.4381,2842.300049,2489.393783,,0.577952,,4978.787598,
Sample,25/04/2023 14:48,23,,,12709760,12.504792,3204232,1.045495,0.4427,2840.399902,2487.787666,,0.577798,,4975.575195,
Sample,25/04/2023 14:48,23,,,12709667,12.505832,3204166,1.045473,0.4429,2844.199951,2490.999694,,0.577446,,4981.999512,
Sample,25/04/2023 14:48,23,,,12709522,12.507454,3204298,1.045517,0.4447,2847.199951,2493.535474,,0.578149,,4987.070801,
Sample,25/04/2023 14:48,23,,,12709388,12.508952,3204212,1.045488,0.4357,2853.300049,2498.691642,,0.577691,,4997.383301,
Sample,25/04/2023 14:48,23,,,12709264,12.510339,3204053,1.045436,0.4497,2854.699951,2499.874923,,0.576843,,4999.75,
Sample,25/04/2023 14:48,23,,,12709140,12.511726,3204170,1.045475,0.4375,2857,2501.819062,,0.577467,,5003.638184,
Sample,25/04/2023 14:48,23,,,12709081,12.512386,3204073,1.045443,0.4279,2857.100098,2501.903671,,0.57695,,5003.807129,
Sample,25/04/2023 14:48,23,,,12709104,12.512129,3204218,1.04549,0.4357,2857.699951,2502.410703,,0.577723,,5004.821289,
Sample,25/04/2023 14:48,23,,,12709023,12.513035,3204273,1.045509,0.434,2859.899902,2504.270234,,0.578016,,5008.540527,
Sample,25/04/2023 14:48,23,,,12708909,12.51431,3204131,1.045462,0.4339,2861.399902,2505.538124,,0.577259,,5011.076172,
Sample,25/04/2023 14:48,23,,,12708800,12.515529,3204131,1.045462,0.4393,2861.600098,2505.707341,,0.577259,,5011.414551,
Sample,25/04/2023 14:48,23,,,12708687,12.516793,3204189,1.045481,0.4423,2864.199951,2507.904893,,0.577568,,5015.80957,
Sample,25/04/2023 14:48,23,,,12708635,12.517375,3204162,1.045472,0.4258,2862.300049,2506.298981,,0.577424,,5012.598145,
Sample,25/04/2023 14:48,23,,,12708480,12.519108,3204210,1.045488,0.4342,2866.600098,2509.93364,,0.57768,,5019.867188,
Sample,25/04/2023 14:48,23,,,12708360,12.52045,3204178,1.045477,0.4385,2866.399902,2509.764423,,0.57751,,5019.528809,
Sample,25/04/2023 14:48,23,,,12708205,12.522184,3204059,1.045438,0.4458,2868.5,2511.539551,,0.576875,,5023.079102,
Sample,25/04/2023 14:48,23,,,12708030,12.524141,3204139,1.045464,0.4372,2868.899902,2511.877573,,0.577302,,5023.755371,
Sample,25/04/2023 14:48,23,,,12707866,12.525976,3204206,1.045487,0.4489,2870,2512.807441,,0.577659,,5025.614746,
Sample,25/04/2023 14:48,23,9411269,5.65202,12707791,12.526815,3204049,1.045435,0.4367,2872,2514.497961,,0.576822,,5028.996094,
Sample,25/04/2023 14:48,23,,,12707638,12.528526,3204060,1.045439,0.4349,2874.5,2516.611111,,0.57688,,5033.222168,
Sample,25/04/2023 14:48,23,,,12707460,12.530517,3204156,1.04547,0.4489,2874.300049,2516.4421,,0.577392,,5032.884277,
Sample,25/04/2023 14:48,23,,,12707306,12.532239,3204068,1.045441,0.4406,2874.800049,2516.86473,,0.576923,,5033.729492,
Sample,25/04/2023 14:48,23,,,12707116,12.534364,3204040,1.045432,0.4392,2874.199951,2516.357492,,0.576774,,5032.714844,
Sample,25/04/2023 14:48,23,,,12706924,12.536512,3204219,1.045491,0.4534,2875.699951,2517.625381,,0.577728,,5035.250977,
Sample,25/04/2023 14:48,23,,,12706729,12.538693,3203957,1.045405,0.4445,2875.199951,2517.202751,,0.576331,,5034.405273,
Sample,25/04/2023 14:48,23,,,12706500,12.541254,3203990,1.045416,0.4478,2877.800049,2519.40051,,0.576507,,5038.800781,
Sample,25/04/2023 14:48,23,,,12706262,12.543916,3204157,1.04547,0.4515,2875.199951,2517.202751,,0.577398,,5034.405273,
Sample,25/04/2023 14:48,23,,,12706024,12.546578,3204034,1.04543,0.4392,2876.199951,2518.048011,,0.576742,,5036.096191,
Sample,25/04/2023 14:48,23,,,12705839,12.548647,3203987,1.045415,0.4296,2877.300049,2518.97788,,0.576491,,5037.955566,
Sample,25/04/2023 14:48,23,,,12705631,12.550974,3204149,1.045468,0.443,2877.100098,2518.808869,,0.577355,,5037.617676,
Sample,25/04/2023 14:48,23,,,12705404,12.553513,3204045,1.045434,0.4282,2880.399902,2521.598062,,0.5768,,5043.196289,
Sample,25/04/2023 14:48,23,,,12705212,12.55566,3204049,1.045435,0.44,2878.399902,2519.907542,,0.576822,,5039.814941,
Sample,25/04/2023 14:48,23,,,12705007,12.557953,3204191,1.045482,0.4412,2878.300049,2519.82314,,0.577579,,5039.646484,
Sample,25/04/2023 14:48,23,,,12704819,12.560056,3203998,1.045418,0.4461,2878.300049,2519.82314,,0.57655,,5039.646484,
Sample,25/04/2023 14:49,23,,,12704647,12.561979,3204000,1.045419,0.4305,2880.600098,2521.767279,,0.57656,,5043.534668,
Sample,25/04/2023 14:49,23,,,12704483,12.563814,3204127,1.045461,0.4299,2882.800049,2523.626809,,0.577238,,5047.253418,
Sample,25/04/2023 14:49,23,,,12704314,12.565704,3203953,1.045403,0.4233,2882.800049,2523.626809,,0.576309,,5047.253418,
Sample,25/04/2023 14:49,23,,,12704196,12.567024,3203993,1.045416,0.4292,2884,2524.64108,,0.576523,,5049.282227,
Sample,25/04/2023 14:49,23,9411162,5.651432,12704099,12.568109,3203913,1.04539,0.4443,2884.300049,2524.894699,,0.576096,,5049.789551,
Sample,25/04/2023 14:49,23,,,12703930,12.569999,3204007,1.045421,0.4372,2884.5,2525.06371,,0.576598,,5050.127441,
Sample,25/04/2023 14:49,23,,,12703813,12.571307,3203932,1.045396,0.4322,2885.300049,2525.739959,,0.576197,,5051.47998,
Sample,25/04/2023 14:49,23,,,12703674,12.572862,3203997,1.045418,0.4422,2887.600098,2527.684098,,0.576544,,5055.368164,
Sample,25/04/2023 14:49,23,,,12703501,12.574797,3204042,1.045433,0.4461,2885.300049,2525.739959,,0.576784,,5051.47998,
Sample,25/04/2023 14:49,23,,,12703312,12.576911,3204003,1.04542,0.425,2890.699951,2530.30428,,0.576576,,5060.608398,
Sample,25/04/2023 14:49,23,,,12703114,12.579126,3204228,1.045494,0.4325,2894.600098,2533.600917,,0.577776,,5067.20166,
Sample,25/04/2023 14:49,23,,,12702909,12.581418,3203879,1.045379,0.4344,2893.800049,2532.924668,,0.575915,,5065.849121,
Sample,25/04/2023 14:49,23,,,12702719,12.583543,3204031,1.045429,0.4408,2894.699951,2533.68532,,0.576726,,5067.370605,
Sample,25/04/2023 14:49,23,,,12702524,12.585724,3204054,1.045437,0.4362,2895.5,2534.361569,,0.576848,,5068.723145,
Sample,25/04/2023 14:49,23,,,12702320,12.588006,3203981,1.045413,0.4459,2896.300049,2535.037818,,0.576459,,5070.075684,
Sample,25/04/2023 14:49,23,,,12702154,12.589863,3203904,1.045387,0.4492,2893.199951,2532.41743,,0.576048,,5064.834961,
Sample,25/04/2023 14:49,23,,,12702008,12.591496,3204131,1.045462,0.4426,2893.899902,2533.00907,,0.577259,,5066.018066,
Sample,25/04/2023 14:49,23,,,12701843,12.593341,3203972,1.04541,0.4419,2892.899902,2532.163811,,0.576411,,5064.327637,
Sample,25/04/2023 14:49,23,,,12701693,12.595019,3203922,1.045393,0.4462,2892.5,2531.825789,,0.576144,,5063.651367,
Sample,25/04/2023 14:49,23,,,12701531,12.596831,3203945,1.045401,0.4432,2892.600098,2531.910398,,0.576267,,5063.820801,
Sample,25/04/2023 14:49,23,,,12701389,12.598419,3203874,1.045377,0.4487,2893.300049,2532.502038,,0.575888,,5065.003906,
Sample,25/04/2023 14:49,23,,,12701231,12.600186,3203998,1.045418,0.4309,2894.800049,2533.769928,,0.57655,,5067.540039,
Sample,25/04/2023 14:49,23,,,12701075,12.601931,3204006,1.045421,0.4519,2895.300049,2534.192558,,0.576592,,5068.385254,
Sample,25/04/2023 14:49,23,,,12700918,12.603687,3203932,1.045396,0.4438,2895.899902,2534.69959,,0.576197,,5069.399414,
Sample,25/04/2023 14:49,23,9411075,5.650954,12700822,12.60476,3204037,1.045431,0.4399,2897.199951,2535.798469,,0.576758,,5071.597168,
Sample,25/04/2023 14:49,23,,,12700679,12.60636,3204012,1.045423,0.4375,2899.300049,2537.573598,,0.576624,,5075.146973,
Sample,25/04/2023 14:49,23,,,12700562,12.607668,3203889,1.045382,0.4551,2898.699951,2537.066359,,0.575968,,5074.132812,
Sample,25/04/2023 14:49,23,,,12700417,12.60929,3203985,1.045414,0.4322,2899.800049,2537.996228,,0.57648,,5075.992676,
Sample,25/04/2023 14:49,23,,,12700280,12.610822,3204101,1.045452,0.4436,2898.899902,2537.23537,,0.577099,,5074.470703,
Sample,25/04/2023 14:49,23,,,12700133,12.612467,3203895,1.045384,0.4483,2900.699951,2538.756879,,0.576,,5077.513672,
Sample,25/04/2023 14:49,23,,,12699991,12.614055,3203958,1.045405,0.4409,2899.300049,2537.573598,,0.576336,,5075.146973,
Sample,25/04/2023 14:49,23,,,12699887,12.615218,3204058,1.045438,0.4444,2899.100098,2537.404587,,0.57687,,5074.809082,
Sample,25/04/2023 14:49,23,,,12699775,12.616471,3203879,1.045379,0.4416,2898.899902,2537.23537,,0.575915,,5074.470703,
Sample,25/04/2023 14:49,23,,,12699641,12.617969,3203901,1.045386,0.4422,2900.199951,2538.334249,,0.576032,,5076.668457,
Sample,25/04/2023 14:49,23,,,12699494,12.619613,3204064,1.04544,0.4472,2900.300049,2538.418858,,0.576902,,5076.837891,
Sample,25/04/2023 14:49,23,,,12699339,12.621347,3203777,1.045345,0.45,2901.300049,2539.264118,,0.57537,,5078.52832,
Sample,25/04/2023 14:49,23,,,12699198,12.622924,3203963,1.045407,0.4438,2902.100098,2539.940367,,0.576363,,5079.880859,
Sample,25/04/2023 14:49,23,,,12699030,12.624803,3204112,1.045456,0.4343,2901.800049,2539.686747,,0.577158,,5079.373535,
Sample,25/04/2023 14:49,23,,,12698890,12.626369,3203908,1.045389,0.4419,2901.5,2539.433128,,0.576069,,5078.866211,
Sample,25/04/2023 14:49,23,,,12698749,12.627946,3203860,1.045373,0.4507,2902.600098,2540.362997,,0.575813,,5080.726074,
Sample,25/04/2023 14:49,23,,,12698599,12.629623,3204116,1.045457,0.4435,2904.699951,2542.137919,,0.577179,,5084.275879,
Sample,25/04/2023 14:49,23,,,12698468,12.631089,3203868,1.045375,0.4408,2902.699951,2540.447399,,0.575856,,5080.89502,
Sample,25/04/2023 14:49,23,,,12698343,12.632487,3203853,1.04537,0.4437,2900.600098,2538.672477,,0.575776,,5077.344727,
Sample,25/04/2023 14:49,23,,,12698196,12.634131,3204029,1.045428,0.4466,2902.800049,2540.532007,,0.576715,,5081.063965,
Sample,25/04/2023 14:49,23,9410968,5.650366,12698070,12.63554,3203790,1.04535,0.4349,2901.100098,2539.095107,,0.57544,,5078.19043,
Sample,25/04/2023 14:49,23,,,12697866,12.637822,3203949,1.045402,0.4374,2902.300049,2540.109377,,0.576288,,5080.21875,
Sample,25/04/2023 14:49,23,,,12697704,12.639633,3204030,1.045429,0.4475,2900.600098,2538.672477,,0.57672,,5077.344727,
Sample,25/04/2023 14:49,23,,,12697546,12.6414,3204011,1.045422,0.4449,2900.300049,2538.418858,,0.576619,,5076.837891,
Sample,25/04/2023 14:49,23,,,12697403,12.643,3203964,1.045407,0.4429,2900.199951,2538.334249,,0.576368,,5076.668457,
Sample,25/04/2023 14:49,23,,,12697317,12.643962,3203986,1.045414,0.4427,2902,2539.855758,,0.576486,,5079.711426,
Sample,25/04/2023 14:49,23,,,12697278,12.644398,3203968,1.045408,0.4293,2903.899902,2541.461669,,0.576389,,5082.92334,
Sample,25/04/2023 14:49,23,,,12697151,12.645818,3203851,1.04537,0.445,2902.699951,2540.447399,,0.575765,,5080.89502,
Sample,25/04/2023 14:49,23,,,12697007,12.647429,3204122,1.045459,0.4466,2901.899902,2539.77115,,0.577211,,5079.54248,
Sample,25/04/2023 14:49,23,,,12696805,12.649688,3204034,1.04543,0.4059,2903.100098,2540.785627,,0.576742,,5081.571289,
Sample,25/04/2023 14:49,23,,,12696600,12.651981,3204011,1.045422,0.4383,2901.699951,2539.602139,,0.576619,,5079.204102,
Sample,25/04/2023 14:49,23,,,12696450,12.653658,3203866,1.045375,0.444,2904.199951,2541.715289,,0.575845,,5083.430664,
Sample,25/04/2023 14:49,23,,,12696340,12.654889,3203783,1.045347,0.4405,2905.399902,2542.729559,,0.575402,,5085.458984,
Sample,25/04/2023 14:49,23,,,12696315,12.655168,3203880,1.045379,0.4445,2905.600098,2542.898776,,0.57592,,5085.797363,
Sample,25/04/2023 14:49,23,,,12696249,12.655907,3203884,1.045381,0.4418,2904.300049,2541.799897,,0.575941,,5083.599609,
Sample,25/04/2023 14:49,23,,,12696173,12.656757,3203955,1.045404,0.4477,2903.899902,2541.461669,,0.57632,,5082.92334,
Sample,25/04/2023 14:50,23,,,12696100,12.657573,3203867,1.045375,0.4486,2904.600098,2542.053516,,0.575851,,5084.106934,
Sample,25/04/2023 14:50,23,,,12695937,12.659396,3203909,1.045389,0.4451,2904.899902,2542.306929,,0.576075,,5084.61377,
Sample,25/04/2023 14:50,23,,,12695786,12.661085,3203816,1.045358,0.4465,2903.699951,2541.292659,,0.575578,,5082.585449,
Sample,25/04/2023 14:50,23,,,12695646,12.662651,3203841,1.045367,0.4387,2902.5,2540.278388,,0.575712,,5080.556641,
Sample,25/04/2023 14:50,23,9410887,5.64992,12695570,12.663501,3203891,1.045383,0.4548,2902.899902,2540.61641,,0.575979,,5081.23291,
Sample,25/04/2023 14:50,23,,,12695335,12.666129,3203773,1.045344,0.4399,2901.899902,2539.77115,,0.575349,,5079.54248,
Sample,25/04/2023 14:50,23,,,12695161,12.668075,3203987,1.045415,0.4441,2900.5,2538.587868,,0.576491,,5077.175781,
Sample,25/04/2023 14:50,23,,,12695002,12.669853,3203963,1.045407,0.4476,2902,2539.855758,,0.576363,,5079.711426,
Sample,25/04/2023 14:50,23,,,12694849,12.671564,3203935,1.045397,0.4433,2901,2539.010498,,0.576213,,5078.020996,
Sample,25/04/2023 14:50,23,,,12694702,12.673209,3203877,1.045378,0.4501,2901.399902,2539.34852,,0.575904,,5078.697266,
Sample,25/04/2023 14:50,23,,,12694557,12.67483,3203907,1.045388,0.4468,2902.199951,2540.024769,,0.576064,,5080.049316,
Sample,25/04/2023 14:50,23,,,12694591,12.67445,3203876,1.045378,0.4428,2906.300049,2543.490417,,0.575899,,5086.980957,
Sample,25/04/2023 14:50,23,,,12694622,12.674103,3203874,1.045377,0.4462,2908.899902,2545.687969,,0.575888,,5091.375977,
Sample,25/04/2023 14:50,23,,,12694638,12.673924,3204098,1.045451,0.4457,2911.199951,2547.632108,,0.577083,,5095.26416,
Sample,25/04/2023 14:50,23,,,12694695,12.673287,3203875,1.045378,0.4358,2910,2546.617837,,0.575893,,5093.23584,
Sample,25/04/2023 14:50,23,,,12694627,12.674047,3203851,1.04537,0.4453,2911.800049,2548.139347,,0.575765,,5096.278809,
Sample,25/04/2023 14:50,23,,,12694495,12.675524,3203886,1.045381,0.4546,2910.699951,2547.209478,,0.575952,,5094.418945,
Sample,25/04/2023 14:50,23,,,12694394,12.676653,3203787,1.045349,0.4523,2911.699951,2548.054738,,0.575424,,5096.109375,
Sample,25/04/2023 14:50,23,,,12694260,12.678152,3203831,1.045363,0.4406,2913.399902,2549.491639,,0.575659,,5098.983398,
Sample,25/04/2023 14:50,23,,,12694119,12.679729,3204040,1.045432,0.4519,2913.5,2549.576247,,0.576774,,5099.152344,
Sample,25/04/2023 14:50,23,,,12693987,12.681205,3203830,1.045363,0.4508,2913.399902,2549.491639,,0.575653,,5098.983398,
Sample,25/04/2023 14:50,23,,,12693835,12.682905,3203918,1.045392,0.4424,2912.399902,2548.646379,,0.576123,,5097.292969,
Sample,25/04/2023 14:50,23,,,12693657,12.684896,3203985,1.045414,0.448,2914.199951,2550.167888,,0.57648,,5100.335938,
Sample,25/04/2023 14:50,23,,,12693470,12.686987,3203756,1.045339,0.4532,2912,2548.308357,,0.575258,,5096.616699,
Sample,25/04/2023 14:50,23,9410777,5.649316,12693435,12.687379,3203948,1.045402,0.4478,2913.399902,2549.491639,,0.576283,,5098.983398,
Sample,25/04/2023 14:50,23,,,12693334,12.688508,3203908,1.045389,0.4569,2912.800049,2548.984606,,0.576069,,5097.969238,
Sample,25/04/2023 14:50,23,,,12693238,12.689582,3203904,1.045387,0.4478,2908.100098,2545.011926,,0.576048,,5090.023926,
Sample,25/04/2023 14:50,23,,,12693141,12.690667,3203858,1.045372,0.4555,2911.5,2547.885727,,0.575803,,5095.771484,
Sample,25/04/2023 14:50,23,,,12693005,12.692188,3203962,1.045406,0.4587,2914.899902,2550.759528,,0.576357,,5101.519043,
