Time,Temp,IR,Vis,Lux,Accel_X,Accel_Y,Accel_Z,Tilt,VBAT
07/09/2023 08:38,25.47,3934,5544,75,0.36,8.72,0.6,4,3.72
07/09/2023 08:38,25.66,3903,5477,73,-0.21,7.3,1.57,12,3.72
07/09/2023 08:38,25.92,3903,5483,73,0.23,10,0.18,1,3.72
07/09/2023 08:38,26.12,3897,5473,73,0.23,10.01,0.19,1,3.72
07/09/2023 08:39,26.3,3880,5440,72,0.23,10.02,0.18,1,3.72
07/09/2023 08:39,26.48,3888,5456,73,0.23,10.01,0.19,1,3.72
07/09/2023 08:39,26.6,3891,5461,73,0.23,10,0.2,1,3.72
07/09/2023 08:39,26.69,3942,5496,71,-0.92,-7.55,4.96,33,3.76
07/09/2023 09:00,25.94,3971,5629,79,0.23,10,0.32,2,3.73
07/09/2023 09:00,26.16,3954,5594,78,0.23,10.01,0.31,2,3.73
07/09/2023 09:00,26.39,3949,5586,78,0.23,10,0.31,2,3.73
07/09/2023 09:00,26.59,3957,5604,78,0.23,9.99,0.31,2,3.73
07/09/2023 09:01,26.74,3984,5661,80,0.22,10.01,0.3,2,3.73
07/09/2023 09:01,26.92,3996,5686,81,0.22,10,0.3,2,3.73
07/09/2023 09:01,27,3976,5646,80,0.22,10,0.31,2,3.73
07/09/2023 09:01,27.12,3968,5629,79,0.24,10,0.32,2,3.73
07/09/2023 09:02,27.19,3984,5662,80,0.23,9.99,0.31,2,3.73
07/09/2023 09:02,27.26,3993,5683,81,0.23,10,0.31,2,3.73
07/09/2023 09:02,27.34,4000,5698,82,0.22,10,0.3,2,3.73
07/09/2023 09:02,27.38,4001,5700,82,0.22,10,0.31,2,3.73
07/09/2023 09:03,27.43,4000,5698,82,0.2,9.98,0.31,2,3.73
07/09/2023 09:03,27.46,3998,5693,81,0.22,10.01,0.3,2,3.73
07/09/2023 09:03,27.5,3997,5692,81,0.21,9.99,0.31,2,3.73
07/09/2023 09:03,27.5,3996,5690,81,0.23,10,0.31,2,3.73
07/09/2023 09:04,27.56,3992,5681,81,0.22,10,0.31,2,3.73
07/09/2023 09:04,27.56,3970,5637,79,0.22,10,0.32,2,3.73
07/09/2023 09:04,27.56,3955,5604,78,0.23,10,0.3,2,3.73
07/09/2023 09:04,27.56,3941,5576,77,0.23,10.01,0.32,2,3.73
07/09/2023 09:05,27.62,3924,5540,76,0.22,10,0.3,2,3.73
07/09/2023 09:05,27.62,3929,5550,76,0.23,10,0.31,2,3.73
07/09/2023 09:05,27.62,3938,5568,77,0.22,10,0.31,2,3.72
07/09/2023 09:05,27.62,3945,5583,78,0.22,10,0.32,2,3.73
07/09/2023 09:05,27.62,3953,5600,78,0.23,10.01,0.31,2,3.72
07/09/2023 09:06,27.62,3964,5625,79,0.22,10,0.32,2,3.73
07/09/2023 09:06,27.62,3973,5642,80,0.22,10,0.31,2,3.73
07/09/2023 09:06,27.62,3980,5657,80,0.23,10,0.31,2,3.73
07/09/2023 09:06,27.62,3971,5639,80,0.23,10,0.31,2,3.72
07/09/2023 09:07,27.62,3970,5634,79,0.23,10,0.32,2,3.72
07/09/2023 09:07,27.62,3967,5629,79,0.23,10,0.31,2,3.72
07/09/2023 09:07,27.62,3966,5629,79,0.23,10,0.32,2,3.73
07/09/2023 09:07,27.62,3947,5590,78,0.22,10.01,0.31,2,3.73
07/09/2023 09:08,27.62,3934,5563,77,0.23,10,0.31,2,3.72
07/09/2023 09:08,27.62,3932,5558,77,0.22,9.99,0.32,2,3.73
07/09/2023 09:08,27.62,3946,5585,78,0.22,10,0.32,2,3.73
07/09/2023 09:08,27.62,3944,5582,78,0.25,10,0.31,2,3.72
07/09/2023 09:09,27.62,3937,5569,77,0.23,10,0.32,2,3.73
07/09/2023 09:09,27.62,3943,5580,78,0.22,10,0.3,2,3.73
07/09/2023 09:09,27.62,3948,5590,78,0.22,10,0.3,2,3.73
07/09/2023 09:09,27.62,3951,5596,78,0.22,10,0.3,2,3.72
07/09/2023 09:10,27.62,3950,5596,78,0.22,10.01,0.31,2,3.72
07/09/2023 09:10,27.62,3954,5603,78,0.22,10,0.31,2,3.72
07/09/2023 09:10,27.62,3955,5605,79,0.22,9.99,0.31,2,3.72
07/09/2023 09:10,27.62,3947,5589,78,0.21,9.99,0.31,2,3.72
07/09/2023 09:11,27.62,3945,5583,78,0.21,10,0.31,2,3.72
07/09/2023 09:29,26.2,3867,5400,70,0.23,10,0.21,1,3.73
07/09/2023 09:29,26.42,3864,5396,70,0.21,9.99,0.22,1,3.73
07/09/2023 09:29,26.67,3865,5397,70,0.22,10,0.24,1,3.73
07/09/2023 09:29,26.89,3865,5399,70,0.22,10,0.25,1,3.73
07/09/2023 09:30,27.08,3873,5416,71,0.22,10,0.24,1,3.73
07/09/2023 09:30,27.23,3907,5482,73,0.22,10,0.23,1,3.73
07/09/2023 09:30,27.37,3912,5492,73,0.22,10,0.25,1,3.73
07/09/2023 09:30,27.48,3926,5518,74,0.25,9.99,0.32,2,3.73
07/09/2023 09:31,27.6,3928,5523,74,0.23,10,0.24,1,3.73
07/09/2023 09:31,27.68,3946,5559,75,0.22,10,0.24,1,3.73
07/09/2023 09:31,27.73,3926,5520,74,0.23,9.99,0.23,1,3.73
07/09/2023 09:31,27.81,3910,5491,73,0.21,10,0.24,1,3.73
07/09/2023 09:32,27.86,3911,5491,73,0.2,10,0.25,1,3.73
07/09/2023 09:32,27.89,3882,5434,71,0.23,10,0.24,1,3.73
07/09/2023 09:32,27.94,3878,5427,71,0.22,10,0.23,1,3.73
07/09/2023 09:32,27.98,3878,5427,71,0.22,10.01,0.24,1,3.73
07/09/2023 09:33,28.03,3881,5434,72,0.23,10,0.25,1,3.73
07/09/2023 09:33,28.06,3894,5459,72,0.22,10,0.22,1,3.73
07/09/2023 09:33,28.06,3962,5592,77,0.23,9.99,0.23,1,3.73
07/09/2023 09:33,28.06,3984,5634,78,0.22,10.01,0.23,1,3.73
07/09/2023 09:33,28.11,3994,5654,79,0.23,10,0.24,1,3.73
07/09/2023 09:34,28.12,4000,5664,79,0.24,10.01,0.23,1,3.73
07/09/2023 09:34,28.12,4005,5673,79,0.22,10,0.24,1,3.73
07/09/2023 09:34,28.12,4007,5676,79,0.23,10,0.23,1,3.73
07/09/2023 09:34,28.15,4008,5679,79,0.22,10,0.24,1,3.73
07/09/2023 09:35,28.17,4009,5682,80,0.23,10,0.24,1,3.73
07/09/2023 09:35,28.18,4007,5679,79,0.24,10,0.24,1,3.73
07/09/2023 09:35,28.19,4005,5675,79,0.23,10,0.25,1,3.73
07/09/2023 09:35,28.19,4002,5669,79,0.22,10,0.24,1,3.73
07/09/2023 09:36,28.19,3996,5657,79,0.22,9.99,0.25,1,3.73
07/09/2023 09:36,28.19,3994,5654,79,0.22,10,0.23,1,3.73
07/09/2023 09:36,28.19,3993,5652,79,0.22,10,0.25,1,3.73
07/09/2023 09:36,28.19,3993,5651,79,0.23,10.01,0.24,1,3.73
07/09/2023 09:37,28.19,3995,5656,79,0.22,10.01,0.24,1,3.73
07/09/2023 09:37,28.19,3996,5657,79,0.22,10,0.24,1,3.73
07/09/2023 09:37,28.19,3985,5636,78,0.22,10,0.23,1,3.73
07/09/2023 09:37,28.21,3963,5593,77,0.22,9.99,0.23,1,3.73
07/09/2023 09:38,28.19,3976,5618,78,0.22,10.01,0.24,1,3.73
07/09/2023 09:38,28.21,3969,5604,77,0.22,10,0.23,1,3.73
07/09/2023 09:38,28.22,3938,5545,75,0.22,10,0.24,1,3.73
07/09/2023 09:38,28.21,3950,5568,76,0.21,10,0.23,1,3.73
07/09/2023 09:39,28.21,3931,5530,75,0.23,10,0.25,1,3.73
07/09/2023 09:39,28.21,3929,5527,74,0.23,10,0.25,1,3.73
07/09/2023 09:39,28.19,3914,5499,74,0.22,10,0.23,1,3.73
07/09/2023 09:39,28.19,3889,5450,72,0.22,10,0.23,1,3.73
07/09/2023 09:40,28.22,3864,5402,70,0.21,10,0.24,1,3.73
07/09/2023 09:40,28.21,3848,5371,70,0.22,10.01,0.23,1,3.73
07/09/2023 09:40,28.19,3843,5360,69,0.23,9.99,0.25,1,3.73
07/09/2023 09:40,28.19,3844,5364,69,0.23,10,0.24,1,3.73
07/09/2023 09:41,28.19,3836,5347,69,0.22,10.01,0.24,1,3.73
07/09/2023 09:41,28.19,3829,5334,68,0.23,9.99,0.23,1,3.73
07/09/2023 09:41,28.19,3826,5328,68,0.22,10.01,0.24,1,3.73
07/09/2023 09:41,28.19,3824,5324,68,0.21,9.99,0.24,1,3.73
07/09/2023 09:42,28.19,3822,5321,68,0.23,10,0.24,1,3.73
07/09/2023 09:42,28.19,3823,5323,68,0.22,10.01,0.24,1,3.73
07/09/2023 09:42,28.19,3822,5320,68,0.22,10,0.25,1,3.73
07/09/2023 09:42,28.19,3818,5312,68,0.22,10,0.25,1,3.73
07/09/2023 09:42,28.19,3816,5309,68,0.23,9.99,0.24,1,3.73
07/09/2023 09:43,28.19,3814,5306,68,0.23,10,0.24,1,3.73
07/09/2023 09:43,28.19,3813,5304,68,0.22,10.01,0.23,1,3.73
07/09/2023 09:43,28.19,3810,5297,67,0.23,10.01,0.23,1,3.73
07/09/2023 09:44,28.19,3811,5299,67,0.22,9.98,0.23,1,3.73
07/09/2023 09:44,28.19,3811,5299,67,0.22,10,0.24,1,3.73
07/09/2023 09:44,28.16,3810,5297,67,0.23,10,0.23,1,3.73
07/09/2023 09:44,28.14,3808,5294,67,0.23,10.01,0.24,1,3.73
07/09/2023 09:45,28.15,3810,5296,67,0.23,10,0.24,1,3.73
07/09/2023 09:45,28.15,3810,5297,67,0.22,10,0.24,1,3.73
07/09/2023 09:45,28.12,3809,5294,67,0.22,10,0.24,1,3.73
07/09/2023 09:45,28.12,3810,5296,67,0.22,10,0.24,1,3.73
07/09/2023 09:46,28.12,3812,5298,67,0.24,9.99,0.23,1,3.73
07/09/2023 09:46,28.15,3808,5293,67,0.22,10,0.24,1,3.73
07/09/2023 09:46,28.12,3810,5296,67,0.22,10.01,0.27,1,3.73
07/09/2023 09:46,28.12,3810,5296,67,0.22,10.01,0.25,1,3.73
07/09/2023 09:47,28.12,3811,5296,67,0.23,10,0.24,1,3.73
07/09/2023 09:47,28.12,3810,5297,67,0.23,10,0.24,1,3.73
07/09/2023 09:47,28.12,3811,5297,67,0.22,10,0.24,1,3.73
07/09/2023 09:47,28.12,3810,5295,67,0.22,10,0.25,1,3.73
07/09/2023 09:48,28.12,3813,5300,67,0.23,10,0.26,1,3.73
07/09/2023 09:48,28.1,3813,5300,67,0.22,10,0.25,1,3.73
07/09/2023 09:48,28.08,3813,5301,67,0.23,10,0.24,1,3.73
07/09/2023 09:48,28.09,3813,5301,67,0.23,10,0.23,1,3.73
07/09/2023 09:49,28.06,3813,5302,67,0.23,10,0.22,1,3.73
07/09/2023 09:49,28.06,3814,5303,67,0.22,10,0.23,1,3.73
07/09/2023 09:49,28.06,3812,5299,67,0.22,10,0.25,1,3.73
07/09/2023 09:49,28.06,3813,5301,67,0.2,9.91,0.24,1,3.73
07/09/2023 09:50,28.06,4046,5687,76,0.23,10,0.25,1,3.73
07/09/2023 09:50,28.06,4159,5874,81,0.22,9.99,0.25,1,3.73
07/09/2023 09:50,28.06,4154,5868,81,0.21,10,0.23,1,3.73
07/09/2023 09:50,28.06,4156,5871,81,0.22,10,0.24,1,3.73
07/09/2023 09:51,28.02,4158,5875,81,0.21,10,0.24,1,3.73
07/09/2023 09:51,28.02,4157,5872,81,0.22,10,0.23,1,3.73
07/09/2023 09:51,28,4158,5874,81,0.22,10,0.24,1,3.73
07/09/2023 09:51,28,4158,5874,81,0.22,10,0.24,1,3.73
07/09/2023 09:52,28,4161,5880,81,0.23,10,0.24,1,3.73
07/09/2023 09:52,28,4160,5879,81,0.22,9.99,0.24,1,3.73
07/09/2023 09:52,28,4161,5880,81,0.21,10,0.23,1,3.73
07/09/2023 09:52,28,4163,5884,81,0.22,10,0.24,1,3.73
07/09/2023 09:52,28,4164,5885,81,0.22,9.99,0.23,1,3.73
07/09/2023 09:53,28,4164,5885,81,0.22,10,0.23,1,3.73
07/09/2023 09:53,27.96,4164,5885,81,0.22,10.01,0.24,1,3.73
07/09/2023 09:53,27.99,4164,5887,81,0.23,9.99,0.24,1,3.73
07/09/2023 09:53,27.94,4165,5888,81,0.22,10,0.24,1,3.73
07/09/2023 09:54,27.94,4163,5886,81,0.22,10,0.24,1,3.73
07/09/2023 09:54,27.94,4165,5889,82,0.23,10,0.23,1,3.73
07/09/2023 09:54,27.94,4166,5890,82,0.22,10,0.23,1,3.73
07/09/2023 09:54,27.94,4166,5891,82,0.22,10,0.24,1,3.73
07/09/2023 09:55,27.94,4167,5893,82,0.21,10.01,0.24,1,3.73
07/09/2023 09:55,27.94,4168,5894,82,0.22,9.99,0.23,1,3.73
07/09/2023 09:55,27.94,4169,5897,82,0.23,10,0.24,1,3.73
07/09/2023 09:55,27.94,4169,5897,82,0.23,10,0.23,1,3.73
07/09/2023 09:56,27.94,4170,5898,82,0.22,10,0.23,1,3.73
07/09/2023 09:56,27.92,4169,5897,82,0.21,10.01,0.24,1,3.73
07/09/2023 09:56,27.9,4169,5898,82,0.22,10,0.23,1,3.73
07/09/2023 09:56,27.88,4170,5900,82,0.22,10,0.24,1,3.73
07/09/2023 09:57,27.88,4172,5903,82,0.21,10,0.22,1,3.73
07/09/2023 09:57,27.88,4172,5905,82,0.23,10,0.25,1,3.73
07/09/2023 09:57,27.88,4175,5908,82,0.22,10,0.24,1,3.73
07/09/2023 09:57,27.88,4176,5911,82,0.22,10,0.24,1,3.73
07/09/2023 09:58,27.88,4178,5914,82,0.24,10,0.24,1,3.73
07/09/2023 09:58,27.88,4180,5919,83,0.22,10,0.24,1,3.73
07/09/2023 09:58,27.88,4181,5921,83,0.23,10,0.24,1,3.73
07/09/2023 09:58,27.88,4184,5925,83,0.22,10,0.25,1,3.73
07/09/2023 09:59,27.84,4186,5930,83,0.22,9.99,0.23,1,3.73
07/09/2023 09:59,27.84,4189,5936,83,0.22,10,0.24,1,3.73
07/09/2023 09:59,27.83,4193,5944,83,0.23,10,0.23,1,3.73
07/09/2023 09:59,27.84,4197,5953,84,0.22,10.01,0.23,1,3.73
07/09/2023 10:00,27.81,4201,5961,84,0.22,10,0.24,1,3.73
07/09/2023 10:00,27.81,4206,5970,84,0.22,10,0.24,1,3.73
07/09/2023 10:00,27.81,4210,5978,85,0.22,9.99,0.25,1,3.73
07/09/2023 10:00,27.81,4217,5990,85,0.23,10.01,0.23,1,3.73
07/09/2023 10:01,27.81,4227,6010,86,0.22,10,0.24,1,3.73
07/09/2023 10:01,27.81,4239,6035,86,0.22,10,0.24,1,3.73
07/09/2023 10:01,27.81,4292,6139,90,0.22,10,0.23,1,3.73
07/09/2023 10:01,27.81,4338,6229,93,0.23,10.01,0.24,1,3.73
07/09/2023 10:01,27.81,4395,6339,96,0.22,10.01,0.24,1,3.73
07/09/2023 10:02,27.81,4409,6366,97,0.21,10,0.24,1,3.73
07/09/2023 10:02,27.81,4414,6376,98,0.22,10,0.24,1,3.73
07/09/2023 10:02,27.77,4418,6382,98,0.22,10,0.24,1,3.73
07/09/2023 10:02,27.77,4420,6387,98,0.22,10.01,0.24,1,3.72
07/09/2023 10:03,27.77,4422,6391,98,0.22,10,0.24,1,3.73
07/09/2023 10:03,27.77,4424,6395,98,0.23,10,0.25,1,3.73
07/09/2023 10:03,27.75,4425,6397,98,0.22,10,0.24,1,3.73
07/09/2023 10:03,27.75,4425,6397,98,0.22,10,0.23,1,3.73
07/09/2023 10:04,27.75,4425,6397,98,0.23,10.01,0.24,1,3.73
07/09/2023 10:04,27.75,4423,6392,98,0.23,10,0.24,1,3.73
07/09/2023 10:04,27.75,4424,6394,98,0.22,10,0.24,1,3.73
07/09/2023 10:04,27.75,4422,6391,98,0.21,10.01,0.24,1,3.72
07/09/2023 10:05,27.75,4420,6389,98,0.22,10,0.25,1,3.72
07/09/2023 10:05,27.75,4418,6384,98,0.22,10,0.25,1,3.73
07/09/2023 10:05,27.75,4407,6362,97,0.22,10,0.25,1,3.73
07/09/2023 10:05,27.75,4373,6296,95,0.22,10,0.24,1,3.73
07/09/2023 10:06,27.75,4297,6149,90,0.22,10,0.24,1,3.73
07/09/2023 10:06,27.75,4274,6103,89,0.22,10,0.23,1,3.73
07/09/2023 10:06,27.75,4273,6102,89,0.23,10,0.25,1,3.73
07/09/2023 10:06,27.75,4276,6109,89,0.21,10.01,0.24,1,3.73
07/09/2023 10:07,27.74,4263,6084,88,0.22,10,0.25,1,3.73
07/09/2023 10:07,27.71,4268,6094,88,0.23,10,0.23,1,3.73
07/09/2023 10:07,27.71,4287,6129,90,0.22,9.99,0.23,1,3.73
07/09/2023 10:07,27.71,4319,6192,92,0.22,10.01,0.24,1,3.73
07/09/2023 10:08,27.69,4334,6223,93,0.23,10.01,0.23,1,3.73
07/09/2023 10:08,27.69,4360,6274,95,0.23,10,0.24,1,3.72
07/09/2023 10:08,27.69,4418,6387,98,0.23,9.99,0.25,1,3.72
07/09/2023 10:08,27.69,4428,6406,99,0.22,10,0.23,1,3.73
07/09/2023 10:09,27.69,4428,6406,99,0.22,10,0.22,1,3.73
07/09/2023 10:09,27.69,4427,6406,99,0.22,10,0.23,1,3.73
07/09/2023 10:09,27.69,4427,6403,99,0.22,10,0.23,1,3.72
07/09/2023 10:09,27.69,4423,6396,98,0.22,10,0.24,1,3.72
08/09/2023 08:09,24.83,3994,5587,73,0.19,10.01,0.25,1,3.66
08/09/2023 08:09,25.04,4003,5598,73,0.19,10.01,0.25,1,3.67
08/09/2023 08:09,25.24,4003,5598,73,0.2,10.01,0.24,1,3.67
08/09/2023 08:09,25.49,4003,5598,73,0.19,10.01,0.25,1,3.67
08/09/2023 08:10,25.66,4002,5597,73,0.2,10,0.25,1,3.67
08/09/2023 08:10,25.79,4002,5598,73,0.21,10.01,0.25,1,3.67
08/09/2023 08:10,25.92,4003,5598,73,0.2,10.02,0.25,1,3.67
08/09/2023 08:10,26.04,4004,5601,73,0.21,10.01,0.26,1,3.67
08/09/2023 08:10,26.17,4004,5601,73,0.18,10.01,0.25,1,3.67
08/09/2023 08:11,26.23,4004,5601,74,0.19,10.02,0.25,1,3.67
08/09/2023 08:11,26.31,4005,5603,74,0.21,10.01,0.25,1,3.67
08/09/2023 08:11,26.37,4006,5605,74,0.19,10.01,0.25,1,3.67
08/09/2023 08:11,26.42,4006,5607,74,0.21,10.01,0.26,1,3.67
08/09/2023 08:12,26.47,4007,5608,74,0.2,10.02,0.25,1,3.67
08/09/2023 08:12,26.5,4007,5608,74,0.19,10.02,0.25,1,3.67
08/09/2023 08:12,26.56,4008,5609,74,0.18,10.01,0.24,1,3.67
08/09/2023 08:12,26.56,4009,5610,74,0.2,10.01,0.25,1,3.67
08/09/2023 08:13,26.62,4008,5610,74,0.19,10.01,0.26,1,3.67
08/09/2023 08:13,26.63,4008,5609,74,0.2,10.02,0.25,1,3.67
08/09/2023 08:13,26.69,4009,5611,74,0.2,10.01,0.25,1,3.67
08/09/2023 08:13,26.69,4009,5612,74,0.2,10.01,0.26,1,3.67
08/09/2023 08:14,26.69,4010,5612,74,0.2,10.01,0.25,1,3.67
08/09/2023 08:14,26.75,4010,5613,74,0.19,10.01,0.24,1,3.67
08/09/2023 08:14,26.75,4011,5614,74,0.2,10.01,0.25,1,3.67
08/09/2023 08:14,26.75,4011,5614,74,0.22,9.98,0.28,2,3.67
08/09/2023 08:15,26.76,4011,5614,74,0.18,10.01,0.26,1,3.67
08/09/2023 08:15,26.81,4011,5615,74,0.2,10.01,0.24,1,3.67
08/09/2023 08:15,26.81,4013,5617,74,0.19,10.01,0.25,1,3.67
08/09/2023 08:15,26.81,4012,5616,74,0.2,10.02,0.25,1,3.67
08/09/2023 08:16,26.81,4013,5618,74,0.19,10.01,0.25,1,3.67
08/09/2023 08:16,26.85,4013,5618,74,0.19,10.01,0.24,1,3.67
08/09/2023 08:16,26.88,4013,5618,74,0.18,10.01,0.24,1,3.67
08/09/2023 08:16,26.88,4012,5616,74,0.2,10,0.25,1,3.67
08/09/2023 08:17,26.88,4012,5617,74,0.2,10,0.25,1,3.67
08/09/2023 08:17,26.88,4012,5616,74,0.2,10,0.24,1,3.67
08/09/2023 08:17,26.88,4010,5614,74,0.18,10,0.25,1,3.67
08/09/2023 08:17,26.88,4011,5614,74,0.2,10,0.25,1,3.67
08/09/2023 08:18,26.88,4011,5615,74,0.18,10.01,0.25,1,3.67
08/09/2023 08:18,26.93,4012,5617,74,0.18,10.01,0.24,1,3.67
08/09/2023 08:18,26.94,4012,5616,74,0.18,10.02,0.24,1,3.67
08/09/2023 08:18,26.94,4011,5615,74,0.2,10,0.25,1,3.67
08/09/2023 08:18,26.94,4011,5615,74,0.2,10.01,0.24,1,3.67
08/09/2023 08:19,26.94,4012,5616,74,0.2,10.01,0.26,1,3.67
08/09/2023 08:19,26.94,4010,5614,74,0.19,10.01,0.25,1,3.67
08/09/2023 08:19,26.94,4011,5615,74,0.19,10,0.25,1,3.67
08/09/2023 08:19,26.94,4011,5614,74,0.19,10.01,0.25,1,3.67
08/09/2023 08:20,26.94,4011,5614,74,0.22,10.01,0.25,1,3.67
08/09/2023 08:20,26.96,4012,5616,74,0.19,10.01,0.25,1,3.67
08/09/2023 08:20,26.97,4012,5616,74,0.2,10.01,0.25,1,3.67
08/09/2023 08:20,27,4012,5617,74,0.21,10.01,0.25,1,3.67
08/09/2023 08:21,27,4012,5617,74,0.18,10.01,0.25,1,3.67
08/09/2023 08:21,27,4012,5618,74,0.2,10.01,0.26,1,3.67
08/09/2023 08:21,27,4012,5618,74,0.19,10.01,0.25,1,3.67
08/09/2023 08:21,27,4012,5618,74,0.2,10.01,0.26,1,3.67
08/09/2023 08:22,27,4012,5618,74,0.21,10.01,0.26,1,3.67
08/09/2023 08:22,27,4012,5617,74,0.2,10,0.26,1,3.67
08/09/2023 08:22,27,4013,5619,74,0.2,10.01,0.25,1,3.67
08/09/2023 08:22,27,4014,5622,74,0.2,10.01,0.24,1,3.67
08/09/2023 08:23,27,4015,5623,74,0.21,10.01,0.25,1,3.67
08/09/2023 08:23,27,4016,5624,74,0.2,10.01,0.25,1,3.67
08/09/2023 08:23,27.02,4016,5625,74,0.19,10,0.25,1,3.67
08/09/2023 08:23,27,4017,5626,74,0.19,10.01,0.24,1,3.67
08/09/2023 08:24,27.05,4017,5627,74,0.19,10.01,0.24,1,3.67
08/09/2023 08:24,27.06,4017,5627,74,0.2,10.01,0.25,1,3.67
08/09/2023 08:24,27.04,4018,5629,74,0.19,10.01,0.25,1,3.67
08/09/2023 08:24,27.06,4018,5629,74,0.19,10.01,0.26,1,3.67
08/09/2023 08:25,27.06,4019,5630,74,0.2,10,0.26,1,3.67
08/09/2023 08:25,27.06,4019,5631,74,0.18,10.01,0.24,1,3.67
08/09/2023 08:25,27.06,4020,5632,75,0.18,10.01,0.25,1,3.67
08/09/2023 08:25,27.06,4019,5631,75,0.19,10.01,0.24,1,3.67
08/09/2023 08:26,27.06,4020,5634,75,0.19,10.01,0.25,1,3.67
08/09/2023 08:26,27.06,4021,5634,75,0.2,10,0.26,1,3.67
08/09/2023 08:26,27.06,4021,5634,75,0.19,10.01,0.25,1,3.67
08/09/2023 08:26,27.06,4022,5637,75,0.19,10.01,0.25,1,3.67
08/09/2023 08:27,27.06,4023,5639,75,0.2,10.01,0.25,1,3.67
08/09/2023 08:27,27.06,4024,5641,75,0.19,10,0.26,1,3.67
08/09/2023 08:27,27.06,4024,5641,75,0.2,10,0.25,1,3.67
08/09/2023 08:27,27.06,4025,5643,75,0.19,10.01,0.25,1,3.67
08/09/2023 08:27,27.06,4026,5644,75,0.2,10,0.25,1,3.67
08/09/2023 08:28,27.06,4026,5646,75,0.2,10,0.25,1,3.67
08/09/2023 08:28,27.06,4027,5646,75,0.19,10.02,0.25,1,3.67
08/09/2023 08:28,27.06,4027,5646,75,0.19,10.01,0.24,1,3.67
08/09/2023 08:28,27.08,4028,5648,75,0.2,10,0.25,1,3.67
08/09/2023 08:29,27.09,4029,5649,75,0.19,10,0.25,1,3.67
08/09/2023 08:29,27.06,4028,5648,75,0.2,10.01,0.26,1,3.67
08/09/2023 08:29,27.09,4030,5651,75,0.2,10.01,0.25,1,3.67
08/09/2023 08:29,27.09,4029,5651,75,0.21,10,0.25,1,3.67
08/09/2023 08:30,27.12,4029,5651,75,0.19,10.01,0.25,1,3.67
08/09/2023 08:30,27.12,4029,5651,75,0.19,10.01,0.25,1,3.67
08/09/2023 08:30,27.12,4028,5649,75,0.2,10.01,0.26,1,3.67
08/09/2023 08:30,27.1,4027,5648,75,0.2,10.01,0.25,1,3.67
08/09/2023 08:31,27.1,4027,5648,75,0.2,10.01,0.26,1,3.67
08/09/2023 08:31,27.12,4028,5648,75,0.19,10.02,0.25,1,3.67
08/09/2023 08:31,27.12,4027,5646,75,0.2,10.01,0.26,1,3.67
08/09/2023 08:31,27.12,4028,5649,75,0.19,10.01,0.24,1,3.67
08/09/2023 08:32,27.12,4027,5646,75,0.2,10,0.24,1,3.67
08/09/2023 08:32,27.12,4026,5646,75,0.19,10,0.26,1,3.67
08/09/2023 08:32,27.12,4028,5648,75,0.2,10.01,0.24,1,3.67
08/09/2023 08:32,27.12,4028,5648,75,0.19,10.01,0.25,1,3.67
08/09/2023 08:33,27.12,4027,5647,75,0.19,10.01,0.26,1,3.67
08/09/2023 08:33,27.12,4028,5648,75,0.21,10.01,0.26,1,3.67
08/09/2023 08:33,27.12,4028,5649,75,0.19,10,0.25,1,3.67
08/09/2023 08:33,27.12,4028,5649,75,0.2,10,0.26,1,3.67
08/09/2023 08:34,27.12,4028,5649,75,0.2,10,0.26,1,3.67
08/09/2023 08:34,27.12,4027,5647,75,0.2,10.01,0.25,1,3.67
08/09/2023 08:34,27.12,4028,5648,75,0.19,10,0.26,1,3.67
08/09/2023 08:34,27.12,4027,5647,75,0.21,10.01,0.25,1,3.67
08/09/2023 08:35,27.12,4027,5647,75,0.2,10.01,0.25,1,3.67
08/09/2023 08:35,27.12,4027,5646,75,0.2,10,0.25,1,3.67
08/09/2023 08:35,27.12,4027,5646,75,0.2,10.01,0.25,1,3.67
08/09/2023 08:35,27.12,4027,5646,75,0.2,10.01,0.24,1,3.67
08/09/2023 08:35,27.15,4026,5645,75,0.2,10.01,0.26,1,3.67
08/09/2023 08:36,27.12,4025,5643,75,0.2,10.01,0.25,1,3.67
08/09/2023 08:36,27.15,4025,5643,75,0.19,10.01,0.25,1,3.67
08/09/2023 08:36,27.12,4026,5644,75,0.19,10.01,0.25,1,3.67
08/09/2023 08:36,27.12,4025,5643,75,0.19,10.01,0.25,1,3.67
08/09/2023 08:37,27.12,4024,5641,75,0.19,10.01,0.25,1,3.67
08/09/2023 08:37,27.12,4023,5639,75,0.2,10.02,0.25,1,3.67
08/09/2023 08:37,27.15,4023,5640,75,0.2,10.01,0.24,1,3.67
08/09/2023 08:37,27.12,4023,5639,75,0.2,10.01,0.25,1,3.67
08/09/2023 08:38,27.12,4023,5639,75,0.2,10.01,0.25,1,3.67
08/09/2023 08:38,27.15,4023,5639,75,0.2,10.01,0.25,1,3.67
08/09/2023 08:38,27.15,4024,5640,75,0.21,10,0.25,1,3.67
08/09/2023 08:38,27.15,4024,5640,75,0.19,10.01,0.25,1,3.67
08/09/2023 08:39,27.17,4024,5640,75,0.2,10.01,0.25,1,3.67
08/09/2023 08:39,27.16,4023,5639,75,0.2,10.02,0.25,1,3.67
08/09/2023 08:39,27.16,4023,5639,75,0.19,10.01,0.26,1,3.67
08/09/2023 08:39,27.17,4021,5636,75,0.2,10.02,0.26,1,3.67
08/09/2023 08:40,27.18,4021,5635,75,0.2,10.01,0.26,1,3.67
08/09/2023 08:40,27.19,4022,5636,75,0.2,10,0.25,1,3.67
08/09/2023 08:40,27.17,4023,5638,75,0.2,10,0.25,1,3.67
08/09/2023 08:40,27.18,4022,5637,75,0.2,10.01,0.24,1,3.67
08/09/2023 08:41,27.19,4023,5638,75,0.21,10,0.26,1,3.67
08/09/2023 08:41,27.19,4022,5636,75,0.19,10.01,0.25,1,3.67
08/09/2023 08:41,27.19,4022,5637,75,0.2,10,0.25,1,3.67
08/09/2023 08:41,27.19,4011,5620,74,0.21,10,0.25,1,3.67
08/09/2023 08:42,27.19,4019,5631,75,0.21,10.02,0.02,1,3.67
08/09/2023 08:42,27.19,4011,5618,74,0.2,10.01,0.25,1,3.67
08/09/2023 08:42,27.19,4020,5632,75,0.19,10.01,0.25,1,3.67
08/09/2023 08:42,27.19,4021,5635,75,0.2,10.01,0.25,1,3.67
08/09/2023 08:43,27.19,4021,5635,75,0.2,10.01,0.24,1,3.67
08/09/2023 08:43,27.19,4020,5633,74,0.2,10.01,0.25,1,3.67
08/09/2023 08:43,27.19,4021,5634,75,0.2,10,0.25,1,3.67
08/09/2023 08:43,27.19,4009,5615,74,0.2,10,0.25,1,3.67
08/09/2023 08:44,27.19,4018,5630,74,0.2,10.01,0.25,1,3.67
08/09/2023 08:44,27.19,4018,5629,74,0.2,10,0.25,1,3.67
08/09/2023 08:44,27.19,4017,5629,74,0.19,10.02,0.25,1,3.67
08/09/2023 08:44,27.19,4018,5631,74,0.2,10.01,0.25,1,3.67
08/09/2023 08:44,27.19,4020,5634,75,0.19,10.01,0.25,1,3.67
08/09/2023 08:45,27.19,4020,5633,75,0.19,10.02,0.24,1,3.67
08/09/2023 08:45,27.19,4019,5631,74,0.19,10.02,0.25,1,3.67
08/09/2023 08:45,27.19,4021,5635,75,0.21,10,0.26,1,3.67
08/09/2023 08:45,27.19,4022,5636,75,0.21,10.01,0.24,1,3.67
08/09/2023 08:46,27.19,4023,5638,75,0.2,10.01,0.25,1,3.67
08/09/2023 08:46,27.19,4023,5638,75,0.19,10.01,0.25,1,3.67
08/09/2023 08:46,27.19,4022,5638,75,0.21,10.01,0.26,1,3.67
08/09/2023 08:46,27.19,4023,5639,75,0.2,10,0.24,1,3.67
08/09/2023 08:47,27.19,4023,5639,75,0.2,10.01,0.25,1,3.67
08/09/2023 08:47,27.19,4023,5639,75,0.2,10.01,0.25,1,3.67
08/09/2023 08:47,27.19,4024,5639,75,0.19,10.01,0.25,1,3.67
08/09/2023 08:47,27.19,4024,5639,75,0.19,10,0.25,1,3.67
08/09/2023 08:48,27.19,4024,5640,75,0.19,10.02,0.24,1,3.67
08/09/2023 08:48,27.19,4024,5640,75,0.19,10.01,0.25,1,3.67
08/09/2023 08:48,27.19,4025,5641,75,0.19,10.01,0.25,1,3.67
08/09/2023 08:48,27.19,4026,5644,75,0.19,10.01,0.26,1,3.67
08/09/2023 08:49,27.19,4027,5645,75,0.2,10.01,0.25,1,3.67
08/09/2023 08:49,27.19,4027,5645,75,0.2,10.01,0.25,1,3.67
08/09/2023 08:49,27.19,4027,5646,75,0.2,10.01,0.25,1,3.67
08/09/2023 08:49,27.19,4027,5648,75,0.2,10.01,0.27,1,3.67
08/09/2023 08:50,27.19,4028,5648,75,0.2,10,0.25,1,3.67
08/09/2023 08:50,27.19,4027,5647,75,0.2,10.01,0.27,1,3.67
08/09/2023 08:50,27.19,4027,5648,75,0.2,10,0.25,1,3.67
08/09/2023 08:50,27.19,4028,5650,75,0.2,10.02,0.25,1,3.67
08/09/2023 08:51,27.19,4029,5651,75,0.21,10,0.25,1,3.67
08/09/2023 08:51,27.19,4030,5651,75,0.2,10.01,0.26,1,3.67
08/09/2023 08:51,27.19,4029,5651,75,0.2,10,0.25,1,3.67
08/09/2023 08:51,27.19,4028,5651,75,0.2,10.01,0.25,1,3.67
08/09/2023 08:52,27.19,4029,5652,75,0.21,10,0.25,1,3.67
08/09/2023 08:52,27.19,4029,5652,75,0.19,10,0.26,1,3.67
08/09/2023 08:52,27.19,4028,5651,75,0.2,10.01,0.24,1,3.67
08/09/2023 08:52,27.19,4030,5654,75,0.19,10.01,0.24,1,3.67
08/09/2023 08:53,27.21,4029,5652,75,0.21,10.01,0.25,1,3.67
08/09/2023 08:53,27.19,4030,5654,75,0.19,10.01,0.24,1,3.67
08/09/2023 08:53,27.19,4031,5655,75,0.2,10.01,0.25,1,3.67
08/09/2023 08:53,27.19,4031,5656,75,0.2,10.02,0.25,1,3.67
08/09/2023 08:53,27.19,4031,5657,75,0.19,10.01,0.25,1,3.67
08/09/2023 08:54,27.21,4032,5657,75,0.19,10.02,0.27,1,3.67
08/09/2023 08:54,27.19,4033,5658,75,0.2,10.02,0.25,1,3.67
08/09/2023 08:54,27.19,4033,5659,75,0.21,10.01,0.24,1,3.67
08/09/2023 08:54,27.19,4034,5660,75,0.2,10.01,0.25,1,3.67
08/09/2023 08:55,27.19,4033,5660,75,0.2,10.01,0.26,1,3.67
08/09/2023 08:55,27.19,4033,5660,75,0.2,10.02,0.25,1,3.67
08/09/2023 08:55,27.19,4034,5662,76,0.2,10.01,0.26,1,3.67
08/09/2023 08:55,27.21,4035,5662,76,0.2,10,0.25,1,3.67
08/09/2023 08:56,27.19,4034,5662,76,0.2,10.02,0.24,1,3.67
08/09/2023 08:56,27.19,4036,5665,76,0.2,10.01,0.24,1,3.66
08/09/2023 08:56,27.19,4036,5665,76,0.2,10.01,0.24,1,3.67
08/09/2023 08:56,27.21,4036,5664,76,0.19,10.01,0.24,1,3.67
08/09/2023 08:57,27.21,4036,5666,76,0.2,10.01,0.25,1,3.67
08/09/2023 08:57,27.19,4037,5668,76,0.2,10.01,0.25,1,3.67
08/09/2023 08:57,27.19,4037,5669,76,0.21,10.01,0.24,1,3.67
08/09/2023 08:57,27.21,4037,5669,76,0.2,10.01,0.25,1,3.67
08/09/2023 08:58,27.19,4038,5671,76,0.2,10,0.25,1,3.67
08/09/2023 08:58,27.21,4039,5672,76,0.2,10.02,0.25,1,3.67
08/09/2023 08:58,27.19,4041,5676,76,0.2,10.01,0.25,1,3.67
08/09/2023 08:58,27.19,4042,5678,76,0.19,10.01,0.24,1,3.67
08/09/2023 08:59,27.21,4042,5679,76,0.2,10.01,0.26,1,3.67
08/09/2023 08:59,27.19,4043,5680,76,0.2,10.01,0.23,1,3.67
08/09/2023 08:59,27.21,4044,5680,76,0.21,10,0.24,1,3.67
08/09/2023 08:59,27.22,4044,5681,76,0.21,10,0.25,1,3.67
08/09/2023 09:00,27.21,4045,5683,76,0.2,10.02,0.24,1,3.67
08/09/2023 09:00,27.21,4045,5683,76,0.2,10.02,0.24,1,3.67
08/09/2023 09:00,27.23,4045,5683,76,0.2,10,0.24,1,3.67
08/09/2023 09:00,27.21,4045,5684,76,0.2,10.01,0.25,1,3.67
08/09/2023 09:01,27.22,4044,5682,76,0.2,10.02,0.24,1,3.67
08/09/2023 09:01,27.23,4044,5683,76,0.22,10.01,0.26,1,3.67
08/09/2023 09:01,27.22,4044,5682,76,0.2,10,0.25,1,3.67
08/09/2023 09:01,27.23,4045,5682,76,0.21,10.01,0.25,1,3.67
08/09/2023 09:01,27.23,4045,5683,76,0.21,10.01,0.24,1,3.66
08/09/2023 09:02,27.23,4045,5683,76,0.2,10.02,0.26,1,3.67
08/09/2023 09:02,27.23,4045,5683,76,0.2,10.01,0.25,1,3.67
08/09/2023 09:02,27.22,4045,5682,76,0.2,10.01,0.26,1,3.67
08/09/2023 09:02,27.25,4043,5681,76,0.2,10.01,0.25,1,3.67
08/09/2023 09:03,27.23,4043,5678,76,0.2,10.02,0.26,1,3.67
08/09/2023 09:03,27.23,4043,5679,76,0.19,10.01,0.25,1,3.67
08/09/2023 09:03,27.25,4042,5678,76,0.21,10.01,0.25,1,3.67
08/09/2023 09:03,27.22,4043,5678,76,0.2,10.01,0.24,1,3.67
08/09/2023 09:04,27.25,4043,5678,76,0.2,10.01,0.25,1,3.67
08/09/2023 09:04,27.25,4044,5680,76,0.2,10,0.24,1,3.67
08/09/2023 09:04,27.25,4043,5679,76,0.21,10.01,0.25,1,3.67
08/09/2023 09:04,27.23,4044,5680,76,0.21,10.01,0.24,1,3.66
08/09/2023 09:05,27.25,4042,5678,76,0.18,10.01,0.25,1,3.67
08/09/2023 09:05,27.25,4042,5679,76,0.2,10.01,0.24,1,3.67
08/09/2023 09:05,27.25,4041,5676,76,0.19,10.01,0.25,1,3.67
08/09/2023 09:05,27.23,4042,5677,76,0.2,10.01,0.25,1,3.67
08/09/2023 09:06,27.25,4041,5676,76,0.19,10.02,0.25,1,3.67
08/09/2023 09:06,27.25,4040,5675,76,0.2,10.02,0.25,1,3.67
08/09/2023 09:06,27.25,4040,5674,76,0.19,10.01,0.24,1,3.66
08/09/2023 09:06,27.25,4040,5673,76,0.2,10.01,0.26,1,3.67
08/09/2023 09:07,27.25,4038,5670,76,0.21,10.01,0.24,1,3.67
08/09/2023 09:07,27.25,4039,5671,76,0.2,10.01,0.25,1,3.67
08/09/2023 09:07,27.25,4040,5672,76,0.21,10.01,0.26,1,3.67
08/09/2023 09:07,27.25,4040,5673,76,0.21,10,0.26,1,3.67
08/09/2023 09:08,27.25,4039,5671,76,0.21,10.01,0.24,1,3.67
08/09/2023 09:08,27.25,4041,5673,76,0.19,10.02,0.24,1,3.67
08/09/2023 09:08,27.25,4041,5674,76,0.2,10.01,0.25,1,3.67
08/09/2023 09:08,27.25,4042,5676,76,0.2,10.01,0.24,1,3.67
08/09/2023 09:09,27.25,4041,5675,76,0.2,10.01,0.25,1,3.67
08/09/2023 09:09,27.25,4041,5675,76,0.19,10.02,0.24,1,3.67
08/09/2023 09:09,27.25,4042,5676,76,0.2,10.01,0.25,1,3.67
08/09/2023 09:09,27.25,4042,5677,76,0.2,10.01,0.23,1,3.67
08/09/2023 09:10,27.25,4043,5678,76,0.2,10.01,0.25,1,3.67
08/09/2023 09:10,27.25,4044,5679,76,0.2,10.02,0.25,1,3.66
08/09/2023 09:10,27.25,4043,5678,76,0.2,10.02,0.25,1,3.67
08/09/2023 09:10,27.25,4041,5675,76,0.2,10.01,0.25,1,3.67
08/09/2023 09:10,27.25,4044,5681,76,0.21,10.01,0.25,1,3.67
08/09/2023 09:11,27.25,4045,5682,76,0.2,10.02,0.25,1,3.67
08/09/2023 09:11,27.25,4045,5682,76,0.2,10.01,0.26,1,3.67
08/09/2023 09:11,27.25,4044,5679,76,0.19,10.01,0.25,1,3.67
08/09/2023 09:11,27.25,4042,5679,76,0.2,10.01,0.25,1,3.66
08/09/2023 09:12,27.25,4044,5682,76,0.2,10,0.24,1,3.67
08/09/2023 09:12,27.25,4046,5684,76,0.21,10.01,0.24,1,3.67
08/09/2023 09:12,27.25,4046,5685,76,0.2,10,0.25,1,3.67
08/09/2023 09:12,27.25,4047,5687,76,0.21,10.01,0.25,1,3.67
08/09/2023 09:13,27.25,4047,5688,76,0.2,10.01,0.26,1,3.67
08/09/2023 09:13,27.25,4048,5689,76,0.2,10.01,0.25,1,3.67
08/09/2023 09:13,27.25,4049,5690,76,0.2,10,0.25,1,3.67
08/09/2023 09:13,27.25,4049,5691,77,0.2,10.01,0.25,1,3.66
08/09/2023 09:14,27.25,4048,5690,76,0.2,10.02,0.24,1,3.67
08/09/2023 09:14,27.25,4049,5692,77,0.2,10,0.25,1,3.67
08/09/2023 09:14,27.25,4050,5693,77,0.2,10,0.26,1,3.67
08/09/2023 09:14,27.25,4051,5694,77,0.2,10,0.26,1,3.66
08/09/2023 09:15,27.25,4050,5695,77,0.19,10.02,0.24,1,3.67
08/09/2023 09:15,27.25,4050,5695,77,0.2,10.01,0.24,1,3.67
08/09/2023 09:15,27.25,4052,5697,77,0.19,10,0.26,1,3.67
08/09/2023 09:15,27.25,4054,5700,77,0.2,10.01,0.25,1,3.67
08/09/2023 09:16,27.25,4055,5702,77,0.19,10.01,0.25,1,3.66
08/09/2023 09:16,27.25,4057,5707,77,0.2,10.01,0.25,1,3.66
08/09/2023 09:16,27.25,4057,5708,77,0.2,10.01,0.25,1,3.67
08/09/2023 09:16,27.25,4058,5709,77,0.2,10.01,0.26,1,3.66
08/09/2023 09:17,27.25,4059,5712,77,0.22,10,0.25,1,3.66
08/09/2023 09:17,27.25,4059,5712,77,0.2,10,0.27,1,3.67
08/09/2023 09:17,27.25,4059,5712,77,0.19,10,0.24,1,3.67
08/09/2023 09:17,27.25,4059,5712,77,0.18,10.01,0.25,1,3.66
08/09/2023 09:18,27.25,4057,5708,77,0.19,10,0.25,1,3.66
08/09/2023 09:18,27.25,4057,5708,77,0.2,10.01,0.25,1,3.66
08/09/2023 09:18,27.25,4055,5704,77,0.21,10,0.25,1,3.66
08/09/2023 09:18,27.25,4054,5703,77,0.2,10.02,0.26,1,3.67
08/09/2023 09:19,27.25,4053,5701,77,0.19,10.01,0.26,1,3.67
08/09/2023 09:19,27.25,4049,5694,77,0.21,10.01,0.25,1,3.67
08/09/2023 09:19,27.27,4049,5692,77,0.2,10,0.25,1,3.67
08/09/2023 09:19,27.25,4048,5690,77,0.19,10.01,0.25,1,3.67
08/09/2023 09:19,27.25,4049,5692,77,0.21,10.01,0.25,1,3.66
08/09/2023 09:20,27.25,4050,5693,77,0.2,10,0.26,1,3.66
08/09/2023 09:20,27.25,4050,5693,77,0.19,10.01,0.24,1,3.67
08/09/2023 09:20,27.25,4050,5695,77,0.21,10.01,0.25,1,3.66
08/09/2023 09:20,27.25,4052,5698,77,0.2,10.01,0.24,1,3.66
08/09/2023 09:21,27.25,4052,5697,77,0.21,10,0.25,1,3.67
08/09/2023 09:21,27.27,4052,5697,77,0.2,10.03,0.24,1,3.66
08/09/2023 09:21,27.25,4051,5695,77,0.2,10.01,0.26,1,3.67
08/09/2023 09:21,27.25,4050,5694,77,0.21,10.01,0.24,1,3.66
08/09/2023 09:22,27.25,4050,5694,77,0.21,10.01,0.25,1,3.67
08/09/2023 09:22,27.25,4051,5694,77,0.21,10.01,0.25,1,3.67
08/09/2023 09:22,27.25,4050,5694,77,0.2,10.01,0.25,1,3.67
08/09/2023 09:22,27.25,4050,5694,77,0.2,10,0.25,1,3.67
08/09/2023 09:23,27.25,4050,5694,77,0.21,10.01,0.25,1,3.66
08/09/2023 09:23,27.27,4052,5697,77,0.2,10,0.25,1,3.67
08/09/2023 09:23,27.25,4054,5702,77,0.2,10.01,0.25,1,3.66
08/09/2023 09:23,27.27,4054,5702,77,0.21,10.01,0.25,1,3.66
08/09/2023 09:24,27.25,4054,5701,77,0.2,10,0.25,1,3.66
08/09/2023 09:24,27.27,4054,5700,77,0.2,10.01,0.24,1,3.67
08/09/2023 09:24,27.25,4053,5700,77,0.2,10.01,0.24,1,3.66
08/09/2023 09:24,27.25,4032,5665,76,0.18,10.01,0.25,1,3.66
08/09/2023 09:25,27.25,4054,5702,77,0.2,10.01,0.25,1,3.67
08/09/2023 09:25,27.28,4056,5705,77,0.2,10.01,0.24,1,3.67
08/09/2023 09:25,27.27,4057,5708,77,0.23,10.02,0.28,2,3.66
08/09/2023 09:25,27.27,4058,5710,77,0.21,10.01,0.25,1,3.66
08/09/2023 09:26,27.25,4060,5713,77,0.2,10.01,0.25,1,3.66
08/09/2023 09:26,27.28,4061,5716,77,0.2,10.01,0.25,1,3.66
08/09/2023 09:26,27.29,4065,5724,78,0.21,10,0.24,1,3.67
08/09/2023 09:26,27.27,4071,5737,78,0.2,10.01,0.25,1,3.67
08/09/2023 09:27,27.27,4074,5742,78,0.21,10.01,0.25,1,3.67
08/09/2023 09:27,27.27,4080,5753,79,0.2,10.01,0.24,1,3.67
08/09/2023 09:27,27.26,4077,5747,78,0.2,10.01,0.24,1,3.66
08/09/2023 09:27,27.27,4080,5753,79,0.2,10.02,0.25,1,3.66
08/09/2023 09:28,27.27,4079,5752,79,0.2,10.01,0.25,1,3.67
08/09/2023 09:28,27.27,4085,5763,79,0.2,10.01,0.24,1,3.67
08/09/2023 09:28,27.27,4086,5765,79,0.2,10.01,0.26,1,3.67
08/09/2023 09:28,27.31,4092,5779,79,0.2,10,0.25,1,3.67
08/09/2023 09:28,27.27,4097,5786,80,0.2,10.01,0.24,1,3.67
08/09/2023 09:29,27.27,4110,5813,81,0.21,10.01,0.25,1,3.66
08/09/2023 09:29,27.27,4109,5812,81,0.21,10.01,0.25,1,3.66
08/09/2023 09:29,27.27,4109,5812,81,0.21,9.99,0.25,1,3.66
08/09/2023 09:29,27.28,4111,5814,81,0.21,10,0.26,1,3.67
08/09/2023 09:30,27.29,4109,5811,81,0.2,10.01,0.24,1,3.66
08/09/2023 09:30,27.29,4115,5822,81,0.2,10.01,0.25,1,3.66
08/09/2023 09:30,27.28,4118,5828,81,0.21,10.01,0.23,1,3.66
08/09/2023 09:30,27.27,4118,5828,81,0.21,10.01,0.26,1,3.66
08/09/2023 09:31,27.31,4120,5832,81,0.2,10.01,0.24,1,3.66
08/09/2023 09:31,27.31,4124,5840,81,0.19,10.02,0.26,1,3.67
08/09/2023 09:31,27.31,4128,5848,82,0.21,10.01,0.26,1,3.66
08/09/2023 09:31,27.31,4129,5848,82,0.19,10.01,0.26,1,3.66
08/09/2023 09:32,27.31,4132,5854,82,0.2,10.02,0.24,1,3.66
08/09/2023 09:32,27.31,4135,5861,82,0.21,10.01,0.26,1,3.66
08/09/2023 09:32,27.31,4138,5866,82,0.2,10.01,0.26,1,3.66
08/09/2023 09:32,27.29,4136,5863,82,0.2,10,0.24,1,3.66
08/09/2023 09:33,27.31,4124,5840,81,0.2,10.02,0.25,1,3.66
08/09/2023 09:33,27.31,4119,5830,81,0.19,10.01,0.24,1,3.66
08/09/2023 09:33,27.31,4130,5852,82,0.2,10.01,0.24,1,3.67
08/09/2023 09:33,27.31,4122,5836,81,0.21,10.01,0.25,1,3.66
08/09/2023 09:34,27.31,4099,5789,80,0.2,10.01,0.25,1,3.66
08/09/2023 09:34,27.31,4097,5786,80,0.2,10.01,0.25,1,3.67
08/09/2023 09:34,27.31,4098,5790,80,0.2,10,0.26,1,3.66
08/09/2023 09:34,27.31,4089,5772,79,0.2,10.01,0.24,1,3.66
08/09/2023 09:35,27.31,4087,5766,79,0.21,10.01,0.24,1,3.66
08/09/2023 09:35,27.31,4087,5766,79,0.19,10,0.26,1,3.66
08/09/2023 09:35,27.31,4086,5765,79,0.21,10.01,0.24,1,3.66
08/09/2023 09:35,27.31,4091,5775,79,0.2,9.99,0.25,1,3.67
08/09/2023 09:36,27.31,4086,5764,79,0.19,10.01,0.24,1,3.66
08/09/2023 09:36,27.31,4084,5761,79,0.19,10.01,0.25,1,3.66
08/09/2023 09:36,27.31,4084,5760,79,0.2,10.01,0.25,1,3.66
08/09/2023 09:36,27.31,4084,5760,79,0.2,10.01,0.25,1,3.67
08/09/2023 09:36,27.31,4085,5762,79,0.2,10.01,0.25,1,3.66
08/09/2023 09:37,27.31,4085,5762,79,0.2,10.01,0.25,1,3.66
08/09/2023 09:37,27.31,4086,5765,79,0.2,10.01,0.25,1,3.67
08/09/2023 09:37,27.31,4088,5769,79,0.2,10.01,0.24,1,3.66
08/09/2023 09:37,27.31,4096,5785,80,0.21,10.01,0.25,1,3.66
08/09/2023 09:38,27.31,4116,5826,81,0.2,10.01,0.26,1,3.66
08/09/2023 09:38,27.31,4123,5840,82,0.21,10.01,0.26,1,3.66
08/09/2023 09:38,27.31,4131,5855,82,0.2,10.01,0.25,1,3.66
08/09/2023 09:38,27.31,4139,5872,83,0.2,10.01,0.25,1,3.66
08/09/2023 09:39,27.31,4147,5886,83,0.2,10.01,0.25,1,3.66
08/09/2023 09:39,27.31,4157,5906,84,0.21,10.02,0.25,1,3.66
08/09/2023 09:39,27.31,4160,5912,84,0.2,10.01,0.25,1,3.66
08/09/2023 09:39,27.34,4159,5910,84,0.2,10.01,0.26,1,3.66
08/09/2023 09:40,27.31,4165,5922,84,0.2,10.01,0.26,1,3.66
08/09/2023 09:40,27.31,4161,5916,84,0.2,10.01,0.24,1,3.67
08/09/2023 09:40,27.31,4182,5955,85,0.2,10.01,0.25,1,3.67
08/09/2023 09:40,27.34,4179,5951,85,0.2,10,0.25,1,3.66
08/09/2023 09:41,27.31,4175,5944,85,0.2,10.01,0.25,1,3.66
08/09/2023 09:41,27.34,4170,5933,85,0.2,10.01,0.24,1,3.66
08/09/2023 09:41,27.31,4159,5909,84,0.2,10.02,0.24,1,3.67
08/09/2023 09:41,27.31,4155,5902,83,0.21,10.01,0.24,1,3.66
08/09/2023 09:42,27.34,4142,5878,83,0.2,10,0.25,1,3.66
08/09/2023 09:42,27.33,4142,5877,83,0.21,10.01,0.25,1,3.66
08/09/2023 09:42,27.36,4146,5885,83,0.21,10,0.24,1,3.66
08/09/2023 09:42,27.34,4137,5867,82,0.2,10.01,0.24,1,3.66
08/09/2023 09:43,27.36,4140,5874,83,0.2,10,0.26,1,3.66
08/09/2023 09:43,27.34,4132,5858,82,0.21,10.01,0.25,1,3.66
08/09/2023 09:43,27.36,4128,5849,82,0.2,10.01,0.26,1,3.66
08/09/2023 09:43,27.38,4133,5858,82,0.2,10.01,0.26,1,3.66
08/09/2023 09:44,27.35,4133,5860,82,0.2,10.01,0.25,1,3.66
08/09/2023 09:44,27.35,4121,5836,81,0.21,10,0.24,1,3.66
08/09/2023 09:44,27.38,4119,5831,81,0.21,10.01,0.25,1,3.66
08/09/2023 09:44,27.38,4109,5813,81,0.21,10,0.25,1,3.66
08/09/2023 09:45,27.36,4108,5810,80,0.2,10,0.25,1,3.66
08/09/2023 09:45,27.34,4107,5807,80,0.2,10.01,0.26,1,3.66
08/09/2023 09:45,27.38,4110,5813,81,0.2,10,0.26,1,3.66
08/09/2023 09:45,27.38,4108,5810,81,0.2,10.01,0.24,1,3.66
08/09/2023 09:45,27.38,4112,5817,81,0.21,10.01,0.25,1,3.67
08/09/2023 09:46,27.38,4106,5805,80,0.2,10.01,0.24,1,3.66
08/09/2023 09:46,27.35,4105,5803,80,0.2,10.01,0.26,1,3.66
08/09/2023 09:46,27.38,4111,5816,81,0.2,10,0.26,1,3.66
08/09/2023 09:46,27.38,4120,5834,81,0.2,10.01,0.24,1,3.66
08/09/2023 09:47,27.38,4108,5810,81,0.23,9.99,0.28,2,3.66
08/09/2023 09:47,27.38,4104,5803,80,0.19,10,0.24,1,3.66
08/09/2023 09:47,27.38,4107,5809,80,0.21,10.02,0.25,1,3.66
08/09/2023 09:47,27.38,4109,5812,81,0.2,10.01,0.25,1,3.66
08/09/2023 09:48,27.38,4125,5845,82,0.21,10.01,0.25,1,3.66
08/09/2023 09:48,27.38,4115,5826,81,0.2,10.01,0.25,1,3.66
08/09/2023 09:48,27.38,4135,5864,82,0.2,10.01,0.25,1,3.66
08/09/2023 09:48,27.38,4138,5869,83,0.19,10.01,0.25,1,3.66
08/09/2023 09:49,27.38,4133,5861,82,0.21,10.01,0.23,1,3.66
08/09/2023 09:49,27.38,4132,5861,82,0.2,10.01,0.25,1,3.66
08/09/2023 09:49,27.38,4129,5852,82,0.21,10.01,0.26,1,3.66
08/09/2023 09:49,27.38,4119,5834,81,0.21,10.01,0.26,1,3.66
08/09/2023 09:50,27.38,4132,5860,82,0.2,10.01,0.24,1,3.66
08/09/2023 09:50,27.38,4136,5866,82,0.2,10,0.25,1,3.66
08/09/2023 09:50,27.38,4132,5858,82,0.24,10.03,0.29,2,3.66
08/09/2023 09:50,27.38,4134,5861,82,0.2,10,0.25,1,3.66
08/09/2023 09:51,27.38,4141,5875,83,0.2,10.02,0.25,1,3.66
08/09/2023 09:51,27.38,4150,5893,83,0.2,10.01,0.26,1,3.66
08/09/2023 09:51,27.38,4145,5885,83,0.19,10.01,0.24,1,3.66
08/09/2023 09:51,27.38,4151,5896,84,0.21,10.02,0.24,1,3.66
08/09/2023 09:52,27.38,4152,5899,84,0.2,10.01,0.25,1,3.66
08/09/2023 09:52,27.38,4154,5904,84,0.2,10.01,0.25,1,3.66
08/09/2023 09:52,27.38,4161,5918,84,0.2,10,0.23,1,3.66
08/09/2023 09:52,27.38,4157,5910,84,0.17,10.09,0.28,1,3.66
08/09/2023 09:53,27.38,4150,5895,83,0.2,10.01,0.25,1,3.66
08/09/2023 09:53,27.38,4150,5895,84,0.21,10.01,0.23,1,3.66
08/09/2023 09:53,27.38,4148,5891,83,0.21,10.01,0.26,1,3.66
08/09/2023 09:53,27.38,4155,5904,84,0.21,10.01,0.25,1,3.66
08/09/2023 09:54,27.38,4154,5904,84,0.2,10.01,0.25,1,3.66
08/09/2023 09:54,27.38,4165,5924,85,0.21,10.02,0.24,1,3.66
08/09/2023 09:54,27.38,4172,5939,85,0.2,10.01,0.25,1,3.66
08/09/2023 09:54,27.4,4174,5943,85,0.2,10,0.26,1,3.66
08/09/2023 09:54,27.4,4175,5945,85,0.21,10.01,0.25,1,3.66
08/09/2023 09:55,27.44,4172,5940,85,0.2,10.01,0.24,1,3.66
08/09/2023 09:55,27.44,4187,5970,86,0.21,10.01,0.25,1,3.66
08/09/2023 09:55,27.44,4187,5969,86,0.2,10,0.25,1,3.66
08/09/2023 09:55,27.44,4179,5954,86,0.2,10.01,0.24,1,3.66
08/09/2023 09:56,27.44,4178,5951,85,0.2,10,0.26,1,3.66
08/09/2023 09:56,27.44,4179,5953,86,0.2,10.02,0.24,1,3.66
08/09/2023 09:56,27.44,4182,5959,86,0.2,10.01,0.24,1,3.66
08/09/2023 09:56,27.44,4184,5963,86,0.2,10.01,0.25,1,3.66
08/09/2023 09:57,27.44,4188,5972,86,0.2,10,0.25,1,3.66
08/09/2023 09:57,27.44,4190,5976,86,0.2,10,0.24,1,3.66
08/09/2023 09:57,27.44,4200,5996,87,0.21,10.01,0.25,1,3.66
08/09/2023 09:57,27.44,4198,5993,87,0.21,10,0.24,1,3.66
08/09/2023 09:58,27.47,4207,6010,88,0.21,10.01,0.25,1,3.66
08/09/2023 09:58,27.46,4212,6019,88,0.2,10.01,0.25,1,3.66
08/09/2023 09:58,27.46,4198,5993,87,0.21,10.01,0.25,1,3.66
08/09/2023 09:58,27.5,4203,6003,87,0.2,10.01,0.26,1,3.66
08/09/2023 09:59,27.5,4193,5984,87,0.2,10.01,0.25,1,3.66
08/09/2023 09:59,27.5,4209,6014,88,0.21,10,0.25,1,3.66
08/09/2023 09:59,27.5,4188,5973,86,0.2,10.01,0.25,1,3.66
08/09/2023 09:59,27.5,4160,5918,84,0.21,10.01,0.26,1,3.66
08/09/2023 10:00,27.5,4153,5905,84,0.2,10.01,0.25,1,3.66
08/09/2023 10:00,27.5,4169,5936,85,0.21,10.01,0.25,1,3.66
08/09/2023 10:00,27.5,4181,5959,86,0.21,10.01,0.25,1,3.66
08/09/2023 10:00,27.5,4186,5971,86,0.2,10.01,0.25,1,3.66
08/09/2023 10:01,27.5,4134,5868,83,0.2,10.01,0.24,1,3.66
08/09/2023 10:01,27.5,4190,5978,86,0.2,10.01,0.25,1,3.66
08/09/2023 10:01,27.53,4204,6005,87,0.2,10.01,0.25,1,3.66
08/09/2023 10:01,27.56,4205,6007,87,0.2,10.01,0.24,1,3.66
08/09/2023 10:02,27.56,4209,6016,88,0.21,10.01,0.25,1,3.66
08/09/2023 10:02,27.56,4202,6000,87,0.21,10.01,0.23,1,3.66
08/09/2023 10:02,27.56,4199,5995,87,0.2,10.01,0.24,1,3.66
08/09/2023 10:02,27.56,4186,5969,86,0.2,10.01,0.25,1,3.66
08/09/2023 10:03,27.56,4189,5977,86,0.21,10.01,0.24,1,3.66
08/09/2023 10:03,27.56,4187,5971,86,0.2,10,0.24,1,3.66
08/09/2023 10:03,27.56,4190,5978,87,0.19,10,0.25,1,3.66
08/09/2023 10:03,27.56,4191,5980,87,0.22,10,0.24,1,3.66
08/09/2023 10:03,27.59,4191,5979,86,0.21,10.01,0.26,1,3.66
08/09/2023 10:04,27.56,4160,5921,84,0.2,10.01,0.25,1,3.66
08/09/2023 10:04,27.6,4163,5924,85,0.21,10.01,0.24,1,3.66
08/09/2023 10:04,27.6,4166,5931,85,0.2,10.01,0.25,1,3.66
08/09/2023 10:04,27.61,4161,5922,84,0.2,10.01,0.25,1,3.66
08/09/2023 10:05,27.62,4147,5894,83,0.2,10.03,0.24,1,3.66
08/09/2023 10:05,27.62,4147,5895,84,0.2,10,0.24,1,3.66
08/09/2023 10:05,27.62,4175,5948,85,0.2,10.01,0.24,1,3.66
08/09/2023 10:05,27.62,4180,5960,86,0.21,10.02,0.25,1,3.66
08/09/2023 10:06,27.62,4180,5957,86,0.21,10.01,0.26,1,3.66
08/09/2023 10:06,27.62,4185,5968,86,0.2,10,0.25,1,3.66
08/09/2023 10:06,27.62,4195,5985,86,0.2,10.01,0.25,1,3.66
08/09/2023 10:06,27.62,4192,5978,86,0.2,10.01,0.25,1,3.66
08/09/2023 10:07,27.65,4208,6011,87,0.2,10.01,0.24,1,3.66
08/09/2023 10:07,27.66,4211,6017,88,0.21,10.01,0.25,1,3.66
08/09/2023 10:07,27.66,4183,5965,86,0.2,10.01,0.25,1,3.66
08/09/2023 10:07,27.69,4190,5980,87,0.2,10.01,0.24,1,3.66
08/09/2023 10:08,27.69,4189,5978,87,0.21,10.02,0.25,1,3.66
08/09/2023 10:08,27.69,4191,5982,87,0.21,10.01,0.25,1,3.66
08/09/2023 10:08,27.69,4204,6007,87,0.21,10,0.25,1,3.66
08/09/2023 10:08,27.69,4208,6016,88,0.21,10,0.25,1,3.66
08/09/2023 10:09,27.69,4215,6029,88,0.2,10.01,0.24,1,3.66
08/09/2023 10:09,27.69,4218,6035,88,0.22,10.01,0.24,1,3.66
08/09/2023 10:09,27.69,4226,6052,89,0.21,10.01,0.27,1,3.66
08/09/2023 10:09,27.69,4231,6060,89,0.21,10.01,0.27,1,3.66
08/09/2023 10:10,27.72,4248,6094,90,0.2,10.02,0.26,1,3.66
08/09/2023 10:10,27.7,4267,6131,92,0.21,10.01,0.25,1,3.66
08/09/2023 10:10,27.73,4277,6150,92,0.2,10.01,0.26,1,3.66
08/09/2023 10:10,27.72,4276,6150,92,0.2,10.02,0.24,1,3.66
08/09/2023 10:11,27.75,4276,6149,92,0.21,10.01,0.25,1,3.66
08/09/2023 10:11,27.75,4279,6155,92,0.21,10,0.25,1,3.66
08/09/2023 10:11,27.75,4283,6164,93,0.21,10.01,0.25,1,3.66
08/09/2023 10:11,27.75,4282,6162,93,0.21,10.02,0.25,1,3.66
08/09/2023 10:12,27.75,4280,6158,93,0.21,10.01,0.25,1,3.66
08/09/2023 10:12,27.75,4277,6151,92,0.21,10.01,0.24,1,3.66
08/09/2023 10:12,27.77,4281,6160,93,0.2,10.01,0.25,1,3.66
08/09/2023 10:12,27.75,4283,6163,93,0.2,10.01,0.25,1,3.66
08/09/2023 10:12,27.75,4273,6143,92,0.2,10.01,0.25,1,3.66
08/09/2023 10:13,27.77,4284,6165,93,0.21,10.01,0.25,1,3.66
08/09/2023 10:13,27.77,4285,6168,93,0.2,10.01,0.25,1,3.66
08/09/2023 10:13,27.81,4291,6178,93,0.2,10.01,0.25,1,3.66
08/09/2023 10:13,27.81,4287,6171,93,0.21,10.01,0.25,1,3.66
08/09/2023 10:14,27.81,4290,6177,93,0.2,10.01,0.25,1,3.66
08/09/2023 10:14,27.81,4289,6174,93,0.2,10,0.25,1,3.66
08/09/2023 10:14,27.81,4289,6173,93,0.2,10.01,0.25,1,3.66
08/09/2023 10:14,27.81,4289,6172,93,0.21,10.01,0.25,1,3.66
08/09/2023 10:15,27.81,4285,6166,93,0.2,10.01,0.24,1,3.66
08/09/2023 10:15,27.81,4290,6175,93,0.2,10,0.24,1,3.66
08/09/2023 10:15,27.81,4291,6178,93,0.2,10.02,0.25,1,3.66
08/09/2023 10:15,27.81,4289,6172,93,0.23,10.02,0.25,1,3.66
08/09/2023 10:16,27.84,4289,6172,93,0.2,10.01,0.24,1,3.66
08/09/2023 10:16,27.81,4295,6185,93,0.22,10.01,0.25,1,3.66
08/09/2023 10:16,27.88,4300,6193,94,0.2,10.01,0.26,1,3.66
08/09/2023 10:16,27.88,4297,6189,94,0.21,10,0.25,1,3.66
08/09/2023 10:17,27.88,4299,6193,94,0.2,10.01,0.25,1,3.66
08/09/2023 10:17,27.88,4302,6200,94,0.21,10,0.25,1,3.66
08/09/2023 10:17,27.88,4302,6200,94,0.2,10.01,0.24,1,3.66
08/09/2023 10:17,27.88,4303,6202,94,0.2,10,0.24,1,3.66
08/09/2023 10:18,27.88,4304,6202,94,0.21,10.01,0.24,1,3.66
08/09/2023 10:18,27.88,4304,6203,94,0.21,10.01,0.25,1,3.66
08/09/2023 10:18,27.88,4305,6205,94,0.2,10.01,0.25,1,3.66
08/09/2023 10:18,27.88,4307,6210,94,0.2,10,0.26,1,3.66
08/09/2023 10:19,27.92,4308,6213,94,0.2,10.01,0.25,1,3.66
08/09/2023 10:19,27.9,4310,6215,95,0.2,10,0.26,1,3.66
08/09/2023 10:19,27.94,4309,6215,95,0.21,10,0.26,1,3.66
08/09/2023 10:19,27.94,4308,6212,94,0.2,10,0.25,1,3.66
08/09/2023 10:20,27.94,4309,6214,94,0.2,10.01,0.26,1,3.66
08/09/2023 10:20,27.94,4309,6214,94,0.2,10,0.26,1,3.66
08/09/2023 10:20,27.94,4309,6214,94,0.2,10.01,0.25,1,3.66
08/09/2023 10:20,27.94,4312,6221,95,0.2,10,0.25,1,3.66
08/09/2023 10:20,27.94,4317,6231,95,0.2,10.01,0.25,1,3.66
08/09/2023 10:21,27.94,4319,6234,95,0.2,10.01,0.25,1,3.66
08/09/2023 10:21,27.94,4321,6239,95,0.2,10,0.24,1,3.66
08/09/2023 10:21,27.94,4324,6244,95,0.2,10.01,0.25,1,3.66
08/09/2023 10:21,27.94,4325,6245,95,0.2,10,0.24,1,3.66
08/09/2023 10:22,27.96,4314,6224,95,0.19,10.01,0.25,1,3.66
08/09/2023 10:22,27.94,4317,6231,95,0.2,10.01,0.25,1,3.66
08/09/2023 10:22,27.99,4322,6240,95,0.19,10.01,0.25,1,3.66
08/09/2023 10:22,27.96,4324,6243,95,0.2,10.01,0.25,1,3.66
08/09/2023 10:23,27.98,4334,6262,96,0.2,9.99,0.25,1,3.66
08/09/2023 10:23,27.99,4335,6264,96,0.2,10.01,0.26,1,3.66
08/09/2023 10:23,28,4335,6266,96,0.19,10,0.24,1,3.66
08/09/2023 10:23,28,4336,6267,96,0.21,10,0.25,1,3.66
08/09/2023 10:24,28,4335,6265,96,0.2,10,0.25,1,3.66
08/09/2023 10:24,28,4327,6250,96,0.2,10,0.26,1,3.66
08/09/2023 10:24,28,4274,6147,92,0.19,10.01,0.25,1,3.66
08/09/2023 10:24,28,4232,6065,89,0.2,10,0.26,1,3.66
08/09/2023 10:25,28,4219,6040,89,0.2,10.01,0.25,1,3.66
08/09/2023 10:25,28,4256,6112,91,0.2,10.01,0.23,1,3.66
08/09/2023 10:25,28,4245,6090,90,0.2,10,0.26,1,3.66
08/09/2023 10:25,28,4264,6127,92,0.21,10,0.25,1,3.66
08/09/2023 10:26,28,4216,6033,88,0.2,10.01,0.25,1,3.66
08/09/2023 10:26,28,4189,5980,86,0.2,10,0.25,1,3.66
08/09/2023 10:26,28,4194,5991,87,0.2,10.01,0.26,1,3.66
08/09/2023 10:26,28.04,4238,6077,90,0.2,10.02,0.25,1,3.66
08/09/2023 10:27,28.06,4286,6171,93,0.21,10.01,0.26,1,3.66
08/09/2023 10:27,28.06,4328,6253,96,0.21,10.01,0.26,1,3.66
08/09/2023 10:27,28.06,4298,6194,94,0.21,10,0.26,1,3.66
08/09/2023 10:27,28.06,4240,6080,90,0.2,10.01,0.26,1,3.66
08/09/2023 10:28,28.06,4239,6079,90,0.2,10,0.25,1,3.66
08/09/2023 10:28,28.06,4241,6082,90,0.2,10.01,0.25,1,3.66
08/09/2023 10:28,28.06,4250,6101,91,0.2,10,0.26,1,3.66
08/09/2023 10:28,28.06,4283,6165,93,0.2,10.01,0.24,1,3.66
08/09/2023 10:29,28.06,4212,6025,88,0.2,10.01,0.24,1,3.66
08/09/2023 10:29,28.06,4186,5973,86,0.2,10.01,0.25,1,3.66
08/09/2023 10:29,28.06,4205,6013,88,0.21,10,0.26,1,3.66
08/09/2023 10:29,28.06,4201,6003,88,0.21,10.01,0.24,1,3.66
08/09/2023 10:29,28.06,4214,6029,88,0.21,9.99,0.27,1,3.66
08/09/2023 10:30,28.06,4211,6024,88,0.2,10,0.25,1,3.66
08/09/2023 10:30,28.06,4161,5925,85,0.2,10,0.26,1,3.66
08/09/2023 10:30,28.09,4148,5897,84,0.24,9.98,0.28,2,3.66
08/09/2023 10:30,28.06,4182,5965,86,0.2,10.01,0.25,1,3.66
08/09/2023 10:31,28.06,4231,6062,89,0.2,10.01,0.26,1,3.66
08/09/2023 10:31,28.06,4258,6115,91,0.19,10,0.25,1,3.66
08/09/2023 10:31,28.06,4233,6068,89,0.2,10.01,0.25,1,3.66
08/09/2023 10:31,28.06,4194,5990,87,0.2,10.01,0.25,1,3.66
08/09/2023 10:32,28.06,4228,6058,89,0.19,10.01,0.26,1,3.66
08/09/2023 10:32,28.06,4206,6013,88,0.21,10.01,0.26,1,3.66
08/09/2023 10:32,28.09,4198,5996,87,0.21,10.01,0.25,1,3.66
08/09/2023 10:32,28.06,4191,5984,87,0.2,10,0.24,1,3.66
08/09/2023 10:33,28.09,4168,5938,85,0.2,10.01,0.25,1,3.66
08/09/2023 10:33,28.06,4177,5956,86,0.19,10.02,0.27,1,3.66
08/09/2023 10:33,28.09,4201,6004,88,0.21,10,0.24,1,3.66
08/09/2023 10:33,28.09,4199,5998,87,0.2,10,0.26,1,3.66
08/09/2023 10:34,28.08,4196,5992,87,0.21,10.01,0.26,1,3.66
08/09/2023 10:34,28.12,4225,6050,89,0.19,10.01,0.26,1,3.66
08/09/2023 10:34,28.12,4195,5991,87,0.23,9.96,0.28,2,3.66
08/09/2023 10:34,28.1,4164,5930,85,0.2,10,0.25,1,3.66
08/09/2023 10:35,28.1,4269,6138,92,0.2,10.05,0.27,1,3.66
08/09/2023 10:35,28.1,4265,6128,91,0.21,9.99,0.29,2,3.66
08/09/2023 10:35,28.12,4302,6202,94,0.21,10.01,0.25,1,3.66
08/09/2023 10:35,28.11,4293,6184,93,0.2,9.99,0.24,1,3.66
08/09/2023 10:36,28.12,4292,6182,93,0.19,10,0.26,1,3.66
08/09/2023 10:36,28.12,4294,6186,93,0.21,10,0.25,1,3.66
08/09/2023 10:36,28.12,4256,6110,91,0.2,10.01,0.26,1,3.66
08/09/2023 10:36,28.12,4223,6045,89,0.2,10,0.25,1,3.66
08/09/2023 10:37,28.12,4262,6121,91,0.2,10,0.26,1,3.66
08/09/2023 10:37,28.12,4274,6145,92,0.2,10,0.26,1,3.66
08/09/2023 10:37,28.12,4247,6092,90,0.2,10,0.25,1,3.66
08/09/2023 10:37,28.12,4225,6050,89,0.2,10,0.25,1,3.66
08/09/2023 10:38,28.12,4166,5933,85,0.22,10.01,0.25,1,3.66
08/09/2023 10:38,28.12,4174,5952,86,0.22,10.01,0.24,1,3.66
08/09/2023 10:38,28.12,4144,5892,84,0.2,10,0.26,1,3.66
08/09/2023 10:38,28.12,4137,5878,83,0.2,10,0.25,1,3.66
08/09/2023 10:38,28.12,4137,5879,83,0.19,10,0.26,1,3.66
08/09/2023 10:39,28.12,4130,5863,83,0.19,10,0.27,1,3.66
08/09/2023 10:39,28.12,4139,5880,83,0.2,10.01,0.24,1,3.66
08/09/2023 10:39,28.12,4148,5897,84,0.2,10.01,0.27,1,3.66
08/09/2023 10:39,28.12,4154,5910,84,0.2,10,0.26,1,3.66
08/09/2023 10:40,28.12,4170,5944,86,0.21,10,0.26,1,3.66
08/09/2023 10:40,28.12,4178,5960,86,0.2,10,0.25,1,3.66
08/09/2023 10:40,28.12,4201,6006,87,0.2,10.01,0.26,1,3.66
08/09/2023 10:40,28.12,4195,5993,87,0.21,10.01,0.25,1,3.66
08/09/2023 10:41,28.12,4219,6041,89,0.21,10.01,0.26,1,3.66
08/09/2023 10:41,28.12,4164,5931,85,0.2,10,0.25,1,3.66
08/09/2023 10:41,28.12,4226,6054,89,0.2,10.01,0.25,1,3.66
08/09/2023 10:41,28.12,4219,6040,89,0.21,10.01,0.24,1,3.66
08/09/2023 10:42,28.12,4190,5982,87,0.21,10.01,0.26,1,3.66
08/09/2023 10:42,28.12,4240,6080,90,0.2,10,0.25,1,3.66
08/09/2023 10:42,28.12,4232,6064,89,0.21,10.01,0.26,1,3.66
08/09/2023 10:42,28.12,4204,6008,87,0.21,10,0.26,1,3.66
08/09/2023 10:43,28.12,4227,6054,89,0.2,10,0.26,1,3.66
08/09/2023 10:43,28.12,4233,6066,89,0.2,10,0.24,1,3.66
08/09/2023 10:43,28.12,4250,6100,91,0.2,10.01,0.24,1,3.66
08/09/2023 10:43,28.12,4228,6057,89,0.2,10,0.25,1,3.66
08/09/2023 10:44,28.12,4229,6060,89,0.2,10.02,0.24,1,3.66
08/09/2023 10:44,28.12,4250,6101,91,0.2,10.01,0.26,1,3.66
08/09/2023 10:44,28.12,4251,6103,91,0.21,10.01,0.25,1,3.66
08/09/2023 10:44,28.12,4268,6136,92,0.21,10,0.25,1,3.66
08/09/2023 10:45,28.12,4265,6130,92,0.2,10.01,0.24,1,3.66
08/09/2023 10:45,28.15,4268,6138,92,0.2,10.01,0.27,1,3.66
08/09/2023 10:45,28.12,4267,6136,92,0.2,10,0.26,1,3.66
08/09/2023 10:45,28.12,4267,6135,92,0.2,10,0.25,1,3.66
08/09/2023 10:46,28.15,4264,6129,92,0.2,10.01,0.25,1,3.66
08/09/2023 10:46,28.15,4283,6167,93,0.21,10.01,0.26,1,3.66
08/09/2023 10:46,28.16,4298,6195,94,0.2,10,0.25,1,3.66
08/09/2023 10:46,28.17,4307,6211,94,0.21,10.01,0.26,1,3.66
08/09/2023 10:47,28.17,4290,6178,93,0.21,10,0.26,1,3.66
08/09/2023 10:47,28.18,4297,6191,94,0.2,10.01,0.26,1,3.66
08/09/2023 10:47,28.19,4260,6121,91,0.22,10.01,0.23,1,3.66
08/09/2023 10:47,28.19,4252,6105,91,0.21,10,0.26,1,3.66
08/09/2023 10:47,28.19,4244,6086,90,0.2,10,0.25,1,3.66
08/09/2023 10:48,28.19,4224,6049,89,0.2,10,0.27,1,3.66
08/09/2023 10:48,28.19,4238,6075,90,0.19,10.01,0.25,1,3.66
08/09/2023 10:48,28.19,4223,6047,89,0.2,10,0.25,1,3.66
08/09/2023 10:48,28.19,4230,6060,89,0.2,10.01,0.25,1,3.66
08/09/2023 10:49,28.19,4169,6013,92,0.76,3.06,5.71,62,3.7
08/09/2023 10:50,27.5,4254,6124,92,0.23,10,0.21,1,3.65
08/09/2023 10:51,27.61,4295,6196,94,0.23,10.01,0.21,1,3.66
08/09/2023 10:51,27.8,4305,6216,95,0.23,10,0.2,1,3.66
08/09/2023 10:51,27.93,4280,6169,93,0.23,10,0.21,1,3.66
08/09/2023 10:57,28.04,4749,7204,136,0.21,10,0.34,2,3.67
08/09/2023 11:27,27.61,3938,5539,74,-7.33,0.15,6.57,89,3.67
08/09/2023 11:57,27.38,3796,5236,64,-4.76,0.11,8.87,89,3.66
08/09/2023 12:28,27.06,3835,5285,64,1.71,-9.65,1.57,13,3.66
08/09/2023 12:58,26.64,3831,5278,64,1.7,-9.67,1.55,13,3.67
08/09/2023 13:28,25.94,3824,5264,63,1.7,-9.65,1.57,13,3.66
08/09/2023 13:58,24.77,3816,5251,63,1.71,-9.65,1.56,13,3.66
08/09/2023 14:28,24.42,3815,5248,63,-0.19,-8.95,4.27,25,3.66
08/09/2023 14:58,25.19,3834,5277,64,0.42,-8.33,5.32,32,3.66
08/09/2023 15:28,26.33,3759,5184,63,-1.7,-0.1,10.08,89,3.66
08/09/2023 15:59,27.36,3772,5206,64,3.38,0.02,9.75,89,3.66
08/09/2023 16:29,28.37,3777,5215,64,3.33,0.02,9.79,89,3.66
08/09/2023 16:59,28.76,3779,5219,64,3.32,0.02,9.79,89,3.66
08/09/2023 17:29,29.11,3779,5220,64,3.31,0.01,9.77,89,3.66
08/09/2023 17:59,29.21,3779,5220,64,3.31,0.01,9.79,89,3.66
08/09/2023 18:29,29.24,3777,5217,64,3.3,0.01,9.78,89,3.66
08/09/2023 19:00,28.98,3774,5213,64,2.8,1.03,10.05,84,3.66
08/09/2023 19:30,28.8,3771,5207,64,3.02,0.15,10.13,89,3.66
08/09/2023 20:00,28.41,3767,5201,64,2.95,0.09,9.59,89,3.66
08/09/2023 20:30,28.17,3764,5196,64,3.04,-0.09,9.63,89,3.66
08/09/2023 21:00,27.98,3762,5192,63,2.99,0.23,10.09,88,3.66
08/09/2023 21:30,27.61,3759,5187,63,2.58,0.15,9.96,89,3.66
08/09/2023 22:01,27.36,3755,5180,63,2.72,0.24,9.77,88,3.66
08/09/2023 22:31,26.86,3751,5174,63,2.86,0.17,9.87,89,3.66
08/09/2023 23:01,26.57,3748,5168,63,2.75,0,9.94,89,3.66
08/09/2023 23:31,26.27,3867,5325,64,3.3,-9.39,0.22,19,3.66
09/09/2023 00:01,25.75,3873,5331,64,2.72,-9.55,0.06,15,3.66
09/09/2023 00:31,25.47,3792,5221,63,1.47,-0.36,10.22,88,3.66
09/09/2023 01:01,25.09,3835,5279,64,2.94,-9.56,1.67,19,3.66
09/09/2023 01:32,24.98,3844,5290,64,2.51,-9.55,1.21,16,3.66
09/09/2023 02:02,24.9,3842,5288,64,2.51,-9.55,1.21,16,3.66
26/09/2024 13:57,26.5,4145,5790,75,-4.52,-8.22,2.19,31,3.59
26/09/2024 13:57,26.64,4052,5569,66,-2.25,-8.71,1.42,16,3.6
26/09/2024 13:57,26.79,4421,6021,68,2.44,-6.6,7.19,48,3.6
26/09/2024 13:57,26.96,3857,5355,68,8.42,-2.66,-4.16,74,3.6
26/09/2024 13:58,27.12,3840,5229,59,-8.08,-0.29,-4.07,88,3.6
26/09/2024 13:58,27.23,3880,5289,60,-2.42,-6.81,-0.98,21,3.6
26/09/2024 13:58,27.35,3978,5399,60,0.31,-9.89,0.09,1,3.6
26/09/2024 13:58,27.43,3979,5400,60,0.3,-9.9,0.08,1,3.6
26/09/2024 13:59,27.44,3979,5400,60,0.31,-9.89,0.07,1,3.6
26/09/2024 13:59,27.43,3976,5395,60,0.3,-9.88,0.08,1,3.6
26/09/2024 13:59,27.38,3967,5385,60,0.3,-9.88,0.08,1,3.6
26/09/2024 13:59,27.34,3960,5376,60,0.31,-9.89,0.09,1,3.6
26/09/2024 14:00,27.26,3955,5369,60,0.3,-9.89,0.08,1,3.6
26/09/2024 14:00,27.21,3945,5355,60,0.3,-9.88,0.1,1,3.6
26/09/2024 14:00,27.13,3938,5346,60,0.3,-9.89,0.07,1,3.6
26/09/2024 14:00,27.08,3931,5338,60,0.3,-9.89,0.09,1,3.6
26/09/2024 14:00,27.01,3926,5331,60,0.29,-9.89,0.09,1,3.6
26/09/2024 14:01,26.94,3921,5325,60,0.29,-9.88,0.08,1,3.6
26/09/2024 14:01,26.86,3915,5318,60,0.3,-9.89,0.08,1,3.6
26/09/2024 14:01,26.78,3909,5312,60,0.3,-9.89,0.08,1,3.6
26/09/2024 14:01,26.7,3904,5304,60,0.3,-9.88,0.08,1,3.6
26/09/2024 14:02,26.65,3897,5296,59,0.3,-9.89,0.08,1,3.6
26/09/2024 14:02,26.6,3892,5290,59,0.3,-9.88,0.09,1,3.6
26/09/2024 14:02,26.52,3887,5284,59,0.3,-9.89,0.08,1,3.6
26/09/2024 14:02,26.47,3883,5279,59,0.3,-9.89,0.09,1,3.6
26/09/2024 14:03,26.42,3877,5272,59,0.31,-9.89,0.09,1,3.6
26/09/2024 14:03,26.34,3872,5266,59,0.31,-9.89,0.09,1,3.6
26/09/2024 14:03,26.31,3868,5262,59,0.31,-9.89,0.08,1,3.6
26/09/2024 14:03,26.25,3864,5256,59,0.3,-9.89,0.08,1,3.6
26/09/2024 14:04,26.19,3858,5250,59,0.31,-9.88,0.09,1,3.6
26/09/2024 14:04,26.14,3853,5243,59,0.31,-9.89,0.08,1,3.59
26/09/2024 14:04,26.11,3849,5238,59,0.3,-9.88,0.08,1,3.6
26/09/2024 14:04,26.06,3845,5234,59,0.3,-9.88,0.08,1,3.6
26/09/2024 14:05,26.02,3841,5229,59,0.3,-9.88,0.08,1,3.6
26/09/2024 14:05,25.97,3837,5225,59,0.3,-9.88,0.08,1,3.6
26/09/2024 14:05,25.94,3834,5221,59,0.3,-9.88,0.07,1,3.6
26/09/2024 14:05,25.9,3831,5217,59,0.29,-9.88,0.09,1,3.6
26/09/2024 14:06,25.85,3828,5214,59,0.3,-9.88,0.08,1,3.6
26/09/2024 14:06,25.81,3825,5210,59,0.29,-9.87,0.07,1,3.6
26/09/2024 14:06,25.78,3821,5207,59,0.3,-9.88,0.07,1,3.6
26/09/2024 14:06,25.75,3819,5203,59,0.29,-9.88,0.08,1,3.6
26/09/2024 14:07,25.69,3816,5201,59,0.3,-9.87,0.1,1,3.6
26/09/2024 14:07,25.69,3814,5197,59,0.3,-9.89,0.09,1,3.6
26/09/2024 14:07,25.62,3811,5194,59,0.29,-9.88,0.06,1,3.59
26/09/2024 14:07,25.59,3809,5193,59,0.3,-9.88,0.09,1,3.6
26/09/2024 14:08,25.56,3807,5190,59,0.29,-9.88,0.08,1,3.6
26/09/2024 14:08,25.55,3805,5187,59,0.3,-9.88,0.09,1,3.6
26/09/2024 14:08,25.5,3803,5185,59,0.3,-9.88,0.08,1,3.6
26/09/2024 14:08,25.5,3800,5182,59,0.29,-9.88,0.08,1,3.6
26/09/2024 14:09,25.47,3798,5179,59,0.29,-9.88,0.08,1,3.6
26/09/2024 14:09,25.44,3797,5177,59,0.3,-9.88,0.09,1,3.59
26/09/2024 14:09,25.42,3794,5175,59,0.29,-9.88,0.1,1,3.59
26/09/2024 14:09,25.38,3793,5174,59,0.29,-9.88,0.07,1,3.6
26/09/2024 14:09,25.36,3791,5172,59,0.3,-9.88,0.09,1,3.6
26/09/2024 14:10,25.31,3790,5171,59,0.3,-9.88,0.08,1,3.59
26/09/2024 14:10,25.31,3788,5169,59,0.3,-9.88,0.1,1,3.59
26/09/2024 14:10,25.27,3787,5167,59,0.29,-9.87,0.09,1,3.59
26/09/2024 14:10,25.27,3785,5166,59,0.29,-9.88,0.09,1,3.59
26/09/2024 14:11,25.25,3784,5164,59,0.29,-9.87,0.08,1,3.59
26/09/2024 14:11,25.23,3783,5163,59,0.29,-9.88,0.08,1,3.59
26/09/2024 14:11,25.2,3782,5161,59,0.29,-9.89,0.08,1,3.59
26/09/2024 14:11,25.19,3781,5160,59,0.3,-9.88,0.08,1,3.59
26/09/2024 14:12,25.19,3779,5158,59,0.3,-9.87,0.08,1,3.59
26/09/2024 14:12,25.15,3778,5157,59,0.29,-9.88,0.07,1,3.59
26/09/2024 14:12,25.12,3777,5155,59,0.3,-9.88,0.08,1,3.59
26/09/2024 14:12,25.12,3775,5154,59,0.29,-9.87,0.09,1,3.59
26/09/2024 14:13,25.09,3775,5153,59,0.3,-9.88,0.08,1,3.6
26/09/2024 14:13,25.06,3773,5151,59,0.31,-9.87,0.08,1,3.59
26/09/2024 14:13,25.06,3772,5150,59,0.3,-9.87,0.08,1,3.59
26/09/2024 14:13,25.04,3771,5149,59,0.3,-9.88,0.08,1,3.59
26/09/2024 14:14,25.04,3770,5148,59,0.29,-9.88,0.09,1,3.59
26/09/2024 14:14,25.02,3769,5146,59,0.29,-9.88,0.09,1,3.59
26/09/2024 14:14,25,3768,5145,59,0.29,-9.88,0.06,1,3.6
26/09/2024 14:14,25,3767,5144,59,0.29,-9.87,0.09,1,3.59
26/09/2024 14:15,24.97,3766,5143,59,0.29,-9.88,0.1,1,3.59
26/09/2024 14:15,24.94,3766,5142,59,0.29,-9.88,0.09,1,3.59
26/09/2024 14:15,24.96,3765,5141,59,0.29,-9.88,0.09,1,3.59
26/09/2024 14:15,24.94,3737,5101,58,0.3,-9.93,0.16,1,3.59
26/09/2024 14:16,24.92,4178,6096,98,3.02,-2.01,-8.67,77,3.6
26/09/2024 14:16,24.88,4168,6039,94,3.36,-1.89,-9.11,78,3.59
26/09/2024 14:16,24.88,4186,6084,96,3.37,-1.88,-9.12,79,3.59
26/09/2024 14:16,24.88,4180,6060,94,3.36,-1.88,-9.12,79,3.59
26/09/2024 14:17,24.88,4184,6065,94,3.36,-1.89,-9.11,79,3.59
26/09/2024 14:17,24.83,4182,6052,93,3.36,-1.89,-9.12,78,3.59
26/09/2024 14:17,24.81,4153,5969,89,3.37,-1.88,-9.13,79,3.59
26/09/2024 14:17,24.79,4184,6054,93,3.37,-1.88,-9.11,79,3.59
26/09/2024 14:18,24.77,4202,6098,95,3.36,-1.88,-9.12,79,3.59
26/09/2024 14:18,24.75,4213,6126,96,3.37,-1.89,-9.12,78,3.59
26/09/2024 14:18,24.71,4209,6122,97,3.37,-1.88,-9.11,79,3.59
26/09/2024 14:18,24.69,4204,6116,97,3.37,-1.88,-9.12,79,3.59
26/09/2024 14:18,24.67,4200,6104,96,3.37,-1.88,-9.12,79,3.59
26/09/2024 14:19,24.62,4212,6134,97,3.35,-1.88,-9.11,79,3.59
26/09/2024 14:19,24.6,4220,6142,97,3.36,-1.88,-9.12,79,3.59
26/09/2024 14:19,24.58,4214,6123,96,3.37,-1.88,-9.1,79,3.59
26/09/2024 14:19,24.56,4221,6137,96,3.37,-1.88,-9.12,79,3.59
26/09/2024 14:20,24.52,4226,6149,97,3.35,-1.88,-9.11,79,3.59
26/09/2024 14:20,24.5,4233,6162,97,3.36,-1.88,-9.12,79,3.59
26/09/2024 14:20,24.47,4245,6188,98,3.36,-1.88,-9.12,79,3.59
26/09/2024 14:20,24.44,4258,6216,100,3.36,-1.88,-9.12,79,3.59
26/09/2024 14:21,24.41,4270,6236,100,3.37,-1.89,-9.13,79,3.59
26/09/2024 14:21,24.38,4278,6251,100,3.36,-1.88,-9.12,79,3.59
26/09/2024 14:21,24.36,4297,6292,102,3.36,-1.88,-9.11,79,3.59
26/09/2024 14:21,24.31,4332,6390,107,3.36,-1.89,-9.12,78,3.59
26/09/2024 14:22,24.31,4355,6450,110,3.36,-1.88,-9.12,79,3.59
26/09/2024 14:22,24.28,4423,6596,116,3.36,-1.88,-9.1,79,3.59
26/09/2024 14:22,24.25,4435,6622,117,3.36,-1.88,-9.12,79,3.59
26/09/2024 14:22,24.21,4399,6559,115,3.36,-1.87,-9.13,79,3.59
26/09/2024 14:23,24.19,4399,6547,114,3.37,-1.88,-9.12,79,3.59
26/09/2024 14:23,24.17,4344,6432,110,3.37,-1.88,-9.11,79,3.59
26/09/2024 14:23,24.15,4252,6241,102,3.36,-1.88,-9.12,79,3.59
26/09/2024 14:23,24.12,4243,6219,101,3.36,-1.88,-9.12,79,3.59
26/09/2024 14:24,24.09,4276,6309,106,3.36,-1.89,-9.12,78,3.59
26/09/2024 14:24,24.06,4280,6317,106,3.36,-1.88,-9.13,79,3.59
26/09/2024 14:24,24.05,4256,6248,103,3.36,-1.89,-9.11,78,3.59
26/09/2024 14:24,24.02,4267,6260,103,3.36,-1.88,-9.1,79,3.59
26/09/2024 14:25,24,4305,6345,106,3.36,-1.88,-9.12,79,3.59
26/09/2024 14:25,23.99,4277,6285,104,3.36,-1.89,-9.12,79,3.59
26/09/2024 14:25,23.94,4297,6337,106,3.36,-1.89,-9.12,79,3.59
26/09/2024 14:25,23.94,4376,6548,117,3.36,-1.88,-9.12,79,3.59
26/09/2024 14:26,23.91,4414,6650,122,3.37,-1.88,-9.13,79,3.59
26/09/2024 14:26,23.89,4336,6447,112,3.36,-1.88,-9.11,79,3.59
26/09/2024 14:26,23.88,4316,6398,110,3.37,-1.88,-9.12,79,3.59
26/09/2024 14:26,23.88,4350,6477,113,3.36,-1.87,-9.11,79,3.59
26/09/2024 14:27,23.83,4398,6599,119,3.36,-1.87,-9.11,79,3.59
26/09/2024 14:27,23.81,4388,6591,119,3.37,-1.88,-9.12,79,3.59
26/09/2024 14:27,23.81,4359,6543,118,3.36,-1.89,-9.12,79,3.59
26/09/2024 14:27,23.77,4216,6190,102,3.36,-1.88,-9.11,79,3.59
26/09/2024 14:27,23.75,4164,6055,95,3.37,-1.88,-9.12,79,3.59
26/09/2024 14:28,23.75,4194,6118,98,3.36,-1.87,-9.12,79,3.59
26/09/2024 14:28,23.72,4175,6075,96,3.36,-1.88,-9.11,79,3.59
26/09/2024 14:28,23.69,4219,6138,97,3.36,-1.87,-9.12,79,3.59
26/09/2024 14:28,23.69,4249,6199,99,3.36,-1.88,-9.1,79,3.59
26/09/2024 14:29,23.66,4237,6192,100,3.36,-1.88,-9.1,79,3.59
26/09/2024 14:29,23.67,4269,6267,103,3.37,-1.87,-9.1,79,3.59
26/09/2024 14:29,23.62,4234,6184,99,3.36,-1.87,-9.11,79,3.59
26/09/2024 14:29,23.62,4186,6068,94,3.35,-1.88,-9.12,79,3.59
26/09/2024 14:30,23.61,4157,6004,92,3.37,-1.89,-9.12,79,3.59
26/09/2024 14:30,23.59,4163,6024,93,3.36,-1.88,-9.11,79,3.59
26/09/2024 14:30,23.56,4124,5929,89,3.36,-1.88,-9.11,79,3.59
26/09/2024 14:30,23.56,4082,5833,85,3.37,-1.88,-9.11,79,3.59
26/09/2024 14:31,23.56,4082,5830,84,3.36,-1.88,-9.12,79,3.59
26/09/2024 14:31,23.55,4105,5879,86,3.36,-1.88,-9.12,79,3.59
26/09/2024 14:31,23.52,4105,5881,87,3.37,-1.88,-9.11,79,3.59
26/09/2024 14:31,23.5,4054,5782,83,3.36,-1.88,-9.11,79,3.59
26/09/2024 14:32,23.5,4084,5830,84,3.37,-1.88,-9.1,79,3.59
26/09/2024 14:32,23.5,4095,5865,86,3.36,-1.87,-9.11,79,3.59
26/09/2024 14:32,23.46,4022,5728,82,3.36,-1.88,-9.13,79,3.59
26/09/2024 14:32,23.46,4047,5764,83,3.35,-1.88,-9.12,79,3.59
26/09/2024 14:33,23.44,4062,5794,84,3.37,-1.88,-9.13,79,3.59
26/09/2024 14:33,23.44,4076,5817,84,3.37,-1.88,-9.12,79,3.59
26/09/2024 14:33,23.44,4090,5837,84,3.36,-1.87,-9.12,79,3.59
26/09/2024 14:33,23.42,4025,5734,82,3.37,-1.88,-9.11,79,3.59
26/09/2024 14:34,23.38,4099,5871,86,3.36,-1.88,-9.12,79,3.59
26/09/2024 14:34,23.38,4126,5935,89,3.36,-1.88,-9.12,79,3.59
26/09/2024 14:34,23.38,4128,5937,89,3.37,-1.88,-9.11,79,3.59
26/09/2024 14:34,23.38,4176,6043,93,3.36,-1.88,-9.12,79,3.59
26/09/2024 14:35,23.38,4231,6177,99,3.36,-1.87,-9.11,79,3.59
26/09/2024 14:35,23.37,4231,6208,102,3.36,-1.88,-9.11,79,3.59
26/09/2024 14:35,23.31,4213,6148,98,3.36,-1.88,-9.12,79,3.59
26/09/2024 14:35,23.34,4173,6052,94,4.12,-1.92,-8.91,78,3.59
26/09/2024 14:36,23.31,4041,5707,79,4.02,-1.91,-8.88,78,3.59
26/09/2024 14:36,23.31,4102,5844,84,4,-1.91,-8.86,78,3.59
26/09/2024 14:36,23.31,4097,5846,84,4.01,-1.91,-8.86,78,3.59
26/09/2024 14:36,23.3,4070,5798,83,4.02,-1.9,-8.87,78,3.59
26/09/2024 14:36,23.27,4055,5755,81,4.01,-1.9,-8.87,78,3.59
26/09/2024 14:37,23.27,4076,5798,82,4.01,-1.91,-8.87,78,3.59
26/09/2024 14:37,23.25,4077,5810,83,4,-1.91,-8.87,78,3.59
26/09/2024 14:37,23.25,4047,5737,80,4.01,-1.9,-8.88,78,3.59
26/09/2024 14:37,23.25,4041,5703,78,4.01,-1.9,-8.88,78,3.59
26/09/2024 14:38,23.25,4027,5684,78,3.99,-1.9,-8.87,78,3.59
26/09/2024 14:38,23.25,4136,5973,91,4.18,-1.85,-8.69,79,3.59
26/09/2024 14:38,23.21,4351,6271,95,8.97,0.5,-4.54,87,3.59
26/09/2024 14:38,23.22,4388,6317,95,9.07,0.5,-4.35,87,3.59
26/09/2024 14:39,23.21,4359,6285,96,9.07,0.5,-4.33,87,3.59
26/09/2024 14:39,23.21,4410,6414,101,9.06,0.5,-4.33,87,3.59
26/09/2024 14:39,23.19,4442,6500,105,9.07,0.5,-4.34,87,3.59
26/09/2024 14:39,23.19,4419,6436,102,9.06,0.5,-4.33,87,3.59
26/09/2024 14:40,23.19,4352,6250,93,9.08,0.51,-4.34,87,3.59
26/09/2024 14:40,23.19,4426,6370,96,9.07,0.49,-4.34,87,3.59
26/09/2024 14:40,23.19,4418,6345,95,9.08,0.49,-4.33,87,3.59
26/09/2024 14:40,23.14,4378,6322,97,9.08,0.51,-4.34,87,3.59
26/09/2024 14:41,23.15,4483,6553,106,9.08,0.51,-4.34,87,3.59
26/09/2024 14:41,23.12,4418,6439,102,9.07,0.51,-4.34,87,3.59
26/09/2024 14:41,23.12,4363,6305,97,9.06,0.51,-4.33,87,3.59
26/09/2024 14:41,23.12,4329,6229,94,9.07,0.51,-4.35,87,3.59
26/09/2024 14:42,23.12,4338,6255,95,9.07,0.5,-4.33,87,3.59
26/09/2024 14:42,23.12,4358,6292,96,9.07,0.5,-4.33,87,3.59
26/09/2024 14:42,23.1,4349,6272,95,9.07,0.5,-4.34,87,3.59
26/09/2024 14:42,23.12,4343,6257,95,9.07,0.51,-4.34,87,3.59
26/09/2024 14:43,23.09,4385,6340,97,9.07,0.51,-4.32,87,3.59
26/09/2024 14:43,23.09,4509,6585,106,9.07,0.51,-4.34,87,3.59
26/09/2024 14:43,23.06,4579,6755,113,9.07,0.51,-4.34,87,3.59
26/09/2024 14:43,23.06,4511,6588,106,9.07,0.5,-4.34,87,3.59
26/09/2024 14:44,23.06,4341,6198,90,9.07,0.51,-4.33,87,3.59
26/09/2024 14:44,23.06,4335,6169,88,9.08,0.51,-4.35,87,3.59
26/09/2024 14:44,23.06,4295,6103,86,9.07,0.5,-4.34,87,3.59
26/09/2024 14:44,23.06,4297,6120,88,9.07,0.51,-4.34,87,3.59
26/09/2024 14:45,23.06,4380,6282,93,9.07,0.51,-4.35,87,3.59
26/09/2024 14:45,23.06,4443,6461,102,9.08,0.51,-4.33,87,3.59
26/09/2024 14:45,23.06,4388,6372,100,9.08,0.51,-4.34,87,3.59
26/09/2024 14:45,23.04,4372,6290,94,9.07,0.51,-4.34,87,3.59
26/09/2024 14:45,23.02,4384,6286,93,9.07,0.49,-4.35,87,3.59
26/09/2024 14:46,23.03,4354,6244,92,9.07,0.51,-4.34,87,3.59
26/09/2024 14:46,23.02,4455,6466,101,9.07,0.51,-4.33,87,3.59
26/09/2024 14:46,23,4484,6531,104,9.06,0.5,-4.34,87,3.59
26/09/2024 14:46,23,4393,6329,96,9.07,0.51,-4.32,87,3.59
26/09/2024 14:47,23,4295,6144,90,9.08,0.52,-4.34,87,3.59
26/09/2024 14:47,23,4332,6237,94,9.07,0.5,-4.33,87,3.59
26/09/2024 14:47,23,4384,6366,100,9.07,0.5,-4.35,87,3.59
26/09/2024 14:47,23,4333,6245,94,9.07,0.5,-4.33,87,3.59
26/09/2024 14:48,23,4330,6225,93,9.07,0.51,-4.34,87,3.59
26/09/2024 14:48,23,4320,6247,96,9.08,0.5,-4.34,87,3.59
26/09/2024 14:48,23,4349,6327,100,9.08,0.51,-4.33,87,3.59
26/09/2024 14:48,22.98,4328,6268,97,9.08,0.51,-4.34,87,3.59
26/09/2024 14:49,23,4325,6248,96,9.07,0.51,-4.34,87,3.59
26/09/2024 14:49,23,4367,6336,99,9.07,0.5,-4.34,87,3.59
26/09/2024 14:49,23,4358,6311,98,9.06,0.51,-4.34,87,3.59
26/09/2024 14:49,22.98,4363,6325,98,9.07,0.51,-4.34,87,3.59
26/09/2024 14:50,22.98,4351,6286,96,9.07,0.5,-4.33,87,3.59
26/09/2024 14:50,22.96,4308,6173,91,9.06,0.51,-4.34,87,3.59
26/09/2024 14:50,22.96,4296,6132,89,9.07,0.5,-4.34,87,3.59
26/09/2024 14:50,22.94,4293,6123,88,9.07,0.5,-4.34,87,3.59
26/09/2024 14:51,22.94,4295,6128,89,9.07,0.51,-4.35,87,3.59
26/09/2024 14:51,22.94,4297,6133,89,9.07,0.51,-4.34,87,3.59
26/09/2024 14:51,22.94,4289,6114,88,9.08,0.5,-4.34,87,3.59
26/09/2024 14:51,22.94,4334,6184,89,9.08,0.51,-4.33,87,3.59
26/09/2024 14:52,22.94,4385,6264,91,9.07,0.5,-4.33,87,3.59
26/09/2024 14:52,22.94,4331,6165,88,9.07,0.51,-4.35,87,3.59
26/09/2024 14:52,22.94,4293,6116,88,9.07,0.5,-4.33,87,3.59
26/09/2024 14:52,22.94,4319,6191,91,9.07,0.5,-4.35,87,3.59
26/09/2024 14:53,22.94,4377,6344,99,9.07,0.5,-4.34,87,3.59
26/09/2024 14:53,22.94,4411,6432,103,9.08,0.5,-4.33,87,3.59
26/09/2024 14:53,22.94,4405,6418,102,9.07,0.51,-4.35,87,3.59
26/09/2024 14:53,22.94,4366,6329,98,9.07,0.5,-4.33,87,3.59
26/09/2024 14:54,22.94,4307,6192,93,9.07,0.51,-4.34,87,3.59
26/09/2024 14:54,22.94,4285,6147,91,9.07,0.5,-4.33,87,3.59
26/09/2024 14:54,22.94,4301,6187,93,9.07,0.51,-4.34,87,3.59
26/09/2024 14:54,22.94,4331,6244,95,9.08,0.5,-4.34,87,3.59
26/09/2024 14:54,22.94,4360,6276,94,9.07,0.51,-4.35,87,3.59
26/09/2024 14:55,22.94,4364,6275,94,9.08,0.5,-4.32,87,3.59
26/09/2024 14:55,22.94,4359,6269,94,9.07,0.51,-4.33,87,3.59
26/09/2024 14:55,22.94,4395,6349,97,9.06,0.5,-4.33,87,3.59
26/09/2024 14:55,22.94,4424,6430,101,9.07,0.5,-4.36,87,3.59
26/09/2024 14:56,22.94,4510,6607,108,9.07,0.5,-4.34,87,3.59
26/09/2024 14:56,22.91,4497,6613,110,9.07,0.51,-4.34,87,3.59
26/09/2024 14:56,22.94,4486,6590,109,9.08,0.51,-4.34,87,3.59
26/09/2024 14:56,22.94,4377,6356,100,9.08,0.5,-4.34,87,3.59
26/09/2024 14:57,22.94,4436,6457,102,9.08,0.5,-4.34,87,3.59
26/09/2024 14:57,22.92,4432,6452,102,9.07,0.51,-4.34,87,3.59
26/09/2024 14:57,22.93,4438,6446,101,9.06,0.51,-4.34,87,3.59
26/09/2024 14:57,22.92,4491,6563,106,9.06,0.51,-4.34,87,3.59
26/09/2024 14:58,22.91,4528,6664,111,9.07,0.51,-4.35,87,3.59
26/09/2024 14:58,22.91,4526,6675,112,9.07,0.51,-4.34,87,3.59
26/09/2024 14:58,22.92,4494,6604,109,9.06,0.51,-4.33,87,3.59
26/09/2024 14:58,22.9,4452,6475,102,9.07,0.51,-4.34,87,3.59
26/09/2024 14:59,22.9,4380,6290,93,9.08,0.51,-4.34,87,3.59
26/09/2024 14:59,22.91,4328,6157,88,9.07,0.51,-4.33,87,3.59
26/09/2024 14:59,22.91,4317,6135,87,9.06,0.51,-4.39,87,3.59
26/09/2024 14:59,22.9,4289,6042,82,9.05,0.51,-4.43,87,3.59
26/09/2024 15:00,22.91,4224,5964,82,8.82,0.56,-4.79,86,3.59
26/09/2024 15:00,22.94,4190,5896,80,8.82,0.57,-4.79,86,3.59
26/09/2024 15:00,22.92,4251,6011,83,8.82,0.57,-4.78,86,3.59
26/09/2024 15:00,22.93,4269,6037,84,8.82,0.57,-4.79,86,3.59
26/09/2024 15:01,22.9,4267,6040,84,8.83,0.58,-4.78,86,3.59
26/09/2024 15:01,22.93,4282,6077,86,8.83,0.56,-4.79,86,3.58
26/09/2024 15:01,22.89,4307,6123,87,8.83,0.57,-4.78,86,3.59
26/09/2024 15:01,22.9,4330,6167,88,8.83,0.56,-4.79,86,3.59
26/09/2024 15:02,22.9,4364,6243,91,8.81,0.56,-4.79,86,3.59
26/09/2024 15:02,22.9,4394,6308,94,8.82,0.56,-4.8,86,3.59
26/09/2024 15:02,22.91,4412,6346,95,8.82,0.56,-4.78,86,3.59
26/09/2024 15:02,22.89,4369,6256,92,8.81,0.57,-4.79,86,3.59
26/09/2024 15:03,22.94,4331,6173,89,8.82,0.57,-4.77,86,3.59
26/09/2024 15:03,22.91,4244,6020,84,8.82,0.57,-4.79,86,3.59
26/09/2024 15:03,22.89,4268,6085,88,8.83,0.56,-4.79,86,3.59
26/09/2024 15:03,22.91,4339,6249,94,8.82,0.56,-4.79,86,3.59
26/09/2024 15:03,22.92,4406,6394,100,8.82,0.56,-4.78,86,3.59
26/09/2024 15:04,22.9,4451,6469,102,8.82,0.57,-4.78,86,3.59
26/09/2024 15:04,22.9,4464,6489,102,8.83,0.57,-4.77,86,3.59
26/09/2024 15:04,22.91,4497,6577,106,8.82,0.58,-4.77,86,3.59
26/09/2024 15:04,22.91,4530,6664,111,8.82,0.57,-4.78,86,3.59
26/09/2024 15:05,22.92,4560,6755,115,8.82,0.57,-4.79,86,3.58
26/09/2024 15:05,22.9,4507,6632,110,8.82,0.56,-4.79,86,3.59
26/09/2024 15:05,22.9,4378,6310,96,8.82,0.57,-4.79,86,3.59
26/09/2024 15:05,22.94,4251,6023,84,8.81,0.57,-4.79,86,3.59
26/09/2024 15:06,22.91,4204,5938,82,8.82,0.56,-4.79,86,3.59
26/09/2024 15:06,22.92,4211,5962,83,8.82,0.57,-4.79,86,3.59
26/09/2024 15:06,22.94,4319,6169,90,8.81,0.56,-4.8,86,3.59
26/09/2024 15:06,22.91,4350,6250,93,8.81,0.58,-4.78,86,3.59
26/09/2024 15:07,22.92,4375,6308,96,8.82,0.57,-4.79,86,3.59
26/09/2024 15:07,22.93,4407,6396,100,8.83,0.56,-4.79,86,3.59
26/09/2024 15:07,22.94,4418,6432,102,8.82,0.58,-4.77,86,3.59
26/09/2024 15:07,22.94,4402,6416,102,8.82,0.57,-4.78,86,3.59
26/09/2024 15:08,22.94,4346,6294,97,8.83,0.57,-4.78,86,3.59
26/09/2024 15:08,22.92,4262,6108,90,8.81,0.57,-4.77,86,3.59
26/09/2024 15:08,22.93,4232,6019,86,8.83,0.56,-4.78,86,3.59
26/09/2024 15:08,22.94,4244,6040,86,8.81,0.58,-4.79,86,3.59
26/09/2024 15:09,22.94,4300,6138,89,8.82,0.56,-4.79,86,3.59
26/09/2024 15:09,22.91,4289,6115,88,8.82,0.57,-4.78,86,3.59
26/09/2024 15:09,22.94,4392,6313,94,8.82,0.57,-4.8,86,3.59
26/09/2024 15:09,22.91,4472,6519,104,8.82,0.57,-4.79,86,3.59
26/09/2024 15:10,22.94,4568,6776,116,8.82,0.57,-4.79,86,3.59
26/09/2024 15:10,22.92,4567,6783,117,8.81,0.57,-4.79,86,3.59
26/09/2024 15:10,22.93,4467,6529,105,8.82,0.56,-4.77,86,3.59
26/09/2024 15:10,22.94,4365,6273,94,8.82,0.57,-4.78,86,3.59
26/09/2024 15:11,22.94,4368,6286,95,8.82,0.57,-4.78,86,3.59
26/09/2024 15:11,22.94,4402,6373,99,8.82,0.58,-4.78,86,3.59
26/09/2024 15:11,22.94,4349,6284,96,8.82,0.56,-4.8,86,3.59
26/09/2024 15:11,22.94,4293,6156,91,8.82,0.57,-4.79,86,3.59
26/09/2024 15:12,22.94,4250,6050,86,8.83,0.56,-4.79,86,3.58
26/09/2024 15:12,22.94,4269,6073,87,8.82,0.56,-4.78,86,3.59
26/09/2024 15:12,22.94,4293,6105,87,8.82,0.57,-4.78,86,3.59
26/09/2024 15:12,22.94,4279,6072,85,8.81,0.57,-4.79,86,3.59
26/09/2024 15:12,22.94,4316,6154,88,8.83,0.56,-4.79,86,3.59
26/09/2024 15:13,22.94,4338,6207,91,8.82,0.57,-4.78,86,3.58
26/09/2024 15:13,22.94,4338,6207,91,8.83,0.57,-4.78,86,3.59
26/09/2024 15:13,22.94,4270,6011,81,8.82,0.57,-4.78,86,3.59
26/09/2024 15:13,22.94,4258,6013,83,7.75,0.62,-5.98,86,3.59
26/09/2024 15:14,22.94,4173,5899,81,3.72,0.69,-7.84,85,3.59
26/09/2024 15:14,22.94,4131,5893,85,-0.11,0.52,-9.77,86,3.59
26/09/2024 15:14,22.94,4103,5809,81,-0.11,0.52,-9.77,86,3.59
26/09/2024 15:14,22.94,4094,5752,77,-0.12,0.52,-9.78,86,3.59
26/09/2024 15:15,22.94,4040,5678,76,-0.12,0.52,-9.79,86,3.59
26/09/2024 15:15,22.94,4106,5892,87,-0.13,0.51,-9.76,86,3.59
26/09/2024 15:15,22.94,4145,5983,91,-0.13,0.52,-9.78,86,3.59
26/09/2024 15:15,22.94,4122,5921,88,-0.12,0.52,-9.77,86,3.59
26/09/2024 15:16,22.94,4136,5915,87,-0.12,0.51,-9.78,86,3.59
26/09/2024 15:16,22.94,4160,5956,87,-0.12,0.52,-9.78,86,3.59
26/09/2024 15:16,22.94,4188,6026,90,-0.12,0.51,-9.78,86,3.59
26/09/2024 15:16,22.94,4194,6063,93,-0.13,0.51,-9.78,87,3.58
26/09/2024 15:17,22.94,4226,6142,96,-0.13,0.52,-9.77,86,3.58
26/09/2024 15:17,22.94,4180,6048,93,-0.12,0.51,-9.78,87,3.59
26/09/2024 15:17,22.94,4143,5959,89,-0.12,0.52,-9.78,86,3.58
26/09/2024 15:17,22.94,4135,5945,89,-0.11,0.51,-9.78,87,3.59
26/09/2024 15:18,22.94,4178,6039,93,-0.12,0.52,-9.78,86,3.59
26/09/2024 15:18,22.94,4186,6071,95,-0.12,0.52,-9.77,86,3.59
26/09/2024 15:18,22.94,4207,6122,97,-0.11,0.52,-9.77,86,3.59
26/09/2024 15:18,22.94,4179,6038,92,-0.11,0.52,-9.77,86,3.59
26/09/2024 15:19,22.94,4155,5952,88,-0.12,0.52,-9.77,86,3.58
26/09/2024 15:19,22.94,4134,5900,85,-0.11,0.52,-9.79,86,3.59
26/09/2024 15:19,22.94,4140,5910,85,-0.11,0.51,-9.77,86,3.58
26/09/2024 15:19,22.94,4080,5816,84,-0.11,0.52,-9.78,86,3.58
26/09/2024 15:20,22.94,4171,5987,89,-0.12,0.52,-9.79,86,3.58
26/09/2024 15:20,22.94,4185,6024,91,-0.13,0.52,-9.78,86,3.58
26/09/2024 15:20,22.94,4139,5934,88,-0.12,0.51,-9.78,86,3.58
26/09/2024 15:20,22.94,4111,5879,86,-0.12,0.52,-9.78,86,3.58
26/09/2024 15:21,22.94,4121,5900,87,-0.12,0.51,-9.78,86,3.58
26/09/2024 15:21,22.94,4135,5912,86,-0.11,0.51,-9.77,86,3.58
26/09/2024 15:21,22.94,4140,5908,85,-0.12,0.52,-9.77,86,3.58
26/09/2024 15:21,22.94,4117,5865,84,-0.11,0.52,-9.79,86,3.58
26/09/2024 15:21,22.94,4122,5875,85,-0.12,0.52,-9.77,86,3.58
26/09/2024 15:22,22.94,4135,5910,86,-0.12,0.52,-9.78,86,3.58
26/09/2024 15:22,22.94,4191,6042,92,-0.11,0.51,-9.78,86,3.58
26/09/2024 15:22,22.94,4237,6151,96,-0.12,0.51,-9.78,86,3.58
26/09/2024 15:22,22.94,4262,6207,99,-0.13,0.52,-9.77,86,3.58
26/09/2024 15:23,22.91,4301,6309,103,-0.12,0.51,-9.77,87,3.58
26/09/2024 15:23,22.94,4336,6396,107,-0.12,0.52,-9.79,86,3.58
26/09/2024 15:23,22.92,4284,6275,102,-0.12,0.52,-9.77,86,3.58
26/09/2024 15:23,22.93,4198,6061,92,-0.12,0.51,-9.77,86,3.58
26/09/2024 15:24,22.94,4155,5961,88,-0.12,0.52,-9.77,86,3.58
26/09/2024 15:24,22.94,4121,5839,81,-2.71,0.48,-9.09,87,3.58
26/09/2024 15:24,22.94,4162,5949,87,-4.15,0.47,-8.7,87,3.58
26/09/2024 15:24,22.91,4192,6044,92,-4.15,0.46,-8.7,87,3.58
26/09/2024 15:25,22.91,4174,6002,90,-4.15,0.46,-8.7,87,3.58
26/09/2024 15:25,22.94,4137,5916,86,-4.15,0.46,-8.71,87,3.58
26/09/2024 15:25,22.94,4118,5857,83,-5.1,0.49,-8.26,87,3.58
26/09/2024 15:25,22.94,4136,5904,85,-7.42,0.42,-5.97,87,3.58
26/09/2024 15:26,22.91,4122,5810,79,-7.42,0.42,-5.96,87,3.58
26/09/2024 15:26,22.91,4140,5829,79,-7.42,0.42,-5.97,87,3.58
26/09/2024 15:26,22.94,4177,5980,88,-7.39,0.41,-5.92,87,3.58
26/09/2024 15:26,22.91,4158,5963,88,-7.42,0.41,-5.97,87,3.59
26/09/2024 15:27,22.88,4124,5888,85,-7.41,0.42,-5.95,87,3.58
26/09/2024 15:27,22.9,4122,5879,85,-7.42,0.43,-5.96,87,3.59
26/09/2024 15:27,22.9,4125,5891,86,-7.42,0.42,-5.97,87,3.59
26/09/2024 15:27,22.89,4164,5984,89,-7.41,0.41,-5.96,87,3.58
26/09/2024 15:28,22.9,4216,6105,94,-7.41,0.41,-5.96,87,3.58
26/09/2024 15:28,22.88,4215,6105,95,-7.41,0.42,-5.96,87,3.58
26/09/2024 15:28,22.9,4180,6025,91,-7.42,0.42,-5.97,87,3.58
26/09/2024 15:28,22.9,4150,5954,88,-7.41,0.42,-5.97,87,3.58
26/09/2024 15:29,22.88,4130,5911,87,-7.42,0.42,-5.97,87,3.58
26/09/2024 15:29,22.88,4134,5921,87,-7.41,0.42,-5.97,87,3.58
26/09/2024 15:29,22.88,4162,5983,90,-7.41,0.42,-5.97,87,3.58
26/09/2024 15:29,22.88,4197,6064,93,-7.42,0.41,-5.98,87,3.58
26/09/2024 15:30,22.88,4187,6043,92,-7.42,0.41,-5.97,87,3.58
26/09/2024 15:30,22.88,4157,5966,89,-7.42,0.42,-5.99,87,3.58
26/09/2024 15:30,22.88,4166,5980,89,-7.41,0.42,-5.98,87,3.58
26/09/2024 15:30,22.88,4189,6036,91,-7.41,0.43,-5.97,87,3.58
26/09/2024 15:30,22.88,4163,5990,90,-7.41,0.43,-5.96,87,3.58
26/09/2024 15:31,22.88,4123,5902,87,-7.42,0.43,-5.97,87,3.58
26/09/2024 15:31,22.88,4105,5861,85,-7.42,0.43,-5.97,87,3.58
26/09/2024 15:31,22.88,4108,5860,85,-7.41,0.42,-5.96,87,3.58
26/09/2024 15:31,22.88,4137,5905,86,-7.42,0.42,-5.98,87,3.58
26/09/2024 15:32,22.88,4166,5965,88,-7.42,0.42,-5.97,87,3.58
26/09/2024 15:32,22.88,4214,6076,92,-7.41,0.42,-5.97,87,3.58
26/09/2024 15:32,22.88,4229,6136,96,-7.42,0.43,-5.97,87,3.58
26/09/2024 15:32,22.88,4262,6218,100,-7.41,0.42,-5.97,87,3.58
26/09/2024 15:33,22.88,4276,6256,101,-7.41,0.43,-5.97,87,3.58
26/09/2024 15:33,22.88,4245,6186,98,-7.41,0.42,-5.96,87,3.58
26/09/2024 15:33,22.88,4171,6014,91,-7.42,0.42,-5.97,87,3.58
26/09/2024 15:33,22.88,4146,5956,89,-7.42,0.42,-5.96,87,3.58
26/09/2024 15:34,22.88,4153,5964,89,-7.41,0.42,-5.96,87,3.58
26/09/2024 15:34,22.88,4166,5982,89,-7.41,0.43,-5.97,87,3.58
26/09/2024 15:34,22.88,4170,5989,89,-7.42,0.42,-5.97,87,3.58
26/09/2024 15:34,22.88,4155,5964,89,-7.41,0.42,-5.97,87,3.58
26/09/2024 15:35,22.88,4152,5958,88,-7.42,0.43,-5.96,87,3.58
26/09/2024 15:35,22.88,4132,5913,87,-7.41,0.42,-5.97,87,3.58
26/09/2024 15:35,22.88,4134,5914,86,-7.42,0.43,-5.96,87,3.58
26/09/2024 15:35,22.88,4173,5991,89,-7.41,0.43,-5.97,87,3.58
26/09/2024 15:36,22.88,4200,6050,91,-7.4,0.43,-5.96,87,3.58
26/09/2024 15:36,22.88,4192,6029,90,-7.41,0.43,-5.96,87,3.58
26/09/2024 15:36,22.88,4162,5964,88,-7.41,0.43,-5.96,87,3.58
26/09/2024 15:36,22.85,4114,5870,85,-7.41,0.42,-5.97,87,3.58
26/09/2024 15:37,22.85,4088,5820,83,-7.41,0.42,-5.97,87,3.59
26/09/2024 15:37,22.85,4089,5821,83,-7.42,0.41,-5.96,87,3.58
26/09/2024 15:37,22.88,4090,5820,83,-7.41,0.42,-5.96,87,3.58
26/09/2024 15:37,22.88,4086,5810,83,-7.4,0.43,-5.96,87,3.58
26/09/2024 15:38,22.85,4075,5792,82,-7.41,0.42,-5.97,87,3.58
26/09/2024 15:38,22.86,4067,5778,82,-7.41,0.43,-5.96,87,3.58
26/09/2024 15:38,22.86,4064,5773,82,-7.41,0.43,-5.97,87,3.58
26/09/2024 15:38,22.81,4067,5781,82,-7.41,0.42,-5.97,87,3.58
26/09/2024 15:39,22.84,4070,5785,82,-7.41,0.42,-5.96,87,3.58
26/09/2024 15:39,22.81,4075,5789,82,-7.41,0.43,-5.95,87,3.58
26/09/2024 15:39,22.84,4080,5797,82,-7.41,0.42,-5.96,87,3.58
26/09/2024 15:39,22.84,4095,5835,84,-7.42,0.41,-5.97,87,3.58
26/09/2024 15:39,22.83,4111,5869,85,-7.42,0.41,-5.95,87,3.58
26/09/2024 15:40,22.81,4120,5887,86,-7.42,0.42,-5.96,87,3.58
26/09/2024 15:40,22.81,4140,5930,87,-7.41,0.42,-5.97,87,3.58
26/09/2024 15:40,22.81,4146,5947,88,-7.41,0.43,-5.96,87,3.58
26/09/2024 15:40,22.84,4137,5923,87,-7.41,0.42,-5.97,87,3.58
26/09/2024 15:41,22.81,4126,5889,85,-7.41,0.43,-5.96,87,3.58
26/09/2024 15:41,22.84,4159,5940,86,-7.42,0.42,-5.96,87,3.58
26/09/2024 15:41,22.81,4149,5929,86,-7.4,0.42,-5.96,87,3.58
26/09/2024 15:41,22.81,4151,5938,87,-7.41,0.42,-5.96,87,3.58
26/09/2024 15:42,22.81,4152,5940,87,-7.41,0.42,-5.97,87,3.58
26/09/2024 15:42,22.81,4161,5961,88,-7.41,0.42,-5.97,87,3.58
26/09/2024 15:42,22.81,4171,5983,89,-7.41,0.42,-5.96,87,3.58
26/09/2024 15:42,22.81,4152,5951,88,-7.42,0.43,-5.97,87,3.58
26/09/2024 15:43,22.81,4127,5908,87,-7.41,0.42,-5.96,87,3.58
26/09/2024 15:43,22.81,4107,5863,85,-7.42,0.41,-5.98,87,3.58
26/09/2024 15:43,22.81,4085,5817,83,-7.41,0.42,-5.96,87,3.58
26/09/2024 15:43,22.81,4073,5791,82,-7.42,0.42,-5.97,87,3.58
26/09/2024 15:44,22.81,4069,5782,82,-7.41,0.41,-5.96,87,3.58
26/09/2024 15:44,22.81,4068,5782,82,-7.41,0.42,-5.98,87,3.58
26/09/2024 15:44,22.81,4079,5803,83,-7.42,0.42,-5.97,87,3.58
26/09/2024 15:44,22.81,4089,5827,84,-7.41,0.42,-5.95,87,3.58
26/09/2024 15:45,22.81,4107,5862,85,-7.4,0.43,-5.96,87,3.58
26/09/2024 15:45,22.81,4118,5892,86,-7.42,0.42,-5.95,87,3.58
26/09/2024 15:45,22.81,4139,5942,88,-7.41,0.42,-5.97,87,3.58
26/09/2024 15:45,22.81,4143,5955,89,-7.41,0.42,-5.97,87,3.58
26/09/2024 15:46,22.81,4138,5945,89,-7.41,0.42,-5.95,87,3.58
26/09/2024 15:46,22.81,4136,5944,89,-7.41,0.42,-5.97,87,3.58
26/09/2024 15:46,22.81,4096,5802,81,-7.42,0.45,-5.45,87,3.58
26/09/2024 15:46,22.81,4042,5653,74,-1.21,-0.79,-8.19,84,3.58
26/09/2024 15:47,22.81,3943,5448,67,-2.49,-5.17,-2.65,35,3.58
26/09/2024 15:47,22.81,3865,5203,55,0.67,-9.85,-0.06,3,3.58
26/09/2024 15:47,22.81,3866,5204,55,0.68,-9.85,-0.07,3,3.58
26/09/2024 15:47,22.81,3958,5333,57,0.65,-9.85,-0.09,3,3.58
26/09/2024 15:48,22.81,3557,4739,47,0.43,-9.86,-0.12,2,3.58
26/09/2024 15:48,22.81,3704,4963,51,0.45,-9.86,-0.13,2,3.58
26/09/2024 15:48,22.81,3797,5107,54,0.46,-9.85,-0.14,2,3.58
26/09/2024 15:48,22.78,3876,5228,56,0.45,-9.86,-0.14,2,3.58
26/09/2024 15:48,22.75,3931,5312,58,0.45,-9.85,-0.12,2,3.58
26/09/2024 15:49,22.75,3998,5414,60,0.45,-9.87,-0.13,2,3.58
26/09/2024 15:49,22.75,4073,5527,62,0.44,-9.86,-0.12,2,3.58
26/09/2024 15:49,22.75,4154,5647,64,0.44,-9.85,-0.12,2,3.58
26/09/2024 15:49,22.72,4248,5789,66,0.44,-9.86,-0.13,2,3.58
26/09/2024 15:50,22.69,4356,5952,69,0.44,-9.84,-0.12,2,3.58
26/09/2024 15:50,22.69,4479,6134,72,0.44,-9.86,-0.12,2,3.58
26/09/2024 15:50,22.69,4613,6336,76,0.44,-9.84,-0.12,2,3.58
26/09/2024 15:50,22.69,4764,6562,79,0.44,-9.85,-0.14,2,3.58
26/09/2024 15:51,22.68,4930,6812,84,0.45,-9.86,-0.13,2,3.58
26/09/2024 15:51,22.67,5119,7097,89,0.43,-9.86,-0.12,2,3.58
26/09/2024 15:51,22.62,5332,7417,95,0.43,-9.86,-0.14,2,3.58
26/09/2024 15:51,22.62,5570,7776,101,0.44,-9.86,-0.12,2,3.58
26/09/2024 15:52,22.62,5840,8182,108,0.43,-9.86,-0.13,2,3.58
26/09/2024 15:52,22.62,6137,8637,117,0.44,-9.85,-0.13,2,3.58
26/09/2024 15:52,22.62,6479,9158,127,0.44,-9.86,-0.13,2,3.58
26/09/2024 15:52,22.62,6843,9716,138,0.43,-9.85,-0.13,2,3.58
26/09/2024 15:53,22.62,7213,10276,148,0.43,-9.85,-0.13,2,3.58
26/09/2024 15:53,22.62,7567,10809,158,0.43,-9.85,-0.13,2,3.58
26/09/2024 15:53,22.59,7922,11339,167,0.44,-9.86,-0.12,2,3.58
26/09/2024 15:53,22.59,8296,11891,176,0.44,-9.86,-0.12,2,3.58
26/09/2024 15:54,22.56,8660,12427,185,0.43,-9.85,-0.12,2,3.58
26/09/2024 15:54,22.56,9047,12990,194,0.42,-9.86,-0.12,2,3.58
26/09/2024 15:54,22.56,9412,13516,202,0.42,-9.86,-0.12,2,3.58
26/09/2024 15:54,22.56,9720,13958,209,0.43,-9.85,-0.13,2,3.58
26/09/2024 15:55,22.56,10011,14366,214,0.43,-9.85,-0.11,2,3.58
26/09/2024 15:55,22.56,10180,14601,217,0.44,-9.86,-0.14,2,3.58
26/09/2024 15:55,22.56,10457,14992,223,0.43,-9.85,-0.11,2,3.58
26/09/2024 15:55,22.56,10743,15400,229,0.44,-9.86,-0.13,2,3.58
26/09/2024 15:56,22.56,11037,15828,236,0.42,-9.85,-0.13,2,3.58
26/09/2024 15:56,22.56,11147,16007,240,0.43,-9.85,-0.13,2,3.58
26/09/2024 15:56,22.56,11280,16212,244,0.43,-9.86,-0.12,2,3.58
26/09/2024 15:56,22.56,11438,16456,249,0.43,-9.85,-0.13,2,3.58
26/09/2024 15:57,22.56,10709,15472,238,0.42,-9.86,-0.13,2,3.58
26/09/2024 15:57,22.54,10712,15488,239,0.42,-9.86,-0.12,2,3.58
26/09/2024 15:57,22.52,10327,14935,231,0.43,-9.85,-0.12,2,3.58
26/09/2024 15:57,22.52,10331,14942,231,0.42,-9.86,-0.13,2,3.58
26/09/2024 15:57,22.52,10321,14922,231,0.42,-9.85,-0.12,2,3.58
26/09/2024 15:58,22.5,10212,14754,227,0.42,-9.85,-0.13,2,3.58
26/09/2024 15:58,22.52,10057,14523,223,0.43,-9.86,-0.12,2,3.58
26/09/2024 15:58,22.5,9800,14144,217,0.43,-9.86,-0.13,2,3.58
26/09/2024 15:58,22.5,9702,13989,213,0.42,-9.85,-0.13,2,3.58
26/09/2024 15:59,22.5,9481,13650,207,0.41,-9.85,-0.13,2,3.58
26/09/2024 15:59,22.5,9100,13078,196,0.42,-9.85,-0.13,2,3.58
26/09/2024 15:59,22.5,8790,12609,188,0.42,-9.85,-0.14,2,3.58
26/09/2024 15:59,22.5,8540,12231,181,0.42,-9.85,-0.13,2,3.58
26/09/2024 16:00,22.5,8218,11742,172,0.43,-9.85,-0.12,2,3.58
26/09/2024 16:00,22.5,7950,11331,164,0.42,-9.86,-0.12,2,3.58
26/09/2024 16:00,22.5,7548,10724,153,0.43,-9.86,-0.14,2,3.58
26/09/2024 16:00,22.5,7243,10265,144,0.42,-9.86,-0.13,2,3.58
26/09/2024 16:01,22.5,6965,9849,137,0.42,-9.85,-0.12,2,3.58
26/09/2024 16:01,22.49,6692,9441,130,0.42,-9.85,-0.12,2,3.58
26/09/2024 16:01,22.49,6404,9011,122,0.42,-9.86,-0.13,2,3.58
26/09/2024 16:01,22.48,6072,8512,113,0.42,-9.85,-0.13,2,3.58
26/09/2024 16:02,22.49,5787,8077,105,0.39,-9.9,-0.14,2,3.58
26/09/2024 16:02,22.5,6578,8853,94,2.86,-7.26,-3.12,30,3.58
26/09/2024 16:02,22.46,3916,5437,69,2.4,-2.52,-9.29,75,3.58
26/09/2024 16:02,22.49,3938,5529,74,3.18,0.26,-9.38,88,3.58
26/09/2024 16:03,22.46,3917,5452,70,3.18,0.26,-9.38,88,3.58
26/09/2024 16:03,22.44,3909,5416,67,3.18,0.26,-9.37,88,3.58
26/09/2024 16:03,22.44,3940,5546,75,3.17,0.25,-9.37,88,3.58
26/09/2024 16:03,22.44,3942,5549,75,3.18,0.26,-9.37,88,3.58
26/09/2024 16:04,22.44,3947,5558,75,3.17,0.26,-9.37,88,3.58
26/09/2024 16:04,22.44,3950,5565,76,3.17,0.26,-9.37,88,3.58
26/09/2024 16:04,22.44,3950,5563,75,3.18,0.25,-9.38,88,3.58
26/09/2024 16:04,22.44,3952,5569,76,3.17,0.26,-9.38,88,3.58
26/09/2024 16:05,22.42,3952,5571,76,3.18,0.26,-9.37,88,3.58
26/09/2024 16:05,22.43,3952,5573,76,3.18,0.26,-9.37,88,3.58
26/09/2024 16:05,22.44,3953,5574,76,3.18,0.26,-9.36,88,3.58
26/09/2024 16:05,22.41,3956,5583,77,3.18,0.26,-9.37,88,3.58
26/09/2024 16:06,22.39,3961,5597,77,3.17,0.26,-9.38,88,3.58
26/09/2024 16:06,22.4,3967,5612,78,3.17,0.26,-9.37,88,3.58
26/09/2024 16:06,22.4,3971,5620,78,3.17,0.26,-9.38,88,3.58
26/09/2024 16:06,22.38,3975,5630,79,3.17,0.27,-9.38,88,3.58
26/09/2024 16:06,22.38,3976,5631,78,3.17,0.25,-9.38,88,3.58
26/09/2024 16:07,22.38,3968,5606,77,3.16,0.27,-9.38,88,3.58
26/09/2024 16:07,22.38,3967,5600,77,3.18,0.26,-9.37,88,3.58
26/09/2024 16:07,22.38,3973,5615,77,3.18,0.26,-9.38,88,3.58
26/09/2024 16:07,22.38,3972,5610,77,3.17,0.26,-9.37,88,3.58
26/09/2024 16:08,22.38,3970,5601,77,3.19,0.25,-9.36,88,3.58
26/09/2024 16:08,22.38,3967,5589,76,3.17,0.25,-9.38,88,3.58
26/09/2024 16:08,22.38,3965,5579,75,3.18,0.26,-9.38,88,3.58
26/09/2024 16:08,22.38,3965,5574,75,3.18,0.26,-9.38,88,3.58
26/09/2024 16:09,22.38,3967,5576,75,3.17,0.27,-9.36,88,3.58
26/09/2024 16:09,22.38,3970,5580,75,3.18,0.26,-9.38,88,3.58
26/09/2024 16:09,22.38,3973,5587,75,3.18,0.26,-9.37,88,3.58
26/09/2024 16:09,22.38,3978,5596,76,3.17,0.26,-9.38,88,3.58
26/09/2024 16:10,22.38,3982,5605,76,3.18,0.25,-9.38,88,3.58
26/09/2024 16:10,22.38,3985,5613,76,3.18,0.25,-9.38,88,3.58
26/09/2024 16:10,22.38,3989,5621,77,3.17,0.27,-9.37,88,3.58
26/09/2024 16:10,22.38,3993,5628,77,3.17,0.26,-9.37,88,3.58
26/09/2024 16:11,22.35,3996,5633,77,3.17,0.26,-9.37,88,3.58
26/09/2024 16:11,22.35,3998,5637,77,3.17,0.25,-9.37,88,3.58
26/09/2024 16:11,22.33,3999,5640,77,3.17,0.26,-9.37,88,3.58
26/09/2024 16:11,22.37,4000,5641,77,3.17,0.26,-9.37,88,3.58
26/09/2024 16:12,22.35,4000,5641,77,3.17,0.25,-9.35,88,3.58
26/09/2024 16:12,22.34,4000,5642,77,3.18,0.26,-9.37,88,3.58
26/09/2024 16:12,22.34,4001,5643,77,3.17,0.27,-9.38,88,3.58
26/09/2024 16:12,22.33,4002,5644,77,3.17,0.26,-9.37,88,3.58
26/09/2024 16:13,22.34,4003,5648,77,3.17,0.26,-9.38,88,3.58
26/09/2024 16:13,22.31,4005,5654,78,3.16,0.26,-9.38,88,3.58
26/09/2024 16:13,22.31,4007,5659,78,3.17,0.26,-9.37,88,3.58
26/09/2024 16:13,22.34,4007,5658,78,3.17,0.26,-9.37,88,3.58
26/09/2024 16:14,22.31,4004,5651,77,3.17,0.26,-9.37,88,3.58
26/09/2024 16:14,22.31,4002,5646,77,3.18,0.26,-9.38,88,3.58
26/09/2024 16:14,22.31,4001,5643,77,3.17,0.26,-9.37,88,3.58
26/09/2024 16:14,22.34,4000,5639,77,3.18,0.27,-9.37,88,3.58
26/09/2024 16:15,22.31,3999,5636,77,3.17,0.25,-9.37,88,3.58
26/09/2024 16:15,22.31,3998,5634,77,3.17,0.26,-9.38,88,3.58
26/09/2024 16:15,22.31,3998,5633,77,3.17,0.25,-9.37,88,3.58
26/09/2024 16:15,22.31,3998,5635,77,3.16,0.25,-9.38,88,3.58
26/09/2024 16:15,22.31,3998,5636,77,3.17,0.26,-9.36,88,3.58
26/09/2024 16:16,22.31,3998,5637,77,3.17,0.26,-9.37,88,3.58
26/09/2024 16:16,22.31,3998,5638,77,3.17,0.25,-9.37,88,3.58
26/09/2024 16:16,22.31,3997,5638,77,3.17,0.26,-9.38,88,3.58
26/09/2024 16:16,22.31,3996,5636,77,3.17,0.27,-9.39,88,3.58
26/09/2024 16:17,22.31,3995,5634,77,3.18,0.25,-9.38,88,3.58
26/09/2024 16:17,22.31,3994,5631,77,3.17,0.26,-9.38,88,3.58
26/09/2024 16:17,22.31,3993,5630,77,3.17,0.26,-9.38,88,3.58
26/09/2024 16:17,22.31,3992,5629,77,3.18,0.27,-9.37,88,3.58
26/09/2024 16:18,22.31,3992,5629,77,3.17,0.26,-9.36,88,3.58
26/09/2024 16:18,22.31,3993,5632,77,3.17,0.26,-9.38,88,3.58
26/09/2024 16:18,22.31,3995,5638,77,3.17,0.26,-9.37,88,3.58
26/09/2024 16:18,22.31,3999,5650,78,3.17,0.26,-9.38,88,3.58
26/09/2024 16:19,22.31,4004,5665,79,3.17,0.26,-9.37,88,3.58
26/09/2024 16:19,22.31,4011,5685,80,3.17,0.26,-9.37,88,3.58
26/09/2024 16:19,22.31,4017,5703,81,3.17,0.26,-9.39,88,3.58
26/09/2024 16:19,22.31,4022,5715,81,3.19,0.27,-9.37,88,3.58
26/09/2024 16:20,22.31,4022,5715,81,3.17,0.26,-9.37,88,3.58
26/09/2024 16:20,22.31,4020,5706,80,3.18,0.26,-9.37,88,3.58
26/09/2024 16:20,22.31,4016,5694,80,3.18,0.26,-9.38,88,3.58
26/09/2024 16:20,22.31,4011,5681,79,3.17,0.26,-9.38,88,3.58
26/09/2024 16:21,22.31,4007,5669,79,3.18,0.26,-9.39,88,3.58
26/09/2024 16:21,22.31,4003,5659,78,3.17,0.26,-9.38,88,3.58
26/09/2024 16:21,22.31,4002,5653,78,3.18,0.26,-9.36,88,3.58
26/09/2024 16:21,22.31,4001,5651,78,3.17,0.26,-9.38,88,3.58
26/09/2024 16:22,22.31,4000,5648,78,3.17,0.26,-9.37,88,3.58
26/09/2024 16:22,22.31,3999,5647,78,3.17,0.26,-9.37,88,3.58
26/09/2024 16:22,22.31,3999,5646,78,3.18,0.26,-9.38,88,3.58
26/09/2024 16:22,22.31,4000,5649,78,3.17,0.27,-9.37,88,3.58
26/09/2024 16:23,22.31,4002,5656,78,3.17,0.26,-9.38,88,3.58
26/09/2024 16:23,22.31,4004,5660,78,3.17,0.26,-9.38,88,3.58
26/09/2024 16:23,22.31,4006,5664,79,3.17,0.25,-9.38,88,3.58
26/09/2024 16:23,22.31,4009,5674,79,3.16,0.26,-9.37,88,3.58
26/09/2024 16:24,22.31,4014,5688,80,3.18,0.26,-9.38,88,3.58
26/09/2024 16:24,22.31,4021,5705,80,3.17,0.26,-9.38,88,3.58
26/09/2024 16:24,22.31,4035,5739,82,3.17,0.26,-9.37,88,3.58
26/09/2024 16:24,22.31,4047,5768,83,3.18,0.27,-9.38,88,3.58
26/09/2024 16:24,22.31,4047,5766,83,3.16,0.25,-9.37,88,3.58
26/09/2024 16:25,22.31,4044,5755,82,3.17,0.26,-9.38,88,3.58
26/09/2024 16:25,22.31,4045,5753,82,3.17,0.26,-9.38,88,3.58
26/09/2024 16:25,22.31,4047,5754,82,3.18,0.26,-9.37,88,3.58
26/09/2024 16:25,22.31,4049,5755,82,3.17,0.26,-9.37,88,3.58
26/09/2024 16:26,22.31,4053,5760,82,3.17,0.26,-9.38,88,3.58
26/09/2024 16:26,22.31,4056,5765,82,3.17,0.26,-9.37,88,3.58
26/09/2024 16:26,22.31,4059,5768,82,3.18,0.26,-9.37,88,3.58
26/09/2024 16:26,22.31,4062,5772,82,3.18,0.26,-9.38,88,3.58
26/09/2024 16:27,22.31,4063,5772,82,3.17,0.26,-9.37,88,3.58
26/09/2024 16:27,22.31,4067,5779,82,3.17,0.26,-9.37,88,3.58
26/09/2024 16:27,22.31,4073,5790,82,3.17,0.26,-9.37,88,3.58
26/09/2024 16:27,22.31,4080,5803,83,3.18,0.25,-9.38,88,3.58
26/09/2024 16:28,22.31,4085,5809,82,3.17,0.26,-9.37,88,3.58
26/09/2024 16:28,22.31,4034,5635,73,3.17,0.25,-9.37,88,3.58
26/09/2024 16:28,22.31,4069,5731,78,3.04,0.28,-9.61,88,3.58
26/09/2024 16:28,22.31,4040,5661,75,1.92,0.24,-9.54,88,3.58
26/09/2024 16:29,22.31,4111,5848,83,2.28,0.28,-9.61,88,3.58
26/09/2024 16:29,22.31,4115,5832,82,2.28,0.28,-9.62,88,3.58
26/09/2024 16:29,22.31,4127,5869,83,2.26,0.27,-9.61,88,3.58
26/09/2024 16:29,22.31,4164,5982,89,2.28,0.28,-9.61,88,3.58
26/09/2024 16:30,22.31,4185,6043,92,2.26,0.28,-9.62,88,3.58
26/09/2024 16:30,22.31,4201,6081,94,2.28,0.28,-9.61,88,3.58
26/09/2024 16:30,22.31,4214,6116,96,2.28,0.28,-9.61,88,3.58
26/09/2024 16:30,22.31,4206,6047,91,2.27,0.29,-9.62,88,3.58
26/09/2024 16:31,22.31,4232,6128,95,2.27,0.28,-9.62,88,3.58
26/09/2024 16:31,22.31,4268,6249,102,2.28,0.28,-9.62,88,3.58
26/09/2024 16:31,22.31,4292,6308,104,2.27,0.29,-9.61,88,3.58
26/09/2024 16:31,22.31,4314,6364,107,2.27,0.28,-9.61,88,3.58
26/09/2024 16:32,22.31,4336,6420,110,2.27,0.28,-9.62,88,3.58
26/09/2024 16:32,22.31,4356,6471,112,2.28,0.28,-9.61,88,3.58
26/09/2024 16:32,22.31,4373,6516,114,2.27,0.28,-9.61,88,3.58
26/09/2024 16:32,22.31,4387,6549,116,2.27,0.28,-9.61,88,3.58
26/09/2024 16:33,22.34,4395,6571,117,2.28,0.29,-9.62,88,3.58
26/09/2024 16:33,22.34,4395,6577,117,2.27,0.28,-9.6,88,3.58
26/09/2024 16:33,22.31,4390,6568,117,2.26,0.29,-9.62,88,3.58
26/09/2024 16:33,22.31,4382,6551,116,2.26,0.27,-9.62,88,3.58
26/09/2024 16:33,22.31,4373,6531,115,2.27,0.28,-9.61,88,3.58
26/09/2024 16:34,22.31,4360,6502,114,2.27,0.28,-9.62,88,3.58
26/09/2024 16:34,22.31,4336,6451,112,2.27,0.28,-9.6,88,3.58
26/09/2024 16:34,22.31,4315,6400,110,2.28,0.28,-9.62,88,3.58
26/09/2024 16:34,22.31,4297,6353,108,2.28,0.28,-9.61,88,3.58
26/09/2024 16:35,22.31,4268,6287,105,2.28,0.27,-9.62,88,3.58
26/09/2024 16:35,22.31,4241,6224,102,2.28,0.27,-9.61,88,3.58
26/09/2024 16:35,22.31,4231,6194,101,2.29,0.28,-9.61,88,3.58
26/09/2024 16:35,22.31,4216,6155,99,2.27,0.28,-9.62,88,3.58
26/09/2024 16:36,22.31,4201,6121,97,2.28,0.29,-9.61,88,3.58
26/09/2024 16:36,22.31,4190,6094,96,2.28,0.28,-9.61,88,3.58
26/09/2024 16:36,22.31,4183,6076,95,2.29,0.28,-9.61,88,3.58
26/09/2024 16:36,22.31,4182,6071,95,2.28,0.28,-9.61,88,3.58
26/09/2024 16:37,22.31,4185,6074,95,2.27,0.28,-9.62,88,3.58
26/09/2024 16:37,22.31,4197,6090,95,2.28,0.27,-9.61,88,3.58
26/09/2024 16:37,22.31,4208,6110,96,2.28,0.28,-9.61,88,3.58
26/09/2024 16:37,22.31,4218,6131,97,2.28,0.28,-9.62,88,3.58
26/09/2024 16:38,22.31,4216,6131,97,2.28,0.29,-9.61,88,3.58
26/09/2024 16:38,22.31,4207,6119,97,2.29,0.27,-9.61,88,3.58
26/09/2024 16:38,22.34,4198,6107,97,2.27,0.28,-9.61,88,3.58
26/09/2024 16:38,22.31,4200,6115,97,2.28,0.29,-9.62,88,3.58
26/09/2024 16:39,22.34,4205,6132,98,2.28,0.28,-9.62,88,3.58
26/09/2024 16:39,22.34,4216,6161,99,2.27,0.29,-9.62,88,3.58
26/09/2024 16:39,22.31,4229,6197,101,2.28,0.28,-9.61,88,3.58
26/09/2024 16:39,22.34,4238,6226,103,2.27,0.28,-9.62,88,3.58
26/09/2024 16:40,22.31,4239,6232,103,2.27,0.28,-9.62,88,3.58
26/09/2024 16:40,22.31,4227,6206,102,2.28,0.29,-9.6,88,3.58
26/09/2024 16:40,22.32,4205,6155,100,2.28,0.29,-9.61,88,3.58
26/09/2024 16:40,22.33,4178,6089,97,2.28,0.28,-9.63,88,3.58
26/09/2024 16:41,22.31,4150,6022,94,2.28,0.28,-9.61,88,3.58
26/09/2024 16:41,22.31,4121,5952,91,2.27,0.28,-9.61,88,3.58
26/09/2024 16:41,22.31,4093,5886,88,2.27,0.29,-9.61,88,3.58
26/09/2024 16:41,22.34,4069,5828,86,2.28,0.28,-9.6,88,3.58
26/09/2024 16:42,22.31,4051,5787,84,2.28,0.28,-9.6,88,3.58
26/09/2024 16:42,22.31,4040,5760,83,2.27,0.29,-9.62,88,3.58
26/09/2024 16:42,22.31,4032,5741,82,2.28,0.28,-9.61,88,3.58
26/09/2024 16:42,22.34,4027,5726,81,2.28,0.28,-9.63,88,3.58
26/09/2024 16:42,22.31,4018,5687,79,2.27,0.28,-9.62,88,3.58
26/09/2024 16:43,22.31,3988,5635,78,-9.26,0.55,2.15,86,3.58
26/09/2024 16:43,22.31,4003,5690,81,-9.31,0.56,2.46,86,3.58
26/09/2024 16:43,22.34,4004,5690,81,-9.31,0.57,2.45,86,3.58
26/09/2024 16:43,22.34,4007,5696,81,-9.31,0.57,2.46,86,3.58
26/09/2024 16:44,22.32,3992,5625,76,-9.31,0.58,2.46,86,3.58
26/09/2024 16:44,22.33,4012,5703,81,-9.31,0.57,2.45,86,3.58
26/09/2024 16:44,22.31,3988,5613,76,-9.3,0.57,2.46,86,3.58
26/09/2024 16:44,22.31,3978,5577,74,-9.31,0.57,2.46,86,3.58
26/09/2024 16:45,22.31,3973,5497,68,-9.31,0.57,2.46,86,3.58
26/09/2024 16:45,22.34,4029,5741,82,-9.31,0.56,2.46,86,3.58
26/09/2024 16:45,22.31,4018,5718,81,-9.3,0.56,2.44,86,3.58
26/09/2024 16:45,22.31,4005,5687,80,-9.31,0.56,2.46,86,3.58
26/09/2024 16:46,22.31,3989,5652,79,-9.3,0.57,2.46,86,3.58
26/09/2024 16:46,22.31,3975,5623,78,-9.31,0.58,2.46,86,3.58
26/09/2024 16:46,22.31,3967,5606,77,-9.31,0.56,2.46,86,3.58
26/09/2024 16:46,22.31,3962,5593,77,-9.31,0.56,2.45,86,3.58
26/09/2024 16:47,22.31,3958,5585,77,-9.31,0.56,2.45,86,3.58
26/09/2024 16:47,22.31,3955,5580,76,-9.31,0.56,2.46,86,3.58
26/09/2024 16:47,22.31,3953,5577,76,-9.3,0.57,2.45,86,3.58
26/09/2024 16:47,22.31,3953,5576,76,-9.3,0.57,2.45,86,3.58
26/09/2024 16:48,22.31,3951,5572,76,-9.31,0.57,2.46,86,3.58
26/09/2024 16:48,22.31,3949,5570,76,-9.3,0.57,2.46,86,3.58
26/09/2024 16:48,22.31,3949,5568,76,-9.31,0.56,2.45,86,3.58
26/09/2024 16:48,22.31,3948,5567,76,-9.31,0.56,2.45,86,3.58
26/09/2024 16:49,22.31,3948,5566,76,-9.3,0.56,2.46,86,3.58
26/09/2024 16:49,22.31,3947,5566,76,-9.3,0.57,2.45,86,3.58
26/09/2024 16:49,22.31,3947,5564,76,-9.3,0.57,2.46,86,3.58
26/09/2024 16:49,22.31,3946,5563,76,-9.3,0.57,2.45,86,3.58
26/09/2024 16:50,22.31,3945,5561,76,-9.3,0.57,2.45,86,3.58
26/09/2024 16:50,22.29,3944,5561,76,-9.3,0.57,2.46,86,3.58
26/09/2024 16:50,22.31,3944,5560,76,-9.31,0.57,2.44,86,3.58
26/09/2024 16:50,22.31,3943,5558,76,-9.3,0.56,2.44,86,3.58
26/09/2024 16:51,22.27,3943,5557,76,-9.31,0.56,2.44,86,3.58
26/09/2024 16:51,22.27,3942,5556,76,-9.32,0.58,2.45,86,3.58
26/09/2024 16:51,22.27,3943,5557,76,-9.3,0.57,2.46,86,3.58
26/09/2024 16:51,22.27,3942,5556,76,-9.31,0.57,2.45,86,3.58
26/09/2024 16:51,22.28,3943,5556,76,-9.31,0.57,2.45,86,3.58
26/09/2024 16:52,22.29,3943,5555,76,-9.31,0.57,2.46,86,3.58
26/09/2024 16:52,22.25,3943,5554,75,-9.3,0.58,2.45,86,3.58
26/09/2024 16:52,22.25,3942,5552,75,-9.31,0.57,2.45,86,3.58
26/09/2024 16:52,22.25,3942,5550,75,-9.31,0.57,2.46,86,3.58
26/09/2024 16:53,22.25,3941,5549,75,-9.31,0.57,2.46,86,3.58
26/09/2024 16:53,22.25,3940,5548,75,-9.31,0.57,2.46,86,3.58
26/09/2024 16:53,22.25,3940,5548,75,-9.3,0.56,2.45,86,3.58
26/09/2024 16:53,22.25,3940,5548,75,-9.32,0.56,2.45,86,3.58
26/09/2024 16:54,22.25,3940,5549,75,-9.31,0.57,2.45,86,3.58
26/09/2024 16:54,22.25,3940,5549,75,-9.32,0.57,2.43,86,3.58
26/09/2024 16:54,22.25,3940,5550,75,-9.3,0.57,2.45,86,3.58
26/09/2024 16:54,22.25,3940,5550,75,-9.3,0.57,2.45,86,3.58
26/09/2024 16:55,22.25,3940,5550,75,-9.32,0.56,2.45,86,3.58
26/09/2024 16:55,22.25,3939,5548,75,-9.31,0.57,2.46,86,3.58
26/09/2024 16:55,22.25,3938,5547,75,-9.31,0.57,2.46,86,3.58
26/09/2024 16:55,22.25,3937,5545,75,-9.3,0.57,2.45,86,3.58
26/09/2024 16:56,22.25,3936,5544,75,-9.31,0.57,2.45,86,3.58
26/09/2024 16:56,22.25,3936,5544,75,-9.31,0.57,2.46,86,3.58
26/09/2024 16:56,22.25,3936,5544,75,-9.31,0.57,2.47,86,3.58
26/09/2024 16:56,22.25,3933,5527,74,-9.31,0.57,2.45,86,3.58
26/09/2024 16:57,22.25,3919,5472,71,-9.31,0.56,2.46,86,3.58
26/09/2024 16:57,22.25,3897,5361,64,-8.1,0.62,5.39,86,3.58
26/09/2024 16:57,22.25,3907,5398,66,-7.97,0.62,5.65,86,3.58
26/09/2024 16:57,22.25,3907,5400,66,-7.96,0.63,5.66,86,3.58
26/09/2024 16:58,22.25,3906,5397,66,-7.96,0.62,5.65,86,3.58
26/09/2024 16:58,22.25,3923,5472,70,-7.96,0.62,5.65,86,3.58
26/09/2024 16:58,22.25,3934,5518,73,-7.96,0.62,5.64,86,3.58
26/09/2024 16:58,22.25,3934,5517,73,-7.95,0.61,5.64,86,3.58
26/09/2024 16:59,22.25,3933,5516,73,-7.95,0.62,5.64,86,3.58
26/09/2024 16:59,22.25,3933,5516,73,-7.96,0.62,5.64,86,3.58
26/09/2024 16:59,22.25,3933,5516,73,-7.97,0.62,5.66,86,3.58
26/09/2024 16:59,22.25,3933,5516,73,-7.97,0.63,5.65,86,3.58
26/09/2024 17:00,22.25,3933,5516,73,-7.96,0.62,5.63,86,3.58
26/09/2024 17:00,22.25,3933,5516,73,-7.95,0.63,5.65,86,3.58
26/09/2024 17:00,22.25,3932,5516,73,-7.96,0.62,5.64,86,3.58
26/09/2024 17:00,22.25,3932,5515,73,-7.96,0.62,5.66,86,3.58
26/09/2024 17:00,22.25,3932,5515,73,-7.95,0.63,5.63,86,3.58
26/09/2024 17:01,22.25,3932,5514,73,-7.96,0.62,5.63,86,3.58
26/09/2024 17:01,22.25,3932,5514,73,-7.97,0.61,5.65,86,3.58
26/09/2024 17:01,22.25,3932,5514,73,-7.96,0.62,5.64,86,3.58
26/09/2024 17:01,22.25,3932,5514,73,-7.95,0.63,5.65,86,3.58
26/09/2024 17:02,22.25,3932,5514,73,-7.96,0.63,5.65,86,3.58
26/09/2024 17:02,22.25,3932,5514,73,-7.96,0.61,5.64,86,3.58
26/09/2024 17:02,22.25,3932,5514,73,-7.96,0.62,5.63,86,3.58
26/09/2024 17:02,22.25,3932,5514,73,-7.96,0.62,5.65,86,3.58
26/09/2024 17:03,22.25,3932,5514,73,-7.97,0.62,5.64,86,3.58
26/09/2024 17:03,22.25,3932,5514,73,-7.95,0.62,5.64,86,3.58
26/09/2024 17:03,22.25,3932,5514,73,-7.95,0.62,5.64,86,3.58
26/09/2024 17:03,22.25,3932,5514,73,-7.96,0.62,5.64,86,3.58
26/09/2024 17:04,22.25,3931,5514,73,-7.95,0.62,5.63,86,3.58
26/09/2024 17:04,22.25,3931,5513,73,-7.96,0.62,5.63,86,3.58
26/09/2024 17:04,22.25,3931,5513,73,-7.96,0.61,5.63,86,3.58
26/09/2024 17:04,22.25,3931,5513,73,-7.97,0.62,5.65,86,3.58
26/09/2024 17:05,22.25,3931,5512,73,-7.95,0.62,5.65,86,3.58
26/09/2024 17:05,22.25,3931,5511,73,-7.96,0.62,5.64,86,3.58
26/09/2024 17:05,22.25,3931,5511,73,-7.96,0.61,5.64,86,3.58
26/09/2024 17:05,22.25,3931,5513,73,-7.96,0.62,5.65,86,3.58
26/09/2024 17:06,22.25,3931,5512,73,-7.96,0.63,5.64,86,3.58
26/09/2024 17:06,22.25,3931,5512,73,-7.96,0.62,5.64,86,3.58
26/09/2024 17:06,22.25,3931,5512,73,-7.96,0.62,5.64,86,3.58
26/09/2024 17:06,22.27,3931,5512,73,-7.95,0.62,5.64,86,3.58
26/09/2024 17:07,22.29,3931,5512,73,-7.96,0.62,5.64,86,3.58
26/09/2024 17:07,22.26,3931,5512,73,-7.96,0.62,5.64,86,3.58
26/09/2024 17:07,22.27,3930,5512,73,-7.95,0.62,5.63,86,3.58
26/09/2024 17:07,22.28,3930,5511,73,-7.96,0.61,5.63,86,3.58
26/09/2024 17:08,22.29,3930,5511,73,-7.96,0.62,5.64,86,3.58
26/09/2024 17:08,22.27,3930,5511,73,-7.95,0.62,5.65,86,3.58
26/09/2024 17:08,22.27,3930,5511,73,-7.96,0.61,5.63,86,3.58
26/09/2024 17:08,22.27,3930,5511,73,-7.95,0.61,5.64,86,3.58
26/09/2024 17:09,22.28,3930,5512,73,-7.96,0.62,5.65,86,3.58
26/09/2024 17:09,22.31,3921,5471,71,-7.95,0.61,5.65,86,3.58
26/09/2024 17:09,22.29,3897,5369,65,-7.99,0.64,5.78,86,3.58
26/09/2024 17:09,22.31,3928,5499,72,-7.96,0.62,5.64,86,3.58
26/09/2024 17:09,22.3,3919,5461,70,-7.95,0.61,5.65,86,3.58
26/09/2024 17:10,22.31,3908,5410,67,-7.95,0.61,5.64,86,3.58
26/09/2024 17:10,22.31,3906,5401,67,-7.95,0.62,5.66,86,3.58
26/09/2024 17:10,22.31,3891,5376,66,-7.96,0.61,5.65,86,3.58
26/09/2024 17:10,22.31,3900,5429,69,-7.95,0.61,5.64,86,3.58
26/09/2024 17:11,22.31,3870,5302,62,-7.95,0.62,5.65,86,3.58
26/09/2024 17:11,22.31,3908,5465,72,-7.96,0.61,5.64,86,3.58
26/09/2024 17:11,22.31,3907,5465,72,-7.95,0.62,5.66,86,3.58
26/09/2024 17:11,22.31,3907,5464,72,-7.95,0.61,5.65,86,3.58
26/09/2024 17:12,22.31,3908,5464,71,-7.95,0.62,5.67,86,3.58
26/09/2024 17:12,22.31,3908,5464,72,-7.95,0.62,5.66,86,3.58
26/09/2024 17:12,22.31,3908,5464,72,-7.96,0.62,5.64,86,3.58
26/09/2024 17:12,22.31,3908,5465,72,-7.95,0.62,5.65,86,3.58
26/09/2024 17:13,22.31,3908,5465,72,-7.96,0.62,5.65,86,3.58
26/09/2024 17:13,22.31,3908,5465,71,-7.96,0.62,5.65,86,3.58
26/09/2024 17:13,22.31,3909,5465,72,-7.95,0.61,5.65,86,3.58
26/09/2024 17:13,22.34,3908,5463,71,-7.95,0.63,5.65,86,3.58
26/09/2024 17:14,22.31,3908,5463,71,-7.95,0.62,5.64,86,3.58
26/09/2024 17:14,22.31,3908,5462,71,-7.95,0.62,5.64,86,3.58
26/09/2024 17:14,22.31,3907,5461,71,-7.95,0.62,5.66,86,3.58
26/09/2024 17:14,22.31,3907,5461,71,-7.95,0.63,5.64,86,3.58
26/09/2024 17:15,22.34,3907,5460,71,-7.96,0.62,5.67,86,3.58
26/09/2024 17:15,22.31,3908,5460,71,-7.95,0.62,5.64,86,3.58
26/09/2024 17:15,22.31,3908,5460,71,-7.95,0.62,5.63,86,3.58
26/09/2024 17:15,22.34,3908,5461,71,-7.96,0.62,5.65,86,3.58
26/09/2024 17:16,22.33,3908,5461,71,-7.96,0.63,5.65,86,3.58
26/09/2024 17:16,22.34,3908,5462,71,-7.95,0.62,5.65,86,3.58
26/09/2024 17:16,22.38,3908,5461,71,-7.94,0.63,5.64,86,3.58
26/09/2024 17:16,22.36,3908,5462,71,-7.95,0.62,5.65,86,3.58
26/09/2024 17:17,22.31,3907,5461,71,-7.95,0.62,5.65,86,3.58
26/09/2024 17:17,22.34,3907,5460,71,-7.96,0.61,5.64,86,3.58
26/09/2024 17:17,22.36,3907,5460,71,-7.95,0.62,5.64,86,3.58
26/09/2024 17:17,22.36,3906,5459,71,-7.96,0.62,5.66,86,3.58
26/09/2024 17:18,22.36,3906,5458,71,-7.96,0.62,5.65,86,3.58
26/09/2024 17:18,22.37,3906,5458,71,-7.96,0.62,5.63,86,3.58
26/09/2024 17:18,22.38,3906,5457,71,-7.95,0.61,5.65,86,3.58
26/09/2024 17:18,22.38,3906,5456,71,-7.95,0.62,5.65,86,3.58
26/09/2024 17:18,22.38,3905,5455,71,-7.95,0.62,5.65,86,3.58
26/09/2024 17:19,22.38,3905,5455,71,-7.95,0.62,5.64,86,3.58
26/09/2024 17:19,22.38,3905,5455,71,-7.95,0.62,5.64,86,3.58
26/09/2024 17:19,22.38,3905,5454,71,-7.95,0.62,5.65,86,3.58
26/09/2024 17:19,22.38,3905,5454,71,-7.95,0.62,5.65,86,3.58
26/09/2024 17:20,22.38,3905,5454,71,-7.95,0.62,5.64,86,3.58
26/09/2024 17:20,22.38,3905,5454,71,-7.94,0.62,5.65,86,3.58
26/09/2024 17:20,22.38,3905,5454,71,-7.94,0.62,5.64,86,3.58
26/09/2024 17:20,22.38,3905,5454,71,-7.95,0.61,5.65,86,3.58
26/09/2024 17:21,22.38,3905,5454,71,-7.96,0.62,5.65,86,3.58
26/09/2024 17:21,22.38,3906,5455,71,-7.95,0.62,5.65,86,3.58
26/09/2024 17:21,22.38,3906,5455,71,-7.96,0.62,5.65,86,3.58
26/09/2024 17:21,22.38,3907,5456,71,-7.95,0.62,5.65,86,3.58
26/09/2024 17:22,22.38,3907,5457,71,-7.94,0.62,5.65,86,3.58
26/09/2024 17:22,22.38,3907,5458,71,-7.95,0.62,5.67,86,3.58
26/09/2024 17:22,22.38,3909,5460,71,-7.95,0.62,5.65,86,3.58
26/09/2024 17:22,22.38,3909,5462,71,-7.95,0.61,5.65,86,3.58
26/09/2024 17:23,22.38,3910,5462,71,-7.96,0.61,5.64,86,3.58
26/09/2024 17:23,22.38,3818,5184,58,-7.11,0.51,6.21,86,3.58
26/09/2024 17:23,22.38,3794,5116,55,-1.29,-8.17,1.57,13,3.58
26/09/2024 17:23,22.38,3792,5099,54,0.04,-9.84,-0.2,1,3.58
26/09/2024 17:24,22.38,3906,5256,56,0.06,-9.83,-0.13,0,3.58
26/09/2024 17:24,22.38,3862,5180,54,0.1,-9.84,-0.23,1,3.58
26/09/2024 17:24,22.38,3883,5203,54,0.11,-9.85,-0.24,1,3.58
26/09/2024 17:24,22.38,3901,5223,54,0.1,-9.85,-0.23,1,3.58
26/09/2024 17:25,22.38,3917,5237,53,0.1,-9.84,-0.24,1,3.58
26/09/2024 17:25,22.38,3955,5277,53,0.1,-9.85,-0.24,1,3.58
26/09/2024 17:25,22.35,4003,5327,53,0.1,-9.84,-0.24,1,3.58
26/09/2024 17:25,22.31,4061,5387,52,0.1,-9.84,-0.24,1,3.58
26/09/2024 17:26,22.31,4066,5391,52,0.1,-9.85,-0.23,1,3.58
26/09/2024 17:26,22.31,3976,5294,53,0.1,-9.85,-0.23,1,3.58
26/09/2024 17:26,22.31,3889,5203,53,0.1,-9.84,-0.25,1,3.58
26/09/2024 17:26,22.31,3863,5176,54,0.11,-9.85,-0.24,1,3.58
26/09/2024 17:27,22.31,3847,5159,54,0.11,-9.85,-0.23,1,3.58
26/09/2024 17:27,22.29,3834,5144,54,0.11,-9.84,-0.24,1,3.58
26/09/2024 17:27,22.29,3821,5131,54,0.1,-9.83,-0.24,1,3.58
26/09/2024 17:27,22.27,3814,5123,54,0.11,-9.84,-0.23,1,3.58
26/09/2024 17:27,22.25,3809,5118,54,0.1,-9.84,-0.24,1,3.58
26/09/2024 17:28,22.25,3799,5106,54,0.11,-9.85,-0.24,1,3.58
26/09/2024 17:28,22.25,3779,5085,54,0.1,-9.85,-0.25,1,3.58
26/09/2024 17:28,22.25,3772,5077,54,0.1,-9.85,-0.24,1,3.58
26/09/2024 17:28,22.25,3766,5070,54,0.09,-9.85,-0.24,1,3.58
26/09/2024 17:29,22.25,3761,5065,54,0.1,-9.85,-0.25,1,3.58
26/09/2024 17:29,22.25,3757,5061,54,0.1,-9.84,-0.25,1,3.58
26/09/2024 17:29,22.25,3755,5059,54,0.1,-9.84,-0.24,1,3.58
26/09/2024 17:29,22.23,3755,5058,54,0.09,-9.85,-0.22,1,3.58
26/09/2024 17:30,22.21,3759,5063,54,0.1,-9.85,-0.24,1,3.58
26/09/2024 17:30,22.21,3755,5058,54,0.1,-9.84,-0.24,1,3.58
26/09/2024 17:30,22.19,3752,5056,54,0.1,-9.85,-0.23,1,3.58
26/09/2024 17:30,22.21,3753,5057,54,0.1,-9.85,-0.24,1,3.58
26/09/2024 17:31,22.19,3753,5058,54,0.09,-9.85,-0.25,1,3.58
26/09/2024 17:31,22.19,3754,5059,54,0.09,-9.84,-0.24,1,3.58
26/09/2024 17:31,22.19,3754,5058,54,0.1,-9.85,-0.25,1,3.58
26/09/2024 17:31,22.19,3754,5058,54,0.1,-9.85,-0.24,1,3.58
26/09/2024 17:32,22.19,3754,5058,54,0.1,-9.85,-0.25,1,3.58
26/09/2024 17:32,22.19,3754,5059,54,0.1,-9.84,-0.24,1,3.58
26/09/2024 17:32,22.19,3755,5059,54,0.1,-9.85,-0.23,1,3.58
26/09/2024 17:32,22.19,3755,5060,54,0.1,-9.85,-0.24,1,3.58
26/09/2024 17:33,22.19,3754,5059,54,0.1,-9.85,-0.24,1,3.58
26/09/2024 17:33,22.19,3754,5059,54,0.09,-9.85,-0.23,1,3.58
26/09/2024 17:33,22.19,3754,5058,54,0.1,-9.85,-0.23,1,3.58
26/09/2024 17:33,22.19,3754,5058,54,0.1,-9.85,-0.24,1,3.58
26/09/2024 17:34,22.19,3753,5058,54,0.1,-9.84,-0.23,1,3.58
26/09/2024 17:34,22.19,3754,5058,54,0.1,-9.85,-0.24,1,3.58
26/09/2024 17:34,22.19,3754,5058,54,0.09,-9.86,-0.23,1,3.58
26/09/2024 17:34,22.19,3754,5058,54,0.11,-9.85,-0.23,1,3.58
26/09/2024 17:35,22.19,3777,5090,54,0.19,-9.85,0.01,1,3.58
26/09/2024 17:35,22.19,3608,4864,52,10.03,-1.46,-0.19,81,3.58
26/09/2024 17:35,22.19,3937,5453,68,10.07,-1.58,-0.63,81,3.58
26/09/2024 17:35,22.19,4029,5556,68,9.87,0.71,-2.11,85,3.58
26/09/2024 17:36,22.19,4027,5549,67,9.86,0.71,-2.11,85,3.58
26/09/2024 17:36,22.19,4026,5551,67,9.87,0.71,-2.09,85,3.58
26/09/2024 17:36,22.18,4027,5555,68,9.87,0.7,-2.11,86,3.58
26/09/2024 17:36,22.12,4025,5551,68,9.87,0.71,-2.1,85,3.58
26/09/2024 17:36,22.16,4025,5551,68,9.87,0.7,-2.11,86,3.58
26/09/2024 17:37,22.14,4022,5546,67,9.87,0.7,-2.1,86,3.58
26/09/2024 17:37,22.15,4024,5547,67,9.87,0.7,-2.11,86,3.58
26/09/2024 17:37,22.15,4022,5544,67,9.87,0.71,-2.1,85,3.58
26/09/2024 17:37,22.15,4023,5546,67,9.88,0.7,-2.1,86,3.58
26/09/2024 17:38,22.12,4021,5542,67,9.87,0.71,-2.1,85,3.58
26/09/2024 17:38,22.12,4022,5544,67,9.87,0.71,-2.1,85,3.58
26/09/2024 17:38,22.12,4022,5544,67,9.87,0.71,-2.1,85,3.58
26/09/2024 17:38,22.12,4022,5544,67,9.87,0.71,-2.11,86,3.58
26/09/2024 17:39,22.12,4023,5544,67,9.86,0.71,-2.1,85,3.58
26/09/2024 17:39,22.12,4024,5546,67,9.87,0.71,-2.1,85,3.58
26/09/2024 17:39,22.12,4023,5545,67,9.87,0.7,-2.09,86,3.58
26/09/2024 17:39,22.12,4025,5548,67,9.88,0.71,-2.1,86,3.58
26/09/2024 17:40,22.12,4023,5546,67,9.88,0.7,-2.11,86,3.58
26/09/2024 17:40,22.12,4024,5547,67,9.88,0.7,-2.1,86,3.58
26/09/2024 17:40,22.12,4024,5548,67,9.87,0.7,-2.1,86,3.58
26/09/2024 17:40,22.12,4023,5547,67,9.88,0.71,-2.1,85,3.58
26/09/2024 17:41,22.12,4023,5547,67,9.87,0.7,-2.1,86,3.58
26/09/2024 17:41,22.12,4023,5546,67,9.88,0.71,-2.09,85,3.58
26/09/2024 17:41,22.12,4022,5544,67,9.87,0.71,-2.11,85,3.58
26/09/2024 17:41,22.12,4022,5545,67,9.86,0.7,-2.1,86,3.58
26/09/2024 17:42,22.12,4019,5541,67,9.87,0.71,-2.09,85,3.58
26/09/2024 17:42,22.12,4021,5544,67,9.87,0.71,-2.09,85,3.58
26/09/2024 17:42,22.12,4020,5542,67,9.88,0.71,-2.1,85,3.58
26/09/2024 17:42,22.12,4020,5542,67,9.88,0.7,-2.09,86,3.58
26/09/2024 17:43,22.12,4021,5543,67,9.87,0.7,-2.1,86,3.58
26/09/2024 17:43,22.12,4019,5540,67,9.86,0.71,-2.11,85,3.58
26/09/2024 17:43,22.12,4019,5541,67,9.87,0.71,-2.09,85,3.58
26/09/2024 17:43,22.12,4021,5542,67,9.87,0.71,-2.1,85,3.58
26/09/2024 17:44,22.12,4019,5539,67,9.88,0.7,-2.1,86,3.58
26/09/2024 17:44,22.12,4021,5542,67,9.89,0.71,-2.1,85,3.58
26/09/2024 17:44,22.12,4021,5543,67,9.87,0.7,-2.11,86,3.58
26/09/2024 17:44,22.12,4022,5544,67,9.87,0.71,-2.1,85,3.58
26/09/2024 17:45,22.12,4021,5542,67,9.87,0.71,-2.1,86,3.58
26/09/2024 17:45,22.12,4023,5544,67,9.89,0.7,-2.1,86,3.58
26/09/2024 17:45,22.12,4022,5544,67,9.88,0.71,-2.09,85,3.58
26/09/2024 17:45,22.12,4022,5543,67,9.87,0.7,-2.1,86,3.58
26/09/2024 17:45,22.12,4023,5545,67,9.86,0.71,-2.09,85,3.58
26/09/2024 17:46,22.12,4022,5542,67,9.87,0.71,-2.09,85,3.58
26/09/2024 17:46,22.12,4022,5543,67,9.87,0.7,-2.1,86,3.58
26/09/2024 17:46,22.12,4022,5542,67,9.86,0.71,-2.1,85,3.58
26/09/2024 17:46,22.12,4022,5542,67,9.88,0.7,-2.11,86,3.58
26/09/2024 17:47,22.12,4021,5540,67,9.88,0.71,-2.07,85,3.58
26/09/2024 17:47,22.12,4026,5533,66,9.9,0.55,-2.04,86,3.58
26/09/2024 17:47,22.12,4035,5554,67,9.19,0.37,-4.09,87,3.58
26/09/2024 17:47,22.12,4036,5556,67,9.19,0.36,-4.09,87,3.58
26/09/2024 17:48,22.12,4013,5459,62,9.19,0.37,-4.09,87,3.58
26/09/2024 17:48,22.12,4008,5439,61,9.19,0.37,-4.1,87,3.58
26/09/2024 17:48,22.12,4016,5473,62,9.2,0.37,-4.1,87,3.58
26/09/2024 17:48,22.12,4035,5545,66,9.19,0.36,-4.1,87,3.58
26/09/2024 17:49,22.15,4026,5512,64,9.2,0.35,-4.09,88,3.58
26/09/2024 17:49,22.12,4031,5535,66,9.33,0.4,-4.04,87,3.58
26/09/2024 17:49,22.12,3966,5519,70,1.43,0.76,9.6,85,3.58
26/09/2024 17:49,22.15,3963,5522,71,0.61,0.73,10.21,85,3.58
26/09/2024 17:50,22.12,3964,5522,71,0.61,0.72,10.21,85,3.58
26/09/2024 17:50,22.15,3963,5522,71,0.61,0.73,10.21,85,3.58
26/09/2024 17:50,22.12,3962,5518,71,0.62,0.72,10.21,85,3.58
26/09/2024 17:50,22.15,3963,5521,71,0.61,0.73,10.22,85,3.58
26/09/2024 17:51,22.15,3956,5489,69,0.62,0.73,10.21,85,3.58
26/09/2024 17:51,22.15,3964,5521,71,0.62,0.72,10.22,85,3.58
26/09/2024 17:51,22.16,3964,5521,71,0.62,0.72,10.22,85,3.58
26/09/2024 17:51,22.17,3964,5522,71,0.62,0.73,10.22,85,3.58
26/09/2024 17:52,22.17,3964,5523,71,0.63,0.72,10.21,85,3.58
26/09/2024 17:52,22.15,3965,5523,71,0.63,0.72,10.2,85,3.58
26/09/2024 17:52,22.15,3964,5523,71,0.62,0.72,10.21,85,3.58
26/09/2024 17:52,22.15,3965,5523,71,0.62,0.72,10.21,85,3.58
26/09/2024 17:53,22.15,3964,5522,71,0.63,0.72,10.22,85,3.58
26/09/2024 17:53,22.12,3964,5523,71,0.62,0.73,10.22,85,3.58
26/09/2024 17:53,22.13,3964,5522,71,0.62,0.72,10.21,85,3.58
26/09/2024 17:53,22.17,3964,5521,71,0.62,0.73,10.22,85,3.58
26/09/2024 17:54,22.15,3963,5521,71,0.62,0.72,10.22,85,3.58
26/09/2024 17:54,22.12,3962,5521,71,0.62,0.73,10.21,85,3.58
26/09/2024 17:54,22.15,3962,5520,71,0.62,0.72,10.2,85,3.58
26/09/2024 17:54,22.15,3962,5520,71,0.62,0.73,10.22,85,3.58
26/09/2024 17:54,22.15,3962,5520,71,0.62,0.72,10.23,85,3.58
26/09/2024 17:55,22.16,3962,5520,71,0.63,0.73,10.22,85,3.58
26/09/2024 17:55,22.17,3963,5521,71,0.63,0.72,10.22,85,3.58
26/09/2024 17:55,22.12,3963,5521,71,0.62,0.72,10.2,85,3.58
26/09/2024 17:55,22.15,3964,5523,71,0.62,0.73,10.22,85,3.58
26/09/2024 17:56,22.12,3964,5523,71,0.63,0.73,10.22,85,3.58
26/09/2024 17:56,22.16,3964,5523,71,0.63,0.73,10.21,85,3.58
26/09/2024 17:56,22.14,3964,5522,71,0.62,0.73,10.22,85,3.58
26/09/2024 17:56,22.15,3964,5522,71,0.62,0.72,10.22,85,3.58
26/09/2024 17:57,22.13,3964,5522,71,0.62,0.72,10.21,85,3.58
26/09/2024 17:57,22.15,3964,5522,71,0.62,0.71,10.22,86,3.58
26/09/2024 17:57,22.15,3964,5521,71,0.62,0.72,10.21,85,3.58
26/09/2024 17:57,22.12,3963,5521,71,0.62,0.73,10.22,85,3.58
26/09/2024 17:58,22.12,3964,5522,71,0.63,0.73,10.21,85,3.58
26/09/2024 17:58,22.12,3963,5521,71,0.62,0.71,10.21,86,3.58
26/09/2024 17:58,22.12,3963,5521,71,0.62,0.72,10.22,85,3.58
26/09/2024 17:58,22.12,3962,5519,71,0.62,0.72,10.21,85,3.58
26/09/2024 17:59,22.12,3961,5519,71,0.63,0.73,10.21,85,3.58
26/09/2024 17:59,22.12,3961,5519,71,0.63,0.73,10.21,85,3.58
26/09/2024 17:59,22.12,3962,5520,71,0.62,0.72,10.22,85,3.58
26/09/2024 17:59,22.12,3963,5521,71,0.63,0.73,10.21,85,3.58
26/09/2024 18:00,22.15,3963,5521,71,0.61,0.73,10.22,85,3.58
26/09/2024 18:00,22.12,3962,5521,71,0.63,0.72,10.22,85,3.58
26/09/2024 18:00,22.12,3963,5521,71,0.63,0.73,10.21,85,3.58
26/09/2024 18:00,22.12,3962,5520,71,0.62,0.72,10.21,85,3.58
26/09/2024 18:01,22.12,3962,5521,71,0.62,0.72,10.21,85,3.58
26/09/2024 18:01,22.12,3963,5521,71,0.62,0.72,10.22,85,3.58
26/09/2024 18:01,22.12,3963,5520,71,0.62,0.73,10.22,85,3.58
26/09/2024 18:01,22.12,3962,5517,71,0.63,0.72,10.22,85,3.58
26/09/2024 18:02,22.12,3963,5459,66,3.64,0.66,9.07,86,3.58
26/09/2024 18:02,22.12,3983,5521,69,5.26,0.66,8.83,86,3.58
26/09/2024 18:02,22.12,3977,5499,68,5.27,0.65,8.81,86,3.58
26/09/2024 18:02,22.12,3982,5515,69,5.26,0.66,8.81,86,3.58
26/09/2024 18:03,22.12,3984,5524,69,5.25,0.66,8.81,86,3.58
26/09/2024 18:03,22.12,3984,5523,69,5.26,0.65,8.81,86,3.58
26/09/2024 18:03,22.12,3984,5523,69,5.26,0.65,8.82,86,3.58
26/09/2024 18:03,22.12,3984,5522,69,5.26,0.65,8.8,86,3.58
26/09/2024 18:03,22.12,3984,5522,69,5.26,0.65,8.81,86,3.58
26/09/2024 18:04,22.12,3984,5522,69,5.25,0.66,8.81,86,3.58
26/09/2024 18:04,22.12,3984,5522,69,5.26,0.66,8.81,86,3.58
26/09/2024 18:04,22.12,3984,5522,69,5.25,0.66,8.81,86,3.58
26/09/2024 18:04,22.12,3983,5522,69,5.26,0.66,8.8,86,3.58
26/09/2024 18:05,22.12,3983,5521,69,5.26,0.65,8.8,86,3.57
26/09/2024 18:05,22.15,3982,5520,69,5.26,0.66,8.82,86,3.58
26/09/2024 18:05,22.12,3983,5521,69,5.26,0.65,8.8,86,3.58
26/09/2024 18:05,22.12,3984,5523,69,5.25,0.66,8.81,86,3.58
26/09/2024 18:06,22.16,3984,5523,69,5.27,0.65,8.81,86,3.58
26/09/2024 18:06,22.14,3985,5524,69,5.26,0.66,8.81,86,3.58
26/09/2024 18:06,22.16,3985,5523,69,5.25,0.65,8.8,86,3.58
26/09/2024 18:06,22.13,3985,5524,69,5.26,0.66,8.8,86,3.58
26/09/2024 18:07,22.15,3873,5384,68,5.26,0.65,8.8,86,3.58
26/09/2024 18:07,22.16,3870,5390,69,5.26,0.65,8.81,86,3.58
26/09/2024 18:07,22.19,3884,5406,69,5.26,0.66,8.81,86,3.58
26/09/2024 18:07,22.19,3894,5416,69,5.26,0.65,8.81,86,3.58
26/09/2024 18:08,22.24,3902,5427,69,5.27,0.64,8.8,86,3.58
26/09/2024 18:08,22.25,3910,5434,69,5.26,0.65,8.81,86,3.58
26/09/2024 18:08,22.31,3916,5443,69,5.26,0.65,8.8,86,3.58
26/09/2024 18:08,22.31,3925,5453,69,5.27,0.67,8.81,86,3.58
26/09/2024 18:09,22.38,3931,5461,69,5.27,0.66,8.81,86,3.58
26/09/2024 18:09,22.38,3936,5468,69,5.27,0.65,8.81,86,3.58
26/09/2024 18:09,22.44,3942,5475,69,5.25,0.65,8.8,86,3.58
26/09/2024 18:09,22.44,3947,5480,69,5.27,0.65,8.8,86,3.58
26/09/2024 18:10,22.48,3951,5486,69,5.27,0.66,8.8,86,3.58
26/09/2024 18:10,22.5,3955,5490,69,5.27,0.65,8.81,86,3.58
26/09/2024 18:10,22.52,3959,5495,69,5.26,0.65,8.8,86,3.58
26/09/2024 18:10,22.54,3963,5499,69,5.26,0.65,8.82,86,3.58
26/09/2024 18:11,22.56,3966,5503,69,5.26,0.65,8.78,86,3.58
26/09/2024 18:11,22.59,3969,5506,69,5.25,0.65,8.81,86,3.58
26/09/2024 18:11,22.62,3971,5509,69,5.26,0.65,8.81,86,3.58
26/09/2024 18:11,22.62,3973,5512,69,5.25,0.65,8.82,86,3.57
26/09/2024 18:12,22.62,3975,5514,69,5.26,0.65,8.81,86,3.58
26/09/2024 18:12,22.63,3977,5516,69,5.26,0.65,8.8,86,3.58
26/09/2024 18:12,22.69,3978,5517,69,5.26,0.65,8.8,86,3.58
26/09/2024 18:12,22.69,3979,5519,69,5.26,0.65,8.81,86,3.58
26/09/2024 18:12,22.69,3981,5522,69,5.26,0.65,8.81,86,3.58
26/09/2024 18:13,22.69,3981,5520,69,5.27,0.66,8.8,86,3.58
26/09/2024 18:13,22.72,3982,5521,69,5.27,0.66,8.81,86,3.58
26/09/2024 18:13,22.75,3984,5524,69,5.26,0.65,8.8,86,3.58
26/09/2024 18:13,22.75,3980,5502,68,5.27,0.65,8.77,86,3.58
26/09/2024 18:14,22.75,3953,5384,61,5.24,0.65,8.83,86,3.58
26/09/2024 18:14,22.75,3980,5494,67,5.25,0.66,8.83,86,3.57
26/09/2024 18:14,22.75,3980,5493,67,5.25,0.66,8.83,86,3.58
26/09/2024 18:14,22.75,3983,5499,67,5.26,0.65,8.81,86,3.58
26/09/2024 18:15,22.79,3987,5514,68,5.25,0.66,8.82,86,3.58
26/09/2024 18:15,22.81,3987,5515,68,5.26,0.65,8.81,86,3.58
26/09/2024 18:15,22.81,3988,5516,68,5.24,0.65,8.82,86,3.58
26/09/2024 18:15,22.81,3989,5515,68,5.26,0.66,8.81,86,3.58
26/09/2024 18:16,22.81,3989,5516,68,5.25,0.65,8.81,86,3.58
26/09/2024 18:16,22.81,3990,5517,68,5.24,0.65,8.82,86,3.58
26/09/2024 18:16,22.81,3990,5517,68,5.25,0.65,8.81,86,3.58
26/09/2024 18:16,22.81,3991,5518,68,5.24,0.65,8.81,86,3.58
26/09/2024 18:17,22.81,3991,5518,68,5.24,0.65,8.82,86,3.58
26/09/2024 18:17,22.81,3992,5518,68,5.25,0.65,8.82,86,3.58
26/09/2024 18:17,22.83,3992,5519,68,5.24,0.65,8.82,86,3.58
26/09/2024 18:17,22.85,3992,5519,68,5.25,0.65,8.82,86,3.58
26/09/2024 18:18,22.86,3992,5519,68,5.23,0.65,8.82,86,3.58
