Time,Temp,IR,Vis,Lux,Accel_X,Accel_Y,Accel_Z,Tilt,Mag_X,Mag_Y,Mag_Z,H.Angle,Direction
2024/11/02 20:42:00,19.75,2248,3253,50,-6.44,3.96,-5.96,65,107.86,-313.62,-208.91,228,SW
2024/11/02 20:42:00,19.75,2243,3244,50,-6.12,4.84,-6.90,62,107.24,-312.94,-209.08,233,SW
2024/11/02 20:42:01,19.75,2240,3237,50,-6.14,5.33,-6.43,59,107.56,-312.71,-209.44,221,SW
2024/11/02 20:42:01,19.75,2238,3234,50,-5.60,3.62,-6.90,67,107.51,-315.24,-207.94,253,W
2024/11/02 20:42:02,19.75,2246,3245,50,-6.59,5.81,-6.91,58,107.37,-314.31,-208.11,221,SW
2024/11/02 20:42:02,19.75,2246,3245,50,-5.73,5.43,-6.12,57,106.76,-312.96,-209.35,218,SW
2024/11/02 20:42:03,19.75,2242,3237,49,-6.74,5.83,-3.78,52,100.16,-302.90,-217.58,163,S
2024/11/02 20:42:03,19.75,2257,3243,48,-9.45,4.09,2.11,67,101.28,-290.75,-238.70,89,E
2024/11/02 20:42:04,19.75,2245,3228,48,-10.37,4.38,-1.17,67,102.56,-295.81,-224.43,98,E
2024/11/02 20:42:04,19.75,2248,3221,47,-8.76,6.05,0.19,55,93.35,-296.31,-230.37,110,E
2024/11/02 20:42:04,19.75,2241,3209,47,-8.84,4.92,-6.62,65,96.28,-306.29,-217.35,189,S
2024/11/02 20:42:05,19.75,2247,3203,46,-5.86,6.71,-6.87,53,96.57,-322.45,-210.01,218,SW
2024/11/02 20:42:05,19.75,2243,3190,45,-3.22,7.09,-4.23,36,80.99,-317.36,-224.70,206,SW
2024/11/02 20:42:06,19.75,2234,3182,46,-1.89,5.33,-7.42,55,93.15,-334.82,-211.35,253,W
2024/11/02 20:42:06,19.75,2230,3173,45,-0.45,7.37,-7.62,45,92.94,-345.76,-214.67,254,W
2024/11/02 20:42:07,19.75,2230,3171,45,0.85,6.85,-7.49,47,93.71,-347.68,-216.33,263,W
2024/11/02 20:42:07,19.75,2229,3169,45,0.94,6.85,-7.36,47,93.67,-349.82,-217.08,263,W
2024/11/02 20:42:08,19.81,2230,3170,45,-0.11,7.63,-7.29,43,92.34,-344.43,-216.46,255,W
2024/11/02 20:42:08,19.81,2240,3183,45,-2.83,9.25,-4.86,31,83.01,-334.70,-218.91,215,SW
2024/11/02 20:42:09,19.81,2233,3172,45,-2.28,9.25,-3.76,25,82.42,-332.88,-220.15,211,SW
2024/11/02 20:42:15,19.81,2299,3285,48,-2.65,7.43,-4.55,35,98.51,-298.91,-222.57,214,SW
2024/11/02 20:42:15,19.81,2250,3213,47,-2.73,6.09,-4.13,39,92.02,-299.06,-227.61,210,SW
2024/11/02 20:42:16,19.81,2266,3230,46,-3.28,4.62,-6.53,57,96.03,-296.55,-226.59,240,SW
2024/11/02 20:42:16,19.94,2266,3226,46,-6.04,7.39,-7.41,52,91.61,-302.39,-222.34,213,SW
2024/11/02 20:42:17,19.94,2242,3187,45,-5.51,9.04,-8.19,47,91.67,-299.87,-224.10,216,SW
2024/11/02 20:42:17,19.94,2264,3218,46,-3.58,9.05,-3.74,29,102.36,-303.14,-213.26,196,S
2024/11/02 20:42:18,19.94,2240,3189,46,-5.37,6.87,-6.78,51,98.18,-298.99,-218.15,215,SW
2024/11/02 20:42:18,19.94,2253,3209,46,-2.66,7.08,-4.94,38,102.32,-304.95,-211.57,221,SW
2024/11/02 20:42:19,19.94,2244,3198,46,-5.10,6.91,-4.48,44,96.11,-305.83,-211.30,193,S
2024/11/02 20:42:19,19.94,2268,3230,46,-6.11,7.39,-5.90,48,97.52,-306.47,-210.77,201,S
2024/11/02 20:42:20,20.00,2289,3259,47,-7.06,8.43,-6.18,48,91.87,-311.38,-211.82,195,S
2024/11/02 20:42:20,20.00,2282,3256,47,-7.00,7.04,-5.03,50,91.46,-308.20,-214.30,182,S
2024/11/02 20:42:21,20.00,2292,3265,47,-5.13,8.37,-3.95,37,84.92,-317.30,-213.97,186,S
2024/11/02 20:42:21,20.00,2284,3258,47,-5.34,7.37,-2.67,39,78.19,-321.52,-220.78,167,S
2024/11/02 20:42:22,20.00,2258,3218,46,-7.53,6.53,-3.14,51,71.70,-322.27,-229.17,154,SE
2024/11/02 20:42:22,20.00,2263,3226,46,-5.38,6.40,-4.73,48,74.07,-321.80,-224.93,192,S
2024/11/02 20:42:23,20.00,2262,3225,46,-4.77,8.12,-4.06,37,72.69,-327.49,-225.28,189,S
2024/11/02 20:42:23,20.00,2259,3219,46,-5.36,6.88,-4.40,45,72.17,-322.48,-228.99,187,S
2024/11/02 20:42:24,20.06,2264,3226,46,-4.51,7.92,-4.28,38,73.14,-329.16,-226.12,194,S
2024/11/02 20:42:24,20.06,2261,3221,46,-5.23,8.46,-3.30,36,71.30,-326.22,-227.87,176,S
2024/11/02 20:42:30,20.06,2271,3246,47,-3.75,8.71,-2.20,26,68.83,-331.74,-234.99,173,S
2024/11/02 20:42:31,20.06,2270,3241,47,-3.48,9.16,-2.57,25,69.77,-332.08,-232.29,182,S
2024/11/02 20:42:31,20.06,2264,3233,47,-3.13,8.81,-3.30,27,70.99,-334.34,-230.88,195,S
2024/11/02 20:42:32,20.06,2266,3232,47,-3.30,8.89,-3.52,28,70.69,-333.13,-229.78,196,S
2024/11/02 20:42:32,20.19,2251,3218,47,-0.92,8.30,-5.57,34,75.57,-342.71,-226.05,239,SW
2024/11/02 20:42:33,20.19,2241,3218,48,3.85,6.45,-6.59,49,86.49,-361.23,-227.25,278,W
2024/11/02 20:42:33,20.19,2241,3221,48,6.15,4.36,-6.13,63,98.42,-370.03,-233.09,288,W
2024/11/02 20:42:34,20.19,2240,3218,48,5.30,5.96,-6.76,55,91.64,-366.90,-231.95,284,W
2024/11/02 20:42:34,20.19,2238,3212,48,2.22,7.31,-5.81,40,81.67,-356.80,-230.60,269,W
2024/11/02 20:42:35,20.19,2238,3205,47,-6.01,9.38,-2.67,35,68.80,-333.40,-235.55,164,S
2024/11/02 20:42:35,20.19,2298,3275,47,-7.22,7.44,0.41,44,69.84,-315.19,-245.40,122,SE
2024/11/02 20:42:36,20.19,2304,3285,47,-6.79,7.27,0.25,43,69.09,-312.59,-244.36,124,SE
2024/11/02 20:42:36,20.19,2299,3279,47,-6.71,7.17,0.01,43,69.53,-314.42,-243.49,126,SE
2024/11/02 20:42:37,20.19,2279,3251,47,-5.06,8.46,-0.64,31,66.90,-325.56,-237.78,143,SE
2024/11/02 20:42:37,20.19,2286,3258,47,-4.51,8.99,-3.59,32,68.90,-327.65,-232.67,185,S
2024/11/02 20:42:38,20.19,2289,3263,47,-4.66,6.74,-0.86,35,70.17,-314.43,-244.21,143,SE
2024/11/02 20:42:38,20.19,2290,3257,46,-6.60,7.15,-1.72,43,71.35,-311.68,-246.88,143,SE
2024/11/02 20:42:39,20.19,2288,3257,47,-6.85,6.83,-2.13,46,70.67,-313.54,-245.83,145,SE
2024/11/02 20:42:39,20.19,2288,3256,46,-6.99,7.21,-2.10,45,71.00,-312.53,-244.28,145,SE
2024/11/02 20:42:40,20.25,2288,3256,46,-7.23,7.18,-2.32,46,71.01,-311.82,-244.18,146,SE
2024/11/02 20:42:46,20.25,2294,3275,47,-3.95,8.38,-3.64,32,68.46,-326.65,-236.72,189,S
2024/11/02 20:42:46,20.25,2253,3226,47,-2.70,8.73,-3.29,25,69.39,-335.68,-234.05,199,S
2024/11/02 20:42:47,20.25,2263,3231,47,-4.48,8.72,-2.47,30,68.16,-326.81,-240.87,170,S
2024/11/02 20:42:47,20.25,2285,3256,47,-5.89,8.34,-0.38,35,69.15,-318.62,-248.60,135,SE
2024/11/02 20:42:48,20.25,2250,3216,47,-5.30,10.95,0.41,25,68.75,-329.70,-243.17,132,SE
2024/11/02 20:42:48,20.38,2280,3365,57,0.39,9.31,-1.69,10,71.41,-346.02,-235.75,251,W
2024/11/02 20:42:49,20.38,2266,3333,55,0.76,9.42,-2.26,14,76.18,-353.56,-233.79,258,W
2024/11/02 20:42:49,20.38,2259,3312,54,4.31,2.67,-7.16,72,104.42,-360.26,-215.64,284,W
2024/11/02 20:42:50,20.38,2228,3172,45,2.35,9.62,-4.28,26,82.09,-359.06,-228.65,272,W
2024/11/02 20:42:50,20.38,2224,3151,44,-0.47,9.18,-0.35,3,70.68,-343.89,-240.95,182,S
2024/11/02 20:42:51,20.38,2224,3150,44,0.60,9.56,-3.36,19,74.76,-346.83,-241.09,250,W
2024/11/02 20:42:51,20.38,2223,3149,44,0.54,9.48,-1.47,9,74.72,-348.20,-239.85,258,W
2024/11/02 20:42:52,20.38,2221,3144,44,-0.31,9.76,-0.06,1,72.35,-348.66,-244.09,155,SE
2024/11/02 20:42:52,20.38,2222,3145,44,-0.35,10.20,-0.04,1,70.87,-340.73,-232.15,151,SE
2024/11/02 20:42:53,20.38,2228,3155,44,-0.47,6.54,0.97,9,69.62,-323.04,-229.45,78,E
2024/11/02 20:42:53,20.38,2228,3155,44,-0.03,9.82,-0.26,1,70.00,-319.75,-229.67,229,SW
2024/11/02 20:42:54,20.38,2228,3154,44,-0.26,9.85,-0.05,1,70.11,-322.09,-229.34,154,SE
2024/11/02 20:42:54,20.38,2228,3153,44,-0.29,9.85,-0.03,1,71.09,-320.90,-229.69,149,SE
2024/11/02 20:42:55,20.38,2227,3152,44,-0.32,9.86,-0.03,1,70.43,-322.34,-230.16,149,SE
2024/11/02 20:42:55,20.38,2228,3152,44,-0.28,9.88,-0.04,1,70.94,-320.66,-229.60,152,SE
2024/11/02 20:43:01,20.44,2246,3183,45,-0.07,9.88,0.10,0,70.44,-321.62,-229.79,89,E
2024/11/02 20:43:02,20.44,2241,3174,44,-0.34,9.86,-0.06,2,70.76,-321.61,-229.79,154,SE
2024/11/02 20:43:02,20.44,2238,3170,44,-0.31,9.85,-0.06,1,71.41,-320.63,-229.24,154,SE
2024/11/02 20:43:03,20.44,2235,3166,44,-0.29,9.86,-0.03,1,70.78,-320.66,-229.50,149,SE
2024/11/02 20:43:03,20.44,2234,3162,44,-0.34,9.84,-0.02,2,71.23,-322.06,-229.53,147,SE
2024/11/02 20:43:04,20.44,2233,3160,44,-0.32,9.84,-0.05,1,70.77,-321.13,-229.51,152,SE
2024/11/02 20:43:04,20.44,2233,3161,44,-0.33,9.84,-0.08,1,70.77,-320.90,-229.51,157,SE
2024/11/02 20:43:05,20.56,2232,3160,44,-0.21,9.89,-0.07,1,70.62,-320.65,-229.05,162,S
2024/11/02 20:43:05,20.56,2493,3518,48,-0.33,9.84,0.05,1,71.43,-319.94,-229.50,135,SE
2024/11/02 20:43:06,20.56,2669,3741,50,-0.43,9.83,0.23,2,71.26,-320.66,-229.78,116,SE
2024/11/02 20:43:06,20.56,1639,2302,31,-0.04,9.89,0.38,2,70.64,-320.00,-230.40,59,NE
2024/11/02 20:43:07,20.56,1112,1544,19,-0.02,9.89,0.34,1,70.39,-324.45,-229.92,57,NE
2024/11/02 20:43:07,20.56,1894,2684,37,-0.24,9.79,0.21,1,70.29,-321.66,-230.51,102,E
2024/11/02 20:43:08,20.56,5166,7655,132,-0.25,9.87,-0.07,1,71.22,-322.53,-229.44,160,S
2024/11/02 20:43:08,20.56,3927,5766,95,-0.38,9.84,-0.05,2,71.73,-320.64,-229.69,151,SE
2024/11/02 20:43:09,20.56,3971,5826,96,-0.33,9.89,-0.09,1,70.58,-322.78,-229.45,159,S
2024/11/02 20:43:09,20.56,3837,5626,92,-0.30,9.87,-0.10,1,70.60,-321.59,-229.07,162,S
2024/11/02 20:43:10,20.56,4010,5893,98,-0.30,9.85,-0.03,1,71.07,-322.06,-229.53,149,SE
2024/11/02 20:43:10,20.56,4014,5899,98,-0.32,9.86,-0.04,1,70.78,-320.42,-229.32,151,SE
2024/11/02 20:43:11,20.56,4051,5955,99,-0.33,9.84,-0.01,1,70.29,-321.39,-229.69,145,SE
2024/11/02 20:43:17,20.62,3305,4790,75,-0.36,9.85,-0.05,2,70.91,-322.07,-229.44,152,SE
2024/11/02 20:43:17,20.62,3340,4844,76,-0.34,9.87,0.02,1,71.09,-320.88,-229.24,140,SE
2024/11/02 20:43:18,20.62,3358,4874,76,-0.32,9.86,-0.01,1,70.45,-321.37,-229.24,146,SE
2024/11/02 20:43:18,20.62,3352,4865,76,-0.33,9.88,0.02,1,70.75,-322.32,-229.80,140,SE
2024/11/02 20:43:19,20.62,3349,4860,76,-0.37,9.84,0.00,2,70.77,-321.15,-229.96,144,SE
2024/11/02 20:43:19,20.62,3354,4866,76,-0.25,9.84,-0.04,1,70.28,-321.61,-229.34,153,SE
2024/11/02 20:43:20,20.62,3367,4886,77,-0.33,9.84,0.17,2,70.93,-321.13,-229.51,117,SE
2024/11/02 20:43:20,20.69,3363,4880,76,-0.34,9.86,0.00,1,70.59,-321.83,-229.07,144,SE
2024/11/02 20:43:20,20.69,3352,4862,76,-0.29,9.84,0.01,1,71.25,-320.88,-229.51,142,SE
2024/11/02 20:43:21,20.69,3353,4863,76,-0.31,9.84,-0.04,1,70.60,-321.84,-229.52,151,SE
2024/11/02 20:43:21,20.69,3354,4864,76,-0.33,9.86,-0.02,1,69.96,-322.10,-229.52,147,SE
2024/11/02 20:43:22,20.69,3352,4862,76,-0.38,9.82,-0.03,2,71.27,-319.94,-229.50,148,SE
2024/11/02 20:43:22,20.69,3352,4860,76,-0.33,9.84,0.02,1,71.11,-320.19,-229.68,140,SE
2024/11/02 20:43:23,20.69,3353,4861,76,-0.32,9.83,-0.02,1,70.32,-319.73,-229.31,147,SE
2024/11/02 20:43:23,20.69,3353,4862,76,-0.34,9.84,-0.03,2,71.07,-322.06,-229.44,149,SE
2024/11/02 20:43:24,20.75,3357,4871,76,-0.30,9.89,-0.01,1,70.91,-321.84,-229.61,146,SE
2024/11/02 20:43:24,20.75,3346,4851,76,-0.32,9.86,0.01,1,71.08,-321.37,-229.79,142,SE
2024/11/02 20:43:25,20.75,3303,4781,74,-0.28,9.87,0.02,1,71.39,-322.05,-229.35,140,SE
2024/11/02 20:43:25,20.75,3336,4835,75,-0.31,9.84,0.02,1,70.58,-322.56,-229.71,140,SE
2024/11/02 20:43:26,20.75,3334,4832,75,-0.32,9.89,0.04,1,71.23,-321.82,-229.34,137,SE
2024/11/02 20:43:32,20.75,3372,4899,77,-0.35,9.86,0.05,2,71.38,-322.53,-229.53,136,SE
2024/11/02 20:43:32,20.75,3364,4883,77,-0.25,9.86,0.00,1,70.76,-321.84,-229.52,144,SE
2024/11/02 20:43:33,20.75,3355,4869,76,-0.31,9.85,0.05,1,70.74,-322.54,-229.44,135,SE
2024/11/02 20:43:33,20.75,3355,4867,76,-0.27,9.87,0.01,1,70.41,-323.00,-229.00,142,SE
2024/11/02 20:43:34,20.75,3353,4863,76,-0.34,9.88,-0.02,1,71.23,-321.82,-229.52,147,SE
2024/11/02 20:43:34,20.75,3349,4859,76,-0.35,9.84,0.03,2,70.46,-320.43,-229.41,139,SE
2024/11/02 20:43:35,20.75,3348,4856,76,-0.32,9.85,-0.01,1,70.43,-322.08,-229.53,146,SE
2024/11/02 20:43:35,20.81,3347,4854,76,-0.29,9.85,0.02,1,71.26,-320.40,-229.23,140,SE
2024/11/02 20:43:36,20.81,3345,4851,76,-0.31,9.86,0.01,1,71.06,-322.53,-229.35,142,SE
2024/11/02 20:43:36,20.81,3347,4853,76,-0.35,9.83,0.00,2,71.21,-322.99,-229.27,144,SE
2024/11/02 20:43:37,20.81,3346,4852,76,-0.29,9.85,0.00,1,70.13,-321.38,-229.42,144,SE
2024/11/02 20:43:37,20.81,3347,4854,76,-0.34,9.80,-0.02,2,70.43,-322.06,-228.89,147,SE
2024/11/02 20:43:38,20.81,3346,4852,76,-0.31,9.83,-0.01,1,71.22,-322.54,-229.71,146,SE
2024/11/02 20:43:38,20.81,3345,4849,76,-0.35,9.82,0.02,2,70.61,-321.12,-229.06,141,SE
2024/11/02 20:43:39,20.81,3344,4848,76,-0.35,9.84,0.03,2,69.96,-321.86,-229.43,139,SE
2024/11/02 20:43:39,20.81,3342,4844,76,-0.30,9.87,-0.03,1,71.07,-321.81,-228.98,149,SE
2024/11/02 20:43:40,20.81,3340,4844,76,-0.32,9.87,-0.02,1,69.98,-320.92,-229.51,147,SE
2024/11/02 20:43:40,20.81,3340,4842,76,-0.34,9.85,-0.03,2,71.24,-321.35,-229.43,149,SE
2024/11/02 20:43:41,20.81,3339,4842,76,-0.35,9.84,0.00,2,71.73,-320.63,-229.42,144,SE
2024/11/02 20:43:41,20.81,3339,4840,75,-0.31,9.87,0.00,1,70.26,-322.79,-229.54,144,SE
2024/11/02 20:43:47,20.88,3367,4891,77,-0.31,9.84,-0.01,1,71.68,-323.21,-229.36,146,SE
2024/11/02 20:43:48,20.88,3357,4873,76,-0.34,9.83,-0.01,2,70.61,-321.38,-229.61,145,SE
2024/11/02 20:43:48,20.88,3353,4866,76,-0.34,9.86,-0.03,2,71.25,-321.12,-229.60,149,SE
2024/11/02 20:43:49,20.88,3351,4861,76,-0.30,9.86,-0.02,1,69.95,-322.33,-229.35,148,SE
2024/11/02 20:43:49,20.88,3349,4856,76,-0.31,9.84,-0.05,1,71.23,-322.06,-229.44,153,SE
2024/11/02 20:43:50,20.88,3345,4851,76,-0.30,9.83,0.01,1,70.60,-321.84,-229.43,142,SE
2024/11/02 20:43:50,20.88,3345,4850,76,-0.27,9.87,0.02,1,70.29,-321.13,-229.15,140,SE
2024/11/02 20:43:51,20.88,3343,4848,76,-0.30,9.85,0.02,1,71.08,-321.35,-229.34,140,SE
2024/11/02 20:43:51,20.88,3342,4847,76,-0.31,9.85,0.01,1,70.91,-322.07,-229.62,142,SE
2024/11/02 20:43:52,20.88,3341,4844,76,-0.30,9.86,0.01,1,70.46,-320.67,-229.50,142,SE
2024/11/02 20:43:52,20.88,3340,4842,76,-0.35,9.87,-0.01,2,71.24,-321.34,-229.15,145,SE
2024/11/02 20:43:53,20.88,3340,4841,75,-0.36,9.87,-0.06,2,69.97,-321.63,-229.61,153,SE
2024/11/02 20:43:53,20.88,3340,4841,75,-0.28,9.88,-0.05,1,70.76,-321.59,-229.25,154,SE
2024/11/02 20:43:54,20.88,3339,4840,75,-0.32,9.83,-0.01,1,71.07,-321.82,-229.34,146,SE
2024/11/02 20:43:54,20.88,3339,4839,75,-0.31,9.87,-0.05,1,71.23,-322.06,-229.44,153,SE
2024/11/02 20:43:55,20.88,3339,4840,75,-0.33,9.85,0.01,1,70.90,-322.53,-229.35,142,SE
2024/11/02 20:43:55,20.88,3339,4840,75,-0.33,9.84,0.01,1,70.43,-322.08,-229.43,142,SE
2024/11/02 20:43:56,20.88,3338,4841,76,-0.27,9.85,-0.05,1,70.92,-321.36,-229.33,154,SE
2024/11/02 20:43:56,20.88,3339,4841,76,-0.30,9.87,0.00,1,70.78,-320.43,-229.50,144,SE
2024/11/02 20:43:57,20.88,3339,4840,75,-0.30,9.84,0.00,1,70.45,-321.37,-229.33,144,SE
2024/11/02 20:44:03,20.88,3370,4895,77,-0.33,9.84,0.01,1,70.77,-320.88,-229.06,142,SE
2024/11/02 20:44:03,20.88,3362,4880,77,-0.33,9.86,-0.07,1,70.45,-321.39,-229.97,155,SE
2024/11/02 20:44:04,20.88,3356,4869,76,-0.32,9.85,0.00,1,70.58,-322.56,-229.71,144,SE
2024/11/02 20:44:04,20.88,3352,4863,76,-0.32,9.86,-0.02,1,70.42,-322.53,-228.90,147,SE
2024/11/02 20:44:05,20.88,3350,4859,76,-0.31,9.87,-0.04,1,70.94,-320.66,-229.51,151,SE
2024/11/02 20:44:05,20.88,3348,4856,76,-0.32,9.85,0.01,1,71.71,-321.57,-229.43,142,SE
2024/11/02 20:44:06,20.88,3347,4855,76,-0.35,9.85,-0.06,2,70.45,-320.90,-229.24,153,SE
2024/11/02 20:44:06,20.88,3346,4852,76,-0.28,9.88,0.00,1,70.45,-321.37,-229.24,144,SE
2024/11/02 20:44:07,20.88,3345,4851,76,-0.34,9.84,-0.05,2,70.76,-321.36,-229.33,152,SE
2024/11/02 20:44:07,20.88,3345,4850,76,-0.45,9.82,-0.02,2,69.33,-321.38,-228.61,146,SE
2024/11/02 20:44:08,20.88,3344,4849,76,-0.30,9.82,0.02,1,70.75,-321.84,-229.43,140,SE
2024/11/02 20:44:08,20.88,3343,4848,76,-0.32,9.85,0.01,1,70.41,-323.02,-229.36,142,SE
2024/11/02 20:44:09,20.88,3343,4847,76,-0.28,9.86,-0.01,1,70.93,-321.14,-229.78,146,SE
2024/11/02 20:44:09,20.88,3342,4845,76,-0.31,9.83,0.00,1,69.96,-322.09,-229.43,144,SE
2024/11/02 20:44:10,20.88,3342,4846,76,-0.29,9.84,0.02,1,70.13,-321.39,-229.51,140,SE
2024/11/02 20:44:10,20.88,3342,4845,76,-0.36,9.83,0.00,2,71.71,-321.81,-229.61,144,SE
2024/11/02 20:44:11,20.88,3340,4844,76,-0.31,9.85,-0.03,1,70.91,-322.07,-229.62,149,SE
2024/11/02 20:44:11,20.88,3341,4843,76,-0.29,9.86,-0.03,1,71.22,-322.30,-229.53,150,SE
2024/11/02 20:44:12,20.88,3340,4842,76,-0.32,9.84,-0.06,1,70.93,-321.12,-229.42,154,SE
2024/11/02 20:44:12,20.88,3340,4842,76,-0.33,9.87,-0.01,1,70.59,-322.30,-229.17,146,SE
2024/11/02 20:44:18,20.94,3371,4897,77,-0.30,9.89,0.01,1,69.82,-320.92,-229.42,142,SE
2024/11/02 20:44:19,20.94,3363,4881,77,-0.30,9.86,-0.03,1,70.44,-321.84,-229.43,149,SE
2024/11/02 20:44:19,20.94,3357,4871,76,-0.33,9.87,-0.07,1,69.80,-322.10,-229.43,156,SE
2024/11/02 20:44:20,20.94,3354,4864,76,-0.32,9.83,0.08,1,70.75,-322.30,-229.35,130,SE
2024/11/02 20:44:20,20.94,3353,4863,76,-0.36,9.89,-0.04,2,71.55,-321.79,-228.89,150,SE
2024/11/02 20:44:21,20.94,3351,4861,76,-0.33,9.85,-0.05,1,70.92,-321.58,-228.98,152,SE
2024/11/02 20:44:21,20.94,3351,4859,76,-0.26,9.83,-0.02,1,70.13,-321.37,-229.06,148,SE
2024/11/02 20:44:22,20.94,3349,4857,76,-0.37,9.88,-0.01,2,70.28,-321.61,-229.43,145,SE
2024/11/02 20:44:22,20.94,3349,4857,76,-0.33,9.84,0.01,1,70.74,-322.78,-229.45,142,SE
2024/11/02 20:44:23,20.94,3349,4855,76,-0.33,9.87,0.00,1,70.45,-321.13,-229.06,144,SE
2024/11/02 20:44:23,20.94,3347,4854,76,-0.30,9.85,-0.02,1,71.10,-320.42,-229.59,147,SE
2024/11/02 20:44:24,20.94,3347,4853,76,-0.32,9.86,0.00,1,70.60,-321.60,-229.34,144,SE
2024/11/02 20:44:24,20.94,3346,4851,76,-0.33,9.87,0.04,1,70.47,-320.45,-229.77,137,SE
2024/11/02 20:44:25,20.94,3345,4851,76,-0.31,9.81,0.04,1,70.75,-322.07,-229.35,137,SE
2024/11/02 20:44:25,20.94,3345,4852,76,-0.31,9.84,-0.01,1,70.14,-320.66,-229.05,146,SE
2024/11/02 20:44:26,20.94,3345,4849,76,-0.30,9.88,-0.04,1,70.60,-321.83,-229.16,151,SE
2024/11/02 20:44:26,20.94,3344,4848,76,-0.34,9.86,0.04,2,70.93,-321.12,-229.24,137,SE
2024/11/02 20:44:27,20.94,3345,4849,76,-0.30,9.89,0.02,1,70.29,-321.36,-228.88,140,SE
2024/11/02 20:44:27,20.94,3344,4849,76,-0.32,9.86,0.05,1,70.93,-320.90,-229.78,135,SE
2024/11/02 20:44:28,20.94,3344,4848,76,-0.29,9.84,0.02,1,71.23,-322.05,-229.17,140,SE
2024/11/02 20:44:34,20.94,3376,4905,77,-0.33,9.86,0.00,1,70.92,-321.58,-229.16,144,SE
2024/11/02 20:44:34,20.94,3367,4887,77,-0.28,9.85,-0.02,1,70.25,-323.02,-229.27,148,SE
2024/11/02 20:44:35,20.94,3363,4880,76,-0.31,9.87,0.14,1,71.39,-322.05,-229.44,120,SE
2024/11/02 20:44:35,20.94,3359,4874,76,-0.34,9.87,-0.02,1,70.75,-322.08,-229.62,147,SE
2024/11/02 20:44:36,20.94,3357,4870,76,-0.36,9.87,0.02,2,70.61,-320.90,-229.42,141,SE
2024/11/02 20:44:36,20.94,3355,4867,76,-0.33,9.86,-0.04,1,70.11,-322.34,-229.89,151,SE
2024/11/02 20:44:37,20.94,3354,4864,76,-0.32,9.87,-0.04,1,71.09,-320.86,-228.70,151,SE
2024/11/02 20:44:37,20.94,3353,4864,76,-0.37,9.85,0.04,2,70.28,-321.61,-229.34,138,SE
2024/11/02 20:44:38,20.94,3353,4862,76,-0.27,9.87,0.00,1,71.08,-321.59,-229.34,144,SE
2024/11/02 20:44:38,20.94,3353,4863,76,-0.30,9.82,-0.02,1,71.37,-323.25,-230.09,148,SE
2024/11/02 20:44:39,20.94,3352,4861,76,-0.28,9.86,0.03,1,70.11,-322.07,-228.98,138,SE
2024/11/02 20:44:39,20.94,3351,4860,76,-0.33,9.83,-0.04,1,71.07,-322.05,-229.17,151,SE
2024/11/02 20:44:40,20.94,3351,4860,76,-0.33,9.88,-0.01,1,70.93,-320.89,-229.51,145,SE
2024/11/02 20:44:40,20.94,3350,4859,76,-0.34,9.89,0.01,1,69.65,-321.40,-229.60,142,SE
2024/11/02 20:44:41,20.94,3350,4859,76,-0.28,9.82,0.02,1,70.74,-322.78,-229.54,140,SE
2024/11/02 20:44:41,20.94,3350,4857,76,-0.30,9.83,-0.02,1,70.60,-321.59,-228.98,148,SE
2024/11/02 20:44:42,20.94,3349,4856,76,-0.31,9.83,0.03,1,71.38,-322.28,-229.26,138,SE
2024/11/02 20:44:42,20.94,3350,4857,76,-0.34,9.84,0.00,1,71.09,-320.87,-229.06,144,SE
2024/11/02 20:44:43,20.94,3349,4857,76,-0.27,9.87,-0.04,1,71.09,-320.87,-229.15,152,SE
2024/11/02 20:44:43,20.94,3348,4855,76,-0.30,9.86,-0.02,1,70.43,-322.31,-229.44,148,SE
2024/11/02 20:44:49,20.94,3381,4912,77,-0.29,9.89,0.00,1,70.45,-321.38,-229.51,144,SE
2024/11/02 20:44:50,20.94,3372,4896,77,-0.31,9.87,-0.01,1,70.77,-320.89,-229.42,146,SE
2024/11/02 20:44:50,20.94,3368,4888,77,-0.30,9.83,-0.01,1,70.29,-321.38,-229.33,146,SE
2024/11/02 20:44:51,20.94,3364,4883,77,-0.28,9.87,-0.04,1,71.55,-322.05,-229.53,152,SE
2024/11/02 20:44:51,20.94,3363,4879,76,-0.30,9.89,0.00,1,70.75,-321.82,-229.07,144,SE
2024/11/02 20:44:52,20.94,3361,4876,76,-0.32,9.86,0.04,1,70.61,-321.14,-229.69,137,SE
2024/11/02 20:44:52,20.94,3360,4874,76,-0.35,9.85,0.02,2,70.60,-321.58,-228.89,141,SE
2024/11/02 20:44:53,20.88,3359,4873,76,-0.31,9.83,-0.01,1,71.57,-320.63,-229.24,146,SE
2024/11/02 20:44:53,20.88,3358,4871,76,-0.36,9.84,0.00,2,70.45,-321.38,-229.51,144,SE
2024/11/02 20:44:54,20.88,3358,4872,76,-0.35,9.90,-0.04,2,70.56,-323.49,-229.55,150,SE
2024/11/02 20:44:54,20.88,3357,4870,76,-0.30,9.85,0.00,1,71.10,-320.65,-229.51,144,SE
2024/11/02 20:44:55,20.88,3356,4870,76,-0.32,9.87,-0.02,1,69.81,-321.62,-229.25,147,SE
2024/11/02 20:44:55,20.88,3357,4870,76,-0.32,9.85,0.00,1,71.38,-322.29,-229.44,144,SE
2024/11/02 20:44:56,20.88,3357,4868,76,-0.34,9.88,0.01,1,70.45,-321.14,-229.51,142,SE
2024/11/02 20:44:56,20.88,3357,4869,76,-0.35,9.86,0.00,2,70.93,-321.12,-229.24,144,SE
2024/11/02 20:44:57,20.88,3357,4869,76,-0.32,9.88,-0.02,1,71.24,-321.35,-229.34,147,SE
2024/11/02 20:44:57,20.88,3357,4869,76,-0.32,9.86,-0.01,1,70.77,-321.12,-229.24,146,SE
2024/11/02 20:44:58,20.88,3357,4869,76,-0.32,9.81,0.00,1,70.62,-320.66,-229.32,144,SE
2024/11/02 20:44:58,20.88,3358,4869,76,-0.30,9.84,0.00,1,70.89,-322.76,-229.27,144,SE
2024/11/02 20:44:59,20.88,3357,4869,76,-0.34,9.84,0.03,2,71.25,-320.87,-229.24,139,SE
2024/11/02 20:45:05,20.94,3390,4927,78,-0.33,9.87,-0.01,1,70.43,-322.07,-229.07,146,SE
2024/11/02 20:45:05,20.94,3381,4909,77,-0.36,9.85,-0.01,2,71.40,-321.34,-229.25,145,SE
2024/11/02 20:45:05,20.94,3377,4902,77,-0.37,9.84,-0.03,2,70.92,-321.36,-229.52,148,SE
2024/11/02 20:45:06,20.94,3375,4898,77,-0.34,9.83,0.00,2,70.93,-320.89,-229.33,144,SE
2024/11/02 20:45:06,20.94,3372,4894,77,-0.36,9.84,-0.03,2,71.40,-321.11,-229.33,148,SE
2024/11/02 20:45:07,20.94,3370,4889,77,-0.35,9.83,-0.01,2,71.24,-321.36,-229.61,145,SE
2024/11/02 20:45:07,20.94,3369,4888,77,-0.34,9.83,-0.03,2,72.02,-322.02,-229.08,149,SE
2024/11/02 20:45:08,20.88,3368,4886,76,-0.34,9.84,-0.02,2,71.09,-320.89,-229.42,147,SE
2024/11/02 20:45:09,20.88,3368,4885,76,-0.32,9.86,-0.01,1,71.10,-320.40,-229.05,145,SE
2024/11/02 20:45:09,20.88,3367,4884,76,-0.33,9.89,0.00,1,70.27,-322.33,-229.71,144,SE
2024/11/02 20:45:10,20.88,3366,4884,76,-0.30,9.85,0.02,1,70.61,-320.90,-229.33,140,SE
2024/11/02 20:45:10,20.88,3366,4882,76,-0.30,9.88,0.01,1,69.67,-320.69,-229.41,142,SE
2024/11/02 20:45:10,20.88,3365,4881,76,-0.33,9.87,-0.01,1,71.08,-321.37,-229.79,145,SE
2024/11/02 20:45:11,20.88,3365,4881,76,-0.32,9.82,0.00,1,69.97,-321.39,-229.60,144,SE
2024/11/02 20:45:11,20.88,3366,4881,76,-0.33,9.86,-0.01,1,70.92,-321.58,-229.16,146,SE
2024/11/02 20:45:12,20.88,3364,4881,76,-0.29,9.87,-0.02,1,70.27,-322.33,-229.62,148,SE
2024/11/02 20:45:12,20.88,3364,4881,76,-0.32,9.80,0.01,1,70.14,-320.66,-229.05,142,SE
2024/11/02 20:45:13,20.88,3365,4880,76,-0.31,9.85,0.10,1,70.45,-320.89,-229.15,126,SE
2024/11/02 20:45:13,20.88,3365,4880,76,-0.33,9.85,0.01,1,71.40,-321.59,-229.61,142,SE
2024/11/02 20:45:14,20.88,3365,4880,76,-0.33,9.85,-0.01,1,71.06,-322.30,-229.53,146,SE
2024/11/02 20:45:20,20.88,3399,4940,78,-0.34,9.89,-0.01,1,70.60,-321.85,-229.70,145,SE
2024/11/02 20:45:20,20.88,3391,4925,77,-0.34,9.86,-0.02,1,71.23,-321.83,-229.79,147,SE
2024/11/02 20:45:21,20.88,3385,4915,77,-0.33,9.87,0.00,1,70.45,-321.14,-229.33,144,SE
2024/11/02 20:45:21,20.88,3381,4910,77,-0.36,9.85,0.02,2,70.32,-319.74,-229.49,140,SE
2024/11/02 20:45:22,20.88,3380,4907,77,-0.33,9.84,0.00,1,71.08,-321.58,-229.16,144,SE
2024/11/02 20:45:22,20.88,3378,4904,77,-0.29,9.86,0.00,1,69.98,-321.17,-229.87,144,SE
2024/11/02 20:45:23,20.88,3377,4902,77,-0.31,9.83,-0.04,1,71.10,-320.43,-229.77,151,SE
2024/11/02 20:45:23,20.88,3377,4900,77,-0.32,9.87,0.05,1,71.07,-321.83,-229.43,135,SE
2024/11/02 20:45:24,20.88,3376,4899,77,-0.29,9.83,-0.01,1,69.82,-320.92,-229.42,146,SE
2024/11/02 20:45:24,20.88,3374,4897,77,-0.31,9.86,-0.01,1,70.43,-322.08,-229.34,146,SE
2024/11/02 20:45:25,20.88,3375,4896,77,-0.26,9.85,0.00,1,70.29,-321.38,-229.42,144,SE
2024/11/02 20:45:25,20.88,3374,4895,77,-0.31,9.84,0.05,1,71.08,-321.36,-229.61,135,SE
2024/11/02 20:45:26,20.88,3374,4895,77,-0.37,9.89,-0.04,2,70.78,-320.66,-229.41,150,SE
2024/11/02 20:45:26,20.88,3373,4894,77,-0.32,9.81,0.00,1,70.43,-322.09,-229.62,144,SE
2024/11/02 20:45:27,20.88,3374,4894,77,-0.29,9.84,-0.02,1,71.07,-321.83,-229.52,148,SE
2024/11/02 20:45:27,20.88,3373,4893,77,-0.32,9.82,-0.02,1,69.80,-322.09,-229.16,147,SE
2024/11/02 20:45:28,20.88,3373,4893,77,-0.29,9.88,0.00,1,70.91,-321.82,-229.25,144,SE
2024/11/02 20:45:28,20.88,3373,4893,77,-0.30,9.88,-0.05,1,70.44,-321.84,-229.25,153,SE
2024/11/02 20:45:29,20.88,3372,4893,77,-0.31,9.85,0.00,1,71.40,-321.34,-229.16,144,SE
2024/11/02 20:45:29,20.88,3372,4892,77,-0.33,9.84,0.00,1,71.41,-320.88,-229.51,144,SE
2024/11/02 20:45:35,20.88,3404,4948,78,-0.36,9.85,-0.03,2,70.29,-321.39,-229.60,148,SE
2024/11/02 20:45:36,20.88,3396,4932,78,-0.39,9.85,-0.04,2,71.06,-322.30,-229.53,150,SE
2024/11/02 20:45:36,20.88,3390,4925,78,-0.31,9.86,0.01,1,70.59,-322.06,-229.16,142,SE
2024/11/02 20:45:37,20.88,3388,4918,77,-0.36,9.82,-0.04,2,70.59,-322.32,-229.80,150,SE
2024/11/02 20:45:37,20.88,3385,4914,77,-0.29,9.86,0.02,1,71.57,-320.86,-229.15,140,SE
2024/11/02 20:45:38,20.88,3383,4911,77,-0.32,9.84,-0.04,1,70.10,-323.04,-229.63,151,SE
2024/11/02 20:45:38,20.88,3383,4909,77,-0.29,9.83,-0.04,1,70.12,-321.61,-229.25,151,SE
2024/11/02 20:45:39,20.88,3382,4908,77,-0.30,9.85,0.00,1,70.60,-321.36,-229.24,144,SE
2024/11/02 20:45:39,20.88,3381,4906,77,-0.33,9.84,0.01,1,71.89,-320.64,-229.69,142,SE
2024/11/02 20:45:40,20.88,3380,4904,77,-0.33,9.85,-0.04,1,70.89,-322.76,-229.27,151,SE
2024/11/02 20:45:40,20.88,3380,4903,77,-0.33,9.82,-0.01,1,71.07,-322.06,-229.35,146,SE
2024/11/02 20:45:41,20.88,3379,4904,77,-0.32,9.81,-0.05,1,71.42,-320.39,-228.96,152,SE
2024/11/02 20:45:41,20.88,3379,4902,77,-0.32,9.84,-0.03,1,70.93,-321.12,-229.42,149,SE
2024/11/02 20:45:42,20.88,3379,4902,77,-0.30,9.81,0.00,1,70.76,-321.59,-229.16,144,SE
2024/11/02 20:45:42,20.88,3378,4902,77,-0.32,9.87,0.03,1,71.07,-321.82,-229.34,139,SE
2024/11/02 20:45:43,20.88,3379,4902,77,-0.29,9.84,-0.05,1,70.27,-322.10,-229.80,153,SE
2024/11/02 20:45:43,20.88,3379,4901,77,-0.33,9.80,-0.04,1,70.74,-322.77,-229.27,151,SE
2024/11/02 20:45:44,20.88,3379,4901,77,-0.35,9.88,0.04,2,71.39,-322.05,-229.35,137,SE
2024/11/02 20:45:44,20.88,3378,4900,77,-0.31,9.85,0.00,1,70.76,-321.61,-229.70,144,SE
2024/11/02 20:45:45,20.88,3378,4899,77,-0.32,9.83,-0.04,1,69.65,-321.40,-229.51,151,SE
2024/11/02 20:45:51,20.88,3403,4945,78,-0.32,9.88,0.00,1,71.41,-320.87,-229.33,144,SE
2024/11/02 20:45:51,20.88,3393,4927,77,-0.37,9.87,-0.01,2,69.96,-321.87,-229.61,145,SE
2024/11/02 20:45:52,20.88,3387,4916,77,-0.35,9.82,-0.06,2,71.41,-321.12,-229.78,153,SE
2024/11/02 20:45:52,20.88,3383,4910,77,-0.31,9.86,0.02,1,71.24,-321.60,-229.88,140,SE
2024/11/02 20:45:53,20.88,3381,4905,77,-0.35,9.84,0.01,2,71.70,-322.29,-229.80,142,SE
2024/11/02 20:45:53,20.88,3378,4901,77,-0.30,9.89,-0.02,1,71.23,-321.81,-229.07,148,SE
2024/11/02 20:45:54,20.88,3377,4898,77,-0.34,9.86,-0.03,2,70.27,-322.33,-229.62,149,SE
2024/11/02 20:45:54,20.88,3376,4896,77,-0.31,9.85,0.04,1,70.90,-322.77,-229.45,137,SE
2024/11/02 20:45:55,20.88,3374,4894,77,-0.34,9.83,-0.06,2,70.76,-321.36,-229.24,154,SE
2024/11/02 20:45:55,20.88,3373,4894,77,-0.30,9.85,-0.02,1,70.92,-321.60,-229.43,148,SE
2024/11/02 20:45:56,20.88,3373,4893,77,-0.32,9.84,-0.03,1,70.91,-321.82,-229.16,149,SE
2024/11/02 20:45:56,20.88,3373,4892,76,-0.32,9.84,0.01,1,71.25,-320.87,-229.15,142,SE
2024/11/02 20:45:57,20.88,3371,4890,77,-0.32,9.80,-0.02,1,71.24,-321.58,-229.25,147,SE
2024/11/02 20:45:57,20.88,3371,4888,76,-0.34,9.81,-0.02,2,70.29,-321.40,-229.88,147,SE
2024/11/02 20:45:58,20.88,3370,4889,77,-0.30,9.86,0.00,1,70.59,-322.08,-229.53,144,SE
2024/11/02 20:45:58,20.88,3371,4889,76,-0.35,9.86,-0.02,2,70.76,-321.37,-229.52,147,SE
2024/11/02 20:45:59,20.88,3371,4889,76,-0.38,9.86,-0.02,2,71.70,-322.52,-229.62,147,SE
2024/11/02 20:45:59,20.88,3370,4888,76,-0.36,9.84,-0.03,2,70.60,-321.59,-228.98,148,SE
2024/11/02 20:46:00,20.88,3371,4888,76,-0.34,9.85,-0.01,1,69.80,-321.87,-229.52,145,SE
2024/11/02 20:46:00,20.88,3370,4889,77,-0.33,9.83,-0.05,1,70.92,-321.59,-229.25,152,SE
2024/11/02 20:46:06,20.88,3405,4948,78,-0.33,9.83,-0.02,1,71.08,-321.59,-229.34,147,SE
2024/11/02 20:46:07,20.88,3396,4930,77,-0.31,9.82,-0.03,1,70.28,-321.60,-228.98,149,SE
2024/11/02 20:46:07,20.88,3391,4922,77,-0.28,9.83,-0.02,1,71.21,-322.99,-229.18,148,SE
2024/11/02 20:46:08,20.88,3388,4915,77,-0.30,9.86,-0.02,1,70.77,-320.89,-229.42,147,SE
2024/11/02 20:46:08,20.88,3385,4911,77,-0.33,9.88,0.02,1,70.62,-320.65,-229.05,140,SE
2024/11/02 20:46:09,20.88,3383,4907,77,-0.31,9.87,0.05,1,69.94,-322.54,-228.90,135,SE
2024/11/02 20:46:09,20.88,3382,4907,77,-0.26,9.83,0.04,1,70.76,-321.37,-229.61,135,SE
2024/11/02 20:46:10,20.81,3381,4905,77,-0.32,9.85,0.01,1,69.97,-321.15,-229.42,142,SE
2024/11/02 20:46:10,20.81,3381,4904,77,-0.30,9.89,0.04,1,71.09,-321.12,-229.51,136,SE
2024/11/02 20:46:11,20.81,3380,4903,77,-0.29,9.85,-0.01,1,70.25,-323.26,-229.45,146,SE
2024/11/02 20:46:11,20.81,3380,4902,77,-0.33,9.84,-0.03,1,70.13,-321.39,-229.51,149,SE
2024/11/02 20:46:12,20.81,3378,4900,77,-0.30,9.81,-0.04,1,70.59,-322.07,-229.25,151,SE
2024/11/02 20:46:12,20.81,3378,4901,77,-0.36,9.84,0.01,2,69.79,-322.59,-229.89,142,SE
2024/11/02 20:46:13,20.81,3380,4901,77,-0.33,9.83,0.01,1,70.61,-321.38,-229.70,142,SE
2024/11/02 20:46:13,20.81,3380,4900,76,-0.31,9.83,-0.01,1,70.43,-322.08,-229.34,146,SE
2024/11/02 20:46:14,20.81,3380,4902,77,-0.32,9.83,-0.04,1,69.82,-320.93,-229.69,151,SE
2024/11/02 20:46:14,20.81,3381,4903,77,-0.34,9.83,-0.04,2,71.07,-321.83,-229.43,150,SE
2024/11/02 20:46:15,20.81,3381,4904,77,-0.31,9.87,0.02,1,70.93,-320.89,-229.33,140,SE
2024/11/02 20:46:15,20.81,3381,4905,77,-0.31,9.85,-0.03,1,71.06,-322.30,-229.44,149,SE
2024/11/02 20:46:16,20.81,3382,4906,77,-0.36,9.85,-0.04,2,71.22,-322.30,-229.62,150,SE
2024/11/02 20:46:22,20.81,3415,4963,78,-0.30,9.84,-0.02,1,70.92,-321.37,-229.70,147,SE
2024/11/02 20:46:22,20.81,3406,4945,78,-0.33,9.83,-0.02,1,70.59,-322.31,-229.53,147,SE
2024/11/02 20:46:23,20.81,3401,4937,77,-0.36,9.86,0.00,2,70.46,-320.91,-229.69,144,SE
2024/11/02 20:46:23,20.81,3397,4931,77,-0.32,9.81,-0.05,1,71.54,-322.04,-229.26,152,SE
2024/11/02 20:46:24,20.81,3348,4852,76,-0.30,9.89,0.04,1,71.56,-321.11,-229.60,136,SE
2024/11/02 20:46:24,20.81,3401,4937,77,-0.34,9.87,-0.02,1,70.62,-320.67,-229.59,147,SE
2024/11/02 20:46:25,20.81,3406,4943,77,-0.30,9.85,-0.01,1,70.30,-320.92,-229.78,146,SE
2024/11/02 20:46:25,20.81,3361,4872,76,-0.36,9.87,-0.03,2,70.92,-321.58,-228.98,148,SE
2024/11/02 20:46:26,20.81,3323,4812,75,-0.34,9.86,-0.02,1,70.60,-321.84,-229.52,147,SE
2024/11/02 20:46:26,20.81,3316,4802,75,-0.29,9.82,-0.05,1,71.24,-321.59,-229.52,153,SE
2024/11/02 20:46:27,20.81,3317,4803,75,-0.29,9.87,0.01,1,70.60,-321.60,-229.34,142,SE
2024/11/02 20:46:27,20.81,3316,4802,75,-0.37,9.86,0.00,2,71.68,-322.97,-229.09,144,SE
2024/11/02 20:46:28,20.81,3315,4801,75,-0.38,9.86,0.01,2,70.27,-322.08,-229.25,142,SE
2024/11/02 20:46:28,20.81,3316,4801,74,-0.29,9.85,-0.03,1,70.46,-320.67,-229.50,149,SE
2024/11/02 20:46:29,20.81,3318,4803,74,-0.30,9.83,-0.04,1,70.76,-321.59,-229.16,151,SE
2024/11/02 20:46:29,20.81,3315,4802,75,-0.32,9.87,0.01,1,70.43,-322.31,-229.35,142,SE
2024/11/02 20:46:30,20.81,3315,4800,74,-0.35,9.85,-0.01,2,70.29,-321.36,-228.97,145,SE
2024/11/02 20:46:30,20.81,3316,4800,74,-0.32,9.86,-0.02,1,71.25,-321.12,-229.51,147,SE
2024/11/02 20:46:31,20.81,3315,4801,75,-0.32,9.88,-0.02,1,71.57,-320.85,-228.79,147,SE
2024/11/02 20:46:31,20.81,3316,4801,74,-0.32,9.89,-0.01,1,70.76,-321.36,-229.24,146,SE
2024/11/02 20:46:37,20.81,3355,4867,76,-0.35,9.87,-0.04,2,69.46,-323.04,-229.18,150,SE
2024/11/02 20:46:38,20.81,3347,4853,76,-0.36,9.81,-0.02,2,70.94,-320.65,-229.41,147,SE
2024/11/02 20:46:38,20.81,3342,4844,76,-0.33,9.84,-0.01,1,71.08,-321.59,-229.52,145,SE
2024/11/02 20:46:39,20.81,3340,4839,75,-0.33,9.88,-0.02,1,71.07,-322.06,-229.53,147,SE
2024/11/02 20:46:39,20.81,3338,4836,75,-0.33,9.86,-0.02,1,70.94,-320.40,-228.87,147,SE
2024/11/02 20:46:40,20.81,3336,4833,75,-0.30,9.84,-0.02,1,69.64,-321.88,-229.79,147,SE
2024/11/02 20:46:40,20.81,3335,4831,75,-0.35,9.82,-0.02,2,71.72,-321.11,-229.60,147,SE
2024/11/02 20:46:41,20.81,3334,4830,75,-0.35,9.86,0.01,2,71.11,-319.94,-229.22,142,SE
2024/11/02 20:46:41,20.81,3334,4829,75,-0.36,9.87,-0.02,2,71.25,-320.88,-229.33,147,SE
2024/11/02 20:46:42,20.81,3334,4827,75,-0.25,9.84,-0.04,1,70.75,-322.08,-229.80,153,SE
2024/11/02 20:46:42,20.81,3333,4826,75,-0.35,9.83,-0.03,2,70.76,-321.61,-229.61,149,SE
2024/11/02 20:46:43,20.81,3332,4827,75,-0.32,9.83,-0.06,1,70.29,-321.15,-229.51,154,SE
2024/11/02 20:46:43,20.81,3332,4825,75,-0.34,9.80,-0.02,2,70.11,-322.31,-229.08,147,SE
2024/11/02 20:46:44,20.81,3331,4824,75,-0.35,9.80,-0.06,2,71.69,-322.51,-229.26,153,SE
2024/11/02 20:46:44,20.81,3331,4825,75,-0.33,9.82,0.20,2,71.87,-321.79,-229.16,113,SE
2024/11/02 20:46:45,20.81,3331,4824,75,-0.34,9.84,-0.01,1,70.94,-320.66,-229.51,145,SE
2024/11/02 20:46:45,20.81,3331,4824,75,-0.31,9.85,0.01,1,71.39,-322.05,-229.35,142,SE
2024/11/02 20:46:46,20.81,3331,4824,75,-0.32,9.81,0.00,1,70.59,-322.31,-229.35,144,SE
2024/11/02 20:46:46,20.81,3331,4824,75,-0.32,9.83,0.03,1,70.45,-321.36,-229.15,139,SE
2024/11/02 20:46:47,20.81,3331,4824,75,-0.36,9.82,0.04,2,70.59,-322.06,-229.16,138,SE
2024/11/02 20:46:53,20.81,3366,4885,77,-0.34,9.89,-0.05,2,70.13,-321.38,-229.42,152,SE
2024/11/02 20:46:53,20.81,3358,4869,76,-0.29,9.86,-0.05,1,70.75,-322.31,-229.53,153,SE
2024/11/02 20:46:54,20.81,3353,4862,76,-0.31,9.85,0.01,1,70.92,-321.60,-229.61,142,SE
2024/11/02 20:46:54,20.81,3352,4859,76,-0.32,9.86,-0.02,1,70.76,-321.59,-229.25,147,SE
2024/11/02 20:46:55,20.81,3350,4855,76,-0.30,9.85,0.00,1,71.09,-321.14,-229.96,144,SE
2024/11/02 20:46:55,20.81,3347,4850,76,-0.33,9.84,0.02,1,70.91,-322.31,-229.80,140,SE
2024/11/02 20:46:56,20.81,3347,4849,75,-0.30,9.85,-0.03,1,71.24,-321.59,-229.61,149,SE
2024/11/02 20:46:56,20.75,3346,4847,75,-0.33,9.86,0.00,1,70.28,-321.85,-229.34,144,SE
2024/11/02 20:46:57,20.75,3346,4847,75,-0.30,9.86,0.00,1,70.44,-321.61,-229.34,144,SE
2024/11/02 20:46:57,20.75,3344,4845,75,-0.33,9.85,0.00,1,71.23,-321.83,-229.61,144,SE
2024/11/02 20:46:58,20.75,3344,4844,75,-0.31,9.86,0.03,1,70.12,-321.84,-229.16,138,SE
2024/11/02 20:46:58,20.75,3344,4844,75,-0.29,9.86,0.01,1,71.23,-322.05,-229.26,142,SE
2024/11/02 20:46:59,20.75,3344,4843,75,-0.33,9.86,0.04,1,70.75,-322.30,-229.35,137,SE
2024/11/02 20:46:59,20.75,3345,4845,75,-0.34,9.89,0.00,1,70.10,-322.56,-229.35,144,SE
2024/11/02 20:46:59,20.75,3346,4847,75,-0.34,9.84,0.00,1,72.05,-320.87,-229.78,144,SE
2024/11/02 20:47:00,20.75,3345,4847,75,-0.33,9.84,0.00,1,70.59,-322.07,-229.43,144,SE
2024/11/02 20:47:00,20.75,3346,4848,75,-0.33,9.82,-0.01,1,70.60,-321.84,-229.34,146,SE
2024/11/02 20:47:01,20.75,3347,4848,75,-0.33,9.82,-0.02,1,70.14,-320.67,-229.14,147,SE
2024/11/02 20:47:01,20.75,3347,4848,75,-0.33,9.89,-0.04,1,70.90,-322.29,-229.26,151,SE
2024/11/02 20:47:02,20.75,3347,4849,75,-0.34,9.86,-0.05,2,69.95,-322.36,-230.16,152,SE
2024/11/02 20:47:08,20.81,3378,4903,77,-0.30,9.87,-0.03,1,70.59,-322.31,-229.44,149,SE
2024/11/02 20:47:08,20.81,3368,4883,76,-0.34,9.89,-0.01,1,70.12,-321.62,-229.52,145,SE
2024/11/02 20:47:09,20.81,3361,4873,76,-0.32,9.87,0.03,1,71.24,-321.59,-229.52,139,SE
2024/11/02 20:47:09,20.81,3358,4865,76,-0.34,9.86,0.00,1,71.23,-322.05,-229.35,144,SE
2024/11/02 20:47:10,20.81,3354,4859,76,-0.34,9.86,0.00,1,71.07,-322.06,-229.44,144,SE
2024/11/02 20:47:10,20.81,3350,4853,75,-0.34,9.83,0.01,2,70.09,-323.28,-229.81,142,SE
2024/11/02 20:47:11,20.81,3348,4850,75,-0.32,9.83,-0.02,1,70.60,-321.61,-229.61,147,SE
2024/11/02 20:47:11,20.75,3345,4846,75,-0.29,9.87,0.02,1,70.75,-322.07,-229.53,140,SE
2024/11/02 20:47:12,20.75,3343,4842,75,-0.34,9.88,0.00,1,71.40,-321.35,-229.43,144,SE
2024/11/02 20:47:12,20.75,3342,4841,75,-0.33,9.85,0.02,1,70.11,-322.32,-229.35,140,SE
2024/11/02 20:47:13,20.75,3341,4838,75,-0.34,9.86,0.02,1,71.73,-320.64,-229.60,140,SE
2024/11/02 20:47:13,20.75,3340,4836,75,-0.31,9.86,-0.01,1,71.22,-322.31,-229.89,146,SE
2024/11/02 20:47:14,20.75,3338,4833,75,-0.33,9.82,0.01,1,71.06,-322.30,-229.62,142,SE
2024/11/02 20:47:14,20.75,3337,4832,75,-0.34,9.84,-0.04,2,69.99,-320.46,-229.77,150,SE
2024/11/02 20:47:15,20.75,3337,4831,75,-0.36,9.84,-0.01,2,70.76,-321.60,-229.43,145,SE
2024/11/02 20:47:15,20.75,3337,4831,75,-0.31,9.82,0.01,1,70.44,-321.36,-228.97,142,SE
2024/11/02 20:47:16,20.75,3336,4830,75,-0.29,9.82,-0.03,1,70.58,-322.55,-229.53,150,SE
2024/11/02 20:47:16,20.75,3337,4829,75,-0.33,9.85,0.01,1,71.25,-321.11,-229.24,142,SE
2024/11/02 20:47:17,20.75,3337,4829,75,-0.29,9.86,-0.02,1,70.60,-321.61,-229.52,148,SE
2024/11/02 20:47:17,20.75,3336,4830,75,-0.34,9.82,-0.07,2,70.59,-322.07,-229.43,155,SE
2024/11/02 20:47:23,20.75,3377,4899,77,-0.30,9.82,-0.02,1,70.28,-321.61,-229.43,148,SE
2024/11/02 20:47:24,20.75,3369,4884,76,-0.30,9.84,0.03,1,70.77,-321.11,-228.79,138,SE
2024/11/02 20:47:24,20.75,3367,4878,76,-0.29,9.80,-0.02,1,71.38,-322.51,-229.08,148,SE
2024/11/02 20:47:25,20.75,3364,4874,76,-0.33,9.86,0.00,1,71.07,-321.83,-229.43,144,SE
2024/11/02 20:47:25,20.75,3363,4871,76,-0.32,9.86,-0.03,1,70.75,-322.06,-229.16,149,SE
2024/11/02 20:47:26,20.75,3361,4869,76,-0.32,9.78,-0.05,1,70.11,-322.08,-229.16,153,SE
2024/11/02 20:47:26,20.75,3361,4869,76,-0.33,9.84,0.01,1,70.60,-321.85,-229.70,142,SE
2024/11/02 20:47:27,20.75,3361,4868,76,-0.32,9.87,-0.01,1,70.91,-321.83,-229.43,146,SE
2024/11/02 20:47:27,20.75,3360,4867,76,-0.34,9.89,-0.01,1,70.76,-321.84,-229.52,145,SE
2024/11/02 20:47:28,20.75,3361,4868,76,-0.34,9.87,-0.01,1,71.05,-323.03,-230.08,145,SE
2024/11/02 20:47:28,20.75,3361,4868,76,-0.34,9.85,-0.03,2,70.77,-320.89,-229.24,149,SE
2024/11/02 20:47:29,20.75,3360,4867,76,-0.37,9.83,-0.06,2,71.22,-322.54,-229.71,153,SE
2024/11/02 20:47:29,20.75,3360,4867,76,-0.32,9.87,0.00,1,70.75,-322.08,-229.62,144,SE
2024/11/02 20:47:30,20.75,3360,4869,76,-0.31,9.80,0.02,1,70.60,-321.84,-229.52,140,SE
2024/11/02 20:47:30,20.75,3361,4869,76,-0.29,9.87,-0.04,1,71.69,-322.50,-229.17,152,SE
2024/11/02 20:47:31,20.75,3361,4870,76,-0.29,9.88,0.01,1,70.28,-321.85,-229.52,142,SE
2024/11/02 20:47:31,20.75,3361,4869,76,-0.34,9.88,0.01,1,70.44,-321.61,-229.34,142,SE
2024/11/02 20:47:32,20.75,3361,4869,76,-0.32,9.85,-0.03,1,72.04,-321.35,-229.97,149,SE
2024/11/02 20:47:32,20.75,3361,4869,76,-0.29,9.85,-0.02,1,70.46,-320.43,-229.41,148,SE
2024/11/02 20:47:33,20.75,3361,4869,76,-0.30,9.84,0.24,2,71.26,-320.66,-229.69,106,E
2024/11/02 20:47:39,20.75,3388,4917,77,-0.30,9.84,0.06,1,70.44,-321.62,-229.79,133,SE
2024/11/02 20:47:39,20.75,3380,4900,76,-0.31,9.87,-0.04,1,70.76,-321.61,-229.79,151,SE
2024/11/02 20:47:40,20.75,3374,4890,76,-0.29,9.87,-0.05,1,71.41,-320.63,-229.24,153,SE
2024/11/02 20:47:40,20.75,3371,4885,76,-0.30,9.83,-0.02,1,71.24,-321.35,-229.34,147,SE
2024/11/02 20:47:41,20.75,3368,4881,76,-0.33,9.84,-0.06,1,70.13,-321.14,-229.33,154,SE
2024/11/02 20:47:41,20.75,3366,4876,76,-0.35,9.85,0.01,2,70.59,-322.07,-229.43,142,SE
2024/11/02 20:47:42,20.75,3364,4874,76,-0.31,9.87,0.02,1,70.61,-320.89,-229.15,140,SE
2024/11/02 20:47:42,20.69,3365,4875,76,-0.33,9.89,-0.02,1,70.60,-321.60,-229.34,147,SE
2024/11/02 20:47:43,20.69,3369,4881,76,-0.31,9.87,0.03,1,70.77,-321.14,-229.69,138,SE
2024/11/02 20:47:43,20.69,3370,4883,76,-0.32,9.87,-0.01,1,70.90,-322.30,-229.53,146,SE
2024/11/02 20:47:44,20.69,3371,4884,76,-0.35,9.82,-0.01,2,70.44,-321.64,-230.15,145,SE
2024/11/02 20:47:44,20.69,3372,4885,76,-0.34,9.86,-0.05,2,71.39,-321.82,-229.61,152,SE
2024/11/02 20:47:45,20.69,3373,4887,76,-0.31,9.87,-0.03,1,71.22,-322.52,-229.17,149,SE
2024/11/02 20:47:45,20.69,3374,4888,76,-0.34,9.86,0.00,1,70.44,-321.83,-229.07,144,SE
2024/11/02 20:47:46,20.69,3376,4890,76,-0.32,9.85,-0.03,1,70.60,-321.83,-229.16,149,SE
2024/11/02 20:47:46,20.69,3376,4892,76,-0.34,9.81,0.02,2,70.78,-320.65,-229.23,140,SE
2024/11/02 20:47:47,20.69,3377,4894,76,-0.30,9.83,0.01,1,71.09,-321.12,-229.33,142,SE
2024/11/02 20:47:47,20.69,3379,4896,76,-0.35,9.87,-0.05,2,70.92,-321.61,-229.70,152,SE
2024/11/02 20:47:48,20.69,3379,4897,76,-0.31,9.86,0.00,1,71.72,-321.09,-229.15,144,SE
2024/11/02 20:47:48,20.69,3380,4899,76,-0.33,9.88,-0.05,1,70.44,-321.63,-229.88,152,SE
2024/11/02 20:47:54,20.75,3429,4982,79,-0.39,9.85,0.01,2,72.04,-321.11,-229.79,142,SE
2024/11/02 20:47:55,20.75,3421,4967,78,-0.27,9.82,0.01,1,69.96,-321.62,-229.25,142,SE
2024/11/02 20:47:55,20.75,3419,4961,78,-0.30,9.83,-0.01,1,69.81,-321.64,-229.70,146,SE
2024/11/02 20:47:56,20.75,3418,4958,78,-0.30,9.87,0.03,1,70.90,-322.77,-229.45,138,SE
2024/11/02 20:47:56,20.75,3418,4957,77,-0.35,9.89,0.03,2,71.55,-321.58,-229.43,139,SE
2024/11/02 20:47:57,20.75,3416,4957,78,-0.31,9.85,0.02,1,70.61,-321.37,-229.51,140,SE
2024/11/02 20:47:57,20.75,3417,4957,78,-0.34,9.85,-0.03,2,70.75,-322.08,-229.71,149,SE
2024/11/02 20:47:58,20.69,3417,4957,78,-0.31,9.84,-0.02,1,70.12,-322.10,-229.71,147,SE
2024/11/02 20:47:58,20.69,3418,4957,77,-0.32,9.87,-0.03,1,71.74,-320.40,-229.41,149,SE
2024/11/02 20:47:59,20.69,3418,4958,78,-0.34,9.85,-0.01,1,69.94,-323.03,-229.45,146,SE
2024/11/02 20:47:59,20.69,3419,4959,78,-0.31,9.86,-0.06,1,71.10,-320.42,-229.50,154,SE
2024/11/02 20:48:00,20.69,3419,4960,78,-0.29,9.85,0.01,1,70.91,-322.31,-229.62,142,SE
2024/11/02 20:48:00,20.69,3418,4961,78,-0.33,9.87,0.00,1,71.05,-323.00,-229.45,144,SE
2024/11/02 20:48:01,20.69,3419,4961,78,-0.30,9.85,-0.19,2,69.76,-323.74,-229.46,176,S
2024/11/02 20:48:01,20.69,3420,4962,78,-0.29,9.87,0.00,1,69.80,-321.87,-229.61,144,SE
2024/11/02 20:48:02,20.69,3420,4962,78,-0.28,9.82,0.01,1,70.75,-322.09,-230.07,142,SE
2024/11/02 20:48:02,20.69,3421,4963,78,-0.30,9.85,-0.04,1,70.45,-321.40,-230.15,151,SE
2024/11/02 20:48:03,20.69,3421,4963,78,-0.33,9.84,0.01,1,71.71,-321.82,-229.70,142,SE
2024/11/02 20:48:03,20.69,3422,4963,78,-0.29,9.84,-0.07,1,70.43,-322.08,-229.43,157,SE
2024/11/02 20:48:04,20.69,3422,4964,78,-0.31,9.85,0.00,1,70.44,-321.63,-229.88,144,SE
2024/11/02 20:48:10,20.69,3462,5033,80,-0.32,9.89,-0.03,1,70.92,-321.36,-229.43,149,SE
2024/11/02 20:48:10,20.69,3454,5017,79,-0.29,9.86,0.01,1,70.62,-320.66,-229.32,142,SE
2024/11/02 20:48:11,20.69,3449,5009,79,-0.30,9.85,-0.01,1,70.77,-321.11,-228.97,146,SE
2024/11/02 20:48:11,20.69,3446,5004,79,-0.38,9.86,0.03,2,71.23,-321.82,-229.34,139,SE
2024/11/02 20:48:12,20.69,3444,5000,79,-0.32,9.84,-0.02,1,71.40,-321.58,-229.52,147,SE
2024/11/02 20:48:12,20.69,3443,4997,78,-0.31,9.84,-0.01,1,71.09,-321.13,-229.69,146,SE
2024/11/02 20:48:13,20.69,3441,4995,78,-0.31,9.89,-0.01,1,72.51,-321.30,-228.98,146,SE
2024/11/02 20:48:13,20.69,3442,4993,78,-0.31,9.85,-0.03,1,71.38,-322.30,-229.80,149,SE
2024/11/02 20:48:14,20.69,3441,4992,78,-0.32,9.83,-0.01,1,70.92,-321.84,-229.79,146,SE
2024/11/02 20:48:14,20.69,3440,4992,78,-0.30,9.87,-0.01,1,70.59,-322.07,-229.43,146,SE
2024/11/02 20:48:15,20.69,3439,4991,78,-0.33,9.83,-0.01,1,70.60,-321.60,-229.34,145,SE
2024/11/02 20:48:15,20.69,3439,4989,78,-0.30,9.84,0.08,1,70.75,-322.08,-229.71,129,SE
2024/11/02 20:48:16,20.69,3437,4989,78,-0.30,9.83,-0.03,1,70.29,-321.16,-229.87,149,SE
2024/11/02 20:48:16,20.69,3437,4988,78,-0.32,9.83,-0.01,1,71.07,-321.84,-229.88,145,SE
2024/11/02 20:48:17,20.69,3437,4988,78,-0.30,9.84,-0.06,1,70.75,-322.06,-229.16,155,SE
2024/11/02 20:48:17,20.69,3438,4988,78,-0.30,9.78,-0.02,1,70.75,-321.81,-228.89,148,SE
2024/11/02 20:48:18,20.69,3437,4988,78,-0.35,9.85,0.01,2,70.75,-322.32,-229.71,142,SE
2024/11/02 20:48:18,20.69,3437,4988,78,-0.33,9.85,0.00,1,71.08,-321.36,-229.52,144,SE
2024/11/02 20:48:19,20.69,3439,4989,78,-0.27,9.84,0.09,1,71.39,-322.07,-229.98,126,SE
2024/11/02 20:48:19,20.69,3439,4989,78,-0.33,9.84,-0.04,1,70.12,-321.62,-229.43,151,SE
2024/11/02 20:48:25,20.69,3475,5053,80,-0.31,9.84,-0.01,1,70.12,-321.88,-230.15,146,SE
2024/11/02 20:48:26,20.69,3466,5036,79,-0.32,9.84,-0.03,1,70.43,-322.34,-230.07,149,SE
2024/11/02 20:48:26,20.69,3462,5027,79,-0.37,9.82,0.05,2,71.71,-321.79,-229.07,136,SE
2024/11/02 20:48:27,20.69,3458,5022,79,-0.37,9.84,-0.02,2,70.76,-321.59,-229.16,147,SE
2024/11/02 20:48:27,20.69,3456,5017,79,-0.29,9.84,-0.03,1,70.90,-322.77,-229.45,150,SE
2024/11/02 20:48:28,20.69,3455,5014,79,-0.36,9.79,-0.05,2,70.26,-322.56,-229.53,152,SE
2024/11/02 20:48:28,20.69,3454,5013,79,-0.36,9.84,-0.05,2,71.10,-320.16,-228.96,151,SE
2024/11/02 20:48:29,20.69,3452,5011,79,-0.35,9.85,-0.02,2,70.29,-321.38,-229.33,147,SE
2024/11/02 20:48:29,20.69,3452,5010,79,-0.32,9.89,0.03,1,71.06,-322.52,-229.17,139,SE
2024/11/02 20:48:30,20.69,3451,5007,78,-0.30,9.86,0.00,1,70.93,-321.12,-229.24,144,SE
2024/11/02 20:48:30,20.69,3451,5008,79,-0.33,9.89,0.02,1,70.59,-322.10,-230.16,140,SE
2024/11/02 20:48:31,20.69,3452,5009,78,-0.28,9.84,0.02,1,71.38,-322.27,-228.90,140,SE
2024/11/02 20:48:31,20.69,3451,5008,79,-0.33,9.89,0.00,1,70.47,-320.19,-229.14,144,SE
2024/11/02 20:48:32,20.69,3450,5007,79,-0.30,9.86,0.00,1,70.88,-323.49,-229.73,144,SE
2024/11/02 20:48:32,20.69,3451,5009,79,-0.34,9.84,-0.03,2,70.45,-321.38,-229.70,149,SE
2024/11/02 20:48:33,20.69,3451,5008,79,-0.28,9.85,0.03,1,71.37,-322.76,-229.45,138,SE
2024/11/02 20:48:33,20.69,3450,5007,79,-0.32,9.81,0.02,1,70.60,-321.61,-229.52,140,SE
2024/11/02 20:48:34,20.69,3450,5007,79,-0.31,9.81,0.01,1,71.56,-321.58,-229.61,142,SE
2024/11/02 20:48:34,20.69,3451,5008,79,-0.36,9.89,-0.06,2,70.93,-321.14,-229.78,153,SE
2024/11/02 20:48:35,20.69,3451,5007,78,-0.33,9.89,0.01,1,70.78,-320.43,-229.50,142,SE
2024/11/02 20:48:41,20.69,3487,5070,80,-0.30,9.86,0.00,1,70.61,-320.89,-229.24,144,SE
2024/11/02 20:48:41,20.69,3477,5053,80,-0.30,9.85,-0.03,1,71.39,-322.05,-229.44,149,SE
2024/11/02 20:48:42,20.69,3473,5043,79,-0.37,9.83,-0.04,2,71.39,-321.83,-229.70,150,SE
2024/11/02 20:48:42,20.69,3469,5039,79,-0.28,9.86,-0.02,1,71.22,-322.31,-229.80,148,SE
2024/11/02 20:48:43,20.69,3469,5036,79,-0.30,9.87,-0.03,1,70.61,-321.38,-229.79,149,SE
2024/11/02 20:48:43,20.69,3466,5032,79,-0.31,9.83,-0.05,1,70.60,-321.61,-229.52,153,SE
2024/11/02 20:48:44,20.69,3466,5032,79,-0.32,9.85,0.00,1,71.40,-321.58,-229.52,144,SE
2024/11/02 20:48:44,20.62,3466,5030,79,-0.33,9.86,-0.04,1,70.44,-321.61,-229.34,151,SE
2024/11/02 20:48:45,20.62,3465,5029,79,-0.33,9.82,-0.03,1,70.76,-321.61,-229.70,149,SE
2024/11/02 20:48:45,20.62,3465,5030,79,-0.37,9.86,-0.03,2,71.08,-321.36,-229.61,148,SE
2024/11/02 20:48:46,20.62,3465,5030,79,-0.27,9.86,0.01,1,71.71,-321.57,-229.34,142,SE
2024/11/02 20:48:46,20.62,3465,5030,79,-0.32,9.84,0.01,1,70.30,-320.67,-229.32,142,SE
2024/11/02 20:48:47,20.62,3465,5030,79,-0.35,9.86,0.00,2,70.63,-320.45,-229.95,144,SE
2024/11/02 20:48:47,20.62,3464,5030,79,-0.30,9.81,-0.01,1,70.27,-322.33,-229.71,146,SE
2024/11/02 20:48:48,20.62,3466,5030,79,-0.31,9.85,-0.04,1,70.29,-321.38,-229.33,151,SE
2024/11/02 20:48:48,20.62,3466,5030,79,-0.36,9.85,-0.04,2,71.07,-321.84,-229.70,150,SE
2024/11/02 20:48:49,20.62,3466,5031,79,-0.30,9.83,0.01,1,70.75,-322.32,-229.80,142,SE
2024/11/02 20:48:49,20.62,3466,5031,79,-0.35,9.83,0.01,2,71.26,-320.66,-229.69,142,SE
2024/11/02 20:48:50,20.62,3466,5032,79,-0.34,9.85,-0.04,2,71.09,-321.12,-229.42,150,SE
2024/11/02 20:48:50,20.62,3466,5032,79,-0.33,9.86,0.04,1,70.75,-321.84,-229.43,137,SE
2024/11/02 20:48:56,20.62,3503,5097,81,-0.31,9.87,-0.02,1,71.08,-321.59,-229.34,147,SE
2024/11/02 20:48:57,20.62,3496,5082,80,-0.31,9.87,-0.02,1,71.56,-321.60,-229.97,147,SE
2024/11/02 20:48:57,20.62,3491,5073,80,-0.32,9.88,0.00,1,71.55,-321.81,-229.34,144,SE
2024/11/02 20:48:58,20.62,3489,5068,80,-0.34,9.84,-0.03,2,71.23,-321.81,-229.25,149,SE
2024/11/02 20:48:58,20.62,3487,5065,80,-0.33,9.82,-0.04,1,70.75,-322.07,-229.44,151,SE
2024/11/02 20:48:59,20.62,3484,5061,80,-0.34,9.85,0.01,1,71.09,-321.13,-229.69,142,SE
2024/11/02 20:48:59,20.62,3484,5060,80,-0.32,9.89,-0.01,1,71.41,-320.90,-230.14,145,SE
2024/11/02 20:49:00,20.62,3483,5060,80,-0.31,9.83,-0.05,1,70.43,-322.09,-229.71,153,SE
2024/11/02 20:49:00,20.62,3484,5059,80,-0.34,9.83,0.00,2,70.60,-321.61,-229.70,144,SE
2024/11/02 20:49:01,20.62,3483,5059,80,-0.26,9.90,0.00,1,70.92,-321.60,-229.61,144,SE
2024/11/02 20:49:01,20.62,3483,5058,80,-0.28,9.85,-0.04,1,71.25,-320.88,-229.42,152,SE
2024/11/02 20:49:01,20.62,3482,5057,80,-0.30,9.89,0.01,1,70.75,-321.84,-229.43,142,SE
2024/11/02 20:49:02,20.62,3482,5058,80,-0.31,9.85,0.00,1,70.60,-321.84,-229.34,144,SE
2024/11/02 20:49:02,20.62,3482,5058,80,-0.35,9.85,0.00,2,70.47,-320.20,-229.59,144,SE
2024/11/02 20:49:03,20.62,3483,5058,80,-0.31,9.89,-0.04,1,70.61,-321.15,-229.78,151,SE
2024/11/02 20:49:03,20.62,3483,5057,79,-0.29,9.85,0.01,1,71.07,-322.08,-229.98,142,SE
2024/11/02 20:49:04,20.62,3483,5057,79,-0.29,9.85,0.02,1,70.60,-321.61,-229.70,140,SE
2024/11/02 20:49:04,20.62,3483,5058,80,-0.31,9.88,-0.03,1,70.75,-322.08,-229.62,149,SE
2024/11/02 20:49:05,20.62,3482,5057,80,-0.33,9.88,0.01,1,70.13,-321.40,-229.88,142,SE
2024/11/02 20:49:05,20.62,3484,5058,79,-0.31,9.88,0.01,1,70.61,-321.37,-229.42,142,SE
2024/11/02 20:49:11,20.62,3520,5122,81,-0.30,9.81,-0.01,1,71.07,-322.07,-229.71,146,SE
2024/11/02 20:49:12,20.62,3512,5106,81,-0.32,9.83,0.02,1,71.07,-321.83,-229.43,140,SE
2024/11/02 20:49:12,20.62,3506,5096,80,-0.38,9.85,-0.05,2,70.59,-322.07,-229.25,151,SE
2024/11/02 20:49:13,20.62,3505,5092,80,-0.34,9.85,-0.01,1,70.46,-320.91,-229.69,145,SE
2024/11/02 20:49:13,20.62,3503,5088,80,-0.28,9.85,-0.01,1,71.40,-321.34,-229.25,146,SE
2024/11/02 20:49:14,20.62,3500,5085,80,-0.36,9.85,-0.04,2,70.93,-321.12,-229.33,150,SE
2024/11/02 20:49:14,20.62,3500,5085,80,-0.36,9.89,0.00,2,71.09,-321.12,-229.51,144,SE
2024/11/02 20:49:15,20.62,3499,5084,80,-0.30,9.82,0.00,1,71.87,-321.81,-229.61,144,SE
2024/11/02 20:49:15,20.62,3499,5083,80,-0.33,9.86,0.03,1,70.62,-320.66,-229.23,139,SE
2024/11/02 20:49:16,20.62,3499,5082,80,-0.31,9.86,-0.03,1,70.76,-321.85,-229.88,149,SE
2024/11/02 20:49:16,20.62,3498,5081,80,-0.33,9.82,-0.03,1,70.61,-321.14,-229.69,149,SE
2024/11/02 20:49:17,20.62,3498,5081,80,-0.33,9.89,-0.01,1,70.27,-322.33,-229.71,146,SE
2024/11/02 20:49:17,20.62,3498,5080,80,-0.29,9.84,-0.04,1,70.61,-321.38,-229.79,151,SE
2024/11/02 20:49:18,20.62,3497,5079,80,-0.29,9.87,-0.01,1,71.39,-322.06,-229.53,146,SE
2024/11/02 20:49:18,20.62,3498,5081,80,-0.32,9.86,-0.01,1,71.55,-321.58,-229.52,146,SE
2024/11/02 20:49:19,20.62,3498,5079,80,-0.34,9.82,0.01,2,70.26,-322.55,-229.44,142,SE
2024/11/02 20:49:19,20.62,3498,5080,80,-0.31,9.88,0.00,1,70.89,-323.01,-229.63,144,SE
2024/11/02 20:49:20,20.62,3498,5081,80,-0.35,9.81,0.00,2,71.39,-321.81,-229.16,144,SE
2024/11/02 20:49:20,20.62,3498,5080,80,-0.33,9.88,-0.01,1,70.14,-320.68,-229.59,145,SE
2024/11/02 20:49:21,20.62,3498,5081,80,-0.26,9.88,0.00,1,71.07,-321.82,-229.25,144,SE
2024/11/02 20:49:27,20.62,3535,5143,82,-0.36,9.83,-0.04,2,71.23,-322.04,-229.08,150,SE
2024/11/02 20:49:27,20.62,3525,5126,81,-0.30,9.86,-0.02,1,70.93,-320.89,-229.51,147,SE
2024/11/02 20:49:28,20.62,3520,5116,81,-0.35,9.83,0.00,2,70.61,-320.90,-229.33,144,SE
2024/11/02 20:49:28,20.62,3519,5112,81,-0.32,9.82,0.00,1,70.58,-322.79,-229.81,144,SE
2024/11/02 20:49:29,20.62,3516,5108,80,-0.33,9.88,-0.06,1,70.75,-322.07,-229.35,154,SE
2024/11/02 20:49:29,20.62,3513,5105,81,-0.34,9.87,0.03,1,71.23,-322.06,-229.62,139,SE
2024/11/02 20:49:30,20.62,3512,5103,80,-0.27,9.82,0.00,1,70.46,-320.68,-229.78,144,SE
2024/11/02 20:49:30,20.56,3511,5101,80,-0.32,9.82,0.04,1,71.22,-322.52,-229.26,137,SE
2024/11/02 20:49:31,20.56,3510,5099,80,-0.32,9.86,0.02,1,69.94,-323.03,-229.36,140,SE
2024/11/02 20:49:31,20.56,3510,5099,80,-0.32,9.88,-0.05,1,70.43,-322.09,-229.71,152,SE
2024/11/02 20:49:32,20.56,3509,5099,80,-0.30,9.87,-0.05,1,70.45,-321.14,-229.51,153,SE
2024/11/02 20:49:32,20.56,3509,5098,80,-0.35,9.89,0.00,2,71.55,-322.06,-229.71,144,SE
2024/11/02 20:49:33,20.56,3509,5098,80,-0.36,9.86,-0.01,2,70.60,-321.63,-229.97,145,SE
2024/11/02 20:49:33,20.56,3508,5098,80,-0.31,9.86,-0.01,1,70.29,-321.38,-229.33,146,SE
2024/11/02 20:49:34,20.56,3509,5098,80,-0.34,9.81,-0.06,2,71.23,-321.82,-229.52,154,SE
2024/11/02 20:49:34,20.56,3508,5098,80,-0.31,9.82,-0.05,1,70.76,-321.62,-230.06,153,SE
2024/11/02 20:49:35,20.56,3509,5096,80,-0.37,9.85,-0.06,2,70.90,-322.77,-229.36,153,SE
2024/11/02 20:49:35,20.56,3509,5096,80,-0.32,9.89,-0.01,1,70.25,-323.25,-229.09,146,SE
2024/11/02 20:49:36,20.56,3508,5096,80,-0.32,9.85,0.03,1,70.44,-321.61,-229.43,139,SE
2024/11/02 20:49:36,20.56,3508,5096,80,-0.32,9.86,0.01,1,70.91,-322.05,-229.07,142,SE
2024/11/02 20:49:42,20.62,3544,5159,82,-0.31,9.86,-0.01,1,71.25,-321.13,-229.69,146,SE
2024/11/02 20:49:43,20.62,3535,5141,81,-0.28,9.87,0.00,1,71.24,-321.10,-229.06,144,SE
2024/11/02 20:49:43,20.62,3529,5133,81,-0.31,9.89,0.06,1,70.91,-322.08,-229.80,133,SE
2024/11/02 20:49:44,20.62,3525,5125,81,-0.29,9.87,-0.02,1,70.93,-320.89,-229.51,148,SE
2024/11/02 20:49:44,20.62,3522,5122,81,-0.36,9.88,0.01,2,70.62,-320.91,-229.60,142,SE
2024/11/02 20:49:45,20.62,3520,5117,81,-0.31,9.84,-0.01,1,71.07,-322.06,-229.44,146,SE
2024/11/02 20:49:45,20.62,3519,5115,81,-0.29,9.86,0.04,1,71.23,-322.06,-229.44,136,SE
2024/11/02 20:49:46,20.56,3518,5113,81,-0.32,9.86,-0.02,1,70.60,-321.59,-228.98,147,SE
2024/11/02 20:49:46,20.56,3518,5112,81,-0.31,9.86,0.03,1,70.60,-321.85,-229.61,138,SE
2024/11/02 20:49:47,20.56,3518,5109,80,-0.34,9.86,0.01,1,71.40,-321.10,-229.24,142,SE
2024/11/02 20:49:47,20.56,3517,5109,80,-0.33,9.87,0.00,1,70.79,-319.96,-229.58,144,SE
2024/11/02 20:49:48,20.56,3516,5108,80,-0.34,9.84,-0.03,2,70.45,-321.16,-229.96,149,SE
2024/11/02 20:49:48,20.56,3514,5105,80,-0.31,9.84,-0.01,1,70.93,-321.13,-229.60,146,SE
2024/11/02 20:49:49,20.56,3514,5103,80,-0.29,9.84,0.00,1,71.24,-321.34,-229.25,144,SE
2024/11/02 20:49:49,20.56,3513,5104,80,-0.32,9.85,-0.01,1,71.37,-322.75,-229.27,146,SE
2024/11/02 20:49:50,20.56,3513,5103,80,-0.28,9.86,-0.02,1,70.77,-321.14,-229.78,148,SE
2024/11/02 20:49:50,20.56,3513,5103,80,-0.32,9.81,-0.02,1,71.22,-322.29,-229.35,147,SE
2024/11/02 20:49:51,20.56,3512,5101,80,-0.36,9.85,-0.04,2,70.59,-322.09,-229.80,150,SE
2024/11/02 20:49:51,20.56,3511,5100,80,-0.33,9.86,-0.03,1,70.76,-321.36,-229.33,149,SE
2024/11/02 20:49:52,20.56,3511,5099,80,-0.31,9.84,-0.01,1,70.76,-321.36,-229.42,146,SE
2024/11/02 20:49:58,20.62,3539,5150,82,-0.34,9.87,-0.03,1,70.13,-321.13,-228.88,149,SE
2024/11/02 20:49:58,20.62,3531,5135,81,-0.35,9.82,0.03,2,70.77,-321.13,-229.33,139,SE
2024/11/02 20:49:59,20.62,3524,5123,81,-0.28,9.79,-0.03,1,70.09,-323.28,-229.81,150,SE
2024/11/02 20:49:59,20.62,3521,5116,81,-0.27,9.83,-0.03,1,71.39,-322.06,-229.71,150,SE
2024/11/02 20:50:00,20.62,3519,5113,81,-0.33,9.87,0.01,1,70.45,-321.15,-229.69,142,SE
2024/11/02 20:50:00,20.62,3516,5108,80,-0.30,9.85,0.00,1,71.38,-322.30,-229.89,144,SE
2024/11/02 20:50:01,20.62,3514,5106,81,-0.34,9.87,-0.01,1,70.77,-321.13,-229.51,145,SE
2024/11/02 20:50:01,20.56,3512,5103,80,-0.29,9.85,0.01,1,71.06,-322.78,-229.72,142,SE
2024/11/02 20:50:02,20.56,3512,5100,80,-0.32,9.85,0.01,1,71.56,-321.33,-229.07,142,SE
2024/11/02 20:50:02,20.56,3511,5099,80,-0.31,9.81,0.00,1,71.10,-320.65,-229.32,144,SE
2024/11/02 20:50:03,20.56,3510,5097,80,-0.35,9.83,-0.02,2,70.44,-321.61,-229.43,147,SE
2024/11/02 20:50:03,20.56,3508,5094,80,-0.29,9.88,-0.02,1,71.08,-321.35,-229.34,148,SE
2024/11/02 20:50:04,20.56,3507,5092,80,-0.33,9.83,0.00,1,71.06,-322.53,-229.53,144,SE
2024/11/02 20:50:04,20.56,3506,5091,80,-0.32,9.85,-0.03,1,70.43,-322.09,-229.71,149,SE
2024/11/02 20:50:05,20.56,3506,5091,80,-0.28,9.86,0.01,1,71.23,-321.83,-229.61,142,SE
2024/11/02 20:50:05,20.56,3505,5091,80,-0.31,9.82,0.00,1,70.89,-323.24,-229.36,144,SE
2024/11/02 20:50:06,20.56,3505,5089,80,-0.29,9.88,0.01,1,71.39,-322.06,-229.53,142,SE
2024/11/02 20:50:06,20.56,3504,5089,80,-0.32,9.81,0.00,1,70.43,-322.07,-229.07,144,SE
2024/11/02 20:50:07,20.56,3504,5088,80,-0.30,9.86,-0.05,1,71.55,-321.82,-229.70,153,SE
2024/11/02 20:50:07,20.56,3504,5087,80,-0.32,9.81,-0.01,1,72.33,-322.50,-229.54,146,SE
2024/11/02 20:50:13,20.56,3531,5136,81,-0.32,9.84,-0.02,1,70.45,-321.15,-229.60,147,SE
2024/11/02 20:50:14,20.56,3521,5117,81,-0.32,9.85,-0.05,1,71.10,-320.65,-229.51,152,SE
2024/11/02 20:50:14,20.56,3516,5108,80,-0.32,9.84,-0.05,1,69.81,-321.63,-229.43,152,SE
2024/11/02 20:50:15,20.56,3513,5102,80,-0.36,9.87,0.00,2,71.09,-320.90,-229.87,144,SE
2024/11/02 20:50:15,20.56,3509,5097,80,-0.31,9.87,0.09,1,70.27,-322.08,-229.43,128,SE
2024/11/02 20:50:16,20.56,3507,5092,80,-0.36,9.86,0.01,2,72.05,-320.86,-229.60,142,SE
2024/11/02 20:50:16,20.56,3506,5090,80,-0.32,9.89,-0.02,1,71.21,-322.76,-229.45,147,SE
2024/11/02 20:50:17,20.56,3506,5090,80,-0.30,9.85,0.02,1,70.61,-320.90,-229.51,140,SE
2024/11/02 20:50:17,20.56,3504,5088,80,-0.32,9.80,0.02,1,71.22,-322.54,-229.71,140,SE
2024/11/02 20:50:18,20.56,3499,5080,80,-0.28,9.83,-0.01,1,71.25,-321.12,-229.60,146,SE
2024/11/02 20:50:18,20.56,3507,5093,80,-0.30,9.85,-0.01,1,71.09,-321.12,-229.51,146,SE
2024/11/02 20:50:19,20.56,3512,5098,80,-0.32,9.84,0.01,1,70.91,-322.08,-229.80,142,SE
2024/11/02 20:50:19,20.56,3514,5102,80,-0.32,9.88,0.04,1,70.77,-321.15,-229.87,137,SE
2024/11/02 20:50:20,20.56,3497,5076,80,-0.30,9.84,-0.01,1,70.77,-321.13,-229.42,146,SE
2024/11/02 20:50:20,20.56,3511,5098,80,-0.30,9.86,0.00,1,70.14,-320.68,-229.41,144,SE
2024/11/02 20:50:21,20.56,3510,5097,80,-0.33,9.82,-0.01,1,70.78,-320.67,-229.69,145,SE
2024/11/02 20:50:21,20.56,3509,5096,80,-0.30,9.87,0.01,1,69.96,-321.62,-229.25,142,SE
2024/11/02 20:50:22,20.56,3485,5056,79,-0.30,9.86,0.01,1,70.58,-322.56,-229.80,142,SE
2024/11/02 20:50:22,20.56,3506,5091,80,-0.33,9.86,0.00,1,71.57,-320.87,-229.42,144,SE
2024/11/02 20:50:23,20.56,3506,5088,80,-0.28,9.85,0.00,1,70.76,-321.36,-229.42,144,SE
2024/11/02 20:50:29,20.56,3519,5115,81,-0.29,9.85,-0.01,1,70.28,-321.62,-229.61,146,SE
2024/11/02 20:50:29,20.56,3510,5097,80,-0.33,9.85,-0.04,1,71.40,-321.10,-229.24,151,SE
2024/11/02 20:50:30,20.56,3505,5090,80,-0.33,9.90,0.00,1,70.44,-321.85,-229.70,144,SE
2024/11/02 20:50:30,20.56,3503,5086,80,-0.29,9.85,0.01,1,70.92,-321.37,-229.70,142,SE
2024/11/02 20:50:31,20.56,3501,5082,80,-0.34,9.83,0.01,2,71.39,-322.06,-229.71,142,SE
2024/11/02 20:50:31,20.56,3499,5078,80,-0.33,9.85,-0.01,1,71.40,-321.60,-229.79,145,SE
2024/11/02 20:50:32,20.56,3499,5077,80,-0.32,9.89,-0.01,1,70.92,-321.36,-229.33,146,SE
2024/11/02 20:50:32,20.56,3498,5078,80,-0.26,9.87,-0.01,1,70.27,-322.33,-229.62,146,SE
2024/11/02 20:50:33,20.56,3498,5077,80,-0.29,9.87,-0.03,1,71.22,-322.30,-229.71,150,SE
2024/11/02 20:50:33,20.56,3498,5076,80,-0.33,9.89,-0.05,1,71.56,-321.59,-229.79,152,SE
2024/11/02 20:50:34,20.56,3497,5076,80,-0.32,9.84,-0.02,1,70.60,-321.62,-229.88,147,SE
2024/11/02 20:50:34,20.56,3498,5074,79,-0.32,9.82,-0.04,1,70.78,-320.67,-229.60,151,SE
2024/11/02 20:50:35,20.56,3496,5072,79,-0.34,9.89,-0.02,1,71.26,-320.16,-229.05,147,SE
2024/11/02 20:50:35,20.56,3494,5071,80,-0.32,9.85,-0.03,1,71.24,-321.35,-229.52,149,SE
2024/11/02 20:50:36,20.56,3493,5069,79,-0.35,9.86,-0.02,2,71.37,-322.76,-229.63,147,SE
2024/11/02 20:50:36,20.56,3491,5066,79,-0.28,9.84,-0.01,1,70.95,-319.95,-229.49,146,SE
2024/11/02 20:50:37,20.56,3489,5061,79,-0.32,9.85,0.01,1,70.92,-321.60,-229.61,142,SE
2024/11/02 20:50:37,20.56,3487,5056,79,-0.29,9.83,-0.02,1,70.11,-322.34,-229.80,148,SE
2024/11/02 20:50:38,20.56,3484,5054,79,-0.33,9.82,-0.01,1,71.27,-319.93,-229.22,145,SE
2024/11/02 20:50:38,20.56,3482,5050,79,-0.33,9.83,-0.01,1,70.75,-322.07,-229.44,146,SE
2024/11/02 20:50:44,20.56,3513,5103,80,-0.36,9.84,0.03,2,70.29,-321.15,-229.51,139,SE
2024/11/02 20:50:45,20.56,3505,5089,80,-0.34,9.76,0.04,2,71.22,-322.30,-229.71,137,SE
2024/11/02 20:50:45,20.56,3502,5083,80,-0.33,9.87,-0.01,1,70.77,-321.13,-229.51,145,SE
2024/11/02 20:50:46,20.56,3498,5077,80,-0.31,9.88,-0.01,1,70.62,-320.92,-229.96,145,SE
2024/11/02 20:50:46,20.56,3496,5074,80,-0.38,9.87,-0.01,2,71.37,-322.78,-229.99,145,SE
2024/11/02 20:50:47,20.56,3495,5069,79,-0.31,9.85,-0.01,1,70.91,-321.83,-229.34,146,SE
2024/11/02 20:50:47,20.56,3493,5067,79,-0.32,9.84,0.00,1,71.07,-322.06,-229.35,144,SE
2024/11/02 20:50:48,20.50,3492,5066,79,-0.30,9.81,-0.01,1,71.56,-321.10,-229.33,146,SE
2024/11/02 20:50:48,20.50,3491,5064,79,-0.30,9.83,-0.03,1,70.92,-321.61,-229.70,149,SE
2024/11/02 20:50:49,20.50,3489,5060,79,-0.32,9.80,-0.02,1,71.07,-322.08,-229.98,147,SE
2024/11/02 20:50:49,20.50,3488,5059,79,-0.30,9.87,-0.02,1,71.07,-321.83,-229.52,148,SE
2024/11/02 20:50:49,20.50,3485,5055,79,-0.32,9.83,-0.02,1,70.77,-320.90,-229.51,147,SE
2024/11/02 20:50:50,20.50,3484,5051,79,-0.32,9.83,-0.02,1,69.82,-320.93,-229.60,147,SE
2024/11/02 20:50:50,20.50,3483,5049,79,-0.32,9.86,-0.03,1,71.24,-321.36,-229.61,149,SE
2024/11/02 20:50:51,20.50,3481,5048,79,-0.30,9.85,-0.15,1,70.60,-321.84,-229.34,170,S
2024/11/02 20:50:51,20.50,3480,5045,79,-0.31,9.86,-0.01,1,71.23,-322.07,-229.71,146,SE
2024/11/02 20:50:52,20.50,3478,5043,79,-0.31,9.85,0.02,1,71.39,-321.85,-230.25,140,SE
2024/11/02 20:50:52,20.50,3478,5043,79,-0.30,9.82,0.06,1,71.08,-321.59,-229.43,133,SE
2024/11/02 20:50:53,20.50,3478,5041,79,-0.36,9.85,-0.02,2,71.41,-321.11,-229.51,147,SE
2024/11/02 20:50:53,20.50,3477,5041,79,-0.31,9.84,0.01,1,70.92,-321.37,-229.79,142,SE
2024/11/02 20:50:59,20.50,3522,5119,81,-0.34,9.85,-0.02,1,71.06,-322.31,-229.80,147,SE
2024/11/02 20:51:00,20.50,3515,5105,80,-0.34,9.82,0.00,2,71.39,-322.06,-229.53,144,SE
2024/11/02 20:51:00,20.50,3511,5097,80,-0.28,9.89,0.00,1,71.58,-320.16,-229.32,144,SE
2024/11/02 20:51:01,20.50,3508,5092,80,-0.32,9.85,-0.04,1,71.07,-321.84,-229.70,151,SE
2024/11/02 20:51:01,20.50,3507,5089,80,-0.33,9.85,0.03,1,70.79,-319.96,-229.58,139,SE
2024/11/02 20:51:02,20.50,3506,5088,80,-0.35,9.87,-0.01,2,70.75,-321.82,-229.16,145,SE
2024/11/02 20:51:02,20.50,3506,5087,80,-0.33,9.83,0.00,1,70.12,-321.62,-229.52,144,SE
2024/11/02 20:51:03,20.50,3507,5087,80,-0.33,9.83,-0.03,1,70.93,-321.13,-229.51,149,SE
2024/11/02 20:51:03,20.50,3506,5088,80,-0.27,9.84,-0.01,1,71.08,-321.35,-229.34,146,SE
2024/11/02 20:51:04,20.50,3507,5088,80,-0.31,9.85,-0.03,1,70.59,-322.09,-229.71,149,SE
2024/11/02 20:51:04,20.50,3507,5090,80,-0.29,9.86,0.00,1,70.59,-322.32,-229.71,144,SE
2024/11/02 20:51:05,20.50,3507,5089,80,-0.32,9.85,0.01,1,71.09,-321.12,-229.33,142,SE
2024/11/02 20:51:05,20.50,3507,5090,80,-0.32,9.85,0.00,1,71.40,-321.60,-229.88,144,SE
2024/11/02 20:51:06,20.50,3507,5090,80,-0.35,9.86,-0.05,2,71.69,-322.99,-229.72,152,SE
2024/11/02 20:51:06,20.50,3508,5092,80,-0.31,9.85,0.00,1,71.07,-322.07,-229.62,144,SE
2024/11/02 20:51:07,20.50,3486,5060,79,-0.30,9.87,-0.05,1,70.93,-321.13,-229.51,153,SE
2024/11/02 20:51:07,20.50,3475,5042,79,-0.32,9.86,-0.02,1,70.58,-322.55,-229.53,147,SE
2024/11/02 20:51:08,20.50,3375,4884,76,-0.33,9.83,-0.01,1,71.08,-321.37,-229.88,145,SE
2024/11/02 20:51:08,20.50,3303,4770,73,-0.32,9.86,0.00,1,71.40,-321.58,-229.52,144,SE
2024/11/02 20:51:09,20.50,3299,4766,73,-0.28,9.85,0.01,1,71.25,-320.88,-229.51,142,SE
2024/11/02 20:51:15,20.50,3360,4870,76,-0.33,9.86,-0.04,1,71.56,-321.33,-229.07,151,SE
2024/11/02 20:51:15,20.50,3351,4854,75,-0.31,9.82,-0.02,1,71.23,-322.06,-229.53,147,SE
2024/11/02 20:51:16,20.50,3346,4845,75,-0.36,9.84,0.11,2,71.11,-320.18,-229.50,127,SE
2024/11/02 20:51:16,20.50,3342,4839,75,-0.31,9.86,0.00,1,70.13,-321.39,-229.69,144,SE
2024/11/02 20:51:17,20.50,3340,4836,75,-0.33,9.85,-0.02,1,70.75,-322.07,-229.44,147,SE
2024/11/02 20:51:17,20.50,3339,4832,75,-0.30,9.82,-0.03,1,69.81,-321.41,-229.78,149,SE
2024/11/02 20:51:18,20.50,3337,4830,75,-0.32,9.87,0.01,1,70.75,-322.08,-229.62,142,SE
2024/11/02 20:51:18,20.50,3336,4827,75,-0.33,9.86,-0.03,1,71.23,-322.05,-229.35,149,SE
2024/11/02 20:51:19,20.50,3335,4825,75,-0.31,9.87,-0.03,1,70.79,-320.19,-229.32,149,SE
2024/11/02 20:51:19,20.50,3334,4823,75,-0.33,9.83,0.03,1,71.07,-322.06,-229.53,139,SE
2024/11/02 20:51:20,20.50,3333,4823,75,-0.34,9.83,-0.01,2,71.08,-321.36,-229.43,145,SE
2024/11/02 20:51:20,20.50,3332,4822,75,-0.32,9.83,-0.03,1,70.89,-323.25,-229.54,149,SE
2024/11/02 20:51:21,20.50,3332,4822,75,-0.34,9.83,-0.01,2,70.77,-321.39,-229.97,145,SE
2024/11/02 20:51:21,20.50,3331,4821,75,-0.38,9.85,-0.01,2,71.39,-321.82,-229.61,145,SE
2024/11/02 20:51:22,20.50,3331,4819,74,-0.32,9.87,-0.04,1,71.57,-321.13,-229.96,151,SE
2024/11/02 20:51:22,20.50,3330,4818,74,-0.32,9.86,0.00,1,71.09,-320.89,-229.60,144,SE
2024/11/02 20:51:23,20.50,3328,4815,74,-0.32,9.86,-0.02,1,71.10,-320.67,-229.96,147,SE
2024/11/02 20:51:23,20.50,3328,4814,74,-0.31,9.85,0.00,1,71.55,-321.82,-229.61,144,SE
2024/11/02 20:51:24,20.50,3329,4814,74,-0.31,9.84,-0.02,1,70.31,-320.44,-229.41,147,SE
2024/11/02 20:51:24,20.50,3328,4814,74,-0.32,9.83,-0.04,1,69.82,-320.93,-229.51,151,SE
2024/11/02 20:51:30,20.50,3341,4841,75,-0.32,9.84,-0.07,1,71.56,-321.34,-229.34,156,SE
2024/11/02 20:51:31,20.50,3334,4825,75,-0.33,9.86,-0.04,1,70.76,-321.85,-229.88,150,SE
2024/11/02 20:51:31,20.50,3328,4816,75,-0.35,9.83,-0.02,2,71.21,-323.00,-229.54,147,SE
2024/11/02 20:51:32,20.50,3324,4809,74,-0.32,9.86,0.00,1,70.59,-322.34,-230.16,144,SE
2024/11/02 20:51:32,20.50,3322,4806,74,-0.35,9.88,-0.05,2,71.41,-320.64,-229.51,152,SE
2024/11/02 20:51:33,20.50,3319,4801,74,-0.31,9.85,0.10,1,71.25,-321.13,-229.78,126,SE
2024/11/02 20:51:33,20.50,3319,4800,74,-0.30,9.82,-0.03,1,70.91,-322.07,-229.53,149,SE
2024/11/02 20:51:34,20.50,3317,4799,74,-0.32,9.89,0.00,1,71.09,-321.12,-229.51,144,SE
2024/11/02 20:51:34,20.50,3317,4797,74,-0.30,9.83,-0.01,1,70.92,-321.37,-229.79,146,SE
2024/11/02 20:51:35,20.50,3317,4795,74,-0.29,9.85,0.03,1,70.92,-321.59,-229.34,138,SE
2024/11/02 20:51:35,20.50,3315,4794,74,-0.26,9.80,0.01,1,70.90,-322.55,-229.71,142,SE
2024/11/02 20:51:36,20.50,3316,4795,74,-0.32,9.83,0.02,1,71.69,-322.98,-229.45,140,SE
2024/11/02 20:51:36,20.50,3315,4792,74,-0.34,9.83,-0.02,2,71.24,-321.59,-229.43,147,SE
2024/11/02 20:51:37,20.50,3315,4793,74,-0.28,9.81,-0.04,1,70.42,-322.54,-229.17,152,SE
2024/11/02 20:51:37,20.50,3315,4792,74,-0.32,9.85,0.02,1,70.76,-321.84,-229.61,140,SE
2024/11/02 20:51:38,20.50,3315,4793,74,-0.29,9.84,-0.06,1,71.39,-322.06,-229.71,155,SE
2024/11/02 20:51:38,20.50,3314,4794,74,-0.34,9.82,-0.01,2,71.42,-320.43,-229.95,145,SE
2024/11/02 20:51:39,20.50,3315,4793,74,-0.34,9.81,-0.05,2,71.06,-322.30,-229.44,152,SE
2024/11/02 20:51:39,20.50,3314,4793,74,-0.34,9.83,0.09,2,70.89,-323.02,-229.81,129,SE
2024/11/02 20:51:40,20.50,3315,4793,74,-0.35,9.83,-0.04,2,71.38,-322.52,-229.44,150,SE
2024/11/02 20:51:46,20.50,3346,4848,75,-0.35,9.86,-0.01,2,70.62,-320.91,-229.60,145,SE
2024/11/02 20:51:46,20.50,3339,4836,75,-0.34,9.88,0.03,1,71.39,-321.84,-230.16,139,SE
2024/11/02 20:51:47,20.50,3337,4830,75,-0.34,9.83,-0.03,2,70.58,-322.80,-229.90,149,SE
2024/11/02 20:51:47,20.50,3335,4827,75,-0.29,9.83,0.00,1,70.44,-321.87,-230.06,144,SE
2024/11/02 20:51:48,20.50,3334,4826,75,-0.35,9.89,0.00,2,70.60,-321.84,-229.52,144,SE
2024/11/02 20:51:48,20.50,3335,4825,75,-0.32,9.85,-0.04,1,71.86,-322.29,-229.89,151,SE
2024/11/02 20:51:49,20.50,3334,4825,75,-0.32,9.87,-0.01,1,71.56,-321.36,-229.79,145,SE
2024/11/02 20:51:49,20.50,3335,4826,75,-0.37,9.86,-0.01,2,70.27,-322.09,-229.52,145,SE
2024/11/02 20:51:50,20.50,3335,4826,75,-0.31,9.87,0.01,1,71.06,-322.30,-229.53,142,SE
2024/11/02 20:51:50,20.50,3335,4825,75,-0.33,9.82,-0.02,1,70.42,-322.56,-229.62,147,SE
2024/11/02 20:51:51,20.50,3335,4826,75,-0.36,9.85,0.02,2,71.88,-321.10,-229.51,141,SE
2024/11/02 20:51:51,20.50,3336,4825,74,-0.28,9.86,-0.02,1,71.40,-321.34,-229.34,148,SE
2024/11/02 20:51:52,20.50,3335,4825,75,-0.31,9.86,-0.07,1,70.92,-321.60,-229.52,156,SE
2024/11/02 20:51:52,20.50,3335,4827,75,-0.28,9.87,-0.02,1,71.08,-321.61,-229.97,148,SE
2024/11/02 20:51:53,20.50,3336,4828,75,-0.31,9.87,0.14,1,71.42,-320.43,-229.95,120,SE
2024/11/02 20:51:53,20.44,3337,4829,75,-0.33,9.84,-0.03,1,71.55,-321.82,-229.52,149,SE
2024/11/02 20:51:54,20.44,3338,4829,75,-0.32,9.83,0.03,1,71.25,-320.89,-229.60,138,SE
2024/11/02 20:51:54,20.44,3338,4831,75,-0.31,9.86,-0.01,1,71.07,-321.83,-229.52,146,SE
2024/11/02 20:51:55,20.44,3338,4831,75,-0.29,9.83,-0.01,1,71.09,-321.12,-229.51,146,SE
2024/11/02 20:51:55,20.44,3339,4831,75,-0.33,9.88,0.01,1,71.38,-322.31,-229.98,142,SE
2024/11/02 20:52:01,20.50,3377,4899,77,-0.38,9.85,-0.04,2,70.60,-321.61,-229.70,150,SE
2024/11/02 20:52:02,20.50,3369,4883,76,-0.37,9.85,-0.03,2,71.55,-322.05,-229.53,148,SE
2024/11/02 20:52:02,20.50,3364,4875,76,-0.35,9.88,-0.07,2,70.61,-321.14,-229.60,155,SE
2024/11/02 20:52:03,20.50,3361,4870,76,-0.29,9.83,-0.05,1,71.54,-322.28,-229.44,153,SE
2024/11/02 20:52:03,20.50,3358,4866,76,-0.31,9.83,-0.02,1,71.42,-320.42,-229.77,147,SE
2024/11/02 20:52:04,20.50,3356,4862,76,-0.33,9.83,0.02,1,72.04,-321.34,-229.70,140,SE
2024/11/02 20:52:04,20.50,3355,4860,76,-0.29,9.87,-0.01,1,70.63,-319.98,-229.86,146,SE
2024/11/02 20:52:05,20.44,3355,4861,76,-0.31,9.85,-0.03,1,71.07,-321.82,-229.34,149,SE
2024/11/02 20:52:05,20.44,3355,4858,75,-0.29,9.86,0.02,1,70.91,-321.84,-229.70,140,SE
2024/11/02 20:52:06,20.44,3355,4859,75,-0.33,9.86,-0.05,1,71.25,-320.89,-229.69,152,SE
2024/11/02 20:52:06,20.44,3355,4858,75,-0.35,9.87,-0.02,2,71.06,-322.57,-230.53,147,SE
2024/11/02 20:52:07,20.44,3355,4859,75,-0.31,9.85,-0.02,1,71.09,-320.91,-229.96,147,SE
2024/11/02 20:52:07,20.44,3355,4859,75,-0.31,9.83,-0.02,1,70.12,-321.86,-229.61,147,SE
2024/11/02 20:52:08,20.44,3355,4860,76,-0.33,9.85,-0.03,1,72.19,-321.79,-229.43,149,SE
2024/11/02 20:52:08,20.44,3356,4860,75,-0.37,9.85,0.00,2,71.71,-321.82,-229.70,144,SE
2024/11/02 20:52:09,20.44,3356,4860,75,-0.41,9.84,-0.03,2,71.55,-321.58,-229.43,148,SE
2024/11/02 20:52:09,20.44,3356,4860,75,-0.31,9.88,0.01,1,71.41,-320.87,-229.33,142,SE
2024/11/02 20:52:10,20.44,3356,4861,76,-0.31,9.86,-0.05,1,71.41,-320.89,-229.69,153,SE
2024/11/02 20:52:10,20.44,3356,4861,76,-0.35,9.85,-0.04,2,71.24,-321.58,-229.25,150,SE
2024/11/02 20:52:11,20.44,3356,4860,75,-0.31,9.85,0.01,1,71.06,-322.30,-229.62,142,SE
2024/11/02 20:52:17,20.50,3391,4921,77,-0.32,9.85,0.00,1,71.38,-322.29,-229.44,144,SE
2024/11/02 20:52:17,20.50,3382,4905,77,-0.38,9.88,-0.07,2,71.40,-321.36,-229.70,154,SE
2024/11/02 20:52:18,20.50,3378,4898,76,-0.29,9.84,-0.04,1,71.26,-320.65,-229.42,151,SE
2024/11/02 20:52:18,20.50,3375,4892,76,-0.29,9.89,-0.07,1,70.43,-322.10,-229.98,157,SE
2024/11/02 20:52:19,20.50,3373,4889,76,-0.29,9.85,-0.04,1,71.23,-321.83,-229.70,151,SE
2024/11/02 20:52:19,20.50,3371,4885,76,-0.32,9.85,-0.03,1,70.74,-322.55,-229.62,149,SE
2024/11/02 20:52:20,20.50,3370,4884,76,-0.33,9.87,0.00,1,71.07,-321.83,-229.52,144,SE
2024/11/02 20:52:20,20.44,3369,4883,76,-0.29,9.87,-0.02,1,71.88,-321.35,-229.79,148,SE
2024/11/02 20:52:21,20.44,3368,4882,76,-0.33,9.86,-0.04,1,71.25,-320.89,-229.69,150,SE
2024/11/02 20:52:21,20.44,3369,4882,76,-0.30,9.86,-0.04,1,71.40,-321.37,-230.06,151,SE
2024/11/02 20:52:22,20.44,3369,4881,76,-0.32,9.80,-0.05,1,71.72,-321.35,-229.79,152,SE
2024/11/02 20:52:22,20.44,3369,4882,76,-0.31,9.87,-0.01,1,70.92,-321.36,-229.43,146,SE
2024/11/02 20:52:23,20.44,3368,4880,76,-0.31,9.85,0.01,1,71.39,-321.84,-229.97,142,SE
2024/11/02 20:52:23,20.44,3369,4881,76,-0.30,9.86,-0.04,1,70.92,-321.38,-229.88,151,SE
2024/11/02 20:52:24,20.44,3369,4882,76,-0.32,9.83,-0.05,1,71.55,-321.82,-229.70,152,SE
2024/11/02 20:52:24,20.44,3370,4882,76,-0.33,9.87,-0.06,1,70.74,-322.55,-229.62,154,SE
2024/11/02 20:52:25,20.44,3370,4883,76,-0.30,9.85,-0.02,1,71.41,-321.12,-229.60,147,SE
2024/11/02 20:52:25,20.44,3371,4885,76,-0.28,9.85,-0.04,1,71.41,-320.64,-229.51,152,SE
2024/11/02 20:52:26,20.44,3372,4887,76,-0.32,9.83,-0.01,1,70.77,-320.91,-229.78,145,SE
2024/11/02 20:52:26,20.44,3374,4888,76,-0.35,9.83,-0.01,2,70.59,-322.31,-229.53,145,SE
2024/11/02 20:52:32,20.44,3414,4957,78,-0.31,9.86,0.02,1,71.59,-319.93,-229.32,140,SE
2024/11/02 20:52:33,20.44,3405,4942,78,-0.31,9.89,-0.01,1,71.25,-321.13,-229.78,146,SE
2024/11/02 20:52:33,20.44,3401,4935,77,-0.32,9.84,-0.01,1,71.08,-321.59,-229.52,146,SE
2024/11/02 20:52:34,20.44,3399,4931,77,-0.32,9.84,0.03,1,70.88,-323.73,-229.91,139,SE
2024/11/02 20:52:34,20.44,3398,4929,77,-0.29,9.85,-0.01,1,71.41,-321.12,-229.60,146,SE
2024/11/02 20:52:35,20.44,3396,4925,77,-0.31,9.88,0.02,1,70.61,-321.39,-229.88,140,SE
2024/11/02 20:52:35,20.44,3395,4924,77,-0.36,9.85,-0.03,2,71.72,-321.11,-229.69,148,SE
2024/11/02 20:52:36,20.44,3395,4924,77,-0.32,9.86,-0.03,1,71.42,-320.67,-230.23,149,SE
2024/11/02 20:52:36,20.44,3394,4923,77,-0.34,9.85,0.00,1,71.55,-322.05,-229.53,144,SE
2024/11/02 20:52:37,20.44,3393,4920,77,-0.33,9.84,0.00,1,70.92,-321.37,-229.79,144,SE
2024/11/02 20:52:37,20.44,3392,4919,77,-0.26,9.82,0.01,1,71.10,-320.67,-229.87,142,SE
2024/11/02 20:52:38,20.44,3391,4918,77,-0.33,9.85,0.01,1,71.54,-322.30,-229.80,142,SE
2024/11/02 20:52:38,20.44,3390,4915,77,-0.28,9.86,-0.04,1,70.94,-320.66,-229.51,152,SE
2024/11/02 20:52:39,20.44,3388,4913,77,-0.30,9.81,-0.04,1,71.40,-321.59,-229.70,151,SE
2024/11/02 20:52:39,20.44,3388,4912,77,-0.35,9.85,-0.01,2,70.59,-322.32,-229.62,145,SE
2024/11/02 20:52:40,20.44,3387,4911,77,-0.34,9.81,-0.02,2,71.08,-321.37,-229.79,147,SE
2024/11/02 20:52:40,20.44,3387,4910,77,-0.27,9.88,-0.02,1,71.40,-321.58,-229.43,148,SE
2024/11/02 20:52:40,20.44,3387,4910,77,-0.31,9.82,0.04,1,72.03,-321.82,-229.89,137,SE
2024/11/02 20:52:41,20.44,3387,4908,76,-0.35,9.85,-0.03,2,71.41,-320.88,-229.60,148,SE
2024/11/02 20:52:42,20.44,3386,4909,77,-0.33,9.85,-0.01,1,71.24,-321.60,-229.88,145,SE
2024/11/02 20:52:48,20.44,3421,4972,78,-0.35,9.83,-0.04,2,71.54,-322.03,-229.08,150,SE
2024/11/02 20:52:48,20.44,3413,4957,78,-0.31,9.84,0.02,1,71.22,-322.31,-229.89,140,SE
2024/11/02 20:52:48,20.44,3408,4948,78,-0.28,9.88,-0.01,1,70.60,-321.60,-229.43,146,SE
2024/11/02 20:52:49,20.44,3404,4941,78,-0.36,9.86,-0.04,2,71.23,-321.83,-229.79,150,SE
2024/11/02 20:52:49,20.44,3403,4938,77,-0.32,9.84,-0.02,1,70.95,-320.17,-229.14,147,SE
2024/11/02 20:52:50,20.44,3401,4933,77,-0.31,9.86,-0.01,1,70.92,-321.85,-230.06,146,SE
2024/11/02 20:52:50,20.44,3398,4931,77,-0.31,9.80,0.04,1,70.75,-322.08,-229.71,137,SE
2024/11/02 20:52:51,20.44,3399,4928,77,-0.31,9.86,-0.01,1,71.07,-322.07,-229.62,146,SE
2024/11/02 20:52:51,20.44,3398,4928,77,-0.32,9.88,0.00,1,70.95,-320.19,-229.59,144,SE
2024/11/02 20:52:52,20.44,3397,4926,77,-0.34,9.85,-0.03,2,70.44,-321.61,-229.43,149,SE
2024/11/02 20:52:52,20.44,3395,4924,77,-0.36,9.83,0.00,2,71.07,-322.09,-230.07,144,SE
2024/11/02 20:52:53,20.44,3395,4923,77,-0.35,9.82,-0.01,2,71.56,-321.36,-229.79,145,SE
2024/11/02 20:52:53,20.44,3395,4924,77,-0.29,9.85,0.01,1,71.08,-321.36,-229.61,142,SE
2024/11/02 20:52:54,20.44,3394,4920,77,-0.31,9.86,-0.04,1,70.26,-322.81,-229.99,151,SE
2024/11/02 20:52:54,20.44,3394,4922,77,-0.32,9.83,-0.01,1,72.20,-321.10,-229.88,145,SE
2024/11/02 20:52:55,20.44,3394,4921,77,-0.31,9.82,-0.05,1,70.27,-322.08,-229.25,153,SE
2024/11/02 20:52:55,20.44,3394,4921,77,-0.34,9.86,0.01,1,71.40,-321.37,-230.06,142,SE
2024/11/02 20:52:56,20.44,3393,4920,77,-0.35,9.83,-0.04,2,70.28,-321.87,-229.88,150,SE
2024/11/02 20:52:56,20.44,3393,4920,77,-0.29,9.85,-0.03,1,70.46,-320.68,-229.78,149,SE
2024/11/02 20:52:57,20.44,3393,4920,77,-0.37,9.84,-0.04,2,71.23,-321.84,-229.88,150,SE
2024/11/02 20:53:03,20.44,3425,4977,78,-0.35,9.83,0.12,2,70.94,-320.65,-229.32,125,SE
2024/11/02 20:53:03,20.44,3418,4963,78,-0.30,9.83,0.03,1,70.62,-320.67,-229.50,138,SE
2024/11/02 20:53:04,20.44,3414,4955,78,-0.32,9.84,-0.04,1,71.37,-323.01,-229.99,151,SE
2024/11/02 20:53:04,20.44,3410,4948,78,-0.31,9.81,0.00,1,70.77,-321.39,-230.15,144,SE
2024/11/02 20:53:05,20.44,3407,4945,78,-0.29,9.89,-0.01,1,70.77,-320.89,-229.42,146,SE
2024/11/02 20:53:05,20.44,3406,4941,77,-0.32,9.85,0.02,1,71.56,-321.59,-229.79,140,SE
2024/11/02 20:53:06,20.44,3405,4940,77,-0.32,9.80,-0.03,1,71.55,-321.82,-229.70,149,SE
2024/11/02 20:53:06,20.44,3404,4938,77,-0.33,9.85,0.01,1,71.10,-320.67,-229.87,142,SE
2024/11/02 20:53:07,20.44,3402,4936,77,-0.33,9.88,-0.02,1,71.22,-322.53,-229.44,147,SE
2024/11/02 20:53:07,20.44,3402,4935,77,-0.31,9.82,-0.04,1,71.40,-321.36,-229.79,151,SE
2024/11/02 20:53:08,20.44,3401,4934,77,-0.37,9.87,-0.02,2,70.77,-321.14,-229.78,147,SE
2024/11/02 20:53:08,20.44,3401,4933,77,-0.33,9.86,0.00,1,70.43,-322.08,-229.43,144,SE
2024/11/02 20:53:09,20.44,3399,4930,77,-0.39,9.82,-0.03,2,71.57,-321.12,-229.78,148,SE
2024/11/02 20:53:09,20.44,3399,4930,77,-0.39,9.84,-0.02,2,70.30,-320.70,-230.14,146,SE
2024/11/02 20:53:10,20.44,3399,4931,77,-0.32,9.85,-0.03,1,71.42,-320.67,-230.14,149,SE
2024/11/02 20:53:10,20.44,3398,4929,77,-0.35,9.86,-0.01,2,71.24,-321.62,-230.24,145,SE
2024/11/02 20:53:11,20.44,3398,4928,77,-0.34,9.86,-0.04,2,70.28,-321.86,-229.70,150,SE
2024/11/02 20:53:11,20.44,3398,4927,77,-0.30,9.83,-0.07,1,71.41,-320.86,-229.06,157,SE
2024/11/02 20:53:12,20.44,3398,4927,77,-0.33,9.82,-0.04,1,70.28,-321.85,-229.52,151,SE
2024/11/02 20:53:12,20.44,3398,4928,77,-0.30,9.83,-0.03,1,71.38,-322.54,-229.80,149,SE
2024/11/02 20:53:18,20.44,3428,4981,79,-0.34,9.81,0.01,2,70.74,-322.78,-229.54,142,SE
2024/11/02 20:53:19,20.44,3418,4964,78,-0.33,9.86,-0.03,1,71.57,-321.12,-229.78,149,SE
2024/11/02 20:53:19,20.44,3415,4956,78,-0.33,9.84,-0.01,1,71.06,-322.54,-229.62,146,SE
2024/11/02 20:53:20,20.44,3410,4949,78,-0.30,9.85,-0.04,1,70.77,-320.89,-229.42,151,SE
2024/11/02 20:53:20,20.44,3408,4946,78,-0.35,9.88,-0.03,2,71.39,-321.81,-229.34,149,SE
2024/11/02 20:53:21,20.44,3406,4941,77,-0.33,9.83,-0.02,1,71.07,-322.07,-229.62,147,SE
2024/11/02 20:53:21,20.44,3405,4940,77,-0.32,9.84,0.01,1,71.24,-321.35,-229.52,142,SE
2024/11/02 20:53:22,20.44,3404,4937,77,-0.31,9.84,-0.04,1,70.75,-322.32,-229.71,151,SE
2024/11/02 20:53:22,20.44,3403,4936,77,-0.33,9.84,-0.03,1,71.24,-321.59,-229.52,149,SE
2024/11/02 20:53:23,20.44,3402,4935,77,-0.30,9.84,-0.02,1,71.26,-320.42,-229.77,147,SE
2024/11/02 20:53:23,20.44,3401,4932,77,-0.27,9.83,0.00,1,71.24,-321.59,-229.61,144,SE
2024/11/02 20:53:24,20.44,3399,4931,77,-0.34,9.83,-0.02,2,70.90,-322.53,-229.17,147,SE
2024/11/02 20:53:24,20.44,3400,4929,77,-0.32,9.86,0.01,1,71.40,-321.36,-229.79,142,SE
2024/11/02 20:53:25,20.44,3398,4929,77,-0.33,9.88,-0.01,1,71.40,-321.33,-229.06,145,SE
2024/11/02 20:53:25,20.44,3398,4930,77,-0.33,9.80,0.02,1,71.39,-321.82,-229.52,140,SE
2024/11/02 20:53:26,20.44,3398,4928,77,-0.33,9.85,-0.03,1,71.07,-321.83,-229.52,149,SE
2024/11/02 20:53:26,20.44,3398,4929,77,-0.33,9.85,-0.03,1,70.92,-321.84,-229.79,149,SE
2024/11/02 20:53:27,20.44,3397,4927,77,-0.33,9.88,-0.04,1,70.44,-321.85,-229.52,151,SE
2024/11/02 20:53:27,20.44,3397,4925,77,-0.29,9.82,-0.02,1,71.10,-320.41,-229.41,148,SE
2024/11/02 20:53:28,20.44,3396,4925,77,-0.30,9.88,0.00,1,70.13,-321.39,-229.51,144,SE
2024/11/02 20:53:34,20.44,3427,4980,79,-0.31,9.87,0.02,1,71.40,-321.36,-229.70,140,SE
2024/11/02 20:53:34,20.44,3418,4963,78,-0.30,9.87,-0.02,1,70.89,-323.24,-229.45,148,SE
2024/11/02 20:53:35,20.44,3412,4954,78,-0.29,9.82,-0.01,1,70.91,-322.08,-229.80,146,SE
2024/11/02 20:53:35,20.44,3410,4950,78,-0.33,9.85,0.02,1,71.71,-322.06,-229.80,140,SE
2024/11/02 20:53:36,20.44,3407,4945,78,-0.31,9.86,-0.04,1,71.55,-322.05,-229.53,151,SE
2024/11/02 20:53:36,20.44,3404,4940,77,-0.32,9.84,0.05,1,71.71,-321.82,-229.89,135,SE
2024/11/02 20:53:37,20.44,3404,4940,77,-0.30,9.85,0.00,1,70.62,-320.67,-229.69,144,SE
2024/11/02 20:53:37,20.44,3403,4937,77,-0.34,9.80,0.01,2,71.08,-321.38,-230.06,142,SE
2024/11/02 20:53:38,20.44,3402,4936,77,-0.34,9.87,-0.02,1,71.07,-322.07,-229.80,147,SE
2024/11/02 20:53:38,20.44,3401,4935,77,-0.33,9.82,0.01,1,70.93,-321.13,-229.51,142,SE
2024/11/02 20:53:39,20.44,3400,4933,77,-0.34,9.85,-0.01,1,71.56,-321.37,-230.06,145,SE
2024/11/02 20:53:39,20.44,3400,4932,77,-0.30,9.83,0.02,1,70.12,-321.63,-229.70,140,SE
2024/11/02 20:53:40,20.44,3400,4933,77,-0.34,9.87,0.04,2,71.08,-321.59,-229.43,137,SE
2024/11/02 20:53:40,20.44,3400,4932,77,-0.30,9.82,-0.04,1,70.77,-321.15,-229.87,151,SE
2024/11/02 20:53:41,20.44,3399,4932,77,-0.35,9.81,-0.03,2,70.45,-321.15,-229.78,148,SE
2024/11/02 20:53:41,20.38,3399,4931,77,-0.32,9.86,-0.02,1,69.66,-321.17,-229.60,147,SE
2024/11/02 20:53:42,20.38,3400,4931,77,-0.33,9.84,0.01,1,71.24,-321.61,-229.97,142,SE
2024/11/02 20:53:42,20.38,3399,4933,77,-0.36,9.85,-0.03,2,71.55,-321.83,-229.79,148,SE
2024/11/02 20:53:43,20.38,3400,4932,77,-0.33,9.84,-0.13,2,70.92,-321.37,-229.70,165,S
2024/11/02 20:53:43,20.38,3400,4932,77,-0.33,9.89,-0.02,1,71.57,-321.13,-230.06,147,SE
2024/11/02 20:53:49,20.44,3427,4983,79,-0.29,9.86,0.02,1,70.79,-320.21,-229.95,140,SE
2024/11/02 20:53:50,20.44,3418,4965,78,-0.31,9.83,-0.03,1,71.38,-322.29,-229.62,149,SE
2024/11/02 20:53:50,20.44,3413,4956,78,-0.33,9.90,0.03,1,71.70,-322.29,-229.71,139,SE
2024/11/02 20:53:51,20.44,3411,4949,78,-0.34,9.86,-0.02,1,70.29,-321.40,-229.88,147,SE
2024/11/02 20:53:51,20.44,3407,4946,78,-0.32,9.87,-0.01,1,70.73,-323.25,-229.63,146,SE
2024/11/02 20:53:52,20.44,3405,4941,77,-0.31,9.85,-0.02,1,70.29,-321.16,-229.87,147,SE
2024/11/02 20:53:52,20.44,3404,4939,77,-0.29,9.88,0.02,1,70.91,-322.31,-229.71,140,SE
2024/11/02 20:53:53,20.38,3401,4936,77,-0.28,9.84,-0.03,1,70.42,-322.79,-229.54,150,SE
2024/11/02 20:53:53,20.38,3400,4934,77,-0.33,9.87,-0.01,1,70.78,-320.68,-229.87,145,SE
2024/11/02 20:53:54,20.38,3400,4932,77,-0.31,9.86,0.02,1,70.28,-321.61,-229.43,140,SE
2024/11/02 20:53:54,20.38,3399,4932,77,-0.29,9.86,-0.03,1,70.76,-321.37,-229.52,150,SE
2024/11/02 20:53:55,20.38,3397,4930,77,-0.30,9.88,-0.03,1,70.76,-321.85,-229.79,149,SE
2024/11/02 20:53:55,20.38,3396,4929,77,-0.30,9.88,0.00,1,71.73,-320.89,-229.96,144,SE
2024/11/02 20:53:56,20.38,3395,4927,77,-0.33,9.85,-0.03,1,71.10,-320.66,-229.69,149,SE
2024/11/02 20:53:56,20.38,3396,4927,77,-0.33,9.87,-0.02,1,71.06,-322.30,-229.53,147,SE
2024/11/02 20:53:57,20.38,3395,4926,77,-0.34,9.85,-0.02,1,70.44,-321.62,-229.79,147,SE
2024/11/02 20:53:57,20.38,3394,4925,77,-0.31,9.86,-0.03,1,70.45,-321.39,-229.97,149,SE
2024/11/02 20:53:58,20.38,3393,4923,77,-0.32,9.89,-0.01,1,71.40,-321.37,-230.06,145,SE
2024/11/02 20:53:58,20.38,3394,4923,77,-0.31,9.83,0.03,1,69.98,-320.69,-229.50,138,SE
2024/11/02 20:53:59,20.38,3393,4922,77,-0.32,9.88,-0.04,1,70.75,-322.08,-229.71,151,SE
2024/11/02 20:54:05,20.44,3417,4966,78,-0.32,9.87,0.00,1,71.07,-321.84,-229.88,144,SE
2024/11/02 20:54:05,20.44,3408,4950,78,-0.35,9.88,0.00,2,70.91,-322.08,-229.80,144,SE
2024/11/02 20:54:06,20.44,3403,4941,78,-0.36,9.86,0.00,2,70.91,-322.07,-229.44,144,SE
2024/11/02 20:54:06,20.44,3400,4934,77,-0.34,9.86,-0.01,1,70.94,-320.43,-229.68,145,SE
2024/11/02 20:54:07,20.44,3398,4930,77,-0.29,9.83,0.00,1,71.38,-322.54,-229.89,144,SE
2024/11/02 20:54:07,20.44,3395,4926,77,-0.31,9.81,0.02,1,70.74,-322.56,-229.98,140,SE
2024/11/02 20:54:08,20.44,3394,4924,77,-0.31,9.84,-0.02,1,70.77,-321.14,-229.78,147,SE
2024/11/02 20:54:08,20.38,3393,4921,77,-0.35,9.85,0.00,2,71.72,-321.34,-229.61,144,SE
2024/11/02 20:54:09,20.38,3392,4919,77,-0.33,9.84,-0.01,1,70.76,-321.61,-229.79,145,SE
2024/11/02 20:54:09,20.38,3390,4918,77,-0.32,9.88,-0.04,1,70.60,-321.58,-228.89,151,SE
2024/11/02 20:54:10,20.38,3389,4917,77,-0.32,9.89,-0.02,1,71.07,-321.83,-229.61,147,SE
2024/11/02 20:54:10,20.38,3389,4916,77,-0.33,9.83,0.01,1,70.92,-321.58,-229.16,142,SE
2024/11/02 20:54:11,20.38,3388,4915,77,-0.35,9.85,0.02,2,70.60,-321.62,-229.88,141,SE
2024/11/02 20:54:11,20.38,3387,4913,77,-0.36,9.85,0.04,2,71.38,-322.53,-229.71,138,SE
2024/11/02 20:54:12,20.38,3388,4913,77,-0.31,9.83,-0.02,1,71.08,-321.59,-229.34,147,SE
2024/11/02 20:54:12,20.38,3388,4914,77,-0.29,9.85,-0.01,1,70.77,-321.14,-229.60,146,SE
2024/11/02 20:54:13,20.38,3388,4914,77,-0.36,9.88,0.00,2,71.39,-322.06,-229.53,144,SE
2024/11/02 20:54:13,20.38,3388,4915,77,-0.33,9.84,0.03,1,70.77,-321.38,-229.79,139,SE
2024/11/02 20:54:14,20.38,3387,4914,77,-0.32,9.82,-0.02,1,71.74,-320.41,-229.86,147,SE
2024/11/02 20:54:14,20.38,3389,4915,77,-0.29,9.81,-0.03,1,71.56,-321.59,-229.70,150,SE
2024/11/02 20:54:20,20.38,3420,4971,78,-0.35,9.88,-0.02,2,71.25,-320.91,-230.14,147,SE
2024/11/02 20:54:21,20.38,3411,4955,78,-0.33,9.87,0.01,1,71.24,-321.60,-229.88,142,SE
2024/11/02 20:54:21,20.38,3406,4946,78,-0.32,9.87,0.00,1,70.60,-321.85,-229.61,144,SE
2024/11/02 20:54:22,20.38,3403,4940,78,-0.33,9.87,-0.05,1,71.08,-321.85,-230.06,152,SE
2024/11/02 20:54:22,20.38,3401,4935,77,-0.31,9.86,-0.04,1,71.40,-321.58,-229.43,151,SE
2024/11/02 20:54:23,20.38,3399,4932,77,-0.29,9.84,-0.02,1,70.76,-321.84,-229.52,148,SE
2024/11/02 20:54:23,20.38,3398,4929,77,-0.34,9.84,-0.04,2,71.20,-323.24,-229.72,150,SE
2024/11/02 20:54:24,20.38,3396,4928,77,-0.32,9.86,-0.02,1,70.29,-321.39,-229.60,147,SE
2024/11/02 20:54:24,20.38,3396,4925,77,-0.34,9.85,-0.02,1,70.61,-321.37,-229.42,147,SE
2024/11/02 20:54:25,20.38,3394,4924,77,-0.32,9.85,-0.02,1,72.01,-322.52,-229.81,147,SE
2024/11/02 20:54:25,20.38,3393,4922,77,-0.31,9.84,-0.02,1,71.08,-321.60,-229.61,147,SE
2024/11/02 20:54:26,20.38,3392,4920,77,-0.32,9.86,0.02,1,70.94,-320.66,-229.69,140,SE
2024/11/02 20:54:26,20.38,3391,4918,77,-0.34,9.86,-0.03,2,71.24,-321.35,-229.34,149,SE
2024/11/02 20:54:27,20.38,3390,4917,77,-0.30,9.87,-0.01,1,71.11,-320.19,-229.77,145,SE
2024/11/02 20:54:27,20.38,3389,4915,77,-0.36,9.83,0.02,2,71.40,-321.35,-229.61,141,SE
2024/11/02 20:54:28,20.38,3389,4914,77,-0.32,9.86,-0.01,1,70.93,-320.89,-229.33,145,SE
2024/11/02 20:54:28,20.38,3388,4914,77,-0.35,9.84,-0.03,2,70.61,-321.14,-229.51,149,SE
2024/11/02 20:54:29,20.38,3387,4913,77,-0.35,9.85,-0.04,2,70.94,-320.42,-229.50,150,SE
2024/11/02 20:54:29,20.38,3386,4912,77,-0.32,9.87,0.01,1,70.90,-322.55,-229.71,142,SE
2024/11/02 20:54:30,20.38,3386,4911,77,-0.34,9.86,0.00,1,70.78,-320.92,-230.14,144,SE
2024/11/02 20:54:36,20.38,3414,4960,78,-0.33,9.80,-0.05,1,71.07,-321.83,-229.52,152,SE
2024/11/02 20:54:36,20.38,3406,4944,78,-0.32,9.84,0.00,1,71.73,-320.89,-230.14,144,SE
2024/11/02 20:54:37,20.38,3399,4935,78,-0.28,9.89,-0.01,1,71.10,-320.66,-229.78,146,SE
2024/11/02 20:54:37,20.38,3396,4929,77,-0.33,9.81,-0.02,1,71.23,-321.82,-229.52,147,SE
2024/11/02 20:54:38,20.38,3394,4925,77,-0.33,9.83,-0.01,1,71.06,-322.54,-229.71,146,SE
2024/11/02 20:54:38,20.38,3391,4920,77,-0.36,9.87,0.01,2,70.46,-320.69,-229.87,142,SE
2024/11/02 20:54:39,20.38,3390,4918,77,-0.28,9.82,0.01,1,71.24,-321.36,-229.61,142,SE
2024/11/02 20:54:39,20.38,3389,4916,77,-0.27,9.83,-0.04,1,71.24,-321.61,-229.97,152,SE
2024/11/02 20:54:40,20.38,3389,4915,77,-0.32,9.84,0.01,1,71.05,-322.77,-229.54,142,SE
2024/11/02 20:54:40,20.38,3387,4913,77,-0.31,9.86,0.00,1,71.56,-321.34,-229.34,144,SE
2024/11/02 20:54:41,20.38,3387,4913,77,-0.34,9.88,0.05,2,71.23,-322.07,-229.89,136,SE
2024/11/02 20:54:41,20.38,3386,4911,77,-0.32,9.83,-0.03,1,71.40,-321.36,-229.88,149,SE
2024/11/02 20:54:41,20.38,3386,4910,77,-0.35,9.80,-0.01,2,70.77,-321.14,-229.69,145,SE
2024/11/02 20:54:42,20.38,3384,4908,77,-0.31,9.85,-0.01,1,70.30,-320.69,-229.87,145,SE
2024/11/02 20:54:42,20.38,3384,4908,77,-0.36,9.85,-0.02,2,71.24,-321.58,-229.34,147,SE
2024/11/02 20:54:43,20.38,3384,4908,77,-0.34,9.86,0.04,2,71.09,-321.12,-229.51,137,SE
2024/11/02 20:54:43,20.38,3384,4907,77,-0.29,9.82,-0.05,1,70.96,-319.73,-229.85,153,SE
2024/11/02 20:54:44,20.38,3384,4907,77,-0.34,9.86,-0.02,1,71.72,-321.35,-229.70,147,SE
2024/11/02 20:54:44,20.38,3382,4906,77,-0.32,9.87,-0.04,1,70.61,-321.37,-229.51,151,SE
2024/11/02 20:54:45,20.38,3383,4907,77,-0.30,9.82,0.03,1,71.39,-321.83,-229.70,138,SE
2024/11/02 20:54:51,20.38,3415,4961,78,-0.31,9.83,0.01,1,70.77,-321.15,-229.96,142,SE
2024/11/02 20:54:51,20.38,3406,4946,78,-0.34,9.86,-0.03,2,71.40,-321.61,-230.06,149,SE
2024/11/02 20:54:52,20.38,3401,4937,77,-0.33,9.85,-0.03,1,71.26,-320.17,-229.32,149,SE
2024/11/02 20:54:52,20.38,3398,4932,77,-0.37,9.81,-0.02,2,70.28,-321.86,-229.70,147,SE
2024/11/02 20:54:53,20.38,3395,4926,77,-0.29,9.86,-0.01,1,70.74,-322.55,-229.62,146,SE
2024/11/02 20:54:53,20.38,3393,4922,77,-0.28,9.84,0.00,1,70.44,-321.85,-229.70,144,SE
2024/11/02 20:54:54,20.38,3391,4919,77,-0.34,9.85,-0.05,2,70.91,-322.07,-229.53,152,SE
2024/11/02 20:54:54,20.38,3390,4919,77,-0.34,9.88,-0.05,2,70.47,-320.44,-229.59,152,SE
2024/11/02 20:54:55,20.38,3388,4917,77,-0.32,9.87,-0.06,1,71.07,-321.83,-229.61,154,SE
2024/11/02 20:54:55,20.38,3387,4914,77,-0.30,9.86,-0.01,1,69.95,-322.57,-229.71,146,SE
2024/11/02 20:54:56,20.38,3387,4913,77,-0.34,9.84,0.03,2,71.25,-320.87,-229.24,139,SE
2024/11/02 20:54:56,20.38,3386,4911,77,-0.30,9.85,-0.02,1,70.45,-321.15,-229.78,147,SE
2024/11/02 20:54:57,20.38,3385,4911,77,-0.32,9.84,0.01,1,71.70,-322.29,-229.80,142,SE
2024/11/02 20:54:57,20.38,3384,4908,77,-0.27,9.87,-0.02,1,71.38,-322.30,-229.71,148,SE
2024/11/02 20:54:58,20.38,3384,4908,77,-0.29,9.82,0.00,1,70.45,-321.16,-229.87,144,SE
2024/11/02 20:54:58,20.38,3384,4908,77,-0.33,9.83,-0.06,1,71.42,-320.66,-229.87,154,SE
2024/11/02 20:54:59,20.38,3383,4908,77,-0.33,9.87,0.00,1,70.61,-321.13,-229.33,144,SE
2024/11/02 20:54:59,20.38,3383,4907,77,-0.34,9.86,0.03,2,70.60,-321.85,-229.79,139,SE
2024/11/02 20:55:00,20.38,3382,4906,77,-0.28,9.83,0.00,1,71.26,-320.41,-229.50,144,SE
2024/11/02 20:55:00,20.38,3382,4905,77,-0.32,9.80,-0.03,1,70.62,-320.91,-229.69,149,SE
2024/11/02 20:55:06,20.38,3411,4958,78,-0.33,9.85,-0.01,1,71.09,-321.13,-229.69,145,SE
2024/11/02 20:55:07,20.38,3403,4941,78,-0.34,9.84,-0.04,2,71.37,-323.00,-229.63,150,SE
2024/11/02 20:55:07,20.38,3398,4932,77,-0.28,9.88,-0.02,1,71.08,-321.60,-229.70,148,SE
2024/11/02 20:55:08,20.38,3395,4928,77,-0.32,9.83,0.01,1,71.08,-321.59,-229.52,142,SE
2024/11/02 20:55:08,20.38,3393,4924,77,-0.32,9.85,-0.02,1,71.55,-322.06,-229.71,147,SE
2024/11/02 20:55:09,20.38,3390,4920,77,-0.29,9.85,-0.02,1,71.08,-321.59,-229.43,148,SE
2024/11/02 20:55:09,20.38,3390,4917,77,-0.33,9.84,-0.01,1,71.41,-321.13,-229.87,145,SE
2024/11/02 20:55:10,20.38,3388,4915,77,-0.31,9.85,-0.01,1,72.49,-322.49,-229.54,146,SE
2024/11/02 20:55:10,20.38,3387,4913,77,-0.33,9.83,-0.04,1,70.59,-322.31,-229.53,151,SE
2024/11/02 20:55:11,20.38,3386,4912,77,-0.37,9.83,-0.08,2,71.07,-322.07,-229.71,156,SE
2024/11/02 20:55:11,20.38,3385,4910,77,-0.34,9.89,0.01,1,71.06,-322.30,-229.53,142,SE
2024/11/02 20:55:12,20.38,3384,4910,77,-0.30,9.86,-0.03,1,71.71,-322.06,-229.98,149,SE
2024/11/02 20:55:12,20.38,3384,4909,77,-0.35,9.85,0.00,2,70.60,-321.60,-229.25,144,SE
2024/11/02 20:55:13,20.38,3383,4907,77,-0.32,9.85,-0.05,1,71.71,-321.58,-229.70,152,SE
2024/11/02 20:55:13,20.38,3382,4907,77,-0.32,9.86,-0.01,1,71.40,-321.34,-229.34,146,SE
2024/11/02 20:55:14,20.38,3382,4906,77,-0.29,9.85,0.01,1,72.32,-323.22,-230.00,142,SE
2024/11/02 20:55:14,20.38,3382,4904,77,-0.29,9.86,0.03,1,71.09,-321.13,-229.60,138,SE
2024/11/02 20:55:15,20.38,3382,4904,77,-0.35,9.84,-0.04,2,70.92,-321.61,-229.79,150,SE
2024/11/02 20:55:15,20.38,3380,4902,77,-0.32,9.83,0.00,1,71.41,-320.63,-229.24,144,SE
2024/11/02 20:55:16,20.38,3380,4902,77,-0.30,9.87,-0.03,1,70.60,-321.85,-229.79,149,SE
2024/11/02 20:55:22,20.38,3408,4952,78,-0.31,9.87,-0.02,1,70.61,-321.40,-230.15,147,SE
2024/11/02 20:55:22,20.38,3400,4937,78,-0.33,9.80,-0.01,1,71.07,-321.84,-229.70,145,SE
2024/11/02 20:55:23,20.38,3395,4928,77,-0.34,9.87,0.02,1,71.25,-321.14,-230.14,140,SE
2024/11/02 20:55:23,20.38,3391,4922,77,-0.33,9.83,-0.03,1,70.13,-321.64,-229.97,149,SE
2024/11/02 20:55:24,20.38,3389,4917,77,-0.31,9.85,0.00,1,71.56,-321.11,-229.60,144,SE
2024/11/02 20:55:24,20.38,3386,4914,77,-0.31,9.87,0.02,1,71.09,-321.15,-230.23,140,SE
2024/11/02 20:55:25,20.38,3385,4910,77,-0.31,9.87,-0.02,1,72.20,-321.11,-229.97,147,SE
2024/11/02 20:55:25,20.38,3384,4909,77,-0.32,9.86,0.02,1,70.78,-320.69,-230.14,140,SE
2024/11/02 20:55:26,20.38,3382,4908,77,-0.30,9.86,0.03,1,71.25,-321.13,-229.69,138,SE
2024/11/02 20:55:26,20.38,3382,4906,77,-0.35,9.86,-0.01,2,71.55,-321.83,-229.98,145,SE
2024/11/02 20:55:27,20.38,3381,4905,77,-0.28,9.88,0.02,1,70.44,-321.84,-229.34,140,SE
2024/11/02 20:55:27,20.38,3381,4905,77,-0.31,9.90,-0.04,1,70.94,-320.67,-229.87,151,SE
2024/11/02 20:55:28,20.38,3380,4903,77,-0.31,9.83,0.01,1,71.42,-320.65,-229.69,142,SE
2024/11/02 20:55:28,20.38,3379,4902,77,-0.31,9.83,-0.02,1,71.24,-321.61,-230.06,147,SE
2024/11/02 20:55:29,20.38,3379,4901,77,-0.32,9.85,0.01,1,70.92,-321.37,-229.61,142,SE
2024/11/02 20:55:29,20.38,3378,4900,77,-0.35,9.85,-0.03,2,71.09,-320.92,-230.23,148,SE
2024/11/02 20:55:30,20.38,3378,4899,77,-0.34,9.85,-0.01,1,71.38,-322.53,-229.62,145,SE
2024/11/02 20:55:30,20.38,3378,4897,76,-0.32,9.85,0.05,1,71.56,-321.36,-229.88,135,SE
2024/11/02 20:55:31,20.38,3377,4897,76,-0.32,9.88,-0.01,1,71.24,-321.37,-229.97,145,SE
2024/11/02 20:55:31,20.38,3377,4897,76,-0.30,9.84,0.01,1,71.08,-321.59,-229.52,142,SE
2024/11/02 20:55:37,20.38,3406,4948,78,-0.33,9.88,0.01,1,71.41,-321.12,-229.78,142,SE
2024/11/02 20:55:38,20.38,3398,4933,77,-0.35,9.81,-0.02,2,71.09,-321.14,-230.05,147,SE
2024/11/02 20:55:38,20.38,3393,4924,77,-0.29,9.83,0.01,1,71.39,-322.08,-230.07,142,SE
2024/11/02 20:55:39,20.38,3391,4919,77,-0.31,9.84,-0.02,1,70.28,-321.62,-229.70,147,SE
2024/11/02 20:55:39,20.38,3387,4916,77,-0.35,9.84,-0.03,2,71.41,-321.14,-230.05,148,SE
2024/11/02 20:55:40,20.38,3385,4912,77,-0.32,9.85,0.00,1,71.54,-322.30,-229.80,144,SE
2024/11/02 20:55:40,20.38,3385,4911,77,-0.33,9.85,0.07,1,69.84,-320.23,-229.86,132,SE
2024/11/02 20:55:41,20.38,3384,4908,77,-0.33,9.82,-0.02,1,71.24,-321.37,-230.06,147,SE
2024/11/02 20:55:41,20.38,3383,4907,77,-0.30,9.85,0.01,1,70.93,-321.12,-229.42,142,SE
2024/11/02 20:55:42,20.38,3383,4908,77,-0.30,9.84,0.01,1,71.07,-322.07,-229.71,142,SE
2024/11/02 20:55:42,20.38,3382,4906,77,-0.33,9.88,0.03,1,70.26,-322.79,-229.54,139,SE
2024/11/02 20:55:43,20.38,3382,4906,77,-0.31,9.84,0.03,1,71.07,-322.09,-230.07,138,SE
2024/11/02 20:55:43,20.38,3382,4906,77,-0.30,9.86,0.00,1,70.93,-321.13,-229.60,144,SE
2024/11/02 20:55:44,20.38,3381,4906,77,-0.33,9.85,0.00,1,70.46,-320.91,-229.60,144,SE
2024/11/02 20:55:44,20.38,3382,4906,77,-0.31,9.84,0.00,1,70.59,-322.09,-229.80,144,SE
2024/11/02 20:55:45,20.38,3382,4906,77,-0.28,9.84,-0.02,1,70.76,-321.62,-229.97,148,SE
2024/11/02 20:55:45,20.38,3382,4906,77,-0.35,9.84,-0.02,2,72.04,-321.10,-229.51,147,SE
2024/11/02 20:55:46,20.38,3381,4905,77,-0.36,9.81,-0.02,2,70.63,-320.45,-229.86,147,SE
2024/11/02 20:55:46,20.38,3381,4905,77,-0.32,9.81,-0.01,1,71.10,-320.44,-229.95,145,SE
2024/11/02 20:55:47,20.38,3381,4904,77,-0.35,9.87,-0.01,2,70.93,-321.15,-229.96,145,SE
2024/11/02 20:55:53,20.38,3412,4959,78,-0.30,9.85,0.01,1,70.62,-320.68,-229.78,142,SE
2024/11/02 20:55:53,20.38,3404,4942,78,-0.29,9.87,-0.01,1,70.76,-321.61,-229.70,146,SE
2024/11/02 20:55:54,20.38,3398,4933,77,-0.32,9.86,0.01,1,70.28,-321.63,-229.97,142,SE
2024/11/02 20:55:54,20.38,3396,4928,77,-0.31,9.87,-0.04,1,71.43,-319.94,-229.59,151,SE
2024/11/02 20:55:55,20.38,3393,4922,77,-0.30,9.88,-0.03,1,71.09,-321.11,-229.24,149,SE
2024/11/02 20:55:55,20.38,3391,4920,77,-0.28,9.89,-0.06,1,71.38,-322.29,-229.53,156,SE
2024/11/02 20:55:56,20.38,3389,4917,77,-0.33,9.83,0.01,1,71.71,-321.58,-229.52,142,SE
2024/11/02 20:55:56,20.38,3388,4915,77,-0.31,9.82,0.00,1,70.29,-321.16,-229.87,144,SE
2024/11/02 20:55:57,20.38,3386,4913,77,-0.31,9.83,-0.01,1,70.63,-320.46,-230.13,145,SE
2024/11/02 20:55:57,20.38,3385,4911,77,-0.32,9.85,-0.04,1,71.08,-321.62,-230.15,151,SE
2024/11/02 20:55:58,20.38,3385,4910,77,-0.34,9.84,0.00,1,70.92,-321.37,-229.70,144,SE
2024/11/02 20:55:58,20.38,3384,4910,77,-0.32,9.85,-0.01,1,71.22,-322.31,-229.80,146,SE
2024/11/02 20:55:59,20.38,3384,4908,77,-0.31,9.84,-0.06,1,70.59,-322.10,-229.98,154,SE
2024/11/02 20:55:59,20.38,3384,4906,77,-0.32,9.87,0.00,1,70.13,-321.39,-229.69,144,SE
2024/11/02 20:56:00,20.38,3383,4907,77,-0.36,9.84,-0.02,2,70.92,-321.36,-229.43,147,SE
2024/11/02 20:56:00,20.38,3383,4906,77,-0.33,9.83,-0.01,1,71.38,-322.31,-230.16,145,SE
2024/11/02 20:56:01,20.38,3382,4904,77,-0.30,9.85,-0.02,1,70.26,-322.80,-229.72,148,SE
2024/11/02 20:56:01,20.38,3382,4905,77,-0.30,9.84,0.04,1,71.23,-321.84,-229.88,136,SE
2024/11/02 20:56:02,20.38,3382,4905,77,-0.30,9.85,-0.02,1,70.93,-320.87,-228.97,147,SE
2024/11/02 20:56:02,20.38,3381,4903,77,-0.34,9.87,0.02,1,70.76,-321.60,-229.52,140,SE
2024/11/02 20:56:08,20.38,3411,4956,78,-0.34,9.82,-0.04,2,71.54,-322.29,-229.53,150,SE
2024/11/02 20:56:09,20.38,3402,4939,78,-0.33,9.80,-0.01,1,70.59,-322.09,-229.80,145,SE
2024/11/02 20:56:09,20.38,3397,4931,77,-0.34,9.89,-0.01,1,71.09,-320.88,-229.33,145,SE
2024/11/02 20:56:10,20.38,3393,4924,77,-0.29,9.85,0.21,2,71.09,-320.90,-229.69,109,E
2024/11/02 20:56:10,20.38,3391,4920,77,-0.25,9.84,-0.05,1,71.06,-322.55,-229.89,155,SE
2024/11/02 20:56:11,20.38,3389,4916,77,-0.32,9.86,-0.05,1,70.91,-322.07,-229.62,152,SE
2024/11/02 20:56:11,20.38,3386,4913,77,-0.32,9.85,-0.03,1,71.10,-320.65,-229.42,149,SE
2024/11/02 20:56:12,20.38,3386,4912,77,-0.34,9.87,0.00,1,70.75,-322.09,-230.07,144,SE
2024/11/02 20:56:12,20.38,3385,4910,77,-0.30,9.84,-0.04,1,70.91,-321.83,-229.43,151,SE
2024/11/02 20:56:13,20.38,3385,4909,77,-0.27,9.84,0.00,1,70.75,-322.08,-229.71,144,SE
2024/11/02 20:56:13,20.38,3384,4908,77,-0.30,9.80,-0.05,1,71.38,-322.53,-229.71,153,SE
2024/11/02 20:56:14,20.38,3383,4906,77,-0.34,9.85,-0.12,2,70.77,-321.15,-230.05,163,S
2024/11/02 20:56:14,20.38,3382,4905,77,-0.35,9.87,0.03,2,69.95,-322.34,-229.71,139,SE
2024/11/02 20:56:15,20.38,3382,4904,77,-0.29,9.86,-0.01,1,70.76,-321.61,-229.70,146,SE
2024/11/02 20:56:15,20.38,3381,4904,77,-0.32,9.84,-0.03,1,71.55,-321.83,-229.98,149,SE
2024/11/02 20:56:16,20.38,3382,4904,77,-0.32,9.85,0.01,1,71.09,-321.11,-229.24,142,SE
2024/11/02 20:56:16,20.38,3381,4902,77,-0.30,9.84,0.05,1,70.76,-321.60,-229.43,135,SE
2024/11/02 20:56:17,20.38,3381,4902,77,-0.30,9.86,0.00,1,71.38,-322.29,-229.62,144,SE
2024/11/02 20:56:17,20.38,3380,4902,77,-0.33,9.83,0.00,1,71.70,-322.05,-229.62,144,SE
2024/11/02 20:56:18,20.38,3380,4902,77,-0.31,9.86,-0.02,1,71.23,-322.07,-229.71,147,SE
2024/11/02 20:56:24,20.38,3410,4954,78,-0.32,9.86,-0.02,1,71.23,-322.07,-229.89,147,SE
2024/11/02 20:56:24,20.38,3401,4937,77,-0.34,9.86,-0.05,2,70.93,-321.15,-229.96,152,SE
2024/11/02 20:56:25,20.38,3397,4929,77,-0.30,9.84,-0.02,1,70.44,-321.85,-229.70,147,SE
2024/11/02 20:56:25,20.38,3393,4924,77,-0.31,9.85,0.01,1,70.62,-320.67,-229.69,142,SE
2024/11/02 20:56:26,20.38,3391,4920,77,-0.36,9.79,-0.02,2,70.74,-322.55,-229.80,147,SE
2024/11/02 20:56:26,20.38,3388,4916,77,-0.36,9.85,-0.04,2,70.76,-321.85,-229.79,150,SE
2024/11/02 20:56:27,20.38,3387,4914,77,-0.33,9.86,-0.01,1,70.62,-320.91,-229.78,145,SE
2024/11/02 20:56:27,20.31,3386,4911,77,-0.36,9.81,-0.05,2,70.92,-321.85,-229.88,151,SE
2024/11/02 20:56:28,20.31,3384,4909,77,-0.31,9.84,-0.01,1,71.27,-320.19,-229.86,145,SE
2024/11/02 20:56:28,20.31,3384,4909,77,-0.27,9.86,0.03,1,71.09,-320.91,-230.05,138,SE
2024/11/02 20:56:29,20.31,3383,4908,77,-0.31,9.86,-0.11,1,70.12,-321.61,-229.25,163,S
2024/11/02 20:56:29,20.31,3382,4907,77,-0.30,9.85,-0.03,1,70.26,-322.81,-229.90,149,SE
2024/11/02 20:56:30,20.31,3382,4905,77,-0.34,9.87,-0.04,2,71.39,-322.07,-229.89,150,SE
2024/11/02 20:56:30,20.31,3382,4905,77,-0.30,9.86,-0.02,1,70.60,-321.87,-230.15,147,SE
2024/11/02 20:56:30,20.31,3382,4904,77,-0.31,9.83,-0.06,1,70.44,-321.85,-229.52,154,SE
2024/11/02 20:56:31,20.31,3382,4904,77,-0.32,9.84,0.02,1,70.61,-321.16,-230.14,140,SE
2024/11/02 20:56:32,20.31,3380,4903,77,-0.36,9.85,-0.02,2,70.92,-321.85,-229.88,147,SE
2024/11/02 20:56:32,20.31,3380,4902,77,-0.32,9.86,0.00,1,71.10,-320.67,-229.87,144,SE
2024/11/02 20:56:33,20.31,3380,4900,76,-0.31,9.87,-0.02,1,71.08,-321.35,-229.15,147,SE
2024/11/02 20:56:33,20.31,3380,4900,76,-0.32,9.86,0.02,1,71.42,-320.41,-229.50,140,SE
2024/11/02 20:56:39,20.38,3409,4953,78,-0.32,9.86,-0.02,1,71.38,-322.54,-229.80,147,SE
2024/11/02 20:56:39,20.38,3400,4936,78,-0.38,9.85,-0.08,2,70.28,-321.85,-229.52,155,SE
2024/11/02 20:56:40,20.38,3394,4927,77,-0.32,9.81,0.01,1,71.09,-320.89,-229.60,142,SE
2024/11/02 20:56:40,20.38,3391,4921,77,-0.29,9.85,0.00,1,70.93,-321.14,-229.69,144,SE
2024/11/02 20:56:41,20.38,3389,4917,77,-0.31,9.87,-0.02,1,71.86,-322.28,-229.71,147,SE
2024/11/02 20:56:41,20.38,3386,4913,77,-0.32,9.82,0.03,1,71.71,-321.83,-230.07,139,SE
2024/11/02 20:56:42,20.38,3385,4910,77,-0.31,9.88,-0.04,1,72.35,-321.32,-229.52,151,SE
2024/11/02 20:56:42,20.31,3384,4909,77,-0.37,9.81,0.01,2,71.87,-321.57,-229.61,142,SE
2024/11/02 20:56:43,20.31,3383,4907,77,-0.30,9.87,-0.02,1,71.85,-322.52,-229.62,148,SE
2024/11/02 20:56:43,20.31,3382,4906,77,-0.34,9.87,-0.03,1,71.42,-320.65,-229.69,149,SE
2024/11/02 20:56:44,20.31,3382,4905,77,-0.32,9.85,-0.04,1,71.57,-320.89,-229.87,151,SE
2024/11/02 20:56:44,20.31,3381,4905,77,-0.32,9.84,-0.02,1,70.95,-320.19,-229.68,147,SE
2024/11/02 20:56:45,20.31,3382,4904,77,-0.34,9.88,-0.02,1,70.58,-322.80,-229.90,147,SE
2024/11/02 20:56:45,20.31,3381,4903,77,-0.31,9.84,0.01,1,70.77,-320.88,-229.15,142,SE
2024/11/02 20:56:46,20.31,3381,4903,77,-0.32,9.87,0.00,1,70.94,-320.67,-229.87,144,SE
2024/11/02 20:56:46,20.31,3380,4901,77,-0.30,9.82,-0.07,1,71.58,-320.67,-230.23,156,SE
2024/11/02 20:56:47,20.31,3379,4901,77,-0.32,9.83,-0.02,1,72.03,-321.80,-229.52,147,SE
2024/11/02 20:56:47,20.31,3379,4900,77,-0.30,9.80,0.02,1,71.23,-322.07,-229.71,140,SE
2024/11/02 20:56:48,20.31,3379,4900,77,-0.33,9.82,-0.04,1,71.55,-321.83,-229.79,150,SE
2024/11/02 20:56:48,20.31,3379,4899,76,-0.30,9.86,0.00,1,70.29,-321.17,-230.05,144,SE
2024/11/02 20:56:54,20.38,3410,4956,78,-0.37,9.89,-0.01,2,71.40,-321.59,-229.61,145,SE
2024/11/02 20:56:55,20.38,3402,4940,78,-0.36,9.87,0.00,2,70.76,-321.61,-229.79,144,SE
2024/11/02 20:56:55,20.38,3398,4931,77,-0.30,9.83,-0.01,1,71.88,-321.10,-229.42,146,SE
2024/11/02 20:56:56,20.38,3395,4927,77,-0.32,9.88,-0.02,1,70.44,-321.85,-229.70,147,SE
2024/11/02 20:56:56,20.38,3391,4921,77,-0.34,9.86,-0.01,1,71.23,-322.05,-229.26,145,SE
2024/11/02 20:56:57,20.38,3389,4917,77,-0.37,9.87,-0.02,2,72.39,-319.69,-229.95,147,SE
2024/11/02 20:56:57,20.38,3388,4916,77,-0.32,9.86,-0.03,1,71.08,-321.85,-230.15,149,SE
2024/11/02 20:56:58,20.31,3387,4913,77,-0.33,9.82,-0.04,1,70.13,-321.40,-229.88,150,SE
2024/11/02 20:56:58,20.31,3386,4911,77,-0.33,9.86,0.00,1,70.75,-322.09,-229.98,144,SE
2024/11/02 20:56:59,20.31,3385,4910,77,-0.34,9.79,-0.03,2,70.62,-320.66,-229.41,149,SE
2024/11/02 20:56:59,20.31,3383,4907,77,-0.34,9.85,0.03,2,70.94,-320.67,-229.87,139,SE
2024/11/02 20:57:00,20.31,3382,4906,77,-0.32,9.82,-0.01,1,70.76,-321.62,-229.88,145,SE
2024/11/02 20:57:00,20.31,3382,4904,77,-0.32,9.80,-0.02,1,71.39,-322.07,-229.80,147,SE
2024/11/02 20:57:01,20.31,3381,4903,77,-0.32,9.87,-0.03,1,70.59,-322.09,-229.80,149,SE
2024/11/02 20:57:01,20.31,3380,4902,77,-0.35,9.86,0.00,2,70.76,-321.85,-229.79,144,SE
2024/11/02 20:57:02,20.38,3379,4901,77,-0.33,9.81,0.01,1,71.56,-321.36,-229.79,142,SE
2024/11/02 20:57:02,20.38,3380,4900,76,-0.34,9.87,0.00,1,70.93,-320.91,-230.05,144,SE
2024/11/02 20:57:03,20.38,3378,4899,77,-0.32,9.85,-0.02,1,71.73,-320.64,-229.69,147,SE
2024/11/02 20:57:03,20.38,3377,4896,76,-0.32,9.85,0.01,1,71.41,-320.90,-229.96,142,SE
2024/11/02 20:57:04,20.38,3377,4896,76,-0.35,9.87,0.01,2,70.13,-321.39,-229.69,142,SE
2024/11/02 20:57:10,20.38,3407,4947,78,-0.35,9.87,-0.04,2,71.08,-321.59,-229.43,150,SE
2024/11/02 20:57:10,20.38,3398,4934,78,-0.31,9.85,-0.07,1,70.47,-319.97,-229.58,156,SE
2024/11/02 20:57:11,20.38,3393,4925,77,-0.33,9.87,0.00,1,71.40,-321.59,-229.61,144,SE
2024/11/02 20:57:11,20.38,3390,4919,77,-0.30,9.83,0.00,1,70.43,-322.32,-229.53,144,SE
2024/11/02 20:57:12,20.38,3388,4916,77,-0.29,9.82,-0.02,1,70.60,-321.84,-229.52,148,SE
2024/11/02 20:57:12,20.38,3386,4910,77,-0.30,9.85,-0.03,1,70.77,-321.39,-230.15,149,SE
2024/11/02 20:57:13,20.38,3384,4909,77,-0.35,9.87,0.03,2,70.93,-321.15,-229.96,139,SE
2024/11/02 20:57:13,20.31,3384,4908,77,-0.33,9.86,-0.01,1,71.07,-322.05,-229.26,146,SE
2024/11/02 20:57:14,20.31,3382,4905,77,-0.32,9.84,-0.03,1,71.08,-321.37,-229.70,149,SE
2024/11/02 20:57:14,20.31,3381,4904,77,-0.33,9.85,-0.03,1,71.73,-320.63,-229.51,149,SE
2024/11/02 20:57:15,20.31,3382,4903,77,-0.31,9.86,0.01,1,70.76,-321.36,-229.24,142,SE
2024/11/02 20:57:15,20.31,3380,4901,77,-0.30,9.82,0.02,1,71.25,-320.90,-229.96,140,SE
2024/11/02 20:57:16,20.31,3379,4900,77,-0.33,9.86,0.02,1,71.05,-323.00,-229.45,141,SE
2024/11/02 20:57:16,20.31,3378,4899,77,-0.30,9.83,-0.03,1,71.11,-320.19,-229.68,149,SE
2024/11/02 20:57:17,20.31,3379,4898,76,-0.32,9.84,0.03,1,71.24,-321.36,-229.79,139,SE
2024/11/02 20:57:17,20.31,3378,4898,76,-0.30,9.77,-0.01,1,70.93,-321.13,-229.60,146,SE
2024/11/02 20:57:18,20.31,3378,4897,76,-0.31,9.85,-0.01,1,71.10,-320.67,-229.96,145,SE
2024/11/02 20:57:18,20.31,3377,4897,76,-0.32,9.83,-0.01,1,71.22,-322.78,-229.99,146,SE
2024/11/02 20:57:19,20.31,3377,4896,76,-0.32,9.86,-0.06,1,70.94,-320.68,-229.96,154,SE
2024/11/02 20:57:19,20.31,3377,4898,77,-0.31,9.82,-0.03,1,71.40,-321.58,-229.43,149,SE
2024/11/02 20:57:25,20.31,3407,4951,78,-0.33,9.84,-0.07,1,70.93,-321.13,-229.60,155,SE
2024/11/02 20:57:26,20.31,3399,4935,78,-0.33,9.83,-0.01,1,70.16,-319.75,-229.67,145,SE
2024/11/02 20:57:26,20.31,3394,4927,77,-0.29,9.84,0.01,1,71.10,-320.65,-229.51,142,SE
2024/11/02 20:57:27,20.31,3392,4921,77,-0.31,9.84,-0.02,1,71.57,-320.88,-229.60,147,SE
2024/11/02 20:57:27,20.31,3390,4918,77,-0.34,9.86,-0.02,1,71.55,-321.58,-229.52,147,SE
2024/11/02 20:57:28,20.31,3387,4915,77,-0.32,9.86,0.00,1,71.26,-320.65,-229.51,144,SE
2024/11/02 20:57:28,20.31,3387,4913,77,-0.32,9.86,-0.03,1,70.76,-321.36,-229.24,149,SE
2024/11/02 20:57:29,20.31,3386,4911,77,-0.35,9.88,0.00,2,71.40,-321.37,-229.97,144,SE
2024/11/02 20:57:29,20.31,3385,4910,77,-0.33,9.87,0.14,2,71.41,-321.11,-229.51,121,SE
2024/11/02 20:57:30,20.31,3384,4910,77,-0.31,9.89,0.00,1,71.24,-321.37,-229.97,144,SE
2024/11/02 20:57:30,20.31,3384,4908,77,-0.32,9.84,-0.01,1,71.72,-321.36,-229.97,145,SE
2024/11/02 20:57:31,20.31,3384,4908,77,-0.32,9.87,-0.05,1,71.41,-321.14,-230.05,152,SE
2024/11/02 20:57:31,20.31,3383,4907,77,-0.35,9.86,-0.02,2,71.09,-320.90,-229.87,147,SE
2024/11/02 20:57:32,20.31,3383,4908,77,-0.25,9.85,0.01,1,71.88,-321.35,-229.97,142,SE
2024/11/02 20:57:32,20.31,3384,4908,77,-0.32,9.86,-0.02,1,71.08,-321.60,-229.70,147,SE
2024/11/02 20:57:33,20.31,3384,4907,77,-0.32,9.84,-0.01,1,70.75,-322.32,-229.71,146,SE
2024/11/02 20:57:33,20.31,3383,4907,77,-0.38,9.85,-0.01,2,70.46,-320.92,-229.87,145,SE
2024/11/02 20:57:34,20.31,3383,4908,77,-0.35,9.83,-0.04,2,71.08,-321.35,-229.24,150,SE
2024/11/02 20:57:34,20.31,3384,4907,77,-0.33,9.83,-0.02,1,70.75,-321.84,-229.43,147,SE
2024/11/02 20:57:35,20.31,3383,4906,77,-0.23,9.85,-0.01,1,70.92,-321.59,-229.25,146,SE
2024/11/02 20:57:41,20.31,3413,4959,78,-0.32,9.85,-0.02,1,71.24,-321.36,-229.70,147,SE
2024/11/02 20:57:41,20.31,3404,4942,78,-0.28,9.86,-0.02,1,72.51,-321.58,-230.15,148,SE
2024/11/02 20:57:42,20.31,3399,4933,77,-0.26,9.88,-0.02,1,71.41,-321.13,-229.87,148,SE
2024/11/02 20:57:42,20.31,3396,4926,77,-0.29,9.89,-0.01,1,70.29,-321.39,-229.79,146,SE
2024/11/02 20:57:43,20.31,3392,4922,77,-0.31,9.84,-0.02,1,71.57,-321.12,-229.78,147,SE
2024/11/02 20:57:43,20.31,3390,4918,77,-0.27,9.85,0.00,1,70.30,-320.90,-229.24,144,SE
2024/11/02 20:57:44,20.31,3389,4916,77,-0.26,9.85,-0.04,1,70.78,-320.93,-230.32,152,SE
2024/11/02 20:57:44,20.31,3386,4913,77,-0.38,9.84,0.01,2,70.73,-323.28,-230.36,142,SE
2024/11/02 20:57:45,20.31,3386,4910,77,-0.35,9.84,0.01,2,71.22,-322.31,-229.89,142,SE
2024/11/02 20:57:45,20.31,3384,4909,77,-0.31,9.86,-0.02,1,71.25,-320.88,-229.51,147,SE
2024/11/02 20:57:46,20.31,3383,4908,77,-0.30,9.88,0.00,1,71.06,-322.30,-229.44,144,SE
2024/11/02 20:57:46,20.31,3383,4906,77,-0.30,9.89,0.01,1,71.84,-323.46,-229.82,142,SE
2024/11/02 20:57:47,20.31,3382,4905,77,-0.33,9.84,-0.03,1,71.09,-320.90,-229.69,149,SE
2024/11/02 20:57:47,20.31,3381,4903,77,-0.32,9.86,-0.03,1,69.47,-322.60,-229.98,149,SE
2024/11/02 20:57:48,20.31,3381,4903,77,-0.34,9.82,-0.03,2,69.96,-322.12,-230.16,149,SE
2024/11/02 20:57:48,20.31,3380,4901,77,-0.34,9.83,0.00,2,70.76,-321.60,-229.34,144,SE
2024/11/02 20:57:49,20.31,3380,4901,77,-0.29,9.86,-0.03,1,70.90,-322.55,-229.71,150,SE
2024/11/02 20:57:49,20.31,3379,4901,77,-0.34,9.88,-0.04,2,70.28,-321.86,-229.61,150,SE
2024/11/02 20:57:50,20.31,3378,4899,77,-0.35,9.85,-0.02,2,71.24,-321.37,-229.97,147,SE
2024/11/02 20:57:50,20.31,3377,4898,77,-0.30,9.85,-0.04,1,71.87,-321.83,-230.25,151,SE
2024/11/02 20:57:56,20.31,3406,4950,78,-0.29,9.86,-0.01,1,70.29,-321.14,-229.42,146,SE
2024/11/02 20:57:57,20.31,3397,4933,78,-0.31,9.88,-0.03,1,71.08,-321.37,-229.88,149,SE
2024/11/02 20:57:57,20.31,3393,4924,77,-0.30,9.86,0.00,1,70.15,-320.47,-230.04,144,SE
2024/11/02 20:57:58,20.31,3389,4918,77,-0.31,9.87,0.00,1,70.94,-320.92,-230.32,144,SE
2024/11/02 20:57:58,20.31,3387,4913,77,-0.33,9.84,0.01,1,71.39,-321.82,-229.52,142,SE
2024/11/02 20:57:59,20.31,3384,4910,77,-0.32,9.85,-0.02,1,71.40,-321.36,-229.88,147,SE
2024/11/02 20:57:59,20.31,3383,4908,77,-0.33,9.82,0.09,2,71.06,-322.78,-229.72,129,SE
2024/11/02 20:58:00,20.31,3383,4906,77,-0.33,9.85,-0.03,1,71.23,-322.08,-230.16,149,SE
2024/11/02 20:58:00,20.31,3381,4904,77,-0.31,9.82,-0.04,1,70.43,-322.34,-230.07,151,SE
2024/11/02 20:58:01,20.31,3381,4903,77,-0.30,9.86,-0.03,1,71.38,-322.29,-229.44,149,SE
2024/11/02 20:58:01,20.31,3379,4902,77,-0.33,9.86,-0.03,1,71.71,-321.82,-229.79,149,SE
2024/11/02 20:58:02,20.31,3379,4901,77,-0.33,9.84,0.02,1,71.23,-321.83,-229.61,140,SE
2024/11/02 20:58:02,20.31,3378,4901,77,-0.35,9.84,-0.04,2,71.55,-322.08,-230.25,150,SE
2024/11/02 20:58:03,20.31,3378,4898,76,-0.32,9.85,0.00,1,71.24,-321.36,-229.79,144,SE
2024/11/02 20:58:03,20.31,3377,4899,77,-0.31,9.83,0.00,1,71.41,-320.88,-229.51,144,SE
2024/11/02 20:58:04,20.31,3377,4898,77,-0.29,9.82,0.06,1,71.54,-322.52,-229.53,133,SE
2024/11/02 20:58:04,20.31,3377,4898,77,-0.30,9.84,-0.03,1,70.94,-320.44,-229.95,149,SE
2024/11/02 20:58:05,20.31,3377,4896,76,-0.33,9.86,-0.02,1,70.76,-321.63,-230.15,147,SE
2024/11/02 20:58:05,20.31,3376,4897,77,-0.34,9.87,0.00,1,70.93,-321.14,-229.69,144,SE
2024/11/02 20:58:06,20.31,3376,4896,77,-0.31,9.82,0.01,1,70.92,-321.62,-230.06,142,SE
2024/11/02 20:58:12,20.31,3410,4955,78,-0.30,9.87,-0.01,1,70.94,-320.66,-229.69,146,SE
2024/11/02 20:58:12,20.31,3402,4939,78,-0.31,9.85,0.01,1,70.74,-322.79,-229.72,142,SE
2024/11/02 20:58:13,20.31,3397,4931,77,-0.37,9.83,0.01,2,70.13,-321.64,-229.88,142,SE
2024/11/02 20:58:13,20.31,3395,4926,77,-0.34,9.88,0.00,1,71.39,-321.82,-229.52,144,SE
2024/11/02 20:58:14,20.31,3393,4923,77,-0.29,9.85,0.01,1,70.57,-323.04,-230.08,142,SE
2024/11/02 20:58:14,20.31,3391,4919,77,-0.30,9.86,-0.02,1,71.73,-320.64,-229.60,147,SE
2024/11/02 20:58:15,20.31,3389,4918,77,-0.34,9.84,0.03,2,70.77,-320.89,-229.42,139,SE
2024/11/02 20:58:15,20.31,3388,4916,77,-0.33,9.84,0.02,1,71.41,-320.89,-229.78,140,SE
2024/11/02 20:58:16,20.31,3388,4915,77,-0.33,9.84,0.00,1,70.77,-320.90,-229.69,144,SE
2024/11/02 20:58:16,20.31,3387,4913,77,-0.33,9.88,-0.02,1,70.76,-321.61,-229.70,147,SE
2024/11/02 20:58:17,20.31,3386,4912,77,-0.33,9.84,-0.01,1,70.60,-321.61,-229.52,145,SE
2024/11/02 20:58:17,20.31,3385,4909,77,-0.27,9.87,-0.01,1,70.61,-321.38,-229.79,146,SE
2024/11/02 20:58:18,20.31,3384,4908,77,-0.33,9.86,0.02,1,71.70,-322.29,-229.71,140,SE
2024/11/02 20:58:18,20.31,3383,4907,77,-0.34,9.81,-0.06,2,71.72,-321.34,-229.61,154,SE
2024/11/02 20:58:19,20.31,3383,4906,77,-0.30,9.82,-0.05,1,71.39,-321.83,-229.79,153,SE
2024/11/02 20:58:19,20.31,3382,4906,77,-0.29,9.82,0.02,1,70.60,-321.63,-229.97,140,SE
2024/11/02 20:58:20,20.31,3382,4905,77,-0.29,9.82,0.01,1,70.61,-321.16,-230.05,142,SE
2024/11/02 20:58:20,20.31,3382,4904,77,-0.29,9.84,-0.04,1,70.30,-320.90,-229.33,151,SE
2024/11/02 20:58:21,20.31,3381,4904,77,-0.36,9.87,0.02,2,71.07,-322.07,-229.62,141,SE
2024/11/02 20:58:21,20.31,3381,4903,77,-0.28,9.81,-0.06,1,70.59,-322.09,-229.89,156,SE
2024/11/02 20:58:27,20.31,3411,4956,78,-0.30,9.86,0.00,1,71.86,-322.28,-229.62,144,SE
2024/11/02 20:58:28,20.31,3403,4940,78,-0.29,9.84,-0.04,1,71.41,-321.13,-229.96,151,SE
2024/11/02 20:58:28,20.31,3398,4930,77,-0.31,9.80,-0.03,1,71.09,-321.14,-229.87,149,SE
2024/11/02 20:58:28,20.31,3394,4926,77,-0.31,9.85,-0.02,1,71.55,-322.06,-229.89,147,SE
2024/11/02 20:58:29,20.31,3391,4920,77,-0.33,9.85,-0.01,1,71.72,-321.10,-229.33,145,SE
2024/11/02 20:58:29,20.31,3389,4918,77,-0.32,9.88,0.00,1,71.11,-320.20,-229.86,144,SE
2024/11/02 20:58:30,20.31,3387,4915,77,-0.37,9.82,0.00,2,70.75,-322.08,-229.80,144,SE
2024/11/02 20:58:30,20.31,3386,4913,77,-0.35,9.80,0.03,2,71.09,-321.14,-230.05,139,SE
2024/11/02 20:58:31,20.31,3385,4911,77,-0.28,9.82,-0.02,1,71.39,-322.07,-229.89,148,SE
2024/11/02 20:58:31,20.31,3384,4909,77,-0.34,9.84,-0.02,2,72.06,-320.39,-229.50,147,SE
2024/11/02 20:58:32,20.31,3383,4908,77,-0.35,9.86,0.03,2,70.29,-321.17,-230.14,139,SE
2024/11/02 20:58:32,20.31,3382,4906,77,-0.30,9.85,-0.01,1,70.75,-322.31,-229.44,146,SE
2024/11/02 20:58:33,20.31,3382,4905,77,-0.31,9.86,-0.02,1,71.56,-321.59,-229.79,147,SE
2024/11/02 20:58:33,20.31,3381,4904,77,-0.33,9.86,-0.01,1,71.38,-322.31,-230.07,145,SE
2024/11/02 20:58:34,20.31,3381,4905,77,-0.32,9.87,-0.04,1,71.23,-321.82,-229.43,151,SE
2024/11/02 20:58:34,20.31,3381,4904,77,-0.33,9.88,0.00,1,71.55,-322.07,-230.07,144,SE
2024/11/02 20:58:35,20.31,3381,4903,77,-0.32,9.86,0.01,1,71.57,-321.12,-229.78,142,SE
2024/11/02 20:58:35,20.31,3381,4903,77,-0.37,9.83,-0.03,2,70.92,-321.38,-229.88,148,SE
2024/11/02 20:58:36,20.31,3380,4903,77,-0.33,9.85,0.00,1,70.59,-322.11,-230.25,144,SE
2024/11/02 20:58:36,20.31,3379,4902,77,-0.34,9.83,-0.02,2,71.22,-322.30,-229.62,147,SE
2024/11/02 20:58:42,20.31,3410,4956,78,-0.32,9.83,-0.03,1,70.76,-321.62,-229.88,149,SE
2024/11/02 20:58:43,20.31,3401,4939,78,-0.32,9.88,0.01,1,70.93,-321.38,-229.97,142,SE
2024/11/02 20:58:43,20.31,3395,4931,78,-0.32,9.84,-0.06,1,71.26,-320.66,-229.87,154,SE
2024/11/02 20:58:44,20.31,3393,4925,77,-0.35,9.87,-0.03,2,70.91,-322.06,-229.35,149,SE
2024/11/02 20:58:44,20.31,3390,4920,77,-0.30,9.84,0.01,1,71.24,-321.37,-229.88,142,SE
2024/11/02 20:58:45,20.31,3388,4917,77,-0.33,9.85,0.00,1,71.08,-321.85,-230.06,144,SE
2024/11/02 20:58:45,20.31,3387,4914,77,-0.32,9.83,0.01,1,70.30,-320.91,-229.51,142,SE
2024/11/02 20:58:46,20.31,3386,4912,77,-0.32,9.86,-0.02,1,71.24,-321.36,-229.79,147,SE
2024/11/02 20:58:46,20.31,3386,4910,77,-0.32,9.83,-0.04,1,70.94,-320.66,-229.51,151,SE
2024/11/02 20:58:47,20.31,3384,4908,77,-0.34,9.84,-0.06,2,70.93,-321.38,-230.06,153,SE
2024/11/02 20:58:47,20.31,3384,4908,77,-0.29,9.86,0.01,1,70.92,-321.38,-229.88,142,SE
2024/11/02 20:58:48,20.31,3383,4906,77,-0.33,9.87,-0.02,1,72.02,-322.03,-229.44,147,SE
2024/11/02 20:58:48,20.31,3382,4906,77,-0.31,9.83,-0.06,1,70.88,-323.50,-230.09,155,SE
2024/11/02 20:58:49,20.31,3382,4906,77,-0.36,9.83,-0.01,2,70.76,-321.62,-229.97,145,SE
2024/11/02 20:58:49,20.31,3382,4905,77,-0.32,9.88,0.00,1,71.71,-321.82,-229.79,144,SE
2024/11/02 20:58:50,20.31,3381,4905,77,-0.34,9.85,-0.02,1,71.25,-321.14,-229.96,147,SE
2024/11/02 20:58:50,20.31,3381,4904,77,-0.30,9.86,0.01,1,71.08,-321.60,-229.61,142,SE
2024/11/02 20:58:51,20.31,3381,4902,77,-0.30,9.84,-0.03,1,71.71,-321.58,-229.61,149,SE
2024/11/02 20:58:51,20.31,3380,4902,77,-0.34,9.85,-0.03,2,70.91,-322.31,-229.62,149,SE
2024/11/02 20:58:52,20.31,3380,4902,77,-0.37,9.79,-0.05,2,71.25,-320.89,-229.78,151,SE
2024/11/02 20:58:58,20.31,3408,4952,78,-0.34,9.81,0.01,2,71.41,-320.90,-230.05,142,SE
2024/11/02 20:58:58,20.31,3399,4936,78,-0.32,9.82,0.02,1,71.26,-320.66,-229.87,140,SE
2024/11/02 20:58:59,20.31,3395,4928,77,-0.34,9.86,-0.01,1,70.93,-321.13,-229.60,145,SE
2024/11/02 20:58:59,20.31,3392,4922,77,-0.34,9.85,0.00,1,71.08,-321.36,-229.52,144,SE
2024/11/02 20:59:00,20.31,3389,4918,77,-0.35,9.81,-0.02,2,70.77,-321.38,-229.88,147,SE
2024/11/02 20:59:00,20.31,3387,4914,77,-0.33,9.86,-0.04,1,70.45,-321.14,-229.42,150,SE
2024/11/02 20:59:01,20.31,3386,4911,77,-0.30,9.84,0.00,1,71.06,-322.54,-229.71,144,SE
2024/11/02 20:59:01,20.31,3385,4909,77,-0.30,9.85,-0.05,1,70.29,-321.37,-229.15,153,SE
2024/11/02 20:59:02,20.31,3383,4909,77,-0.33,9.80,-0.02,1,71.56,-321.35,-229.70,147,SE
2024/11/02 20:59:02,20.31,3384,4907,77,-0.31,9.88,-0.02,1,70.92,-321.61,-229.79,147,SE
2024/11/02 20:59:03,20.31,3383,4906,77,-0.29,9.89,-0.03,1,70.91,-322.31,-229.71,150,SE
2024/11/02 20:59:03,20.31,3382,4907,77,-0.30,9.82,-0.09,1,71.26,-320.68,-230.41,160,S
2024/11/02 20:59:04,20.31,3382,4904,77,-0.29,9.86,0.02,1,71.73,-320.87,-229.51,140,SE
2024/11/02 20:59:04,20.31,3380,4904,77,-0.29,9.83,0.01,1,70.15,-320.44,-229.41,142,SE
2024/11/02 20:59:05,20.31,3381,4904,77,-0.29,9.89,-0.02,1,71.25,-321.13,-229.87,148,SE
2024/11/02 20:59:05,20.31,3380,4903,77,-0.31,9.83,0.01,1,70.91,-321.83,-229.34,142,SE
2024/11/02 20:59:06,20.31,3380,4902,77,-0.31,9.89,-0.02,1,71.41,-321.12,-229.60,147,SE
2024/11/02 20:59:06,20.31,3379,4903,77,-0.36,9.81,0.00,2,70.59,-322.08,-229.53,144,SE
2024/11/02 20:59:07,20.31,3380,4902,77,-0.31,9.85,0.03,1,70.76,-321.60,-229.43,138,SE
2024/11/02 20:59:07,20.31,3380,4902,77,-0.33,9.84,-0.03,1,71.25,-321.13,-229.78,149,SE
2024/11/02 20:59:13,20.31,3408,4951,78,-0.32,9.88,-0.03,1,70.91,-322.32,-229.98,149,SE
2024/11/02 20:59:14,20.31,3398,4934,78,-0.32,9.85,-0.02,1,71.41,-321.13,-229.87,147,SE
2024/11/02 20:59:14,20.31,3393,4924,77,-0.32,9.86,-0.03,1,70.44,-321.64,-230.15,149,SE
2024/11/02 20:59:15,20.31,3389,4917,77,-0.33,9.83,0.00,1,70.44,-321.61,-229.52,144,SE
2024/11/02 20:59:15,20.31,3387,4914,77,-0.32,9.89,-0.02,1,71.09,-321.14,-229.96,147,SE
2024/11/02 20:59:16,20.31,3385,4911,77,-0.30,9.86,-0.04,1,71.87,-321.59,-230.06,151,SE
2024/11/02 20:59:16,20.31,3383,4908,77,-0.32,9.89,0.00,1,70.75,-322.32,-229.71,144,SE
2024/11/02 20:59:17,20.31,3382,4907,77,-0.28,9.86,0.00,1,71.41,-320.64,-229.33,144,SE
2024/11/02 20:59:17,20.31,3383,4905,77,-0.31,9.83,0.00,1,71.23,-322.08,-230.16,144,SE
2024/11/02 20:59:18,20.31,3381,4905,77,-0.33,9.83,-0.03,1,70.43,-322.32,-229.53,149,SE
2024/11/02 20:59:18,20.31,3381,4903,77,-0.32,9.82,-0.01,1,71.08,-321.60,-229.61,146,SE
2024/11/02 20:59:19,20.31,3380,4902,77,-0.33,9.89,-0.03,1,70.61,-321.39,-229.88,149,SE
2024/11/02 20:59:19,20.31,3379,4900,77,-0.30,9.81,-0.01,1,71.07,-322.32,-230.16,146,SE
2024/11/02 20:59:20,20.31,3378,4900,77,-0.30,9.80,0.03,1,70.11,-322.57,-229.80,138,SE
2024/11/02 20:59:20,20.31,3379,4899,76,-0.34,9.86,-0.03,2,70.44,-321.63,-230.06,149,SE
2024/11/02 20:59:21,20.31,3378,4899,77,-0.33,9.85,0.00,1,70.75,-322.32,-229.89,144,SE
2024/11/02 20:59:21,20.31,3379,4898,76,-0.35,9.84,0.00,2,71.11,-320.19,-229.68,144,SE
2024/11/02 20:59:22,20.31,3378,4898,76,-0.32,9.83,-0.02,1,70.59,-322.32,-229.71,147,SE
2024/11/02 20:59:22,20.31,3378,4898,76,-0.32,9.82,-0.01,1,70.76,-321.85,-229.70,146,SE
2024/11/02 20:59:23,20.31,3377,4898,77,-0.33,9.88,-0.01,1,71.38,-322.54,-229.89,145,SE
2024/11/02 20:59:29,20.31,3408,4952,78,-0.33,9.86,-0.04,1,71.55,-321.82,-229.52,151,SE
2024/11/02 20:59:29,20.31,3400,4936,78,-0.33,9.84,0.00,1,70.29,-321.15,-229.60,144,SE
2024/11/02 20:59:30,20.31,3394,4927,77,-0.35,9.87,-0.01,2,71.24,-321.35,-229.43,145,SE
2024/11/02 20:59:30,20.31,3392,4922,77,-0.31,9.85,0.01,1,70.92,-321.61,-229.88,142,SE
2024/11/02 20:59:31,20.31,3388,4916,77,-0.29,9.83,-0.06,1,72.05,-320.85,-229.33,155,SE
2024/11/02 20:59:31,20.31,3386,4912,77,-0.30,9.85,-0.03,1,70.76,-321.60,-229.52,149,SE
2024/11/02 20:59:32,20.31,3384,4910,77,-0.30,9.85,0.00,1,70.44,-321.87,-229.97,144,SE
2024/11/02 20:59:32,20.31,3383,4908,77,-0.31,9.83,0.01,1,71.73,-320.88,-229.78,142,SE
2024/11/02 20:59:33,20.31,3382,4906,77,-0.31,9.88,-0.01,1,71.56,-321.36,-229.79,146,SE
2024/11/02 20:59:33,20.31,3382,4904,77,-0.35,9.86,-0.05,2,71.37,-322.76,-229.54,152,SE
2024/11/02 20:59:34,20.31,3381,4903,77,-0.29,9.83,-0.03,1,71.23,-321.84,-229.88,150,SE
2024/11/02 20:59:34,20.31,3379,4901,77,-0.38,9.86,-0.02,2,71.05,-323.01,-229.54,147,SE
2024/11/02 20:59:35,20.31,3378,4899,77,-0.31,9.82,0.00,1,70.60,-321.85,-229.61,144,SE
2024/11/02 20:59:35,20.31,3378,4899,77,-0.32,9.87,0.00,1,71.40,-321.58,-229.52,144,SE
2024/11/02 20:59:36,20.31,3377,4898,77,-0.30,9.85,0.02,1,70.75,-322.08,-229.71,140,SE
2024/11/02 20:59:36,20.31,3377,4897,76,-0.27,9.89,0.00,1,70.62,-320.42,-229.23,144,SE
2024/11/02 20:59:37,20.31,3376,4897,77,-0.36,9.85,0.00,2,70.61,-321.14,-229.51,144,SE
2024/11/02 20:59:37,20.31,3376,4894,76,-0.30,9.87,-0.02,1,69.63,-322.58,-229.53,148,SE
2024/11/02 20:59:38,20.31,3376,4895,76,-0.34,9.86,-0.05,2,70.44,-321.85,-229.52,152,SE
2024/11/02 20:59:38,20.31,3376,4896,77,-0.31,9.88,0.01,1,70.92,-321.61,-229.70,142,SE
2024/11/02 20:59:44,20.31,3407,4949,78,-0.31,9.84,0.00,1,71.07,-321.83,-229.52,144,SE
2024/11/02 20:59:45,20.31,3398,4933,77,-0.33,9.86,-0.01,1,71.90,-320.16,-229.59,145,SE
2024/11/02 20:59:45,20.31,3393,4924,77,-0.31,9.87,0.00,1,71.24,-321.60,-229.79,144,SE
2024/11/02 20:59:46,20.31,3390,4919,77,-0.35,9.87,-0.01,2,71.09,-320.90,-229.69,145,SE
2024/11/02 20:59:46,20.31,3388,4915,77,-0.32,9.84,0.02,1,70.45,-321.15,-229.78,140,SE
2024/11/02 20:59:47,20.31,3385,4912,77,-0.32,9.86,0.00,1,71.56,-321.11,-229.60,144,SE
2024/11/02 20:59:47,20.31,3384,4909,77,-0.33,9.82,-0.02,1,70.96,-319.72,-229.49,147,SE
2024/11/02 20:59:48,20.31,3383,4908,77,-0.33,9.83,0.01,1,71.07,-321.83,-229.61,142,SE
2024/11/02 20:59:48,20.31,3382,4907,77,-0.33,9.87,-0.01,1,70.90,-322.55,-229.80,146,SE
2024/11/02 20:59:49,20.31,3382,4906,77,-0.36,9.87,0.00,2,70.93,-320.90,-229.78,144,SE
2024/11/02 20:59:49,20.31,3381,4905,77,-0.33,9.87,-0.01,1,70.92,-321.62,-230.06,145,SE
2024/11/02 20:59:50,20.31,3382,4904,77,-0.30,9.88,-0.03,1,71.73,-320.87,-229.51,149,SE
2024/11/02 20:59:50,20.31,3380,4903,77,-0.31,9.85,-0.04,1,70.63,-320.44,-229.77,151,SE
2024/11/02 20:59:51,20.31,3380,4901,77,-0.32,9.84,0.01,1,71.06,-322.78,-229.81,142,SE
2024/11/02 20:59:51,20.31,3379,4902,77,-0.35,9.84,-0.02,2,71.23,-321.86,-230.34,147,SE
2024/11/02 20:59:52,20.31,3379,4902,77,-0.29,9.85,0.03,1,70.29,-321.39,-229.69,138,SE
2024/11/02 20:59:52,20.31,3379,4902,77,-0.31,9.84,-0.04,1,71.71,-321.58,-229.70,151,SE
2024/11/02 20:59:53,20.31,3378,4900,77,-0.36,9.82,0.00,2,71.23,-321.82,-229.43,144,SE
2024/11/02 20:59:53,20.31,3377,4899,77,-0.28,9.85,0.01,1,72.82,-321.79,-229.71,142,SE
2024/11/02 20:59:54,20.31,3377,4900,77,-0.30,9.85,-0.01,1,70.93,-321.14,-229.87,146,SE
2024/11/02 21:00:00,20.31,3405,4948,78,-0.35,9.86,0.03,2,70.76,-321.60,-229.52,139,SE
2024/11/02 21:00:00,20.31,3397,4932,77,-0.33,9.86,-0.01,1,71.07,-322.09,-230.07,145,SE
2024/11/02 21:00:01,20.31,3392,4924,77,-0.29,9.83,0.01,1,70.44,-321.62,-229.70,142,SE
2024/11/02 21:00:01,20.31,3388,4918,77,-0.31,9.86,-0.02,1,70.90,-322.77,-229.54,147,SE
2024/11/02 21:00:02,20.31,3385,4912,77,-0.31,9.87,0.00,1,71.57,-320.88,-229.78,144,SE
2024/11/02 21:00:02,20.31,3383,4909,77,-0.31,9.86,0.02,1,71.09,-321.16,-230.51,140,SE
2024/11/02 21:00:03,20.31,3382,4907,77,-0.34,9.87,-0.05,2,71.37,-323.01,-229.90,152,SE
2024/11/02 21:00:03,20.31,3381,4904,77,-0.30,9.84,0.00,1,70.91,-321.84,-229.70,144,SE
2024/11/02 21:00:04,20.31,3381,4903,77,-0.31,9.85,0.01,1,70.75,-322.08,-229.62,142,SE
2024/11/02 21:00:04,20.31,3380,4902,77,-0.36,9.83,-0.04,2,71.25,-320.89,-229.69,150,SE
2024/11/02 21:00:05,20.31,3378,4899,77,-0.33,9.85,0.00,1,71.24,-321.37,-229.88,144,SE
2024/11/02 21:00:05,20.31,3377,4898,77,-0.34,9.89,0.05,2,71.88,-321.11,-229.88,136,SE
2024/11/02 21:00:06,20.31,3376,4897,77,-0.31,9.87,0.03,1,71.08,-321.60,-229.79,138,SE
2024/11/02 21:00:06,20.31,3374,4895,77,-0.34,9.87,0.00,1,70.45,-321.39,-229.88,144,SE
2024/11/02 21:00:07,20.31,3375,4895,77,-0.33,9.86,-0.01,1,71.09,-321.13,-229.69,145,SE
2024/11/02 21:00:07,20.31,3374,4893,76,-0.35,9.84,-0.02,2,70.93,-320.92,-230.14,147,SE
2024/11/02 21:00:08,20.31,3373,4892,76,-0.30,9.87,0.00,1,71.08,-321.61,-229.88,144,SE
2024/11/02 21:00:08,20.31,3373,4892,76,-0.34,9.88,-0.01,1,71.10,-320.65,-229.51,145,SE
2024/11/02 21:00:09,20.31,3373,4891,76,-0.30,9.85,-0.02,1,71.56,-321.34,-229.52,147,SE
2024/11/02 21:00:09,20.31,3372,4890,76,-0.35,9.84,-0.03,2,71.54,-322.54,-229.99,149,SE
2024/11/02 21:00:15,20.31,3405,4947,78,-0.31,9.82,-0.03,1,71.55,-321.82,-229.70,149,SE
2024/11/02 21:00:16,20.31,3396,4932,78,-0.28,9.83,0.02,1,71.86,-322.05,-229.80,140,SE
2024/11/02 21:00:16,20.31,3392,4924,77,-0.35,9.88,-0.01,2,71.39,-322.06,-229.62,145,SE
2024/11/02 21:00:17,20.31,3388,4918,77,-0.33,9.87,0.04,1,71.53,-323.01,-230.08,137,SE
2024/11/02 21:00:17,20.31,3387,4914,77,-0.29,9.81,0.06,1,71.05,-323.26,-229.99,133,SE
2024/11/02 21:00:18,20.31,3385,4911,77,-0.33,9.83,0.03,1,70.75,-322.08,-229.62,139,SE
2024/11/02 21:00:18,20.31,3384,4908,77,-0.35,9.85,-0.01,2,71.72,-321.34,-229.52,145,SE
2024/11/02 21:00:18,20.31,3382,4907,77,-0.28,9.88,0.01,1,71.23,-321.83,-229.70,142,SE
2024/11/02 21:00:19,20.31,3382,4906,77,-0.34,9.86,-0.02,1,71.70,-322.52,-229.71,147,SE
2024/11/02 21:00:19,20.31,3382,4905,77,-0.33,9.84,-0.03,1,70.78,-320.66,-229.41,149,SE
2024/11/02 21:00:20,20.31,3381,4903,77,-0.28,9.88,-0.02,1,71.71,-321.58,-229.61,148,SE
2024/11/02 21:00:21,20.31,3379,4903,77,-0.31,9.89,-0.02,1,71.24,-321.61,-230.06,147,SE
2024/11/02 21:00:21,20.31,3379,4903,77,-0.30,9.87,0.00,1,71.39,-321.83,-229.88,144,SE
2024/11/02 21:00:22,20.31,3378,4899,77,-0.36,9.85,-0.03,2,71.54,-322.30,-229.80,148,SE
2024/11/02 21:00:22,20.31,3379,4900,77,-0.31,9.84,-0.02,1,71.09,-321.14,-229.87,147,SE
2024/11/02 21:00:22,20.31,3379,4899,76,-0.34,9.86,0.03,2,71.40,-321.60,-229.97,139,SE
2024/11/02 21:00:23,20.31,3378,4899,77,-0.31,9.84,-0.04,1,71.53,-323.00,-229.72,151,SE
2024/11/02 21:00:23,20.31,3377,4897,76,-0.32,9.84,-0.03,1,71.59,-319.94,-229.59,149,SE
2024/11/02 21:00:24,20.31,3375,4896,77,-0.33,9.83,-0.01,1,71.39,-321.84,-230.07,145,SE
2024/11/02 21:00:24,20.31,3376,4897,77,-0.31,9.86,0.01,1,70.92,-321.60,-229.61,142,SE
2024/11/02 21:00:30,20.31,3403,4946,78,-0.30,9.82,-0.04,1,70.75,-322.09,-229.89,151,SE
2024/11/02 21:00:31,20.31,3395,4929,77,-0.29,9.86,0.00,1,71.57,-320.65,-229.69,144,SE
2024/11/02 21:00:31,20.31,3390,4920,77,-0.33,9.80,-0.02,1,71.25,-320.89,-229.60,147,SE
2024/11/02 21:00:32,20.31,3387,4914,77,-0.34,9.81,-0.05,2,71.42,-320.42,-229.86,152,SE
2024/11/02 21:00:32,20.31,3385,4911,77,-0.31,9.84,-0.02,1,70.27,-322.34,-229.98,147,SE
2024/11/02 21:00:33,20.31,3383,4906,77,-0.30,9.85,-0.01,1,72.04,-321.33,-229.61,146,SE
2024/11/02 21:00:33,20.31,3382,4905,77,-0.35,9.85,0.02,2,70.44,-321.62,-229.61,141,SE
2024/11/02 21:00:34,20.31,3381,4903,77,-0.34,9.83,-0.05,2,70.90,-322.56,-229.98,152,SE
2024/11/02 21:00:34,20.31,3379,4901,77,-0.34,9.86,0.01,1,70.14,-321.18,-230.14,142,SE
2024/11/02 21:00:35,20.31,3378,4900,77,-0.31,9.85,0.01,1,70.94,-320.66,-229.51,142,SE
2024/11/02 21:00:35,20.31,3378,4900,77,-0.31,9.85,-0.01,1,71.07,-322.07,-229.71,146,SE
2024/11/02 21:00:36,20.31,3378,4900,77,-0.28,9.89,-0.06,1,70.93,-321.13,-229.60,155,SE
2024/11/02 21:00:36,20.31,3377,4898,77,-0.34,9.84,0.00,1,70.92,-321.37,-229.61,144,SE
2024/11/02 21:00:37,20.31,3376,4899,77,-0.29,9.87,-0.02,1,70.92,-321.84,-229.79,148,SE
2024/11/02 21:00:37,20.31,3377,4899,77,-0.33,9.85,-0.02,1,70.91,-321.83,-229.43,147,SE
2024/11/02 21:00:38,20.31,3377,4898,77,-0.30,9.86,-0.01,1,72.05,-320.87,-229.69,146,SE
2024/11/02 21:00:38,20.31,3377,4899,77,-0.31,9.84,-0.02,1,71.54,-322.29,-229.71,147,SE
2024/11/02 21:00:39,20.31,3377,4898,77,-0.32,9.88,0.02,1,71.72,-321.11,-229.60,140,SE
2024/11/02 21:00:39,20.31,3376,4898,77,-0.33,9.86,-0.01,1,69.95,-322.57,-229.71,146,SE
2024/11/02 21:00:40,20.31,3377,4897,76,-0.30,9.85,-0.04,1,72.07,-319.95,-230.22,151,SE
2024/11/02 21:00:46,20.31,3410,4955,78,-0.28,9.83,-0.03,1,69.96,-321.87,-229.70,150,SE
2024/11/02 21:00:46,20.31,3400,4938,78,-0.30,9.86,-0.03,1,70.45,-321.15,-229.60,149,SE
2024/11/02 21:00:47,20.31,3396,4930,77,-0.31,9.89,-0.04,1,70.91,-321.84,-229.70,151,SE
2024/11/02 21:00:47,20.31,3393,4924,77,-0.30,9.85,0.00,1,70.61,-321.38,-229.79,144,SE
2024/11/02 21:00:48,20.31,3391,4919,77,-0.33,9.85,-0.02,1,70.43,-322.10,-229.89,147,SE
2024/11/02 21:00:48,20.31,3388,4917,77,-0.29,9.84,-0.03,1,70.73,-323.27,-230.08,150,SE
2024/11/02 21:00:49,20.31,3387,4915,77,-0.35,9.87,0.02,2,71.06,-322.31,-229.71,141,SE
2024/11/02 21:00:49,20.31,3387,4913,77,-0.36,9.82,-0.02,2,70.76,-321.85,-229.88,147,SE
2024/11/02 21:00:50,20.31,3385,4910,77,-0.28,9.88,-0.04,1,70.91,-322.08,-229.71,152,SE
2024/11/02 21:00:50,20.31,3385,4909,77,-0.26,9.84,-0.01,1,70.77,-321.38,-229.79,146,SE
2024/11/02 21:00:51,20.31,3384,4910,77,-0.30,9.88,-0.03,1,71.07,-321.85,-229.97,149,SE
2024/11/02 21:00:51,20.31,3384,4909,77,-0.35,9.84,-0.02,2,70.58,-322.80,-230.08,147,SE
2024/11/02 21:00:52,20.31,3383,4908,77,-0.33,9.84,-0.05,1,70.76,-321.61,-229.79,152,SE
2024/11/02 21:00:52,20.31,3383,4907,77,-0.34,9.84,-0.01,1,71.22,-322.79,-230.26,145,SE
2024/11/02 21:00:53,20.31,3383,4907,77,-0.36,9.83,0.09,2,71.07,-321.85,-229.97,130,SE
2024/11/02 21:00:53,20.31,3382,4905,77,-0.36,9.87,-0.05,2,70.77,-320.91,-229.78,151,SE
2024/11/02 21:00:54,20.31,3382,4905,77,-0.31,9.83,-0.02,1,71.24,-321.38,-230.15,147,SE
2024/11/02 21:00:54,20.31,3381,4905,77,-0.33,9.84,-0.04,1,71.89,-320.63,-229.42,150,SE
2024/11/02 21:00:55,20.31,3381,4905,77,-0.32,9.83,-0.03,1,70.92,-321.85,-229.88,149,SE
2024/11/02 21:00:55,20.31,3381,4904,77,-0.38,9.85,-0.07,2,71.23,-322.07,-229.89,154,SE
2024/11/02 21:01:01,20.31,3412,4959,78,-0.32,9.87,-0.01,1,70.92,-321.60,-229.52,146,SE
2024/11/02 21:01:02,20.31,3403,4942,78,-0.32,9.83,0.00,1,70.62,-320.68,-229.96,144,SE
2024/11/02 21:01:02,20.31,3398,4934,78,-0.32,9.84,-0.05,1,70.91,-322.08,-229.71,152,SE
2024/11/02 21:01:03,20.31,3394,4927,77,-0.32,9.84,0.00,1,70.76,-321.62,-230.06,144,SE
2024/11/02 21:01:03,20.31,3393,4923,77,-0.30,9.89,-0.03,1,70.60,-321.85,-229.79,149,SE
2024/11/02 21:01:04,20.31,3390,4920,77,-0.34,9.84,0.07,2,70.91,-321.84,-229.70,132,SE
2024/11/02 21:01:04,20.31,3388,4917,77,-0.36,9.83,0.00,2,70.93,-321.15,-229.96,144,SE
2024/11/02 21:01:05,20.25,3388,4915,77,-0.31,9.86,-0.01,1,71.07,-321.83,-229.43,146,SE
2024/11/02 21:01:05,20.25,3387,4914,77,-0.31,9.83,-0.01,1,70.75,-322.33,-230.07,146,SE
2024/11/02 21:01:06,20.25,3386,4912,77,-0.31,9.87,-0.04,1,70.92,-321.85,-229.97,151,SE
2024/11/02 21:01:06,20.25,3385,4911,77,-0.34,9.85,-0.04,2,71.58,-320.18,-229.68,150,SE
2024/11/02 21:01:07,20.25,3383,4909,77,-0.36,9.86,0.00,2,70.45,-321.15,-229.78,144,SE
2024/11/02 21:01:07,20.25,3383,4908,77,-0.31,9.84,-0.03,1,70.60,-321.63,-230.15,149,SE
2024/11/02 21:01:08,20.25,3382,4906,77,-0.31,9.86,-0.04,1,71.54,-322.54,-229.99,151,SE
2024/11/02 21:01:08,20.25,3382,4906,77,-0.30,9.83,-0.04,1,71.09,-320.90,-229.69,151,SE
2024/11/02 21:01:09,20.31,3382,4905,77,-0.34,9.88,-0.03,1,71.26,-320.68,-230.41,149,SE
2024/11/02 21:01:09,20.31,3382,4904,77,-0.33,9.85,0.10,2,71.73,-320.65,-229.87,127,SE
2024/11/02 21:01:10,20.31,3381,4904,77,-0.33,9.88,-0.03,1,71.56,-321.35,-229.61,149,SE
2024/11/02 21:01:10,20.31,3380,4904,77,-0.31,9.86,0.01,1,71.10,-320.66,-229.78,142,SE
2024/11/02 21:01:11,20.31,3381,4903,77,-0.36,9.89,0.05,2,71.23,-322.06,-229.53,136,SE
2024/11/02 21:01:17,20.31,3409,4954,78,-0.27,9.87,-0.04,1,71.24,-321.58,-229.34,152,SE
2024/11/02 21:01:17,20.31,3400,4937,78,-0.32,9.89,0.01,1,70.93,-321.14,-229.87,142,SE
2024/11/02 21:01:18,20.31,3395,4929,77,-0.30,9.87,-0.04,1,70.94,-320.41,-229.23,151,SE
2024/11/02 21:01:18,20.31,3392,4924,77,-0.34,9.81,-0.01,2,71.06,-322.78,-229.90,145,SE
2024/11/02 21:01:19,20.31,3390,4920,77,-0.30,9.86,0.00,1,71.08,-321.61,-230.06,144,SE
2024/11/02 21:01:19,20.31,3388,4916,77,-0.33,9.83,-0.04,1,70.90,-322.30,-229.53,151,SE
2024/11/02 21:01:20,20.31,3386,4914,77,-0.33,9.85,0.07,1,70.75,-322.32,-229.89,132,SE
2024/11/02 21:01:20,20.31,3384,4911,77,-0.30,9.82,-0.01,1,71.09,-321.14,-230.05,146,SE
2024/11/02 21:01:21,20.31,3384,4910,77,-0.33,9.85,0.03,1,69.96,-322.11,-229.98,139,SE
2024/11/02 21:01:21,20.31,3383,4908,77,-0.34,9.85,-0.04,2,70.75,-322.08,-229.71,150,SE
2024/11/02 21:01:22,20.31,3383,4907,77,-0.30,9.87,-0.05,1,70.27,-322.08,-229.43,153,SE
2024/11/02 21:01:22,20.31,3382,4906,77,-0.27,9.85,0.00,1,71.22,-322.53,-229.44,144,SE
2024/11/02 21:01:23,20.31,3381,4905,77,-0.31,9.86,-0.01,1,71.90,-320.41,-229.77,145,SE
2024/11/02 21:01:23,20.31,3381,4903,77,-0.32,9.85,-0.02,1,71.24,-321.59,-229.61,147,SE
2024/11/02 21:01:24,20.31,3381,4904,77,-0.38,9.80,-0.04,2,71.40,-321.37,-229.97,150,SE
2024/11/02 21:01:24,20.25,3380,4903,77,-0.32,9.84,-0.06,1,70.44,-321.84,-229.43,154,SE
2024/11/02 21:01:25,20.25,3380,4903,77,-0.28,9.86,-0.01,1,71.71,-321.58,-229.52,146,SE
2024/11/02 21:01:25,20.25,3380,4902,77,-0.32,9.86,-0.02,1,70.77,-321.13,-229.51,147,SE
2024/11/02 21:01:26,20.25,3379,4901,77,-0.35,9.87,-0.01,2,71.24,-321.37,-229.97,145,SE
2024/11/02 21:01:26,20.25,3379,4900,77,-0.34,9.85,-0.01,1,70.92,-321.36,-229.43,145,SE
2024/11/02 21:01:32,20.31,3407,4952,78,-0.33,9.78,-0.01,1,70.91,-322.09,-230.16,145,SE
2024/11/02 21:01:33,20.31,3399,4936,78,-0.33,9.88,-0.01,1,71.42,-320.65,-229.78,145,SE
2024/11/02 21:01:33,20.31,3395,4928,77,-0.33,9.86,0.00,1,71.73,-320.87,-229.60,144,SE
2024/11/02 21:01:34,20.31,3392,4921,77,-0.29,9.81,-0.01,1,70.75,-321.84,-229.43,146,SE
2024/11/02 21:01:34,20.31,3388,4917,77,-0.33,9.85,-0.07,1,71.40,-321.60,-229.97,155,SE
2024/11/02 21:01:35,20.31,3386,4913,77,-0.22,9.86,-0.01,1,71.56,-321.33,-229.25,146,SE
2024/11/02 21:01:35,20.31,3386,4911,77,-0.36,9.87,-0.05,2,71.38,-322.29,-229.62,152,SE
2024/11/02 21:01:36,20.31,3385,4910,77,-0.31,9.83,-0.06,1,71.40,-321.60,-229.97,154,SE
2024/11/02 21:01:36,20.31,3383,4908,77,-0.33,9.86,-0.02,1,70.90,-322.77,-229.54,147,SE
2024/11/02 21:01:37,20.31,3383,4907,77,-0.30,9.85,-0.06,1,70.60,-321.85,-229.79,155,SE
2024/11/02 21:01:37,20.31,3382,4906,77,-0.36,9.88,0.01,2,71.23,-321.82,-229.34,142,SE
2024/11/02 21:01:38,20.31,3381,4904,77,-0.33,9.84,0.02,1,71.41,-321.11,-229.51,140,SE
2024/11/02 21:01:38,20.31,3380,4903,77,-0.31,9.86,-0.02,1,70.28,-321.62,-229.61,147,SE
2024/11/02 21:01:39,20.31,3380,4902,77,-0.35,9.84,0.01,2,70.91,-322.31,-229.71,142,SE
2024/11/02 21:01:39,20.31,3380,4901,77,-0.33,9.88,-0.01,1,71.41,-321.12,-229.78,145,SE
2024/11/02 21:01:40,20.25,3379,4900,77,-0.31,9.88,-0.02,1,70.45,-321.15,-229.78,147,SE
2024/11/02 21:01:40,20.25,3378,4899,77,-0.31,9.85,-0.01,1,70.92,-321.36,-229.52,146,SE
2024/11/02 21:01:41,20.25,3378,4899,77,-0.33,9.85,-0.02,1,70.76,-321.37,-229.61,147,SE
2024/11/02 21:01:41,20.25,3377,4898,77,-0.30,9.86,0.02,1,70.90,-322.55,-229.71,140,SE
2024/11/02 21:01:42,20.25,3377,4898,77,-0.30,9.87,0.00,1,70.73,-323.01,-229.54,144,SE
2024/11/02 21:01:48,20.31,3406,4949,78,-0.33,9.82,-0.02,1,71.57,-320.63,-229.33,147,SE
2024/11/02 21:01:48,20.31,3398,4933,77,-0.32,9.85,-0.07,1,71.23,-322.07,-229.89,156,SE
2024/11/02 21:01:49,20.31,3393,4924,77,-0.33,9.87,-0.03,1,71.69,-322.75,-229.63,149,SE
2024/11/02 21:01:49,20.31,3389,4918,77,-0.29,9.85,0.02,1,70.13,-321.38,-229.33,140,SE
2024/11/02 21:01:50,20.31,3387,4914,77,-0.30,9.88,0.01,1,71.69,-322.99,-229.72,142,SE
2024/11/02 21:01:50,20.31,3384,4910,77,-0.32,9.84,-0.04,1,71.73,-321.13,-230.24,151,SE
2024/11/02 21:01:51,20.31,3384,4909,77,-0.30,9.87,-0.02,1,70.46,-320.92,-229.96,147,SE
2024/11/02 21:01:51,20.31,3382,4906,77,-0.32,9.84,-0.03,1,71.40,-321.59,-229.61,149,SE
2024/11/02 21:01:52,20.31,3381,4905,77,-0.39,9.86,0.00,2,70.11,-322.35,-230.16,144,SE
2024/11/02 21:01:52,20.31,3380,4904,77,-0.34,9.87,-0.02,1,71.24,-321.60,-229.79,147,SE
2024/11/02 21:01:53,20.31,3380,4904,77,-0.35,9.87,-0.01,2,70.59,-322.32,-229.62,145,SE
2024/11/02 21:01:53,20.31,3380,4902,77,-0.26,9.89,-0.07,1,71.41,-321.12,-229.69,158,S
2024/11/02 21:01:54,20.31,3378,4900,77,-0.30,9.84,-0.02,1,70.59,-322.07,-229.34,148,SE
2024/11/02 21:01:54,20.31,3378,4900,77,-0.33,9.86,0.01,1,70.91,-321.83,-229.52,142,SE
2024/11/02 21:01:55,20.31,3378,4899,77,-0.35,9.83,-0.05,2,71.40,-321.59,-229.61,152,SE
2024/11/02 21:01:55,20.25,3378,4899,77,-0.34,9.89,0.04,2,70.93,-320.89,-229.42,137,SE
2024/11/02 21:01:56,20.25,3378,4897,76,-0.32,9.84,0.00,1,71.08,-321.61,-229.88,144,SE
2024/11/02 21:01:56,20.25,3377,4898,77,-0.30,9.87,-0.02,1,70.76,-321.63,-230.24,147,SE
2024/11/02 21:01:57,20.25,3377,4897,76,-0.28,9.88,0.02,1,70.93,-321.12,-229.33,140,SE
2024/11/02 21:01:57,20.25,3377,4897,76,-0.34,9.86,-0.02,1,71.25,-321.14,-230.05,147,SE
2024/11/02 21:02:03,20.31,3405,4946,78,-0.29,9.88,0.03,1,71.71,-321.83,-230.07,138,SE
2024/11/02 21:02:04,20.31,3396,4931,77,-0.38,9.86,-0.06,2,70.76,-321.87,-230.33,152,SE
2024/11/02 21:02:04,20.31,3391,4922,77,-0.31,9.86,-0.03,1,70.76,-321.86,-230.15,149,SE
2024/11/02 21:02:05,20.31,3388,4916,77,-0.29,9.83,0.00,1,71.41,-320.87,-229.24,144,SE
2024/11/02 21:02:05,20.31,3386,4912,77,-0.33,9.79,0.05,1,70.76,-321.85,-229.70,135,SE
2024/11/02 21:02:06,20.31,3383,4907,77,-0.33,9.87,-0.01,1,71.09,-320.89,-229.60,145,SE
2024/11/02 21:02:06,20.31,3382,4907,77,-0.33,9.79,-0.02,1,70.74,-322.79,-229.72,147,SE
2024/11/02 21:02:07,20.25,3381,4904,77,-0.34,9.86,-0.04,2,72.02,-322.30,-230.16,150,SE
2024/11/02 21:02:07,20.25,3380,4903,77,-0.30,9.87,0.01,1,70.60,-321.61,-229.61,142,SE
2024/11/02 21:02:08,20.25,3379,4902,77,-0.34,9.86,-0.01,1,70.91,-321.83,-229.52,145,SE
2024/11/02 21:02:08,20.25,3377,4901,77,-0.29,9.89,0.03,1,70.26,-322.56,-229.62,138,SE
2024/11/02 21:02:09,20.25,3377,4899,77,-0.28,9.89,-0.04,1,70.75,-322.08,-229.71,152,SE
2024/11/02 21:02:09,20.25,3377,4898,77,-0.32,9.85,-0.02,1,70.73,-323.02,-229.81,147,SE
2024/11/02 21:02:10,20.25,3376,4896,77,-0.35,9.87,-0.05,2,71.25,-320.90,-229.96,152,SE
2024/11/02 21:02:10,20.25,3376,4897,77,-0.28,9.84,-0.04,1,70.61,-321.15,-229.87,152,SE
2024/11/02 21:02:11,20.25,3375,4895,77,-0.31,9.87,0.01,1,72.04,-321.11,-229.79,142,SE
2024/11/02 21:02:11,20.25,3375,4895,77,-0.34,9.86,-0.01,1,71.41,-320.88,-229.51,145,SE
2024/11/02 21:02:11,20.25,3375,4895,77,-0.33,9.85,-0.03,1,70.91,-322.07,-229.62,149,SE
2024/11/02 21:02:12,20.25,3375,4894,76,-0.36,9.83,-0.01,2,70.59,-322.09,-229.89,145,SE
2024/11/02 21:02:12,20.25,3375,4894,76,-0.39,9.82,-0.03,2,71.72,-321.35,-229.88,148,SE
2024/11/02 21:02:18,20.31,3405,4946,78,-0.26,9.87,-0.02,1,71.24,-321.60,-229.88,148,SE
2024/11/02 21:02:19,20.31,3396,4930,77,-0.30,9.82,-0.01,1,70.93,-321.14,-229.78,146,SE
2024/11/02 21:02:19,20.31,3391,4921,77,-0.32,9.82,0.01,1,71.56,-321.59,-229.88,142,SE
2024/11/02 21:02:20,20.31,3388,4915,77,-0.39,9.85,-0.03,2,69.81,-321.64,-229.79,148,SE
2024/11/02 21:02:20,20.31,3385,4911,77,-0.34,9.86,0.04,2,70.76,-321.61,-229.70,137,SE
2024/11/02 21:02:21,20.31,3383,4908,77,-0.34,9.84,-0.04,2,70.14,-321.17,-230.05,150,SE
2024/11/02 21:02:21,20.31,3382,4906,77,-0.34,9.87,0.00,1,70.11,-322.33,-229.62,144,SE
2024/11/02 21:02:22,20.25,3381,4904,77,-0.29,9.84,-0.03,1,70.90,-322.29,-229.17,150,SE
2024/11/02 21:02:22,20.25,3380,4904,77,-0.33,9.84,-0.02,1,70.75,-322.10,-230.16,147,SE
2024/11/02 21:02:23,20.25,3380,4902,77,-0.29,9.84,0.06,1,71.43,-320.20,-230.13,132,SE
2024/11/02 21:02:23,20.25,3378,4901,77,-0.31,9.85,-0.03,1,70.59,-322.09,-229.71,149,SE
2024/11/02 21:02:24,20.25,3379,4900,77,-0.31,9.80,-0.01,1,71.26,-320.43,-229.86,145,SE
2024/11/02 21:02:24,20.25,3378,4899,77,-0.28,9.84,0.00,1,70.44,-321.83,-229.07,144,SE
2024/11/02 21:02:25,20.25,3377,4898,77,-0.33,9.84,-0.02,1,71.22,-322.79,-230.17,147,SE
2024/11/02 21:02:25,20.25,3377,4898,77,-0.32,9.86,-0.01,1,70.62,-320.91,-229.69,145,SE
2024/11/02 21:02:26,20.25,3377,4897,76,-0.40,9.83,-0.03,2,71.41,-320.90,-229.96,148,SE
2024/11/02 21:02:26,20.25,3376,4896,77,-0.28,9.85,-0.03,1,70.76,-321.36,-229.33,150,SE
2024/11/02 21:02:27,20.25,3376,4895,76,-0.31,9.87,-0.03,1,70.92,-321.86,-230.15,149,SE
2024/11/02 21:02:27,20.25,3375,4895,77,-0.33,9.88,-0.04,1,70.94,-320.42,-229.41,150,SE
2024/11/02 21:02:28,20.25,3376,4894,76,-0.35,9.84,-0.04,2,70.45,-321.39,-229.88,150,SE
2024/11/02 21:02:34,20.31,3404,4946,78,-0.32,9.83,-0.06,1,70.93,-321.14,-229.69,154,SE
2024/11/02 21:02:34,20.31,3395,4929,77,-0.33,9.85,-0.09,2,71.09,-320.90,-229.78,159,S
2024/11/02 21:02:35,20.31,3390,4920,77,-0.27,9.84,0.02,1,71.55,-322.04,-229.35,140,SE
2024/11/02 21:02:35,20.31,3386,4914,77,-0.32,9.84,-0.01,1,70.92,-321.38,-229.88,145,SE
2024/11/02 21:02:36,20.31,3384,4910,77,-0.30,9.82,0.00,1,71.72,-321.12,-229.87,144,SE
2024/11/02 21:02:36,20.31,3381,4907,77,-0.28,9.84,-0.04,1,71.55,-322.06,-229.80,152,SE
2024/11/02 21:02:37,20.31,3381,4904,77,-0.32,9.88,-0.02,1,71.27,-319.95,-229.59,147,SE
2024/11/02 21:02:37,20.31,3380,4903,77,-0.32,9.85,-0.05,1,71.72,-321.38,-230.51,152,SE
2024/11/02 21:02:38,20.31,3379,4901,77,-0.32,9.88,-0.01,1,70.43,-322.08,-229.53,146,SE
2024/11/02 21:02:38,20.31,3378,4900,77,-0.33,9.79,0.00,1,71.89,-320.88,-229.96,144,SE
2024/11/02 21:02:39,20.31,3377,4898,77,-0.30,9.89,0.01,1,71.41,-320.89,-229.87,142,SE
2024/11/02 21:02:39,20.31,3376,4897,77,-0.32,9.85,-0.01,1,71.07,-322.08,-229.89,146,SE
2024/11/02 21:02:40,20.31,3375,4895,77,-0.33,9.87,0.00,1,71.39,-322.06,-229.71,144,SE
2024/11/02 21:02:40,20.31,3375,4895,77,-0.33,9.86,-0.02,1,70.91,-322.09,-230.16,147,SE
2024/11/02 21:02:41,20.31,3375,4894,76,-0.24,9.82,-0.08,1,70.76,-321.85,-229.79,162,S
2024/11/02 21:02:41,20.25,3376,4894,76,-0.29,9.83,0.02,1,70.89,-323.02,-229.72,140,SE
2024/11/02 21:02:42,20.25,3375,4893,76,-0.27,9.84,0.00,1,71.41,-320.88,-229.51,144,SE
2024/11/02 21:02:42,20.25,3374,4892,76,-0.33,9.84,-0.03,1,70.94,-320.43,-229.68,149,SE
2024/11/02 21:02:43,20.25,3373,4891,76,-0.32,9.87,0.00,1,70.79,-320.19,-229.50,144,SE
2024/11/02 21:02:43,20.25,3373,4891,76,-0.29,9.87,0.01,1,71.09,-321.14,-229.87,142,SE
2024/11/02 21:02:49,20.31,3404,4944,78,-0.32,9.83,-0.05,1,70.12,-321.85,-229.43,152,SE
2024/11/02 21:02:50,20.31,3394,4928,77,-0.30,9.83,0.03,1,71.23,-321.85,-230.16,138,SE
2024/11/02 21:02:50,20.31,3389,4919,77,-0.30,9.87,0.02,1,70.93,-321.15,-230.05,140,SE
2024/11/02 21:02:51,20.31,3385,4912,77,-0.31,9.85,-0.03,1,71.38,-322.31,-229.98,149,SE
2024/11/02 21:02:51,20.31,3383,4908,77,-0.32,9.83,-0.03,1,71.40,-321.60,-229.97,149,SE
2024/11/02 21:02:52,20.31,3382,4905,77,-0.30,9.86,-0.03,1,70.77,-321.39,-230.06,149,SE
2024/11/02 21:02:52,20.31,3380,4903,77,-0.35,9.87,-0.03,2,71.23,-322.08,-230.07,149,SE
2024/11/02 21:02:53,20.31,3379,4901,77,-0.35,9.84,-0.02,2,70.61,-321.39,-229.97,147,SE
2024/11/02 21:02:53,20.31,3377,4899,77,-0.32,9.88,-0.03,1,71.54,-322.53,-229.90,149,SE
2024/11/02 21:02:54,20.31,3377,4898,77,-0.34,9.89,0.00,1,70.93,-320.90,-229.69,144,SE
2024/11/02 21:02:54,20.31,3377,4896,76,-0.32,9.86,-0.02,1,71.88,-321.11,-229.78,147,SE
2024/11/02 21:02:55,20.31,3375,4895,77,-0.33,9.87,0.01,1,72.02,-322.04,-229.62,142,SE
2024/11/02 21:02:55,20.31,3374,4893,76,-0.27,9.80,-0.04,1,71.24,-321.61,-229.97,152,SE
2024/11/02 21:02:56,20.31,3374,4892,76,-0.30,9.84,0.02,1,71.08,-321.60,-229.79,140,SE
2024/11/02 21:02:56,20.31,3373,4891,76,-0.34,9.83,-0.05,2,71.72,-321.36,-230.06,152,SE
2024/11/02 21:02:57,20.25,3373,4891,76,-0.31,9.88,0.00,1,71.87,-321.81,-229.70,144,SE
2024/11/02 21:02:57,20.25,3372,4889,76,-0.34,9.88,-0.02,1,71.23,-321.83,-229.61,147,SE
2024/11/02 21:02:58,20.25,3372,4889,76,-0.32,9.81,-0.03,1,71.08,-321.61,-229.97,149,SE
2024/11/02 21:02:58,20.25,3372,4887,76,-0.36,9.82,-0.06,2,70.76,-321.37,-229.61,153,SE
2024/11/02 21:02:59,20.25,3370,4887,76,-0.33,9.88,-0.04,1,71.23,-322.07,-229.80,151,SE
2024/11/02 21:03:05,20.31,3400,4940,78,-0.33,9.85,-0.04,1,70.74,-322.77,-229.27,151,SE
2024/11/02 21:03:05,20.31,3393,4924,77,-0.33,9.83,-0.03,1,71.26,-320.42,-229.77,149,SE
2024/11/02 21:03:06,20.31,3388,4915,77,-0.33,9.83,0.00,1,71.87,-321.59,-229.97,144,SE
2024/11/02 21:03:06,20.31,3383,4908,77,-0.33,9.86,-0.01,1,70.75,-322.32,-229.80,145,SE
2024/11/02 21:03:07,20.31,3381,4907,77,-0.31,9.83,0.04,1,71.87,-321.82,-229.80,137,SE
2024/11/02 21:03:07,20.31,3380,4903,77,-0.31,9.83,0.01,1,71.56,-321.34,-229.34,142,SE
2024/11/02 21:03:08,20.31,3378,4902,77,-0.31,9.89,-0.01,1,71.05,-323.25,-229.72,146,SE
2024/11/02 21:03:08,20.25,3378,4900,77,-0.26,9.84,-0.02,1,70.28,-321.63,-229.79,148,SE
2024/11/02 21:03:09,20.25,3378,4897,76,-0.31,9.88,0.02,1,71.10,-320.65,-229.42,140,SE
2024/11/02 21:03:09,20.25,3376,4896,77,-0.28,9.84,-0.02,1,70.44,-321.84,-229.43,148,SE
2024/11/02 21:03:10,20.25,3375,4894,76,-0.27,9.86,0.00,1,70.76,-321.86,-230.06,144,SE
2024/11/02 21:03:10,20.25,3374,4894,77,-0.28,9.81,0.00,1,70.92,-321.37,-229.61,144,SE
2024/11/02 21:03:11,20.25,3374,4894,77,-0.31,9.85,-0.01,1,72.19,-321.56,-229.43,146,SE
2024/11/02 21:03:11,20.25,3374,4892,76,-0.33,9.82,-0.07,1,71.56,-321.60,-230.15,155,SE
2024/11/02 21:03:12,20.25,3373,4893,77,-0.34,9.85,-0.03,2,71.10,-320.65,-229.32,149,SE
2024/11/02 21:03:12,20.25,3373,4893,77,-0.32,9.83,-0.08,1,71.54,-322.29,-229.62,158,S
2024/11/02 21:03:13,20.25,3373,4892,76,-0.34,9.84,-0.06,2,70.57,-323.27,-229.90,154,SE
2024/11/02 21:03:13,20.25,3373,4891,76,-0.31,9.87,-0.02,1,71.57,-321.12,-229.87,147,SE
2024/11/02 21:03:14,20.25,3372,4890,76,-0.29,9.85,-0.06,1,71.08,-321.86,-230.34,155,SE
2024/11/02 21:03:14,20.25,3372,4890,76,-0.33,9.85,0.02,1,70.61,-321.39,-230.06,140,SE
2024/11/02 21:03:20,20.31,3402,4942,78,-0.30,9.82,-0.02,1,72.20,-321.10,-229.70,147,SE
2024/11/02 21:03:21,20.31,3393,4926,77,-0.30,9.80,0.00,1,70.92,-321.60,-229.61,144,SE
2024/11/02 21:03:21,20.31,3388,4917,77,-0.33,9.86,0.00,1,71.08,-321.60,-229.61,144,SE
2024/11/02 21:03:22,20.31,3385,4911,77,-0.30,9.84,-0.04,1,70.90,-322.56,-229.98,151,SE
2024/11/02 21:03:22,20.31,3381,4908,77,-0.34,9.86,-0.05,2,71.24,-321.61,-229.97,152,SE
2024/11/02 21:03:23,20.31,3380,4904,77,-0.28,9.88,-0.04,1,71.26,-320.42,-229.68,152,SE
2024/11/02 21:03:23,20.31,3380,4903,77,-0.30,9.81,-0.01,1,70.45,-321.38,-229.60,146,SE
2024/11/02 21:03:24,20.25,3379,4901,77,-0.33,9.89,-0.02,1,70.77,-321.39,-229.97,147,SE
2024/11/02 21:03:24,20.25,3377,4900,77,-0.33,9.80,-0.03,1,70.13,-321.16,-229.60,149,SE
2024/11/02 21:03:25,20.25,3377,4899,77,-0.35,9.86,-0.04,2,70.93,-321.39,-230.15,150,SE
2024/11/02 21:03:25,20.25,3376,4897,77,-0.28,9.86,0.00,1,70.76,-321.37,-229.52,144,SE
2024/11/02 21:03:26,20.25,3376,4896,77,-0.28,9.85,-0.07,1,71.05,-323.26,-229.99,158,S
2024/11/02 21:03:26,20.25,3375,4894,76,-0.32,9.83,-0.01,1,71.07,-322.08,-229.89,146,SE
2024/11/02 21:03:27,20.25,3374,4893,76,-0.32,9.84,-0.04,1,70.61,-321.14,-229.51,151,SE
2024/11/02 21:03:27,20.25,3374,4894,77,-0.29,9.81,-0.03,1,70.89,-323.25,-229.54,150,SE
2024/11/02 21:03:28,20.25,3374,4893,76,-0.32,9.83,0.00,1,71.05,-323.27,-230.27,144,SE
2024/11/02 21:03:28,20.25,3373,4891,76,-0.29,9.83,-0.08,1,70.77,-321.13,-229.33,159,S
2024/11/02 21:03:29,20.25,3373,4892,76,-0.29,9.83,-0.02,1,71.09,-321.14,-229.87,148,SE
2024/11/02 21:03:29,20.25,3373,4889,76,-0.33,9.84,-0.02,1,70.77,-321.15,-229.87,147,SE
2024/11/02 21:03:30,20.25,3373,4890,76,-0.30,9.88,-0.01,1,71.56,-321.59,-229.79,146,SE
2024/11/02 21:03:36,20.31,3402,4944,78,-0.27,9.83,-0.02,1,71.72,-321.36,-230.06,148,SE
2024/11/02 21:03:36,20.31,3394,4927,77,-0.36,9.84,-0.02,2,70.88,-323.49,-229.73,147,SE
2024/11/02 21:03:37,20.31,3389,4920,77,-0.32,9.82,-0.01,1,70.30,-320.70,-230.05,145,SE
2024/11/02 21:03:37,20.31,3386,4915,77,-0.34,9.89,-0.09,2,70.91,-321.84,-229.61,158,S
2024/11/02 21:03:38,20.31,3385,4912,77,-0.34,9.82,0.00,2,70.58,-322.55,-229.53,144,SE
2024/11/02 21:03:38,20.31,3382,4906,77,-0.31,9.85,0.02,1,70.88,-323.74,-230.27,140,SE
2024/11/02 21:03:39,20.31,3382,4906,77,-0.29,9.85,-0.01,1,70.93,-320.90,-229.60,146,SE
2024/11/02 21:03:39,20.25,3381,4905,77,-0.31,9.88,0.01,1,70.61,-321.15,-229.87,142,SE
2024/11/02 21:03:40,20.25,3381,4903,77,-0.32,9.88,-0.07,1,71.41,-321.13,-229.87,156,SE
2024/11/02 21:03:40,20.25,3379,4902,77,-0.34,9.86,-0.01,1,71.87,-321.58,-229.70,145,SE
2024/11/02 21:03:41,20.25,3379,4902,77,-0.33,9.86,-0.01,1,71.54,-322.28,-229.26,146,SE
2024/11/02 21:03:41,20.25,3378,4900,77,-0.32,9.87,0.02,1,70.92,-321.85,-229.97,140,SE
2024/11/02 21:03:42,20.25,3378,4900,77,-0.32,9.88,0.00,1,70.62,-320.67,-229.69,144,SE
2024/11/02 21:03:42,20.25,3377,4898,77,-0.37,9.86,-0.03,2,72.21,-320.86,-229.60,148,SE
2024/11/02 21:03:43,20.25,3377,4899,77,-0.33,9.87,-0.01,1,70.92,-321.60,-229.61,145,SE
2024/11/02 21:03:43,20.25,3377,4898,77,-0.30,9.89,0.01,1,71.41,-320.88,-229.60,142,SE
2024/11/02 21:03:44,20.25,3377,4898,77,-0.27,9.86,-0.01,1,71.38,-322.28,-229.35,146,SE
2024/11/02 21:03:44,20.25,3376,4898,77,-0.36,9.87,0.23,2,72.02,-322.03,-229.44,112,E
2024/11/02 21:03:45,20.25,3377,4896,76,-0.34,9.85,-0.04,2,70.76,-321.60,-229.52,150,SE
2024/11/02 21:03:45,20.25,3376,4896,77,-0.31,9.84,-0.01,1,71.07,-321.84,-229.70,146,SE
2024/11/02 21:03:51,20.31,3407,4952,78,-0.34,9.87,0.03,1,71.57,-321.12,-229.87,139,SE
2024/11/02 21:03:52,20.31,3398,4934,78,-0.31,9.86,0.00,1,70.92,-321.85,-229.88,144,SE
2024/11/02 21:03:52,20.31,3394,4927,77,-0.29,9.86,-0.02,1,70.74,-322.79,-229.90,148,SE
2024/11/02 21:03:53,20.31,3390,4920,77,-0.30,9.89,0.02,1,70.43,-322.57,-230.07,140,SE
2024/11/02 21:03:53,20.31,3388,4917,77,-0.32,9.85,-0.03,1,70.91,-322.10,-230.25,149,SE
2024/11/02 21:03:54,20.31,3385,4913,77,-0.31,9.89,-0.09,1,71.08,-321.85,-230.06,160,S
2024/11/02 21:03:54,20.31,3385,4912,77,-0.30,9.83,-0.01,1,71.25,-321.12,-229.42,146,SE
2024/11/02 21:03:55,20.25,3383,4910,77,-0.29,9.85,-0.01,1,70.44,-321.87,-229.97,146,SE
2024/11/02 21:03:55,20.25,3383,4909,77,-0.33,9.87,-0.06,1,71.26,-320.66,-229.87,154,SE
2024/11/02 21:03:56,20.25,3382,4908,77,-0.31,9.86,0.02,1,70.94,-320.66,-229.60,140,SE
2024/11/02 21:03:56,20.25,3381,4906,77,-0.31,9.88,-0.02,1,70.75,-322.09,-229.98,147,SE
2024/11/02 21:03:57,20.25,3381,4906,77,-0.31,9.86,-0.06,1,70.77,-321.40,-230.24,154,SE
2024/11/02 21:03:57,20.25,3381,4906,77,-0.34,9.86,-0.02,1,71.25,-320.89,-229.69,147,SE
2024/11/02 21:03:58,20.25,3380,4905,77,-0.27,9.82,0.03,1,71.55,-321.80,-229.25,138,SE
2024/11/02 21:03:58,20.25,3381,4904,77,-0.35,9.81,-0.03,2,70.60,-321.61,-229.70,149,SE
2024/11/02 21:03:59,20.25,3380,4904,77,-0.34,9.85,-0.03,2,71.39,-322.08,-230.25,149,SE
2024/11/02 21:03:59,20.25,3381,4903,77,-0.34,9.86,-0.01,1,71.88,-321.34,-229.70,145,SE
2024/11/02 21:04:00,20.25,3380,4904,77,-0.31,9.87,-0.03,1,71.25,-320.89,-229.60,149,SE
2024/11/02 21:04:00,20.25,3380,4903,77,-0.26,9.84,-0.06,1,71.24,-321.58,-229.25,156,SE
2024/11/02 21:04:01,20.25,3380,4902,77,-0.26,9.81,0.00,1,71.23,-322.05,-229.26,144,SE
2024/11/02 21:04:06,20.25,3411,4957,78,-0.32,9.87,-0.01,1,70.77,-321.14,-229.69,145,SE
2024/11/02 21:04:07,20.25,3401,4941,78,-0.35,9.84,-0.05,2,70.77,-321.14,-229.78,152,SE
2024/11/02 21:04:07,20.25,3396,4932,78,-0.31,9.82,0.00,1,70.93,-320.89,-229.51,144,SE
2024/11/02 21:04:08,20.25,3393,4927,77,-0.32,9.83,-0.01,1,71.06,-322.79,-230.17,146,SE
2024/11/02 21:04:08,20.25,3390,4921,77,-0.30,9.86,-0.03,1,71.06,-322.79,-229.99,149,SE
2024/11/02 21:04:09,20.25,3388,4917,77,-0.29,9.84,0.00,1,71.08,-321.37,-229.70,144,SE
2024/11/02 21:04:09,20.25,3385,4914,77,-0.28,9.82,0.02,1,72.37,-320.62,-229.51,140,SE
2024/11/02 21:04:10,20.25,3385,4911,77,-0.33,9.89,0.00,1,70.76,-321.87,-230.24,144,SE
2024/11/02 21:04:11,20.25,3383,4909,77,-0.30,9.86,-0.02,1,70.61,-321.16,-230.05,147,SE
2024/11/02 21:04:11,20.25,3382,4908,77,-0.31,9.85,-0.03,1,71.22,-322.31,-229.98,149,SE
2024/11/02 21:04:11,20.25,3381,4906,77,-0.30,9.86,-0.03,1,71.55,-322.06,-229.89,149,SE
2024/11/02 21:04:12,20.25,3381,4905,77,-0.28,9.80,0.03,1,70.93,-321.13,-229.60,138,SE
2024/11/02 21:04:12,20.25,3379,4901,77,-0.30,9.82,-0.05,1,71.40,-321.37,-229.97,153,SE
2024/11/02 21:04:13,20.25,3378,4899,77,-0.31,9.86,-0.03,1,70.77,-321.15,-229.96,149,SE
2024/11/02 21:04:13,20.25,3377,4897,76,-0.37,9.83,0.03,2,71.40,-321.37,-229.97,139,SE
2024/11/02 21:04:14,20.25,3376,4896,77,-0.34,9.83,0.04,2,72.03,-321.58,-229.97,137,SE
2024/11/02 21:04:14,20.25,3375,4894,76,-0.32,9.88,-0.03,1,70.75,-322.31,-229.53,149,SE
2024/11/02 21:04:15,20.25,3374,4893,76,-0.32,9.89,0.04,1,70.91,-322.10,-230.34,137,SE
2024/11/02 21:04:15,20.25,3373,4892,76,-0.31,9.88,0.01,1,70.93,-321.38,-230.06,142,SE
2024/11/02 21:04:16,20.25,3372,4892,77,-0.35,9.82,0.00,2,72.04,-321.36,-230.33,144,SE
2024/11/02 21:04:22,20.31,3398,4936,78,-0.27,9.85,-0.03,1,70.47,-320.45,-229.95,150,SE
2024/11/02 21:04:22,20.31,3390,4920,77,-0.30,9.83,-0.02,1,71.73,-320.65,-229.78,147,SE
2024/11/02 21:04:23,20.31,3384,4910,77,-0.37,9.82,-0.02,2,70.78,-320.68,-229.96,147,SE
2024/11/02 21:04:23,20.31,3381,4906,77,-0.33,9.86,-0.05,1,71.23,-321.83,-229.79,152,SE
2024/11/02 21:04:24,20.31,3379,4901,77,-0.30,9.85,-0.02,1,71.06,-322.30,-229.44,148,SE
2024/11/02 21:04:24,20.31,3377,4897,76,-0.30,9.87,0.01,1,71.40,-321.60,-229.88,142,SE
2024/11/02 21:04:25,20.31,3376,4896,77,-0.31,9.85,-0.06,1,70.93,-321.14,-229.78,154,SE
2024/11/02 21:04:25,20.25,3374,4892,76,-0.30,9.85,-0.01,1,71.40,-321.36,-229.70,146,SE
2024/11/02 21:04:26,20.25,3372,4891,76,-0.28,9.88,0.02,1,70.94,-320.69,-230.23,140,SE
2024/11/02 21:04:26,20.25,3372,4888,76,-0.25,9.84,-0.01,1,70.92,-321.35,-229.15,146,SE
2024/11/02 21:04:27,20.25,3371,4887,76,-0.33,9.85,0.02,1,71.10,-320.66,-229.69,140,SE
2024/11/02 21:04:27,20.25,3369,4886,76,-0.32,9.83,0.00,1,70.44,-321.61,-229.52,144,SE
2024/11/02 21:04:28,20.25,3368,4884,76,-0.31,9.84,0.00,1,70.92,-321.37,-229.61,144,SE
2024/11/02 21:04:28,20.25,3368,4883,76,-0.32,9.81,-0.02,1,70.93,-321.12,-229.33,147,SE
2024/11/02 21:04:29,20.25,3367,4883,76,-0.32,9.83,-0.03,1,71.55,-321.82,-229.70,149,SE
2024/11/02 21:04:29,20.25,3366,4882,76,-0.31,9.81,0.01,1,70.91,-322.08,-229.89,142,SE
2024/11/02 21:04:30,20.25,3366,4880,76,-0.29,9.84,-0.05,1,71.42,-320.65,-229.69,153,SE
2024/11/02 21:04:30,20.25,3364,4878,76,-0.28,9.81,-0.02,1,70.93,-320.90,-229.78,148,SE
2024/11/02 21:04:31,20.25,3364,4877,76,-0.29,9.89,0.00,1,71.24,-321.37,-229.88,144,SE
2024/11/02 21:04:31,20.25,3364,4876,76,-0.32,9.86,-0.01,1,71.10,-320.42,-229.68,145,SE
2024/11/02 21:04:37,20.31,3393,4928,78,-0.31,9.88,-0.02,1,71.42,-320.67,-230.32,147,SE
2024/11/02 21:04:38,20.31,3384,4912,77,-0.31,9.81,-0.01,1,71.41,-320.90,-229.96,145,SE
2024/11/02 21:04:38,20.31,3380,4905,77,-0.30,9.83,-0.02,1,70.77,-321.38,-229.88,147,SE
2024/11/02 21:04:39,20.31,3377,4899,77,-0.33,9.84,-0.06,1,71.09,-321.13,-229.60,154,SE
2024/11/02 21:04:39,20.31,3376,4895,76,-0.33,9.81,-0.03,1,71.55,-322.06,-229.71,149,SE
2024/11/02 21:04:40,20.31,3372,4891,76,-0.30,9.84,-0.04,1,70.13,-321.39,-229.51,151,SE
2024/11/02 21:04:40,20.31,3371,4888,76,-0.35,9.80,-0.01,2,70.76,-321.36,-229.24,145,SE
2024/11/02 21:04:41,20.25,3370,4887,76,-0.35,9.86,0.00,2,70.74,-322.80,-229.99,144,SE
2024/11/02 21:04:41,20.25,3369,4886,76,-0.32,9.89,-0.06,1,70.43,-322.09,-229.71,154,SE
2024/11/02 21:04:42,20.25,3369,4884,76,-0.32,9.83,0.01,1,71.86,-322.28,-229.53,142,SE
2024/11/02 21:04:42,20.25,3368,4884,76,-0.34,9.78,0.02,2,70.76,-321.61,-229.79,140,SE
2024/11/02 21:04:43,20.25,3368,4883,76,-0.33,9.87,0.00,1,71.23,-321.83,-229.70,144,SE
2024/11/02 21:04:43,20.25,3367,4883,76,-0.36,9.87,0.00,2,70.78,-320.67,-229.60,144,SE
2024/11/02 21:04:44,20.25,3367,4882,76,-0.33,9.85,-0.01,1,70.13,-321.40,-229.97,145,SE
2024/11/02 21:04:44,20.25,3367,4883,76,-0.31,9.82,0.02,1,70.76,-321.84,-229.52,140,SE
2024/11/02 21:04:45,20.25,3367,4883,76,-0.32,9.85,0.03,1,71.22,-322.31,-229.80,139,SE
2024/11/02 21:04:45,20.25,3368,4882,76,-0.32,9.83,-0.02,1,71.56,-321.59,-229.79,147,SE
2024/11/02 21:04:46,20.25,3368,4882,76,-0.34,9.82,-0.01,2,70.93,-321.39,-230.15,145,SE
2024/11/02 21:04:46,20.25,3368,4882,76,-0.33,9.84,0.01,1,70.93,-321.11,-229.15,142,SE
2024/11/02 21:04:47,20.25,3368,4882,76,-0.32,9.85,-0.05,1,70.12,-322.11,-229.89,152,SE
2024/11/02 21:04:53,20.31,3404,4945,78,-0.27,9.85,-0.01,1,70.92,-321.85,-229.88,146,SE
2024/11/02 21:04:53,20.31,3395,4929,77,-0.30,9.85,-0.02,1,72.20,-321.08,-229.33,147,SE
2024/11/02 21:04:54,20.31,3391,4921,77,-0.30,9.85,-0.04,1,70.76,-321.37,-229.61,151,SE
2024/11/02 21:04:54,20.31,3388,4917,77,-0.32,9.83,-0.01,1,71.25,-321.11,-229.15,146,SE
2024/11/02 21:04:55,20.31,3387,4913,77,-0.28,9.89,-0.01,1,70.45,-321.16,-230.05,146,SE
2024/11/02 21:04:55,20.31,3384,4910,77,-0.34,9.84,-0.03,2,71.23,-322.07,-229.89,149,SE
2024/11/02 21:04:56,20.31,3383,4911,77,-0.33,9.87,-0.01,1,71.27,-319.96,-229.86,145,SE
2024/11/02 21:04:56,20.25,3383,4907,77,-0.34,9.85,0.00,1,71.39,-321.83,-229.88,144,SE
2024/11/02 21:04:57,20.25,3383,4906,77,-0.33,9.86,0.01,1,71.24,-321.60,-229.88,142,SE
2024/11/02 21:04:57,20.25,3382,4906,77,-0.30,9.86,-0.04,1,70.76,-321.37,-229.61,151,SE
2024/11/02 21:04:58,20.25,3382,4906,77,-0.28,9.86,0.02,1,71.07,-321.84,-229.88,140,SE
2024/11/02 21:04:58,20.25,3382,4905,77,-0.31,9.83,-0.04,1,72.03,-321.59,-230.15,151,SE
2024/11/02 21:04:59,20.25,3382,4904,77,-0.37,9.83,-0.04,2,71.07,-322.05,-229.26,150,SE
2024/11/02 21:04:59,20.25,3381,4905,77,-0.30,9.85,-0.03,1,70.74,-322.55,-229.71,149,SE
2024/11/02 21:05:00,20.25,3381,4904,77,-0.32,9.83,0.03,1,71.25,-320.90,-230.05,138,SE
2024/11/02 21:05:00,20.25,3380,4904,77,-0.31,9.86,-0.02,1,71.23,-321.84,-229.88,147,SE
2024/11/02 21:05:01,20.25,3380,4904,77,-0.29,9.86,-0.03,1,70.43,-322.09,-229.71,150,SE
2024/11/02 21:05:01,20.25,3380,4903,77,-0.30,9.84,0.01,1,71.38,-322.30,-229.89,142,SE
2024/11/02 21:05:02,20.25,3380,4902,77,-0.32,9.85,-0.01,1,71.09,-321.13,-229.69,145,SE
2024/11/02 21:05:02,20.25,3379,4902,77,-0.32,9.80,-0.06,1,71.38,-322.31,-230.07,154,SE
2024/11/02 21:05:08,20.31,3411,4955,78,-0.31,9.89,-0.01,1,70.74,-322.78,-229.63,146,SE
2024/11/02 21:05:09,20.31,3401,4939,78,-0.34,9.79,-0.01,2,71.40,-321.62,-230.42,145,SE
2024/11/02 21:05:09,20.31,3396,4930,77,-0.34,9.87,-0.04,2,70.31,-320.44,-229.41,150,SE
2024/11/02 21:05:10,20.31,3392,4924,77,-0.29,9.83,-0.01,1,70.28,-321.62,-229.70,146,SE
2024/11/02 21:05:10,20.31,3390,4920,77,-0.36,9.83,-0.02,2,70.29,-321.40,-229.97,147,SE
2024/11/02 21:05:11,20.31,3388,4916,77,-0.28,9.85,-0.02,1,71.58,-320.42,-229.95,148,SE
2024/11/02 21:05:11,20.31,3388,4914,77,-0.33,9.86,-0.01,1,70.45,-321.39,-229.97,145,SE
2024/11/02 21:05:12,20.25,3386,4913,77,-0.32,9.85,0.00,1,71.86,-322.28,-229.62,144,SE
2024/11/02 21:05:12,20.25,3386,4910,77,-0.32,9.84,0.03,1,72.37,-320.62,-229.51,138,SE
2024/11/02 21:05:13,20.25,3384,4910,77,-0.32,9.86,-0.11,1,71.08,-321.63,-230.42,162,S
2024/11/02 21:05:13,20.25,3383,4908,77,-0.29,9.89,-0.03,1,70.94,-320.93,-230.41,149,SE
2024/11/02 21:05:14,20.25,3384,4906,77,-0.35,9.82,-0.02,2,70.42,-322.55,-229.53,147,SE
2024/11/02 21:05:14,20.25,3382,4905,77,-0.31,9.85,-0.08,1,71.55,-321.81,-229.34,158,S
2024/11/02 21:05:15,20.25,3381,4905,77,-0.29,9.85,-0.01,1,70.45,-321.38,-229.60,146,SE
2024/11/02 21:05:15,20.25,3381,4904,77,-0.33,9.82,-0.01,1,70.29,-321.16,-229.78,145,SE
2024/11/02 21:05:16,20.25,3381,4904,77,-0.36,9.85,-0.05,2,70.75,-322.33,-230.07,151,SE
2024/11/02 21:05:16,20.25,3381,4904,77,-0.31,9.89,-0.02,1,71.39,-322.07,-229.89,147,SE
2024/11/02 21:05:17,20.25,3380,4903,77,-0.34,9.86,0.03,2,70.77,-321.13,-229.51,139,SE
2024/11/02 21:05:17,20.25,3380,4903,77,-0.32,9.82,0.03,1,70.92,-321.60,-229.52,139,SE
2024/11/02 21:05:18,20.25,3380,4902,77,-0.32,9.88,0.01,1,71.24,-321.34,-229.25,142,SE
2024/11/02 21:05:24,20.31,3409,4954,78,-0.32,9.85,-0.03,1,71.24,-321.59,-229.43,149,SE
2024/11/02 21:05:24,20.31,3400,4937,78,-0.30,9.81,0.00,1,71.40,-321.36,-229.70,144,SE
2024/11/02 21:05:25,20.31,3396,4930,77,-0.33,9.83,-0.04,1,71.27,-319.96,-229.95,150,SE
2024/11/02 21:05:25,20.31,3392,4924,77,-0.32,9.85,-0.03,1,71.41,-320.65,-229.60,149,SE
2024/11/02 21:05:26,20.31,3390,4919,77,-0.31,9.86,0.02,1,70.77,-320.90,-229.69,140,SE
2024/11/02 21:05:26,20.31,3388,4916,77,-0.30,9.83,-0.01,1,71.24,-321.36,-229.79,146,SE
2024/11/02 21:05:27,20.31,3387,4913,77,-0.32,9.79,0.00,1,70.60,-321.63,-229.97,144,SE
2024/11/02 21:05:27,20.25,3385,4911,77,-0.31,9.83,-0.04,1,70.79,-320.19,-229.50,151,SE
2024/11/02 21:05:28,20.25,3385,4910,77,-0.31,9.85,-0.02,1,70.29,-321.39,-229.79,147,SE
2024/11/02 21:05:28,20.25,3384,4908,77,-0.35,9.88,-0.03,2,70.75,-322.32,-229.71,149,SE
2024/11/02 21:05:29,20.25,3383,4909,77,-0.30,9.87,-0.02,1,70.75,-322.32,-229.80,148,SE
2024/11/02 21:05:29,20.25,3383,4908,77,-0.33,9.84,-0.03,1,71.40,-321.36,-229.88,149,SE
2024/11/02 21:05:30,20.25,3382,4906,77,-0.31,9.86,-0.03,1,71.88,-321.35,-229.97,149,SE
2024/11/02 21:05:30,20.25,3382,4906,77,-0.33,9.87,-0.06,1,71.37,-323.01,-229.81,154,SE
2024/11/02 21:05:31,20.25,3382,4906,77,-0.33,9.86,0.01,1,70.77,-321.13,-229.51,142,SE
2024/11/02 21:05:31,20.25,3382,4905,77,-0.33,9.85,0.04,1,70.59,-322.08,-229.53,137,SE
2024/11/02 21:05:32,20.25,3381,4905,77,-0.31,9.84,-0.01,1,70.76,-321.59,-229.07,146,SE
2024/11/02 21:05:32,20.25,3381,4903,77,-0.34,9.83,0.01,2,71.75,-319.94,-229.77,142,SE
2024/11/02 21:05:33,20.25,3381,4903,77,-0.31,9.87,-0.03,1,70.31,-320.44,-229.50,149,SE
2024/11/02 21:05:33,20.25,3381,4904,77,-0.31,9.85,-0.03,1,70.45,-321.39,-229.88,149,SE
2024/11/02 21:05:39,20.31,3409,4955,78,-0.31,9.80,-0.05,1,71.25,-321.12,-229.60,153,SE
2024/11/02 21:05:40,20.31,3401,4939,78,-0.33,9.80,-0.01,1,71.57,-320.65,-229.87,145,SE
2024/11/02 21:05:40,20.31,3397,4931,77,-0.34,9.83,-0.04,2,71.41,-321.11,-229.51,150,SE
2024/11/02 21:05:41,20.31,3394,4926,77,-0.33,9.89,0.00,1,70.78,-320.70,-230.41,144,SE
2024/11/02 21:05:41,20.31,3390,4922,77,-0.33,9.82,-0.01,1,70.42,-322.79,-229.63,146,SE
2024/11/02 21:05:42,20.31,3389,4919,77,-0.36,9.84,-0.08,2,70.92,-321.61,-229.79,156,SE
2024/11/02 21:05:42,20.31,3387,4916,77,-0.29,9.88,0.02,1,71.22,-322.55,-230.17,140,SE
2024/11/02 21:05:43,20.25,3388,4913,77,-0.33,9.83,-0.05,1,70.12,-321.63,-229.79,152,SE
2024/11/02 21:05:43,20.25,3386,4911,77,-0.30,9.87,-0.03,1,71.21,-323.25,-230.00,149,SE
2024/11/02 21:05:44,20.25,3385,4910,77,-0.28,9.81,-0.06,1,71.71,-322.07,-230.07,156,SE
2024/11/02 21:05:44,20.25,3384,4908,77,-0.33,9.81,-0.01,1,70.77,-320.90,-229.60,145,SE
2024/11/02 21:05:45,20.25,3384,4908,77,-0.32,9.82,0.00,1,70.76,-321.61,-229.61,144,SE
2024/11/02 21:05:45,20.25,3383,4906,77,-0.34,9.85,-0.03,2,71.11,-319.98,-230.22,148,SE
2024/11/02 21:05:46,20.25,3381,4905,77,-0.37,9.86,-0.02,2,71.05,-322.77,-229.63,147,SE
2024/11/02 21:05:46,20.25,3382,4906,77,-0.34,9.84,-0.02,2,70.91,-322.32,-229.89,147,SE
2024/11/02 21:05:47,20.25,3382,4905,77,-0.34,9.84,0.00,1,71.57,-320.89,-229.96,144,SE
2024/11/02 21:05:47,20.25,3381,4905,77,-0.31,9.86,0.00,1,71.23,-322.07,-229.89,144,SE
2024/11/02 21:05:48,20.25,3381,4904,77,-0.31,9.88,0.00,1,70.91,-321.84,-229.70,144,SE
2024/11/02 21:05:48,20.25,3381,4904,77,-0.31,9.85,-0.02,1,70.59,-322.33,-230.07,147,SE
2024/11/02 21:05:49,20.25,3381,4905,77,-0.28,9.84,0.01,1,70.93,-321.14,-229.78,142,SE
2024/11/02 21:05:55,20.31,3414,4960,78,-0.27,9.85,0.00,1,70.77,-321.38,-229.70,144,SE
2024/11/02 21:05:55,20.31,3404,4944,78,-0.31,9.85,0.02,1,69.95,-322.34,-229.62,140,SE
2024/11/02 21:05:56,20.31,3400,4935,77,-0.31,9.84,0.01,1,70.77,-321.38,-229.70,142,SE
2024/11/02 21:05:56,20.31,3398,4931,77,-0.34,9.85,-0.02,1,71.26,-320.66,-229.87,147,SE
2024/11/02 21:05:57,20.31,3395,4927,77,-0.33,9.81,0.02,1,70.92,-321.85,-229.88,140,SE
2024/11/02 21:05:57,20.31,3392,4922,77,-0.35,9.87,-0.03,2,70.76,-321.86,-229.97,149,SE
2024/11/02 21:05:58,20.31,3392,4921,77,-0.30,9.81,-0.04,1,72.02,-322.28,-229.62,151,SE
2024/11/02 21:05:58,20.25,3390,4919,77,-0.33,9.82,0.00,1,71.08,-321.59,-229.34,144,SE
2024/11/02 21:05:59,20.25,3389,4917,77,-0.33,9.83,-0.04,1,70.89,-323.03,-230.08,151,SE
2024/11/02 21:05:59,20.25,3389,4916,77,-0.32,9.81,-0.03,1,71.38,-322.29,-229.53,149,SE
2024/11/02 21:06:00,20.25,3389,4915,77,-0.31,9.89,-0.01,1,70.92,-321.62,-230.06,146,SE
2024/11/02 21:06:00,20.25,3388,4914,77,-0.36,9.84,-0.04,2,70.94,-320.92,-230.23,150,SE
2024/11/02 21:06:01,20.25,3387,4913,77,-0.28,9.83,-0.01,1,70.91,-322.31,-229.80,146,SE
2024/11/02 21:06:01,20.25,3386,4910,77,-0.32,9.83,-0.04,1,71.41,-320.64,-229.42,151,SE
2024/11/02 21:06:02,20.25,3386,4912,77,-0.33,9.85,0.14,2,71.26,-320.43,-229.86,121,SE
2024/11/02 21:06:02,20.25,3386,4912,77,-0.33,9.89,-0.03,1,70.77,-321.39,-229.97,149,SE
2024/11/02 21:06:02,20.25,3383,4908,77,-0.32,9.84,-0.01,1,70.93,-321.38,-229.97,145,SE
2024/11/02 21:06:03,20.25,3387,4911,77,-0.31,9.87,0.00,1,71.57,-321.12,-229.78,144,SE
2024/11/02 21:06:03,20.25,3387,4912,77,-0.20,9.84,-0.44,2,71.70,-322.51,-229.44,211,SW
2024/11/02 21:06:04,20.25,3345,4849,76,-0.37,9.84,0.06,2,71.09,-321.13,-229.60,135,SE
2024/11/02 21:06:10,20.31,355,463,4,9.41,0.69,2.55,85,94.51,-369.82,-249.24,311,NW
2024/11/02 21:06:10,20.31,340,443,3,9.63,0.18,2.06,88,96.23,-371.13,-247.90,303,NW
2024/11/02 21:06:11,20.31,343,447,3,9.60,-0.14,1.88,89,97.16,-371.98,-246.30,299,NW
2024/11/02 21:06:11,20.31,372,487,4,9.53,-0.28,1.80,88,98.27,-372.18,-246.12,297,NW
2024/11/02 21:06:12,20.31,2001,2877,43,9.80,-0.37,1.72,87,98.91,-371.69,-246.20,296,NW
2024/11/02 21:06:12,20.31,2244,3197,46,9.58,-0.85,1.12,84,100.94,-373.19,-243.88,289,W
2024/11/02 21:06:13,20.31,2226,3157,44,9.82,-1.05,0.95,83,101.90,-372.65,-242.89,287,W
2024/11/02 21:06:13,20.25,2217,3145,44,9.35,-0.90,-1.78,84,105.68,-371.83,-230.34,285,W
2024/11/02 21:06:14,20.25,2220,3142,44,5.88,-5.88,-6.69,56,106.29,-352.41,-208.48,277,W
2024/11/02 21:06:14,20.25,2217,3137,44,5.38,-2.38,-6.79,74,111.65,-355.10,-209.26,283,W
2024/11/02 21:06:15,20.25,2226,3154,44,5.89,-3.77,-6.80,67,116.62,-352.06,-207.15,282,W
2024/11/02 21:06:15,20.25,2219,3140,44,5.99,-3.93,-6.76,66,118.21,-352.24,-207.07,281,W
2024/11/02 21:06:16,20.25,2220,3141,44,5.47,-4.97,-6.33,59,124.13,-350.44,-207.50,280,W
2024/11/02 21:06:16,20.25,2220,3142,44,4.66,-5.87,-5.97,52,128.31,-347.95,-207.03,280,W
2024/11/02 21:06:17,20.25,2220,3141,44,4.67,-5.99,-6.04,51,129.26,-348.17,-207.21,281,W
2024/11/02 21:06:17,20.25,2219,3139,44,4.97,-5.94,-6.16,53,129.88,-348.62,-207.31,280,W
2024/11/02 21:06:18,20.25,2219,3140,44,5.04,-6.00,-6.02,52,129.87,-349.34,-207.77,280,W
2024/11/02 21:06:18,20.25,2219,3139,44,4.99,-5.92,-6.05,52,129.55,-349.36,-207.86,280,W
2024/11/02 21:06:19,20.25,2218,3137,43,5.13,-5.71,-6.15,54,128.29,-348.93,-208.03,280,W
2024/11/02 21:06:19,20.25,2214,3133,43,6.13,-3.13,-7.04,71,113.66,-349.03,-205.65,282,W
2024/11/02 21:06:25,20.31,2236,3170,44,0.21,10.00,0.61,3,72.65,-330.21,-228.84,36,NE
2024/11/02 21:06:26,20.31,2233,3164,44,-0.13,9.82,0.16,1,71.27,-328.17,-229.71,93,E
2024/11/02 21:06:26,20.31,2231,3159,44,-0.60,9.83,0.30,3,71.29,-327.24,-229.96,117,SE
2024/11/02 21:06:27,20.31,2230,3157,44,-0.46,9.81,0.32,3,71.92,-327.47,-230.33,109,E
2024/11/02 21:06:27,20.31,2228,3154,44,-0.45,9.82,0.34,3,72.11,-325.81,-229.85,106,E
2024/11/02 21:06:28,20.31,2227,3152,44,-0.47,9.85,0.32,3,71.59,-327.71,-230.06,109,E
2024/11/02 21:06:28,20.31,2227,3152,44,-0.45,9.85,0.35,3,72.07,-327.68,-229.79,106,E
2024/11/02 21:06:29,20.25,2226,3151,44,-0.47,9.84,0.30,3,71.91,-327.68,-229.70,111,E
2024/11/02 21:06:29,20.25,2225,3150,44,-0.46,9.84,0.28,3,72.09,-326.76,-230.23,112,E
2024/11/02 21:06:30,20.25,2225,3149,44,-0.40,9.81,0.39,3,71.30,-326.78,-230.05,99,E
2024/11/02 21:06:30,20.25,2225,3148,44,-0.44,9.84,0.29,3,71.29,-327.24,-229.87,110,E
2024/11/02 21:06:31,20.25,2225,3149,44,-0.45,9.81,0.30,3,71.29,-327.02,-230.14,110,E
2024/11/02 21:06:31,20.25,2223,3147,44,-0.45,9.83,0.30,3,71.77,-326.99,-229.87,110,E
2024/11/02 21:06:32,20.25,2224,3147,44,-0.45,9.83,0.32,3,71.91,-327.71,-230.42,108,E
2024/11/02 21:06:32,20.25,2224,3147,44,-0.46,9.84,0.37,3,72.09,-326.77,-230.41,105,E
2024/11/02 21:06:33,20.25,2224,3147,44,-0.44,9.81,0.34,3,71.94,-326.52,-229.95,106,E
2024/11/02 21:06:33,20.25,2224,3147,44,-0.37,9.81,0.42,3,71.12,-327.50,-230.42,95,E
2024/11/02 21:06:34,20.25,2223,3146,44,-0.41,9.87,0.27,2,72.56,-327.21,-230.15,110,E
2024/11/02 21:06:34,20.25,2223,3146,44,-0.49,9.87,0.32,3,72.71,-327.45,-230.33,110,E
2024/11/02 21:06:35,20.25,2223,3146,44,-0.45,9.86,0.32,3,72.39,-327.92,-230.16,108,E
2024/11/02 21:06:41,20.25,2240,3175,44,-0.49,9.84,0.31,3,71.63,-326.07,-230.22,111,E
2024/11/02 21:06:41,20.25,2235,3166,44,-0.44,9.82,0.33,3,72.07,-327.70,-230.33,107,E
2024/11/02 21:06:42,20.25,2231,3159,44,-0.46,9.81,0.29,3,71.89,-328.64,-229.99,111,E
2024/11/02 21:06:42,20.25,2230,3157,44,-0.44,9.83,0.28,3,71.59,-327.69,-229.70,111,E
2024/11/02 21:06:43,20.25,2228,3155,44,-0.44,9.82,0.36,3,71.76,-327.47,-230.06,104,E
2024/11/02 21:06:43,20.25,2227,3152,44,-0.42,9.88,0.32,3,72.39,-327.94,-230.52,106,E
2024/11/02 21:06:44,20.25,2226,3151,44,-0.44,9.86,0.30,3,71.61,-327.01,-230.32,109,E
2024/11/02 21:06:44,20.25,2225,3151,44,-0.45,9.81,0.35,3,71.43,-327.95,-230.25,106,E
2024/11/02 21:06:45,20.25,2225,3148,44,-0.42,9.85,0.34,3,71.60,-327.47,-230.06,105,E
2024/11/02 21:06:45,20.25,2225,3149,44,-0.45,9.79,0.32,3,72.25,-326.99,-230.32,108,E
2024/11/02 21:06:46,20.25,2224,3147,44,-0.45,9.83,0.32,3,71.60,-327.71,-230.24,108,E
2024/11/02 21:06:46,20.25,2223,3147,44,-0.41,9.82,0.31,3,71.27,-327.97,-230.43,107,E
2024/11/02 21:06:47,20.25,2223,3146,44,-0.46,9.82,0.28,3,71.75,-327.71,-230.15,112,E
2024/11/02 21:06:47,20.25,2222,3145,44,-0.48,9.84,0.29,3,72.05,-328.87,-230.17,112,E
2024/11/02 21:06:48,20.25,2223,3146,44,-0.47,9.85,0.30,3,71.91,-327.93,-229.98,111,E
2024/11/02 21:06:48,20.25,2222,3143,44,-0.43,9.84,0.36,3,71.61,-326.77,-230.14,104,E
2024/11/02 21:06:49,20.25,2222,3144,44,-0.47,9.85,0.32,3,71.58,-328.42,-230.16,109,E
2024/11/02 21:06:49,20.25,2221,3143,44,-0.47,9.82,0.29,3,72.56,-326.99,-230.41,112,E
2024/11/02 21:06:50,20.25,2221,3143,44,-0.46,9.84,0.28,3,72.24,-327.20,-229.60,112,E
2024/11/02 21:06:50,20.25,2221,3143,44,-0.45,9.82,0.30,3,72.39,-327.44,-229.88,110,E
2024/11/02 21:06:56,20.31,2236,3170,44,-0.44,9.82,0.38,3,72.55,-327.46,-230.51,103,E
2024/11/02 21:06:57,20.31,2231,3160,44,-0.47,9.85,0.34,3,72.08,-327.46,-230.06,108,E
2024/11/02 21:06:57,20.31,2228,3155,44,-0.42,9.74,0.52,3,72.24,-327.22,-230.06,93,E
2024/11/02 21:06:58,20.31,2226,3152,44,-0.46,9.89,0.35,3,72.08,-327.45,-229.79,106,E
2024/11/02 21:06:58,20.31,2224,3149,44,-0.46,9.85,0.25,3,71.93,-326.99,-229.87,115,SE
2024/11/02 21:06:59,20.31,2223,3147,44,-0.46,9.83,0.34,3,71.60,-327.48,-230.24,107,E
2024/11/02 21:06:59,20.31,2223,3146,44,-0.49,9.79,0.33,3,72.24,-326.98,-230.05,110,E
2024/11/02 21:07:00,20.25,2222,3143,44,-0.43,9.84,0.26,2,71.14,-326.78,-229.96,112,E
2024/11/02 21:07:00,20.25,2221,3144,44,-0.45,9.83,0.35,3,71.92,-327.21,-229.69,106,E
2024/11/02 21:07:01,20.25,2220,3141,44,-0.47,9.83,0.32,3,71.95,-326.05,-230.04,109,E
2024/11/02 21:07:01,20.25,2220,3141,44,-0.43,9.86,0.35,3,71.92,-327.25,-230.69,104,E
2024/11/02 21:07:02,20.25,2219,3140,44,-0.43,9.87,0.25,2,72.24,-327.23,-230.33,113,SE
2024/11/02 21:07:02,20.25,2219,3140,44,-0.44,9.80,0.33,3,71.28,-327.48,-229.97,107,E
2024/11/02 21:07:03,20.25,2219,3139,44,-0.43,9.81,0.32,3,72.54,-327.90,-229.71,107,E
2024/11/02 21:07:03,20.25,2218,3138,44,-0.45,9.81,0.32,3,71.77,-327.00,-230.23,108,E
2024/11/02 21:07:04,20.25,2218,3138,44,-0.46,9.83,0.32,3,72.22,-328.16,-230.07,109,E
2024/11/02 21:07:04,20.25,2217,3137,44,-0.48,9.85,0.34,3,72.09,-326.98,-229.96,108,E
2024/11/02 21:07:05,20.25,2217,3137,44,-0.48,9.84,0.33,3,72.57,-326.50,-230.05,109,E
2024/11/02 21:07:05,20.25,2217,3136,43,-0.49,9.82,0.34,3,71.93,-326.99,-230.05,109,E
2024/11/02 21:07:06,20.25,2217,3136,43,-0.48,9.80,0.31,3,72.26,-326.04,-229.86,111,E
2024/11/02 21:07:12,20.31,2314,3280,46,-0.41,9.82,0.28,2,72.31,-331.93,-230.31,110,E
2024/11/02 21:07:12,20.31,2297,3252,45,-0.42,9.83,0.24,2,71.67,-332.19,-230.58,115,SE
2024/11/02 21:07:13,20.31,2313,3276,46,-0.40,9.86,0.33,3,72.29,-332.64,-230.68,105,E
2024/11/02 21:07:13,20.31,2298,3252,45,-0.43,9.83,0.28,3,71.53,-331.26,-230.66,111,E
2024/11/02 21:07:14,20.31,2297,3250,45,-0.43,9.85,0.29,3,72.78,-331.91,-230.40,110,E
2024/11/02 21:07:14,20.31,2301,3256,45,-0.42,9.83,0.43,3,71.19,-332.44,-230.67,98,E
2024/11/02 21:07:15,20.31,2297,3250,45,-0.42,9.82,0.23,2,70.72,-331.98,-230.57,116,SE
2024/11/02 21:07:15,20.25,2295,3248,45,-0.39,9.84,0.29,2,71.66,-332.65,-230.41,107,E
2024/11/02 21:07:16,20.25,2296,3247,45,-0.45,9.82,0.30,3,71.66,-332.65,-230.22,110,E
2024/11/02 21:07:16,20.25,2296,3248,45,-0.37,9.84,0.29,2,71.98,-332.65,-230.50,106,E
2024/11/02 21:07:17,20.25,2295,3247,45,-0.48,10.00,0.07,2,71.98,-332.17,-230.40,136,SE
2024/11/02 21:07:17,20.25,2309,3267,45,-0.74,9.81,-0.04,4,72.16,-331.20,-229.66,147,SE
2024/11/02 21:07:18,20.25,2326,3292,46,-0.63,9.88,-0.10,3,71.67,-331.40,-228.40,153,SE
2024/11/02 21:07:18,20.25,2322,3288,46,-0.33,9.85,0.01,1,72.05,-328.59,-228.99,143,SE
2024/11/02 21:07:19,20.25,2341,3317,46,-0.62,9.85,0.06,3,71.95,-325.54,-228.86,138,SE
2024/11/02 21:07:19,20.25,2329,3298,46,-0.53,9.83,0.11,3,72.89,-326.23,-229.32,132,SE
2024/11/02 21:07:20,20.25,2277,3220,45,-0.24,9.87,0.25,1,71.75,-327.69,-229.79,98,E
2024/11/02 21:07:20,20.25,2289,3238,45,-0.34,9.85,0.33,2,72.09,-326.75,-229.87,100,E
2024/11/02 21:07:21,20.25,2313,3273,45,-0.57,9.86,0.32,3,72.26,-326.05,-230.22,114,SE
2024/11/02 21:07:21,20.25,2305,3260,45,-0.44,9.85,0.30,3,72.26,-326.28,-230.13,109,E
2024/11/02 21:07:27,20.31,2327,3299,46,-0.46,9.85,0.33,3,72.59,-325.57,-230.12,108,E
2024/11/02 21:07:28,20.31,2319,3284,46,-0.48,9.87,0.28,3,72.10,-326.03,-229.68,113,SE
2024/11/02 21:07:28,20.31,2315,3278,46,-0.46,9.81,0.31,3,72.25,-327.00,-230.50,109,E
2024/11/02 21:07:29,20.31,2313,3274,46,-0.45,9.83,0.30,3,71.61,-326.77,-230.05,110,E
2024/11/02 21:07:29,20.31,2311,3272,46,-0.42,9.83,0.27,2,72.11,-325.57,-229.94,111,E
2024/11/02 21:07:30,20.31,2309,3269,46,-0.41,9.85,0.34,3,72.59,-325.80,-230.13,104,E
2024/11/02 21:07:30,20.31,2309,3268,45,-0.44,9.80,0.31,3,72.11,-325.82,-230.31,108,E
2024/11/02 21:07:31,20.25,2309,3267,45,-0.41,9.81,0.31,3,71.12,-327.49,-230.24,107,E
2024/11/02 21:07:31,20.25,2306,3264,45,-0.43,9.84,0.32,3,72.10,-326.04,-229.86,107,E
2024/11/02 21:07:32,20.25,2306,3263,45,-0.46,9.86,0.31,3,72.90,-326.05,-230.58,109,E
2024/11/02 21:07:32,20.25,2305,3261,45,-0.44,9.83,0.32,3,72.24,-326.97,-229.78,108,E
2024/11/02 21:07:33,20.25,2305,3262,45,-0.39,9.85,0.33,2,71.48,-325.38,-230.48,103,E
2024/11/02 21:07:33,20.25,2305,3260,45,-0.42,9.81,0.33,3,72.72,-327.20,-229.97,105,E
2024/11/02 21:07:34,20.25,2305,3261,45,-0.46,9.85,0.34,3,72.06,-328.17,-230.16,107,E
2024/11/02 21:07:34,20.25,2305,3261,45,-0.43,9.82,0.29,3,71.48,-325.60,-230.12,109,E
2024/11/02 21:07:35,20.25,2304,3260,45,-0.43,9.82,0.33,3,71.82,-324.42,-230.28,106,E
2024/11/02 21:07:35,20.25,2304,3259,45,-0.42,9.82,0.31,3,71.79,-325.57,-229.67,107,E
2024/11/02 21:07:36,20.25,2305,3260,45,-0.46,9.86,0.35,3,72.28,-325.34,-230.12,106,E
2024/11/02 21:07:36,20.25,2304,3260,45,-0.41,9.89,0.31,2,71.76,-327.23,-229.96,107,E
2024/11/02 21:07:37,20.25,2303,3260,45,-0.40,9.79,0.26,2,72.42,-326.05,-230.31,110,E
2024/11/02 21:07:43,20.31,2324,3294,46,-0.47,9.82,0.29,3,71.95,-325.81,-229.85,112,E
2024/11/02 21:07:43,20.31,2319,3284,46,-0.41,9.85,0.31,3,71.93,-327.00,-230.32,106,E
2024/11/02 21:07:44,20.31,2316,3279,46,-0.45,9.86,0.32,3,72.42,-326.06,-230.49,108,E
2024/11/02 21:07:44,20.31,2314,3276,46,-0.43,9.84,0.27,2,72.26,-326.05,-230.22,111,E
2024/11/02 21:07:45,20.31,2313,3274,46,-0.41,9.88,0.31,3,72.41,-326.73,-229.78,107,E
2024/11/02 21:07:45,20.31,2311,3271,45,-0.42,9.84,0.28,2,72.25,-326.53,-230.41,110,E
2024/11/02 21:07:46,20.31,2312,3272,45,-0.44,9.85,0.33,3,72.44,-325.35,-230.57,107,E
2024/11/02 21:07:46,20.31,2311,3270,45,-0.45,9.87,0.32,3,71.14,-326.53,-229.68,108,E
2024/11/02 21:07:47,20.31,2310,3270,45,-0.43,9.87,0.32,3,72.25,-326.77,-230.59,107,E
2024/11/02 21:07:47,20.31,2310,3269,45,-0.43,9.81,0.32,3,72.10,-326.05,-230.22,107,E
2024/11/02 21:07:48,20.31,2310,3269,45,-0.42,9.81,0.30,3,72.59,-325.56,-229.85,108,E
2024/11/02 21:07:48,20.31,2310,3267,45,-0.39,9.82,0.35,3,71.77,-326.77,-230.23,102,E
2024/11/02 21:07:49,20.31,2309,3266,45,-0.37,9.78,0.29,2,72.44,-325.33,-229.85,105,E
2024/11/02 21:07:49,20.31,2309,3266,45,-0.39,9.80,0.27,2,71.45,-327.25,-230.33,109,E
2024/11/02 21:07:50,20.31,2308,3267,45,-0.45,9.83,0.32,3,71.62,-326.52,-229.77,108,E
2024/11/02 21:07:50,20.25,2308,3266,45,-0.43,9.82,0.31,3,71.63,-326.08,-230.40,108,E
2024/11/02 21:07:51,20.25,2308,3265,45,-0.38,9.82,0.32,2,72.59,-325.81,-230.22,103,E
2024/11/02 21:07:51,20.25,2309,3266,45,-0.45,9.88,0.31,3,72.10,-326.29,-230.22,109,E
2024/11/02 21:07:52,20.25,2309,3266,45,-0.44,9.84,0.34,3,72.25,-326.75,-230.14,106,E
2024/11/02 21:07:52,20.25,2309,3266,45,-0.43,9.81,0.29,3,71.94,-326.05,-229.86,109,E
2024/11/02 21:07:58,20.31,2330,3303,46,-0.42,9.89,0.43,3,71.93,-326.99,-230.05,98,E
2024/11/02 21:07:59,20.31,2325,3293,46,-0.41,9.86,0.34,3,71.28,-327.71,-229.88,104,E
2024/11/02 21:07:59,20.31,2322,3288,46,-0.43,9.81,0.30,3,71.60,-327.23,-229.96,109,E
2024/11/02 21:08:00,20.31,2320,3285,46,-0.42,9.84,0.31,3,72.27,-325.81,-230.22,107,E
2024/11/02 21:08:00,20.31,2318,3283,46,-0.39,9.85,0.27,2,72.24,-326.99,-230.14,109,E
2024/11/02 21:08:01,20.31,2317,3281,46,-0.43,9.80,0.27,2,71.29,-327.03,-230.41,111,E
2024/11/02 21:08:01,20.31,2317,3280,46,-0.44,9.84,0.28,3,71.79,-326.07,-230.31,111,E
2024/11/02 21:08:02,20.25,2316,3278,46,-0.45,9.86,0.32,3,71.77,-326.76,-230.05,108,E
2024/11/02 21:08:02,20.25,2316,3278,46,-0.47,9.86,0.25,3,72.08,-326.97,-229.69,116,SE
2024/11/02 21:08:03,20.25,2316,3278,46,-0.50,9.78,0.30,3,71.78,-326.28,-229.77,112,E
2024/11/02 21:08:03,20.25,2316,3277,45,-0.42,9.83,0.28,2,71.48,-325.35,-229.76,110,E
2024/11/02 21:08:04,20.25,2316,3277,45,-0.50,9.84,0.29,3,72.28,-325.34,-230.03,113,SE
2024/11/02 21:08:04,20.25,2315,3275,45,-0.42,9.82,0.28,2,71.63,-325.82,-229.94,110,E
2024/11/02 21:08:05,20.25,2316,3276,45,-0.46,9.82,0.33,3,72.91,-325.32,-230.12,108,E
2024/11/02 21:08:05,20.25,2316,3277,45,-0.42,9.85,0.35,3,71.64,-325.35,-229.94,104,E
2024/11/02 21:08:06,20.25,2316,3276,45,-0.44,9.85,0.33,3,71.62,-326.30,-230.13,107,E
2024/11/02 21:08:06,20.25,2316,3277,45,-0.44,9.90,0.31,3,70.99,-326.32,-230.04,108,E
2024/11/02 21:08:07,20.25,2316,3277,45,-0.44,9.84,0.31,3,73.36,-326.94,-229.69,108,E
2024/11/02 21:08:07,20.25,2316,3277,45,-0.44,9.86,0.24,2,71.96,-325.59,-230.30,116,SE
2024/11/02 21:08:08,20.25,2316,3277,45,-0.42,9.84,0.30,3,71.47,-325.83,-230.12,108,E
2024/11/02 21:08:14,20.31,2341,3319,47,-0.46,9.86,0.38,3,71.79,-325.84,-230.49,104,E
2024/11/02 21:08:14,20.31,2335,3308,46,-0.48,9.87,0.33,3,72.27,-325.80,-229.94,109,E
2024/11/02 21:08:15,20.31,2332,3303,46,-0.45,9.85,0.31,3,72.10,-326.04,-229.95,109,E
2024/11/02 21:08:15,20.31,2330,3299,46,-0.40,9.86,0.32,2,72.23,-327.70,-230.42,105,E
2024/11/02 21:08:16,20.31,2328,3296,46,-0.40,9.85,0.30,2,71.46,-326.29,-229.68,107,E
2024/11/02 21:08:16,20.31,2327,3294,46,-0.44,9.85,0.30,3,71.77,-326.74,-229.51,109,E
2024/11/02 21:08:17,20.31,2326,3293,46,-0.42,9.84,0.31,3,72.57,-326.74,-229.96,107,E
2024/11/02 21:08:17,20.31,2325,3291,46,-0.41,9.84,0.34,3,72.26,-326.29,-230.22,104,E
2024/11/02 21:08:18,20.31,2325,3290,46,-0.42,9.79,0.29,3,73.05,-326.49,-230.05,109,E
2024/11/02 21:08:18,20.31,2325,3290,46,-0.42,9.85,0.30,3,72.10,-326.27,-229.68,108,E
2024/11/02 21:08:19,20.31,2325,3290,46,-0.41,9.82,0.29,2,71.16,-325.85,-230.30,108,E
2024/11/02 21:08:19,20.31,2323,3289,46,-0.40,9.85,0.29,2,71.94,-326.04,-229.68,108,E
2024/11/02 21:08:20,20.31,2323,3288,46,-0.47,9.83,0.29,3,70.82,-326.56,-230.04,112,E
2024/11/02 21:08:20,20.31,2323,3287,46,-0.43,9.82,0.30,3,72.74,-325.78,-229.68,109,E
2024/11/02 21:08:21,20.31,2323,3287,46,-0.43,9.80,0.32,3,71.79,-326.07,-230.40,107,E
2024/11/02 21:08:21,20.31,2323,3288,46,-0.43,9.84,0.25,2,71.29,-327.02,-230.14,114,SE
2024/11/02 21:08:22,20.31,2323,3287,46,-0.45,9.85,0.32,3,71.15,-326.31,-230.04,108,E
2024/11/02 21:08:22,20.31,2323,3286,46,-0.43,9.83,0.27,2,71.96,-325.37,-230.57,111,E
2024/11/02 21:08:23,20.31,2322,3286,46,-0.42,9.87,0.30,3,72.10,-326.06,-230.31,108,E
2024/11/02 21:08:23,20.31,2322,3286,46,-0.41,9.86,0.32,3,72.10,-326.04,-229.95,106,E
2024/11/02 21:08:29,20.31,2339,3317,47,-0.42,9.85,0.30,3,71.79,-326.09,-230.85,108,E
2024/11/02 21:08:30,20.31,2335,3308,46,-0.42,9.87,0.32,3,71.60,-327.46,-229.79,106,E
2024/11/02 21:08:30,20.31,2331,3302,46,-0.42,9.86,0.26,2,72.10,-326.29,-230.13,112,E
2024/11/02 21:08:31,20.31,2330,3299,46,-0.38,9.84,0.36,3,72.40,-327.22,-230.33,100,E
2024/11/02 21:08:31,20.31,2328,3297,46,-0.43,9.82,0.32,3,72.58,-326.04,-230.31,107,E
2024/11/02 21:08:32,20.31,2327,3294,46,-0.45,9.83,0.34,3,72.40,-327.23,-230.51,106,E
2024/11/02 21:08:32,20.31,2326,3293,46,-0.40,9.89,0.34,3,71.48,-325.61,-230.48,103,E
2024/11/02 21:08:33,20.31,2326,3292,46,-0.44,9.82,0.27,3,72.58,-326.04,-230.22,112,E
2024/11/02 21:08:33,20.31,2324,3291,46,-0.44,9.84,0.30,3,70.81,-327.03,-230.05,109,E
2024/11/02 21:08:34,20.31,2324,3291,46,-0.42,9.84,0.31,3,71.91,-327.93,-229.89,107,E
2024/11/02 21:08:34,20.31,2324,3290,46,-0.47,9.85,0.32,3,72.25,-326.76,-230.41,109,E
2024/11/02 21:08:35,20.31,2324,3289,46,-0.46,9.83,0.31,3,72.76,-325.09,-230.12,109,E
2024/11/02 21:08:35,20.31,2323,3288,46,-0.41,9.86,0.27,2,72.41,-326.77,-230.68,110,E
2024/11/02 21:08:36,20.31,2323,3288,46,-0.47,9.86,0.31,3,72.10,-326.28,-229.95,110,E
2024/11/02 21:08:36,20.31,2323,3288,46,-0.39,9.85,0.32,2,71.64,-325.59,-229.94,104,E
2024/11/02 21:08:37,20.31,2322,3287,46,-0.42,9.80,0.33,3,73.07,-325.55,-230.12,105,E
2024/11/02 21:08:37,20.31,2323,3286,46,-0.46,9.81,0.29,3,72.11,-325.82,-230.13,111,E
2024/11/02 21:08:38,20.31,2322,3286,46,-0.46,9.85,0.31,3,72.40,-326.98,-230.14,110,E
2024/11/02 21:08:38,20.31,2322,3285,46,-0.45,9.84,0.30,3,72.74,-326.27,-230.31,110,E
2024/11/02 21:08:39,20.31,2322,3286,46,-0.44,9.84,0.29,3,71.45,-327.00,-229.87,110,E
2024/11/02 21:08:45,20.31,2339,3316,46,-0.43,9.86,0.19,2,71.96,-325.33,-229.67,120,SE
2024/11/02 21:08:45,20.31,2334,3307,46,-0.42,9.86,0.34,3,71.47,-326.08,-230.49,105,E
2024/11/02 21:08:46,20.31,2331,3301,46,-0.42,9.84,0.33,3,71.78,-326.30,-230.22,105,E
2024/11/02 21:08:46,20.31,2329,3298,46,-0.42,9.87,0.29,2,71.96,-325.10,-229.75,109,E
2024/11/02 21:08:47,20.31,2328,3296,46,-0.44,9.82,0.32,3,71.15,-326.08,-230.22,107,E
2024/11/02 21:08:47,20.31,2326,3293,46,-0.43,9.87,0.34,3,72.12,-325.34,-229.94,105,E
2024/11/02 21:08:48,20.31,2325,3291,46,-0.44,9.84,0.34,3,72.11,-326.06,-230.49,106,E
2024/11/02 21:08:48,20.31,2325,3291,46,-0.43,9.86,0.32,3,71.01,-325.39,-230.39,107,E
2024/11/02 21:08:49,20.31,2324,3290,46,-0.46,9.78,0.32,3,71.96,-325.34,-229.85,109,E
2024/11/02 21:08:49,20.31,2324,3288,46,-0.42,9.85,0.28,2,71.30,-326.30,-229.77,110,E
2024/11/02 21:08:50,20.31,2323,3288,46,-0.45,9.81,0.27,3,71.78,-326.54,-230.50,112,E
2024/11/02 21:08:50,20.31,2323,3289,46,-0.43,9.80,0.32,3,72.42,-326.29,-230.40,107,E
2024/11/02 21:08:51,20.31,2322,3287,46,-0.41,9.83,0.33,3,71.94,-326.28,-229.95,105,E
2024/11/02 21:08:51,20.31,2322,3286,46,-0.43,9.86,0.31,3,71.63,-325.82,-229.85,108,E
2024/11/02 21:08:52,20.31,2322,3286,46,-0.42,9.88,0.31,3,71.45,-326.76,-229.69,107,E
2024/11/02 21:08:52,20.31,2322,3286,46,-0.43,9.85,0.32,3,72.59,-325.32,-229.94,107,E
2024/11/02 21:08:53,20.31,2322,3286,46,-0.45,9.86,0.37,3,72.60,-325.33,-230.03,104,E
2024/11/02 21:08:53,20.31,2321,3285,46,-0.44,9.87,0.31,3,72.56,-326.99,-230.41,108,E
2024/11/02 21:08:54,20.31,2322,3284,45,-0.41,9.83,0.27,2,72.08,-327.21,-229.69,110,E
2024/11/02 21:08:54,20.31,2321,3284,46,-0.38,9.82,0.29,2,71.80,-325.12,-230.11,106,E
2024/11/02 21:09:00,20.31,2339,3316,46,-0.41,9.80,0.29,2,72.07,-327.71,-230.51,108,E
2024/11/02 21:09:01,20.31,2334,3306,46,-0.44,9.86,0.32,3,71.78,-326.29,-230.04,107,E
2024/11/02 21:09:01,20.31,2330,3301,46,-0.39,9.79,0.25,2,71.78,-326.52,-229.86,111,E
2024/11/02 21:09:02,20.31,2329,3298,46,-0.48,9.82,0.31,3,70.85,-325.15,-230.20,110,E
2024/11/02 21:09:02,20.31,2327,3295,46,-0.41,9.84,0.30,2,71.47,-326.08,-230.49,107,E
2024/11/02 21:09:03,20.31,2326,3292,46,-0.45,9.82,0.32,3,71.63,-326.06,-229.95,108,E
2024/11/02 21:09:03,20.31,2325,3292,46,-0.41,9.84,0.32,3,71.91,-327.93,-229.89,106,E
2024/11/02 21:09:04,20.31,2325,3291,46,-0.39,9.86,0.32,2,72.56,-326.97,-229.87,104,E
2024/11/02 21:09:04,20.31,2324,3289,46,-0.50,9.82,0.33,3,72.40,-327.22,-230.24,110,E
2024/11/02 21:09:05,20.31,2324,3289,46,-0.47,9.82,0.34,3,72.27,-325.80,-229.85,108,E
2024/11/02 21:09:05,20.31,2323,3288,46,-0.46,9.83,0.33,3,72.10,-326.29,-230.31,108,E
2024/11/02 21:09:06,20.31,2323,3287,46,-0.46,9.88,0.29,3,71.94,-326.28,-229.86,111,E
2024/11/02 21:09:06,20.31,2322,3285,46,-0.45,9.89,0.29,3,72.92,-325.08,-230.03,111,E
2024/11/02 21:09:07,20.31,2322,3286,46,-0.46,9.89,0.36,3,72.10,-326.04,-229.86,105,E
2024/11/02 21:09:07,20.31,2322,3285,46,-0.46,9.87,0.36,3,71.95,-325.82,-230.22,105,E
2024/11/02 21:09:08,20.31,2321,3286,46,-0.44,9.84,0.29,3,71.79,-325.83,-230.31,110,E
2024/11/02 21:09:08,20.31,2322,3285,46,-0.45,9.84,0.32,3,71.93,-326.75,-229.96,108,E
2024/11/02 21:09:09,20.31,2322,3285,46,-0.46,9.81,0.34,3,71.63,-325.82,-229.94,107,E
2024/11/02 21:09:09,20.31,2322,3285,46,-0.43,9.86,0.30,3,72.27,-325.80,-229.94,109,E
2024/11/02 21:09:10,20.31,2321,3285,46,-0.44,9.84,0.30,3,71.92,-327.45,-229.70,109,E
2024/11/02 21:09:16,20.31,2338,3315,46,-0.41,9.80,0.31,3,72.11,-325.81,-229.94,106,E
2024/11/02 21:09:16,20.31,2333,3306,46,-0.43,9.81,0.33,3,71.78,-326.53,-230.23,106,E
2024/11/02 21:09:17,20.31,2330,3301,46,-0.49,9.84,0.31,3,71.93,-326.76,-230.23,111,E
2024/11/02 21:09:17,20.31,2329,3297,46,-0.45,9.85,0.33,3,72.24,-327.47,-230.42,107,E
2024/11/02 21:09:18,20.31,2327,3295,46,-0.42,9.85,0.33,3,72.11,-325.58,-230.03,105,E
2024/11/02 21:09:18,20.31,2326,3292,46,-0.44,9.83,0.30,3,72.08,-326.97,-229.69,109,E
2024/11/02 21:09:19,20.31,2325,3292,46,-0.44,9.83,0.30,3,72.59,-325.82,-230.58,109,E
2024/11/02 21:09:19,20.31,2325,3291,46,-0.44,9.87,0.30,3,71.94,-326.30,-230.31,109,E
2024/11/02 21:09:20,20.31,2324,3290,46,-0.45,9.87,0.32,3,71.65,-324.90,-230.47,108,E
2024/11/02 21:09:20,20.31,2323,3289,46,-0.44,9.84,0.29,3,71.62,-326.30,-230.13,110,E
2024/11/02 21:09:21,20.31,2323,3288,46,-0.44,9.85,0.30,3,71.61,-326.77,-230.05,109,E
2024/11/02 21:09:21,20.31,2322,3288,46,-0.46,9.81,0.27,3,72.89,-326.47,-229.32,113,SE
2024/11/02 21:09:22,20.31,2323,3287,46,-0.46,9.83,0.31,3,71.79,-325.83,-230.21,109,E
2024/11/02 21:09:22,20.31,2322,3286,46,-0.45,9.81,0.30,3,71.91,-327.70,-230.15,110,E
2024/11/02 21:09:23,20.31,2322,3287,46,-0.39,9.86,0.28,2,71.62,-326.31,-230.40,108,E
2024/11/02 21:09:23,20.31,2321,3285,46,-0.43,9.82,0.28,3,71.62,-326.54,-230.23,110,E
2024/11/02 21:09:24,20.31,2321,3286,46,-0.43,9.85,0.26,2,73.05,-326.26,-230.22,112,E
2024/11/02 21:09:24,20.31,2321,3286,46,-0.43,9.82,0.33,3,72.26,-326.06,-230.40,106,E
2024/11/02 21:09:25,20.31,2321,3286,46,-0.35,9.85,0.31,2,71.14,-326.78,-230.14,102,E
2024/11/02 21:09:25,20.31,2321,3285,46,-0.44,9.85,0.33,3,71.93,-326.74,-229.69,107,E
2024/11/02 21:09:31,20.31,2338,3316,47,-0.46,9.79,0.30,3,71.63,-325.82,-229.94,110,E
2024/11/02 21:09:32,20.31,2333,3306,46,-0.44,9.87,0.32,3,72.42,-326.28,-230.31,107,E
2024/11/02 21:09:32,20.31,2330,3300,46,-0.41,9.85,0.31,3,72.59,-325.81,-230.31,106,E
2024/11/02 21:09:33,20.31,2328,3298,46,-0.45,9.86,0.26,3,71.62,-326.79,-230.68,113,SE
2024/11/02 21:09:33,20.31,2327,3295,46,-0.37,9.85,0.27,2,71.12,-327.50,-230.33,108,E
2024/11/02 21:09:34,20.31,2326,3293,46,-0.43,9.82,0.31,3,72.24,-327.20,-229.51,108,E
2024/11/02 21:09:34,20.31,2325,3291,46,-0.43,9.84,0.34,3,71.64,-325.35,-229.85,105,E
2024/11/02 21:09:35,20.31,2324,3291,46,-0.39,9.82,0.30,2,71.96,-325.59,-230.30,106,E
2024/11/02 21:09:35,20.31,2324,3290,46,-0.45,9.86,0.29,3,72.26,-326.27,-229.86,111,E
2024/11/02 21:09:36,20.31,2323,3288,46,-0.43,9.82,0.35,3,72.74,-326.27,-230.13,104,E
2024/11/02 21:09:36,20.31,2323,3288,46,-0.40,9.82,0.29,2,71.45,-327.01,-230.14,108,E
2024/11/02 21:09:37,20.31,2322,3288,46,-0.42,9.84,0.32,3,72.11,-325.80,-229.76,106,E
2024/11/02 21:09:37,20.31,2322,3286,46,-0.47,9.86,0.33,3,72.56,-326.97,-230.05,108,E
2024/11/02 21:09:38,20.31,2321,3286,46,-0.44,9.85,0.31,3,70.97,-327.03,-230.23,108,E
2024/11/02 21:09:38,20.31,2321,3285,46,-0.49,9.88,0.33,3,72.25,-326.52,-230.14,109,E
2024/11/02 21:09:39,20.31,2321,3286,46,-0.43,9.83,0.34,3,71.79,-326.05,-229.77,105,E
2024/11/02 21:09:39,20.31,2320,3285,46,-0.43,9.82,0.30,3,72.10,-326.29,-230.22,109,E
2024/11/02 21:09:40,20.31,2320,3284,46,-0.43,9.86,0.32,3,72.26,-326.03,-229.77,107,E
2024/11/02 21:09:40,20.31,2321,3285,46,-0.40,9.83,0.30,2,71.63,-325.81,-229.67,107,E
2024/11/02 21:09:41,20.31,2320,3284,46,-0.45,9.79,0.28,3,71.78,-326.54,-230.32,112,E
2024/11/02 21:09:47,20.38,2338,3313,46,-0.43,9.86,0.27,2,72.57,-326.74,-229.96,111,E
2024/11/02 21:09:47,20.38,2333,3304,46,-0.45,9.85,0.35,3,71.79,-326.06,-230.22,106,E
2024/11/02 21:09:48,20.38,2329,3300,46,-0.41,9.82,0.31,3,71.79,-325.82,-230.03,106,E
2024/11/02 21:09:48,20.38,2327,3297,46,-0.42,9.83,0.30,3,71.94,-326.28,-229.86,108,E
2024/11/02 21:09:49,20.38,2327,3294,46,-0.43,9.85,0.31,3,72.11,-325.82,-230.13,108,E
2024/11/02 21:09:49,20.38,2324,3292,46,-0.43,9.83,0.33,3,71.16,-325.60,-229.94,106,E
2024/11/02 21:09:50,20.38,2324,3291,46,-0.41,9.83,0.35,3,71.31,-326.08,-230.22,103,E
2024/11/02 21:09:50,20.31,2324,3289,46,-0.41,9.86,0.39,3,72.42,-326.04,-230.04,100,E
2024/11/02 21:09:51,20.31,2323,3289,46,-0.41,9.81,0.29,2,72.25,-326.75,-229.96,108,E
2024/11/02 21:09:51,20.31,2322,3287,46,-0.42,9.84,0.33,3,72.10,-326.05,-230.04,105,E
2024/11/02 21:09:51,20.31,2322,3287,46,-0.46,9.85,0.34,3,70.98,-326.56,-230.40,107,E
2024/11/02 21:09:52,20.31,2321,3287,46,-0.42,9.85,0.31,3,71.76,-327.23,-229.96,107,E
2024/11/02 21:09:52,20.31,2321,3286,46,-0.45,9.86,0.32,3,71.62,-326.30,-230.22,108,E
2024/11/02 21:09:53,20.31,2321,3285,46,-0.43,9.87,0.30,3,71.62,-326.53,-229.86,109,E
2024/11/02 21:09:53,20.31,2321,3285,46,-0.44,9.86,0.30,3,71.31,-326.05,-229.50,109,E
2024/11/02 21:09:54,20.38,2320,3284,46,-0.42,9.85,0.34,3,71.15,-325.83,-229.85,105,E
2024/11/02 21:09:54,20.38,2320,3284,46,-0.41,9.84,0.30,2,71.79,-325.81,-229.67,107,E
2024/11/02 21:09:55,20.38,2320,3283,46,-0.43,9.81,0.30,3,71.77,-326.77,-230.14,109,E
2024/11/02 21:09:55,20.38,2319,3284,46,-0.43,9.84,0.33,3,72.10,-326.03,-229.68,106,E
2024/11/02 21:09:56,20.38,2320,3283,46,-0.39,9.84,0.31,2,72.40,-327.24,-230.69,105,E
2024/11/02 21:10:02,20.38,2338,3314,46,-0.44,9.80,0.31,3,71.94,-326.27,-229.68,108,E
2024/11/02 21:10:02,20.38,2332,3304,46,-0.41,9.87,0.32,3,72.10,-326.30,-230.49,106,E
2024/11/02 21:10:03,20.38,2329,3300,46,-0.43,9.80,0.31,3,71.79,-326.06,-230.04,108,E
2024/11/02 21:10:03,20.38,2327,3296,46,-0.45,9.86,0.27,3,71.62,-326.29,-229.86,112,E
2024/11/02 21:10:04,20.38,2326,3293,46,-0.45,9.83,0.29,3,72.24,-326.98,-230.05,111,E
2024/11/02 21:10:04,20.38,2324,3290,46,-0.44,9.83,0.32,3,72.27,-325.56,-229.76,107,E
2024/11/02 21:10:05,20.38,2324,3290,46,-0.44,9.81,0.32,3,71.80,-325.58,-229.94,107,E
2024/11/02 21:10:05,20.31,2323,3289,46,-0.45,9.82,0.32,3,72.25,-326.99,-230.32,108,E
2024/11/02 21:10:06,20.31,2323,3286,46,-0.42,9.80,0.29,3,71.80,-325.59,-230.12,109,E
2024/11/02 21:10:06,20.31,2322,3286,46,-0.47,9.83,0.31,3,71.79,-325.82,-230.03,110,E
2024/11/02 21:10:07,20.31,2321,3287,46,-0.43,9.87,0.29,3,72.91,-325.32,-229.94,109,E
2024/11/02 21:10:07,20.31,2321,3285,46,-0.41,9.84,0.29,2,72.42,-326.54,-230.95,108,E
2024/11/02 21:10:08,20.31,2320,3284,46,-0.44,9.83,0.31,3,72.10,-326.28,-229.95,108,E
2024/11/02 21:10:08,20.31,2320,3284,46,-0.44,9.85,0.33,3,72.55,-327.45,-230.15,107,E
2024/11/02 21:10:09,20.31,2320,3283,46,-0.43,9.83,0.33,3,71.79,-326.06,-230.04,106,E
2024/11/02 21:10:09,20.38,2320,3284,46,-0.43,9.84,0.34,3,71.80,-325.12,-230.11,105,E
2024/11/02 21:10:10,20.38,2320,3283,46,-0.42,9.81,0.34,3,71.95,-325.84,-230.58,104,E
2024/11/02 21:10:10,20.38,2320,3282,46,-0.45,9.87,0.33,3,72.58,-326.26,-229.68,107,E
2024/11/02 21:10:11,20.38,2319,3282,46,-0.42,9.88,0.29,2,71.61,-327.00,-230.05,109,E
2024/11/02 21:10:11,20.38,2319,3283,46,-0.44,9.85,0.32,3,71.94,-326.28,-229.77,108,E
2024/11/02 21:10:17,20.38,2337,3313,46,-0.45,9.83,0.32,3,71.49,-324.90,-230.20,108,E
2024/11/02 21:10:18,20.38,2331,3302,46,-0.39,9.83,0.30,2,71.62,-326.31,-230.49,106,E
2024/11/02 21:10:18,20.38,2329,3297,46,-0.44,9.86,0.31,3,72.74,-326.05,-230.67,108,E
2024/11/02 21:10:19,20.38,2327,3294,46,-0.45,9.80,0.34,3,70.99,-326.07,-229.68,106,E
2024/11/02 21:10:19,20.38,2326,3292,46,-0.44,9.85,0.30,3,72.42,-326.27,-229.86,109,E
2024/11/02 21:10:20,20.38,2324,3290,46,-0.40,9.84,0.29,2,71.95,-325.58,-229.94,108,E
2024/11/02 21:10:20,20.38,2323,3290,46,-0.48,9.81,0.32,3,71.94,-326.52,-230.05,110,E
2024/11/02 21:10:21,20.38,2323,3288,46,-0.43,9.84,0.31,3,71.76,-327.24,-230.33,108,E
2024/11/02 21:10:21,20.38,2322,3287,46,-0.46,9.89,0.34,3,72.09,-326.76,-230.14,107,E
2024/11/02 21:10:22,20.38,2321,3286,46,-0.42,9.83,0.27,2,71.77,-326.75,-229.60,111,E
2024/11/02 21:10:22,20.38,2321,3285,46,-0.42,9.87,0.29,2,72.44,-325.11,-230.39,109,E
2024/11/02 21:10:23,20.38,2321,3284,46,-0.43,9.77,0.29,3,72.44,-325.10,-230.21,109,E
2024/11/02 21:10:23,20.38,2320,3284,46,-0.44,9.85,0.37,3,72.41,-326.50,-229.87,104,E
2024/11/02 21:10:24,20.38,2320,3284,46,-0.45,9.82,0.24,2,72.43,-325.57,-230.21,116,SE
2024/11/02 21:10:24,20.38,2320,3284,46,-0.46,9.84,0.32,3,72.57,-326.51,-230.14,109,E
2024/11/02 21:10:25,20.38,2320,3283,46,-0.44,9.85,0.27,3,73.06,-325.79,-230.13,112,E
2024/11/02 21:10:25,20.38,2319,3283,46,-0.43,9.84,0.28,3,72.73,-326.73,-230.05,110,E
2024/11/02 21:10:26,20.38,2320,3282,46,-0.41,9.83,0.32,3,71.60,-327.71,-230.24,106,E
2024/11/02 21:10:26,20.38,2319,3282,46,-0.44,9.82,0.30,3,71.96,-325.11,-230.02,109,E
2024/11/02 21:10:27,20.38,2320,3281,45,-0.46,9.83,0.30,3,72.74,-326.03,-230.04,110,E
2024/11/02 21:10:33,20.38,2336,3312,46,-0.40,9.85,0.30,2,71.63,-326.05,-229.86,107,E
2024/11/02 21:10:33,20.38,2331,3302,46,-0.41,9.86,0.32,3,71.48,-325.34,-229.58,106,E
2024/11/02 21:10:34,20.38,2327,3296,46,-0.45,9.85,0.30,3,72.10,-326.31,-230.76,110,E
2024/11/02 21:10:34,20.38,2326,3294,46,-0.47,9.86,0.30,3,71.79,-325.83,-230.12,111,E
2024/11/02 21:10:35,20.38,2325,3290,46,-0.40,9.84,0.34,3,72.26,-326.06,-230.40,103,E
2024/11/02 21:10:35,20.38,2323,3289,46,-0.45,9.83,0.31,3,72.56,-326.98,-230.32,109,E
2024/11/02 21:10:36,20.38,2323,3287,46,-0.44,9.82,0.28,3,70.97,-327.05,-230.68,111,E
2024/11/02 21:10:36,20.38,2322,3286,46,-0.37,9.84,0.32,2,72.25,-326.51,-229.87,103,E
2024/11/02 21:10:37,20.38,2321,3285,46,-0.49,9.82,0.30,3,72.09,-326.51,-229.96,112,E
2024/11/02 21:10:37,20.38,2321,3285,46,-0.44,9.85,0.29,3,71.93,-326.76,-230.23,110,E
2024/11/02 21:10:38,20.38,2320,3284,46,-0.42,9.84,0.33,3,72.76,-325.34,-230.48,105,E
2024/11/02 21:10:38,20.38,2320,3283,46,-0.42,9.85,0.26,2,72.73,-326.50,-230.05,112,E
2024/11/02 21:10:39,20.38,2319,3283,46,-0.44,9.86,0.18,2,71.32,-325.61,-230.39,122,SE
2024/11/02 21:10:39,20.38,2319,3283,46,-0.44,9.89,0.29,3,71.93,-326.76,-230.23,110,E
2024/11/02 21:10:40,20.38,2319,3282,46,-0.43,9.84,0.32,3,72.11,-325.82,-230.13,107,E
2024/11/02 21:10:40,20.38,2319,3281,46,-0.45,9.83,0.35,3,71.77,-326.77,-230.14,106,E
2024/11/02 21:10:41,20.38,2319,3280,45,-0.42,9.84,0.32,3,71.63,-325.82,-229.94,106,E
2024/11/02 21:10:41,20.38,2319,3280,45,-0.41,9.85,0.30,2,72.28,-325.34,-230.21,107,E
2024/11/02 21:10:42,20.38,2318,3280,46,-0.41,9.85,0.33,3,71.95,-325.82,-230.12,105,E
2024/11/02 21:10:42,20.38,2318,3279,45,-0.40,9.85,0.31,2,72.11,-325.81,-229.85,106,E
2024/11/02 21:10:48,20.38,2337,3311,46,-0.40,9.88,0.34,3,72.07,-327.71,-230.42,103,E
2024/11/02 21:10:49,20.38,2330,3301,46,-0.42,9.84,0.32,3,71.64,-325.35,-229.85,106,E
2024/11/02 21:10:49,20.38,2327,3295,46,-0.43,9.87,0.29,3,71.80,-325.60,-230.30,109,E
2024/11/02 21:10:50,20.38,2326,3292,46,-0.42,9.86,0.31,3,71.78,-326.27,-229.59,107,E
2024/11/02 21:10:50,20.38,2324,3290,46,-0.42,9.82,0.28,2,71.47,-325.82,-229.76,110,E
2024/11/02 21:10:51,20.38,2322,3287,46,-0.45,9.82,0.31,3,72.73,-326.74,-230.14,109,E
2024/11/02 21:10:51,20.38,2322,3286,46,-0.40,9.84,0.30,2,72.26,-326.05,-230.31,107,E
2024/11/02 21:10:52,20.38,2321,3285,46,-0.42,9.80,0.31,3,71.95,-326.05,-230.04,107,E
2024/11/02 21:10:52,20.38,2321,3284,46,-0.41,9.84,0.30,2,72.09,-326.51,-229.86,107,E
2024/11/02 21:10:53,20.38,2320,3283,46,-0.44,9.83,0.28,3,72.11,-325.82,-230.13,111,E
2024/11/02 21:10:53,20.38,2320,3283,46,-0.40,9.83,0.30,2,71.46,-326.30,-230.04,107,E
2024/11/02 21:10:54,20.38,2320,3282,46,-0.44,9.84,0.27,3,72.26,-326.03,-229.68,112,E
2024/11/02 21:10:54,20.38,2319,3282,46,-0.45,9.85,0.35,3,72.24,-327.45,-230.06,106,E
2024/11/02 21:10:55,20.38,2318,3281,46,-0.43,9.83,0.31,3,72.74,-325.79,-229.86,108,E
2024/11/02 21:10:55,20.38,2319,3281,46,-0.45,9.89,0.32,3,72.11,-325.82,-230.22,108,E
2024/11/02 21:10:56,20.38,2318,3280,46,-0.39,9.83,0.31,2,72.58,-326.28,-230.31,105,E
2024/11/02 21:10:56,20.38,2318,3280,46,-0.43,9.85,0.31,3,71.34,-324.41,-229.74,108,E
2024/11/02 21:10:57,20.38,2318,3280,46,-0.41,9.84,0.32,3,72.40,-326.98,-230.14,106,E
2024/11/02 21:10:57,20.38,2318,3279,45,-0.45,9.81,0.26,3,72.26,-326.04,-230.04,113,SE
2024/11/02 21:10:58,20.38,2317,3280,46,-0.43,9.84,0.33,3,72.40,-327.20,-229.70,106,E
2024/11/02 21:11:04,20.38,2335,3310,46,-0.46,9.81,0.28,3,72.13,-324.88,-230.20,112,E
2024/11/02 21:11:04,20.38,2330,3300,46,-0.45,9.83,0.32,3,71.79,-325.81,-229.85,108,E
2024/11/02 21:11:05,20.38,2327,3295,46,-0.42,9.85,0.33,3,71.46,-326.30,-230.04,105,E
2024/11/02 21:11:05,20.38,2325,3293,46,-0.40,9.80,0.33,3,71.30,-326.31,-230.13,104,E
2024/11/02 21:11:06,20.38,2323,3290,46,-0.47,9.80,0.34,3,72.11,-325.80,-229.76,108,E
2024/11/02 21:11:06,20.38,2322,3288,46,-0.39,9.79,0.27,2,71.30,-326.30,-229.95,109,E
2024/11/02 21:11:07,20.38,2321,3286,46,-0.47,9.83,0.29,3,71.62,-326.53,-229.95,112,E
2024/11/02 21:11:07,20.38,2320,3285,46,-0.43,9.84,0.34,3,71.62,-326.30,-230.13,105,E
2024/11/02 21:11:08,20.38,2320,3284,46,-0.43,9.80,0.29,3,72.90,-325.80,-230.22,109,E
2024/11/02 21:11:08,20.38,2320,3283,46,-0.43,9.84,0.29,3,71.95,-325.82,-230.03,109,E
2024/11/02 21:11:09,20.38,2320,3282,46,-0.40,9.82,0.30,2,72.43,-325.81,-230.22,107,E
2024/11/02 21:11:09,20.38,2319,3282,46,-0.45,9.83,0.28,3,72.27,-325.80,-229.85,112,E
2024/11/02 21:11:10,20.38,2319,3281,46,-0.44,9.87,0.33,3,72.09,-326.51,-229.96,107,E
2024/11/02 21:11:10,20.38,2318,3281,46,-0.50,9.86,0.32,3,72.11,-325.82,-230.22,111,E
2024/11/02 21:11:11,20.38,2318,3279,45,-0.43,9.83,0.29,3,72.56,-327.20,-229.70,110,E
2024/11/02 21:11:11,20.38,2318,3280,46,-0.41,9.85,0.28,2,72.11,-325.58,-230.12,109,E
2024/11/02 21:11:12,20.38,2318,3279,45,-0.44,9.81,0.31,3,71.45,-326.78,-230.23,108,E
2024/11/02 21:11:12,20.38,2317,3279,46,-0.43,9.83,0.31,3,72.09,-326.77,-230.59,108,E
2024/11/02 21:11:13,20.38,2317,3279,46,-0.41,9.81,0.30,2,72.42,-326.05,-230.22,107,E
2024/11/02 21:11:13,20.38,2317,3279,46,-0.44,9.84,0.32,3,70.82,-326.56,-230.13,108,E
2024/11/02 21:11:19,20.38,2335,3310,46,-0.41,9.82,0.31,3,71.30,-326.54,-230.13,106,E
2024/11/02 21:11:20,20.38,2330,3301,46,-0.46,9.85,0.32,3,71.95,-325.81,-229.85,109,E
2024/11/02 21:11:20,20.38,2327,3295,46,-0.43,9.84,0.29,3,71.65,-325.13,-230.38,109,E
2024/11/02 21:11:21,20.38,2325,3292,46,-0.49,9.86,0.33,3,73.07,-325.54,-229.85,109,E
2024/11/02 21:11:21,20.38,2323,3289,46,-0.45,9.85,0.34,3,71.30,-326.30,-229.86,106,E
2024/11/02 21:11:22,20.38,2322,3287,46,-0.41,9.82,0.26,2,71.80,-325.59,-230.03,111,E
2024/11/02 21:11:22,20.38,2321,3286,46,-0.44,9.83,0.30,3,72.28,-325.33,-229.94,109,E
2024/11/02 21:11:23,20.38,2321,3285,46,-0.44,9.83,0.29,3,71.46,-326.29,-229.68,110,E
2024/11/02 21:11:23,20.38,2320,3285,46,-0.47,9.83,0.30,3,71.80,-325.11,-229.84,111,E
2024/11/02 21:11:24,20.38,2319,3283,46,-0.45,9.86,0.27,3,72.56,-327.21,-229.97,113,SE
2024/11/02 21:11:24,20.38,2319,3282,46,-0.42,9.86,0.30,3,71.48,-325.36,-229.94,108,E
2024/11/02 21:11:25,20.38,2319,3282,46,-0.44,9.82,0.30,3,72.11,-325.81,-230.04,109,E
2024/11/02 21:11:25,20.38,2318,3281,46,-0.45,9.80,0.32,3,71.59,-327.94,-229.97,108,E
2024/11/02 21:11:26,20.38,2318,3280,46,-0.44,9.83,0.35,3,71.78,-326.28,-229.68,105,E
2024/11/02 21:11:26,20.38,2318,3281,46,-0.42,9.83,0.31,3,72.10,-326.27,-229.77,107,E
2024/11/02 21:11:27,20.38,2317,3279,46,-0.40,9.83,0.27,2,71.61,-327.26,-230.60,110,E
2024/11/02 21:11:27,20.38,2317,3280,46,-0.49,9.83,0.28,3,72.42,-326.03,-229.86,114,SE
2024/11/02 21:11:28,20.38,2318,3280,46,-0.48,9.86,0.32,3,72.75,-325.54,-229.58,110,E
2024/11/02 21:11:28,20.38,2318,3279,45,-0.43,9.85,0.34,3,72.24,-327.21,-229.69,105,E
2024/11/02 21:11:29,20.38,2318,3280,46,-0.41,9.81,0.28,2,72.12,-325.12,-230.39,109,E
2024/11/02 21:11:35,20.38,2334,3310,46,-0.41,9.84,0.29,2,71.64,-325.36,-230.03,108,E
2024/11/02 21:11:35,20.38,2329,3300,46,-0.42,9.83,0.29,2,72.27,-325.58,-230.21,109,E
2024/11/02 21:11:36,20.38,2326,3294,46,-0.43,9.84,0.32,3,72.41,-326.52,-230.23,107,E
2024/11/02 21:11:36,20.38,2325,3292,46,-0.40,9.83,0.34,3,71.95,-325.59,-230.12,103,E
2024/11/02 21:11:37,20.38,2323,3289,46,-0.43,9.86,0.31,3,71.60,-327.47,-229.88,108,E
2024/11/02 21:11:37,20.38,2321,3286,46,-0.45,9.88,0.31,3,71.76,-327.24,-230.33,109,E
2024/11/02 21:11:38,20.38,2321,3285,46,-0.45,9.85,0.39,3,71.78,-326.31,-230.40,103,E
2024/11/02 21:11:38,20.38,2321,3284,46,-0.40,9.89,0.34,3,71.46,-326.54,-230.22,103,E
2024/11/02 21:11:39,20.38,2319,3284,46,-0.38,9.87,0.34,2,72.25,-326.52,-230.23,102,E
2024/11/02 21:11:39,20.38,2319,3282,46,-0.44,9.83,0.32,3,71.47,-325.83,-230.12,107,E
2024/11/02 21:11:40,20.38,2319,3282,46,-0.43,9.86,0.34,3,71.16,-325.62,-230.30,105,E
2024/11/02 21:11:40,20.38,2319,3281,46,-0.40,9.85,0.27,2,71.63,-325.83,-230.21,109,E
2024/11/02 21:11:41,20.38,2318,3281,46,-0.44,9.85,0.33,3,71.31,-326.08,-230.22,107,E
2024/11/02 21:11:41,20.38,2318,3280,46,-0.42,9.81,0.30,3,72.27,-325.81,-230.04,108,E
2024/11/02 21:11:42,20.38,2318,3279,45,-0.40,9.84,0.30,2,71.30,-326.55,-230.31,107,E
2024/11/02 21:11:42,20.38,2317,3278,45,-0.44,9.85,0.36,3,72.58,-326.02,-229.77,104,E
2024/11/02 21:11:43,20.38,2317,3279,46,-0.39,9.85,0.26,2,71.15,-326.31,-230.04,110,E
2024/11/02 21:11:43,20.38,2317,3278,45,-0.45,9.83,0.26,3,70.69,-324.88,-229.21,113,SE
2024/11/02 21:11:44,20.38,2316,3278,46,-0.43,9.80,0.28,3,72.39,-327.68,-229.97,111,E
2024/11/02 21:11:44,20.38,2316,3277,45,-0.43,9.85,0.33,3,72.44,-325.10,-230.12,106,E
2024/11/02 21:11:50,20.44,2334,3309,46,-0.43,9.80,0.31,3,71.48,-325.59,-229.94,108,E
2024/11/02 21:11:51,20.44,2328,3299,46,-0.47,9.82,0.33,3,72.10,-326.06,-230.31,108,E
2024/11/02 21:11:51,20.44,2326,3294,46,-0.43,9.81,0.29,3,71.45,-326.76,-229.78,110,E
2024/11/02 21:11:52,20.44,2324,3290,46,-0.42,9.82,0.28,2,71.62,-326.30,-230.22,110,E
2024/11/02 21:11:52,20.44,2322,3288,46,-0.43,9.83,0.31,3,71.92,-327.23,-230.06,108,E
2024/11/02 21:11:53,20.44,2321,3286,46,-0.43,9.81,0.34,3,71.32,-325.60,-230.12,105,E
2024/11/02 21:11:53,20.44,2320,3285,46,-0.45,9.86,0.28,3,71.61,-326.76,-229.87,112,E
2024/11/02 21:11:54,20.38,2320,3283,46,-0.44,9.85,0.30,3,71.95,-325.57,-229.76,109,E
2024/11/02 21:11:54,20.38,2319,3283,46,-0.43,9.86,0.32,3,73.21,-326.50,-230.41,107,E
2024/11/02 21:11:55,20.38,2319,3282,46,-0.42,9.84,0.32,3,71.46,-326.53,-229.86,106,E
2024/11/02 21:11:55,20.38,2318,3281,46,-0.41,9.81,0.37,3,72.59,-325.57,-230.21,102,E
2024/11/02 21:11:56,20.38,2318,3281,46,-0.42,9.86,0.31,3,71.45,-326.76,-229.87,107,E
2024/11/02 21:11:56,20.38,2317,3279,46,-0.44,9.86,0.32,3,72.28,-325.34,-230.12,107,E
2024/11/02 21:11:57,20.38,2316,3279,46,-0.44,9.82,0.29,3,71.45,-326.78,-230.23,110,E
2024/11/02 21:11:57,20.38,2317,3278,45,-0.42,9.89,0.28,2,71.61,-326.77,-230.14,110,E
2024/11/02 21:11:58,20.38,2317,3279,46,-0.38,9.80,0.35,3,71.94,-326.52,-230.05,101,E
2024/11/02 21:11:58,20.38,2316,3279,46,-0.41,9.84,0.34,3,71.63,-326.06,-230.13,104,E
2024/11/02 21:11:59,20.38,2316,3278,46,-0.44,9.81,0.29,3,72.26,-326.05,-230.13,110,E
2024/11/02 21:11:59,20.38,2316,3277,45,-0.37,9.83,0.32,2,71.92,-327.23,-230.06,103,E
2024/11/02 21:12:00,20.38,2316,3277,45,-0.43,9.82,0.28,3,71.14,-326.30,-229.86,110,E
2024/11/02 21:12:06,20.38,2333,3309,46,-0.39,9.84,0.32,2,72.57,-326.49,-229.69,104,E
2024/11/02 21:12:06,20.38,2328,3299,46,-0.45,9.82,0.35,3,71.95,-326.06,-230.31,106,E
2024/11/02 21:12:07,20.38,2325,3293,46,-0.44,9.85,0.32,3,71.32,-325.61,-230.21,107,E
2024/11/02 21:12:07,20.38,2323,3290,46,-0.40,9.85,0.35,3,71.94,-326.30,-230.31,102,E
2024/11/02 21:12:08,20.38,2322,3288,46,-0.42,9.84,0.34,3,71.48,-325.60,-230.21,105,E
2024/11/02 21:12:08,20.38,2320,3285,46,-0.43,9.86,0.34,3,71.63,-326.07,-230.31,105,E
2024/11/02 21:12:09,20.38,2320,3284,46,-0.45,9.88,0.31,3,71.76,-327.25,-230.51,109,E
2024/11/02 21:12:09,20.38,2319,3283,46,-0.48,9.82,0.32,3,71.47,-325.81,-229.58,110,E
2024/11/02 21:12:10,20.38,2319,3283,46,-0.41,9.78,0.28,2,72.44,-325.35,-230.57,109,E
2024/11/02 21:12:10,20.38,2319,3282,46,-0.41,9.86,0.38,3,71.63,-326.06,-230.04,101,E
2024/11/02 21:12:11,20.38,2318,3280,46,-0.43,9.85,0.29,3,72.72,-326.97,-230.05,110,E
2024/11/02 21:12:11,20.38,2318,3279,45,-0.43,9.85,0.27,2,72.90,-326.00,-229.50,111,E
2024/11/02 21:12:12,20.38,2317,3279,46,-0.46,9.83,0.27,3,72.08,-327.46,-230.06,113,SE
2024/11/02 21:12:12,20.38,2316,3278,46,-0.45,9.82,0.29,3,73.24,-325.08,-230.30,111,E
2024/11/02 21:12:13,20.38,2317,3278,45,-0.43,9.85,0.33,3,72.42,-326.28,-230.13,106,E
2024/11/02 21:12:13,20.38,2317,3279,46,-0.41,9.85,0.31,3,71.79,-326.05,-229.86,106,E
2024/11/02 21:12:14,20.38,2317,3278,45,-0.42,9.83,0.32,3,71.80,-325.35,-230.03,106,E
2024/11/02 21:12:14,20.38,2316,3277,45,-0.45,9.81,0.32,3,71.78,-326.52,-229.77,108,E
2024/11/02 21:12:15,20.38,2316,3277,45,-0.40,9.82,0.35,3,71.78,-326.27,-229.59,103,E
2024/11/02 21:12:15,20.38,2316,3276,45,-0.46,9.89,0.31,3,72.09,-327.00,-230.23,110,E
2024/11/02 21:12:21,20.44,2332,3307,46,-0.44,9.82,0.30,3,72.25,-326.76,-230.32,109,E
2024/11/02 21:12:22,20.44,2328,3297,46,-0.44,9.82,0.28,3,72.45,-324.87,-230.11,111,E
2024/11/02 21:12:22,20.44,2324,3292,46,-0.37,9.79,0.28,2,71.15,-326.09,-230.31,106,E
2024/11/02 21:12:23,20.44,2323,3288,46,-0.44,9.81,0.32,3,71.95,-326.06,-230.22,107,E
2024/11/02 21:12:23,20.44,2321,3286,46,-0.41,9.84,0.33,3,72.27,-325.79,-229.67,105,E
2024/11/02 21:12:24,20.44,2321,3283,46,-0.42,9.84,0.37,3,71.00,-325.61,-230.03,102,E
2024/11/02 21:12:24,20.44,2319,3282,46,-0.42,9.85,0.32,3,71.61,-326.78,-230.32,106,E
2024/11/02 21:12:25,20.44,2318,3282,46,-0.43,9.83,0.33,3,71.63,-325.83,-230.21,106,E
2024/11/02 21:12:25,20.44,2318,3281,46,-0.45,9.86,0.31,3,70.84,-325.61,-229.94,109,E
2024/11/02 21:12:26,20.44,2318,3281,46,-0.44,9.82,0.34,3,72.40,-327.21,-229.88,106,E
2024/11/02 21:12:26,20.44,2318,3280,46,-0.44,9.82,0.31,3,71.95,-325.57,-229.67,108,E
2024/11/02 21:12:27,20.44,2317,3280,46,-0.41,9.82,0.25,2,72.09,-326.52,-230.05,112,E
2024/11/02 21:12:27,20.44,2316,3279,46,-0.44,9.83,0.27,3,71.93,-327.00,-230.14,112,E
2024/11/02 21:12:28,20.44,2316,3278,46,-0.44,9.83,0.30,3,71.13,-327.03,-230.41,109,E
2024/11/02 21:12:28,20.44,2316,3278,46,-0.42,9.83,0.30,3,71.29,-327.02,-230.23,108,E
2024/11/02 21:12:29,20.44,2316,3278,46,-0.43,9.84,0.30,3,72.44,-325.34,-230.21,108,E
2024/11/02 21:12:29,20.44,2316,3277,45,-0.44,9.83,0.36,3,72.43,-325.80,-229.85,104,E
2024/11/02 21:12:30,20.44,2316,3277,45,-0.40,9.87,0.30,2,71.60,-327.23,-229.87,107,E
2024/11/02 21:12:30,20.44,2315,3277,46,-0.41,9.80,0.31,3,72.29,-324.88,-230.38,106,E
2024/11/02 21:12:31,20.44,2316,3276,45,-0.44,9.84,0.30,3,71.31,-326.05,-229.50,109,E
2024/11/02 21:12:37,20.44,2333,3307,46,-0.39,9.84,0.31,2,71.45,-327.00,-229.87,105,E
2024/11/02 21:12:37,20.44,2327,3297,46,-0.44,9.82,0.30,3,71.92,-327.22,-229.78,109,E
2024/11/02 21:12:38,20.44,2324,3291,46,-0.39,9.82,0.28,2,71.45,-327.25,-230.14,108,E
2024/11/02 21:12:38,20.44,2323,3288,46,-0.46,9.86,0.29,3,70.97,-327.02,-230.14,111,E
2024/11/02 21:12:39,20.44,2321,3286,46,-0.41,9.88,0.33,3,72.41,-326.51,-230.05,105,E
2024/11/02 21:12:39,20.44,2320,3284,46,-0.42,9.84,0.32,3,71.94,-326.54,-230.50,106,E
2024/11/02 21:12:40,20.44,2320,3284,46,-0.47,9.84,0.30,3,71.95,-325.83,-230.31,111,E
2024/11/02 21:12:40,20.44,2318,3282,46,-0.42,9.88,0.31,3,72.58,-326.01,-229.41,107,E
2024/11/02 21:12:41,20.44,2318,3281,46,-0.46,9.82,0.28,3,71.45,-326.78,-230.14,112,E
2024/11/02 21:12:41,20.44,2317,3280,46,-0.41,9.85,0.39,3,72.58,-326.05,-230.40,100,E
2024/11/02 21:12:42,20.44,2317,3280,46,-0.42,9.82,0.32,3,71.14,-326.78,-229.96,106,E
2024/11/02 21:12:42,20.44,2317,3279,46,-0.44,9.85,0.32,3,71.79,-326.07,-230.31,107,E
2024/11/02 21:12:43,20.44,2316,3279,46,-0.43,9.83,0.31,3,71.61,-326.77,-230.14,108,E
2024/11/02 21:12:43,20.44,2316,3278,46,-0.43,9.80,0.28,3,71.79,-325.57,-229.58,110,E
2024/11/02 21:12:44,20.44,2316,3278,46,-0.44,9.86,0.44,3,71.15,-326.09,-230.40,99,E
2024/11/02 21:12:44,20.44,2315,3277,46,-0.44,9.88,0.32,3,72.41,-326.51,-230.14,107,E
2024/11/02 21:12:45,20.44,2316,3277,45,-0.48,9.82,0.30,3,72.56,-326.97,-229.87,111,E
2024/11/02 21:12:45,20.44,2316,3276,45,-0.45,9.83,0.25,3,71.94,-326.04,-229.77,114,SE
2024/11/02 21:12:46,20.44,2315,3276,46,-0.41,9.83,0.32,3,71.77,-326.98,-229.69,106,E
2024/11/02 21:12:46,20.44,2314,3275,46,-0.44,9.84,0.31,3,72.28,-325.09,-229.75,108,E
2024/11/02 21:12:52,20.44,2332,3307,46,-0.46,9.84,0.30,3,72.09,-326.51,-229.96,110,E
2024/11/02 21:12:53,20.44,2327,3297,46,-0.41,9.80,0.32,3,72.11,-325.82,-230.13,106,E
2024/11/02 21:12:53,20.44,2324,3292,46,-0.42,9.78,0.30,3,72.27,-325.58,-230.30,108,E
2024/11/02 21:12:54,20.44,2322,3288,46,-0.49,9.83,0.32,3,72.23,-327.93,-230.16,110,E
2024/11/02 21:12:54,20.44,2320,3285,46,-0.42,9.83,0.33,3,71.95,-325.81,-229.94,105,E
2024/11/02 21:12:55,20.44,2319,3283,46,-0.42,9.80,0.34,3,72.11,-325.83,-230.40,105,E
2024/11/02 21:12:55,20.44,2319,3283,46,-0.43,9.82,0.35,3,72.08,-327.47,-230.24,105,E
2024/11/02 21:12:56,20.44,2318,3282,46,-0.38,9.83,0.34,2,71.95,-325.80,-229.58,102,E
2024/11/02 21:12:56,20.44,2317,3280,46,-0.43,9.85,0.31,3,71.15,-326.08,-230.22,108,E
2024/11/02 21:12:57,20.44,2316,3280,46,-0.41,9.83,0.27,2,72.57,-326.50,-229.96,110,E
2024/11/02 21:12:57,20.44,2316,3279,46,-0.46,9.81,0.33,3,72.87,-327.68,-230.24,108,E
2024/11/02 21:12:58,20.44,2316,3279,46,-0.43,9.81,0.39,3,72.10,-326.04,-229.77,101,E
2024/11/02 21:12:58,20.44,2315,3277,46,-0.41,9.88,0.28,2,71.31,-326.07,-230.04,109,E
2024/11/02 21:12:59,20.44,2315,3277,46,-0.43,9.82,0.29,3,72.10,-326.05,-230.22,109,E
2024/11/02 21:12:59,20.44,2316,3278,46,-0.41,9.84,0.35,3,71.30,-326.31,-230.04,103,E
2024/11/02 21:13:00,20.44,2315,3277,46,-0.43,9.84,0.30,3,72.12,-325.37,-230.66,108,E
2024/11/02 21:13:00,20.44,2315,3276,46,-0.41,9.86,0.34,3,71.15,-326.32,-230.40,104,E
2024/11/02 21:13:01,20.44,2314,3276,46,-0.43,9.87,0.32,3,72.10,-326.27,-229.77,107,E
2024/11/02 21:13:01,20.44,2314,3275,46,-0.44,9.86,0.33,3,71.64,-325.11,-229.66,107,E
2024/11/02 21:13:02,20.44,2314,3275,46,-0.42,9.81,0.27,2,70.98,-326.54,-229.86,111,E
2024/11/02 21:13:08,20.44,2332,3306,46,-0.43,9.82,0.31,3,71.96,-325.59,-230.30,108,E
2024/11/02 21:13:08,20.44,2327,3297,46,-0.42,9.82,0.30,3,71.61,-326.75,-229.60,108,E
2024/11/02 21:13:09,20.44,2323,3291,46,-0.40,9.85,0.32,3,71.63,-325.83,-230.03,105,E
2024/11/02 21:13:09,20.44,2321,3287,46,-0.44,9.84,0.32,3,71.95,-325.80,-229.67,107,E
2024/11/02 21:13:10,20.44,2320,3285,46,-0.47,9.82,0.32,3,72.75,-325.56,-230.03,109,E
2024/11/02 21:13:10,20.44,2319,3283,46,-0.48,9.82,0.27,3,72.76,-325.11,-230.66,114,SE
2024/11/02 21:13:11,20.44,2319,3282,46,-0.43,9.83,0.30,3,71.93,-326.77,-230.32,109,E
2024/11/02 21:13:11,20.44,2318,3280,46,-0.46,9.82,0.33,3,72.10,-326.05,-230.04,108,E
2024/11/02 21:13:12,20.44,2317,3279,46,-0.43,9.81,0.27,2,72.75,-325.56,-229.94,111,E
2024/11/02 21:13:12,20.44,2316,3279,46,-0.44,9.82,0.29,3,72.74,-326.03,-229.95,110,E
2024/11/02 21:13:13,20.44,2317,3278,45,-0.42,9.84,0.34,3,71.79,-325.83,-230.31,105,E
2024/11/02 21:13:13,20.44,2316,3277,45,-0.42,9.84,0.35,3,72.11,-326.07,-230.58,104,E
2024/11/02 21:13:14,20.44,2315,3277,46,-0.46,9.84,0.27,3,72.60,-325.10,-230.30,113,SE
2024/11/02 21:13:14,20.44,2315,3276,46,-0.42,9.83,0.29,2,72.43,-325.79,-229.76,109,E
2024/11/02 21:13:15,20.44,2315,3276,46,-0.44,9.83,0.28,3,72.24,-327.46,-230.33,111,E
2024/11/02 21:13:15,20.44,2315,3276,46,-0.44,9.86,0.31,3,71.15,-326.32,-230.31,108,E
2024/11/02 21:13:16,20.44,2315,3275,45,-0.42,9.85,0.33,3,72.11,-325.59,-230.30,105,E
2024/11/02 21:13:16,20.44,2315,3275,45,-0.45,9.82,0.40,3,72.09,-326.76,-230.32,102,E
2024/11/02 21:13:16,20.44,2315,3275,45,-0.42,9.83,0.34,3,72.43,-325.82,-230.40,105,E
2024/11/02 21:13:17,20.44,2314,3275,46,-0.45,9.84,0.28,3,72.10,-326.52,-230.14,112,E
2024/11/02 21:13:23,20.44,2332,3306,46,-0.49,9.82,0.29,3,71.79,-326.05,-229.95,113,SE
2024/11/02 21:13:23,20.44,2327,3296,46,-0.39,9.83,0.32,2,72.12,-325.35,-230.12,104,E
2024/11/02 21:13:24,20.44,2324,3291,46,-0.43,9.83,0.37,3,72.24,-326.97,-229.78,103,E
2024/11/02 21:13:24,20.44,2322,3287,46,-0.43,9.85,0.34,3,71.79,-325.83,-230.31,105,E
2024/11/02 21:13:25,20.44,2320,3284,46,-0.42,9.85,0.29,2,71.95,-325.59,-230.12,109,E
2024/11/02 21:13:26,20.44,2319,3282,46,-0.42,9.80,0.25,2,71.62,-326.30,-230.04,114,SE
2024/11/02 21:13:26,20.44,2318,3281,46,-0.44,9.84,0.32,3,71.79,-325.57,-229.58,107,E
2024/11/02 21:13:27,20.44,2318,3280,46,-0.44,9.81,0.34,3,71.31,-326.06,-229.68,106,E
2024/11/02 21:13:27,20.44,2317,3279,46,-0.45,9.79,0.31,3,71.94,-326.05,-229.95,109,E
2024/11/02 21:13:28,20.44,2317,3278,45,-0.43,9.84,0.31,3,71.95,-325.81,-229.85,108,E
2024/11/02 21:13:28,20.44,2316,3278,46,-0.46,9.80,0.28,3,71.29,-327.02,-230.14,112,E
2024/11/02 21:13:29,20.44,2316,3277,45,-0.40,9.84,0.29,2,71.78,-326.52,-229.86,108,E
2024/11/02 21:13:29,20.44,2316,3277,45,-0.40,9.87,0.29,2,71.32,-325.61,-230.21,108,E
2024/11/02 21:13:30,20.44,2315,3277,46,-0.45,9.78,0.29,3,71.95,-325.57,-229.76,111,E
2024/11/02 21:13:30,20.44,2315,3277,46,-0.44,9.85,0.36,3,72.27,-325.81,-230.13,104,E
2024/11/02 21:13:31,20.44,2315,3276,46,-0.40,9.84,0.31,2,71.76,-327.22,-229.69,106,E
2024/11/02 21:13:31,20.44,2315,3276,46,-0.44,9.87,0.33,3,71.93,-326.76,-230.14,107,E
2024/11/02 21:13:32,20.44,2314,3276,46,-0.40,9.83,0.26,2,71.64,-325.59,-229.94,110,E
2024/11/02 21:13:32,20.44,2315,3275,45,-0.41,9.81,0.32,3,71.74,-328.42,-230.25,106,E
2024/11/02 21:13:33,20.44,2314,3274,45,-0.42,9.85,0.32,3,71.60,-327.24,-230.15,106,E
2024/11/02 21:13:38,20.44,2332,3305,46,-0.45,9.85,0.30,3,72.41,-326.49,-229.59,110,E
2024/11/02 21:13:39,20.44,2326,3295,46,-0.44,9.84,0.34,3,72.26,-326.28,-230.13,106,E
2024/11/02 21:13:39,20.44,2324,3290,46,-0.42,9.79,0.32,3,72.58,-326.02,-229.77,106,E
2024/11/02 21:13:40,20.44,2321,3287,46,-0.45,9.84,0.31,3,72.76,-325.09,-230.12,109,E
2024/11/02 21:13:40,20.44,2320,3284,46,-0.44,9.86,0.29,3,72.09,-326.76,-230.32,110,E
2024/11/02 21:13:41,20.44,2319,3282,46,-0.44,9.85,0.30,3,71.91,-327.92,-229.70,109,E
2024/11/02 21:13:41,20.44,2318,3282,46,-0.45,9.86,0.33,3,71.31,-325.83,-229.76,107,E
2024/11/02 21:13:42,20.44,2317,3280,46,-0.42,9.87,0.34,3,71.97,-324.88,-230.11,104,E
2024/11/02 21:13:42,20.44,2317,3279,46,-0.42,9.85,0.31,3,71.31,-326.07,-230.04,107,E
2024/11/02 21:13:43,20.44,2316,3279,46,-0.44,9.86,0.30,3,71.94,-326.28,-229.77,109,E
2024/11/02 21:13:43,20.44,2316,3278,46,-0.45,9.83,0.31,3,70.99,-326.07,-229.68,109,E
2024/11/02 21:13:44,20.44,2315,3277,46,-0.41,9.85,0.37,3,71.96,-325.11,-230.11,101,E
2024/11/02 21:13:44,20.44,2315,3277,46,-0.39,9.83,0.32,2,71.95,-325.57,-229.76,104,E
2024/11/02 21:13:45,20.44,2314,3276,46,-0.45,9.82,0.28,3,72.42,-326.27,-229.95,112,E
2024/11/02 21:13:45,20.44,2314,3275,46,-0.39,9.88,0.32,2,71.77,-327.00,-230.05,104,E
2024/11/02 21:13:46,20.44,2314,3274,45,-0.41,9.86,0.32,3,72.09,-326.51,-229.77,106,E
2024/11/02 21:13:46,20.44,2314,3274,45,-0.47,9.82,0.30,3,71.94,-326.02,-229.14,111,E
2024/11/02 21:13:47,20.44,2314,3275,46,-0.45,9.81,0.31,3,72.07,-327.69,-229.88,109,E
2024/11/02 21:13:47,20.44,2313,3274,46,-0.43,9.85,0.30,3,71.77,-326.78,-230.50,109,E
2024/11/02 21:13:48,20.44,2314,3274,45,-0.46,9.82,0.28,3,71.79,-326.05,-229.95,112,E
2024/11/02 21:13:54,20.44,2331,3304,46,-0.46,9.85,0.28,3,72.25,-326.74,-229.87,112,E
2024/11/02 21:13:54,20.44,2326,3295,46,-0.44,9.85,0.29,3,71.32,-325.60,-230.03,110,E
2024/11/02 21:13:55,20.44,2323,3289,46,-0.46,9.84,0.28,3,73.07,-325.55,-229.94,112,E
2024/11/02 21:13:55,20.44,2320,3286,46,-0.44,9.82,0.29,3,71.63,-325.84,-230.30,110,E
2024/11/02 21:13:56,20.44,2319,3284,46,-0.43,9.86,0.34,3,70.65,-327.02,-229.87,105,E
2024/11/02 21:13:56,20.44,2318,3282,46,-0.44,9.86,0.29,3,71.61,-326.77,-230.05,110,E
2024/11/02 21:13:57,20.44,2317,3280,46,-0.45,9.87,0.30,3,71.76,-327.24,-230.15,110,E
2024/11/02 21:13:57,20.44,2317,3279,46,-0.41,9.85,0.27,2,71.29,-326.77,-229.78,110,E
2024/11/02 21:13:58,20.44,2316,3279,46,-0.42,9.82,0.33,3,72.24,-327.46,-230.15,105,E
2024/11/02 21:13:58,20.44,2316,3277,45,-0.50,9.83,0.33,3,71.92,-326.98,-229.60,110,E
2024/11/02 21:13:59,20.44,2315,3276,46,-0.47,9.83,0.28,3,71.78,-326.53,-230.04,113,SE
2024/11/02 21:13:59,20.44,2315,3276,46,-0.42,9.80,0.25,2,71.33,-325.13,-229.93,113,SE
2024/11/02 21:14:00,20.44,2315,3275,45,-0.45,9.87,0.29,3,70.99,-326.07,-229.77,111,E
2024/11/02 21:14:00,20.44,2314,3275,46,-0.42,9.86,0.28,2,71.95,-325.82,-230.03,110,E
2024/11/02 21:14:01,20.44,2314,3275,46,-0.47,9.86,0.29,3,71.94,-326.05,-229.86,112,E
2024/11/02 21:14:01,20.44,2314,3274,45,-0.38,9.81,0.29,2,71.61,-326.77,-230.23,106,E
2024/11/02 21:14:02,20.44,2314,3274,45,-0.46,9.85,0.40,3,72.26,-326.05,-230.22,103,E
2024/11/02 21:14:02,20.44,2314,3274,45,-0.44,9.83,0.27,3,71.76,-327.47,-230.15,112,E
2024/11/02 21:14:03,20.44,2313,3274,46,-0.46,9.80,0.33,3,71.46,-326.52,-229.68,108,E
2024/11/02 21:14:03,20.44,2313,3273,45,-0.41,9.81,0.31,3,72.75,-325.81,-230.49,106,E
2024/11/02 21:14:09,20.44,2331,3305,46,-0.42,9.82,0.30,3,73.06,-326.00,-229.50,108,E
2024/11/02 21:14:10,20.44,2325,3295,46,-0.46,9.81,0.29,3,72.26,-326.06,-230.40,111,E
2024/11/02 21:14:10,20.44,2322,3289,46,-0.42,9.81,0.28,2,72.41,-326.52,-230.41,110,E
2024/11/02 21:14:11,20.44,2320,3284,46,-0.46,9.84,0.31,3,72.23,-327.44,-229.70,110,E
2024/11/02 21:14:11,20.44,2319,3283,46,-0.45,9.82,0.34,3,72.09,-326.51,-229.86,106,E
2024/11/02 21:14:12,20.44,2318,3281,46,-0.45,9.82,0.29,3,71.30,-326.55,-230.41,111,E
2024/11/02 21:14:12,20.44,2318,3280,46,-0.42,9.84,0.29,2,72.56,-327.21,-229.97,109,E
2024/11/02 21:14:13,20.44,2316,3278,46,-0.47,9.84,0.30,3,71.78,-326.51,-229.68,111,E
2024/11/02 21:14:13,20.44,2316,3278,46,-0.47,9.83,0.30,3,72.42,-326.05,-230.22,111,E
2024/11/02 21:14:14,20.44,2316,3277,45,-0.40,9.81,0.30,2,72.08,-327.23,-230.24,107,E
2024/11/02 21:14:14,20.44,2315,3276,46,-0.45,9.83,0.34,3,71.46,-326.54,-230.04,106,E
2024/11/02 21:14:15,20.44,2315,3275,45,-0.44,9.87,0.29,3,72.11,-325.57,-229.85,110,E
2024/11/02 21:14:15,20.44,2315,3275,45,-0.45,9.86,0.29,3,71.64,-325.59,-230.12,111,E
2024/11/02 21:14:16,20.44,2314,3274,45,-0.42,9.85,0.31,3,72.75,-325.81,-230.49,107,E
2024/11/02 21:14:16,20.44,2314,3275,46,-0.42,9.79,0.29,3,71.96,-325.35,-230.12,109,E
2024/11/02 21:14:17,20.44,2314,3273,45,-0.41,9.85,0.32,3,72.58,-326.03,-229.95,106,E
2024/11/02 21:14:17,20.44,2314,3273,45,-0.40,9.80,0.28,2,72.41,-326.51,-229.96,109,E
2024/11/02 21:14:18,20.44,2313,3273,45,-0.42,9.83,0.30,3,71.15,-326.31,-230.04,108,E
2024/11/02 21:14:18,20.44,2313,3273,45,-0.38,9.83,0.34,2,71.60,-327.48,-230.15,102,E
2024/11/02 21:14:19,20.44,2313,3273,45,-0.50,9.80,0.33,3,71.94,-326.28,-229.95,110,E
2024/11/02 21:14:25,20.50,2330,3303,46,-0.50,9.84,0.30,3,71.93,-326.99,-230.05,112,E
2024/11/02 21:14:25,20.50,2326,3294,46,-0.43,9.80,0.27,2,71.62,-326.29,-229.95,111,E
2024/11/02 21:14:26,20.50,2322,3289,46,-0.44,9.85,0.27,3,71.61,-327.00,-229.96,112,E
2024/11/02 21:14:26,20.50,2320,3286,46,-0.37,9.84,0.32,2,71.77,-327.00,-230.23,103,E
2024/11/02 21:14:27,20.50,2319,3284,46,-0.42,9.86,0.33,3,72.10,-326.28,-229.95,105,E
2024/11/02 21:14:27,20.50,2318,3281,46,-0.43,9.83,0.36,3,72.25,-326.76,-230.41,104,E
2024/11/02 21:14:28,20.50,2317,3280,46,-0.41,9.82,0.30,2,72.27,-325.59,-230.39,107,E
2024/11/02 21:14:28,20.44,2317,3279,46,-0.44,9.83,0.32,3,71.30,-326.53,-229.68,108,E
2024/11/02 21:14:29,20.44,2315,3277,46,-0.42,9.82,0.34,3,71.80,-325.34,-229.76,105,E
2024/11/02 21:14:29,20.44,2315,3277,46,-0.47,9.86,0.30,3,71.96,-325.11,-230.02,111,E
2024/11/02 21:14:30,20.44,2315,3277,46,-0.44,9.84,0.28,3,72.44,-324.85,-229.57,111,E
2024/11/02 21:14:30,20.44,2315,3275,45,-0.40,9.81,0.32,3,71.80,-325.59,-230.12,105,E
2024/11/02 21:14:31,20.44,2313,3275,46,-0.43,9.82,0.27,2,72.28,-325.35,-230.48,111,E
2024/11/02 21:14:31,20.44,2314,3275,46,-0.42,9.82,0.33,3,72.10,-326.27,-229.77,105,E
2024/11/02 21:14:32,20.44,2314,3275,46,-0.45,9.84,0.32,3,71.32,-325.59,-229.85,108,E
2024/11/02 21:14:32,20.44,2314,3274,45,-0.41,9.86,0.31,3,71.62,-326.54,-230.23,106,E
2024/11/02 21:14:33,20.44,2313,3274,46,-0.45,9.85,0.30,3,71.17,-325.13,-229.84,110,E
2024/11/02 21:14:33,20.44,2313,3274,46,-0.40,9.86,0.33,3,72.25,-326.50,-229.77,104,E
2024/11/02 21:14:34,20.44,2313,3273,45,-0.42,9.83,0.33,3,71.94,-326.27,-229.59,105,E
2024/11/02 21:14:34,20.44,2313,3273,45,-0.42,9.84,0.27,2,72.11,-325.82,-230.31,111,E
2024/11/02 21:14:40,20.50,2330,3303,46,-0.44,9.84,0.31,3,72.11,-325.78,-229.31,108,E
2024/11/02 21:14:41,20.50,2325,3293,46,-0.42,9.85,0.27,2,72.76,-325.08,-229.85,111,E
2024/11/02 21:14:41,20.50,2322,3288,46,-0.40,9.85,0.30,2,72.27,-325.57,-229.85,107,E
2024/11/02 21:14:42,20.50,2320,3285,46,-0.43,9.85,0.31,3,71.29,-326.77,-229.96,108,E
2024/11/02 21:14:42,20.50,2319,3282,46,-0.45,9.84,0.31,3,71.77,-326.77,-230.23,109,E
2024/11/02 21:14:43,20.50,2317,3280,46,-0.43,9.82,0.30,3,71.65,-325.13,-230.20,108,E
2024/11/02 21:14:43,20.50,2316,3279,46,-0.42,9.88,0.30,3,72.10,-326.52,-230.23,108,E
2024/11/02 21:14:44,20.44,2315,3277,46,-0.43,9.86,0.31,3,71.61,-326.76,-229.78,108,E
2024/11/02 21:14:44,20.44,2315,3277,46,-0.45,9.88,0.31,3,72.25,-326.74,-229.87,109,E
2024/11/02 21:14:45,20.44,2314,3275,46,-0.44,9.86,0.31,3,72.25,-326.51,-229.96,108,E
2024/11/02 21:14:45,20.44,2314,3275,46,-0.48,9.85,0.33,3,71.92,-327.22,-229.87,109,E
2024/11/02 21:14:46,20.44,2314,3275,46,-0.43,9.83,0.32,3,72.25,-326.53,-230.41,107,E
2024/11/02 21:14:46,20.44,2313,3273,45,-0.43,9.82,0.35,3,72.44,-325.10,-230.21,104,E
2024/11/02 21:14:47,20.44,2313,3273,45,-0.43,9.84,0.33,3,72.74,-326.28,-230.58,106,E
2024/11/02 21:14:47,20.44,2313,3273,45,-0.42,9.83,0.34,3,71.63,-325.83,-230.03,105,E
2024/11/02 21:14:48,20.44,2314,3274,45,-0.42,9.88,0.32,3,71.31,-326.05,-229.40,106,E
2024/11/02 21:14:48,20.44,2313,3273,45,-0.42,9.82,0.29,2,71.64,-325.58,-229.76,109,E
2024/11/02 21:14:49,20.44,2312,3272,45,-0.45,9.79,0.30,3,71.17,-324.90,-230.11,110,E
2024/11/02 21:14:49,20.44,2313,3272,45,-0.45,9.86,0.33,3,72.59,-325.57,-230.21,107,E
2024/11/02 21:14:50,20.44,2312,3271,45,-0.40,9.85,0.31,2,71.94,-326.52,-230.05,106,E
2024/11/02 21:14:56,20.50,2330,3303,46,-0.39,9.83,0.31,2,72.11,-325.57,-229.94,105,E
2024/11/02 21:14:56,20.50,2325,3293,46,-0.40,9.85,0.33,3,70.98,-326.54,-229.77,104,E
2024/11/02 21:14:57,20.50,2322,3287,46,-0.38,9.85,0.34,2,72.73,-326.73,-229.96,102,E
2024/11/02 21:14:57,20.50,2320,3284,46,-0.46,9.79,0.35,3,71.64,-325.36,-230.12,106,E
2024/11/02 21:14:58,20.50,2318,3282,46,-0.44,9.85,0.29,3,72.26,-326.03,-229.68,110,E
2024/11/02 21:14:58,20.50,2317,3279,46,-0.41,9.78,0.39,3,71.28,-327.50,-230.42,100,E
2024/11/02 21:14:59,20.50,2316,3279,46,-0.41,9.82,0.29,2,71.61,-326.76,-229.87,108,E
2024/11/02 21:14:59,20.44,2315,3276,46,-0.46,9.86,0.26,3,71.93,-327.00,-230.32,114,SE
2024/11/02 21:15:00,20.44,2315,3276,46,-0.45,9.82,0.31,3,71.63,-325.83,-230.03,109,E
2024/11/02 21:15:00,20.44,2314,3275,46,-0.44,9.82,0.29,3,71.62,-326.29,-229.95,110,E
2024/11/02 21:15:01,20.44,2314,3274,45,-0.47,9.83,0.30,3,71.94,-326.28,-229.86,111,E
2024/11/02 21:15:01,20.44,2314,3274,45,-0.42,9.82,0.32,3,71.47,-326.06,-229.86,106,E
2024/11/02 21:15:02,20.44,2314,3274,45,-0.44,9.81,0.29,3,71.79,-326.07,-230.31,110,E
2024/11/02 21:15:02,20.44,2313,3272,45,-0.46,9.79,0.28,3,72.26,-326.05,-230.22,112,E
2024/11/02 21:15:03,20.44,2314,3273,45,-0.42,9.89,0.33,3,72.25,-326.52,-230.14,105,E
2024/11/02 21:15:03,20.44,2313,3273,45,-0.44,9.84,0.39,3,71.48,-325.60,-230.12,102,E
2024/11/02 21:15:04,20.44,2312,3272,45,-0.43,9.81,0.30,3,72.59,-325.31,-229.67,109,E
2024/11/02 21:15:04,20.44,2312,3272,45,-0.44,9.89,0.32,3,71.62,-326.54,-230.23,107,E
2024/11/02 21:15:05,20.44,2312,3272,45,-0.42,9.84,0.29,2,71.96,-325.35,-230.03,109,E
2024/11/02 21:15:05,20.44,2312,3272,45,-0.46,9.84,0.35,3,72.90,-325.79,-230.04,106,E
2024/11/02 21:15:11,20.50,2330,3302,46,-0.53,9.83,0.30,3,71.93,-326.99,-229.87,114,SE
2024/11/02 21:15:12,20.50,2324,3292,46,-0.44,9.80,0.36,3,72.27,-325.81,-230.04,104,E
2024/11/02 21:15:12,20.50,2321,3287,46,-0.50,9.87,0.35,3,71.94,-326.29,-230.22,108,E
2024/11/02 21:15:13,20.50,2319,3284,46,-0.45,9.87,0.29,3,72.59,-325.56,-230.03,111,E
2024/11/02 21:15:13,20.50,2318,3282,46,-0.40,9.84,0.32,3,72.73,-326.73,-229.87,105,E
2024/11/02 21:15:14,20.50,2317,3279,46,-0.45,9.82,0.31,3,72.74,-326.03,-229.95,109,E
2024/11/02 21:15:14,20.50,2316,3278,46,-0.45,9.84,0.32,3,71.80,-325.59,-230.12,108,E
2024/11/02 21:15:15,20.50,2315,3276,46,-0.46,9.83,0.28,3,71.30,-326.31,-230.04,112,E
2024/11/02 21:15:15,20.50,2314,3276,46,-0.42,9.84,0.33,3,71.14,-326.30,-229.86,105,E
2024/11/02 21:15:16,20.50,2314,3274,45,-0.42,9.86,0.28,2,71.94,-326.05,-229.95,110,E
2024/11/02 21:15:16,20.50,2314,3275,46,-0.43,9.85,0.29,3,72.40,-327.20,-229.70,110,E
2024/11/02 21:15:17,20.50,2313,3274,46,-0.46,9.84,0.32,3,71.93,-326.75,-229.96,109,E
2024/11/02 21:15:17,20.50,2313,3273,45,-0.43,9.84,0.31,3,72.42,-326.05,-230.40,108,E
2024/11/02 21:15:18,20.50,2313,3271,45,-0.45,9.82,0.33,3,72.43,-325.80,-230.04,107,E
2024/11/02 21:15:18,20.50,2312,3272,45,-0.44,9.83,0.24,2,71.95,-325.57,-229.85,116,SE
2024/11/02 21:15:19,20.44,2312,3272,45,-0.42,9.82,0.35,3,71.61,-326.76,-229.78,104,E
2024/11/02 21:15:19,20.44,2312,3272,45,-0.42,9.85,0.29,2,72.10,-326.04,-229.95,109,E
2024/11/02 21:15:20,20.44,2312,3271,45,-0.43,9.80,0.27,2,72.26,-326.06,-230.40,111,E
2024/11/02 21:15:20,20.44,2312,3271,45,-0.42,9.83,0.31,3,72.43,-325.80,-229.95,107,E
2024/11/02 21:15:21,20.44,2312,3271,45,-0.42,9.85,0.33,3,71.31,-325.85,-230.30,105,E
2024/11/02 21:15:27,20.50,2329,3302,46,-0.48,9.81,0.27,3,72.27,-325.80,-229.94,114,SE
2024/11/02 21:15:27,20.50,2324,3292,46,-0.42,9.86,0.28,2,71.78,-326.29,-229.86,110,E
2024/11/02 21:15:28,20.50,2321,3287,46,-0.44,9.81,0.31,3,72.11,-325.56,-229.67,108,E
2024/11/02 21:15:28,20.50,2319,3284,46,-0.44,9.83,0.30,3,72.56,-327.21,-230.15,109,E
2024/11/02 21:15:29,20.50,2318,3280,46,-0.46,9.86,0.30,3,71.63,-326.09,-230.76,110,E
2024/11/02 21:15:29,20.50,2316,3280,46,-0.44,9.88,0.31,3,71.29,-327.00,-229.69,108,E
2024/11/02 21:15:30,20.50,2316,3277,45,-0.42,9.82,0.31,3,72.76,-325.08,-229.85,107,E
2024/11/02 21:15:30,20.44,2315,3276,46,-0.42,9.83,0.29,2,71.80,-325.59,-230.21,109,E
2024/11/02 21:15:31,20.44,2315,3276,46,-0.43,9.85,0.32,3,71.78,-326.29,-229.86,107,E
2024/11/02 21:15:31,20.44,2314,3275,46,-0.39,9.85,0.32,2,72.27,-325.55,-229.40,104,E
2024/11/02 21:15:32,20.44,2313,3274,46,-0.45,9.88,0.33,3,71.94,-326.54,-230.50,107,E
2024/11/02 21:15:32,20.44,2313,3274,46,-0.40,9.84,0.28,2,72.11,-325.58,-230.03,108,E
2024/11/02 21:15:33,20.44,2313,3273,45,-0.43,9.87,0.30,3,72.57,-326.72,-229.60,109,E
2024/11/02 21:15:33,20.44,2313,3272,45,-0.41,9.84,0.34,3,72.28,-325.11,-230.30,104,E
2024/11/02 21:15:34,20.44,2313,3272,45,-0.42,9.84,0.31,3,72.27,-325.80,-229.85,107,E
2024/11/02 21:15:34,20.44,2313,3272,45,-0.45,9.84,0.32,3,71.79,-325.84,-230.40,108,E
2024/11/02 21:15:35,20.44,2312,3271,45,-0.44,9.86,0.28,3,71.76,-327.47,-230.15,111,E
2024/11/02 21:15:35,20.44,2312,3271,45,-0.44,9.84,0.30,3,72.12,-325.33,-229.76,109,E
2024/11/02 21:15:36,20.44,2312,3271,45,-0.42,9.83,0.24,2,71.94,-326.05,-229.95,115,SE
2024/11/02 21:15:36,20.44,2311,3271,45,-0.43,9.86,0.33,3,72.11,-325.58,-230.03,106,E
2024/11/02 21:15:42,20.50,2329,3302,46,-0.45,9.87,0.34,3,72.11,-325.56,-229.67,106,E
2024/11/02 21:15:43,20.50,2323,3292,46,-0.47,9.83,0.29,3,71.90,-328.40,-229.89,112,E
2024/11/02 21:15:43,20.50,2321,3286,46,-0.45,9.82,0.32,3,71.79,-325.81,-229.76,108,E
2024/11/02 21:15:44,20.50,2319,3284,46,-0.47,9.82,0.32,3,71.33,-325.12,-229.66,109,E
2024/11/02 21:15:44,20.50,2318,3281,46,-0.41,9.85,0.33,3,71.63,-326.05,-229.77,105,E
2024/11/02 21:15:45,20.50,2317,3279,46,-0.41,9.84,0.30,2,72.25,-326.52,-230.23,107,E
2024/11/02 21:15:45,20.50,2316,3278,46,-0.48,9.84,0.30,3,72.41,-326.73,-229.78,111,E
2024/11/02 21:15:46,20.44,2315,3276,46,-0.43,9.83,0.34,3,71.95,-326.05,-230.04,105,E
2024/11/02 21:15:46,20.44,2314,3276,46,-0.43,9.80,0.30,3,72.12,-325.34,-229.94,109,E
2024/11/02 21:15:47,20.44,2314,3274,45,-0.44,9.87,0.32,3,71.95,-326.06,-230.13,107,E
2024/11/02 21:15:47,20.44,2314,3274,45,-0.41,9.85,0.34,3,71.46,-326.29,-229.86,104,E
2024/11/02 21:15:48,20.44,2313,3273,45,-0.44,9.79,0.28,3,72.10,-326.29,-230.13,111,E
2024/11/02 21:15:48,20.44,2313,3272,45,-0.44,9.79,0.25,2,71.29,-327.02,-230.14,114,SE
2024/11/02 21:15:49,20.44,2312,3271,45,-0.44,9.85,0.27,3,71.76,-327.23,-230.06,112,E
2024/11/02 21:15:49,20.44,2312,3271,45,-0.41,9.86,0.29,2,71.14,-326.30,-229.86,108,E
2024/11/02 21:15:50,20.44,2312,3273,46,-0.43,9.81,0.33,3,71.96,-325.34,-229.85,106,E
2024/11/02 21:15:50,20.44,2312,3271,45,-0.41,9.83,0.29,2,72.24,-327.21,-229.88,108,E
2024/11/02 21:15:51,20.44,2312,3270,45,-0.44,9.85,0.33,3,72.59,-325.32,-229.76,107,E
2024/11/02 21:15:51,20.44,2311,3271,45,-0.42,9.83,0.30,3,70.97,-327.02,-230.14,108,E
2024/11/02 21:15:52,20.44,2311,3270,45,-0.45,9.82,0.32,3,72.28,-325.09,-229.66,108,E
2024/11/02 21:15:58,20.50,2329,3301,46,-0.42,9.82,0.30,3,71.63,-325.82,-229.94,108,E
2024/11/02 21:15:58,20.50,2323,3291,46,-0.43,9.86,0.32,3,72.41,-326.52,-230.32,107,E
2024/11/02 21:15:59,20.50,2321,3286,46,-0.42,9.80,0.30,3,72.25,-326.52,-230.23,108,E
2024/11/02 21:15:59,20.50,2318,3282,46,-0.49,9.83,0.34,3,72.25,-326.50,-229.77,109,E
2024/11/02 21:16:00,20.50,2317,3281,46,-0.43,9.83,0.31,3,72.92,-324.86,-230.29,108,E
2024/11/02 21:16:00,20.50,2316,3278,46,-0.42,9.84,0.31,3,72.26,-326.29,-230.22,107,E
2024/11/02 21:16:01,20.50,2315,3277,46,-0.45,9.88,0.31,3,71.61,-327.02,-230.59,109,E
2024/11/02 21:16:01,20.44,2314,3276,46,-0.39,9.87,0.32,2,71.94,-326.53,-230.32,104,E
2024/11/02 21:16:02,20.44,2314,3275,46,-0.45,9.87,0.31,3,71.78,-326.54,-230.41,109,E
2024/11/02 21:16:02,20.44,2313,3274,46,-0.44,9.83,0.31,3,71.79,-326.06,-230.13,108,E
2024/11/02 21:16:03,20.44,2313,3273,45,-0.44,9.85,0.32,3,71.62,-326.27,-229.41,108,E
2024/11/02 21:16:03,20.44,2313,3273,45,-0.43,9.88,0.36,3,71.94,-326.53,-230.23,104,E
2024/11/02 21:16:04,20.44,2311,3272,46,-0.45,9.83,0.28,3,72.56,-327.00,-230.78,112,E
2024/11/02 21:16:04,20.44,2311,3272,46,-0.39,9.84,0.32,2,71.33,-324.90,-230.20,104,E
2024/11/02 21:16:05,20.44,2312,3271,45,-0.44,9.88,0.31,3,72.12,-325.35,-230.21,108,E
2024/11/02 21:16:05,20.50,2311,3271,45,-0.43,9.85,0.30,3,71.62,-326.52,-229.77,109,E
2024/11/02 21:16:06,20.50,2311,3271,45,-0.42,9.86,0.29,2,71.80,-325.11,-229.93,109,E
2024/11/02 21:16:06,20.50,2311,3270,45,-0.45,9.84,0.33,3,72.10,-326.04,-229.86,107,E
2024/11/02 21:16:07,20.50,2311,3270,45,-0.43,9.87,0.33,3,70.81,-327.03,-230.14,106,E
2024/11/02 21:16:07,20.50,2311,3269,45,-0.44,9.86,0.30,3,71.47,-325.82,-229.85,109,E
2024/11/02 21:16:13,20.50,2329,3301,46,-0.45,9.83,0.31,3,71.81,-325.12,-230.20,109,E
2024/11/02 21:16:14,20.50,2323,3291,46,-0.43,9.85,0.35,3,71.64,-325.59,-230.03,104,E
2024/11/02 21:16:14,20.50,2320,3286,46,-0.44,9.86,0.29,3,71.93,-326.51,-229.68,110,E
2024/11/02 21:16:15,20.50,2319,3283,46,-0.44,9.86,0.31,3,72.26,-326.03,-229.59,108,E
2024/11/02 21:16:15,20.50,2317,3280,46,-0.47,9.84,0.30,3,72.26,-326.03,-229.59,111,E
2024/11/02 21:16:16,20.50,2315,3278,46,-0.43,9.81,0.33,3,71.80,-325.11,-229.93,106,E
2024/11/02 21:16:16,20.50,2315,3276,46,-0.44,9.82,0.31,3,72.24,-326.98,-229.96,108,E
2024/11/02 21:16:17,20.50,2314,3275,46,-0.44,9.81,0.29,3,71.47,-325.83,-230.12,110,E
2024/11/02 21:16:17,20.50,2313,3274,46,-0.42,9.87,0.34,3,71.13,-327.01,-229.96,105,E
2024/11/02 21:16:18,20.50,2313,3274,46,-0.42,9.82,0.30,3,71.95,-325.81,-229.76,108,E
2024/11/02 21:16:18,20.50,2313,3274,46,-0.44,9.82,0.30,3,71.64,-325.58,-229.85,109,E
2024/11/02 21:16:19,20.50,2313,3272,45,-0.39,9.85,0.32,2,72.27,-325.58,-230.30,104,E
2024/11/02 21:16:19,20.50,2312,3272,45,-0.43,9.85,0.31,3,72.10,-326.53,-230.32,108,E
2024/11/02 21:16:20,20.50,2312,3271,45,-0.41,9.83,0.33,3,71.63,-325.84,-230.40,105,E
2024/11/02 21:16:20,20.50,2312,3271,45,-0.46,9.84,0.34,3,71.78,-326.27,-229.59,107,E
2024/11/02 21:16:21,20.50,2312,3271,45,-0.41,9.86,0.29,2,72.58,-326.26,-229.86,108,E
2024/11/02 21:16:21,20.50,2312,3270,45,-0.40,9.80,0.27,2,72.40,-327.21,-229.88,110,E
2024/11/02 21:16:22,20.50,2311,3270,45,-0.42,9.82,0.29,2,72.27,-325.80,-229.85,109,E
2024/11/02 21:16:22,20.50,2310,3269,45,-0.40,9.85,0.32,3,71.95,-325.81,-229.94,105,E
2024/11/02 21:16:23,20.50,2310,3268,45,-0.43,9.85,0.29,3,72.27,-325.84,-230.76,109,E
2024/11/02 21:16:29,20.50,2328,3301,46,-0.46,9.85,0.32,3,71.62,-326.30,-230.13,109,E
2024/11/02 21:16:29,20.50,2323,3291,46,-0.42,9.84,0.27,2,71.95,-325.81,-229.85,111,E
2024/11/02 21:16:30,20.50,2320,3285,46,-0.39,9.84,0.28,2,72.12,-325.11,-230.02,108,E
2024/11/02 21:16:30,20.50,2318,3282,46,-0.41,9.83,0.27,2,71.79,-326.05,-229.95,110,E
2024/11/02 21:16:31,20.50,2317,3280,46,-0.44,9.83,0.29,3,70.97,-327.26,-230.05,110,E
2024/11/02 21:16:31,20.50,2316,3278,46,-0.45,9.81,0.33,3,72.75,-325.32,-230.03,107,E
2024/11/02 21:16:32,20.50,2315,3277,46,-0.44,9.82,0.25,2,71.58,-328.17,-229.89,115,SE
2024/11/02 21:16:32,20.50,2314,3276,46,-0.46,9.86,0.30,3,72.10,-326.04,-229.86,110,E
2024/11/02 21:16:33,20.50,2313,3274,46,-0.44,9.82,0.27,3,71.62,-326.29,-229.95,112,E
2024/11/02 21:16:33,20.50,2313,3274,46,-0.42,9.85,0.35,3,72.24,-327.22,-230.15,104,E
2024/11/02 21:16:34,20.50,2313,3273,45,-0.42,9.88,0.33,3,72.26,-326.27,-229.86,105,E
2024/11/02 21:16:34,20.50,2312,3271,45,-0.43,9.83,0.32,3,72.59,-325.79,-229.95,107,E
2024/11/02 21:16:35,20.50,2311,3271,45,-0.46,9.84,0.29,3,71.78,-326.53,-230.04,111,E
2024/11/02 21:16:35,20.50,2312,3271,45,-0.40,9.86,0.33,3,72.11,-325.82,-230.13,104,E
2024/11/02 21:16:36,20.50,2311,3270,45,-0.45,9.80,0.30,3,71.17,-325.13,-229.93,110,E
2024/11/02 21:16:36,20.50,2311,3271,45,-0.43,9.83,0.33,3,72.27,-325.81,-230.22,106,E
2024/11/02 21:16:37,20.50,2311,3270,45,-0.46,9.84,0.30,3,72.26,-326.28,-230.13,110,E
2024/11/02 21:16:37,20.50,2311,3269,45,-0.44,9.83,0.31,3,71.30,-326.54,-229.95,108,E
2024/11/02 21:16:38,20.50,2311,3270,45,-0.45,9.83,0.36,3,71.45,-327.27,-230.69,105,E
2024/11/02 21:16:38,20.50,2311,3269,45,-0.44,9.82,0.35,3,71.95,-326.06,-230.31,105,E
2024/11/02 21:16:44,20.50,2328,3300,46,-0.47,9.86,0.30,3,71.64,-325.36,-230.21,111,E
2024/11/02 21:16:45,20.50,2323,3290,46,-0.41,9.85,0.37,3,71.77,-327.00,-230.05,102,E
2024/11/02 21:16:45,20.50,2320,3285,46,-0.43,9.84,0.39,3,71.95,-325.57,-229.67,101,E
2024/11/02 21:16:46,20.50,2318,3282,46,-0.44,9.81,0.29,3,72.90,-326.01,-229.77,110,E
2024/11/02 21:16:46,20.50,2316,3279,46,-0.44,9.83,0.28,3,71.65,-324.88,-229.93,111,E
2024/11/02 21:16:47,20.50,2315,3276,46,-0.43,9.87,0.32,3,71.77,-326.75,-229.69,107,E
2024/11/02 21:16:47,20.50,2314,3276,46,-0.45,9.82,0.30,3,71.79,-326.06,-230.13,110,E
2024/11/02 21:16:48,20.50,2314,3275,46,-0.43,9.83,0.35,3,71.93,-326.75,-229.78,105,E
2024/11/02 21:16:48,20.50,2314,3274,45,-0.42,9.82,0.30,3,71.94,-326.05,-229.95,108,E
2024/11/02 21:16:49,20.50,2313,3273,45,-0.41,9.82,0.26,2,71.92,-327.45,-229.61,111,E
2024/11/02 21:16:49,20.50,2312,3272,45,-0.39,9.86,0.33,2,71.33,-325.11,-229.48,103,E
2024/11/02 21:16:50,20.50,2313,3271,45,-0.44,9.83,0.27,3,71.30,-326.30,-229.77,112,E
2024/11/02 21:16:50,20.50,2312,3270,45,-0.45,9.82,0.30,3,72.59,-325.32,-229.76,110,E
2024/11/02 21:16:51,20.50,2311,3270,45,-0.44,9.83,0.31,3,72.56,-327.21,-230.06,108,E
2024/11/02 21:16:51,20.50,2311,3270,45,-0.46,9.80,0.35,3,72.42,-326.05,-230.22,106,E
2024/11/02 21:16:52,20.50,2311,3269,45,-0.44,9.86,0.29,3,72.25,-326.51,-229.96,110,E
2024/11/02 21:16:52,20.50,2311,3269,45,-0.42,9.83,0.29,2,71.48,-325.36,-230.12,109,E
2024/11/02 21:16:53,20.50,2311,3269,45,-0.46,9.87,0.30,3,71.30,-326.55,-230.31,110,E
2024/11/02 21:16:53,20.50,2311,3269,45,-0.46,9.83,0.30,3,71.95,-326.07,-230.49,110,E
2024/11/02 21:16:54,20.50,2310,3268,45,-0.41,9.82,0.34,3,72.25,-326.75,-230.14,104,E
2024/11/02 21:17:00,20.50,2329,3299,46,-0.38,9.86,0.33,2,72.58,-326.27,-229.95,103,E
2024/11/02 21:17:00,20.50,2323,3289,46,-0.45,9.84,0.29,3,72.27,-325.58,-230.21,111,E
2024/11/02 21:17:01,20.50,2320,3285,46,-0.43,9.80,0.40,3,72.58,-326.04,-230.13,101,E
2024/11/02 21:17:01,20.50,2317,3281,46,-0.40,9.85,0.28,2,72.10,-326.28,-230.04,109,E
2024/11/02 21:17:02,20.50,2317,3280,46,-0.43,9.85,0.30,3,72.75,-325.54,-229.67,109,E
2024/11/02 21:17:02,20.50,2315,3277,46,-0.44,9.88,0.32,3,72.26,-326.26,-229.68,108,E
2024/11/02 21:17:03,20.50,2315,3276,46,-0.46,9.85,0.32,3,71.65,-324.89,-230.20,109,E
2024/11/02 21:17:03,20.50,2314,3274,45,-0.45,9.82,0.31,3,72.07,-327.71,-230.60,109,E
2024/11/02 21:17:04,20.50,2314,3275,46,-0.43,9.83,0.31,3,71.61,-326.77,-230.14,108,E
2024/11/02 21:17:04,20.50,2312,3273,46,-0.42,9.84,0.29,2,71.95,-326.07,-230.58,109,E
2024/11/02 21:17:05,20.50,2312,3273,46,-0.45,9.85,0.35,3,71.62,-326.52,-229.68,106,E
2024/11/02 21:17:05,20.50,2312,3272,45,-0.44,9.80,0.28,3,70.82,-326.57,-230.40,111,E
2024/11/02 21:17:06,20.50,2312,3271,45,-0.39,9.88,0.31,2,72.43,-325.57,-230.12,105,E
2024/11/02 21:17:06,20.50,2310,3270,45,-0.40,9.87,0.31,2,71.79,-325.83,-230.12,106,E
2024/11/02 21:17:07,20.50,2311,3270,45,-0.43,9.86,0.42,3,72.45,-324.39,-230.01,99,E
2024/11/02 21:17:07,20.50,2310,3270,45,-0.43,9.86,0.32,3,71.78,-326.53,-230.14,107,E
2024/11/02 21:17:08,20.50,2311,3270,45,-0.46,9.84,0.34,3,72.26,-326.29,-230.22,107,E
2024/11/02 21:17:08,20.50,2310,3269,45,-0.43,9.79,0.31,3,71.15,-326.09,-230.40,108,E
2024/11/02 21:17:09,20.50,2311,3269,45,-0.43,9.85,0.30,3,71.77,-326.77,-230.14,109,E
2024/11/02 21:17:09,20.50,2310,3269,45,-0.44,9.85,0.34,3,71.61,-326.78,-230.32,106,E
2024/11/02 21:17:15,20.50,2328,3300,46,-0.44,9.83,0.33,3,72.42,-326.27,-229.95,107,E
2024/11/02 21:17:16,20.50,2323,3291,46,-0.44,9.85,0.31,3,72.28,-325.32,-229.58,108,E
2024/11/02 21:17:16,20.50,2319,3285,46,-0.42,9.86,0.32,3,71.62,-326.31,-230.31,106,E
2024/11/02 21:17:17,20.50,2318,3282,46,-0.42,9.81,0.30,3,72.56,-327.19,-229.61,108,E
2024/11/02 21:17:17,20.50,2316,3280,46,-0.42,9.80,0.29,3,71.48,-325.35,-229.67,109,E
2024/11/02 21:17:18,20.50,2315,3277,46,-0.41,9.84,0.32,3,72.10,-326.29,-230.13,106,E
2024/11/02 21:17:18,20.50,2315,3276,46,-0.45,9.83,0.37,3,71.93,-326.74,-229.69,104,E
2024/11/02 21:17:19,20.50,2314,3275,46,-0.40,9.83,0.26,2,71.93,-326.75,-229.96,111,E
2024/11/02 21:17:19,20.50,2313,3273,45,-0.41,9.85,0.32,3,72.56,-326.96,-229.60,106,E
2024/11/02 21:17:20,20.50,2313,3272,45,-0.43,9.82,0.29,3,72.27,-325.80,-229.85,109,E
2024/11/02 21:17:20,20.50,2312,3271,45,-0.41,9.89,0.35,3,72.25,-326.51,-229.87,103,E
2024/11/02 21:17:20,20.50,2312,3271,45,-0.42,9.85,0.30,3,71.29,-327.01,-229.96,108,E
2024/11/02 21:17:21,20.50,2311,3270,45,-0.40,9.80,0.30,2,71.92,-327.23,-230.06,107,E
2024/11/02 21:17:21,20.50,2310,3270,45,-0.45,9.84,0.29,3,71.77,-326.76,-229.96,111,E
2024/11/02 21:17:22,20.50,2310,3270,45,-0.42,9.82,0.33,3,71.93,-326.98,-229.78,106,E
2024/11/02 21:17:22,20.50,2310,3269,45,-0.45,9.85,0.30,3,71.80,-325.37,-230.39,110,E
2024/11/02 21:17:23,20.50,2310,3271,46,-0.41,9.83,0.31,3,71.95,-325.58,-229.94,106,E
2024/11/02 21:17:23,20.50,2310,3269,45,-0.41,9.85,0.31,3,71.13,-327.03,-230.32,107,E
2024/11/02 21:17:24,20.50,2310,3268,45,-0.41,9.88,0.32,3,72.24,-327.23,-230.33,106,E
2024/11/02 21:17:24,20.50,2310,3268,45,-0.43,9.86,0.31,3,72.11,-325.58,-230.12,108,E
2024/11/02 21:17:30,20.50,2327,3299,46,-0.47,9.85,0.30,3,72.10,-326.52,-230.23,111,E
2024/11/02 21:17:31,20.50,2322,3290,46,-0.45,9.87,0.22,2,72.09,-326.52,-230.05,118,SE
2024/11/02 21:17:31,20.50,2319,3285,46,-0.47,9.84,0.30,3,71.47,-326.06,-229.95,111,E
2024/11/02 21:17:32,20.50,2317,3281,46,-0.46,9.80,0.28,3,71.62,-326.28,-229.59,112,E
2024/11/02 21:17:32,20.50,2316,3278,46,-0.38,9.80,0.29,2,72.41,-327.00,-230.59,106,E
2024/11/02 21:17:33,20.50,2314,3276,46,-0.44,9.85,0.32,3,71.75,-328.18,-230.34,108,E
2024/11/02 21:17:33,20.50,2314,3276,46,-0.45,9.83,0.26,3,70.83,-326.32,-230.13,113,SE
2024/11/02 21:17:34,20.50,2314,3273,45,-0.41,9.84,0.28,2,72.26,-326.04,-229.95,109,E
2024/11/02 21:17:34,20.50,2313,3273,45,-0.44,9.82,0.32,3,72.90,-325.79,-230.13,107,E
2024/11/02 21:17:35,20.50,2312,3272,45,-0.41,9.82,0.32,3,71.93,-326.75,-229.96,106,E
2024/11/02 21:17:35,20.50,2312,3272,45,-0.42,9.87,0.29,2,72.41,-326.76,-230.41,109,E
2024/11/02 21:17:36,20.50,2312,3271,45,-0.45,9.82,0.31,3,72.09,-326.51,-229.96,109,E
2024/11/02 21:17:36,20.50,2311,3271,45,-0.42,9.80,0.30,3,72.07,-327.44,-229.61,108,E
2024/11/02 21:17:37,20.50,2311,3270,45,-0.46,9.88,0.32,3,71.63,-325.57,-229.58,109,E
2024/11/02 21:17:37,20.50,2311,3270,45,-0.41,9.86,0.28,2,71.79,-326.05,-229.95,109,E
2024/11/02 21:17:38,20.50,2311,3269,45,-0.38,9.83,0.28,2,71.62,-326.29,-229.95,107,E
2024/11/02 21:17:38,20.50,2310,3269,45,-0.44,9.84,0.30,3,71.76,-327.23,-229.96,109,E
2024/11/02 21:17:39,20.50,2310,3269,45,-0.43,9.83,0.31,3,71.61,-326.77,-230.05,108,E
2024/11/02 21:17:39,20.50,2310,3269,45,-0.45,9.84,0.30,3,71.47,-326.05,-229.68,110,E
2024/11/02 21:17:40,20.50,2309,3268,45,-0.44,9.81,0.30,3,71.77,-326.76,-230.05,109,E
2024/11/02 21:17:46,20.50,2327,3298,46,-0.46,9.86,0.30,3,72.26,-326.04,-229.86,110,E
2024/11/02 21:17:46,20.50,2321,3288,46,-0.46,9.83,0.36,3,71.31,-326.06,-229.77,106,E
2024/11/02 21:17:47,20.50,2318,3284,46,-0.43,9.87,0.31,3,71.94,-326.29,-230.22,108,E
2024/11/02 21:17:47,20.50,2317,3280,46,-0.41,9.85,0.33,3,72.28,-324.85,-229.57,105,E
2024/11/02 21:17:48,20.50,2316,3278,46,-0.47,9.88,0.29,3,72.11,-325.82,-230.13,112,E
2024/11/02 21:17:48,20.50,2314,3276,46,-0.43,9.85,0.30,3,71.75,-327.70,-230.06,109,E
2024/11/02 21:17:49,20.50,2314,3275,46,-0.45,9.84,0.31,3,71.63,-325.82,-229.94,109,E
2024/11/02 21:17:49,20.50,2313,3274,46,-0.43,9.85,0.30,3,72.57,-326.73,-229.87,109,E
2024/11/02 21:17:50,20.50,2312,3273,46,-0.41,9.89,0.31,2,71.61,-326.78,-230.32,106,E
2024/11/02 21:17:50,20.50,2312,3272,45,-0.47,9.83,0.30,3,72.41,-326.51,-229.96,111,E
2024/11/02 21:17:51,20.50,2312,3272,45,-0.40,9.84,0.29,2,71.95,-325.59,-230.12,108,E
2024/11/02 21:17:51,20.50,2312,3270,45,-0.42,9.88,0.31,3,71.62,-326.31,-230.40,107,E
2024/11/02 21:17:52,20.50,2310,3270,45,-0.43,9.83,0.26,2,72.76,-325.10,-230.21,112,E
2024/11/02 21:17:52,20.50,2310,3269,45,-0.42,9.84,0.30,3,71.95,-325.83,-230.31,108,E
2024/11/02 21:17:53,20.50,2310,3269,45,-0.41,9.81,0.31,3,71.46,-326.28,-229.59,107,E
2024/11/02 21:17:53,20.50,2310,3268,45,-0.41,9.83,0.27,2,71.76,-327.25,-230.42,110,E
2024/11/02 21:17:54,20.50,2310,3269,45,-0.48,9.82,0.31,3,71.16,-325.62,-230.30,110,E
2024/11/02 21:17:54,20.50,2309,3268,45,-0.42,9.81,0.35,3,72.26,-326.28,-230.13,104,E
2024/11/02 21:17:55,20.50,2309,3268,45,-0.42,9.87,0.30,3,72.23,-327.69,-229.97,108,E
2024/11/02 21:17:55,20.50,2310,3268,45,-0.44,9.82,0.36,3,71.48,-325.36,-229.94,104,E
2024/11/02 21:18:01,20.50,2327,3297,46,-0.44,9.85,0.32,3,71.61,-326.75,-229.60,108,E
2024/11/02 21:18:02,20.50,2321,3289,46,-0.43,9.85,0.31,3,72.40,-327.21,-229.97,108,E
2024/11/02 21:18:02,20.50,2318,3283,46,-0.45,9.85,0.30,3,71.30,-326.30,-229.77,110,E
2024/11/02 21:18:03,20.50,2316,3279,46,-0.42,9.80,0.27,2,72.57,-326.72,-229.51,111,E
2024/11/02 21:18:03,20.50,2315,3277,46,-0.43,9.80,0.28,3,71.92,-327.22,-229.78,110,E
2024/11/02 21:18:04,20.50,2314,3275,46,-0.44,9.86,0.36,3,71.46,-326.53,-229.95,104,E
2024/11/02 21:18:04,20.50,2313,3274,46,-0.42,9.78,0.34,3,71.78,-326.30,-230.22,105,E
2024/11/02 21:18:05,20.50,2313,3273,45,-0.42,9.87,0.30,3,72.10,-326.04,-229.86,108,E
2024/11/02 21:18:05,20.50,2312,3271,45,-0.44,9.86,0.30,3,72.72,-326.98,-230.23,109,E
2024/11/02 21:18:06,20.50,2311,3271,45,-0.43,9.88,0.31,3,71.46,-326.31,-230.22,108,E
2024/11/02 21:18:06,20.50,2311,3271,45,-0.43,9.83,0.27,2,72.09,-326.51,-229.86,111,E
2024/11/02 21:18:07,20.50,2310,3269,45,-0.40,9.83,0.32,3,71.77,-326.76,-230.05,105,E
2024/11/02 21:18:07,20.50,2310,3268,45,-0.42,9.83,0.34,3,71.78,-326.53,-230.14,105,E
2024/11/02 21:18:08,20.50,2310,3269,45,-0.45,9.83,0.27,3,71.96,-325.59,-230.30,112,E
2024/11/02 21:18:08,20.50,2310,3268,45,-0.45,9.89,0.33,3,71.62,-326.54,-230.13,107,E
2024/11/02 21:18:09,20.50,2310,3268,45,-0.42,9.85,0.32,3,72.56,-326.98,-230.23,106,E
2024/11/02 21:18:09,20.50,2309,3268,45,-0.43,9.80,0.28,3,72.73,-326.49,-229.87,110,E
2024/11/02 21:18:10,20.50,2310,3268,45,-0.42,9.83,0.31,3,72.12,-325.11,-230.02,107,E
2024/11/02 21:18:10,20.50,2308,3267,45,-0.39,9.83,0.29,2,71.33,-325.12,-229.84,107,E
2024/11/02 21:18:11,20.50,2308,3267,45,-0.40,9.87,0.31,2,72.28,-325.10,-229.93,106,E
2024/11/02 21:18:17,20.50,2327,3298,46,-0.46,9.83,0.29,3,72.57,-326.74,-229.96,111,E
2024/11/02 21:18:17,20.50,2321,3288,46,-0.44,9.82,0.32,3,71.63,-326.06,-230.13,107,E
2024/11/02 21:18:18,20.50,2318,3282,46,-0.45,9.84,0.30,3,72.28,-325.10,-229.84,110,E
2024/11/02 21:18:18,20.50,2316,3279,46,-0.40,9.86,0.28,2,71.79,-326.06,-230.22,108,E
2024/11/02 21:18:19,20.50,2315,3276,46,-0.41,9.83,0.34,3,72.27,-325.56,-229.58,104,E
2024/11/02 21:18:19,20.50,2313,3274,46,-0.40,9.83,0.30,2,72.27,-325.57,-230.03,107,E
2024/11/02 21:18:20,20.50,2312,3274,46,-0.42,9.86,0.33,3,71.93,-326.76,-230.14,105,E
2024/11/02 21:18:20,20.50,2312,3272,45,-0.50,9.86,0.32,3,71.62,-326.32,-230.58,111,E
2024/11/02 21:18:21,20.50,2312,3271,45,-0.41,9.87,0.31,3,71.95,-325.59,-230.12,106,E
2024/11/02 21:18:21,20.50,2311,3270,45,-0.39,9.86,0.25,2,72.11,-325.80,-229.67,111,E
2024/11/02 21:18:22,20.50,2311,3269,45,-0.46,9.85,0.30,3,72.10,-326.27,-229.77,110,E
2024/11/02 21:18:22,20.50,2311,3269,45,-0.45,9.86,0.30,3,72.11,-325.57,-229.94,110,E
2024/11/02 21:18:23,20.50,2309,3268,45,-0.42,9.80,0.30,3,71.95,-326.05,-230.04,108,E
2024/11/02 21:18:23,20.50,2309,3268,45,-0.42,9.83,0.33,3,72.43,-325.57,-230.03,105,E
2024/11/02 21:18:24,20.50,2309,3268,45,-0.47,9.83,0.35,3,72.09,-326.75,-229.96,107,E
2024/11/02 21:18:24,20.50,2310,3268,45,-0.41,9.81,0.37,3,71.95,-326.06,-230.31,102,E
2024/11/02 21:18:25,20.50,2309,3268,45,-0.45,9.84,0.23,2,71.94,-326.52,-229.86,117,SE
2024/11/02 21:18:25,20.50,2309,3267,45,-0.43,9.79,0.32,3,71.62,-326.28,-229.59,107,E
2024/11/02 21:18:26,20.50,2309,3267,45,-0.42,9.87,0.31,3,72.75,-325.54,-229.58,107,E
2024/11/02 21:18:26,20.50,2309,3267,45,-0.44,9.82,0.35,3,72.27,-325.58,-230.30,105,E
2024/11/02 21:18:32,20.50,2326,3297,46,-0.45,9.85,0.28,3,71.80,-325.59,-230.12,111,E
2024/11/02 21:18:33,20.50,2320,3287,46,-0.42,9.84,0.28,2,72.43,-325.81,-230.22,110,E
2024/11/02 21:18:33,20.50,2317,3282,46,-0.44,9.85,0.29,3,71.77,-327.00,-230.23,110,E
2024/11/02 21:18:34,20.50,2316,3279,46,-0.42,9.86,0.28,2,71.48,-325.37,-230.39,110,E
2024/11/02 21:18:34,20.50,2315,3276,46,-0.42,9.81,0.27,2,71.96,-325.12,-230.20,111,E
2024/11/02 21:18:35,20.50,2313,3275,46,-0.47,9.84,0.33,3,71.93,-327.00,-230.32,108,E
2024/11/02 21:18:35,20.50,2313,3274,46,-0.45,9.82,0.32,3,72.25,-326.74,-229.87,108,E
2024/11/02 21:18:36,20.50,2312,3272,45,-0.41,9.86,0.31,3,71.79,-325.81,-229.85,106,E
2024/11/02 21:18:36,20.50,2312,3271,45,-0.42,9.84,0.34,3,72.58,-326.04,-230.31,105,E
2024/11/02 21:18:37,20.50,2311,3270,45,-0.44,9.87,0.35,3,72.42,-326.03,-229.77,105,E
2024/11/02 21:18:37,20.50,2310,3270,45,-0.40,9.81,0.34,3,71.93,-326.77,-230.32,103,E
2024/11/02 21:18:38,20.50,2310,3270,45,-0.39,9.82,0.31,2,71.91,-327.70,-229.97,105,E
2024/11/02 21:18:38,20.50,2309,3268,45,-0.41,9.84,0.35,3,72.75,-325.80,-230.13,103,E
2024/11/02 21:18:39,20.50,2309,3268,45,-0.43,9.86,0.27,2,71.45,-327.00,-229.78,111,E
2024/11/02 21:18:39,20.50,2309,3268,45,-0.46,9.85,0.32,3,71.78,-326.53,-230.04,109,E
2024/11/02 21:18:40,20.50,2309,3267,45,-0.47,9.84,0.36,3,71.62,-326.29,-229.77,106,E
2024/11/02 21:18:40,20.50,2310,3267,45,-0.41,9.81,0.34,3,72.40,-326.97,-229.78,104,E
2024/11/02 21:18:41,20.50,2309,3267,45,-0.44,9.88,0.40,3,71.64,-325.59,-229.94,101,E
2024/11/02 21:18:41,20.50,2308,3267,45,-0.42,9.82,0.29,2,72.11,-325.57,-229.94,109,E
2024/11/02 21:18:42,20.50,2309,3266,45,-0.40,9.83,0.32,3,72.59,-325.82,-230.49,105,E
2024/11/02 21:18:48,20.50,2326,3297,46,-0.45,9.85,0.27,3,71.95,-325.82,-230.12,112,E
2024/11/02 21:18:48,20.50,2321,3288,46,-0.43,9.82,0.31,3,71.64,-325.61,-230.48,108,E
2024/11/02 21:18:49,20.50,2318,3282,46,-0.46,9.80,0.40,3,72.10,-326.29,-230.31,103,E
2024/11/02 21:18:49,20.50,2316,3279,46,-0.45,9.81,0.30,3,71.32,-325.60,-230.03,110,E
2024/11/02 21:18:50,20.50,2314,3277,46,-0.46,9.82,0.32,3,71.78,-326.52,-229.77,109,E
2024/11/02 21:18:50,20.50,2314,3275,46,-0.47,9.84,0.31,3,72.25,-326.51,-229.87,110,E
2024/11/02 21:18:51,20.50,2313,3273,45,-0.38,9.84,0.27,2,72.74,-326.03,-230.13,108,E
2024/11/02 21:18:51,20.50,2312,3272,45,-0.46,9.85,0.36,3,71.29,-327.02,-230.14,106,E
2024/11/02 21:18:52,20.50,2311,3271,45,-0.44,9.82,0.29,3,72.25,-326.74,-229.87,110,E
2024/11/02 21:18:52,20.50,2311,3271,45,-0.42,9.81,0.31,3,71.76,-327.23,-230.06,107,E
2024/11/02 21:18:53,20.50,2310,3269,45,-0.44,9.80,0.31,3,71.77,-326.75,-229.78,108,E
2024/11/02 21:18:53,20.50,2310,3269,45,-0.41,9.86,0.31,3,71.62,-326.52,-229.77,107,E
2024/11/02 21:18:54,20.50,2309,3267,45,-0.40,9.84,0.28,2,71.31,-326.06,-229.68,109,E
2024/11/02 21:18:54,20.50,2309,3268,45,-0.43,9.85,0.32,3,72.27,-325.56,-229.76,107,E
2024/11/02 21:18:55,20.50,2309,3268,45,-0.46,9.86,0.36,3,71.60,-327.23,-229.87,106,E
2024/11/02 21:18:55,20.50,2309,3266,45,-0.41,9.86,0.32,3,72.74,-326.02,-229.68,106,E
2024/11/02 21:18:56,20.50,2309,3267,45,-0.44,9.85,0.31,3,72.74,-325.78,-229.77,108,E
2024/11/02 21:18:56,20.50,2308,3266,45,-0.42,9.83,0.33,3,70.96,-327.50,-230.24,106,E
2024/11/02 21:18:57,20.50,2308,3266,45,-0.43,9.85,0.29,3,72.25,-326.50,-229.77,110,E
2024/11/02 21:18:57,20.50,2308,3266,45,-0.41,9.84,0.33,3,71.15,-326.31,-230.13,105,E
2024/11/02 21:19:03,20.50,2326,3296,46,-0.44,9.82,0.32,3,72.42,-326.03,-229.95,107,E
2024/11/02 21:19:04,20.50,2321,3287,46,-0.45,9.86,0.36,3,72.09,-326.50,-229.68,105,E
2024/11/02 21:19:04,20.50,2318,3282,46,-0.40,9.82,0.28,2,71.28,-327.71,-229.79,109,E
2024/11/02 21:19:05,20.50,2316,3279,46,-0.40,9.84,0.28,2,71.94,-326.29,-230.04,109,E
2024/11/02 21:19:05,20.50,2315,3276,46,-0.42,9.89,0.30,3,71.31,-326.07,-230.13,108,E
2024/11/02 21:19:06,20.50,2313,3274,46,-0.43,9.83,0.29,3,72.43,-325.81,-230.13,109,E
2024/11/02 21:19:06,20.50,2312,3273,46,-0.43,9.85,0.27,2,71.94,-326.52,-229.86,111,E
2024/11/02 21:19:07,20.50,2311,3271,45,-0.44,9.85,0.32,3,71.77,-326.77,-230.14,108,E
2024/11/02 21:19:07,20.50,2311,3271,45,-0.45,9.83,0.30,3,71.96,-325.10,-229.84,110,E
2024/11/02 21:19:08,20.50,2311,3270,45,-0.42,9.86,0.35,3,71.79,-326.05,-229.77,104,E
2024/11/02 21:19:08,20.50,2311,3269,45,-0.44,9.86,0.33,3,71.80,-325.59,-230.03,107,E
2024/11/02 21:19:09,20.50,2310,3269,45,-0.42,9.84,0.29,2,72.57,-326.52,-230.59,109,E
2024/11/02 21:19:09,20.50,2309,3267,45,-0.42,9.84,0.31,3,71.78,-326.29,-230.04,107,E
2024/11/02 21:19:10,20.50,2309,3266,45,-0.43,9.85,0.31,3,72.10,-326.52,-230.23,108,E
2024/11/02 21:19:10,20.50,2309,3267,45,-0.43,9.86,0.31,3,71.61,-326.76,-229.78,108,E
2024/11/02 21:19:11,20.50,2309,3267,45,-0.42,9.82,0.35,3,72.12,-324.84,-229.12,104,E
2024/11/02 21:19:11,20.50,2309,3267,45,-0.44,9.84,0.30,3,71.80,-325.34,-229.76,109,E
2024/11/02 21:19:12,20.50,2308,3266,45,-0.43,9.86,0.32,3,71.79,-325.82,-230.03,107,E
2024/11/02 21:19:12,20.50,2308,3266,45,-0.44,9.85,0.30,3,72.43,-325.80,-229.95,109,E
2024/11/02 21:19:13,20.50,2308,3266,45,-0.44,9.88,0.33,3,71.94,-326.27,-229.59,107,E
2024/11/02 21:19:19,20.56,2326,3295,46,-0.44,9.83,0.33,3,71.47,-326.05,-229.59,107,E
2024/11/02 21:19:19,20.56,2320,3286,46,-0.43,9.84,0.32,3,72.42,-326.05,-230.31,107,E
2024/11/02 21:19:20,20.56,2318,3281,46,-0.39,9.84,0.32,2,71.95,-325.59,-230.12,104,E
2024/11/02 21:19:20,20.56,2316,3278,46,-0.44,9.84,0.31,3,72.10,-326.05,-230.04,108,E
2024/11/02 21:19:21,20.56,2314,3275,46,-0.46,9.88,0.32,3,71.01,-325.16,-230.65,108,E
2024/11/02 21:19:21,20.56,2312,3273,46,-0.42,9.85,0.30,3,71.95,-326.06,-230.13,108,E
2024/11/02 21:19:22,20.56,2312,3271,45,-0.43,9.84,0.27,2,71.76,-327.22,-229.78,111,E
2024/11/02 21:19:22,20.56,2311,3271,45,-0.43,9.85,0.31,3,70.99,-326.31,-229.95,108,E
2024/11/02 21:19:23,20.56,2311,3270,45,-0.40,9.87,0.34,3,71.77,-326.78,-230.59,103,E
2024/11/02 21:19:23,20.56,2310,3268,45,-0.39,9.81,0.27,2,71.94,-326.52,-230.05,109,E
2024/11/02 21:19:24,20.56,2310,3268,45,-0.45,9.81,0.28,3,72.10,-326.28,-229.86,112,E
2024/11/02 21:19:24,20.56,2309,3268,45,-0.46,9.85,0.31,3,72.27,-325.80,-229.76,109,E
2024/11/02 21:19:25,20.56,2309,3267,45,-0.44,9.82,0.26,3,72.44,-325.34,-230.30,113,SE
2024/11/02 21:19:25,20.56,2309,3267,45,-0.43,9.84,0.28,3,71.61,-326.77,-230.14,110,E
2024/11/02 21:19:26,20.56,2309,3265,45,-0.44,9.83,0.31,3,71.31,-325.84,-230.03,108,E
2024/11/02 21:19:26,20.50,2309,3266,45,-0.46,9.82,0.30,3,72.27,-325.79,-229.58,110,E
2024/11/02 21:19:27,20.50,2309,3266,45,-0.46,9.80,0.24,3,71.93,-326.99,-229.96,117,SE
2024/11/02 21:19:27,20.50,2308,3266,45,-0.45,9.85,0.32,3,71.94,-326.53,-230.32,108,E
2024/11/02 21:19:28,20.50,2308,3266,45,-0.42,9.83,0.33,3,71.80,-325.35,-229.94,105,E
2024/11/02 21:19:28,20.50,2308,3265,45,-0.45,9.84,0.30,3,72.25,-326.75,-230.05,110,E
2024/11/02 21:19:34,20.56,2326,3296,46,-0.43,9.84,0.30,3,71.79,-325.58,-229.85,109,E
2024/11/02 21:19:35,20.56,2320,3286,46,-0.45,9.87,0.32,3,70.99,-326.33,-230.31,108,E
2024/11/02 21:19:35,20.56,2317,3281,46,-0.44,9.84,0.34,3,71.78,-326.52,-229.95,106,E
2024/11/02 21:19:36,20.56,2315,3277,46,-0.41,9.83,0.33,3,71.79,-326.07,-230.49,105,E
2024/11/02 21:19:36,20.56,2314,3276,46,-0.44,9.84,0.30,3,71.78,-326.29,-230.04,109,E
2024/11/02 21:19:37,20.56,2313,3273,45,-0.44,9.81,0.35,3,71.76,-327.23,-230.06,105,E
2024/11/02 21:19:37,20.56,2312,3273,46,-0.47,9.82,0.31,3,72.26,-326.27,-229.95,110,E
2024/11/02 21:19:38,20.56,2311,3271,45,-0.40,9.80,0.28,2,71.95,-325.59,-230.12,108,E
2024/11/02 21:19:38,20.56,2311,3271,45,-0.43,9.85,0.37,3,72.75,-325.54,-229.49,103,E
2024/11/02 21:19:39,20.56,2311,3269,45,-0.45,9.84,0.31,3,71.78,-326.04,-229.59,109,E
2024/11/02 21:19:39,20.56,2310,3269,45,-0.42,9.85,0.28,2,71.45,-326.76,-229.87,110,E
2024/11/02 21:19:40,20.56,2309,3268,45,-0.42,9.82,0.29,2,71.46,-326.30,-229.95,109,E
2024/11/02 21:19:40,20.56,2309,3266,45,-0.41,9.85,0.32,3,72.10,-326.05,-230.22,106,E
2024/11/02 21:19:41,20.56,2309,3267,45,-0.46,9.83,0.33,3,73.08,-324.59,-229.57,108,E
2024/11/02 21:19:41,20.56,2309,3266,45,-0.44,9.87,0.37,3,71.94,-326.29,-230.04,104,E
2024/11/02 21:19:42,20.56,2308,3267,45,-0.43,9.80,0.32,3,71.30,-326.31,-230.13,107,E
2024/11/02 21:19:42,20.56,2307,3265,45,-0.46,9.82,0.26,3,70.67,-326.32,-230.04,114,SE
2024/11/02 21:19:43,20.56,2308,3266,45,-0.46,9.82,0.27,3,71.64,-325.37,-230.30,113,SE
2024/11/02 21:19:43,20.56,2308,3265,45,-0.43,9.84,0.30,3,70.66,-326.80,-230.23,109,E
2024/11/02 21:19:44,20.56,2308,3265,45,-0.42,9.85,0.35,3,71.65,-324.89,-230.20,104,E
2024/11/02 21:19:50,20.56,2325,3295,46,-0.44,9.82,0.32,3,71.29,-327.00,-229.78,108,E
2024/11/02 21:19:50,20.56,2320,3286,46,-0.45,9.83,0.27,3,72.44,-325.34,-230.21,112,E
2024/11/02 21:19:51,20.56,2317,3280,46,-0.45,9.88,0.32,3,72.26,-326.04,-229.86,108,E
2024/11/02 21:19:51,20.56,2315,3277,46,-0.43,9.85,0.33,3,71.46,-326.29,-229.86,106,E
2024/11/02 21:19:52,20.56,2314,3275,46,-0.46,9.85,0.32,3,72.13,-324.63,-229.93,109,E
2024/11/02 21:19:52,20.56,2312,3272,45,-0.41,9.85,0.32,3,71.80,-325.59,-230.12,106,E
2024/11/02 21:19:53,20.56,2311,3272,46,-0.43,9.87,0.34,3,71.92,-327.22,-229.87,105,E
2024/11/02 21:19:53,20.50,2311,3271,45,-0.42,9.80,0.33,3,72.09,-326.76,-230.32,105,E
2024/11/02 21:19:54,20.50,2310,3270,45,-0.44,9.84,0.29,3,72.28,-325.33,-229.76,110,E
2024/11/02 21:19:54,20.50,2310,3269,45,-0.41,9.85,0.28,2,72.42,-326.27,-229.86,109,E
2024/11/02 21:19:55,20.50,2309,3269,46,-0.48,9.85,0.30,3,71.82,-324.43,-230.47,111,E
2024/11/02 21:19:55,20.50,2309,3268,45,-0.44,9.87,0.35,3,72.57,-326.74,-230.05,105,E
2024/11/02 21:19:56,20.50,2308,3266,45,-0.44,9.83,0.32,3,71.77,-326.75,-229.78,108,E
2024/11/02 21:19:56,20.50,2308,3266,45,-0.45,9.87,0.29,3,71.61,-326.75,-229.69,111,E
2024/11/02 21:19:57,20.50,2308,3266,45,-0.43,9.85,0.33,3,71.13,-327.01,-229.96,106,E
2024/11/02 21:19:57,20.56,2308,3266,45,-0.46,9.83,0.31,3,72.58,-326.03,-229.86,109,E
2024/11/02 21:19:58,20.56,2308,3265,45,-0.44,9.84,0.25,2,71.48,-325.59,-229.85,114,SE
2024/11/02 21:19:58,20.56,2308,3264,45,-0.44,9.81,0.38,3,72.42,-326.02,-229.68,103,E
2024/11/02 21:19:59,20.56,2307,3265,45,-0.43,9.83,0.25,2,71.78,-326.53,-230.14,113,SE
2024/11/02 21:19:59,20.56,2307,3264,45,-0.43,9.82,0.36,3,71.77,-326.76,-229.96,104,E
2024/11/02 21:20:05,20.56,2325,3296,46,-0.44,9.82,0.29,3,71.94,-326.52,-229.86,110,E
2024/11/02 21:20:06,20.56,2319,3285,46,-0.44,9.80,0.28,3,71.31,-326.06,-229.68,111,E
2024/11/02 21:20:06,20.56,2317,3281,46,-0.43,9.88,0.30,3,71.46,-326.54,-230.22,109,E
2024/11/02 21:20:07,20.56,2315,3277,46,-0.40,9.87,0.29,2,72.28,-325.08,-229.48,108,E
2024/11/02 21:20:07,20.56,2313,3274,46,-0.45,9.84,0.31,3,72.42,-326.28,-230.22,109,E
2024/11/02 21:20:08,20.56,2312,3272,45,-0.42,9.86,0.31,3,72.25,-326.76,-230.23,107,E
2024/11/02 21:20:08,20.56,2311,3272,46,-0.47,9.86,0.35,3,72.25,-326.50,-229.77,107,E
2024/11/02 21:20:09,20.56,2310,3270,45,-0.43,9.82,0.29,3,71.78,-326.04,-229.68,110,E
2024/11/02 21:20:09,20.56,2310,3269,45,-0.44,9.86,0.28,3,71.78,-326.29,-230.04,111,E
2024/11/02 21:20:10,20.56,2310,3269,45,-0.43,9.82,0.35,3,71.13,-327.24,-229.78,105,E
2024/11/02 21:20:10,20.56,2309,3268,45,-0.41,9.88,0.29,2,72.27,-325.81,-230.13,108,E
2024/11/02 21:20:11,20.56,2309,3267,45,-0.43,9.80,0.25,2,71.30,-326.78,-230.23,114,SE
2024/11/02 21:20:11,20.56,2308,3266,45,-0.46,9.85,0.34,3,71.94,-326.29,-230.22,107,E
2024/11/02 21:20:12,20.56,2308,3266,45,-0.42,9.83,0.28,2,71.62,-326.53,-229.95,110,E
2024/11/02 21:20:12,20.56,2308,3266,45,-0.48,9.87,0.30,3,71.31,-325.82,-229.67,111,E
2024/11/02 21:20:13,20.56,2308,3265,45,-0.43,9.84,0.29,3,72.24,-327.46,-230.24,110,E
2024/11/02 21:20:13,20.56,2308,3265,45,-0.46,9.82,0.31,3,72.12,-325.34,-229.94,109,E
2024/11/02 21:20:14,20.56,2307,3266,45,-0.42,9.80,0.33,3,71.78,-326.54,-230.32,105,E
2024/11/02 21:20:14,20.56,2306,3264,45,-0.44,9.83,0.29,3,73.04,-326.72,-229.96,110,E
2024/11/02 21:20:15,20.56,2306,3264,45,-0.46,9.81,0.30,3,71.47,-325.84,-230.21,110,E
2024/11/02 21:20:21,20.56,2324,3295,46,-0.42,9.84,0.25,2,71.80,-325.34,-229.67,113,SE
2024/11/02 21:20:21,20.56,2319,3285,46,-0.39,9.86,0.31,2,71.60,-327.23,-229.78,105,E
2024/11/02 21:20:22,20.56,2317,3280,46,-0.46,9.83,0.30,3,71.95,-325.82,-230.12,110,E
2024/11/02 21:20:22,20.56,2315,3277,46,-0.43,9.82,0.33,3,71.95,-325.81,-229.94,106,E
2024/11/02 21:20:23,20.56,2313,3274,46,-0.43,9.86,0.33,3,71.01,-325.39,-230.48,106,E
2024/11/02 21:20:23,20.56,2311,3272,46,-0.44,9.80,0.27,3,71.62,-326.54,-230.13,112,E
2024/11/02 21:20:24,20.56,2311,3271,45,-0.47,9.85,0.34,3,71.48,-325.60,-230.12,108,E
2024/11/02 21:20:24,20.50,2311,3270,45,-0.43,9.82,0.29,3,71.63,-326.06,-230.13,109,E
2024/11/02 21:20:25,20.50,2310,3269,45,-0.44,9.83,0.30,3,72.72,-326.98,-230.23,109,E
2024/11/02 21:20:25,20.50,2309,3268,45,-0.43,9.82,0.31,3,71.93,-326.99,-230.05,108,E
2024/11/02 21:20:26,20.50,2309,3267,45,-0.43,9.82,0.31,3,71.45,-327.02,-230.32,108,E
2024/11/02 21:20:26,20.50,2308,3268,46,-0.43,9.86,0.33,3,71.63,-326.06,-230.04,106,E
2024/11/02 21:20:27,20.50,2308,3265,45,-0.46,9.82,0.30,3,72.29,-324.87,-230.11,110,E
2024/11/02 21:20:27,20.50,2307,3265,45,-0.42,9.83,0.33,3,71.44,-327.22,-229.60,106,E
2024/11/02 21:20:28,20.50,2308,3265,45,-0.42,9.83,0.29,2,71.59,-327.94,-230.07,109,E
2024/11/02 21:20:28,20.56,2307,3265,45,-0.46,9.83,0.26,3,72.73,-326.48,-229.60,114,SE
2024/11/02 21:20:29,20.56,2307,3264,45,-0.42,9.84,0.32,3,72.12,-325.34,-229.94,106,E
2024/11/02 21:20:29,20.56,2307,3265,45,-0.40,9.80,0.30,2,71.15,-326.07,-229.77,107,E
2024/11/02 21:20:30,20.56,2307,3263,45,-0.44,9.84,0.35,3,71.79,-326.07,-230.31,105,E
2024/11/02 21:20:30,20.56,2307,3263,45,-0.43,9.83,0.31,3,71.80,-325.33,-229.58,108,E
2024/11/02 21:20:36,20.56,2324,3295,46,-0.43,9.82,0.30,3,72.09,-326.75,-229.87,109,E
2024/11/02 21:20:37,20.56,2319,3285,46,-0.44,9.85,0.34,3,71.31,-326.08,-230.40,106,E
2024/11/02 21:20:37,20.56,2316,3279,46,-0.42,9.81,0.31,3,71.46,-326.30,-229.95,107,E
2024/11/02 21:20:38,20.56,2315,3276,46,-0.43,9.80,0.32,3,71.30,-326.30,-229.95,107,E
2024/11/02 21:20:38,20.56,2313,3274,46,-0.44,9.85,0.33,3,71.15,-325.84,-230.03,107,E
2024/11/02 21:20:39,20.56,2312,3272,45,-0.41,9.85,0.32,3,71.61,-326.75,-229.69,106,E
2024/11/02 21:20:39,20.56,2311,3271,45,-0.42,9.81,0.28,2,70.97,-327.26,-230.14,110,E
2024/11/02 21:20:40,20.56,2310,3270,45,-0.43,9.81,0.44,3,72.42,-326.02,-229.59,98,E
2024/11/02 21:20:40,20.56,2309,3269,46,-0.40,9.83,0.31,2,72.07,-327.44,-229.61,106,E
2024/11/02 21:20:41,20.56,2309,3268,45,-0.44,9.84,0.30,3,73.22,-326.02,-230.13,109,E
2024/11/02 21:20:41,20.56,2309,3267,45,-0.42,9.84,0.34,3,72.44,-325.11,-230.30,104,E
2024/11/02 21:20:42,20.56,2309,3267,45,-0.44,9.83,0.27,3,71.32,-325.60,-230.03,112,E
2024/11/02 21:20:42,20.56,2308,3266,45,-0.42,9.80,0.32,3,71.61,-326.99,-229.78,106,E
2024/11/02 21:20:43,20.56,2308,3266,45,-0.44,9.84,0.31,3,70.98,-326.79,-230.14,108,E
2024/11/02 21:20:43,20.56,2308,3265,45,-0.45,9.85,0.34,3,72.43,-325.55,-229.67,106,E
2024/11/02 21:20:44,20.56,2308,3266,45,-0.44,9.79,0.33,3,72.26,-326.27,-229.86,107,E
2024/11/02 21:20:44,20.56,2308,3264,45,-0.48,9.88,0.32,3,71.44,-327.24,-229.87,110,E
2024/11/02 21:20:45,20.56,2307,3264,45,-0.45,9.84,0.27,3,71.79,-325.81,-229.85,112,E
2024/11/02 21:20:45,20.56,2306,3263,45,-0.40,9.82,0.30,2,72.43,-325.79,-229.76,107,E
2024/11/02 21:20:46,20.56,2307,3264,45,-0.42,9.82,0.30,3,72.43,-325.56,-229.85,108,E
2024/11/02 21:20:52,20.56,2325,3294,46,-0.43,9.84,0.34,3,71.62,-326.31,-230.40,105,E
2024/11/02 21:20:52,20.56,2319,3284,46,-0.45,9.83,0.30,3,71.92,-327.45,-229.79,110,E
2024/11/02 21:20:53,20.56,2316,3279,46,-0.44,9.85,0.33,3,71.94,-326.28,-229.77,107,E
2024/11/02 21:20:53,20.56,2314,3276,46,-0.42,9.88,0.34,3,71.31,-326.06,-229.86,105,E
2024/11/02 21:20:54,20.56,2312,3273,46,-0.45,9.84,0.35,3,72.56,-326.97,-230.05,106,E
2024/11/02 21:20:54,20.56,2311,3271,45,-0.42,9.87,0.31,3,71.62,-326.30,-230.13,107,E
2024/11/02 21:20:55,20.56,2310,3270,45,-0.45,9.84,0.32,3,71.46,-326.29,-229.68,108,E
2024/11/02 21:20:55,20.56,2310,3269,45,-0.42,9.85,0.29,2,71.31,-325.82,-229.58,109,E
2024/11/02 21:20:56,20.56,2309,3268,45,-0.47,9.80,0.32,3,71.62,-326.29,-229.77,109,E
2024/11/02 21:20:56,20.56,2309,3268,45,-0.46,9.82,0.33,3,71.62,-326.29,-229.77,108,E
2024/11/02 21:20:57,20.56,2309,3267,45,-0.44,9.84,0.32,3,70.80,-327.48,-229.61,108,E
2024/11/02 21:20:57,20.56,2308,3267,45,-0.44,9.82,0.30,3,72.29,-324.38,-229.65,109,E
2024/11/02 21:20:58,20.56,2308,3265,45,-0.42,9.85,0.30,3,72.43,-325.81,-230.22,108,E
2024/11/02 21:20:58,20.56,2307,3264,45,-0.43,9.90,0.32,3,71.28,-327.23,-229.51,107,E
2024/11/02 21:20:59,20.56,2307,3264,45,-0.47,9.87,0.31,3,71.32,-325.61,-230.21,110,E
2024/11/02 21:20:59,20.56,2307,3265,45,-0.47,9.85,0.31,3,72.42,-326.04,-230.04,110,E
2024/11/02 21:21:00,20.56,2307,3264,45,-0.46,9.86,0.27,3,72.73,-326.25,-229.68,113,SE
2024/11/02 21:21:00,20.56,2306,3263,45,-0.45,9.88,0.28,3,71.79,-325.58,-229.85,112,E
2024/11/02 21:21:01,20.56,2306,3263,45,-0.38,9.84,0.28,2,71.64,-325.36,-230.03,107,E
2024/11/02 21:21:01,20.56,2306,3262,45,-0.41,9.82,0.30,2,72.75,-325.31,-229.76,107,E
2024/11/02 21:21:07,20.56,2324,3294,46,-0.45,9.81,0.28,3,71.15,-325.83,-229.67,112,E
2024/11/02 21:21:08,20.56,2318,3283,46,-0.46,9.87,0.28,3,72.28,-324.85,-229.48,112,E
2024/11/02 21:21:08,20.56,2315,3278,46,-0.46,9.86,0.34,3,71.61,-327.02,-230.41,107,E
2024/11/02 21:21:09,20.56,2314,3277,46,-0.47,9.80,0.30,3,71.50,-324.65,-230.02,111,E
2024/11/02 21:21:09,20.56,2313,3273,45,-0.45,9.85,0.35,3,71.45,-327.01,-230.14,106,E
2024/11/02 21:21:10,20.56,2311,3271,45,-0.46,9.83,0.31,3,71.47,-325.83,-230.03,109,E
2024/11/02 21:21:10,20.56,2311,3270,45,-0.42,9.84,0.34,3,71.64,-325.11,-229.75,105,E
2024/11/02 21:21:11,20.56,2309,3269,46,-0.44,9.86,0.31,3,71.94,-326.05,-229.95,108,E
2024/11/02 21:21:11,20.56,2309,3268,45,-0.46,9.82,0.27,3,72.09,-326.50,-229.59,113,SE
2024/11/02 21:21:12,20.56,2309,3268,45,-0.44,9.85,0.31,3,72.09,-326.74,-229.60,108,E
2024/11/02 21:21:12,20.56,2308,3267,45,-0.46,9.83,0.32,3,71.17,-324.90,-230.11,109,E
2024/11/02 21:21:13,20.56,2308,3266,45,-0.43,9.85,0.31,3,71.61,-326.77,-230.14,108,E
2024/11/02 21:21:13,20.56,2307,3265,45,-0.44,9.84,0.33,3,71.93,-327.00,-230.23,107,E
2024/11/02 21:21:14,20.56,2307,3264,45,-0.43,9.79,0.25,2,71.79,-326.05,-229.86,113,SE
2024/11/02 21:21:14,20.56,2307,3264,45,-0.48,9.84,0.32,3,71.81,-324.65,-230.02,110,E
2024/11/02 21:21:15,20.56,2306,3264,45,-0.47,9.87,0.29,3,71.95,-325.81,-229.85,112,E
2024/11/02 21:21:15,20.56,2307,3264,45,-0.39,9.84,0.28,2,71.32,-325.59,-229.76,108,E
2024/11/02 21:21:16,20.56,2306,3263,45,-0.43,9.82,0.27,2,71.47,-325.80,-229.31,111,E
2024/11/02 21:21:16,20.56,2306,3263,45,-0.45,9.82,0.32,3,72.26,-326.03,-229.59,108,E
2024/11/02 21:21:17,20.56,2306,3262,45,-0.43,9.82,0.32,3,72.74,-326.02,-229.68,107,E
2024/11/02 21:21:22,20.56,2324,3293,46,-0.45,9.89,0.46,3,71.65,-325.12,-230.02,98,E
2024/11/02 21:21:23,20.56,2318,3284,46,-0.45,9.84,0.37,3,71.95,-325.80,-229.67,104,E
2024/11/02 21:21:23,20.56,2315,3278,46,-0.45,9.84,0.34,3,71.00,-325.36,-229.57,106,E
2024/11/02 21:21:24,20.56,2314,3275,46,-0.49,9.87,0.32,3,72.26,-326.28,-230.04,110,E
2024/11/02 21:21:24,20.56,2312,3273,46,-0.44,9.84,0.36,3,71.60,-327.72,-230.42,104,E
2024/11/02 21:21:25,20.56,2312,3271,45,-0.46,9.84,0.30,3,71.31,-326.08,-230.22,110,E
2024/11/02 21:21:25,20.56,2310,3270,45,-0.44,9.85,0.30,3,72.10,-326.05,-230.13,109,E
2024/11/02 21:21:26,20.56,2309,3268,45,-0.49,9.90,0.33,3,71.95,-325.58,-229.94,109,E
2024/11/02 21:21:26,20.56,2309,3268,45,-0.44,9.83,0.29,3,72.28,-325.34,-230.12,110,E
2024/11/02 21:21:27,20.56,2309,3267,45,-0.43,9.86,0.27,2,72.09,-326.51,-229.86,111,E
2024/11/02 21:21:27,20.56,2308,3266,45,-0.44,9.84,0.28,3,72.09,-326.75,-230.05,111,E
2024/11/02 21:21:28,20.56,2308,3266,45,-0.47,9.84,0.31,3,72.13,-324.87,-229.93,110,E
2024/11/02 21:21:28,20.56,2308,3264,45,-0.43,9.84,0.33,3,71.13,-327.24,-229.87,106,E
2024/11/02 21:21:29,20.56,2307,3264,45,-0.45,9.89,0.34,3,71.80,-325.11,-229.75,106,E
2024/11/02 21:21:29,20.56,2307,3264,45,-0.43,9.86,0.31,3,71.16,-325.37,-229.94,108,E
2024/11/02 21:21:30,20.56,2306,3264,45,-0.44,9.82,0.34,3,71.93,-326.76,-230.23,106,E
2024/11/02 21:21:30,20.56,2307,3264,45,-0.39,9.86,0.29,2,71.31,-325.83,-229.94,107,E
2024/11/02 21:21:31,20.56,2306,3263,45,-0.42,9.85,0.29,2,71.79,-326.05,-229.86,109,E
2024/11/02 21:21:31,20.56,2306,3263,45,-0.41,9.82,0.31,3,71.46,-326.54,-230.22,106,E
2024/11/02 21:21:32,20.56,2306,3262,45,-0.42,9.83,0.28,2,72.59,-325.31,-229.67,110,E
2024/11/02 21:21:38,20.56,2323,3294,46,-0.43,9.85,0.33,3,72.28,-325.35,-230.30,106,E
2024/11/02 21:21:38,20.56,2319,3283,46,-0.45,9.84,0.32,3,72.41,-326.76,-230.41,108,E
2024/11/02 21:21:39,20.56,2316,3278,46,-0.43,9.84,0.35,3,71.95,-325.59,-230.21,104,E
2024/11/02 21:21:39,20.56,2313,3275,46,-0.45,9.86,0.33,3,71.95,-325.57,-229.85,107,E
2024/11/02 21:21:40,20.56,2312,3273,46,-0.47,9.83,0.31,3,72.08,-327.21,-229.69,110,E
2024/11/02 21:21:40,20.56,2311,3271,45,-0.45,9.84,0.32,3,71.95,-326.07,-230.40,108,E
2024/11/02 21:21:41,20.56,2310,3269,45,-0.43,9.82,0.33,3,71.60,-327.23,-229.96,106,E
2024/11/02 21:21:41,20.56,2309,3268,45,-0.46,9.85,0.28,3,71.80,-325.59,-230.21,112,E
2024/11/02 21:21:42,20.56,2309,3267,45,-0.39,9.81,0.28,2,71.78,-326.29,-229.86,108,E
2024/11/02 21:21:42,20.56,2308,3266,45,-0.43,9.86,0.35,3,71.79,-325.83,-230.12,104,E
2024/11/02 21:21:43,20.56,2309,3265,45,-0.43,9.88,0.34,3,72.13,-324.86,-229.66,105,E
2024/11/02 21:21:43,20.56,2308,3266,45,-0.42,9.78,0.29,3,72.92,-324.85,-230.02,109,E
2024/11/02 21:21:44,20.56,2307,3265,45,-0.40,9.83,0.34,3,71.17,-325.14,-230.11,103,E
2024/11/02 21:21:44,20.56,2307,3264,45,-0.46,9.87,0.29,3,72.28,-325.11,-230.30,111,E
2024/11/02 21:21:45,20.56,2307,3264,45,-0.43,9.84,0.27,2,71.62,-326.30,-230.04,111,E
2024/11/02 21:21:45,20.56,2306,3264,45,-0.40,9.86,0.29,2,71.79,-326.05,-229.86,108,E
2024/11/02 21:21:46,20.56,2307,3263,45,-0.41,9.81,0.30,2,72.10,-326.03,-229.68,107,E
2024/11/02 21:21:46,20.56,2306,3263,45,-0.37,9.84,0.30,2,71.15,-326.04,-229.22,105,E
2024/11/02 21:21:47,20.56,2305,3262,45,-0.42,9.80,0.31,3,72.28,-325.08,-229.57,107,E
2024/11/02 21:21:47,20.56,2306,3262,45,-0.44,9.83,0.28,3,71.49,-324.88,-229.84,111,E
2024/11/02 21:21:53,20.56,2323,3293,46,-0.44,9.85,0.30,3,71.93,-326.99,-230.05,109,E
2024/11/02 21:21:54,20.56,2318,3284,46,-0.45,9.85,0.27,3,71.48,-325.59,-229.85,112,E
2024/11/02 21:21:54,20.56,2316,3278,46,-0.44,9.90,0.31,3,71.80,-325.35,-230.12,108,E
2024/11/02 21:21:55,20.56,2313,3275,46,-0.43,9.81,0.34,3,72.13,-324.64,-230.02,105,E
2024/11/02 21:21:55,20.56,2312,3273,46,-0.43,9.84,0.31,3,71.34,-324.66,-230.02,108,E
2024/11/02 21:21:56,20.56,2310,3271,46,-0.45,9.84,0.29,3,73.04,-326.73,-230.23,111,E
2024/11/02 21:21:56,20.56,2310,3269,45,-0.44,9.82,0.30,3,71.60,-327.46,-229.61,109,E
2024/11/02 21:21:57,20.56,2309,3269,46,-0.43,9.84,0.31,3,71.47,-326.06,-229.77,108,E
2024/11/02 21:21:57,20.56,2308,3267,45,-0.44,9.86,0.34,3,71.79,-325.58,-229.76,106,E
2024/11/02 21:21:58,20.56,2308,3267,45,-0.48,9.85,0.26,3,71.29,-326.77,-229.78,115,SE
2024/11/02 21:21:58,20.56,2308,3266,45,-0.47,9.81,0.38,3,71.79,-325.82,-229.94,105,E
2024/11/02 21:21:59,20.56,2307,3265,45,-0.44,9.82,0.25,2,72.43,-325.57,-230.21,115,SE
2024/11/02 21:21:59,20.56,2307,3264,45,-0.43,9.84,0.28,3,72.56,-326.96,-229.69,110,E
2024/11/02 21:22:00,20.56,2306,3264,45,-0.44,9.84,0.30,3,71.27,-328.18,-229.98,109,E
2024/11/02 21:22:00,20.56,2306,3264,45,-0.40,9.83,0.35,3,72.88,-326.95,-229.78,103,E
2024/11/02 21:22:01,20.56,2306,3264,45,-0.46,9.84,0.31,3,71.29,-326.77,-229.78,110,E
2024/11/02 21:22:01,20.56,2306,3263,45,-0.40,9.82,0.30,2,71.62,-326.53,-229.86,107,E
2024/11/02 21:22:02,20.56,2305,3263,45,-0.45,9.83,0.29,3,72.60,-324.84,-229.66,111,E
2024/11/02 21:22:02,20.56,2306,3263,45,-0.43,9.87,0.29,3,71.79,-325.81,-229.76,109,E
2024/11/02 21:22:03,20.56,2306,3262,45,-0.44,9.83,0.35,3,72.10,-326.28,-229.95,105,E
2024/11/02 21:22:09,20.56,2323,3293,46,-0.39,9.81,0.31,2,71.44,-327.24,-229.87,105,E
2024/11/02 21:22:09,20.56,2317,3283,46,-0.44,9.81,0.29,3,72.12,-325.32,-229.49,110,E
2024/11/02 21:22:10,20.56,2315,3278,46,-0.46,9.83,0.36,3,71.16,-325.35,-229.39,105,E
2024/11/02 21:22:10,20.56,2312,3275,46,-0.43,9.85,0.30,3,71.78,-326.04,-229.68,109,E
2024/11/02 21:22:11,20.56,2311,3272,46,-0.45,9.83,0.34,3,72.76,-325.08,-229.75,106,E
2024/11/02 21:22:11,20.56,2309,3270,46,-0.45,9.82,0.28,3,71.46,-326.54,-230.22,112,E
2024/11/02 21:22:12,20.56,2309,3269,46,-0.47,9.80,0.31,3,71.77,-326.77,-230.14,110,E
2024/11/02 21:22:12,20.56,2308,3266,45,-0.44,9.84,0.33,3,71.77,-326.97,-229.42,107,E
2024/11/02 21:22:13,20.56,2308,3267,45,-0.45,9.83,0.29,3,71.96,-325.10,-229.75,111,E
2024/11/02 21:22:13,20.56,2307,3266,45,-0.47,9.80,0.28,3,71.77,-326.99,-229.87,113,SE
2024/11/02 21:22:14,20.56,2307,3265,45,-0.39,9.82,0.33,3,72.09,-327.00,-230.41,103,E
2024/11/02 21:22:14,20.56,2307,3264,45,-0.45,9.86,0.30,3,71.64,-325.59,-230.12,110,E
2024/11/02 21:22:15,20.56,2306,3264,45,-0.41,9.85,0.32,3,71.63,-326.07,-230.22,106,E
2024/11/02 21:22:15,20.56,2306,3263,45,-0.43,9.83,0.30,3,71.45,-326.77,-229.96,109,E
2024/11/02 21:22:16,20.56,2305,3263,45,-0.46,9.85,0.32,3,72.74,-326.01,-229.59,109,E
2024/11/02 21:22:16,20.56,2306,3263,45,-0.42,9.86,0.28,2,72.57,-326.24,-229.32,110,E
2024/11/02 21:22:17,20.56,2306,3263,45,-0.44,9.88,0.30,3,72.88,-326.97,-230.05,109,E
2024/11/02 21:22:17,20.56,2305,3262,45,-0.45,9.84,0.32,3,71.77,-326.76,-229.87,108,E
2024/11/02 21:22:18,20.56,2305,3262,45,-0.43,9.85,0.29,3,71.94,-326.03,-229.59,110,E
2024/11/02 21:22:18,20.56,2305,3262,45,-0.45,9.83,0.34,3,72.73,-326.26,-229.86,106,E
2024/11/02 21:22:24,20.56,2322,3291,46,-0.43,9.83,0.32,3,71.49,-325.12,-229.84,107,E
2024/11/02 21:22:25,20.56,2316,3282,46,-0.45,9.85,0.33,3,71.64,-325.59,-230.12,107,E
2024/11/02 21:22:25,20.56,2314,3276,46,-0.49,9.83,0.31,3,71.77,-326.76,-229.87,111,E
2024/11/02 21:22:26,20.56,2312,3274,46,-0.42,9.84,0.30,3,71.78,-326.55,-230.77,108,E
2024/11/02 21:22:26,20.56,2311,3271,45,-0.42,9.82,0.32,3,71.93,-327.00,-230.14,106,E
2024/11/02 21:22:27,20.56,2310,3269,45,-0.43,9.85,0.32,3,72.25,-326.73,-229.51,107,E
2024/11/02 21:22:27,20.56,2309,3267,45,-0.47,9.82,0.30,3,71.78,-326.53,-230.23,111,E
2024/11/02 21:22:28,20.56,2308,3266,45,-0.42,9.86,0.28,2,71.46,-326.51,-229.23,110,E
2024/11/02 21:22:28,20.56,2308,3265,45,-0.44,9.84,0.34,3,71.80,-325.11,-229.84,106,E
2024/11/02 21:22:29,20.56,2308,3264,45,-0.44,9.81,0.29,3,72.76,-325.08,-229.94,110,E
2024/11/02 21:22:29,20.56,2306,3263,45,-0.46,9.86,0.30,3,73.06,-326.02,-230.04,110,E
2024/11/02 21:22:30,20.56,2306,3265,45,-0.43,9.84,0.27,2,72.25,-326.76,-230.41,111,E
2024/11/02 21:22:30,20.56,2306,3263,45,-0.41,9.85,0.22,2,71.94,-326.54,-230.41,116,SE
2024/11/02 21:22:31,20.56,2306,3262,45,-0.42,9.85,0.30,3,71.46,-326.29,-229.77,108,E
2024/11/02 21:22:31,20.56,2306,3262,45,-0.40,9.82,0.36,3,72.27,-325.56,-229.58,102,E
2024/11/02 21:22:32,20.56,2305,3261,45,-0.43,9.84,0.32,3,71.78,-326.30,-230.31,107,E
2024/11/02 21:22:32,20.56,2305,3261,45,-0.41,9.83,0.34,3,71.46,-326.31,-230.31,104,E
2024/11/02 21:22:33,20.56,2305,3260,45,-0.45,9.86,0.32,3,71.94,-326.52,-229.95,108,E
2024/11/02 21:22:33,20.56,2304,3260,45,-0.44,9.84,0.34,3,72.27,-325.57,-229.85,106,E
2024/11/02 21:22:34,20.56,2305,3260,45,-0.47,9.83,0.34,3,71.94,-326.05,-229.95,108,E
2024/11/02 21:22:40,20.56,2322,3290,46,-0.42,9.84,0.37,3,71.48,-325.60,-230.12,102,E
2024/11/02 21:22:40,20.56,2317,3282,46,-0.45,9.84,0.32,3,71.93,-326.98,-229.69,108,E
2024/11/02 21:22:41,20.56,2314,3278,46,-0.40,9.81,0.29,2,71.77,-326.76,-229.87,108,E
2024/11/02 21:22:41,20.56,2312,3273,46,-0.47,9.85,0.30,3,71.96,-325.34,-229.85,111,E
2024/11/02 21:22:42,20.56,2310,3270,45,-0.42,9.85,0.31,3,72.11,-325.82,-230.13,107,E
2024/11/02 21:22:42,20.56,2310,3268,45,-0.48,9.86,0.28,3,72.41,-326.49,-229.68,113,SE
2024/11/02 21:22:43,20.56,2309,3267,45,-0.41,9.81,0.30,2,71.79,-325.81,-229.85,107,E
2024/11/02 21:22:43,20.56,2308,3267,45,-0.47,9.82,0.34,3,71.95,-326.07,-230.49,108,E
2024/11/02 21:22:44,20.56,2308,3265,45,-0.41,9.85,0.31,3,73.06,-326.02,-230.13,106,E
2024/11/02 21:22:44,20.56,2308,3265,45,-0.42,9.85,0.28,2,72.72,-327.20,-229.88,110,E
2024/11/02 21:22:45,20.56,2307,3264,45,-0.44,9.81,0.32,3,71.30,-326.56,-230.50,107,E
2024/11/02 21:22:45,20.56,2306,3264,45,-0.47,9.87,0.32,3,71.01,-324.89,-229.75,109,E
2024/11/02 21:22:46,20.56,2306,3263,45,-0.45,9.85,0.33,3,71.62,-326.27,-229.41,107,E
2024/11/02 21:22:46,20.56,2306,3262,45,-0.44,9.82,0.34,3,71.78,-326.28,-229.77,106,E
2024/11/02 21:22:47,20.56,2306,3261,45,-0.42,9.87,0.31,3,72.88,-326.72,-229.78,107,E
2024/11/02 21:22:47,20.56,2305,3262,45,-0.46,9.83,0.41,3,72.11,-325.82,-230.22,102,E
2024/11/02 21:22:48,20.56,2305,3261,45,-0.47,9.81,0.32,3,72.10,-326.30,-230.40,109,E
2024/11/02 21:22:48,20.56,2305,3261,45,-0.46,9.84,0.32,3,72.59,-325.81,-230.31,109,E
2024/11/02 21:22:49,20.56,2305,3261,45,-0.40,9.86,0.27,2,72.44,-325.10,-230.12,109,E
2024/11/02 21:22:49,20.56,2304,3261,45,-0.45,9.84,0.29,3,71.31,-325.83,-229.76,111,E
2024/11/02 21:22:55,20.56,2322,3291,46,-0.42,9.83,0.34,3,71.81,-324.63,-229.66,105,E
2024/11/02 21:22:56,20.56,2316,3281,46,-0.40,9.88,0.32,2,71.80,-325.12,-230.11,105,E
2024/11/02 21:22:56,20.56,2314,3277,46,-0.45,9.85,0.29,3,72.43,-325.32,-229.58,111,E
2024/11/02 21:22:57,20.56,2312,3272,45,-0.46,9.83,0.29,3,70.99,-326.06,-229.49,111,E
2024/11/02 21:22:57,20.56,2311,3271,45,-0.43,9.83,0.32,3,71.46,-326.30,-230.04,107,E
2024/11/02 21:22:58,20.56,2309,3268,45,-0.46,9.80,0.31,3,71.94,-326.04,-229.68,110,E
2024/11/02 21:22:58,20.56,2309,3267,45,-0.42,9.83,0.32,3,71.30,-326.31,-230.13,106,E
2024/11/02 21:22:59,20.56,2308,3266,45,-0.43,9.84,0.36,3,71.81,-325.12,-230.20,104,E
2024/11/02 21:22:59,20.56,2308,3266,45,-0.47,9.84,0.31,3,71.00,-325.37,-229.94,110,E
2024/11/02 21:23:00,20.56,2307,3265,45,-0.45,9.83,0.28,3,71.28,-327.46,-229.52,112,E
2024/11/02 21:23:00,20.56,2306,3264,45,-0.41,9.85,0.30,2,72.27,-325.57,-229.85,107,E
2024/11/02 21:23:01,20.56,2306,3263,45,-0.46,9.81,0.31,3,70.98,-326.55,-230.04,110,E
2024/11/02 21:23:01,20.56,2305,3262,45,-0.44,9.83,0.30,3,72.56,-326.98,-230.23,109,E
2024/11/02 21:23:02,20.56,2305,3262,45,-0.43,9.81,0.29,3,71.31,-326.08,-230.22,109,E
2024/11/02 21:23:02,20.56,2306,3261,45,-0.45,9.83,0.34,3,72.23,-327.68,-229.88,107,E
2024/11/02 21:23:03,20.56,2305,3261,45,-0.41,9.82,0.29,2,72.58,-326.03,-229.95,108,E
2024/11/02 21:23:03,20.56,2304,3261,45,-0.50,9.87,0.30,3,72.27,-325.56,-229.76,112,E
2024/11/02 21:23:04,20.56,2305,3260,45,-0.44,9.84,0.26,2,71.65,-324.86,-229.39,113,SE
2024/11/02 21:23:04,20.56,2305,3261,45,-0.47,9.82,0.31,3,71.31,-326.08,-230.22,110,E
2024/11/02 21:23:05,20.56,2305,3260,45,-0.43,9.83,0.28,3,72.25,-326.53,-230.41,110,E
2024/11/02 21:23:11,20.56,2322,3291,46,-0.42,9.83,0.32,3,72.11,-325.81,-229.94,106,E
2024/11/02 21:23:11,20.56,2316,3281,46,-0.45,9.86,0.32,3,71.16,-325.60,-229.85,108,E
2024/11/02 21:23:12,20.56,2314,3276,46,-0.47,9.82,0.30,3,72.10,-326.04,-229.77,111,E
2024/11/02 21:23:12,20.56,2311,3272,46,-0.43,9.84,0.35,3,71.65,-325.12,-229.93,104,E
2024/11/02 21:23:13,20.56,2310,3270,45,-0.42,9.83,0.31,3,71.64,-325.60,-230.39,107,E
2024/11/02 21:23:13,20.56,2309,3268,45,-0.40,9.80,0.32,3,71.29,-327.03,-230.41,105,E
2024/11/02 21:23:14,20.56,2308,3268,46,-0.42,9.83,0.37,3,71.97,-324.66,-230.56,102,E
2024/11/02 21:23:14,20.56,2307,3267,46,-0.43,9.84,0.33,3,71.15,-326.06,-229.68,106,E
2024/11/02 21:23:15,20.56,2307,3265,45,-0.43,9.83,0.30,3,72.42,-326.26,-229.68,109,E
2024/11/02 21:23:15,20.56,2306,3264,45,-0.40,9.85,0.28,2,72.30,-324.15,-229.74,108,E
2024/11/02 21:23:16,20.56,2307,3263,45,-0.44,9.81,0.31,3,71.16,-325.84,-230.12,108,E
2024/11/02 21:23:16,20.56,2306,3263,45,-0.44,9.82,0.30,3,71.15,-326.31,-230.13,109,E
2024/11/02 21:23:17,20.56,2305,3263,45,-0.45,9.77,0.29,3,71.78,-326.54,-230.50,111,E
2024/11/02 21:23:17,20.56,2305,3261,45,-0.44,9.81,0.30,3,72.27,-325.82,-230.31,109,E
2024/11/02 21:23:18,20.56,2305,3261,45,-0.47,9.85,0.27,3,71.96,-325.35,-230.03,113,SE
2024/11/02 21:23:18,20.56,2305,3261,45,-0.40,9.86,0.32,2,71.64,-325.58,-229.76,105,E
2024/11/02 21:23:19,20.56,2305,3261,45,-0.45,9.88,0.30,3,71.93,-326.98,-229.78,110,E
2024/11/02 21:23:19,20.56,2305,3260,45,-0.40,9.86,0.31,2,71.79,-325.81,-229.85,106,E
2024/11/02 21:23:20,20.56,2304,3259,45,-0.46,9.85,0.34,3,71.95,-325.80,-229.67,107,E
2024/11/02 21:23:20,20.56,2304,3259,45,-0.46,9.84,0.29,3,72.59,-325.32,-229.76,111,E
2024/11/02 21:23:26,20.56,2321,3290,46,-0.44,9.83,0.30,3,70.53,-325.37,-229.57,109,E
2024/11/02 21:23:27,20.56,2316,3280,46,-0.43,9.83,0.33,3,71.45,-326.76,-229.87,106,E
2024/11/02 21:23:27,20.56,2314,3275,46,-0.41,9.81,0.30,2,73.23,-325.55,-230.21,107,E
2024/11/02 21:23:28,20.56,2311,3272,46,-0.46,9.86,0.34,3,71.62,-326.29,-229.77,107,E
2024/11/02 21:23:28,20.56,2310,3269,45,-0.39,9.84,0.32,2,71.14,-326.55,-230.13,104,E
2024/11/02 21:23:29,20.56,2309,3268,45,-0.41,9.84,0.33,3,71.47,-326.06,-229.86,105,E
2024/11/02 21:23:29,20.56,2308,3266,45,-0.45,9.84,0.34,3,72.75,-325.55,-229.85,106,E
2024/11/02 21:23:30,20.56,2308,3265,45,-0.41,9.84,0.31,3,72.12,-325.10,-229.93,106,E
2024/11/02 21:23:30,20.56,2307,3264,45,-0.40,9.84,0.33,3,71.31,-325.84,-230.12,104,E
2024/11/02 21:23:31,20.56,2307,3265,45,-0.45,9.85,0.32,3,72.22,-328.15,-229.89,108,E
2024/11/02 21:23:31,20.56,2306,3263,45,-0.42,9.88,0.29,2,71.29,-327.25,-230.14,109,E
2024/11/02 21:23:32,20.56,2306,3262,45,-0.46,9.84,0.33,3,71.77,-326.76,-229.87,108,E
2024/11/02 21:23:32,20.56,2305,3261,45,-0.39,9.80,0.34,3,71.30,-326.53,-229.86,103,E
2024/11/02 21:23:33,20.56,2304,3262,45,-0.42,9.84,0.28,2,71.50,-324.65,-229.84,110,E
2024/11/02 21:23:33,20.56,2304,3261,45,-0.42,9.84,0.25,2,71.58,-328.40,-229.62,114,SE
2024/11/02 21:23:34,20.56,2304,3260,45,-0.44,9.82,0.28,3,71.30,-326.31,-230.04,111,E
2024/11/02 21:23:34,20.56,2304,3260,45,-0.40,9.84,0.33,3,71.32,-325.59,-229.76,104,E
2024/11/02 21:23:35,20.56,2304,3259,45,-0.45,9.86,0.31,3,71.79,-325.80,-229.49,109,E
2024/11/02 21:23:35,20.56,2304,3259,45,-0.45,9.85,0.29,3,71.79,-325.80,-229.58,111,E
2024/11/02 21:23:36,20.56,2304,3259,45,-0.45,9.82,0.29,3,71.46,-326.32,-230.49,111,E
2024/11/02 21:23:42,20.56,2320,3289,46,-0.34,9.86,0.22,2,71.63,-326.06,-230.13,112,E
2024/11/02 21:23:42,20.56,2308,3265,45,-0.25,9.65,-0.29,2,72.14,-324.39,-229.83,195,S
2024/11/02 21:23:43,20.56,2484,3528,50,-0.49,9.81,0.14,2,71.83,-323.70,-229.91,128,SE
2024/11/02 21:23:43,20.56,2385,3383,48,-0.74,10.66,1.15,7,71.64,-325.62,-230.84,86,E
2024/11/02 21:23:44,20.56,2282,3226,45,2.70,8.82,2.34,22,70.41,-341.49,-239.38,6,N
2024/11/02 21:23:44,20.56,636,892,11,4.16,7.07,5.34,43,74.52,-352.64,-251.37,19,N
2024/11/02 21:23:45,20.56,970,1345,17,6.11,4.55,6.21,62,85.10,-365.50,-257.90,15,N
2024/11/02 21:23:45,20.56,974,1350,17,5.82,3.30,7.13,70,89.26,-365.36,-263.69,26,NE
2024/11/02 21:23:46,20.56,973,1350,17,5.91,2.59,7.35,74,91.02,-364.92,-265.67,30,NE
2024/11/02 21:23:46,20.56,930,1285,16,5.73,1.91,7.46,78,93.86,-366.56,-267.69,35,NE
2024/11/02 21:23:47,20.56,883,1216,14,5.63,1.83,7.74,79,94.35,-366.12,-269.04,38,NE
2024/11/02 21:23:47,20.56,780,1062,12,5.43,1.38,7.84,81,95.34,-364.48,-269.83,43,NE
2024/11/02 21:23:48,20.56,765,1044,12,5.42,1.35,8.17,82,95.99,-364.28,-271.27,44,NE
2024/11/02 21:23:48,20.56,772,1055,12,5.31,0.97,8.08,84,97.40,-365.21,-272.10,48,NE
2024/11/02 21:23:49,20.56,784,1070,12,5.22,1.02,8.18,83,97.43,-364.06,-272.62,48,NE
2024/11/02 21:23:49,20.56,801,1096,12,5.04,3.39,8.11,70,88.40,-361.60,-269.14,36,NE
2024/11/02 21:23:50,20.56,835,1141,13,3.82,7.62,4.25,36,72.23,-347.95,-249.94,13,N
2024/11/02 21:23:50,20.56,895,1229,14,-0.71,10.51,0.83,5,72.97,-322.21,-228.54,93,E
2024/11/02 21:23:51,20.56,790,1079,12,-0.05,9.43,-1.24,7,74.16,-318.48,-230.29,234,SW
2024/11/02 21:23:51,20.56,628,849,9,-0.69,9.85,-0.11,4,73.65,-313.23,-233.91,151,SE
2024/11/02 21:23:57,20.56,436,577,5,8.04,0.15,-5.70,89,100.19,-355.94,-209.97,286,W
2024/11/02 21:23:58,20.56,467,619,6,7.85,-0.37,-5.96,87,102.61,-353.96,-209.22,285,W
2024/11/02 21:23:58,20.56,787,1069,12,7.44,-0.09,-5.72,89,104.00,-356.01,-208.80,286,W
2024/11/02 21:23:59,20.56,1648,2346,33,7.46,-0.50,-5.74,86,104.34,-354.83,-208.70,285,W
2024/11/02 21:23:59,20.56,2073,2961,43,7.96,-0.91,-5.49,84,106.38,-356.45,-209.63,284,W
2024/11/02 21:24:00,20.56,2208,3131,44,8.79,-0.91,-4.76,84,101.07,-360.28,-213.64,283,W
2024/11/02 21:24:00,20.56,2208,3131,44,8.20,-0.77,-4.35,85,104.72,-360.67,-214.47,284,W
2024/11/02 21:24:01,20.56,1068,1489,19,9.11,-1.79,-4.04,79,108.49,-363.49,-217.23,281,W
2024/11/02 21:24:01,20.56,2205,3128,44,7.68,-3.34,-4.96,69,116.04,-358.35,-211.39,277,W
2024/11/02 21:24:02,20.56,2252,3192,45,6.34,-4.73,-5.29,60,124.54,-353.76,-208.64,276,W
2024/11/02 21:24:02,20.56,2227,3157,44,6.25,-5.84,-5.07,54,131.92,-350.77,-209.78,274,W
2024/11/02 21:24:03,20.56,2215,3141,44,3.99,-7.62,-3.80,35,144.16,-342.76,-212.49,271,W
2024/11/02 21:24:03,20.56,2213,3139,44,4.08,-8.16,-3.51,33,146.10,-341.37,-214.37,268,W
2024/11/02 21:24:04,20.56,2211,3136,44,3.72,-8.24,-3.44,31,147.24,-340.16,-214.27,269,W
2024/11/02 21:24:04,20.56,2207,3129,44,3.75,-8.15,-3.71,32,146.61,-339.69,-213.90,271,W
2024/11/02 21:24:05,20.56,2205,3127,44,3.59,-8.25,-3.68,31,146.64,-338.53,-214.24,272,W
2024/11/02 21:24:05,20.56,2213,3139,44,3.58,-8.27,-3.60,31,148.69,-339.16,-213.89,271,W
2024/11/02 21:24:06,20.56,2218,3147,44,3.47,-8.30,-3.61,31,146.81,-337.58,-214.23,272,W
2024/11/02 21:24:06,20.56,2210,3136,44,3.53,-8.29,-3.61,31,147.88,-339.91,-214.35,271,W
2024/11/02 21:24:07,20.56,2204,3125,44,5.07,-5.10,-6.47,58,128.44,-340.56,-204.30,282,W
2024/11/02 21:24:13,20.56,2218,3142,44,-0.42,9.84,0.44,3,74.73,-309.47,-247.04,94,E
2024/11/02 21:24:13,20.56,2213,3133,44,-0.42,9.87,0.47,3,75.06,-308.54,-247.39,92,E
2024/11/02 21:24:14,20.56,2211,3128,43,-0.40,9.80,0.35,3,74.90,-308.79,-247.66,99,E
2024/11/02 21:24:14,20.56,2209,3126,43,-0.44,9.85,0.44,3,73.81,-307.86,-247.28,95,E
2024/11/02 21:24:15,20.56,2208,3123,43,-0.38,9.98,0.64,4,75.04,-309.94,-247.32,81,E
2024/11/02 21:24:15,20.56,2206,3121,43,-0.40,9.83,0.39,3,74.58,-308.76,-246.85,96,E
2024/11/02 21:24:16,20.56,2206,3121,43,-0.44,9.82,0.35,3,74.72,-309.72,-247.40,102,E
2024/11/02 21:24:16,20.56,2206,3119,43,-0.45,9.82,0.41,3,74.26,-309.26,-247.21,98,E
2024/11/02 21:24:17,20.56,2205,3118,43,-0.43,9.84,0.42,3,74.22,-311.15,-247.42,96,E
2024/11/02 21:24:17,20.56,2205,3118,43,-0.46,9.84,0.46,3,74.08,-309.98,-247.59,95,E
2024/11/02 21:24:18,20.56,2204,3118,43,-0.44,9.83,0.41,3,73.94,-309.27,-247.21,97,E
2024/11/02 21:24:18,20.56,2204,3118,43,-0.38,9.81,0.55,3,75.04,-309.96,-247.77,85,E
2024/11/02 21:24:19,20.56,2204,3118,43,-0.44,9.79,0.47,3,74.91,-308.53,-247.21,93,E
2024/11/02 21:24:19,20.56,2203,3117,43,-0.44,9.87,0.38,3,74.27,-308.80,-247.48,99,E
2024/11/02 21:24:20,20.56,2204,3117,43,-0.38,9.82,0.42,3,74.27,-308.55,-247.20,92,E
2024/11/02 21:24:20,20.56,2204,3116,43,-0.40,9.79,0.41,3,74.90,-308.77,-247.30,94,E
2024/11/02 21:24:21,20.56,2203,3116,43,-0.45,9.84,0.43,3,73.32,-308.61,-247.92,96,E
2024/11/02 21:24:21,20.56,2203,3115,43,-0.46,9.84,0.40,3,75.37,-309.01,-247.66,99,E
2024/11/02 21:24:22,20.56,2203,3116,43,-0.40,9.83,0.45,3,74.10,-309.04,-247.48,92,E
2024/11/02 21:24:22,20.56,2203,3116,43,-0.45,9.83,0.40,3,74.42,-308.80,-247.57,98,E
2024/11/02 21:24:28,20.56,2221,3146,44,-0.47,9.84,0.45,3,74.24,-310.19,-247.14,96,E
2024/11/02 21:24:29,20.56,2216,3137,44,-0.41,9.87,0.39,3,75.22,-308.52,-247.12,97,E
2024/11/02 21:24:29,20.56,2214,3132,43,-0.42,9.87,0.44,3,73.98,-307.16,-247.54,94,E
2024/11/02 21:24:30,20.56,2211,3128,43,-0.41,9.85,0.41,3,74.29,-307.39,-247.46,95,E
2024/11/02 21:24:30,20.56,2210,3126,43,-0.44,9.84,0.35,3,73.65,-307.89,-247.91,101,E
2024/11/02 21:24:31,20.56,2209,3124,43,-0.47,9.82,0.41,3,74.43,-308.32,-247.47,99,E
2024/11/02 21:24:31,20.56,2207,3123,43,-0.43,9.80,0.40,3,74.57,-309.25,-247.31,97,E
2024/11/02 21:24:32,20.56,2207,3122,43,-0.42,9.84,0.46,3,74.27,-308.57,-247.57,93,E
2024/11/02 21:24:32,20.56,2207,3121,43,-0.40,9.82,0.42,3,74.28,-308.08,-247.20,94,E
2024/11/02 21:24:33,20.56,2207,3120,43,-0.48,9.81,0.38,3,74.58,-308.78,-247.30,102,E
2024/11/02 21:24:33,20.56,2206,3120,43,-0.43,9.86,0.36,3,74.10,-309.05,-247.75,100,E
2024/11/02 21:24:34,20.56,2205,3119,43,-0.43,9.81,0.43,3,74.26,-309.03,-247.48,95,E
2024/11/02 21:24:34,20.56,2205,3118,43,-0.44,9.82,0.41,3,74.91,-308.54,-247.39,97,E
2024/11/02 21:24:35,20.56,2204,3118,43,-0.47,9.82,0.41,3,74.25,-309.49,-247.22,99,E
2024/11/02 21:24:35,20.56,2204,3117,43,-0.41,9.82,0.44,3,74.26,-309.27,-247.67,93,E
2024/11/02 21:24:36,20.56,2204,3117,43,-0.43,9.89,0.40,3,74.59,-308.31,-247.29,97,E
2024/11/02 21:24:36,20.56,2204,3116,43,-0.41,9.85,0.41,3,73.46,-309.53,-247.49,95,E
2024/11/02 21:24:37,20.56,2204,3116,43,-0.43,9.82,0.47,3,74.91,-308.31,-247.47,93,E
2024/11/02 21:24:37,20.56,2203,3116,43,-0.42,9.82,0.42,3,73.79,-308.58,-247.47,95,E
2024/11/02 21:24:38,20.56,2203,3116,43,-0.44,9.81,0.42,3,73.78,-309.29,-247.57,96,E
2024/11/02 21:24:44,20.56,2220,3145,44,-0.43,9.84,0.37,3,73.80,-308.10,-247.38,99,E
2024/11/02 21:24:44,20.56,2215,3136,44,-0.23,3.35,-1.51,24,74.75,-308.56,-247.84,229,SW
2024/11/02 21:24:45,20.56,2212,3131,44,-0.43,9.82,0.45,3,74.42,-308.78,-247.21,94,E
2024/11/02 21:24:45,20.56,2210,3127,43,-0.47,9.83,0.41,3,74.74,-309.02,-247.39,99,E
2024/11/02 21:24:46,20.56,2209,3125,43,-0.43,9.79,0.36,3,74.59,-308.30,-247.11,100,E
2024/11/02 21:24:46,20.56,2208,3123,43,-0.47,9.82,0.44,3,74.28,-308.09,-247.38,97,E
2024/11/02 21:24:47,20.56,2207,3123,43,-0.45,9.83,0.40,3,75.19,-310.41,-247.32,99,E
2024/11/02 21:24:47,20.56,2206,3121,43,-0.44,9.87,0.45,3,75.05,-309.23,-247.22,95,E
2024/11/02 21:24:48,20.56,2206,3120,43,-0.44,9.86,0.29,3,74.09,-309.50,-247.31,107,E
2024/11/02 21:24:48,20.56,2345,3309,45,-0.45,9.83,-0.10,2,74.24,-309.97,-247.41,153,SE
2024/11/02 21:24:49,20.56,2576,3664,52,-0.44,9.87,-0.54,4,74.08,-309.97,-247.22,193,S
2024/11/02 21:24:49,20.56,2359,3336,46,-0.45,9.82,0.46,3,74.09,-309.51,-247.67,95,E
2024/11/02 21:24:50,20.56,2428,3440,48,-0.65,9.90,0.95,6,73.94,-309.33,-248.75,84,E
2024/11/02 21:24:50,20.56,2352,3328,46,-0.50,9.83,0.31,3,74.91,-308.63,-249.82,108,E
2024/11/02 21:24:51,20.56,2397,3398,48,-0.42,9.82,0.41,3,74.44,-308.44,-250.63,95,E
2024/11/02 21:24:51,20.56,2434,3454,49,-0.37,9.85,0.51,3,74.13,-308.19,-250.00,86,E
2024/11/02 21:24:52,20.56,2402,3406,48,-0.42,9.88,0.39,3,74.58,-309.60,-250.38,97,E
2024/11/02 21:24:52,20.56,2404,3408,48,-0.39,9.84,0.38,3,74.57,-310.06,-249.93,96,E
2024/11/02 21:24:53,20.56,2405,3409,48,-0.41,9.85,0.36,3,73.62,-310.12,-250.93,99,E
2024/11/02 21:24:53,20.56,2424,3439,48,-0.45,9.81,0.39,3,74.43,-308.90,-250.37,99,E
2024/11/02 21:24:59,20.62,2425,3440,48,0.03,9.98,3.42,18,74.73,-310.11,-251.47,49,NE
2024/11/02 21:24:59,20.62,2538,3610,51,-0.45,9.88,0.33,3,74.75,-309.41,-251.55,103,E
2024/11/02 21:25:00,20.62,2404,3408,48,-0.54,9.82,0.23,3,74.93,-308.20,-250.81,117,SE
2024/11/02 21:25:00,20.62,2502,3559,51,-0.57,9.81,0.28,3,73.97,-308.51,-251.90,113,SE
2024/11/02 21:25:01,20.62,2440,3464,49,-0.50,9.84,0.30,3,75.09,-308.23,-251.62,108,E
2024/11/02 21:25:02,20.62,2456,3487,49,-0.30,9.85,0.32,2,74.28,-309.20,-251.82,93,E
2024/11/02 21:25:02,20.62,2457,3489,49,-0.36,9.86,0.28,2,74.42,-309.65,-251.55,102,E
2024/11/02 21:25:03,20.56,2425,3438,48,-0.28,9.81,0.34,2,74.75,-309.17,-251.55,90,E
2024/11/02 21:25:03,20.56,2430,3447,48,-0.44,9.89,0.36,3,73.80,-309.20,-251.54,100,E
2024/11/02 21:25:04,20.56,2430,3448,49,-0.41,9.79,0.31,3,74.59,-309.16,-251.18,103,E
2024/11/02 21:25:04,20.56,2436,3455,49,-0.38,9.76,0.33,2,73.46,-309.91,-251.37,99,E
2024/11/02 21:25:05,20.56,2434,3453,49,-0.39,9.81,0.33,3,74.90,-309.65,-251.73,99,E
2024/11/02 21:25:05,20.56,2433,3451,49,-0.43,9.81,0.30,3,74.77,-307.99,-251.26,105,E
2024/11/02 21:25:06,20.56,2433,3451,49,-0.43,9.84,0.35,3,74.73,-310.11,-251.38,101,E
2024/11/02 21:25:06,20.56,2431,3448,48,-0.43,9.82,0.35,3,73.95,-309.43,-251.55,100,E
2024/11/02 21:25:06,20.56,2430,3447,48,-0.38,9.83,0.31,2,74.75,-309.17,-251.46,100,E
2024/11/02 21:25:07,20.56,2432,3449,48,-0.43,9.83,0.33,3,74.26,-309.64,-251.19,102,E
2024/11/02 21:25:07,20.56,2432,3448,48,-0.42,9.83,0.30,3,74.45,-308.47,-251.44,104,E
2024/11/02 21:25:08,20.56,2431,3448,48,-0.39,9.87,0.35,3,75.06,-309.88,-251.83,98,E
2024/11/02 21:25:08,20.56,2431,3449,49,-0.46,9.83,0.39,3,74.41,-310.37,-251.83,99,E
2024/11/02 21:25:14,20.56,2449,3481,49,-0.40,9.86,0.37,3,74.26,-309.89,-251.56,97,E
2024/11/02 21:25:15,20.56,2445,3472,49,-0.44,9.84,0.33,3,75.88,-308.44,-251.72,103,E
2024/11/02 21:25:15,20.56,2438,3460,49,-0.41,9.83,0.34,3,73.01,-309.00,-251.72,100,E
2024/11/02 21:25:16,20.56,2437,3458,49,-0.45,9.82,0.33,3,74.58,-309.88,-251.47,103,E
2024/11/02 21:25:16,20.56,2437,3458,49,-0.38,9.79,0.33,2,75.06,-309.39,-251.19,99,E
2024/11/02 21:25:17,20.56,2435,3455,49,-0.44,9.86,0.34,3,74.29,-308.50,-251.90,102,E
2024/11/02 21:25:17,20.56,2437,3456,49,-0.45,9.88,0.33,3,74.44,-308.73,-251.99,103,E
2024/11/02 21:25:18,20.56,2436,3456,49,-0.44,9.84,0.31,3,74.43,-309.43,-251.82,104,E
2024/11/02 21:25:18,20.56,2435,3454,49,-0.42,9.85,0.34,3,74.76,-308.46,-251.45,101,E
2024/11/02 21:25:19,20.56,2435,3454,49,-0.40,9.85,0.30,2,74.91,-309.41,-251.73,103,E
2024/11/02 21:25:19,20.56,2431,3448,48,-0.42,9.85,0.35,3,74.29,-308.24,-251.26,100,E
2024/11/02 21:25:20,20.56,2432,3450,49,-0.42,9.80,0.32,3,74.75,-309.18,-251.64,102,E
2024/11/02 21:25:20,20.56,2433,3451,49,-0.42,9.85,0.29,2,73.94,-310.12,-251.20,105,E
2024/11/02 21:25:21,20.56,2431,3449,49,-0.40,9.89,0.33,3,74.59,-309.18,-251.55,100,E
2024/11/02 21:25:21,20.56,2431,3449,49,-0.43,9.83,0.34,3,75.86,-309.15,-251.73,101,E
2024/11/02 21:25:22,20.56,2431,3447,48,-0.42,9.83,0.39,3,74.28,-308.96,-251.72,97,E
2024/11/02 21:25:22,20.56,2431,3447,48,-0.47,9.83,0.32,3,74.25,-310.36,-251.47,105,E
2024/11/02 21:25:23,20.56,2431,3447,48,-0.40,9.83,0.33,3,75.07,-309.17,-251.64,100,E
2024/11/02 21:25:23,20.56,2431,3446,48,-0.40,9.83,0.31,2,73.96,-309.21,-251.82,102,E
2024/11/02 21:25:24,20.56,2431,3448,48,-0.41,9.84,0.35,3,74.75,-309.43,-252.00,99,E
2024/11/02 21:25:30,20.56,2448,3477,49,-0.39,9.81,0.35,3,73.44,-311.11,-252.02,98,E
2024/11/02 21:25:30,20.56,2442,3467,49,-0.40,9.84,0.32,3,74.77,-307.99,-251.35,101,E
2024/11/02 21:25:31,20.56,2439,3462,49,-0.40,9.84,0.32,3,74.58,-309.89,-251.65,101,E
2024/11/02 21:25:31,20.56,2437,3458,49,-0.41,9.87,0.33,3,75.08,-308.69,-251.36,101,E
2024/11/02 21:25:32,20.56,2435,3456,49,-0.43,9.85,0.32,3,74.28,-308.95,-251.54,103,E
2024/11/02 21:25:32,20.56,2433,3452,49,-0.40,9.81,0.35,3,73.96,-308.96,-251.54,98,E
2024/11/02 21:25:33,20.56,2433,3451,49,-0.42,9.82,0.31,3,75.21,-309.86,-251.47,103,E
2024/11/02 21:25:33,20.56,2432,3449,48,-0.45,9.83,0.35,3,74.27,-309.17,-251.09,102,E
2024/11/02 21:25:34,20.56,2431,3448,48,-0.37,9.81,0.29,2,74.59,-309.18,-251.64,102,E
2024/11/02 21:25:34,20.56,2429,3446,48,-0.43,9.89,0.37,3,75.40,-308.46,-251.81,99,E
2024/11/02 21:25:35,20.56,2429,3445,48,-0.39,9.83,0.36,3,74.60,-308.95,-251.63,97,E
2024/11/02 21:25:35,20.56,2428,3443,48,-0.46,9.83,0.34,3,75.23,-308.92,-251.36,103,E
2024/11/02 21:25:36,20.56,2427,3441,48,-0.44,9.83,0.31,3,74.74,-309.64,-251.46,104,E
2024/11/02 21:25:36,20.56,2426,3439,48,-0.39,9.84,0.38,3,73.47,-309.92,-251.64,96,E
2024/11/02 21:25:37,20.56,2426,3439,48,-0.39,9.82,0.33,3,74.43,-309.43,-251.91,99,E
2024/11/02 21:25:37,20.56,2424,3438,48,-0.37,9.85,0.32,2,75.24,-308.19,-250.81,99,E
2024/11/02 21:25:38,20.56,2425,3437,48,-0.46,9.82,0.27,3,74.90,-309.89,-252.01,109,E
2024/11/02 21:25:38,20.56,2424,3437,48,-0.46,9.81,0.33,3,75.06,-309.39,-251.37,104,E
2024/11/02 21:25:39,20.56,2424,3435,48,-0.39,9.85,0.33,2,74.91,-308.92,-251.18,99,E
2024/11/02 21:25:39,20.56,2424,3436,48,-0.43,9.81,0.33,3,74.26,-310.13,-251.47,102,E
2024/11/02 21:25:45,20.56,2443,3469,49,-0.39,9.79,0.34,3,74.29,-308.23,-251.17,99,E
2024/11/02 21:25:46,20.56,2438,3461,49,-0.43,9.83,0.29,3,74.42,-309.88,-251.38,106,E
2024/11/02 21:25:46,20.56,2435,3455,49,-0.44,9.83,0.37,3,74.42,-309.88,-251.29,100,E
2024/11/02 21:25:47,20.56,2434,3453,49,-0.40,9.83,0.38,3,74.09,-310.35,-251.20,96,E
2024/11/02 21:25:47,20.56,2432,3451,49,-0.41,9.81,0.36,3,74.44,-308.96,-251.81,98,E
2024/11/02 21:25:48,20.56,2432,3450,49,-0.43,9.82,0.35,3,75.24,-308.70,-251.72,100,E
2024/11/02 21:25:48,20.56,2432,3450,49,-0.39,9.84,0.36,3,74.59,-309.19,-251.91,97,E
2024/11/02 21:25:49,20.56,2432,3450,49,-0.42,9.82,0.36,3,74.43,-309.43,-251.73,99,E
2024/11/02 21:25:49,20.56,2432,3449,48,-0.42,9.83,0.32,3,74.73,-310.35,-251.56,102,E
2024/11/02 21:25:50,20.56,2432,3449,48,-0.38,9.82,0.36,3,75.22,-309.41,-252.00,96,E
2024/11/02 21:25:50,20.56,2432,3450,49,-0.46,9.83,0.46,3,74.75,-309.42,-251.73,95,E
2024/11/02 21:25:51,20.56,2432,3450,49,-0.41,9.83,0.32,3,74.76,-308.71,-251.81,102,E
2024/11/02 21:25:51,20.56,2431,3449,49,-0.41,9.83,0.39,3,75.53,-309.84,-251.20,96,E
2024/11/02 21:25:52,20.56,2431,3448,48,-0.43,9.83,0.36,3,74.90,-309.64,-251.55,100,E
2024/11/02 21:25:52,20.56,2431,3448,48,-0.44,9.84,0.35,3,74.61,-308.24,-251.62,101,E
2024/11/02 21:25:53,20.56,2429,3445,48,-0.37,9.81,0.33,2,74.58,-309.65,-251.64,98,E
2024/11/02 21:25:53,20.56,2428,3444,48,-0.37,9.83,0.36,3,75.86,-309.37,-251.37,96,E
2024/11/02 21:25:54,20.56,2428,3443,48,-0.44,9.85,0.35,3,74.59,-309.41,-251.55,101,E
2024/11/02 21:25:54,20.56,2427,3441,48,-0.42,9.85,0.39,3,75.09,-307.98,-251.26,97,E
2024/11/02 21:25:55,20.56,2426,3439,48,-0.41,9.83,0.36,3,74.28,-308.95,-251.45,98,E
2024/11/02 21:26:01,20.56,2437,3461,49,-0.40,9.85,0.34,3,74.42,-309.66,-251.73,99,E
2024/11/02 21:26:01,20.56,2431,3449,49,-0.43,9.86,0.35,3,74.42,-309.89,-251.56,101,E
2024/11/02 21:26:02,20.56,2428,3444,48,-0.40,9.82,0.33,3,74.74,-309.89,-251.74,100,E
2024/11/02 21:26:02,20.56,2426,3440,48,-0.44,9.84,0.34,3,74.27,-309.18,-251.36,102,E
2024/11/02 21:26:03,20.56,2424,3437,48,-0.46,9.80,0.34,3,74.92,-308.47,-251.63,103,E
2024/11/02 21:26:03,20.56,2423,3435,48,-0.41,9.82,0.41,3,75.39,-309.16,-251.64,95,E
2024/11/02 21:26:04,20.56,2422,3434,48,-0.42,9.85,0.33,3,75.05,-310.11,-251.56,102,E
2024/11/02 21:26:04,20.56,2421,3433,48,-0.40,9.81,0.37,3,74.88,-310.58,-251.57,97,E
2024/11/02 21:26:05,20.56,2421,3433,48,-0.44,9.82,0.36,3,74.26,-309.90,-251.65,100,E
2024/11/02 21:26:05,20.56,2421,3433,48,-0.39,9.86,0.35,3,74.09,-310.36,-251.38,98,E
2024/11/02 21:26:06,20.56,2421,3433,48,-0.42,9.83,0.30,3,75.06,-309.63,-251.46,104,E
2024/11/02 21:26:06,20.56,2421,3433,48,-0.41,9.84,0.35,3,75.08,-308.46,-251.45,99,E
2024/11/02 21:26:07,20.56,2421,3432,48,-0.44,9.84,0.34,3,74.89,-310.11,-251.65,102,E
2024/11/02 21:26:07,20.56,2420,3431,48,-0.43,9.82,0.33,3,74.88,-310.81,-251.48,102,E
2024/11/02 21:26:08,20.56,2421,3431,48,-0.43,9.82,0.35,3,74.90,-309.89,-251.83,100,E
2024/11/02 21:26:08,20.56,2421,3431,48,-0.43,9.82,0.33,3,74.61,-308.46,-251.26,102,E
2024/11/02 21:26:09,20.56,2420,3431,48,-0.41,9.84,0.35,3,74.44,-308.95,-251.63,99,E
2024/11/02 21:26:09,20.56,2419,3431,48,-0.38,9.83,0.32,2,74.11,-309.42,-251.46,100,E
2024/11/02 21:26:10,20.56,2419,3430,48,-0.40,9.85,0.26,2,74.26,-309.64,-251.01,107,E
2024/11/02 21:26:10,20.56,2420,3430,48,-0.39,9.84,0.31,2,75.06,-309.40,-251.64,101,E
2024/11/02 21:26:16,20.56,2438,3463,49,-0.42,9.83,0.37,3,74.26,-309.65,-251.37,98,E
2024/11/02 21:26:17,20.56,2433,3453,49,-0.42,9.84,0.34,3,74.75,-309.16,-251.28,101,E
2024/11/02 21:26:17,20.56,2429,3447,49,-0.40,9.79,0.32,3,74.93,-308.24,-251.71,101,E
2024/11/02 21:26:18,20.56,2427,3443,48,-0.39,9.84,0.33,2,74.92,-308.70,-251.45,99,E
2024/11/02 21:26:18,20.56,2426,3441,48,-0.35,9.81,0.35,2,74.45,-308.48,-251.72,95,E
2024/11/02 21:26:19,20.56,2425,3438,48,-0.43,9.87,0.35,3,74.60,-308.95,-251.63,100,E
2024/11/02 21:26:19,20.56,2424,3437,48,-0.39,9.81,0.36,3,74.42,-309.89,-251.65,97,E
2024/11/02 21:26:20,20.56,2423,3436,48,-0.40,9.81,0.42,3,74.44,-308.95,-251.63,93,E
2024/11/02 21:26:20,20.56,2424,3435,48,-0.45,9.81,0.36,3,73.47,-309.92,-251.55,101,E
2024/11/02 21:26:21,20.56,2422,3434,48,-0.42,9.83,0.32,3,74.11,-309.44,-252.00,102,E
2024/11/02 21:26:21,20.56,2422,3433,48,-0.41,9.85,0.32,3,73.96,-308.97,-251.72,102,E
2024/11/02 21:26:22,20.56,2422,3433,48,-0.40,9.83,0.35,3,73.79,-309.44,-251.64,99,E
2024/11/02 21:26:22,20.56,2421,3433,48,-0.38,9.86,0.31,2,75.06,-309.40,-251.55,100,E
2024/11/02 21:26:23,20.56,2421,3432,48,-0.42,9.83,0.36,3,73.98,-308.26,-251.71,99,E
2024/11/02 21:26:23,20.56,2421,3432,48,-0.43,9.82,0.31,3,75.24,-308.70,-251.90,104,E
2024/11/02 21:26:24,20.56,2420,3431,48,-0.43,9.87,0.33,3,74.60,-308.93,-251.27,102,E
2024/11/02 21:26:24,20.56,2420,3431,48,-0.38,9.84,0.32,2,75.06,-309.62,-251.19,100,E
2024/11/02 21:26:25,20.56,2420,3431,48,-0.44,9.86,0.33,3,74.12,-308.96,-251.54,103,E
2024/11/02 21:26:25,20.56,2420,3431,48,-0.38,9.82,0.34,2,74.11,-309.44,-251.91,98,E
2024/11/02 21:26:26,20.56,2420,3430,48,-0.42,9.82,0.34,3,74.12,-309.21,-252.09,101,E
2024/11/02 21:26:32,20.56,2438,3462,49,-0.44,9.87,0.23,2,74.89,-310.11,-251.65,113,SE
2024/11/02 21:26:32,20.56,2433,3453,49,-0.40,9.84,0.35,3,75.71,-308.92,-251.73,98,E
2024/11/02 21:26:33,20.56,2429,3447,49,-0.44,9.82,0.42,3,74.10,-309.88,-251.19,96,E
2024/11/02 21:26:33,20.56,2427,3443,48,-0.39,9.79,0.33,3,75.08,-308.69,-251.54,99,E
2024/11/02 21:26:34,20.56,2426,3440,48,-0.40,9.81,0.32,3,75.38,-309.39,-251.64,101,E
2024/11/02 21:26:34,20.56,2424,3438,48,-0.42,9.79,0.29,3,74.76,-308.70,-251.36,105,E
2024/11/02 21:26:35,20.56,2424,3437,48,-0.40,9.83,0.36,3,74.60,-308.93,-251.18,98,E
2024/11/02 21:26:35,20.56,2423,3435,48,-0.43,9.83,0.34,3,75.38,-309.64,-251.83,101,E
2024/11/02 21:26:36,20.56,2422,3435,48,-0.42,9.81,0.32,3,74.90,-309.87,-251.38,102,E
2024/11/02 21:26:36,20.56,2423,3434,48,-0.39,9.84,0.35,3,75.56,-308.45,-251.63,98,E
2024/11/02 21:26:37,20.56,2421,3432,48,-0.41,9.83,0.37,3,73.16,-309.21,-251.36,98,E
2024/11/02 21:26:37,20.56,2421,3432,48,-0.42,9.79,0.31,3,75.41,-307.98,-251.53,103,E
2024/11/02 21:26:38,20.56,2420,3432,48,-0.42,9.79,0.36,3,75.23,-309.17,-251.73,99,E
2024/11/02 21:26:38,20.56,2420,3432,48,-0.42,9.82,0.36,3,73.94,-309.91,-251.74,99,E
2024/11/02 21:26:39,20.56,2420,3432,48,-0.38,9.87,0.34,2,74.30,-307.78,-251.52,98,E
2024/11/02 21:26:39,20.56,2419,3430,48,-0.47,9.86,0.34,3,76.02,-309.36,-251.19,104,E
2024/11/02 21:26:40,20.56,2419,3430,48,-0.39,9.80,0.35,3,74.74,-309.64,-251.46,98,E
2024/11/02 21:26:40,20.56,2419,3429,48,-0.38,9.82,0.27,2,74.25,-310.12,-251.38,104,E
2024/11/02 21:26:41,20.56,2419,3430,48,-0.43,9.84,0.35,3,74.28,-308.71,-251.45,100,E
2024/11/02 21:26:41,20.56,2419,3428,48,-0.37,9.83,0.33,2,75.07,-308.91,-251.09,98,E
2024/11/02 21:26:47,20.56,2437,3460,49,-0.45,9.84,0.37,3,74.59,-309.42,-251.73,100,E
2024/11/02 21:26:48,20.56,2431,3450,49,-0.40,9.84,0.34,3,74.25,-310.38,-251.92,99,E
2024/11/02 21:26:48,20.56,2428,3445,48,-0.43,9.83,0.34,3,74.57,-310.33,-250.93,101,E
2024/11/02 21:26:49,20.56,2427,3441,48,-0.41,9.87,0.33,3,74.93,-308.48,-251.99,101,E
2024/11/02 21:26:49,20.56,2425,3439,48,-0.38,9.87,0.33,2,74.58,-309.89,-251.83,99,E
2024/11/02 21:26:50,20.56,2423,3437,48,-0.44,9.83,0.33,3,74.73,-310.11,-251.56,103,E
2024/11/02 21:26:50,20.56,2422,3436,48,-0.46,9.87,0.33,3,75.20,-310.81,-251.75,104,E
2024/11/02 21:26:51,20.56,2422,3435,48,-0.43,9.82,0.36,3,74.44,-308.70,-251.18,100,E
2024/11/02 21:26:51,20.56,2422,3434,48,-0.37,9.83,0.31,2,74.41,-310.13,-251.65,100,E
2024/11/02 21:26:52,20.56,2421,3433,48,-0.43,9.83,0.32,3,74.09,-310.37,-251.56,103,E
2024/11/02 21:26:52,20.56,2421,3432,48,-0.44,9.86,0.36,3,75.55,-308.91,-251.27,100,E
2024/11/02 21:26:53,20.56,2420,3432,48,-0.42,9.85,0.39,3,74.14,-307.78,-251.61,97,E
2024/11/02 21:26:53,20.56,2420,3431,48,-0.38,9.83,0.35,3,74.26,-309.65,-251.46,97,E
2024/11/02 21:26:54,20.56,2420,3430,48,-0.40,9.83,0.33,3,74.57,-310.13,-251.92,100,E
2024/11/02 21:26:54,20.56,2419,3430,48,-0.44,9.85,0.33,3,73.94,-309.89,-251.28,103,E
2024/11/02 21:26:55,20.56,2419,3430,48,-0.43,9.86,0.33,3,74.41,-310.35,-251.20,102,E
2024/11/02 21:26:55,20.56,2419,3429,48,-0.42,9.82,0.37,3,73.97,-308.50,-251.62,98,E
2024/11/02 21:26:56,20.56,2419,3429,48,-0.39,9.81,0.32,2,73.96,-309.20,-251.73,100,E
2024/11/02 21:26:56,20.56,2418,3429,48,-0.40,9.81,0.33,3,74.89,-310.12,-251.83,100,E
2024/11/02 21:26:57,20.56,2419,3429,48,-0.40,9.81,0.35,3,74.12,-308.71,-251.18,98,E
2024/11/02 21:27:03,20.56,2437,3462,49,-0.42,9.83,0.35,3,73.94,-310.14,-251.56,100,E
2024/11/02 21:27:03,20.56,2432,3452,49,-0.38,9.84,0.39,3,73.95,-309.43,-251.55,94,E
2024/11/02 21:27:04,20.56,2429,3446,48,-0.40,9.84,0.36,3,74.12,-308.96,-251.54,98,E
2024/11/02 21:27:04,20.56,2426,3443,49,-0.37,9.85,0.30,2,75.06,-309.38,-251.10,101,E
2024/11/02 21:27:05,20.56,2425,3439,48,-0.43,9.87,0.36,3,75.24,-308.70,-251.81,100,E
2024/11/02 21:27:05,20.56,2424,3438,48,-0.42,9.82,0.36,3,73.96,-308.97,-251.81,99,E
2024/11/02 21:27:06,20.56,2423,3437,48,-0.41,9.80,0.36,3,74.60,-308.70,-251.45,98,E
2024/11/02 21:27:06,20.56,2422,3436,48,-0.38,9.86,0.37,3,74.74,-309.89,-251.83,96,E
2024/11/02 21:27:07,20.56,2422,3435,48,-0.41,9.84,0.31,3,74.27,-309.19,-251.73,102,E
2024/11/02 21:27:07,20.56,2421,3433,48,-0.41,9.84,0.34,3,73.62,-310.15,-251.65,100,E
2024/11/02 21:27:08,20.56,2421,3433,48,-0.40,9.84,0.33,3,73.78,-310.15,-251.65,100,E
2024/11/02 21:27:08,20.56,2421,3433,48,-0.40,9.83,0.32,3,74.43,-309.42,-251.55,101,E
2024/11/02 21:27:09,20.56,2420,3432,48,-0.38,9.85,0.34,2,74.75,-309.18,-251.82,98,E
2024/11/02 21:27:09,20.56,2419,3430,48,-0.43,9.80,0.31,3,74.11,-309.19,-251.45,104,E
2024/11/02 21:27:10,20.56,2419,3430,48,-0.40,9.89,0.34,3,74.77,-308.47,-251.54,99,E
2024/11/02 21:27:10,20.56,2419,3430,48,-0.43,9.83,0.33,3,74.59,-309.42,-251.73,102,E
2024/11/02 21:27:11,20.56,2419,3430,48,-0.38,9.80,0.35,3,74.11,-309.41,-251.10,97,E
2024/11/02 21:27:11,20.56,2419,3430,48,-0.42,9.83,0.34,3,74.29,-308.47,-251.26,101,E
2024/11/02 21:27:12,20.56,2418,3429,48,-0.37,9.85,0.37,3,74.90,-309.63,-251.28,95,E
2024/11/02 21:27:12,20.56,2418,3429,48,-0.44,9.79,0.33,3,75.08,-308.45,-251.36,103,E
2024/11/02 21:27:18,20.56,2436,3461,49,-0.43,9.85,0.35,3,74.09,-310.60,-251.39,101,E
2024/11/02 21:27:19,20.56,2431,3451,49,-0.37,9.80,0.35,2,74.90,-309.63,-251.37,96,E
2024/11/02 21:27:19,20.56,2428,3444,48,-0.42,9.85,0.34,3,74.28,-308.94,-251.27,101,E
2024/11/02 21:27:20,20.56,2426,3440,48,-0.42,9.85,0.35,3,75.39,-308.93,-251.72,100,E
2024/11/02 21:27:20,20.56,2424,3438,48,-0.38,9.86,0.39,3,75.07,-308.93,-251.54,94,E
2024/11/02 21:27:21,20.56,2422,3436,48,-0.40,9.83,0.32,3,74.61,-308.23,-251.35,101,E
2024/11/02 21:27:21,20.56,2422,3434,48,-0.41,9.83,0.30,2,74.43,-309.41,-251.46,103,E
2024/11/02 21:27:22,20.56,2422,3434,48,-0.41,9.84,0.37,3,74.74,-309.87,-251.38,98,E
2024/11/02 21:27:22,20.56,2421,3433,48,-0.40,9.87,0.33,3,75.06,-309.87,-251.56,100,E
2024/11/02 21:27:23,20.56,2420,3432,48,-0.37,9.86,0.37,3,73.81,-308.25,-251.17,95,E
2024/11/02 21:27:23,20.56,2420,3431,48,-0.40,9.84,0.32,3,74.57,-310.34,-251.11,101,E
2024/11/02 21:27:24,20.56,2420,3430,48,-0.39,9.82,0.36,3,74.58,-309.65,-251.46,97,E
2024/11/02 21:27:24,20.56,2419,3429,48,-0.43,9.86,0.31,3,74.27,-309.66,-251.64,104,E
2024/11/02 21:27:25,20.56,2418,3428,48,-0.40,9.85,0.32,3,74.93,-308.23,-251.62,101,E
2024/11/02 21:27:25,20.56,2418,3429,48,-0.41,9.85,0.34,3,73.48,-309.20,-251.27,100,E
2024/11/02 21:27:26,20.56,2418,3428,48,-0.35,9.85,0.35,2,74.11,-309.67,-251.64,95,E
2024/11/02 21:27:26,20.56,2418,3429,48,-0.41,9.83,0.35,3,74.91,-309.15,-251.10,99,E
2024/11/02 21:27:27,20.56,2418,3429,48,-0.39,9.83,0.33,2,75.07,-308.93,-251.45,99,E
2024/11/02 21:27:27,20.56,2418,3427,48,-0.42,9.82,0.33,3,74.27,-309.43,-251.64,101,E
2024/11/02 21:27:28,20.56,2417,3427,48,-0.42,9.83,0.30,3,75.07,-309.17,-251.64,104,E
2024/11/02 21:27:34,20.56,2435,3459,49,-0.40,9.84,0.34,3,74.91,-309.16,-251.19,99,E
2024/11/02 21:27:34,20.56,2429,3449,49,-0.39,9.82,0.31,2,74.75,-309.15,-251.00,101,E
2024/11/02 21:27:35,20.56,2426,3443,49,-0.45,9.82,0.34,3,73.64,-308.98,-251.72,102,E
2024/11/02 21:27:35,20.56,2424,3438,48,-0.41,9.82,0.33,3,75.53,-309.85,-251.29,101,E
2024/11/02 21:27:36,20.56,2423,3436,48,-0.44,9.84,0.36,3,74.89,-310.33,-251.29,100,E
2024/11/02 21:27:36,20.56,2421,3434,48,-0.41,9.85,0.33,3,74.78,-307.77,-251.80,101,E
2024/11/02 21:27:37,20.56,2421,3433,48,-0.39,9.82,0.38,3,74.12,-308.97,-251.90,95,E
2024/11/02 21:27:37,20.56,2420,3432,48,-0.39,9.81,0.37,3,75.21,-309.86,-251.29,96,E
2024/11/02 21:27:38,20.56,2419,3431,48,-0.41,9.90,0.37,3,75.07,-309.41,-251.91,98,E
2024/11/02 21:27:38,20.56,2419,3430,48,-0.45,9.84,0.39,3,74.28,-308.71,-251.36,99,E
2024/11/02 21:27:39,20.56,2419,3430,48,-0.41,9.84,0.37,3,74.28,-308.95,-251.54,98,E
2024/11/02 21:27:39,20.56,2419,3429,48,-0.45,9.84,0.35,3,74.75,-309.18,-251.82,102,E
2024/11/02 21:27:40,20.56,2419,3428,48,-0.45,9.82,0.30,3,74.26,-310.13,-251.65,106,E
2024/11/02 21:27:40,20.56,2417,3428,48,-0.39,9.81,0.35,3,74.57,-310.36,-251.74,98,E
2024/11/02 21:27:41,20.56,2417,3427,48,-0.40,9.81,0.28,2,74.58,-309.66,-251.73,105,E
2024/11/02 21:27:41,20.56,2417,3428,48,-0.44,9.85,0.36,3,74.78,-307.52,-251.43,100,E
2024/11/02 21:27:42,20.56,2417,3427,48,-0.43,9.88,0.37,3,74.14,-308.00,-251.17,99,E
2024/11/02 21:27:42,20.56,2417,3427,48,-0.43,9.84,0.32,3,75.36,-310.33,-251.56,103,E
2024/11/02 21:27:43,20.56,2417,3426,48,-0.39,9.85,0.33,2,74.09,-310.61,-251.75,100,E
2024/11/02 21:27:43,20.56,2416,3426,48,-0.37,9.88,0.32,2,74.14,-308.05,-252.52,99,E
2024/11/02 21:27:49,20.56,2435,3459,49,-0.40,9.86,0.36,3,75.05,-309.86,-251.29,98,E
2024/11/02 21:27:50,20.56,2429,3449,49,-0.40,9.83,0.34,3,74.77,-308.48,-251.81,99,E
2024/11/02 21:27:50,20.56,2427,3442,48,-0.38,9.85,0.36,3,73.78,-310.13,-251.11,96,E
2024/11/02 21:27:51,20.56,2424,3439,48,-0.43,9.85,0.34,3,74.91,-309.42,-251.91,101,E
2024/11/02 21:27:51,20.56,2423,3436,48,-0.45,9.82,0.35,3,74.40,-310.83,-251.57,102,E
2024/11/02 21:27:52,20.56,2421,3435,48,-0.42,9.79,0.33,3,74.09,-310.60,-251.57,102,E
2024/11/02 21:27:52,20.56,2421,3433,48,-0.47,9.78,0.36,3,73.95,-309.44,-251.73,102,E
2024/11/02 21:27:53,20.56,2420,3431,48,-0.40,9.79,0.34,3,75.35,-310.80,-251.48,99,E
2024/11/02 21:27:53,20.56,2419,3431,48,-0.40,9.84,0.32,3,74.12,-308.72,-251.45,101,E
2024/11/02 21:27:54,20.56,2419,3430,48,-0.38,9.86,0.30,2,74.44,-308.95,-251.63,101,E
2024/11/02 21:27:54,20.56,2419,3430,48,-0.44,9.81,0.34,3,74.75,-309.17,-251.37,102,E
2024/11/02 21:27:55,20.56,2418,3429,48,-0.39,9.86,0.30,2,74.92,-308.71,-251.81,102,E
2024/11/02 21:27:55,20.56,2418,3428,48,-0.42,9.86,0.38,3,75.22,-309.38,-251.19,98,E
2024/11/02 21:27:56,20.56,2417,3427,48,-0.40,9.85,0.39,3,75.05,-310.36,-252.20,95,E
2024/11/02 21:27:56,20.56,2418,3427,48,-0.38,9.83,0.37,3,73.76,-311.07,-251.21,96,E
2024/11/02 21:27:57,20.56,2417,3427,48,-0.39,9.84,0.33,2,74.92,-308.70,-251.45,99,E
2024/11/02 21:27:57,20.56,2418,3426,48,-0.42,9.81,0.32,3,74.11,-309.41,-251.10,102,E
2024/11/02 21:27:58,20.56,2417,3425,48,-0.41,9.86,0.37,3,73.95,-309.17,-250.91,98,E
2024/11/02 21:27:58,20.56,2417,3426,48,-0.39,9.78,0.31,2,74.27,-309.17,-251.18,101,E
2024/11/02 21:27:59,20.56,2416,3425,48,-0.44,9.87,0.29,3,74.44,-308.94,-251.36,106,E
2024/11/02 21:28:05,20.56,2435,3459,49,-0.39,9.80,0.33,3,73.62,-310.15,-251.56,100,E
2024/11/02 21:28:05,20.56,2429,3448,49,-0.41,9.82,0.32,3,75.54,-309.62,-251.46,102,E
2024/11/02 21:28:06,20.56,2426,3442,48,-0.39,9.80,0.33,3,75.05,-310.11,-251.65,100,E
2024/11/02 21:28:06,20.56,2424,3439,48,-0.41,9.82,0.30,2,74.58,-309.64,-251.37,103,E
2024/11/02 21:28:07,20.56,2422,3437,48,-0.43,9.87,0.36,3,74.27,-309.42,-251.55,100,E
2024/11/02 21:28:07,20.56,2421,3434,48,-0.39,9.83,0.33,2,74.42,-309.91,-252.10,99,E
2024/11/02 21:28:08,20.56,2421,3432,48,-0.42,9.84,0.37,3,74.59,-309.18,-251.64,98,E
2024/11/02 21:28:08,20.56,2420,3432,48,-0.42,9.79,0.31,3,75.22,-309.63,-251.64,103,E
2024/11/02 21:28:09,20.56,2419,3432,48,-0.41,9.87,0.35,3,74.91,-309.40,-251.46,99,E
2024/11/02 21:28:09,20.56,2419,3429,48,-0.38,9.87,0.44,3,74.57,-310.13,-251.92,91,E
2024/11/02 21:28:10,20.56,2419,3430,48,-0.41,9.80,0.25,2,73.64,-309.20,-251.45,108,E
2024/11/02 21:28:10,20.56,2418,3429,48,-0.40,9.83,0.36,3,74.43,-309.41,-251.37,98,E
2024/11/02 21:28:11,20.56,2417,3427,48,-0.40,9.84,0.32,3,74.45,-308.48,-251.72,101,E
2024/11/02 21:28:11,20.56,2417,3427,48,-0.43,9.87,0.27,2,74.42,-309.88,-251.38,107,E
2024/11/02 21:28:12,20.56,2418,3428,48,-0.41,9.80,0.37,3,74.26,-309.66,-251.55,98,E
2024/11/02 21:28:12,20.56,2417,3427,48,-0.41,9.87,0.32,3,74.12,-309.20,-251.73,102,E
2024/11/02 21:28:13,20.56,2416,3427,48,-0.40,9.78,0.37,3,74.24,-310.57,-250.93,97,E
2024/11/02 21:28:13,20.56,2417,3426,48,-0.42,9.83,0.36,3,75.09,-307.98,-251.26,99,E
2024/11/02 21:28:14,20.56,2416,3426,48,-0.42,9.83,0.31,3,74.57,-310.36,-251.65,103,E
2024/11/02 21:28:14,20.56,2416,3425,48,-0.44,9.85,0.40,3,75.36,-310.33,-251.56,97,E
2024/11/02 21:28:20,20.56,2434,3456,49,-0.37,9.83,0.33,2,73.96,-309.20,-251.54,98,E
2024/11/02 21:28:21,20.56,2429,3447,49,-0.39,9.81,0.35,3,73.94,-309.90,-251.46,98,E
2024/11/02 21:28:21,20.56,2426,3440,48,-0.41,9.81,0.32,3,74.58,-309.88,-251.38,102,E
2024/11/02 21:28:22,20.56,2424,3438,48,-0.40,9.81,0.33,3,74.28,-309.21,-252.09,100,E
2024/11/02 21:28:22,20.56,2422,3435,48,-0.40,9.82,0.30,2,74.42,-309.64,-251.19,103,E
2024/11/02 21:28:23,20.56,2421,3433,48,-0.40,9.85,0.33,3,74.59,-309.17,-251.37,100,E
2024/11/02 21:28:23,20.56,2420,3433,48,-0.38,9.83,0.35,3,74.45,-308.24,-251.44,97,E
2024/11/02 21:28:24,20.56,2419,3430,48,-0.42,9.83,0.36,3,75.22,-309.40,-251.73,99,E
2024/11/02 21:28:24,20.56,2419,3430,48,-0.43,9.81,0.35,3,74.59,-309.16,-251.09,101,E
2024/11/02 21:28:25,20.56,2418,3429,48,-0.43,9.85,0.33,3,74.26,-309.65,-251.37,102,E
2024/11/02 21:28:25,20.56,2418,3429,48,-0.39,9.86,0.32,2,74.62,-308.01,-251.80,100,E
2024/11/02 21:28:26,20.56,2417,3426,48,-0.45,9.80,0.33,3,74.09,-310.61,-251.66,103,E
2024/11/02 21:28:26,20.56,2417,3427,48,-0.40,9.83,0.34,3,75.07,-309.16,-251.46,99,E
2024/11/02 21:28:27,20.56,2416,3426,48,-0.40,9.84,0.29,2,74.91,-309.15,-251.10,104,E
2024/11/02 21:28:27,20.56,2416,3425,48,-0.33,9.83,0.37,2,73.94,-310.13,-251.47,92,E
2024/11/02 21:28:28,20.56,2416,3425,48,-0.39,9.85,0.35,3,74.76,-308.71,-251.63,98,E
2024/11/02 21:28:28,20.56,2416,3425,48,-0.39,9.81,0.35,3,74.90,-309.63,-251.28,98,E
2024/11/02 21:28:29,20.56,2416,3424,48,-0.42,9.85,0.37,3,74.28,-308.72,-251.72,98,E
2024/11/02 21:28:29,20.56,2415,3424,48,-0.42,9.77,0.31,3,75.56,-308.44,-251.45,103,E
2024/11/02 21:28:30,20.56,2415,3423,48,-0.42,9.85,0.32,3,74.74,-309.39,-251.10,102,E
2024/11/02 21:28:35,20.56,2433,3456,49,-0.38,9.85,0.32,2,74.91,-309.18,-251.73,100,E
2024/11/02 21:28:36,20.56,2428,3445,48,-0.42,9.82,0.34,3,74.26,-309.91,-251.92,101,E
2024/11/02 21:28:37,20.56,2424,3440,48,-0.44,9.82,0.30,3,75.23,-309.15,-251.28,105,E
2024/11/02 21:28:37,20.56,2422,3436,48,-0.41,9.82,0.35,3,75.71,-308.91,-251.54,99,E
2024/11/02 21:28:38,20.56,2421,3434,48,-0.41,9.86,0.28,2,74.43,-309.17,-251.27,105,E
2024/11/02 21:28:38,20.56,2420,3432,48,-0.43,9.82,0.36,3,74.28,-308.95,-251.36,100,E
2024/11/02 21:28:39,20.56,2419,3431,48,-0.42,9.87,0.32,3,74.14,-307.77,-251.25,102,E
2024/11/02 21:28:39,20.56,2418,3429,48,-0.41,9.85,0.38,3,73.97,-308.49,-251.53,97,E
2024/11/02 21:28:40,20.56,2418,3427,48,-0.41,9.87,0.35,3,75.20,-310.34,-251.56,99,E
2024/11/02 21:28:40,20.56,2418,3428,48,-0.39,9.84,0.37,3,75.08,-308.69,-251.54,96,E
2024/11/02 21:28:41,20.56,2418,3427,48,-0.39,9.85,0.31,2,75.24,-308.68,-251.27,101,E
2024/11/02 21:28:41,20.56,2417,3427,48,-0.38,9.85,0.30,2,74.75,-309.41,-251.55,101,E
2024/11/02 21:28:42,20.56,2416,3426,48,-0.37,9.85,0.39,3,75.39,-309.16,-251.73,93,E
2024/11/02 21:28:42,20.56,2416,3425,48,-0.42,9.84,0.35,3,74.59,-309.42,-251.73,100,E
2024/11/02 21:28:43,20.56,2416,3426,48,-0.42,9.84,0.35,3,73.81,-308.50,-251.53,100,E
2024/11/02 21:28:43,20.56,2416,3425,48,-0.42,9.79,0.34,3,74.24,-311.06,-251.30,101,E
2024/11/02 21:28:44,20.56,2416,3425,48,-0.43,9.82,0.34,3,74.91,-309.41,-251.64,101,E
2024/11/02 21:28:44,20.56,2416,3424,48,-0.40,9.83,0.34,3,74.76,-308.45,-251.08,99,E
2024/11/02 21:28:45,20.56,2416,3424,48,-0.43,9.87,0.35,3,75.37,-310.10,-251.56,101,E
2024/11/02 21:28:45,20.56,2415,3424,48,-0.42,9.87,0.35,3,74.58,-309.64,-251.37,100,E
2024/11/02 21:28:51,20.56,2434,3457,49,-0.39,9.82,0.35,3,73.95,-309.43,-251.55,98,E
2024/11/02 21:28:51,20.56,2428,3446,49,-0.46,9.81,0.41,3,75.22,-309.39,-251.46,98,E
2024/11/02 21:28:52,20.56,2425,3440,48,-0.44,9.79,0.37,3,74.77,-308.00,-251.71,99,E
2024/11/02 21:28:52,20.56,2423,3437,48,-0.42,9.82,0.37,3,74.91,-308.93,-251.54,98,E
2024/11/02 21:28:53,20.56,2421,3434,48,-0.41,9.82,0.26,2,74.61,-308.00,-251.35,107,E
2024/11/02 21:28:53,20.56,2420,3431,48,-0.45,9.87,0.37,3,74.60,-308.96,-251.90,100,E
2024/11/02 21:28:54,20.56,2419,3431,48,-0.39,9.82,0.34,3,74.90,-309.86,-251.29,99,E
2024/11/02 21:28:54,20.56,2419,3428,48,-0.41,9.81,0.34,3,75.05,-309.86,-251.20,100,E
2024/11/02 21:28:55,20.56,2418,3428,48,-0.43,9.82,0.33,3,73.63,-309.43,-251.37,102,E
2024/11/02 21:28:55,20.56,2417,3428,48,-0.40,9.85,0.34,3,75.87,-308.69,-251.99,99,E
2024/11/02 21:28:56,20.56,2416,3427,48,-0.42,9.85,0.35,3,73.61,-310.38,-251.56,100,E
2024/11/02 21:28:56,20.56,2416,3427,48,-0.49,9.81,0.38,3,75.06,-309.87,-251.56,102,E
2024/11/02 21:28:57,20.56,2416,3425,48,-0.36,9.85,0.36,2,74.43,-309.67,-251.91,95,E
2024/11/02 21:28:57,20.56,2416,3425,48,-0.41,9.85,0.31,3,74.57,-310.33,-251.02,103,E
2024/11/02 21:28:58,20.56,2415,3424,48,-0.41,9.82,0.35,3,74.74,-309.64,-251.46,99,E
2024/11/02 21:28:58,20.56,2416,3425,48,-0.40,9.85,0.33,3,73.80,-308.95,-251.00,100,E
2024/11/02 21:28:59,20.56,2415,3424,48,-0.43,9.87,0.34,3,74.28,-308.71,-251.36,101,E
2024/11/02 21:28:59,20.56,2415,3423,48,-0.40,9.84,0.36,3,74.58,-309.87,-251.29,98,E
2024/11/02 21:29:00,20.56,2414,3423,48,-0.41,9.80,0.36,3,75.21,-309.87,-251.56,98,E
2024/11/02 21:29:00,20.56,2414,3423,48,-0.47,9.83,0.32,3,74.76,-308.94,-251.54,105,E
2024/11/02 21:29:06,20.56,2433,3455,49,-0.39,9.85,0.35,3,74.59,-309.41,-251.46,98,E
2024/11/02 21:29:07,20.56,2428,3444,48,-0.43,9.87,0.29,3,74.41,-310.12,-251.56,106,E
2024/11/02 21:29:07,20.56,2424,3439,48,-0.39,9.81,0.35,3,74.12,-308.72,-251.54,98,E
2024/11/02 21:29:08,20.56,2422,3435,48,-0.30,9.86,0.36,2,74.42,-309.89,-251.56,90,E
2024/11/02 21:29:08,20.56,2421,3433,48,-0.42,9.85,0.33,3,75.09,-308.22,-251.44,101,E
2024/11/02 21:29:09,20.56,2419,3429,48,-0.40,9.82,0.32,3,75.09,-308.00,-251.71,101,E
2024/11/02 21:29:09,20.56,2418,3429,48,-0.43,9.80,0.34,3,75.06,-309.64,-251.73,101,E
2024/11/02 21:29:10,20.56,2417,3427,48,-0.42,9.84,0.31,3,74.46,-307.77,-251.52,103,E
2024/11/02 21:29:10,20.56,2417,3427,48,-0.44,9.80,0.30,3,74.42,-309.66,-251.73,105,E
2024/11/02 21:29:11,20.56,2416,3426,48,-0.39,9.78,0.35,3,74.27,-309.66,-251.64,98,E
2024/11/02 21:29:11,20.56,2416,3425,48,-0.41,9.84,0.32,3,74.90,-309.89,-251.83,102,E
2024/11/02 21:29:12,20.56,2415,3425,48,-0.45,9.85,0.38,3,74.59,-309.41,-251.55,99,E
2024/11/02 21:29:12,20.56,2415,3423,48,-0.44,9.80,0.34,3,75.07,-309.41,-251.73,102,E
2024/11/02 21:29:13,20.56,2414,3422,48,-0.37,9.84,0.35,2,74.28,-308.95,-251.45,96,E
2024/11/02 21:29:13,20.56,2414,3422,48,-0.44,9.84,0.35,3,74.92,-308.94,-251.81,101,E
2024/11/02 21:29:14,20.56,2413,3422,48,-0.41,9.85,0.32,3,74.56,-310.58,-251.39,102,E
2024/11/02 21:29:14,20.56,2414,3422,48,-0.41,9.80,0.34,3,73.97,-308.73,-251.63,100,E
2024/11/02 21:29:15,20.56,2413,3420,48,-0.42,9.81,0.32,3,73.46,-309.90,-251.10,102,E
2024/11/02 21:29:15,20.56,2413,3421,48,-0.42,9.83,0.33,3,74.59,-309.41,-251.55,101,E
2024/11/02 21:29:16,20.56,2413,3421,48,-0.40,9.87,0.37,3,74.57,-310.36,-251.83,97,E
2024/11/02 21:29:22,20.56,2432,3453,49,-0.40,9.84,0.36,3,74.28,-308.95,-251.45,98,E
2024/11/02 21:29:22,20.56,2426,3443,49,-0.39,9.86,0.32,2,74.25,-310.36,-251.38,100,E
2024/11/02 21:29:23,20.56,2423,3437,48,-0.45,9.82,0.35,3,73.95,-309.65,-251.19,102,E
2024/11/02 21:29:23,20.56,2421,3433,48,-0.43,9.83,0.33,3,74.59,-309.18,-251.46,102,E
2024/11/02 21:29:24,20.56,2419,3431,48,-0.41,9.83,0.35,3,74.43,-309.42,-251.64,99,E
2024/11/02 21:29:24,20.56,2418,3429,48,-0.43,9.81,0.29,3,75.36,-310.56,-251.39,106,E
2024/11/02 21:29:25,20.56,2417,3427,48,-0.42,9.84,0.33,3,74.42,-309.88,-251.29,102,E
2024/11/02 21:29:25,20.56,2417,3425,48,-0.43,9.81,0.36,3,74.28,-308.71,-251.45,100,E
2024/11/02 21:29:26,20.56,2416,3424,48,-0.40,9.79,0.36,3,74.29,-308.49,-251.72,98,E
2024/11/02 21:29:26,20.56,2415,3424,48,-0.37,9.80,0.31,2,74.74,-309.65,-251.64,100,E
2024/11/02 21:29:27,20.56,2415,3423,48,-0.42,9.84,0.33,3,74.90,-309.64,-251.55,101,E
2024/11/02 21:29:27,20.56,2415,3424,48,-0.39,9.85,0.35,3,74.92,-308.47,-251.72,98,E
2024/11/02 21:29:28,20.56,2414,3422,48,-0.41,9.86,0.37,3,74.27,-309.19,-251.55,98,E
2024/11/02 21:29:28,20.56,2413,3421,48,-0.40,9.83,0.38,3,74.57,-310.12,-251.56,96,E
2024/11/02 21:29:29,20.56,2413,3422,48,-0.44,9.83,0.37,3,75.41,-307.98,-251.44,99,E
2024/11/02 21:29:29,20.56,2413,3421,48,-0.41,9.86,0.30,2,73.80,-309.19,-251.36,103,E
2024/11/02 21:29:30,20.56,2413,3420,48,-0.41,9.85,0.31,3,74.56,-310.59,-251.66,103,E
2024/11/02 21:29:30,20.56,2412,3420,48,-0.43,9.87,0.37,3,74.28,-308.95,-251.54,99,E
2024/11/02 21:29:31,20.56,2412,3418,48,-0.43,9.83,0.32,3,74.43,-309.41,-251.37,103,E
2024/11/02 21:29:31,20.56,2412,3420,48,-0.42,9.84,0.34,3,75.23,-308.93,-251.72,101,E
2024/11/02 21:29:37,20.56,2431,3451,49,-0.40,9.83,0.32,3,74.90,-309.65,-251.73,101,E
2024/11/02 21:29:38,20.56,2424,3440,48,-0.41,9.82,0.33,3,74.76,-308.70,-251.45,101,E
2024/11/02 21:29:38,20.56,2422,3436,48,-0.43,9.85,0.37,3,74.91,-309.41,-251.82,99,E
2024/11/02 21:29:39,20.56,2420,3431,48,-0.41,9.84,0.33,3,74.91,-308.91,-250.91,101,E
2024/11/02 21:29:39,20.56,2418,3430,48,-0.46,9.83,0.33,3,74.75,-309.18,-251.73,104,E
2024/11/02 21:29:40,20.56,2416,3427,48,-0.41,9.84,0.34,3,74.27,-309.67,-251.73,100,E
2024/11/02 21:29:40,20.56,2416,3426,48,-0.42,9.81,0.30,3,74.41,-310.36,-251.47,104,E
2024/11/02 21:29:41,20.56,2416,3426,48,-0.40,9.80,0.35,3,74.25,-310.37,-251.65,99,E
2024/11/02 21:29:41,20.56,2415,3424,48,-0.44,9.83,0.37,3,74.76,-308.94,-251.54,100,E
2024/11/02 21:29:42,20.56,2415,3424,48,-0.40,9.83,0.39,3,74.10,-309.65,-251.19,96,E
2024/11/02 21:29:42,20.56,2414,3423,48,-0.38,9.87,0.35,3,74.74,-309.88,-251.65,97,E
2024/11/02 21:29:43,20.56,2414,3422,48,-0.41,9.85,0.34,3,74.28,-308.95,-251.45,100,E
2024/11/02 21:29:43,20.56,2413,3420,48,-0.42,9.84,0.33,3,73.77,-310.39,-251.83,102,E
2024/11/02 21:29:44,20.56,2412,3420,48,-0.43,9.83,0.36,3,74.41,-310.36,-251.65,100,E
2024/11/02 21:29:44,20.56,2413,3420,48,-0.43,9.87,0.32,3,74.60,-308.72,-251.72,103,E
2024/11/02 21:29:45,20.56,2413,3420,48,-0.40,9.81,0.35,3,74.43,-309.19,-251.82,98,E
2024/11/02 21:29:45,20.56,2412,3419,48,-0.37,9.83,0.33,2,75.05,-310.35,-251.93,98,E
2024/11/02 21:29:46,20.56,2412,3419,48,-0.44,9.82,0.34,3,74.26,-309.90,-251.74,102,E
2024/11/02 21:29:46,20.56,2411,3418,48,-0.44,9.85,0.34,3,74.11,-309.67,-251.64,102,E
2024/11/02 21:29:47,20.56,2412,3418,48,-0.44,9.81,0.32,3,74.60,-308.72,-251.81,103,E
2024/11/02 21:29:53,20.56,2430,3450,49,-0.40,9.81,0.34,3,74.26,-310.14,-251.74,99,E
2024/11/02 21:29:53,20.56,2424,3440,48,-0.39,9.81,0.29,2,74.13,-308.50,-251.90,103,E
2024/11/02 21:29:54,20.56,2421,3435,48,-0.43,9.80,0.35,3,74.10,-309.89,-251.47,101,E
2024/11/02 21:29:54,20.56,2419,3432,48,-0.43,9.82,0.33,3,74.43,-309.43,-251.91,102,E
2024/11/02 21:29:55,20.56,2417,3429,48,-0.39,9.83,0.31,2,74.43,-309.17,-251.18,101,E
2024/11/02 21:29:55,20.56,2416,3426,48,-0.40,9.88,0.33,3,74.25,-310.60,-251.66,100,E
2024/11/02 21:29:56,20.56,2416,3426,48,-0.43,9.86,0.24,2,74.11,-309.67,-251.73,111,E
2024/11/02 21:29:56,20.56,2415,3425,48,-0.39,9.87,0.34,3,73.93,-310.38,-251.65,99,E
2024/11/02 21:29:57,20.56,2415,3424,48,-0.41,9.81,0.39,3,73.97,-308.25,-251.26,96,E
2024/11/02 21:29:57,20.56,2414,3423,48,-0.38,9.82,0.31,2,74.58,-309.66,-251.82,100,E
2024/11/02 21:29:58,20.56,2414,3422,48,-0.43,9.83,0.37,3,74.45,-308.50,-252.08,99,E
2024/11/02 21:29:58,20.56,2413,3422,48,-0.44,9.84,0.32,3,74.25,-310.35,-251.29,104,E
2024/11/02 21:29:59,20.56,2413,3421,48,-0.44,9.83,0.35,3,73.16,-308.97,-251.18,101,E
2024/11/02 21:29:59,20.56,2413,3420,48,-0.52,9.85,0.34,3,74.92,-308.72,-251.99,106,E
2024/11/02 21:30:00,20.56,2412,3420,48,-0.41,9.82,0.37,3,74.42,-309.88,-251.38,98,E
2024/11/02 21:30:00,20.56,2412,3420,48,-0.39,9.85,0.33,2,74.91,-308.93,-251.45,99,E
2024/11/02 21:30:01,20.56,2412,3420,48,-0.40,9.81,0.39,3,74.61,-308.22,-251.17,95,E
2024/11/02 21:30:01,20.56,2411,3418,48,-0.39,9.86,0.34,3,74.57,-310.12,-251.56,99,E
2024/11/02 21:30:02,20.56,2411,3418,48,-0.43,9.86,0.32,3,74.43,-309.17,-251.27,103,E
2024/11/02 21:30:02,20.56,2411,3419,48,-0.39,9.84,0.37,3,74.76,-308.70,-251.54,96,E
2024/11/02 21:30:08,20.56,2430,3451,49,-0.41,9.82,0.34,3,73.63,-309.68,-251.55,100,E
2024/11/02 21:30:09,20.56,2424,3439,48,-0.40,9.85,0.31,2,74.42,-309.90,-251.83,102,E
2024/11/02 21:30:09,20.56,2421,3435,48,-0.41,9.80,0.33,3,75.24,-308.44,-251.18,101,E
2024/11/02 21:30:10,20.56,2418,3430,48,-0.38,9.82,0.29,2,75.06,-309.64,-251.73,102,E
2024/11/02 21:30:10,20.56,2417,3429,48,-0.40,9.84,0.33,3,74.74,-309.63,-251.19,100,E
2024/11/02 21:30:11,20.56,2416,3426,48,-0.40,9.78,0.30,2,74.27,-309.42,-251.37,103,E
2024/11/02 21:30:11,20.56,2415,3425,48,-0.44,9.88,0.37,3,74.30,-308.01,-251.53,99,E
2024/11/02 21:30:12,20.56,2415,3424,48,-0.39,9.83,0.35,3,73.98,-307.79,-251.70,98,E
2024/11/02 21:30:12,20.56,2414,3423,48,-0.38,9.79,0.31,2,74.75,-309.40,-251.19,101,E
2024/11/02 21:30:13,20.56,2414,3423,48,-0.38,9.83,0.32,2,74.11,-309.67,-251.73,100,E
2024/11/02 21:30:13,20.56,2414,3422,48,-0.41,9.85,0.32,3,75.38,-309.40,-251.82,102,E
2024/11/02 21:30:14,20.56,2413,3422,48,-0.42,9.83,0.35,3,74.73,-310.13,-251.83,100,E
2024/11/02 21:30:14,20.56,2413,3420,48,-0.40,9.86,0.33,3,73.78,-309.91,-251.55,100,E
2024/11/02 21:30:15,20.56,2412,3420,48,-0.40,9.85,0.33,3,74.57,-310.35,-251.47,100,E
2024/11/02 21:30:15,20.56,2412,3419,48,-0.40,9.85,0.33,3,73.96,-308.97,-251.72,100,E
2024/11/02 21:30:16,20.56,2411,3420,48,-0.42,9.82,0.35,3,75.06,-309.39,-251.19,100,E
2024/11/02 21:30:16,20.56,2411,3419,48,-0.45,9.83,0.37,3,74.91,-309.16,-251.37,100,E
2024/11/02 21:30:17,20.56,2411,3418,48,-0.39,9.86,0.32,2,74.10,-309.91,-251.83,100,E
2024/11/02 21:30:17,20.56,2411,3418,48,-0.42,9.83,0.41,3,75.03,-311.29,-251.85,96,E
2024/11/02 21:30:18,20.56,2411,3418,48,-0.39,9.85,0.36,3,74.91,-309.42,-252.00,97,E
2024/11/02 21:30:24,20.56,2430,3451,49,-0.45,9.86,0.41,3,75.07,-309.41,-251.73,97,E
2024/11/02 21:30:24,20.56,2424,3440,48,-0.39,9.85,0.32,2,74.76,-308.94,-251.54,100,E
2024/11/02 21:30:25,20.56,2421,3435,48,-0.40,9.81,0.33,3,73.96,-308.96,-251.45,100,E
2024/11/02 21:30:25,20.56,2418,3431,48,-0.41,9.82,0.33,3,74.43,-309.19,-251.64,101,E
2024/11/02 21:30:26,20.56,2417,3428,48,-0.44,9.84,0.34,3,73.94,-309.88,-251.01,102,E
2024/11/02 21:30:26,20.56,2415,3426,48,-0.42,9.83,0.31,3,74.75,-309.16,-251.28,103,E
2024/11/02 21:30:27,20.56,2415,3425,48,-0.39,9.81,0.31,2,74.90,-309.63,-251.19,101,E
2024/11/02 21:30:27,20.56,2415,3423,48,-0.42,9.88,0.36,3,73.47,-309.44,-251.28,99,E
2024/11/02 21:30:28,20.56,2414,3422,48,-0.41,9.87,0.33,3,74.44,-308.71,-251.54,101,E
2024/11/02 21:30:28,20.56,2413,3422,48,-0.40,9.81,0.31,2,73.47,-309.92,-251.55,102,E
2024/11/02 21:30:29,20.56,2413,3421,48,-0.41,9.84,0.29,2,75.07,-309.15,-251.19,104,E
2024/11/02 21:30:29,20.56,2412,3421,48,-0.38,9.85,0.35,3,74.43,-309.17,-251.09,97,E
2024/11/02 21:30:30,20.56,2411,3420,48,-0.41,9.85,0.33,3,73.79,-309.43,-251.46,101,E
2024/11/02 21:30:30,20.56,2411,3418,48,-0.42,9.82,0.34,3,75.06,-309.39,-251.28,101,E
2024/11/02 21:30:31,20.56,2411,3419,48,-0.39,9.79,0.37,3,74.43,-309.18,-251.55,96,E
2024/11/02 21:30:31,20.56,2411,3419,48,-0.42,9.85,0.33,3,75.06,-309.63,-251.37,102,E
2024/11/02 21:30:32,20.56,2411,3418,48,-0.42,9.84,0.34,3,75.08,-308.68,-251.27,101,E
2024/11/02 21:30:32,20.56,2411,3418,48,-0.44,9.82,0.35,3,74.29,-308.48,-251.44,101,E
2024/11/02 21:30:33,20.56,2411,3418,48,-0.41,9.85,0.30,2,74.28,-308.73,-251.81,103,E
2024/11/02 21:30:33,20.56,2410,3417,48,-0.43,9.85,0.36,3,74.75,-309.42,-251.82,100,E
2024/11/02 21:30:39,20.56,2428,3449,49,-0.40,9.86,0.35,3,74.91,-309.41,-251.64,99,E
2024/11/02 21:30:40,20.56,2423,3438,48,-0.42,9.83,0.35,3,74.57,-310.12,-251.56,100,E
2024/11/02 21:30:40,20.56,2419,3433,48,-0.39,9.79,0.35,3,74.12,-308.96,-251.54,98,E
2024/11/02 21:30:41,20.56,2417,3429,48,-0.45,9.82,0.37,3,75.36,-310.30,-250.84,100,E
2024/11/02 21:30:41,20.56,2416,3427,48,-0.45,9.84,0.46,3,73.79,-309.43,-251.37,94,E
2024/11/02 21:30:42,20.56,2416,3425,48,-0.48,9.84,0.38,3,74.59,-309.41,-251.55,101,E
2024/11/02 21:30:42,20.56,2414,3424,48,-0.43,9.83,0.25,2,75.71,-309.15,-251.55,109,E
2024/11/02 21:30:43,20.56,2413,3422,48,-0.45,9.79,0.33,3,73.95,-309.44,-251.64,103,E
2024/11/02 21:30:43,20.56,2413,3421,48,-0.39,9.82,0.36,3,74.27,-309.66,-251.64,97,E
2024/11/02 21:30:44,20.56,2413,3420,48,-0.39,9.82,0.28,2,74.60,-308.72,-251.81,104,E
2024/11/02 21:30:44,20.56,2412,3419,48,-0.36,9.88,0.31,2,73.78,-309.90,-251.37,99,E
2024/11/02 21:30:45,20.56,2411,3419,48,-0.42,9.78,0.37,3,74.90,-309.39,-251.10,98,E
2024/11/02 21:30:45,20.56,2411,3419,48,-0.39,9.83,0.48,3,74.77,-308.22,-251.17,89,E
2024/11/02 21:30:46,20.56,2411,3418,48,-0.43,9.84,0.33,3,74.90,-309.88,-251.65,102,E
2024/11/02 21:30:46,20.56,2411,3418,48,-0.38,9.81,0.32,2,74.93,-308.21,-251.08,100,E
2024/11/02 21:30:47,20.56,2410,3417,48,-0.40,9.83,0.34,3,75.06,-309.39,-251.19,99,E
2024/11/02 21:30:47,20.56,2410,3417,48,-0.39,9.83,0.32,2,74.44,-308.96,-251.81,100,E
2024/11/02 21:30:48,20.56,2410,3416,48,-0.38,9.84,0.29,2,74.74,-309.65,-251.73,102,E
2024/11/02 21:30:48,20.56,2410,3417,48,-0.39,9.83,0.28,2,73.63,-309.69,-251.82,104,E
2024/11/02 21:30:49,20.56,2410,3416,48,-0.42,9.86,0.36,3,74.77,-308.24,-251.62,99,E
2024/11/02 21:30:55,20.56,2429,3449,49,-0.39,9.82,0.30,2,74.28,-308.95,-251.45,102,E
2024/11/02 21:30:55,20.56,2423,3439,48,-0.35,9.80,0.32,2,74.78,-307.52,-251.25,97,E
2024/11/02 21:30:56,20.56,2420,3433,48,-0.40,9.80,0.35,3,75.06,-309.39,-251.37,99,E
2024/11/02 21:30:56,20.56,2418,3430,48,-0.42,9.83,0.37,3,73.96,-308.69,-250.63,98,E
2024/11/02 21:30:57,20.56,2416,3427,48,-0.43,9.85,0.31,3,74.88,-310.58,-251.57,104,E
2024/11/02 21:30:57,20.56,2414,3425,48,-0.38,9.81,0.34,2,74.74,-309.65,-251.64,98,E
2024/11/02 21:30:58,20.56,2414,3423,48,-0.45,9.76,0.34,3,74.88,-310.82,-251.57,103,E
2024/11/02 21:30:58,20.56,2413,3423,48,-0.40,9.87,0.35,3,74.11,-309.43,-251.73,99,E
2024/11/02 21:30:59,20.56,2413,3422,48,-0.41,9.80,0.35,3,73.46,-310.40,-252.01,99,E
2024/11/02 21:30:59,20.56,2412,3421,48,-0.36,9.80,0.37,3,74.92,-308.69,-251.36,94,E
2024/11/02 21:31:00,20.56,2412,3420,48,-0.40,9.84,0.33,3,75.37,-310.10,-251.56,100,E
2024/11/02 21:31:00,20.56,2412,3419,48,-0.44,9.82,0.33,3,74.77,-308.21,-250.90,103,E
2024/11/02 21:31:01,20.56,2411,3419,48,-0.37,9.85,0.38,3,74.75,-308.92,-251.18,94,E
2024/11/02 21:31:01,20.56,2411,3418,48,-0.44,9.81,0.30,3,73.81,-308.73,-251.63,105,E
2024/11/02 21:31:02,20.56,2411,3418,48,-0.39,9.86,0.33,2,75.07,-308.92,-251.36,99,E
2024/11/02 21:31:02,20.56,2411,3418,48,-0.39,9.85,0.33,2,73.63,-309.45,-251.82,99,E
2024/11/02 21:31:03,20.56,2410,3418,48,-0.41,9.84,0.31,3,74.11,-309.67,-251.64,103,E
2024/11/02 21:31:03,20.56,2410,3416,48,-0.43,9.87,0.32,3,74.43,-309.18,-251.55,103,E
2024/11/02 21:31:04,20.56,2410,3417,48,-0.44,9.83,0.28,3,74.73,-310.36,-251.83,107,E
2024/11/02 21:31:04,20.56,2410,3417,48,-0.41,9.84,0.30,2,74.43,-309.42,-251.64,103,E
2024/11/02 21:31:10,20.56,2429,3450,49,-0.45,9.85,0.33,3,75.06,-309.64,-251.73,103,E
2024/11/02 21:31:11,20.56,2423,3439,48,-0.42,9.86,0.33,3,73.96,-309.20,-251.73,101,E
2024/11/02 21:31:11,20.56,2420,3434,48,-0.38,9.85,0.34,2,74.42,-309.89,-251.47,98,E
2024/11/02 21:31:12,20.56,2418,3430,48,-0.41,9.84,0.33,3,75.24,-308.45,-251.45,101,E
2024/11/02 21:31:12,20.56,2417,3428,48,-0.41,9.85,0.33,3,75.07,-309.15,-251.28,101,E
2024/11/02 21:31:13,20.56,2415,3426,48,-0.37,9.79,0.31,2,74.42,-309.65,-251.37,100,E
2024/11/02 21:31:13,20.56,2414,3424,48,-0.36,9.80,0.36,2,74.90,-309.90,-252.10,95,E
2024/11/02 21:31:14,20.56,2414,3423,48,-0.43,9.86,0.34,3,74.75,-309.18,-251.82,101,E
2024/11/02 21:31:14,20.56,2413,3423,48,-0.40,9.79,0.37,3,75.06,-309.63,-251.46,97,E
2024/11/02 21:31:15,20.56,2412,3420,48,-0.42,9.83,0.30,3,75.06,-309.88,-251.83,104,E
2024/11/02 21:31:15,20.56,2412,3420,48,-0.41,9.88,0.26,2,75.06,-309.65,-251.82,107,E
2024/11/02 21:31:16,20.56,2412,3419,48,-0.38,9.84,0.34,2,74.43,-309.41,-251.28,98,E
2024/11/02 21:31:16,20.56,2411,3419,48,-0.42,9.79,0.36,3,75.08,-308.69,-251.45,99,E
2024/11/02 21:31:17,20.56,2411,3418,48,-0.41,9.86,0.32,3,74.44,-308.72,-251.63,102,E
2024/11/02 21:31:17,20.56,2411,3418,48,-0.33,9.83,0.36,2,74.41,-310.11,-251.20,93,E
2024/11/02 21:31:18,20.56,2411,3418,48,-0.41,9.86,0.30,2,74.28,-308.70,-251.09,103,E
2024/11/02 21:31:18,20.56,2411,3417,48,-0.41,9.82,0.34,3,74.57,-310.12,-251.56,100,E
2024/11/02 21:31:19,20.56,2411,3417,48,-0.44,9.85,0.33,3,75.38,-309.62,-251.46,103,E
2024/11/02 21:31:19,20.56,2410,3417,48,-0.45,9.86,0.32,3,74.93,-307.99,-251.44,104,E
2024/11/02 21:31:20,20.56,2410,3418,48,-0.40,9.84,0.33,3,73.97,-308.73,-251.54,100,E
2024/11/02 21:31:26,20.56,2428,3449,49,-0.41,9.82,0.34,3,74.26,-309.91,-251.92,100,E
2024/11/02 21:31:26,20.56,2423,3439,48,-0.43,9.87,0.36,3,73.95,-309.66,-251.37,100,E
2024/11/02 21:31:27,20.56,2419,3433,48,-0.38,9.81,0.33,2,74.92,-308.70,-251.54,99,E
2024/11/02 21:31:27,20.56,2418,3430,48,-0.39,9.84,0.35,3,74.27,-309.41,-251.28,98,E
2024/11/02 21:31:28,20.56,2416,3427,48,-0.44,9.85,0.34,3,73.95,-309.43,-251.55,102,E
2024/11/02 21:31:28,20.56,2415,3425,48,-0.45,9.86,0.31,3,76.31,-310.78,-251.75,105,E
2024/11/02 21:31:29,20.56,2415,3425,48,-0.42,9.81,0.35,3,74.59,-309.16,-251.18,100,E
2024/11/02 21:31:29,20.56,2415,3423,48,-0.45,9.82,0.33,3,74.45,-308.47,-251.26,103,E
2024/11/02 21:31:30,20.56,2413,3422,48,-0.37,9.81,0.33,2,74.42,-310.14,-251.92,98,E
2024/11/02 21:31:30,20.56,2412,3420,48,-0.40,9.81,0.36,3,74.75,-309.18,-251.64,98,E
2024/11/02 21:31:31,20.56,2413,3420,48,-0.38,9.85,0.38,3,75.07,-309.41,-251.91,95,E
2024/11/02 21:31:31,20.56,2412,3419,48,-0.44,9.86,0.34,3,74.72,-310.83,-251.84,102,E
2024/11/02 21:31:32,20.56,2411,3419,48,-0.37,9.83,0.33,2,74.28,-308.96,-251.72,98,E
2024/11/02 21:31:32,20.56,2411,3418,48,-0.42,9.83,0.39,3,73.96,-309.20,-251.54,97,E
2024/11/02 21:31:33,20.56,2411,3419,48,-0.40,9.85,0.36,3,74.27,-309.42,-251.46,98,E
2024/11/02 21:31:33,20.56,2411,3418,48,-0.37,9.80,0.34,2,74.45,-308.26,-251.98,97,E
2024/11/02 21:31:34,20.56,2411,3418,48,-0.40,9.83,0.43,3,75.37,-309.84,-251.11,93,E
2024/11/02 21:31:34,20.56,2411,3417,48,-0.41,9.82,0.33,3,75.40,-308.44,-251.27,101,E
2024/11/02 21:31:35,20.56,2410,3417,48,-0.42,9.82,0.35,3,74.59,-309.17,-251.37,100,E
2024/11/02 21:31:35,20.56,2410,3416,48,-0.43,9.82,0.35,3,74.77,-308.47,-251.63,100,E
2024/11/02 21:31:41,20.56,2429,3449,49,-0.42,9.83,0.34,3,75.24,-308.69,-251.63,101,E
2024/11/02 21:31:42,20.56,2423,3438,48,-0.42,9.83,0.27,2,74.93,-308.23,-251.53,107,E
2024/11/02 21:31:42,20.56,2420,3432,48,-0.44,9.86,0.32,3,75.24,-308.68,-251.18,104,E
2024/11/02 21:31:43,20.56,2418,3429,48,-0.42,9.88,0.33,3,74.74,-309.89,-251.83,101,E
2024/11/02 21:31:43,20.56,2417,3427,48,-0.42,9.82,0.34,3,75.88,-308.44,-251.54,101,E
2024/11/02 21:31:44,20.56,2415,3424,48,-0.39,9.83,0.34,3,74.27,-309.67,-251.82,99,E
2024/11/02 21:31:44,20.56,2415,3424,48,-0.42,9.81,0.34,3,74.87,-311.05,-251.48,101,E
2024/11/02 21:31:45,20.56,2414,3423,48,-0.39,9.84,0.33,2,74.12,-309.21,-252.09,99,E
2024/11/02 21:31:45,20.56,2414,3422,48,-0.43,9.85,0.33,3,74.75,-309.18,-251.73,102,E
2024/11/02 21:31:46,20.56,2413,3421,48,-0.44,9.86,0.32,3,74.61,-308.24,-251.62,103,E
2024/11/02 21:31:46,20.56,2413,3420,48,-0.39,9.85,0.31,2,74.44,-308.72,-251.63,101,E
2024/11/02 21:31:47,20.56,2412,3418,48,-0.39,9.81,0.38,3,74.57,-310.12,-251.56,96,E
2024/11/02 21:31:47,20.56,2411,3418,48,-0.45,9.85,0.33,3,73.93,-310.39,-251.92,103,E
2024/11/02 21:31:48,20.56,2411,3418,48,-0.41,9.87,0.34,3,73.95,-309.66,-251.46,100,E
2024/11/02 21:31:48,20.56,2411,3418,48,-0.40,9.78,0.30,2,75.07,-308.93,-251.45,103,E
2024/11/02 21:31:49,20.56,2411,3418,48,-0.40,9.85,0.36,3,74.77,-308.23,-251.53,98,E
2024/11/02 21:31:49,20.56,2411,3416,48,-0.45,9.81,0.38,3,74.12,-308.72,-251.45,99,E
2024/11/02 21:31:50,20.56,2410,3417,48,-0.45,9.84,0.33,3,74.75,-309.41,-251.46,103,E
2024/11/02 21:31:50,20.56,2410,3416,48,-0.37,9.81,0.36,3,74.42,-309.65,-251.37,96,E
2024/11/02 21:31:51,20.56,2410,3416,48,-0.42,9.86,0.32,3,74.73,-310.36,-251.83,102,E
2024/11/02 21:31:57,20.62,2428,3449,49,-0.38,9.84,0.32,2,74.59,-309.17,-251.37,100,E
2024/11/02 21:31:57,20.62,2423,3439,48,-0.40,9.81,0.30,2,74.61,-308.24,-251.71,103,E
2024/11/02 21:31:58,20.62,2420,3433,48,-0.40,9.78,0.34,3,74.58,-309.87,-251.20,99,E
2024/11/02 21:31:58,20.62,2417,3429,48,-0.43,9.82,0.34,3,74.61,-308.22,-251.17,101,E
2024/11/02 21:31:59,20.62,2417,3427,48,-0.41,9.80,0.36,3,74.42,-309.87,-251.10,98,E
2024/11/02 21:31:59,20.62,2415,3425,48,-0.38,9.82,0.33,2,74.77,-308.49,-252.08,99,E
2024/11/02 21:32:00,20.62,2414,3423,48,-0.42,9.83,0.36,3,74.60,-308.71,-251.63,99,E
2024/11/02 21:32:00,20.56,2414,3422,48,-0.40,9.85,0.35,3,73.33,-308.74,-251.36,98,E
2024/11/02 21:32:01,20.56,2412,3421,48,-0.37,9.83,0.37,3,74.29,-308.48,-251.44,95,E
2024/11/02 21:32:01,20.56,2413,3420,48,-0.39,9.81,0.32,2,74.41,-310.37,-251.92,100,E
2024/11/02 21:32:02,20.56,2412,3420,48,-0.42,9.85,0.29,2,75.19,-311.05,-251.67,105,E
2024/11/02 21:32:02,20.56,2411,3419,48,-0.42,9.89,0.30,3,74.90,-309.88,-251.74,104,E
2024/11/02 21:32:03,20.56,2411,3419,48,-0.41,9.84,0.34,3,73.94,-310.14,-251.65,100,E
2024/11/02 21:32:03,20.56,2411,3417,48,-0.43,9.84,0.31,3,74.61,-308.49,-251.90,104,E
2024/11/02 21:32:04,20.56,2411,3417,48,-0.39,9.82,0.35,3,74.75,-309.41,-251.55,98,E
2024/11/02 21:32:04,20.56,2411,3417,48,-0.43,9.81,0.37,3,74.76,-308.71,-251.72,99,E
2024/11/02 21:32:05,20.56,2411,3417,48,-0.44,9.85,0.33,3,74.91,-309.40,-251.46,103,E
2024/11/02 21:32:05,20.56,2411,3417,48,-0.38,9.83,0.30,2,74.29,-308.50,-251.90,101,E
2024/11/02 21:32:06,20.56,2410,3416,48,-0.41,9.84,0.34,3,74.43,-309.18,-251.55,100,E
2024/11/02 21:32:06,20.56,2410,3416,48,-0.41,9.83,0.36,3,74.26,-309.65,-251.37,98,E
2024/11/02 21:32:12,20.62,2428,3447,49,-0.39,9.87,0.32,2,74.75,-309.18,-251.82,100,E
2024/11/02 21:32:12,20.62,2422,3438,49,-0.43,9.81,0.35,3,74.60,-308.95,-251.63,100,E
2024/11/02 21:32:13,20.62,2419,3433,48,-0.41,9.79,0.34,3,74.63,-307.54,-251.79,100,E
2024/11/02 21:32:13,20.62,2418,3430,48,-0.40,9.80,0.31,2,73.65,-308.49,-251.26,102,E
2024/11/02 21:32:14,20.62,2416,3426,48,-0.44,9.85,0.33,3,74.42,-309.89,-251.65,103,E
2024/11/02 21:32:14,20.62,2415,3424,48,-0.38,9.80,0.26,2,74.43,-309.20,-252.09,105,E
2024/11/02 21:32:15,20.62,2414,3422,48,-0.44,9.82,0.31,3,75.07,-309.17,-251.82,104,E
2024/11/02 21:32:15,20.56,2413,3423,48,-0.40,9.84,0.33,3,73.81,-308.72,-251.27,100,E
2024/11/02 21:32:16,20.56,2412,3420,48,-0.44,9.82,0.35,3,74.91,-309.18,-251.82,101,E
2024/11/02 21:32:16,20.56,2412,3420,48,-0.42,9.81,0.35,3,74.43,-309.17,-251.18,100,E
2024/11/02 21:32:17,20.56,2412,3419,48,-0.38,9.84,0.32,2,74.14,-308.27,-251.98,99,E
2024/11/02 21:32:17,20.56,2411,3419,48,-0.39,9.81,0.37,3,75.55,-308.92,-251.54,96,E
2024/11/02 21:32:18,20.56,2411,3418,48,-0.40,9.84,0.30,2,74.43,-309.67,-251.91,103,E
2024/11/02 21:32:18,20.56,2410,3418,48,-0.40,9.86,0.35,3,74.60,-308.95,-251.81,98,E
2024/11/02 21:32:19,20.56,2411,3418,48,-0.42,9.87,0.34,3,74.29,-308.47,-251.26,101,E
2024/11/02 21:32:19,20.56,2411,3417,48,-0.42,9.84,0.38,3,74.75,-309.41,-251.46,98,E
2024/11/02 21:32:20,20.56,2410,3417,48,-0.41,9.84,0.29,2,75.23,-308.93,-251.72,104,E
2024/11/02 21:32:20,20.56,2409,3417,48,-0.45,9.87,0.32,3,73.77,-310.38,-251.74,104,E
2024/11/02 21:32:21,20.56,2409,3416,48,-0.45,9.84,0.37,3,74.77,-308.47,-251.63,100,E
2024/11/02 21:32:22,20.56,2410,3416,48,-0.40,9.83,0.34,3,74.59,-309.41,-251.55,99,E
2024/11/02 21:32:28,20.56,2427,3447,49,-0.42,9.81,0.34,3,73.79,-309.65,-251.10,101,E
2024/11/02 21:32:28,20.56,2421,3437,49,-0.43,9.85,0.35,3,75.86,-309.39,-251.82,100,E
2024/11/02 21:32:28,20.56,2418,3432,48,-0.46,9.85,0.34,3,73.50,-308.27,-251.62,103,E
2024/11/02 21:32:29,20.56,2416,3429,48,-0.41,9.85,0.31,3,73.95,-309.67,-251.64,103,E
2024/11/02 21:32:29,20.56,2416,3425,48,-0.40,9.82,0.34,3,74.91,-309.40,-251.46,99,E
2024/11/02 21:32:30,20.56,2414,3423,48,-0.45,9.81,0.33,3,73.63,-309.68,-251.73,103,E
2024/11/02 21:32:30,20.56,2413,3422,48,-0.45,9.82,0.32,3,74.92,-308.45,-251.27,104,E
2024/11/02 21:32:31,20.56,2413,3421,48,-0.41,9.85,0.35,3,74.76,-308.45,-251.08,99,E
2024/11/02 21:32:31,20.56,2412,3421,48,-0.41,9.86,0.33,3,75.52,-310.32,-251.38,101,E
2024/11/02 21:32:32,20.56,2412,3419,48,-0.42,9.82,0.35,3,74.42,-309.90,-251.74,100,E
2024/11/02 21:32:32,20.56,2411,3419,48,-0.40,9.86,0.35,3,74.13,-308.26,-251.71,98,E
2024/11/02 21:32:33,20.56,2410,3418,48,-0.45,9.79,0.39,3,74.90,-309.87,-251.56,99,E
2024/11/02 21:32:33,20.56,2410,3417,48,-0.43,9.85,0.32,3,73.98,-308.01,-251.26,103,E
2024/11/02 21:32:34,20.56,2410,3417,48,-0.43,9.84,0.34,3,74.58,-309.64,-251.28,101,E
2024/11/02 21:32:34,20.56,2410,3417,48,-0.40,9.87,0.35,3,74.25,-310.60,-251.66,99,E
2024/11/02 21:32:35,20.56,2410,3416,48,-0.39,9.83,0.37,3,74.12,-308.72,-251.54,96,E
2024/11/02 21:32:35,20.56,2410,3416,48,-0.43,9.85,0.25,2,74.26,-309.64,-251.19,110,E
2024/11/02 21:32:36,20.56,2410,3415,48,-0.42,9.84,0.38,3,75.08,-308.68,-251.27,98,E
2024/11/02 21:32:36,20.56,2409,3415,48,-0.41,9.85,0.34,3,74.43,-309.41,-251.37,100,E
2024/11/02 21:32:37,20.56,2409,3415,48,-0.43,9.87,0.35,3,74.91,-308.93,-251.54,100,E
2024/11/02 21:32:43,20.56,2428,3446,49,-0.42,9.79,0.32,3,74.27,-309.66,-251.64,102,E
2024/11/02 21:32:43,20.56,2422,3437,48,-0.42,9.82,0.29,2,75.87,-308.68,-251.72,105,E
2024/11/02 21:32:44,20.56,2419,3432,48,-0.42,9.83,0.36,3,75.41,-307.97,-251.26,99,E
2024/11/02 21:32:44,20.56,2417,3428,48,-0.40,9.85,0.36,3,74.76,-308.45,-251.17,98,E
2024/11/02 21:32:45,20.56,2416,3425,48,-0.45,9.85,0.37,3,74.77,-308.22,-251.08,100,E
2024/11/02 21:32:45,20.56,2414,3423,48,-0.43,9.84,0.38,3,75.07,-308.94,-251.90,98,E
2024/11/02 21:32:46,20.56,2413,3422,48,-0.39,9.86,0.32,2,74.12,-308.97,-251.81,100,E
2024/11/02 21:32:46,20.56,2413,3421,48,-0.38,9.86,0.38,3,75.39,-309.16,-251.73,95,E
2024/11/02 21:32:47,20.56,2412,3420,48,-0.44,9.84,0.36,3,74.92,-308.70,-251.54,100,E
2024/11/02 21:32:47,20.56,2412,3419,48,-0.41,9.82,0.32,3,75.07,-309.16,-251.46,102,E
2024/11/02 21:32:48,20.56,2411,3418,48,-0.40,9.83,0.34,3,74.43,-309.19,-251.64,99,E
2024/11/02 21:32:48,20.56,2410,3417,48,-0.39,9.79,0.31,2,74.76,-308.69,-251.18,101,E
2024/11/02 21:32:49,20.56,2410,3416,48,-0.43,9.81,0.42,3,74.44,-308.72,-251.72,95,E
2024/11/02 21:32:49,20.56,2410,3415,48,-0.39,9.82,0.36,3,74.27,-309.42,-251.55,97,E
2024/11/02 21:32:50,20.56,2410,3415,48,-0.40,9.86,0.37,3,74.29,-308.25,-251.53,97,E
2024/11/02 21:32:50,20.56,2409,3415,48,-0.39,9.83,0.35,3,73.48,-308.97,-251.27,98,E
2024/11/02 21:32:51,20.56,2409,3415,48,-0.42,9.79,0.32,3,74.91,-308.93,-251.54,102,E
2024/11/02 21:32:51,20.56,2410,3414,48,-0.42,9.89,0.30,3,74.12,-308.73,-251.63,104,E
2024/11/02 21:32:52,20.56,2409,3414,48,-0.43,9.84,0.35,3,74.12,-309.20,-251.82,100,E
2024/11/02 21:32:52,20.56,2409,3415,48,-0.42,9.85,0.35,3,74.91,-309.16,-251.37,100,E
2024/11/02 21:32:58,20.62,2427,3447,49,-0.36,9.82,0.36,2,75.39,-308.91,-251.27,95,E
2024/11/02 21:32:59,20.62,2422,3435,48,-0.37,9.83,0.31,2,74.26,-309.90,-251.65,100,E
2024/11/02 21:32:59,20.62,2419,3431,48,-0.41,9.79,0.34,3,75.07,-309.15,-251.28,100,E
2024/11/02 21:33:00,20.62,2417,3428,48,-0.36,9.86,0.33,2,74.11,-309.18,-251.09,97,E
2024/11/02 21:33:00,20.62,2415,3425,48,-0.42,9.84,0.35,3,74.58,-309.89,-251.74,100,E
2024/11/02 21:33:01,20.62,2414,3422,48,-0.42,9.88,0.32,3,74.27,-309.43,-251.73,102,E
2024/11/02 21:33:01,20.62,2413,3422,48,-0.41,9.81,0.31,3,74.91,-308.92,-251.27,102,E
2024/11/02 21:33:02,20.56,2413,3421,48,-0.45,9.85,0.29,3,74.59,-309.40,-251.28,107,E
2024/11/02 21:33:02,20.56,2412,3419,48,-0.43,9.85,0.27,2,74.29,-308.25,-251.71,107,E
2024/11/02 21:33:03,20.56,2412,3419,48,-0.44,9.83,0.35,3,74.76,-308.93,-251.36,101,E
2024/11/02 21:33:03,20.56,2411,3418,48,-0.40,9.86,0.31,2,74.29,-308.49,-251.63,102,E
2024/11/02 21:33:04,20.56,2411,3418,48,-0.36,9.85,0.28,2,74.74,-309.39,-251.10,102,E
2024/11/02 21:33:04,20.56,2410,3416,48,-0.46,9.82,0.31,3,74.59,-309.16,-251.09,106,E
2024/11/02 21:33:05,20.56,2410,3415,48,-0.39,9.80,0.39,3,75.38,-309.38,-251.37,95,E
2024/11/02 21:33:05,20.56,2411,3416,48,-0.42,9.82,0.36,3,75.23,-308.94,-251.81,99,E
2024/11/02 21:33:06,20.56,2410,3415,48,-0.40,9.76,0.33,3,73.95,-309.43,-251.55,100,E
2024/11/02 21:33:06,20.56,2410,3415,48,-0.41,9.81,0.32,3,73.83,-307.79,-251.52,102,E
2024/11/02 21:33:07,20.56,2409,3415,48,-0.40,9.80,0.38,3,74.76,-308.71,-251.81,96,E
2024/11/02 21:33:07,20.56,2409,3415,48,-0.38,9.83,0.38,3,74.91,-309.18,-251.82,95,E
2024/11/02 21:33:08,20.56,2409,3414,48,-0.43,9.86,0.34,3,73.96,-308.98,-251.90,101,E
2024/11/02 21:33:14,20.62,2427,3445,49,-0.45,9.84,0.35,3,74.58,-309.65,-251.64,102,E
2024/11/02 21:33:14,20.62,2422,3436,48,-0.41,9.83,0.30,2,74.44,-308.70,-251.09,103,E
2024/11/02 21:33:15,20.62,2418,3430,48,-0.42,9.82,0.40,3,74.43,-309.18,-251.36,96,E
2024/11/02 21:33:15,20.62,2416,3427,48,-0.42,9.84,0.34,3,75.53,-309.85,-251.47,101,E
2024/11/02 21:33:16,20.62,2415,3425,48,-0.43,9.83,0.33,3,74.93,-308.24,-251.71,102,E
2024/11/02 21:33:16,20.62,2414,3423,48,-0.41,9.83,0.36,3,74.28,-308.72,-251.54,98,E
2024/11/02 21:33:17,20.62,2413,3422,48,-0.42,9.85,0.33,3,74.75,-309.17,-251.55,101,E
2024/11/02 21:33:17,20.56,2412,3419,48,-0.42,9.83,0.37,3,74.12,-308.94,-251.09,98,E
2024/11/02 21:33:18,20.56,2412,3419,48,-0.39,9.82,0.33,3,75.10,-307.75,-251.35,99,E
2024/11/02 21:33:18,20.56,2411,3418,48,-0.39,9.84,0.32,2,75.40,-308.70,-251.81,100,E
2024/11/02 21:33:19,20.56,2411,3418,48,-0.40,9.85,0.35,3,74.91,-309.17,-251.46,99,E
2024/11/02 21:33:19,20.56,2411,3418,48,-0.43,9.81,0.35,3,74.41,-310.35,-251.38,101,E
2024/11/02 21:33:20,20.56,2410,3416,48,-0.43,9.87,0.36,3,74.41,-310.11,-251.11,100,E
2024/11/02 21:33:20,20.56,2410,3416,48,-0.41,9.86,0.36,3,74.74,-309.88,-251.56,98,E
2024/11/02 21:33:21,20.56,2410,3415,48,-0.41,9.85,0.36,3,73.98,-308.01,-251.35,98,E
2024/11/02 21:33:21,20.56,2409,3415,48,-0.43,9.82,0.36,3,75.24,-308.68,-251.36,100,E
2024/11/02 21:33:22,20.56,2409,3415,48,-0.41,9.86,0.38,3,74.57,-310.10,-251.11,97,E
2024/11/02 21:33:22,20.56,2408,3414,48,-0.45,9.85,0.32,3,75.37,-310.10,-251.65,104,E
2024/11/02 21:33:23,20.56,2409,3414,48,-0.43,9.85,0.34,3,74.75,-309.16,-251.28,101,E
2024/11/02 21:33:23,20.56,2409,3414,48,-0.43,9.84,0.33,3,74.74,-309.88,-251.56,102,E
2024/11/02 21:33:29,20.62,2427,3447,49,-0.42,9.83,0.33,3,73.77,-310.38,-251.74,102,E
2024/11/02 21:33:30,20.62,2421,3436,48,-0.42,9.85,0.31,3,74.45,-308.24,-251.53,103,E
2024/11/02 21:33:30,20.62,2418,3430,48,-0.41,9.82,0.33,3,74.28,-308.96,-251.72,101,E
2024/11/02 21:33:31,20.62,2416,3426,48,-0.43,9.81,0.33,3,74.59,-309.42,-251.73,102,E
2024/11/02 21:33:31,20.62,2415,3424,48,-0.43,9.81,0.34,3,73.94,-309.90,-251.37,101,E
2024/11/02 21:33:32,20.62,2413,3421,48,-0.41,9.81,0.29,2,74.59,-309.20,-252.00,104,E
2024/11/02 21:33:32,20.62,2413,3421,48,-0.39,9.81,0.34,3,74.57,-310.12,-251.47,99,E
2024/11/02 21:33:33,20.56,2412,3419,48,-0.37,9.86,0.32,2,74.29,-308.47,-251.17,99,E
2024/11/02 21:33:33,20.56,2412,3419,48,-0.41,9.84,0.34,3,75.55,-308.92,-251.72,100,E
2024/11/02 21:33:34,20.56,2411,3418,48,-0.45,9.85,0.33,3,74.75,-309.40,-251.19,103,E
2024/11/02 21:33:34,20.56,2411,3417,48,-0.40,9.83,0.29,2,75.06,-309.40,-251.64,104,E
2024/11/02 21:33:35,20.56,2411,3416,48,-0.40,9.82,0.33,3,73.95,-309.66,-251.46,100,E
2024/11/02 21:33:35,20.56,2409,3415,48,-0.42,9.81,0.28,2,74.90,-309.63,-251.28,106,E
2024/11/02 21:33:36,20.56,2409,3414,48,-0.43,9.83,0.34,3,74.25,-310.36,-251.38,101,E
2024/11/02 21:33:36,20.56,2409,3415,48,-0.41,9.85,0.33,3,75.06,-309.63,-251.37,101,E
2024/11/02 21:33:37,20.56,2410,3414,48,-0.39,9.84,0.33,2,74.59,-309.41,-251.55,99,E
2024/11/02 21:33:37,20.56,2409,3414,48,-0.42,9.80,0.31,3,74.44,-308.94,-251.45,103,E
2024/11/02 21:33:38,20.56,2409,3414,48,-0.43,9.83,0.33,3,73.95,-309.66,-251.37,102,E
2024/11/02 21:33:38,20.56,2409,3414,48,-0.43,9.81,0.34,3,74.90,-309.89,-252.01,101,E
2024/11/02 21:33:39,20.56,2408,3413,48,-0.42,9.83,0.31,3,74.59,-309.18,-251.46,103,E
2024/11/02 21:33:45,20.62,2426,3445,49,-0.38,9.86,0.35,3,74.91,-309.17,-251.64,97,E
2024/11/02 21:33:45,20.62,2421,3435,48,-0.43,9.82,0.29,3,74.74,-309.39,-251.10,106,E
2024/11/02 21:33:46,20.62,2418,3430,48,-0.41,9.80,0.34,3,74.89,-310.11,-251.47,100,E
2024/11/02 21:33:46,20.62,2416,3426,48,-0.38,9.84,0.34,2,74.58,-309.65,-251.64,98,E
2024/11/02 21:33:47,20.62,2414,3423,48,-0.44,9.83,0.32,3,74.42,-309.90,-251.74,104,E
2024/11/02 21:33:47,20.62,2412,3421,48,-0.42,9.84,0.33,3,74.56,-311.07,-251.84,102,E
2024/11/02 21:33:48,20.62,2413,3420,48,-0.41,9.81,0.31,3,75.54,-309.40,-251.82,102,E
2024/11/02 21:33:48,20.56,2411,3419,48,-0.39,9.84,0.36,3,75.38,-309.62,-251.28,97,E
2024/11/02 21:33:49,20.56,2411,3418,48,-0.47,9.82,0.31,3,74.12,-308.72,-251.45,106,E
2024/11/02 21:33:49,20.56,2411,3417,48,-0.39,9.84,0.35,3,73.31,-309.92,-251.55,98,E
2024/11/02 21:33:50,20.56,2411,3417,48,-0.44,9.81,0.32,3,74.93,-307.99,-251.53,103,E
2024/11/02 21:33:50,20.56,2410,3417,48,-0.41,9.85,0.36,3,74.90,-309.63,-251.37,98,E
2024/11/02 21:33:51,20.56,2410,3416,48,-0.41,9.81,0.32,3,74.92,-308.70,-251.54,102,E
2024/11/02 21:33:51,20.56,2409,3415,48,-0.40,9.86,0.34,3,74.62,-307.77,-251.53,99,E
2024/11/02 21:33:52,20.56,2409,3415,48,-0.41,9.79,0.33,3,74.26,-309.65,-251.37,101,E
2024/11/02 21:33:52,20.56,2409,3415,48,-0.39,9.83,0.32,2,74.57,-310.36,-251.83,100,E
2024/11/02 21:33:53,20.56,2408,3414,48,-0.39,9.81,0.35,3,74.77,-308.48,-251.90,98,E
2024/11/02 21:33:53,20.56,2409,3413,48,-0.40,9.87,0.32,2,74.46,-307.78,-251.62,101,E
2024/11/02 21:33:54,20.56,2408,3413,48,-0.38,9.83,0.38,3,74.92,-308.69,-251.36,95,E
2024/11/02 21:33:54,20.56,2408,3413,48,-0.39,9.89,0.33,2,74.91,-309.19,-252.00,99,E
2024/11/02 21:34:00,20.62,2426,3446,49,-0.41,9.82,0.27,2,74.27,-309.43,-251.64,106,E
2024/11/02 21:34:01,20.62,2421,3435,48,-0.42,9.82,0.33,3,74.93,-308.00,-251.62,101,E
2024/11/02 21:34:01,20.62,2417,3429,48,-0.35,9.87,0.35,2,74.25,-310.60,-251.57,95,E
2024/11/02 21:34:02,20.62,2416,3427,48,-0.43,9.84,0.39,3,75.08,-308.47,-251.72,97,E
2024/11/02 21:34:02,20.62,2414,3424,48,-0.45,9.81,0.38,3,74.28,-309.20,-251.91,99,E
2024/11/02 21:34:03,20.62,2413,3421,48,-0.39,9.83,0.38,3,74.28,-308.72,-251.72,95,E
2024/11/02 21:34:03,20.62,2412,3421,48,-0.45,9.85,0.35,3,74.62,-308.00,-251.44,102,E
2024/11/02 21:34:04,20.62,2412,3420,48,-0.43,9.84,0.35,3,74.74,-309.88,-251.65,101,E
2024/11/02 21:34:04,20.62,2411,3418,48,-0.44,9.80,0.30,3,73.97,-308.50,-251.71,105,E
2024/11/02 21:34:05,20.62,2411,3417,48,-0.40,9.84,0.36,3,74.29,-308.25,-251.71,98,E
2024/11/02 21:34:05,20.62,2410,3417,48,-0.41,9.84,0.33,3,75.08,-308.70,-251.63,101,E
2024/11/02 21:34:06,20.62,2410,3417,48,-0.44,9.85,0.31,3,74.10,-309.89,-251.37,104,E
2024/11/02 21:34:06,20.62,2409,3415,48,-0.38,9.79,0.33,2,75.04,-310.56,-251.12,99,E
2024/11/02 21:34:07,20.62,2409,3415,48,-0.40,9.84,0.32,3,75.04,-310.57,-251.30,101,E
2024/11/02 21:34:07,20.62,2409,3414,48,-0.46,9.86,0.37,3,74.42,-310.14,-252.01,101,E
2024/11/02 21:34:08,20.56,2409,3415,48,-0.40,9.82,0.37,3,74.40,-310.58,-251.30,97,E
2024/11/02 21:34:08,20.56,2409,3413,48,-0.38,9.79,0.35,3,73.96,-308.96,-251.36,97,E
2024/11/02 21:34:09,20.56,2408,3414,48,-0.42,9.80,0.29,3,74.59,-309.39,-251.01,105,E
2024/11/02 21:34:09,20.56,2407,3413,48,-0.41,9.83,0.31,3,74.73,-310.11,-251.38,103,E
2024/11/02 21:34:10,20.56,2408,3413,48,-0.41,9.88,0.32,3,74.12,-309.19,-251.54,102,E
2024/11/02 21:34:16,20.62,2426,3444,49,-0.41,9.87,0.38,3,74.58,-309.87,-251.10,97,E
2024/11/02 21:34:16,20.62,2420,3435,48,-0.43,9.85,0.28,3,75.05,-310.35,-251.74,107,E
2024/11/02 21:34:17,20.62,2418,3430,48,-0.42,9.83,0.34,3,73.78,-310.16,-251.92,101,E
2024/11/02 21:34:17,20.62,2416,3426,48,-0.41,9.83,0.32,3,75.08,-308.45,-251.36,102,E
2024/11/02 21:34:18,20.62,2414,3423,48,-0.41,9.83,0.34,3,74.92,-308.45,-251.27,100,E
2024/11/02 21:34:18,20.62,2412,3420,48,-0.40,9.85,0.32,3,74.46,-307.75,-250.98,101,E
2024/11/02 21:34:19,20.62,2411,3419,48,-0.39,9.86,0.36,3,74.93,-308.25,-251.98,97,E
2024/11/02 21:34:19,20.56,2411,3419,48,-0.42,9.83,0.35,3,74.75,-309.17,-251.46,100,E
2024/11/02 21:34:20,20.56,2411,3418,48,-0.42,9.85,0.41,3,75.37,-309.85,-251.38,95,E
2024/11/02 21:34:20,20.56,2410,3418,48,-0.40,9.81,0.38,3,74.75,-309.41,-251.46,96,E
2024/11/02 21:34:21,20.56,2410,3417,48,-0.44,9.80,0.36,3,75.22,-309.40,-251.73,100,E
2024/11/02 21:34:21,20.56,2409,3416,48,-0.42,9.81,0.31,3,76.20,-308.20,-251.72,103,E
2024/11/02 21:34:22,20.56,2409,3415,48,-0.39,9.83,0.31,2,74.27,-309.43,-251.82,101,E
2024/11/02 21:34:22,20.56,2409,3414,48,-0.41,9.83,0.33,3,74.29,-308.47,-251.08,101,E
2024/11/02 21:34:23,20.56,2409,3413,48,-0.44,9.83,0.36,3,74.91,-309.17,-251.64,100,E
2024/11/02 21:34:23,20.62,2408,3414,48,-0.39,9.85,0.32,2,75.05,-310.09,-251.20,100,E
2024/11/02 21:34:24,20.62,2408,3415,48,-0.41,9.85,0.34,3,74.44,-308.71,-251.54,100,E
2024/11/02 21:34:24,20.62,2408,3414,48,-0.40,9.84,0.33,3,75.55,-308.92,-251.63,100,E
2024/11/02 21:34:25,20.62,2408,3413,48,-0.38,9.84,0.33,2,75.07,-309.16,-251.46,99,E
2024/11/02 21:34:25,20.62,2407,3413,48,-0.43,9.85,0.36,3,74.77,-308.47,-251.54,100,E
2024/11/02 21:34:31,20.62,2425,3444,49,-0.44,9.84,0.35,3,73.95,-309.67,-251.55,101,E
2024/11/02 21:34:32,20.62,2420,3435,48,-0.41,9.85,0.35,3,74.27,-309.19,-251.73,99,E
2024/11/02 21:34:32,20.62,2417,3429,48,-0.43,9.84,0.35,3,75.06,-309.39,-251.19,101,E
2024/11/02 21:34:33,20.62,2415,3426,48,-0.44,9.79,0.31,3,74.89,-309.86,-251.11,104,E
2024/11/02 21:34:33,20.62,2414,3423,48,-0.43,9.85,0.38,3,74.42,-309.66,-251.64,98,E
2024/11/02 21:34:34,20.62,2412,3421,48,-0.42,9.84,0.35,3,75.06,-309.64,-251.55,100,E
2024/11/02 21:34:34,20.62,2412,3420,48,-0.41,9.84,0.32,3,74.75,-309.17,-251.46,102,E
2024/11/02 21:34:35,20.56,2411,3418,48,-0.42,9.81,0.37,3,73.97,-308.49,-251.53,98,E
2024/11/02 21:34:35,20.56,2411,3418,48,-0.39,9.86,0.34,3,73.80,-309.21,-251.63,99,E
2024/11/02 21:34:36,20.56,2410,3417,48,-0.43,9.83,0.34,3,74.26,-309.88,-251.28,101,E
2024/11/02 21:34:36,20.56,2409,3416,48,-0.44,9.83,0.37,3,74.58,-309.66,-251.91,100,E
2024/11/02 21:34:37,20.56,2409,3415,48,-0.40,9.79,0.38,3,74.73,-310.10,-251.20,96,E
2024/11/02 21:34:37,20.56,2409,3415,48,-0.43,9.82,0.26,2,74.91,-309.41,-251.82,108,E
2024/11/02 21:34:38,20.56,2408,3414,48,-0.48,9.85,0.38,3,74.10,-310.13,-251.56,101,E
2024/11/02 21:34:38,20.56,2409,3414,48,-0.41,9.84,0.32,3,73.95,-309.42,-251.28,102,E
2024/11/02 21:34:39,20.56,2409,3413,48,-0.42,9.85,0.39,3,74.57,-310.11,-251.38,97,E
2024/11/02 21:34:39,20.56,2408,3413,48,-0.44,9.84,0.32,3,74.73,-310.13,-251.92,104,E
2024/11/02 21:34:40,20.56,2408,3414,48,-0.40,9.86,0.34,3,74.26,-309.88,-251.28,99,E
2024/11/02 21:34:40,20.56,2407,3412,48,-0.42,9.84,0.32,3,73.95,-309.68,-251.82,102,E
2024/11/02 21:34:41,20.56,2408,3413,48,-0.42,9.83,0.32,3,74.59,-309.18,-251.55,102,E
2024/11/02 21:34:47,20.62,2426,3444,49,-0.42,9.81,0.35,3,74.12,-309.20,-251.64,100,E
2024/11/02 21:34:47,20.62,2420,3434,48,-0.42,9.80,0.35,3,74.74,-309.65,-251.64,100,E
2024/11/02 21:34:48,20.62,2417,3430,48,-0.40,9.82,0.33,3,74.27,-309.18,-251.46,100,E
2024/11/02 21:34:48,20.62,2415,3425,48,-0.40,9.84,0.36,3,74.57,-310.10,-251.11,98,E
2024/11/02 21:34:49,20.62,2413,3423,48,-0.42,9.87,0.34,3,74.90,-309.87,-251.38,101,E
2024/11/02 21:34:49,20.62,2412,3420,48,-0.41,9.83,0.34,3,75.38,-309.40,-251.82,100,E
2024/11/02 21:34:50,20.62,2412,3420,48,-0.40,9.81,0.39,3,75.20,-310.33,-251.29,96,E
2024/11/02 21:34:50,20.56,2411,3418,48,-0.40,9.84,0.36,3,73.96,-309.19,-251.45,98,E
2024/11/02 21:34:51,20.56,2410,3417,48,-0.42,9.84,0.34,3,74.58,-309.89,-251.83,101,E
2024/11/02 21:34:51,20.56,2410,3416,48,-0.41,9.89,0.39,3,74.75,-309.41,-251.64,96,E
2024/11/02 21:34:52,20.56,2410,3417,48,-0.41,9.80,0.42,3,75.39,-308.92,-251.54,94,E
2024/11/02 21:34:52,20.56,2410,3416,48,-0.41,9.84,0.37,3,75.42,-307.50,-251.25,97,E
2024/11/02 21:34:53,20.56,2409,3414,48,-0.40,9.85,0.38,3,74.73,-310.10,-251.11,96,E
2024/11/02 21:34:53,20.56,2408,3415,48,-0.44,9.88,0.35,3,74.76,-308.70,-251.36,101,E
2024/11/02 21:34:54,20.56,2409,3414,48,-0.39,9.86,0.34,3,74.12,-308.96,-251.63,99,E
2024/11/02 21:34:54,20.62,2408,3414,48,-0.42,9.85,0.39,3,74.73,-310.34,-251.29,97,E
2024/11/02 21:34:55,20.62,2408,3414,48,-0.38,9.87,0.37,3,74.74,-309.65,-251.82,96,E
2024/11/02 21:34:55,20.62,2408,3413,48,-0.44,9.81,0.34,3,74.29,-308.49,-251.63,102,E
2024/11/02 21:34:56,20.62,2407,3413,48,-0.43,9.84,0.30,3,74.28,-308.95,-251.36,105,E
2024/11/02 21:34:56,20.62,2407,3412,48,-0.41,9.84,0.36,3,74.28,-308.71,-251.36,98,E
2024/11/02 21:35:02,20.62,2426,3444,49,-0.41,9.83,0.38,3,74.90,-309.87,-251.56,97,E
2024/11/02 21:35:03,20.62,2420,3434,48,-0.39,9.85,0.37,3,75.24,-308.45,-251.36,96,E
2024/11/02 21:35:03,20.62,2417,3428,48,-0.43,9.87,0.39,3,74.76,-308.46,-251.26,97,E
2024/11/02 21:35:04,20.62,2416,3426,48,-0.39,9.82,0.36,3,74.11,-309.66,-251.46,97,E
2024/11/02 21:35:04,20.62,2413,3423,48,-0.39,9.86,0.32,2,75.05,-310.36,-252.02,100,E
2024/11/02 21:35:05,20.62,2412,3420,48,-0.43,9.84,0.35,3,74.12,-309.19,-251.54,100,E
2024/11/02 21:35:05,20.62,2411,3418,48,-0.40,9.86,0.29,2,73.82,-308.25,-251.35,104,E
2024/11/02 21:35:06,20.62,2411,3419,48,-0.42,9.84,0.31,3,74.74,-309.65,-251.73,103,E
2024/11/02 21:35:06,20.62,2410,3417,48,-0.40,9.83,0.35,3,74.76,-308.95,-251.81,98,E
2024/11/02 21:35:07,20.62,2410,3417,48,-0.44,9.85,0.35,3,74.12,-308.96,-251.54,101,E
2024/11/02 21:35:07,20.62,2409,3416,48,-0.40,9.83,0.34,3,74.76,-308.95,-251.81,99,E
2024/11/02 21:35:08,20.62,2409,3416,48,-0.42,9.83,0.37,3,74.44,-308.94,-251.45,98,E
2024/11/02 21:35:08,20.62,2408,3414,48,-0.38,9.84,0.33,2,74.30,-307.99,-251.08,99,E
2024/11/02 21:35:09,20.62,2408,3413,48,-0.34,9.83,0.34,2,75.09,-308.22,-251.35,95,E
2024/11/02 21:35:09,20.62,2408,3413,48,-0.41,9.88,0.30,2,75.06,-309.62,-251.10,103,E
2024/11/02 21:35:10,20.56,2408,3413,48,-0.41,9.84,0.36,3,73.65,-308.74,-251.63,98,E
2024/11/02 21:35:10,20.56,2408,3413,48,-0.38,9.80,0.35,3,74.42,-309.65,-251.46,97,E
2024/11/02 21:35:11,20.56,2407,3413,48,-0.42,9.85,0.33,3,75.23,-309.16,-251.55,101,E
2024/11/02 21:35:11,20.56,2407,3412,48,-0.39,9.83,0.38,3,75.40,-308.45,-251.63,95,E
2024/11/02 21:35:12,20.56,2407,3412,48,-0.36,9.82,0.38,3,74.62,-307.53,-251.34,93,E
2024/11/02 21:35:18,20.62,2425,3443,49,-0.43,9.81,0.35,3,74.74,-309.64,-251.55,101,E
2024/11/02 21:35:18,20.62,2419,3432,48,-0.41,9.81,0.32,3,74.16,-307.07,-251.42,101,E
2024/11/02 21:35:19,20.62,2417,3428,48,-0.43,9.89,0.36,3,74.28,-308.96,-251.81,100,E
2024/11/02 21:35:19,20.62,2415,3425,48,-0.38,9.81,0.36,3,74.61,-308.47,-251.54,96,E
2024/11/02 21:35:20,20.62,2413,3422,48,-0.41,9.82,0.32,3,74.42,-309.90,-251.74,102,E
2024/11/02 21:35:20,20.62,2412,3419,48,-0.41,9.81,0.35,3,74.43,-309.43,-251.91,99,E
2024/11/02 21:35:21,20.62,2412,3418,48,-0.43,9.86,0.31,3,73.95,-309.67,-251.55,104,E
2024/11/02 21:35:21,20.62,2410,3417,48,-0.42,9.85,0.31,3,74.90,-309.40,-251.37,103,E
2024/11/02 21:35:22,20.62,2410,3417,48,-0.39,9.84,0.34,3,75.05,-310.35,-251.74,99,E
2024/11/02 21:35:22,20.62,2410,3416,48,-0.40,9.81,0.34,3,74.58,-309.88,-251.38,99,E
2024/11/02 21:35:23,20.62,2409,3415,48,-0.42,9.86,0.35,3,74.78,-308.01,-251.89,100,E
2024/11/02 21:35:23,20.62,2409,3415,48,-0.40,9.85,0.34,3,74.91,-309.18,-251.73,99,E
2024/11/02 21:35:24,20.62,2408,3414,48,-0.42,9.81,0.37,3,74.90,-309.87,-251.47,98,E
2024/11/02 21:35:24,20.62,2407,3413,48,-0.44,9.81,0.32,3,74.90,-309.63,-251.37,104,E
2024/11/02 21:35:25,20.62,2408,3413,48,-0.44,9.86,0.41,3,75.37,-309.87,-251.92,97,E
2024/11/02 21:35:25,20.62,2408,3413,48,-0.43,9.82,0.35,3,74.25,-310.37,-251.83,101,E
2024/11/02 21:35:26,20.62,2407,3412,48,-0.42,9.86,0.39,3,75.38,-309.38,-251.37,97,E
2024/11/02 21:35:26,20.62,2407,3413,48,-0.42,9.88,0.38,3,74.44,-308.95,-251.54,98,E
2024/11/02 21:35:27,20.62,2407,3411,48,-0.40,9.85,0.31,2,73.79,-309.68,-251.73,102,E
2024/11/02 21:35:27,20.62,2407,3412,48,-0.41,9.86,0.40,3,74.10,-310.13,-251.47,96,E
2024/11/02 21:35:33,20.62,2425,3443,49,-0.43,9.83,0.31,3,74.90,-309.87,-251.38,104,E
2024/11/02 21:35:34,20.62,2419,3433,48,-0.39,9.85,0.33,2,75.09,-308.23,-251.62,99,E
2024/11/02 21:35:34,20.62,2416,3428,48,-0.42,9.84,0.30,3,74.73,-310.10,-251.29,104,E
2024/11/02 21:35:35,20.62,2414,3425,48,-0.39,9.86,0.34,3,75.41,-308.22,-251.71,98,E
2024/11/02 21:35:35,20.62,2413,3422,48,-0.44,9.87,0.37,3,74.60,-308.70,-251.36,100,E
2024/11/02 21:35:36,20.62,2412,3420,48,-0.45,9.89,0.33,3,75.68,-310.57,-251.93,103,E
2024/11/02 21:35:36,20.62,2411,3419,48,-0.43,9.83,0.33,3,74.56,-310.58,-251.39,102,E
2024/11/02 21:35:37,20.62,2410,3418,48,-0.40,9.86,0.31,2,75.55,-308.92,-251.54,102,E
2024/11/02 21:35:37,20.62,2410,3415,48,-0.46,9.85,0.31,3,74.40,-310.83,-251.48,106,E
2024/11/02 21:35:38,20.62,2409,3415,48,-0.46,9.81,0.34,3,74.60,-308.96,-251.90,103,E
2024/11/02 21:35:38,20.62,2409,3415,48,-0.43,9.82,0.34,3,75.07,-309.17,-251.64,101,E
2024/11/02 21:35:39,20.62,2408,3414,48,-0.41,9.83,0.33,3,73.82,-307.79,-251.43,101,E
2024/11/02 21:35:39,20.62,2408,3413,48,-0.45,9.85,0.34,3,75.21,-309.87,-251.65,103,E
2024/11/02 21:35:40,20.62,2407,3413,48,-0.46,9.86,0.30,3,74.74,-309.64,-251.46,106,E
2024/11/02 21:35:40,20.62,2408,3413,48,-0.42,9.85,0.33,3,74.59,-309.41,-251.55,101,E
2024/11/02 21:35:41,20.62,2408,3412,48,-0.43,9.84,0.36,3,74.75,-309.41,-251.64,100,E
2024/11/02 21:35:41,20.62,2408,3413,48,-0.40,9.87,0.34,3,73.96,-308.97,-251.72,99,E
2024/11/02 21:35:42,20.62,2407,3411,48,-0.39,9.85,0.39,3,74.26,-309.88,-251.28,95,E
2024/11/02 21:35:42,20.62,2407,3412,48,-0.44,9.78,0.33,3,74.28,-308.72,-251.54,103,E
2024/11/02 21:35:42,20.62,2407,3412,48,-0.40,9.84,0.40,3,74.74,-309.90,-252.01,95,E
2024/11/02 21:35:48,20.62,2425,3443,49,-0.41,9.83,0.30,2,74.57,-310.37,-251.92,103,E
2024/11/02 21:35:49,20.62,2420,3433,48,-0.38,9.82,0.34,2,74.58,-310.14,-252.01,98,E
2024/11/02 21:35:49,20.62,2416,3428,48,-0.37,9.86,0.33,2,75.56,-308.45,-251.54,98,E
2024/11/02 21:35:50,20.62,2414,3425,48,-0.42,9.88,0.35,3,73.46,-310.14,-251.29,100,E
2024/11/02 21:35:50,20.62,2413,3422,48,-0.41,9.79,0.35,3,73.94,-309.91,-251.65,99,E
2024/11/02 21:35:51,20.62,2412,3419,48,-0.42,9.81,0.30,3,74.42,-310.13,-251.74,104,E
2024/11/02 21:35:51,20.62,2411,3418,48,-0.42,9.82,0.39,3,75.55,-309.15,-251.64,97,E
2024/11/02 21:35:52,20.62,2410,3418,48,-0.44,9.83,0.31,3,74.90,-309.39,-251.28,104,E
2024/11/02 21:35:52,20.62,2410,3417,48,-0.44,9.82,0.35,3,74.58,-309.63,-251.01,101,E
2024/11/02 21:35:53,20.62,2409,3416,48,-0.46,9.85,0.35,3,74.75,-309.17,-251.55,102,E
2024/11/02 21:35:53,20.62,2409,3415,48,-0.41,9.86,0.35,3,74.09,-310.61,-251.84,99,E
2024/11/02 21:35:54,20.62,2408,3415,48,-0.39,9.84,0.35,3,75.09,-308.22,-251.35,98,E
2024/11/02 21:35:54,20.62,2408,3414,48,-0.40,9.81,0.34,3,75.37,-309.86,-251.65,99,E
2024/11/02 21:35:55,20.62,2407,3413,48,-0.40,9.86,0.35,3,74.92,-308.45,-251.08,98,E
2024/11/02 21:35:55,20.62,2407,3413,48,-0.44,9.89,0.31,3,74.60,-308.95,-251.81,104,E
2024/11/02 21:35:56,20.62,2407,3414,48,-0.41,9.83,0.35,3,74.75,-309.41,-251.55,99,E
2024/11/02 21:35:56,20.62,2407,3413,48,-0.40,9.82,0.35,3,74.75,-309.42,-251.82,98,E
2024/11/02 21:35:57,20.62,2407,3411,48,-0.41,9.83,0.33,3,74.25,-310.36,-251.47,101,E
2024/11/02 21:35:57,20.62,2407,3412,48,-0.41,9.88,0.37,3,73.97,-308.49,-251.53,98,E
2024/11/02 21:35:58,20.62,2407,3411,48,-0.44,9.80,0.35,3,74.44,-308.72,-251.72,101,E
2024/11/02 21:36:04,20.62,2424,3443,49,-0.41,9.82,0.36,3,74.13,-308.48,-251.35,98,E
2024/11/02 21:36:04,20.62,2419,3434,48,-0.43,9.84,0.33,3,74.12,-308.71,-251.27,102,E
2024/11/02 21:36:05,20.62,2416,3428,48,-0.41,9.86,0.35,3,74.28,-308.71,-251.36,99,E
2024/11/02 21:36:05,20.62,2414,3425,48,-0.36,9.81,0.48,3,75.07,-308.89,-250.64,87,E
2024/11/02 21:36:06,20.62,2412,3422,48,-0.36,9.82,0.34,2,74.57,-310.13,-251.74,96,E
2024/11/02 21:36:06,20.62,2411,3419,48,-0.42,9.82,0.35,3,74.59,-309.39,-251.01,100,E
2024/11/02 21:36:07,20.62,2410,3419,48,-0.36,9.86,0.41,3,75.23,-309.17,-251.73,91,E
2024/11/02 21:36:07,20.62,2410,3417,48,-0.40,9.84,0.37,3,74.75,-309.40,-251.37,97,E
2024/11/02 21:36:08,20.62,2410,3417,48,-0.44,9.82,0.38,3,74.10,-309.88,-251.19,99,E
2024/11/02 21:36:08,20.62,2409,3416,48,-0.40,9.87,0.36,3,74.57,-310.12,-251.47,98,E
2024/11/02 21:36:09,20.62,2408,3415,48,-0.43,9.82,0.35,3,74.26,-309.64,-251.10,101,E
2024/11/02 21:36:09,20.62,2408,3415,48,-0.42,9.80,0.32,3,74.28,-308.95,-251.45,102,E
2024/11/02 21:36:10,20.62,2407,3413,48,-0.37,9.84,0.37,3,74.75,-309.42,-251.82,95,E
2024/11/02 21:36:10,20.62,2407,3413,48,-0.38,9.82,0.33,2,74.76,-308.70,-251.54,99,E
2024/11/02 21:36:11,20.62,2407,3413,48,-0.42,9.83,0.35,3,74.91,-309.17,-251.46,100,E
2024/11/02 21:36:11,20.62,2407,3413,48,-0.41,9.81,0.32,3,73.96,-308.72,-251.36,102,E
2024/11/02 21:36:12,20.62,2407,3412,48,-0.41,9.83,0.39,3,74.59,-309.41,-251.55,96,E
2024/11/02 21:36:12,20.62,2407,3412,48,-0.41,9.85,0.37,3,75.20,-310.58,-251.75,98,E
2024/11/02 21:36:13,20.62,2406,3411,48,-0.39,9.85,0.35,3,73.64,-309.21,-251.63,98,E
2024/11/02 21:36:13,20.62,2406,3411,48,-0.39,9.84,0.36,3,74.11,-309.67,-251.73,97,E
2024/11/02 21:36:19,20.62,2424,3443,49,-0.45,9.82,0.33,3,74.61,-308.24,-251.62,103,E
2024/11/02 21:36:20,20.62,2419,3433,48,-0.34,9.82,0.37,2,75.40,-308.43,-250.90,92,E
2024/11/02 21:36:20,20.62,2415,3427,48,-0.42,9.84,0.36,3,74.75,-309.41,-251.55,99,E
2024/11/02 21:36:21,20.62,2414,3424,48,-0.36,9.81,0.33,2,74.10,-309.90,-251.56,97,E
2024/11/02 21:36:21,20.62,2412,3420,48,-0.40,9.87,0.36,3,74.93,-307.99,-251.53,98,E
2024/11/02 21:36:22,20.62,2411,3419,48,-0.44,9.85,0.38,3,74.13,-308.48,-251.44,99,E
2024/11/02 21:36:22,20.62,2411,3418,48,-0.41,9.84,0.33,3,74.43,-309.18,-251.46,101,E
2024/11/02 21:36:23,20.62,2409,3417,48,-0.38,9.81,0.34,2,75.06,-309.40,-251.46,98,E
2024/11/02 21:36:23,20.62,2410,3416,48,-0.30,9.84,0.34,2,74.27,-309.19,-251.55,91,E
2024/11/02 21:36:24,20.62,2409,3415,48,-0.40,9.84,0.35,3,74.75,-309.18,-251.64,98,E
2024/11/02 21:36:24,20.62,2409,3414,48,-0.43,9.86,0.38,3,75.08,-308.69,-251.36,98,E
2024/11/02 21:36:25,20.62,2407,3414,48,-0.43,9.85,0.38,3,74.27,-309.42,-251.46,98,E
2024/11/02 21:36:25,20.62,2408,3413,48,-0.47,9.85,0.36,3,74.26,-309.65,-251.37,102,E
2024/11/02 21:36:26,20.62,2407,3413,48,-0.41,9.86,0.35,3,74.26,-310.13,-251.47,99,E
2024/11/02 21:36:26,20.62,2407,3412,48,-0.38,9.83,0.34,2,74.25,-310.36,-251.56,98,E
2024/11/02 21:36:27,20.62,2406,3411,48,-0.40,9.83,0.31,2,74.43,-309.17,-251.09,102,E
2024/11/02 21:36:27,20.62,2406,3411,48,-0.38,9.86,0.36,3,74.76,-308.95,-251.90,96,E
2024/11/02 21:36:28,20.62,2406,3411,48,-0.41,9.83,0.36,3,74.75,-309.42,-251.91,98,E
2024/11/02 21:36:28,20.62,2406,3411,48,-0.41,9.83,0.34,3,74.90,-309.88,-251.74,100,E
2024/11/02 21:36:29,20.62,2406,3410,48,-0.40,9.83,0.37,3,74.73,-310.11,-251.56,97,E
2024/11/02 21:36:35,20.62,2424,3442,49,-0.44,9.82,0.38,3,73.63,-309.65,-250.92,99,E
2024/11/02 21:36:35,20.62,2418,3433,48,-0.35,9.84,0.36,2,75.21,-309.87,-251.56,94,E
2024/11/02 21:36:36,20.62,2415,3427,48,-0.43,9.87,0.33,3,74.30,-308.02,-251.71,102,E
2024/11/02 21:36:36,20.62,2413,3424,48,-0.41,9.84,0.29,2,75.36,-310.32,-251.38,104,E
2024/11/02 21:36:37,20.62,2412,3421,48,-0.40,9.83,0.36,3,75.07,-309.41,-251.91,98,E
2024/11/02 21:36:37,20.62,2411,3418,48,-0.39,9.87,0.35,3,74.91,-309.17,-251.64,98,E
2024/11/02 21:36:38,20.62,2410,3417,48,-0.43,9.84,0.33,3,74.27,-309.17,-251.18,102,E
2024/11/02 21:36:38,20.62,2409,3416,48,-0.41,9.78,0.35,3,73.93,-310.61,-251.66,99,E
2024/11/02 21:36:39,20.62,2409,3415,48,-0.43,9.85,0.39,3,74.59,-309.42,-251.73,97,E
2024/11/02 21:36:39,20.62,2408,3414,48,-0.40,9.87,0.34,3,75.24,-308.45,-251.36,99,E
2024/11/02 21:36:40,20.62,2408,3415,48,-0.41,9.84,0.29,2,73.96,-309.19,-251.36,104,E
2024/11/02 21:36:40,20.62,2408,3414,48,-0.41,9.84,0.34,3,75.21,-310.09,-251.29,100,E
2024/11/02 21:36:41,20.62,2407,3413,48,-0.46,9.84,0.33,3,74.74,-309.63,-251.10,104,E
2024/11/02 21:36:41,20.62,2407,3413,48,-0.44,9.80,0.34,3,74.58,-309.65,-251.55,102,E
2024/11/02 21:36:42,20.62,2407,3412,48,-0.43,9.83,0.39,3,74.27,-309.19,-251.55,97,E
2024/11/02 21:36:42,20.62,2407,3412,48,-0.43,9.78,0.35,3,74.91,-309.41,-251.73,100,E
2024/11/02 21:36:43,20.62,2406,3412,48,-0.43,9.85,0.34,3,75.21,-310.09,-251.38,101,E
2024/11/02 21:36:43,20.62,2406,3411,48,-0.42,9.85,0.35,3,73.92,-310.85,-251.75,100,E
2024/11/02 21:36:44,20.62,2406,3411,48,-0.41,9.83,0.34,3,74.12,-308.96,-251.72,100,E
2024/11/02 21:36:44,20.62,2406,3411,48,-0.40,9.81,0.34,3,74.28,-308.95,-251.54,99,E
2024/11/02 21:36:50,20.62,492,691,9,8.04,4.20,-3.57,64,83.61,-352.58,-220.17,298,NW
2024/11/02 21:36:51,20.62,548,770,10,8.31,3.56,-3.97,68,85.49,-353.63,-218.29,295,NW
2024/11/02 21:36:51,20.62,511,717,9,8.48,2.97,-4.05,72,88.63,-355.61,-217.06,294,NW
2024/11/02 21:36:52,20.62,521,733,10,8.60,2.39,-4.14,75,92.08,-357.84,-216.65,293,NW
2024/11/02 21:36:52,20.62,527,741,10,8.72,2.17,-4.15,77,92.89,-357.11,-216.56,292,W
2024/11/02 21:36:53,20.62,531,747,10,8.81,1.96,-4.16,78,93.96,-358.71,-216.22,292,W
2024/11/02 21:36:53,20.62,534,752,10,8.87,1.77,-4.04,79,94.43,-359.15,-215.96,292,W
2024/11/02 21:36:54,20.62,535,754,10,8.59,2.07,-3.88,77,94.92,-358.66,-215.68,293,NW
2024/11/02 21:36:54,20.62,528,742,10,8.22,4.74,-3.97,62,82.85,-350.98,-220.68,297,NW
2024/11/02 21:36:55,20.62,522,733,9,6.28,6.89,-1.91,43,69.95,-339.68,-234.75,306,NW
2024/11/02 21:36:55,20.62,523,736,10,6.10,7.70,-1.23,38,69.04,-337.96,-238.06,312,NW
2024/11/02 21:36:56,20.62,524,737,10,6.62,6.78,-3.75,48,72.87,-343.14,-229.21,296,NW
2024/11/02 21:36:56,20.62,538,758,10,6.97,2.23,-6.13,76,93.05,-347.42,-209.10,288,W
2024/11/02 21:36:57,20.62,538,755,10,7.45,1.12,-6.91,83,98.76,-347.15,-206.49,286,W
2024/11/02 21:36:57,20.62,538,756,10,7.18,0.80,-6.72,85,99.07,-348.14,-207.86,286,W
2024/11/02 21:36:58,20.62,542,763,10,7.38,0.50,-6.36,87,100.75,-351.12,-207.37,286,W
2024/11/02 21:36:58,20.62,555,777,10,7.60,0.38,-6.32,87,101.40,-350.88,-207.73,286,W
2024/11/02 21:36:59,20.62,914,1282,17,7.50,0.09,-6.40,89,102.18,-351.31,-207.29,286,W
2024/11/02 21:36:59,20.62,1341,1909,27,7.65,-0.14,-6.52,89,102.96,-352.23,-207.39,285,W
2024/11/02 21:37:00,20.62,2164,3070,43,7.50,-0.41,-6.48,87,104.40,-351.23,-206.75,285,W
2024/11/02 21:37:06,20.62,2215,3137,44,-1.86,-9.49,-1.20,13,155.64,-306.06,-238.33,4,N
2024/11/02 21:37:06,20.62,2210,3128,43,-1.57,-11.85,-0.64,8,155.65,-305.03,-235.97,14,N
2024/11/02 21:37:07,20.62,2207,3123,43,-2.06,-7.52,-5.83,39,142.37,-305.86,-216.91,327,NW
2024/11/02 21:37:07,20.62,2205,3120,43,-2.05,1.94,-9.47,78,91.20,-305.64,-214.71,278,W
2024/11/02 21:37:08,20.62,2224,3148,44,-1.25,7.09,-6.85,44,78.76,-309.91,-224.67,242,SW
2024/11/02 21:37:08,20.62,2222,3145,44,0.22,9.89,1.06,6,76.19,-311.77,-265.12,37,NE
2024/11/02 21:37:09,20.62,2223,3145,44,-0.27,9.64,-0.03,1,74.92,-310.38,-258.69,146,SE
2024/11/02 21:37:09,20.62,2222,3144,44,0.02,9.79,-0.33,1,73.92,-310.55,-250.03,235,SW
2024/11/02 21:37:10,20.62,2222,3144,44,-0.26,9.85,-0.11,1,73.15,-309.13,-249.11,163,S
2024/11/02 21:37:10,20.62,2222,3144,44,-0.26,9.84,0.00,1,74.25,-309.82,-249.57,140,SE
2024/11/02 21:37:11,20.62,2222,3143,44,-0.53,10.49,-4.86,24,73.95,-309.16,-250.64,232,SW
2024/11/02 21:37:11,20.62,2221,3142,44,-0.41,9.82,0.34,3,73.80,-309.18,-250.91,100,E
2024/11/02 21:37:12,20.62,2220,3141,44,-0.40,9.82,0.27,2,72.66,-310.39,-251.02,106,E
2024/11/02 21:37:12,20.62,2220,3141,44,-0.38,9.86,0.31,2,74.09,-310.11,-250.84,101,E
2024/11/02 21:37:13,20.62,2220,3141,44,-0.37,9.80,0.25,2,73.61,-310.35,-250.66,106,E
2024/11/02 21:37:13,20.62,2219,3140,44,-0.39,9.80,0.39,3,73.63,-309.66,-251.01,95,E
2024/11/02 21:37:14,20.62,2219,3140,44,-0.30,9.84,0.26,2,73.78,-309.62,-250.29,99,E
2024/11/02 21:37:14,20.62,2219,3140,44,-0.37,9.89,0.28,2,72.99,-309.68,-251.19,103,E
2024/11/02 21:37:15,20.62,2219,3139,44,-0.33,9.82,0.27,2,73.95,-309.18,-251.00,100,E
2024/11/02 21:37:15,20.62,2219,3140,44,-0.38,9.84,0.31,2,73.62,-309.88,-250.74,101,E
2024/11/02 21:37:21,20.62,2236,3169,44,-0.28,9.53,0.33,2,73.48,-308.95,-250.91,90,E
2024/11/02 21:37:22,20.62,2231,3159,44,-0.43,9.91,0.27,2,73.16,-309.21,-251.27,107,E
2024/11/02 21:37:22,20.62,2228,3154,44,-0.36,9.80,0.29,2,73.95,-309.42,-251.19,101,E
2024/11/02 21:37:23,20.62,2227,3152,44,-0.37,9.85,0.32,2,74.13,-308.23,-251.08,99,E
2024/11/02 21:37:23,20.62,2225,3149,44,-0.37,9.84,0.31,2,74.57,-310.35,-251.47,100,E
2024/11/02 21:37:24,20.62,2224,3146,44,-0.38,9.83,0.27,2,74.12,-308.93,-250.73,104,E
2024/11/02 21:37:24,20.62,2223,3145,44,-0.37,9.85,0.30,2,73.80,-308.94,-250.73,101,E
2024/11/02 21:37:25,20.62,2222,3144,44,-0.34,9.81,0.25,2,73.61,-310.58,-250.66,104,E
2024/11/02 21:37:25,20.62,2222,3144,44,-0.36,9.87,0.32,2,73.50,-308.25,-250.90,98,E
2024/11/02 21:37:26,20.62,2221,3143,44,-0.35,9.85,0.32,2,73.94,-309.63,-250.65,97,E
2024/11/02 21:37:26,20.62,2221,3142,44,-0.39,9.88,0.30,2,73.48,-308.96,-251.09,102,E
2024/11/02 21:37:27,20.62,2221,3141,43,-0.38,9.83,0.27,2,73.80,-308.94,-250.82,104,E
2024/11/02 21:37:27,20.62,2220,3141,44,-0.32,9.84,0.33,2,72.50,-310.16,-251.01,94,E
2024/11/02 21:37:28,20.62,2220,3140,43,-0.39,9.83,0.29,2,74.27,-309.40,-251.01,103,E
2024/11/02 21:37:28,20.62,2220,3140,43,-0.40,9.84,0.28,2,73.46,-309.87,-250.38,105,E
2024/11/02 21:37:29,20.62,2220,3140,43,-0.41,9.86,0.28,2,73.80,-308.70,-250.72,105,E
2024/11/02 21:37:29,20.62,2219,3140,44,-0.36,9.86,0.30,2,73.96,-308.70,-250.73,100,E
2024/11/02 21:37:30,20.62,2219,3139,44,-0.37,9.85,0.31,2,73.13,-310.61,-251.11,100,E
2024/11/02 21:37:30,20.62,2218,3139,44,-0.33,9.83,0.27,2,73.47,-309.43,-251.01,101,E
2024/11/02 21:37:31,20.62,2218,3138,44,-0.40,9.86,0.29,2,74.11,-309.40,-250.92,104,E
2024/11/02 21:37:37,20.62,2234,3166,44,-0.36,9.84,0.25,2,72.83,-309.42,-250.46,105,E
2024/11/02 21:37:37,20.62,2230,3156,44,-0.37,9.88,0.32,2,72.98,-310.36,-250.57,99,E
2024/11/02 21:37:38,20.62,2227,3152,44,-0.35,9.83,0.29,2,73.14,-310.13,-250.83,100,E
2024/11/02 21:37:38,20.62,2225,3150,44,-0.38,9.83,0.31,2,74.60,-308.70,-251.27,100,E
2024/11/02 21:37:39,20.62,2223,3146,44,-0.40,9.84,0.28,2,74.25,-310.11,-251.02,105,E
2024/11/02 21:37:39,20.62,2222,3145,44,-0.34,9.87,0.30,2,72.71,-307.78,-250.44,98,E
2024/11/02 21:37:40,20.62,2221,3143,44,-0.34,9.80,0.30,2,74.29,-308.22,-250.72,98,E
2024/11/02 21:37:40,20.62,2221,3143,44,-0.34,9.86,0.30,2,73.60,-310.84,-251.12,99,E
2024/11/02 21:37:41,20.62,2240,3171,44,-0.39,9.81,0.19,2,73.65,-308.24,-250.90,115,SE
2024/11/02 21:37:41,20.62,2083,3000,45,-0.39,9.87,0.29,2,73.62,-309.63,-250.38,103,E
2024/11/02 21:37:42,20.62,4194,6087,96,-0.98,9.86,0.68,6,73.80,-308.93,-250.55,105,E
2024/11/02 21:37:42,20.62,7535,11168,192,-0.33,9.84,0.25,2,74.09,-310.30,-249.85,103,E
2024/11/02 21:37:43,20.62,2914,4143,59,-0.33,9.79,0.35,2,73.33,-308.70,-250.27,93,E
2024/11/02 21:37:43,20.62,4116,5977,94,-0.51,9.84,0.48,4,74.58,-309.35,-249.83,96,E
2024/11/02 21:37:44,20.62,4208,6135,98,-0.36,9.84,0.28,2,74.27,-309.14,-250.19,102,E
2024/11/02 21:37:44,20.62,3820,5559,88,-0.43,9.87,0.20,2,73.97,-308.21,-250.27,115,SE
2024/11/02 21:37:45,20.62,3492,5063,79,-0.39,9.86,0.28,2,73.79,-309.14,-249.83,104,E
2024/11/02 21:37:45,20.62,3538,5132,80,-0.38,9.86,0.30,2,73.77,-310.32,-250.03,102,E
2024/11/02 21:37:46,20.62,3406,4926,76,-0.38,9.86,0.33,2,73.94,-309.60,-249.84,99,E
2024/11/02 21:37:46,20.62,3500,5073,79,-0.37,9.84,0.22,2,73.62,-309.87,-250.38,110,E
2024/11/02 21:37:52,20.62,3487,5060,79,-0.40,9.85,0.29,2,73.32,-308.91,-249.73,104,E
2024/11/02 21:37:53,20.62,3475,5039,79,-0.47,9.80,0.35,3,74.43,-308.89,-250.01,103,E
2024/11/02 21:37:53,20.62,3481,5046,79,-0.35,9.82,0.30,2,73.31,-309.39,-249.92,99,E
2024/11/02 21:37:54,20.62,3478,5042,79,-0.34,9.90,0.39,3,74.58,-309.34,-249.74,91,E
2024/11/02 21:37:54,20.62,3474,5033,78,-0.40,9.84,0.27,2,73.31,-309.14,-249.56,106,E
2024/11/02 21:37:55,20.62,3476,5037,78,-0.36,9.84,0.36,2,73.94,-309.35,-249.38,95,E
2024/11/02 21:37:55,20.62,3477,5038,78,-0.37,9.83,0.21,2,74.13,-307.95,-249.81,111,E
2024/11/02 21:37:56,20.62,3476,5037,78,-0.39,9.83,0.31,2,73.78,-309.60,-249.56,101,E
2024/11/02 21:37:56,20.62,3475,5035,78,-0.41,9.82,0.27,2,73.94,-309.35,-249.38,106,E
2024/11/02 21:37:57,20.62,3475,5035,78,-0.40,9.82,0.26,2,74.12,-308.64,-249.28,107,E
2024/11/02 21:37:57,20.62,3476,5037,78,-0.36,9.84,0.33,2,74.92,-308.40,-249.82,97,E
2024/11/02 21:37:58,20.62,3478,5040,79,-0.39,9.83,0.34,3,73.78,-309.60,-249.75,99,E
2024/11/02 21:37:58,20.62,3476,5035,78,-0.37,9.84,0.26,2,73.63,-309.15,-250.01,105,E
2024/11/02 21:37:59,20.62,3472,5030,78,-0.40,9.86,0.27,2,73.96,-308.66,-249.82,106,E
2024/11/02 21:37:59,20.62,3475,5034,78,-0.42,9.89,0.27,2,73.94,-309.35,-249.47,107,E
2024/11/02 21:38:00,20.62,3481,5043,78,-0.37,9.85,0.29,2,73.48,-308.89,-249.28,102,E
2024/11/02 21:38:00,20.62,3482,5047,79,-0.34,9.76,0.28,2,74.11,-309.15,-250.46,100,E
2024/11/02 21:38:01,20.62,3479,5041,78,-0.40,9.87,0.32,2,73.80,-308.67,-249.91,101,E
2024/11/02 21:38:01,20.62,3478,5040,79,-0.37,9.83,0.25,2,73.63,-309.13,-249.65,106,E
2024/11/02 21:38:02,20.62,3479,5041,78,-0.38,9.83,0.32,2,74.72,-310.51,-249.58,100,E
2024/11/02 21:38:08,20.62,3502,5083,80,-0.43,9.89,0.28,2,74.27,-308.88,-249.56,107,E
2024/11/02 21:38:08,20.62,3497,5073,79,-0.41,9.83,0.31,3,73.61,-310.33,-250.21,103,E
2024/11/02 21:38:09,20.62,3492,5065,79,-0.42,9.86,0.27,2,73.79,-309.13,-249.74,107,E
2024/11/02 21:38:09,20.62,3490,5060,79,-0.38,9.82,0.34,2,72.82,-310.10,-249.66,98,E
2024/11/02 21:38:10,20.62,3485,5053,79,-0.38,9.88,0.27,2,73.15,-309.63,-249.83,104,E
2024/11/02 21:38:10,20.62,3483,5049,79,-0.37,9.83,0.31,2,72.65,-310.34,-249.75,100,E
2024/11/02 21:38:11,20.62,3480,5045,79,-0.40,9.85,0.29,2,73.33,-308.21,-249.81,104,E
2024/11/02 21:38:11,20.62,3480,5042,78,-0.43,9.81,0.30,3,73.63,-309.14,-249.74,105,E
2024/11/02 21:38:12,20.62,3479,5042,79,-0.40,9.85,0.30,2,73.15,-309.38,-249.65,103,E
2024/11/02 21:38:12,20.62,3478,5041,79,-0.36,9.82,0.32,2,73.78,-309.85,-250.11,98,E
2024/11/02 21:38:13,20.62,3481,5047,79,-0.36,9.86,0.30,2,73.48,-308.90,-249.55,100,E
2024/11/02 21:38:13,20.62,3483,5047,79,-0.38,9.81,0.28,2,73.78,-309.85,-249.93,103,E
2024/11/02 21:38:14,20.62,3485,5050,79,-0.38,9.82,0.22,2,72.83,-309.63,-249.83,111,E
2024/11/02 21:38:14,20.62,3485,5051,79,-0.38,9.82,0.36,3,73.77,-310.08,-249.93,97,E
2024/11/02 21:38:15,20.62,3486,5052,79,-0.41,9.83,0.26,2,73.62,-309.60,-249.65,107,E
2024/11/02 21:38:15,20.62,3487,5054,79,-0.37,9.87,0.28,2,74.23,-310.76,-249.58,103,E
2024/11/02 21:38:16,20.62,3486,5051,79,-0.40,9.79,0.30,2,74.58,-309.36,-250.19,103,E
2024/11/02 21:38:16,20.62,3484,5049,79,-0.40,9.86,0.35,3,73.94,-309.84,-249.93,99,E
2024/11/02 21:38:17,20.62,3483,5046,79,-0.39,9.84,0.25,2,74.26,-309.59,-249.84,107,E
2024/11/02 21:38:17,20.62,3483,5046,79,-0.41,9.81,0.27,2,74.28,-308.64,-249.46,106,E
2024/11/02 21:38:23,20.62,3507,5088,80,-0.40,9.81,0.30,2,74.08,-310.52,-249.31,103,E
2024/11/02 21:38:24,20.62,3498,5074,79,-0.39,9.86,0.29,2,74.25,-309.83,-249.84,103,E
2024/11/02 21:38:24,20.62,3493,5064,79,-0.36,9.84,0.31,2,73.95,-309.14,-249.92,99,E
2024/11/02 21:38:25,20.62,3490,5059,79,-0.36,9.81,0.31,2,73.19,-307.52,-250.07,99,E
2024/11/02 21:38:25,20.62,3487,5055,79,-0.39,9.80,0.28,2,73.93,-310.32,-250.30,104,E
2024/11/02 21:38:26,20.62,3486,5052,79,-0.39,9.85,0.28,2,74.09,-310.04,-249.03,104,E
2024/11/02 21:38:26,20.62,3486,5052,79,-0.37,9.81,0.28,2,73.32,-308.92,-250.00,103,E
2024/11/02 21:38:27,20.62,3485,5050,79,-0.37,9.82,0.32,2,73.49,-308.19,-249.54,99,E
2024/11/02 21:38:27,20.62,3484,5048,79,-0.36,9.84,0.29,2,73.80,-308.66,-249.64,101,E
2024/11/02 21:38:28,20.62,3483,5048,79,-0.40,9.86,0.30,2,73.78,-309.62,-250.11,103,E
2024/11/02 21:38:28,20.62,3482,5046,79,-0.44,9.82,0.31,3,72.82,-310.10,-249.66,105,E
2024/11/02 21:38:29,20.62,3482,5044,78,-0.39,9.80,0.25,2,73.78,-309.62,-250.29,108,E
2024/11/02 21:38:29,20.62,3481,5043,78,-0.41,9.85,0.28,2,72.52,-308.94,-249.91,105,E
2024/11/02 21:38:30,20.62,3479,5041,78,-0.42,9.84,0.32,3,73.80,-308.90,-249.83,102,E
2024/11/02 21:38:30,20.62,3480,5042,78,-0.36,9.81,0.27,2,73.94,-309.36,-249.56,103,E
2024/11/02 21:38:31,20.62,3479,5041,78,-0.35,9.86,0.26,2,74.12,-308.41,-249.64,103,E
2024/11/02 21:38:31,20.62,3479,5041,78,-0.34,9.83,0.32,2,74.11,-309.37,-250.01,97,E
2024/11/02 21:38:32,20.62,3477,5039,79,-0.40,9.83,0.25,2,73.95,-309.11,-249.38,108,E
2024/11/02 21:38:32,20.62,3478,5039,78,-0.40,9.83,0.31,2,73.45,-310.32,-249.76,102,E
2024/11/02 21:38:33,20.62,3478,5038,78,-0.44,9.86,0.31,3,73.80,-308.68,-250.09,104,E
2024/11/02 21:38:39,20.62,3505,5085,80,-0.38,9.87,0.29,2,73.47,-309.38,-249.74,103,E
2024/11/02 21:38:39,20.62,3495,5069,79,-0.39,9.85,0.34,3,74.29,-308.17,-249.45,99,E
2024/11/02 21:38:40,20.62,3491,5062,79,-0.34,9.81,0.27,2,73.62,-309.61,-249.93,101,E
2024/11/02 21:38:40,20.62,3488,5058,79,-0.42,9.83,0.27,2,74.42,-309.34,-249.47,107,E
2024/11/02 21:38:41,20.62,3486,5054,79,-0.34,9.83,0.32,2,73.64,-308.90,-249.73,97,E
2024/11/02 21:38:41,20.62,3483,5050,79,-0.38,9.81,0.29,2,73.43,-311.26,-249.68,103,E
2024/11/02 21:38:42,20.62,3484,5049,79,-0.35,9.83,0.27,2,74.26,-309.83,-250.02,102,E
2024/11/02 21:38:42,20.62,3483,5047,79,-0.38,9.84,0.29,2,73.93,-310.08,-250.11,103,E
2024/11/02 21:38:43,20.62,3481,5045,79,-0.40,9.84,0.29,2,73.95,-309.37,-249.83,104,E
2024/11/02 21:38:43,20.62,3481,5044,79,-0.39,9.83,0.35,3,73.29,-310.56,-249.85,98,E
2024/11/02 21:38:44,20.62,3480,5042,78,-0.40,9.84,0.33,3,74.11,-309.13,-249.92,100,E
2024/11/02 21:38:44,20.62,3479,5042,79,-0.37,9.82,0.31,2,73.64,-308.90,-249.64,100,E
2024/11/02 21:38:45,20.62,3479,5040,78,-0.36,9.86,0.27,2,73.96,-308.66,-249.82,103,E
2024/11/02 21:38:45,20.62,3478,5040,79,-0.38,9.87,0.30,2,73.61,-310.09,-250.11,102,E
2024/11/02 21:38:46,20.62,3478,5040,79,-0.37,9.88,0.29,2,73.65,-308.43,-249.64,102,E
2024/11/02 21:38:46,20.62,3477,5039,79,-0.37,9.86,0.29,2,74.27,-308.88,-249.74,102,E
2024/11/02 21:38:47,20.62,3477,5037,78,-0.38,9.83,0.35,3,73.94,-309.84,-249.93,97,E
2024/11/02 21:38:47,20.62,3477,5038,78,-0.37,9.80,0.32,2,73.48,-308.66,-249.37,99,E
2024/11/02 21:38:48,20.62,3475,5036,78,-0.39,9.86,0.30,2,73.14,-310.09,-249.57,102,E
2024/11/02 21:38:48,20.62,3475,5035,78,-0.37,9.86,0.26,2,73.80,-308.90,-249.83,105,E
2024/11/02 21:38:54,20.62,3502,5084,80,-0.37,9.84,0.32,2,74.12,-308.42,-249.91,99,E
2024/11/02 21:38:55,20.62,3493,5066,79,-0.38,9.84,0.32,2,74.57,-309.83,-250.11,100,E
2024/11/02 21:38:55,20.62,3489,5058,79,-0.34,9.79,0.28,2,73.95,-309.11,-249.38,100,E
2024/11/02 21:38:56,20.62,3486,5054,79,-0.42,9.85,0.28,2,73.64,-308.66,-249.55,106,E
2024/11/02 21:38:56,20.62,3484,5049,79,-0.39,9.83,0.31,2,73.79,-308.88,-249.28,101,E
2024/11/02 21:38:57,20.62,3481,5046,79,-0.38,9.82,0.31,2,73.15,-309.64,-250.11,101,E
2024/11/02 21:38:57,20.62,3480,5043,79,-0.33,9.82,0.30,2,73.78,-309.60,-249.65,98,E
2024/11/02 21:38:58,20.62,3480,5042,78,-0.35,9.82,0.28,2,73.61,-310.31,-249.57,101,E
2024/11/02 21:38:58,20.62,3479,5041,78,-0.35,9.84,0.30,2,73.50,-307.96,-249.45,99,E
2024/11/02 21:38:59,20.62,3478,5040,79,-0.37,9.82,0.32,2,73.95,-309.37,-250.01,99,E
2024/11/02 21:38:59,20.62,3477,5038,78,-0.40,9.84,0.34,3,73.78,-309.85,-250.11,100,E
2024/11/02 21:39:00,20.62,3476,5038,79,-0.37,9.82,0.34,2,73.00,-308.91,-249.46,97,E
2024/11/02 21:39:00,20.62,3474,5035,78,-0.38,9.84,0.29,2,73.81,-308.45,-250.27,102,E
2024/11/02 21:39:01,20.62,3475,5035,78,-0.36,9.84,0.33,2,74.11,-309.12,-249.74,97,E
2024/11/02 21:39:01,20.62,3475,5035,78,-0.35,9.83,0.29,2,74.27,-308.88,-249.65,100,E
2024/11/02 21:39:02,20.56,3474,5034,78,-0.38,9.84,0.31,2,73.96,-308.91,-250.10,101,E
2024/11/02 21:39:02,20.56,3474,5033,78,-0.31,9.80,0.35,2,74.08,-310.78,-249.94,92,E
2024/11/02 21:39:03,20.56,3474,5032,78,-0.41,9.86,0.28,2,74.10,-309.60,-249.93,105,E
2024/11/02 21:39:03,20.56,3473,5033,78,-0.39,9.89,0.28,2,73.93,-310.08,-249.93,104,E
2024/11/02 21:39:04,20.56,3473,5032,78,-0.36,9.87,0.29,2,74.10,-309.36,-249.74,101,E
2024/11/02 21:39:10,20.62,3501,5081,80,-0.41,9.86,0.31,3,74.09,-310.07,-249.84,103,E
2024/11/02 21:39:10,20.62,3492,5065,79,-0.38,9.83,0.27,2,73.31,-309.14,-249.47,104,E
2024/11/02 21:39:11,20.62,3487,5057,79,-0.37,9.82,0.27,2,73.77,-310.32,-250.12,104,E
2024/11/02 21:39:11,20.62,3484,5051,79,-0.40,9.80,0.33,3,73.63,-309.13,-249.47,100,E
2024/11/02 21:39:12,20.62,3482,5047,79,-0.40,9.84,0.31,2,73.33,-308.21,-249.72,102,E
2024/11/02 21:39:12,20.62,3479,5044,79,-0.37,9.82,0.29,2,73.47,-309.39,-250.10,102,E
2024/11/02 21:39:13,20.62,3478,5041,79,-0.37,9.81,0.30,2,74.42,-309.61,-250.29,101,E
2024/11/02 21:39:13,20.62,3478,5040,79,-0.42,9.83,0.31,3,73.04,-307.04,-249.71,103,E
2024/11/02 21:39:14,20.62,3477,5039,79,-0.36,9.88,0.32,2,73.30,-309.86,-250.02,98,E
2024/11/02 21:39:14,20.62,3476,5036,78,-0.34,9.83,0.28,2,72.98,-309.85,-249.57,101,E
2024/11/02 21:39:15,20.62,3475,5036,78,-0.37,9.81,0.27,2,74.26,-309.59,-249.84,104,E
2024/11/02 21:39:15,20.62,3475,5035,78,-0.37,9.83,0.27,2,74.26,-309.35,-249.65,104,E
2024/11/02 21:39:16,20.62,3473,5034,78,-0.37,9.83,0.28,2,73.80,-308.42,-249.55,103,E
2024/11/02 21:39:16,20.62,3473,5032,78,-0.41,9.81,0.30,2,73.64,-308.90,-249.73,104,E
2024/11/02 21:39:17,20.62,3474,5033,78,-0.38,9.85,0.29,2,74.27,-309.13,-250.10,102,E
2024/11/02 21:39:17,20.62,3474,5033,78,-0.41,9.82,0.26,2,74.28,-308.41,-249.64,107,E
2024/11/02 21:39:18,20.62,3473,5032,78,-0.38,9.88,0.32,2,72.82,-310.10,-249.84,100,E
2024/11/02 21:39:18,20.62,3473,5032,78,-0.39,9.80,0.27,2,73.32,-308.66,-249.19,105,E
2024/11/02 21:39:19,20.62,3473,5032,78,-0.38,9.80,0.27,2,74.40,-310.29,-249.67,104,E
2024/11/02 21:39:19,20.62,3473,5032,78,-0.37,9.85,0.29,2,74.28,-308.65,-249.73,102,E
2024/11/02 21:39:25,20.62,3504,5087,80,-0.39,9.84,0.26,2,74.12,-308.66,-250.00,106,E
2024/11/02 21:39:26,20.62,3495,5070,79,-0.40,9.85,0.30,2,73.16,-309.17,-250.10,103,E
2024/11/02 21:39:26,20.62,3491,5063,79,-0.39,9.78,0.29,2,73.29,-310.31,-249.30,103,E
2024/11/02 21:39:27,20.62,3489,5057,79,-0.37,9.83,0.30,2,73.94,-309.61,-249.93,101,E
2024/11/02 21:39:27,20.62,3486,5053,79,-0.38,9.82,0.31,2,73.93,-310.06,-249.57,101,E
2024/11/02 21:39:27,20.62,3483,5050,79,-0.34,9.86,0.32,2,73.93,-310.07,-249.75,97,E
2024/11/02 21:39:28,20.62,3484,5049,79,-0.37,9.87,0.29,2,74.10,-309.60,-249.84,102,E
2024/11/02 21:39:28,20.56,3483,5047,79,-0.36,9.85,0.30,2,74.27,-309.14,-250.19,100,E
2024/11/02 21:39:29,20.56,3481,5047,79,-0.34,9.81,0.31,2,73.62,-309.86,-250.11,98,E
2024/11/02 21:39:29,20.56,3481,5046,79,-0.39,9.82,0.28,2,73.79,-309.13,-249.74,104,E
2024/11/02 21:39:30,20.56,3481,5044,79,-0.38,9.88,0.26,2,74.26,-309.83,-250.02,105,E
2024/11/02 21:39:30,20.56,3480,5044,79,-0.39,9.86,0.29,2,73.95,-309.38,-250.28,103,E
2024/11/02 21:39:31,20.56,3480,5043,79,-0.39,9.81,0.27,2,73.46,-309.86,-250.02,105,E
2024/11/02 21:39:31,20.56,3479,5042,79,-0.42,9.85,0.13,2,73.77,-310.32,-250.12,123,SE
2024/11/02 21:39:32,20.56,3480,5043,79,-0.36,9.83,0.35,2,73.95,-309.14,-250.10,96,E
2024/11/02 21:39:32,20.62,3481,5044,79,-0.39,9.82,0.29,2,74.10,-309.36,-249.65,103,E
2024/11/02 21:39:33,20.62,3480,5043,79,-0.41,9.83,0.36,3,74.10,-309.59,-249.57,99,E
2024/11/02 21:39:33,20.62,3479,5042,79,-0.41,9.83,0.32,3,74.28,-308.65,-249.82,102,E
2024/11/02 21:39:34,20.62,3479,5041,78,-0.44,9.84,0.30,3,73.63,-309.14,-249.74,105,E
2024/11/02 21:39:34,20.62,3479,5042,79,-0.38,9.87,0.28,2,73.94,-309.84,-249.93,103,E
2024/11/02 21:39:40,20.62,3511,5097,80,-0.40,9.83,0.30,2,74.09,-310.32,-250.39,103,E
2024/11/02 21:39:41,20.62,3503,5081,79,-0.38,9.84,0.30,2,74.75,-308.63,-249.64,102,E
2024/11/02 21:39:41,20.62,3498,5073,79,-0.38,9.84,0.33,2,73.30,-309.87,-250.20,99,E
2024/11/02 21:39:42,20.62,3495,5068,79,-0.37,9.87,0.32,2,73.46,-309.62,-249.93,99,E
2024/11/02 21:39:42,20.62,3492,5064,79,-0.40,9.84,0.32,3,73.93,-310.07,-249.84,101,E
2024/11/02 21:39:43,20.62,3491,5063,79,-0.34,9.82,0.26,2,73.76,-310.55,-250.03,103,E
2024/11/02 21:39:43,20.62,3491,5060,79,-0.36,9.81,0.28,2,73.47,-309.15,-249.83,102,E
2024/11/02 21:39:44,20.56,3491,5059,79,-0.37,9.83,0.38,3,74.12,-308.66,-250.00,94,E
2024/11/02 21:39:44,20.56,3489,5058,79,-0.38,9.82,0.27,2,73.63,-309.37,-249.74,104,E
2024/11/02 21:39:45,20.56,3490,5057,79,-0.41,9.83,0.31,3,73.33,-308.19,-249.27,103,E
2024/11/02 21:39:45,20.56,3489,5057,79,-0.37,9.81,0.27,2,74.25,-309.82,-249.57,104,E
2024/11/02 21:39:46,20.56,3488,5056,79,-0.36,9.89,0.30,2,73.15,-309.64,-250.11,100,E
2024/11/02 21:39:46,20.56,3487,5055,79,-0.39,9.83,0.30,2,73.82,-307.97,-249.99,102,E
2024/11/02 21:39:47,20.56,3487,5054,79,-0.36,9.84,0.29,2,73.61,-310.30,-249.39,101,E
2024/11/02 21:39:47,20.56,3488,5055,79,-0.40,9.84,0.30,2,73.46,-309.85,-249.75,103,E
2024/11/02 21:39:48,20.62,3488,5057,79,-0.37,9.85,0.28,2,73.46,-309.86,-250.02,103,E
2024/11/02 21:39:48,20.62,3489,5056,79,-0.37,9.87,0.27,2,74.27,-308.89,-249.83,104,E
2024/11/02 21:39:49,20.62,3488,5056,79,-0.39,9.81,0.30,2,73.62,-309.60,-249.56,102,E
2024/11/02 21:39:49,20.62,3488,5055,79,-0.36,9.83,0.29,2,73.62,-309.61,-249.75,101,E
2024/11/02 21:39:50,20.62,3488,5055,79,-0.36,9.84,0.34,2,74.44,-308.64,-249.64,97,E
2024/11/02 21:39:56,20.62,3519,5111,80,-0.33,9.85,0.26,2,73.49,-308.20,-249.72,102,E
2024/11/02 21:39:56,20.62,3511,5095,80,-0.42,9.84,0.28,2,74.12,-308.42,-249.82,106,E
2024/11/02 21:39:57,20.62,3507,5087,80,-0.38,9.84,0.31,2,74.10,-309.62,-250.38,101,E
2024/11/02 21:39:57,20.62,3503,5082,80,-0.40,9.81,0.29,2,73.64,-308.41,-249.28,104,E
2024/11/02 21:39:58,20.62,3502,5079,79,-0.37,9.79,0.33,2,73.62,-309.62,-250.11,98,E
2024/11/02 21:39:58,20.62,3500,5076,79,-0.39,9.83,0.31,2,74.29,-308.18,-249.91,101,E
2024/11/02 21:39:59,20.62,3500,5075,79,-0.41,9.84,0.29,2,74.27,-308.88,-249.74,104,E
2024/11/02 21:39:59,20.62,3498,5073,79,-0.38,9.83,0.27,2,73.16,-308.91,-249.55,104,E
2024/11/02 21:40:00,20.62,3498,5072,79,-0.37,9.82,0.31,2,72.98,-310.08,-249.39,100,E
2024/11/02 21:40:00,20.62,3497,5071,79,-0.38,9.81,0.34,2,74.41,-309.83,-250.02,98,E
2024/11/02 21:40:01,20.62,3496,5070,79,-0.38,9.86,0.30,2,74.56,-310.28,-249.67,102,E
2024/11/02 21:40:01,20.62,3496,5070,79,-0.40,9.81,0.31,2,74.09,-310.06,-249.75,102,E
2024/11/02 21:40:02,20.62,3496,5069,79,-0.37,9.85,0.28,2,74.28,-308.63,-249.28,103,E
2024/11/02 21:40:02,20.62,3496,5070,79,-0.36,9.86,0.31,2,73.94,-309.60,-249.66,99,E
2024/11/02 21:40:03,20.62,3497,5069,79,-0.37,9.81,0.35,2,73.13,-310.55,-249.49,97,E
2024/11/02 21:40:03,20.62,3496,5068,79,-0.40,9.82,0.27,2,73.94,-309.35,-249.38,106,E
2024/11/02 21:40:04,20.62,3496,5068,79,-0.37,9.86,0.31,2,72.81,-310.33,-249.66,100,E
2024/11/02 21:40:04,20.62,3495,5069,79,-0.37,9.84,0.32,2,73.62,-309.84,-249.57,99,E
2024/11/02 21:40:05,20.62,3496,5068,79,-0.40,9.84,0.37,3,73.30,-309.61,-249.47,97,E
2024/11/02 21:40:05,20.62,3496,5068,79,-0.36,9.83,0.25,2,73.98,-307.72,-249.81,105,E
2024/11/02 21:40:11,20.62,3528,5126,81,-0.35,9.85,0.29,2,73.14,-310.09,-249.66,100,E
2024/11/02 21:40:12,20.62,3520,5111,80,-0.35,9.84,0.33,2,73.14,-310.10,-249.84,97,E
2024/11/02 21:40:12,20.62,3515,5102,80,-0.37,9.84,0.17,2,73.33,-308.20,-249.63,116,SE
2024/11/02 21:40:13,20.62,3512,5097,80,-0.43,9.80,0.26,2,73.32,-308.92,-249.82,108,E
2024/11/02 21:40:13,20.62,3511,5094,80,-0.38,9.85,0.30,2,74.73,-309.82,-250.02,102,E
2024/11/02 21:40:14,20.62,3508,5090,80,-0.38,9.78,0.29,2,74.43,-308.88,-249.65,102,E
2024/11/02 21:40:14,20.62,3508,5088,80,-0.35,9.87,0.28,2,73.63,-309.37,-249.65,101,E
2024/11/02 21:40:15,20.62,3507,5088,80,-0.41,9.82,0.30,2,73.63,-309.14,-249.92,104,E
2024/11/02 21:40:15,20.62,3507,5087,80,-0.33,9.77,0.25,2,73.47,-309.37,-249.47,104,E
2024/11/02 21:40:16,20.62,3507,5087,80,-0.37,9.85,0.28,2,73.96,-308.92,-250.37,103,E
2024/11/02 21:40:16,20.62,3506,5086,80,-0.42,9.87,0.33,3,72.82,-309.87,-249.75,102,E
2024/11/02 21:40:17,20.62,3507,5086,80,-0.40,9.82,0.36,3,74.09,-309.82,-249.57,98,E
2024/11/02 21:40:17,20.62,3506,5086,80,-0.40,9.85,0.23,2,73.30,-310.09,-249.75,111,E
2024/11/02 21:40:18,20.62,3506,5085,80,-0.40,9.81,0.29,2,73.78,-309.60,-249.65,104,E
2024/11/02 21:40:18,20.62,3506,5085,80,-0.41,9.80,0.29,2,73.47,-309.14,-249.74,104,E
2024/11/02 21:40:19,20.62,3506,5084,79,-0.41,9.83,0.30,2,74.44,-308.41,-249.73,104,E
2024/11/02 21:40:19,20.62,3506,5085,80,-0.41,9.86,0.32,3,73.48,-308.68,-250.00,102,E
2024/11/02 21:40:20,20.62,3506,5084,79,-0.37,9.85,0.29,2,73.64,-308.66,-249.46,102,E
2024/11/02 21:40:20,20.62,3506,5083,79,-0.39,9.81,0.31,2,73.77,-310.08,-249.84,101,E
2024/11/02 21:40:21,20.62,3506,5083,79,-0.36,9.80,0.29,2,73.63,-309.14,-249.92,101,E
2024/11/02 21:40:27,20.62,3536,5136,81,-0.37,9.79,0.30,2,73.63,-309.36,-249.47,101,E
2024/11/02 21:40:27,20.62,3526,5120,80,-0.40,9.87,0.32,2,73.78,-309.83,-249.57,101,E
2024/11/02 21:40:28,20.62,3522,5112,80,-0.39,9.84,0.31,2,73.94,-309.61,-249.93,101,E
2024/11/02 21:40:28,20.62,3518,5107,80,-0.38,9.87,0.31,2,73.33,-308.20,-249.54,101,E
2024/11/02 21:40:29,20.62,3516,5105,80,-0.35,9.84,0.27,2,73.78,-309.85,-250.02,102,E
2024/11/02 21:40:29,20.62,3514,5100,80,-0.39,9.86,0.31,2,74.26,-309.59,-249.75,101,E
2024/11/02 21:40:30,20.62,3514,5098,80,-0.38,9.83,0.28,2,73.96,-308.65,-249.55,103,E
2024/11/02 21:40:30,20.62,3513,5095,80,-0.42,9.83,0.30,3,73.32,-308.91,-249.64,104,E
2024/11/02 21:40:31,20.62,3512,5094,80,-0.40,9.83,0.26,2,73.30,-309.61,-249.65,107,E
2024/11/02 21:40:31,20.62,3511,5093,80,-0.40,9.87,0.28,2,73.00,-308.90,-249.19,105,E
2024/11/02 21:40:32,20.62,3510,5092,80,-0.40,9.80,0.27,2,73.62,-309.60,-249.47,106,E
2024/11/02 21:40:32,20.62,3510,5090,80,-0.39,9.86,0.32,2,73.46,-309.84,-249.66,101,E
2024/11/02 21:40:33,20.62,3509,5090,80,-0.41,9.82,0.32,3,72.85,-308.70,-249.91,102,E
2024/11/02 21:40:33,20.62,3510,5088,79,-0.36,9.85,0.30,2,73.62,-309.60,-249.56,100,E
2024/11/02 21:40:34,20.62,3509,5089,80,-0.41,9.86,0.27,2,74.57,-310.05,-249.66,106,E
2024/11/02 21:40:34,20.56,3508,5088,80,-0.39,9.81,0.30,2,74.12,-308.65,-249.55,102,E
2024/11/02 21:40:35,20.56,3509,5088,79,-0.39,9.83,0.29,2,73.78,-309.60,-249.65,103,E
2024/11/02 21:40:35,20.56,3508,5087,79,-0.35,9.85,0.30,2,72.84,-309.16,-249.74,99,E
2024/11/02 21:40:36,20.56,3508,5088,80,-0.38,9.85,0.30,2,73.46,-309.85,-249.84,102,E
2024/11/02 21:40:36,20.56,3508,5087,79,-0.40,9.81,0.25,2,73.45,-310.56,-249.94,109,E
