Time,Temp,Lux1,Lux2,IR1,IR2,Accel_X,Accel_Y,Accel_Z,VBAT
25/04/2023 07:44,15.12,0,142.55,65535,14374.5,8.501875,-0.994885,2.754688,3.862
25/04/2023 08:14,15.12,0,140.5,65535,14233.65,-1.76961,-9.78949,-0.341271,3.862
25/04/2023 08:44,15.62,0,140.31,65535,14247.5,-1.735286,-9.795374,-0.431493,3.862
25/04/2023 09:14,15.62,0,140.07,65535,14246.7,-1.727932,-9.784586,-0.423157,3.86
25/04/2023 09:44,14.12,0,139.69,65535,14235.25,-1.542096,-9.830187,-0.038246,3.862
25/04/2023 10:14,13.12,0,139.38,65535,14229.75,-1.68135,-9.772818,-0.695291,3.856
25/04/2023 10:44,12.38,0,139.28,65535,14218.45,9.879221,-0.172597,0.760506,3.856
25/04/2023 11:14,12.38,0,139.48,65535,14215,-0.819836,-9.978266,-0.461893,3.858
25/04/2023 11:44,-2048,462.69,126.95,40194.25,14040.25,9.446745,1.487178,2.817451,3.858
25/04/2023 12:14,13.88,462.13,125.32,40284.4,13970.5,9.34868,1.683802,2.5816,3.858
25/04/2023 12:44,13.88,459.4,125.35,40041,13942.1,9.676714,1.701944,0.989981,3.858
25/04/2023 13:14,11.06,458.18,127.37,39857.2,14061.4,9.737514,1.735287,0.232908,3.858
25/04/2023 13:44,10.81,456.06,126.35,39707.15,14088.05,9.862547,0.726182,0.296161,3.854
25/04/2023 14:14,10.81,464.82,125.72,40484.75,14033.25,9.893438,0.489352,-0.038246,3.854
25/04/2023 14:44,10.62,461.39,126.46,40147.65,13990.05,9.679655,1.329291,-0.246147,3.858
25/04/2023 15:14,10.62,455.24,126.05,39787.35,14056.1,9.452628,2.977789,0.901721,3.858
25/04/2023 15:44,10.62,450.05,125.68,39285.95,14016,8.670058,4.130071,2.327608,3.854
25/04/2023 16:14,10.62,454.11,126.06,39582.5,13998.4,8.74459,4.289919,1.43079,3.86
25/04/2023 16:44,10.69,444.17,126.39,38943.35,14010.3,8.983871,3.489697,1.66664,3.856
25/04/2023 17:14,10.69,453.27,125.65,39604.05,14043.15,9.517844,2.664467,1.481294,3.854
25/04/2023 17:44,10.69,462.12,126.22,40148.05,14041.8,9.370743,2.324176,1.221909,3.856
25/04/2023 18:14,10.75,454.87,125.99,39620.55,14052.1,9.466359,1.818643,1.681841,3.854
25/04/2023 18:45,10.75,450.39,126.38,39285.7,14105.4,9.835579,1.1361,0.284883,3.86
25/04/2023 19:15,10.75,441.22,125.17,38607.45,14011,9.797335,0.82523,0.455029,3.854
25/04/2023 19:45,10.75,456.13,125.53,39823.5,14057.4,9.714466,1.160617,1.030188,3.852
25/04/2023 20:15,10.75,454.47,125.13,39709.5,14015.35,10.019945,0.452577,0.301554,3.852
25/04/2023 20:45,10.75,443.75,125.44,38912,14059.9,9.90766,-0.02942,0.92918,3.85
25/04/2023 21:15,10.75,462.98,125.73,40303.55,14102,9.843424,-0.124544,0.731086,3.848
25/04/2023 21:45,10.75,453.49,124.21,39584.75,13911.45,9.857644,0.459442,0.610954,3.854
25/04/2023 22:15,10.75,447.82,125.26,39158.45,14035.9,9.765462,1.360183,-0.127486,3.854
25/04/2023 22:45,10.75,457.5,126.32,39894.05,14137.65,9.532064,1.849044,-1.480804,3.852
25/04/2023 23:15,10.75,443.66,125.74,38874.7,14075.25,9.361917,1.020872,-2.939544,3.85
25/04/2023 23:45,10.75,443.3,126.02,38882.35,14100.7,9.145681,3.507348,0.397169,3.858
26/04/2023 00:15,10.75,441.86,125.62,38775.85,14050.75,9.445765,2.53649,1.270942,3.848
26/04/2023 00:45,10.69,451.26,123.94,39495.9,13865.4,9.76203,1.132178,0.962032,3.848
26/04/2023 01:15,10.69,435.73,124.56,38207.1,13965.75,9.859607,0.385401,0.418744,3.848
26/04/2023 01:45,10.69,448.51,125.34,39194.25,14027.5,9.817927,0.576141,0.67862,3.846
26/04/2023 02:15,10.62,455.55,123.76,39813.75,13872,9.871374,-0.140725,0.581534,3.848
26/04/2023 02:45,10.62,447.24,125.52,39138.55,14058.45,9.802728,-0.867889,1.147378,3.846
26/04/2023 03:15,10.62,444.81,124.64,38973.25,13940.25,9.714959,-0.900251,1.794127,3.848
26/04/2023 03:45,10.62,446.18,123.35,39064,13810.8,9.190302,-2.672312,2.592388,3.846
26/04/2023 04:15,10.62,439.68,122.87,38582.4,13746.95,9.271698,-2.709578,2.276614,3.852
26/04/2023 04:45,10.56,439.1,123.64,38531.05,13812.35,9.125578,-3.628951,1.536212,3.844
26/04/2023 05:15,10.56,443.88,123.13,38891.4,13787.4,9.359958,-3.198439,0.316755,3.846
26/04/2023 05:45,10.62,432.4,122.88,37984.25,13733.5,9.279544,-3.013093,1.882877,3.846
26/04/2023 06:15,10.62,440.52,122.61,38611.95,13710.6,9.389868,-3.105276,1.053234,3.846
26/04/2023 06:45,10.62,442.37,124.5,38715.1,13905.1,9.525198,-2.570813,-0.409428,3.844
26/04/2023 07:15,10.62,440.7,124,38584.4,13850.55,9.610516,-2.339867,0.458951,3.844
26/04/2023 07:45,10.62,439.7,123.44,38588.8,13803.45,9.627678,-2.277594,0.270173,3.848
26/04/2023 08:15,10.62,443.55,124.55,38794.4,13883.05,9.738985,-1.470017,0.976252,3.844
26/04/2023 08:46,10.62,452.41,124.91,39424.65,13895.55,9.844407,-0.983117,0.278019,3.842
26/04/2023 09:16,10.62,446.09,125.61,38978.55,13957.95,9.864511,-0.196133,-0.01422,3.844
26/04/2023 09:46,10.62,438.18,127.12,38382.75,14061.9,9.851761,-0.278999,0.276057,3.848
26/04/2023 10:16,10.62,453,126.15,39423.6,13959.25,9.854701,0.268702,0.027459,3.842
26/04/2023 10:46,10.69,445.13,126.14,38845.5,13976.65,9.749773,0.085318,1.668111,3.842
26/04/2023 11:16,10.69,437.02,127.15,38196.55,14029.15,9.457533,2.647306,0.910057,3.844
26/04/2023 11:46,10.69,439.65,126.08,38421.6,14006.2,9.685537,1.623,0.544269,3.84
26/04/2023 12:16,10.69,440.66,126.08,38436.2,13972.05,9.695835,0.948794,1.481785,3.84
26/04/2023 12:46,10.69,429.02,125.9,37581.1,13946.45,9.667397,1.281729,1.136591,3.844
26/04/2023 13:16,10.75,437.85,126.25,38318.2,14047.55,9.737514,0.495726,1.568084,3.84
26/04/2023 13:46,10.75,426.41,125.11,37406.55,13906.9,9.797826,0.707059,1.051273,3.84
26/04/2023 14:16,10.75,426.5,125.66,37367.25,13962.4,9.815476,-0.842391,1.04735,3.844
26/04/2023 14:46,10.75,420.63,125.77,36863.35,14017.05,9.73212,-1.379305,0.953697,3.838
26/04/2023 15:16,10.75,414.2,126.06,36367.1,14043.7,9.498722,-2.420281,1.570535,3.842
26/04/2023 15:46,10.75,415.56,125.45,36432.85,13993.65,9.508527,-2.533548,1.131197,3.838
26/04/2023 16:16,10.75,418.72,126.43,36763.6,14092.4,9.112831,-3.592176,1.501889,3.838
26/04/2023 16:46,10.75,414.13,125.09,36385.05,13979.45,8.39155,-4.980308,2.206987,3.838
26/04/2023 17:16,10.75,415.12,124.72,36431.95,13954.65,9.171669,-3.677004,0.818365,3.838
26/04/2023 17:46,10.69,415.15,124.33,36486.65,13862.75,9.282975,-3.373488,0.680582,3.838
26/04/2023 18:16,10.69,419.1,123.4,36819.2,13820.85,9.426641,-2.905221,0.411879,3.838
26/04/2023 18:46,10.69,419.46,125.53,36799.55,14029.1,9.684557,-2.055964,0.27998,3.838
26/04/2023 19:16,10.69,418.75,123.88,36824.25,13868.2,9.712506,-1.825998,-0.016671,3.838
26/04/2023 19:46,10.69,420.9,125.92,36885.05,14080.65,9.795371,-1.258684,-0.302535,3.842
26/04/2023 20:16,10.69,410.19,125.4,36010.25,14001.65,9.83656,-0.721279,-0.393737,3.836
26/04/2023 20:46,10.69,422.62,125.16,37037.9,13977.15,9.873335,-0.494746,-0.053937,3.838
26/04/2023 21:16,10.69,423.89,125.51,37206.15,14031.05,9.858133,-0.3246,0.522204,3.836
26/04/2023 21:46,10.69,408.15,127.1,36067.7,14185.45,9.859115,-0.182404,0.127486,3.838
26/04/2023 22:16,10.69,423.04,125.75,37076.6,14039.2,9.810083,0.791397,0.096596,3.836
26/04/2023 22:46,10.69,447.29,127.16,39011.3,14192.5,9.823321,-0.891425,-0.660478,3.838
26/04/2023 23:17,10.69,441.66,125.5,38628.9,14031,9.744867,0.35451,-1.408725,3.836
26/04/2023 23:47,10.69,439.01,124.26,38479.55,13901.9,9.375648,2.246703,-1.883367,3.836
27/04/2023 00:17,10.62,453.63,121.52,39622.85,13612.5,9.307001,2.576697,0.829643,3.836
27/04/2023 00:47,10.62,442.43,123.2,38818.4,13792,9.104984,2.144715,0.672736,3.836
27/04/2023 01:17,10.62,456.07,123.52,39778.8,13816.8,9.855193,1.507282,1.175327,3.836
27/04/2023 01:47,10.62,450.02,123.09,39314,13792.15,9.792921,1.013517,0.455519,3.838
27/04/2023 02:17,10.62,450.78,122.98,39366.85,13786.15,9.545303,0.475623,0.409918,3.836
27/04/2023 02:47,10.62,453.57,123.56,39602.95,13818.45,9.853231,0.154455,0.069627,3.836
27/04/2023 03:17,10.62,454.01,122.97,39619.65,13768.1,9.999351,0.161319,0.463854,3.836
27/04/2023 03:47,10.62,459.21,123.62,40016.4,13833.95,9.747809,0.322639,0.653123,3.836
27/04/2023 04:17,10.62,455.32,122.37,39686.65,13718.75,9.446745,1.160127,1.09148,3.834
27/04/2023 04:47,10.56,454.36,124.12,39689.5,13915.2,8.43421,3.142541,2.511483,3.836
27/04/2023 05:17,10.56,452.83,124.2,39591.15,13899.35,8.591116,3.164116,2.280046,3.836
27/04/2023 05:47,10.56,452.27,123.21,39534.85,13808.4,8.959845,3.86529,1.856889,3.836
27/04/2023 06:17,10.56,449.86,124.18,39335.85,13921.4,9.338382,2.203554,2.033409,3.834
27/04/2023 06:47,10.56,449.11,124.7,39282.75,13944.7,10.055247,1.122862,0.512888,3.836
27/04/2023 07:17,10.56,443.5,124.2,38898.25,13882.35,9.336912,1.461681,1.434713,3.836
27/04/2023 07:47,10.56,450.74,123.16,39388.95,13771.75,9.322692,1.463642,1.104719,3.834
27/04/2023 08:17,10.56,454.19,124.34,39673.8,13898.6,9.913544,0.455029,0.72275,3.836
27/04/2023 08:47,10.56,455.49,124.09,39727.8,13806.75,9.85127,0.875244,0.950755,3.836
27/04/2023 09:17,10.56,464.79,123.5,40429.35,13755.5,9.748791,0.389324,0.041678,3.83
27/04/2023 09:47,10.56,447.54,125.11,39135.55,13962.05,9.877258,-0.579083,0.847295,3.832
27/04/2023 10:17,10.56,451.88,124.77,39434.25,13869.75,9.918935,-0.479545,0.553095,3.836
27/04/2023 10:47,10.56,443.21,125.41,38774.7,13945.55,9.886575,-0.474642,0.242715,3.83
27/04/2023 11:17,10.56,455.73,124.33,39762.75,13856.6,9.433018,-1.115506,0.800713,3.83
27/04/2023 11:47,10.56,452.5,124.86,39500.35,13851.15,9.961105,-0.573199,-0.27998,3.828
27/04/2023 12:17,10.62,454.98,124.37,39603.55,13750.4,9.834108,0.464835,-0.054427,3.83
27/04/2023 12:47,10.62,452.24,123.39,39479.2,13703.6,9.656607,0.447673,-0.630077,3.828
27/04/2023 13:17,10.62,446.45,124.12,39007.3,13731.25,9.843917,0.636942,0.085318,3.83
27/04/2023 13:48,10.62,451.57,122.7,39461.45,13638,10.002292,0.13288,-0.181423,3.83
27/04/2023 14:18,10.62,453.73,122.61,39612.7,13679,9.539419,-0.753641,0.36873,3.828
27/04/2023 14:48,10.62,446.88,122.07,39121.95,13639.15,9.987093,0.159848,0.404524,3.83
27/04/2023 15:18,10.62,454.5,122.36,39728.7,13679.85,9.332989,0.607522,0.10346,3.83
27/04/2023 15:48,10.62,449.49,123.78,39383.55,13861,10.005236,1.513166,0.696762,3.83
27/04/2023 16:18,10.62,448.21,122.82,39203.9,13751.75,9.277581,1.270942,1.279768,3.83
27/04/2023 16:48,10.62,457.23,123.45,39879.25,13832.9,9.431545,1.31262,0.889463,3.826
27/04/2023 17:18,10.56,452.76,123.7,39575.7,13840.35,9.094197,1.074319,2.292795,3.824
27/04/2023 17:48,10.56,452,121.96,39530.5,13660.9,9.360447,2.496283,1.958879,3.828
27/04/2023 18:18,10.56,455.55,122.34,39790.5,13707.55,9.324654,2.139811,3.216091,3.824
27/04/2023 18:48,10.56,453.89,123.9,39657.55,13863.9,9.079488,2.69879,1.938284,3.826
27/04/2023 19:18,10.56,446.68,123.4,39125.7,13819.25,10.000331,0.792868,1.183172,3.828
27/04/2023 19:48,10.56,455.79,122.81,39783.5,13727.85,9.667887,1.244464,0.919864,3.826
27/04/2023 20:18,10.56,453.36,121.93,39640.9,13657.4,9.604143,1.066964,1.610252,3.826
27/04/2023 20:48,10.56,448.65,121.81,39271.35,13639.65,9.235903,1.470507,1.352337,3.824
27/04/2023 21:18,10.56,445.65,122.21,39029.7,13684,9.648762,0.004903,0.719318,3.828
27/04/2023 21:48,10.56,451.51,120.98,39469.25,13564.35,9.883633,0.70755,0.833565,3.828
27/04/2023 22:18,10.56,449.11,122.4,39255.6,13681.1,9.824793,-0.384421,0.104441,3.828
27/04/2023 22:48,10.56,449.73,122.29,39324.1,13703,9.775759,-0.437867,0.32411,3.824
27/04/2023 23:18,10.56,452.33,121.9,39448.65,13657.1,9.803707,0.66342,0.452577,3.822
27/04/2023 23:48,10.56,452.79,121.62,39527.45,13641.55,9.878239,0.555056,-0.010297,3.824
28/04/2023 00:18,10.56,449.5,121.64,39349.2,13630.2,9.889517,1.286142,0.402563,3.826
28/04/2023 00:48,10.56,444.48,120.75,38920.2,13550.05,9.649742,2.075087,-0.374614,3.822
28/04/2023 01:18,10.56,447.74,121.63,39165.9,13635.45,9.73016,1.60682,1.213573,3.82
28/04/2023 01:48,10.56,440.7,122.67,38651,13734.3,9.613951,1.481785,1.111584,3.822
28/04/2023 02:18,10.56,449.03,122.77,39230.95,13735.4,9.744868,0.344213,0.297142,3.82
28/04/2023 02:48,10.56,446.37,122.86,39096.8,13761.8,9.957674,1.06157,0.834546,3.82
28/04/2023 03:18,10.56,447.64,122.41,39161.1,13700.85,9.895402,1.022343,0.35451,3.818
28/04/2023 03:49,10.56,452.07,123.25,39568.2,13785.05,9.90766,0.428551,-0.076492,3.82
28/04/2023 04:19,10.56,452.43,122.94,39558.75,13781.05,9.54285,-0.411879,0.445712,3.82
28/04/2023 04:49,10.56,452.3,122.66,39532.55,13748.85,9.932175,-0.433454,0.417763,3.818
28/04/2023 05:19,10.56,449.32,122.68,39304.45,13748.65,9.886575,0.209372,0.476603,3.816
28/04/2023 05:49,10.56,441.76,122.54,38751.85,13705.5,9.932666,-0.150042,0.857101,3.818
28/04/2023 06:19,10.56,444.01,123.03,39009.75,13781.8,9.718391,0.079924,1.050782,3.818
28/04/2023 06:49,10.56,448.09,123.21,39192.2,13794.5,9.535986,0.483468,1.682331,3.818
28/04/2023 07:19,10.56,442.31,122.35,38766.9,13722.4,9.782134,-0.539856,0.830623,3.818
28/04/2023 07:49,10.56,438.77,122.65,38462.05,13731.3,9.941982,-0.514849,0.557999,3.822
28/04/2023 08:19,10.56,436.76,123.52,38364.5,13805.35,9.866961,-0.98802,-0.131899,3.818
28/04/2023 08:49,10.56,441.61,123.01,38692.75,13743,9.811064,-1.043428,1.049802,3.818
28/04/2023 09:19,10.56,447.06,122.88,39076.85,13716.55,9.688972,-0.403053,-0.00049,3.822
28/04/2023 09:49,10.62,435.88,123.25,38224.8,13738.9,9.81989,-0.031381,0.596735,3.818
28/04/2023 10:19,10.62,444.58,123.41,38854.3,13721.1,9.823812,0.189759,0.07355,3.82
28/04/2023 10:49,10.62,449.94,123.97,39284.05,13828.1,9.971401,0.472681,0.328032,3.816
28/04/2023 11:19,10.62,440.04,123.77,38545.5,13808.9,9.763501,0.569766,-0.004903,3.814
28/04/2023 11:49,10.62,455.87,124.02,39657.85,13814.4,9.61297,1.218476,0.355001,3.814
28/04/2023 12:19,10.69,442.9,125.12,38699.1,13899,9.484011,2.053022,1.703415,3.818
28/04/2023 12:49,10.69,446.29,123.97,38986,13803.5,9.129011,2.955234,1.260645,3.814
28/04/2023 13:19,10.69,449.59,124.51,39228.2,13785.25,9.635034,1.250838,0.262328,3.812
28/04/2023 13:49,10.69,445.76,124.42,38973.4,13847.8,9.399673,2.505599,1.526405,3.814
28/04/2023 14:19,10.75,447.94,123.16,39117.2,13719.15,9.742908,1.56269,1.205727,3.814
28/04/2023 14:49,10.75,445.58,125.5,38825.2,13849.65,9.278562,2.759101,1.720086,3.814
28/04/2023 15:19,10.75,450.35,122.49,39284.05,13654.8,9.779683,0.397169,0.181423,3.814
28/04/2023 15:49,10.81,449.44,123.46,39189.2,13691.1,9.57472,1.352827,1.528857,3.812
28/04/2023 16:19,10.81,452.12,121.3,39439.55,13495.2,9.776251,0.715885,0.574179,3.816
28/04/2023 16:49,10.81,453.28,123.81,39527.85,13824.6,9.91011,0.047072,0.155435,3.812
28/04/2023 17:19,10.81,445.87,123.97,38953.25,13864.75,9.969932,-0.13239,0.732066,3.812
28/04/2023 17:49,10.81,448.84,124.93,39156.15,13946.8,9.829695,0.359414,0.315284,3.812
28/04/2023 18:20,10.81,452.67,122.99,39471.7,13747.75,9.779684,0.658026,0.367259,3.812
28/04/2023 18:50,10.81,447.1,123.21,39069.9,13791,9.812045,0.623703,0.998317,3.814
28/04/2023 19:20,10.81,451.94,124.41,39444.3,13926.5,9.7483,0.843372,0.481506,3.812
28/04/2023 19:50,10.81,449.31,124.28,39250.3,13919.7,9.776251,0.83994,0.749718,3.81
28/04/2023 20:20,10.81,452.66,124.34,39511.75,13932.9,9.815966,1.025776,1.01744,3.812
28/04/2023 20:50,10.81,449.7,124.21,39221.65,13921.7,9.955711,0.075021,0.333916,3.81
28/04/2023 21:20,10.81,447.97,124.41,39114.55,13905.55,9.834108,0.933103,0.703627,3.814
28/04/2023 21:50,10.81,443.6,124.34,38794.35,13927,9.836071,-0.119151,0.207411,3.812
28/04/2023 22:20,10.81,449.14,124.68,39210,13967.15,9.780663,0.158868,0.393737,3.81
28/04/2023 22:50,10.81,443.28,123.21,38770.35,13810.8,9.959145,0.26478,0.113267,3.81
28/04/2023 23:20,10.88,450.58,124.68,39334.55,13974.1,9.818911,0.428551,0.657536,3.808
28/04/2023 23:50,10.88,447.46,124.75,39083.85,13980,9.810082,-0.011768,0.89976,3.812
29/04/2023 00:20,10.81,447.04,124.92,39059.45,14005,9.712015,1.010575,0.967916,3.812
29/04/2023 00:50,10.81,434.82,123.73,38111.75,13846.6,9.79096,0.786493,1.19494,3.81
29/04/2023 01:20,10.81,449.8,124.91,39239.7,13974.75,9.714958,1.354789,0.791397,3.81
29/04/2023 01:50,10.88,447.66,125.71,39091.15,14053.85,9.604142,1.950543,1.149339,3.81
29/04/2023 02:20,10.81,442.21,122.62,38666.05,13729.45,9.617381,1.560238,1.567103,3.81
29/04/2023 02:50,10.81,453.16,123.76,39479.2,13880.25,9.671319,1.835315,0.684995,3.81
29/04/2023 03:20,10.81,450.38,124.54,39230.8,13947.55,9.662003,1.31311,1.619568,3.81
29/04/2023 03:50,10.88,440.93,124.89,38554.8,13970.65,9.77527,0.720298,1.024305,3.81
29/04/2023 04:20,10.88,446.09,124.56,39017.75,13941.8,9.810083,0.719318,0.504552,3.81
29/04/2023 04:50,10.88,454.17,124.25,39619.7,13930.35,9.83607,0.173087,0.36922,3.81
29/04/2023 05:20,10.81,456.54,124.31,39673.7,13925.05,9.820869,-0.091202,0.843862,3.808
29/04/2023 05:50,10.81,445.26,125.44,38904.75,14059.9,9.852251,-0.694801,0.460422,3.808
29/04/2023 06:20,10.81,431.02,125.79,37671.05,14098.4,9.786057,-0.644787,1.03264,3.808
29/04/2023 06:50,10.81,438.56,125.21,38234,14014.5,9.784096,-0.771293,1.143455,3.808
29/04/2023 07:20,10.81,435.7,125.7,37945.6,14037.6,9.837542,-0.497688,0.957129,3.804
29/04/2023 07:50,10.81,437.71,125.82,38094.5,14034.35,9.758598,-0.891425,1.237599,3.806
29/04/2023 08:20,10.81,428.35,125.63,37357.2,14034.25,9.773308,-0.976742,0.960562,3.806
29/04/2023 08:51,10.81,430.2,126.21,37485.2,14090.85,9.779192,-1.00273,0.745796,3.806
29/04/2023 09:21,10.81,390.51,125.93,34356.75,14063.85,9.763499,-1.511695,0.481997,3.806
29/04/2023 09:51,10.81,400.01,127.83,35077.4,14205.05,9.791941,-0.945361,0.990472,3.804
29/04/2023 10:21,10.88,397.35,126.64,34785.05,14101.75,9.706132,-1.834334,0.209372,3.808
29/04/2023 10:51,10.88,413.61,127.72,36076.65,14185.3,9.818419,-0.955168,0.66293,3.804
29/04/2023 11:21,10.88,417.97,128.75,36276.2,14185,9.748302,-1.749997,-0.003432,3.806
29/04/2023 11:51,10.94,438.68,128.61,37979.4,14166.85,9.855192,-0.64871,0.01422,3.804
29/04/2023 12:21,11,444.82,128.75,38446.55,14209.15,9.822341,-0.84092,-0.146609,3.808
29/04/2023 12:51,11,439.61,129.79,37985.6,14185.65,9.830185,0.391776,0.298122,3.804
29/04/2023 13:21,11,439.5,128.19,38087.85,14101.45,9.851759,-0.508965,-0.610464,3.802
29/04/2023 13:51,11.06,445.4,129.23,38556.25,14022,9.870885,0.375595,-0.071098,3.802
29/04/2023 14:21,11.06,461.2,126.59,39848.25,13893.7,9.825772,0.613896,0.305968,3.802
29/04/2023 14:51,11.06,463.5,130.13,40056.3,14234.7,9.855192,0.431493,0.308909,3.802
29/04/2023 15:21,11.06,453.92,126.76,39389.2,13973,9.819889,0.660968,0.698233,3.802
29/04/2023 15:51,11.06,449.38,129.08,39070.7,14225.45,9.803219,0.733537,0.886031,3.802
29/04/2023 16:21,11.06,457.25,125.92,39688.45,13891.5,9.858136,0.106892,0.198094,3.806
29/04/2023 16:51,11.06,457.12,129.31,39655.35,14269.75,9.849307,0.181913,0.238302,3.798
29/04/2023 17:21,11.06,456.54,128.79,39684.5,14248.65,9.861076,-0.60507,0.4717,3.8
29/04/2023 17:51,11.06,432.76,125.02,38038.85,13861.55,9.865491,-0.030891,0.69382,3.8
29/04/2023 18:21,11,441.03,127.09,38603.15,14167.55,9.796843,-1.084125,0.609483,3.804
29/04/2023 18:51,11,432.3,126.42,38000.65,14121.35,9.783114,-0.718827,1.065493,3.8
29/04/2023 19:21,11,435.36,126.03,38544.65,14077,9.78998,-1.107171,1.00273,3.798
29/04/2023 19:51,11,449.76,125.83,39277.7,14055.8,9.666906,-1.775984,1.020382,3.802
29/04/2023 20:21,11,443.08,126.16,38754.8,14083.5,9.685047,-1.815211,0.95909,3.798
29/04/2023 20:51,11,442.3,125.15,38694.6,13967.5,9.783113,-1.336646,0.704608,3.8
29/04/2023 21:21,11,448.51,125.09,39142.5,13960.35,9.587961,-2.356048,1.093932,3.802
29/04/2023 21:51,11.06,430,123.4,37548.75,13785.25,9.735552,-1.364105,0.949774,3.798
29/04/2023 22:21,11.06,438.11,125.41,38331.05,14006.85,9.577174,-2.298188,1.073338,3.798
29/04/2023 22:52,11.06,436.68,125.37,38187.8,14012.25,9.630132,-2.196199,0.676169,3.798
29/04/2023 23:22,11.06,437.36,126.03,38354.75,14061.05,9.773309,-0.875734,1.143946,3.796
29/04/2023 23:52,11.06,437.6,125.25,38283.05,13991.5,9.861567,-0.487881,0.505042,3.798
30/04/2023 00:22,11.06,443.76,124.76,38717.35,13945.5,9.801748,-0.780609,0.772274,3.796
30/04/2023 00:52,11.12,456.14,125.4,39643.1,13998.9,9.862547,-0.69382,-0.099537,3.794
30/04/2023 01:22,11.06,437.96,124.03,38288.55,13864.3,9.830676,0.364807,0.735008,3.792
30/04/2023 01:52,11.06,432.9,125.01,37945.25,13962.55,9.78998,-0.08875,1.112564,3.794
30/04/2023 02:22,11.12,426.6,126.15,37489.95,14076.3,9.70319,0.445712,1.808837,3.798
30/04/2023 02:52,11.12,430.96,120.98,37771.6,13497.15,9.795863,0.955168,0.465816,3.802
30/04/2023 03:22,11.12,443.9,121.06,38691.25,13517.9,9.755165,0.891424,-0.464835,3.796
30/04/2023 03:52,11.12,436.18,121.5,38181.1,13579.65,9.607084,2.037822,0.069627,3.792
30/04/2023 04:22,11.06,435.66,120.92,38178,13512.9,9.703681,1.637711,0.33882,3.794
30/04/2023 04:52,11.06,439.44,124.39,38374.85,13912.5,9.64435,1.498946,0.355491,3.796
30/04/2023 05:22,11.06,432.65,123.82,37859.4,13867.95,9.637978,0.684014,0.370691,3.794
30/04/2023 05:52,11.12,441.83,117.99,38632.15,13199.5,9.846858,0.647729,0.444732,3.792
30/04/2023 06:22,11.12,439.08,123.94,38382.1,13881.5,9.844895,0.492784,0.562902,3.79
30/04/2023 06:52,11.12,447.87,122.28,39121.1,13636.35,9.712997,-0.362356,0.387853,3.792
30/04/2023 07:22,11.06,449.96,122.17,39164.55,13639.2,9.847349,0.243695,0.157397,3.79
30/04/2023 07:52,11.06,440.85,118.62,38496.9,13226.8,9.966989,0.346175,0.192701,3.792
30/04/2023 08:22,11.06,440.53,125.11,38486.35,13991.75,9.895399,0.6188,0.764919,3.792
30/04/2023 08:52,11.06,436.25,124.58,38148.7,13863.85,9.576193,1.873561,1.17974,3.794
30/04/2023 09:22,11.06,444.23,124.38,38696.2,13860.95,9.76301,1.20916,0.293219,3.794
30/04/2023 09:52,11,439.88,124.84,38391.45,13902.95,9.709564,1.184643,1.600936,3.79
30/04/2023 10:22,11,447.62,124.9,38961.55,13848.6,9.688969,0.819836,0.892405,3.79
30/04/2023 10:52,11,434.79,125.96,37983.65,13920.1,9.745359,0.620761,1.052253,3.788
30/04/2023 11:22,11.06,444.88,126.11,38654.55,13910.55,9.844896,1.006653,1.012046,3.792
30/04/2023 11:52,11.06,445.16,126.09,38676.75,13910.6,9.70368,1.248877,0.642335,3.794
30/04/2023 12:22,11.19,438.72,125.8,38124.4,13878.8,9.890497,-0.110325,0.261838,3.792
30/04/2023 12:52,11.19,445.45,127.29,38551.6,14012.55,9.905697,0.449145,0.617329,3.788
30/04/2023 13:23,11.25,441.5,126.92,38196.15,13981.2,9.846367,0.075021,0.410408,3.788
30/04/2023 13:53,11.25,440.76,126.45,38173.8,13933,9.790468,-0.424138,0.784042,3.788
30/04/2023 14:23,11.38,447.57,127.11,38645.75,14007.85,9.860586,0.001961,0.659988,3.792
30/04/2023 14:53,11.44,446.25,126.28,38520.05,13924.55,9.832636,0.142687,0.639394,3.788
30/04/2023 15:23,11.44,425.6,125.42,36952.25,13835.7,9.791451,0.272135,1.106681,3.786
30/04/2023 15:53,11.38,435.76,126.49,37901.65,13954.05,9.794882,0.606541,0.768842,3.786
30/04/2023 16:23,11.31,440.04,126.75,38255.35,14008.45,9.752223,0.194662,1.34253,3.788
30/04/2023 16:53,11.31,437.42,125.58,38186.85,13984.3,9.62866,0.395698,2.014286,3.786
30/04/2023 17:23,11.31,419.44,123.7,36776.4,13806,9.738984,0.276547,1.471488,3.788
30/04/2023 17:53,11.25,439.13,124.84,38314.6,13945.6,9.743398,0.950755,1.125313,3.79
30/04/2023 18:23,11.25,422.75,125.06,36920.25,13983.3,9.799787,0.002452,0.67813,3.786
30/04/2023 18:53,11.25,436.98,125.57,38104.45,14014.7,9.794393,0.031872,1.182682,3.786
30/04/2023 19:23,11.31,437.01,124.65,38078.45,13938.5,9.818419,0.097086,1.09099,3.786
30/04/2023 19:53,11.31,434.84,125.38,37854.85,14019.25,9.792921,-0.529559,0.941929,3.786
30/04/2023 20:23,11.31,436.51,125.03,38083.7,14003.25,9.769874,0.016671,1.270942,3.786
30/04/2023 20:53,11.31,440.38,125.37,38340.75,14058.65,9.738985,1.060589,1.084615,3.784
30/04/2023 21:23,11.25,432.73,123.88,37875.05,13891.25,9.674751,0.420705,2.163837,3.784
30/04/2023 21:53,11.25,437.59,124.9,38145.75,13970.8,9.482539,0.454538,2.809115,3.784
30/04/2023 22:23,11.25,445.16,124.29,38667.5,13922.15,9.800767,0.031872,1.591619,3.786
30/04/2023 22:53,11.25,439.05,124.54,38203.35,13948.6,9.613951,0.160829,2.030467,3.786
30/04/2023 23:23,11.25,430.45,125.46,37499.35,14068.5,9.730648,0.851708,0.679601,3.786
30/04/2023 23:53,11.31,420.11,124.56,36825,13957.05,9.854704,0.272625,0.405995,3.786
01/05/2023 00:23,11.31,443.59,123.26,38472.55,13844.35,9.667886,0.343723,1.951033,3.784
01/05/2023 00:53,11.38,437.93,125.05,38146.75,14007.55,9.879709,0.140725,0.083357,3.784
01/05/2023 01:23,11.38,439.33,125.18,38162.15,14032.3,9.794883,0.656065,0.670775,3.784
01/05/2023 01:53,11.38,440.55,120.89,38266.4,13557,9.798804,-0.574179,0.422176,3.784
01/05/2023 02:23,11.38,439.75,125.43,38263.6,14056.25,9.807632,-0.104931,0.863966,3.786
01/05/2023 02:53,11.38,436.3,124.68,37954.75,13971,9.810082,0.241734,1.145417,3.784
01/05/2023 03:23,11.44,440.94,124.95,38311.6,14006.65,9.591886,0.216237,1.694099,3.784
01/05/2023 03:54,11.44,441.03,125.03,38279.7,14015.45,9.655629,-0.009807,1.796088,3.786
01/05/2023 04:24,11.44,439.57,125.12,38235.6,14013.25,9.799294,0.771783,1.863754,3.784
01/05/2023 04:54,11.44,408.38,124.65,35604.25,13965.15,9.464399,0.694311,2.732133,3.784
01/05/2023 05:24,11.44,412.9,124.7,35990.7,13946.2,9.382022,0.392756,2.783127,3.784
01/05/2023 05:54,11.44,418.85,122.85,36462.1,13779.85,9.354563,0.542798,2.877271,3.784
01/05/2023 06:24,11.44,403.5,123.2,35266.85,13795,9.315828,0.422176,3.078798,3.784
01/05/2023 06:54,11.38,423.73,123.16,36961.65,13797.35,9.501173,0.320677,2.716442,3.784
01/05/2023 07:24,11.31,417.24,124.59,36293.7,13900.6,9.793412,0.019613,1.41608,3.784
01/05/2023 07:54,11.31,426.16,124.9,37028.45,13921.9,9.825772,-0.28047,-0.042169,3.784
01/05/2023 08:24,11.31,410.09,124.25,35622.2,13861.75,9.794394,0.074531,1.028718,3.784
01/05/2023 08:54,11.25,395.69,124.34,34529.2,13905.4,9.724276,0.362846,1.37097,3.784
01/05/2023 09:24,11.25,403.35,124.17,35242.2,13855.05,9.513433,0.864456,2.379583,3.782
01/05/2023 09:54,11.25,400.97,125.01,35018.2,13952.65,9.328085,-0.042169,3.100373,3.784
01/05/2023 10:24,11.25,412.51,123.92,35920.4,13785,9.687008,0.329013,1.683802,3.784
01/05/2023 10:54,11.25,397.39,124.75,34667.65,13876.25,9.432035,0.342252,3.021919,3.784
01/05/2023 11:24,11.25,423.84,126.71,36795.9,13976.5,9.86451,0.237811,0.684504,3.784
01/05/2023 11:54,11.31,412.59,126.67,35585.95,13760.6,9.709074,0.429041,1.516598,3.78
01/05/2023 12:24,11.31,401.81,125.18,35012.95,13883.35,9.635523,0.080415,1.96182,3.78
01/05/2023 12:54,11.31,408.9,127.16,35501.95,14037.1,9.774778,0.099537,1.258684,3.78
01/05/2023 13:24,11.38,412.95,125.66,35760.55,13856.3,9.722803,0.377556,1.191508,3.78
01/05/2023 13:54,11.38,431.92,124.67,37423.1,13827.65,9.744378,1.075299,1.247896,3.78
01/05/2023 14:24,11.38,445.98,128.65,38269.05,14128.6,9.81989,0.283412,0.318716,3.78
01/05/2023 14:54,11.44,410.75,127.73,35704.95,14111.05,9.831656,0.010297,0.104931,3.78
01/05/2023 15:24,11.5,426.38,124.22,37131.2,13865,9.862546,0.470229,0.375595,3.778
01/05/2023 15:54,11.5,419.32,126.41,36537.65,13949.5,9.758108,1.014498,0.439338,3.778
01/05/2023 16:24,11.5,424.72,127.42,36728.75,14054.65,9.721822,0.975762,1.242993,3.776
01/05/2023 16:54,11.5,446.3,125.22,38721.7,13915.4,9.792921,0.9434,0.908096,3.778
01/05/2023 17:24,11.5,457.86,125.21,39446.3,13809.85,9.356034,0.803165,2.927775,3.778
01/05/2023 17:55,11.5,451.85,123.87,39142.2,13828.5,9.330539,-0.246147,3.409282,3.782
01/05/2023 18:25,11.44,450.05,123.41,38992.7,13752.55,9.666416,-1.470017,0.917902,3.776
01/05/2023 18:55,11.44,452.8,123.71,39305.7,13843.05,9.651214,-1.941226,0.196623,3.778
01/05/2023 19:25,11.44,453.87,124.62,39395.5,13940.4,9.802237,-1.480314,1.024795,3.782
01/05/2023 19:55,11.44,448.29,124.5,38985.9,13947.9,9.894911,-0.871811,0.773745,3.782
01/05/2023 20:25,11.44,459.02,123.37,39752.05,13826.4,9.730648,0.077473,1.542586,3.776
01/05/2023 20:55,11.44,450.17,123.67,39127.85,13846.95,9.614931,1.048821,1.846592,3.776
01/05/2023 21:25,11.44,452.48,123.83,39316.15,13873.7,9.591885,0.791887,1.868657,3.776
01/05/2023 21:55,11.38,454.79,123.63,39495.3,13845,9.692403,-1.922594,1.071376,3.78
01/05/2023 22:25,11.38,452.6,123.81,39350.25,13862.85,9.674749,-2.35899,0.718827,3.776
01/05/2023 22:55,11.38,456.74,124.06,39675.8,13909.55,9.520296,-2.52178,-0.263799,3.778
01/05/2023 23:25,11.38,451.45,123.25,39215.75,13809.35,9.847837,-0.88456,0.018633,3.774
01/05/2023 23:55,11.38,442.24,123.43,38517.45,13810.1,9.631111,-1.884838,-0.418744,3.776
02/05/2023 00:25,11.38,449.57,123.6,39029.6,13818.85,9.603652,-1.713712,-0.272625,3.774
02/05/2023 00:55,11.31,452.69,123.84,39275.95,13871.15,9.691422,-1.916219,-0.113757,3.772
02/05/2023 01:25,11.38,449.66,124.7,39053.55,13958,9.887064,-0.557998,0.347155,3.772
02/05/2023 01:55,11.38,452.15,124.31,39242.2,13915.85,9.741435,-1.128745,-0.438357,3.776
02/05/2023 02:25,11.38,450.05,126.04,39215.45,14097.35,9.858626,-0.685485,0.040698,3.772
02/05/2023 02:55,11.44,429.06,124.29,37548.05,13926.15,9.860096,0.347155,0.140235,3.77
02/05/2023 03:25,11.44,457.23,123.98,39682,13895.1,9.844407,-0.299103,0.263309,3.776
02/05/2023 03:55,11.44,440.59,124.81,38384.35,13955.6,9.890497,-0.492294,0.156416,3.778
02/05/2023 04:25,11.5,442.92,123.99,38581,13883.85,9.713977,-1.793146,-0.187797,3.776
02/05/2023 04:55,11.44,437.88,123.29,38107.7,13775.35,9.928744,-1.093441,-0.726673,3.776
02/05/2023 05:25,11.44,434.02,122.34,37764.55,13679.5,9.560013,-2.812547,-0.88456,3.78
02/05/2023 05:55,11.5,420.13,123.51,36676.7,13802,9.15598,-3.449489,-1.000768,3.776
02/05/2023 06:25,11.5,441.21,123.5,38328.45,13789.75,9.454592,-3.034178,-0.51681,3.776
02/05/2023 06:55,11.5,426.57,123.41,37176.15,13783,9.546773,-2.614452,-0.873773,3.776
02/05/2023 07:25,11.56,451.4,125.23,39178,13952.45,9.335932,-2.686532,-1.207689,3.776
02/05/2023 07:55,11.56,446.95,123.86,38760.65,13776.2,9.943453,-0.78159,-0.418254,3.776
02/05/2023 08:26,11.56,450.43,124.11,39072.95,13821.65,9.870393,-0.081886,0.179952,3.776
02/05/2023 08:56,11.56,448.57,123.46,38987.75,13770.1,9.738983,0.70706,-0.07404,3.778
02/05/2023 09:26,11.5,437.85,122.61,38122.05,13665.85,9.734081,1.578871,0.150042,3.776
02/05/2023 09:56,11.5,440.91,121.87,38319.55,13609.45,9.394771,2.326627,1.487669,3.776
02/05/2023 10:26,11.5,447.13,122.21,38765.8,13620.25,9.558542,1.475411,1.023324,3.772
02/05/2023 10:56,11.5,439.76,121.3,38265.2,13553,9.580608,0.467287,2.19669,3.772
02/05/2023 11:26,11.44,446.03,122.3,38673.4,13640,9.371724,0.470229,3.43527,3.772
02/05/2023 11:56,11.44,439.2,122.46,38183.5,13651.55,9.500682,0.992433,2.676725,3.772
02/05/2023 12:26,11.44,445.61,123.55,38600.4,13664.65,9.164314,1.40088,3.275912,3.772
02/05/2023 12:56,11.5,445.67,124.61,38525.85,13746.25,9.368783,0.385892,2.204535,3.772
02/05/2023 13:26,11.5,447.94,123.95,38692.35,13669.4,9.431056,0.982626,1.111584,3.776
02/05/2023 13:56,11.5,439.24,125.84,37846.6,13694.35,10.062113,-0.022065,1.212592,3.772
02/05/2023 14:26,11.62,451.51,127.56,38705.15,13733.05,9.738493,-0.303025,1.035582,3.768
02/05/2023 14:56,11.69,445.79,126.75,38300.25,13713.45,10.053778,-0.390305,0.124054,3.77
02/05/2023 15:26,11.69,453.8,125.69,38935,13661.6,9.745359,-0.127977,1.138062,3.77
02/05/2023 15:56,11.75,451.42,124.54,38771.35,13737.7,9.791941,-0.967426,1.307717,3.768
02/05/2023 16:26,11.75,446.37,125.77,38560.05,13609.75,9.687499,0.891425,-0.623213,3.768
02/05/2023 16:56,11.75,445.57,125.4,38436.85,13660,9.320729,1.816682,1.982414,3.77
02/05/2023 17:26,11.75,445.98,123.37,38571.25,13608.2,9.507057,1.163069,1.865715,3.768
02/05/2023 17:56,11.69,448.21,122.9,38761.85,13689.55,9.404577,-0.370691,2.955724,3.768
02/05/2023 18:26,11.69,449.99,121.85,38925.45,13599,9.651706,-2.053512,1.020872,3.766
02/05/2023 18:56,11.69,442.85,122.17,38453.15,13633.55,9.637977,-2.670351,0.894367,3.768
02/05/2023 19:26,11.69,435.31,120.51,37887.1,13515.95,9.339363,-2.420772,1.039995,3.768
02/05/2023 19:56,11.75,438.24,121.74,38058.55,13649.15,9.345737,-2.147166,0.806107,3.768
02/05/2023 20:26,11.75,438.62,121.71,38118.4,13627.75,9.96895,-0.137293,0.703137,3.768
02/05/2023 20:56,11.75,439.7,121.73,38250.1,13634.3,9.818911,-1.597013,0.228495,3.768
02/05/2023 21:26,11.69,434.82,122.42,37791.4,13703.4,9.821849,-0.671265,0.701175,3.768
02/05/2023 21:56,11.69,433.73,121.68,37835.6,13637.2,9.160391,-3.500974,-0.897799,3.766
02/05/2023 22:26,11.62,436.27,121.45,37960.05,13604.15,9.325143,-2.849813,-1.686254,3.768
02/05/2023 22:57,11.62,436.97,121.57,38048.65,13631.45,8.542573,2.960628,3.972674,3.768
02/05/2023 23:27,11.62,442.53,122.11,38438.1,13677.6,8.225328,2.680648,4.718959,3.766
02/05/2023 23:57,11.56,441.52,121.72,38449.75,13633.5,9.351622,2.810585,0.422667,3.768
03/05/2023 00:27,11.56,443.96,122.19,38658.25,13698.35,9.618361,2.070183,0.526127,3.766
03/05/2023 00:57,11.56,435.26,121.25,37939.3,13585.4,9.638956,1.803443,-0.536914,3.766
03/05/2023 01:27,11.56,439.4,121.59,38238.1,13621.95,10.002293,0.644787,-0.405015,3.768
03/05/2023 01:57,11.5,439.92,121.26,38236.65,13599.6,9.685049,-0.553585,-1.34155,3.766
03/05/2023 02:27,11.5,443.24,121.46,38500.45,13603.3,9.862059,-0.426589,-0.066195,3.766
03/05/2023 02:57,11.5,435.4,121.3,37910.7,13602.65,9.452631,-1.490611,-1.195921,3.762
03/05/2023 03:27,11.5,437.53,121.48,38052.3,13620.5,9.763502,-0.568786,-0.005394,3.768
03/05/2023 03:57,11.5,436.65,120.64,37999.15,13533.4,9.883143,0.30989,1.495024,3.764
03/05/2023 04:27,11.5,437.51,121.5,38122.75,13621.9,9.85029,-0.437377,-0.503081,3.764
03/05/2023 04:57,11.5,433.07,121.29,37763.05,13586.5,9.728197,-0.171126,-1.54847,3.766
03/05/2023 05:27,11.5,428.05,121.81,37394.5,13654.25,9.542852,-1.116487,-1.869638,3.764
03/05/2023 05:57,11.5,433.96,121.74,37737.15,13635.25,9.554618,-2.311918,-0.519753,3.762
03/05/2023 06:27,11.5,435.59,121.24,37966.2,13546.4,9.429092,-2.15207,-2.275633,3.76
03/05/2023 06:57,11.5,434.79,122.22,37851.2,13655.4,9.622776,-2.289853,-1.760784,3.76
03/05/2023 07:27,11.5,435.51,120.8,37904.85,13472.25,9.405558,-1.303794,-1.691157,3.762
03/05/2023 07:57,11.5,439.07,122.17,38138.55,13619.85,9.708582,-2.039293,-0.709511,3.76
03/05/2023 08:27,11.5,430.73,122.33,37494.85,13591.25,9.55658,-1.865715,-0.883089,3.762
03/05/2023 08:57,11.5,440.63,122.8,38248.95,13634.8,9.558542,-1.200824,0.270173,3.76
03/05/2023 09:27,11.5,431.32,122.68,37503.75,13614.25,9.433505,0.355001,-1.095893,3.758
03/05/2023 09:57,11.5,436.08,122.52,37911.1,13567.9,9.983661,0.222121,-0.498668,3.766
03/05/2023 10:27,11.5,440.3,122.29,38256.8,13496.4,9.496269,2.187864,-0.578592,3.76
03/05/2023 10:57,11.5,441.56,122.43,38306,13504.35,9.427624,2.037332,0.662929,3.76
03/05/2023 11:27,11.5,424.63,122.91,36805.65,13547.8,8.843145,1.786281,4.235982,3.76
03/05/2023 11:57,11.56,442.54,122.66,38171.5,13530.9,8.151777,1.458249,5.411801,3.758
03/05/2023 12:27,11.56,438.63,122.76,37924.3,13513.45,8.401358,2.341828,4.20313,3.758
03/05/2023 12:58,11.56,441,123.43,38167.5,13532.65,8.770087,2.649757,2.738507,3.76
03/05/2023 13:28,11.62,440.15,123.13,38145.5,13575.2,9.981211,-0.41237,1.296439,3.758
03/05/2023 13:58,11.69,441.5,123.46,38084,13527.95,9.439881,1.524934,1.74068,3.758
03/05/2023 14:28,11.75,441.05,124.72,38038.95,13558,9.425661,1.743132,2.209438,3.758
03/05/2023 14:58,11.75,446.53,123.93,38407.7,13442.05,9.266303,1.941717,1.898568,3.758
03/05/2023 15:28,11.81,444.1,123.83,38178.95,13536.4,9.859606,0.269193,1.276826,3.758
03/05/2023 15:58,11.88,446.32,123.22,38368.45,13521.5,9.631111,0.791887,0.79679,3.758
03/05/2023 16:28,11.88,441.63,122.29,38056.5,13490.95,9.766443,-1.081673,0.104441,3.756
03/05/2023 16:58,11.94,429.85,122.77,36914.8,13521.5,9.798315,-0.845333,1.15032,3.756
03/05/2023 17:28,11.88,446.11,123.44,38607.55,13578.05,9.721823,1.073828,-0.768841,3.758
03/05/2023 17:58,11.88,438.93,121.87,38011.5,13444.7,9.408991,1.203276,1.849534,3.756
03/05/2023 18:28,11.88,442.16,121.69,38193.85,13460.1,9.033396,-0.433944,4.219311,3.758
03/05/2023 18:58,11.88,427.9,120.82,37190.3,13446.7,8.322905,-0.421686,5.116619,3.758
03/05/2023 19:28,11.81,436.06,119.97,37882.2,13433.75,8.955924,-1.549451,3.711817,3.756
03/05/2023 19:58,11.81,438.4,119.6,38028.6,13387.15,9.43645,-2.333983,2.015267,3.756
03/05/2023 20:28,11.81,435.94,119.41,37935.05,13392.9,9.43596,-2.842458,1.186604,3.754
03/05/2023 20:58,11.75,436.97,119.61,38040.1,13393.5,9.555598,-0.893876,0.07355,3.752
03/05/2023 21:28,11.75,437.06,118.61,37999.75,13268.3,9.737514,-1.115016,1.334195,3.75
03/05/2023 21:58,11.75,438.74,119.31,38138.65,13350.1,9.890989,-0.760015,1.476391,3.752
03/05/2023 22:28,11.69,429.02,119.92,37401.6,13382.8,9.282976,-1.924064,-2.548258,3.758
03/05/2023 22:58,11.62,438.33,119.45,38190.5,13374.85,8.53718,3.422521,-1.472468,3.754
03/05/2023 23:28,11.62,434.47,119.39,37892,13383.3,8.666136,4.291881,0.9738,3.758
03/05/2023 23:58,11.56,436.4,119.9,37979.5,13423.9,8.509231,2.766456,4.196266,3.748
04/05/2023 00:28,11.56,423.81,118.4,36903.8,13251.95,8.616123,3.523039,2.873349,3.752
04/05/2023 00:58,11.56,437.5,118.35,38153.85,13270.9,8.956903,3.840775,0.983117,3.75
04/05/2023 01:28,11.56,428.04,118.23,37392.05,13243,8.795586,4.054559,-1.522483,3.75
04/05/2023 01:58,11.56,423.45,118.01,37038.4,13222.4,9.52569,1.859831,-1.539644,3.75
04/05/2023 02:28,11.56,435.79,117.11,37966.25,13139.75,9.207465,2.259452,-2.342319,3.75
04/05/2023 02:59,11.56,431.55,118.07,37613.1,13191.15,9.749772,0.538875,-1.672034,3.748
04/05/2023 03:29,11.56,432.84,116.69,37698.75,13078.05,9.727217,0.183384,-1.290065,3.748
04/05/2023 03:59,11.56,436.82,116.77,38006.05,13081.85,9.904718,-1.036072,0.684504,3.746
04/05/2023 04:29,11.56,431.27,116.2,37606.35,13012.35,9.632092,-0.370691,1.759313,3.744
04/05/2023 04:59,11.5,419.18,117.06,36673.45,13136.45,9.738004,0.00049,-0.178971,3.746
04/05/2023 05:29,11.56,432.16,116.71,37716.9,13093.55,9.661021,1.661737,0.979194,3.746
04/05/2023 05:59,11.5,434.14,117.4,37842.15,13148,9.374667,1.022834,-2.865994,3.746
04/05/2023 06:29,11.5,432.66,116.28,37750.25,12996.45,9.477636,1.169443,-2.455095,3.75
04/05/2023 06:59,11.56,428.13,118.51,37319.05,13173.5,9.078997,1.580832,-2.828728,3.742
04/05/2023 07:29,11.56,432.51,118.84,37645.5,13241.65,9.154017,0.879656,-3.27346,3.742
04/05/2023 07:59,11.56,436.82,119.26,37997.95,13263.4,8.990737,1.657324,-2.809115,3.742
04/05/2023 08:29,11.56,424.21,119.12,36867.9,13210.5,9.373687,0.679601,-2.710558,3.742
04/05/2023 08:59,11.62,431.39,116.83,37550.45,13036.05,9.991998,-2.459998,0.488862,3.74
04/05/2023 09:29,11.62,434.13,116.61,37820.1,13004.75,9.459005,-0.07404,-1.243483,3.746
04/05/2023 09:59,11.56,435.05,115.63,37903.2,12926.3,9.641409,-1.387641,0.605561,3.742
04/05/2023 10:29,11.5,431.16,118.55,37541.2,13178.3,9.643371,1.270452,-0.682052,3.746
04/05/2023 10:59,11.5,432.33,119.79,37640,13246.95,9.214819,3.093998,-1.26849,3.742
04/05/2023 11:29,11.5,432.02,120.37,37585.6,13282.9,9.117734,3.53873,1.583283,3.74
04/05/2023 11:59,11.5,436.37,119.96,37904.3,13325,8.350363,3.753986,3.67112,3.738
04/05/2023 12:29,11.56,431.11,119.18,37528.55,13295.2,9.238355,2.792934,2.426165,3.74
04/05/2023 12:59,11.56,432.22,119.73,37570.5,13318.6,8.028706,3.324945,4.771916,3.74
04/05/2023 13:29,11.56,433.14,120.18,37619.75,13307.2,8.996131,2.739979,-0.255463,3.74
04/05/2023 13:59,11.56,434.71,120.08,37740.75,13316.1,9.713979,1.928968,-0.797281,3.738
04/05/2023 14:29,11.62,431.58,121.59,37405.05,13380.5,8.753416,4.020236,0.012258,3.74
04/05/2023 14:59,11.62,433.83,119.87,37610.55,13265.4,9.99788,0.507494,0.446203,3.736
04/05/2023 15:29,11.69,433.14,120.39,37593,13310.85,9.961103,0.689408,0.326561,3.736
04/05/2023 15:59,11.69,432.01,121.4,37143.7,13289.15,9.830187,-0.519262,0.509456,3.736
04/05/2023 16:29,11.69,439.38,121.05,37842.45,13336.85,9.803709,-0.511417,0.981155,3.736
04/05/2023 16:59,11.75,444.87,121.59,38242.5,13413,9.768892,0.313322,0.163771,3.734
04/05/2023 17:30,11.75,427.98,119.42,37291.8,13327.45,9.74585,-0.791887,1.511695,3.736
04/05/2023 18:00,11.75,428.71,119.14,37349.1,13309.25,9.706133,1.09148,-0.553585,3.734
04/05/2023 18:30,11.69,429.2,120.19,37256.35,13349.25,9.414873,2.436462,1.387641,3.734
04/05/2023 19:00,11.69,430.12,120.12,37424,13396.35,9.552657,-0.168674,3.208736,3.734
04/05/2023 19:30,11.69,430.13,118.67,37430.2,13282.05,9.204521,-0.819346,3.516174,3.734
04/05/2023 20:00,11.69,432.14,116.22,37602.85,13014.9,9.469792,-1.518069,1.932891,3.734
04/05/2023 20:30,11.69,432.43,118.54,37674.7,13273.75,9.388886,-2.060377,1.286142,3.734
04/05/2023 21:00,11.69,426.95,117.28,37245.05,13153.4,9.659551,-1.822566,1.637711,3.734
04/05/2023 21:30,11.69,428.22,119.47,37317.5,13362.35,9.173632,-1.706357,2.796366,3.734
04/05/2023 22:00,11.69,433.76,119.78,37722.9,13398.75,9.949338,-0.880147,0.336368,3.734
04/05/2023 22:30,11.69,423.26,120.02,36920.35,13431.85,9.416835,-2.174625,1.734306,3.734
04/05/2023 23:00,11.69,428.45,119.84,37325,13402.45,9.554619,-1.628394,1.603877,3.732
04/05/2023 23:30,11.69,423.53,119.91,36949,13427.5,9.15598,-2.878742,2.125101,3.732
05/05/2023 00:00,11.62,423.5,119.68,36964,13398.5,9.536477,-1.859831,2.002028,3.734
05/05/2023 00:30,11.62,428.59,119.71,37319.15,13423.25,8.845599,-2.733114,2.994951,3.732
05/05/2023 01:00,11.62,419.15,118.7,36589.3,13299.25,9.414384,-1.584755,2.564439,3.732
05/05/2023 01:30,11.62,421.95,119.99,36821.05,13412.45,9.881672,-0.44228,1.755881,3.732
05/05/2023 02:00,11.62,427.8,120.31,37271.6,13483.4,9.491858,-1.832863,1.915239,3.732
05/05/2023 02:30,11.62,427.13,119.93,37227.15,13441.25,9.57178,-1.796578,1.751958,3.732
05/05/2023 03:00,11.62,427.18,119.48,37209.9,13382.85,9.485971,-2.168741,0.984588,3.732
05/05/2023 03:30,11.69,425.26,121.24,37062.7,13552.6,9.485482,-2.431559,1.051763,3.732
05/05/2023 04:00,11.69,427.54,119.99,37204.65,13416.75,9.889027,-0.639394,-0.496707,3.732
05/05/2023 04:30,11.69,433.57,120.79,37655.2,13513.6,9.795373,-1.302813,-0.097576,3.728
05/05/2023 05:00,11.69,422.58,120.07,36892.05,13412,9.842443,0.19123,0.11817,3.732
05/05/2023 05:30,11.69,426.43,120.22,37103.95,13441.75,9.658569,-0.986058,0.756093,3.728
05/05/2023 06:00,11.69,429.73,121.36,37309.95,13529.05,9.550698,-0.187307,2.942485,3.728
05/05/2023 06:30,11.69,428.58,120.04,37221.7,13374.05,10.001313,0.123073,1.381267,3.726
05/05/2023 07:00,11.69,424.22,121.04,36901.4,13515.55,9.205993,-1.633298,3.212168,3.73
05/05/2023 07:31,11.69,426.33,121.55,37096.4,13523.7,9.191282,-0.744325,3.521568,3.724
05/05/2023 08:01,11.75,419.68,120.86,36474,13466.9,9.032415,-0.672736,4.146742,3.724
05/05/2023 08:31,11.69,422.17,121.57,36701.75,13506.85,8.241018,-2.495302,4.869983,3.724
05/05/2023 09:01,11.69,431.53,120.27,37430.05,13371.75,9.082919,-0.099047,4.143801,3.728
05/05/2023 09:31,11.69,424.6,121.85,36895.5,13508.05,9.495779,-0.241244,2.774301,3.724
05/05/2023 10:01,11.69,426.39,121.24,37046.95,13463.8,9.198637,-1.657324,2.366344,3.728
05/05/2023 10:31,11.69,425.31,119.23,36929.9,13263.7,9.358977,-0.834546,1.894155,3.724
05/05/2023 11:01,11.69,413.72,119.38,35994.25,13269.3,9.612969,-1.749506,1.011066,3.722
05/05/2023 11:31,11.69,426.53,120.01,36935.75,13268.1,9.748791,-1.937304,1.057647,3.722
05/05/2023 12:01,11.69,415.89,117.49,36178.25,13056.4,9.306511,-3.119496,2.199141,3.722
05/05/2023 12:31,11.69,423.47,119.47,36585.6,13184.8,8.731841,-3.227369,3.104786,3.72
05/05/2023 13:01,11.69,428.62,119.26,36968.15,13177.2,8.529825,-3.079778,4.160471,3.72
05/05/2023 13:31,11.75,421.9,119.78,36427.7,13207.2,9.319259,-2.5512,2.118727,3.72
05/05/2023 14:01,11.81,424.69,119.57,36651.85,13178.75,8.975047,-3.556872,2.362422,3.72
05/05/2023 14:31,11.81,422.41,119.84,36411.7,13006.25,10.114578,-1.280258,1.311149,3.716
05/05/2023 15:01,11.88,428.09,119.85,36850.1,13023.25,9.31779,-1.740681,1.173366,3.718
05/05/2023 15:31,11.94,423.64,120.4,36471.6,13008.95,9.691913,-0.608993,1.953975,3.724
05/05/2023 16:01,11.94,428.19,120.34,36833.5,13032.25,9.581098,-2.603666,0.838959,3.718
05/05/2023 16:31,12.12,420.43,121.51,36317.35,13196.65,9.724765,-1.659775,0.534953,3.716
05/05/2023 17:01,12.12,422.66,119.74,36576.2,13204.75,9.687009,0.844843,0.247618,3.72
05/05/2023 17:31,12.12,428.98,124.02,36927,13060.9,9.832637,-0.301555,-0.154455,3.716
05/05/2023 18:01,12.12,419.13,123.9,36108.5,13277.95,9.813025,0.762467,0.351078,3.716
05/05/2023 18:31,12.12,417.35,121.4,35968.8,13391.45,9.636505,-0.806597,2.004479,3.716
05/05/2023 19:01,12.12,423.58,119.44,36663.75,13257.15,9.469791,0.464345,3.08223,3.72
05/05/2023 19:31,12.12,417.25,118.97,36244,13277.7,9.060363,-1.509734,4.080057,3.716
05/05/2023 20:01,12,418.05,117.47,36321.4,13119.1,8.573955,-2.665938,4.094767,3.716
05/05/2023 20:31,12.06,408.42,116.99,35656.8,13073.35,9.136366,-1.68135,3.46616,3.716
05/05/2023 21:01,12.06,418.15,115.15,36335.45,12869.4,8.871096,-3.198439,3.163625,3.714
05/05/2023 21:32,12.06,412.29,116.93,35890.55,13078.05,9.208935,-0.210843,3.62797,3.72
05/05/2023 22:02,12,420.24,119.13,36547.15,13321.5,9.707114,-1.063531,0.584967,3.71
05/05/2023 22:32,11.94,415.09,116.82,36152.2,13062.55,9.632584,-1.422945,1.160617,3.716
05/05/2023 23:02,11.94,416.43,117.53,36205.75,13151.2,9.782623,-1.228773,1.024305,3.718
05/05/2023 23:32,11.94,414.35,116.58,36091.2,13036,9.081448,-2.054493,2.119707,3.712
06/05/2023 00:02,11.88,409.29,112.71,35688.4,12561.45,9.500683,-2.051061,2.122649,3.716
06/05/2023 00:32,11.88,415.03,112.99,36143.3,12607.35,9.342794,-1.668601,3.060166,3.71
06/05/2023 01:02,11.88,410.2,112.38,35698.15,12534,9.342305,-1.118448,3.147444,3.712
06/05/2023 01:32,11.88,402.75,112,35144.2,12503.55,9.119204,-2.082932,3.174902,3.71
06/05/2023 02:02,11.88,410.51,112.31,35742.6,12548.45,9.63013,-0.475623,1.824527,3.712
06/05/2023 02:32,11.88,410.57,110.46,35747.55,12366.95,9.61395,-1.803933,1.596523,3.712
06/05/2023 03:02,11.88,414.01,110.74,36021.6,12376,9.418306,-2.705655,1.677428,3.71
06/05/2023 03:32,11.88,398.86,114.03,34792,12725.15,9.14274,-3.459786,2.409494,3.708
06/05/2023 04:02,11.88,405.34,113.51,35300.95,12672,9.665436,-2.05008,1.289574,3.712
06/05/2023 04:32,11.94,405.33,113.73,35293.1,12687,9.797334,-0.544269,0.832585,3.71
06/05/2023 05:02,11.94,396.93,116.95,34618.35,13043.8,9.749283,-1.154733,-0.32509,3.708
06/05/2023 05:32,11.94,408.09,119.43,35496.95,13278.8,9.852742,0.305967,-0.176029,3.71
06/05/2023 06:02,12,406.48,120.09,35338.7,13306.75,9.839994,0.503572,-0.832585,3.708
06/05/2023 06:32,12,410.68,118.93,35599.75,13163.8,9.461945,1.066964,2.650247,3.71
06/05/2023 07:02,12,416.95,120.19,36212.95,13338.8,9.497742,-1.698512,-2.023112,3.708
06/05/2023 07:32,12,420.02,116.96,36431.75,13002.15,9.069189,-2.864033,-2.464411,3.712
06/05/2023 08:02,12.06,420.2,119.84,36392.15,13232.55,8.491579,-4.033475,-3.138619,3.708
06/05/2023 08:32,12.06,419.92,119.08,36369,13179.25,9.126559,-3.068991,-1.326349,3.712
06/05/2023 09:02,12.06,417.3,119.07,36235.3,13236.75,8.783816,-3.127831,-3.121947,3.708
06/05/2023 09:32,12,420.36,119.55,36514.4,13267.05,8.884333,-2.907181,-3.231782,3.708
06/05/2023 10:02,12,418.14,119.34,36242.6,13266,9.600711,-1.373911,-0.778648,3.708
06/05/2023 10:32,11.94,414.4,119.42,35997.85,13271.45,9.52422,-0.406486,-0.245166,3.708
06/05/2023 11:02,11.94,414.19,117.93,36018.65,13126.45,9.837542,-0.35353,-0.924767,3.708
06/05/2023 11:32,11.94,422.89,116.02,36697.55,12928.6,9.55805,0.51632,-2.234445,3.708
06/05/2023 12:03,11.88,419.72,118.64,36417.5,13247.85,9.630621,-0.629587,-1.824527,3.708
06/05/2023 12:33,11.88,426.5,119.05,36973.8,13273.3,8.894142,0.282922,-4.045243,3.708
06/05/2023 13:03,11.88,426.07,119.33,36976.6,13307.85,9.369763,0.273115,-3.025842,3.706
06/05/2023 13:33,11.81,426.35,117.63,37066.75,13143.55,7.885036,-5.316675,2.976319,3.708
06/05/2023 14:03,11.81,426.45,117.08,37027.45,13068.25,7.246624,0.215256,6.632729,3.708
06/05/2023 14:33,11.81,430.24,114.91,37301.2,12817.5,7.619278,-1.28271,6.316463,3.708
06/05/2023 15:03,11.81,428.23,117.35,37199.55,13075,9.413404,0.430022,2.948369,3.708
06/05/2023 15:33,11.81,425.47,116.95,36926.65,13071.65,8.970143,-1.156694,4.133503,3.708
06/05/2023 16:03,11.81,433.74,118.37,37509.95,13073.05,9.467829,1.472468,2.145695,3.708
06/05/2023 16:33,11.88,431.99,117.85,37305.85,13016.75,9.04026,0.70755,4.099669,3.708
06/05/2023 17:03,11.94,428.54,118.15,37070.15,13055.25,9.634542,1.028227,1.066963,3.708
06/05/2023 17:33,11.94,431.5,117.65,37320.75,13038.4,9.74634,0.47121,0.60507,3.708
06/05/2023 18:03,12,426.32,117.37,36969.1,13015.7,9.73506,-2.116275,1.344001,3.708
06/05/2023 18:33,12.06,431.81,117.33,37391.5,13028.95,9.754184,-0.653613,-0.090712,3.708
06/05/2023 19:03,12.06,428.26,116.74,37175.7,12960.25,9.398203,2.332512,1.752448,3.708
06/05/2023 19:33,12.06,428.87,117.01,37143.3,13027.35,8.660253,2.644363,3.868723,3.708
06/05/2023 20:03,12.06,427.03,116.88,37069.45,13076.4,7.582011,-0.92918,6.402271,3.708
06/05/2023 20:33,12,430.16,116.24,37321.25,13021.6,6.934773,-2.604646,6.832784,3.706
06/05/2023 21:03,12,421.02,116.97,36650.25,13077.5,8.032138,-1.404803,5.701097,3.706
06/05/2023 21:33,12,427.76,117.25,37100.65,13104.25,6.836707,-3.381823,6.598895,3.708
06/05/2023 22:03,12,430.8,115.71,37369.55,12953.65,8.778913,1.402841,4.369843,3.706
06/05/2023 22:33,12,429.48,116.3,37303.4,13018.35,9.337402,-0.028439,3.512742,3.706
06/05/2023 23:03,11.88,423.81,116.26,36909.5,13001.65,9.674259,1.130707,1.277807,3.704
06/05/2023 23:33,11.88,417.74,116.37,36411.75,12988.75,9.635035,1.258193,1.29742,3.706
07/05/2023 00:03,11.88,428.48,116.01,37211.2,12975.5,8.688693,1.38666,4.535575,3.706
07/05/2023 00:33,11.88,425.64,116.26,37023.05,12985.15,7.762454,-1.797559,6.089931,3.706
07/05/2023 01:03,11.81,426.91,116.73,37101.2,13042.65,7.863462,-2.033899,5.823189,3.702
07/05/2023 01:33,11.81,426.7,116.2,37091.55,12960.9,8.880902,-0.423157,4.387495,3.706
07/05/2023 02:04,11.81,419.66,115.59,36460.1,12888.6,6.799441,-2.025563,7.22309,3.706
07/05/2023 02:34,11.75,422.8,115.08,36750.1,12842.6,8.179236,-1.123842,5.497118,3.704
07/05/2023 03:04,11.75,424.58,115.02,36859.95,12849.55,9.215799,0.773254,3.208246,3.706
07/05/2023 03:34,11.75,418.57,115.24,36362.95,12862.45,8.538649,-1.624472,4.859686,3.704
07/05/2023 04:04,11.75,413.19,114.96,36010.25,12838.55,9.330047,0.143177,3.264144,3.704
07/05/2023 04:34,11.81,403.05,116.82,35126,13009.75,9.15745,1.364105,3.448999,3.704
07/05/2023 05:04,11.88,412.67,115.35,35916.5,12848.95,9.579136,0.532992,2.444308,3.702
07/05/2023 05:34,11.88,418.04,115.36,36295,12861.55,9.827245,0.343723,1.110603,3.704
07/05/2023 06:04,11.94,404.45,114.96,35300.4,12811,9.776739,-0.048053,1.00273,3.702
07/05/2023 06:34,11.94,405.99,117.21,35379.95,12989.65,9.705151,-0.285864,1.737738,3.702
07/05/2023 07:04,11.94,377.78,117.75,32982.1,13030.25,9.52618,1.648007,2.027035,3.702
07/05/2023 07:34,12,399.92,115.67,34759.25,12839.85,8.126281,-0.129448,5.798672,3.704
07/05/2023 08:04,12,406.68,115.87,35235.9,12841.6,8.306233,-1.675956,5.218118,3.702
07/05/2023 08:34,12,406.34,116.1,35179.75,12862.1,7.603586,-2.517857,5.937926,3.702
07/05/2023 09:04,12,416.16,115.34,35991.65,12781.95,8.535218,-0.727654,5.037676,3.702
07/05/2023 09:34,12,409.96,113.58,35408.65,12550.75,7.256431,-2.599252,6.428259,3.702
07/05/2023 10:04,11.94,407.53,114.64,35378.05,12680.65,8.831869,-0.616838,4.496839,3.702
07/05/2023 10:34,11.94,409.21,114.2,35491.8,12654,8.410673,-0.681562,5.244106,3.7
07/05/2023 11:04,11.88,411.49,114.48,35782.75,12647.15,9.539907,0.753151,2.353596,3.702
07/05/2023 11:34,11.88,409.4,114.47,35567.25,12703.5,9.521769,-0.17652,2.405571,3.7
07/05/2023 12:04,11.88,416.45,110.25,36158,12181,9.575214,-0.009316,2.409494,3.698
07/05/2023 12:34,11.88,420.39,110.79,36436.3,12257.5,8.638678,0.102479,4.782213,3.7
07/05/2023 13:04,11.88,412.2,110.31,35755.5,12184.3,9.33544,0.872302,3.058694,3.698
07/05/2023 13:34,11.88,422.22,110.72,36543,12230.4,8.060576,-2.64044,5.305889,3.698
07/05/2023 14:04,11.88,422.6,110.55,36516.95,12230.95,7.422163,-4.326694,5.169085,3.698
07/05/2023 14:34,11.81,423.85,109.73,36664.8,12123.05,7.046078,-4.915584,5.225474,3.698
07/05/2023 15:04,11.81,422.93,109.66,36462.45,12096.3,7.663898,-3.8192,5.134273,3.698
07/05/2023 15:34,11.81,423.82,110.96,36402.5,12109.9,8.944645,-2.292795,3.796154,3.704
07/05/2023 16:05,11.94,420.23,111.06,36238.95,12168.55,9.667395,-1.18023,2.158934,3.698
07/05/2023 16:35,12,418.6,110.79,36157.8,12215.8,9.173631,-0.605561,3.850581,3.7
07/05/2023 17:05,12,406.08,110.66,35162.6,12129.85,9.41046,0.569766,2.195709,3.698
07/05/2023 17:35,12,418.41,111.37,36149.65,12270.25,9.771837,0.919864,0.67813,3.696
07/05/2023 18:05,12.06,419.12,109.86,36226.55,12113.85,9.913543,-0.492294,0.847785,3.698
07/05/2023 18:35,12.06,423.45,110.45,36547.95,12183.95,9.789978,-0.187797,1.189546,3.698
07/05/2023 19:05,12.06,420.66,111.56,36459.05,12307,9.915014,-0.146609,0.966445,3.696
07/05/2023 19:35,12.06,420.91,111.29,36547.6,12280.6,9.03879,-0.605561,3.085662,3.696
07/05/2023 20:05,12.06,413.1,109.02,35968.25,12047.85,8.974066,-1.675956,3.953552,3.696
07/05/2023 20:35,12.06,422.16,107.37,36667.75,11901.95,7.745783,-3.39163,5.214196,3.698
07/05/2023 21:05,12.06,420.41,106.75,36431.4,11855.6,7.006362,-2.947389,6.601347,3.702
07/05/2023 21:35,12.12,423.6,107.27,36760.4,11871.55,8.550909,-1.606329,4.818498,3.7
07/05/2023 22:05,12.06,420.29,108.41,36473.75,12022.8,6.572907,-4.974914,5.742284,3.7
07/05/2023 22:35,12.06,421.41,107.09,36548.05,11857.7,8.264554,-2.785089,4.960204,3.7
07/05/2023 23:05,12,424.89,106.84,36822.5,11824.75,9.374667,-0.757073,3.209716,3.696
07/05/2023 23:35,12,424.83,107.39,36845.85,11916.9,9.384964,-1.540134,2.867465,3.7
08/05/2023 00:05,12,419.17,106.29,36383.75,11770.6,9.57178,-1.831392,1.65095,3.698
08/05/2023 00:35,12,425.69,108.59,36974.3,12004.4,8.943665,-2.692416,3.351423,3.696
08/05/2023 01:05,11.94,430.4,103.25,37242.5,11427.25,8.357717,-3.653958,3.993758,3.698
08/05/2023 01:35,11.94,422.34,104.6,36583.7,11561.6,6.294399,-5.562821,5.483389,3.694
08/05/2023 02:05,11.94,416.24,106.74,36127.5,11819.65,6.882798,-5.364728,4.752302,3.696
08/05/2023 02:35,11.88,416.11,107.24,36068.35,11859.15,6.779338,-5.925178,4.415444,3.698
08/05/2023 03:05,11.88,415.44,107.27,36101.25,11847.25,6.767569,-4.749851,5.655494,3.696
08/05/2023 03:35,11.88,423.96,102.23,36746.9,11337.3,8.589645,-2.514915,4.347288,3.694
08/05/2023 04:05,11.88,424.3,99.79,36751.2,11065.05,9.5556,-0.481507,2.808134,3.694
08/05/2023 04:35,11.88,421.72,101.76,36653.9,11260,9.355543,-1.470507,2.775773,3.692
08/05/2023 05:05,11.88,426.63,101.37,36931.6,11209.8,8.98142,-2.371738,3.561285,3.694
08/05/2023 05:35,11.94,421.06,105.69,36461.5,11663.05,9.266304,-0.371182,2.950331,3.694
08/05/2023 06:05,11.94,423.04,114.28,36646.05,12667.5,9.39477,-1.144926,3.079778,3.698
08/05/2023 06:36,12,426.97,116.74,36983.7,12956.95,9.8498,-0.468268,0.499649,3.692
08/05/2023 07:06,12,429.43,118.37,37020.5,13055.2,9.819399,-0.72324,0.525146,3.694
08/05/2023 07:36,12.06,425.87,118.92,36665.75,13049.7,9.695833,-0.323129,1.639672,3.692
08/05/2023 08:06,12.12,417.47,118.04,35853,12894.55,9.559523,-1.448933,2.488928,3.698
08/05/2023 08:36,12.12,399.34,117.41,34246.75,12943.9,7.540335,-4.724354,4.566957,3.698
08/05/2023 09:06,12.19,394.59,116.94,33900.15,12844.75,8.137068,-4.041811,3.991797,3.69
08/05/2023 09:36,12.19,393.04,115.82,33855,12776.15,7.526114,-4.720922,4.551267,3.694
08/05/2023 10:06,12.19,386.52,115.67,33392.75,12756.95,6.958799,-5.740323,4.509098,3.698
08/05/2023 10:36,12.19,392.64,115.86,33908.45,12779.05,7.685473,-4.280603,4.683656,3.692
08/05/2023 11:06,12.12,391.5,115.37,33881.65,12722.2,9.035357,-2.835102,2.81647,3.69
08/05/2023 11:36,12.06,392.88,115.24,34146.85,12723.25,9.578646,-1.155714,2.568362,3.694
08/05/2023 12:06,12.06,393.85,113.74,34122.75,12590.25,9.596788,-1.597503,1.992221,3.692
08/05/2023 12:36,12,394.56,113.79,34140.35,12557.5,9.395753,-1.346453,2.583562,3.692
08/05/2023 13:06,12,401.22,115.44,34753.5,12746.9,9.755165,-0.426099,1.719106,3.692
08/05/2023 13:36,12,402.97,114.74,34918.05,12692.65,8.845598,0.238792,4.475755,3.69
08/05/2023 14:06,12,400.85,114.4,34766.2,12657.55,8.158643,-3.351423,4.761129,3.692
08/05/2023 14:36,12,393.93,114.76,34249.2,12719.85,7.438834,-4.05407,5.161731,3.692
08/05/2023 15:06,12,388.62,114.11,33816.55,12681.9,7.144635,-4.251673,5.592732,3.692
08/05/2023 15:36,12,406.56,114.17,35260.6,12665.65,8.497952,-2.136379,4.683166,3.692
08/05/2023 16:06,11.94,406.46,114.72,35247,12688.45,9.319259,-0.103951,3.282286,3.692
08/05/2023 16:36,11.94,394.03,114.48,34237.05,12675.9,9.24669,-1.001749,3.423502,3.69
08/05/2023 17:06,11.94,396.12,115.21,34405.75,12754.05,9.408991,-0.211333,3.09743,3.69
08/05/2023 17:36,11.94,394.95,115,34311.55,12742.7,8.963278,-1.4303,3.9663,3.69
08/05/2023 18:06,12,375.28,114.08,32667.6,12627.5,9.445765,-1.936323,1.612213,3.69
08/05/2023 18:36,12,384.87,114.84,33456.5,12729.2,9.787528,-1.270942,0.507985,3.69
08/05/2023 19:06,12.06,391.13,114.29,33934.15,12656.1,9.789488,-0.571237,-0.78159,3.698
08/05/2023 19:36,12.12,385.05,114.47,33487.9,12698.45,9.867944,1.099816,0.182404,3.69
08/05/2023 20:06,12.12,384.4,111.78,33412.9,12389.5,9.132443,1.242012,3.645132,3.69
08/05/2023 20:37,12.12,383.15,114.44,33313.5,12712.9,9.292292,1.093441,3.116553,3.69
08/05/2023 21:07,12.12,379.51,114.97,32984.65,12774.5,8.102254,3.039081,4.640997,3.69
08/05/2023 21:37,12.12,380.11,114.53,33019.1,12745.05,6.593501,-2.438423,7.111292,3.69
08/05/2023 22:07,12.12,353.29,113.94,30927.75,12663.8,7.759512,-1.823056,5.993334,3.69
08/05/2023 22:37,12.06,384.35,114.26,33415,12711.5,7.557985,-2.059887,6.246346,3.688
08/05/2023 23:07,12.06,395.54,113.43,34351.55,12625.9,7.910535,-2.978279,5.328444,3.688
08/05/2023 23:37,12.06,387.92,114.71,33744.7,12752.85,9.148624,-1.014498,3.423992,3.688
09/05/2023 00:07,12.06,394.66,114.09,34261.65,12682.2,9.409971,-1.470507,2.751746,3.69
09/05/2023 00:37,12.06,404.67,114.59,35078.25,12745,9.368292,-2.338886,2.352616,3.69
09/05/2023 01:07,12,395.15,114.37,34245,12696.15,8.917188,-2.472747,3.466651,3.694
09/05/2023 01:37,12,402.97,114.77,34901.8,12743.25,8.77254,-1.47443,4.322281,3.692
09/05/2023 02:07,12,402.28,114.52,34860.9,12679.35,8.799507,-1.847082,4.294332,3.688
09/05/2023 02:37,12,384.83,113.73,33480.75,12610,7.760493,-1.38568,6.062961,3.688
09/05/2023 03:07,12,397.6,113.87,34488.25,12629.65,8.561695,-1.663208,4.747399,3.692
09/05/2023 03:37,11.94,404.93,114.14,35075.25,12657,8.609259,-0.187797,4.907739,3.688
09/05/2023 04:07,11.94,401.52,113.36,34765.15,12618.25,8.343007,-0.637923,5.334818,3.69
09/05/2023 04:37,11.94,399.97,113.23,34711.25,12563.2,8.218463,-1.734797,5.180854,3.688
09/05/2023 05:07,11.94,385.75,113.15,33491.8,12558.2,9.4796,0.098067,2.346731,3.686
09/05/2023 05:37,11.88,398.76,113.53,34602.75,12614.45,8.971613,-1.958388,3.915795,3.686
09/05/2023 06:07,11.88,384.64,113.08,33402.85,12523,9.473715,-1.056176,2.921401,3.69
09/05/2023 06:37,11.88,398.87,113.36,34520.15,12524.3,9.556581,-1.039015,2.369777,3.688
09/05/2023 07:07,12,357.95,111.75,31186.4,12318.5,9.68897,-1.590148,0.451596,3.688
09/05/2023 07:37,12.06,392.86,115.43,33966.35,12707.3,9.795864,0.213785,0.587418,3.686
09/05/2023 08:07,12.06,339.29,111.31,29497.3,12031.9,9.626699,1.81276,-0.142196,3.682
09/05/2023 08:37,12.12,420.69,102.62,36211.95,11117.65,9.363879,0.687446,-2.719875,3.686
09/05/2023 09:07,12.19,427.71,107.12,36710.85,11400,8.555321,-2.866974,-4.009449,3.686
09/05/2023 09:37,12.25,421.35,109.78,36158.5,11475.55,8.730861,0.622722,-4.596377,3.688
09/05/2023 10:07,12.25,423.86,109.25,36489.75,11534.05,7.944857,1.742151,-5.449066,3.684
09/05/2023 10:37,12.31,422.35,109.57,36319.7,11723.55,9.129009,0.539366,-3.180296,3.684
09/05/2023 11:08,12.31,410.12,105.15,35515.5,11413.45,7.886017,0.921825,-5.397089,3.684
09/05/2023 11:38,12.31,422.21,107.04,36494.1,11783.7,9.164804,-0.273606,-3.507349,3.688
09/05/2023 12:08,12.25,420.25,100.17,36332.8,11051.3,9.488424,-0.343723,-1.37146,3.684
09/05/2023 12:38,12.19,418.83,100.72,36212.25,11098.8,9.638956,2.293285,-0.602128,3.684
09/05/2023 13:08,12.19,418.48,100.8,36281.45,11146.55,9.40752,2.406062,-1.281239,3.684
09/05/2023 13:38,12.19,421.9,101.66,36471.55,11216.5,9.460965,2.22611,-1.458249,3.684
09/05/2023 14:08,12.12,406.75,100.75,35406.75,11192.25,8.801959,3.157251,-2.985145,3.684
09/05/2023 14:38,12.12,408.86,101.07,35604.55,11181.65,7.648206,4.230589,-3.87804,3.684
09/05/2023 15:08,12.12,404.52,102.16,35251.45,11282.85,7.794325,4.087902,-4.147722,3.684
09/05/2023 15:38,12.12,399.49,102.09,34891.85,11269.3,8.561205,4.548325,-0.906625,3.682
09/05/2023 16:08,12.12,410.81,101.76,35698.3,11225.2,8.157663,4.424271,-2.968963,3.682
09/05/2023 16:38,12.12,412.86,102.45,35804.7,11298.35,8.724976,4.314927,-0.803655,3.682
09/05/2023 17:08,12.12,411.96,101.38,35712.4,11186,9.494799,2.444798,-0.505042,3.688
09/05/2023 17:38,12.19,412.17,101.48,35770.25,11191.05,8.871096,2.943466,-2.916497,3.688
09/05/2023 18:08,12.19,410.38,101.21,35661.85,11195.35,9.241297,1.599955,-1.838256,3.69
09/05/2023 18:38,12.19,413.58,100.95,35929.95,11147.85,9.404086,1.373421,-1.48914,3.682
09/05/2023 19:08,12.19,410.98,100.06,35689.1,11047.8,9.92384,1.436674,0.990472,3.688
09/05/2023 19:38,12.19,418.32,101.07,36255,11133.6,9.292292,1.920633,0.64822,3.682
09/05/2023 20:08,12.19,416.33,100.4,36169.8,11195.25,8.574934,3.093017,3.061636,3.684
09/05/2023 20:38,12.19,413.09,100.97,35888.85,11228.2,9.039279,2.52129,2.558555,3.682
09/05/2023 21:08,12.19,397.9,103.62,34742.6,11538.35,8.684768,3.432328,3.017507,3.682
09/05/2023 21:38,12.12,408.22,107.24,35510.55,11952.2,8.076757,4.547343,3.247963,3.682
09/05/2023 22:08,12.12,413.12,108.46,35871.65,12073.4,8.138048,4.713567,2.957196,3.682
09/05/2023 22:38,12.12,407.74,106.78,35445.9,11887.75,5.931062,7.387349,2.25553,3.682
09/05/2023 23:08,12.19,403.76,107.43,35148.05,11955.55,8.549437,4.459574,1.160127,3.682
09/05/2023 23:38,12.19,408.9,108.12,35521.7,12019.8,7.97722,5.483389,0.938497,3.682
10/05/2023 00:08,12.19,413.24,110.04,35833,12249.95,8.810784,3.61277,1.82943,3.682
10/05/2023 00:38,12.19,404.24,110.07,35202.05,12244.05,9.149604,2.252588,3.364172,3.686
10/05/2023 01:09,12.19,410.1,107.45,35639.65,11948.1,9.249633,0.562412,3.328377,3.682
10/05/2023 01:39,12.19,414.04,111.48,35990.05,12392.85,8.959846,1.985847,3.504897,3.682
10/05/2023 02:09,12.12,403.82,110.47,35211.5,12280.1,8.518546,2.798328,3.863821,3.686
10/05/2023 02:39,12.12,406.41,110.87,35398.75,12299.2,8.698009,1.96084,4.23255,3.686
10/05/2023 03:09,12.12,402.82,107.64,35121.75,11961.95,8.729388,4.147232,-1.597503,3.684
10/05/2023 03:39,12.06,402.64,107.36,35097.35,11946,7.883077,5.505454,-1.60682,3.684
10/05/2023 04:09,12.06,403.77,107.02,35163.25,11904.4,9.067718,3.691223,0.313813,3.682
10/05/2023 04:39,12.06,398.59,110.46,34826.6,12285.85,8.638187,4.572841,0.887502,3.682
10/05/2023 05:09,12.06,410.04,110.34,35647.4,12293.5,9.729178,1.532779,0.534953,3.682
10/05/2023 05:39,12.06,401.91,107.11,35011.25,11905.4,9.399182,0.764428,1.898077,3.682
10/05/2023 06:09,12.06,405.54,111.4,35294.15,12326,9.353092,2.903259,0.232908,3.682
10/05/2023 06:39,12.06,410.46,112.57,35625.8,12415.5,9.046635,3.285228,1.503359,3.682
10/05/2023 07:09,12.06,399.38,105.98,34724.65,11689.95,9.721823,1.070396,0.622722,3.682
10/05/2023 07:39,12.12,405.57,112.77,35115.3,12272.25,9.433017,0.758054,1.935833,3.682
10/05/2023 08:09,12.12,414.09,106.24,35721.95,11472.25,9.628168,-1.31311,1.773042,3.682
10/05/2023 08:39,12.25,413.42,105.73,35445,11346.2,9.655627,1.043918,1.587697,3.684
10/05/2023 09:09,12.31,382.29,107.01,32976.2,11495.25,9.622285,0.452087,2.493831,3.682
10/05/2023 09:39,12.31,410.04,105.75,35039.45,11206.25,9.694365,1.875522,0.67764,3.682
10/05/2023 10:09,12.38,417,116.5,35409.1,12275.5,9.279544,2.355557,2.369777,3.682
10/05/2023 10:39,12.38,409.92,116.8,34826.45,12243.6,7.895334,4.680224,3.27346,3.682
10/05/2023 11:09,12.38,403.9,116.23,34585.65,12338.4,9.687988,1.084125,-0.003923,3.682
10/05/2023 11:39,12.38,413.05,116.4,35360.65,12380.85,8.526881,3.684359,2.653189,3.682
10/05/2023 12:09,12.44,397.87,109.92,34616.25,12123,9.426152,2.635537,0.311361,3.682
10/05/2023 12:39,12.38,409.86,110.36,35376.25,12168.5,9.057421,2.857658,2.515896,3.682
10/05/2023 13:09,12.38,410.07,110.73,35551.2,12212.9,9.533045,2.003008,1.420984,3.682
10/05/2023 13:39,12.38,408.39,111.1,35418.3,12255.25,8.555321,2.126572,4.424761,3.682
10/05/2023 14:09,12.38,410.93,110.27,35578.4,12162.85,9.038789,2.774791,2.481083,3.682
10/05/2023 14:39,12.38,405.35,109.94,35111.05,12124.65,8.872566,2.745371,3.030745,3.682
10/05/2023 15:10,12.31,405.55,108.47,35212.75,11995.7,6.844062,5.024927,5.17644,3.682
10/05/2023 15:40,12.25,408.03,109.31,35421.25,12061.15,9.424681,2.145205,1.580342,3.682
10/05/2023 16:10,12.25,408.04,109.45,35337.25,12069.95,7.188273,5.164672,4.291881,3.682
10/05/2023 16:40,12.25,402.88,109.24,34913.6,12049,8.369975,3.281305,4.005526,3.682
10/05/2023 17:10,12.31,405.35,109.2,35142.45,12044.7,8.964258,1.756861,3.965809,3.682
10/05/2023 17:40,12.31,406.21,109.6,35161.35,12089.35,8.945135,0.241244,3.781444,3.682
10/05/2023 18:10,12.31,407.89,108.33,35323.6,11963.9,9.220703,1.850025,3.110179,3.682
10/05/2023 18:40,12.38,401.32,109.93,34818.3,12123.1,8.279264,2.87531,4.715528,3.682
10/05/2023 19:10,12.38,404.48,109.06,35087.85,12033.55,9.113811,1.62251,3.570601,3.682
10/05/2023 19:40,12.44,407.44,109.2,35366.3,12076.55,8.948568,0.000981,4.023178,3.682
10/05/2023 20:10,12.44,405.85,109.63,35231.7,12126.7,9.164315,0.507004,3.818219,3.682
10/05/2023 20:40,12.44,409.66,108.83,35566.6,12044.5,9.1854,1.11992,3.585311,3.682
10/05/2023 21:10,12.44,408.25,107.38,35479,11859.35,8.690653,1.829431,3.737314,3.682
10/05/2023 21:40,12.44,404.65,107.8,35164.5,11954.35,9.196186,1.60829,3.562266,3.682
10/05/2023 22:10,12.44,406.47,106.69,35344.1,11807.6,7.488358,3.893239,5.067587,3.682
10/05/2023 22:40,12.44,409.25,108.36,35529.25,12009.25,6.916631,4.618933,5.483879,3.682
10/05/2023 23:10,12.44,398.89,107.37,34772.7,11909.5,7.252508,3.761341,5.417685,3.682
10/05/2023 23:40,12.44,401.24,107.49,34908.35,11905.65,8.183161,3.585801,3.769676,3.68
11/05/2023 00:10,12.44,404.06,107.28,35121.9,11895.75,8.098333,2.983673,4.720922,3.682
11/05/2023 00:40,12.38,402.05,106.49,35005.45,11785.3,8.757829,2.653189,3.625519,3.682
11/05/2023 01:10,12.38,406.79,104.04,35428.85,11512.5,9.183928,1.664189,3.224427,3.682
11/05/2023 01:40,12.38,407.19,105.49,35428.1,11678.15,8.544044,1.302323,4.758187,3.682
11/05/2023 02:10,12.31,409.52,108.35,35623.55,12008.6,9.172649,0.572708,3.558833,3.682
11/05/2023 02:40,12.31,404.43,108.14,35237.2,11994.6,9.196676,1.878954,2.941995,3.682
11/05/2023 03:10,12.31,407.69,107.11,35455.15,11866.05,8.267986,1.81374,5.193602,3.682
11/05/2023 03:40,12.25,404.13,108.2,35181.55,11968.55,8.292013,3.918248,3.328377,3.682
11/05/2023 04:10,12.25,398.38,107.76,34729.65,11926,8.300839,2.21189,4.885183,3.682
11/05/2023 04:40,12.25,400.14,107.79,34894.2,11942.65,7.114725,2.83167,6.59301,3.68
11/05/2023 05:10,12.25,400.17,106.85,34820.7,11844.05,8.462648,2.625731,4.236963,3.682
11/05/2023 05:41,12.25,409.38,108.45,35565.75,12015.6,8.040963,2.753707,5.150453,3.682
11/05/2023 06:11,12.25,405.23,107.4,35191.25,11866,7.87621,3.108218,5.274016,3.682
11/05/2023 06:41,12.25,408.47,106.69,35437.1,11766.5,9.215799,2.386939,2.038803,3.678
11/05/2023 07:11,12.25,406.09,107.31,35209.75,11833.3,8.351344,2.061848,4.865569,3.68
11/05/2023 07:41,12.25,399.79,107.13,34718.75,11765.15,9.110868,1.328311,3.112631,3.68
11/05/2023 08:11,12.31,406.68,109.14,35113.8,11772.15,8.736746,1.852476,4.39485,3.68
11/05/2023 08:41,12.38,402.37,107.76,34647.3,11578.65,9.489893,-1.275845,2.378603,3.678
11/05/2023 09:11,12.44,410.73,110.01,35397.25,11660.9,9.479109,1.883367,1.878464,3.682
11/05/2023 09:41,12.44,406.81,110.21,34742.25,11726.65,8.732332,-2.156973,4.154586,3.678
11/05/2023 10:11,12.62,407.48,109.34,34716.85,11605,9.573252,0.44277,2.43254,3.678
11/05/2023 10:41,12.62,409.77,111.43,34668.75,11811.05,8.964258,0.320677,3.992777,3.678
11/05/2023 11:11,12.62,413.3,111.5,34973.45,11787,9.002504,0.820326,3.834891,3.68
11/05/2023 11:41,12.62,414.31,112.18,35070.95,11934.2,8.548946,1.087558,4.859195,3.676
11/05/2023 12:11,12.62,406.69,108.46,34414.55,11446.75,9.397223,0.86985,2.800288,3.682
11/05/2023 12:41,12.62,415.9,109.49,35136.75,11676.65,8.825495,-0.208882,4.470852,3.678
11/05/2023 13:11,12.62,410.56,107.68,34989.8,11446.85,9.561483,0.700195,2.432049,3.682
11/05/2023 13:41,12.62,409.5,108.53,35132.65,11761.5,9.49627,-0.348136,3.090566,3.678
11/05/2023 14:11,12.62,410.26,106.92,35268.95,11611.05,9.244238,-0.592322,2.834612,3.68
11/05/2023 14:41,12.62,403.82,105.05,34796.05,11424.3,9.48352,-0.498668,2.721836,3.678
11/05/2023 15:11,12.62,400.21,103.36,34591.45,11295.05,9.263362,0.168674,3.646112,3.682
11/05/2023 15:41,12.56,401,100.92,34702.8,11037.8,9.324654,-0.421686,3.631893,3.676
11/05/2023 16:11,12.56,401.96,105.88,34741.75,11666.85,7.847281,0.164752,6.183093,3.68
11/05/2023 16:41,12.5,404.79,99.75,35067.45,11003.7,9.181477,-0.331955,3.776541,3.68
11/05/2023 17:11,12.5,402.94,104.07,34848,11450.9,7.816882,0.033343,6.275765,3.682
11/05/2023 17:41,12.5,400.6,103.43,34737.75,11408.5,8.661722,-0.474642,4.950887,3.678
11/05/2023 18:11,12.5,402.03,108.45,34849.25,11965.05,9.15892,0.671755,3.55442,3.68
11/05/2023 18:41,12.5,402.75,99.99,34884.75,11031.25,9.15941,-0.004903,3.855485,3.678
11/05/2023 19:11,12.5,396.03,102.99,34362.8,11364.15,9.462438,-0.049524,2.494812,3.68
11/05/2023 19:42,12.5,395.04,100.42,34319.05,11079,8.750963,-0.595264,4.786136,3.678
11/05/2023 20:12,12.5,404.29,97.22,35062.1,10731.6,9.540889,-1.030189,2.549239,3.682
11/05/2023 20:42,12.5,401.81,105.94,34859.85,11699.65,8.912284,-2.25651,3.652487,3.678
11/05/2023 21:12,12.5,395.23,101.12,34365.4,11164.5,9.229039,-3.158231,1.731364,3.678
11/05/2023 21:42,12.56,400.25,105.14,34730.75,11605.25,9.404086,2.716442,0.533972,3.678
11/05/2023 22:12,12.56,394.19,100.09,34277.85,11048.1,8.852954,2.431559,3.703971,3.676
11/05/2023 22:42,12.56,390.99,98.18,33942.1,10834.5,4.368372,2.791954,8.513643,3.676
11/05/2023 23:12,12.56,396.51,105,34405.55,11618.1,9.093217,2.203555,3.25826,3.68
11/05/2023 23:42,12.56,397.57,103.07,34420.85,11400.55,9.410952,2.280046,1.968685,3.678
12/05/2023 00:12,12.62,387.23,103.47,33637.75,11450.5,9.292292,1.737248,3.004267,3.674
12/05/2023 00:42,12.62,395.14,100.46,34229.05,11096.4,8.999562,3.118515,2.298188,3.674
12/05/2023 01:12,12.69,397.69,105.21,34478.65,11623.5,9.198637,0.17701,3.64121,3.674
12/05/2023 01:42,12.69,399.02,102.91,34564.3,11312.6,9.091745,0.587418,3.232763,3.68
12/05/2023 02:12,12.69,396.3,96.17,34355.35,10610.3,9.381533,0.161319,3.150877,3.674
12/05/2023 02:42,12.56,401.62,104.92,34780.15,11602.5,9.664945,0.332936,1.927497,3.676
12/05/2023 03:12,12.56,401.56,100.66,34841.5,11107.9,9.810084,-0.278999,1.25378,3.674
12/05/2023 03:42,12.5,398.27,105.74,34525.25,11677,9.495779,-0.3094,3.068501,3.676
12/05/2023 04:12,12.5,396.97,103.41,34461.95,11433.25,9.413404,0.117189,3.02388,3.676
12/05/2023 04:42,12.5,401.98,101.58,34820.4,11240.15,8.952001,0.712453,4.103103,3.678
12/05/2023 05:12,12.44,396.34,102.01,34402.55,11275.45,9.512451,1.148849,2.481573,3.676
12/05/2023 05:42,12.44,400.86,103.8,34735.8,11465.3,8.926504,0.243205,4.326204,3.674
12/05/2023 06:12,12.5,394.64,104.58,34252.8,11538.15,9.198147,0.920844,3.409282,3.676
12/05/2023 06:42,12.5,393.31,102.9,34120.85,11350.55,9.321712,0.601148,3.158231,3.672
12/05/2023 07:12,12.5,391.24,100.03,33929.6,11031.35,9.547754,0.285374,2.692906,3.676
12/05/2023 07:42,12.5,398.55,104.84,34407.35,11551.75,9.216782,0.195643,3.911383,3.672
12/05/2023 08:12,12.56,397.82,105.26,34373.95,11576.45,9.289839,-0.222121,3.269537,3.672
12/05/2023 08:42,12.62,399.24,99.24,34338.85,10725.85,9.417818,0.185346,3.125379,3.672
12/05/2023 09:12,12.62,395.88,100.22,34059.75,10763.9,9.595808,0.656065,2.282008,3.672
12/05/2023 09:42,12.75,396.79,105.88,34107.05,11446.95,9.612967,0.159848,2.19669,3.674
12/05/2023 10:13,12.75,400.19,99.96,34283.45,10590.85,9.838031,-1.030679,0.103951,3.674
12/05/2023 10:43,12.75,412.32,99.43,35243.65,10564.3,9.755164,-1.242012,1.465114,3.672
12/05/2023 11:13,12.94,400.36,96.43,34392.05,10408.6,9.24375,-1.935833,2.992009,3.672
12/05/2023 11:43,12.88,401.88,94.26,34381.05,10076.6,8.99662,-0.730595,4.366901,3.676
12/05/2023 12:13,12.88,403.52,93.82,34690.1,10171.55,8.766165,0.79679,4.52822,3.672
12/05/2023 12:43,12.88,403.02,92.48,34281,9781.3,8.202772,0.447674,5.270093,3.678
12/05/2023 13:13,12.81,399.61,96.53,34273.3,10475.3,7.662916,0.13337,6.34098,3.672
12/05/2023 13:43,12.81,400.09,96.78,34566.95,10659.45,8.727428,-0.241734,4.691502,3.678
12/05/2023 14:13,12.81,403.53,87.54,34721.25,9631.15,7.884057,-1.108151,6.056097,3.672
12/05/2023 14:43,12.75,402.81,90.3,34793.35,9953.5,9.058404,-2.258962,3.823123,3.674
12/05/2023 15:13,12.69,391.36,95.22,33866.2,10444.2,9.762522,-2.614452,-0.515339,3.672
12/05/2023 15:43,12.62,400.35,102.08,34669.3,11245.85,9.55462,1.521502,-0.647729,3.672
12/05/2023 16:13,12.62,402.86,102.4,34881.3,11294.5,9.670828,-0.063253,2.544826,3.672
12/05/2023 16:43,12.62,399.32,102.23,34615.65,11279.9,9.657098,0.363827,1.408725,3.672
12/05/2023 17:13,12.56,401.66,95.78,34691.5,10472.8,9.070171,1.81374,3.145973,3.672
12/05/2023 17:43,12.56,398.95,100.04,34506.15,10923.5,8.265045,5.138685,-0.629587,3.672
12/05/2023 18:13,12.56,396.11,101.19,34361.3,11161.2,7.007833,6.699904,0.168674,3.672
12/05/2023 18:43,12.56,400.73,99.06,34696.05,10927.4,9.348189,2.953763,0.312832,3.672
12/05/2023 19:13,12.56,397.96,99.01,34475,10922.2,9.385454,2.630634,-0.822287,3.672
12/05/2023 19:43,12.56,399.57,98.95,34603,10914.05,9.325635,2.85962,-0.461893,3.67
12/05/2023 20:13,12.56,394.66,98.67,34232.1,10882.05,9.568838,2.245723,-0.505533,3.672
12/05/2023 20:43,12.56,398.19,98.03,34498.6,10813.7,9.404578,2.858148,0.055408,3.672
12/05/2023 21:13,12.56,404.08,99.92,34978.55,11022.55,9.569821,1.814721,-0.016181,3.672
12/05/2023 21:43,12.62,399.63,102.22,34603.5,11274.95,9.743399,1.070396,0.30989,3.672
12/05/2023 22:13,12.62,398.79,102.96,34539.7,11368.3,9.986601,0.119641,0.054427,3.676
12/05/2023 22:43,12.62,396.64,103.34,34347.45,11397.75,9.881672,-0.815423,0.490823,3.67
12/05/2023 23:13,12.69,400.19,105.91,34682.3,11683,9.52471,0.08875,2.612982,3.672
12/05/2023 23:43,12.62,401.58,106.12,34732.9,11707.05,9.568839,0.051485,3.272479,3.67
13/05/2023 00:14,12.62,394.73,106.29,34253,11738.15,9.711525,1.59309,1.570045,3.67
13/05/2023 00:44,12.62,394.79,101.39,34230.5,11183.35,9.526179,2.38939,1.634279,3.668
13/05/2023 01:14,12.62,393.45,102.18,34153.7,11272.4,8.496481,4.231079,2.65417,3.672
13/05/2023 01:44,12.62,393.04,105.94,34090,11692,9.509018,2.03537,1.572986,3.672
13/05/2023 02:14,12.62,392,101.39,34002.6,11190.95,8.870605,3.296996,2.833631,3.668
13/05/2023 02:44,12.56,390.47,104.04,33899.25,11475.75,9.682106,1.445991,1.531799,3.67
13/05/2023 03:14,12.56,393.9,105.17,34147.75,11599.55,9.462437,1.107661,2.944937,3.672
13/05/2023 03:44,12.56,388.71,105.6,33836.95,11647.8,9.356035,-1.962311,2.636028,3.666
13/05/2023 04:14,12.44,393.35,96.49,34147.65,10642.95,9.654646,-0.907115,-0.119151,3.67
13/05/2023 04:44,12.44,391.02,99.49,34023.75,10974.85,9.901774,0.041188,-1.107661,3.672
13/05/2023 05:14,12.44,391.54,97.37,34068.8,10742.45,9.464888,0.887502,-2.128043,3.67
13/05/2023 05:44,12.44,388.48,97.25,33751.05,10727.1,9.185889,2.651228,-2.060867,3.672
13/05/2023 06:14,12.38,385.77,97.55,33561.1,10758.95,9.367803,2.296227,-0.932122,3.672
13/05/2023 06:44,12.44,386.73,98.3,33573.05,10801.95,8.180708,5.115639,0.358923,3.668
13/05/2023 07:14,12.44,383.07,98.8,33263.95,10755.7,9.044674,3.457825,-1.62251,3.668
13/05/2023 07:44,12.44,386.67,99.37,33579.5,10816.3,9.092236,3.665726,-0.140235,3.668
13/05/2023 08:14,12.5,387.34,98.76,33513.5,10564.95,8.994658,3.149406,-2.154521,3.666
13/05/2023 08:44,12.5,386.01,102.11,33353.25,10844.8,9.513921,2.240819,0.890934,3.672
13/05/2023 09:14,12.56,388.45,102.71,33513.25,10957,9.724275,-0.273115,-0.348626,3.668
13/05/2023 09:44,12.62,388.93,103.03,33430.45,10675.6,9.553639,2.196199,0.546721,3.664
13/05/2023 10:14,12.81,393.42,105.33,33641.7,10774.45,9.62866,1.629375,0.66391,3.666
13/05/2023 10:44,12.81,391.22,106.56,33428.75,10797.35,9.498232,2.564439,0.377556,3.666
13/05/2023 11:14,12.94,389.72,109.8,33229.1,11260.6,9.787528,0.996356,1.023324,3.666
13/05/2023 11:44,13.06,383.86,110.34,32683.2,11431.75,9.848818,-0.563392,1.084125,3.666
13/05/2023 12:14,13.06,394.73,111.7,33201.1,11525.9,9.597769,-0.969387,1.765197,3.664
13/05/2023 12:44,13.19,402.13,113.64,32735.05,11327.6,9.168727,1.884348,2.957686,3.666
13/05/2023 13:14,13.19,386.85,116.8,32322.2,11299.15,9.050066,2.63946,2.844419,3.672
13/05/2023 13:44,13.25,385.77,118.93,32584.45,11264.7,8.862759,3.720643,1.938775,3.672
13/05/2023 14:15,13.25,388.14,117.37,32763.5,11318.05,8.850012,2.900807,3.024861,3.664
13/05/2023 14:45,13.25,388.83,114.61,33047.65,11345,8.800488,3.115083,2.884626,3.664
13/05/2023 15:15,13.19,383.22,111.01,32833.45,11424,8.617594,3.296015,3.429876,3.666
13/05/2023 15:45,13.19,381.24,107.39,32786,11186.35,9.409971,2.337906,1.905432,3.666
13/05/2023 16:15,13,370.56,106.11,32002.5,11238.15,9.029963,1.956917,3.328867,3.666
13/05/2023 16:45,12.88,371.85,103.87,32032.4,11283.2,9.262381,-3.218052,0.992923,3.668
13/05/2023 17:15,12.88,376.09,102.34,32622.5,11159.75,9.834109,0.202507,-0.115228,3.664
13/05/2023 17:45,12.75,379.4,100.3,32913.6,10944.1,9.5556,1.324878,-1.46021,3.664
13/05/2023 18:15,12.62,378.75,100.52,32828.75,11028.9,9.820871,1.204257,0.026968,3.664
13/05/2023 18:45,12.62,376.52,98.08,32741.8,10790.25,9.222174,3.347009,0.017652,3.666
13/05/2023 19:15,12.62,377.26,98.36,32851.55,10841.8,9.117732,3.644641,0.455519,3.664
13/05/2023 19:45,12.5,379.17,99.81,32913.7,11009.35,9.656609,1.849044,0.004903,3.664
13/05/2023 20:15,12.56,375.53,99.75,32703.3,11003.65,9.376628,2.790973,-0.595754,3.664
13/05/2023 20:45,12.56,376.75,100.45,32772.75,11080.75,8.916206,3.8648,0.904173,3.664
13/05/2023 21:15,12.5,376.66,99.2,32742.2,10939.2,9.419777,2.41783,0.769332,3.666
13/05/2023 21:45,12.56,374.25,102.05,32602.25,11256,9.70221,0.520733,1.427848,3.67
13/05/2023 22:15,12.56,371.91,102.37,32384.4,11292.35,9.851271,0.954187,-0.414331,3.67
13/05/2023 22:45,12.62,373.95,101.29,32502.25,11175.75,9.890008,1.354298,0.091692,3.67
13/05/2023 23:15,12.62,377.61,101.89,32873,11243.25,9.796843,0.487881,0.485919,3.664
13/05/2023 23:45,12.69,374.53,102.48,32597.15,11304.6,9.805178,-0.152003,1.249858,3.664
14/05/2023 00:15,12.69,374.27,102.47,32587.85,11306.85,9.675241,-0.431002,1.996144,3.664
14/05/2023 00:45,12.69,373.04,103.09,32488.65,11368.2,9.452141,0.946342,2.720365,3.664
14/05/2023 01:15,12.69,379.54,102.92,32954.6,11354.1,9.347208,2.009382,2.396745,3.664
14/05/2023 01:45,12.69,373.03,102.92,32500.55,11353,9.456553,2.357519,1.521011,3.662
14/05/2023 02:15,12.69,370.78,105.02,32313.65,11583.6,9.192753,2.794895,2.080481,3.67
14/05/2023 02:45,12.62,374.51,102.89,32577.25,11348.5,9.244728,2.755669,2.017718,3.666
14/05/2023 03:15,12.62,376.69,102.71,32767.7,11326.65,8.953471,3.547065,1.860322,3.668
14/05/2023 03:45,12.62,375.64,102.62,32694.75,11323.6,9.050069,2.888058,2.361932,3.664
14/05/2023 04:15,12.56,377.07,103.05,32833.6,11364.55,9.061346,3.299938,1.841689,3.664
14/05/2023 04:46,12.56,374.22,103.87,32590.65,11457.3,9.242277,2.032919,2.89051,3.664
14/05/2023 05:16,12.56,367.23,104.3,32028.8,11507.1,9.58404,0.850237,2.041254,3.662
14/05/2023 05:46,12.5,370.88,105.16,32304.1,11595.25,9.52863,-0.19221,2.750765,3.664
14/05/2023 06:16,12.5,371.7,104.06,32404.1,11476.15,9.794391,0.897308,0.355491,3.664
14/05/2023 06:46,12.5,378.39,103.98,32902.4,11449.5,9.501172,2.212871,0.591831,3.668
14/05/2023 07:16,12.5,374.81,104.02,32592.35,11413.9,9.214818,2.890511,1.440597,3.664
14/05/2023 07:46,12.5,372.99,103,32405.65,11249.25,9.553639,2.328099,0.041678,3.668
14/05/2023 08:16,12.5,370.2,104.54,32179.5,11396,9.67377,1.633788,0.166713,3.664
14/05/2023 08:46,12.5,377.68,104.17,32705.3,11316.65,9.108418,2.721345,2.679667,3.664
14/05/2023 09:16,12.56,377.03,106.28,32640.4,11460.25,9.11332,2.821864,2.339376,3.662
14/05/2023 09:46,12.56,380.3,107.63,32840.25,11596.9,9.164314,2.614453,2.574736,3.662
14/05/2023 10:16,12.56,381,108.13,32808.25,11614.75,9.226587,1.940736,3.192555,3.66
14/05/2023 10:46,12.69,376.26,109.72,32404.25,11665.95,9.712015,1.40137,0.969878,3.664
14/05/2023 11:16,12.75,384.8,113.17,32827.7,11559.8,9.562464,1.449423,2.057925,3.664
14/05/2023 11:46,12.75,383.78,113.77,32700.85,11689.55,9.613458,1.214554,1.943678,3.666
14/05/2023 12:16,13.12,388.93,114.43,32986.1,11684.5,9.696326,1.037543,1.003711,3.668
14/05/2023 12:46,13.19,387.69,112.19,32934.95,11685.5,9.461456,-0.956149,2.804702,3.664
14/05/2023 13:16,13.25,385.89,112.4,32944.8,11671.3,9.810081,0.325581,0.262328,3.666
14/05/2023 13:46,13.25,388.29,116.97,32849.5,11680.95,9.628168,1.232206,1.467565,3.666
14/05/2023 14:16,13.12,392.83,121.27,33181.9,11693.4,9.665925,1.500417,1.052253,3.662
14/05/2023 14:46,13.19,389.89,124.6,33019.95,11621,9.511958,2.037331,1.233677,3.668
14/05/2023 15:16,13.19,385.98,117.46,32784.7,11494.65,9.11283,3.157251,1.608781,3.664
14/05/2023 15:46,13.25,384.56,114.28,32855.35,11547.7,9.609045,1.766668,0.54525,3.664
14/05/2023 16:16,13.25,382.7,106.51,32880.85,11394.85,9.685049,1.535231,0.171126,3.66
14/05/2023 16:46,13.06,373.46,108.26,32158.9,11473.4,8.232682,4.892538,1.787753,3.662
14/05/2023 17:16,13.06,382.43,108.05,32892.3,11489.15,9.332499,2.886588,1.089028,3.66
14/05/2023 17:46,13,379.15,106.74,32752.95,11581,9.744868,1.602897,0.254483,3.662
14/05/2023 18:16,12.94,376.83,107.56,32587.2,11716.3,9.663473,0.832094,0.675678,3.662
14/05/2023 18:47,12.94,375.62,106.94,32551.75,11786.55,9.944925,-0.208882,1.818643,3.662
14/05/2023 19:17,12.81,377.66,106.82,32675,11778.5,9.49725,2.160896,1.472469,3.66
14/05/2023 19:47,12.75,376.78,104.72,32656.2,11549.9,9.076055,3.677003,0.394227,3.66
14/05/2023 20:17,12.75,382.12,104.13,33061.55,11484.8,9.326614,2.576207,0.436396,3.664
14/05/2023 20:47,12.69,378.75,102.84,32787.65,11342.65,9.585999,2.318782,0.399131,3.66
14/05/2023 21:17,12.62,371.67,104.72,32279.75,11548.05,9.851271,1.236128,-0.093163,3.664
14/05/2023 21:47,12.62,373.48,104.64,32397.35,11535.95,9.48303,2.095681,1.546999,3.66
14/05/2023 22:17,12.62,375.26,104,32533.75,11461.75,9.63209,1.264077,1.795597,3.66
14/05/2023 22:47,12.62,373.73,104.42,32383.65,11513,9.626208,2.34477,0.772764,3.664
14/05/2023 23:17,12.69,374.04,103.84,32438.75,11450.55,9.702701,1.53376,-0.010297,3.658
14/05/2023 23:47,12.69,377.42,103.26,32647.25,11386.8,9.377609,2.30064,1.392544,3.658
15/05/2023 00:17,12.75,372.96,103.49,32353.6,11412.9,9.62866,0.792868,0.390795,3.664
15/05/2023 00:47,12.75,378.24,103.35,32756.9,11395.75,9.756636,1.261135,0.95811,3.66
15/05/2023 01:17,12.75,368.14,103.49,31869.5,11413.1,9.829206,0.328523,1.096874,3.66
15/05/2023 01:47,12.75,369.82,103.12,32043.45,11370.8,9.513431,0.178481,2.680157,3.658
15/05/2023 02:17,12.75,376.55,102.87,32647.5,11345.2,9.379571,2.412926,1.534741,3.658
15/05/2023 02:47,12.75,376.26,103.76,32636.4,11437.8,9.404577,2.75812,-0.036285,3.66
15/05/2023 03:17,12.75,379.16,102.77,32832.8,11333,8.683299,3.741727,2.970925,3.664
15/05/2023 03:47,12.75,381.28,102.86,32981.4,11340.3,8.266027,5.017572,1.670073,3.66
15/05/2023 04:17,12.81,380.62,103.92,32941.9,11461.4,7.313309,4.921958,4.511059,3.662
15/05/2023 04:47,12.81,380.12,103.43,32913.15,11406.1,8.02282,4.538518,3.401437,3.658
15/05/2023 05:17,12.81,372.12,104.02,32254.85,11469.6,8.535217,4.214408,2.140792,3.66
15/05/2023 05:47,12.81,378.41,104.16,32799.25,11479.65,8.95102,3.115083,2.505599,3.658
15/05/2023 06:17,12.75,372.65,104.76,32359.15,11551.3,9.372706,1.340569,2.22709,3.658
15/05/2023 06:47,12.75,375.15,105.45,32519.55,11621.8,9.739474,0.095615,1.546509,3.658
15/05/2023 07:17,12.75,377.05,104.94,32677.85,11568.75,9.727707,0.013239,-1.142475,3.662
15/05/2023 07:47,12.69,375.12,102.68,32503.1,11302,9.398692,3.060655,0.680091,3.658
15/05/2023 08:17,12.69,376.4,104.34,32543.6,11342.85,9.397712,2.307014,1.892683,3.66
15/05/2023 08:47,12.69,380.04,102.76,32751.15,11033.2,9.275129,3.289641,0.050504,3.656
15/05/2023 09:18,12.69,380.62,103.8,32697.5,10924,8.387138,5.100439,0.857101,3.656
15/05/2023 09:48,12.69,387.2,104.46,33205.6,10909.9,8.705362,4.312474,1.496495,3.656
15/05/2023 10:18,12.88,384.17,103.71,32931.3,10890.9,9.296213,2.92042,0.280961,3.662
15/05/2023 10:48,12.88,378.98,103.19,32539.25,10843.85,9.180986,3.287679,0.386872,3.658
15/05/2023 11:18,12.94,385.25,105.5,32876.7,10875.6,9.394771,2.673783,1.260645,3.658
15/05/2023 11:48,12.94,376.9,103.9,32312,10944.4,9.809102,1.546018,-0.26576,3.656
15/05/2023 12:18,13.12,384.67,106.34,32696.3,10971,9.668866,2.007421,0.689407,3.656
15/05/2023 12:48,13.19,388.6,106.11,33023.5,10995.65,9.608066,1.752448,0.860043,3.656
15/05/2023 13:18,13.19,391.82,106.2,33188,11009.6,9.98562,0.335878,0.174558,3.658
15/05/2023 13:48,13.38,382.72,104.57,32676.1,11118.35,9.906677,-0.048543,0.491804,3.656
15/05/2023 14:18,13.44,379.29,108.03,31852.95,11116.35,9.806651,-0.190249,0.710982,3.656
15/05/2023 14:48,13.44,406.39,108.9,32800.5,11113.6,9.548245,-0.039227,2.15354,3.656
15/05/2023 15:18,13.44,382.49,106.28,32768.25,11193.6,9.196676,2.175606,2.827258,3.658
15/05/2023 15:48,13.31,377.64,104.22,32508,11224.25,9.559523,2.147166,0.88456,3.658
15/05/2023 16:18,13.25,387.76,108.98,33097.75,11179.55,8.781364,3.811355,2.074597,3.656
15/05/2023 16:48,13.25,380.56,105.37,32653.75,11146.5,8.968672,2.991028,2.52129,3.656
15/05/2023 17:18,13.19,377.31,103.16,32600.75,11173,8.84952,3.880001,1.454816,3.656
15/05/2023 17:48,13.12,381.52,105.09,32779.85,11163.4,9.107437,2.885116,2.119217,3.656
15/05/2023 18:18,13.12,372.64,103,32070.45,11150.8,9.326614,2.455095,1.383718,3.656
15/05/2023 18:48,13,382.24,102.02,32922.35,11187.75,9.46979,1.611723,2.202574,3.656
15/05/2023 19:18,12.94,385.28,101.82,33308.35,11223.05,9.969441,0.679601,-0.090221,3.656
15/05/2023 19:48,12.88,378.82,101.44,32794.7,11185.65,9.745357,1.355279,0.862985,3.658
15/05/2023 20:18,12.88,384.11,101.19,33166.7,11163.75,9.562955,1.825018,0.863476,3.656
15/05/2023 20:48,12.81,384.28,99.77,33154.4,11003.75,8.450881,4.704249,1.760294,3.656
15/05/2023 21:18,12.75,387.26,99.14,33374.4,10933.1,8.752927,4.054069,0.326561,3.654
15/05/2023 21:48,12.75,385.13,100.21,33223.5,11049.25,8.891199,2.834122,3.157741,3.656
15/05/2023 22:18,12.75,383.05,98.82,33064.2,10899.5,7.252509,5.64765,3.255317,3.66
15/05/2023 22:48,12.75,379.04,100.21,32829.65,11050.75,8.64064,3.986893,1.809817,3.656
15/05/2023 23:19,12.69,367.89,100.96,31870.9,11136.05,8.394982,3.659841,3.746141,3.656
15/05/2023 23:49,12.69,372.86,101.01,32334.9,11140.65,9.003975,3.313667,2.070674,3.656
16/05/2023 00:19,12.69,368.03,101.44,31935.35,11188.7,9.557562,2.072145,1.629865,3.656
16/05/2023 00:49,12.75,375.85,101.36,32529.8,11176.35,9.690442,1.332724,0.822288,3.656
16/05/2023 01:19,12.75,372.72,101.74,32332.05,11224.25,9.607575,0.334407,1.796088,3.656
16/05/2023 01:49,12.75,373.67,101.69,32356.5,11218.2,9.639447,-0.53103,1.993202,3.656
16/05/2023 02:19,12.75,371.15,101.51,32156.6,11193.5,9.417816,-1.094912,2.90424,3.654
16/05/2023 02:49,12.75,372.14,101.63,32261.9,11211.25,9.590902,-0.064724,2.415869,3.656
16/05/2023 03:19,12.75,374.99,101.75,32559.15,11215.15,9.317789,2.033409,2.777734,3.658
16/05/2023 03:49,12.75,374.48,101.55,32409.6,11196.35,8.961808,2.478631,2.923853,3.656
16/05/2023 04:19,12.75,377.45,101.96,32687.15,11241.9,8.088526,4.127619,3.927563,3.654
16/05/2023 04:49,12.75,368.01,101.97,31875.6,11223.75,8.923562,2.812057,2.796366,3.654
16/05/2023 05:19,12.75,371.85,101.47,32180,11178,8.08117,4.514491,3.265124,3.654
16/05/2023 05:49,12.75,375.26,100.94,32392.45,11096.9,8.654859,3.352403,3.234723,3.654
16/05/2023 06:19,12.75,375.52,100.75,32448.45,11053.6,8.253277,4.224214,3.432327,3.66
16/05/2023 06:49,12.81,381.46,101.27,32768.75,11042.15,7.628103,3.441643,5.144078,3.652
16/05/2023 07:19,12.81,376.65,101.73,32446.1,11077.25,8.849521,1.952995,4.191854,3.658
16/05/2023 07:49,12.81,378.63,102.36,32530.95,11127.7,9.120186,0.667343,3.737805,3.654
16/05/2023 08:19,12.75,369.57,103.19,31831.25,11103.4,9.194715,1.040486,3.407811,3.654
16/05/2023 08:49,12.75,373.64,105,32169.4,11078.6,9.139799,2.016247,3.198929,3.656
16/05/2023 09:19,12.81,377.44,105.98,32489.8,11083.3,9.004956,2.837063,2.80225,3.656
16/05/2023 09:49,12.81,381.71,106.18,32835.85,11068.75,9.109397,2.571794,2.191786,3.656
16/05/2023 10:19,12.81,385.94,108.93,33024.55,11093.65,8.321924,3.307293,4.120755,3.654
16/05/2023 10:49,12.88,381.66,102.92,32856.8,10974.15,8.458236,2.866484,4.235492,3.656
16/05/2023 11:19,12.88,377.09,102.66,32535.75,11025,8.898062,2.479612,3.349461,3.656
16/05/2023 11:49,12.88,384.7,108.15,32844.5,11101.1,8.773029,2.320744,3.9815,3.656
16/05/2023 12:19,12.94,374.56,103.1,32328.35,11085.7,8.537179,2.8454,3.986894,3.656
16/05/2023 12:49,13.12,379.16,108.6,32291.4,11084.15,8.321433,3.306803,4.031024,3.656
16/05/2023 13:20,13.12,382.49,107.82,32544.2,11106.15,8.793624,3.344068,2.7135,3.654
16/05/2023 13:50,13.38,376.01,106.57,32050.35,11104.95,9.420267,1.487669,2.283969,3.652
16/05/2023 14:20,13.44,376.2,106.52,31927.15,11092,9.06772,1.389112,3.785367,3.654
16/05/2023 14:50,13.44,372.54,105.16,31923.15,11061.2,9.383983,-1.525915,2.773811,3.652
16/05/2023 15:20,13.56,377.37,107.83,31910.75,11068,9.436449,2.130004,-1.408235,3.652
16/05/2023 15:50,13.69,394.95,108.91,32224.9,11066.3,9.318769,3.049868,-0.181423,3.654
16/05/2023 16:20,13.69,371.46,109.52,31930,11016.9,9.539907,2.081461,0.507985,3.654
16/05/2023 16:50,13.5,362.65,107.13,31067.75,10905,8.191495,4.036417,3.843226,3.656
16/05/2023 17:20,13.5,371.4,101.96,32059.2,10883.65,8.202772,4.863118,2.310447,3.656
16/05/2023 17:50,13.31,358.31,103.29,30955.8,10952.05,8.766654,3.769186,2.13834,3.652
16/05/2023 18:20,13.31,375.25,99.85,32420.9,10841.75,9.080957,3.235214,1.829431,3.652
16/05/2023 18:50,13.19,370.21,100.7,32035.25,10914,8.646033,4.064857,2.113333,3.652
16/05/2023 19:20,13.19,374.99,99.52,32426.85,10874.4,9.06821,3.289641,1.379796,3.656
16/05/2023 19:50,13.19,360.63,99.64,31280.1,10924.35,9.340834,2.198161,2.166289,3.656
16/05/2023 20:20,13.06,360.66,99.82,31401.1,11005.85,9.329067,0.753151,3.091547,3.656
16/05/2023 20:50,13,371.81,99.69,32277.35,10990.8,8.765674,1.881406,4.285506,3.656
16/05/2023 21:20,12.94,365.81,99.58,31770.9,10973.2,8.496973,2.702223,4.289919,3.65
16/05/2023 21:50,12.94,365.92,101.58,31824.1,11180,7.156893,3.891769,5.652553,3.652
16/05/2023 22:20,12.88,375.03,97.89,32493.5,10794.05,7.19612,4.741515,4.941571,3.654
16/05/2023 22:50,12.81,366.78,98.3,31889.05,10825.7,6.901431,4.825852,5.229396,3.65
16/05/2023 23:20,12.81,369.05,97.72,32042.25,10764.15,7.645755,3.763302,5.070038,3.65
16/05/2023 23:50,12.81,365.12,97.96,31722.9,10792.9,8.783325,2.622298,3.52451,3.652
17/05/2023 00:20,12.88,359.8,98.28,31302.2,10826,9.026041,2.337905,3.336713,3.652
17/05/2023 00:50,12.88,370.36,97.58,32131.45,10759.6,8.055182,2.920911,5.067096,3.648
17/05/2023 01:20,12.94,373.7,97.45,32435.25,10743,9.099101,2.695358,2.69879,3.648
17/05/2023 01:50,12.94,371.7,97.74,32292.1,10772.35,9.176574,2.455095,2.789992,3.654
17/05/2023 02:20,12.94,364.11,97.96,31609.85,10787.15,9.386925,2.311428,1.901509,3.65
17/05/2023 02:50,12.94,370.92,97.12,32279.5,10696.75,9.289349,1.421474,3.099882,3.648
17/05/2023 03:20,13,354.8,97.74,30942.35,10770.45,9.43792,-0.569766,2.866974,3.65
17/05/2023 03:51,13,351.66,97.98,30686.2,10765.3,8.969162,-1.364105,4.107516,3.654
17/05/2023 04:21,13,354.07,97.43,30872.7,10741.2,8.813236,0.912509,4.464478,3.65
17/05/2023 04:51,13,350.3,97.06,30630.6,10693.75,8.008601,2.879723,4.950397,3.648
17/05/2023 05:21,13,342.76,96.96,29930.1,10637.55,8.530806,3.70005,3.144993,3.654
17/05/2023 05:51,13,371.73,96.42,32123.75,10561.55,8.223368,3.698088,3.764773,3.65
17/05/2023 06:21,13,349.44,96.45,30322.5,10488.65,7.778636,3.925602,4.58657,3.65
17/05/2023 06:51,13,367.55,96.91,31749.75,10518.8,7.665369,3.757418,4.884202,3.652
17/05/2023 07:21,13,329.28,97.47,28767.85,10548.55,7.818842,3.324945,4.88077,3.648
17/05/2023 07:51,13,332.67,97.42,29064.3,10537.4,7.941426,3.012113,5.026398,3.65
17/05/2023 08:21,12.94,342.03,96.25,29872.45,10397.45,8.037041,1.335175,5.730027,3.65
17/05/2023 08:51,12.94,337.18,98.03,29367.55,10520.75,8.972595,0.488862,4.167336,3.648
17/05/2023 09:21,12.94,340.87,98.97,29881.5,10545.3,8.667116,1.471978,4.54293,3.654
17/05/2023 09:51,12.94,313.85,101.93,27599.45,10522.55,8.674964,1.558277,4.485071,3.648
17/05/2023 10:21,12.94,322.98,101.69,28391.5,10489.35,7.63693,2.853245,5.570668,3.652
17/05/2023 10:51,13,316.06,101.18,27823.5,10494.7,6.667541,2.973867,6.678329,3.648
17/05/2023 11:21,13,337.59,104.65,29563,10544.6,7.041665,3.471064,5.976664,3.648
17/05/2023 11:51,13.06,346.39,106.13,30261.65,10526.75,7.135809,3.587273,5.817305,3.648
17/05/2023 12:21,13.06,339.49,102.59,29687.95,10519.15,7.896316,3.070953,4.918035,3.648
17/05/2023 12:51,13.06,336.61,102.34,29337.35,10551.1,7.960548,2.849322,4.866549,3.646
17/05/2023 13:21,13.31,339.64,101.07,29343.85,10491.55,7.808055,2.761553,5.377967,3.652
17/05/2023 13:51,13.44,347.54,102.52,29871,10586.95,7.613392,3.066049,5.445143,3.648
17/05/2023 14:21,13.69,344.61,101.21,29530.45,10472,7.91789,2.286911,5.566745,3.648
17/05/2023 14:51,13.69,337.34,99.99,29330.65,10560.35,8.885807,2.154521,3.767225,3.646
17/05/2023 15:21,13.5,348.61,98.8,30304.25,10576.95,8.960827,-1.116487,4.152135,3.648
17/05/2023 15:51,13.5,361.31,98.53,31198.65,10577.75,8.764692,-2.003008,4.388477,3.65
17/05/2023 16:21,13.5,356.67,100.71,30660.35,10576.85,9.52618,-1.074319,2.373209,3.652
17/05/2023 16:51,13.44,380.83,101.19,32682.75,10596.5,9.452139,0.542308,2.201102,3.646
17/05/2023 17:21,13.5,379.81,97.69,32775.8,10586.45,8.879432,1.668602,3.901576,3.65
17/05/2023 17:52,13.5,365.88,98.79,31490.95,10573.5,8.520998,2.091758,4.590983,3.648
17/05/2023 18:22,13.31,366.44,98.24,31809.9,10589.95,7.57907,3.192065,5.461814,3.65
17/05/2023 18:52,13.38,317.84,98.25,27794,10817,4.960204,-3.981009,7.716852,3.65
17/05/2023 19:22,13.31,342.17,98.81,29862.05,10871.05,5.819266,-3.248943,7.364303,3.646
17/05/2023 19:52,13.31,330.36,99.06,28939.25,10887.75,7.430009,-2.41783,6.086497,3.648
17/05/2023 20:22,13.19,310.21,99.63,27427.15,10940.55,7.826196,-1.31213,5.376987,3.65
17/05/2023 20:52,13.12,354.8,99.52,31025.25,10945.9,9.200599,1.417061,3.428895,3.648
17/05/2023 21:22,13.12,358.23,98.83,31324.35,10882.15,9.729668,0.847295,0.957619,3.648
17/05/2023 21:52,13,345.27,99.43,30298.75,10930.1,9.54089,2.028506,1.457759,3.646
17/05/2023 22:22,12.94,317.93,98.9,28055.35,10887.8,6.464053,-1.25329,7.49277,3.644
17/05/2023 22:52,12.94,356.38,92.66,31039,10200,7.738428,4.254615,-4.109477,3.646
17/05/2023 23:22,12.88,349.77,92.24,30561.95,10126.45,7.641832,4.827813,-3.559814,3.646
17/05/2023 23:52,12.88,340.2,93.84,29880.75,10339.95,7.672723,5.510848,-2.067732,3.644
18/05/2023 00:22,12.81,346.86,93.53,30342.2,10300.55,8.629362,3.092527,-3.284737,3.646
18/05/2023 00:52,12.81,357.08,92.92,31060.05,10242.7,8.427346,1.551903,-4.705231,3.642
18/05/2023 01:22,12.81,354.94,93.21,30965.5,10266.6,9.432526,2.725759,-0.193191,3.646
18/05/2023 01:52,12.88,350.24,92.77,30573.4,10215,9.297194,3.117534,-0.50161,3.65
18/05/2023 02:22,12.88,354.52,92.78,30858.85,10184.7,9.206484,2.957686,-1.48914,3.648
18/05/2023 02:52,12.94,346.97,92.28,30396.35,10127.4,9.612477,2.091268,0.435906,3.648
18/05/2023 03:22,13,350.73,92.39,30621.7,10154.3,9.847349,0.152003,1.164049,3.642
18/05/2023 03:52,13.06,352.17,93.59,30778.55,10297.35,9.869905,0.299103,0.630077,3.644
18/05/2023 04:22,13.06,356.14,93.05,31114.8,10206.15,9.826263,-0.757564,1.008614,3.648
18/05/2023 04:52,13.12,354.79,92.75,30991.05,10173.65,9.700249,0.842882,1.668111,3.648
18/05/2023 05:22,13.12,357.92,93.59,31221.85,10222.8,8.968673,3.348481,2.203554,3.644
18/05/2023 05:52,13.12,367.4,92.15,31853.3,10030.6,8.297406,5.004333,-1.039505,3.644
18/05/2023 06:22,13.12,364.09,92.66,31468.8,10047.7,8.313097,4.903325,-1.245935,3.644
18/05/2023 06:52,13.12,359.28,94.42,31033.15,10206.5,7.206907,5.7212,-3.307783,3.644
18/05/2023 07:22,13.12,363.15,94.41,31299.9,10147.6,8.820592,3.926583,-1.396957,3.642
18/05/2023 07:53,13.19,363.86,93.91,31360,10098.35,8.901987,3.322984,-2.245233,3.642
18/05/2023 08:23,13.19,352.97,94.48,30654.85,10152.65,8.538159,4.57137,-1.083635,3.644
18/05/2023 08:53,13.12,359.03,96.06,31029,10248.2,8.577386,4.520375,-1.115506,3.648
18/05/2023 09:23,13.12,351.43,95.28,30418.1,10151.65,9.507546,2.30015,0.725202,3.646
18/05/2023 09:53,13.06,353.54,95.33,30673.35,10250.9,9.663964,0.70755,2.003008,3.642
18/05/2023 10:23,13,353.1,98.64,30669,10384.5,9.415855,2.155501,1.753919,3.642
18/05/2023 10:53,13,356.64,98.7,30915.95,10388.05,8.924542,3.868724,0.839939,3.648
18/05/2023 11:23,13.12,352.63,98.86,30581.6,10306.2,8.001735,4.88126,3.026332,3.644
18/05/2023 11:53,13.12,354.94,98.75,30785.05,10288.1,7.931618,5.02836,2.939053,3.648
18/05/2023 12:23,13.12,333.86,100.56,29124.4,10313.35,6.566533,5.846234,4.191852,3.648
18/05/2023 12:53,13.12,339.11,99.1,29545.95,10347.85,8.25622,4.967068,2.185412,3.64
18/05/2023 13:23,13.19,337.55,99.06,29434,10371.1,8.619063,4.525769,0.969387,3.64
18/05/2023 13:53,13.31,343.64,99.63,29874.45,10456.45,9.006918,3.364662,2.239349,3.638
18/05/2023 14:23,13.31,337.29,97.64,29555.15,10457.45,9.38987,2.591898,1.393035,3.644
18/05/2023 14:53,13.5,342.85,97.1,29666.15,10202.35,9.007898,2.810586,2.432049,3.64
18/05/2023 15:23,13.62,341.62,98.53,29517.15,10325.65,9.131464,3.093018,1.910335,3.648
18/05/2023 15:53,13.62,341.98,97.91,29369.15,10312.95,9.461455,1.861302,1.818153,3.638
18/05/2023 16:23,13.75,341.31,96.48,29448.5,10218.2,9.71839,0.95811,1.264567,3.646
18/05/2023 16:53,13.75,337.95,95.93,29302,10191.25,9.681126,-1.184643,1.600445,3.642
18/05/2023 17:23,13.69,336.29,96.89,29257.75,10241.95,9.373686,0.704608,2.990538,3.638
18/05/2023 17:53,13.69,333.83,95.76,29289.8,10232.1,8.938271,1.276826,4.168316,3.644
18/05/2023 18:23,13.62,342,95.35,30002.3,10229,8.990248,3.924622,-0.552114,3.64
18/05/2023 18:53,13.62,342.59,94.58,30048.75,10220.65,8.538651,4.707681,-0.152003,3.64
18/05/2023 19:23,13.62,339.48,94.63,29765.1,10271,7.551121,6.117388,0.724711,3.64
18/05/2023 19:53,13.38,338.4,93.59,29755.2,10197.45,8.432249,4.785645,0.342252,3.646
18/05/2023 20:23,13.31,346.73,92.89,30394.5,10152.2,7.709499,5.921745,-0.002942,3.64
18/05/2023 20:53,13.31,339,93.68,29875.25,10222.15,9.208936,3.097431,-0.100518,3.64
18/05/2023 21:23,13.19,337.9,92.78,29827.3,10133.8,9.760069,1.261135,0.863476,3.642
18/05/2023 21:53,13.12,336.58,94.2,29733.1,10293.3,9.103023,2.134417,3.219033,3.638
18/05/2023 22:24,13.06,336.23,93.54,29678.6,10216.15,9.415854,2.334473,1.806875,3.638
18/05/2023 22:54,13.06,337.23,94.81,29755.1,10353.95,9.035357,3.21511,1.757352,3.64
18/05/2023 23:24,13,332.95,93.58,29400.8,10197.25,8.460197,3.929035,3.164116,3.64
18/05/2023 23:54,13,334.73,87.63,29456.3,9561.2,7.245645,4.904305,-4.401224,3.638
19/05/2023 00:24,13,330.44,86.25,29087.55,9394.1,7.882094,3.696126,-4.426232,3.638
19/05/2023 00:54,12.94,326.43,86.81,28748.8,9453.5,8.562187,4.145271,-2.236407,3.642
19/05/2023 01:24,12.94,323.19,84.81,28495.65,9239.5,8.701441,3.678474,-2.516386,3.64
19/05/2023 01:54,12.94,322.83,86,28495.5,9361.35,9.610517,1.955936,-1.06157,3.64
19/05/2023 02:24,13,321.86,86.34,28311.2,9383.3,9.298177,2.393804,-1.56269,3.638
19/05/2023 02:54,13.06,321.96,86.27,28366.15,9384.1,9.228058,3.306312,-0.331465,3.638
19/05/2023 03:24,13.12,321.51,87.25,28362.35,9498.25,9.42272,2.347222,-1.334195,3.638
19/05/2023 03:54,13.12,324.72,87,28662.7,9473.95,9.67132,1.322917,-0.171616,3.644
19/05/2023 04:24,13.19,320.23,87.71,28325.45,9542.3,9.900305,0.046582,0.086789,3.642
19/05/2023 04:54,13.25,319.59,88.28,28284.1,9601.3,9.842445,-0.580063,0.571237,3.638
19/05/2023 05:24,13.25,323.61,88.01,28550.55,9547.15,9.804197,-0.004903,1.286142,3.638
19/05/2023 05:54,13.25,315.49,88.72,27899.7,9581.4,9.627188,1.811779,1.143455,3.638
19/05/2023 06:24,13.31,318.4,88.11,28004.8,9498.55,8.730371,4.251672,-0.941929,3.64
19/05/2023 06:54,13.31,320.49,86.77,28172.1,9335,8.941214,3.24502,-2.454605,3.642
19/05/2023 07:24,13.31,320.23,86.66,28163.15,9281.95,8.27289,3.448019,-3.953551,3.636
19/05/2023 07:54,13.38,330.4,92.38,28926.4,9916.2,8.571993,3.211678,-3.394572,3.638
19/05/2023 08:24,13.38,326.68,92.59,28570.55,9851.7,8.778425,3.033196,-3.085662,3.638
19/05/2023 08:54,13.38,325.83,91.77,28576.4,9867.05,9.258459,2.473238,-2.088326,3.638
19/05/2023 09:24,13.25,322.97,93.05,28332.55,9945.1,9.17069,2.915027,-1.824037,3.638
19/05/2023 09:54,13.19,321.28,91.88,28242.25,9874.75,9.508038,2.275633,0.681562,3.638
19/05/2023 10:24,13.19,316.55,91.34,27948.75,9855.8,9.611498,1.192489,1.840218,3.64
19/05/2023 10:54,13.12,321.14,92.25,28326.75,9940.9,9.400655,2.386939,1.667621,3.638
19/05/2023 11:24,13.06,321.71,90.72,28404,9775,8.734781,4.333559,0.787964,3.634
19/05/2023 11:54,13,325.13,92.12,28574.5,9844.35,8.696046,4.421819,0.340291,3.64
19/05/2023 12:25,13,326.23,93.93,28648.9,10000.55,7.282418,5.901641,2.72772,3.638
19/05/2023 12:55,13.06,316,94.11,27768.05,9994.35,7.667331,5.226945,3.228349,3.64
19/05/2023 13:25,13.12,319.15,92.4,28061.5,9887.7,7.665858,5.610875,2.336435,3.638
19/05/2023 13:55,13.12,315.21,93.81,27709.1,9979,8.970633,3.735352,1.1361,3.638
19/05/2023 14:25,13.25,319.54,93.77,28025.1,9955.3,9.2006,2.952782,1.590638,3.638
19/05/2023 14:55,13.31,323.91,94.13,28271.95,9984.95,9.407518,2.306034,1.643594,3.636
19/05/2023 15:25,13.5,328.03,94.49,28541.2,9983.95,8.815688,3.861369,1.443049,3.638
19/05/2023 15:55,13.5,320.83,93.39,28150.95,9994,9.366331,2.812057,1.035582,3.64
19/05/2023 16:25,13.5,321.71,93.49,27816.3,9904.5,9.760069,1.425397,1.47394,3.638
19/05/2023 16:55,13.69,321.76,92.15,28087.7,9856.75,9.942472,0.244676,0.54623,3.638
19/05/2023 17:25,13.69,326.01,91.85,28293.25,9801.8,9.773798,-0.296161,1.352337,3.634
19/05/2023 17:55,13.69,322.8,93.68,28008.2,9973.35,9.706132,0.052466,1.911316,3.638
19/05/2023 18:25,13.69,323.49,92.97,28273.45,9947.25,9.167254,0.429041,3.61277,3.634
19/05/2023 18:55,13.69,323.92,93.1,28413.95,10069.35,7.801189,0.746776,6.109544,3.636
19/05/2023 19:25,13.56,290.86,92.88,26049,10039.15,7.228972,0.891424,6.821506,3.636
19/05/2023 19:55,13.5,292.18,92.93,25856.2,10055.5,6.640082,4.238925,6.067375,3.638
19/05/2023 20:25,13.5,307.17,92.37,27184,10024.8,8.059105,5.376496,1.064512,3.64
19/05/2023 20:55,13.5,310.25,92.83,27483.7,10095.65,8.867664,4.073192,0.36873,3.638
19/05/2023 21:25,13.38,308.43,92.12,27374.7,10000.6,9.161373,3.492148,-0.050014,3.638
19/05/2023 21:55,13.25,292.8,91.65,26197.35,9938.9,9.66102,1.941717,1.383228,3.638
19/05/2023 22:25,13.25,289.6,91.86,25991.1,9959.95,9.708094,0.293219,1.737738,3.636
19/05/2023 22:55,13.12,281.84,92.17,25310.15,9986.6,9.179515,3.102334,1.520521,3.636
19/05/2023 23:25,13.12,286.38,92.05,25678.7,9983.25,8.724977,3.279344,3.057224,3.638
19/05/2023 23:55,13.12,303.99,90,27006.75,9771.65,7.278005,5.172518,4.031023,3.638
20/05/2023 00:25,13.06,314.26,90.67,27739.55,9864.05,6.903391,6.126706,-3.070952,3.64
20/05/2023 00:55,13,309.67,93.16,27391.7,10124.9,6.241933,6.868088,-2.694377,3.636
20/05/2023 01:25,13,321.27,93.5,28288.2,10177,7.945839,3.968751,-4.152626,3.636
20/05/2023 01:55,13,305.91,93.54,27204.25,10165.7,7.823743,3.551969,-4.577744,3.634
20/05/2023 02:25,13.06,313.85,93.19,27734.3,10124.1,8.679377,1.615646,-4.308062,3.636
20/05/2023 02:56,13.06,302.86,92.63,26852.45,10073.85,8.723997,3.705443,-2.312898,3.636
20/05/2023 03:26,13.06,304.73,92.44,26982.25,10082.2,8.992208,2.923852,-2.560026,3.636
20/05/2023 03:56,13.19,300,92.46,26631.75,10062.2,9.467339,2.164327,-0.815423,3.634
20/05/2023 04:26,13.19,305.53,92.14,26971.85,10002.75,9.592866,2.317312,-0.430512,3.634
20/05/2023 04:56,13.19,302.1,92.13,26777.55,9998.05,9.772817,1.314582,0.222121,3.636
20/05/2023 05:26,13.19,300.07,92.67,26589.8,10032.05,9.83656,-0.047562,0.746286,3.638
20/05/2023 05:56,13.25,302.29,92.15,26752.35,9957.85,9.698776,-0.826701,0.746776,3.636
20/05/2023 06:26,13.25,302.01,92.26,26681.3,9929.8,9.826263,0.694801,1.128255,3.636
20/05/2023 06:56,13.25,303.23,91.54,26716.85,9838.3,9.353092,2.593859,1.949072,3.634
20/05/2023 07:26,13.38,304.43,93.12,26721.1,9951.5,8.162075,5.059251,1.787752,3.634
20/05/2023 07:56,13.38,303.51,93.68,26556.2,9988.75,8.74214,4.383082,0.467287,3.634
20/05/2023 08:26,13.38,302.9,92.75,26556.9,9851.85,9.078996,3.562756,-0.431493,3.636
20/05/2023 08:56,13.44,303.85,93.6,26612.7,9913.75,9.006917,3.799096,-1.005672,3.634
20/05/2023 09:26,13.44,286.69,94.77,25399.95,10021.5,8.780874,4.215879,-0.797281,3.632
20/05/2023 09:56,13.31,292.35,94.25,25907.75,9975.2,8.548457,4.666005,0.268702,3.634
20/05/2023 10:26,13.31,285.83,92.53,25318.9,9819.65,9.550206,1.640162,1.764216,3.632
20/05/2023 10:56,13.19,292.76,94.2,25938.25,9920.65,9.434488,2.432049,1.113545,3.634
20/05/2023 11:26,13.19,281.3,90.46,25135.1,9611.75,9.113319,3.098411,2.002518,3.638
20/05/2023 11:56,13.19,292.65,90.04,25949.65,9575.95,8.648974,4.035436,2.135889,3.634
20/05/2023 12:26,13.12,293.53,89.12,25974,9526.7,9.435959,2.146185,1.471488,3.634
20/05/2023 12:56,13.12,282.2,89.17,25175.15,9503.3,8.022329,5.451517,0.886521,3.634
20/05/2023 13:26,13.12,294.77,87.6,26016.25,9322.3,7.134338,6.589087,0.269193,3.634
20/05/2023 13:56,13.25,289.38,87.97,25751.05,9525.25,8.769106,2.437443,-3.524511,3.634
20/05/2023 14:26,13.31,289.57,88.84,25673.25,9498.8,7.125022,6.018831,-2.518348,3.634
20/05/2023 14:56,13.38,289.61,88.25,25602.7,9510.6,8.948568,2.862071,-2.657602,3.632
20/05/2023 15:26,13.38,294.91,88.64,26030.3,9529.4,8.878939,3.365152,-2.021641,3.638
20/05/2023 15:56,13.44,286.12,87.53,25225,9315.7,9.193243,2.787541,-1.581813,3.634
20/05/2023 16:26,13.5,289.73,87.5,25410.3,9320.15,9.591394,1.634768,-0.965955,3.638
20/05/2023 16:57,13.5,284.83,86.83,25193.3,9358.2,9.756146,0.356962,-0.754622,3.636
20/05/2023 17:27,13.56,290.58,86.97,25613.5,9351.15,9.847838,0.982626,-0.173578,3.632
20/05/2023 17:57,13.56,290.97,86.98,25521.8,9343.5,9.932174,-0.612916,0.551134,3.636
20/05/2023 18:27,13.56,293.01,88.99,25760,9534.15,9.702209,-0.440319,1.488159,3.632
20/05/2023 18:57,13.56,284.5,86.75,25304.2,9318.4,9.414873,2.119217,1.565141,3.632
20/05/2023 19:27,13.5,284.13,86.21,25243.75,9297.75,9.535986,2.600724,0.323129,3.632
20/05/2023 19:57,13.44,281.12,85.92,24999.85,9284.8,9.325633,3.137147,-0.962523,3.63
20/05/2023 20:27,13.44,289.38,87.06,25560.45,9428.1,8.423422,4.506156,-1.9324,3.63
20/05/2023 20:57,13.38,292.14,87.25,25783.75,9431,8.674963,4.45369,-0.450616,3.63
20/05/2023 21:27,13.38,276.96,88.12,24766.75,9511.35,8.616122,4.446335,0.85563,3.634
20/05/2023 21:57,13.38,279.02,88.44,24871.55,9521,8.765674,4.395341,-0.105912,3.632
20/05/2023 22:27,13.31,262.16,87.14,23694.6,9376.45,9.220703,3.256298,0.947323,3.63
20/05/2023 22:57,13.31,291.13,86.35,25742.15,9286.9,9.777719,1.074319,1.006162,3.632
20/05/2023 23:27,13.25,287.8,86.45,25440.9,9318.6,9.567368,2.3889,0.783061,3.63
20/05/2023 23:57,13.25,284.19,86.51,25219.85,9320.1,8.75881,4.048676,1.22338,3.634
21/05/2023 00:27,13.12,259.27,86.34,23491.4,9297.85,8.562677,3.646603,2.942976,3.63
21/05/2023 00:57,13.06,291.33,86.78,25807.1,9382.2,5.191151,8.194437,-0.474152,3.632
21/05/2023 01:27,13.06,292.46,86.2,25722.6,9309.8,7.495223,2.986615,-5.27941,3.634
21/05/2023 01:57,13.06,275.95,84.01,24607,9080.45,6.869559,6.021774,-3.217072,3.63
21/05/2023 02:27,13.06,289.23,85.7,25440.5,9245.5,8.407731,3.0381,-4.076134,3.632
21/05/2023 02:57,13.06,293.01,87.04,25677.4,9375.55,8.28662,1.804423,-4.774858,3.63
21/05/2023 03:27,13.06,266.83,86.37,23920,9329.15,9.188831,2.112843,-2.72821,3.63
21/05/2023 03:57,13.06,263.22,86.5,23726.3,9330.55,9.323183,2.210419,-1.577399,3.63
21/05/2023 04:27,13.06,286.84,86.18,25354.9,9287.35,9.409972,2.482554,-0.684994,3.63
21/05/2023 04:57,13.06,289.01,86.6,25516.1,9334.7,9.642878,1.615646,0.095615,3.63
21/05/2023 05:27,13.06,287.89,85.57,25421,9197.15,9.685537,0.871321,0.112286,3.63
21/05/2023 05:57,13.12,287.27,86.39,25344.65,9283.8,9.788507,0.967426,0.032852,3.63
21/05/2023 06:27,13.12,262.98,86.78,23405.65,9283.1,10.105753,-0.982136,0.173578,3.63
21/05/2023 06:58,13.12,271.46,85.31,24007.25,9112.25,9.719862,0.288806,1.840218,3.63
21/05/2023 07:28,13.19,264.05,80.55,23343.3,8556.75,9.042223,3.345539,1.749016,3.63
21/05/2023 07:58,13.25,277.88,80.13,24325.25,8489.7,9.094687,3.475967,0.252521,3.63
21/05/2023 08:28,13.25,265.44,80.7,23345.05,8499.35,8.968672,3.820672,-0.909567,3.63
21/05/2023 08:58,13.38,271.57,85.8,23782.2,8939.35,7.50552,6.056588,-1.407745,3.63
21/05/2023 09:28,13.38,266.71,83.66,23333.6,8751.4,8.991228,3.803019,1.160127,3.63
21/05/2023 09:58,13.38,263.03,85.04,23091.85,8903.3,9.261892,3.162645,0.08875,3.63
21/05/2023 10:28,13.38,243.96,83.68,21393.05,8761.6,9.416835,2.926795,0.612916,3.63
21/05/2023 10:58,13.38,267.91,83.53,23672.5,8728,9.364861,2.254059,1.000769,3.63
21/05/2023 11:28,13.38,274.31,82.42,24223.55,8710,9.630621,1.447952,-0.805126,3.63
21/05/2023 11:58,13.31,266.09,76.5,23463.25,8050,8.408712,4.237945,3.016525,3.63
21/05/2023 12:28,13.31,241.54,79.64,21222.35,8553.15,8.53816,3.392611,3.46567,3.63
21/05/2023 12:58,13.19,246.13,79.77,21944.2,8530.4,6.362064,5.312753,5.455929,3.63
21/05/2023 13:28,13.19,254.22,81.55,22735.4,8652.5,6.458169,6.02962,4.280112,3.63
21/05/2023 13:58,13.12,259.81,84.27,23295.75,8979.2,6.491511,6.729814,-2.512464,3.63
21/05/2023 14:28,13.19,264.37,83.07,23491.75,8826.25,7.481004,5.396109,-3.317099,3.63
21/05/2023 14:58,13.19,256.92,83.53,22790.35,8886.15,7.97771,4.249712,-3.554911,3.63
21/05/2023 15:28,13.25,246.42,83.9,21808.8,8898.55,7.74333,5.344625,-2.420281,3.63
21/05/2023 15:58,13.31,222.57,80.75,20046.45,8521.15,9.258457,2.901298,-1.167972,3.63
21/05/2023 16:28,13.31,247.01,82.26,21844.8,8773.65,9.357505,2.227581,-1.967704,3.63
21/05/2023 16:58,13.31,272.16,81.74,23884.25,8707.5,9.70368,0.839449,-0.711473,3.63
21/05/2023 17:28,13.31,272.57,81.05,23766.45,8638.3,9.710055,1.35724,-0.100028,3.63
21/05/2023 17:58,13.31,263.03,82.19,23022.15,8762.55,9.874315,0.282432,-0.768351,3.63
21/05/2023 18:28,13.31,283.62,79.9,24784.5,8535,9.807139,-0.142687,0.788945,3.63
21/05/2023 18:58,13.31,274.32,77.53,23967.05,8300,9.685047,-0.171126,2.024583,3.63
21/05/2023 19:28,13.31,278.84,76.61,24341,8209.25,9.438901,2.407042,1.546509,3.63
21/05/2023 19:58,13.31,279.81,76.41,24488.4,8200.1,8.605335,4.45369,1.363615,3.63
21/05/2023 20:28,13.25,281.69,76.42,24516.35,8197,9.167747,3.234723,1.067454,3.63
21/05/2023 20:58,13.25,270.47,76.43,23572.65,8188.3,7.883566,5.312753,-1.900529,3.63
21/05/2023 21:29,13.25,280.76,76.23,24509.15,8166.35,8.968182,3.843226,0.011278,3.63
21/05/2023 21:59,13.25,171.47,74.26,15686.5,7981.95,8.210127,5.174969,-0.232418,3.63
21/05/2023 22:29,13.31,258.34,74.96,22657.5,8054.65,9.208443,3.328867,0.343723,3.63
21/05/2023 22:59,13.25,275.63,79.04,24042.8,8468.4,9.271697,2.795385,-1.122371,3.63
21/05/2023 23:29,13.25,275.35,79.62,24029.5,8536,9.512941,1.936813,2.262885,3.63
21/05/2023 23:59,13.19,209.98,78.63,18632.25,8432.25,9.818419,0.316264,1.729893,3.628
22/05/2023 00:29,13.12,240.61,79.47,20772.85,8530.55,8.972105,3.814786,0.625664,3.63
22/05/2023 00:59,13.12,280.36,78.35,24505.15,8400.25,8.391061,4.961674,0.962523,3.63
22/05/2023 01:29,13.06,209.28,78.57,18578.3,8412.25,9.168727,3.123418,1.690176,3.63
22/05/2023 01:59,13.06,257.5,73.72,22408.9,7925.75,8.65486,4.543911,-0.467777,3.63
22/05/2023 02:29,13.06,248.29,77.45,21833.4,8307.15,7.325077,4.437018,-4.589513,3.63
22/05/2023 02:59,13.06,274.17,71.03,23914.5,7626,7.579561,5.79524,-2.082932,3.63
22/05/2023 03:29,13.06,277.59,71.21,24210.2,7644.25,8.314569,4.192342,-2.765476,3.63
22/05/2023 03:59,13.06,276.46,71.33,24099.4,7648,8.788229,3.837343,-2.013795,3.63
22/05/2023 04:29,13.06,279.19,72.32,24311.85,7741.65,9.102043,3.532355,-0.733047,3.63
22/05/2023 04:59,13.06,277.16,73.43,24163.65,7846.65,9.241298,3.055752,-1.15032,3.628
22/05/2023 05:29,13.06,277.44,74.45,24123.35,7956.65,9.291311,2.994461,0.160339,3.63
22/05/2023 05:59,13.12,277.32,69.01,24128.85,7340.8,9.691913,1.687724,-0.317245,3.626
22/05/2023 06:29,13.12,276.59,67.48,24033.3,7149.65,9.88216,0.288316,0.035794,3.628
22/05/2023 06:59,13.19,274.77,66.74,23924.75,7091.65,9.781643,-0.768351,0.966936,3.63
22/05/2023 07:29,13.19,277.53,66.2,24131.35,7024.6,9.693872,0.568295,1.644575,3.63
22/05/2023 07:59,13.19,279.88,74.9,24303.85,7930.35,9.314357,2.914046,0.238792,3.626
22/05/2023 08:29,13.25,245.17,78.02,21292.9,8240.3,9.038301,3.732411,0.661949,3.628
22/05/2023 08:59,13.25,231.68,75.46,20218.3,7993.05,8.521488,4.524298,-1.374892,3.63
22/05/2023 09:29,13.25,224.54,73.38,19345.1,7638.75,8.510702,4.732689,0.476113,3.63
22/05/2023 09:59,13.38,226.36,74.94,19728.35,7891.65,8.889728,4.064857,0.220159,3.628
22/05/2023 10:29,13.44,233.75,72.94,20292.4,7703.2,9.120676,3.461257,0.061292,3.624
22/05/2023 10:59,13.38,243.29,72.35,21143.35,7611.7,9.510979,2.626221,0.753641,3.628
22/05/2023 11:30,13.38,253.08,74.61,21859.35,7847.4,9.459985,2.472747,2.095681,3.628
22/05/2023 12:00,13.38,247.36,75.34,21507.15,7952.9,9.583058,1.586716,1.857379,3.626
22/05/2023 12:30,13.31,252.56,75.25,21926.15,7941.35,9.774289,1.15032,-0.440319,3.628
22/05/2023 13:00,13.31,260.42,74.26,22563.4,7867.65,9.041732,3.661313,-1.037053,3.626
22/05/2023 13:30,13.25,246.18,76.45,21467.35,8097,8.106176,5.407877,0.376085,3.628
22/05/2023 14:00,13.19,281.62,72.52,24557.15,7713.3,9.042711,2.839025,-2.482063,3.63
22/05/2023 14:30,13.19,277.02,72.21,24226.45,7684.85,8.285639,3.702501,-3.4946,3.624
22/05/2023 15:00,13.19,285.09,68.99,24812.35,7372.25,8.861779,2.148147,-3.489206,3.626
22/05/2023 15:30,13.25,283.87,70.61,24704.75,7554.05,9.06968,0.582025,-3.733882,3.624
22/05/2023 16:00,13.25,277.67,72.26,24190.1,7666.4,8.991228,2.973867,-2.473727,3.63
22/05/2023 16:30,13.25,277.05,72.58,24112,7683.5,9.383002,1.59358,-2.167269,3.626
22/05/2023 17:00,13.38,265.6,70.69,23152.25,7488,9.456063,1.809327,-1.746074,3.63
22/05/2023 17:30,13.44,268.96,72.72,23415.75,7695.6,9.575705,1.451384,-1.581322,3.63
22/05/2023 18:00,13.44,272.64,73.67,23660.5,7820.6,9.650724,1.318504,-0.817384,3.624
22/05/2023 18:30,13.44,275.07,73.09,23851,7766.75,9.777231,0.853179,0.369711,3.626
22/05/2023 19:00,13.5,265.25,72.8,23125.15,7736.45,9.889026,0.157887,0.463855,3.628
22/05/2023 19:30,13.44,265.37,73.23,23131.55,7808.95,9.854214,-0.544759,1.581813,3.624
22/05/2023 20:00,13.44,261.42,73.58,22850.1,7855.55,9.543344,2.154521,0.687446,3.624
22/05/2023 20:30,13.44,258.55,73.32,22611.25,7805.9,9.532555,2.311428,0.671756,3.63
22/05/2023 21:00,13.44,271.84,73.59,23650.85,7843.5,8.459216,4.912641,-0.744325,3.624
22/05/2023 21:30,13.44,273.75,73.62,23827,7835.4,8.788229,4.235982,-0.013239,3.628
22/05/2023 22:00,13.38,271.56,73.25,23634.85,7793.9,8.839713,4.167336,0.042169,3.622
22/05/2023 22:30,13.44,275.78,73.25,23952.6,7799.2,9.01035,3.729469,-0.872792,3.622
22/05/2023 23:00,13.44,270.33,72.76,23562.85,7743.5,9.001525,3.629932,1.735777,3.622
22/05/2023 23:30,13.38,276.38,72.03,23961.25,7675.9,9.118713,3.42105,0.952226,3.622
23/05/2023 00:00,13.31,261.85,72.54,22820.95,7724,9.434978,2.240819,1.001259,3.624
23/05/2023 00:30,13.25,266.05,72.42,23146.9,7712.45,9.790469,1.139533,-0.136803,3.622
23/05/2023 01:00,13.25,270.44,72.42,23544.35,7725.4,9.639448,2.008402,0.247128,3.628
23/05/2023 01:30,13.19,274.51,71.81,23800.4,7646.95,8.94955,3.894711,0.317245,3.622
23/05/2023 02:01,13.19,247.1,70.7,21577.5,7532.8,8.443525,4.696896,-1.09197,3.628
23/05/2023 02:31,13.19,251.55,69.56,21996.75,7400.9,8.518546,4.618932,1.081183,3.622
23/05/2023 03:01,13.12,265.64,70.52,23099.8,7492.95,9.254045,3.147935,0.613896,3.622
23/05/2023 03:31,13.06,267.63,68.94,23261.65,7327.05,8.806863,3.938842,1.60731,3.622
23/05/2023 04:01,13.06,273,70.14,23676.6,7444.25,8.680848,4.312474,0.92869,3.626
23/05/2023 04:31,13.12,260.61,69.6,22683.85,7391.65,8.77303,4.236962,0.694801,3.628
23/05/2023 05:01,13.12,260.04,68.54,22614.7,7276.8,9.414385,2.662996,0.951735,3.622
23/05/2023 05:31,13.19,263.47,69.62,22900.9,7385.1,9.27317,2.59631,1.653401,3.624
23/05/2023 06:01,13.19,259.23,71.23,22593.15,7565.8,9.593357,1.830902,1.146888,3.622
23/05/2023 06:31,13.19,252.17,70.94,22004.6,7508.55,9.851761,0.95811,0.465326,3.622
23/05/2023 07:01,13.25,252.1,70.24,22002.25,7445.75,9.822832,0.068647,0.366769,3.62
23/05/2023 07:31,13.25,250.22,70.37,21782.95,7436.45,9.829206,-0.08826,0.760015,3.624
23/05/2023 08:01,13.38,249.47,70.8,21707.9,7472.85,9.840483,-0.208391,1.034602,3.618
23/05/2023 08:31,13.44,253,71.06,21930.5,7470.45,9.373195,2.408513,1.020872,3.62
23/05/2023 09:01,13.44,257.24,70.68,22273.05,7407.7,9.51441,1.987318,0.249089,3.62
23/05/2023 09:31,13.44,263.55,71.09,22767.75,7433.7,8.451371,4.831736,0.431002,3.62
23/05/2023 10:01,13.5,256.66,70.2,22277.8,7389.25,8.943174,3.964829,0.641355,3.622
23/05/2023 10:31,13.5,266.23,71.31,22992.2,7450,8.70095,4.452219,0.173087,3.618
23/05/2023 11:01,13.5,254.73,69.82,22102.75,7335.6,9.14323,3.234233,-0.598696,3.62
23/05/2023 11:31,13.56,257.24,69.75,22335.75,7337.4,9.497251,2.349183,0.938006,3.622
23/05/2023 12:01,13.5,254.27,70.1,22096.15,7381.8,9.762029,1.123352,1.435203,3.622
23/05/2023 12:31,13.5,252.28,67.96,21891.35,7124.45,9.705641,1.531308,1.171404,3.62
23/05/2023 13:01,13.38,259.6,68.1,22511.3,7171.8,9.530593,1.866205,1.228283,3.62
23/05/2023 13:31,13.31,248.41,67.43,21670.6,7125.9,8.779894,3.482342,2.287401,3.618
23/05/2023 14:01,13.31,253.54,68.46,22048.1,7218.05,8.674963,3.511271,2.951802,3.622
23/05/2023 14:31,13.31,265.85,68.16,22984.35,7154,5.655005,5.629017,5.676089,3.62
23/05/2023 15:01,13.25,256.35,67.52,22364,7135.05,6.896037,6.049722,-3.225407,3.62
23/05/2023 15:31,13.25,252.17,66.73,21985.75,7051.25,7.900237,4.046714,-3.70103,3.62
23/05/2023 16:02,13.25,248.65,67.73,21672.75,7137.4,7.380975,4.917054,-3.911873,3.616
23/05/2023 16:32,13.31,251.16,67.84,21809.75,7143.8,8.950039,3.280815,-2.0795,3.618
23/05/2023 17:02,13.38,253.57,67.87,21985.45,7116.05,8.808333,3.862839,-1.672034,3.618
23/05/2023 17:32,13.38,255.48,67.35,22084.3,7076.4,9.225115,3.274931,-0.371672,3.622
23/05/2023 18:02,13.38,257.28,67.05,22229.05,7043.4,9.721823,1.308697,-0.152003,3.614
23/05/2023 18:32,13.44,252.61,66.86,21896.55,7032.85,9.628659,1.308697,-0.617819,3.616
23/05/2023 19:02,13.38,256.8,67.22,22275.7,7078,9.792922,-0.124544,0.414821,3.616
23/05/2023 19:32,13.38,264,67.02,22882.15,7066.3,9.814494,-0.190739,0.912999,3.616
23/05/2023 20:02,13.44,263.97,66.94,22883.55,7064.55,9.807631,0.243205,1.158166,3.616
23/05/2023 20:32,13.44,261.41,66.58,22611.8,7022.45,9.567367,1.284672,2.178547,3.618
23/05/2023 21:02,13.44,249.67,65.99,21683.5,6965.7,8.895612,2.328589,-3.304351,3.622
23/05/2023 21:32,13.38,240.61,66.42,20996.75,7015.25,9.173631,3.033688,-1.319485,3.616
23/05/2023 22:02,13.38,238.84,66.45,20842.3,7018.95,8.796075,2.202084,-3.712798,3.614
23/05/2023 22:32,13.38,238.73,66.65,20846,7031.25,8.702912,2.788031,-3.488715,3.616
23/05/2023 23:02,13.38,250.93,64.11,21770.45,6777,8.737724,2.498734,-3.574033,3.618
23/05/2023 23:32,13.38,248.22,64.71,21587.3,6836.75,9.231,2.422733,-2.139811,3.612
24/05/2023 00:02,13.38,251.04,65.12,21851.25,6876.8,9.360937,2.475688,-1.530328,3.612
24/05/2023 00:32,13.38,261.61,66.04,22645.55,6962.85,9.871866,0.890444,-0.20643,3.614
24/05/2023 01:02,13.31,264.59,66.31,22911.45,6996.75,9.591393,1.615646,0.997827,3.612
24/05/2023 01:32,13.25,257.75,65.94,22348.25,6954.85,9.366821,2.443817,1.404312,3.62
24/05/2023 02:02,13.25,259.4,65.19,22439.15,6874.15,9.506567,2.335454,-0.135822,3.62
24/05/2023 02:32,13.19,255.94,65.38,22130.65,6876.8,8.399885,4.990114,-0.931632,3.614
24/05/2023 03:02,13.19,259.65,64.7,22466.85,6802.8,8.216501,5.213215,0.853179,3.61
24/05/2023 03:32,13.19,259.93,63.78,22489.45,6697.75,8.267495,5.206841,0.228985,3.614
24/05/2023 04:02,13.19,261.5,63.78,22607.7,6704.35,8.615633,4.609615,0.013239,3.612
24/05/2023 04:32,13.19,257.92,63.99,22329.7,6716.15,9.327595,3.024371,-0.403053,3.612
24/05/2023 05:02,13.19,256.02,64.08,22122.9,6717.05,8.986814,3.781445,-0.384911,3.61
24/05/2023 05:32,13.19,255.69,63.47,22129.1,6633.2,9.155979,3.363191,-0.209372,3.618
24/05/2023 06:02,13.25,250.46,64.16,21713.95,6698.65,9.206973,3.137637,1.34253,3.616
24/05/2023 06:33,13.25,249.31,64.12,21609.9,6698.3,9.598259,1.749506,0.143177,3.612
24/05/2023 07:03,13.38,256.61,64.5,22125.2,6730.25,9.804689,0.742363,-0.123564,3.612
24/05/2023 07:33,13.38,253.13,65.18,21859,6800.25,9.839013,0.005394,0.661458,3.612
24/05/2023 08:03,13.44,257.13,64.82,22224.8,6738.85,9.790959,-0.972329,1.053234,3.604
24/05/2023 08:33,13.5,255.12,64.39,21952.75,6692.4,9.653666,0.882599,1.877483,3.606
24/05/2023 09:03,13.5,254.8,64.35,21895.55,6661.1,9.48205,2.200612,0.543779,3.61
24/05/2023 09:33,13.56,262.97,64.36,22483.15,6621.75,9.089785,3.633854,0.652633,3.614
24/05/2023 10:03,13.62,259.68,61.78,22178.4,6360.9,8.999073,3.62699,1.447461,3.604
24/05/2023 10:33,13.62,256.25,63.42,22040.6,6488.85,8.50874,4.754755,0.154945,3.614
24/05/2023 11:03,13.62,258.88,63.65,22255.25,6505.15,8.605335,4.60079,-0.639394,3.612
24/05/2023 11:33,13.62,259.49,63.88,22257.5,6539.9,9.430074,2.368306,0.252031,3.612
24/05/2023 12:03,13.69,258.18,60.47,22157.85,6240.3,9.442822,1.825508,1.861793,3.606
24/05/2023 12:33,13.69,255.48,60.29,21995.95,6221.95,9.725746,0.882599,1.126294,3.604
24/05/2023 13:03,13.69,259.13,63.34,22361.1,6606,9.643369,0.946342,1.449913,3.604
24/05/2023 13:33,13.62,259.03,63.25,22379.55,6604.75,9.83705,1.005672,1.600445,3.604
24/05/2023 14:03,13.62,257.51,63.16,22312.45,6608.65,9.470772,2.213361,1.749997,3.602
24/05/2023 14:33,13.56,257.2,61.94,22247.9,6489.7,9.495289,1.841199,1.512676,3.602
24/05/2023 15:03,13.56,266.24,61.98,22940.45,6472.75,8.724485,3.615712,2.782637,3.61
24/05/2023 15:33,13.56,266.98,61.99,23012.6,6456.9,8.060086,4.236473,3.515685,3.602
24/05/2023 16:03,13.5,265.9,61.07,22917.15,6382.8,9.005936,3.102334,2.523741,3.604
24/05/2023 16:33,13.5,262.89,61.79,22726.45,6454.85,8.618084,2.597291,4.205582,3.604
24/05/2023 17:03,13.5,267.72,60.85,23067.25,6363.8,9.332988,2.66986,1.476882,3.602
24/05/2023 17:33,13.5,266.58,61.21,22979.15,6396.3,9.009371,2.605137,3.053791,3.6
24/05/2023 18:03,13.5,261.32,61.8,22558.05,6448.25,9.259439,2.075578,2.264356,3.6
24/05/2023 18:33,13.5,264.44,61.6,22853.45,6435.95,9.635033,1.629865,1.611723,3.602
24/05/2023 19:03,13.5,261.66,61.94,22601.7,6471.9,9.65906,0.61978,2.353106,3.6
24/05/2023 19:33,13.5,258.96,61.59,22516,6448.95,9.655138,0.064724,2.107939,3.6
24/05/2023 20:03,13.5,265.96,61.64,23043.75,6454.5,9.569818,-0.603599,2.475689,3.604
24/05/2023 20:34,13.5,265.46,61.81,22969.45,6472.35,9.358484,-0.778158,3.162154,3.602
24/05/2023 21:04,13.5,259.52,61.65,22559.75,6459.4,9.104985,1.546018,3.497542,3.6
24/05/2023 21:34,13.5,259.35,61.22,22460.25,6410.9,9.378099,2.609059,1.200334,3.602
24/05/2023 22:04,13.5,262.49,61.02,22714,6384.55,9.197168,3.159703,0.907605,3.604
24/05/2023 22:34,13.5,262.47,61.17,22706.6,6403,9.089785,3.172451,2.025564,3.6
24/05/2023 23:04,13.56,262.5,60.76,22737.7,6356.9,8.961807,3.486264,1.825018,3.598
24/05/2023 23:34,13.69,256.3,59.79,22236.55,6268.8,8.727918,3.919228,1.93093,3.6
25/05/2023 00:04,13.69,263.68,59.74,22807.35,6256.8,8.70046,3.975616,1.983886,3.6
25/05/2023 00:34,13.69,261.7,60.51,22688.85,6333.2,9.371725,2.582091,1.304775,3.606
25/05/2023 01:04,13.62,258.03,60.52,22375.9,6335.15,9.448217,1.786281,2.04959,3.602
25/05/2023 01:34,13.5,262.97,60.78,22767.25,6364.8,9.472242,1.128746,2.532567,3.6
25/05/2023 02:04,13.5,264.12,59.56,22868.15,6244.1,9.608557,0.921335,2.060377,3.6
25/05/2023 02:34,13.5,261.87,60.01,22695.3,6286.45,8.8049,2.290833,3.600512,3.602
25/05/2023 03:04,13.44,255.91,60.6,22293.15,6344.8,9.013781,2.551691,3.00868,3.598
25/05/2023 03:34,13.44,243.98,60.53,21487.05,6338.5,8.481281,3.77507,3.17049,3.596
25/05/2023 04:04,13.44,238.96,61.1,21135.85,6385.8,9.008389,2.728211,2.933169,3.602
25/05/2023 04:34,13.5,242.07,60.66,21319.35,6344.5,8.996132,2.583072,2.923852,3.598
25/05/2023 05:04,13.5,243.86,60.49,21486.7,6330.7,8.517076,2.880704,4.092805,3.596
25/05/2023 05:34,13.5,248.47,60.86,21796.1,6357.15,9.112338,3.154309,1.638691,3.598
25/05/2023 06:04,13.56,253.23,60.84,22158.55,6354.3,8.776461,4.070251,1.722538,3.596
25/05/2023 06:34,13.56,250.29,59.62,21921.4,6238.45,9.426641,2.225129,2.143243,3.598
25/05/2023 07:04,13.56,240.59,59.87,21132.15,6259.2,9.650724,1.113055,1.404312,3.596
25/05/2023 07:34,13.5,243.42,60.05,21369.75,6274.55,9.653176,1.384209,1.601426,3.596
25/05/2023 08:04,13.56,240.35,60.2,21125.75,6266,9.68701,0.919373,1.4151,3.6
25/05/2023 08:34,13.56,236.96,60.1,20808.55,6242.45,9.686518,-0.509455,1.671053,3.594
25/05/2023 09:04,13.75,240.88,60.63,21193.95,6290.5,9.622286,-1.288103,2.223168,3.598
25/05/2023 09:34,13.81,244.88,61.77,21486.7,6419.35,8.904437,0.570747,4.279623,3.596
25/05/2023 10:04,13.81,251.68,62.57,21878.85,6476.05,8.871096,1.443049,4.233531,3.596
25/05/2023 10:35,13.81,247.15,60.25,21636.6,6290.65,8.77352,2.393313,3.934428,3.596
25/05/2023 11:05,13.75,208.88,60.29,18922.65,6287.35,8.015465,3.973655,4.137425,3.592
25/05/2023 11:35,13.75,223.69,60.34,19974.85,6293.05,8.827946,3.491658,2.233465,3.596
25/05/2023 12:05,13.75,235.87,59.48,20829.55,6198.25,8.115494,3.888827,4.141348,3.592
25/05/2023 12:35,13.81,237.65,59.88,21015.5,6243.75,9.180496,2.836574,2.035861,3.59
25/05/2023 13:05,13.88,249.97,59.14,21877.5,6184.9,9.494799,2.095681,1.568083,3.592
25/05/2023 13:35,13.88,254.94,59.7,22237.1,6175.05,9.387414,0.67862,3.364661,3.588
25/05/2023 14:05,13.81,254.78,59.65,22226.3,6200,9.58551,0.774725,2.643383,3.592
25/05/2023 14:35,13.75,259.32,58.88,22594.85,6122.55,9.200601,2.633576,1.970647,3.592
25/05/2023 15:05,13.75,261.86,58.91,22866.1,6126,8.857857,3.11067,2.903259,3.592
25/05/2023 15:35,13.75,252.88,60.48,22167.05,6335.75,8.31702,2.522761,4.746419,3.59
25/05/2023 16:05,13.69,257.82,61.04,22545.7,6404.6,8.245432,3.67063,3.917757,3.59
25/05/2023 16:35,13.69,259.37,61.53,22607.75,6443.65,9.177554,2.260433,2.840987,3.592
25/05/2023 17:05,13.69,256.95,60.84,22479.6,6384,8.737236,2.84589,3.485774,3.592
25/05/2023 17:35,13.69,261.55,57.96,22762.55,6084.95,8.841185,2.899336,3.004267,3.592
25/05/2023 18:05,13.69,260.61,55.82,22738.6,5886.65,9.045163,2.753217,2.582581,3.596
25/05/2023 18:35,13.69,256.52,61.34,22408.95,6415.8,8.824514,2.627692,3.520097,3.592
25/05/2023 19:05,13.81,256.68,61.74,22421,6461.35,9.094687,2.340848,3.205304,3.596
25/05/2023 19:35,13.81,256.15,61.05,22401.55,6403.4,9.428604,1.90249,2.048609,3.59
25/05/2023 20:05,13.81,235.75,60.96,20726.75,6389.4,9.228059,1.537683,2.729681,3.596
25/05/2023 20:35,13.81,228.95,61.09,20166.65,6407.5,9.508037,0.617329,2.926795,3.588
25/05/2023 21:05,13.81,246.73,61.28,21540.95,6433.2,9.613949,-0.969387,2.078519,3.59
25/05/2023 21:35,13.81,260.18,61.31,22751.1,6430.4,8.542084,-1.477862,4.853311,3.594
25/05/2023 22:05,13.81,261.53,61.95,22886.9,6489.5,8.441565,1.809327,4.875867,3.594
25/05/2023 22:35,13.81,261.95,62.13,22917.9,6508.35,7.908573,3.034668,5.052876,3.588
25/05/2023 23:05,13.81,259.02,61.95,22650.15,6480.55,7.658013,3.469103,5.195073,3.59
25/05/2023 23:35,13.81,261.67,61.63,22904.85,6457.85,6.822977,4.215879,5.842803,3.588
26/05/2023 00:05,13.81,265.77,61.95,23127.9,6494.25,7.857088,3.092528,5.044541,3.586
26/05/2023 00:35,13.75,255.8,61.88,22424.7,6488.7,8.219934,2.755178,4.724844,3.588
26/05/2023 01:06,13.75,266.37,61.79,23192.75,6479.5,7.584464,2.450191,5.889874,3.582
26/05/2023 01:36,13.75,225.56,62.15,19905.9,6524.4,8.903948,2.662506,3.282286,3.586
26/05/2023 02:06,13.69,235.46,61.96,20683.35,6494.6,9.034378,-0.892896,4.226666,3.588
26/05/2023 02:36,13.69,254.2,61.52,22334.95,6453.05,8.590136,1.199844,4.633152,3.586
26/05/2023 03:06,13.69,258.63,61.74,22727.3,6475.5,8.841186,1.973588,4.000623,3.584
26/05/2023 03:36,13.62,256.91,62.37,22587,6542.75,7.318213,2.700262,6.0306,3.586
26/05/2023 04:06,13.62,258.98,61.54,22737.8,6454,8.480791,3.546085,3.498032,3.586
26/05/2023 04:36,13.62,254.46,61.5,22359.25,6457.5,7.097563,3.192065,6.167892,3.586
26/05/2023 05:06,13.62,248.08,61.08,21868.35,6414.85,7.733524,2.708597,5.415722,3.586
26/05/2023 05:36,13.56,258.05,61,22670.75,6403.6,7.675175,3.19942,5.24999,3.588
26/05/2023 06:06,13.56,260.32,61.91,22892.8,6494.35,8.37537,2.750766,4.38112,3.586
26/05/2023 06:36,13.56,242.44,61.68,21465.2,6453,8.202282,1.900038,4.930293,3.582
26/05/2023 07:06,13.62,247.22,61.67,21883.95,6456.2,8.901495,2.072145,3.807922,3.588
26/05/2023 07:36,13.62,246.2,61.21,21807.55,6409.85,7.901708,2.00595,5.696683,3.584
26/05/2023 08:06,13.62,243.53,61.25,21626,6396.85,8.502365,2.058906,4.607655,3.584
26/05/2023 08:36,13.75,237.03,60.68,21143.15,6306.55,8.845599,1.149339,4.185479,3.582
26/05/2023 09:06,13.75,247,61.89,21903.1,6418.65,9.389379,0.451106,3.264634,3.588
26/05/2023 09:36,13.81,240.97,61.25,21397,6362.15,9.249142,-0.174068,3.470083,3.582
26/05/2023 10:06,13.81,243.58,61.93,21543.85,6435,8.447448,-0.647729,4.888615,3.582
26/05/2023 10:36,13.94,224.82,61.9,20132.6,6439.95,6.610171,-0.244676,7.5776,3.584
26/05/2023 11:06,13.94,229.08,61.79,20533.95,6408.5,7.153461,1.432261,6.788164,3.58
26/05/2023 11:36,13.94,203.64,61.41,18675.5,6370.05,6.422865,1.730874,7.136298,3.578
26/05/2023 12:06,13.94,206.1,61.39,18854.5,6360.75,6.758254,2.157463,6.935263,3.58
26/05/2023 12:36,13.94,216.99,61.12,19632.4,6339.75,7.750197,1.817663,5.866337,3.584
26/05/2023 13:06,14,209.51,62.03,19190.85,6425.7,7.465802,1.871109,6.286063,3.58
26/05/2023 13:36,14,214.88,61.35,19533.25,6376.25,7.966432,-0.472681,5.967347,3.58
26/05/2023 14:06,13.94,220.2,60.74,19896.6,6332.3,6.536132,-1.031659,7.377052,3.578
26/05/2023 14:36,13.94,210.36,53.01,19267.45,5767.55,9.721825,0.872792,1.068434,3.58
26/05/2023 15:07,13.94,218.41,53.58,19882.25,5835.35,9.787527,0.649691,0.490332,3.578
26/05/2023 15:37,13.88,213.26,53.77,19504.05,5863.75,9.462925,1.716163,2.238858,3.58
26/05/2023 16:07,13.81,213.48,53.98,19578.5,5870.75,8.700951,2.558064,4.000623,3.578
26/05/2023 16:37,13.81,216.58,55.37,19784.8,6020.2,8.047338,3.062126,4.917055,3.582
26/05/2023 17:07,13.81,210.97,55.1,19364.25,6004.8,8.051259,3.89324,4.255596,3.58
26/05/2023 17:37,13.81,206.85,55.6,19066.15,6022.3,7.12208,3.6569,5.651573,3.582
26/05/2023 18:07,13.88,205.4,55.67,18804.5,6050.2,8.693595,2.491379,3.728979,3.578
26/05/2023 18:37,13.88,217.11,56.09,19661.65,6095.45,7.897295,3.966789,4.326203,3.578
26/05/2023 19:07,13.88,220.42,55.84,19982.9,6074.7,9.364861,2.252588,2.371739,3.582
26/05/2023 19:37,13.88,218.65,54.98,19854.6,5989.65,9.226097,2.873349,1.817172,3.582
26/05/2023 20:07,13.88,221.28,55.41,20063.9,6045.05,9.602671,1.579361,2.119217,3.578
26/05/2023 20:37,13.88,224.55,55.49,20367.75,6052.3,9.813515,0.970368,-0.400111,3.578
26/05/2023 21:07,13.88,219.83,55.77,20025.1,6075.45,9.852743,0.894367,1.773533,3.578
26/05/2023 21:37,13.88,209.22,55.26,19181.65,6035.3,9.837051,-0.167203,1.876502,3.578
26/05/2023 22:07,13.88,248.15,55.14,21920.2,6015.2,9.489406,-0.785022,2.119708,3.578
26/05/2023 22:37,13.88,245.65,55.63,21855.7,6063,9.032415,3.074384,2.436953,3.578
26/05/2023 23:07,13.88,240.91,55.54,21395.5,6066.65,9.193734,2.716933,2.238368,3.578
26/05/2023 23:37,13.88,246.02,54.82,21860.45,5992.45,8.945626,2.83069,3.044965,3.578
27/05/2023 00:07,13.81,235.91,55.37,20966.7,6042.35,9.043694,3.078308,2.149127,3.578
27/05/2023 00:37,13.81,242.73,55.69,21543.1,6085.35,8.650938,2.921891,3.970712,3.578
27/05/2023 01:07,13.81,245.92,55.18,21844.4,6023.75,8.791662,3.128321,3.271008,3.578
27/05/2023 01:37,13.81,246.52,55.22,21833.25,6036.15,9.120186,2.167269,2.858639,3.58
27/05/2023 02:07,13.75,251.36,55.48,22215.25,6058.1,9.037809,0.481997,4.037398,3.578
27/05/2023 02:37,13.75,243.68,55.43,21595.7,6046.1,8.90787,-0.748247,4.403676,3.578
27/05/2023 03:07,13.75,250.13,55.5,22104.15,6057,9.205994,1.661737,2.714971,3.578
27/05/2023 03:37,13.75,250.08,55.61,22105.95,6064.75,8.811767,2.429598,3.80449,3.578
27/05/2023 04:07,13.69,245.65,54.54,21715.35,5957.2,9.204033,2.166289,2.830199,3.578
27/05/2023 04:37,13.69,250.78,54.54,22170.25,5963.75,8.82059,2.623279,3.600021,3.578
27/05/2023 05:07,13.69,247.17,54.91,21838.25,5995.5,8.808334,3.25924,2.727229,3.578
27/05/2023 05:38,13.62,245.35,55.16,21740.35,6019.7,8.856874,2.52178,3.443115,3.578
27/05/2023 06:08,13.62,246.8,55.08,21850.45,6014.3,8.923071,2.121179,3.774089,3.578
27/05/2023 06:38,13.62,248.35,54.98,21946.9,5991.6,8.71468,2.778715,3.773108,3.578
27/05/2023 07:08,13.62,246.1,54.73,21767.55,5972.5,8.740177,3.192065,3.163135,3.576
27/05/2023 07:38,13.69,245.69,54.78,21698.25,5968.5,9.205012,2.584543,2.46196,3.578
27/05/2023 08:08,13.69,243.28,55.06,21528.5,5988,9.108907,2.148147,3.183239,3.578
27/05/2023 08:38,13.69,245.28,55.05,21629.8,5962.9,9.17265,2.544335,2.441365,3.578
27/05/2023 09:08,13.75,244.16,55.27,21584.4,5997.65,9.18883,2.00595,3.124399,3.576
27/05/2023 09:38,13.75,246.96,55.05,21822.8,5975.05,9.610026,1.14983,1.926026,3.574
27/05/2023 10:08,13.81,253.46,55.16,22212.2,5969.6,9.564917,0.07404,2.03537,3.576
27/05/2023 10:38,13.81,254.71,55.31,22315.6,5986.25,9.687499,-0.180442,2.327118,3.574
27/05/2023 11:08,13.81,251.12,55.36,22033.25,5996.35,8.450389,-2.429107,4.697876,3.574
27/05/2023 11:38,13.88,255.27,55.71,22356.1,5990.35,8.390569,4.900874,1.412158,3.576
27/05/2023 12:08,13.88,251.75,54.76,22038.75,5910.3,4.647371,2.150599,8.74508,3.574
27/05/2023 12:38,13.88,254.94,54.32,22303.3,5840.6,8.857367,3.619144,2.174625,3.574
27/05/2023 13:08,13.88,255.2,54.26,22340,5846.5,9.281015,2.878742,0.983117,3.576
27/05/2023 13:38,13.94,255.31,54.34,22388.5,5866.6,9.486954,2.379094,0.843372,3.576
27/05/2023 14:08,13.94,254.87,54.53,22366.55,5901,9.868433,1.309678,0.053446,3.576
27/05/2023 14:38,13.94,250.48,53.59,22007.3,5808.8,9.52667,1.32733,1.531309,3.576
27/05/2023 15:08,13.88,250.1,54.53,22018.05,5932.7,9.680146,0.048543,1.335175,3.578
27/05/2023 15:38,13.88,246.2,54.91,21731.35,5977.75,9.30406,0.676169,3.152348,3.574
27/05/2023 16:08,13.88,254.06,55.08,22327.2,5998.75,9.231,1.298891,3.511762,3.578
27/05/2023 16:38,13.88,244.09,55.32,21667.3,6027,9.152545,2.06528,2.953273,3.57
27/05/2023 17:08,13.88,246.59,54.85,21962.6,5989.45,8.99368,2.430578,3.31857,3.574
27/05/2023 17:38,13.88,246.03,54.52,21944.45,5939.35,8.777442,2.72919,3.517155,3.574
27/05/2023 18:08,13.88,244.95,54.2,21828.4,5901.05,8.846089,2.800289,3.238647,3.572
27/05/2023 18:38,13.88,242.88,54.31,21563.8,5919.05,9.165786,2.249156,3.183729,3.576
27/05/2023 19:08,13.88,241.79,54.5,21469.85,5940,9.175592,2.333492,2.570813,3.572
27/05/2023 19:39,13.88,239.27,53.41,21292.2,5823.75,8.89463,2.43352,3.470083,3.572
27/05/2023 20:09,13.88,238.92,53.59,21266.3,5852.55,9.036338,1.815701,3.602963,3.576
27/05/2023 20:39,13.88,240.98,53.45,21383.75,5832.85,9.263362,1.502379,3.212659,3.57
27/05/2023 21:09,13.94,240.17,53.82,21321.25,5865.65,9.27562,1.872089,2.737526,3.572
27/05/2023 21:39,13.94,241.52,53.78,21426.8,5879.75,9.522257,1.129726,2.25651,3.574
27/05/2023 22:09,14,241.58,53.81,21428.55,5879.55,9.507057,0.656065,1.964272,3.57
27/05/2023 22:39,14,240.48,53.72,21344.65,5863.6,9.218742,-1.092461,3.549026,3.57
27/05/2023 23:09,14,237.11,53.35,21068.3,5833.1,9.137345,-0.355491,3.918737,3.574
27/05/2023 23:39,14.06,238.32,53.53,21187.05,5846.55,8.892179,1.711751,3.923151,3.574
28/05/2023 00:09,14,239.06,53.56,21226.4,5856.5,9.043201,2.47814,2.992009,3.57
28/05/2023 00:39,14,239.72,53.83,21306.5,5872.55,8.927484,2.981221,2.810096,3.57
28/05/2023 01:09,14,241.48,53.77,21393.45,5869.25,8.539141,3.540691,3.229331,3.57
28/05/2023 01:39,14,244.21,52.7,21601.5,5737.95,9.030944,2.414397,3.227859,3.57
28/05/2023 02:09,14,242.6,53.35,21497.8,5814.65,8.90836,2.824806,3.005248,3.57
28/05/2023 02:39,14,240.81,53.68,21377.5,5832.65,9.290822,2.370757,2.508051,3.566
28/05/2023 03:09,14,242.99,53.49,21541.5,5826.35,9.151567,1.019401,3.508819,3.568
28/05/2023 03:39,14,242.67,53.75,21501.35,5848.5,9.225116,-0.171616,3.628951,3.564
28/05/2023 04:09,14,243.5,53.49,21572.8,5819.3,8.419497,3.630422,3.545594,3.57
28/05/2023 04:39,13.94,238.76,53.48,21179.45,5828.45,8.967691,-2.090778,3.631402,3.57
28/05/2023 05:09,13.94,241.95,54.15,21470.65,5919.15,7.951721,-2.517367,5.348548,3.568
28/05/2023 05:39,13.94,241.28,54.63,21389.75,5967.25,7.435402,0.041678,6.542506,3.566
28/05/2023 06:09,13.94,241.72,54.44,21471.9,5955.25,6.830822,-2.12363,6.754331,3.564
28/05/2023 06:39,13.88,245.77,54.95,21756.25,5989.5,7.233875,-2.352615,6.489552,3.566
28/05/2023 07:09,13.88,241.55,55.18,21448.15,6012.8,6.775414,-3.927563,6.197802,3.566
28/05/2023 07:39,13.88,238.1,56.34,21167.05,6127.7,7.061279,-4.268835,5.701586,3.566
28/05/2023 08:09,13.94,238.85,57.24,21174.95,6208.75,7.814429,-3.276892,5.151923,3.57
28/05/2023 08:39,13.94,239.67,60.47,21245.85,6517.1,7.59574,-2.409984,6.091401,3.562
28/05/2023 09:09,13.94,234.57,60.16,20855.7,6451.2,8.154229,-2.865993,4.661101,3.562
28/05/2023 09:40,13.94,240.25,64.5,21324,6848.6,8.46559,-2.101565,4.592945,3.562
28/05/2023 10:10,13.94,245.01,64.11,21649.25,6814.25,8.611219,-2.258962,4.411521,3.56
28/05/2023 10:40,13.94,229.99,65.81,20562.95,6961.8,8.607298,-2.171193,4.387005,3.564
28/05/2023 11:10,13.94,237.56,65.59,21087.75,6939.45,9.046144,-1.575929,3.705933,3.56
28/05/2023 11:40,14,240.9,64.58,21295.85,6847.5,9.383983,-1.749506,2.614453,3.568
28/05/2023 12:10,14.06,244.71,64.7,21589.55,6868.55,9.688971,-1.587697,1.315562,3.562
28/05/2023 12:40,14.06,241.96,65.17,21381,6932.05,8.874039,-4.236963,1.701454,3.56
28/05/2023 13:10,14.12,243.42,64.24,21497.7,6838.4,8.24494,-4.70425,2.941505,3.56
28/05/2023 13:40,14.12,243.82,65.59,21526.6,6959.95,8.048318,-4.192833,4.177143,3.562
28/05/2023 14:10,14.12,243.22,65.27,21495.5,6940.75,7.920832,-4.487523,4.079566,3.562
28/05/2023 14:40,14.12,242.61,65.05,21452.45,6926.1,8.112552,-4.947455,3.049378,3.56
28/05/2023 15:10,14.06,239.68,64.37,21245.65,6848,8.224347,-4.537538,3.28768,3.562
28/05/2023 15:40,14.06,244.99,63.7,21672.65,6799.95,9.751733,0.777667,-1.131197,3.56
28/05/2023 16:10,14.06,242.8,63.45,21440.05,6773.4,9.586492,-0.92869,1.996634,3.56
28/05/2023 16:40,14.06,243.43,64.09,21490.85,6841.25,9.848327,-0.610954,1.244954,3.56
28/05/2023 17:10,14.06,241.24,64.32,21342.2,6864.15,9.753203,-1.212102,1.893174,3.556
28/05/2023 17:40,14.06,239.6,63.73,21179.65,6806,9.520296,0.25105,2.611511,3.558
28/05/2023 18:10,14,245.61,63.82,21681,6806.85,5.64716,-5.543209,4.477716,3.558
28/05/2023 18:40,14.12,243.63,64.24,21473.45,6866.45,8.393511,3.875587,3.340146,3.558
28/05/2023 19:10,14.12,241.11,65.61,21301.65,6997.55,9.075075,2.984164,2.52129,3.562
28/05/2023 19:40,14.12,236.96,65.06,20989.65,6941.3,7.748234,3.286699,5.126916,3.56
28/05/2023 20:10,14.19,238.54,64.05,21090.3,6847.9,8.872076,2.045667,3.858426,3.556
28/05/2023 20:40,14.12,233.94,64.73,20762.55,6907,7.969865,4.533124,3.614241,3.556
28/05/2023 21:10,14.12,233.09,63.88,20677.35,6828.65,9.660532,1.43079,1.068435,3.556
28/05/2023 21:40,14.12,232.67,64.54,20680.65,6905.15,8.952002,2.754198,3.113121,3.554
28/05/2023 22:10,14.06,229.84,63.93,20431.05,6839.95,9.570311,0.510927,1.763726,3.554
28/05/2023 22:40,14.06,233.61,64.43,20743.05,6878.45,9.666416,-0.36873,1.237599,3.56
28/05/2023 23:10,14,233.08,62.9,20638.85,6738.2,9.767424,-0.586438,0.600167,3.558
28/05/2023 23:40,14,234.82,62.39,20789.55,6688,9.989054,-0.890934,0.811991,3.554
29/05/2023 00:11,14,233.38,63.44,20678.35,6795.45,9.691912,-0.319206,1.794617,3.554
29/05/2023 00:41,14,226.39,63.83,20104.3,6809.05,9.54285,-1.290065,2.545316,3.554
29/05/2023 01:11,14,231.41,62.71,20519,6727.9,9.212366,-0.6188,3.738295,3.552
29/05/2023 01:41,14,233.86,62.74,20721.25,6727.4,9.51245,-0.6492,2.723797,3.552
29/05/2023 02:11,14,233.84,63.41,20665.05,6795.55,8.774012,0.403053,4.608145,3.552
29/05/2023 02:41,14,231.64,63.9,20536.65,6844.95,8.997111,0.370691,4.317868,3.552
29/05/2023 03:11,14,232.16,63.56,20557.85,6801.75,9.117734,2.457056,2.733604,3.554
29/05/2023 03:41,14,234.87,64.24,20745,6861.65,9.398204,-0.045111,3.08223,3.552
29/05/2023 04:11,14,233.76,63.92,20670.3,6839.25,9.518825,-0.351568,3.08223,3.554
29/05/2023 04:41,14,232.74,64.24,20586.25,6870.1,9.488424,-0.436886,2.715462,3.552
29/05/2023 05:11,13.94,239.04,63.79,21090.1,6832.1,9.464397,-2.954744,-0.092183,3.548
29/05/2023 05:41,13.94,233.02,62.54,20601.3,6704,9.870885,-0.267722,0.969387,3.552
29/05/2023 06:11,13.94,232.6,63.8,20578.6,6839.3,9.838032,0.826701,0.79581,3.552
29/05/2023 06:41,13.94,232.94,63.39,20621.35,6776,9.836069,1.001259,0.474642,3.548
29/05/2023 07:11,13.94,232.56,63.67,20580.45,6808.6,9.412912,-0.034814,3.284247,3.548
29/05/2023 07:41,13.81,233.45,63.79,20619.25,6812.5,9.774287,1.34204,1.398428,3.548
29/05/2023 08:11,13.88,229.53,63.34,20336.25,6768.15,9.400655,1.447952,2.332022,3.548
29/05/2023 08:41,13.81,229.44,63.57,20292.95,6782.1,9.662004,1.57789,0.686956,3.55
29/05/2023 09:11,13.81,216.5,63.95,19196.5,6808.15,9.267775,1.529838,3.017016,3.546
29/05/2023 09:41,13.88,216.95,63.48,19342,6759.1,9.32024,1.334685,2.813528,3.548
29/05/2023 10:11,13.94,199.64,63.86,17835.4,6791.7,9.676223,1.509734,0.327052,3.544
29/05/2023 10:41,13.94,213.97,63.79,19090.75,6794.9,9.654646,1.785301,0.64822,3.55
29/05/2023 11:11,13.94,223.82,63.01,19837.5,6693.25,9.656609,0.091692,1.852476,3.544
29/05/2023 11:41,14,225.54,63.86,20006.5,6787.2,9.714468,0.301064,1.450403,3.544
29/05/2023 12:11,14,222.12,63.53,19738.7,6753.3,9.864019,0.632529,1.148849,3.542
29/05/2023 12:41,14.06,224.1,63.89,19827.3,6781.1,9.734571,-0.50161,1.079222,3.544
29/05/2023 13:11,14.06,227.74,63.07,20165.75,6711,9.829206,-0.638413,2.091269,3.542
29/05/2023 13:41,14.12,225.15,63.51,19948.45,6753.4,9.881671,-0.735499,1.067454,3.54
29/05/2023 14:11,14.12,225.66,63.21,19970.45,6725,9.27562,-1.702434,3.476948,3.542
29/05/2023 14:42,14.12,227.81,63.45,20120.65,6734.25,8.854914,3.000345,3.138618,3.544
29/05/2023 15:12,14.12,227.76,63.12,20136.7,6715.5,9.260911,0.755602,3.028294,3.542
29/05/2023 15:42,14.12,229.46,62.68,20294,6662.8,9.160391,2.636028,2.276614,3.538
29/05/2023 16:12,14.12,229.14,62.48,20257.25,6659,9.300138,0.951735,3.152348,3.54
29/05/2023 16:42,14.12,227.6,62.22,20123.25,6643.45,9.890987,-0.114247,-0.275567,3.538
29/05/2023 17:12,14.12,226.56,62.13,20070,6637.5,9.839012,0.535443,-0.037265,3.536
29/05/2023 17:42,14.12,226.54,61.94,20083.05,6616,9.920899,0.301064,0.555056,3.536
29/05/2023 18:12,14.12,220.41,62.08,19529.55,6632.65,9.631601,0.616838,-1.464623,3.536
29/05/2023 18:42,14.06,223.35,62.59,19831.25,6682.95,9.079487,2.173645,3.204813,3.536
29/05/2023 19:12,14.06,224.46,60.93,19928.8,6512.55,8.950529,3.294544,2.191296,3.542
29/05/2023 19:42,14.06,220.62,61.65,19555.55,6579,8.429305,3.963849,3.075366,3.536
29/05/2023 20:12,14.06,215.33,62.01,19212.1,6605.55,8.217973,3.987384,3.774579,3.536
29/05/2023 20:42,14.06,212.31,61.67,18958.85,6577.55,9.091256,2.99348,2.130495,3.538
29/05/2023 21:12,14,213.63,62.29,19075.3,6635.9,7.777654,3.425463,5.090632,3.534
29/05/2023 21:42,14,212.72,61.25,19053.75,6529.75,9.115281,2.790973,2.474218,3.534
29/05/2023 22:12,13.94,210.98,62.18,19007,6624.55,9.510489,2.088326,1.846592,3.536
29/05/2023 22:42,13.94,201.37,62.1,18162.4,6616.25,9.399674,2.185412,1.732835,3.536
29/05/2023 23:12,13.94,199.91,61.94,17985.5,6599.75,9.376139,1.99173,1.54847,3.532
29/05/2023 23:42,13.94,200.17,62.06,18101.45,6599.35,9.694854,1.143455,2.058416,3.534
30/05/2023 00:12,13.94,201.83,61.43,18191.9,6545.35,9.859116,1.024305,1.125803,3.536
30/05/2023 00:42,13.94,197.47,61.6,17909.4,6555.25,9.648763,1.41608,1.462172,3.534
30/05/2023 01:12,13.94,199.77,62.16,18029.1,6612.45,9.625719,-0.106892,2.428127,3.53
30/05/2023 01:42,13.94,194.34,62.08,17640.5,6596.9,9.096647,1.057157,3.522549,3.53
30/05/2023 02:12,13.94,195.65,61.45,17759.05,6549.75,8.846087,1.398428,4.075154,3.536
30/05/2023 02:42,13.94,197.48,61.26,17793.75,6537.9,8.833341,3.903537,1.693118,3.536
30/05/2023 03:12,13.88,199.39,61.71,17977.2,6575.75,8.586702,4.008468,2.620337,3.528
30/05/2023 03:42,13.88,200.33,61.48,18042.45,6555.55,8.747042,3.458315,2.163347,3.528
30/05/2023 04:12,13.88,200.9,61.28,18133.7,6532.75,9.179025,2.424204,2.950821,3.528
30/05/2023 04:43,13.81,192.04,61.51,17389.85,6555.3,8.698008,3.530394,3.131263,3.532
30/05/2023 05:13,13.81,197.17,60.64,17787.25,6451.45,9.155977,3.239136,1.14983,3.528
30/05/2023 05:43,13.81,201.88,61.04,18173.3,6505.45,9.300138,1.672524,3.090075,3.528
30/05/2023 06:13,13.81,201.62,61.64,18162.15,6567.95,8.86325,0.301554,4.720922,3.528
30/05/2023 06:43,13.75,201.89,60.55,18139.55,6461.6,9.307982,1.348415,2.74292,3.528
30/05/2023 07:13,13.75,205.36,60.68,18449,6478.95,8.847559,1.895625,3.734863,3.528
30/05/2023 07:43,13.75,215.47,60.42,19194.25,6443.9,9.354563,1.927497,2.308975,3.528
30/05/2023 08:13,13.75,215.14,60.3,19143,6417.8,8.871585,2.792444,3.173432,3.528
30/05/2023 08:43,13.75,207.79,63.08,18551.2,6690.55,7.149049,3.30288,5.929101,3.528
30/05/2023 09:13,13.75,211.04,59.51,18859.8,6328.7,8.778422,2.386939,3.398494,3.528
30/05/2023 09:43,13.81,212.48,60.1,18895.75,6391.6,8.085583,3.411243,4.560092,3.528
30/05/2023 10:13,13.81,206.99,61.36,18482.3,6502.95,8.422441,3.307293,3.464199,3.528
30/05/2023 10:43,13.88,213.92,60.23,19127.4,6409.55,8.71517,2.734585,3.682397,3.528
30/05/2023 11:13,13.88,210.12,59.06,18704.5,6270.55,8.688202,2.899827,3.764283,3.526
30/05/2023 11:43,13.94,213.35,58.74,19040.25,6234.7,9.279543,2.552671,2.246213,3.526
30/05/2023 12:13,13.94,189.93,58.89,17229.7,6236,8.691142,2.294266,4.061424,3.526
30/05/2023 12:43,14,194.45,58.45,17644.1,6205.5,9.084389,2.618376,2.465882,3.526
30/05/2023 13:13,14.06,192.02,57.63,17421.75,6129.9,9.072622,1.196902,3.25973,3.526
30/05/2023 13:43,14.06,194.49,58.32,17584.8,6198.7,9.394281,1.065002,2.327118,3.528
30/05/2023 14:13,14.12,196.65,57.77,17801.25,6148.3,9.457044,-0.255463,3.173922,3.526
30/05/2023 14:43,14.12,198.91,57.81,17919.1,6149.2,9.358486,-2.058906,2.836574,3.526
30/05/2023 15:13,14.19,195.49,58.47,17731.95,6214,7.904161,0.286354,5.948714,3.524
30/05/2023 15:43,14.19,203.07,57.43,18199.8,6108.85,7.591328,1.555825,6.151221,3.528
30/05/2023 16:13,14.19,203.42,58.26,18331.65,6202.5,8.16943,2.375661,5.036205,3.522
30/05/2023 16:43,14.19,196.31,57.86,17709,6153.15,7.244172,2.764495,5.755033,3.524
30/05/2023 17:13,14.19,200.07,58.01,18143.25,6176.6,7.886998,1.99075,5.646179,3.524
30/05/2023 17:43,14.19,196.42,58.04,17843.25,6187.15,7.278495,4.685617,4.724844,3.524
30/05/2023 18:13,14.12,195.38,57.92,17740.1,6175.4,9.640429,-2.405571,-0.739912,3.524
30/05/2023 18:43,14.12,195.45,57.8,17730.6,6173.5,9.441843,2.443327,0.838959,3.522
30/05/2023 19:14,14.12,193.49,57.7,17576.95,6160.15,9.855193,-0.436396,-0.718827,3.522
30/05/2023 19:44,14.12,195.56,57.79,17715.9,6180.45,9.634542,1.837766,0.82572,3.52
30/05/2023 20:14,14.12,193.56,57.08,17537.45,6105.95,8.542574,3.542162,3.590214,3.522
30/05/2023 20:44,14.12,198.14,59.03,17878.25,6288.1,6.778847,4.862628,5.262738,3.518
30/05/2023 21:14,14.06,196.66,57.65,17755.35,6152.25,8.249354,5.069548,-1.022343,3.522
30/05/2023 21:44,14.06,196.11,57.29,17735.9,6111.3,8.463139,4.863118,-0.388834,3.518
30/05/2023 22:14,14.06,193.81,56.59,17487.3,6044.25,9.197657,2.977299,-1.567593,3.524
30/05/2023 22:44,14.06,194.81,56.85,17620,6080.4,9.114301,3.481851,-0.802184,3.524
30/05/2023 23:14,14.06,195.11,57.12,17596.9,6110.4,9.191772,2.921401,-1.38519,3.518
30/05/2023 23:44,14.06,193.64,57,17487.9,6080.95,9.76399,0.892405,0.860043,3.52
31/05/2023 00:14,14.06,196.25,57.14,17704.45,6105.95,9.474695,2.261904,0.817384,3.516
31/05/2023 00:44,14.06,195.88,57.11,17690.15,6090.6,9.610028,1.745584,-0.204469,3.52
31/05/2023 01:14,14.06,196.71,57.34,17724.35,6126.6,9.886085,0.784042,0.478565,3.516
31/05/2023 01:44,14.06,180.17,57.83,16308.6,6172.6,9.773309,-0.382459,1.376854,3.518
31/05/2023 02:14,14.06,177.85,57.52,16168.1,6137.8,9.676711,-0.095125,1.647517,3.516
31/05/2023 02:44,14.06,182.7,57.56,16608.5,6150.9,9.673769,0.492294,2.382526,3.512
31/05/2023 03:14,14.06,173.41,57.17,15889.65,6108.9,9.527161,1.756861,1.009595,3.514
31/05/2023 03:44,14.06,183.92,57.24,16728.85,6107.3,8.579348,3.947667,2.443817,3.51
31/05/2023 04:14,14.06,196.83,57.19,17690.8,6107.25,9.139799,3.459785,0.461403,3.51
31/05/2023 04:44,14,201.79,57.2,18125.85,6109.2,9.030946,3.348971,1.683802,3.518
31/05/2023 05:14,14,204.7,57.11,18290.95,6092.85,8.343988,4.018275,3.272479,3.51
31/05/2023 05:44,14,206.7,57.34,18543.2,6116.05,8.727428,4.136445,1.212592,3.516
31/05/2023 06:14,14.06,197.88,55.09,17866.55,5879.3,8.885315,3.331809,2.53698,3.51
31/05/2023 06:44,14.06,202.48,56.03,18168.7,5972.1,9.235904,2.588956,1.864734,3.51
31/05/2023 07:14,14,201.17,56.62,18105.95,6035.25,9.874316,0.005884,-0.243205,3.51
31/05/2023 07:44,14,201.83,56.59,18105.85,6034.35,9.656607,1.646537,1.687724,3.51
31/05/2023 08:14,14,201.06,56.64,18047.65,6039,9.490385,2.573756,0.953206,3.51
31/05/2023 08:44,13.94,201.45,55.47,18109,5930.85,9.370255,2.131965,1.844631,3.508
31/05/2023 09:15,13.94,202.9,56.28,18188.45,6003.5,8.922581,2.301621,3.474006,3.51
31/05/2023 09:45,13.94,202.08,56.55,18121.25,6017.3,5.98598,5.640296,5.251951,3.506
31/05/2023 10:15,13.94,200.9,56.35,18034.85,6006,7.604567,3.806942,5.32207,3.502
31/05/2023 10:45,14,199.4,55.94,17871.65,5966.4,8.806863,3.797625,2.485005,3.506
31/05/2023 11:15,14,198.98,55.89,17844,5956.35,9.433507,2.466863,-0.603109,3.508
31/05/2023 11:45,14,202.44,55.64,18121.8,5930,9.420269,2.044686,1.597994,3.502
31/05/2023 12:15,14.06,200.51,55.91,18024.25,5955.3,9.605124,2.145205,0.272625,3.502
31/05/2023 12:45,14.12,191.03,55.76,17190.8,5930.75,9.412423,2.505599,-0.340291,3.502
31/05/2023 13:15,14.19,201.65,55.7,18103.65,5922.4,9.245711,2.585033,2.31486,3.502
31/05/2023 13:45,14.19,197.6,55.23,17667.45,5885.75,9.619343,1.188566,0.78159,3.502
31/05/2023 14:15,14.25,198.81,55.55,17828,5911.55,9.659061,0.561921,2.405571,3.502
31/05/2023 14:45,14.31,201.29,55.23,18014.9,5879.1,9.784096,0.571237,0.957619,3.502
31/05/2023 15:15,14.31,198.47,55.19,17777.7,5873.2,9.566387,-0.711963,2.026054,3.502
31/05/2023 15:45,14.38,200.55,55,17978.8,5842.15,8.906401,2.081952,3.812826,3.504
31/05/2023 16:15,14.38,196.98,54.12,17676.05,5769.55,8.73184,2.203554,4.192834,3.502
31/05/2023 16:45,14.38,201.36,54.52,18069.6,5817,8.752436,3.496562,2.936601,3.502
31/05/2023 17:15,14.38,193.7,54.39,17501.25,5803.85,8.410183,3.182258,4.003564,3.5
31/05/2023 17:45,14.38,192.99,54,17423.2,5773.25,8.177275,3.821161,3.779483,3.5
31/05/2023 18:15,14.38,197.1,53.74,17744.85,5752.75,8.74655,3.24404,3.049378,3.5
31/05/2023 18:45,14.38,193.42,53.7,17539.75,5753.95,8.715659,1.518069,4.554698,3.502
31/05/2023 19:15,14.31,188.91,52.98,17248.85,5667.8,8.838244,1.704396,4.181556,3.5
31/05/2023 19:45,14.31,175.37,53.09,16258.75,5688.75,9.439392,1.945149,2.324667,3.5
31/05/2023 20:15,14.31,173.38,52.86,16132.25,5668.35,9.002995,2.574736,3.274441,3.5
31/05/2023 20:45,14.25,185.22,52.47,16931.1,5630.05,8.433229,2.696828,4.516453,3.5
31/05/2023 21:15,14.25,178.35,52.81,16479.25,5658.45,7.914458,4.402696,4.101632,3.5
31/05/2023 21:45,14.25,179.25,52.61,16689.05,5642.6,4.068288,1.222399,-6.636651,3.5
31/05/2023 22:15,14.25,179.51,52.3,16600.9,5605.8,8.751454,3.473025,-2.711049,3.5
31/05/2023 22:45,14.25,171.93,52.32,16041.7,5612.75,8.955923,3.174903,-2.395274,3.5
31/05/2023 23:16,14.25,168.78,52.74,15807,5642.2,8.815687,4.130071,-1.04686,3.5
31/05/2023 23:46,14.25,171.4,52.43,16033.45,5619,9.555598,2.24229,-0.710982,3.5
01/06/2023 00:16,14.19,166.39,52.8,15601.95,5656.45,9.418797,2.781657,-0.195643,3.502
01/06/2023 00:46,14.19,166.73,52.86,15571.9,5650.95,9.485481,1.921613,0.042169,3.5
01/06/2023 01:16,14.19,161.38,52.94,15145.6,5654.95,9.642389,1.051763,-1.427848,3.498
01/06/2023 01:46,14.19,171.63,52.7,15931.15,5637.95,9.832639,0.445712,-0.474642,3.498
01/06/2023 02:16,14.19,167.32,53,15519.7,5659.05,9.747809,0.068647,0.128957,3.5
01/06/2023 02:46,14.19,161.6,52.64,15128.45,5634.35,9.625228,-1.902,-0.017162,3.498
01/06/2023 03:16,14.19,167.11,52.76,15695.25,5647.85,9.714467,-0.197114,2.110881,3.496
01/06/2023 03:46,14.19,165.62,52.86,15471.75,5648.55,9.147642,1.335666,3.100863,3.494
01/06/2023 04:16,14.19,172.91,52.83,16020.8,5650.95,9.094687,2.80176,2.216303,3.5
01/06/2023 04:46,14.19,168.25,52.57,15624.8,5619.3,8.822553,3.689262,2.184922,3.498
01/06/2023 05:16,14.12,163.39,53.14,15308.55,5672.7,8.140009,4.878319,2.467353,3.498
01/06/2023 05:46,14.12,178.98,53.36,16400.5,5679.95,8.778913,3.925602,1.789223,3.496
01/06/2023 06:16,14.12,169.44,53.45,15795.25,5691.7,8.500403,3.991797,2.851774,3.5
01/06/2023 06:46,14.12,180.65,53.32,16554.7,5680.75,9.330049,2.530606,1.143455,3.496
01/06/2023 07:16,14.12,181.08,52.73,16579.25,5631.95,9.611989,2.03439,0.746286,3.5
01/06/2023 07:46,14.12,183.85,52.87,16809.85,5647.7,9.89148,0.964484,0.638413,3.496
01/06/2023 08:16,14.12,179.42,52.94,16483.6,5650.1,9.738495,1.578871,-0.407466,3.494
01/06/2023 08:46,14.12,176.46,53.2,16265.25,5658.45,9.001035,2.616905,2.902768,3.498
01/06/2023 09:16,14.06,181.52,53.16,16694,5664.7,8.842657,3.954041,1.553373,3.494
01/06/2023 09:46,14.06,181.19,53.03,16762.5,5643.75,8.296916,3.901086,3.603454,3.498
01/06/2023 10:16,14.06,178.63,52.52,16546.05,5595.45,8.61073,4.323262,-1.345473,3.492
01/06/2023 10:46,14.12,178.43,52.87,16533.35,5628.15,8.520017,4.367882,-1.849534,3.496
01/06/2023 11:16,14.12,177.13,52.7,16472.05,5604.75,9.165295,2.970925,-1.584755,3.494
01/06/2023 11:46,14.19,175.73,52.33,16327.5,5564.75,8.367523,4.908227,-0.694801,3.494
01/06/2023 12:16,14.19,183.13,52.47,16833.85,5573.7,9.29033,2.957196,-0.556527,3.492
01/06/2023 12:46,14.19,192.07,51.97,17369,5526.65,9.103514,3.456354,-1.228773,3.492
01/06/2023 13:16,14.19,183.13,52.34,16807.55,5555.6,9.872846,0.483958,0.653613,3.492
01/06/2023 13:47,14.31,199.68,52.63,17911.5,5580.8,9.517845,2.112352,1.183172,3.492
01/06/2023 14:17,14.31,201.4,52.6,18034.25,5588.8,9.721332,1.373421,0.329994,3.492
01/06/2023 14:47,14.31,210.04,52.79,18627.5,5600.4,9.818419,0.878676,0.066685,3.492
01/06/2023 15:17,14.38,187.63,52.9,17077.6,5626.25,9.861568,0.330974,0.860043,3.488
01/06/2023 15:47,14.44,179.16,52.81,16412.6,5603.35,9.654158,-0.105912,1.684292,3.498
01/06/2023 16:17,14.44,173.64,52.89,16070.65,5618.5,9.402617,1.632317,1.980453,3.492
01/06/2023 16:47,14.44,159.93,52.69,15041.3,5606.85,9.08537,3.451941,0.972329,3.496
01/06/2023 17:17,14.44,164.85,52.79,15374.5,5611.15,8.025272,4.341895,3.6417,3.492
01/06/2023 17:47,14.44,147.59,52.76,14233.75,5607,8.884336,3.902557,1.201805,3.492
01/06/2023 18:17,14.44,154.65,52.41,14696.75,5577.25,8.451372,4.08594,2.753707,3.492
01/06/2023 18:47,14.44,156.6,52.17,14847.55,5556.75,9.041731,3.215601,1.891212,3.492
01/06/2023 19:17,14.44,156.83,51.99,14936.4,5539.35,8.815197,3.800567,2.047138,3.492
01/06/2023 19:47,14.44,156.48,51.14,14935.75,5441.85,9.667887,1.876012,0.304496,3.49
01/06/2023 20:17,14.44,145.98,50.88,14110.3,5421.6,9.18883,3.017506,2.067732,3.494
01/06/2023 20:47,14.44,143.26,51.04,13981.8,5436.5,9.666904,1.451384,1.285162,3.492
01/06/2023 21:17,14.38,158.4,51.22,15055.35,5463.55,9.248652,1.859831,2.826277,3.49
01/06/2023 21:47,14.38,160.13,49.88,15150.8,5315.55,7.130907,5.738361,3.603454,3.488
01/06/2023 22:17,14.38,177.88,51.4,16438.3,5479.55,9.200109,3.199419,-1.449913,3.49
01/06/2023 22:47,14.38,173.07,49.9,15955.35,5337.6,6.231636,7.354497,-1.084125,3.488
01/06/2023 23:17,14.38,170.26,49.23,15707.05,5267.9,8.620047,3.979048,-2.586994,3.49
01/06/2023 23:47,14.38,176.43,49.23,16275.95,5265.65,7.865914,4.196265,-3.87902,3.49
02/06/2023 00:17,14.38,175.21,49.57,16148.1,5297.25,8.995641,2.947879,-2.544336,3.492
02/06/2023 00:47,14.31,176.47,49.71,16236.65,5315.5,9.505095,2.156482,-0.507004,3.49
02/06/2023 01:17,14.31,177.89,49.7,16319.45,5307.1,9.329066,2.923362,0.022065,3.486
02/06/2023 01:47,14.31,173.51,49.72,15983.3,5314.25,9.4541,2.082443,0.587909,3.49
02/06/2023 02:17,14.31,178.84,49.99,16423.6,5331.9,9.605124,2.083913,0.111306,3.486
02/06/2023 02:47,14.31,179.78,49.48,16493.35,5281.25,9.538438,1.074809,1.303794,3.488
02/06/2023 03:17,14.31,177.78,49.69,16299.55,5299.8,9.712506,0.174558,0.202998,3.488
02/06/2023 03:48,14.31,178.61,49.53,16438.65,5283.9,9.919427,-0.227514,1.570045,3.49
02/06/2023 04:18,14.31,190.71,49.49,17217.65,5278.5,9.230019,1.48865,3.11165,3.488
02/06/2023 04:48,14.31,178.17,49.3,16382.8,5270.35,9.123617,2.942486,2.413417,3.488
02/06/2023 05:18,14.31,175.01,49.36,16095.25,5268.85,9.048107,3.178826,1.907884,3.49
02/06/2023 05:48,14.31,177.14,49.26,16275.2,5253,7.847281,5.47015,-1.728912,3.492
02/06/2023 06:18,14.31,188.85,49.16,17098.7,5244.15,8.572483,4.663552,-0.803655,3.486
02/06/2023 06:48,14.25,173.38,49.16,15995.85,5241.4,9.528631,2.53698,-0.026968,3.488
02/06/2023 07:18,14.25,178.68,49.11,16373.85,5240.05,8.394983,4.898422,1.206218,3.486
02/06/2023 07:48,14.25,179.3,49.15,16408.35,5242.45,8.716641,4.209504,1.158165,3.486
02/06/2023 08:18,14.25,182.34,49.05,16716.75,5242.65,9.594826,2.010853,-0.19221,3.492
02/06/2023 08:48,14.25,189.32,48.25,17361.7,5164.1,9.692402,1.316052,1.057647,3.486
02/06/2023 09:18,14.25,195.87,47.89,17883.8,5122.5,9.614931,1.559748,1.502869,3.484
02/06/2023 09:48,14.19,409.74,102.9,36967.25,9818.9,-6.812679,5.931552,-1.450894,3.484
02/06/2023 10:18,13.94,365.96,97,33808.35,9566.15,-7.289773,-5.741304,-3.276892,3.484
02/06/2023 10:48,13.38,323.11,93.55,30065.6,9239.35,-6.217416,-6.646947,-3.309254,3.486
02/06/2023 11:18,13.38,306.03,91.58,28547.2,9066.1,-6.821015,-5.30834,-4.110948,3.484
02/06/2023 11:48,13.06,298.77,91.28,27683.5,9001.85,-9.267283,-3.064578,0.289296,3.486
02/06/2023 12:18,12.69,305.18,96.8,27297.6,9393.75,-8.601902,-3.962377,0.304987,3.488
02/06/2023 12:48,12.69,281.14,86.35,25843.75,8634.8,-8.752436,-3.749082,0.698724,3.484
02/06/2023 13:18,14.12,246.34,84.78,23092.35,8509,-8.698499,-3.675042,0.416292,3.484
02/06/2023 13:48,14.88,237.46,84.18,22314.4,8487.3,-8.925033,-3.157251,-0.216237,3.482
02/06/2023 14:18,15.25,261.37,101.17,23476.75,9289,-8.850012,1.256232,3.781445,3.484
02/06/2023 14:48,15.25,240.9,86.26,22338.75,8447.8,-8.871096,-2.041745,3.645132,3.482
02/06/2023 15:18,17.12,236.84,82.23,22235,8252.75,-8.92013,-2.489908,3.15627,3.488
02/06/2023 15:48,16.75,238.43,82.18,22260.2,8230.2,-8.912284,-2.532567,3.217072,3.484
02/06/2023 16:18,16.75,239.48,82.22,22190,8229,-8.915716,-2.543354,3.232272,3.484
02/06/2023 16:48,17.44,239.54,82.23,22108,8221.3,-8.925033,-2.537471,3.252866,3.486
02/06/2023 17:18,18.12,239.82,82.16,22085.85,8215.3,-8.914246,-2.544335,3.230311,3.484
02/06/2023 17:49,18.12,240.05,82.1,22100.85,8204.1,-8.916697,-2.527174,3.259731,3.482
02/06/2023 18:19,19,239.86,82.13,22102.75,8194.95,-8.913263,-2.537961,3.241588,3.482
02/06/2023 18:49,19.19,240.08,82.07,22127.9,8192.25,-8.901987,-2.527664,3.242569,3.482
02/06/2023 19:19,19.12,240.5,81.92,22246.1,8186.9,-8.889238,-2.543354,3.27346,3.484
02/06/2023 19:49,19.12,240.3,81.82,22313,8177.4,-8.90738,-2.528155,3.239626,3.48
02/06/2023 20:19,18.44,239.92,81.56,22398.1,8162.8,-8.900516,-2.544825,3.266595,3.484
02/06/2023 20:49,18,239.19,81.42,22431.45,8158.15,-8.893652,-2.532568,3.249433,3.482
02/06/2023 21:19,18,239.2,81.3,22489.4,8156.4,-8.872566,-2.535509,3.27493,3.482
02/06/2023 21:49,17.25,239.89,81.33,22558.7,8160.05,-8.874529,-2.546296,3.257278,3.478
02/06/2023 22:19,16.88,239.4,81.27,22573.9,8166.6,-8.854424,-2.530606,3.263163,3.482
02/06/2023 22:49,16.44,238.6,81.14,22543.5,8163.8,-8.841185,-2.531587,3.270518,3.478
02/06/2023 23:19,16.44,237.04,80.91,22469.15,8161.75,-8.856386,-2.531096,3.254827,3.48
02/06/2023 23:49,15.56,236.58,80.9,22438.2,8157.8,-8.839713,-2.533057,3.279834,3.484
03/06/2023 00:19,15.25,235.78,80.84,22440.5,8158.15,-8.839224,-2.528154,3.25826,3.48
03/06/2023 00:49,15.25,235.14,80.65,22454.25,8157.3,-8.855894,-2.533548,3.265124,3.48
03/06/2023 01:19,14.56,234.95,80.71,22457.75,8157.9,-8.853933,-2.516877,3.264634,3.48
03/06/2023 01:49,14.19,234.43,80.58,22476.35,8157.7,-8.825495,-2.526683,3.279834,3.48
03/06/2023 02:19,14.19,234.04,80.55,22482,8154.45,-8.842657,-2.525703,3.250414,3.482
03/06/2023 02:49,13.5,233.46,80.34,22480.55,8150.3,-8.829906,-2.531096,3.268066,3.48
03/06/2023 03:19,13.12,232.75,80.27,22474.7,8147.35,-8.83432,-2.514915,3.265124,3.476
03/06/2023 03:49,12.81,232.61,80.24,22455.65,8141.85,-8.816176,-2.526193,3.24502,3.484
03/06/2023 04:19,12.81,232.06,80.07,22444.85,8140.25,-8.811276,-2.526683,3.261691,3.484
03/06/2023 04:49,12.38,231.71,79.98,22449.8,8134.4,-8.815198,-2.518838,3.27444,3.48
03/06/2023 05:19,12.19,231.82,79.85,22444.55,8131.15,-8.833342,-2.529625,3.267576,3.48
03/06/2023 05:49,12.19,231.58,79.74,22457.7,8127.1,-8.80588,-2.523741,3.267576,3.478
03/06/2023 06:19,11.88,231.42,79.84,22474.7,8121.85,-8.809804,-2.519328,3.249433,3.478
03/06/2023 06:49,11.81,231.62,79.75,22474,8123.4,-8.819612,-2.53649,3.252866,3.476
03/06/2023 07:19,11.69,231.77,79.53,22484.6,8113.35,-8.822554,-2.539922,3.256788,3.476
03/06/2023 07:49,11.69,231.74,79.43,22486.4,8104.75,-8.81961,-2.528154,3.284247,3.476
03/06/2023 08:20,11.62,231.9,79.37,22512.6,8097.85,-8.801959,-2.539922,3.263163,3.478
03/06/2023 08:50,11.56,231.98,79.39,22521.4,8096.15,-8.807352,-2.530116,3.270028,3.478
03/06/2023 09:20,11.56,232.41,79.2,22537.5,8087.8,-8.823043,-2.533548,3.268066,3.48
03/06/2023 09:50,11.62,232.71,79.19,22574.65,8083.85,-8.813726,-2.520309,3.271009,3.476
03/06/2023 10:20,11.75,233.67,79.18,22595.5,8079.65,-8.818629,-2.546787,3.254827,3.476
03/06/2023 10:50,11.75,234.18,79.27,22590.6,8068.1,-8.811766,-2.53551,3.262672,3.476
03/06/2023 11:20,12.12,235.45,79.12,22585.2,8061.3,-8.820101,-2.531587,3.266595,3.476
03/06/2023 11:50,12.44,236.4,79.14,22590.7,8051.25,-8.845108,-2.540413,3.255317,3.482
03/06/2023 12:20,12.88,241.22,80.57,22754.75,8123.45,-9.313866,-2.410965,1.286633,3.476
03/06/2023 12:50,12.88,244.06,80.76,22574,8098.25,-9.34819,-2.413907,1.263096,3.476
03/06/2023 13:20,16.5,245.61,81.15,22645.75,8076.3,-9.37712,-2.443327,1.246425,3.476
03/06/2023 13:50,18.38,248.38,77.66,23094.2,7785.6,-9.400166,-2.425184,1.286633,3.476
03/06/2023 14:20,18.38,254.71,76.03,23599.7,7616.3,-9.426641,-2.424695,1.288594,3.476
03/06/2023 14:50,20.25,247.76,74.73,23161.25,7495.8,-9.388395,-2.431559,1.286633,3.476
03/06/2023 15:20,20.31,240.78,73.85,22725,7417.5,-9.393791,-2.412436,1.31311,3.476
03/06/2023 15:50,20.06,211.78,71.59,20325.75,7212.75,-9.384474,-2.423713,1.305755,3.476
03/06/2023 16:20,20.06,213.03,67.59,20429.45,6799.2,-9.375649,-2.424204,1.280748,3.476
03/06/2023 16:50,19.5,213.59,66.19,20519.65,6631.05,-9.36486,-2.410965,1.274374,3.476
03/06/2023 17:20,19.25,213.76,65.25,20558.4,6552.1,-9.351622,-2.415868,1.313601,3.474
03/06/2023 17:50,19.25,213.16,65.19,20565.65,6545.55,-9.364861,-2.410965,1.277316,3.476
03/06/2023 18:20,18.81,212.86,65.08,20571.75,6543,-9.351621,-2.409494,1.292026,3.476
03/06/2023 18:50,18.56,212.55,65.02,20594.7,6544.1,-9.342795,-2.421752,1.292516,3.476
03/06/2023 19:20,18.56,211.59,64.86,20601.45,6535.85,-9.340835,-2.428617,1.318014,3.478
03/06/2023 19:50,17.62,210.62,64.72,20629.25,6534.9,-9.339853,-2.391842,1.303304,3.476
03/06/2023 20:20,17,209.66,64.58,20640.85,6533.35,-9.328575,-2.38939,1.317524,3.476
03/06/2023 20:50,16.31,208.74,64.44,20654.75,6532.4,-9.315336,-2.4041,1.311639,3.474
03/06/2023 21:20,16.31,207.57,64.35,20673.25,6528.65,-9.309453,-2.401159,1.319975,3.476
03/06/2023 21:50,14.75,206.28,64.18,20680.65,6527.35,-9.296214,-2.409004,1.322427,3.476
03/06/2023 22:21,13.88,205.2,64.04,20679.65,6524.75,-9.292292,-2.415868,1.29742,3.476
03/06/2023 22:51,13.88,204.19,63.97,20666,6521.4,-9.333969,-2.091758,1.335666,3.474
03/06/2023 23:21,12.19,203.51,63.85,20640.4,6517,-9.311907,-2.087835,1.351847,3.476
03/06/2023 23:51,11.62,202.67,63.71,20613.25,6516.75,-9.324654,-2.088816,1.353808,3.476
04/06/2023 00:21,11.12,201.83,63.6,20599.95,6515.15,-9.333969,-2.086365,1.349395,3.476
04/06/2023 00:51,11.12,201.19,63.59,20578.2,6513.25,-9.31926,-2.09372,1.348414,3.476
04/06/2023 01:21,10.25,200.35,63.48,20551.6,6511.25,-9.310924,-2.068222,1.355769,3.476
04/06/2023 01:51,9.81,200.06,63.49,20520.1,6509.8,-9.303568,-2.085875,1.347434,3.474
04/06/2023 02:21,9.81,199.35,63.36,20507,6508.9,-9.310923,-2.07901,1.346453,3.474
04/06/2023 02:51,9.25,198.93,63.24,20483.75,6507.05,-9.309943,-2.07999,1.375383,3.474
04/06/2023 03:21,8.94,198.03,63.22,20464.7,6505.45,-9.293763,-2.099113,1.361163,3.474
04/06/2023 03:51,8.94,197.48,63.09,20441.6,6503.9,-9.290819,-2.101565,1.347434,3.472
04/06/2023 04:21,8.38,197.19,63.12,20417.4,6503.1,-9.297686,-2.098133,1.32782,3.474
04/06/2023 04:51,8.19,197.36,63.21,20383.5,6506.2,-9.297194,-2.0795,1.344982,3.474
04/06/2023 05:21,8.19,197.8,63.4,20362.8,6506.75,-9.296215,-2.089797,1.339098,3.476
04/06/2023 05:51,8.19,198.23,63.49,20346.55,6513.4,-9.315827,-2.072145,1.31262,3.474
04/06/2023 06:21,8.56,199.36,63.79,20301.45,6520.55,-9.313376,-2.090287,1.323408,3.472
04/06/2023 06:51,9.06,201.17,64.07,20279.95,6523.95,-9.330539,-2.070674,1.358221,3.474
04/06/2023 07:21,9.06,203.11,64.44,20308.25,6540.25,-9.336422,-2.087835,1.299381,3.474
04/06/2023 07:51,11.12,203.95,65.01,20245.9,6574.6,-9.359958,-2.087345,1.316052,3.472
04/06/2023 08:21,12.25,205.84,66.46,20276.4,6683.75,-9.356034,-2.0947,1.317033,3.472
04/06/2023 08:51,13.25,208.2,67.52,20248.6,6750.2,-9.415364,-2.13834,1.245935,3.472
04/06/2023 09:21,13.25,220.36,74.7,20650.25,7150.8,-9.42272,-2.126081,1.251328,3.472
04/06/2023 09:51,16,220.45,74.22,20314.8,6961.55,-9.46881,-2.12461,1.271922,3.47
04/06/2023 10:21,18.06,221.93,73.73,20321.5,6859.5,-9.475675,-2.127553,1.257212,3.472
04/06/2023 10:51,18.06,217.81,69.5,20163,6660.9,-9.494798,-2.198651,1.126294,3.472
04/06/2023 11:21,21.56,216.05,66.05,20078.35,6522.85,-9.503626,-2.207477,1.126784,3.472
04/06/2023 11:51,22.75,259.99,91.98,21971,8000.65,-9.35064,-2.903259,1.095893,3.47
04/06/2023 12:22,22.75,241.08,78.89,20589.65,7094,-9.368784,-3.004267,1.072357,3.468
04/06/2023 12:52,27.38,223.57,66.85,20075.6,6505.55,-9.312397,-2.990538,1.096383,3.472
04/06/2023 13:22,27.81,244.25,84.72,21269.3,7485.65,-9.273169,-2.987596,1.092461,3.468
04/06/2023 13:52,25.94,229.46,69.72,20392.85,6664.8,-9.232962,-2.992499,1.059118,3.468
04/06/2023 14:22,25.94,217.93,65.54,20188.1,6471.4,-9.241787,-2.97926,1.088048,3.47
04/06/2023 14:52,24.06,215.02,65.11,20246.75,6471.3,-9.194715,-2.982692,1.088048,3.468
04/06/2023 15:22,22.88,214.09,64.96,20256.95,6464.7,-9.169218,-3.047906,1.133649,3.468
04/06/2023 15:52,22.88,212.85,64.68,20249.55,6451,-9.168726,-3.048887,1.152282,3.472
04/06/2023 16:22,21.12,212.53,64.55,20242.6,6448.9,-9.149113,-3.050849,1.125803,3.468
04/06/2023 16:52,20.62,212.21,64.32,20220.9,6436.9,-9.159903,-3.045455,1.145417,3.474
04/06/2023 17:22,20,210.8,64.19,20176.25,6424.05,-9.166275,-3.045455,1.157675,3.468
04/06/2023 17:52,20,210.36,64.03,20180.1,6413.65,-9.147644,-3.057223,1.141494,3.468
04/06/2023 18:22,19.62,209.51,63.82,20174.5,6404.7,-9.12754,-3.027803,1.13512,3.468
04/06/2023 18:52,19.12,208.08,63.74,20174.9,6398.75,-9.128519,-3.05183,1.144926,3.468
04/06/2023 19:22,19.12,206.3,63.43,20119.6,6383.4,-9.125579,-3.036629,1.123842,3.47
04/06/2023 19:52,17.88,204.98,63.12,20088.15,6375.9,-9.103024,-3.043494,1.158656,3.474
04/06/2023 20:22,17.06,203.39,62.85,20063.05,6370.3,-9.100571,-3.015054,1.143946,3.47
04/06/2023 20:52,17.06,202,62.62,20057.85,6362.55,-9.090274,-3.034668,1.150811,3.468
04/06/2023 21:22,15.44,200.83,62.53,20031.2,6360.6,-9.086842,-3.017016,1.193469,3.468
04/06/2023 21:52,14.56,199.59,62.47,20005.4,6357.35,-9.06968,-3.029274,1.166011,3.472
04/06/2023 22:22,13.81,198.69,62.29,19956.15,6351.7,-9.066249,-3.03712,1.145907,3.468
04/06/2023 22:52,13.81,197.75,62.18,19929.2,6347.95,-9.041731,-3.020939,1.138552,3.472
04/06/2023 23:22,12.62,197.21,62.18,19919.9,6347.8,-9.05399,-3.015545,1.144436,3.466
04/06/2023 23:52,12.12,196.27,62.03,19918.15,6347.85,-9.0535,-3.047907,1.146888,3.468
05/06/2023 00:22,12.12,195.46,62.05,19921,6353.9,-9.031435,-3.031235,1.141984,3.466
05/06/2023 00:52,11.06,195.52,62.02,19916.85,6365.35,-9.042222,-3.024371,1.14983,3.466
05/06/2023 01:22,10.69,194.67,62.12,19928.25,6372.1,-9.026531,-3.032707,1.123842,3.462
05/06/2023 01:52,10,194.04,62.15,19936.2,6379.9,-9.037808,-3.011132,1.124332,3.464
05/06/2023 02:22,10,193.68,62.05,19934.45,6383.8,-9.039281,-3.028784,1.156204,3.468
05/06/2023 02:53,9.62,194.11,62.36,19984.1,6405.15,-9.028493,-2.996912,1.123842,3.466
05/06/2023 03:23,9.31,195.3,62.6,20073.3,6439.85,-9.041732,-3.001325,1.106681,3.466
05/06/2023 03:53,9.31,198.73,63.48,20314.95,6517.15,-9.016234,-3.018977,1.119429,3.464
05/06/2023 04:23,9.44,200.51,64.31,20473.55,6582.1,-9.044675,-3.030255,1.115016,3.464
05/06/2023 04:53,9.69,201.14,64.76,20551.15,6626.85,-9.055951,-3.021429,1.115997,3.464
05/06/2023 05:23,9.69,204.12,65.81,20826.75,6717.8,-9.0383,-3.024861,1.089519,3.462
05/06/2023 05:53,10.06,208.92,67.25,21186.05,6844,-9.067229,-3.012113,1.090009,3.462
05/06/2023 06:23,10.31,215.5,68.96,21735.45,6990.6,-9.073603,-3.014564,1.083635,3.46
05/06/2023 06:53,10.75,221.14,70.15,22117.15,7102.7,-9.043202,-3.147934,1.083635,3.462
05/06/2023 07:23,10.75,223.98,71.09,22248.5,7160.3,-9.067719,-3.174412,1.070396,3.458
05/06/2023 07:53,11.94,225.33,72.07,22237,7203.2,-9.071151,-3.156761,1.081674,3.466
05/06/2023 08:23,12.5,229.8,72.48,22433.65,7223.2,-9.079977,-3.164115,1.077751,3.464
05/06/2023 08:53,12.5,229.48,72.37,22189.6,7168.8,-9.12901,-3.072423,1.087557,3.464
05/06/2023 09:23,14.19,247.68,72.79,23250.65,7085.75,-9.161373,-3.080759,1.06206,3.462
05/06/2023 09:53,15.5,225.37,72,21023.5,6862.55,-9.12705,-3.202852,1.129726,3.458
05/06/2023 10:23,15.5,246.17,88.7,21500.3,7688.45,-9.149605,-3.222465,1.122861,3.458
05/06/2023 10:53,17.75,269.6,101.51,22140,8201.85,-9.187851,-3.165586,1.033131,3.46
05/06/2023 11:23,20,270.24,99.58,21939.25,8141.25,-9.2462,-3.153819,1.043427,3.456
05/06/2023 11:53,22.69,281.81,107.08,22404.8,8449.85,-9.245219,-3.168529,1.057157,3.456
05/06/2023 12:23,22.69,283.07,112.94,22322.9,8629.95,-9.264343,-3.150877,1.059608,3.456
05/06/2023 12:53,26.75,224.24,67.55,20024.75,6499.95,-9.249141,-3.146954,1.067944,3.458
05/06/2023 13:23,26.44,249.77,87.53,21386.5,7581.6,-9.205011,-3.158231,1.069415,3.454
05/06/2023 13:53,26.44,266.39,95.31,21652.55,7820.95,-9.177553,-3.137147,1.086577,3.452
05/06/2023 14:23,24.38,224.87,67.4,20096.9,6487.1,-9.185889,-3.148915,1.092951,3.454
05/06/2023 14:53,23.69,214.9,65.42,20027.35,6437.75,-9.18589,-3.147444,1.084615,3.454
05/06/2023 15:23,22.5,211.35,65.03,20025.35,6435.15,-9.147643,-3.12636,1.108151,3.454
05/06/2023 15:53,22.5,209.83,64.76,19992.85,6428.55,-9.129501,-3.14156,1.096874,3.452
05/06/2023 16:23,20.38,208.65,64.58,19989.65,6419.2,-9.115772,-3.148916,1.097364,3.452
05/06/2023 16:54,19.75,207.5,64.21,19965.35,6395.9,-9.124107,-3.116063,1.095403,3.452
05/06/2023 17:24,19.75,206.89,64.06,19945.7,6382.4,-9.106944,-3.123418,1.082654,3.45
05/06/2023 17:54,18.75,205.78,63.78,19899.9,6363.95,-9.120186,-3.118024,1.085596,3.45
05/06/2023 18:24,18.38,205.52,63.69,19887.7,6369.45,-9.086351,-3.14058,1.09148,3.452
05/06/2023 18:54,18.38,203.48,63.24,19840.5,6328.4,-9.09812,-3.132244,1.089519,3.45
05/06/2023 19:24,17.44,202,63.07,19835.75,6330.25,-9.08635,-3.144992,1.089519,3.45
05/06/2023 19:54,16.62,199.97,62.59,19796.2,6311.25,-9.08243,-3.121457,1.100306,3.45
05/06/2023 20:24,15.75,198,62.24,19733.95,6296.95,-9.044183,-3.128321,1.092951,3.45
05/06/2023 20:54,15.75,196.56,62.02,19720.05,6286.25,-9.062817,-3.131263,1.086087,3.45
05/06/2023 21:24,13.88,195.94,61.84,19696.45,6282.75,-9.03879,-3.123418,1.065983,3.448
05/06/2023 21:54,13.19,195.44,61.75,19683.4,6280.45,-9.044675,-3.119495,1.09197,3.45
05/06/2023 22:24,13.19,195.46,61.81,19653.85,6283.05,-9.055461,-3.120476,1.075789,3.448
05/06/2023 22:54,12.38,195.17,61.85,19625.1,6289.7,-9.033885,-3.119986,1.088048,3.45
05/06/2023 23:24,12.12,194.96,62,19628.45,6298.45,-9.03977,-3.123417,1.088048,3.446
05/06/2023 23:54,12,194.82,62.05,19624.4,6305.5,-9.03928,-3.114592,1.080693,3.446
06/06/2023 00:24,12,195.04,62.21,19628.3,6314.6,-9.037809,-3.102333,1.058628,3.446
06/06/2023 00:54,11.88,194.54,62.09,19630.9,6315,-9.011822,-3.116553,1.064021,3.446
06/06/2023 01:24,11.69,194.42,62.13,19644.5,6323.65,-9.057913,-3.130772,1.04686,3.448
06/06/2023 01:54,11.69,193.25,61.94,19653.65,6317.25,-9.041242,-3.123418,1.062551,3.448
06/06/2023 02:24,11.19,192.26,61.75,19654.35,6308.65,-9.029963,-3.117043,1.057647,3.442
06/06/2023 02:54,10.62,191.52,61.58,19665.15,6304.9,-9.015745,-3.115572,1.066473,3.44
06/06/2023 03:24,10.62,191.05,61.6,19666.1,6304.6,-9.040259,-3.115082,1.052253,3.442
06/06/2023 03:54,9.56,190.42,61.52,19663.8,6301.9,-9.013783,-3.105276,1.07677,3.442
06/06/2023 04:24,9.06,190.02,61.49,19670.8,6304.95,-9.026532,-3.103805,1.053725,3.438
06/06/2023 04:54,8.69,190.58,61.77,19695.8,6324.85,-9.019176,-3.103805,1.049311,3.438
06/06/2023 05:24,8.69,191.53,62.16,19755.75,6360.75,-9.032907,-3.108217,1.041466,3.44
06/06/2023 05:54,8.44,194.47,63.29,19935.05,6435.05,-9.051538,-3.099392,1.033621,3.434
06/06/2023 06:24,8.81,198.69,64.35,20134.95,6509.3,-9.036827,-3.120966,1.039505,3.432
06/06/2023 06:54,8.81,204.02,66.07,20436.65,6650.25,-9.049088,-3.124889,1.033621,3.432
06/06/2023 07:25,10.5,208.41,67.31,20654.55,6741.55,-9.099591,-3.072914,1.067454,3.428
06/06/2023 07:55,11.62,211.37,68.39,20830.15,6848.25,-9.077036,-3.180297,1.096874,3.43
06/06/2023 08:25,12.75,215.76,71.35,20891.25,7019.75,-9.103022,-3.070952,1.321446,3.426
06/06/2023 08:55,12.75,213.96,70.53,20637.4,6920.9,-9.107436,-3.068501,1.29742,3.426
06/06/2023 09:25,14.94,209.66,68.48,20176.5,6710.35,-9.136856,-3.09645,1.295949,3.424
06/06/2023 09:55,15.62,209.74,68.28,19991.75,6635.15,-9.134895,-3.09694,1.309678,3.424
06/06/2023 10:25,15.62,209.3,67.61,19848.05,6553.1,-9.145682,-3.092527,1.320956,3.424
06/06/2023 10:55,16.94,211.64,68.37,19890.05,6589.6,-9.162844,-3.098411,1.316052,3.422
06/06/2023 11:25,17.81,217.62,71.65,20035.45,6706.8,-9.175592,-3.11214,1.311149,3.42
06/06/2023 11:55,17.81,256.56,94.77,21662.05,7942.35,-9.229039,-3.093998,1.294968,3.422
06/06/2023 12:25,21.25,223.21,71.3,19886.5,6621.4,-9.221685,-3.098411,1.325859,3.416
06/06/2023 12:55,23.62,225.06,72.52,20169.15,6743.2,-9.227569,-3.103314,1.32782,3.418
06/06/2023 13:25,23.69,246.55,89.44,21305.2,7754.5,-9.18883,-3.094488,1.346453,3.414
06/06/2023 13:55,23.69,237.35,82.31,20657.9,7313.25,-9.190792,-3.100373,1.289575,3.41
06/06/2023 14:25,23.44,216.47,66.47,19681.4,6363.9,-9.186871,-3.083701,1.333214,3.408
06/06/2023 14:55,23.12,209.9,64.06,19617.4,6286.8,-9.166277,-3.076346,1.358221,3.408
06/06/2023 15:25,23.12,210.13,65.56,19758.55,6396.65,-9.148133,-3.088115,1.337137,3.406
06/06/2023 15:55,21.25,210.01,66.11,19797.2,6444.8,-9.162355,-3.072423,1.338117,3.41
06/06/2023 16:25,20.56,205.52,63.47,19588.9,6281.6,-9.136854,-3.08272,1.343511,3.406
06/06/2023 16:55,20.06,203.68,62.61,19506.95,6226.55,-9.120184,-3.084191,1.347434,3.402
06/06/2023 17:25,20.06,201.67,62.31,19468.1,6209.7,-9.110378,-3.06801,1.343511,3.4
06/06/2023 17:55,18.81,200.17,62.11,19432.9,6193.95,-9.109397,-3.065068,1.355769,3.398
06/06/2023 18:25,18.06,198.87,61.63,19363.5,6168.15,-9.106455,-3.089585,1.333704,3.398
06/06/2023 18:55,18.06,196.82,61.15,19298.4,6138.75,-9.069681,-3.076837,1.354789,3.4
06/06/2023 19:25,16.69,196.21,61.1,19246,6141.95,-9.073603,-3.064578,1.351847,3.396
06/06/2023 19:55,16.12,194.57,60.69,19200.8,6119.5,-9.078997,-3.076836,1.328801,3.396
06/06/2023 20:25,16.12,193.08,60.42,19171.4,6101.15,-9.074094,-3.072423,1.352827,3.394
06/06/2023 20:55,14.75,191.82,60.03,19157.45,6091.85,-9.066249,-3.055752,1.346453,3.392
06/06/2023 21:26,14,190.73,59.95,19143.35,6082.5,-9.084391,-2.981221,1.32684,3.39
06/06/2023 21:56,13.31,190.05,59.75,19132.8,6074.7,-9.053499,-2.996912,1.315072,3.39
06/06/2023 22:26,13.31,189.35,59.64,19113.75,6066.05,-9.086353,-2.975338,1.289575,3.39
06/06/2023 22:56,12.25,188.61,59.52,19087.35,6065.2,-9.056932,-2.975828,1.285161,3.386
06/06/2023 23:26,11.81,187.84,59.44,19075.4,6058.55,-9.073113,-2.999364,1.286142,3.382
06/06/2023 23:56,11.81,186.98,59.29,19060,6054.75,-9.073113,-2.994461,1.278787,3.382
07/06/2023 00:26,10.88,186.56,59.26,19043.6,6051.55,-9.065757,-2.969944,1.281729,3.378
07/06/2023 00:56,10.5,186.23,59.2,19031.75,6052,-9.048106,-2.955724,1.287613,3.378
07/06/2023 01:26,10.19,186.02,59.31,19024.1,6056.5,-9.063307,-2.947879,1.273884,3.374
07/06/2023 01:56,10.19,185.58,59.26,19015.6,6058,-9.061344,-2.946898,1.259174,3.372
07/06/2023 02:26,9.75,187.05,59.65,19077.75,6083.65,-9.051047,-2.94886,1.258683,3.372
07/06/2023 02:56,9.88,188.52,60.06,19160.3,6124.8,-9.063796,-2.965041,1.257703,3.372
07/06/2023 03:26,9.88,188.9,60.33,19177.25,6150.25,-9.054972,-2.959647,1.257703,3.37
07/06/2023 03:56,10.38,190.26,60.76,19266.5,6189.2,-9.078015,-2.968963,1.296439,3.368
07/06/2023 04:26,10.62,192.99,61.56,19534.05,6257.5,-9.083899,-2.954253,1.256722,3.368
07/06/2023 04:56,10.62,195.67,62.38,19786,6340.85,-9.076546,-2.963079,1.222889,3.364
07/06/2023 05:26,10.94,199.26,63.33,20045.9,6426.65,-9.077036,-2.971905,1.205728,3.364
07/06/2023 05:56,11.12,203.57,64.37,20383.6,6517.55,-9.090766,-2.982202,1.226322,3.358
07/06/2023 06:26,11.38,208.31,65.68,20759.55,6623.9,-9.099592,-2.977299,1.246916,3.356
07/06/2023 06:56,11.38,214.02,66.96,21137.4,6724.25,-9.106946,-2.997893,1.228283,3.352
07/06/2023 07:26,12.12,216.7,67.35,21316,6750.85,-9.113811,-3.011622,1.232696,3.348
07/06/2023 07:56,12.75,221.32,69.01,21514.25,6857.75,-9.130972,-3.005248,1.207199,3.346
07/06/2023 08:26,12.75,221.62,69.03,21437.95,6829,-9.14323,-2.99397,1.22436,3.346
07/06/2023 08:56,14,223.02,69.72,21353.85,6853.8,-9.156469,-3.009661,1.230244,3.338
07/06/2023 09:26,14.75,222.65,70.65,21013.05,6852.45,-9.167257,-3.036629,1.228773,3.338
07/06/2023 09:56,15.62,219.55,68.99,20549.25,6661.5,-9.198149,-3.024371,1.242012,3.334
07/06/2023 10:26,15.62,215.93,68.73,19892.7,6503.95,-9.18785,-3.039572,1.236619,3.332
07/06/2023 10:56,17.88,272.81,102.11,21573,8044.75,-9.21825,-3.033197,1.25378,3.326
07/06/2023 11:27,19.25,228.59,77.49,19766.8,6759,-9.203542,-3.109198,1.292026,3.322
07/06/2023 11:57,19.25,273.65,112.48,21506.4,8249.95,-9.206484,-3.117534,1.293988,3.32
07/06/2023 12:27,22.38,241.16,92.59,20036,7289.15,-9.222664,-3.121947,1.296929,3.318
07/06/2023 12:57,24.25,209.72,63.23,18881.2,6052.5,-9.217271,-3.098411,1.31262,3.318
07/06/2023 13:27,24.25,264.55,108.06,21223.05,8125.5,-9.206483,-3.113121,1.314091,3.316
07/06/2023 13:57,23.38,246.67,90.88,20067.75,7261.1,-9.211877,-3.077817,1.318504,3.308
07/06/2023 14:27,23.75,208.9,63.72,18756.55,6031.15,-9.187851,-3.076346,1.295949,3.304
07/06/2023 14:57,23.5,201.61,60.61,18649.8,5929.85,-9.184909,-3.06801,1.299381,3.302
07/06/2023 15:27,23.5,198.54,60.2,18609.6,5917,-9.177553,-3.087133,1.31213,3.296
07/06/2023 15:57,21.81,197.21,59.95,18613.5,5901.85,-9.189321,-2.896394,1.331253,3.294
07/06/2023 16:27,20.94,195.77,59.58,18560.55,5881.4,-9.179026,-2.910124,1.331253,3.292
07/06/2023 16:57,20.94,193.78,59.1,18460.85,5849.15,-9.213838,-2.911595,1.350376,3.292
07/06/2023 17:27,19.75,192.27,58.58,18371.95,5821.9,-9.183928,-2.907671,1.314582,3.286
07/06/2023 17:57,19.25,191.07,58.18,18313.2,5790.2,-9.169709,-2.918459,1.328311,3.284
07/06/2023 18:27,18.88,189.57,57.92,18248,5767.7,-9.160392,-2.906691,1.304284,3.278
07/06/2023 18:57,18.88,187.61,57.55,18198.85,5744.2,-9.166765,-2.897375,1.334685,3.272
07/06/2023 19:27,17.69,185.8,57.14,18105.9,5716.2,-9.143229,-2.915027,1.348904,3.27
07/06/2023 19:57,16.94,183.61,56.77,18012.35,5694.15,-9.123617,-2.902278,1.332233,3.266
07/06/2023 20:27,16.94,181.73,56.33,17929.1,5674,-9.122148,-2.903259,1.339588,3.266
07/06/2023 20:57,15.25,180.23,56.08,17855.9,5653,-9.118714,-2.885117,1.349885,3.26
07/06/2023 21:27,14.38,179.02,55.95,17793.6,5644.25,-9.101064,-2.899827,1.308697,3.262
07/06/2023 21:57,14.38,177.67,55.81,17745.6,5641.7,-9.090765,-2.916498,1.341059,3.252
07/06/2023 22:27,13,176.85,55.74,17721.7,5640.25,-9.095179,-2.88953,1.337627,3.248
07/06/2023 22:57,12.5,177.01,55.86,17798,5663.45,-9.09763,-2.909633,1.317033,3.246
07/06/2023 23:27,12,178.81,56.54,17977.15,5727.55,-9.089293,-2.906201,1.305265,3.238
07/06/2023 23:57,12,180.55,57.11,18146.2,5781.7,-9.08439,-2.912085,1.319485,3.234
08/06/2023 00:27,11.62,181.3,57.47,18255,5819.5,-9.098611,-2.898845,1.340569,3.228
08/06/2023 00:57,11.5,182.28,57.74,18354.5,5858.3,-9.085372,-2.873839,1.311149,3.222
08/06/2023 01:27,11.5,182.78,58.05,18390.2,5878.3,-9.090274,-2.891491,1.326349,3.216
08/06/2023 01:58,11.25,184.92,58.44,18572.55,5926,-9.095179,-2.879233,1.319485,3.214
08/06/2023 02:28,11.25,188.76,59.2,18939.85,5995.05,-9.104494,-2.868935,1.29791,3.21
08/06/2023 02:58,11.31,191.69,59.84,19185.8,6063.05,-9.09959,-2.90473,1.288594,3.206
08/06/2023 03:28,11.31,195.08,60.45,19479.75,6130.8,-9.103024,-2.884136,1.293497,3.202
08/06/2023 03:58,11.44,197.71,61.27,19696,6202,-9.108417,-2.878252,1.280258,3.194
08/06/2023 04:28,11.5,198.65,61.59,19793.65,6243.05,-9.111849,-2.892962,1.273884,3.19
08/06/2023 04:58,11.5,201.38,62.21,20007.3,6299.75,-9.131462,-2.896394,1.302813,3.186
08/06/2023 05:28,11.5,206.74,63.04,20391.1,6385.85,-9.126558,-2.840986,1.331253,3.18
08/06/2023 05:58,11.56,210.62,64.16,20662.25,6456.85,-9.147152,-2.773321,1.239561,3.174
08/06/2023 06:28,11.56,216.19,64.8,20974.65,6507.9,-9.160881,-2.777243,1.229264,3.168
08/06/2023 06:58,12,220.68,65.95,21229.75,6557.25,-9.162844,-2.78754,1.221418,3.164
08/06/2023 07:28,12.44,224.11,65.87,21372.75,6531.75,-9.17265,-2.784108,1.242012,3.162
08/06/2023 07:58,13,229.32,66.94,21551.15,6551.05,-9.181967,-2.794896,1.252309,3.15
08/06/2023 08:28,13,235.54,68.06,21752.25,6574.35,-9.198148,-2.802251,1.249367,3.148
08/06/2023 08:58,14.5,234.93,68.2,21419.05,6498.45,-9.221193,-2.800289,1.273394,3.14
08/06/2023 09:28,15.5,262.62,85.13,22049.05,7262.1,-9.211878,-2.810586,1.267019,3.134
08/06/2023 09:58,15.5,298.66,100.51,23037.15,7608.3,-9.255026,-2.836083,1.292516,3.122
08/06/2023 10:28,18.38,259.98,102.87,20001.15,7589.5,-9.279542,-2.81647,1.299381,3.116
08/06/2023 10:58,20.75,261.99,106.73,19814.85,7644.75,-9.342305,-2.827747,1.309678,3.112
08/06/2023 11:28,23.56,264.4,110.06,19597.65,7636.85,-9.371235,-2.81696,1.251819,3.104
08/06/2023 11:58,23.56,262.95,112.78,19470,7697.6,-9.385945,-2.836083,1.271923,3.094
08/06/2023 12:28,28.75,249.52,101.4,18902,7208.9,-9.358976,-2.809115,1.296929,3.09
08/06/2023 12:58,29.75,196.93,59.17,17024.7,5456.15,-9.343287,-2.806663,1.296439,3.082
08/06/2023 13:28,29.75,245.85,99.59,18989.05,7206.15,-9.344757,-2.608569,1.385189,3.078
08/06/2023 13:58,27.12,247.46,96.38,18779.75,7125.65,-9.332499,-2.62524,1.376854,3.07
08/06/2023 14:28,27.69,246.84,95.79,18673.25,7063.9,-9.336421,-2.623279,1.383718,3.06
08/06/2023 14:58,27.69,253.11,102,18852.75,7290.35,-9.339854,-2.643873,1.383718,3.056
08/06/2023 15:28,28.88,186.59,54.52,16568.05,5205.25,-9.318769,-2.648777,1.403822,3.048
08/06/2023 15:59,27.44,181.2,53.45,16546.45,5169.2,-9.301117,-2.621808,1.394016,3.038
08/06/2023 16:29,25.31,177.62,52.83,16427.05,5129.7,-9.241297,-2.630634,1.378325,3.03
08/06/2023 16:59,25.31,174.2,52.09,16227.15,5079.2,-9.232471,-2.626221,1.40088,3.022
08/06/2023 17:29,22.06,171.9,51.43,16108.2,5030.65,-9.197658,-2.612491,1.37146,3.016
08/06/2023 17:59,21.06,169.58,50.77,15997.6,4979.65,-9.193245,-2.635537,1.38666,3.006
08/06/2023 18:29,21.06,168.13,50.31,15942.25,4950.85,-9.194224,-2.600234,1.366557,3.002
08/06/2023 18:59,19.25,166.6,49.83,15878.6,4916.3,-9.156469,-2.618865,1.379305,2.99
08/06/2023 19:29,18.38,164.33,49.3,15752.4,4869.7,-9.15745,-2.629163,1.358711,2.98
08/06/2023 19:59,17.56,162.09,48.75,15617.1,4825.1,-9.140778,-2.618375,1.373421,2.97
08/06/2023 20:29,17.56,159.84,48.19,15488,4783.5,-9.129501,-2.610039,1.368028,2.958
08/06/2023 20:59,16.06,157.73,47.52,15318.45,4739.9,-9.126068,-2.62524,1.367537,2.952
08/06/2023 21:29,15.38,155.47,47.17,15131.8,4697.85,-9.119695,-2.589446,1.371951,2.936
08/06/2023 21:59,15.38,153.06,46.68,14940.15,4654.55,-9.111358,-2.623279,1.361654,2.922
08/06/2023 22:29,14.25,150.85,46.2,14748.65,4608.7,-9.0991,-2.616904,1.351847,2.906
08/06/2023 22:59,13.81,148.73,45.77,14538.6,4564.15,-9.105474,-2.617885,1.339588,2.892
08/06/2023 23:29,13.81,145.9,45.15,14288,4500.5,-9.11577,-2.61004,1.333704,2.868
08/06/2023 23:59,13.19,142.85,44.34,14024.6,4423.95,-9.091255,-2.637499,1.322427,2.844
09/06/2023 00:29,12.88,139.49,43.44,13709.1,4331.1,-9.072622,-2.615924,1.303794,2.802
09/06/2023 00:59,12.56,136.99,42.66,13454,4249.7,-9.083901,-2.591897,1.317524,2.764
09/06/2023 01:29,12.56,135.02,41.92,13242.9,4174.65,-9.085369,-2.603665,1.318504,2.73
09/06/2023 01:59,12.19,135.99,41.49,13279.75,4126.9,-9.08586,-2.599743,1.293988,2.696
09/06/2023 02:29,12.38,141.38,41.47,13662.8,4111.5,-9.084391,-2.601214,1.279278,2.666
09/06/2023 02:59,12.38,144.81,41.29,13886.15,4096.8,-9.078506,-2.621317,1.280748,2.634
09/06/2023 03:29,13,142.5,40.73,13659.25,4040.7,-9.073114,-2.612001,1.275845,2.598
09/06/2023 03:59,13.19,140.79,40.21,13465.9,3989.9,-9.076547,-2.61053,1.262606,2.566
09/06/2023 04:29,13.25,137.66,39.76,13175.1,3932.2,-9.088804,-2.60955,1.242993,2.532
09/06/2023 04:59,13.25,135.02,39.28,12886.7,3878.5,-9.094687,-2.622298,1.256722,2.494
