Time,Temp,Lux1,Lux2,IR1,IR2,Accel_X,Accel_Y,Accel_Z,VBAT
18/01/2023 17:37,17.75,0,140.25,65535,14519.25,-0.212804,0.617819,9.668866,3.692
18/01/2023 17:37,17.75,0,139.49,65535,14478.65,-0.223101,0.534462,9.696324,3.692
18/01/2023 17:37,17.75,0,139.25,65535,14461.35,-0.229476,0.672736,9.666416,3.69
18/01/2023 17:46,18.12,0,139.08,65535,14428.2,-0.181423,0.1471,9.725744,3.678
18/01/2023 17:46,18.12,0,138.38,65535,14379.75,-0.172107,-0.227514,9.759579,3.678
25/04/2023 07:33,22.5,0,155.22,65535,16320.75,9.309943,0.714905,3.386727,3.824
25/04/2023 08:03,15.44,0,153.16,65535,16149.05,-1.832373,-0.268212,-9.412422,3.824
25/04/2023 08:33,15.88,0,152.68,65535,16162.75,-1.756861,-0.174068,-9.412422,3.824
25/04/2023 09:03,14,0,152.16,65535,16149.95,-1.791675,-0.178481,-9.434486,3.822
25/04/2023 09:33,14,0,151.32,65535,16132.4,-1.864244,0.774725,-9.164804,3.822
25/04/2023 10:03,12.94,0,151.17,65535,16129.3,-1.773042,0.200546,-9.432035,3.822
25/04/2023 10:33,12.12,0,151.51,65535,16132.6,9.914525,-0.92918,0.228985,3.822
25/04/2023 11:03,12.12,0,152.95,65535,16163.4,10.078295,-0.809049,0.165242,3.822
25/04/2023 11:33,13.19,0,152.64,65535,16155.75,-0.966446,2.945918,-9.130974,3.822
25/04/2023 12:03,14.06,477.89,141.11,40827.55,16108.3,9.383493,-1.839237,3.103315,3.82
25/04/2023 12:33,14.06,476.19,141.35,40657.8,16095.75,9.4237,-2.44872,2.46343,3.82
25/04/2023 13:03,11.62,476.86,141.27,41137.8,16028.5,9.837542,-1.318014,-0.598696,3.82
25/04/2023 13:33,11.12,471.58,140.97,40488.9,16120.15,9.991016,-1.213083,-0.241244,3.82
25/04/2023 14:03,10.81,461.02,141.47,39543.05,16133.05,9.759088,-0.356472,-1.875522,3.816
25/04/2023 14:33,10.81,472.26,137.92,40424.9,15858.65,8.838735,-4.837621,0.524656,3.816
25/04/2023 15:03,10.81,475.75,139.66,40744.1,16100.7,8.781857,-1.776475,4.24726,3.816
25/04/2023 15:33,10.81,474.73,139.15,40592.35,16001.1,8.643093,-2.620337,4.279622,3.818
25/04/2023 16:04,10.81,474.13,140.28,40701.1,16168.25,8.9368,-2.268768,3.70054,3.818
25/04/2023 16:34,10.75,479.18,140.12,40955,16147.75,9.016233,-2.621808,3.387707,3.818
25/04/2023 17:04,10.69,470.38,139.36,40279.85,16058,9.242768,-3.468612,1.981924,3.816
25/04/2023 17:34,10.69,474.7,139.34,40678.6,16103.15,9.739964,-1.977021,2.188354,3.816
25/04/2023 18:04,10.75,470.46,139.96,40320.4,16143.35,9.566878,-2.054003,-1.604368,3.814
25/04/2023 18:34,10.75,478.07,139.39,41151,16086.45,9.420267,-2.808625,-1.63722,3.816
25/04/2023 19:04,10.75,470.92,138.57,40640.3,16004.1,9.712018,-1.758823,-1.743622,3.816
25/04/2023 19:34,10.75,475.32,139.55,41396.65,16147.7,9.827243,-0.824249,-1.234657,3.814
25/04/2023 20:04,10.75,471.43,139.06,40388.75,16092.45,10.020434,0.098557,0.759035,3.814
25/04/2023 20:34,10.75,477.83,138.49,40906.3,16032.15,10.044951,0.065705,1.524444,3.812
25/04/2023 21:04,10.75,474.05,138.7,40581.55,16045.6,9.844404,-0.078944,0.715886,3.814
25/04/2023 21:34,10.81,466.4,139.47,40377.8,16138.6,9.741436,-1.014008,2.015267,3.812
25/04/2023 22:04,10.75,476.44,138.91,40758.45,16081.3,9.209424,-3.682397,1.053724,3.81
25/04/2023 22:34,10.75,467.8,139.51,40204.9,16137.65,8.848539,-4.624816,-0.924277,3.814
25/04/2023 23:04,10.81,465.86,139.72,40028.9,16160.2,9.164315,-3.4946,-0.749718,3.814
25/04/2023 23:34,10.75,474.34,139.25,40724.65,16115.65,8.543064,-5.205861,1.28271,3.812
26/04/2023 00:04,10.75,463.26,139.04,39739.75,16096.25,9.349659,-3.395063,-0.772764,3.812
26/04/2023 00:34,10.75,466.99,139.48,40057.65,16147.3,9.755164,-2.709087,-0.780609,3.812
26/04/2023 01:04,10.75,462.51,139.55,39744.1,16148.15,9.769876,-2.317802,-0.643807,3.812
26/04/2023 01:34,10.75,473.53,139.76,40605.75,16156.4,10.088591,-0.818855,0.715395,3.81
26/04/2023 02:04,10.75,471.69,136.36,40427.85,15784.6,9.743887,-0.424138,-0.979684,3.81
26/04/2023 02:34,10.81,473.39,140.47,40751.85,16248.05,9.52667,-2.057926,-1.950543,3.81
26/04/2023 03:04,10.69,473.37,140.58,40701.6,16248.65,9.122635,-4.219312,-1.066473,3.812
26/04/2023 03:34,10.69,472.24,139.36,40417.25,16101.1,8.097351,-4.395832,3.728488,3.808
26/04/2023 04:04,10.69,467.37,139.68,40106.9,16136.35,8.827947,-4.607654,0.607032,3.808
26/04/2023 04:34,10.62,471.5,140.39,40364.25,16195.25,8.796075,-4.869002,0.823759,3.808
26/04/2023 05:04,10.69,477.94,139.24,40933.1,16092.25,8.667608,-3.660332,3.663764,3.806
26/04/2023 05:34,10.69,459.55,139.53,40179.5,16100.95,9.165786,-4.166846,0.483958,3.806
26/04/2023 06:05,10.62,477.03,139.59,40930.7,16135.55,8.862761,-4.303157,-2.09372,3.806
26/04/2023 06:35,10.69,471.67,139.94,40485.75,16178.5,9.186378,-3.679946,-1.920632,3.804
26/04/2023 07:05,10.69,477.22,139.08,40924.25,16059.6,9.476164,-2.612492,-1.693608,3.806
26/04/2023 07:35,10.69,476.14,140.57,40747.45,16211.25,9.85078,-0.902212,-1.788733,3.804
26/04/2023 08:05,10.62,467.84,137.82,40252.45,15903.1,9.948357,0.128467,0.063253,3.804
26/04/2023 08:35,10.62,470.78,139.56,40962.9,16074.4,9.862059,0.231927,0.76737,3.804
26/04/2023 09:05,10.81,478.11,140.36,41018.9,16129.5,9.914034,-0.157397,0.672736,3.804
26/04/2023 09:35,10.75,467.66,140.87,40051.1,16140.3,9.880199,-0.601638,2.524722,3.804
26/04/2023 10:05,10.75,475.04,138.91,40727.95,15870.55,9.874317,-0.601638,-0.247618,3.804
26/04/2023 10:35,10.81,467.77,141.14,40095.4,16110.85,9.393301,-1.963291,-0.721769,3.804
26/04/2023 11:05,10.81,467.56,143.61,40067.45,16432.25,9.855683,-1.108151,-0.046091,3.804
26/04/2023 11:35,10.81,465.51,140.15,39923.6,16092.9,9.83852,-1.671053,-1.876502,3.804
26/04/2023 12:05,10.81,449,141.96,38555.9,16202.25,9.891968,-1.301833,-0.808068,3.802
26/04/2023 12:35,10.81,473.01,140.78,40428.25,16175.25,10.139096,-0.550643,0.474152,3.802
26/04/2023 13:05,10.81,468.55,136.02,40139.25,15577.75,9.629148,0.54525,-1.469036,3.802
26/04/2023 13:35,10.81,467.71,140.77,40100.65,16166.75,9.920897,-0.004903,-0.592322,3.802
26/04/2023 14:05,10.81,479.11,136.07,40963.85,15583.1,9.931194,-0.262818,-0.006374,3.802
26/04/2023 14:35,10.75,468.65,140.79,40165.4,16167.6,9.356525,-2.168741,-2.726249,3.802
26/04/2023 15:05,10.75,476.24,141.93,40838.7,16283.75,8.80392,-4.967559,-0.69382,3.802
26/04/2023 15:35,10.81,368.57,138.61,32851.4,15967.15,8.485694,-4.589022,3.084682,3.802
26/04/2023 16:05,10.81,468.62,134.26,40174.5,15493,7.750688,-1.911806,6.087969,3.8
26/04/2023 16:35,10.88,469.81,137.35,40202.8,15820.5,7.977708,-2.78705,5.233809,3.8
26/04/2023 17:05,10.88,467.26,137.74,40023.05,15852.1,8.457254,-4.551267,2.665938,3.8
26/04/2023 17:35,10.88,464.74,140.02,40202.6,16129.3,9.010841,-4.36543,-0.287335,3.8
26/04/2023 18:05,10.88,467.47,139.71,40046.35,16103.75,9.596787,-2.459017,-1.241032,3.8
26/04/2023 18:35,10.88,465,138.66,39900.75,16007.3,9.564425,-2.826766,-1.806385,3.8
26/04/2023 19:05,10.88,474.25,139.49,40572.05,16098.45,9.773308,-0.316755,-1.292516,3.8
26/04/2023 19:35,10.81,469.29,139.54,40192.4,16125.2,10.10085,0.474152,-0.156416,3.798
26/04/2023 20:05,10.81,475.39,139.27,40633.1,16088.35,9.854703,0.286845,-1.009595,3.8
26/04/2023 20:36,10.81,465.41,138.82,39894.15,16014.9,9.735062,0.329503,-0.240263,3.8
26/04/2023 21:06,10.75,461.91,131.59,41077.75,15207.85,9.76105,0.11866,-0.13337,3.8
26/04/2023 21:36,10.81,463.24,136.1,39729.85,15662.65,10.181754,-0.801694,0.842391,3.8
26/04/2023 22:06,10.81,469.8,136.84,40197.75,15777.6,9.611499,-1.001749,0.023536,3.8
26/04/2023 22:36,10.75,465.07,139.96,39842.05,16153.05,9.687009,-0.451596,-1.562199,3.798
26/04/2023 23:06,10.75,472.29,140.63,40394.75,16228.05,9.444295,-0.152003,-2.764985,3.8
26/04/2023 23:36,10.75,476.87,139.79,40737.25,16137.9,9.197166,-3.544614,-1.370479,3.798
27/04/2023 00:06,10.81,472.25,138.6,40435.4,15988.15,9.88265,-1.645556,-0.979684,3.798
27/04/2023 00:36,10.75,465.69,136.74,39924.65,15776.15,9.80469,-0.89927,-1.055686,3.798
27/04/2023 01:06,10.75,463.16,138.53,39978.2,16023.45,9.458513,-0.400602,-2.429107,3.798
27/04/2023 01:36,10.88,463.66,138.88,39708.9,16055,9.679164,-0.595754,-0.972329,3.798
27/04/2023 02:06,10.75,474.08,139.63,40531.05,16123.45,9.943453,0.145138,-0.492294,3.798
27/04/2023 02:36,10.81,469.64,138.99,40167,16064.4,9.736531,-0.266251,-0.181423,3.796
27/04/2023 03:06,10.81,463.75,138.65,39796.4,16013,9.882161,-0.396189,-0.72324,3.798
27/04/2023 03:36,10.69,467.73,139.3,40077.2,16077.75,9.540399,-0.408937,-2.076068,3.796
27/04/2023 04:06,10.75,471.36,139.26,40382,16072.25,9.554128,-3.079288,-0.293219,3.796
27/04/2023 04:36,10.75,466.35,139.67,39974.5,16134.55,8.399885,-5.036695,2.21189,3.798
27/04/2023 05:06,10.69,470.63,138.8,40316.1,16029.25,8.223857,-3.92315,4.245298,3.796
27/04/2023 05:36,10.69,466.89,139.39,40064.25,16097.85,8.734294,-4.759168,1.360183,3.796
27/04/2023 06:06,10.69,473.85,139.39,40534.4,16117.45,8.848051,-4.843015,0.915941,3.796
27/04/2023 06:36,10.69,464.11,139.43,39836.7,16097.7,9.175593,-4.275699,0.541817,3.798
27/04/2023 07:06,10.62,475.95,139.64,40751.2,16104.65,9.610025,-2.74292,-0.321168,3.796
27/04/2023 07:36,10.62,469.66,139.91,40262.55,16128.55,9.666903,-1.938774,-1.845121,3.796
27/04/2023 08:06,10.62,465.04,139.93,39827.75,16123.8,9.276602,-2.968473,-0.963013,3.796
27/04/2023 08:36,10.62,468.95,141.04,40124.1,16142.55,9.595316,0.978213,-1.96084,3.796
27/04/2023 09:06,10.69,473.79,133.66,40466,15370,9.68799,0.717357,-2.01968,3.794
27/04/2023 09:36,10.69,472.22,133.67,40345.5,15403.15,9.989055,-0.831114,2.213361,3.796
27/04/2023 10:06,10.69,463.21,137.99,39694.8,15796.5,10.017003,-0.931632,1.144926,3.796
27/04/2023 10:36,10.69,473.83,138.67,40642.6,15860.95,9.85176,-0.047562,0.179952,3.796
27/04/2023 11:07,10.69,470.51,135,40230.3,15473.9,9.77772,-1.420493,0.302535,3.794
27/04/2023 11:37,10.69,475.3,140.61,40590.45,16059.7,9.960123,-1.115506,-0.470229,3.792
27/04/2023 12:07,10.75,470.73,142.67,40130.1,16092.35,9.522748,-1.251819,-1.656343,3.792
27/04/2023 12:37,10.75,468.93,138.95,40115.9,15986.75,9.859607,-2.164328,1.069906,3.792
27/04/2023 13:07,10.81,470.39,140.24,40215.15,15997.25,9.948847,-0.216727,-0.925258,3.792
27/04/2023 13:37,10.75,471,140.18,40330.85,16023.65,9.62866,-1.505811,-0.656065,3.79
27/04/2023 14:07,10.81,475.27,139.01,40595.3,16014.15,10.074862,-1.036072,0.976252,3.792
27/04/2023 14:37,10.81,471.87,139.89,40311.6,16104.35,9.71643,1.337627,-0.555547,3.79
27/04/2023 15:07,10.75,467.36,139.25,40060.6,16067.7,9.690932,-0.939967,-2.009873,3.79
27/04/2023 15:37,10.75,480.66,139.85,41015.15,16151.5,9.040261,-4.350229,-1.416571,3.786
27/04/2023 16:07,10.75,475.59,139.44,40667.5,16090.7,8.991717,-4.08398,-2.207477,3.788
27/04/2023 16:37,10.81,460.94,139.12,39477.35,16029.05,9.11479,-3.422031,-2.328589,3.79
27/04/2023 17:07,10.75,462.58,132.45,39863,15318.85,9.214819,-3.900105,1.436184,3.788
27/04/2023 17:37,10.75,470.72,132.59,40267.35,15302.65,8.338104,-0.283412,5.20488,3.786
27/04/2023 18:07,10.75,472.85,133.11,40417.35,15390.4,9.237373,-3.498032,0.603109,3.786
27/04/2023 18:37,10.75,461.71,132.17,39677.65,15309.6,8.286128,-3.592667,4.33454,3.786
27/04/2023 19:07,10.75,467.51,133.36,40009.75,15392.7,8.963278,-3.954531,1.602407,3.786
27/04/2023 19:37,10.75,463.16,137.83,39667.25,15914.8,9.507547,-2.558065,-1.653401,3.786
27/04/2023 20:07,10.75,469.48,139.07,40203.95,16063.2,9.784586,-1.833353,-0.952226,3.786
27/04/2023 20:37,10.69,475.43,138.85,40578.85,16037.15,9.651213,-0.070608,-2.032919,3.786
27/04/2023 21:07,10.69,452.58,138.85,38939.9,15997.55,10.048385,0.372162,-0.025497,3.788
27/04/2023 21:37,10.75,463.47,137.06,40443.1,15844.05,9.831656,0.977723,-0.871811,3.784
27/04/2023 22:07,10.75,453.48,137.86,38925.7,15915.7,9.931195,-0.827681,1.316543,3.784
27/04/2023 22:37,10.75,460.14,136.26,39439.7,15760.85,9.872355,-0.366769,1.181211,3.784
27/04/2023 23:07,10.75,457.63,137.75,39239.45,15835.4,9.749771,-0.98802,-0.186817,3.786
27/04/2023 23:37,10.69,459.16,129.41,39318.55,14913.55,9.267285,0.447674,-2.069203,3.786
28/04/2023 00:07,10.75,468.04,134.82,40007.3,15571.25,10.125857,0.894366,0.44228,3.784
28/04/2023 00:37,10.75,451.99,137.69,38874.2,15930.6,9.46391,1.098345,-1.500417,3.786
28/04/2023 01:08,10.75,465.94,138.69,40198.1,16051.05,9.244729,-0.75168,-2.635047,3.784
28/04/2023 01:38,10.81,461.31,137.66,39570.9,15925.5,9.809102,0.356472,-1.550922,3.784
28/04/2023 02:08,10.81,463.09,137.95,39661.25,15957.55,9.805669,0.818855,-1.670563,3.782
28/04/2023 02:38,10.81,464.02,135.27,39732.2,15636.4,10.078786,-0.946832,0.809049,3.782
28/04/2023 03:08,10.75,447.61,138.36,38587.35,16009.8,9.96699,0.083847,-0.013239,3.782
28/04/2023 03:38,10.75,463.19,130.09,39715,15038,9.8346,-0.130428,0.210843,3.78
28/04/2023 04:08,10.81,468.54,129.87,40074.25,15034.55,9.767423,-0.379027,-0.124054,3.78
28/04/2023 04:38,10.75,458.3,137.57,39301.35,15915.2,10.045444,-0.44277,1.434713,3.778
28/04/2023 05:08,10.75,454.93,138.26,39058.3,15937.4,9.907169,0.183384,1.127274,3.78
28/04/2023 05:38,10.75,457.78,138.34,39279.25,15991.05,9.766442,-0.579573,2.695848,3.78
28/04/2023 06:08,10.81,459.39,137.43,39335,15834.75,9.691423,0.189759,1.086087,3.778
28/04/2023 06:38,10.81,466.33,136.23,39906.6,15664.25,9.840974,1.051273,-0.097576,3.778
28/04/2023 07:08,10.81,461.1,138.73,39560.8,16003.35,9.458514,-0.636942,2.820393,3.78
28/04/2023 07:38,10.75,466.65,123.29,39914.2,14241.6,9.68799,-0.934574,0.975271,3.776
28/04/2023 08:08,10.75,459.59,134.51,39408.5,15525.85,9.940021,-1.729403,1.585245,3.776
28/04/2023 08:38,10.75,464.69,129.17,39709.75,14908.45,9.962576,-0.510926,0.69284,3.778
28/04/2023 09:08,10.81,446.69,134.29,38349.25,15456,9.666414,-0.256934,0.314793,3.776
28/04/2023 09:38,10.81,463.08,138.76,39638.95,15967,9.874316,-0.44228,1.195921,3.776
28/04/2023 10:08,10.81,468.99,125.99,40082.65,14506.3,9.805178,0.525636,-0.159358,3.776
28/04/2023 10:38,10.88,466.02,139.34,39818.75,15966.3,9.566877,1.131197,-1.433242,3.776
28/04/2023 11:08,10.81,450.77,138.48,38722.1,15961.65,9.982679,-0.257425,-0.45797,3.776
28/04/2023 11:38,10.94,456.6,137.74,39136.4,15864.25,10.044462,-0.35353,-0.233398,3.776
28/04/2023 12:08,10.94,463.51,137.92,39620.45,15827.45,9.600711,-0.069627,-0.996356,3.776
28/04/2023 12:38,10.88,460.04,139.09,39388.6,16003.5,9.353582,0.032362,-3.094979,3.774
28/04/2023 13:08,10.88,472.18,138.24,40298,15842.4,9.582568,0.475623,-1.896606,3.776
28/04/2023 13:38,10.88,465.01,139.63,39732.95,15996.55,9.532556,0.012258,-2.28495,3.774
28/04/2023 14:08,10.88,474.86,138.5,40322.55,15882.25,9.323672,-1.472468,-2.766456,3.776
28/04/2023 14:38,10.94,462.05,139.95,39483,15936.1,10.055738,-0.816404,-0.705589,3.774
28/04/2023 15:08,10.94,451.61,138.41,38744.6,15900.95,9.776741,1.006162,-0.112777,3.774
28/04/2023 15:39,11.06,457.46,138.28,39060.65,15769.45,9.634543,0.466797,-1.611723,3.776
28/04/2023 16:09,11,465.72,135.92,39708.65,15571.3,9.830187,-0.171616,-0.286844,3.774
28/04/2023 16:39,11.06,451.67,125.1,38771.1,14428.25,9.77968,-0.590851,1.240051,3.774
28/04/2023 17:09,11.06,463.6,132.82,39609.95,15298.4,9.756146,0.08875,0.055898,3.774
28/04/2023 17:39,10.94,461.59,134.52,39505.3,15481.25,9.937078,-0.328523,-0.756583,3.774
28/04/2023 18:09,11,456.5,113.88,39061.45,13168.5,9.847349,0.423647,-0.283903,3.774
28/04/2023 18:39,11,464.4,138.65,39607.5,15970.1,9.685538,0.699705,-1.263097,3.774
28/04/2023 19:09,11,455.49,137.94,39017.35,15908.55,9.786057,0.093163,-1.387151,3.774
28/04/2023 19:39,11.06,460.07,138.91,39340.4,16003.25,9.904718,0.002942,-0.550644,3.772
28/04/2023 20:09,11.06,457.75,138.38,39147.85,15969.65,9.879221,-0.8115,-0.838959,3.772
28/04/2023 20:39,11.06,455.76,137.39,39039.55,15876.8,9.854212,-0.765409,0.679601,3.772
28/04/2023 21:09,11,462.75,122.08,39596.75,14208.8,9.883143,0.032362,-0.282922,3.772
28/04/2023 21:39,11,462.64,137.58,39508.5,15885,9.743888,-1.871109,0.462874,3.774
28/04/2023 22:09,11,465.84,105.84,39851.75,12367.5,9.989543,-0.314793,0.251541,3.772
28/04/2023 22:39,11,444.17,137.97,38135,15946.75,9.899813,-0.57565,0.967426,3.772
28/04/2023 23:09,10.94,469.33,110.55,40079.7,12719.8,9.855682,0.297141,-0.583005,3.772
28/04/2023 23:39,10.94,467.97,131.24,39898.4,14962.7,9.890986,0.691369,-0.254973,3.772
29/04/2023 00:09,10.94,454.61,115.58,39023.45,13328.3,9.889517,0.564863,0.591341,3.772
29/04/2023 00:39,11,452.1,136.61,38740.5,15766.65,9.723294,1.948581,-0.504552,3.772
29/04/2023 01:09,11,440.66,127.03,37870.25,14697.6,9.658568,0.966936,-1.398428,3.772
29/04/2023 01:39,11,441.26,137.72,38002.55,15890.95,9.850291,1.168953,-0.346175,3.772
29/04/2023 02:09,10.94,447.98,136.18,38458.1,15644.1,9.843425,1.293987,-0.100028,3.772
29/04/2023 02:39,11,461.92,120.7,39419.75,13985.1,9.547264,1.91622,-0.994885,3.77
29/04/2023 03:09,11,450.7,118.49,38771.45,13680.1,9.775759,0.662439,-1.106681,3.77
29/04/2023 03:39,11,461.04,93.98,39428.25,11060.55,9.949337,0.23634,-0.195643,3.77
29/04/2023 04:09,11,465.57,137.45,39711.6,15832.4,9.916487,0.774725,-0.080415,3.768
29/04/2023 04:39,11,457.76,138.91,39146.35,16005.3,9.906187,-0.204469,-0.090221,3.77
29/04/2023 05:09,11.06,456.93,108.71,39066.95,12464.75,10.040539,-0.972329,-0.211333,3.77
29/04/2023 05:39,11,442.05,122.32,37905.8,14152.15,9.937078,-0.462384,-0.551624,3.77
29/04/2023 06:10,11,454.73,131.88,38917.85,15183.45,9.921878,0.373633,-0.29567,3.77
29/04/2023 06:40,11.06,459.48,127.24,39221.4,14662.15,9.692892,1.658795,-0.283902,3.77
29/04/2023 07:10,11,457.1,128.81,39111,14842.15,9.609536,1.310659,-0.232418,3.768
29/04/2023 07:40,11,462.11,133.01,39420.5,15242.65,9.67426,1.475411,-1.136101,3.768
29/04/2023 08:10,11,470.77,137.09,40148.9,15692.55,9.802729,1.546509,1.17925,3.768
29/04/2023 08:40,10.94,457.34,134.39,39182.8,15406.35,9.724276,-0.570747,1.806385,3.768
29/04/2023 09:10,11,455.76,128.74,39019.3,14716.75,9.647291,-0.919373,1.928968,3.768
29/04/2023 09:40,11,462.81,133.01,39543.15,15140.05,10.005725,-0.754131,1.15032,3.768
29/04/2023 10:10,11.06,448.91,116.53,38440.75,13314.4,9.832147,-1.136591,1.340079,3.768
29/04/2023 10:40,11,469.96,134.35,40036.65,15368.55,9.986113,-1.447461,0.962523,3.768
29/04/2023 11:10,11,462.64,115.05,39380.25,12989.25,9.734571,-1.452855,0.876715,3.768
29/04/2023 11:40,11.12,468.06,121.76,39602,13356.35,9.955711,-1.513166,1.113055,3.768
29/04/2023 12:10,11.19,471.42,120.7,39881.5,13486.8,9.922369,-1.482765,0.027459,3.766
29/04/2023 12:40,11.19,462.93,144.6,39141.5,16131.2,9.940022,-0.262818,-0.266251,3.766
29/04/2023 13:10,11.38,469.09,144.6,39479.5,16144.75,9.920409,0.175049,-0.151513,3.768
29/04/2023 13:40,11.31,455.75,122.51,38665.85,13625.2,9.947376,0.396189,0.439828,3.766
29/04/2023 14:10,11.38,447.42,136.62,38019.5,15130.25,9.867943,0.962032,0.463364,3.764
29/04/2023 14:40,11.38,476.34,124.1,40308.55,13902.85,9.741927,0.07306,1.927497,3.766
29/04/2023 15:10,11.38,466.56,128.86,39583.95,14445.4,9.899324,0.193191,0.702156,3.766
29/04/2023 15:40,11.38,451.71,129.06,38528.15,14549.85,9.883142,-0.475132,1.104229,3.766
29/04/2023 16:10,11.38,459.25,125.01,39139,14206.75,9.953751,-0.564863,1.009595,3.766
29/04/2023 16:40,11.25,465.2,133.79,39606.2,15232.7,9.999352,-0.365788,0.564373,3.764
29/04/2023 17:10,11.19,461.56,123.52,39310.5,14070.35,9.886084,-0.458461,0.211333,3.762
29/04/2023 17:40,11.19,465.1,132.59,39720.55,15032.9,9.905207,-0.739421,0.814933,3.764
29/04/2023 18:10,11.25,445.8,136.78,38199,15580.15,9.76399,0.154945,2.139321,3.76
29/04/2023 18:40,11.19,459.91,139.51,39459.1,15914.45,9.784094,0.389324,1.756371,3.762
29/04/2023 19:10,11.19,445.84,139.33,38289.5,15992.5,9.856174,0.25007,1.598484,3.762
29/04/2023 19:40,11.19,450.91,138.24,38623.1,15847.05,9.74683,0.966445,1.994673,3.762
29/04/2023 20:11,11.06,459.06,139.72,39303.35,16031.1,9.888535,0.200546,1.382247,3.762
29/04/2023 20:41,11.19,441.24,139.32,37890.05,15953,9.507055,0.73746,2.751256,3.762
29/04/2023 21:11,11.19,460.83,137,39350.5,15613.05,9.647782,0.068156,2.261414,3.76
29/04/2023 21:41,11.25,464.59,136.63,39661.65,15616.25,9.709566,0.079924,2.272691,3.76
29/04/2023 22:11,11.25,452.34,127.22,38581.25,14590.1,9.712506,-0.296161,1.877483,3.762
29/04/2023 22:41,11.25,466.22,131.47,39736.95,15059.25,10.018966,-0.395698,0.79679,3.762
29/04/2023 23:11,11.38,452.95,138.47,38766.35,15806.85,9.975325,-0.152003,1.393035,3.758
29/04/2023 23:41,11.25,459.06,117.34,39180.1,13630.85,9.791941,-0.433454,1.04686,3.758
30/04/2023 00:11,11.38,453.54,117.86,38715.55,13647.25,9.956694,-0.303026,0.944871,3.758
30/04/2023 00:41,11.38,443.01,122.06,37891.55,13961.4,9.92384,-0.101499,-0.136803,3.758
30/04/2023 01:11,11.38,457.55,135.71,39007.4,15608.65,9.897852,-1.170424,0.834056,3.758
30/04/2023 01:41,11.44,471.09,115.91,40074.25,13419.95,9.92433,-1.213083,0.578102,3.758
30/04/2023 02:11,11.44,445.77,106.59,38132.75,12270.8,9.782132,-1.981434,1.020872,3.758
30/04/2023 02:41,11.38,459.42,117.72,39146.25,13464.25,9.800768,-0.947813,1.966234,3.758
30/04/2023 03:11,11.38,447.07,134.4,38221.15,15316.55,9.419287,-1.25329,3.203833,3.756
30/04/2023 03:41,11.38,451.22,135.86,38710.1,15496,9.428114,-1.167972,2.9925,3.754
30/04/2023 04:11,11.38,469.98,139.86,40019.65,16118.55,9.893929,-1.589658,-0.90025,3.756
30/04/2023 04:41,11.25,457.14,137.89,39058.25,15917.75,9.773799,1.126294,-1.23907,3.754
30/04/2023 05:11,11.25,455.83,120.82,38902.45,13891.9,9.947375,0.645768,0.581044,3.754
30/04/2023 05:41,11.31,455.42,123.52,38856,14164.3,9.77576,0.048543,0.500139,3.752
30/04/2023 06:11,11.25,463.88,125.36,39527.4,14356.85,9.913542,-0.006374,1.369989,3.756
30/04/2023 06:41,11.25,459.74,124.72,39152.55,14252.45,9.839011,-0.05835,0.636942,3.756
30/04/2023 07:11,11.25,459.68,127.88,39186.75,14657.4,9.832638,-0.436396,1.94662,3.754
30/04/2023 07:41,11.25,459.05,120.18,39075.25,13762,9.714468,-0.41286,1.983395,3.752
30/04/2023 08:11,11.25,454.78,132.26,38722.85,15051.35,9.740946,0.126015,2.280046,3.752
30/04/2023 08:41,11.25,468.87,136.09,39816.6,15464.95,9.682105,0.303026,2.397236,3.754
30/04/2023 09:11,11.31,464.16,140.64,39423.75,16091.1,9.437922,-0.827681,3.047907,3.754
30/04/2023 09:41,11.19,464.27,134.22,39383.05,15260.1,9.674261,-0.333917,2.295247,3.752
30/04/2023 10:11,11.19,466.75,136.18,39695.35,15474.8,9.897851,-0.4869,1.796579,3.75
30/04/2023 10:42,11.25,464.43,135.4,39581.9,15337.95,9.724274,-0.70755,2.282988,3.75
30/04/2023 11:12,11.31,457.62,125.95,38934.75,14222.1,9.704171,-0.243205,1.779417,3.752
30/04/2023 11:42,11.44,460.86,128.47,39121.45,14516.1,9.931685,-0.606051,1.099816,3.752
30/04/2023 12:12,11.44,469.3,137.93,39749.5,15520.05,10.02779,-0.574179,1.15081,3.75
30/04/2023 12:42,11.5,468.1,130.61,39655.4,14544.95,9.916486,-0.506513,1.023814,3.75
30/04/2023 13:12,11.56,449.97,115.23,38252,12902.75,9.853231,-0.146609,0.638413,3.75
30/04/2023 13:42,11.56,466.26,124.79,39511.05,13815.6,9.936099,-0.173578,-0.256934,3.752
30/04/2023 14:12,11.69,470.97,135.27,39762.45,14998.7,9.956693,0.358433,-0.334407,3.75
30/04/2023 14:42,11.69,463.1,146.32,39222.05,16319.7,9.949339,-0.380988,-0.535933,3.752
30/04/2023 15:12,11.69,457.11,100.43,38691.35,11495.3,9.761048,1.153262,1.731364,3.75
30/04/2023 15:42,11.75,440.23,104.95,37524.5,11965.85,9.754675,-0.655575,2.157953,3.75
30/04/2023 16:12,11.69,473.22,113.36,40138.7,12940.5,9.603653,0.35402,2.44774,3.75
30/04/2023 16:42,11.62,453.93,110.5,38738.65,12685.85,9.737024,-0.071589,1.908864,3.748
30/04/2023 17:12,11.62,469.93,109.57,39908.5,12611.75,9.861078,-1.036073,1.479824,3.748
30/04/2023 17:42,11.56,460.04,97.69,39170.3,11428.55,9.6875,-1.296929,2.100585,3.748
30/04/2023 18:12,11.62,449.35,110.67,38299.35,12742.15,9.802238,-1.20916,1.682821,3.748
30/04/2023 18:42,11.62,471.49,108.08,39963.8,12453.3,9.932175,-0.514849,0.818365,3.748
30/04/2023 19:12,11.62,464.16,113.22,39482.25,13036.75,9.925312,-0.89976,0.785022,3.748
30/04/2023 19:42,11.62,457.91,106.34,38971.8,12317.75,9.908151,-1.270451,0.405995,3.748
30/04/2023 20:12,11.62,468.66,108.65,39928.8,12550.7,9.776251,-1.427848,1.487669,3.748
30/04/2023 20:42,11.62,458.44,112.81,39173,12958.5,9.662001,-1.325859,2.450191,3.748
30/04/2023 21:12,11.56,461.59,143.66,39334.9,16475.9,9.28935,0.142687,3.529414,3.748
30/04/2023 21:42,11.44,461.36,141.19,39346.65,16223.3,9.575212,0.749718,2.447249,3.748
30/04/2023 22:12,11.44,466.72,139.98,39785.8,16125.6,9.708584,1.255742,1.546999,3.748
30/04/2023 22:42,11.44,456.27,141.19,38821.8,16219.1,9.724764,1.088048,1.783829,3.748
30/04/2023 23:12,11.56,451.98,131.77,38535.1,15026.45,9.861567,0.041188,1.82796,3.748
30/04/2023 23:42,11.56,450.11,134.89,38389.5,15507.6,9.846365,0.257425,1.316543,3.748
01/05/2023 00:12,11.56,451.98,141.47,38537.1,16157.05,9.816458,-0.230947,1.095403,3.748
01/05/2023 00:42,11.56,455.07,123.9,38803.25,14187.3,9.985131,-0.105912,0.415802,3.748
01/05/2023 01:13,11.56,448.52,128.6,38323.95,14812,9.962084,-0.386382,0.781099,3.748
01/05/2023 01:43,11.62,439.64,124.3,37611.95,14272.65,9.955711,-0.245657,0.384421,3.746
01/05/2023 02:13,11.56,456.54,129.16,38963.1,14759.45,9.896381,-0.452087,1.264568,3.748
01/05/2023 02:43,11.56,461.52,131.34,39319,14998,9.787038,-1.409215,1.611233,3.748
01/05/2023 03:13,11.62,464.85,130.23,39592.45,14892.45,9.803709,-0.572708,2.126082,3.748
01/05/2023 03:43,11.62,440.4,139.27,37560.35,15956,9.468319,-0.946832,3.089095,3.746
01/05/2023 04:13,11.75,439.87,137.92,37511.85,15769.2,9.453119,-0.930651,3.083702,3.746
01/05/2023 04:43,11.75,458.75,137.16,39027.7,15726.75,9.512451,-0.756583,2.819903,3.746
01/05/2023 05:13,11.69,436.38,137.68,37181.05,15739.05,9.335441,-0.69235,3.62797,3.746
01/05/2023 05:43,11.56,446.88,132.01,38020,15086.1,9.470774,0.464835,2.829709,3.746
01/05/2023 06:13,11.56,434.22,136.58,37109,15646.9,9.641898,-0.509456,1.831882,3.746
01/05/2023 06:43,11.62,445.86,139.22,38098.15,15897.15,9.890987,-0.347646,0.865927,3.746
01/05/2023 07:13,11.5,468.13,134.95,39647.75,15397.25,9.93953,-0.849746,0.263799,3.746
01/05/2023 07:43,11.5,445.98,129.35,38007.6,14752.4,9.9106,-1.20867,0.647239,3.746
01/05/2023 08:13,11.62,449.49,129.3,38289,14756.3,9.836069,-1.202785,1.512186,3.746
01/05/2023 08:43,11.56,446.41,130.28,38071.25,14848.25,9.523237,-0.924767,2.826767,3.746
01/05/2023 09:13,11.5,448.35,133.99,38150.4,15246.5,9.654157,-0.171616,2.442346,3.746
01/05/2023 09:43,11.5,451.74,139.17,38429.25,15856.05,9.491857,0.134351,2.901788,3.744
01/05/2023 10:13,11.5,447.26,136.41,38100.85,15589.45,9.45263,0.629587,2.929737,3.744
01/05/2023 10:43,11.44,441.77,137.29,37644.3,15618.25,9.733101,0.409428,2.023602,3.746
01/05/2023 11:13,11.44,446.87,136.56,37933.9,15470.7,9.823321,0.318716,1.913277,3.744
01/05/2023 11:43,11.5,456.1,139.45,38536.8,15609.2,9.85078,0.057369,1.375383,3.744
01/05/2023 12:13,11.44,444.54,141.03,37418.9,15727.35,9.926292,-0.200546,0.975762,3.744
01/05/2023 12:43,11.44,458.85,133.86,38863.5,15171.55,9.938551,-0.232908,0.715395,3.744
01/05/2023 13:13,11.56,452,130.42,38299.25,14730.2,9.897361,0.426099,0.850237,3.744
01/05/2023 13:43,11.56,445.96,131.93,37890.55,14907.1,9.917467,0.662439,0.388834,3.744
01/05/2023 14:13,11.69,452.27,131.35,38353.65,14718.7,9.930706,-0.22163,0.928199,3.742
01/05/2023 14:43,11.69,448.09,132.1,37923.05,14867.25,9.921389,-0.32362,0.871811,3.742
01/05/2023 15:14,11.75,443.91,129.97,37661.2,14832.25,9.893438,-0.833075,1.169933,3.742
01/05/2023 15:44,11.75,445.05,128.89,37813.55,14562.65,9.826754,-0.815913,1.672524,3.742
01/05/2023 16:14,11.75,449.64,134.98,37947.85,15015.35,9.712018,-1.541115,1.977511,3.742
01/05/2023 16:44,11.75,421.46,130.97,36105.5,14776.9,9.734081,-1.368028,1.959369,3.742
01/05/2023 17:14,11.69,446.87,133.89,37988.7,15140.25,9.525689,-1.493062,2.574246,3.74
01/05/2023 17:44,11.69,426.24,129.11,36487.65,14721.05,9.809593,-1.073338,1.752939,3.74
01/05/2023 18:14,11.75,356.6,135.79,30695.75,15403.5,9.535986,-1.388621,2.773321,3.738
01/05/2023 18:44,11.75,431.68,132.17,36958.25,15070.6,9.802726,-1.236128,1.646046,3.74
01/05/2023 19:14,11.75,440.33,134.9,37583.8,15362.35,9.930704,-0.549172,0.868379,3.74
01/05/2023 19:44,11.75,446,119.4,38076.55,13738.05,9.900304,-1.246425,0.989001,3.738
01/05/2023 20:14,11.75,468.06,139.9,39842.8,16082.55,9.789491,-2.306034,0.385892,3.738
01/05/2023 20:44,11.75,454.98,141.07,41823,16198.05,9.514413,-3.189613,-0.624193,3.74
01/05/2023 21:14,11.75,456.58,142.53,39045.4,16250.6,9.637976,-2.796366,-0.554566,3.738
01/05/2023 21:44,11.69,472.22,139.95,40395.5,15985.85,9.491857,-3.232763,-0.446693,3.738
01/05/2023 22:14,11.62,459.42,133.48,41300.85,15391,9.236883,-3.773599,-1.333704,3.738
01/05/2023 22:44,11.62,451.36,134.86,38558,15541.4,8.96622,-3.58384,-2.603175,3.738
01/05/2023 23:14,11.56,462.01,136.28,39330.8,15670.95,9.65857,-1.941226,-1.671053,3.74
01/05/2023 23:44,11.5,451.94,135.39,38556.55,15595.2,9.952279,-1.233186,-0.259876,3.738
02/05/2023 00:14,11.5,454.5,134.76,38760,15517.2,9.913542,-0.827681,-0.792377,3.738
02/05/2023 00:44,11.56,456.13,135.17,38868.35,15566.25,9.948357,-0.716376,-0.120622,3.738
02/05/2023 01:14,11.56,452.97,135.44,38596.5,15642.05,9.957674,0.009807,-0.273606,3.738
02/05/2023 01:44,11.75,454.07,135.41,38702.55,15589.8,9.95375,-0.289786,0.223592,3.738
02/05/2023 02:14,11.75,456.3,136.21,38780.15,15695.25,9.978756,-0.248599,0.055408,3.738
02/05/2023 02:44,11.75,457.17,135.08,38974.25,15557.8,9.968951,-0.540837,-0.194172,3.738
02/05/2023 03:14,11.69,459.13,136.68,39085.15,15719.7,9.960124,0.223101,-0.358923,3.738
02/05/2023 03:44,11.69,454.39,133.87,38731.7,15458.5,9.904716,0.543779,-1.107661,3.738
02/05/2023 04:14,11.75,453.03,133.79,38643.25,15418.6,9.706134,0.179462,-2.088816,3.736
02/05/2023 04:44,11.69,453.37,135.99,38626.65,15655.2,9.666414,-0.887012,-2.22562,3.736
02/05/2023 05:14,11.69,451.02,133.88,38470.45,15448.25,9.641408,-0.999788,-2.159424,3.734
02/05/2023 05:45,11.69,452.39,135.04,38545.25,15564.05,9.491366,-0.164752,-2.810096,3.736
02/05/2023 06:15,11.62,453.3,135.88,38605.35,15627,9.311904,-0.881618,-3.368094,3.734
02/05/2023 06:45,11.62,447.39,135.82,38147.65,15605.25,9.83705,0.10395,-1.298401,3.734
02/05/2023 07:15,11.62,450.44,136.06,38403.8,15647.6,9.915503,0.275567,-0.811991,3.736
02/05/2023 07:45,11.56,433.03,135.55,37093.4,15571.05,9.975815,0.056879,-0.135822,3.736
02/05/2023 08:15,11.56,445.07,137.15,37965.5,15738.1,9.902265,0.294199,0.760015,3.734
02/05/2023 08:45,11.56,449.73,136.55,38357.25,15701.05,9.633074,0.276548,2.498735,3.732
02/05/2023 09:15,11.56,470.54,136.75,39918.3,15681.5,9.671319,0.323129,2.333002,3.732
02/05/2023 09:45,11.5,459.56,124.19,39118.5,14311.7,9.49529,-3.723095,-0.085808,3.73
02/05/2023 10:15,11.5,451.64,132.97,38543.75,15284.55,8.902478,-4.637566,-0.608993,3.732
02/05/2023 10:45,11.56,454.18,129.44,38705.95,14828,8.351343,-5.661378,-0.767861,3.73
02/05/2023 11:15,11.56,456.72,122.62,38919.4,14121.95,9.442332,-2.920911,1.950543,3.732
02/05/2023 11:45,11.69,459.86,123.5,39152.55,14182.5,9.549716,-2.529625,1.155223,3.732
02/05/2023 12:15,11.69,456.82,123.74,38909.5,14156.35,9.293762,-3.250905,1.646537,3.73
02/05/2023 12:45,11.75,457.89,127.14,38953.75,14519.8,9.61493,-2.660054,1.553864,3.73
02/05/2023 13:15,11.75,469.98,124.5,39865.55,14237.75,9.748793,-1.733326,1.609271,3.73
02/05/2023 13:45,11.75,464.1,123.74,39410.35,14144,9.922858,-0.513378,1.271922,3.73
02/05/2023 14:15,11.88,471.86,122.88,40047.75,14004.6,9.740458,-0.51632,0.877695,3.73
02/05/2023 14:45,11.81,461.66,122.39,39150.8,13916.75,9.790469,-0.54574,0.718827,3.73
02/05/2023 15:15,11.81,461.72,133.02,39118.25,14782.35,10.002785,0.036285,-0.166713,3.728
02/05/2023 15:45,11.94,470.24,133.12,39696.5,14938.8,9.95375,-0.275567,0.260367,3.73
02/05/2023 16:15,11.94,455.04,123.19,38589.95,14032.65,9.842444,0.451106,1.298401,3.728
02/05/2023 16:45,12.06,455.66,124.25,38717.85,14230.2,9.685539,-0.332936,2.526684,3.728
02/05/2023 17:15,12.06,453.9,124.88,38739.85,14309,9.621305,0.468268,2.330551,3.73
02/05/2023 17:45,12.06,460.78,123.26,41289.95,14176.85,8.902478,-2.865503,3.638268,3.728
02/05/2023 18:15,12,419.49,122.47,36334.1,14083.75,8.917677,-2.878742,3.652487,3.726
02/05/2023 18:45,12,461.64,123.35,39358.65,14203.95,9.068699,-2.662015,3.307784,3.726
02/05/2023 19:15,12,448.12,121.44,41583.9,14050.35,9.495778,-2.257491,2.320744,3.728
02/05/2023 19:45,12,455.28,123.44,38944.85,14272.3,9.710054,-0.769822,2.400178,3.726
02/05/2023 20:16,12,459.82,121.9,39198.5,14126.15,9.734571,-0.465816,1.94711,3.726
02/05/2023 20:46,11.94,460.22,122.07,39282,14114.75,9.954732,-0.457971,1.280749,3.726
02/05/2023 21:16,11.88,457.3,125.29,39559.9,14418.7,9.377608,-2.003008,2.794895,3.726
02/05/2023 21:46,11.88,421.59,119.19,36627.65,13803.55,8.798037,-2.094701,4.281093,3.728
02/05/2023 22:16,11.81,457.91,123.03,39536.5,14200.05,8.531787,-2.617885,4.324733,3.726
02/05/2023 22:46,11.81,459.45,127.21,39122.8,14674.1,8.019388,-3.342106,4.569409,3.726
02/05/2023 23:16,11.81,456.63,121.64,38950.75,14102.65,7.500617,-3.222956,5.790337,3.726
02/05/2023 23:46,11.81,458.53,129.63,39110.85,14947.15,8.085094,-4.392399,4.244809,3.724
03/05/2023 00:16,11.75,458.88,121.48,40304,14039.9,8.274363,-4.487033,3.824594,3.726
03/05/2023 00:46,11.75,424.7,122.71,37137.15,14186.2,9.413404,-2.58111,2.638479,3.724
03/05/2023 01:16,11.75,449.2,121.45,38409.95,14038.75,9.651706,-1.751958,1.863754,3.724
03/05/2023 01:46,11.69,472.33,121.59,40305.8,14040.25,9.475186,-1.878954,2.6831,3.726
03/05/2023 02:16,11.69,465.76,127.36,39698.5,14616,9.997389,-0.562902,0.972329,3.724
03/05/2023 02:46,11.69,458.91,123.48,39113,14261,9.855194,-1.103248,0.75217,3.724
03/05/2023 03:16,11.69,458.16,127.56,39083.95,14661.5,10.016513,-0.44277,0.204959,3.722
03/05/2023 03:46,11.69,452.15,126.54,38592.5,14589.9,9.860588,-0.152493,0.077963,3.724
03/05/2023 04:16,11.62,443.36,135.24,38194.45,15578.2,9.640917,-1.397448,-1.795107,3.72
03/05/2023 04:46,11.62,423.95,121.92,39261.2,14043.15,9.642389,1.604858,1.531308,3.72
03/05/2023 05:16,11.62,460.69,135.42,39290,15555.9,9.173632,-1.145417,3.645132,3.72
03/05/2023 05:46,11.62,456.89,122.15,39063.3,14089.6,9.334459,-2.63897,2.30064,3.72
03/05/2023 06:16,11.62,439.82,128.73,38325.2,14792.85,8.756357,-3.843716,3.143032,3.722
03/05/2023 06:46,11.75,466.38,127.22,39660,14649.8,9.030454,-3.9815,2.399687,3.72
03/05/2023 07:16,11.69,400.85,121.3,38720.95,13983.75,9.105965,-2.929246,2.911594,3.72
03/05/2023 07:46,11.69,480.06,122.97,41159.65,14102.75,9.528631,-1.775984,2.554142,3.72
03/05/2023 08:16,11.69,409.82,122.18,42369.9,14014,9.947866,-0.739912,1.692628,3.72
03/05/2023 08:46,11.69,340.07,127.54,29572.6,14517.5,10.000332,-0.45748,0.863476,3.72
03/05/2023 09:16,11.69,424.03,127.07,36389.35,14501.25,9.80714,-0.395208,1.824037,3.72
03/05/2023 09:46,11.69,437.52,123.9,41359.4,14173.6,9.544812,0.360394,2.61004,3.72
03/05/2023 10:17,11.75,458.08,128.18,38895,14644.55,8.864232,0.210353,4.624816,3.718
03/05/2023 10:47,11.69,461.4,126.48,39122.1,14449.25,8.381254,0.184365,5.115149,3.72
03/05/2023 11:17,11.69,454.01,131.02,38552.5,14905.3,8.236605,0.170145,5.450047,3.72
03/05/2023 11:47,11.69,461.84,124.72,39112.25,14238.4,7.964471,-0.167203,5.998728,3.72
03/05/2023 12:17,11.69,458.46,126.87,38772.9,14368.05,8.937289,-0.054917,4.372295,3.718
03/05/2023 12:47,11.69,450.69,127.21,38254.8,14362.25,9.225606,-0.323619,3.905989,3.718
03/05/2023 13:17,11.88,463.88,130.87,39130.5,14664.85,8.905419,0.225553,4.159,3.718
03/05/2023 13:47,11.94,459.93,124.16,38851.35,13816.8,9.645821,-0.278509,2.128533,3.718
03/05/2023 14:17,12.06,463.5,126.56,39113.95,14006.3,9.447728,-0.466306,2.930718,3.716
03/05/2023 14:47,12.06,455.43,127.22,38479.8,14055.65,9.603162,-0.143177,2.686042,3.718
03/05/2023 15:17,12.19,446.49,126.13,41206.4,13913.75,9.818911,-0.38393,1.864735,3.716
03/05/2023 15:47,12.31,466.21,128.32,41255.5,14206.25,9.890987,-0.406976,0.373143,3.718
03/05/2023 16:17,12.31,461.08,128.65,38994.15,14261.2,10.122915,-0.51681,-0.020594,3.716
03/05/2023 16:47,12.31,440.75,143.1,39608.7,15859.25,9.892459,0.13239,-0.915941,3.716
03/05/2023 17:17,12.19,452.19,122.12,38445,13919.75,9.53991,1.752939,2.245723,3.718
03/05/2023 17:47,12.19,455.81,121.28,38781.2,13941.7,8.793133,-0.380988,4.640996,3.718
03/05/2023 18:17,12.12,462.86,121.08,39366.5,13877.45,9.132934,-1.068435,3.898634,3.718
03/05/2023 18:47,12.12,460.72,118.53,39251.45,13695.15,9.30553,-1.40088,3.372508,3.716
03/05/2023 19:17,12.12,330.93,120.21,29952.75,13802.75,8.951019,-2.356538,3.758889,3.716
03/05/2023 19:47,12.06,435,116.44,40083.75,13453.85,9.610025,-0.735499,2.546297,3.714
03/05/2023 20:17,12,446.96,113.98,38098.75,13224.25,9.527159,0.01422,2.963079,3.714
03/05/2023 20:47,11.94,405.82,117.43,40860.55,13556.15,9.986602,0.220159,0.476603,3.714
03/05/2023 21:17,11.94,455.12,120.62,38707.35,13922.85,9.875297,-0.569766,1.635259,3.714
03/05/2023 21:47,11.88,448.91,117.29,38351.7,13581.25,9.591394,-1.74019,2.75714,3.712
03/05/2023 22:17,11.81,452.99,122.23,38646,14074.05,8.103235,-3.001816,4.667966,3.712
03/05/2023 22:47,11.81,452.21,124.32,38554.55,14344.75,8.06793,-2.27122,5.650102,3.712
03/05/2023 23:17,11.81,450.03,120.34,38379.5,13889.25,7.467763,-3.563737,5.508395,3.714
03/05/2023 23:47,11.75,454.51,118.26,38784.1,13704,7.984084,-3.743689,4.85233,3.712
04/05/2023 00:17,11.81,453,117.65,38630.55,13664.9,7.838946,-3.013583,5.564292,3.714
04/05/2023 00:48,11.81,461.66,129.58,39301.85,14881.6,8.041453,-1.985356,5.696683,3.71
04/05/2023 01:18,11.88,455,120.8,38753.65,13947.4,9.121655,-1.890231,3.285228,3.712
04/05/2023 01:48,11.75,451.35,123.46,38504.25,14208.85,9.039278,-1.559748,3.860878,3.71
04/05/2023 02:18,11.75,448.36,119.79,38236.65,13879.7,8.958866,-1.265058,4.263442,3.71
04/05/2023 02:48,11.81,442.57,124.33,37757.7,14323.1,9.783113,-0.331955,2.503147,3.71
04/05/2023 03:18,11.81,388.97,124.03,33949.45,14296.1,9.638955,-0.741383,2.279066,3.71
04/05/2023 03:48,11.81,451.31,126.89,38513.7,14601.15,9.99788,-0.835036,1.082164,3.71
04/05/2023 04:18,11.81,451.75,120.79,38507.7,13958.6,9.924821,-0.482487,0.376575,3.708
04/05/2023 04:48,11.75,445.86,124.84,38076.35,14362.4,10.067507,-0.112776,-0.114247,3.71
04/05/2023 05:18,11.75,441.88,130.38,37767.15,15149.85,9.782133,-1.44501,-1.101777,3.708
04/05/2023 05:48,11.75,459.18,128.71,40191.5,14753.75,9.227077,2.784598,2.065771,3.71
04/05/2023 06:18,11.81,467.81,130.72,40209.05,14969.45,8.84756,-0.345194,4.545873,3.71
04/05/2023 06:48,11.81,450.94,130.69,38538.85,14874.55,8.890218,-0.254973,4.483601,3.708
04/05/2023 07:18,11.81,430.06,129.58,41894.5,14789.25,8.981911,-0.431002,4.206563,3.708
04/05/2023 07:48,11.88,457.29,129.32,39225.8,14796.9,9.51098,0.635471,2.955724,3.708
04/05/2023 08:18,11.75,463.24,130,39475.15,14817,9.382023,-0.85465,3.1852,3.706
04/05/2023 08:48,11.75,453.25,126.54,38452,14456,9.733591,0.468268,1.672034,3.706
04/05/2023 09:18,11.75,437.55,130.08,37408.6,14806.7,9.786057,-0.730595,1.766178,3.704
04/05/2023 09:48,11.75,448.61,128.97,38197.45,14764.35,9.721334,-0.675678,2.208458,3.706
04/05/2023 10:18,11.75,444.05,131.57,37747.75,14918,9.171179,-0.665872,4.153116,3.704
04/05/2023 10:48,11.75,456.54,125.92,38908.4,14375.5,8.405771,-3.035649,4.398283,3.706
04/05/2023 11:18,11.75,403.01,128.78,34580.5,14671.1,8.015957,-2.263865,5.33776,3.702
04/05/2023 11:48,11.69,460.27,127.95,39207.1,14608.85,8.631323,-2.224148,4.422309,3.706
04/05/2023 12:18,11.69,453.59,128.32,38668.5,14686.1,7.575147,-2.343299,5.975192,3.704
04/05/2023 12:48,11.81,439.96,125.97,37441.9,14464.55,7.90514,-3.319551,5.163201,3.702
04/05/2023 13:18,11.75,433.59,128.45,37117.5,14664.95,8.724487,-2.298188,4.460555,3.704
04/05/2023 13:48,11.81,454.14,127.22,38637.8,14507.7,8.403809,-1.79854,4.971971,3.702
04/05/2023 14:18,11.81,404.8,127.69,34841.8,14561,9.414383,-0.759035,3.354855,3.702
04/05/2023 14:49,11.94,359.54,131.33,31193.25,14766.5,9.888535,-0.953206,1.574948,3.702
04/05/2023 15:19,11.88,447.6,131.06,38032.35,14818.8,9.842936,-0.25007,1.839727,3.702
04/05/2023 15:49,11.88,404.91,132.17,34670.8,14627.5,9.921877,-1.01744,1.495024,3.7
04/05/2023 16:19,12.06,452.38,131.96,38225.85,14578.5,9.964538,-0.612425,0.517301,3.7
04/05/2023 16:49,12.12,454.85,128,38594.65,14509.75,9.96699,-0.670775,-0.120622,3.702
04/05/2023 17:19,12.12,449.45,130.93,38235,15012.45,9.906678,0.644787,-0.423647,3.7
04/05/2023 17:49,12,446.6,124.93,37948.75,14319.85,9.253065,1.057157,3.301899,3.7
04/05/2023 18:19,11.88,449.93,124.19,38203.35,14267.65,8.978969,2.660054,3.072914,3.7
04/05/2023 18:49,11.94,431.41,125.37,36909.2,14414.85,8.258669,2.572774,4.657178,3.7
04/05/2023 19:19,11.94,445.17,125.46,37924.95,14404.75,9.234922,1.838256,2.985144,3.7
04/05/2023 19:49,11.94,448.52,123.61,38169.3,14231.3,8.774011,2.058906,4.12909,3.7
04/05/2023 20:19,12,442.6,124.19,37770.4,14295.1,9.39673,1.552883,2.823825,3.698
04/05/2023 20:49,12,449.33,123.06,38238.15,14179.9,9.627188,0.489352,2.015266,3.698
04/05/2023 21:19,12,443.25,124.18,37790,14266.8,9.721333,0.861514,1.337627,3.698
04/05/2023 21:49,11.88,444.16,123.01,37898.85,14162.5,9.773308,0.812971,2.141282,3.698
04/05/2023 22:19,11.94,446.4,122.54,38046.25,14137.45,9.457533,-0.704117,2.97926,3.696
04/05/2023 22:49,11.94,443.9,122.93,37857.75,14174.5,8.864231,-1.869638,4.230588,3.696
04/05/2023 23:19,11.88,448.13,122.61,38226.05,14129.25,8.309665,-2.788521,4.828795,3.696
04/05/2023 23:49,11.81,442.43,121.06,37735.8,13964.9,8.692616,-2.412926,4.277661,3.696
05/05/2023 00:19,11.81,449.21,121.67,38248.15,14003.45,7.667328,-2.033409,5.975682,3.694
05/05/2023 00:49,11.81,445.86,121.08,38035.7,13991.1,7.953193,-1.716654,5.67756,3.694
05/05/2023 01:19,11.81,450.48,122.92,38356.2,14176.45,8.740667,-1.44452,4.590983,3.694
05/05/2023 01:49,11.81,459.03,122.38,39079.75,14089.75,9.174612,-1.131688,3.813316,3.694
05/05/2023 02:19,11.81,439.52,121.88,37545.25,14056.6,9.85029,-0.566824,2.007912,3.694
05/05/2023 02:49,11.81,443.74,121.46,37787.25,14006.75,9.408501,-0.070118,3.227369,3.694
05/05/2023 03:19,11.88,454.77,123.6,38672.45,14236.95,9.713487,-0.393737,2.278575,3.694
05/05/2023 03:49,11.88,445.36,121.94,37923.55,14049.65,9.857154,-0.599677,1.377834,3.694
05/05/2023 04:19,11.88,440.82,122.48,37649.55,14113.95,9.949826,-0.749228,1.290555,3.694
05/05/2023 04:49,11.88,438.66,118.59,37421.4,13704.85,9.951299,-0.731576,0.298613,3.692
05/05/2023 05:20,11.88,443.09,121.15,37747.45,14001.8,9.958653,0.888973,0.42708,3.692
05/05/2023 05:50,11.88,432.86,121.97,36941.3,14011.05,9.373196,2.387429,1.679389,3.692
05/05/2023 06:20,11.88,443.59,122.29,37769.15,14055.65,9.191773,1.471979,3.564227,3.692
05/05/2023 06:50,11.88,438.41,123.36,37379,14165.2,8.143933,1.613194,5.223022,3.692
05/05/2023 07:20,11.94,442.36,124.26,37645.75,14211.2,8.058615,0.332936,5.752581,3.692
05/05/2023 07:50,11.88,440.55,124.23,37445,14190.3,8.459216,1.623491,4.772407,3.692
05/05/2023 08:20,11.88,437.44,123.91,37287.7,14176.55,9.313866,0.981155,3.309254,3.692
05/05/2023 08:50,11.88,444.09,124.56,37716.85,14207.6,9.394279,1.153262,2.835103,3.692
05/05/2023 09:20,11.94,440.31,124.42,37440.25,14233.9,9.228549,1.869148,3.142051,3.692
05/05/2023 09:50,11.88,443.62,122.5,37718,14043.85,9.862549,0.31038,0.935064,3.692
05/05/2023 10:20,11.88,446.71,122.4,37957.3,14004.75,9.475185,0.451596,2.68457,3.69
05/05/2023 10:50,11.88,445.2,123.42,37731.4,14056.5,9.294743,0.667833,3.443115,3.69
05/05/2023 11:20,11.88,444.08,124.3,37615.75,14177.75,8.248373,1.107661,5.226454,3.69
05/05/2023 11:50,11.88,435.7,134.08,37053,15258.8,8.12383,1.098835,5.556938,3.686
05/05/2023 12:20,11.88,437.44,134.14,37082,15184.4,8.216502,1.079222,5.267642,3.688
05/05/2023 12:50,11.88,440.02,129.74,37330.1,14721.3,8.185611,1.248877,5.133781,3.688
05/05/2023 13:20,11.88,443.34,127.41,37560.1,14423.4,8.267007,1.004201,4.98423,3.688
05/05/2023 13:50,11.88,445.49,135.3,37663.5,15281,9.514412,1.031169,2.916498,3.688
05/05/2023 14:20,12.06,441.2,137.05,37293.65,15396.8,9.018687,2.650737,2.902278,3.684
05/05/2023 14:50,12.06,439.63,137.15,37168.75,15321.65,9.926783,0.58938,0.862005,3.686
05/05/2023 15:20,12.06,441.19,137.44,37210.95,15356.05,9.288857,1.303794,2.892472,3.688
05/05/2023 15:50,12.25,440.01,137.35,37128.1,15272.25,9.666416,0.724221,1.677428,3.684
05/05/2023 16:20,12.25,444.05,137.57,37427.2,15318,10.010628,-0.282922,0.857101,3.688
05/05/2023 16:50,12.38,431.5,125.98,36604.15,14166,9.971402,-0.320187,0.527598,3.686
05/05/2023 17:20,12.38,426.77,121.83,36357.2,13864,9.948358,-0.822778,0.440809,3.684
05/05/2023 17:50,12.38,456.67,134.74,38515.75,15136.95,9.765951,-1.764707,-1.245935,3.684
05/05/2023 18:20,12.38,433.51,135.74,36834.25,15251.95,9.246691,-0.526617,-3.278853,3.682
05/05/2023 18:50,12.38,439.46,132.9,37356.55,15140.95,9.196675,-0.388343,-3.676023,3.684
05/05/2023 19:21,12.31,443.08,131.88,37692.85,15145.7,9.385943,1.195431,-3.013093,3.682
05/05/2023 19:51,12.25,443.49,131.75,37689,15152.6,8.767145,0.88505,-4.352191,3.68
05/05/2023 20:21,12.25,436.86,131.16,37161.75,15102.9,8.890708,0.461893,-4.266873,3.678
05/05/2023 20:51,12.25,442.49,130.85,37608.6,15074.45,9.231489,-1.467565,-3.325435,3.68
05/05/2023 21:21,12.12,446.28,131.57,37937.1,15130.9,9.671318,-2.951311,-0.169655,3.682
05/05/2023 21:51,12.19,451.98,127.77,38391.35,14687.5,9.667888,-0.068156,2.293285,3.678
05/05/2023 22:21,12.19,446.42,129.38,37821.6,14842.7,9.773798,-1.140513,1.553374,3.682
05/05/2023 22:51,12.12,448.91,121.23,38118.6,13991,9.262872,3.355345,0.86936,3.676
05/05/2023 23:21,12.12,441.88,123.42,37634.35,14233.7,8.908361,3.068991,2.881194,3.676
05/05/2023 23:51,12.12,439.95,123.25,37497.1,14201.85,7.779126,-0.404524,6.173286,3.676
06/05/2023 00:21,12.06,447.81,122.34,38050.35,14110.8,7.994381,-1.268981,5.734439,3.672
06/05/2023 00:51,12,444.53,123.63,37809.55,14223.95,7.775693,-0.683033,6.108563,3.672
06/05/2023 01:21,12.06,446.88,122.85,38011.95,14163.45,8.647995,-0.341762,4.843014,3.674
06/05/2023 01:51,12.06,449.42,123.09,38200,14165.75,9.122637,0.97282,3.719172,3.67
06/05/2023 02:21,12.12,447.65,122.7,37958.9,14130.45,8.740667,0.550643,4.679734,3.672
06/05/2023 02:51,12.12,446.05,123.4,37946.5,14201,9.710055,1.629865,1.288594,3.672
06/05/2023 03:21,12.12,444.86,122.74,37793.85,14150,9.273659,2.44774,2.340357,3.672
06/05/2023 03:51,12.19,445.23,123.95,37818.95,14278.2,9.633563,1.836295,1.375873,3.664
06/05/2023 04:21,12.12,445.89,122.24,37827.7,14104.75,9.979737,0.812481,0.41335,3.67
06/05/2023 04:51,12.12,441.13,122.84,37464.05,14173.9,9.903736,0.868869,0.229966,3.664
06/05/2023 05:21,12.25,437.44,119.82,37226.45,13833.9,9.979248,-0.040207,0.479055,3.666
06/05/2023 05:51,12.19,444.14,125.54,37646.7,14395.4,9.918936,-1.124332,0.718827,3.668
06/05/2023 06:21,12.25,445.23,125.83,37801.25,14388.35,9.639446,0.430512,2.375661,3.668
06/05/2023 06:51,12.25,437.22,123.83,37231.05,14203,9.342306,-3.242079,2.039783,3.664
06/05/2023 07:21,12.19,391.54,126.87,33582.9,14530.65,8.217974,-4.685128,3.614241,3.662
06/05/2023 07:51,12.25,412.34,122.61,35168.95,13988.1,8.258181,-5.757485,1.237599,3.664
06/05/2023 08:21,12.25,431.31,123.04,36698.05,14047.75,8.703403,-4.870473,1.552883,3.662
06/05/2023 08:51,12.19,363.63,122.43,31451.35,14056.35,8.586704,-2.529135,4.573822,3.662
06/05/2023 09:21,12.12,446.9,122.27,37970,14035.25,9.448707,1.391564,2.694377,3.664
06/05/2023 09:52,12.12,442.62,122.75,37686.75,14105.15,9.550206,1.570535,2.105978,3.662
06/05/2023 10:22,12.06,449.09,131.83,38199.5,15088.75,9.855681,-0.107383,-1.378815,3.662
06/05/2023 10:52,12.06,440.85,128.14,37479.25,14633.85,9.665435,1.949562,-1.089028,3.662
06/05/2023 11:22,12,443.39,118.11,37644.95,13628.5,9.393298,2.709087,0.969387,3.662
06/05/2023 11:52,12,439.7,121.65,37391.8,13980.5,9.058403,3.17,1.862283,3.66
06/05/2023 12:22,12.06,439.97,122.05,37364.85,14052.5,8.535708,1.56318,4.657669,3.66
06/05/2023 12:52,12,448.99,121.74,38125.25,14024.25,7.022051,0.321658,6.844551,3.66
06/05/2023 13:22,12,441.32,121.61,37536.9,13965.35,8.379784,-0.202507,5.200467,3.66
06/05/2023 13:52,12,440.06,121.82,37490.4,13986.8,7.149047,1.557296,6.567513,3.66
06/05/2023 14:22,12,447.82,122.48,37923.3,14073.95,9.350149,2.169231,1.081674,3.658
06/05/2023 14:52,12.12,439.29,123.07,37320.5,14100.85,9.178534,3.36221,0.906625,3.66
06/05/2023 15:22,12.12,443.22,122.93,37574.45,14021.5,9.697795,1.716164,1.697531,3.658
06/05/2023 15:52,12.06,439.14,123.24,37231.9,13960.35,9.61346,1.388622,-0.171616,3.66
06/05/2023 16:22,12.19,446.16,122.99,37841.75,14030.4,9.809591,0.53152,0.171126,3.658
06/05/2023 16:52,12.19,446.74,129.88,37806.2,14826.55,9.988072,0.923296,0.636452,3.658
06/05/2023 17:22,12.38,447.9,122.12,37980.5,13948.9,9.791451,0.183384,0.305477,3.654
06/05/2023 17:52,12.31,445.84,120.98,37783.65,13881.25,9.879219,-0.432964,0.651161,3.656
06/05/2023 18:22,12.31,438.97,118.55,37299.25,13621.95,9.798803,1.452365,-0.877205,3.656
06/05/2023 18:52,12.31,432.16,132.12,36778.7,15119.25,9.538928,-0.805616,-2.253568,3.656
06/05/2023 19:22,12.38,441.87,122.32,37540.15,14082.75,8.83383,4.336501,0.507004,3.656
06/05/2023 19:52,12.25,441.41,122.9,37511.95,14140.7,7.847281,4.883712,2.847851,3.654
06/05/2023 20:22,12.25,441.27,120.87,37528.65,13926.7,9.060365,3.831458,0.515339,3.656
06/05/2023 20:52,12.25,437.8,123.56,37206.7,14233.25,9.035357,3.853523,0.688917,3.654
06/05/2023 21:22,12.19,436.12,122.64,37135.35,14156.45,9.436449,2.984164,-0.101989,3.654
06/05/2023 21:52,12.19,435.55,118.58,37113.6,13704.5,9.092237,3.972674,0.652142,3.654
06/05/2023 22:22,12.12,431.1,121.63,36719.7,14050.75,9.780172,0.608503,-0.75168,3.654
06/05/2023 22:52,12.06,440.02,123.17,37486.45,14187,9.509998,2.072145,0.724221,3.654
06/05/2023 23:22,12.12,438.55,118.26,37321.2,13689.4,9.196186,3.4946,-0.154945,3.654
06/05/2023 23:53,12.12,428.73,118.57,36515.6,13739.5,9.193735,3.390649,-0.638413,3.652
07/05/2023 00:23,12.06,433.18,122.13,36842.8,14076,8.486677,1.919652,4.592944,3.654
07/05/2023 00:53,12.06,427.58,121.54,36334.3,14014.7,7.53445,1.849044,5.982548,3.652
07/05/2023 01:23,12.06,423.16,121.64,36068.5,14012.3,8.969653,2.465392,3.219523,3.652
07/05/2023 01:53,12,418.63,122.97,35690.2,14159.85,8.414595,2.663976,4.502723,3.652
07/05/2023 02:23,11.94,423.99,123.44,36119.3,14183.7,8.805391,3.386727,2.192767,3.65
07/05/2023 02:53,11.94,427.61,119.71,36406.7,13804.3,9.347698,3.219033,0.388343,3.652
07/05/2023 03:23,12,427.03,119.62,36362.75,13831.7,9.193735,3.611789,0.042659,3.652
07/05/2023 03:53,12,426.61,124.78,36306.65,14392.5,9.838521,1.279277,-0.081395,3.65
07/05/2023 04:23,12.06,430.09,119.53,36575.15,13830,9.898343,0.482978,0.312832,3.65
07/05/2023 04:53,12.06,430.07,117.86,36583.75,13641.5,9.900793,0.506023,-0.039717,3.65
07/05/2023 05:23,12.12,426.61,121.03,36316.55,13976.9,9.740457,-0.676169,2.219735,3.648
07/05/2023 05:53,12.12,429.53,125.44,36496,14424.35,9.825283,-0.121602,1.589168,3.652
07/05/2023 06:23,12.12,422.99,119.6,36008.35,13779.35,9.870883,1.2528,0.376085,3.65
07/05/2023 06:53,12.25,425.87,123.42,36174.7,14159.25,9.560502,2.467843,-0.049524,3.652
07/05/2023 07:23,12.12,420.01,125,35722.1,14280.55,9.0231,3.828516,0.67862,3.648
07/05/2023 07:53,12.12,426.47,129.28,36151.6,14665.5,9.366823,3.066049,0.238792,3.65
07/05/2023 08:23,12.19,430.28,131.03,36421.75,14855.1,8.548948,4.118793,2.581601,3.648
07/05/2023 08:53,12.25,420.53,126.43,35715.55,14390.85,8.68477,4.259518,1.94662,3.648
07/05/2023 09:23,12.25,421.64,123.06,35762.8,14048.3,9.058893,3.806941,0.975762,3.648
07/05/2023 09:53,12.25,419.67,124.39,35667.05,14157.4,9.561483,2.420281,-0.109344,3.646
07/05/2023 10:23,12.19,418.1,123.89,35561.4,14126.9,9.203542,3.403398,0.820326,3.648
07/05/2023 10:53,12.12,414.95,123.18,35379.65,14092.7,9.71594,1.721557,0.313813,3.648
07/05/2023 11:23,12.12,421.89,123.77,35907.1,14135.6,9.767915,1.111093,1.738719,3.646
07/05/2023 11:53,12.19,433.67,120.81,36779.45,13877.75,9.386927,-3.393101,-0.504552,3.644
07/05/2023 12:23,12.19,439.1,133.2,37211.15,15181.2,9.018196,-4.074173,-1.737248,3.646
07/05/2023 12:53,12.12,440.08,121.89,37303.55,13947.9,8.77205,-4.942061,-0.874753,3.646
07/05/2023 13:23,12.12,435.26,129.48,36971.75,14785.55,7.869346,-5.681973,-2.736056,3.644
07/05/2023 13:53,12.06,438.25,126.74,37167.95,14494.55,8.735273,-3.896183,-2.865993,3.644
07/05/2023 14:24,12,445.38,126.74,37715.7,14469.15,8.424403,-4.993547,-2.116275,3.644
07/05/2023 14:54,12,442.64,131.7,37340.95,14696.4,9.302589,-3.649545,-1.398428,3.646
07/05/2023 15:24,12.12,442.87,134.3,37376.2,15026.4,9.366823,-3.021429,-1.82894,3.644
07/05/2023 15:54,12.19,444.44,134.56,37557,15170,9.390358,-1.924065,-2.2114,3.644
07/05/2023 16:24,12.19,450.55,135.58,37928.7,15177.75,9.924822,-1.180721,-0.828662,3.644
07/05/2023 16:54,12.25,439.91,126.47,37125.7,14125.8,9.9513,-1.189056,-0.76688,3.644
07/05/2023 17:24,12.31,445.32,135.07,37582.35,15118.95,9.976305,-0.777667,0.181913,3.644
07/05/2023 17:54,12.44,437.09,123.76,37088.9,13939.5,9.96699,-0.592812,-0.313322,3.644
07/05/2023 18:24,12.44,444.76,127.42,37671.15,14575.1,9.638956,-0.012258,-0.540346,3.642
07/05/2023 18:54,12.38,439.02,124.73,37261.75,14285.8,9.4237,-1.702435,-1.871599,3.644
07/05/2023 19:24,12.31,434.75,124.51,36964.6,14312.6,10.011609,-1.310168,-0.901231,3.644
07/05/2023 19:54,12.31,442.91,132.39,37626.75,15180.4,8.54061,-5.082787,-1.694099,3.644
07/05/2023 20:24,12.31,439.72,127.02,37402.7,14640,8.280735,-5.704038,-1.395977,3.644
07/05/2023 20:54,12.25,439.11,129.8,37303.9,14957.7,8.913266,-3.988365,-2.69879,3.644
07/05/2023 21:24,12.25,443.74,128.29,37604.95,14777.5,8.879431,-4.24726,-1.973589,3.644
07/05/2023 21:54,12.25,440.22,128.02,37363.5,14732.5,9.712997,-1.143455,-0.818855,3.644
07/05/2023 22:24,12.19,435.91,127.82,37083.2,14730.65,9.757617,-2.177567,-0.41335,3.642
07/05/2023 22:54,12.25,442.17,127.55,37555.5,14697.35,9.765463,-1.207199,-0.75119,3.642
07/05/2023 23:24,12.25,445.45,130.38,37768.8,15009.35,9.799786,-0.426099,-1.65193,3.644
07/05/2023 23:54,12.19,442.77,131.52,37546.85,15156.9,9.577174,-0.31038,-1.874542,3.644
08/05/2023 00:24,12.19,437.22,130.67,37136.85,15068.25,9.221684,-1.132178,-3.728979,3.642
08/05/2023 00:54,12.19,446.17,132.88,37860.7,15301.05,7.955155,-3.783896,-4.582157,3.644
08/05/2023 01:24,12.19,440.58,129.88,37445.6,14985.5,7.299581,0.222121,-6.524855,3.644
08/05/2023 01:54,12.12,438.18,129.91,37260.05,14993.95,7.489829,-0.636942,-6.211042,3.642
08/05/2023 02:24,12,442.09,130.08,37588.65,15001,7.388821,-2.249645,-6.052175,3.642
08/05/2023 02:54,12,440.78,129.49,37411.55,14945.4,8.854424,-4.299726,-2.148147,3.642
08/05/2023 03:24,12.06,442.95,123.69,37614.95,14291.55,9.171179,-3.821651,-1.561219,3.642
08/05/2023 03:54,12.06,442.32,129.31,37584.05,14915,9.739965,-2.057925,-0.695292,3.642
08/05/2023 04:25,12.06,446.52,129.11,37847.3,14890.55,9.332988,-2.915027,-1.527876,3.642
08/05/2023 04:55,12.12,444.05,129.74,37679.05,14973.75,9.828226,-0.584967,-0.322148,3.642
08/05/2023 05:25,12.12,441.21,130.03,37426.7,14997.55,9.847837,0.9282,-0.756093,3.642
08/05/2023 05:55,12.12,431.07,129.06,36675.85,14871.9,9.970911,0.576141,0.444241,3.642
08/05/2023 06:25,12.25,445.24,129.9,37755.75,14963.6,9.949829,-0.402563,0.95762,3.642
08/05/2023 06:55,12.19,445.58,128.85,37690.55,14658,10.048873,-0.042169,0.011278,3.642
08/05/2023 07:25,12.38,434.91,132.2,36702.15,14814.75,9.551188,1.818643,-1.155223,3.642
08/05/2023 07:55,12.38,445.85,132.25,37560.2,14927.25,9.715448,0.841901,-1.250838,3.64
08/05/2023 08:25,12.44,436.83,135.38,36958.8,15123,8.778422,-2.984654,-3.561776,3.64
08/05/2023 08:55,12.44,437.05,133.57,36920,14916.2,8.765676,-4.048676,-2.858638,3.642
08/05/2023 09:25,12.44,439.52,126.19,37156.4,14301.45,9.196186,-4.094766,-0.694801,3.642
08/05/2023 09:55,12.5,439.52,128.39,37130.85,14524.4,8.961317,-4.136446,-2.112353,3.642
08/05/2023 10:25,12.44,437.7,131.57,37030.2,14872.75,9.147152,-2.878742,-2.492851,3.642
08/05/2023 10:55,12.31,442.93,130.25,37449,14693.9,9.522747,-2.28544,-1.345472,3.64
08/05/2023 11:25,12.31,437.75,131.17,37061.65,14834,10.050837,-0.106892,-0.9738,3.642
08/05/2023 11:55,12.31,440.2,127.44,37296,14529.75,9.879709,1.694589,-1.170424,3.642
08/05/2023 12:25,12.25,443.32,132.15,37548.25,15074.05,9.386926,2.160405,-1.874541,3.642
08/05/2023 12:55,12.25,436,131.84,37081.4,15104.25,9.206973,3.349461,-0.816894,3.64
08/05/2023 13:25,12.31,446.48,130.53,37663.8,14821.5,8.931896,4.256085,1.062551,3.64
08/05/2023 13:55,12.19,444.44,127.54,37564.05,14457.75,9.105474,3.6873,1.152772,3.64
08/05/2023 14:25,12.19,443.32,125.62,37618.15,14450.35,7.49228,4.949907,3.900595,3.64
08/05/2023 14:55,12.19,442.27,125.84,37555.75,14475.4,8.753416,3.792232,1.744603,3.64
08/05/2023 15:25,12.12,440.64,124.47,37358.2,14326.4,9.333479,3.267085,1.127765,3.642
08/05/2023 15:55,12.25,444.21,127.3,37621.05,14582.6,9.477147,2.794405,-0.284883,3.64
08/05/2023 16:25,12.25,446.1,125.52,37728.55,14407.2,9.460477,2.769888,0.710001,3.64
08/05/2023 16:55,12.25,446.57,125.49,37771,14425.25,9.475676,2.799308,0.513868,3.64
08/05/2023 17:25,12.25,445.14,124.66,37669,14343.75,9.772326,0.920844,1.830902,3.64
08/05/2023 17:55,12.25,443.65,124.36,37557.05,14296.95,9.829695,-0.629587,1.521011,3.64
08/05/2023 18:25,12.38,440.93,123.08,37441.75,14199.95,9.957674,-0.576631,0.484939,3.64
08/05/2023 18:56,12.38,440.32,123.73,37383.7,14289.55,9.947867,0.101499,0.539366,3.638
08/05/2023 19:26,12.38,451.04,122.84,38170.8,14206.25,9.881182,0.016671,1.175327,3.64
08/05/2023 19:56,12.38,434.91,123.53,36935.05,14297,9.45165,0.910057,2.876291,3.64
08/05/2023 20:26,12.38,449.3,127.68,38022.45,14703.8,8.837752,0.873772,4.389947,3.64
08/05/2023 20:56,12.38,448.36,126.17,37924.7,14533,8.891199,1.090499,4.007487,3.64
08/05/2023 21:26,12.38,429.68,125.7,36549.85,14514.1,8.530314,1.471488,4.696895,3.64
08/05/2023 21:56,12.38,441.61,125.14,37461.7,14438.2,9.390359,0.591831,3.333771,3.64
08/05/2023 22:26,12.31,442.13,126.71,37473.25,14600.95,8.582292,1.274374,4.73318,3.638
08/05/2023 22:56,12.31,439.68,126.1,37318.5,14548.95,9.226097,0.579573,3.722604,3.64
08/05/2023 23:26,12.25,442.82,123.84,37587.25,14308.25,9.791451,0.47219,2.230032,3.638
08/05/2023 23:56,12.19,440.81,124.31,37428.5,14371.1,9.691913,0.10395,1.183663,3.638
09/05/2023 00:26,12.31,444.33,124.31,37688.5,14360.9,9.635524,1.59358,2.363403,3.638
09/05/2023 00:56,12.31,442.02,124.65,37526.55,14390,9.389377,1.641143,2.907181,3.64
09/05/2023 01:26,12.31,437.03,124.99,37152,14412.75,8.697027,2.2266,3.926582,3.638
09/05/2023 01:56,12.19,434.7,128.29,36989.25,14759.1,8.267008,3.410263,3.898144,3.638
09/05/2023 02:26,12.19,438.1,127.65,37201.45,14685.55,7.869836,3.607867,4.326694,3.64
09/05/2023 02:56,12.19,441.16,128.06,37440.75,14720,8.108629,3.161664,4.472813,3.64
09/05/2023 03:26,12.12,436.4,128.01,37123.6,14723.35,8.665155,2.424694,4.149683,3.638
09/05/2023 03:56,12.12,436.83,128.61,37098.1,14772,9.552658,2.19669,1.72548,3.638
09/05/2023 04:26,12.12,439.23,127.82,37305.35,14714.6,9.809102,1.065983,1.897097,3.638
09/05/2023 04:56,12.12,437.45,126.26,37151.85,14570,9.557562,0.961542,2.649757,3.638
09/05/2023 05:26,12.19,438.09,125.89,37198.9,14502.6,9.878729,0.069137,1.696551,3.636
09/05/2023 05:56,12.19,438.24,125.04,37189.75,14381,9.890009,-0.093163,1.2832,3.638
09/05/2023 06:26,12.19,441.23,125.44,37390.9,14336.55,9.805669,-0.543288,2.083423,3.636
09/05/2023 06:56,12.25,437.83,123.67,37090.3,14142.25,9.961596,-0.396679,0.360885,3.636
09/05/2023 07:26,12.25,434.47,122.76,36981.3,13972.5,9.950809,-1.113055,0.607522,3.638
09/05/2023 07:56,12.31,442.57,127.96,37298.75,14385.65,9.593355,-0.874753,2.685061,3.638
09/05/2023 08:26,12.38,438.43,131.33,36830.75,14544.2,9.339853,-0.898779,3.20138,3.636
09/05/2023 08:57,12.38,445.48,126.42,37513.3,14224.75,9.475187,-1.646046,2.798819,3.638
09/05/2023 09:27,12.5,439.21,130.28,37013.75,14560.05,9.050557,-2.184922,3.792722,3.638
09/05/2023 09:57,12.56,443.59,127.34,37288.35,14285.85,9.080468,-1.630356,3.706423,3.638
09/05/2023 10:27,12.62,446.39,129.06,37428.7,14475.7,8.459217,-0.307929,5.243126,3.634
09/05/2023 10:57,12.62,444.18,128.23,37420.75,14478.95,9.374176,0.249089,3.361229,3.636
09/05/2023 11:27,12.62,443.71,125.79,37452.9,14311.6,9.660531,0.109834,2.510503,3.636
09/05/2023 11:57,12.44,437.9,125.63,36940.3,14298.25,9.68897,-0.043149,2.325647,3.636
09/05/2023 12:27,12.44,440.95,124.63,37279.65,14186.4,9.844895,-0.000981,1.836295,3.634
09/05/2023 12:57,12.5,441.29,124.25,37218.75,14129.6,9.430563,-1.257703,3.255808,3.636
09/05/2023 13:27,12.38,444.02,124.67,37544,14264.55,9.078997,-2.111372,3.687791,3.634
09/05/2023 13:57,12.38,437.46,124.26,37059.15,14262.45,9.199129,-0.979684,3.6721,3.634
09/05/2023 14:27,12.38,434.78,122.67,36829.05,14072,7.820312,-3.425463,5.24901,3.634
09/05/2023 14:57,12.25,438.31,127.17,37053.1,14516.95,8.357718,-2.50756,4.822911,3.634
09/05/2023 15:27,12.25,442.04,127.06,37335.5,14438.5,8.960337,-2.74194,3.695636,3.634
09/05/2023 15:57,12.25,437.29,125.13,37035.85,14306.35,8.912774,-2.953273,3.459296,3.636
09/05/2023 16:27,12.44,433.23,124.47,36627.2,14162.95,9.577664,-1.310169,2.567381,3.634
09/05/2023 16:57,12.31,439.67,120.6,37070.25,13709.8,9.821362,-1.006162,1.639672,3.634
09/05/2023 17:27,12.31,437.93,126.2,37050,14367.2,9.936098,1.096874,1.036073,3.634
09/05/2023 17:57,12.44,438.02,122.42,37094.35,14058.55,9.631601,0.69333,1.902981,3.634
09/05/2023 18:27,12.38,440.89,121.54,37280.25,13925.1,9.760069,0.410408,0.644297,3.634
09/05/2023 18:57,12.38,429.16,127.34,36316,14547.5,9.990033,-0.970368,-0.077963,3.634
09/05/2023 19:27,12.38,438.85,123.44,37187.85,14195.9,9.741434,0.355491,0.609974,3.634
09/05/2023 19:57,12.5,440.72,124.68,37322.9,14347.65,9.88118,0.164752,1.323407,3.634
09/05/2023 20:27,12.38,444.4,124.46,37611,14319,9.510489,1.122371,2.798818,3.634
09/05/2023 20:57,12.38,434.41,127.6,36810,14638,8.789209,0.666852,4.599809,3.634
09/05/2023 21:27,12.38,439.38,123.56,37199.05,14238.55,7.996343,1.318994,5.451026,3.634
09/05/2023 21:57,12.44,430.07,122.47,36461.8,14096.9,8.596019,0.861514,4.858214,3.634
09/05/2023 22:27,12.38,440.58,124.84,37261.75,14355.5,9.639447,0.75217,2.508051,3.632
09/05/2023 22:57,12.38,433.27,125.56,36707.4,14413.6,9.792432,0.860534,1.981434,3.634
09/05/2023 23:28,12.38,438.05,125.3,37061.55,14405.4,9.655629,1.266039,2.015757,3.634
09/05/2023 23:58,12.44,444.31,123.5,37514.8,14232.25,9.825773,0.410408,1.929949,3.632
10/05/2023 00:28,12.44,426.13,124.03,36101.2,14268.7,9.598749,0.926238,2.586994,3.632
10/05/2023 00:58,12.38,438.75,122.93,37102.2,14164.8,9.312886,1.128745,3.212658,3.632
10/05/2023 01:28,12.38,429.74,125.64,36477.65,14436.75,8.993189,-0.046091,3.918248,3.632
10/05/2023 01:58,12.38,435.99,121.18,36893.15,13958.25,8.981911,0.11817,4.323262,3.634
10/05/2023 02:28,12.38,437.79,122.28,37082.5,14065.9,9.037808,-0.3398,4.160962,3.634
10/05/2023 02:58,12.25,429.98,122.01,36448.7,14027.6,8.123339,-0.889463,5.595675,3.634
10/05/2023 03:28,12.25,434.01,121.97,36742.9,14018.35,8.468532,-0.951245,5.062683,3.632
10/05/2023 03:58,12.25,428.75,117.11,36349.9,13457.95,8.969652,0.057859,4.130561,3.634
10/05/2023 04:28,12.25,427.08,122.28,36239.5,14035.85,8.942683,-1.383718,4.32081,3.632
10/05/2023 04:58,12.12,437.8,122.07,37026.25,14019.05,9.673281,-0.738931,2.764004,3.632
10/05/2023 05:28,12.12,439.44,122.95,37120.45,14091.45,9.127048,-0.36873,3.86333,3.632
10/05/2023 05:58,12.25,434.21,124.84,36745,14294.65,9.325633,-1.475411,3.31808,3.632
10/05/2023 06:28,12.25,437.39,125.98,36909.75,14318.55,9.890008,1.51807,0.215256,3.632
10/05/2023 06:58,12.25,436.76,130.43,36813.25,14607.8,10.052796,-0.481016,-0.045111,3.632
10/05/2023 07:28,12.38,434.15,128.53,36532,14270.25,9.775759,0.082376,0.775216,3.632
10/05/2023 07:58,12.44,432.64,128.73,36288.6,14197.45,9.88069,-0.451596,1.000278,3.632
10/05/2023 08:28,12.56,429.93,125.93,36034.5,13924.35,9.906187,0.852688,0.286354,3.63
10/05/2023 08:58,12.56,432.91,126.36,36159.85,13882,10.080257,1.016949,0.076982,3.63
10/05/2023 09:28,12.69,442.65,135.16,36786.05,14776.95,9.442823,2.274653,1.410687,3.632
10/05/2023 09:58,12.69,434.17,135.74,36101.7,14816.8,9.690442,1.552393,1.550431,3.63
10/05/2023 10:28,12.69,437.68,135.11,36339.9,14804.3,9.433508,2.647305,1.577399,3.63
10/05/2023 10:58,12.75,432.35,131.83,35905.55,14539.8,9.095178,2.569833,2.659564,3.63
10/05/2023 11:28,12.75,422.31,129.65,35674.5,14663.5,9.384963,2.554142,2.13785,3.63
10/05/2023 11:58,12.62,406.75,127.58,34319.2,14237,9.974833,1.079712,0.617329,3.63
10/05/2023 12:28,12.62,433.05,128.25,36229.1,14219.8,9.663473,1.149339,0.252031,3.63
10/05/2023 12:58,12.69,434.36,129.85,36374.15,14351.35,9.828225,0.35451,0.878676,3.63
10/05/2023 13:29,12.69,430.51,126.58,36237.35,14319.85,9.664944,1.550922,0.361865,3.628
10/05/2023 13:59,12.69,429.71,127.8,36097.8,14422.35,9.08292,2.869426,1.908864,3.628
10/05/2023 14:29,12.62,425.35,129.76,35947.2,14809.1,8.361151,2.649757,4.479188,3.628
10/05/2023 14:59,12.44,432.62,129.76,36446.2,14757.35,8.718603,2.003989,4.365431,3.628
10/05/2023 15:29,12.44,422.53,128.74,35575.4,14664.35,7.480021,1.321936,6.474841,3.628
10/05/2023 15:59,12.5,435.35,129.58,36544.65,14647.5,8.413125,2.601704,4.408089,3.626
10/05/2023 16:29,12.5,424.04,129.89,35714,14778.75,8.794603,2.148147,3.757908,3.626
10/05/2023 16:59,12.56,434.71,129.49,36498.15,14614.2,10.170477,0.581534,-0.303026,3.632
10/05/2023 17:29,12.56,434.64,128.42,36597,14622.9,9.979738,0.676168,0.58987,3.628
10/05/2023 17:59,12.62,423.59,130.05,35739.25,14812.9,9.925801,-1.567103,1.146888,3.626
10/05/2023 18:29,12.56,425.46,124.98,35831.4,14252.9,9.94002,-0.35451,0.168184,3.626
10/05/2023 18:59,12.56,422.57,131.02,35684.25,14993.25,9.994448,-0.455519,-0.352549,3.624
10/05/2023 19:29,12.56,411.01,129.2,34818.25,14789.9,9.855683,-1.600446,-0.060801,3.626
10/05/2023 19:59,12.62,426.07,121.86,35992.75,14043.9,9.624246,1.173365,0.247618,3.624
10/05/2023 20:29,12.62,425.98,123.02,35982.75,14162.75,9.790469,1.703905,0.762467,3.626
10/05/2023 20:59,12.75,422.01,123.51,35627,14208.7,9.469301,2.516877,-0.489352,3.624
10/05/2023 21:29,12.62,423.58,133.69,35805.65,15288.55,9.359958,2.767927,1.044899,3.624
10/05/2023 21:59,12.56,417.19,133.27,35266.55,15259.25,8.796076,3.517155,2.701242,3.626
10/05/2023 22:29,12.56,419.57,130.17,35471.55,14932.15,9.179023,3.014074,2.420281,3.624
10/05/2023 22:59,12.62,420.2,133.65,35456.05,15328.25,8.852464,3.699559,1.875522,3.624
10/05/2023 23:29,12.56,419.39,129.94,35401.75,14908.1,9.371726,2.236897,1.644575,3.624
10/05/2023 23:59,12.56,432.82,127.74,36368.05,14660.35,9.87922,1.041466,-0.142687,3.626
11/05/2023 00:29,12.56,419.22,130.75,35372.3,15004.1,9.334459,3.216581,1.198863,3.624
11/05/2023 00:59,12.5,419.62,131.67,35300.15,15078.65,9.670828,1.561709,0.089241,3.624
11/05/2023 01:29,12.56,423.46,130.99,35642.5,15020.2,9.972874,-0.13288,1.287613,3.624
11/05/2023 01:59,12.56,432.32,129.17,36224.7,14839.7,9.74732,2.12363,0.606051,3.624
11/05/2023 02:29,12.56,425.97,130.83,35823.45,15006.85,9.21874,3.050359,1.012046,3.624
11/05/2023 02:59,12.56,427.91,130.63,35946.5,14958.8,9.24718,3.053791,0.786984,3.624
11/05/2023 03:30,12.56,425.14,132.88,35769.4,15199.65,8.529333,2.222677,4.221272,3.624
11/05/2023 04:00,12.56,415.76,127.35,35113.1,14596.85,8.023311,0.936535,5.576061,3.624
11/05/2023 04:30,12.5,427.93,133.98,36039.85,15303.85,8.592587,0.532501,4.890087,3.624
11/05/2023 05:00,12.5,426.01,127.58,35879.1,14627.7,9.056931,1.522973,3.880002,3.624
11/05/2023 05:30,12.38,411.94,122.26,34854.25,13915.2,9.504605,1.119919,1.627414,3.624
11/05/2023 06:00,12.38,419.76,124.79,35400,14237.7,9.497741,1.447461,0.968897,3.624
11/05/2023 06:30,12.5,417.45,132.93,35154.75,15120.5,9.686519,-1.385189,2.342809,3.624
11/05/2023 07:00,12.5,408.99,132.06,34505.55,14912.9,9.689951,1.009595,-0.095125,3.622
11/05/2023 07:30,12.56,405.21,133.15,34227.7,14881.8,9.96944,-0.740402,-0.314303,3.624
11/05/2023 08:00,12.62,400.7,134.82,33867.55,15208.15,9.646801,2.066751,-1.012046,3.622
11/05/2023 08:30,12.62,418.22,125.82,35175.25,14183.9,9.744379,-1.404803,1.556316,3.622
11/05/2023 09:00,12.69,425.34,127.37,35608.75,14060.85,9.961596,0.458461,-0.104441,3.624
11/05/2023 09:30,12.69,421.7,134.98,35214.05,14887.75,10.011609,0.757564,-0.096596,3.622
11/05/2023 10:00,12.88,412.5,135.82,34565.5,14979.9,9.904717,-0.006374,-1.110113,3.622
11/05/2023 10:30,12.88,420.29,135.86,34984.45,14829.25,8.915716,3.677494,-1.20965,3.622
11/05/2023 11:00,12.88,421.03,140.63,34809.25,15161.55,9.680144,1.599465,-0.600657,3.622
11/05/2023 11:30,13.12,431.08,134.2,35516.95,14349.7,9.537947,2.215813,-0.986549,3.622
11/05/2023 12:00,13.12,411.05,136.89,34363.3,15088.75,10.13125,0.868379,-0.328032,3.622
11/05/2023 12:30,13.06,424.46,133.76,35421.75,14649.85,9.770366,0.347646,-1.440597,3.62
11/05/2023 13:00,13,425.7,130.07,35494.2,14310.9,9.621798,1.23907,-1.459229,3.62
11/05/2023 13:30,13,424.87,129.13,35502.3,14229.3,9.98219,-0.005394,-0.274586,3.622
11/05/2023 14:00,13.06,422.04,127.58,35322.95,14067.4,9.678184,1.262606,-0.503571,3.622
11/05/2023 14:30,12.94,420.53,134.51,35258.6,14863.85,9.321219,2.412436,-1.605349,3.622
11/05/2023 15:00,12.94,412.77,132.19,34728.15,14744.05,8.67104,3.956493,-0.616348,3.62
11/05/2023 15:30,12.94,414.18,134.89,34857,15052.45,8.921598,3.286699,-1.878954,3.62
11/05/2023 16:00,12.81,419.57,132.39,35118.85,14829.35,9.002995,3.619635,-1.320956,3.62
11/05/2023 16:30,12.81,413.03,133.37,34781,15114.85,8.719091,4.033475,-0.98802,3.622
11/05/2023 17:00,12.81,415.38,128.58,34948.25,14584.55,9.263851,3.262673,0.133861,3.618
11/05/2023 17:30,12.81,414.12,133.19,34921.75,15174.25,10.0425,0.273115,0.091202,3.622
11/05/2023 18:01,12.88,400.84,130.56,33891.15,14863.45,9.640427,0.974781,0.242715,3.62
11/05/2023 18:31,12.88,415.42,129.24,35004.6,14704.05,9.457042,2.358009,-0.22163,3.618
11/05/2023 19:01,12.88,419.55,124.7,35298.75,14267.6,9.677693,2.042725,0.255463,3.62
11/05/2023 19:31,12.81,418.01,125.53,35272.25,14385.25,9.838521,0.995375,0.445712,3.62
11/05/2023 20:01,12.88,419.85,126.79,35416.5,14507.9,9.864511,0.533482,1.487178,3.622
11/05/2023 20:31,12.88,419.76,127.5,35386.8,14611.1,9.960613,-0.414821,0.51583,3.62
11/05/2023 21:01,12.81,406.99,127,34393.35,14589.75,9.926291,0.631548,1.020382,3.618
11/05/2023 21:31,12.81,416.52,126.92,35186.95,14595.2,9.900795,0.215256,1.299871,3.62
11/05/2023 22:01,12.81,417.71,128.1,35221.25,14695.25,9.702699,-0.400602,2.269749,3.62
11/05/2023 22:31,12.88,396.79,136.43,33641.25,15641.7,9.518335,1.028718,-2.257491,3.62
11/05/2023 23:01,12.88,409.32,134.82,34576.45,15477.85,9.79096,-0.451596,-2.062829,3.618
11/05/2023 23:31,12.94,406.37,131.66,34398.85,15104,9.351622,2.210909,-2.254549,3.618
12/05/2023 00:01,12.94,409.28,131.49,34597.1,15102.35,9.308472,2.077539,-2.090287,3.618
12/05/2023 00:31,12.88,405.5,129.91,34340.95,14883.85,9.681616,1.950052,-0.314793,3.62
12/05/2023 01:01,12.81,408.99,127.74,34574.35,14640.55,10.040048,0.402073,-0.285864,3.62
12/05/2023 01:31,12.81,403.3,127.99,34126.85,14676.3,9.844896,0.35402,-1.113545,3.618
12/05/2023 02:01,12.75,408.97,128,34584.85,14656.6,9.996408,-0.520243,-0.507004,3.62
12/05/2023 02:31,12.75,398.74,129.4,33863,14798.95,9.892458,0.638903,-0.33931,3.618
12/05/2023 03:01,12.75,408.91,121.1,34629.85,13924.45,9.672298,1.952994,-0.650181,3.618
12/05/2023 03:31,12.75,408.53,122.82,34591.9,14095.65,9.582569,2.386448,0.124544,3.618
12/05/2023 04:01,12.75,401.84,130.2,34045.05,14924.75,9.454591,2.99348,-0.438357,3.618
12/05/2023 04:31,12.69,402.36,132.45,34081.35,15121.3,9.559522,1.717635,-1.701454,3.618
12/05/2023 05:01,12.69,409.76,125.71,34640.15,14401.5,8.89267,4.032495,0.505533,3.616
12/05/2023 05:31,12.62,405.57,126.95,34350.4,14552.1,9.70368,1.646537,0.588889,3.616
12/05/2023 06:01,12.56,412.54,126.14,34849.45,14428,9.714959,1.477862,-0.934574,3.616
12/05/2023 06:31,12.56,409.04,126.7,34506.5,14439.85,9.655627,1.868657,0.159358,3.618
12/05/2023 07:01,12.69,409.6,126.76,34582.3,14378.85,9.632583,1.510224,0.374124,3.616
12/05/2023 07:31,12.69,416.1,126.1,34897.15,14225.35,9.624737,2.276614,0.637923,3.616
12/05/2023 08:02,12.69,408.28,138.47,34353.9,15508.25,9.896381,0.990962,0.199075,3.618
12/05/2023 08:32,12.94,407.03,138.88,34247.6,15570.1,9.900305,-0.485429,-0.157887,3.616
12/05/2023 09:02,12.88,401.96,138.11,33862.35,15523.8,9.915504,-0.892405,0.282922,3.616
12/05/2023 09:32,13,410.08,136.75,34513.3,15456.05,9.987093,-1.196902,0.157887,3.616
12/05/2023 10:02,13,412.12,137.66,34505.65,15278.75,9.911581,0.187307,-0.263309,3.616
12/05/2023 10:32,12.94,416.79,135.13,34884.8,15064.05,9.709565,0.429041,1.130707,3.618
12/05/2023 11:02,13,415.15,134.52,34863.65,15247.6,9.816947,0.701666,1.734797,3.616
12/05/2023 11:32,13,409.63,133.87,34492.9,15184.05,9.54089,1.584754,1.206708,3.616
12/05/2023 12:02,13,411.06,137.25,34540,15476.35,9.819398,0.720789,1.838747,3.616
12/05/2023 12:32,12.94,418.94,137.47,34993.1,15364.35,9.414386,1.958388,2.349674,3.616
12/05/2023 13:02,13.06,413.32,136.53,34674.7,15275.8,9.678674,1.182682,1.082164,3.616
12/05/2023 13:32,13.06,408.47,134.26,34378.3,15155.35,10.02828,0.138764,0.871811,3.616
12/05/2023 14:02,13,413.33,137.24,34722.25,15505.6,9.744868,0.865437,1.962311,3.616
12/05/2023 14:32,12.88,413.56,135.51,34750.4,15302.15,9.559523,-1.942698,1.6078,3.616
12/05/2023 15:02,12.88,409.79,124.47,34579.4,14162.25,9.992486,0.597715,-0.907606,3.616
12/05/2023 15:32,12.88,410.18,127.52,34565.65,14495.9,9.39281,2.519328,0.211824,3.616
12/05/2023 16:02,12.88,412.94,127.38,34721.25,14501.75,9.280034,2.028996,2.759101,3.616
12/05/2023 16:32,12.88,414.99,129.08,34942.05,14673.5,9.533045,1.687724,2.078519,3.616
12/05/2023 17:02,12.75,409.29,128.17,34479.9,14568.75,9.607576,1.065493,2.392823,3.616
12/05/2023 17:32,12.69,406.14,128.08,34275.25,14571.25,9.876768,-0.244676,1.646537,3.616
12/05/2023 18:02,12.75,401.54,128.86,33917.7,14654.15,9.199128,1.747055,2.907672,3.616
12/05/2023 18:32,12.75,406.63,128.21,34284.25,14613.65,8.564638,1.219947,4.910681,3.616
12/05/2023 19:02,12.75,407.65,127.5,34361.1,14549.2,9.754184,1.625452,0.987039,3.616
12/05/2023 19:32,12.81,411.24,128.42,34693,14639.9,9.685048,1.427358,2.049099,3.616
12/05/2023 20:02,12.81,414.22,124.1,34877.25,14245,9.659061,0.889463,1.380286,3.616
12/05/2023 20:32,12.88,413.95,126.13,34869.65,14424.15,9.33544,0.661459,2.75763,3.616
12/05/2023 21:02,12.75,408.75,127.62,34487.4,14579,9.651705,0.373633,1.233677,3.616
12/05/2023 21:32,12.81,401.6,127.78,33941.35,14611.45,9.870884,-0.408447,-0.81052,3.616
12/05/2023 22:02,12.88,400.71,126.92,33880.5,14528.1,9.882162,-0.533482,1.281729,3.614
12/05/2023 22:33,12.81,406.66,128.67,34328.9,14713.35,9.918939,-0.428551,0.02991,3.616
12/05/2023 23:03,12.88,402.02,125.87,34045,14434.25,9.694365,-1.404312,-0.17652,3.614
12/05/2023 23:33,12.88,402.32,126.63,34008.85,14502.2,9.759578,-0.942419,1.546509,3.614
13/05/2023 00:03,12.88,408.04,125.29,34466.95,14369.2,9.572762,1.303304,2.018699,3.616
13/05/2023 00:33,12.81,408.05,128.23,34442.5,14650.5,9.654158,-0.051485,2.676235,3.616
13/05/2023 01:03,12.81,399.38,128.51,33758.5,14697.15,10.140076,0.200546,1.805894,3.614
13/05/2023 01:33,12.81,406.88,124.44,34419.6,14293.85,9.515391,-0.64822,2.560517,3.614
13/05/2023 02:03,12.75,408.01,126.32,34484,14453,9.678183,-0.04413,2.083423,3.614
13/05/2023 02:33,12.69,412.38,126.63,34805.85,14503.25,9.863039,-0.727163,1.895135,3.616
13/05/2023 03:03,12.69,404.77,125.31,34268.95,14346.2,9.690931,-1.918671,0.359904,3.614
13/05/2023 03:33,12.69,405.55,126.74,34310.05,14516.2,9.726236,2.113823,0.335878,3.614
13/05/2023 04:03,12.62,405.99,123.36,34327.05,14159.25,9.582078,1.861793,1.804424,3.614
13/05/2023 04:33,12.62,406.33,127.11,34379.1,14560.2,8.940232,2.68359,3.079288,3.614
13/05/2023 05:03,12.56,404.33,123,34165,14135.55,9.262869,2.128533,2.704183,3.616
13/05/2023 05:33,12.5,403.88,125.34,34164.75,14357.3,8.457745,3.184219,3.442134,3.614
13/05/2023 06:03,12.5,409.91,124.82,34579.7,14274.75,9.576685,1.674976,1.794617,3.614
13/05/2023 06:33,12.56,407.29,129.13,34368.6,14696.2,9.21678,1.583774,3.357306,3.612
13/05/2023 07:03,12.56,403.96,125.16,34047.25,14259.95,9.394281,2.062829,2.369777,3.612
13/05/2023 07:33,12.69,410.55,122.8,34501,13997.05,9.399185,1.00224,2.503638,3.614
13/05/2023 08:03,12.69,407.55,128.3,34040.3,14212.1,9.411443,2.142753,1.042447,3.616
13/05/2023 08:33,12.81,411.42,132.6,34171.9,14520.15,9.673772,1.732835,-0.355491,3.614
13/05/2023 09:03,12.88,413.79,128.41,34166.05,13984.8,9.727706,0.355491,1.538663,3.614
13/05/2023 09:33,12.88,415.9,139.85,34237.25,14576.25,9.912563,0.70755,0.683523,3.612
13/05/2023 10:03,13.19,410.68,141.55,33823.15,14513.65,9.736532,1.56269,0.683033,3.612
13/05/2023 10:33,13.31,412.43,145.28,33963.45,14332.6,9.742907,0.497687,0.19221,3.612
13/05/2023 11:03,13.56,414.64,143.43,34283.95,14555.5,9.719862,-0.306458,-0.579573,3.612
13/05/2023 11:33,13.56,410.96,130.27,34267.85,14362.75,10.179792,-0.526617,-0.175539,3.612
13/05/2023 12:03,13.31,411.3,136.93,34227,14861.5,9.928743,-1.04686,0.894367,3.614
13/05/2023 12:34,13.31,414.08,134.26,34369.35,14779.55,9.566387,-1.372441,2.410475,3.612
13/05/2023 13:04,13.31,417.55,132.01,34571.5,14503.55,9.795374,-0.022555,1.926517,3.612
13/05/2023 13:34,13.31,410.37,133.45,33972.4,14542.6,9.720352,-0.257425,2.217774,3.612
13/05/2023 14:04,13.31,417.93,132.07,34557.8,14437.35,9.651705,-0.277528,2.026054,3.612
13/05/2023 14:34,13.31,415.77,133.35,34397.75,14660,9.625717,-0.890444,2.827748,3.612
13/05/2023 15:04,13.44,417.08,130.57,34445.65,14396.25,9.449198,-0.1471,3.050359,3.614
13/05/2023 15:34,13.31,409.96,132.72,33980.85,14587.75,9.901774,-0.280961,1.654872,3.612
13/05/2023 16:04,13.19,416.47,124.34,34726.7,13797.95,9.766443,-2.420772,0.214766,3.612
13/05/2023 16:34,13.19,410.02,128.91,34300.35,14233.05,9.604143,1.393035,1.434713,3.612
13/05/2023 17:04,13.06,409.13,129.61,34359.9,14509.5,9.612969,2.214341,-0.762957,3.612
13/05/2023 17:34,13,407.69,128.38,34317,14478.35,9.529613,2.05008,-1.418532,3.61
13/05/2023 18:04,13,409.34,126.34,34408.25,14358.25,9.928744,0.73746,0.151513,3.612
13/05/2023 18:34,12.81,390.46,123.56,32980.95,14082.6,9.476167,1.684783,2.68359,3.61
13/05/2023 19:04,12.81,391.5,125.41,33118.25,14268.25,9.539908,1.379305,2.510012,3.61
13/05/2023 19:34,12.81,392.65,128.35,33151.5,14594.45,9.390357,1.7397,2.547277,3.61
13/05/2023 20:04,12.75,394.5,126.54,33250.35,14431.3,9.842444,0.86936,1.23809,3.612
13/05/2023 20:34,12.81,384.23,125.98,32584.9,14339.2,9.772328,0.974781,1.499927,3.608
13/05/2023 21:04,12.88,392.47,119.75,33148,13646.1,9.686028,0.905644,2.072145,3.61
13/05/2023 21:34,12.88,395.76,126.07,33424.45,14357.65,9.79096,0.642336,0.548682,3.612
13/05/2023 22:04,12.88,399.51,123.73,33648.85,14093.25,9.884122,1.011556,0.797281,3.61
13/05/2023 22:34,12.88,402.64,124.25,33907.9,14152.9,9.804688,0.091202,1.260645,3.61
13/05/2023 23:04,12.88,403.52,124.27,33929.25,14184.75,9.989053,-0.171126,0.287335,3.612
13/05/2023 23:34,12.94,401.99,126.6,33857.45,14405.35,9.964048,-0.048053,0.873282,3.608
14/05/2023 00:04,12.94,398.3,125.64,33547.2,14341.2,9.891479,-0.041678,1.183663,3.608
14/05/2023 00:34,12.94,398.21,127.51,33571.95,14505.95,9.754675,1.483746,1.330762,3.608
14/05/2023 01:04,12.94,394.71,127.16,33295.35,14472.85,9.839012,1.576909,0.385892,3.608
14/05/2023 01:34,12.94,396.06,129.17,33331.55,14695.5,9.675241,1.521992,1.794617,3.608
14/05/2023 02:04,12.88,388.42,126.4,32784,14389.8,9.473223,2.423223,1.456288,3.608
14/05/2023 02:35,12.88,387.49,128.91,32747.6,14685.55,9.618854,1.471488,2.5664,3.61
14/05/2023 03:05,12.94,390.59,129.41,32991.5,14739,9.551677,1.136591,2.644854,3.608
14/05/2023 03:35,12.88,388.53,127.24,32744.95,14528.85,9.88216,1.242502,0.946342,3.608
14/05/2023 04:05,12.88,384.11,122.84,32409.15,14037.2,9.887063,0.299593,0.697253,3.61
14/05/2023 04:35,12.94,386.86,123.86,32630.8,14124.35,9.92433,-0.015691,1.048331,3.608
14/05/2023 05:05,12.81,388.62,130.97,32739.1,14875.4,9.95473,-0.255954,0.768351,3.608
14/05/2023 05:35,12.81,375.16,127.16,31771.25,14462.45,9.814497,0.760996,1.439616,3.606
14/05/2023 06:05,12.81,376.65,128.84,31817,14630.75,9.593844,0.650671,2.410474,3.608
14/05/2023 06:35,12.75,382.89,129.32,32301.95,14667,9.154509,0.598696,3.677984,3.606
14/05/2023 07:05,12.75,378.39,131.47,31923.25,14837.8,9.708583,0.529069,2.370267,3.606
14/05/2023 07:35,12.75,379.46,131.23,32001.5,14816.05,9.364369,-0.039227,3.589234,3.608
14/05/2023 08:05,12.75,375.48,130.4,31601.2,14674.95,9.643859,0.801203,2.401649,3.606
14/05/2023 08:35,12.75,373.41,123.84,31428.7,13986.7,9.203051,0.307438,3.59708,3.606
14/05/2023 09:05,12.75,382.01,133.49,32047.4,14928.4,9.499702,-1.269471,2.791463,3.606
14/05/2023 09:35,12.81,366.49,133.07,30795.45,14778.8,9.695836,-0.779629,2.382035,3.606
14/05/2023 10:05,12.81,378.26,120.02,31595.05,13341.95,9.879219,-0.66391,1.467075,3.608
14/05/2023 10:35,13.12,386.9,128.36,32074.25,14013.05,9.819889,-0.750209,1.87307,3.606
14/05/2023 11:05,13.12,390.55,138.04,32093.2,14421.1,9.819889,-0.696272,1.40039,3.606
14/05/2023 11:35,13.38,391.51,140.86,32117.25,14698.3,9.908148,-0.440809,1.121881,3.606
14/05/2023 12:05,13.56,394.72,143.36,32245.55,14407.1,9.984152,-0.821797,0.593302,3.606
14/05/2023 12:35,13.56,385.82,130.97,31932.8,14079.1,9.974345,-0.836017,-0.079924,3.606
14/05/2023 13:05,13.75,401.44,132.09,33350.7,13927.85,9.873826,-0.758054,-0.892896,3.606
14/05/2023 13:35,13.62,401.3,148.9,33181.65,15307.2,9.720841,-0.02991,-1.598484,3.606
14/05/2023 14:05,13.81,405.78,152.27,33376.25,14491.45,9.565897,-0.219179,-2.086365,3.606
14/05/2023 14:35,13.81,413.25,156.55,34146.7,15506.6,9.405066,1.457268,-2.737036,3.606
14/05/2023 15:05,13.88,395.66,152.23,32938,15498.7,9.398694,0.202507,-2.903259,3.606
14/05/2023 15:35,13.88,397.87,140.85,33413.25,15543.85,9.622286,1.004201,-1.796578,3.606
14/05/2023 16:05,13.88,396.28,140.67,33177.3,15443.5,9.874319,-0.11768,-1.307226,3.606
14/05/2023 16:35,13.56,400.1,131.52,33542.6,14603.9,9.835089,-0.062763,-1.447952,3.606
14/05/2023 17:06,13.25,392.58,132.34,33036.35,14770.35,9.842936,0.201036,-0.64871,3.606
14/05/2023 17:36,13.25,400.46,124.46,33626.1,14001.75,9.795862,0.92869,-0.031872,3.606
14/05/2023 18:06,13.25,396.67,121.09,33370.95,13756.35,9.670829,1.584264,-0.569766,3.604
14/05/2023 18:36,13.12,405.71,118.2,34099.95,13485,9.210406,2.258962,2.249155,3.606
14/05/2023 19:06,13,400.3,123.62,33687.2,14092.5,9.689951,2.281517,0.851217,3.606
14/05/2023 19:36,13,399.16,126.41,33590.85,14386,9.180986,3.042514,1.793636,3.606
14/05/2023 20:06,12.94,390.77,130.56,32962.15,14830.15,10.107715,1.007633,0.606051,3.604
14/05/2023 20:36,12.88,390.89,128.03,32981.75,14531.3,9.047615,1.507282,3.902556,3.606
14/05/2023 21:06,12.88,395.95,124.52,33298.9,14198.25,9.124108,1.948581,2.908162,3.604
14/05/2023 21:36,12.94,383.89,125.28,32426.4,14245.9,9.758598,1.370479,1.151791,3.604
14/05/2023 22:06,12.94,389.23,125.51,32817.4,14259.65,9.733591,1.088538,0.947322,3.606
14/05/2023 22:36,12.94,391.67,123.99,33039.25,14111.9,9.677693,0.54574,1.950543,3.606
14/05/2023 23:06,12.94,395.42,120.4,33347.25,13735.4,9.835581,-0.39864,0.844843,3.606
14/05/2023 23:36,12.94,390.52,123.85,32952.7,14115,9.853231,-0.771293,0.820817,3.606
15/05/2023 00:06,13.06,391.08,119.28,32961.5,13614.55,9.905698,-0.952226,0.393247,3.606
15/05/2023 00:36,13.06,387.39,121.61,32676.55,13858.95,9.964539,-0.576141,0.806107,3.606
15/05/2023 01:06,13.12,387.17,120.68,32601.9,13774.7,9.906187,-1.115016,1.037053,3.606
15/05/2023 01:36,13.06,373.03,126.05,31507,14322.25,9.933155,-0.829643,1.447952,3.604
15/05/2023 02:06,13.06,379.32,128.15,31987.05,14553.15,9.391339,-0.538385,3.262182,3.606
15/05/2023 02:36,13.12,384.3,124.88,32387.15,14202.6,9.887065,0.353039,2.361932,3.606
15/05/2023 03:06,13.06,368.85,131.51,31179.7,14919.25,9.4237,-0.939967,3.446057,3.602
15/05/2023 03:36,13.06,384.28,125.86,32466.15,14316.45,9.107926,-1.031169,3.725546,3.604
15/05/2023 04:06,13.06,373.29,125.63,31565.9,14334.8,9.484011,-0.202017,3.112631,3.604
15/05/2023 04:36,13.06,381.57,124.96,32304.5,14244.7,9.371725,-0.154455,3.266595,3.604
15/05/2023 05:06,12.94,400.58,127.25,33665.15,14463.5,9.646312,-1.210141,2.160405,3.6
15/05/2023 05:36,12.94,403.4,127.2,33873.9,14448.15,9.742908,-0.607032,1.933872,3.604
15/05/2023 06:06,12.94,382.78,127.82,32254.9,14490.2,9.942471,-1.417551,-0.009807,3.606
15/05/2023 06:36,12.88,391.47,124.64,32985.8,14190.4,9.726233,0.396679,1.523463,3.606
15/05/2023 07:07,12.88,396.75,126.3,33305.75,14370.65,9.745359,0.158868,1.97653,3.604
15/05/2023 07:37,12.88,397,130.44,33282.05,14721.5,9.796843,0.776196,1.755391,3.604
15/05/2023 08:07,12.94,390.01,127.86,32661.1,14330.5,8.897082,1.746564,4.434077,3.602
15/05/2023 08:37,13,394.57,132.5,32861.15,14649,9.263853,1.035092,3.446056,3.602
15/05/2023 09:07,13,388.57,128.05,32487.25,14275.4,8.905418,0.512398,4.062895,3.604
15/05/2023 09:37,12.94,395.05,129.32,32709,14272.1,9.424189,0.937026,2.93464,3.6
15/05/2023 10:07,13.12,388.9,130.96,32239.2,14443.3,9.52765,1.636239,2.438914,3.604
15/05/2023 10:37,13.12,392.49,131.63,32434.1,14470.95,9.392318,1.603878,2.372719,3.598
15/05/2023 11:07,13.38,401.97,134.86,33069,14405.75,9.788508,1.139533,1.760294,3.602
15/05/2023 11:37,13.44,405.86,137.39,33262.35,14588.55,9.428113,0.950264,2.556594,3.602
15/05/2023 12:07,13.69,398.47,137.44,32817.55,14491.3,9.868433,0.025497,1.91671,3.602
15/05/2023 12:37,13.69,387.89,138.05,32094.9,14350.65,9.983171,0.389324,0.973801,3.602
15/05/2023 13:07,13.75,388.45,136.54,32205.1,14276.5,9.95424,-0.576631,-0.066195,3.602
15/05/2023 13:37,14,391.63,138.45,32229.3,14283.8,9.931684,-0.271644,0.551134,3.602
15/05/2023 14:07,14,388.94,127.15,32330.45,13902.95,10.196465,-0.725692,0.172597,3.6
15/05/2023 14:37,13.88,394.63,129.4,32939.5,14470.8,9.703191,-1.611723,1.4303,3.598
15/05/2023 15:07,13.56,393.4,135.79,32293.6,14702.05,9.736534,-1.433732,2.151579,3.598
15/05/2023 15:37,13.56,380.14,126.12,31850.3,14101.45,9.767915,-0.287825,2.326628,3.6
15/05/2023 16:07,13.5,385.95,129.19,32248.7,14512.75,9.111358,-2.133927,3.731431,3.602
15/05/2023 16:37,13.38,389.6,126.39,32483.25,14020.5,9.561975,-1.008614,2.813528,3.6
15/05/2023 17:07,13.38,373.4,126.51,31373,14198.7,9.809592,-0.13239,2.336925,3.6
15/05/2023 17:37,13.38,387.75,125.57,32362.05,14060.35,9.593356,-1.364595,2.480592,3.602
15/05/2023 18:07,13.38,378.35,130.34,31700.25,14572.9,9.959633,-0.980175,0.705588,3.6
15/05/2023 18:37,13.31,392.17,124.94,32867.1,14059.85,9.831657,-1.126784,1.747055,3.598
15/05/2023 19:07,13.31,381.06,122.18,32117.75,13855.7,9.572271,-0.754131,1.930929,3.598
15/05/2023 19:37,13.19,368.01,126.5,31081.25,14352.85,9.251594,-1.266039,3.117534,3.6
15/05/2023 20:07,13,353.38,122.77,29881.6,13919,8.915716,-2.351635,3.749082,3.6
15/05/2023 20:37,13,352.64,116.91,29833.65,13307,8.759299,-3.062127,3.920208,3.598
15/05/2023 21:07,13,358.5,119.06,30234.25,13550.65,9.224137,-1.719596,3.559324,3.598
15/05/2023 21:38,12.94,357.21,125.44,30133,14141.75,9.325634,-2.631124,2.716442,3.598
15/05/2023 22:08,13,357.41,124.18,30164.85,14013,9.559031,-2.325647,2.07852,3.598
15/05/2023 22:38,13,357.58,122.86,30138,13923.95,9.192263,-1.986827,3.706423,3.598
15/05/2023 23:08,13.06,354.28,121.37,29875.35,13759.1,9.522257,-0.387363,3.012113,3.596
15/05/2023 23:38,13.06,356.83,120.91,30125.15,13626.55,9.539419,-2.254549,2.471766,3.596
16/05/2023 00:08,13.06,357.3,119.45,30187.35,13506.55,9.509508,-1.335666,2.453624,3.596
16/05/2023 00:38,13.12,353.4,115.01,29882.6,13019.75,9.772326,-1.526405,2.056945,3.596
16/05/2023 01:08,13.06,360.7,115.82,30438.65,13014.7,9.857156,-1.423926,0.694801,3.596
16/05/2023 01:38,13.12,342.88,128,29048.9,14375.1,9.915995,-1.367047,-0.25056,3.596
16/05/2023 02:08,13.12,347.18,118.8,29341.85,13447.55,9.919428,-1.427358,-0.290277,3.596
16/05/2023 02:38,13.12,347.51,125.1,29376,14033.25,9.897853,-1.409706,0.88505,3.596
16/05/2023 03:08,13.06,349.99,119.26,29523.8,13484.3,9.432526,-2.192277,2.629653,3.596
16/05/2023 03:38,13.06,345.04,117.36,29138.5,13337.9,9.085861,-1.44501,3.910892,3.596
16/05/2023 04:08,13.12,347.42,120.59,29309.15,13563.5,9.035849,-1.580832,4.008467,3.596
16/05/2023 04:38,13.06,346.59,115.19,29263.5,13040.75,9.032415,-2.101565,3.845678,3.596
16/05/2023 05:08,13.06,342.58,118.07,28893.1,13345.4,9.181477,-1.20965,3.682397,3.596
16/05/2023 05:38,13.12,357.87,115.49,30107.5,13067.65,9.420267,-2.112843,2.914046,3.596
16/05/2023 06:08,13.06,345.16,116.09,29140.55,12998.25,9.224136,-2.715461,3.064578,3.596
16/05/2023 06:38,13.06,365.77,123.03,30701.2,13780.95,9.702701,-1.442068,1.669092,3.598
16/05/2023 07:08,13.06,340.65,122.18,28719.45,13630.25,9.789977,-2.257001,0.278019,3.596
16/05/2023 07:38,13.06,349.99,120.96,29244.75,13485.5,8.394982,1.051763,5.082787,3.596
16/05/2023 08:08,13,346.77,116.51,29078.4,13029.7,6.044329,-4.211465,6.495435,3.596
16/05/2023 08:38,13,392.13,120.85,31775.5,13215.8,3.928054,6.537113,5.461814,3.596
16/05/2023 09:08,13.06,377.77,123.61,31443.9,13655.35,9.30504,1.245935,2.962589,3.596
16/05/2023 09:38,13,373.72,127.77,31063.5,14090.2,9.132934,1.286142,3.706914,3.596
16/05/2023 10:08,13.25,371.72,125.14,30902.1,13716.75,8.801468,1.360182,4.533124,3.596
16/05/2023 10:38,13.25,361.5,127.27,29995,13748,8.766655,0.366278,4.714057,3.596
16/05/2023 11:08,13.25,378.8,127.43,31285.8,13622.4,9.626698,0.655084,2.641421,3.596
16/05/2023 11:39,13.56,379.57,125.07,31301.95,13248.6,9.883632,0.607032,2.087346,3.596
16/05/2023 12:09,13.56,379.01,127.09,31284.5,13409.85,9.687008,-0.651652,2.339866,3.596
16/05/2023 12:39,13.62,380.88,126.39,31403.9,13076.75,9.691422,0.033343,1.645556,3.596
16/05/2023 13:09,13.81,376.43,128.8,31191.75,13513.8,9.855682,-0.844353,1.53425,3.596
16/05/2023 13:39,13.81,362.96,129.88,30192.05,13457.75,9.965028,-0.712453,0.584967,3.596
16/05/2023 14:09,14.06,375.9,129.84,31136.75,13509.55,9.966988,-0.698724,0.48641,3.596
16/05/2023 14:39,14.06,375.29,119.79,31306.4,13203,9.959634,-0.821797,0.415312,3.596
16/05/2023 15:09,13.69,365.11,124.82,30492.45,13666,9.883634,-0.048053,1.427358,3.596
16/05/2023 15:39,13.69,376.6,122.97,31390.1,13565.5,9.827733,-0.386382,2.2114,3.596
16/05/2023 16:09,13.56,365.04,125.22,30429.65,13813,9.298665,0.194172,3.344558,3.594
16/05/2023 16:39,13.44,375.42,126,31149.85,13870.9,9.366822,-0.335878,3.550988,3.594
16/05/2023 17:09,13.44,364.76,123.73,30576.1,13708.25,8.995641,-0.718337,4.233041,3.594
16/05/2023 17:39,13.56,367.54,122.83,30772.7,13666,9.516865,0.417763,3.18471,3.594
16/05/2023 18:09,13.5,379.43,120.08,31722.5,13386.55,9.211387,-0.130428,3.124399,3.594
16/05/2023 18:39,13.5,372.6,120.96,31208.35,13540.05,9.583549,0.131899,2.440875,3.596
16/05/2023 19:09,13.5,372.21,118.29,31324.8,13307.8,9.796844,-1.059118,1.561709,3.596
16/05/2023 19:39,13.38,372.58,118.29,31326.25,13322,9.828715,-1.362144,1.444029,3.594
16/05/2023 20:09,13.25,378.33,119.62,31786.25,13509.75,9.336422,-1.282219,3.405359,3.596
16/05/2023 20:39,13.25,372.1,117.28,31350.9,13329.7,9.077526,-1.092461,3.844207,3.596
16/05/2023 21:09,13.19,366.25,124.48,30912.75,14003.9,9.386435,-1.052254,3.291112,3.596
16/05/2023 21:39,13.12,358.09,119.33,30224,13413.2,8.906399,-1.609761,4.2605,3.594
16/05/2023 22:09,13.12,349.34,120.41,29538.9,13495.65,8.106176,-1.773042,5.438278,3.594
16/05/2023 22:39,13.06,353.08,119.53,29803.5,13437.45,9.372215,-0.548192,3.5098,3.594
16/05/2023 23:09,13.06,353.39,120.73,29862.75,13536.4,9.515394,-0.72324,2.995441,3.594
16/05/2023 23:39,13.19,359.56,122.69,30290.8,13756.3,8.907381,-1.802463,4.152136,3.594
17/05/2023 00:09,13.19,353.2,112.96,29815.1,12761.6,9.170198,-0.701666,3.74663,3.596
17/05/2023 00:39,13.25,351.76,115.9,29707,13052.15,9.425662,-1.54896,2.740959,3.592
17/05/2023 01:09,13.25,358.07,113.73,30206.6,12826.9,9.870394,-0.458951,1.41559,3.594
17/05/2023 01:40,13.25,355.36,110.41,29989.65,12462.85,9.731139,-2.095191,1.827469,3.592
17/05/2023 02:10,13.25,353.29,112.84,29788.1,12745.35,9.965028,-0.141706,0.549172,3.594
17/05/2023 02:40,13.19,354.96,113.12,29937,12778.05,9.974343,-0.775216,0.674207,3.594
17/05/2023 03:10,13.19,356.59,114.71,30085.1,12949.95,9.894422,-1.435694,-0.168674,3.592
17/05/2023 03:40,13.25,352.88,117.33,29824.5,13261.5,9.808611,-1.890232,1.22436,3.592
17/05/2023 04:10,13.25,349.06,116.83,29386.65,13172.4,9.576684,-1.657814,2.369777,3.594
17/05/2023 04:40,13.25,349.85,116.37,29389,13031.3,9.003487,-1.85787,3.895691,3.594
17/05/2023 05:10,13.25,344.96,119.09,29007.95,13340.15,9.152056,-0.547701,3.756438,3.594
17/05/2023 05:40,13.25,336.16,118.9,28413.5,13213.05,9.175104,-0.135332,3.588253,3.592
17/05/2023 06:10,13.25,339.88,121.08,28615.65,13397.55,9.176573,-0.070608,3.52353,3.594
17/05/2023 06:40,13.25,338.44,123.54,28524.75,13634.7,9.607574,-0.638903,2.803231,3.592
17/05/2023 07:10,13.38,343.52,126.14,28835.85,13943.85,9.535986,-1.197392,2.011344,3.592
17/05/2023 07:40,13.31,350.95,122.96,29458.85,13587.2,9.734571,-1.742642,1.586226,3.594
17/05/2023 08:10,13.38,356.11,127.02,29758.2,14002.75,9.776739,-2.353106,0.259876,3.59
17/05/2023 08:40,13.38,357.49,126.42,29876,13957.8,9.521766,-2.762534,2.066751,3.59
17/05/2023 09:10,13.31,347.11,121.81,28948.25,13431.7,9.167748,-3.205794,2.914046,3.592
17/05/2023 09:40,13.31,344.84,123.69,28708.9,13509.15,9.140779,-1.744113,3.664255,3.592
17/05/2023 10:10,13.31,341.11,120.32,28409.35,13117.75,7.893373,-4.031514,4.72043,3.592
17/05/2023 10:40,13.25,348.66,116.4,28972.35,12662.7,8.535708,-3.179806,4.133013,3.594
17/05/2023 11:10,13.38,352.05,121.3,29190.15,13161.1,8.971123,-2.267298,4.006017,3.59
17/05/2023 11:40,13.38,342.79,117.55,28480.9,12669.3,9.250123,-2.840005,2.983183,3.594
17/05/2023 12:10,13.62,348.68,113.5,28943.5,12145,9.050067,-3.27444,3.015054,3.59
17/05/2023 12:40,13.75,347.33,119.79,28745.55,12740.9,9.531083,-1.869148,2.705165,3.59
17/05/2023 13:10,14.12,363.43,130.65,29947.15,13662.6,9.144701,-2.466863,2.765476,3.592
17/05/2023 13:40,14.12,348.92,122.65,29220.9,13389.1,9.856665,-1.829921,1.097364,3.592
17/05/2023 14:10,13.94,341.02,129.77,28576.35,14308.5,9.802728,-1.738719,1.157184,3.59
17/05/2023 14:40,13.75,339.94,118.02,28402.25,12888.95,9.904226,-1.485708,-0.367749,3.592
17/05/2023 15:10,13.75,355.1,119.59,29664.45,13191,9.963066,-0.775216,-0.542308,3.59
17/05/2023 15:40,13.75,364.87,122.99,30524.65,13561.7,10.109186,-1.056666,-0.490823,3.592
17/05/2023 16:11,13.81,371.57,131.1,30849.25,14035.2,9.619343,-2.130004,1.279768,3.592
17/05/2023 16:41,13.81,358.06,126.88,30117.25,14122.55,9.465869,-1.812759,2.277104,3.59
17/05/2023 17:11,13.75,354.21,131.16,29883,14640.85,8.824023,-3.279834,3.3475,3.59
17/05/2023 17:41,13.56,357.52,130.63,30189.55,14507.25,9.52471,-2.366344,2.570323,3.59
17/05/2023 18:11,13.56,354.95,129.2,29972.3,14512.2,9.243749,-3.749573,2.147656,3.592
17/05/2023 18:41,13.56,348.2,130,29459.65,14624.95,9.236883,-2.514425,2.902769,3.592
17/05/2023 19:11,13.38,357.07,128.47,30187.55,14498.05,9.062324,-2.796857,2.517367,3.592
17/05/2023 19:41,13.38,365.43,130.72,30832.2,14714.4,9.6875,-3.00819,0.710001,3.59
17/05/2023 20:11,13.38,355.7,131.82,30112.35,14856.95,9.937078,-1.974569,-0.098557,3.59
17/05/2023 20:41,13.31,356.48,128.8,30223.95,14490.35,9.404577,-2.887568,0.275077,3.59
17/05/2023 21:11,13.19,362.03,128.88,30605.55,14547.45,9.153038,-4.742986,0.593793,3.59
17/05/2023 21:41,13.25,355.02,119.14,30043.75,13525.15,8.963279,-4.531653,1.270451,3.59
17/05/2023 22:11,13.25,353,124.71,29916.05,14146.95,8.198851,-5.718749,2.037332,3.592
17/05/2023 22:41,13.19,356.01,130.64,30152.2,14794.2,8.070874,-5.458382,2.710558,3.59
17/05/2023 23:11,13.06,350.05,133.72,29678.9,15100.75,8.074306,-5.359335,2.844909,3.59
17/05/2023 23:41,13.06,349.62,128.72,29592.05,14556.4,8.707323,-5.169576,1.574458,3.59
18/05/2023 00:11,13.25,349.2,118.28,29561.1,13402.2,9.02506,-4.205582,1.481785,3.588
18/05/2023 00:41,13.25,351.13,121.82,29705.5,13819.6,9.357996,-3.604434,1.198373,3.59
18/05/2023 01:11,13.25,341.78,118.06,28947.9,13358.25,9.047124,-3.979048,1.171405,3.588
18/05/2023 01:41,13.38,350.61,114.58,29665.65,13021.95,9.788016,-2.194728,0.544759,3.59
18/05/2023 02:11,13.31,345.83,115.66,29263.25,13144,9.54187,-2.659073,1.572006,3.588
18/05/2023 02:41,13.31,349.86,114.74,29564.9,13061.9,9.856665,-1.833843,0.293219,3.588
18/05/2023 03:11,13.31,350.05,116.83,29635.3,13278.15,9.961104,-0.937516,-0.640374,3.588
18/05/2023 03:41,13.38,351,116.69,29618.1,13263.4,10.002294,-0.488861,-0.803165,3.588
18/05/2023 04:11,13.31,343.63,111.37,29031.75,12703.8,9.958654,0.346175,-0.692349,3.588
18/05/2023 04:41,13.31,342.66,112.32,29055.65,12779.3,9.342796,-3.963848,0.275567,3.588
18/05/2023 05:11,13.38,337.48,125.9,28537.4,14234.9,5.628037,-3.254337,7.361852,3.588
18/05/2023 05:41,13.38,341.51,137.22,28866,15420.2,4.97001,-3.954041,7.325567,3.588
18/05/2023 06:12,13.44,337.55,136.53,28488.15,15221.6,4.625797,-1.863754,8.527372,3.588
18/05/2023 06:42,13.44,335.77,134.96,28341.7,15003.95,5.436316,-2.724287,7.839926,3.588
18/05/2023 07:12,13.44,340.54,134.28,28666.5,14851.75,4.591474,-0.529069,8.258671,3.588
18/05/2023 07:42,13.56,347.8,135.1,29217.25,14934.9,6.0458,-3.355836,7.084814,3.588
18/05/2023 08:12,13.56,344.48,135.16,28951.95,14905.8,6.285571,-5.724631,5.407387,3.588
18/05/2023 08:42,13.5,334.39,137,28277.65,15108.25,7.304973,-7.204946,0.802184,3.588
18/05/2023 09:12,13.56,339.68,131.7,28627.05,14613.95,7.261825,-4.779271,4.701798,3.588
18/05/2023 09:42,13.56,346.57,130.02,29193.25,14404.7,5.579004,-7.876701,2.788521,3.588
18/05/2023 10:12,13.44,338.84,128.76,28410.7,14189.4,8.87943,-4.041811,2.335944,3.588
18/05/2023 10:42,13.44,342.38,126.4,28676.25,13906.35,9.166276,-3.344068,2.583072,3.588
18/05/2023 11:12,13.5,347.15,129.45,28879.45,14112.9,8.608276,-3.19942,3.940312,3.588
18/05/2023 11:42,13.5,345.11,128.74,28755.45,13993.25,8.961807,-2.789992,3.663274,3.588
18/05/2023 12:12,13.5,338.77,128.62,28303.25,14000,9.292291,-3.549027,2.325157,3.586
18/05/2023 12:42,13.62,345.05,130.48,28955.8,14390.95,9.116752,-3.168529,2.770869,3.588
18/05/2023 13:12,13.62,339.96,130.71,28289.6,13917.75,9.244727,-2.267788,2.569833,3.588
18/05/2023 13:42,13.94,346.94,134.13,28727.3,14184.25,9.362411,-1.935343,3.000835,3.588
18/05/2023 14:12,14.06,351.58,132.87,29219.05,13905.5,9.345248,-2.33055,2.429107,3.588
18/05/2023 14:42,14.06,351.78,135.38,29154.25,13983.15,9.747318,-1.826979,1.357731,3.588
18/05/2023 15:12,14.25,350.87,139.64,29019.8,14273.25,9.811553,-1.22485,1.040486,3.588
18/05/2023 15:42,14.38,355.62,142.42,29491,14078.75,9.969932,-0.791397,0.006374,3.588
18/05/2023 16:12,14.56,355.76,135.99,29594.25,14072.75,9.995429,-0.76639,-0.402073,3.588
18/05/2023 16:42,14.56,351.41,132.92,29178.65,14142.1,9.891968,0.755112,0.580063,3.588
18/05/2023 17:12,14.38,345.45,131.34,28659.15,14135.4,9.676712,2.022131,0.821307,3.588
18/05/2023 17:42,14.19,346.47,128.81,28848,14189.6,8.885805,3.615712,1.508263,3.588
18/05/2023 18:12,14.19,330.71,124.86,27820.7,13890.45,9.026041,3.411734,2.354577,3.588
18/05/2023 18:42,14,329.9,122.05,27871.7,13681.2,9.049086,2.982692,2.406061,3.588
18/05/2023 19:12,13.81,340.72,122.24,28733.4,13744.15,9.202561,2.636028,2.328099,3.588
18/05/2023 19:42,13.69,337.4,123.57,28465.6,13913.7,9.168238,2.662996,2.759101,3.588
18/05/2023 20:13,13.69,340.57,123.57,28691.75,13917.75,9.895891,0.952226,1.471978,3.586
18/05/2023 20:43,13.56,337.87,129.51,28546.25,14648.85,9.987583,0.380498,1.216515,3.588
18/05/2023 21:13,13.44,335.94,129.51,28409.3,14671.5,9.796351,-0.048543,1.865715,3.586
18/05/2023 21:43,13.44,336.18,127.79,28383.8,14454.55,9.460966,-1.722538,2.835103,3.586
18/05/2023 22:13,13.44,333.82,128.87,28197.1,14573.3,9.170198,-0.222121,3.956494,3.586
18/05/2023 22:43,13.38,313.09,128.28,26566.2,14498.3,8.928956,-1.866696,4.071721,3.588
18/05/2023 23:13,13.38,329.58,128.22,27833.3,14486.5,8.999561,-1.893664,3.95257,3.588
18/05/2023 23:43,13.25,327.57,126.02,27711.15,14222.1,7.308405,-4.750832,5.119071,3.586
19/05/2023 00:13,13.19,327.71,122.68,27731.25,13900.05,8.878942,-2.365364,4.106535,3.588
19/05/2023 00:43,13.25,333.1,121.95,28146.3,13824.55,9.119693,-1.162088,4.104573,3.586
19/05/2023 01:13,13.25,336.91,121.03,28389.7,13714.55,9.677693,-0.778648,2.602194,3.586
19/05/2023 01:43,13.31,330.83,118.37,27912.3,13456.6,9.027513,-2.578168,3.407321,3.586
19/05/2023 02:13,13.31,325.69,121.48,27388.1,13747,9.589434,-0.490823,2.995931,3.588
19/05/2023 02:43,13.31,337.38,119.23,28453.2,13536.4,9.568349,-1.332233,2.279065,3.586
19/05/2023 03:13,13.5,339.93,121.26,28600.6,13741.75,9.790468,-1.401861,2.03586,3.586
19/05/2023 03:43,13.44,335.54,122.96,28295.4,13933.75,9.916484,-0.912999,0.834546,3.586
19/05/2023 04:13,13.56,341.58,120,28732.4,13629.65,9.991505,-0.769332,-0.11768,3.586
19/05/2023 04:43,13.56,331.78,124.44,27995,14085.15,9.877258,-1.406274,0.356472,3.586
19/05/2023 05:13,13.5,315.4,134.27,26621.6,15034.35,9.740946,-2.05057,-1.41559,3.586
19/05/2023 05:43,13.62,283.51,136.1,24243.25,15209.75,9.09861,-4.337481,-0.002942,3.586
19/05/2023 06:13,13.62,325.3,139.09,27453.9,15536.55,9.483031,-3.378391,1.484727,3.586
19/05/2023 06:43,13.62,325.71,137.49,27363.1,15323.3,8.483242,-3.889318,3.490187,3.586
19/05/2023 07:13,13.62,326.33,138,27527.65,15272.25,8.696538,-3.683379,3.459296,3.586
19/05/2023 07:43,13.62,340.05,139.85,28439.75,15380.55,9.170688,-3.373488,2.443818,3.586
19/05/2023 08:13,13.69,340.12,129.43,28528.95,14368.55,8.894632,-4.445844,1.919162,3.586
19/05/2023 08:43,13.56,326.13,137.88,27290.4,15205.4,9.956691,-1.29791,0.856611,3.586
19/05/2023 09:13,13.62,335.68,136.43,28167.25,15102.7,9.900303,-2.200612,-0.301555,3.586
19/05/2023 09:43,13.62,340.02,135.59,28406.25,15108.75,9.888536,-2.305053,0.181913,3.586
19/05/2023 10:13,13.56,332.5,133.33,27944.55,14912.9,9.031923,-4.534104,1.310169,3.586
19/05/2023 10:44,13.44,324.5,135.72,27289.9,15137.2,9.340345,-3.609828,1.550431,3.586
19/05/2023 11:14,13.44,317.64,135.26,26663.25,14957,8.981913,-4.510569,1.357731,3.586
19/05/2023 11:44,13.38,307.61,137.48,25814.05,15158.75,8.12383,-5.433865,2.749294,3.588
19/05/2023 12:14,13.38,295.32,139,24835.25,15328.2,8.614161,-4.793982,2.461959,3.586
19/05/2023 12:44,13.38,306.88,139.64,25723.5,15401.75,8.852464,-4.381611,2.417829,3.586
19/05/2023 13:14,13.5,302.48,142.9,25380,15488.4,9.376629,-3.496561,1.597503,3.586
19/05/2023 13:44,13.69,306.47,144.68,25586.3,15512.2,8.991717,-4.331107,1.290065,3.588
19/05/2023 14:14,13.94,307.49,143.19,25749.8,15575.5,9.707603,-2.297208,1.895135,3.586
19/05/2023 14:44,13.94,307.51,148.21,25648.65,15570.5,9.622774,-2.876781,0.929671,3.586
19/05/2023 15:14,14.12,300.49,139.45,25337.9,15373.4,9.61689,-2.81647,0.770803,3.586
19/05/2023 15:44,14,305.58,141.9,25628.5,15384.1,9.775269,-2.453624,0.163281,3.586
19/05/2023 16:14,14,302.77,144.44,25454.2,15525.15,9.978757,-0.94389,-0.246147,3.586
19/05/2023 16:44,14.12,303.78,146.89,25550.05,15506.7,10.001801,-0.540347,-0.433944,3.586
19/05/2023 17:14,14.06,301.91,139.39,25421.1,15369.5,9.948847,0.834056,0.069627,3.586
19/05/2023 17:44,14.06,320.8,134.63,26840.2,14884,9.828225,-1.87258,0.694311,3.586
19/05/2023 18:14,14.06,308.63,132.04,25953.55,14705.75,9.385454,-2.433521,2.78656,3.586
19/05/2023 18:44,13.88,305.35,132.86,25715.25,14762.95,8.831378,-3.525981,3.372507,3.586
19/05/2023 19:14,13.88,301.31,132.97,25457.5,14804.95,8.607786,-3.838813,3.575504,3.586
19/05/2023 19:44,13.88,303.8,132.33,25689.3,14849.65,9.088312,-3.324945,2.669861,3.586
19/05/2023 20:14,13.81,299.79,129.81,25383.3,14544.35,9.247671,-3.498032,2.570813,3.586
19/05/2023 20:44,13.69,307.37,132.74,25968.8,14855.05,9.595317,-2.504619,2.084404,3.586
19/05/2023 21:14,13.69,306.89,133.69,25957.2,15003.05,9.710056,-1.839728,0.857592,3.586
19/05/2023 21:44,13.5,309.98,131.16,26149.55,14737.3,9.46685,-3.236195,0.549172,3.586
19/05/2023 22:14,13.44,300.02,133.58,25421.3,15000.5,9.638956,-2.471276,0.555547,3.586
19/05/2023 22:44,13.31,299.51,131.96,25370.4,14816.85,9.343777,-3.211678,2.278085,3.586
19/05/2023 23:14,13.31,301.15,133.29,25457.75,14906.65,8.755378,-3.513723,3.525491,3.586
19/05/2023 23:44,13.31,313.14,129.21,26422.1,14514.75,8.53816,-4.606184,2.829709,3.586
20/05/2023 00:14,13.25,307.64,128.25,25985.85,14430.5,7.439815,-6.983805,1.190527,3.586
20/05/2023 00:45,13.25,309.37,129.43,26091.5,14534.25,8.415086,-5.17595,2.379584,3.586
20/05/2023 01:15,13.25,307.96,128.97,25970.9,14488.7,8.59602,-4.455651,2.834122,3.586
20/05/2023 01:45,13.31,301.57,124.34,25445.55,14001.35,8.875509,-3.926582,2.738017,3.586
20/05/2023 02:15,13.31,306.94,127.65,25905.4,14325.5,9.132444,-3.681907,2.150108,3.586
20/05/2023 02:45,13.31,303.36,124.3,25598.3,13949.3,9.245218,-2.877271,2.501677,3.586
20/05/2023 03:15,13.38,320.21,124.95,26905.15,14028.9,9.627189,-2.754688,1.319975,3.586
20/05/2023 03:45,13.5,324.74,121.43,27254.5,13644.5,9.669358,-2.073126,1.545528,3.586
20/05/2023 04:15,13.5,331.71,122.86,27840.45,13807,9.66004,-1.763726,1.78432,3.586
20/05/2023 04:45,13.5,337.78,124.32,28387.4,13946.85,9.974344,-0.947322,-0.009807,3.586
20/05/2023 05:15,13.56,331.83,124.61,27951.95,13890.45,10.141057,-0.50112,-0.199565,3.586
20/05/2023 05:45,13.56,336.65,123.59,28258,13790.5,9.858626,-1.663698,-1.410196,3.586
20/05/2023 06:15,13.69,342.1,131.5,28585.3,14432,9.073112,-3.659351,-0.335878,3.586
20/05/2023 06:45,13.62,336.77,131.66,28132.3,14413.4,8.488147,-4.662571,1.746074,3.586
20/05/2023 07:15,13.75,334.38,132.31,27935,14494.5,8.129713,-5.60352,2.15354,3.584
20/05/2023 07:45,13.75,338.39,134.5,28257.3,14599.5,8.798528,-4.903815,1.782849,3.586
20/05/2023 08:15,13.75,336.38,135.01,28106.7,14657.05,8.81863,-3.812827,1.960349,3.584
20/05/2023 08:45,13.75,330.22,132.19,27603.25,14401.85,8.702912,-4.262461,1.65144,3.586
20/05/2023 09:15,13.75,323.44,137.56,27109,14882.45,9.490385,-3.173432,0.344704,3.586
20/05/2023 09:45,13.81,307.66,131.26,25840.65,14192.85,9.380552,-3.255808,-1.538173,3.584
20/05/2023 10:15,13.81,318,138.02,26676.75,14911.75,6.825428,-3.840284,-5.840351,3.586
20/05/2023 10:45,13.81,317.32,145.38,26508.8,15957.9,9.646312,-1.570535,2.12314,3.586
20/05/2023 11:15,13.62,301.77,144.25,25321.5,15858.1,9.14274,-1.449423,3.867743,3.584
20/05/2023 11:45,13.56,311.71,145.43,26125.3,15950.85,9.226095,-3.723585,2.305543,3.582
20/05/2023 12:15,13.5,311.76,146.05,26095.45,16049.45,8.908361,-4.358566,1.977021,3.584
20/05/2023 12:45,13.5,305.65,146.54,25567.75,16051.05,7.840907,-6.127685,1.845121,3.584
20/05/2023 13:15,13.44,304.29,145.1,25585.25,16024,8.081171,-5.432883,2.74243,3.584
20/05/2023 13:45,13.56,306.04,144.46,25523.15,15758.05,7.633987,-6.07522,2.553162,3.584
20/05/2023 14:15,13.56,300.68,145.57,25087.8,15798.25,8.980931,-3.387217,2.803231,3.582
20/05/2023 14:45,13.81,298.39,143.44,24931.25,15523.4,8.794603,-3.393101,3.451451,3.584
20/05/2023 15:16,13.88,313.73,143.37,26084.4,15200.1,9.853233,-1.303304,1.16454,3.582
20/05/2023 15:46,14.12,313.59,143.23,26085.95,15252.3,8.794603,-4.435548,1.154733,3.584
20/05/2023 16:16,14.12,310.85,143.56,25880.35,15226.15,9.898342,-2.335454,0.69333,3.582
20/05/2023 16:46,14.19,308.78,141.73,25731.25,15182,10.088101,-1.498456,-0.493765,3.584
20/05/2023 17:16,14.25,309.67,141.37,25881.55,15201.75,9.663474,-2.722326,0.385401,3.582
20/05/2023 17:46,14.25,307.56,141.16,25787.25,15286,9.992977,-0.769822,-0.494746,3.58
20/05/2023 18:16,14.31,305.87,137.98,25702,15224.35,9.956202,-0.537895,1.066473,3.582
20/05/2023 18:46,14.12,301.33,136.51,25338.5,15132.75,9.660531,-0.338329,2.421752,3.582
20/05/2023 19:16,14.12,304.39,134.75,25615.6,15002.35,9.472243,0.270664,3.086643,3.582
20/05/2023 19:46,13.88,303.03,135.03,25547.05,15061.5,9.101062,-1.712241,3.071443,3.582
20/05/2023 20:16,13.81,293.63,133.15,24815.65,14848.9,9.510979,-2.980731,2.194238,3.584
20/05/2023 20:46,13.69,296.59,132.89,25069.25,14813.25,9.608557,-1.077751,2.300149,3.582
20/05/2023 21:16,13.69,293.64,132.26,24781.9,14733.1,9.375648,-2.231503,2.994951,3.584
20/05/2023 21:46,13.62,295.41,134.32,24939.5,14977.6,9.582077,-1.202785,1.841199,3.582
20/05/2023 22:16,13.56,291.28,133.78,24611.25,14915.25,9.988073,-1.458249,1.089028,3.58
20/05/2023 22:46,13.56,291.41,131.72,24650.65,14705.05,9.495289,-2.446759,2.12363,3.58
20/05/2023 23:16,13.56,288.51,130.53,24439,14576.6,8.906401,-2.994951,3.336222,3.58
20/05/2023 23:46,13.38,279.68,133.2,23745.2,14857.25,8.961317,-0.10248,4.383573,3.582
21/05/2023 00:16,13.38,289.03,135.04,24411.7,15036,8.613181,-1.207199,4.847427,3.58
21/05/2023 00:46,13.38,276.24,134.31,23335.45,14975.25,7.907592,-1.882877,5.749639,3.582
21/05/2023 01:16,13.31,285.66,132.49,24134.9,14767.25,9.090276,-2.485005,3.40683,3.58
21/05/2023 01:46,13.31,273.7,133.87,23215.3,14922,8.747041,-2.569833,3.840775,3.58
21/05/2023 02:16,13.31,281.34,132.38,23763.25,14763.55,9.316807,-3.573053,1.48963,3.58
21/05/2023 02:46,13.44,270.47,132.92,22989.3,14803.4,9.03879,-4.185478,1.711751,3.58
21/05/2023 03:16,13.38,274.07,131.31,23241.05,14673.3,9.436939,-3.138618,1.738719,3.58
21/05/2023 03:46,13.38,285.86,122.69,24190.55,13743.75,10.015043,-1.617607,0.351568,3.58
21/05/2023 04:16,13.38,287.59,124.87,24292.85,13949.95,9.657098,-2.692906,0.94438,3.58
21/05/2023 04:46,13.31,296.48,125.71,24966.3,14017.55,9.965517,-1.708809,0.233889,3.58
21/05/2023 05:17,13.38,291.49,128.88,24567.15,14322.35,10.008177,-0.388343,-0.345194,3.578
21/05/2023 05:47,13.38,277.05,129.49,23450.25,14323,9.911583,-0.518772,-1.056666,3.578
21/05/2023 06:17,13.44,279.02,129.88,23567.75,14327.8,9.905696,-0.439828,-1.332724,3.578
21/05/2023 06:47,13.5,280.26,130.44,23457.35,14379.5,8.988286,0.05933,-4.109477,3.58
21/05/2023 07:17,13.5,289.96,133.54,24162.05,14256.7,8.539141,-3.18471,-3.978067,3.58
21/05/2023 07:47,13.75,305.12,133.92,25396.25,14263.45,8.467552,-4.240886,-3.186181,3.58
21/05/2023 08:17,13.75,289.87,134.56,24192.55,14045.95,8.415578,-3.505387,-3.429386,3.578
21/05/2023 08:47,13.82,312.09,133.47,26008.25,14034.5,8.924051,-3.087133,-3.217072,3.578
21/05/2023 09:17,14,294.71,133.58,24576.5,14143.7,8.732332,-3.265125,-3.898143,3.578
21/05/2023 09:47,14.12,284.73,132.54,23981.2,14121.9,9.201089,-2.693397,-2.436462,3.58
21/05/2023 10:17,14.19,308.02,131.25,25631,14078.95,9.790958,-1.197882,-1.999086,3.58
21/05/2023 10:47,14.19,298.87,127.35,25078.1,14060.95,8.940723,0.156416,-3.978068,3.578
21/05/2023 11:17,14.06,289.82,128.94,24220.55,14166.25,8.352815,-2.224639,-4.774858,3.578
21/05/2023 11:47,14,283.64,128.31,23725.6,13970.35,7.437854,-2.336435,-5.432394,3.58
21/05/2023 12:17,14,299.86,129.61,24863.05,14296.1,8.74312,1.587697,3.938351,3.58
21/05/2023 12:47,13.69,285.38,127.49,24057,14226.8,8.558755,-3.461257,4.058482,3.578
21/05/2023 13:17,13.5,289.15,128.49,24233,14273.45,8.024782,0.63351,5.672166,3.578
21/05/2023 13:47,13.5,286.44,125.36,24053.2,13899.15,9.523237,-2.199142,2.466372,3.578
21/05/2023 14:17,13.5,292.8,124.72,24516.25,13764.25,8.691143,-3.437231,3.692695,3.58
21/05/2023 14:47,13.69,291.73,123.14,24373.5,13556.8,9.491858,-2.259452,2.201103,3.576
21/05/2023 15:17,13.75,289.69,123.33,24342.3,13646.75,9.999842,-1.853457,1.324388,3.58
21/05/2023 15:47,13.75,298.48,121.81,25025.85,13522.6,9.282484,-2.884626,2.459018,3.576
21/05/2023 16:17,13.75,292.45,121.63,24592.75,13563.05,9.662493,-2.389881,1.994182,3.58
21/05/2023 16:47,13.62,299.43,120.86,25127,13430.35,9.787526,-1.560238,1.488159,3.576
21/05/2023 17:17,13.62,295.38,119.4,24807.95,13302.65,9.901284,-0.681072,0.733047,3.576
21/05/2023 17:47,13.69,298.69,119.86,25105.55,13421.5,9.982188,-0.745305,-0.402073,3.578
21/05/2023 18:17,13.62,296.66,119.23,24975.65,13378.15,9.941001,-0.314793,-0.945852,3.576
21/05/2023 18:47,13.62,295.96,120.88,24998.6,13598.7,9.869904,1.23907,0.358923,3.578
21/05/2023 19:18,13.62,290.9,117.45,24583.75,13284.15,6.955858,2.347222,6.531229,3.578
21/05/2023 19:48,13.5,293.2,118.77,24751.05,13371.25,4.494878,4.37916,7.515818,3.578
21/05/2023 20:18,13.5,296.95,117.99,24986.95,13289.8,4.118793,2.189334,8.643582,3.576
21/05/2023 20:48,13.5,292.09,117.97,24568.95,13289.7,4.811142,4.593925,5.923217,3.576
21/05/2023 21:18,13.62,286.13,116.46,24137.25,13118.4,5.176441,1.903961,8.165507,3.576
21/05/2023 21:48,13.56,293.27,118.04,24715.45,13277.9,5.632939,2.430088,7.259373,3.576
21/05/2023 22:18,13.5,293.62,116.19,24813,13085.35,6.679801,-0.896328,7.097563,3.578
21/05/2023 22:48,13.5,283.35,115.92,23963.25,13033.45,8.221405,-2.78656,5.01267,3.578
21/05/2023 23:18,13.44,277.34,114.57,23506.05,12929.9,6.810719,-5.556449,5.261268,3.576
21/05/2023 23:48,13.38,285.03,115.97,24083.95,13044.25,5.793769,-4.665024,6.720988,3.576
22/05/2023 00:18,13.38,278.88,118.12,23627.85,13278.65,4.421819,-5.055819,7.473647,3.576
22/05/2023 00:48,13.38,274.75,118.12,23309.7,13255.25,8.90885,-2.749294,3.690732,3.576
22/05/2023 01:18,13.25,274.38,118.17,23226.5,13271.85,8.564638,0.739912,4.889596,3.576
22/05/2023 01:48,13.25,277.56,118.19,23471,13265.75,8.648485,-1.399899,4.753282,3.576
22/05/2023 02:18,13.31,284.28,114.86,23972.8,12908.8,9.417328,-2.141282,2.909143,3.574
22/05/2023 02:48,13.31,276.91,116.46,23415.65,13065.95,8.84805,-2.576207,3.941293,3.576
22/05/2023 03:18,13.31,283.11,114.46,23864.35,12864.1,9.500683,-1.141984,2.814508,3.576
22/05/2023 03:48,13.31,284.08,113.51,24003.75,12730.6,9.151567,-2.664957,2.838045,3.576
22/05/2023 04:18,13.31,281.22,113.54,23754.15,12741.9,9.701229,-1.317033,2.123139,3.574
22/05/2023 04:48,13.31,281.79,112.93,23768.55,12674.7,9.941982,-0.467287,0.881618,3.574
22/05/2023 05:18,13.31,282.18,112.68,23823.1,12645.15,9.941492,0.021575,0.381479,3.576
22/05/2023 05:48,13.44,290.46,113.07,24458.35,12606.15,9.979738,-0.259386,0.599677,3.574
22/05/2023 06:18,13.44,289.1,112.88,24332.8,12616.8,9.987093,-0.861514,0.013729,3.576
22/05/2023 06:48,13.56,274.24,111.42,23104.65,12445.9,9.898344,-0.197604,-1.405293,3.576
22/05/2023 07:18,13.56,281.27,114.12,23718,12716.65,9.610518,-2.915027,1.22436,3.574
22/05/2023 07:48,13.56,275.76,116.66,23214.25,12944.45,8.982402,-1.723519,3.796645,3.576
22/05/2023 08:18,13.69,273.45,115.47,23043.8,12780.75,9.429585,-3.010152,2.520309,3.576
22/05/2023 08:48,13.69,278.38,117.61,23347.55,12969.75,9.061342,-3.152348,3.145483,3.572
22/05/2023 09:18,13.69,278.7,117.3,23392.25,12938.85,9.465868,-2.026544,2.729681,3.576
22/05/2023 09:49,13.81,271.82,113.73,22895.5,12571.4,9.67377,-1.963782,2.441856,3.574
22/05/2023 10:19,13.81,283.7,114.35,23841.8,12617.35,10.021418,-2.124611,0.945361,3.574
22/05/2023 10:49,13.75,281.64,113.28,23632.25,12493.45,9.694853,-2.12412,1.294478,3.574
22/05/2023 11:19,13.75,273.26,113.99,22936.7,12571.35,9.707602,-2.126081,0.594773,3.574
22/05/2023 11:49,13.81,282.38,114.27,23614.8,12601.1,9.36633,-3.398494,1.464623,3.576
22/05/2023 12:19,13.81,278.07,115.49,23272.05,12734.45,9.243748,-2.428617,3.062126,3.574
22/05/2023 12:49,13.75,274.19,115.37,23046.25,12721.25,9.25748,-2.194238,3.17098,3.576
22/05/2023 13:19,13.62,277.04,115.09,23195.25,12683.05,9.101553,-1.835315,3.588253,3.574
22/05/2023 13:49,13.62,267.4,113.33,22598,12604.8,9.222663,-2.474708,3.398984,3.576
22/05/2023 14:19,13.56,267.56,114.25,22557.5,12625.75,8.545025,-3.395063,4.23206,3.574
22/05/2023 14:49,13.56,264.39,113.17,22241.45,12462.25,9.094687,-2.924834,3.299448,3.574
22/05/2023 15:19,13.56,273.49,110.54,22963.7,12192,9.280523,-1.295458,3.009171,3.574
22/05/2023 15:49,13.75,269.39,114.17,22692.6,12592.05,9.524218,-2.740469,1.763726,3.574
22/05/2023 16:19,13.81,271.94,114.68,22876.3,12633.35,9.520297,-2.880703,1.728912,3.572
22/05/2023 16:49,13.88,274.67,114.36,23055.35,12608.45,9.722804,-1.768139,1.580832,3.572
22/05/2023 17:19,13.88,267.19,115.27,22509.3,12706.65,9.828226,-1.793636,0.090221,3.572
22/05/2023 17:49,13.88,266.54,116.63,22444.2,12869.3,9.832148,-1.821095,0.347646,3.572
22/05/2023 18:19,13.88,270.57,116.92,22802.25,12973.75,9.96503,-0.772274,-0.544269,3.572
22/05/2023 18:49,13.88,269.4,120.39,22757.75,13394.95,9.945906,-0.042169,-0.960561,3.572
22/05/2023 19:19,13.81,273.42,122,23035.4,13570.7,9.553638,-2.59533,1.867676,3.572
22/05/2023 19:49,13.75,267.24,126.01,22596.55,14049.85,6.688626,-1.565141,7.094131,3.574
22/05/2023 20:19,13.62,277.93,124.73,23393.85,13909.6,5.197034,-2.341828,7.65507,3.572
22/05/2023 20:49,13.62,277.22,124.45,23417.15,13885.25,4.737103,-1.995654,8.414596,3.572
22/05/2023 21:19,13.62,281.65,126.87,23711.25,14113.1,4.973933,-2.218264,8.072344,3.572
22/05/2023 21:49,13.56,279.04,124.05,23524.75,13852.1,5.833977,-3.542162,7.316743,3.57
22/05/2023 22:19,13.56,280.6,125.38,23655.1,14006.25,7.149049,-3.179316,6.096795,3.57
22/05/2023 22:49,13.56,279.89,123.33,23648.05,13750.05,6.803854,-4.71945,5.767291,3.572
22/05/2023 23:19,13.56,272.19,124.25,23031.5,13858.25,8.533257,-5.048464,2.180508,3.572
22/05/2023 23:50,13.56,280.96,121.45,23652.7,13531.25,7.673213,-6.59154,0.833075,3.57
23/05/2023 00:20,13.44,261.88,117.69,22118.95,13121.45,5.054348,-7.90612,-2.421262,3.568
23/05/2023 00:50,13.38,251.79,110.18,21355.9,12350.15,8.160604,-4.366902,-3.813316,3.57
23/05/2023 01:20,13.31,249.57,114.43,21125.1,12812.4,7.06373,-5.347076,-4.08545,3.57
23/05/2023 01:50,13.31,248.33,115.75,21203,12985.75,7.676646,-4.747399,-4.245299,3.57
23/05/2023 02:20,13.31,257.91,108.72,21934.75,12191.9,7.452075,-5.428472,-3.79027,3.57
23/05/2023 02:50,13.38,253.67,117.16,21571.7,13095.5,7.932108,-4.29041,-4.312964,3.57
23/05/2023 03:20,13.38,254.77,104.16,21724.15,11703.8,8.416556,-3.551479,-3.776051,3.568
23/05/2023 03:50,13.38,249.82,102.5,21327.1,11519.25,8.867173,-3.937371,-2.804212,3.57
23/05/2023 04:20,13.38,250.01,106.74,21322.75,11952.95,9.242277,-2.906691,-2.518838,3.568
23/05/2023 04:50,13.5,247.77,104.91,21115,11726,9.257478,-2.636518,-2.781166,3.568
23/05/2023 05:20,13.5,255.25,97.82,21577.45,10958.55,9.375155,-1.8868,-2.866484,3.57
23/05/2023 05:50,13.5,253.28,87.27,21509.9,9853,9.853231,-1.330272,-1.22387,3.568
23/05/2023 06:20,13.62,256.72,88.98,21727.9,10002.2,9.875298,-0.334407,-1.198373,3.568
23/05/2023 06:50,13.62,256.64,87.31,21700.5,9779.3,9.920897,0.023046,-1.22485,3.568
23/05/2023 07:20,13.75,259.26,88.27,21876.5,9786,9.930215,0.805126,-0.479545,3.568
23/05/2023 07:50,13.94,258.32,91.31,21712.2,10070.25,9.404577,-3.387217,1.484237,3.57
23/05/2023 08:20,13.94,259.3,101.42,21807.5,11202.45,7.085795,-5.38238,4.820949,3.568
23/05/2023 08:50,14,258.65,99.17,21795.9,10984,5.893798,-6.004612,5.374043,3.568
23/05/2023 09:20,13.94,261.58,104.01,21987.75,11509.4,6.090419,-6.122292,5.370121,3.57
23/05/2023 09:50,14,258.64,107.86,21755,11899.65,6.303225,-5.901642,4.843995,3.57
23/05/2023 10:20,14,261.21,99.62,21888.25,10977.35,5.290688,-5.634411,6.29734,3.568
23/05/2023 10:50,14,257.88,100.9,21692,11173.85,7.437364,-6.232127,2.850303,3.57
23/05/2023 11:20,13.94,257.66,100.01,21687.55,11103.4,8.077248,-5.747678,2.270239,3.568
23/05/2023 11:50,13.94,256.71,98.65,21527.2,10887.6,8.150307,-5.739832,0.951735,3.568
23/05/2023 12:20,13.94,250.84,99.12,21096.25,10953.95,6.709219,-5.062192,-5.123975,3.568
23/05/2023 12:50,14,262.11,102.59,21913.25,11299.6,9.08488,-4.648353,0.888973,3.566
23/05/2023 13:20,14,253.96,102.56,21276.8,11304.3,9.727215,-1.332724,2.651718,3.568
23/05/2023 13:50,13.69,254.72,101.2,21399,11160.6,8.674473,-4.953339,1.674485,3.568
23/05/2023 14:21,13.69,253.71,96.56,21305.9,10717,8.667607,-5.082787,1.511695,3.566
23/05/2023 14:51,13.62,246.38,98.09,20756.35,10910.75,8.665155,-4.960694,1.79903,3.568
23/05/2023 15:21,13.62,243.49,97.19,20520.65,10804.9,8.699478,-4.421819,2.777734,3.568
23/05/2023 15:51,13.62,247.92,96.03,20871.9,10638.5,8.799017,-4.944024,1.381267,3.566
23/05/2023 16:21,13.69,258.27,90.98,21636,10037.7,9.359468,-3.930995,-0.01422,3.566
23/05/2023 16:51,13.69,251.04,91.34,21087.2,10079.25,9.269246,-3.267576,0.860043,3.568
23/05/2023 17:21,13.81,249.04,90.82,20967.8,10073.85,9.385944,-3.357797,-0.234869,3.568
23/05/2023 17:51,13.75,250.36,87.23,21084.75,9793.2,9.922859,-1.205237,-1.127765,3.568
23/05/2023 18:21,13.81,250.57,87.77,21150.2,9820.15,9.913542,0.290767,-1.15081,3.566
23/05/2023 18:51,13.81,253.67,88.51,21350.3,9905.45,9.949338,-0.288806,-1.114035,3.568
23/05/2023 19:21,13.81,250.8,87.9,21140.25,9876.6,9.951789,0.065214,0.835526,3.566
23/05/2023 19:51,13.75,252.16,88.18,21232.35,9891.15,8.181197,-3.544123,4.722392,3.568
23/05/2023 20:21,13.75,264.87,88.77,22362.05,9945.05,6.51701,-5.128387,5.782001,3.568
23/05/2023 20:51,13.69,258.26,89.18,21810.35,9974.5,5.32403,-4.517923,6.703825,3.564
23/05/2023 21:21,13.69,265.63,87.97,22390.7,9858.05,5.120052,-5.530951,6.614584,3.566
23/05/2023 21:51,13.69,260.28,85.49,21937.7,9624.9,4.798885,-5.156826,7.143654,3.566
23/05/2023 22:21,13.75,262.56,87.04,22150.95,9766.9,5.433865,-6.045309,6.006574,3.564
23/05/2023 22:51,13.69,260.77,86.33,21985.65,9678.2,5.978624,-5.340211,5.85457,3.564
23/05/2023 23:21,13.69,262.94,85.83,22127.7,9617.45,7.470216,-5.878106,3.464199,3.566
23/05/2023 23:51,13.69,251.11,83.86,21189.95,9428.4,8.404299,-5.229397,2.365855,3.566
24/05/2023 00:21,13.56,246.33,82.94,20831.3,9346.35,8.633775,-5.261269,0.813461,3.566
24/05/2023 00:51,13.56,247.31,83.16,20903.1,9368.5,6.913198,-7.49277,1.087558,3.564
24/05/2023 01:21,13.56,242.49,83.18,20511,9376.25,5.581945,-8.571012,0.613896,3.566
24/05/2023 01:51,13.44,247.3,83.39,20908.2,9375.9,5.642256,-8.299859,1.698512,3.566
24/05/2023 02:21,13.38,243.92,81.87,20670.25,9239.75,3.799587,-9.325634,2.422243,3.564
24/05/2023 02:51,13.38,245.96,82.67,20891.5,9288.15,8.712229,-3.528923,3.428895,3.564
24/05/2023 03:21,13.38,251.42,83.07,21277.75,9325.7,8.71566,-4.437509,2.35899,3.564
24/05/2023 03:51,13.38,252.39,82.37,21372.7,9267.75,9.057913,-3.463708,2.680158,3.564
24/05/2023 04:22,13.5,248.7,82.22,21054.9,9236.5,9.109888,-3.377902,2.735075,3.564
24/05/2023 04:52,13.5,247.46,82.24,20943.5,9219.1,9.517843,-3.206284,0.665871,3.564
24/05/2023 05:22,13.44,249.96,80.69,21132.9,9047.45,9.830676,-2.151089,0.160339,3.564
24/05/2023 05:52,13.44,246.75,80.33,20837,8967.75,9.891477,-1.591129,-0.10395,3.564
24/05/2023 06:22,13.44,244.29,79.5,20635.1,8855.75,9.810574,-1.700473,-1.509734,3.564
24/05/2023 06:52,13.69,243.98,80.84,20563,8964.25,9.974833,-0.240753,-0.437867,3.566
24/05/2023 07:22,13.75,247.89,81.59,20788.95,9000.2,9.941492,-0.041678,-0.997336,3.564
24/05/2023 07:52,14.06,246.3,82.81,20748.15,9111.25,9.852251,1.107661,1.133649,3.562
24/05/2023 08:22,14.06,234.19,81.71,19700.25,8862.4,9.611498,-3.193045,-0.924277,3.564
24/05/2023 08:52,14.12,224.55,83.8,18919.15,9002,8.994661,-4.76358,-0.207411,3.562
24/05/2023 09:22,14.19,233.81,84.4,19685.1,9101.45,9.166275,-4.43996,0.662439,3.562
24/05/2023 09:52,14.19,231.71,83.42,19499.25,9020,9.211876,-4.152626,0.330974,3.562
24/05/2023 10:22,14.44,231.45,83.68,19484.35,9079.55,8.679375,-5.256365,0.046582,3.562
24/05/2023 10:52,14.38,229.99,83.91,19404.1,9193.55,9.229528,-4.272758,0.360394,3.562
24/05/2023 11:22,14.38,224.62,83.58,18902.25,9151.55,9.373197,-4.189401,0.171126,3.562
24/05/2023 11:52,14.38,225.53,81.07,19005.2,8886.75,9.502153,-3.253356,-0.527598,3.562
24/05/2023 12:22,14.25,222.89,82.18,18765,9061.15,9.568348,-2.483534,-1.296439,3.562
24/05/2023 12:52,14.19,224.56,79.67,18912.75,8788.65,9.691912,-1.978492,-1.46021,3.562
24/05/2023 13:22,14.19,218.09,79.79,18497,8803.75,9.725743,-1.377344,-2.170212,3.562
24/05/2023 13:52,14.06,217.04,80.35,18408.3,8866.55,9.358485,-2.218755,-2.905711,3.56
24/05/2023 14:22,14,213.21,78.98,18164.25,8735.75,8.362131,-5.24901,-2.178547,3.56
24/05/2023 14:52,14,209.01,79.17,17819.95,8757.7,8.95004,-4.476736,-1.705867,3.562
24/05/2023 15:22,13.88,210.48,78.55,17964.65,8716.7,8.947588,-4.567447,-1.791675,3.56
24/05/2023 15:52,13.94,208.26,78.27,17835.5,8770.45,8.887278,-4.606674,-1.7397,3.562
24/05/2023 16:22,13.94,213.26,75.96,18177.25,8457.65,9.781153,-2.352125,-1.690667,3.56
24/05/2023 16:52,13.94,212.86,76.55,18175.7,8570.25,9.503136,-3.257769,-1.584755,3.562
24/05/2023 17:22,13.94,218.97,77.39,18569.6,8603.1,9.725744,-1.323408,-2.00497,3.562
24/05/2023 17:52,13.94,223.38,77.28,18964.55,8651.4,9.623756,1.716164,1.482766,3.56
24/05/2023 18:23,13.94,222.48,77.42,18864.95,8672.6,9.783605,0.816894,1.664679,3.56
24/05/2023 18:53,13.94,208.78,76.99,17757.05,8628.6,9.886084,-0.158868,1.626433,3.56
24/05/2023 19:23,13.88,214.65,77.14,18307,8650.6,9.889027,-0.621251,1.734797,3.562
24/05/2023 19:53,13.88,218.33,76.76,18592.6,8634.5,9.691423,2.048609,0.437377,3.56
24/05/2023 20:23,13.88,232.38,77.4,19642,8692.85,8.291031,3.188142,4.282565,3.56
24/05/2023 20:53,13.81,231.66,77.98,19648.85,8776.25,6.722949,4.208524,5.324031,3.56
24/05/2023 21:23,13.94,233.6,77.13,19765.75,8676.25,4.617951,4.569898,7.025485,3.56
24/05/2023 21:53,13.94,251.83,77.16,21194.55,8687.05,5.259797,3.260711,7.53494,3.558
24/05/2023 22:23,13.94,228.92,80.12,19392.15,8993.5,5.037676,4.431135,4.250693,3.558
24/05/2023 22:53,14,232.98,81.61,19853.05,9136.45,5.85408,4.089863,6.22428,3.558
24/05/2023 23:23,14,242.78,80.9,20569.25,9039.9,6.510145,0.595264,7.349104,3.56
24/05/2023 23:53,13.81,240.58,80.52,20433.1,9008.2,7.376071,0.013729,6.656264,3.558
25/05/2023 00:23,13.69,241.03,80.71,20490.25,9027,8.55336,-1.687234,4.887635,3.558
25/05/2023 00:53,13.69,234.9,81.32,20008.8,9071.8,8.136087,-4.276189,4.068289,3.558
25/05/2023 01:23,13.75,226.91,81.08,19382.15,9043.6,6.204667,-7.913966,0.013729,3.56
25/05/2023 01:53,13.69,234.6,81.3,19953.65,9088.65,6.250268,-6.537603,-3.666707,3.56
25/05/2023 02:23,13.56,232.03,80.34,19804.2,8998.8,5.571157,-6.442969,-5.038656,3.558
25/05/2023 02:53,13.56,227.77,80.27,19483.75,9038.15,5.069548,-6.918101,-4.597848,3.558
25/05/2023 03:23,13.62,231.09,79.24,19756.4,8904.3,5.463775,-7.699692,-3.620616,3.558
25/05/2023 03:53,13.56,224.61,74.43,19187.2,8353.75,5.249501,-7.824726,-2.700261,3.558
25/05/2023 04:23,13.56,226.07,79.2,19302.8,8884.85,5.577042,-8.081171,-1.468546,3.558
25/05/2023 04:53,13.75,221.46,79.99,18923.9,8981.1,5.8835,-7.805603,-2.814999,3.558
25/05/2023 05:23,13.75,217.21,78.52,18613.75,8836.5,6.789635,-6.881326,-2.814999,3.558
25/05/2023 05:53,13.75,208.48,80.78,17905.7,9047.5,7.06471,-6.293418,-2.996912,3.558
25/05/2023 06:23,13.94,216.79,79.74,18583,8902.85,8.498932,-4.930293,-2.085384,3.558
25/05/2023 06:53,13.81,216.2,80.68,18467.45,9001.75,8.31702,-5.283823,-1.97555,3.558
25/05/2023 07:23,14.12,216.03,81.05,18449.8,8943.8,9.48205,-2.557084,-2.199632,3.558
25/05/2023 07:53,14.12,208.56,81.76,17766.6,8946.1,9.829696,-0.990962,-1.550431,3.558
25/05/2023 08:23,14.38,207.21,81.78,17651.1,8923.5,9.787528,-0.376085,-1.936813,3.558
25/05/2023 08:54,14.38,210.35,83.94,17802.2,8975.9,9.896382,-1.839727,-0.111305,3.558
25/05/2023 09:24,14.38,208.09,80.56,17809.7,8885.55,7.930638,-6.045309,2.19816,3.558
25/05/2023 09:54,14.38,207.38,79.77,17785.15,8824.95,7.56779,-6.147298,2.611021,3.558
25/05/2023 10:24,14.38,205.61,81.54,17683.95,9018.9,6.425317,-6.890153,3.607377,3.556
25/05/2023 10:54,14.19,208.42,81.99,17880.65,9090.95,6.483177,-7.444229,2.465882,3.558
25/05/2023 11:24,14.19,209.43,83.29,17913,9200.1,6.882797,-7.148559,2.243271,3.556
25/05/2023 11:54,14.19,209.35,81.32,17983.5,9046.7,6.979884,-7.189746,2.451172,3.556
25/05/2023 12:24,14.31,223.62,84.9,18956.95,9332.45,8.086074,-5.996277,1.085106,3.556
25/05/2023 12:54,14.31,221.01,83.38,18775.15,9195.2,8.977007,-4.551756,0.130919,3.556
25/05/2023 13:24,14.31,223.67,84.41,18973.25,9312.9,8.027232,-5.930082,-2.215322,3.558
25/05/2023 13:54,14.25,214.96,82.83,18387.85,9190.6,6.761195,-6.594481,-3.525001,3.554
25/05/2023 14:24,14.25,217.18,81.11,18552.25,9012.7,5.933513,-6.359612,-5.081315,3.554
25/05/2023 14:54,14.19,204.16,86.71,17417.65,9566.7,9.182946,-2.810096,2.652208,3.556
25/05/2023 15:24,14.12,218.69,84.89,18544.4,9369.35,9.17167,-2.858148,2.701732,3.556
25/05/2023 15:54,14.12,223.48,85.58,18940.05,9446.5,9.102533,-2.855206,2.91944,3.556
25/05/2023 16:24,14.12,249.68,83.76,20753.8,9239.5,9.167746,-4.604222,0.591341,3.554
25/05/2023 16:54,14.12,234.25,83.2,19586.5,9183.45,9.449198,-3.541672,1.583284,3.554
25/05/2023 17:24,14.12,234.17,84.45,19641.25,9324.5,9.46636,-3.623558,0.376575,3.556
25/05/2023 17:54,14.12,235.59,80.4,19780.75,8929.4,9.428603,-3.294544,-0.070118,3.554
25/05/2023 18:24,14.25,258.47,81.36,21532.75,9021.95,9.92531,-1.32684,-0.05884,3.554
25/05/2023 18:54,14.19,252.23,80.96,21113.45,9032.95,9.766932,-2.194238,0.633019,3.554
25/05/2023 19:24,14.19,252.99,78.3,21146.25,8770.8,10.088101,-0.417273,-0.165732,3.55
25/05/2023 19:54,14.19,256.41,77.07,21450.25,8640,9.946394,-0.101989,-0.994885,3.554
25/05/2023 20:24,14.06,267.54,76.74,22216.6,8606.4,9.96699,0.130919,-0.433944,3.554
25/05/2023 20:54,14.06,263.64,77.6,21935.75,8703.3,9.892949,-1.880425,-0.258405,3.552
25/05/2023 21:24,14.06,256.92,79.09,21361.05,8876,7.967903,-3.448509,5.040128,3.55
25/05/2023 21:54,14.06,258.87,79.05,21543.2,8898.95,6.756292,-4.278152,6.13504,3.55
25/05/2023 22:24,14.06,260.98,78.54,21716.75,8834.85,6.449834,-2.128534,7.186314,3.55
25/05/2023 22:55,14.06,258.17,79.76,21471.55,8961.95,5.167125,-1.603878,8.115985,3.55
25/05/2023 23:25,14.12,261.77,80.18,21777.85,8974.75,6.480235,-3.062127,6.771492,3.55
25/05/2023 23:55,14.06,259.21,78.75,21604.25,8861.75,7.148557,-3.091547,6.419435,3.548
26/05/2023 00:25,14.06,256.08,80.2,21379.35,8989.4,7.740879,-3.003777,5.459362,3.548
26/05/2023 00:55,14.06,253.87,80.5,21168.55,9005.85,9.064778,-2.942976,3.15529,3.55
26/05/2023 01:25,14.06,258.23,80.64,21530.3,9018,9.240315,-3.286699,2.361441,3.55
26/05/2023 01:55,13.94,256.26,81.82,21400.9,9140.15,8.277793,-5.049935,2.776753,3.55
26/05/2023 02:25,13.94,263.16,79.83,21927.6,8916,6.816602,-7.542295,1.254761,3.548
26/05/2023 02:55,13.88,260.15,81.91,21670.05,9129.8,5.186247,-7.987517,2.705164,3.548
26/05/2023 03:25,13.81,258.22,80.51,21557.95,8980.9,5.592242,-7.503558,3.559324,3.548
26/05/2023 03:55,13.81,261.21,77.97,21757.65,8718.65,9.406048,-2.663486,2.154521,3.548
26/05/2023 04:25,13.81,266.41,77.65,22167.9,8651.15,9.618363,-3.301409,0.329013,3.548
26/05/2023 04:55,13.75,271.32,77.71,22555.65,8620.55,9.509999,-3.722604,-0.687446,3.548
26/05/2023 05:25,13.94,292.14,77.36,24086.05,8570.6,9.508529,-3.153328,0.121602,3.548
26/05/2023 05:55,13.94,296.34,78.07,24362,8628.6,9.489894,-3.239627,0.69284,3.548
26/05/2023 06:25,13.94,291.8,78.51,24069.9,8668.5,9.547753,-3.028293,-0.347646,3.548
26/05/2023 06:55,13.94,297.57,78.66,24519.3,8687.15,9.713979,-2.145695,-0.005884,3.548
26/05/2023 07:25,13.94,295.4,78.16,24292.65,8617.4,9.421247,-3.27493,-0.845824,3.548
26/05/2023 07:55,14.06,295.38,78.4,24348.3,8646.5,9.840485,-1.217005,-0.22065,3.548
26/05/2023 08:25,14.06,292.08,80.49,24043,8789.4,10.007196,-0.214275,-0.610464,3.546
26/05/2023 08:55,14.06,301.1,80.31,24719.1,8726.4,9.960125,-0.090712,-0.882599,3.548
26/05/2023 09:25,14.44,297.92,78.92,24468.9,8566.5,10.006706,-0.170636,-0.334897,3.546
26/05/2023 09:55,14.56,297.23,81.91,24403.65,8737.35,9.734571,-1.328311,2.187864,3.548
26/05/2023 10:25,14.69,270.27,80.71,22471.85,8766.5,8.076756,0.760015,5.738361,3.546
26/05/2023 10:55,14.69,294.63,83.49,24031.05,8777.6,9.434488,-1.547489,-2.045177,3.548
26/05/2023 11:25,14.81,278.52,80.77,22877.15,8749.7,10.096437,-1.059118,0.36873,3.546
26/05/2023 11:55,14.81,273.81,82.7,22568.25,8891.9,9.264343,-2.899827,-1.884348,3.546
26/05/2023 12:25,14.81,274.34,83.44,22586.9,8983.35,9.619833,-2.463431,-1.512186,3.548
26/05/2023 12:55,14.81,265.61,83.85,21956.8,9000.35,9.750752,-0.824249,-2.008892,3.546
26/05/2023 13:26,14.69,263.74,82.99,21759.5,8929.85,9.774289,1.065002,-1.401861,3.548
26/05/2023 13:56,14.62,254.83,80.35,21113.35,8738.25,10.139588,-0.532991,0.673717,3.546
26/05/2023 14:26,14.62,266.42,79.74,22079.05,8740.15,10.150373,-0.571237,-0.551134,3.546
26/05/2023 14:56,14.38,267.36,78.15,22121.55,8563,9.931194,-2.111372,-0.886031,3.548
26/05/2023 15:26,14.25,244.96,79.62,20316.2,8728.1,9.567368,-3.354364,0.212314,3.542
26/05/2023 15:56,14.25,244.21,78.13,20252.65,8518.2,8.717621,-5.137215,0.612425,3.544
26/05/2023 16:26,14.19,268.29,79.76,22163.65,8734.05,9.069188,-3.838323,0.433454,3.542
26/05/2023 16:56,14.19,263.81,78.11,21821.9,8559.95,9.236884,-3.350932,1.556806,3.54
26/05/2023 17:26,14.19,265.37,77.93,21906.75,8542,8.301329,-4.545382,0.018633,3.542
26/05/2023 17:56,14.25,239.33,77.98,19869.25,8559.5,9.686028,-3.147935,0.739912,3.54
26/05/2023 18:26,14.19,240.04,74.54,19946.45,8223.6,9.222664,-3.739276,0.713434,3.542
26/05/2023 18:56,14.25,253.92,73.89,21071.75,8141,9.454592,-1.340079,-2.463431,3.542
26/05/2023 19:26,14.25,247.54,77.57,20477.6,8510.05,9.969932,0.639394,0.051485,3.544
26/05/2023 19:56,14.19,266.7,75.25,22015.75,8263.2,9.82234,1.375383,0.454538,3.542
26/05/2023 20:26,14.12,267.11,76.18,22036.6,8387,9.898832,1.198863,0.363336,3.544
26/05/2023 20:56,14.12,267.86,75.25,22082.85,8280.75,9.95522,0.372162,0.956639,3.54
26/05/2023 21:26,14.19,271.81,74.51,22379.75,8196.5,9.890496,-0.08777,1.656834,3.542
26/05/2023 21:56,14.12,266.4,77.54,21982.5,8509.05,9.589434,0.32509,-2.65564,3.542
26/05/2023 22:26,14.12,264.57,77.52,21862.55,8524.3,8.010563,-2.118236,-5.29363,3.544
26/05/2023 22:56,14.12,261.57,75.46,21556,8296.85,7.367246,-5.541248,-4.133013,3.54
26/05/2023 23:26,14.06,267.74,77.74,22028.25,8533.9,6.784241,-6.015889,-4.478697,3.542
26/05/2023 23:56,14.12,265.13,77.04,21800.9,8473.2,7.456487,-5.735419,-3.510291,3.54
27/05/2023 00:26,14.12,249.27,72.99,20601.5,8065.9,7.533469,-4.687088,-4.007488,3.538
27/05/2023 00:56,14.06,260.69,74.33,21454,8179.6,7.804624,-4.555189,-4.384063,3.54
27/05/2023 01:26,14,259.45,70.42,21402.75,7754.3,8.82059,-2.408023,-3.828027,3.538
27/05/2023 01:56,14,257.25,73.04,21206.65,8037.5,9.351131,-1.724499,-2.946409,3.54
27/05/2023 02:26,14,241.47,70.6,20052.15,7758.2,8.13903,3.307293,-4.416915,3.538
27/05/2023 02:56,13.88,229.49,72.11,19048.65,7920.7,9.734082,-1.37244,-1.171405,3.538
27/05/2023 03:27,13.81,235.55,68.97,19500.65,7549.95,9.51294,-2.633576,-0.355001,3.538
27/05/2023 03:57,13.81,238.52,64.35,19652.75,7078.7,9.251593,-3.894711,-0.04462,3.54
27/05/2023 04:27,13.88,182.3,67.52,15354.7,7386.15,9.648273,-3.245021,-0.85563,3.538
27/05/2023 04:57,13.94,196.73,69.77,16450.05,7673.05,9.62866,-3.043494,0.54525,3.538
27/05/2023 05:27,13.94,194.32,67.16,16263.8,7346.9,9.073603,-3.375449,-0.415802,3.538
27/05/2023 05:57,13.88,194.64,60.29,16215.55,6620.4,9.382511,-3.771637,-1.055196,3.538
27/05/2023 06:27,13.88,200.96,73.13,16785.75,7950,9.829695,-2.513445,-0.330484,3.538
27/05/2023 06:57,13.88,206.74,70.02,17229,7591.15,9.636504,-1.727932,-1.396467,3.538
27/05/2023 07:27,14,206.5,69.41,17146.5,7530.7,9.894419,-1.529347,-0.223592,3.538
27/05/2023 07:57,14.06,177.25,65.37,14770.25,7010.6,9.769875,-0.9586,-1.805404,3.538
27/05/2023 08:27,14.38,182.71,66.25,15251.3,7067.95,9.98219,0.527598,-0.714905,3.538
27/05/2023 08:57,14.38,208.61,60.02,17099,6387.2,10.066525,-0.240753,0.627135,3.536
27/05/2023 09:27,14.44,211.15,61.27,17264.65,6496.5,9.930214,0.057369,1.222889,3.538
27/05/2023 09:57,14.56,221.79,58.9,18023.25,6237.95,9.959144,0.081886,0.76737,3.536
27/05/2023 10:27,14.56,226.48,59.4,18344.45,6339,9.844404,1.546018,0.197114,3.536
27/05/2023 10:57,14.75,197.68,68.08,16155.3,7085.25,9.40752,-1.558277,-2.994461,3.536
27/05/2023 11:27,14.75,212.81,66.43,17493.75,6998.5,9.464396,-2.307014,-2.260923,3.536
27/05/2023 11:57,14.75,178.93,66.33,14800.25,7054.3,9.392319,-3.666707,0.051975,3.536
27/05/2023 12:27,14.81,197.18,63.31,16233.85,6753.45,9.49872,-3.306802,0.236831,3.536
27/05/2023 12:57,14.69,200.98,65.47,16598,7022.4,9.666415,-2.849322,0.600657,3.536
27/05/2023 13:27,14.56,195.47,69.56,16269.8,7482.95,9.854212,-1.953975,0.127977,3.536
27/05/2023 13:57,14.56,208.52,66.43,17309.4,7251.75,9.872843,-1.176308,-1.278787,3.536
27/05/2023 14:27,14.62,215,72.49,17839.45,7809.65,9.95277,0.172597,-0.620271,3.536
27/05/2023 14:57,14.44,199.62,75.96,16679.75,8199.3,9.973855,0.930651,-1.252309,3.536
27/05/2023 15:27,14.44,195.65,79.1,16279.95,8476.5,9.527651,-0.538385,-2.89002,3.536
27/05/2023 15:57,14.44,223.51,81.97,18487.65,8876.15,9.0231,-2.259943,-2.866974,3.536
27/05/2023 16:27,14.31,204.33,77.85,17060.75,8455.2,10.068979,-1.532289,-0.613896,3.536
27/05/2023 16:57,14.19,219.87,76.02,18221.55,8365.45,8.905418,-4.327184,0.204959,3.536
27/05/2023 17:27,14.19,209.22,79.62,17385.2,8678.1,9.412913,-3.850091,-0.551624,3.534
27/05/2023 17:58,14.19,201.8,73.36,16848.65,8191.95,9.391829,-3.437231,-1.203276,3.534
27/05/2023 18:28,14.25,195.56,75.89,16414.8,8439.9,9.713979,-2.341828,-1.173366,3.536
27/05/2023 18:58,14.25,206.77,69.74,17307.4,7878.8,9.698778,-2.436953,-0.789435,3.534
27/05/2023 19:28,14.31,201.57,69.85,16920.45,7864.7,9.870883,-1.229264,-0.91398,3.536
27/05/2023 19:58,14.25,219.27,67.55,18210.8,7693.95,9.844896,-0.616838,-1.233186,3.534
27/05/2023 20:28,14.31,209.56,74.39,17547.25,8364.05,9.823321,-0.957619,-1.546018,3.534
27/05/2023 20:58,14.31,222.45,74.84,18479.25,8383.25,10.035144,-0.223592,1.04637,3.534
27/05/2023 21:28,14.31,224.88,78.15,18600.75,8678.05,9.923351,0.697743,0.88407,3.534
27/05/2023 21:58,14.38,222.34,79.21,18446.4,8774.3,9.936589,0.252521,1.161107,3.534
27/05/2023 22:28,14.38,223.96,79.43,18616.25,8810.5,9.836071,-0.983117,-1.612213,3.534
27/05/2023 22:58,14.38,219.62,77.92,18307.65,8665.25,8.863251,-3.178825,-3.448999,3.534
27/05/2023 23:28,14.38,215.93,82.88,18056.5,9154.05,7.627613,-5.36767,-3.710346,3.534
27/05/2023 23:58,14.31,227.64,83.34,18970.65,9193.95,7.508462,-5.949204,-3.280815,3.534
28/05/2023 00:28,14.38,229.34,82.12,19082.4,9097.45,7.010283,-6.342941,-2.74341,3.534
28/05/2023 00:58,14.38,210.65,83.27,17547.35,9200.75,6.687154,-6.150731,-4.602752,3.534
28/05/2023 01:28,14.38,203.18,82.99,16931.5,9158.15,7.969375,-4.802807,-3.438702,3.534
28/05/2023 01:58,14.31,200.48,83.54,16751.25,9214.4,8.594549,-4.115361,-3.284738,3.532
28/05/2023 02:28,14.31,205.09,79.24,17143.3,8798.5,9.339853,-1.602407,-3.36172,3.532
28/05/2023 02:58,14.31,204.82,80.59,17073,8898.6,9.647292,0.031872,-2.540412,3.53
28/05/2023 03:28,14.19,199.15,83.37,16646.3,9137.05,9.206974,3.097921,-1.717145,3.532
28/05/2023 03:58,14.19,215.57,81.8,17980,9034.85,7.606528,5.655496,-2.288382,3.532
28/05/2023 04:28,14.19,282.94,72,23360.3,8052.35,6.067374,6.594482,-3.70005,3.532
28/05/2023 04:58,14.12,279.61,74.37,23105.05,8281.5,6.3248,-3.398495,6.652341,3.532
28/05/2023 05:28,14.12,263.01,73.21,21827.35,8195.7,5.372574,-3.011622,7.259863,3.53
28/05/2023 05:58,14.12,285.15,74.66,23615.25,8342.9,4.9249,-1.930929,7.976238,3.532
28/05/2023 06:28,14.06,252.89,81.26,21084.9,8990.95,9.239825,-2.017228,2.228071,3.53
28/05/2023 06:59,14.12,261.91,80.63,21789.35,8927,9.366821,-0.694801,2.90473,3.53
28/05/2023 07:29,14.12,241.22,82.64,20174,9135.25,9.71937,-1.148359,1.663208,3.532
28/05/2023 07:59,14.19,222.86,81.73,18714.75,9030,9.532555,-1.939755,1.952504,3.532
28/05/2023 08:29,14.31,238.39,82.29,19883.7,9081.45,9.519807,-0.774235,1.475411,3.53
28/05/2023 08:59,14.31,233.96,81.03,19520.2,8948.35,10.140566,-0.007845,0.950755,3.53
28/05/2023 09:29,14.5,224.18,84.6,18728.9,9330,9.964538,-0.470229,0.926728,3.53
28/05/2023 09:59,14.62,228.18,83.41,19098.85,9209.65,10.092513,-0.717356,0.710492,3.53
28/05/2023 10:29,14.75,235.26,84.04,19639.45,9271.1,9.7027,-0.306458,0.4869,3.53
28/05/2023 10:59,14.75,247.63,85.23,20597.6,9401.6,10.030733,-0.342742,0.032362,3.53
28/05/2023 11:29,14.81,247.54,86.82,20574.95,9574.5,9.995919,-0.10297,-0.436396,3.528
28/05/2023 11:59,14.88,246.14,86.81,20406.5,9574.65,9.988073,0.274586,-0.702156,3.53
28/05/2023 12:29,14.88,232.08,87.24,19357.05,9606.9,9.743395,-0.301555,-2.095681,3.528
28/05/2023 12:59,15,221.43,85.89,18566.5,9472.7,9.625717,-2.458037,-1.910826,3.53
28/05/2023 13:29,15.06,252.06,86.7,20963.25,9563.55,9.507547,-2.073125,-2.450192,3.53
28/05/2023 13:59,14.94,226.93,87.09,19078.75,9616.85,9.904227,-1.914748,-1.011556,3.528
28/05/2023 14:29,14.94,253.65,87.05,21088.5,9622.2,9.971892,-1.185134,-0.080905,3.528
28/05/2023 14:59,14.81,253.4,87.47,21062.35,9661.65,9.926782,-1.186604,-1.006162,3.53
28/05/2023 15:29,14.75,235.28,86.98,19768.25,9630.65,9.876277,0.245166,-1.151301,3.528
28/05/2023 15:59,14.75,224.55,83.51,19195.6,9265.55,9.619343,-1.078732,-1.461191,3.526
28/05/2023 16:29,14.5,257.85,83.8,21631.5,9340.75,9.687501,-1.869147,-0.829642,3.528
28/05/2023 16:59,14.38,240.92,83.65,20293.3,9318,9.844405,-2.103036,-0.622722,3.528
28/05/2023 17:29,14.38,270.98,85,22848.9,9493,9.810082,-2.298189,1.711261,3.524
28/05/2023 17:59,14.44,292.13,84.69,24627.1,9448.35,8.864721,-4.099179,-0.41237,3.526
28/05/2023 18:29,14.38,273.54,84.85,23082.1,9460.4,8.558755,-4.43947,-1.296439,3.526
28/05/2023 18:59,14.44,257.04,84.98,21789.1,9485,9.389378,-3.870685,0.218688,3.526
28/05/2023 19:29,14.44,284.18,83.96,23798.8,9347.8,9.164805,-4.181555,1.139042,3.526
28/05/2023 19:59,14.44,271.46,86.64,22957.2,9652.4,9.36339,-3.090565,1.22485,3.526
28/05/2023 20:29,14.38,280.04,86.03,23520.05,9577,9.780663,-2.468824,0.634981,3.524
28/05/2023 21:00,14.38,293.85,85.88,24562.75,9547.8,9.006427,-3.548537,-1.621529,3.522
28/05/2023 21:30,14.31,283.38,85.72,23764.9,9538.45,9.549717,-2.358989,-1.359692,3.524
28/05/2023 22:00,14.38,279.64,84.04,23468.4,9352.7,9.914033,-0.580554,-1.123842,3.524
28/05/2023 22:30,14.38,294.53,85.67,24542.45,9512.25,9.912072,0.570747,-0.357943,3.522
28/05/2023 23:00,14.31,286.54,85.27,24049.95,9458.55,9.709565,1.508263,-0.007845,3.524
28/05/2023 23:30,14.31,287.35,83.56,23998.9,9305.25,9.928252,-0.089241,1.269471,3.522
29/05/2023 00:00,14.31,335.37,84.67,27790.65,9421.5,9.917467,-0.026478,1.406274,3.522
29/05/2023 00:30,14.31,326.68,85.85,27130.35,9545.25,9.533044,-2.637498,-1.906903,3.522
29/05/2023 01:00,14.31,305.36,83.82,25561.3,9359.35,8.727918,-3.30386,-3.437722,3.52
29/05/2023 01:30,14.25,312.21,83.24,26134.95,9313.05,7.710479,-4.835169,-4.344836,3.52
29/05/2023 02:00,14.25,306.09,80.01,25697.7,8981.45,6.550843,-6.375303,-4.668456,3.52
29/05/2023 02:30,14.25,322.45,80.12,26985,9005.25,7.510914,-5.832995,-3.765263,3.522
29/05/2023 03:00,14.25,309.3,81.55,25996.85,9141.05,7.749705,-5.748167,-3.425953,3.52
29/05/2023 03:30,14.25,305.48,81.17,25686.15,9110.05,9.087823,-1.816192,-3.594138,3.52
29/05/2023 04:00,14.25,313.39,82.31,26232.45,9218.45,9.400164,0.831114,-3.103805,3.52
29/05/2023 04:30,14.25,307.76,79.29,25819.85,8876.95,9.207954,1.176798,-3.276892,3.52
29/05/2023 05:00,14.25,307.79,82.29,25946.1,9193.4,8.031157,3.357307,-4.288448,3.52
29/05/2023 05:30,14.25,302.59,81.39,25702.4,9144.55,9.905698,-0.56045,-1.528857,3.52
29/05/2023 06:00,14.19,302.16,83.84,25522.45,9366.5,9.839501,-2.24033,-1.228283,3.52
29/05/2023 06:30,14.19,292.73,85.29,24843.75,9531.95,9.528631,-3.168038,1.11992,3.52
29/05/2023 07:00,14.19,289.65,82.65,24592.3,9231.5,9.631601,-3.246001,-0.046091,3.518
29/05/2023 07:30,14.12,311.38,83.6,26363.35,9331.9,8.592095,-4.243827,-2.410965,3.52
29/05/2023 08:00,14.12,282.78,82,24059.5,9139.5,9.527651,-2.665448,-0.595754,3.518
29/05/2023 08:30,14.31,292.82,82.78,24842.25,9209.4,9.2766,-3.191574,-1.62202,3.518
29/05/2023 09:00,14.31,298.01,83.86,25217.3,9313.7,9.121165,-3.989835,0.063743,3.516
29/05/2023 09:30,14.31,299.03,82.77,25179.4,9206.55,9.828222,-1.884838,-1.003711,3.52
29/05/2023 10:00,14.38,287.61,82.76,24163.9,9166.2,10.091043,-1.627904,-1.155223,3.518
29/05/2023 10:30,14.38,304.19,83.19,25553.95,9257.3,9.712015,-1.523954,1.109132,3.518
29/05/2023 11:00,14.56,296.95,82.81,24930.05,9139.9,9.974344,-1.223379,-0.622722,3.518
29/05/2023 11:31,14.62,300.65,85.21,25185.15,9399.1,9.808611,-1.121881,-0.355981,3.518
29/05/2023 12:01,14.81,296.87,83.33,24916.6,9194,9.935608,-1.166501,-0.659987,3.518
29/05/2023 12:31,14.81,297.63,82.68,24929,9122.75,10.04348,0.08875,2.362913,3.516
29/05/2023 13:01,14.88,309.18,84.97,25826.85,9382.25,9.930704,-0.657536,1.351356,3.516
29/05/2023 13:31,15,308.75,84.99,25823.45,9376.55,9.990034,-0.379517,0.436396,3.516
29/05/2023 14:01,15,283,83.81,23856.75,9245.1,9.800276,1.660756,-0.843862,3.514
29/05/2023 14:31,14.94,281.46,84.05,23874.95,9302.15,9.882652,-0.563882,-1.392054,3.516
29/05/2023 15:01,14.88,284.58,83.03,24115.95,9212,10.042992,-0.541327,-0.987039,3.514
29/05/2023 15:31,14.88,289.07,82.74,24463.05,9210.75,9.7787,-1.564651,-0.971349,3.514
29/05/2023 16:01,14.75,286.24,83.13,24278.1,9237.05,10.056231,0.262818,-0.844843,3.512
29/05/2023 16:31,14.62,266.58,81.78,22934.4,9112.55,10.05623,0.05884,0.745305,3.512
29/05/2023 17:01,14.56,279.68,82.04,23818.25,9152.7,9.914525,-0.773254,-1.50385,3.512
29/05/2023 17:31,14.56,234.15,83.62,20562.3,9347.7,9.742907,-2.310937,-0.638413,3.514
29/05/2023 18:01,14.44,253.69,83.3,21858.15,9309.75,9.500193,-3.202362,-1.219457,3.512
29/05/2023 18:31,14.38,259.63,82.2,22385.05,9201.85,9.803217,-2.820883,1.052744,3.512
29/05/2023 19:01,14.38,274.87,84.75,23503.95,9479.75,8.92209,-4.544891,0.84043,3.512
29/05/2023 19:31,14.31,270.08,84.64,23141.55,9471.85,8.444998,-5.214196,-0.230947,3.512
29/05/2023 20:01,14.19,234.67,84.95,20640.5,9517.2,9.227567,-3.865291,0.136312,3.51
29/05/2023 20:31,14.19,259.16,84.66,22382.7,9466.9,9.26189,-3.764773,0.366278,3.514
29/05/2023 21:01,14.31,250.88,84.67,21729.35,9465.75,9.480088,-3.887846,-0.037265,3.51
29/05/2023 21:31,14.19,305.78,85.93,25749.25,9608.45,9.575214,-2.453133,-1.639672,3.51
29/05/2023 22:01,14.25,307.82,86.1,25761.8,9619.2,9.768894,-2.885117,0.003432,3.51
29/05/2023 22:31,14.25,270.27,87.02,23085.3,9732.45,9.740458,-2.288872,1.100796,3.51
29/05/2023 23:01,14.12,299.92,86.19,25231.25,9628.45,9.893439,0.440319,-0.452577,3.512
29/05/2023 23:31,14.19,281.94,85.64,23969.35,9585.85,9.811064,0.045111,-1.270942,3.51
30/05/2023 00:01,14.19,319.88,85.12,26654.7,9529.35,9.898344,0.820817,0.341271,3.51
30/05/2023 00:31,14.12,308.61,86.11,25839,9636.65,9.963068,0.246637,0.7811,3.51
30/05/2023 01:01,14.19,310.26,86.27,25961.7,9647.25,9.910601,0.301064,1.140513,3.508
30/05/2023 01:32,14.19,316.49,86.33,26483.5,9662.65,9.518825,-2.751256,-1.59211,3.51
30/05/2023 02:02,14.12,324.87,86.12,27148.6,9640.55,8.431267,-4.88077,-2.341337,3.506
30/05/2023 02:32,14.12,322.62,86.46,26930.55,9675.5,7.576617,-5.853589,-3.123418,3.506
30/05/2023 03:02,14.06,308.36,85.63,25856.7,9592,6.685683,-6.796008,-3.47989,3.508
30/05/2023 03:32,14.06,314.42,86.64,26279,9713.2,7.233874,-5.875164,-4.078586,3.506
30/05/2023 04:02,14.06,287.38,86.48,24292.8,9677.25,7.546218,-6.140924,-2.687022,3.506
30/05/2023 04:32,14.06,283.29,86.56,23816,9699,8.118435,-5.16124,-3.182258,3.506
30/05/2023 05:02,14.06,302.72,86.31,25275.35,9641.4,9.591393,-1.734306,-2.121669,3.504
30/05/2023 05:32,14,310.54,86.33,25824.2,9643.25,9.091256,0.655575,-3.914815,3.506
30/05/2023 06:02,14,314.58,87.25,26116.75,9733.7,7.879153,2.876781,-4.831737,3.506
30/05/2023 06:32,14.06,259.03,91.51,22231.25,10171.1,9.420269,-2.982202,-0.246147,3.506
30/05/2023 07:02,14.06,248.07,91.52,21219.75,10161.1,9.64288,-3.075366,-1.039995,3.506
30/05/2023 07:32,13.94,288.66,90.89,24349.75,10126,9.098611,-4.270306,0.719318,3.506
30/05/2023 08:02,14,272.07,89.63,23052.75,9970.4,9.400656,-3.916286,0.432964,3.504
30/05/2023 08:32,14,298.84,88.62,24967.5,9883.9,8.514134,-4.548325,-0.078453,3.506
30/05/2023 09:02,14.06,252.67,89.58,21538.95,9950.25,9.14323,-4.446336,0.093653,3.504
30/05/2023 09:32,14.06,259.85,89.91,22016.05,9978.9,8.841186,-4.920977,0.39815,3.504
30/05/2023 10:02,14.06,259.39,90.04,21915.2,9957.95,9.886574,-2.658583,-0.610464,3.502
30/05/2023 10:32,14.19,277.44,92.11,23181.5,10172.5,9.173141,-3.661313,-1.645066,3.502
30/05/2023 11:02,14.25,286.07,93.01,23794.5,10260.55,9.972383,-2.266317,-0.018633,3.502
30/05/2023 11:32,14.5,298.02,93.43,24641.7,10303.25,9.809592,-1.689686,-0.651162,3.5
30/05/2023 12:02,14.5,300.05,93.45,24830.3,10306.5,9.770367,-1.292516,0.076492,3.5
30/05/2023 12:32,14.62,309.9,93.64,25567.8,10328.75,9.617382,-0.041188,-1.798049,3.5
30/05/2023 13:02,14.62,305.34,94.84,25200.3,10458.35,9.902265,-0.108363,0.216237,3.5
30/05/2023 13:32,14.62,289.64,95.54,24029.55,10538.4,9.929234,-0.168674,1.623491,3.5
30/05/2023 14:02,14.81,228.32,95.72,19739.45,10556.7,9.994937,-0.034814,0.549172,3.5
30/05/2023 14:32,14.81,292.85,96.25,24315.45,10604.6,9.4389,2.777243,-1.064512,3.5
30/05/2023 15:02,14.69,277.81,95.55,23237.4,10541.95,9.969931,-1.315562,0.730105,3.498
30/05/2023 15:32,14.69,284.87,94.58,23694.05,10433.95,9.48156,-3.42154,-0.887992,3.498
30/05/2023 16:03,14.69,280.5,95.84,23399.25,10577.2,9.63111,-2.711539,-0.390305,3.496
30/05/2023 16:33,14.44,289.44,97.1,24149.75,10721.25,9.56835,-2.869916,-0.212314,3.496
30/05/2023 17:03,14.44,292.21,96.83,24371,10690.25,9.74634,-1.866205,-0.653613,3.498
30/05/2023 17:33,14.5,284.97,98.14,23888.95,10834.25,10.08614,0.253012,-0.135822,3.498
30/05/2023 18:03,14.38,282.45,96.45,23759.25,10688.05,9.696325,0.123073,-0.254483,3.498
30/05/2023 18:33,14.38,296.14,96.54,24714.05,10677.65,10.080746,-1.545528,-0.558489,3.494
30/05/2023 19:03,14.38,262.89,94.55,22388.7,10469.75,9.27415,-3.48038,-0.942419,3.494
30/05/2023 19:33,14.25,256.37,96.7,21806.65,10674.25,9.110378,-4.076624,-0.057859,3.496
30/05/2023 20:03,14.25,265.68,97,22509.15,10715.5,9.148134,-4.269326,0.574179,3.494
30/05/2023 20:33,14.25,273.07,97.51,22887.25,10763.15,9.431057,-3.043003,1.601916,3.494
30/05/2023 21:03,14.25,260.63,96.22,22137.1,10623.35,8.819611,-4.723373,1.066473,3.494
30/05/2023 21:33,14.19,288.69,96.96,24210.5,10707.65,8.509231,-4.260499,-2.175605,3.492
30/05/2023 22:03,14.19,268.06,97.78,22724.1,10789.25,8.489126,-4.356114,-1.94613,3.492
30/05/2023 22:33,14.25,270.85,96.54,22771.5,10662.75,9.639937,-2.864032,0.194172,3.492
30/05/2023 23:03,14.25,288.15,95.83,24067.25,10595.3,9.166766,-3.125379,-2.208458,3.492
30/05/2023 23:33,14.25,264.31,97.65,22255.05,10770.5,9.934627,-0.630077,-1.692137,3.492
31/05/2023 00:03,14.25,266.73,94.59,22426.45,10469.85,9.89295,-1.772062,-0.094634,3.492
31/05/2023 00:33,14.25,264.9,96.22,22284.25,10624.65,9.834108,-0.3094,-1.934362,3.49
31/05/2023 01:03,14.25,263.09,95.99,22128.5,10623.05,9.993958,0.596244,0.327052,3.49
31/05/2023 01:33,14.25,270.1,95.4,22681.75,10541.65,9.984641,0.173087,0.540347,3.49
31/05/2023 02:03,14.25,273.68,97.02,22950.25,10706,9.975324,-0.647729,0.522694,3.49
31/05/2023 02:33,14.25,286.4,95.8,23906.9,10600.5,8.427343,-5.391696,-1.425887,3.49
31/05/2023 03:03,14.25,281.57,98.52,23554.25,10874.25,6.715104,-7.576619,-1.276826,3.488
31/05/2023 03:33,14.31,276.28,98.23,23137.2,10845.5,5.833486,-7.839436,-3.11165,3.49
31/05/2023 04:03,14.19,284.96,96.44,23821.9,10664.45,5.584887,-8.206696,-2.721346,3.488
31/05/2023 04:33,14.12,289.29,97.72,24241.3,10783.65,6.447381,-7.670763,-0.812971,3.484
31/05/2023 05:03,14.12,272.38,96.68,22865.95,10665.1,7.286341,-6.904863,-2.100585,3.486
31/05/2023 05:33,14.12,282.37,97.15,23615,10730,8.246412,-5.241655,-2.43303,3.486
31/05/2023 06:04,14.12,280.68,97.58,23467.5,10768.1,9.27709,-2.347222,-2.68457,3.486
31/05/2023 06:34,14.12,278.32,98.7,23380.75,10891.1,8.650447,-2.969944,-3.09694,3.486
31/05/2023 07:04,14.19,284.62,93.97,23925.75,10431.15,5.950675,0.163281,-6.01736,3.486
31/05/2023 07:34,14.19,272.92,98.49,22947.75,10866.75,9.70123,-0.586928,2.120198,3.486
31/05/2023 08:04,14.19,267.9,99.67,22543.95,10991.85,9.349169,-1.920142,2.479121,3.484
31/05/2023 08:34,14.19,272.73,100.11,22893.35,11039.2,8.922091,-3.702501,2.66888,3.484
31/05/2023 09:04,14.19,264.93,100.65,22274.3,11084.55,9.285426,-1.009595,3.602963,3.486
31/05/2023 09:34,14.31,261.98,99.1,22041.5,10929.25,9.212369,-2.100585,3.551479,3.482
31/05/2023 10:04,14.31,278.5,99.45,23343.9,10943.5,8.836283,-2.385468,3.577466,3.482
31/05/2023 10:34,14.38,264.66,100.19,22238.9,11025.45,9.907167,-1.283691,1.823056,3.482
31/05/2023 11:04,14.38,261.28,100.02,21942.45,11003.65,8.99662,-3.814787,2.250626,3.482
31/05/2023 11:34,14.38,260.54,98.97,21878.55,10894.7,9.470773,-2.797837,1.653892,3.482
31/05/2023 12:04,14.62,261.27,99.56,21885.85,10935.85,9.723292,-1.631336,1.969175,3.482
31/05/2023 12:34,14.69,266.79,99.16,22309.55,10839.5,9.762029,-1.520031,1.210141,3.482
31/05/2023 13:04,14.88,276.3,101.23,23069,11032.25,9.640918,-2.178057,1.149339,3.482
31/05/2023 13:34,14.88,268.52,101.48,22448.3,11048.5,9.833618,-1.088538,0.110815,3.482
31/05/2023 14:04,14.94,262.9,99.73,21942.9,10839.3,10.041517,-0.017162,-0.17652,3.482
31/05/2023 14:34,15,261.72,100.15,21848,10881.65,9.9969,0.277528,-1.067944,3.482
31/05/2023 15:04,15,300.29,98.6,24888.8,10804.25,9.704171,-1.656343,-1.924065,3.482
31/05/2023 15:34,15.12,268.57,99.34,22472.25,10926.35,9.711035,-2.502167,0.907606,3.482
31/05/2023 16:04,14.94,281.94,99.12,23524.15,10890.25,9.48107,-3.215601,0.484449,3.482
31/05/2023 16:34,14.94,269.56,99.18,22576.75,10913.15,9.450668,-2.53698,2.411946,3.482
31/05/2023 17:04,14.88,261.21,100.02,21956,11024.5,9.618361,-2.538942,1.528857,3.482
31/05/2023 17:34,14.75,271.88,99.95,22739.4,11008.75,9.673771,-2.730661,0.469739,3.482
31/05/2023 18:04,14.75,264.38,100.07,22155.75,11034.3,9.779192,-2.307995,-0.967916,3.48
31/05/2023 18:34,14.75,250.11,99.17,21179.5,10916.5,9.57178,-1.889251,-0.105421,3.482
31/05/2023 19:04,14.62,270.7,99.77,22686.95,11003.25,9.667396,-2.304072,1.020872,3.48
31/05/2023 19:34,14.56,250.39,94.78,21103.25,10452.25,9.03977,-4.18891,-1.25378,3.482
31/05/2023 20:05,14.56,256.02,95.71,21663.75,10556.2,9.175592,-3.680926,1.197882,3.482
31/05/2023 20:35,14.5,246.46,96.08,20822.2,10598.1,8.287601,-5.654515,1.315072,3.48
31/05/2023 21:05,14.38,228.1,95.56,19442.25,10538.75,8.416067,-5.494667,0.08875,3.48
31/05/2023 21:35,14.44,251,92,21218.3,10155.35,8.236115,-5.847215,1.070886,3.48
31/05/2023 22:05,14.44,249.06,92.8,21106.45,10251.05,9.028493,-4.053579,1.578871,3.48
31/05/2023 22:35,14.31,243.31,92.72,20587.7,10229.3,8.288091,-5.67707,-0.626645,3.48
31/05/2023 23:05,14.5,257.45,91.91,21777.2,10161.75,9.215309,-4.20264,0.521714,3.478
31/05/2023 23:35,14.5,248.76,91.64,21034,10119.8,9.723784,-2.588955,0.523675,3.478
01/06/2023 00:05,14.5,248.09,91.28,21036.35,10093.7,10.066034,-1.189056,-0.970858,3.476
01/06/2023 00:35,14.44,262.21,91.12,22146.95,10064.75,9.641409,-0.302535,-1.477862,3.476
01/06/2023 01:05,14.44,250.47,92.07,21190.25,10159,10.223923,0.032362,-0.273115,3.476
01/06/2023 01:35,14.44,273.03,92.34,22940.1,10208.2,9.796352,1.203276,-1.03166,3.476
01/06/2023 02:05,14.38,257.7,91.4,21785.6,10105.45,9.844405,1.318504,0.521224,3.474
01/06/2023 02:35,14.44,273.57,90.29,22999.95,9998.05,9.808121,-0.327542,2.177076,3.474
01/06/2023 03:05,14.44,269.35,92.42,22667.8,10199.65,9.39134,-2.215323,3.025842,3.474
01/06/2023 03:35,14.38,277.4,92.4,23322.95,10196.7,8.619064,-0.518772,5.023457,3.472
01/06/2023 04:05,14.38,263.17,92.73,22230.85,10229.35,8.459705,0.832585,5.311282,3.472
01/06/2023 04:35,14.38,258.13,91.67,21870.25,10116.2,8.925523,4.287467,0.341271,3.472
01/06/2023 05:05,14.38,248.24,92.1,21087.05,10162.5,8.958375,4.164884,0.196623,3.472
01/06/2023 05:35,14.31,263.61,91.79,22277.45,10132.05,9.213346,3.43576,0.139254,3.472
01/06/2023 06:05,14.31,270.96,92.21,22903.75,10170.95,9.609047,1.984866,0.517301,3.472
01/06/2023 06:35,14.38,282.57,91.62,23802.55,10111.3,9.24473,1.278297,2.832651,3.47
01/06/2023 07:05,14.31,265.15,90.09,22454.25,9945.8,9.248652,-0.076002,2.841967,3.472
01/06/2023 07:35,14.31,292.85,89.44,24580.95,9871,8.292504,2.129514,4.419858,3.47
01/06/2023 08:05,14.31,262.67,89.33,22182,9854.6,8.529333,4.629719,-0.788945,3.472
01/06/2023 08:35,14.38,273.35,88.96,23062.05,9811.05,8.099312,4.722883,2.321234,3.47
01/06/2023 09:05,14.31,254.98,89.43,21640.75,9865.3,8.918168,-3.27395,2.725758,3.466
01/06/2023 09:35,14.31,258.65,88.62,21863,9774.15,8.622987,-4.744457,2.360951,3.468
01/06/2023 10:05,14.31,231.96,88.07,19783.3,9715.9,8.301329,-5.33727,1.918181,3.468
01/06/2023 10:36,14.44,249.53,92.49,21137.45,10199.6,9.204521,-3.853033,1.172875,3.466
01/06/2023 11:06,14.56,265,88.61,22410.25,9776.9,8.977499,-3.325925,2.679177,3.464
01/06/2023 11:36,14.56,260.12,88.17,21896.95,9724.8,9.021628,-4.383082,0.644297,3.466
01/06/2023 12:06,14.62,274.98,85.93,23130.6,9477.05,9.727217,-2.363893,0.600657,3.464
01/06/2023 12:36,14.62,277.88,85.42,23350,9422.25,9.886085,-2.304563,0.327052,3.464
01/06/2023 13:06,14.62,276.13,89.83,23208.6,9896.35,10.015532,-1.123352,0.065705,3.464
01/06/2023 13:36,14.81,282.94,89.37,23697.15,9822.1,9.98366,-0.577121,-0.789926,3.462
01/06/2023 14:06,14.81,292.67,89.45,24426.5,9822.65,10.078295,0.23536,0.041678,3.462
01/06/2023 14:36,14.81,280.87,90.62,23431.75,9958.8,9.955711,0.505533,-0.313813,3.462
01/06/2023 15:06,14.94,278.33,88.49,23232.5,9758.3,9.922858,0.891425,0.669794,3.462
01/06/2023 15:36,14.94,293.62,87.99,24580.25,9692.65,9.829205,-0.464835,-1.78481,3.46
01/06/2023 16:06,14.88,280.74,89.69,23486.8,9893.05,9.43743,-2.042235,2.627692,3.462
01/06/2023 16:36,14.88,295.3,88.21,24785.95,9729.5,9.455572,-2.867955,2.479612,3.462
01/06/2023 17:06,14.88,282.4,87.64,23672.65,9667.3,9.554619,-2.078029,1.93142,3.458
01/06/2023 17:36,14.81,279.55,88.35,23426.7,9745.4,9.456553,-1.68086,3.33377,3.46
01/06/2023 18:06,14.81,276.97,86.06,23261.75,9498.9,10.196465,-1.495514,1.25329,3.46
01/06/2023 18:36,14.75,277.97,86.16,23298.3,9504,9.978759,-1.737738,0.716376,3.458
01/06/2023 19:06,14.69,278.07,86.02,23264.7,9484.7,9.971892,-2.638479,-0.695782,3.46
01/06/2023 19:36,14.69,269.42,86.13,22726.4,9503.8,9.915995,-1.362144,0.938006,3.458
01/06/2023 20:06,14.69,283.74,89.12,23924.75,9830.7,8.959845,-4.269815,0.528578,3.458
01/06/2023 20:36,14.62,269.9,86.26,22645.75,9518.8,9.328086,-2.827257,3.010642,3.456
01/06/2023 21:06,14.56,256.02,87.85,21800,9691.75,9.352114,-3.124889,2.147656,3.456
01/06/2023 21:36,14.56,273.95,87.57,23154,9660.4,8.825495,-4.668456,1.955446,3.456
01/06/2023 22:06,14.56,246.56,87.39,21101.4,9639.2,8.186102,-5.55939,2.090288,3.456
01/06/2023 22:36,14.56,254.66,88.54,21688,9772.1,8.554831,-4.514491,2.503638,3.454
01/06/2023 23:06,14.56,265.22,88.36,22333.3,9744.7,8.06842,-6.024225,1.483746,3.454
01/06/2023 23:36,14.56,251.45,87.48,21336.1,9649.25,8.812746,-5.097007,0.668813,3.454
02/06/2023 00:06,14.44,258.13,89.72,21905,9897.9,8.924541,-3.87853,0.880147,3.456
02/06/2023 00:37,14.56,252.37,88.79,21398.2,9791.35,9.920408,-2.282008,0.422176,3.454
02/06/2023 01:07,14.56,252.85,88.11,21473.2,9714.3,10.131742,-1.530328,-0.54574,3.454
02/06/2023 01:37,14.5,278.69,88.56,23518.75,9769.85,9.268265,-3.25826,-1.126784,3.454
02/06/2023 02:07,14.5,277.96,85.98,23372.4,9489.8,10.082706,-0.695782,-0.253012,3.454
02/06/2023 02:37,14.5,285.96,86.19,23896.1,9513.25,10.002785,0.952716,0.515339,3.454
02/06/2023 03:07,14.56,280.56,89.1,23508.9,9828.7,9.882161,1.10619,0.744325,3.454
02/06/2023 03:37,14.5,279.09,88.4,23407.35,9750.9,9.877749,-1.117468,1.038034,3.454
02/06/2023 04:07,14.5,261.53,86.61,22129.55,9562.5,9.001034,0.980665,3.90795,3.454
02/06/2023 04:37,14.5,274.25,87.51,23113,9658.5,8.662214,4.154097,-0.342742,3.454
02/06/2023 05:07,14.5,285.64,87.14,23896.9,9611.95,8.988776,4.002584,-1.46021,3.454
02/06/2023 05:37,14.5,279.45,85.42,23460.55,9425.8,9.247182,2.752727,-2.151089,3.454
02/06/2023 06:07,14.5,281.88,85.35,23648.75,9416,8.971125,3.769186,-0.977723,3.452
02/06/2023 06:37,14.38,276.32,86.81,23283.1,9574.55,9.310925,3.314648,-1.16454,3.454
02/06/2023 07:07,14.44,273.97,87.55,23013,9640.55,8.656821,4.078095,1.890232,3.452
02/06/2023 07:37,14.44,273.38,86.15,23029.6,9494.65,9.808611,1.406764,1.039015,3.452
02/06/2023 08:07,14.44,269.28,87.27,22773.45,9615.2,9.120674,3.31857,0.669304,3.452
02/06/2023 08:37,14.38,265.89,86.83,22612.75,9569.55,9.154999,3.180296,-1.313601,3.452
02/06/2023 09:07,14.38,262.32,87.31,22355.3,9626.25,8.659761,4.284035,-0.529559,3.45
02/06/2023 09:37,14.38,455.86,127.97,39098.6,11961.1,-8.671531,3.944235,-2.570323,3.45
02/06/2023 10:07,13.88,421.66,126.23,37387,11788.45,-9.190303,4.408089,-2.18247,3.45
02/06/2023 10:37,12.5,461.41,111.19,38338.1,11227.55,-8.40528,6.025206,-1.354298,3.45
02/06/2023 11:07,12.5,236.93,181.21,50116.5,14930.25,-7.668799,5.149962,-1.51856,3.45
02/06/2023 11:37,12.81,424.97,123.36,37084.6,11741.9,-7.801191,6.53221,-1.26751,3.448
02/06/2023 12:07,14.25,466.98,130.84,38913.25,12126.25,-7.789912,5.827112,-1.579361,3.45
02/06/2023 12:37,14.25,459.6,105.03,40036.8,10611.6,-7.911024,5.804555,-1.450403,3.45
02/06/2023 13:07,16.5,379.17,164.39,44164.45,13685.65,-8.993189,3.800567,-1.007633,3.448
02/06/2023 13:37,16.62,428.07,99.43,42826.4,9945.5,-8.532766,4.581177,-2.221697,3.45
02/06/2023 14:07,17.19,392.13,94.44,43800.6,9677.05,-8.271909,5.63245,-2.551691,3.448
02/06/2023 14:38,17.19,393.3,93.91,43768.25,9654.7,-7.926716,5.167124,-2.746843,3.446
02/06/2023 15:08,16.69,405.85,94.92,43423.5,9701.7,-7.915929,5.182815,-2.789501,3.446
02/06/2023 15:38,16.69,404.47,95.83,43461.35,9754.3,-7.9022,5.207822,-2.78754,3.446
02/06/2023 16:08,16.69,399.91,96.24,43585.95,9775.25,-7.877191,5.2191,-2.815489,3.448
02/06/2023 16:38,17.88,397.46,96.26,43653.35,9766.95,-7.876212,5.209292,-2.827748,3.446
02/06/2023 17:08,18.31,397.36,96.08,43656,9756.55,-7.879153,5.222531,-2.812547,3.448
02/06/2023 17:38,18.31,397.51,96.19,43652,9769.75,-7.884056,5.225473,-2.811567,3.45
02/06/2023 18:08,18.81,397.68,96.09,43647.15,9761.65,-7.867875,5.237732,-2.81549,3.446
02/06/2023 18:38,18.69,397.98,95.97,43639.1,9766.5,-7.867875,5.213216,-2.808625,3.446
02/06/2023 19:08,18.31,398.21,96.27,43632.65,9802.4,-7.856107,5.206351,-2.825786,3.446
02/06/2023 19:38,18.31,395.2,96.25,43715.55,9808.1,-7.860521,5.22008,-2.818922,3.446
02/06/2023 20:08,17.94,394.88,96.1,43724.45,9801.85,-7.856107,5.213215,-2.814509,3.444
02/06/2023 20:38,17.62,395.29,95.96,43713.15,9805.75,-7.876701,5.225473,-2.829218,3.444
02/06/2023 21:08,17.62,396.75,95.88,43672.9,9812.15,-7.896315,5.230377,-2.80176,3.444
02/06/2023 21:38,16.75,399.3,95.93,43602.8,9825.75,-7.89043,5.199486,-2.819412,3.444
02/06/2023 22:08,16.38,400.42,96.31,43572.25,9864.75,-7.892391,5.215177,-2.808135,3.444
02/06/2023 22:38,15.62,403.11,96.89,43498.4,9930.6,-7.910045,5.193602,-2.828728,3.444
02/06/2023 23:08,15.62,406.73,97.21,43399.5,9982.15,-7.88896,5.177911,-2.838535,3.444
02/06/2023 23:38,15.31,405.84,97.62,43423.6,10031.65,-7.91887,5.204879,-2.81647,3.444
03/06/2023 00:08,14.94,408,97.96,43365,10067.3,-7.91838,5.220571,-2.843438,3.444
03/06/2023 00:38,14.94,414.64,98.01,43185.4,10089.6,-7.908572,5.200467,-2.798328,3.444
03/06/2023 01:08,14.19,421.01,97.97,43014.5,10094.95,-7.917399,5.193603,-2.805192,3.444
03/06/2023 01:38,13.88,425.74,97.77,42888.25,10095.25,-7.931127,5.171536,-2.812547,3.444
03/06/2023 02:08,13.88,430.68,97.7,42754.75,10096.75,-7.934561,5.169085,-2.810096,3.446
03/06/2023 02:38,13.19,433.12,97.72,42692.75,10101,-7.9326,5.192131,-2.80225,3.444
03/06/2023 03:08,12.88,434.12,97.6,42666.3,10100,-7.944366,5.183305,-2.817451,3.444
03/06/2023 03:38,12.44,436.33,97.45,42608.25,10096.65,-7.950742,5.178401,-2.812547,3.446
03/06/2023 04:08,12.44,438.66,97.43,42544.35,10094.65,-7.951231,5.17644,-2.806173,3.444
03/06/2023 04:38,12.25,439.07,97.33,42536.3,10095.95,-7.9782,5.173008,-2.830199,3.444
03/06/2023 05:09,12.06,440.19,97.28,42505.35,10096.35,-7.950251,5.194583,-2.791954,3.442
03/06/2023 05:39,12.06,440.39,97.38,42501.75,10101.75,-7.941915,5.19164,-2.813528,3.442
03/06/2023 06:09,11.88,441.07,97.3,42484.1,10102.25,-7.938483,5.184777,-2.827748,3.444
03/06/2023 06:39,11.75,440.89,97.35,42488.75,10104.25,-7.972316,5.168595,-2.802741,3.442
03/06/2023 07:09,11.62,440.42,97.39,42501.05,10106,-7.943877,5.181343,-2.81549,3.442
03/06/2023 07:39,11.62,439.62,97.25,42521.9,10111.05,-7.964471,5.17497,-2.820393,3.44
03/06/2023 08:09,11.62,439.17,97.32,42533.7,10113.65,-7.955155,5.177421,-2.806173,3.44
03/06/2023 08:39,11.62,437.6,97.41,42571.55,10116.75,-7.968884,5.159279,-2.791463,3.438
03/06/2023 09:09,11.62,434.12,97.58,42666.45,10113.1,-7.94829,5.174478,-2.804702,3.44
03/06/2023 09:39,11.81,429.34,97.57,42792.65,10115.25,-7.952702,5.16026,-2.793425,3.44
03/06/2023 10:09,11.88,425.86,97.62,42884.95,10108.95,-7.9478,5.157807,-2.797838,3.44
03/06/2023 10:39,11.88,422.5,97.94,42974.45,10100.65,-7.924264,5.181344,-2.822354,3.44
03/06/2023 11:09,12.5,419.3,97.87,43060.25,10091.75,-7.929167,5.155846,-2.794405,3.44
03/06/2023 11:39,12.94,407.45,100.79,43379.95,10187.1,-8.965731,3.795663,-2.272201,3.44
03/06/2023 12:09,15.94,393.23,98.84,43770.15,9940.45,-8.943174,3.857936,-2.284459,3.44
03/06/2023 12:39,15.94,377.19,97.45,44218.5,9804.45,-8.890708,3.84862,-2.288382,3.438
03/06/2023 13:09,17.44,340.89,94.76,45270.25,9511.75,-8.924052,3.842736,-2.30064,3.438
03/06/2023 13:39,18.31,334.09,92.57,45473.45,9337.6,-8.882862,3.87804,-2.277104,3.438
03/06/2023 14:09,18.31,324.56,91.86,45761.55,9279.5,-8.87649,3.869704,-2.303092,3.438
03/06/2023 14:39,19.19,327.96,90.33,45658.35,9152.5,-8.891199,3.879511,-2.296718,3.44
03/06/2023 15:09,19.06,323.86,90.34,45783.05,9147.6,-8.874037,3.883434,-2.281517,3.438
03/06/2023 15:39,18.94,320.58,89.92,45883.25,9108,-8.886295,3.860388,-2.294756,3.438
03/06/2023 16:09,18.94,321.14,89.75,45864,9100.25,-8.883352,3.870194,-2.274162,3.438
03/06/2023 16:39,18.88,320.96,90.04,45871.7,9137.9,-8.901007,3.845678,-2.287892,3.438
03/06/2023 17:09,18.62,323.04,89.78,45807.95,9121.3,-8.879433,3.89275,-2.273672,3.434
03/06/2023 17:39,18.62,320.12,89.42,45897.3,9090.9,-8.882864,3.876079,-2.282988,3.436
03/06/2023 18:09,18.38,319.05,89.89,45930.05,9161.25,-8.914245,3.868723,-2.268769,3.436
03/06/2023 18:39,17.94,317.18,89.67,45987.7,9155.2,-8.894632,3.882453,-2.291814,3.436
03/06/2023 19:10,17.94,315.75,89.31,46031.85,9144.6,-8.895123,3.867252,-2.289363,3.438
03/06/2023 19:40,17,314.16,89.14,46080.9,9153.15,-8.926014,3.86284,-2.305053,3.438
03/06/2023 20:10,16.5,313.32,88.81,46106.95,9142.8,-8.907381,3.854014,-2.276614,3.436
03/06/2023 20:40,15.19,313.1,88.82,46113.75,9149.65,-8.938762,3.847148,-2.304563,3.434
03/06/2023 21:10,15.19,312.73,88.24,46123.75,9124,-8.958376,3.843226,-2.297698,3.438
03/06/2023 21:40,14.44,312.58,87.9,46130,9096.45,-8.943175,3.81969,-2.269259,3.436
03/06/2023 22:10,13.62,311.94,87.54,46149.85,9070.55,-8.944155,3.652977,-2.570323,3.434
03/06/2023 22:40,13.62,311.01,87.22,46178.8,9047.75,-8.953962,3.662294,-2.578168,3.436
03/06/2023 23:10,12.38,310.47,86.84,46195.5,9030.4,-8.958865,3.644641,-2.586994,3.436
03/06/2023 23:40,11.88,310.23,86.36,46202.95,9006.3,-8.949549,3.669158,-2.53649,3.436
04/06/2023 00:10,11.88,309.92,86.2,46212.8,8997.95,-8.961805,3.652487,-2.564439,3.436
04/06/2023 00:40,11,309.22,86.08,46234.5,8993.75,-8.976027,3.660332,-2.575226,3.436
04/06/2023 01:10,10.56,309,86.14,46241.4,8994.7,-8.981912,3.651016,-2.575716,3.434
04/06/2023 01:40,10,308.66,85.97,46251.85,8991.75,-8.973085,3.64219,-2.567871,3.434
04/06/2023 02:10,10,308.5,85.94,46256.95,8989.2,-8.981912,3.668177,-2.567381,3.434
04/06/2023 02:40,9.69,308.1,85.86,46269.45,8981.35,-9.002014,3.654939,-2.550219,3.434
04/06/2023 03:10,9.38,307.97,85.58,46267.75,8977.05,-8.989264,3.626499,-2.553162,3.436
04/06/2023 03:40,9.38,308.36,85.46,46261.5,8969.75,-8.99515,3.617673,-2.576698,3.434
04/06/2023 04:10,8.88,308.23,85.72,46265.4,8971.95,-8.993189,3.634835,-2.582581,3.432
04/06/2023 04:40,8.88,308.22,85.97,46265.7,8976,-9.01182,3.630422,-2.588465,3.434
04/06/2023 05:10,9.06,308.16,86.34,46267.7,8984.8,-8.982892,3.602472,-2.556593,3.434
04/06/2023 05:40,9.06,307.9,86.98,46275.7,9008.25,-8.993677,3.636305,-2.572284,3.434
04/06/2023 06:10,9.5,308.7,87.59,46250.75,9026.25,-8.969162,3.653467,-2.560026,3.434
04/06/2023 06:40,10.25,309.42,87.84,46228.3,9023.75,-8.976027,3.62797,-2.570323,3.434
04/06/2023 07:10,10.25,310,88.13,46210.3,9017.4,-8.951019,3.648564,-2.586014,3.434
04/06/2023 07:40,12.19,310.03,88.73,46204.75,9039.4,-8.968672,3.65837,-2.558064,3.434
04/06/2023 08:10,13,310.77,91.3,46186.25,9065.85,-8.895613,3.637778,-2.71301,3.434
04/06/2023 08:40,13,311.47,92.27,46164.5,9087.5,-8.874529,3.611789,-2.737036,3.434
04/06/2023 09:10,15.69,312.57,91.57,46130.25,9015.8,-8.837261,3.660332,-2.724778,3.432
04/06/2023 09:41,17.31,313.98,91.11,46083.6,8961.8,-8.812257,3.677004,-2.731153,3.434
04/06/2023 10:11,20.88,319.19,84.73,45925.8,8428.1,-8.821082,3.655429,-2.716933,3.434
04/06/2023 10:41,20.88,345.71,80.21,45127.55,7989.1,-8.805391,3.689261,-2.696339,3.434
04/06/2023 11:11,22.56,265.75,160.68,47642.5,11627.3,-8.725466,4.156549,-2.107449,3.432
04/06/2023 11:41,25.25,303.78,122.03,46405.4,9808.8,-8.696047,4.225196,-2.132946,3.434
04/06/2023 12:11,25.25,334.61,86.6,45457.95,8164.6,-8.688691,4.205091,-2.121669,3.434
04/06/2023 12:41,26.12,324.74,89.05,45756.1,8365,-8.710759,4.241376,-2.109411,3.432
04/06/2023 13:11,24.5,327.75,86.89,45664.8,8258.9,-8.736743,4.216369,-2.096662,3.434
04/06/2023 13:41,22.81,329.95,85.6,45598.05,8185.7,-8.740667,4.268344,-2.106468,3.432
04/06/2023 14:11,22.81,329.87,84.82,45600.4,8161.9,-8.757339,4.213918,-2.097152,3.432
04/06/2023 14:41,22,331.05,82.38,45564.8,8078,-8.744591,4.27521,-2.038803,3.432
04/06/2023 15:11,20.81,331.82,81.98,45541.55,8071.9,-8.737234,4.260499,-2.032918,3.43
04/06/2023 15:41,20.81,334.01,81.8,45475.95,8067.15,-8.740178,4.271777,-2.038802,3.432
04/06/2023 16:11,20.44,336.37,81.32,45402,8034.7,-8.756359,4.281093,-2.042725,3.432
04/06/2023 16:41,20.12,339.41,80.68,45314.3,8002,-8.755379,4.26246,-2.00546,3.432
04/06/2023 17:11,20.12,340.89,80.34,45270.25,7988.35,-8.76028,4.259518,-2.053513,3.43
04/06/2023 17:41,19.5,342.72,80.03,45215.95,7981.3,-8.774012,4.264422,-2.031447,3.43
04/06/2023 18:11,19,403.57,75.89,43486,7580.1,-8.776952,4.248731,-2.05057,3.43
04/06/2023 18:41,17.81,407.14,75.03,43382.7,7537.3,-8.788229,4.247261,-2.034389,3.432
04/06/2023 19:11,17.81,408.89,74.22,43340.85,7524.8,-8.799997,4.237943,-2.016247,3.43
04/06/2023 19:41,17.06,409.75,73.31,43317.95,7508.75,-8.799505,4.229608,-2.028996,3.43
04/06/2023 20:11,16.31,408.43,72.71,43353.25,7498.95,-8.817649,4.229118,-2.012324,3.43
04/06/2023 20:41,16.31,407.5,72.51,43376.85,7494.85,-8.825985,4.226176,-2.006931,3.43
04/06/2023 21:11,14.75,410.73,72.27,43291,7494,-8.836772,4.189401,-2.007421,3.43
04/06/2023 21:41,14,416.71,72.15,43129.9,7496.55,-8.845107,4.192832,-1.999576,3.43
04/06/2023 22:11,14,423.54,72.06,42945.4,7492.95,-8.861779,4.20313,-1.997124,3.43
04/06/2023 22:41,12.94,428.21,71.97,42822.6,7493.3,-8.876979,4.193324,-1.992711,3.43
04/06/2023 23:11,12.38,432.11,71.85,42719.25,7490.95,-8.858347,4.184988,-2.000556,3.43
04/06/2023 23:42,11.44,435.95,71.83,42616.55,7505,-8.882373,4.186459,-2.001537,3.43
05/06/2023 00:12,11.44,439.45,71.68,42526.4,7502.5,-8.888258,4.172729,-2.00546,3.43
05/06/2023 00:42,11,441.11,71.67,42476.6,7508.25,-8.87845,4.17224,-2.022131,3.43
05/06/2023 01:12,10.56,442.97,71.74,42434.4,7518.65,-8.913754,4.159001,-2.017228,3.43
05/06/2023 01:42,10.56,444.34,71.6,42398.85,7524.4,-8.882372,4.18891,-2.009873,3.428
05/06/2023 02:12,10,443.05,71.89,42432.3,7544,-8.909832,4.139876,-2.023112,3.428
05/06/2023 02:42,9.62,438.86,72.28,42542,7580.45,-8.927485,4.159981,-1.996634,3.428
05/06/2023 03:12,9.81,429.59,73.12,42786,7646.75,-8.904437,4.156548,-2.011834,3.428
05/06/2023 03:42,9.81,423.21,74.18,42955.5,7715.5,-8.927485,4.167336,-2.013305,3.428
05/06/2023 04:12,10,418.66,76.11,43072.45,7804.9,-8.881392,4.165374,-2.012325,3.428
05/06/2023 04:42,10.06,408.28,79,43357.5,7917.65,-8.900515,4.161942,-1.971627,3.428
05/06/2023 05:12,10.06,399.34,85.62,43600.7,8220.85,-8.907871,4.167336,-2.008892,3.428
05/06/2023 05:42,10.56,385.31,90.16,43990.25,8413.4,-8.908851,4.159491,-2.009873,3.428
05/06/2023 06:12,10.88,376.6,91.58,44235.15,8524.75,-8.899046,4.14331,-1.984376,3.428
05/06/2023 06:42,10.88,374.54,108.83,44293.5,8951,-8.902475,4.156549,-1.978001,3.428
05/06/2023 07:12,11.94,376.32,101.5,44243.25,8946.25,-8.891199,4.1438,-1.992221,3.428
05/06/2023 07:42,12.44,379.01,105.61,44163.5,9107.45,-8.884334,4.155077,-1.987808,3.428
05/06/2023 08:12,14,364.76,112.04,44572.7,9493.35,-8.903456,4.1286,-2.00595,3.428
05/06/2023 08:42,14,406.32,120.62,43410.85,9501,-8.86276,4.118793,-1.987318,3.428
05/06/2023 09:12,15.12,413.42,122.3,43209.3,9372,-8.843147,4.237944,-1.902,3.428
05/06/2023 09:42,16,284.65,178.52,47014.95,12427.95,-8.826964,4.27668,-1.888761,3.428
05/06/2023 10:12,16,308.82,188.62,46247,14052.5,-8.811766,4.201169,-1.899548,3.428
05/06/2023 10:42,19.81,312.39,173.57,46136,11727.7,-8.732331,4.269325,-1.90151,3.428
05/06/2023 11:12,22.69,323.74,164.21,45784,11353.3,-8.707326,4.300706,-1.904942,3.428
05/06/2023 11:42,26.44,389.76,125.25,43866.8,9502.25,-8.710756,4.318359,-1.908374,3.428
05/06/2023 12:12,26.44,429.01,84.77,42801.4,7811.75,-8.706836,4.309042,-1.891703,3.428
05/06/2023 12:42,24.94,418.46,102.08,43082.5,8563,-8.719092,4.325223,-1.915239,3.426
05/06/2023 13:12,22.31,428.85,82.16,42805.6,7745.75,-8.743608,4.29139,-1.900529,3.428
05/06/2023 13:43,22.31,433.51,80.52,42682.4,7668.75,-8.727428,4.313455,-1.888271,3.426
05/06/2023 14:13,21.56,437.07,79.25,42588.95,7627.2,-8.765675,4.284034,-1.900529,3.426
05/06/2023 14:43,20.81,438.01,77.12,42562.05,7568.65,-8.775972,4.267364,-1.9172,3.428
05/06/2023 15:13,20.81,439.24,76.68,42532.05,7562.25,-8.785779,4.283054,-1.908864,3.428
05/06/2023 15:43,19.69,439.95,76.13,42513.25,7539.45,-8.790191,4.257557,-1.910826,3.428
05/06/2023 16:13,19.19,442.17,75.59,42455.25,7499,-8.809804,4.266383,-1.905922,3.426
05/06/2023 16:43,18.62,443.66,74.91,42416.5,7458.55,-8.798036,4.273248,-1.895135,3.426
05/06/2023 17:13,18.62,444.97,74.78,42382.4,7439.5,-8.828926,4.258047,-1.8868,3.426
05/06/2023 17:43,18.19,445.05,74.58,42380.4,7446.1,-8.821571,4.239905,-1.902,3.426
05/06/2023 18:13,17.75,446.65,73.54,42338.75,7401,-8.830399,4.236472,-1.901019,3.426
05/06/2023 18:43,17.75,448.18,72.56,42299.15,7361.45,-8.836771,4.227156,-1.886309,3.426
05/06/2023 19:13,16.62,449.5,71.82,42262.35,7345,-8.860797,4.226176,-1.904942,3.426
05/06/2023 19:43,15.81,449.34,71.17,42268.85,7334.3,-8.873548,4.207053,-1.906903,3.424
05/06/2023 20:13,15.81,450.05,70.74,42250.45,7324,-8.878942,4.195284,-1.88729,3.426
05/06/2023 20:43,14.12,450.19,70.64,42246.9,7330.45,-8.889729,4.184498,-1.878464,3.424
05/06/2023 21:13,13.5,450.27,70.56,42244.95,7341.35,-8.898063,4.195285,-1.90298,3.424
05/06/2023 21:43,12.69,448.7,71.05,42285.5,7380,-8.89659,4.190871,-1.890232,3.424
05/06/2023 22:13,12.69,448.44,71.18,42292.25,7396,-8.891198,4.193324,-1.868657,3.424
05/06/2023 22:43,12.38,447.51,71.39,42316.25,7420.3,-8.903457,4.192833,-1.889251,3.424
05/06/2023 23:13,12.19,446.55,71.81,42341.35,7450.75,-8.909832,4.172239,-1.88827,3.424
05/06/2023 23:43,12.19,445.35,71.91,42372.45,7468.65,-8.915716,4.184497,-1.897587,3.424
06/06/2023 00:13,12,444.63,71.9,42391.25,7480.2,-8.918166,4.206072,-1.889742,3.424
06/06/2023 00:43,11.88,443.86,72.15,42411.2,7497.85,-8.915225,4.168807,-1.873561,3.424
06/06/2023 01:13,11.38,443.25,71.95,42427.05,7500.85,-8.906399,4.176162,-1.880425,3.422
06/06/2023 01:43,11.38,443.01,71.87,42428.45,7505.05,-8.927485,4.142329,-1.884348,3.422
06/06/2023 02:13,10.94,442.01,71.79,42459.45,7507.75,-8.930916,4.138407,-1.881406,3.422
06/06/2023 02:43,10.38,441.12,71.79,42482.75,7522.4,-8.926994,4.124677,-1.870128,3.422
06/06/2023 03:13,10.38,440.18,71.78,42502.25,7535.05,-8.942683,4.138407,-1.889741,3.422
06/06/2023 03:43,9.69,437.78,72.49,42570.2,7567.75,-8.93582,4.153606,-1.880425,3.424
06/06/2023 04:14,9.19,434.8,73.77,42648.45,7614.35,-8.922581,4.134974,-1.895625,3.422
06/06/2023 04:44,9.19,428.77,75.55,42807.85,7688.8,-8.947587,4.1438,-1.878954,3.422
06/06/2023 05:14,9,418.43,77.72,43083.5,7772.3,-8.96769,4.159001,-1.885819,3.42
06/06/2023 05:44,9.31,411.69,80.18,43265,7863.5,-8.93582,4.155078,-1.874541,3.42
06/06/2023 06:14,10.81,402.91,89.75,43503.95,8283.9,-8.9368,4.168316,-1.891212,3.42
06/06/2023 06:44,10.81,384.64,97.43,44008.95,8688.95,-8.885804,4.209504,-1.868167,3.422
06/06/2023 07:14,11.75,379.51,105.1,44153.05,9005.85,-8.921601,4.169787,-1.855909,3.42
06/06/2023 07:44,12.81,376.34,120.88,44242.75,9506.85,-8.90591,4.155077,-1.846102,3.418
06/06/2023 08:14,12.81,398.99,110.15,43611.25,9071.9,-8.876979,4.175181,-1.845612,3.418
06/06/2023 08:44,14.62,411.64,100.02,43266.2,8726.35,-8.87747,4.175672,-1.857379,3.418
06/06/2023 09:14,15.19,443.93,98.68,42409.35,8316.55,-8.860308,4.181065,-1.856399,3.418
06/06/2023 09:44,16.44,463.67,114.1,41901.05,8318,-8.864719,4.181066,-1.835805,3.42
06/06/2023 10:14,16.44,434.63,141.01,42652.85,9291.75,-8.837263,4.211957,-1.852967,3.418
06/06/2023 10:44,17.19,477.5,105.53,41550.9,7896.75,-8.840204,4.224705,-1.872089,3.418
06/06/2023 11:14,18.38,380.8,166.29,44116.9,10904.75,-8.817158,4.26197,-1.859831,3.418
06/06/2023 11:44,18.38,486.21,97.2,41330.7,7468.05,-8.769107,4.256086,-1.837766,3.418
06/06/2023 12:14,21.62,481.07,86.1,41461.75,7244.1,-8.769107,4.253634,-1.854928,3.42
06/06/2023 12:44,21.62,454.55,112.8,42134.45,8439,-8.771067,4.265402,-1.853947,3.418
06/06/2023 13:14,21.62,484.95,85.06,41364.5,7140.55,-8.786757,4.277661,-1.864734,3.416
06/06/2023 13:44,21.44,487.03,79.93,41312.8,7029,-8.785287,4.267854,-1.844141,3.416
06/06/2023 14:14,21,482.98,80.92,41413.8,7159.9,-8.783327,4.275699,-1.847573,3.416
06/06/2023 14:44,20.12,485.73,75.04,41088.95,6815.8,-8.799997,4.267364,-1.853457,3.418
06/06/2023 15:14,20.12,483.86,68.2,40952.1,6593,-8.811766,4.244809,-1.841199,3.416
06/06/2023 15:44,19.81,482.84,67.75,40961.5,6578.65,-8.800488,4.226176,-1.859341,3.416
06/06/2023 16:14,19.44,480.84,67.69,40967.05,6577.7,-8.807352,4.251673,-1.855909,3.416
06/06/2023 16:44,19.44,476.74,65.51,40767.15,6432.8,-8.830398,4.244808,-1.872089,3.416
06/06/2023 17:14,18.38,476.3,66.24,40868.15,6510,-8.811274,4.246769,-1.859831,3.416
06/06/2023 17:44,17.69,473.26,64.15,40692.05,6368.65,-8.842656,4.224215,-1.878954,3.414
06/06/2023 18:15,16.56,472.34,65.63,40781.2,6486.4,-8.851973,4.229608,-1.84316,3.416
06/06/2023 18:45,16.56,470.55,64.25,40646.75,6416.65,-8.846579,4.225686,-1.868657,3.416
06/06/2023 19:15,16,467.09,62.51,40606.1,6346.65,-8.867662,4.221272,-1.837276,3.416
06/06/2023 19:45,14.81,465.9,61.55,40561.8,6316.85,-8.877958,4.200188,-1.84316,3.414
06/06/2023 20:15,14.81,463.19,61.18,40537.4,6310.95,-8.868154,4.220782,-1.863754,3.414
06/06/2023 20:45,14.12,463.06,61.07,40531.95,6315.25,-8.917187,4.150174,-1.856399,3.414
06/06/2023 21:15,13.56,460.53,61,40531.95,6316.3,-8.930425,4.139878,-1.822076,3.414
06/06/2023 21:45,13.56,461.02,61.14,40523.55,6328,-8.948078,4.131542,-1.838257,3.412
06/06/2023 22:15,12.56,459.04,61.17,40542.4,6338.55,-8.945135,4.118302,-1.839237,3.414
06/06/2023 22:45,12.06,458.16,61.11,40521.8,6341,-8.960336,4.116342,-1.820114,3.416
06/06/2023 23:15,11.25,458.23,61.1,40521.4,6348.2,-8.960337,4.106045,-1.84365,3.414
06/06/2023 23:45,11.25,456.74,61.11,40539.4,6355.65,-8.974066,4.100161,-1.892193,3.412
07/06/2023 00:15,10.88,456.35,61.27,40565.5,6367.25,-8.970143,4.077115,-1.826979,3.41
07/06/2023 00:45,10.5,456.37,61.45,40583.35,6377.25,-8.994658,4.080547,-1.842179,3.412
07/06/2023 01:15,10.5,457.03,61.4,40632.6,6391.45,-8.96524,4.086431,-1.84365,3.408
07/06/2023 01:45,10.19,459.08,61.91,40738.6,6424.55,-8.991227,4.091825,-1.825508,3.408
07/06/2023 02:15,10.19,459.57,62.28,40824,6458.8,-8.978477,4.094766,-1.837276,3.41
07/06/2023 02:45,10.19,460.85,62.38,40839.85,6463.95,-8.97946,4.076135,-1.833844,3.408
07/06/2023 03:15,10.69,463.23,63.04,41022,6523.05,-8.985834,4.082509,-1.82845,3.41
07/06/2023 03:45,10.81,465.37,64.02,41133,6594.2,-8.981421,4.065837,-1.827469,3.408
07/06/2023 04:15,11.12,467.5,65.59,41314.3,6692.25,-8.98044,4.078095,-1.853947,3.406
07/06/2023 04:45,11.12,469.59,67.97,41508.35,6826.15,-8.987795,4.093295,-1.821095,3.406
07/06/2023 05:15,11.31,470.07,70.56,41723.8,6980.5,-8.952002,4.106044,-1.840708,3.408
07/06/2023 05:45,11.62,462.25,74.75,41937.1,7195.5,-8.976518,4.075154,-1.85836,3.406
07/06/2023 06:15,11.62,453.92,78.64,42150.75,7386.7,-8.953962,4.097709,-1.840708,3.406
07/06/2023 06:45,12.31,453.87,77.13,42148.55,7368.25,-8.965239,4.088882,-1.836295,3.406
07/06/2023 07:15,12.69,444.04,87.73,42406.55,7811.1,-8.952982,4.103103,-1.827469,3.406
07/06/2023 07:45,13.88,448.29,86.41,42296.25,7777.2,-8.953961,4.097709,-1.811779,3.406
07/06/2023 08:15,13.88,444.84,98.97,42385.85,8185.55,-8.925032,4.116832,-1.850025,3.404
07/06/2023 08:46,14.5,449.41,103.19,42267.15,8306.4,-8.916205,4.122226,-1.809327,3.404
07/06/2023 09:16,15.31,459.13,117.41,42016.9,8678,-8.895123,4.122226,-1.830901,3.406
07/06/2023 09:46,15.31,478.65,101.28,41522.25,8041.75,-8.879921,4.17322,-1.81423,3.402
07/06/2023 10:16,17.38,483.64,100.43,41397.25,8025.5,-8.838732,4.224215,-1.810308,3.402
07/06/2023 10:46,18.5,492.57,79.23,41175.45,7007.6,-8.799509,4.237944,-1.821095,3.404
07/06/2023 11:16,18.5,467.06,84.09,41814.65,7447.85,-8.772539,4.270305,-1.816192,3.402
07/06/2023 11:46,21.88,498.26,71.11,40851.85,6603.05,-8.752926,4.302668,-1.817663,3.4
07/06/2023 12:16,23.25,493.95,71.91,40982.05,6642.4,-8.757339,4.287958,-1.841199,3.398
07/06/2023 12:46,21.81,491.47,79.79,41173.45,7025.35,-8.77352,4.273248,-1.833844,3.398
07/06/2023 13:16,21.81,490.7,70.23,40861.75,6584.55,-8.780385,4.26246,-1.838747,3.396
07/06/2023 13:46,21.62,485.44,68.99,40733.25,6520.25,-8.789701,4.266873,-1.835315,3.396
07/06/2023 14:16,21.31,482.83,68.6,40661.95,6493.5,-8.787741,4.270796,-1.839728,3.396
07/06/2023 14:46,21.31,480.7,66.04,40666.8,6447.75,-8.802448,4.21735,-1.85885,3.396
07/06/2023 15:16,20.69,479.79,65.87,40637.35,6440.35,-8.837262,4.221272,-1.841689,3.394
07/06/2023 15:46,20.19,478.29,65.28,40600.05,6407.9,-8.83334,4.215879,-1.846102,3.396
07/06/2023 16:16,19.38,475.86,64.49,40547.85,6354.8,-8.856877,4.205092,-1.844631,3.394
07/06/2023 16:46,19.38,475.48,63.9,40489.3,6320.75,-8.836283,4.181556,-1.841199,3.394
07/06/2023 17:16,19,473.9,63.5,40454.25,6302,-8.828927,4.168317,-1.851005,3.394
07/06/2023 17:46,18.19,471.9,63.07,40421.35,6290.4,-8.854423,4.207053,-1.834334,3.392
07/06/2023 18:16,18.19,470.36,62.21,40372.6,6242.75,-8.856874,4.166845,-1.841199,3.392
07/06/2023 18:46,17.5,468.09,61.56,40330.6,6223.3,-8.892672,4.184988,-1.834824,3.39
07/06/2023 19:16,16.81,466.34,60.9,40276.65,6204,-8.862759,4.169787,-1.839727,3.39
07/06/2023 19:46,16.81,463.91,60.15,40237.75,6189.9,-8.894142,4.15851,-1.835805,3.388
07/06/2023 20:16,15.31,462.24,59.91,40213.15,6183.65,-8.898063,4.159,-1.829921,3.386
07/06/2023 20:46,14.56,461.13,59.96,40218.4,6197.85,-8.913755,4.133503,-1.849044,3.386
07/06/2023 21:16,13.31,459.25,59.9,40190.35,6201.9,-8.930917,4.14331,-1.82845,3.386
07/06/2023 21:46,13.31,458.74,60.04,40235,6219.8,-8.934838,4.153606,-1.853457,3.384
07/06/2023 22:16,12.81,459.33,60.52,40401.45,6272.75,-8.943663,4.130071,-1.827469,3.382
07/06/2023 22:47,12.38,460.3,60.95,40520.85,6319.15,-8.946116,4.150664,-1.822566,3.38
07/06/2023 23:17,12.38,461.3,61.36,40647.3,6356.5,-8.947097,4.1286,-1.844631,3.382
07/06/2023 23:47,11.88,462.08,61.68,40740,6391.8,-8.930426,4.118793,-1.860812,3.378
08/06/2023 00:17,11.81,461.84,61.85,40788.65,6413.6,-8.956414,4.113399,-1.820605,3.378
08/06/2023 00:47,11.81,463.52,62.24,40971.75,6457,-8.95298,4.1134,-1.825018,3.378
08/06/2023 01:17,11.56,465.28,62.65,41064.2,6497.95,-8.954453,4.110948,-1.815701,3.378
08/06/2023 01:47,11.5,467.84,63.41,41206.65,6564,-8.948568,4.102612,-1.81374,3.378
08/06/2023 02:17,11.69,469.13,63.71,41279.75,6599.5,-8.952981,4.108006,-1.844141,3.378
08/06/2023 02:47,11.69,470.24,64.35,41450.8,6648.3,-8.947586,4.121245,-1.823057,3.376
08/06/2023 03:17,11.75,470.06,65.03,41685.55,6712.65,-8.957884,4.102612,-1.812269,3.376
08/06/2023 03:47,11.69,469.37,66,41735.55,6773.9,-8.956411,4.106535,-1.841689,3.374
08/06/2023 04:17,11.69,463.81,67.77,41897.45,6883.75,-8.949059,4.106534,-1.822566,3.374
08/06/2023 04:47,11.75,452.31,70.12,42192.25,7031.55,-8.974066,4.009939,-1.920632,3.372
08/06/2023 05:17,11.75,446.22,72.73,42350,7164.5,-8.962787,4.04132,-1.906413,3.37
08/06/2023 05:47,12.12,439.87,77.11,42515.5,7346.5,-8.978969,4.035436,-1.912297,3.368
08/06/2023 06:17,12.12,435.46,80.75,42631.1,7530,-8.974066,4.045243,-1.924065,3.368
08/06/2023 06:47,12.56,426.18,94.97,42876.5,8001.85,-8.978479,4.012391,-1.934362,3.364
08/06/2023 07:17,13,422.61,92.43,42971.7,7974.35,-8.952491,4.047204,-1.900529,3.362
08/06/2023 07:47,13,417.18,97.46,43117,8130.15,-8.938272,4.020236,-1.926516,3.358
08/06/2023 08:17,14.44,423.57,105.32,42946.15,8362.7,-8.919148,4.045733,-1.921123,3.358
08/06/2023 08:47,15.31,357.44,145.15,44784,10931.9,-8.910814,4.032985,-1.912297,3.356
08/06/2023 09:17,15.31,485.17,90.92,40055.7,7470.15,-8.879431,4.061424,-1.934362,3.354
08/06/2023 09:47,17.81,486.48,96.54,41326.45,8276.05,-8.835301,4.085941,-1.917691,3.352
08/06/2023 10:17,19.5,499.89,98.7,40989.9,8198.4,-8.83285,4.151645,-1.927497,3.35
08/06/2023 10:47,23.94,491.42,113.44,41204.1,8631.75,-8.806371,4.156549,-1.936814,3.348
08/06/2023 11:17,23.94,493.56,128.42,41151.2,8966.9,-8.751454,4.18891,-1.914748,3.348
08/06/2023 11:47,26,490.53,72.31,39550.5,6408.1,-8.765675,4.169787,-1.951033,3.348
08/06/2023 12:17,26.5,485.82,70.66,39760.25,6414.1,-8.785287,4.12811,-1.979472,3.346
08/06/2023 12:48,26.5,477.86,115,41542,8386.25,-8.784796,4.119773,-1.97555,3.342
08/06/2023 13:18,24.88,504.59,107.92,40880,7948.3,-8.789208,4.120755,-1.986337,3.34
08/06/2023 13:48,26.06,517.8,99.23,40397.75,7546.5,-8.741648,4.126147,-1.96133,3.336
08/06/2023 14:18,28.31,481.9,68.27,39107.5,6250.95,-8.725468,4.183517,-1.96084,3.336
08/06/2023 14:48,28.31,477.9,64.57,39435.85,6185.95,-8.75783,4.115851,-1.986337,3.332
08/06/2023 15:18,26.62,473.3,63.96,39484.55,6184,-8.770086,4.132032,-1.970646,3.332
08/06/2023 15:48,23.06,469.72,63.14,39383.6,6150.95,-8.791172,4.117322,-1.967214,3.332
08/06/2023 16:18,23.06,466.54,62.27,39272.95,6102.75,-8.816668,4.112909,-1.965743,3.33
08/06/2023 16:48,21.81,464.29,61.58,39202.95,6064,-8.850992,4.106534,-1.959859,3.33
08/06/2023 17:18,20.94,461.95,61.15,39115.65,6049.45,-8.869133,4.105063,-1.959859,3.326
08/06/2023 17:48,20.94,460.17,60.71,39193.7,6035.6,-8.875017,4.035437,-1.956427,3.326
08/06/2023 18:18,19.19,458.31,59.68,39104.35,5969.75,-8.881392,4.087902,-1.969666,3.324
08/06/2023 18:48,18.25,456.3,59.15,39040.7,5952.75,-8.897573,4.075153,-1.970646,3.322
08/06/2023 19:18,16.88,454.18,58.45,38920.75,5933.85,-8.920619,4.032004,-1.966724,3.322
08/06/2023 19:48,16.88,451.11,57.88,38886,5915,-8.900025,4.061425,-1.980453,3.322
08/06/2023 20:18,16.19,448.32,57.58,38827.75,5907.2,-8.932386,4.044263,-1.972117,3.32
08/06/2023 20:48,15.62,445.72,57.59,38714.25,5903.1,-8.927975,4.004056,-1.961821,3.318
08/06/2023 21:18,15.62,443.68,57.36,38561.6,5898.4,-8.957396,4.022197,-1.978982,3.316
08/06/2023 21:48,14.62,441.83,57.34,38496.5,5899.6,-8.958375,4.01043,-2.000556,3.314
08/06/2023 22:18,14.19,441.1,57.32,38387.8,5902.2,-8.958375,4.005527,-1.96084,3.312
08/06/2023 22:48,14.19,439.49,57.31,38326.25,5899.85,-8.956903,4.014842,-1.96133,3.31
08/06/2023 23:18,13.62,437.97,57.22,38281.25,5900.85,-8.980439,4.006997,-1.963782,3.304
08/06/2023 23:48,13.31,436.6,57.2,38239.75,5901.75,-8.969162,4.007488,-1.956427,3.302
09/06/2023 00:18,12.75,436.53,57.24,38224.95,5907.9,-8.99515,4.000133,-1.949562,3.302
09/06/2023 00:48,12.75,437.8,57.52,38282.5,5927.15,-8.971125,3.991798,-1.955446,3.298
09/06/2023 01:18,12.62,440.71,57.87,38416.55,5955.25,-8.977498,4.006997,-1.969176,3.294
09/06/2023 01:48,12.94,443.95,58.44,38627.4,6008.2,-8.975537,3.985913,-1.980453,3.292
09/06/2023 02:18,12.94,443.72,58.62,38654.65,6017.85,-8.974557,4.0119,-1.972608,3.288
09/06/2023 02:48,13.56,444.1,58.81,38665.75,6030.6,-8.981912,3.988364,-1.941226,3.284
09/06/2023 03:19,13.69,444.14,59.12,38704.85,6052.4,-8.953961,3.998662,-1.953485,3.28
09/06/2023 03:49,13.62,445.24,60.18,38767.35,6109.4,-8.986323,4.000623,-1.96231,3.276
09/06/2023 04:19,13.62,447.43,61.49,38902.45,6191.55,-8.966219,3.992287,-1.955936,3.274
09/06/2023 04:49,13.62,450.26,62.85,38991.5,6272.4,-8.930426,3.980029,-1.944659,3.272
09/06/2023 05:19,13.75,452.88,65.04,39223.55,6399.65,-8.96475,3.997191,-1.948581,3.27
09/06/2023 05:49,13.75,455.7,67.55,39440,6562.55,-8.915715,4.120264,-1.910335,3.266
09/06/2023 06:19,14.12,461.74,72.72,39813.1,6830.25,-8.866192,4.14331,-1.895626,3.264
09/06/2023 06:49,14.38,463.24,75.17,39834.85,6953.65,-8.888748,4.154097,-1.898567,3.26
09/06/2023 07:19,14.38,465.9,79.41,39901.1,7174.5,-8.884826,4.150664,-1.885329,3.254
09/06/2023 07:49,15.38,475.99,94.07,40256.75,7783.25,-8.867662,4.138406,-1.900038,3.252
09/06/2023 08:19,16,494.4,112.08,40809.4,8660,-8.845108,4.178123,-1.88729,3.246
09/06/2023 08:49,19,486.21,113.96,41333.3,8869.25,-8.805392,4.23108,-1.913277,3.244
09/06/2023 09:19,19,488.04,96.69,38931.85,8029.95,-8.788719,4.201659,-1.913768,3.242
09/06/2023 09:49,21.06,480.45,82.99,38174.3,6945.6,-8.743119,4.255105,-1.933381,3.236
09/06/2023 10:19,23.38,495.58,86.27,38567.75,7067.25,-8.696537,4.307571,-1.951033,3.228
09/06/2023 10:49,23.38,510.21,108.18,39023.35,7895.9,-8.639169,4.309042,-1.926517,3.226
09/06/2023 11:19,28.75,506.79,107.8,38743.1,7753.5,-8.612692,4.356114,-1.953485,3.22
09/06/2023 11:49,31.81,150.41,60.41,12140.4,6021.45,10.028772,1.014498,1.986337,3.218
09/06/2023 12:19,34.62,174.49,61.71,14114.55,6208.25,10.01112,1.088538,2.091268,3.216
09/06/2023 12:49,34.62,181.01,61.9,14689.75,6250,9.99837,1.100796,2.068713,3.212
09/06/2023 13:19,33.81,185.76,61.6,15149.9,6247.1,9.989546,1.065002,2.077048,3.208
09/06/2023 13:49,31.44,188.77,60.52,15466,6175,9.970423,1.066963,2.057435,3.204
09/06/2023 14:19,31.44,185.03,59.1,15240.3,6062.9,9.958163,1.045879,2.067732,3.2
09/06/2023 14:49,29.88,183.33,58.36,15185.3,5999.25,9.963556,1.050783,2.067732,3.194
09/06/2023 15:19,28.5,186.44,57.77,15411,5962.05,9.946886,1.029698,2.080971,3.192
09/06/2023 15:49,28.5,120.84,51.88,10269.8,5331.9,7.842868,-2.94886,-5.54419,3.188
09/06/2023 16:19,26.69,123.18,48.08,10414.9,4997.15,7.837965,-2.93464,-5.532912,3.182
09/06/2023 16:49,25.69,123.93,47.38,10424.1,4923.3,7.818352,-2.962589,-5.538306,3.178
09/06/2023 17:20,26.38,122.98,46.12,10297.05,4799.25,7.822764,-2.942976,-5.562822,3.17
09/06/2023 17:50,26.38,121.14,46.51,10148,4827.9,7.83012,-2.958666,-5.537325,3.168
09/06/2023 18:20,26.19,120.45,48.19,10114,5014.6,7.818843,-2.957686,-5.53046,3.166
09/06/2023 18:50,25.25,129.8,46.15,10905,4951.5,7.822274,-2.893942,-5.534382,3.162
09/06/2023 19:20,25.25,128.33,46.27,10795.1,4968.35,7.820314,-2.897865,-5.5437,3.158
09/06/2023 19:50,23.5,127.8,46.69,10777.75,5020.2,7.797267,-2.927776,-5.541247,3.152
09/06/2023 20:20,22.69,127.39,46.66,10751.65,5029.65,7.782067,-2.921892,-5.526047,3.146
09/06/2023 20:50,22.69,127.19,46.77,10756.85,5049.7,7.760983,-2.941995,-5.546641,3.144
09/06/2023 21:20,21.38,126.4,46.81,10706.75,5066.85,7.760493,-2.93415,-5.536834,3.14
09/06/2023 21:50,20.69,126.02,47.02,10700.95,5099,7.750686,-2.942485,-5.533893,3.136
09/06/2023 22:20,19.56,125.23,47.2,10639.6,5125.25,7.760491,-2.958176,-5.550074,3.13
09/06/2023 22:50,19.56,124.37,47.49,10596,5160.4,7.72862,-2.967492,-5.566745,3.124
09/06/2023 23:20,19.12,124.05,47.39,10572.8,5160.55,7.734016,-2.954744,-5.526048,3.12
09/06/2023 23:50,18.62,123.28,47.08,10522.85,5139.95,7.719305,-2.941995,-5.536835,3.114
10/06/2023 00:20,18.62,123.05,46.89,10507.05,5124.65,7.705575,-2.974357,-5.541739,3.112
10/06/2023 00:50,17.88,120.33,46.14,10283.45,5039.55,7.714892,-2.990538,-5.546641,3.108
10/06/2023 01:20,17.44,117.91,45.17,10069.5,4935.2,7.696259,-2.971415,-5.538796,3.102
10/06/2023 01:50,16.81,116.93,44.76,9988.25,4890.9,7.700673,-2.977299,-5.521634,3.094
10/06/2023 02:20,16.81,116.27,44.58,9943.1,4872.5,7.695769,-3.016036,-5.527028,3.088
10/06/2023 02:50,16.44,115.56,44.37,9885.3,4859.45,7.696748,-2.976809,-5.524086,3.082
10/06/2023 03:20,16.06,115.47,44.21,9871.9,4849.5,7.703614,-2.986615,-5.532422,3.074
10/06/2023 03:50,16.06,128.34,50.42,11097.5,5561,7.680078,-2.982693,-5.539286,3.07
10/06/2023 04:20,15.62,128.84,50.61,11130.6,5581.15,7.682531,-3.010642,-5.519184,3.062
10/06/2023 04:50,15.5,128.32,50.78,11102.1,5599.55,7.675175,-3.014074,-5.504472,3.058
10/06/2023 05:20,15.5,128.06,50.35,11069.45,5553.75,7.681549,-3.034178,-5.508886,3.054
10/06/2023 05:50,15.44,127.72,50.52,11037.7,5571,7.676155,-3.023881,-5.482899,3.044
10/06/2023 06:20,15.56,127.23,50.46,10990.4,5561.75,7.668311,-3.005738,-5.516241,3.036
10/06/2023 06:50,16.69,127.57,50.25,10982.1,5536.7,7.676646,-2.986615,-5.477995,3.032
10/06/2023 07:21,16.69,128.19,50.06,11009.5,5513.5,7.679587,-3.051339,-5.471622,3.026
10/06/2023 07:51,17.31,126.68,49.92,10873.55,5491.25,7.683019,-3.016035,-5.446124,3.014
10/06/2023 08:21,18,126.89,49.71,10847.5,5449.6,7.672231,-3.028784,-5.433374,3.006
10/06/2023 08:51,18,125.93,49.39,10750.65,5404,7.724209,-2.999364,-5.463776,2.998
10/06/2023 09:21,19.44,126.75,49.18,10786.85,5374.2,7.711459,-3.001816,-5.449555,2.99
10/06/2023 09:51,20.19,125.61,49.14,10675.65,5353.2,7.757551,-2.987596,-5.478975,2.98
10/06/2023 10:21,21.75,125.12,48.91,10599.1,5314.05,7.751176,-2.97926,-5.509376,2.97
10/06/2023 10:51,21.75,137.4,56.54,11576.5,5966.1,8.18365,-2.947389,-4.993546,2.96
10/06/2023 11:21,22.31,138.07,56.32,11605.25,5948.5,8.204243,-2.941505,-4.990605,2.954
10/06/2023 11:51,23.81,135.52,56.21,11369.85,5929.05,8.208657,-2.936601,-4.987172,2.948
10/06/2023 12:21,23.81,134.07,55.91,11223.35,5873.9,8.216502,-2.901298,-4.981287,2.936
10/06/2023 12:51,24.38,132.51,55.83,11064.45,5854.25,8.225328,-2.889039,-4.97001,2.926
10/06/2023 13:21,25,132.22,56.67,10996.55,5864.85,8.234644,-2.886097,-5.021986,2.92
10/06/2023 13:51,25,131.95,57.01,10934.25,5848.8,8.230721,-2.896394,-5.002373,2.904
10/06/2023 14:21,26.88,153.25,60.72,12842.85,6268.35,9.075566,-3.028784,3.514213,2.898
10/06/2023 14:51,26.12,151.38,60.07,12659,6209.7,9.105474,-3.004267,3.531375,2.884
10/06/2023 15:21,27.19,150.92,58.84,12591.15,6098.55,9.075563,-2.99397,3.550988,2.87
10/06/2023 15:51,27.19,149.54,57.96,12448.5,6007,9.093708,-3.017016,3.529903,2.854
10/06/2023 16:21,27,149.67,57.49,12420.9,5951.85,9.073603,-3.000345,3.512742,2.84
10/06/2023 16:51,26.88,151.04,57.04,12474.05,5908.05,9.077035,-2.99348,3.527942,2.808
10/06/2023 17:21,26.88,147.19,55.61,12141.8,5759.5,9.085862,-2.999364,3.530884,2.784
10/06/2023 17:51,27.19,143.91,54.65,11863.8,5653.7,9.077035,-2.995441,3.549027,2.75
10/06/2023 18:21,27.19,141.42,53.2,11650.55,5517.3,9.094197,-2.986125,3.527943,2.722
10/06/2023 18:51,27.19,139.43,52.08,11484.45,5399.45,9.068701,-3.006228,3.515684,2.692
10/06/2023 19:21,26.19,136.13,50.73,11230.8,5257.35,9.031925,-2.866975,3.648565,2.66
10/06/2023 19:51,25.56,134.36,49.53,11049.35,5139.9,9.046144,-2.891981,3.64268,2.632
10/06/2023 20:21,24.31,131.49,48.45,10837.65,5029.2,9.042223,-2.870897,3.628951,2.602
10/06/2023 20:51,24.31,129.24,47.46,10640.4,4925.8,9.018195,-2.872858,3.659842,2.572
10/06/2023 21:21,23.62,126.1,46.4,10410.8,4818.25,9.016726,-2.885607,3.650035,2.538
10/06/2023 21:52,23.06,123.55,45.28,10187.25,4705.2,9.009859,-2.909633,3.626009,2.51
10/06/2023 22:22,-2048,121.02,44.15,9977,4592.45,8.971123,-2.920911,3.6417,2.48
30/06/2023 12:57,21.81,0,139.74,65535,14417.5,9.260909,1.087558,2.353106,4.034
30/06/2023 13:27,21.81,346.97,113.14,29181.95,12580.9,9.93855,-0.597225,1.966233,4.034
30/06/2023 13:57,20.88,346.38,112.95,29205.35,12560.9,9.920408,-0.592322,1.933872,4.036
30/06/2023 14:27,20.25,346.47,113.56,29219.25,12588,9.920408,-1.396467,1.581322,4.034
30/06/2023 14:58,19.88,345.84,112.43,29253.35,12530.25,9.911583,-1.411177,1.586716,4.034
30/06/2023 15:28,19.88,0,134.53,65535,14023.75,0.049033,-7.643793,6.532701,4.034
30/06/2023 15:58,19.81,345.96,112.19,29470.35,12557.3,9.737513,-0.282922,2.75665,4.034
30/06/2023 16:28,19.5,346.24,112.13,29455.55,12542.55,9.682595,-0.248599,2.754198,4.034
30/06/2023 16:58,19.5,346.2,111.68,29415.25,12502.1,9.709074,-0.263309,2.742921,4.034
30/06/2023 17:28,19.44,345.84,111.6,29410.35,12474.55,9.694854,-0.271644,2.745372,4.034
30/06/2023 17:58,19.5,345.8,111.34,29406.5,12454.35,9.700739,-0.299593,2.746843,4.03
30/06/2023 18:28,19.75,345.3,111.14,29375.6,12423.25,9.723294,-0.297632,2.764004,4.034
30/06/2023 18:58,19.75,345.46,111.11,29366.35,12403.5,9.712996,-0.271644,2.74243,4.034
30/06/2023 19:28,19.88,345.1,110.76,29330.8,12381.1,9.707602,-0.288806,2.744882,4.028
30/06/2023 19:58,19.88,345.45,110.72,29341.5,12366,9.706133,-0.255463,2.767437,4.032
30/06/2023 20:28,19.88,345.2,110.41,29332.8,12343.4,9.698778,-0.275567,2.77234,4.03
30/06/2023 20:58,20,345.06,110.13,29322.5,12320,9.70319,-0.249089,2.747334,4.03
30/06/2023 21:28,20,344.94,110.15,29322.75,12297.8,9.725255,-0.278019,2.763514,4.028
30/06/2023 21:58,20.12,344.15,110.04,29323.75,12273.1,9.709566,-0.297632,2.752237,4.028
30/06/2023 22:28,20.12,344.28,109.88,29321.25,12263.5,9.697306,-0.285864,2.74243,4.028
30/06/2023 22:58,20.12,344.71,109.84,29318.15,12244.05,9.721332,-0.261838,2.747823,4.028
30/06/2023 23:28,20.12,344.98,109.56,29303.7,12224.75,9.71839,-0.270664,2.737036,4.03
30/06/2023 23:58,20.12,344.3,109.38,29309.8,12225.75,9.723783,-0.258405,2.744391,4.024
01/07/2023 00:28,20.19,344.36,109.39,29322.6,12205.25,9.700739,-0.267722,2.75616,4.026
01/07/2023 00:58,20.25,343.96,109.17,29310.5,12185.5,9.716919,-0.271644,2.74292,4.024
01/07/2023 01:28,20.19,343.79,108.96,29305.6,12156.1,9.709564,-0.287825,2.75861,4.024
01/07/2023 01:58,20.19,342.98,108.68,29271.75,12129.4,9.698777,-0.289786,2.740959,4.024
01/07/2023 02:28,20.19,343.17,108.62,29279.9,12114.75,9.731138,-0.275077,2.752237,4.024
01/07/2023 02:58,20.25,343.16,108.43,29267,12108.25,9.707112,-0.291748,2.75763,4.026
01/07/2023 03:28,20.25,343.47,108.27,29303.15,12101.25,9.722803,-0.275077,2.765476,4.026
01/07/2023 03:58,20.25,343.05,108.06,29272.25,12060.05,9.728688,-0.280961,2.765966,4.022
01/07/2023 04:28,20.19,343.14,107.94,29297.35,12045.7,9.727217,-0.275077,2.77185,4.022
01/07/2023 04:59,20.25,342.51,107.76,29277.5,12033.2,9.70466,-0.273606,2.75763,4.024
01/07/2023 05:29,20.25,342.76,107.7,29286.75,12025.75,9.706624,-0.283412,2.751746,4.02
01/07/2023 05:59,20.19,342.67,107.68,29302.95,12017.75,9.693874,-0.315284,2.759101,4.02
01/07/2023 06:29,20.19,343.16,107.49,29310,12008.5,9.732609,-0.27949,2.75861,4.022
01/07/2023 06:59,20.19,343.13,107.68,29327.6,12006.65,9.7027,-0.306948,2.767927,4.018
01/07/2023 07:29,20.25,343.75,107.73,29338.25,12002.15,9.709076,-0.255954,2.740959,4.02
01/07/2023 07:59,20.25,343.14,107.25,29298.9,11966.2,9.7179,-0.272625,2.740959,4.018
01/07/2023 08:29,20.38,343.39,107.6,29339.5,11992.2,9.717409,-0.286844,2.776263,4.018
01/07/2023 08:59,20.38,342.81,107.29,29336.35,11949.5,9.728197,-0.264289,2.745372,4.02
01/07/2023 09:29,20.44,342.64,107.31,29341.75,11942.65,9.701719,-0.283903,2.766456,4.016
01/07/2023 09:59,20.44,343.46,107.49,29378.85,11950.95,9.713978,-0.268702,2.753707,4.016
01/07/2023 10:29,20.44,343.94,107.94,29397.2,11965.1,9.71937,-0.290767,2.756649,4.016
01/07/2023 10:59,20.62,342.33,106.63,29310.7,11888.5,9.71692,-0.276548,2.755669,4.016
01/07/2023 11:29,20.62,343.06,107.23,29333.8,11919.35,9.717898,-0.259386,2.77234,4.018
01/07/2023 11:59,20.81,343.33,107.19,29343.35,11913.25,9.714468,-0.282432,2.748313,4.014
01/07/2023 12:29,20.81,343.39,106.97,29331.25,11883.35,9.725254,-0.272135,2.762533,4.016
01/07/2023 12:59,20.88,342.44,106.87,29317.55,11863.15,9.728197,-0.266251,2.744882,4.014
01/07/2023 13:29,20.94,343.39,107.07,29327.85,11869.15,9.712507,-0.271154,2.717913,4.014
01/07/2023 13:59,20.94,345.57,108.54,29459.25,11973.45,9.735551,-0.269683,2.737036,4.014
01/07/2023 14:29,21.19,342.65,106.7,29276.7,11828.7,9.725744,-0.297632,2.766946,4.014
01/07/2023 14:59,21.19,343.04,106.6,29301,11837.25,9.713976,-0.28047,2.745862,4.014
01/07/2023 15:29,21.31,343.38,106.71,29277.4,11823,9.725253,-0.266741,2.756159,4.014
01/07/2023 15:59,21.31,342.09,106.15,29221,11775.1,9.742416,-0.267722,2.761062,4.012
01/07/2023 16:29,21.5,343.65,106.44,29258.25,11785.25,9.743397,-0.257915,2.745862,4.012
01/07/2023 16:59,21.5,342.34,105.68,29209.45,11739.55,9.74781,-0.266741,2.743901,4.012
01/07/2023 17:29,21.5,341.67,105.56,29182.4,11719.75,9.75026,-0.283902,2.765476,4.012
01/07/2023 17:59,21.69,344.55,107.02,29278.75,11804.7,9.740947,-0.282432,2.759101,4.012
01/07/2023 18:29,21.81,342.68,105.55,29165.95,11696,9.729669,-0.252521,2.741449,4.012
01/07/2023 19:00,21.81,341.45,105.23,29138.75,11673.2,9.732121,-0.275077,2.744391,4.012
01/07/2023 19:30,21.88,340.17,104.77,29098.35,11637.75,9.753204,-0.260367,2.747823,4.012
01/07/2023 20:00,21.88,340.43,104.34,29075.75,11623.65,9.748302,-0.248599,2.738017,4.012
01/07/2023 20:30,21.75,339.87,104.28,29074.05,11613.8,9.73408,-0.272135,2.733604,4.012
01/07/2023 21:00,21.75,340.26,104.15,29073.5,11594,9.725743,-0.316264,2.75714,4.012
01/07/2023 21:30,21.69,339.83,104.02,29072.55,11592.2,9.731629,-0.296161,2.741449,4.01
01/07/2023 22:00,21.56,340.11,104.02,29075.8,11584.15,9.735552,-0.293709,2.724288,4.01
01/07/2023 22:30,21.56,340.19,103.78,29074.6,11582.75,9.727217,-0.273115,2.74194,4.01
01/07/2023 23:00,21.5,339.62,103.91,29069,11576.45,9.735062,-0.29567,2.739487,4.01
01/07/2023 23:30,21.38,339.6,103.8,29078.5,11573.35,9.725745,-0.289296,2.740958,4.008
02/07/2023 00:00,21.25,339.72,103.74,29081.75,11569.55,9.727706,-0.277528,2.743901,4.008
02/07/2023 00:30,21.25,339.75,103.62,29083.75,11564.05,9.712015,-0.282432,2.741449,4.01
02/07/2023 01:00,21.19,339.48,103.58,29092.05,11559.9,9.727217,-0.272135,2.752237,4.008
02/07/2023 01:30,21.12,339.35,103.67,29106.3,11551,9.743399,-0.300083,2.743901,4.008
02/07/2023 02:00,21.12,338.87,103.35,29099.7,11548.9,9.71741,-0.29518,2.753707,4.006
02/07/2023 02:30,21.06,339.49,103.3,29111.65,11548.5,9.720842,-0.261347,2.740959,4.008
02/07/2023 03:00,20.94,338.81,103.34,29107.45,11542.45,9.713487,-0.300083,2.753217,4.008
02/07/2023 03:30,20.88,339.23,103.24,29116.3,11537.5,9.731138,-0.312832,2.761553,4.006
02/07/2023 04:00,20.88,338.85,103.24,29117.75,11536.6,9.734079,-0.300083,2.747824,4.004
02/07/2023 04:30,20.81,338.9,102.99,29107.6,11525,9.71937,-0.306948,2.741449,4.006
02/07/2023 05:00,20.69,338.52,103.12,29103.9,11519.7,9.700738,-0.269683,2.746843,4.006
02/07/2023 05:30,20.69,338.66,103.06,29105.5,11523,9.719371,-0.273115,2.741449,4.004
02/07/2023 06:00,20.69,338.98,103.17,29133.7,11525.75,9.703681,-0.28047,2.753217,4.008
02/07/2023 06:30,20.56,339.29,103.16,29140.35,11529.25,9.727217,-0.288806,2.731153,4.004
02/07/2023 07:00,20.5,338.85,103.45,29164.4,11541,9.738493,-0.303516,2.746353,4.004
02/07/2023 07:30,20.5,339.66,103.61,29189.4,11553.75,9.727216,-0.3094,2.753217,4.004
02/07/2023 08:00,20.44,339.34,103.64,29204.65,11558.05,9.717899,-0.305477,2.747333,4.004
02/07/2023 08:30,20.44,339.87,103.87,29241.6,11569.85,9.728686,-0.306458,2.755669,4.004
02/07/2023 09:01,20.44,340.11,104.17,29227.05,11574.4,9.728197,-0.304496,2.764004,4.004
02/07/2023 09:31,20.56,339.66,103.92,29195.95,11556,9.697307,-0.303516,2.745372,4.004
02/07/2023 10:01,20.56,339.07,103.23,29168.5,11511.15,9.71839,-0.296161,2.749295,4.004
02/07/2023 10:31,20.69,339.35,103.81,29192.1,11543.2,9.715939,-0.169165,2.750275,4.002
02/07/2023 11:01,20.69,338.43,102.71,29103.6,11451.55,9.730158,-0.201527,2.766947,3.998
02/07/2023 11:31,20.75,338.49,103.39,29137.55,11500.45,9.744869,-0.175049,2.739978,4
02/07/2023 12:01,20.62,338.35,103.21,29118.55,11495.25,9.730159,-0.187797,2.767928,4
02/07/2023 12:31,20.62,338.5,103.3,29128.1,11493,9.7179,-0.195643,2.753217,4
02/07/2023 13:01,20.62,340.55,104.53,29243.8,11587,9.738493,-0.17652,2.750275,3.998
02/07/2023 13:31,20.5,337.85,103.15,29082.5,11482,9.716918,-0.194172,2.75714,3.998
02/07/2023 14:01,20.62,340.56,104.5,29216.85,11579.65,9.711525,-0.184855,2.753217,3.998
02/07/2023 14:31,20.62,337.88,102.88,29073.75,11457.5,9.724764,-0.183384,2.741449,3.998
02/07/2023 15:01,20.5,337.41,102.49,29069.5,11439.25,9.729666,-0.174558,2.711048,3.996
02/07/2023 15:31,20.5,340.19,104.1,29233.05,11550.25,9.710545,-0.186817,2.730662,3.996
02/07/2023 16:01,20.5,340.45,104.11,29209.25,11543,9.713977,-0.180442,2.737527,3.996
02/07/2023 16:31,20.56,338.21,102.93,29105.75,11456.7,9.710053,-0.17701,2.743411,3.996
02/07/2023 17:01,20.5,336.4,102.22,29018.05,11412.8,9.715938,-0.177991,2.736055,3.994
02/07/2023 17:31,20.56,339.58,103.73,29143.5,11492.6,9.716919,-0.208882,2.779695,3.996
02/07/2023 18:01,20.56,336.44,101.92,28997.2,11385,9.714467,-0.165242,2.747824,3.994
02/07/2023 18:31,20.5,335.66,101.9,28932.7,11380.85,9.724765,-1.248387,2.516877,3.994
02/07/2023 19:01,20.44,336.09,101.63,28930.1,11353.6,9.710056,-1.222399,2.529625,3.992
02/07/2023 19:31,20.44,335.63,101.51,28917.5,11338.9,9.731139,-1.243483,2.52178,3.992
02/07/2023 20:01,20.62,335.42,101.34,28902.95,11333.5,9.742415,-1.217986,2.511973,3.994
02/07/2023 20:31,20.69,334.67,101.13,28905,11312.05,9.738493,-1.218967,2.513935,3.992
02/07/2023 21:01,20.81,334.08,100.26,28507.95,11134.95,9.487932,-1.677428,3.015544,3.992
02/07/2023 21:31,20.81,335.02,100.3,28506.5,11097.2,9.522256,-1.653401,3.005248,3.992
02/07/2023 22:01,22.06,334.98,100.25,28565.1,11110.8,9.536967,-1.649969,3.00868,3.992
02/07/2023 22:31,22.62,335.01,100.16,28611.85,11136.6,9.538438,-1.617117,3.028784,3.988
02/07/2023 23:02,22.62,335.27,100.22,28662.6,11141.8,9.512941,-1.639182,3.02339,3.992
02/07/2023 23:32,22.62,335.23,100.23,28701.75,11154,9.537458,-1.640652,3.026332,3.992
03/07/2023 00:02,22.5,334.75,100.25,28699.55,11158.5,9.509016,-1.660266,3.011132,3.988
03/07/2023 00:32,22.06,334.97,100.08,28746.85,11165.25,9.518335,-1.631827,3.0077,3.986
03/07/2023 01:02,22.06,334.41,100.15,28770.55,11168.45,9.519806,-1.677918,3.005248,3.986
03/07/2023 01:32,21.88,335.16,100.17,28778.95,11176.7,9.495289,-1.655362,3.028784,3.988
03/07/2023 02:02,21.69,334.91,100.23,28808.45,11177,9.516863,-1.676937,3.021429,3.99
03/07/2023 02:32,21.69,334.88,100.27,28804.9,11178.55,9.527159,-1.663698,3.006719,3.986
03/07/2023 03:02,21.38,334.74,100.11,28826.95,11179.9,9.518334,-1.649969,3.014564,3.986
03/07/2023 03:32,21.19,334.17,100.04,28828.35,11182.05,9.521276,-1.69508,3.040061,3.986
03/07/2023 04:02,21.19,334.12,100.01,28836.15,11185.2,9.527651,-1.656834,3.017996,3.986
03/07/2023 04:32,21.06,334.64,100.15,28829.25,11180.8,9.500683,-1.668111,2.998874,3.986
03/07/2023 05:02,20.94,334.29,99.95,28858.75,11186.75,9.491368,-1.662718,3.026822,3.986
03/07/2023 05:32,20.81,334.3,100.11,28862.9,11191.7,9.498723,-1.677918,3.027313,3.986
03/07/2023 06:02,20.81,334.01,100.3,28866.25,11191.3,9.488915,-1.660266,3.027313,3.984
03/07/2023 06:32,20.75,333.72,100.18,28876.95,11198.85,9.486954,-1.678899,3.013093,3.986
03/07/2023 07:02,20.56,334.01,99.6,28274.15,10980.95,9.925312,1.613194,0.468758,3.986
03/07/2023 07:32,20.56,334.2,99.55,28354.5,10981,10.01308,-1.206218,0.816404,3.986
03/07/2023 08:02,22.56,333.42,99.88,28423.3,11024.3,10.050836,-1.20965,0.818365,3.986
03/07/2023 08:32,23,334.22,100.07,28556.45,11061.95,10.047892,-1.220438,0.834546,3.986
03/07/2023 09:02,22.69,334.36,100.31,28622.9,11095.25,10.031221,-1.213083,0.830133,3.984
03/07/2023 09:32,22.69,334.63,100.63,28696.05,11119.5,10.021905,-1.212102,0.817384,3.984
03/07/2023 10:02,22.44,340.84,107.4,29063,11584.45,9.965518,-2.126572,0.028439,3.986
03/07/2023 10:32,22.5,349.88,117.38,29682.65,12214.85,9.966009,-2.083423,0.026968,3.984
03/07/2023 11:02,22.5,349.32,116.87,29683.15,12241,9.975815,-2.111862,0.026968,3.984
03/07/2023 11:32,23.44,340.63,107.53,29104,11601.75,9.992978,-2.102545,0.018142,3.984
03/07/2023 12:02,23.69,342.59,109.12,29202.35,11690.55,9.986603,-2.096172,0.031381,3.984
03/07/2023 12:32,23.75,343.9,110.39,29318.3,11781.6,9.976307,-2.104507,0.023536,3.982
03/07/2023 13:03,23.75,349.23,117.53,29678.75,12257.3,9.971403,-2.0947,0.035794,3.984
03/07/2023 13:33,23.81,346.16,114.14,29548.8,12065,9.979738,-2.098133,0.038246,3.984
03/07/2023 14:03,23.75,343.26,110.27,29289.05,11777.65,9.987093,-2.084403,0.034814,3.98
03/07/2023 14:33,23.75,337.13,103.12,28844.15,11334.05,9.978268,-2.103526,0.036285,3.98
03/07/2023 15:03,24.12,336.54,103.56,28801.5,11336.95,9.98464,-2.088817,0.018142,3.982
03/07/2023 15:33,23.75,340.5,107.2,29048.25,11518.45,9.969931,-2.097152,0.02942,3.984
03/07/2023 16:03,23,337.3,103.7,28879.05,11370.75,9.96895,-2.095681,-0.000981,3.982
03/07/2023 16:33,23,339.75,106.52,29001.05,11470.8,9.976308,-2.096171,0.01471,3.982
03/07/2023 17:03,23.38,338.67,104.64,28892.5,11385.75,9.971893,-2.102055,0.019613,3.982
03/07/2023 17:33,23.44,339.84,106.74,29033.35,11499.9,9.976795,-2.120198,0.011278,3.982
03/07/2023 18:03,23.44,337.58,104.06,28861.75,11358.5,9.980227,-2.096171,0.042659,3.978
03/07/2023 18:33,23.19,336.49,103.31,28856.95,11349.3,9.95277,-2.112352,0.012749,3.978
03/07/2023 19:03,23.06,335.15,102.26,28819.05,11275.55,9.958162,-2.112352,0.019123,3.976
03/07/2023 19:33,22.5,335.24,102.12,28830.25,11261.95,9.959634,-2.099604,0.022065,3.98
03/07/2023 20:03,22.5,332.85,100.05,28733.25,11095.3,9.962576,-2.136378,0.049033,3.978
03/07/2023 20:33,22.19,332.5,99.45,28729.9,11070.4,9.9513,-2.137359,0.022065,3.978
03/07/2023 21:03,21.88,331.84,99.16,28713.35,11054.4,9.951297,-2.104997,0.015691,3.976
03/07/2023 21:33,21.88,331.34,98.87,28704.05,11051.35,9.962578,-2.141773,0.045111,3.978
03/07/2023 22:03,21.38,330.96,98.8,28706.6,11049.1,9.942473,-2.126082,0.041188,3.976
03/07/2023 22:33,21.06,330.63,98.7,28744.6,11046.2,9.939531,-2.126081,0.030401,3.974
03/07/2023 23:03,20.81,330.89,98.76,28737.05,11048.25,9.938061,-2.131965,0.036775,3.976
03/07/2023 23:33,20.81,331.02,98.6,28772.6,11046.2,9.966989,-2.125591,0.018142,3.974
04/07/2023 00:03,20.62,330.89,98.6,28794.95,11042.35,9.926291,-2.145695,0.040698,3.974
04/07/2023 00:33,20.44,330.75,98.54,28799.9,11046.55,9.931686,-2.122649,0.030891,3.974
04/07/2023 01:03,20.44,330.01,98.49,28787.95,11050.55,9.92384,-2.132456,0.026478,3.974
04/07/2023 01:33,20.25,330.69,98.51,28809.5,11049.6,9.916975,-2.144715,0.049033,3.974
04/07/2023 02:03,20.12,330.75,98.45,28837,11053.6,9.941492,-2.161876,0.030891,3.972
04/07/2023 02:33,20,330.87,98.47,28842.7,11055.45,9.932178,-2.142753,0.020594,3.972
04/07/2023 03:03,20,330.11,98.45,28846.2,11057.05,9.920898,-2.147656,0.032852,3.972
04/07/2023 03:34,19.88,330.03,98.53,28854,11056.75,9.928251,-2.150599,0.05835,3.97
04/07/2023 04:04,19.69,330.39,98.42,28856.6,11058.25,9.918938,-2.151579,0.047072,3.968
04/07/2023 04:34,19.69,330.36,98.46,28862.5,11063.9,9.928743,-2.13834,0.049033,3.968
04/07/2023 05:04,19.62,330.81,98.78,28886.4,11082.55,9.928253,-2.154521,0.037265,3.968
04/07/2023 05:34,19.56,330.7,98.96,28886.35,11084,9.928253,-2.143733,0.050014,3.968
04/07/2023 06:04,19.5,330.86,100.07,28905.5,11138.05,9.926291,-2.166289,0.052466,3.966
04/07/2023 06:34,19.5,331.13,99.24,28890.6,11106,9.921388,-2.159915,0.050995,3.968
04/07/2023 07:04,19.56,333.68,102.05,28997.8,11258.05,9.935119,-2.143734,0.062763,3.968
04/07/2023 07:34,19.5,333.39,102.43,29019.05,11296.35,9.930704,-2.15354,0.027459,3.966
04/07/2023 08:04,19.5,331.66,99.82,29065.15,11195.25,9.899323,-1.956917,0.915451,3.966
04/07/2023 08:34,19.69,331.81,99.64,29073.35,11173.3,9.891477,-1.981434,0.920845,3.966
04/07/2023 08:50,19.25,331.77,99.52,29033.8,11162.55,9.911093,-0.475623,1.947601,3.966
04/07/2023 09:20,19.19,334.14,100.31,29099.25,11203.45,9.90815,-0.272625,1.943188,3.964
04/07/2023 09:50,19.19,334.21,100.47,29092.15,11206.5,9.926291,-0.26527,1.925536,3.966
