Time,Temp,Lux1,Lux2,IR1,IR2,Accel_X,Accel_Y,Accel_Z,VBAT
18/01/2023 17:36,18.81,0,57.96,65535,6257.7,0.23634,-0.257425,9.891479,3.45
25/04/2023 08:19,23.19,0,69.17,65535,7613.15,4.746418,0.558489,7.517287,3.784
25/04/2023 08:49,14.31,0,68.3,65535,7530.8,-1.928478,9.676712,-0.426589,3.788
25/04/2023 09:19,15,0,68.32,65535,7542.75,-1.869147,9.696817,-0.321168,3.788
25/04/2023 09:49,15,0,68.31,65535,7556.05,-1.849534,9.715448,-0.304006,3.786
25/04/2023 10:19,13.06,0,68.34,65535,7576.4,-1.163559,9.52471,0.166713,3.782
25/04/2023 10:49,12,0,68.23,65535,7575.6,-1.788733,9.753695,0.360885,3.782
25/04/2023 11:19,12,0,68.41,65535,7566.9,9.863038,-0.157397,-1.586716,3.784
25/04/2023 11:49,10.94,0,68.44,65535,7547.6,-1.044899,9.393298,0.244676,3.782
25/04/2023 12:19,12.81,0,68.18,65535,7528.55,-0.53054,7.340767,6.515538,3.784
25/04/2023 12:49,13.62,0,134.42,65535,9910.35,8.776462,-4.36494,2.605137,3.786
25/04/2023 13:19,13.62,299.34,61.97,25194.5,7285.65,9.035357,1.448932,4.082999,3.786
25/04/2023 13:49,18.06,296.88,61.9,25091.7,7275.1,9.587472,0.965465,2.793424,3.784
25/04/2023 14:19,12.94,295.67,62.46,24988,7347.8,10.006705,-0.391285,0.896818,3.782
25/04/2023 14:50,12.94,297.25,61.43,25121,7263.65,9.854213,0.13239,1.897587,3.78
25/04/2023 15:20,10.62,303.12,62.56,25535.2,7342.3,9.228058,3.088604,2.120688,3.78
25/04/2023 15:50,10.44,296.71,62.55,25092.4,7332.35,8.624949,4.851349,0.20692,3.78
25/04/2023 16:20,10.44,299.87,62.17,25355.5,7325.6,8.358698,5.258817,0.850237,3.78
25/04/2023 16:50,10.31,297.62,61.96,25192.15,7305,7.182881,6.495436,-1.758333,3.78
25/04/2023 17:20,10.31,298.45,62.04,25239.9,7316.3,7.534448,5.57508,3.168039,3.78
25/04/2023 17:50,10.31,297.53,62.47,25174.4,7379.9,8.919638,2.873349,3.336222,3.778
25/04/2023 18:20,10.25,300.31,62.42,25328.45,7361.65,8.546005,3.091547,4.236473,3.778
25/04/2023 18:50,10.25,302.44,62.36,25524.8,7374.95,8.163056,3.159212,4.737592,3.78
25/04/2023 19:20,10.25,302.98,62.09,25590.85,7351.2,9.34917,2.485986,2.470786,3.78
25/04/2023 19:50,10.25,302.53,62.06,25613.3,7351,9.640917,0.999788,2.160895,3.778
25/04/2023 20:20,10.25,298.65,62.03,25231.35,7359.9,9.759088,1.196902,1.301833,3.778
25/04/2023 20:50,10.31,305.52,62.38,25705.8,7397.15,9.774778,1.485708,1.160127,3.778
25/04/2023 21:20,10.31,300.48,62.03,25364.45,7370.55,9.962085,0.039717,-0.007355,3.776
25/04/2023 21:50,10.38,295.77,61.52,24958.5,7299.95,9.862547,-1.110113,0.736479,3.778
25/04/2023 22:20,10.38,301.91,62.13,25488.9,7362,9.635524,1.558767,1.594071,3.778
25/04/2023 22:50,10.38,295.59,62.86,24985,7434.05,9.564427,1.843159,1.978982,3.776
25/04/2023 23:20,10.38,299.96,62.75,25412.5,7437.5,8.661725,3.90746,2.738016,3.776
25/04/2023 23:50,10.38,297.53,62.12,25195.5,7369.25,7.827669,4.016804,4.554698,3.774
26/04/2023 00:20,10.38,297.46,62.66,25227.05,7437.15,7.798739,4.40907,4.157529,3.776
26/04/2023 00:50,10.38,296.26,62.07,25172.6,7361.25,8.162074,4.434076,3.46567,3.776
26/04/2023 01:20,10.38,296.99,62.47,25157.95,7411.3,8.946116,3.084192,2.845399,3.774
26/04/2023 01:50,10.44,292.13,63.03,24749.5,7473.55,9.441351,2.168741,2.124611,3.772
26/04/2023 02:20,10.44,299.88,62.02,25382.3,7355.7,9.912562,0.284393,0.627626,3.772
26/04/2023 02:50,10.44,300.24,63.05,25430.45,7448.7,9.852251,0.187307,0.23536,3.772
26/04/2023 03:20,10.38,301.14,63.09,25446.45,7459.6,9.573253,1.257213,2.353106,3.772
26/04/2023 03:50,10.38,298.38,64.35,25259.6,7597.1,8.738707,1.028227,4.656688,3.772
26/04/2023 04:20,10.31,299.98,64.39,25356.5,7609.2,7.670763,1.129726,6.166422,3.772
26/04/2023 04:51,10.25,302.12,64.43,25599.8,7609.1,7.456976,1.966724,6.247817,3.772
26/04/2023 05:21,10.25,298.27,64.78,25291.15,7627.2,7.909063,0.76639,5.848196,3.772
26/04/2023 05:51,10.19,301.31,63.9,25526.15,7545.9,7.336354,1.278787,6.573889,3.772
26/04/2023 06:21,10.19,294.7,65.24,25016.8,7654.9,7.457957,0.891424,6.446891,3.772
26/04/2023 06:51,10.19,300.98,64.3,25526.7,7574.95,8.083132,4.260499,3.923641,3.77
26/04/2023 07:21,10.19,298.62,63.96,25251.75,7538.3,9.429585,2.413416,1.876993,3.772
26/04/2023 07:51,10.12,295.17,64.4,25009.65,7571.85,8.93582,3.042513,2.972886,3.77
26/04/2023 08:21,10.19,304.39,63.65,25785.15,7492.65,9.11283,3.220504,2.240819,3.768
26/04/2023 08:51,10.19,300.78,65.45,25447.2,7639.3,9.677203,1.871109,1.104229,3.766
26/04/2023 09:21,10.19,299.06,63.1,25282,7419.1,9.64435,1.289575,2.003008,3.77
26/04/2023 09:51,10.19,293.42,62.12,24840,7255.65,9.87971,0.671265,0.411879,3.768
26/04/2023 10:21,10.19,302.4,63.79,25556.3,7465.55,9.916486,-0.429041,-0.089731,3.766
26/04/2023 10:51,10.19,299.51,64.31,25270.15,7468.4,9.876276,1.38666,-0.269683,3.764
26/04/2023 11:21,10.25,293.96,64.61,24863.1,7461.6,9.647293,1.409216,-1.7701,3.766
26/04/2023 11:51,10.25,297.55,63.79,25163.35,7394,9.238846,2.605137,-2.268769,3.766
26/04/2023 12:21,10.25,297.71,65.23,25254.1,7577.35,9.394281,3.002796,-1.009104,3.764
26/04/2023 12:51,10.25,305.28,64.4,25764.15,7508.9,9.626208,2.298188,-0.057859,3.766
26/04/2023 13:21,10.31,303.26,65.19,25588,7598.15,9.108417,3.61228,0.566824,3.762
26/04/2023 13:51,10.31,298.44,65.37,25222.95,7627.1,9.375648,3.030255,-0.267722,3.764
26/04/2023 14:21,10.31,300.85,65.79,25403.35,7670.45,9.8346,1.23907,0.29518,3.762
26/04/2023 14:51,10.25,303.53,65.2,25615.1,7634.2,9.886574,0.007355,1.411667,3.764
26/04/2023 15:21,10.25,288.65,65.59,24517.45,7667.85,9.864999,0.393247,1.006653,3.764
26/04/2023 15:51,10.25,297.78,65.25,25232.15,7623.4,9.101553,2.534529,3.203342,3.762
26/04/2023 16:21,10.25,299.98,66.84,25373.35,7798.15,8.271909,2.466372,4.814085,3.762
26/04/2023 16:51,10.25,294.06,66.17,24906.25,7734.45,7.813939,2.893942,5.276469,3.762
26/04/2023 17:21,10.19,296.62,66.74,25097,7785.7,7.574656,2.877761,5.645198,3.762
26/04/2023 17:51,10.25,299.27,67.46,25282.55,7836.75,8.367524,2.873349,4.382102,3.762
26/04/2023 18:21,10.25,294.37,67.17,24875.25,7847.1,8.643582,2.205516,4.149684,3.76
26/04/2023 18:51,10.25,297.69,66.36,25137.5,7761.05,8.571012,2.743901,4.140859,3.762
26/04/2023 19:22,10.25,294.93,65.87,24974.15,7709.25,9.143722,2.157463,3.076346,3.76
26/04/2023 19:52,10.31,296.8,66.07,25110.5,7744.5,9.618854,1.526405,1.902,3.76
26/04/2023 20:22,10.31,297.4,66.16,25118.65,7737.35,9.682597,1.4151,1.495514,3.76
26/04/2023 20:52,10.31,298.48,65.89,25200.15,7717.9,9.70417,1.473449,1.583774,3.76
26/04/2023 21:22,10.31,298.86,65.88,25265.35,7720.95,9.791942,0.552605,1.751958,3.76
26/04/2023 21:52,10.31,305.4,67.25,25752.55,7828.45,9.92139,-0.168674,0.543779,3.758
26/04/2023 22:22,10.31,296.67,70.07,25063.1,8098.9,9.932177,-0.072079,0.004413,3.758
26/04/2023 22:52,10.31,294.78,66.74,24981.75,7801.05,9.638467,-1.830902,1.622511,3.758
26/04/2023 23:22,10.31,303.66,65.57,25673.2,7587.75,9.58453,-1.205237,-2.350164,3.758
26/04/2023 23:52,10.31,306.92,70.51,25914.5,8063.55,9.270718,-0.681072,-3.402908,3.758
27/04/2023 00:22,10.31,301.83,68.4,25558.95,7779.25,9.078506,-0.387363,-3.780954,3.758
27/04/2023 00:52,10.31,301.31,63.89,25506.85,7482.2,9.20109,-0.421686,-3.621596,3.756
27/04/2023 01:22,10.31,305.72,68.27,25820.45,7860.9,9.249144,0.091692,-3.483812,3.758
27/04/2023 01:52,10.25,304.27,66.15,25760.05,7661.3,9.20158,0.994885,-3.331319,3.758
27/04/2023 02:22,10.25,306.96,66.37,25871.9,7657.05,9.632583,0.004413,-2.09323,3.756
27/04/2023 02:52,10.25,284.16,60.98,24093.1,7197.2,9.937078,0.13288,0.152493,3.756
27/04/2023 03:22,10.25,301.55,63.11,25683.95,7428.15,9.940512,0.211333,-0.075021,3.756
27/04/2023 03:52,10.25,285.23,63.16,24546,7414.3,9.862059,0.79679,0.742854,3.756
27/04/2023 04:22,10.25,245.27,65.27,21283.7,7629.75,9.830187,1.110113,1.122371,3.756
27/04/2023 04:52,10.19,298.05,64.56,25405,7570.85,8.731351,2.59533,3.855975,3.756
27/04/2023 05:22,10.19,314.02,65.71,26712.05,7669.25,8.055182,2.179038,5.39807,3.756
27/04/2023 05:52,10.19,292.55,64.78,24896.8,7573.7,7.621239,3.543633,5.199976,3.756
27/04/2023 06:22,10.19,305.14,64.49,25954.25,7562.5,8.308193,2.771359,4.536556,3.756
27/04/2023 06:52,10.19,317.09,64.93,26880.9,7590.35,8.317021,3.023391,4.499782,3.756
27/04/2023 07:22,10.19,310.05,65.46,26400.25,7632.55,8.80343,1.749997,4.376708,3.756
27/04/2023 07:52,10.19,299.71,65.21,25525.7,7619.15,8.984851,1.833353,3.78929,3.754
27/04/2023 08:22,10.19,293.75,65.94,24863.4,7675.8,8.599451,1.561709,4.720921,3.756
27/04/2023 08:52,10.19,289.27,63.86,24550.2,7481.75,9.772818,0.806597,1.468546,3.754
27/04/2023 09:22,10.19,286.06,64.52,24321.4,7543.85,9.655136,1.19494,2.045177,3.754
27/04/2023 09:53,10.25,296.65,64.94,25063.6,7565.3,9.870393,0.891915,0.751189,3.754
27/04/2023 10:23,10.25,291.55,64.33,24695.25,7510.55,9.89246,0.418254,0.787474,3.754
27/04/2023 10:53,10.25,303.16,63.67,25508.35,7417.95,9.904716,-0.411879,-0.444731,3.754
27/04/2023 11:23,10.25,294.15,66.79,24836.3,7709.65,9.88069,-0.050504,-0.494255,3.754
27/04/2023 11:53,10.25,298.7,63.53,25230.9,7465.05,9.802238,0.220159,-1.460701,3.754
27/04/2023 12:23,10.31,292.97,68.82,24770.25,7891.7,9.785074,-0.985078,-1.396957,3.754
27/04/2023 12:53,10.31,297.98,74.33,25147.2,8412.4,9.678673,0.090712,-1.891703,3.754
27/04/2023 13:23,10.31,304.62,72.76,25663.9,8219.6,9.663473,-1.156695,-1.678898,3.754
27/04/2023 13:53,10.31,293.93,65.66,24828.65,7544,9.705641,-0.335878,-2.128043,3.754
27/04/2023 14:23,10.31,291.98,63.39,24624.6,7401.25,9.813516,0.175539,-1.462172,3.754
27/04/2023 14:53,10.31,299.55,60.47,25304.25,7117.1,9.77527,0.370691,-1.830411,3.754
27/04/2023 15:23,10.31,296.94,64.81,25059.9,7534.05,9.910602,0.519262,0.377556,3.754
27/04/2023 15:53,10.31,253.31,62.01,21864.95,7287.9,9.908639,-0.342252,0.919864,3.752
27/04/2023 16:23,10.31,272.14,65.07,23531.15,7592.1,9.667397,1.560238,1.746074,3.754
27/04/2023 16:53,10.31,300.59,70.21,25403.2,8057.45,9.552168,1.787753,2.090288,3.752
27/04/2023 17:23,10.31,296.11,67.41,25092.8,7713.45,8.786268,2.483534,3.836362,3.754
27/04/2023 17:53,10.31,299.83,65.49,25357.55,7546.3,9.15696,2.156973,3.087624,3.752
27/04/2023 18:23,10.25,294.73,70.83,24938.45,8093.7,8.086564,1.856889,5.32403,3.752
27/04/2023 18:53,10.25,293.07,69.21,24844.55,7914.45,7.566321,2.59631,5.668735,3.752
27/04/2023 19:23,10.25,296.65,71.65,25076,8182.1,9.244729,1.643595,3.261692,3.748
27/04/2023 19:53,10.19,295.73,71.09,24995.75,8122.8,9.193734,1.291536,3.340145,3.748
27/04/2023 20:23,10.19,288.04,72.7,24499.8,8279.4,9.370745,1.072847,3.076836,3.75
27/04/2023 20:53,10.19,292.88,72.42,24869.15,8313.6,9.668376,0.459442,2.068223,3.75
27/04/2023 21:23,10.25,282.81,75.62,24018.4,8597.35,9.789,0.23536,1.466094,3.75
27/04/2023 21:53,10.25,294.02,74.31,24878.1,8448.75,9.826262,0.761977,1.538173,3.748
27/04/2023 22:23,10.25,297.34,72.36,25106.85,8256,9.90766,0.140725,0.921335,3.748
27/04/2023 22:53,10.25,299.13,71.25,25307.75,8244.4,9.937571,-0.203978,0.232418,3.748
27/04/2023 23:23,10.25,304.44,68.62,25758.75,7954.3,9.898833,-0.613406,0.304497,3.748
27/04/2023 23:53,10.25,290.69,70.43,24584.05,8077.55,9.857155,-0.968897,1.138062,3.746
28/04/2023 00:24,10.25,299.44,68.74,25306.9,7967.95,9.592865,-1.693118,2.035371,3.748
28/04/2023 00:54,10.25,293.42,67.63,24820.5,7873.3,9.393789,-2.292305,2.439404,3.746
28/04/2023 01:24,10.25,297.93,68.38,25172,7890.15,9.382512,-2.136869,2.533548,3.746
28/04/2023 01:54,10.25,300.1,67.52,25340.15,7823.75,9.281504,-2.302111,2.766946,3.748
28/04/2023 02:24,10.31,290.38,68.89,24610.45,7965.7,9.361429,-2.067242,2.762533,3.744
28/04/2023 02:54,10.31,295.93,66.08,25090.45,7712.75,8.968672,-3.36123,2.845399,3.746
28/04/2023 03:24,10.31,290.11,68.42,24582,7886.65,9.635034,-2.155502,1.146397,3.744
28/04/2023 03:54,10.31,297.76,64.03,25216.25,7503.8,9.789488,-1.793636,0.965465,3.746
28/04/2023 04:24,10.31,300.8,64.09,25449.15,7489.9,9.926292,-0.36824,0.124544,3.744
28/04/2023 04:54,10.31,301.21,63.45,25519.5,7476.8,9.916484,-1.009104,0.128957,3.744
28/04/2023 05:24,10.31,293.53,68.47,24900.05,7937.25,9.904715,-0.675678,-0.112777,3.744
28/04/2023 05:54,10.31,301.67,58.29,25598.85,6890.9,9.841464,1.112074,-0.056879,3.744
28/04/2023 06:24,10.31,299.8,63.32,25435.05,7440.95,9.737024,1.025285,1.718615,3.742
28/04/2023 06:54,10.31,303.97,61.95,25711.05,7291.55,9.709074,1.501398,1.56367,3.744
28/04/2023 07:24,10.31,304.46,62.44,25811.8,7352.75,9.79096,1.499927,-0.052956,3.742
28/04/2023 07:54,10.31,313.16,62.92,26466,7378.45,9.786547,1.789223,0.558489,3.742
28/04/2023 08:24,10.31,301.37,61.81,25585.55,7278.8,9.889516,0.6492,-0.075511,3.742
28/04/2023 08:54,10.31,298.42,62.82,25307.25,7379.2,9.64288,2.356048,0.629097,3.742
28/04/2023 09:24,10.31,306.85,61.55,25931,7228.2,9.881672,0.960562,0.11817,3.742
28/04/2023 09:54,10.31,279.24,61.6,23757.65,7185.1,9.820379,0.853669,0.802674,3.74
28/04/2023 10:24,10.31,309.99,60.82,26187.35,7129.05,9.956693,0.468268,-0.579083,3.74
28/04/2023 10:54,10.31,298.33,62.76,25230.25,7310.15,10.105753,-0.407466,-0.582025,3.74
28/04/2023 11:24,10.31,285.81,60.46,24176.55,7106.85,9.860097,0.253502,0.875244,3.74
28/04/2023 11:54,10.31,294.91,60.28,24943.7,7091,9.656118,0.209372,1.860812,3.736
28/04/2023 12:24,10.31,295.53,58.71,24945.6,6938.1,9.681125,0.283412,2.104017,3.74
28/04/2023 12:54,10.38,289.84,64.49,24520.5,7490.85,8.619555,1.382738,4.74789,3.738
28/04/2023 13:24,10.38,295.84,62.53,24952.2,7291.15,9.079978,1.435203,3.615712,3.738
28/04/2023 13:54,10.44,294.11,63.47,24832.4,7263.1,8.102255,1.013027,5.724141,3.736
28/04/2023 14:25,10.44,294.65,70.37,24713.35,7979.35,9.08537,2.057926,3.245511,3.74
28/04/2023 14:55,10.44,289.03,63.61,24423.9,7402.3,9.276599,1.60682,2.531586,3.738
28/04/2023 15:25,10.44,294.91,64.36,24923.85,7467.8,9.801746,0.719318,1.319975,3.736
28/04/2023 15:55,10.5,298.02,64.72,25077.6,7475.4,9.835579,0.952716,1.151791,3.736
28/04/2023 16:25,10.5,296.44,67.7,25016.2,7741.45,9.839012,0.63449,1.125803,3.736
28/04/2023 16:55,10.5,290.5,70.66,24617.75,8106.4,9.867452,0.039717,0.098066,3.736
28/04/2023 17:25,10.56,311.95,67.08,26272,7725.9,9.897363,-0.11866,0.853669,3.736
28/04/2023 17:55,10.5,290.81,59.85,24597.75,7084.75,9.880692,0.975762,0.197604,3.736
28/04/2023 18:25,10.5,295.51,65.32,25054.6,7577.25,9.875297,1.258193,-0.336368,3.736
28/04/2023 18:55,10.56,298.77,64.43,25278.45,7499.7,9.662983,2.166289,0.743834,3.736
28/04/2023 19:25,10.56,302.22,64.17,25584.55,7502.8,9.763991,1.496985,-0.391285,3.736
28/04/2023 19:55,10.56,306.01,66.86,25841.75,7776.5,9.688479,2.085875,-0.025497,3.736
28/04/2023 20:25,10.56,298.33,61.87,25251.45,7286.15,9.564917,2.604156,0.980665,3.736
28/04/2023 20:55,10.56,299.03,62,25294.15,7294.15,9.606595,2.493341,0.003923,3.734
28/04/2023 21:25,10.56,287.17,68.39,24425.3,7891.65,9.847838,1.013517,-0.360885,3.732
28/04/2023 21:55,10.56,291.93,61.67,24761.9,7244.35,9.960124,0.187307,0.303025,3.734
28/04/2023 22:25,10.56,296.65,61.45,25082.25,7237.2,9.860587,1.037544,-0.155435,3.732
28/04/2023 22:55,10.56,304.38,61.73,25728.85,7268.15,9.940022,0.830623,-0.000981,3.732
28/04/2023 23:25,10.56,289.68,61.19,24546.3,7192.1,9.86549,-1.152282,-0.423647,3.734
28/04/2023 23:55,10.56,293.94,61.74,24848.9,7234.9,9.875299,-0.332445,0.414331,3.732
29/04/2023 00:25,10.5,305.66,63.83,25845.6,7398.8,9.941983,-1.123352,-0.552114,3.732
29/04/2023 00:55,10.5,274.56,60.87,23322.7,7040.55,10.020437,-0.036775,0.287335,3.732
29/04/2023 01:25,10.56,288.94,63.02,24458.3,7417.25,9.885104,1.025776,-0.112776,3.732
29/04/2023 01:55,10.56,306.11,67.54,25933.9,7811.4,9.919918,0.95909,-0.785022,3.732
29/04/2023 02:25,10.56,275.68,64.53,23526.75,7509.7,9.161371,2.994951,2.222677,3.73
29/04/2023 02:55,10.56,285.78,67.12,24225.25,7796.85,9.429093,2.342809,1.753919,3.73
29/04/2023 03:25,10.56,299.57,61.63,25311.5,7158.55,9.813025,1.197392,0.437867,3.732
29/04/2023 03:55,10.56,288.6,62.23,24435.05,7183.75,9.628168,1.952014,1.648988,3.732
29/04/2023 04:25,10.56,298.87,69.99,25225,8007.3,9.623265,2.235426,1.274374,3.732
29/04/2023 04:56,10.56,287.78,60.78,24440.5,7130.4,9.561975,2.282007,0.6188,3.73
29/04/2023 05:26,10.56,291.96,61.39,24766.65,7248.3,9.914034,0.541818,0.355981,3.73
29/04/2023 05:56,10.56,301.85,66.43,25517.75,7733.5,9.86647,0.966936,-0.548682,3.73
29/04/2023 06:26,10.56,281.78,64.89,23967.1,7528.85,9.842443,-0.703137,-0.453067,3.73
29/04/2023 06:56,10.56,299.41,64.52,25327.5,7424.45,9.813024,-0.284393,-1.030189,3.73
29/04/2023 07:26,10.56,297.44,64.01,25153.65,7463.7,9.796353,1.368028,-0.733047,3.73
29/04/2023 07:56,10.5,287.73,61.96,24464.25,7186.6,9.502643,2.741449,0.834546,3.728
29/04/2023 08:26,10.5,217.77,63.5,19236.6,7381.8,9.381042,2.227581,2.268278,3.728
29/04/2023 08:56,10.5,297.97,78.11,25150.8,8753,9.695348,1.692138,1.334195,3.728
29/04/2023 09:26,10.5,298.18,64.16,25300.75,7440.35,9.261889,1.825998,2.962589,3.728
29/04/2023 09:56,10.5,298.93,62.99,25304.85,7322.7,9.557073,2.332512,1.928968,3.728
29/04/2023 10:26,10.5,289.17,52.88,24440.1,6126.9,9.546774,2.352615,0.762957,3.728
29/04/2023 10:56,10.5,286.76,60.74,24290.35,7125.2,9.764973,1.538173,-0.26527,3.728
29/04/2023 11:26,10.5,275.46,60.69,23480.25,7130.1,9.551677,1.4455,0.905644,3.728
29/04/2023 11:56,10.56,287.41,61.04,24329.75,7159.35,9.958653,1.28271,0.698724,3.728
29/04/2023 12:26,10.56,287.52,61.28,24308.5,7147.75,9.820379,0.186326,-0.238302,3.728
29/04/2023 12:56,10.56,297.37,66.57,25008.6,7623.65,9.693383,0.249089,-1.152281,3.728
29/04/2023 13:26,10.62,291.18,62.55,24546.6,7281.15,9.962085,-0.10346,-0.184365,3.728
29/04/2023 13:56,10.62,291.4,66.71,24593.75,7668.9,9.939531,-0.018633,0.11817,3.728
29/04/2023 14:26,10.62,286.28,63.61,24152.25,7342.95,9.857156,0.252031,1.428339,3.728
29/04/2023 14:56,10.62,295.1,65.66,24748.5,7539.9,9.608557,0.509946,1.37195,3.728
29/04/2023 15:26,10.62,289.1,63.32,24385.75,7341.05,9.98464,-0.200546,1.97555,3.728
29/04/2023 15:56,10.62,293.52,68.09,24733.6,7748.25,10.068979,-0.547701,-0.933103,3.726
29/04/2023 16:26,10.69,289.3,65.6,24500,7579.5,9.828714,-0.031381,-1.440597,3.726
29/04/2023 16:56,10.62,296.1,65.83,24976.35,7603.25,9.50902,0.370691,-2.731152,3.726
29/04/2023 17:26,10.62,295.8,60.88,24922.35,7112,9.720842,0.62027,-1.413138,3.726
29/04/2023 17:56,10.69,280.3,61.36,23740.95,7177.55,9.750263,-0.616838,-0.403544,3.726
29/04/2023 18:26,10.69,295.97,65.07,25015.4,7537.4,9.810573,-0.154455,-0.595754,3.724
29/04/2023 18:56,10.69,269,62.68,22821.3,7304.55,10.001803,-0.371182,-0.143177,3.726
29/04/2023 19:27,10.69,284.46,63.73,24071,7410.35,9.696325,-0.713434,-0.799242,3.726
29/04/2023 19:57,10.69,282.65,64.9,23926.85,7485.35,10.014059,-0.413841,-0.85612,3.726
29/04/2023 20:27,10.69,294.15,65.01,24853.4,7511.85,9.604633,0.248108,-2.085874,3.726
29/04/2023 20:57,10.69,290.68,61.26,24689.5,7194.9,9.032414,3.547066,-1.605349,3.724
29/04/2023 21:27,10.69,288.03,61.73,24459.9,7220.95,9.582567,2.132456,-1.246426,3.724
29/04/2023 21:57,10.69,287.44,58.84,24360.6,6940.45,10.004744,0.538385,-0.610954,3.724
29/04/2023 22:27,10.69,302.63,58.72,25665.1,6929.4,9.884124,0.9586,0.081395,3.72
29/04/2023 22:57,10.62,314.46,58.38,26528.9,6900.9,9.777719,1.223379,-0.345684,3.722
29/04/2023 23:27,10.62,316.12,58.97,26759,6965.55,9.210404,2.911104,1.68037,3.722
29/04/2023 23:57,10.62,289.04,59.04,24656.75,6997.45,9.081939,3.762321,1.335175,3.722
30/04/2023 00:27,10.69,294.09,59.33,25036.75,7011.15,10.163122,-0.422667,0.25105,3.722
30/04/2023 00:57,10.69,293.21,61.56,24856.6,7212.9,10.049364,-0.365298,1.070886,3.72
30/04/2023 01:27,10.69,290.63,63.38,24636.75,7391.85,9.773797,-0.350097,-1.53376,3.72
30/04/2023 01:57,10.69,293.76,63.86,24878.95,7456.5,9.855684,-1.062551,-0.921825,3.722
30/04/2023 02:27,10.75,298.31,59.91,25241.95,7059.95,9.874807,0.658026,-0.775706,3.72
30/04/2023 02:57,10.75,293.98,59.66,24845.05,7043.4,9.687499,1.559748,-1.159146,3.72
30/04/2023 03:27,10.75,298.76,59.62,25354.75,7025.1,9.387415,2.908162,0.025497,3.718
30/04/2023 03:57,10.75,294.45,59.71,24902.7,7050.9,9.631601,-2.688984,0.67862,3.72
30/04/2023 04:27,10.81,304.35,60.27,25706.05,7091.95,8.744592,-4.664534,0.54525,3.718
30/04/2023 04:57,10.81,298.84,54.97,25269.25,6465.2,9.338873,-2.942485,-1.176798,3.718
30/04/2023 05:27,10.75,293.27,59.49,24877.85,7008.05,9.432035,-2.957195,-0.721279,3.718
30/04/2023 05:57,10.75,296.33,60.98,25115.65,7117.8,9.713978,-2.558064,-0.883089,3.718
30/04/2023 06:27,10.81,292.81,60.78,24858.9,7106.8,9.992485,-0.646749,0.161319,3.716
30/04/2023 06:57,10.81,304.27,59.75,25710.2,7019.1,9.892458,-0.85563,0.41286,3.716
30/04/2023 07:27,10.81,291.54,58.18,24630.45,6864.65,9.954239,-0.577612,-0.128467,3.714
30/04/2023 07:57,10.81,295.44,61.62,25009.5,7197.45,9.667887,-1.172385,0.674207,3.718
30/04/2023 08:27,10.81,301.02,60.9,25456.9,7096.75,9.789977,-1.677427,-0.603109,3.718
30/04/2023 08:57,10.81,291.99,62.66,24696.95,7268.6,9.986603,-1.131687,-0.462384,3.714
30/04/2023 09:27,10.81,290.15,64.11,24605.45,7320.2,9.653177,0.233889,-2.199141,3.716
30/04/2023 09:58,10.81,285.66,62.3,24207.5,7295.6,9.452631,2.011834,2.630634,3.714
30/04/2023 10:28,10.75,288.06,60.37,24386.25,7091.95,9.73212,1.187095,1.942697,3.714
30/04/2023 10:58,10.75,286.73,61.44,24245.8,7176.1,8.966711,1.4303,3.90697,3.712
30/04/2023 11:28,10.75,289.8,62.65,24438.2,7276.4,9.30602,1.407254,3.256298,3.712
30/04/2023 11:58,10.69,288.62,61.05,24373.4,7094.4,9.081449,0.82621,3.969732,3.712
30/04/2023 12:28,10.75,287.24,60.88,24252.6,7101.15,9.146172,0.709021,3.502446,3.712
30/04/2023 12:58,10.81,291.37,61.7,24579.5,7125.05,9.889516,1.13561,0.816894,3.712
30/04/2023 13:28,10.81,280.76,60.17,23845.55,7023.05,9.846365,0.02893,0.41237,3.712
30/04/2023 13:58,10.88,291.02,60.64,24432.75,7053.1,9.721823,-0.529559,-0.085318,3.714
30/04/2023 14:28,10.88,294.14,59.97,24787.35,6984.6,9.774778,-0.187307,0.032852,3.712
30/04/2023 14:58,10.88,294.52,59.44,24794.3,6937.5,9.893438,0.750699,0.241734,3.71
30/04/2023 15:28,10.94,302.83,62.65,25353.75,7299.75,9.890008,-0.594773,0.843862,3.712
30/04/2023 15:58,10.94,281.97,60.07,23862.75,7004.55,9.800277,-0.026478,1.629375,3.71
30/04/2023 16:28,10.94,291.44,56.09,24551.35,6540.65,9.544812,-2.423223,1.067454,3.71
30/04/2023 16:58,11,290.7,58.22,24532.7,6798.3,9.270226,-2.918459,1.252309,3.71
30/04/2023 17:28,11,289.84,58.4,24461.95,6820.1,9.049086,-3.430857,2.227581,3.708
30/04/2023 17:58,10.94,308.26,66.72,25905.25,7609,9.509999,-3.166077,-0.482487,3.71
30/04/2023 18:28,10.94,297.27,63.68,25090.7,7308.3,9.756638,-1.791185,-0.782571,3.71
30/04/2023 18:58,11,284.53,62.3,24110.25,7195.65,9.818908,-1.499437,0.284393,3.71
30/04/2023 19:28,11,295.73,60.24,24990.6,7076.75,9.722315,-1.833844,0.296161,3.708
30/04/2023 19:58,11,282.8,62.98,24042.8,7347,9.923839,-0.925257,0.215256,3.708
30/04/2023 20:28,11,289.07,59.73,24477.3,6915.55,9.887556,-1.191998,0.041678,3.708
30/04/2023 20:58,11,296.19,62.05,25020.7,7218.8,9.860096,-1.096874,1.008124,3.706
30/04/2023 21:28,11,292.94,61.69,24843.7,7203.8,9.149605,-3.424482,2.111372,3.706
30/04/2023 21:58,10.94,290.35,64.61,24540.95,7464.2,9.36584,-2.999364,1.063531,3.706
30/04/2023 22:28,10.94,307.39,57.83,25947.35,6750.15,9.15843,-4.007978,0.107383,3.706
30/04/2023 22:58,10.94,287.12,57.91,24396.65,6737.85,9.009371,-3.781444,-2.046648,3.704
30/04/2023 23:28,10.88,284.98,60.82,24190.25,6953.15,8.156682,-5.315205,-2.459018,3.704
30/04/2023 23:59,10.88,289.25,64.94,24432.6,7513.25,9.962577,-0.391285,0.620271,3.706
01/05/2023 00:29,10.94,279.67,58.87,23735.25,6938.9,9.209425,-3.998171,0.617329,3.704
01/05/2023 00:59,10.94,271.56,58.66,23077.8,6915.15,9.453121,-2.716932,0.986549,3.704
01/05/2023 01:29,10.94,289.68,58.94,24528.3,6955.65,9.967481,-0.569766,0.319697,3.704
01/05/2023 01:59,11,286.33,59.9,24309.05,7048.45,9.83656,-1.258193,0.3398,3.704
01/05/2023 02:29,11,280.25,58.96,23746.5,6956,9.706621,-1.115016,0.487881,3.704
01/05/2023 02:59,11,283.36,60.27,23945.55,7096.3,9.719861,-1.367537,-0.874263,3.704
01/05/2023 03:29,11,294.98,61.79,24841.4,7215.8,9.874317,-0.719808,1.302813,3.702
01/05/2023 03:59,11,296.25,59.08,24910.25,6966,9.204522,-3.19991,0.808068,3.704
01/05/2023 04:29,11.06,288.44,58.96,24494.3,6961.3,9.120673,-3.48038,-1.822076,3.702
01/05/2023 04:59,11.06,287.98,58.83,24513,6938.55,9.000543,3.96679,1.50434,3.704
01/05/2023 05:29,11.06,292.51,59.17,24874.5,6968.4,9.311415,3.11165,1.122862,3.702
01/05/2023 05:59,11.06,302.92,59.07,25759.8,6958.1,8.457744,4.827814,0.217708,3.702
01/05/2023 06:29,11,230.3,60.44,20262.55,7103.25,8.027235,4.54244,3.733882,3.702
01/05/2023 06:59,11,213.25,59.54,19045.35,7007.75,8.763223,3.228349,2.99299,3.702
01/05/2023 07:29,11,263.73,60.29,22849.5,7039.05,9.323671,2.15305,2.387919,3.702
01/05/2023 07:59,11,282.79,58.7,23895.1,6924.15,9.850779,0.280961,1.332233,3.702
01/05/2023 08:29,10.94,302.46,60.94,25553.45,7149.35,9.940512,-0.930161,0.625174,3.702
01/05/2023 08:59,10.94,283.62,60.06,23973.95,7061.55,9.679163,0.255954,2.352125,3.702
01/05/2023 09:29,11,272.96,59.18,23543.15,6951.25,9.70368,1.497966,1.795107,3.7
01/05/2023 09:59,10.94,289.46,60.1,24725.85,7044.6,8.326826,3.002306,4.41005,3.7
01/05/2023 10:29,10.94,284.71,59.16,24369.7,6953.85,10.007195,0.487881,1.228283,3.7
01/05/2023 10:59,10.94,226,59.58,19943.5,7005.5,8.415086,4.282565,2.955724,3.7
01/05/2023 11:29,10.88,286.08,59.64,24585.2,7000,7.970845,3.82018,4.397302,3.7
01/05/2023 11:59,10.88,298.42,59.51,25468.5,6956.3,9.151565,3.138619,1.744113,3.7
01/05/2023 12:29,10.88,218.54,60.1,19431.2,6951.9,9.196675,2.925323,2.125591,3.7
01/05/2023 12:59,11,243.61,58.77,21368.45,6902.25,9.78998,1.871599,1.17974,3.7
01/05/2023 13:29,11,266.14,59.47,22818.8,6976.25,8.731351,2.738997,3.181767,3.698
01/05/2023 13:59,11,259.04,60.56,22452.3,6939.55,9.318279,2.161876,2.218264,3.696
01/05/2023 14:30,11.06,275.2,59.41,23605.6,6936.15,10.231768,-0.026478,-0.47121,3.696
01/05/2023 15:00,11.06,279.08,59.47,23724.05,6911.95,9.741926,-1.401861,-0.864456,3.698
01/05/2023 15:30,11.06,265.04,60.31,22736.5,6974.6,9.860586,-0.991943,0.204959,3.696
01/05/2023 16:00,11.12,302.19,59.78,25628.9,6991.35,9.866961,-0.174068,1.794127,3.696
01/05/2023 16:30,11.12,281.65,59.47,23918.7,6933.5,9.875296,0.572218,0.976252,3.694
01/05/2023 17:00,11.12,285.11,59.49,24303.6,6934.3,9.901284,0.209862,2.076558,3.696
01/05/2023 17:30,11.12,295.23,59.79,25119.85,6970.05,8.983381,1.16552,4.077605,3.694
01/05/2023 18:00,11.12,300.64,59.47,25606.15,6954.95,8.34791,2.175606,4.949906,3.692
01/05/2023 18:30,11.12,284.91,59.2,24434.85,6960.6,8.589644,1.755881,4.250202,3.692
01/05/2023 19:00,11.12,267.49,59.35,22992.15,6979.5,8.127752,3.116063,4.731709,3.692
01/05/2023 19:30,11.19,272.06,59.66,23428.85,7015.15,9.15794,2.290834,3.047907,3.692
01/05/2023 20:00,11.19,274.71,59.67,23579.75,7001.4,9.838032,0.232418,1.668111,3.692
01/05/2023 20:30,11.19,272.02,58.77,23419.2,6923,9.740456,-0.278509,2.378113,3.692
01/05/2023 21:00,11.19,263.88,59.25,22590.65,6974.5,9.763012,-0.607522,0.422176,3.69
01/05/2023 21:30,11.19,289.25,62.06,24511.55,7256.75,9.866961,-0.329503,1.709299,3.688
01/05/2023 22:00,11.19,290.33,60.02,24649.35,7050.85,10.029262,0.096105,0.592322,3.688
01/05/2023 22:30,11.19,317.7,60.09,26851.4,7061.15,9.091745,2.785579,2.127553,3.684
01/05/2023 23:00,11.12,295.85,58.88,25098.9,6939.5,9.862548,1.41608,-0.239773,3.686
01/05/2023 23:30,11.12,248.54,59.7,21686.9,7016.25,7.716853,4.543911,4.156058,3.684
02/05/2023 00:00,11.12,259.06,59.8,22487.7,7012.35,9.059875,2.821863,2.918459,3.686
02/05/2023 00:30,11.06,266.28,60.45,22980.8,7075.2,9.289349,3.121457,1.003711,3.684
02/05/2023 01:00,11.06,225.36,60.7,19911.4,7103.95,8.791661,2.901298,3.442134,3.686
02/05/2023 01:30,11.06,294.76,59.47,24989.25,7022,9.934137,-0.14808,1.46021,3.682
02/05/2023 02:00,11.06,280.68,59.54,23959.65,6996.85,9.824303,1.050292,1.878954,3.682
02/05/2023 02:30,11.06,297.52,62.34,25095.3,7266.2,9.855194,-0.918393,0.797281,3.682
02/05/2023 03:00,11.06,241.06,60.19,20973.6,7070.4,9.82185,0.115718,1.458739,3.682
02/05/2023 03:30,11.06,291.65,61.37,24762.95,7160.75,9.787527,-0.083357,0.484449,3.682
02/05/2023 04:00,11.12,282.14,61.99,24002.6,7192.5,9.662981,-1.662718,0.865437,3.682
02/05/2023 04:30,11.12,252.24,59.03,21642,6917.05,9.798314,-0.344213,1.447952,3.68
02/05/2023 05:01,11.12,288.92,58.53,24406.15,6853,9.449689,0.164752,2.673783,3.682
02/05/2023 05:31,11.12,274.84,63.49,23420.15,7361.25,9.560013,0.031872,3.116553,3.68
02/05/2023 06:01,11.12,285.44,65.11,24209,7567.1,8.86178,0.215256,4.545873,3.682
02/05/2023 06:31,11.12,270.38,66.63,22977.1,7641.85,8.469024,-0.508475,5.02885,3.678
02/05/2023 07:01,11.12,265.79,66.79,22673.65,7656.55,8.878449,-0.068156,4.568917,3.678
02/05/2023 07:31,11.19,269.48,64.24,22915,7421.15,9.543833,-2.237878,3.033687,3.678
02/05/2023 08:01,11.19,293.03,64.94,24792,7464.45,9.394771,-1.218476,3.213639,3.678
02/05/2023 08:31,11.12,255.31,66.32,22070.15,7640.7,9.987093,-1.307717,1.454817,3.678
02/05/2023 09:01,11.12,278.98,61.93,23590.25,7213.75,9.683577,-1.254271,1.064512,3.678
02/05/2023 09:31,11.06,223.86,62.8,19127.45,7296.2,9.663962,-0.951245,1.530328,3.676
02/05/2023 10:01,11.06,316.01,60.11,26773.2,6957.1,9.459003,-0.439338,3.21511,3.676
02/05/2023 10:31,11.06,295.89,62.85,24988.5,7295.85,9.409971,0.33931,2.932679,3.674
02/05/2023 11:01,11,289.44,62.86,24484.95,7269.85,9.345247,1.086087,2.803231,3.676
02/05/2023 11:31,11,283.93,63.09,24330.8,7307.15,8.129222,2.356538,5.181834,3.674
02/05/2023 12:01,11.06,260.55,59.9,22387.4,6957.7,7.087756,3.866271,5.611366,3.674
02/05/2023 12:31,11.06,258.88,60.87,22344.8,6976.95,8.39008,2.795876,3.8344,3.674
02/05/2023 13:01,11.06,260.89,60.79,22342.25,6998.6,9.028003,2.760082,2.155993,3.674
02/05/2023 13:31,11.06,309.18,59.67,26126.05,6758.4,8.335653,2.308976,5.000411,3.674
02/05/2023 14:01,11.06,288.65,62.83,24499.7,7148.35,8.147364,1.776475,5.200957,3.674
02/05/2023 14:31,11.06,276.78,63,23553.5,7182.4,9.68995,1.800991,2.233955,3.674
02/05/2023 15:01,11.19,288.11,60.67,24271.15,6989.45,9.36437,0.263309,2.760082,3.672
02/05/2023 15:31,11.19,275.88,58.9,23440.95,6839.45,9.943453,-0.602619,0.315774,3.674
02/05/2023 16:01,11.25,295.84,60.5,24835.35,6977.95,10.067016,-0.523675,1.054705,3.672
02/05/2023 16:31,11.25,286.76,62.92,24126.15,7202.45,9.749772,-1.803443,0.008826,3.67
02/05/2023 17:01,11.25,293.29,62.19,24719,7200.9,9.902757,-0.211824,-0.971839,3.67
02/05/2023 17:31,11.31,269.9,59.22,23146.75,6873.5,9.752714,0.274586,1.82845,3.67
02/05/2023 18:01,11.31,286.67,61.84,24485.75,7106.8,8.701929,1.009104,4.137425,3.67
02/05/2023 18:31,11.31,294.63,61.19,24960.25,7099.85,9.007408,2.164818,3.388688,3.67
02/05/2023 19:01,11.38,250.08,62.81,21644.5,7210.4,8.52394,1.718616,4.793,3.668
02/05/2023 19:32,11.38,301.09,59.96,25489.65,7017.9,8.048318,0.866908,5.710903,3.67
02/05/2023 20:02,11.44,280,62.4,23671.55,7261.35,9.142249,2.379093,3.192555,3.67
02/05/2023 20:32,11.44,278.29,59.72,23562.15,7011.4,9.172159,1.716654,2.972886,3.67
02/05/2023 21:02,11.44,290.02,60.08,24426.3,7056.75,9.76056,0.677149,1.538173,3.668
02/05/2023 21:32,11.44,285.92,59.05,24323.1,6912.2,9.873336,-0.015691,0.056879,3.668
02/05/2023 22:02,11.38,279.92,58.81,23843.7,6799.05,9.919918,-0.646258,1.741171,3.666
02/05/2023 22:32,11.31,266.09,60.95,22906,7117.9,9.263361,-0.640865,3.169019,3.666
02/05/2023 23:02,11.31,286.36,63.98,24165.6,7374.95,7.843849,-2.003498,5.639316,3.666
02/05/2023 23:32,11.25,283.41,65.74,23920.25,7554.8,7.147085,-5.352961,4.191854,3.666
03/05/2023 00:02,11.25,280.81,64.22,23830.2,7448.1,8.135597,2.982203,4.750342,3.664
03/05/2023 00:32,11.25,279.34,65.29,23673.15,7525.3,6.580262,3.414185,6.529757,3.666
03/05/2023 01:02,11.12,286.59,62.01,24178.65,7227.55,7.665369,2.804211,5.553996,3.664
03/05/2023 01:32,11.12,276.71,60.3,23448.2,7026.05,8.359188,2.847361,3.903047,3.664
03/05/2023 02:02,11.19,281.79,59.85,23863.8,7033.45,9.184908,2.811567,2.833632,3.664
03/05/2023 02:32,11.19,282.33,58.93,23888.75,6943.65,8.884336,1.985356,3.588253,3.664
03/05/2023 03:02,11.19,278.62,61.32,23698.5,7166.15,9.289351,3.602472,0.795319,3.662
03/05/2023 03:32,11.25,288.65,57.75,24424.6,6811.05,9.906187,0.844353,0.846314,3.664
03/05/2023 04:02,11.25,288,58.42,24405.4,6867.6,9.908149,-0.881127,0.27998,3.66
03/05/2023 04:32,11.19,300.17,57.88,25378.6,6819.9,10.05868,-0.54623,-0.157887,3.662
03/05/2023 05:02,11.25,282.52,64.2,23867.8,7423,9.827733,0.654594,1.082164,3.662
03/05/2023 05:32,11.25,276.23,59.28,23406.5,6973.2,9.517843,1.730383,2.063809,3.662
03/05/2023 06:02,11.19,287.75,63.99,24386.15,7389.45,9.581099,1.845121,1.981924,3.662
03/05/2023 06:32,11.19,283.11,62.03,23994.25,7213.35,8.399886,3.808412,3.403888,3.662
03/05/2023 07:02,11.25,291.2,62.83,24641.15,7252.35,9.058891,2.221207,3.491658,3.66
03/05/2023 07:32,11.25,276.63,61.87,23637.55,7170.25,8.596509,4.310513,2.383016,3.66
03/05/2023 08:02,11.25,285.6,65.71,24088.1,7534.85,8.885316,2.721836,3.34701,3.66
03/05/2023 08:32,11.19,289.02,63.67,24436,7365,9.545301,1.296439,2.708597,3.662
03/05/2023 09:02,11.19,282.9,64.42,23928.65,7411.45,9.644841,2.518838,0.976742,3.658
03/05/2023 09:33,11.19,282.75,58.56,23998.4,6859.9,9.983171,0.613406,0.537404,3.66
03/05/2023 10:03,11.12,292.75,58.8,24624.35,6860.1,9.968461,0.04462,1.752448,3.658
03/05/2023 10:33,11.12,289.31,62.5,24428,7217.7,9.265811,0.775216,2.629163,3.66
03/05/2023 11:03,11.12,289.95,67.78,24394.05,7655.1,8.983382,0.613406,4.221272,3.658
03/05/2023 11:33,11.06,286.41,68.1,24025.3,7756.9,6.268411,-5.158298,5.793279,3.658
03/05/2023 12:03,11.12,289.7,67.98,24220.9,7716.6,6.048252,-6.274295,5.007276,3.658
03/05/2023 12:33,11.12,300.11,60.62,25115.2,6922.9,8.398416,3.675532,3.631892,3.656
03/05/2023 13:03,11.19,288.68,68.97,24135.95,7631.8,6.957327,4.516944,5.370612,3.656
03/05/2023 13:33,11.25,284.84,64.87,24006.55,7183.9,8.325355,4.316397,2.9062,3.654
03/05/2023 14:03,11.25,301.66,66.6,25182.45,7346.2,8.760771,2.670841,3.880002,3.656
03/05/2023 14:33,11.38,280.64,63.23,23523.5,7081.5,9.287879,2.3889,2.310447,3.656
03/05/2023 15:03,11.38,293.2,65.54,24574.8,7279.5,8.928955,2.184431,3.703482,3.656
03/05/2023 15:33,11.38,292.7,61.65,24678.8,6912.8,10.016022,0.460422,0.450125,3.656
03/05/2023 16:03,11.44,281.27,61.03,23618.25,6843.85,9.31828,2.206006,1.406764,3.656
03/05/2023 16:33,11.5,272.19,60.31,22976.45,6837.85,9.658079,0.348626,1.038034,3.658
03/05/2023 17:03,11.5,294.75,60.5,24725.75,6897.15,9.946396,-1.892683,1.215044,3.656
03/05/2023 17:33,11.5,292.94,68.27,24559.75,7639.65,9.767424,0.832094,-1.322427,3.656
03/05/2023 18:03,11.56,289.11,63.39,24312.75,7259.1,9.462927,1.792656,-2.2418,3.656
03/05/2023 18:33,11.56,289.94,64.74,24385.1,7326.25,7.984574,3.690733,4.406129,3.656
03/05/2023 19:03,11.56,275.39,61.33,23221.05,7041.85,7.651147,3.15529,5.244597,3.654
03/05/2023 19:33,11.56,261.68,62.59,22320.55,7164.4,8.03459,4.073192,4.021707,3.656
03/05/2023 20:03,11.56,281.12,64.86,23698.15,7411,7.341259,3.826555,5.47064,3.656
03/05/2023 20:33,11.56,281.08,58.84,23705.75,6937.05,9.747809,1.767648,1.323407,3.656
03/05/2023 21:03,11.56,284.1,60.23,23949.4,7073.85,8.1253,2.807644,4.793491,3.656
03/05/2023 21:33,11.5,247.74,60.28,21362.95,7039.9,10.106734,1.304285,-0.263308,3.652
03/05/2023 22:03,11.5,288.5,57.78,24363.25,6804.95,9.028984,3.039081,2.320744,3.654
03/05/2023 22:33,11.5,285.1,58.71,24074.2,6908.25,9.23296,2.244742,1.531799,3.654
03/05/2023 23:03,11.44,283.93,63.23,24030.75,7284.95,7.557005,2.871878,5.669224,3.652
03/05/2023 23:33,11.38,285.41,61.74,24056.85,7142.05,8.65584,2.731152,3.543143,3.654
04/05/2023 00:04,11.38,285.77,59.49,24147.45,6839.55,6.918591,3.236195,6.314502,3.652
04/05/2023 00:34,11.38,285.26,64.89,24050.1,7448.75,6.179171,2.127062,7.422653,3.652
04/05/2023 01:04,11.38,282.68,64.02,23799,7316.9,5.419645,1.116487,8.183159,3.652
04/05/2023 01:34,11.31,278.47,61.55,23550.3,7101.25,7.020581,4.461046,5.304417,3.652
04/05/2023 02:04,11.31,278.9,61.59,23779.85,7103.6,8.665155,3.207756,3.606886,3.652
04/05/2023 02:34,11.25,293.28,61.95,24726.35,7184.35,8.37488,3.281796,4.107516,3.652
04/05/2023 03:04,11.25,280.32,63.24,23818.35,7290.9,9.182947,3.30288,2.031448,3.652
04/05/2023 03:34,11.25,272.75,60.63,23266,6998.4,8.946115,2.496773,2.623769,3.652
04/05/2023 04:04,11.25,269.98,59.17,22994.85,6939.25,9.80616,1.225831,1.660756,3.652
04/05/2023 04:34,11.25,265.83,58.05,22665.5,6824.35,10.035637,-0.745305,-0.923296,3.652
04/05/2023 05:04,11.25,241.88,57.66,20829.05,6798.55,9.931684,-0.301064,-0.393247,3.652
04/05/2023 05:34,11.31,282.63,57.82,24005.05,6789.3,9.738005,-0.635961,0.770803,3.652
04/05/2023 06:04,11.25,272.2,57.78,23183.5,6802.1,9.547264,1.495514,1.021363,3.652
04/05/2023 06:34,11.31,280.58,59.86,23706.6,6871.5,8.013014,2.823825,5.13133,3.652
04/05/2023 07:04,11.31,282.93,65.13,23968.5,7415.75,7.345673,2.908162,5.905564,3.652
04/05/2023 07:34,11.31,284.31,66.09,23995.05,7478.15,8.090976,2.625731,5.167614,3.652
04/05/2023 08:04,11.38,294.6,67.51,24786,7661.55,6.721478,3.357306,6.379226,3.652
04/05/2023 08:34,11.38,289.41,59.45,24467.8,6747.95,8.22925,3.505877,4.277661,3.652
04/05/2023 09:04,11.38,283.63,67.98,23866.75,7646.2,8.480791,2.262394,4.240396,3.652
04/05/2023 09:34,11.38,283.75,59.21,23912,6891.7,9.71839,1.832373,0.816894,3.652
04/05/2023 10:04,11.38,273.78,58.57,23174.25,6812.7,9.522747,1.412158,1.044408,3.652
04/05/2023 10:34,11.38,284.47,58.4,23881.7,6832.7,9.139307,0.120131,2.940524,3.652
04/05/2023 11:04,11.38,260.48,63.95,22295.45,7281.85,9.143722,-0.104441,3.593647,3.652
04/05/2023 11:34,11.38,285.21,70.78,23965.1,7937.45,7.188274,-5.920275,3.580899,3.65
04/05/2023 12:04,11.38,287.83,70.43,24125.85,7856.1,7.541314,-4.536556,4.545382,3.65
04/05/2023 12:34,11.31,283.76,66.26,23817.7,7521.3,6.44395,4.422799,6.021282,3.65
04/05/2023 13:04,11.31,282.15,62.79,23724,7172.7,8.265046,2.774301,4.42427,3.65
04/05/2023 13:34,11.31,283.4,63.48,23832.1,7303.5,8.604353,4.124677,2.318292,3.65
04/05/2023 14:05,11.25,282.44,68.2,23632.6,7605.85,7.531997,4.431135,4.677772,3.65
04/05/2023 14:35,11.25,281.18,65.4,23593.65,7425.4,8.440583,3.945706,3.255318,3.65
04/05/2023 15:05,11.25,279.38,65.73,23448.4,7331.4,7.689884,4.328655,4.418386,3.65
04/05/2023 15:35,11.31,283.5,67.12,23654,7387.75,9.290331,3.160193,2.149618,3.65
04/05/2023 16:05,11.38,278.59,66.06,23450.7,7455.4,9.194224,2.313879,2.898846,3.65
04/05/2023 16:35,11.38,279.15,65.44,23442.2,7391.3,9.796352,0.794339,1.270452,3.65
04/05/2023 17:05,11.38,277.82,66.73,23322.7,7433,9.784096,0.263309,0.728144,3.648
04/05/2023 17:35,11.44,282.16,65.1,23775.3,7474.75,9.867451,-0.607032,-0.11817,3.65
04/05/2023 18:05,11.44,279.26,67.34,23602.85,7690.25,9.770365,0.504062,1.446481,3.65
04/05/2023 18:35,11.44,282.85,69.01,23722.4,7744.95,9.564426,1.392054,2.352125,3.65
04/05/2023 19:05,11.44,282.24,68.66,23765.55,7717.45,9.06723,2.380564,3.301899,3.65
04/05/2023 19:35,11.44,284,69.15,23929.05,7818.5,7.673703,2.709577,5.643727,3.65
04/05/2023 20:05,11.5,274.15,70.47,23199.3,7997.4,6.702846,-4.956281,5.430923,3.65
04/05/2023 20:35,11.5,279.63,67.98,23562.45,7714.65,7.070596,-4.160963,5.582436,3.65
04/05/2023 21:05,11.56,284.44,70.87,23934.2,8038.15,7.003909,-5.077883,5.000902,3.65
04/05/2023 21:35,11.56,280.01,66.28,23697.45,7537,7.501597,-5.274016,3.744669,3.65
04/05/2023 22:05,11.56,283.68,69.23,23867.8,7829.05,9.012312,-1.952504,3.537259,3.65
04/05/2023 22:35,11.5,288.7,67.16,24257.25,7674.35,9.911582,-0.886521,0.310381,3.65
04/05/2023 23:05,11.5,282.79,64.36,23784.7,7441.85,9.128519,0.312832,2.94935,3.65
04/05/2023 23:35,11.5,256.07,73.47,21734.65,8316.2,9.64533,0.89927,2.524232,3.648
05/05/2023 00:05,11.44,284.68,67.68,23988.25,7669.85,7.897295,-2.482553,5.518202,3.65
05/05/2023 00:35,11.44,282.64,63.21,23831.1,7276.1,5.396109,-7.102468,4.684636,3.648
05/05/2023 01:05,11.38,283.84,62.82,23919.8,7190.55,7.854146,1.896606,5.698645,3.648
05/05/2023 01:35,11.38,281.23,61.92,23698.35,7115.05,5.916842,4.378179,6.548881,3.648
05/05/2023 02:05,11.31,282.54,61.31,23849.7,7157.35,8.816669,3.175394,3.015054,3.648
05/05/2023 02:35,11.31,281.3,61.65,23717.9,7193.1,8.810785,2.28544,3.882452,3.648
05/05/2023 03:05,11.31,281.26,61.6,23746,7195.45,8.033609,4.26295,3.980029,3.648
05/05/2023 03:35,11.31,283.08,61.81,23887.25,7217.65,8.15668,3.468612,4.457122,3.648
05/05/2023 04:05,11.25,284.35,61.32,24064.4,7161.2,9.274637,1.743132,3.674062,3.648
05/05/2023 04:36,11.25,277.87,58.2,23520.6,6850.3,10.035145,1.089028,0.848766,3.648
05/05/2023 05:06,11.25,280.27,58.51,23646.8,6865.1,-0.007355,2.953272,9.495779,3.648
05/05/2023 05:36,11.25,281.32,59.46,23713.55,6985.9,9.928253,-0.444732,0.647729,3.648
05/05/2023 06:06,11.31,274.69,56.64,23182.3,6695.75,9.880201,0.762957,0.315284,3.648
05/05/2023 06:36,11.31,284.41,60.19,23997.1,7037.25,9.357015,2.529625,2.276614,3.646
05/05/2023 07:06,11.31,281.2,63.97,23706.75,7404.4,6.876914,4.321301,5.757975,3.648
05/05/2023 07:36,11.38,276.59,63.27,23325.5,7352.3,7.204946,2.292794,6.365987,3.648
05/05/2023 08:06,11.38,279.37,63.79,23475.25,7406.75,6.292928,3.291602,6.917612,3.646
05/05/2023 08:36,11.5,281.65,63.56,23678.6,7356.35,5.623134,3.824594,7.184841,3.648
05/05/2023 09:06,11.5,282.91,63.46,23799.05,7325.8,7.469725,3.08223,5.604501,3.646
05/05/2023 09:36,11.5,281.05,63.99,23638.1,7382.4,6.735207,3.217071,6.497396,3.646
05/05/2023 10:06,11.5,277.21,65.08,23336.2,7489.1,7.133849,2.918459,6.264488,3.646
05/05/2023 10:36,11.5,281.06,63.2,23665.75,7303.55,8.968672,1.837766,3.820671,3.646
05/05/2023 11:06,11.5,282.89,65.01,23809.75,7462.15,9.720352,-0.971349,1.945639,3.646
05/05/2023 11:36,11.5,282.5,63.52,23810.5,7329.9,8.577877,-3.663764,3.691713,3.644
05/05/2023 12:06,11.44,283.16,63.27,23837.5,7304.15,7.266236,-3.732411,5.756013,3.646
05/05/2023 12:36,11.44,284.87,64.88,23885.95,7442.8,5.44024,-3.820671,7.360381,3.644
05/05/2023 13:06,11.44,280.29,65.71,23501.3,7501.1,6.357162,-3.283757,6.988708,3.648
05/05/2023 13:36,11.44,284.13,66.26,23761.3,7506.1,5.049935,-3.698087,7.760004,3.644
05/05/2023 14:06,11.38,285.98,65.79,23957.5,7528.35,7.227011,-3.449489,5.961462,3.644
05/05/2023 14:36,11.38,283.91,64.44,23769,7379.65,7.227501,-3.475967,5.921254,3.644
05/05/2023 15:06,11.38,282.93,65.97,23726.95,7537.25,7.300071,-3.456844,5.897719,3.644
05/05/2023 15:36,11.44,281,64.72,23616.35,7427.25,7.788932,-3.314157,5.287746,3.644
05/05/2023 16:06,11.44,282.68,66.75,23737.4,7561.45,8.292013,-3.308764,4.42427,3.644
05/05/2023 16:36,11.44,288.19,64.51,24182.6,7314.45,9.259439,-2.588956,2.573265,3.642
05/05/2023 17:06,11.56,273.1,63.88,23101,7245.55,9.615911,-2.234936,1.355769,3.644
05/05/2023 17:36,11.56,288.01,64.06,24208.45,7333,9.677202,-2.174135,0.426099,3.644
05/05/2023 18:06,11.56,288.39,71.93,24244,8071.5,9.921389,-0.259876,-0.407466,3.644
05/05/2023 18:37,11.69,288.45,63.89,24272.3,7272.95,9.573744,2.232975,1.220438,3.642
05/05/2023 19:07,11.69,285.73,66.55,23946.35,7566,8.930425,2.410475,3.458805,3.644
05/05/2023 19:37,11.62,282.9,66.7,23822.45,7667.6,7.069124,1.229754,6.828371,3.644
05/05/2023 20:07,11.62,277.31,65.52,23343.65,7512.1,7.299581,1.276826,6.554765,3.642
05/05/2023 20:37,11.75,278.44,68.72,23460.35,7798.5,5.89821,2.422243,7.586914,3.642
05/05/2023 21:07,11.75,282.8,71.34,23815.95,8095.3,5.992844,1.453836,7.788443,3.644
05/05/2023 21:37,11.75,280.69,70.52,23666.5,7987.6,6.183093,0.534953,7.6384,3.642
05/05/2023 22:07,11.75,282.92,69.94,23792.7,7948.15,7.405983,-0.153474,6.670974,3.642
05/05/2023 22:37,11.75,284.81,67.53,23997.7,7740.4,9.191773,0.033833,3.703972,3.642
05/05/2023 23:07,11.75,280.35,71.4,23619.85,8103.85,9.698777,-0.068647,2.491379,3.642
05/05/2023 23:37,11.69,286.4,66.15,24146.15,7616.1,9.467829,-2.383016,2.088326,3.642
06/05/2023 00:07,11.69,286.63,67.35,24146.8,7735.65,7.596231,-4.80771,4.278151,3.644
06/05/2023 00:37,11.62,284.61,66.19,23960.4,7630.95,6.944579,-4.572351,5.478976,3.64
06/05/2023 01:07,11.62,288.78,63.9,24366.95,7363.25,4.981779,-5.371593,6.929379,3.642
06/05/2023 01:37,11.56,284.11,63.79,23979.2,7385.25,6.516028,-4.670907,5.929101,3.64
06/05/2023 02:07,11.5,283.49,64.55,23950.5,7471.95,5.617249,-3.920208,7.284871,3.642
06/05/2023 02:37,11.5,282.59,63.15,23827.1,7305.2,6.594482,-3.272969,6.800912,3.642
06/05/2023 03:07,11.44,282.62,66.46,23800.95,7590.05,6.937225,-4.14331,5.902133,3.64
06/05/2023 03:37,11.44,283.5,66.51,23885.9,7611.65,7.457468,-4.708172,4.738573,3.64
06/05/2023 04:07,11.44,282.01,66.92,23786.2,7625.3,7.814919,-4.557641,4.206563,3.64
06/05/2023 04:37,11.44,284.66,67.31,23971.4,7670.9,7.69822,-3.742708,5.184286,3.64
06/05/2023 05:07,11.5,279.66,66.7,23590.35,7644.4,7.681548,-4.679244,4.441432,3.64
06/05/2023 05:37,11.5,284.3,63.87,23973.5,7399.75,9.795374,-1.825018,0.345194,3.642
06/05/2023 06:07,11.5,283.19,65.03,23861.3,7521.65,9.855684,-1.244954,-0.3094,3.64
06/05/2023 06:37,11.56,284.96,61.84,23966.3,7194.55,9.889516,0.425118,-0.590851,3.638
06/05/2023 07:07,11.56,285.07,64.38,23990.6,7416,9.164314,2.812547,2.558064,3.642
06/05/2023 07:37,11.56,284.09,66.7,23877,7587.4,6.613116,4.611577,5.727083,3.638
06/05/2023 08:07,11.62,286.3,67.46,24069,7702.65,6.192409,4.659629,6.26792,3.638
06/05/2023 08:38,11.69,281.07,67.84,23661.4,7688,6.000689,3.70152,6.864656,3.638
06/05/2023 09:08,11.69,284.47,65.33,23949.7,7448.9,7.478551,2.945917,5.748658,3.638
06/05/2023 09:38,11.69,283.44,64.51,23820,7390.4,6.606249,2.729681,6.910747,3.638
06/05/2023 10:08,11.75,283.22,65.32,23813.85,7384.75,6.787673,3.822142,6.214964,3.638
06/05/2023 10:38,11.69,276.28,69,23384,7858.65,7.581033,4.223234,4.716999,3.638
06/05/2023 11:08,11.69,282,65.05,23724.6,7355.45,9.169707,2.033409,3.417127,3.636
06/05/2023 11:38,11.62,290.92,61.42,24427.8,6952.05,9.773798,-0.930651,1.802953,3.638
06/05/2023 12:08,11.62,272.42,70.87,23062.85,7983.55,8.989266,-2.913556,3.186671,3.638
06/05/2023 12:38,11.62,289.87,68.2,24352.65,7739.5,7.753139,-3.93737,4.949908,3.634
06/05/2023 13:08,11.56,287.13,66.43,24172.7,7500.35,7.550141,-4.294333,4.794961,3.636
06/05/2023 13:38,11.5,288.15,65.55,24298.2,7451.15,5.660888,-4.649823,6.824938,3.638
06/05/2023 14:08,11.5,289.27,64.26,24349.85,7390.9,5.693741,-3.651997,7.397157,3.638
06/05/2023 14:38,11.5,283.68,63.89,23862.35,7328.1,6.302734,-4.593435,6.210062,3.636
06/05/2023 15:08,11.44,286.2,64.62,24126.05,7395.05,7.658993,-3.850091,5.158788,3.638
06/05/2023 15:38,11.44,285.93,63.32,24074.45,7235.65,7.016168,-4.308552,5.626566,3.638
06/05/2023 16:08,11.44,279.46,64.1,23513,7305.95,6.173776,-4.621385,6.354218,3.638
06/05/2023 16:38,11.5,279.33,65.28,23536.15,7444.25,8.187572,-2.736546,4.831737,3.638
06/05/2023 17:08,11.5,275.48,60.85,23201.3,6929.45,8.567579,-2.806663,4.431136,3.636
06/05/2023 17:38,11.5,285.75,63.28,24047.2,7246.15,8.340066,-3.566679,3.666707,3.638
06/05/2023 18:08,11.56,273.8,60.28,23156.4,6957.35,8.986325,-2.414888,2.071165,3.634
06/05/2023 18:38,11.62,304.13,58.66,25670.55,6724.35,9.771347,-1.838747,0.394227,3.636
06/05/2023 19:08,11.62,289.54,62.17,24378.8,7159.25,9.785566,1.565141,1.60682,3.634
06/05/2023 19:38,11.62,280.56,58.98,23693.45,6783.55,8.850012,-0.393247,4.590493,3.634
06/05/2023 20:08,11.62,280.08,62.75,23578.35,7112.7,6.544469,4.899403,5.475543,3.632
06/05/2023 20:38,11.69,290.54,64.16,24416.2,7260.8,5.797692,3.502935,7.21034,3.634
06/05/2023 21:08,11.69,291.43,66.31,24545.3,7539.6,4.946965,3.054771,7.941424,3.636
06/05/2023 21:38,11.75,283.67,66.59,23870.4,7539,6.317935,1.969175,7.414318,3.636
06/05/2023 22:08,11.81,275.84,64.93,23352,7375.5,7.159835,2.387919,6.371381,3.636
06/05/2023 22:38,11.81,286.04,66.21,24109.5,7546.35,7.430499,1.465113,6.475331,3.632
06/05/2023 23:09,11.69,280.46,67.21,23730.35,7648.2,8.182178,2.943956,4.634132,3.634
06/05/2023 23:39,11.69,281.51,56.51,23816.5,6528.45,9.769875,0.327542,2.471276,3.634
07/05/2023 00:09,11.62,288.48,62.75,24305.9,7204.05,9.482541,-1.69655,2.614944,3.636
07/05/2023 00:39,11.62,286.47,66.69,24191.45,7636.45,9.02408,-2.902769,3.183729,3.63
07/05/2023 01:09,11.56,280.66,59.44,23706.75,6886.3,6.319896,-3.293563,7.021071,3.636
07/05/2023 01:39,11.56,287.24,63.18,24223.6,7330.85,6.205157,-3.906969,6.673915,3.634
07/05/2023 02:09,11.56,282.67,57.58,23863,6736.1,5.077884,-3.68681,7.786481,3.63
07/05/2023 02:39,11.5,283.66,57.62,23921.5,6721.15,6.472389,-4.09967,6.360593,3.63
07/05/2023 03:09,11.44,278.18,55.44,23493.8,6478.9,5.121523,-3.784877,7.656051,3.63
07/05/2023 03:39,11.44,280.08,63.39,23697.65,7286.3,6.261056,-4.39534,6.367458,3.626
07/05/2023 04:09,11.44,278.25,60.52,23357.4,6973.45,6.718535,-4.041811,6.157596,3.63
07/05/2023 04:39,11.44,277.38,59.71,23488.5,6918.2,7.481493,-3.575995,5.52997,3.626
07/05/2023 05:09,11.5,280.68,64.28,23778.35,7342.75,8.310645,-3.523039,4.332088,3.63
07/05/2023 05:39,11.5,275.7,66.05,23403.55,7586.35,8.61318,-3.485774,3.607867,3.624
07/05/2023 06:09,11.5,278.13,64.78,23620.85,7345.7,9.487932,-2.583071,1.839728,3.624
07/05/2023 06:39,11.56,312.31,64.36,26315.25,7313.15,9.78998,-1.757842,0.635471,3.626
07/05/2023 07:09,11.56,295.49,58.87,24806.4,6736.2,9.904226,-0.113757,-0.758054,3.622
07/05/2023 07:39,11.56,285.38,63.25,23986.55,7244.9,9.064777,-0.399131,4.180575,3.626
07/05/2023 08:09,11.62,277.97,57.52,23380.05,6682.1,7.608489,0.19221,6.288023,3.63
07/05/2023 08:39,11.62,281.34,62.38,23717.15,7146.6,6.125234,0.55996,7.819332,3.626
07/05/2023 09:09,11.62,283.61,62.56,23770.4,7192.2,5.178402,0.73746,8.370466,3.628
07/05/2023 09:39,11.75,277.87,56.73,23356.5,6540.75,5.84182,0.683033,7.915929,3.63
07/05/2023 10:09,11.75,282.32,60.14,23621.4,7000.4,6.020302,0.350097,7.819331,3.628
07/05/2023 10:39,11.75,283.45,57.42,23808.9,6703.75,7.740879,-0.145138,6.217907,3.624
07/05/2023 11:09,11.75,284.04,56.89,23839.2,6584.65,8.056654,0.225063,5.830544,3.624
07/05/2023 11:39,11.69,283.93,53.93,23977.25,6289.7,9.256496,0.711963,3.68632,3.624
07/05/2023 12:09,11.69,281.99,57.41,23726.3,6587.9,9.839993,0.216727,1.152281,3.626
07/05/2023 12:39,11.69,282.92,58.13,23996.15,6636.35,9.353582,0.716376,3.34848,3.624
07/05/2023 13:09,11.62,277.38,64.11,23427.35,7293.5,8.344477,0.780609,5.226454,3.626
07/05/2023 13:40,11.56,280.61,61.07,23565.85,6910,5.879577,1.043918,7.91691,3.622
07/05/2023 14:10,11.56,276.66,57.78,23311.75,6594.8,6.608701,-0.386382,7.411376,3.628
07/05/2023 14:40,11.5,278.61,63.38,23398,7166.8,5.414251,0.801203,8.204243,3.622
07/05/2023 15:10,11.5,279.02,59.81,23490.95,6812.65,5.767781,0.673717,8.023802,3.624
07/05/2023 15:40,11.5,278.06,59.49,23356.4,6734,7.248095,0.445712,6.800912,3.622
07/05/2023 16:10,11.5,280.61,62.48,23521.85,7059.05,6.552312,0.38393,7.398627,3.624
07/05/2023 16:40,11.56,275.27,61.08,23138.95,6887.75,7.894843,0.994394,5.878107,3.624
07/05/2023 17:10,11.56,281.67,61.99,23660.2,6980.75,8.1101,-0.445222,5.705018,3.622
07/05/2023 17:40,11.62,282.96,62.22,23718.65,6971.7,8.713209,-0.254483,4.691991,3.622
07/05/2023 18:10,11.69,279.28,66.77,23436.1,7432.7,8.513643,-0.096596,5.276468,3.624
07/05/2023 18:40,11.75,288.36,62.55,24128.4,7064.35,9.548736,0.638413,2.449211,3.622
07/05/2023 19:10,11.75,287.47,58.81,24241.25,6611.4,9.960614,-0.804636,0.525636,3.622
07/05/2023 19:40,11.81,239.67,63.86,20738.5,7212,9.713977,1.629375,1.584264,3.624
07/05/2023 20:10,11.81,283.49,59.72,23879.4,6775.55,8.867173,2.303582,3.910402,3.622
07/05/2023 20:40,11.81,282.76,64.06,23761.25,7246.2,6.196332,1.382738,7.576127,3.622
07/05/2023 21:10,11.81,282.03,68.34,23728.8,7657.6,5.325011,1.552883,8.136578,3.62
07/05/2023 21:40,11.88,278.85,64.02,23506.45,7238.55,6.035503,0.300574,7.799229,3.622
07/05/2023 22:10,11.94,281.18,67.8,23673.45,7633.8,7.23976,0.833565,6.707258,3.62
07/05/2023 22:40,11.94,282.11,69.7,23809,7866.05,6.948991,-0.200546,7.167681,3.622
07/05/2023 23:10,11.94,281.09,70.08,23743.4,7900.85,6.129647,0.811991,7.716362,3.62
07/05/2023 23:40,11.88,286.58,69.51,24130.95,7810.5,7.93358,2.020169,5.518202,3.62
08/05/2023 00:10,11.88,286.48,68.29,24210.5,7739.1,9.020157,1.190037,3.982481,3.62
08/05/2023 00:40,11.81,286.01,70.4,24133.35,7899.9,9.773308,1.116487,1.504831,3.622
08/05/2023 01:10,11.81,284.14,64.51,24014.15,7282.1,8.900515,0.995375,4.34974,3.622
08/05/2023 01:40,11.81,282.22,66.91,23786.75,7521.4,6.860732,1.132668,7.082363,3.62
08/05/2023 02:10,11.69,278.61,64.42,23505.55,7277.65,5.668734,1.826488,7.898276,3.622
08/05/2023 02:40,11.62,279.58,61.16,23535.9,6930.75,5.604501,1.934362,7.923772,3.62
08/05/2023 03:10,11.62,279.59,68.45,23532.25,7692.7,5.52997,2.109411,8.002716,3.62
08/05/2023 03:41,11.62,272.88,64.65,23049.75,7321.3,7.383428,1.289084,6.530738,3.62
08/05/2023 04:11,11.56,281.98,63.77,23701.9,7185.9,5.643237,1.324388,8.013994,3.62
08/05/2023 04:41,11.56,264.77,65.94,22392.5,7417.35,6.373342,0.391285,7.582501,3.62
08/05/2023 05:11,11.56,283.24,62.7,23902.55,7081.55,7.450112,0.791397,6.527796,3.62
08/05/2023 05:41,11.56,270.5,63,22870.4,7147.95,8.719584,-0.22065,4.897441,3.622
08/05/2023 06:11,11.56,278.4,63.45,23552.35,7177.5,8.530314,-0.282431,5.072981,3.62
08/05/2023 06:41,11.56,283.43,60.18,23980.65,6868.55,9.461946,0.498668,2.930717,3.62
08/05/2023 07:11,11.62,284.73,64.03,24112.2,7233.2,9.907168,-0.017652,1.443539,3.62
08/05/2023 07:41,11.62,291.92,67.86,24853.65,7635.4,9.883634,0.334407,-0.322639,3.62
08/05/2023 08:11,11.69,301.6,71.28,25322.05,7828,9.328085,2.857658,1.791185,3.618
08/05/2023 08:41,11.69,289.68,63.66,24236.1,7089.25,7.627122,1.871109,6.056587,3.62
08/05/2023 09:11,11.75,291.27,72.43,24298.6,8005.15,6.448853,2.91993,6.902902,3.62
08/05/2023 09:41,11.81,282.4,64.89,23619.45,7222.3,6.36991,3.003777,6.93036,3.62
08/05/2023 10:11,11.81,284.01,68.24,23864.7,7676.5,4.994037,2.775282,8.102745,3.618
08/05/2023 10:41,11.94,279.42,66.67,23418.15,7485,6.143866,2.613962,7.296147,3.62
08/05/2023 11:11,11.94,278.5,71.71,23339,8061.25,6.333626,0.504062,7.659485,3.62
08/05/2023 11:41,11.94,277.61,67.16,23274.55,7516.45,7.190235,1.884838,6.649889,3.62
08/05/2023 12:11,11.88,294.7,72.11,25003.25,8131.85,9.139799,2.397236,2.957686,3.618
08/05/2023 12:41,11.88,284.09,67.79,23973.25,7603.5,9.817928,0.92918,1.271432,3.618
08/05/2023 13:11,11.88,252.11,71.9,21588.3,8091.25,9.382021,1.000768,3.055752,3.62
08/05/2023 13:41,11.88,268.78,63.53,22682.7,7151,8.680847,0.911528,4.671398,3.618
08/05/2023 14:11,11.75,284.96,70.84,23989.35,7935.45,7.78501,1.418041,6.044819,3.616
08/05/2023 14:41,11.69,278.22,69.17,23406.65,7739.8,5.859965,1.200824,7.895335,3.618
08/05/2023 15:11,11.69,261.71,62.44,22039.75,7062.25,6.114446,-1.20965,7.719796,3.614
08/05/2023 15:41,11.62,273.19,60.62,23052.35,6869.45,5.502512,1.244464,8.106667,3.616
08/05/2023 16:11,11.62,281.81,60.96,23680.4,6893.8,6.818564,1.178759,7.126493,3.618
08/05/2023 16:41,11.56,280.39,60.67,23616.1,6840.25,6.997536,1.06108,7.005871,3.616
08/05/2023 17:11,11.56,275.32,61.22,23238,6949.5,7.182391,-0.346665,6.921534,3.616
08/05/2023 17:41,11.62,277.51,63.71,23477.35,7224.05,8.053221,-0.392266,5.895757,3.614
08/05/2023 18:12,11.69,279.24,63.66,23643.65,7213.2,7.948781,-0.488371,5.963424,3.614
08/05/2023 18:42,11.69,283.58,66.93,23987.75,7542.45,8.992208,-0.658026,4.086921,3.616
08/05/2023 19:12,11.75,286.16,65.5,24146.45,7396.8,9.692891,-0.902702,2.192276,3.616
08/05/2023 19:42,11.75,280.87,60.68,23866.25,6899.95,9.842934,-1.088048,0.896818,3.616
08/05/2023 20:12,11.75,274.85,66.22,23392.75,7518.25,9.913542,1.22436,-0.261347,3.618
08/05/2023 20:42,11.81,290.65,67.57,24615.2,7606.55,8.591606,2.8758,3.975126,3.616
08/05/2023 21:12,11.81,281.63,57.03,23792.15,6477.45,7.493262,2.657602,5.883009,3.612
08/05/2023 21:42,11.88,276.48,60.33,23262.65,6879.7,5.08818,3.218052,7.855126,3.614
08/05/2023 22:12,11.88,277.81,58.88,23372.8,6668.95,5.711883,3.192065,7.454526,3.614
08/05/2023 22:42,11.94,270.35,60.95,22784.15,6895.25,6.825919,2.645834,6.716574,3.616
08/05/2023 23:12,12,276.75,60.25,23301.2,6821,6.126705,1.595052,7.672723,3.614
08/05/2023 23:42,12,279.78,62.48,23591,7085.15,8.307214,2.030957,4.963146,3.616
09/05/2023 00:12,11.94,284.72,59.24,23945,6706.5,7.439326,3.27444,5.700606,3.614
09/05/2023 00:42,11.88,273.61,58.62,23079.75,6678.6,9.188341,0.35451,3.882943,3.614
09/05/2023 01:12,11.88,244.25,69.26,20902.6,7791.8,9.752222,-0.326561,1.79903,3.616
09/05/2023 01:42,11.81,260.54,68.52,22150.4,7755.25,8.684278,-2.970435,3.984933,3.616
09/05/2023 02:12,11.81,265.64,69.62,22419.75,7872.7,7.56632,-4.08545,5.102891,3.614
09/05/2023 02:42,11.75,280.01,68.69,23710.85,7763.3,5.748658,-4.311984,6.971547,3.614
09/05/2023 03:12,11.75,285.92,64.67,24168.35,7373.1,6.160537,-4.315417,6.580752,3.612
09/05/2023 03:42,11.62,280.48,66.16,23730.9,7492.6,6.750898,-3.814297,6.333625,3.614
09/05/2023 04:12,11.62,278.06,67.1,23483.75,7528.75,6.041877,-3.802038,6.994102,3.614
09/05/2023 04:42,11.62,283.14,66.15,23905.45,7499.5,6.763647,-4.457122,5.832506,3.612
09/05/2023 05:12,11.56,281.37,65,23747.05,7380.45,6.995575,-4.061915,5.841332,3.612
09/05/2023 05:42,11.56,260.17,64.11,22074.5,7267.15,7.444719,-3.703481,5.610385,3.614
09/05/2023 06:12,11.56,279.47,62.91,23625.75,7083.6,8.542082,-2.809605,4.330616,3.612
09/05/2023 06:42,11.62,276.05,68.37,23306,7666.65,8.683298,-3.08223,3.77605,3.614
09/05/2023 07:12,11.69,279.5,64.27,23626.65,7249.8,9.423211,-2.260433,2.317312,3.612
09/05/2023 07:42,11.69,299.98,54.15,25086.3,6194.3,9.866961,-1.151791,-0.048543,3.612
09/05/2023 08:13,11.69,281.89,53.52,23769.55,6140.05,9.922369,-0.282922,0.210843,3.612
09/05/2023 08:43,11.75,281.27,65.5,23638.65,7452.55,9.68848,1.868167,1.056176,3.612
09/05/2023 09:13,11.81,285.65,66.7,23945.9,7532.65,8.354774,-0.390795,5.300004,3.612
09/05/2023 09:43,11.81,283.09,55.47,23681.65,6246.3,7.02107,-1.422945,6.881818,3.612
09/05/2023 10:13,11.88,284.75,63.72,23767.25,7194.85,6.004121,-1.781378,7.693808,3.612
09/05/2023 10:43,11.94,284.41,68.42,23812.2,7704.3,6.856809,-2.039783,6.943109,3.612
09/05/2023 11:13,12,283.84,67.31,23708.45,7622.25,5.380419,-1.780888,8.218462,3.612
09/05/2023 11:43,12,272.62,66.21,22919.7,7463.2,7.502088,-3.595608,5.405916,3.612
09/05/2023 12:13,12.06,282.96,65.22,23737.5,7369.05,8.077739,-2.281027,5.342174,3.61
09/05/2023 12:43,12,283.65,60.2,23712.8,6784.85,8.459215,-1.19494,5.119071,3.612
09/05/2023 13:13,12,288.37,68.02,24247.25,7699.1,9.7027,0.519752,2.191296,3.612
09/05/2023 13:43,12,282.45,68.68,23751.05,7741.75,9.502644,-0.662439,2.834122,3.612
09/05/2023 14:13,11.94,279.71,63.86,23576.95,7267.65,8.623479,-0.819836,4.975405,3.612
09/05/2023 14:43,11.94,285.43,63.44,24025.5,7236.1,7.431971,-0.534953,6.633709,3.612
09/05/2023 15:13,11.81,282.57,62.34,23684.65,7052.55,7.144146,-1.611233,6.596934,3.612
09/05/2023 15:43,11.75,282.2,69,23559.45,7748.15,5.927629,-0.207411,7.922792,3.612
09/05/2023 16:13,11.75,283.02,67.39,23761.25,7640.7,6.38413,-0.734028,7.642812,3.612
09/05/2023 16:43,11.75,280.4,65.35,23654.25,7423.35,6.445911,-0.892896,7.589366,3.61
09/05/2023 17:13,11.75,274.08,69.91,23135.55,7898.4,6.300282,-0.579573,7.72813,3.61
09/05/2023 17:43,11.69,283.89,69.07,23860.1,7803.85,7.179938,-1.791675,6.731774,3.612
09/05/2023 18:13,11.69,285.85,65.25,24134.75,7356.15,8.158153,-0.917412,5.566744,3.61
09/05/2023 18:43,11.75,278.56,63.56,23495.05,7171.7,8.370466,-0.616348,5.300494,3.61
09/05/2023 19:13,11.81,293.48,65.01,24680.5,7327.3,9.317298,-1.333704,3.356326,3.61
09/05/2023 19:43,11.81,285.8,69.55,24048.25,7818.25,9.415367,-1.111093,3.11116,3.608
09/05/2023 20:13,11.88,287.49,57.68,24385,6481.25,9.916975,-0.107873,1.136101,3.61
09/05/2023 20:43,11.94,280.76,64.58,23728.5,7258.35,9.736534,-1.473449,1.700964,3.608
09/05/2023 21:13,11.94,275.93,64.02,23567.7,7162.1,8.89414,-3.880983,-2.087345,3.608
09/05/2023 21:43,11.94,282.77,72.36,23938.35,8135.35,7.821785,4.445846,4.095747,3.608
09/05/2023 22:13,12,279.71,68.25,23543.35,7675,5.731006,3.962377,7.043626,3.61
09/05/2023 22:44,12.06,272.82,58.33,23000.1,6675.65,6.448854,4.417406,6.042858,3.61
09/05/2023 23:14,12.06,279.99,54.5,23513.25,6278.1,6.198783,3.447037,6.806796,3.61
09/05/2023 23:44,12.19,272.35,61.27,22992,7025.4,6.694018,2.583072,6.748446,3.608
10/05/2023 00:14,12.19,280.3,62.62,23628.5,7166.8,8.173842,1.921613,5.258326,3.61
10/05/2023 00:44,12.19,282.07,64.1,23787,7365.15,7.450112,2.648286,5.940379,3.608
10/05/2023 01:14,12.12,279.1,66.57,23514.2,7648.6,9.374666,2.852755,1.116977,3.608
10/05/2023 01:44,12.06,284.97,65.83,23946,7573.65,9.87971,0.032852,1.411177,3.608
10/05/2023 02:14,12,283.96,57.03,23827.5,6581.35,8.985343,1.064022,4.086431,3.608
10/05/2023 02:44,12,274.96,69.92,23208.9,7952.5,8.279755,0.258896,5.325011,3.606
10/05/2023 03:14,11.94,280.4,72.55,23437,8257.45,6.42826,1.058138,7.501597,3.606
10/05/2023 03:44,11.88,274.59,60.73,23071.3,6951.6,7.405492,0.299103,6.584676,3.608
10/05/2023 04:14,11.88,275.87,63.01,23148.5,7180,5.323049,0.339801,8.390079,3.606
10/05/2023 04:44,11.75,270.86,65.75,22754.4,7501.5,6.287534,0.322639,7.721757,3.604
10/05/2023 05:14,11.75,275.14,58.99,23092.4,6787.35,6.219869,0.742363,7.679587,3.608
10/05/2023 05:44,11.75,273.67,68.98,22983.85,7859.3,7.280949,0.463855,6.633219,3.606
10/05/2023 06:14,11.75,272.41,63.94,22940.75,7278.6,7.559456,-0.163281,6.419923,3.606
10/05/2023 06:44,11.75,268.25,55.42,22609.1,6336.35,8.634755,-1.164049,4.769955,3.606
10/05/2023 07:14,11.75,260.24,67.43,21959.7,7607.15,8.143932,-0.800713,5.519673,3.606
10/05/2023 07:44,11.75,273.1,67.12,22898.5,7558.2,7.629573,-0.248108,6.569475,3.606
10/05/2023 08:14,11.81,264.38,58.05,22233.25,6557.15,9.064288,-1.134629,4.130071,3.604
10/05/2023 08:44,11.88,264.31,53.05,22192.25,5942.25,9.900794,0.742854,1.146397,3.604
10/05/2023 09:14,11.88,279.73,66.98,23358.3,7495.2,9.890988,-0.016671,0.968407,3.606
10/05/2023 09:44,12,238.75,74.86,19915.2,8272.85,9.484501,2.320254,1.847573,3.606
10/05/2023 10:14,12,269.82,67.7,22432.1,7508,8.027235,2.036841,5.425039,3.606
10/05/2023 10:44,12.06,277.78,64.27,23140,7159.4,7.61143,2.249646,5.870261,3.606
10/05/2023 11:14,12.06,276.7,66.76,23007.55,7422.4,5.595185,2.665447,7.703614,3.606
10/05/2023 11:44,12.12,273.87,70.8,22784.25,7890.6,6.189466,2.566401,7.221617,3.604
10/05/2023 12:14,12.25,274.51,70.46,22841.15,7839.45,5.868299,2.326137,7.736958,3.606
10/05/2023 12:45,12.25,273.16,66.74,22885.85,7474.6,7.346652,1.864244,6.578792,3.606
10/05/2023 13:15,12.25,273.73,72.17,22794.35,8012.6,7.962998,1.764216,5.682464,3.606
10/05/2023 13:45,12.31,286.65,64.94,23911,7321.9,9.634542,1.214063,2.056455,3.606
10/05/2023 14:15,12.31,282.62,67.22,23650.2,7484.25,9.802238,0.183384,1.38617,3.606
10/05/2023 14:45,12.31,280.94,67.45,23461.55,7503.35,9.156469,1.23809,3.619144,3.606
10/05/2023 15:15,12.25,274.92,71.15,22992.05,7918.85,8.412146,0.407957,5.084748,3.606
10/05/2023 15:45,12.19,255.12,68.39,21348.45,7600,6.435124,-0.171616,7.575638,3.604
10/05/2023 16:15,12.19,269.84,64.41,22658.5,7285.25,7.405492,0.144648,6.62047,3.604
10/05/2023 16:45,12.06,272.25,62.7,22821,7141.55,6.460131,-1.133649,7.273103,3.606
10/05/2023 17:15,12.06,272.19,61.05,22882.65,6900.4,5.987451,-1.204257,7.879642,3.604
10/05/2023 17:45,12.06,274.55,59.22,23077.4,6749.75,6.811209,-0.894857,7.264276,3.604
10/05/2023 18:15,12,278.12,70.47,23454.3,7961.35,8.102255,-2.071655,5.104852,3.604
10/05/2023 18:45,12,272.7,67.04,22881.2,7536.25,8.652896,-2.652699,4.118793,3.604
10/05/2023 19:15,12,265.67,63.3,22390.65,7121.15,9.395262,-1.17974,3.222465,3.604
10/05/2023 19:45,12.06,271.29,67.53,22818,7578.3,8.914735,-2.559536,4.022687,3.604
10/05/2023 20:15,12.12,277.15,70.12,23377.6,7781.8,9.715939,-2.250136,1.026266,3.604
10/05/2023 20:45,12.19,252.66,52.14,21452.5,5969.55,9.883142,-1.629865,0.006374,3.604
10/05/2023 21:15,12.19,264.08,59.63,22227.9,6758.35,9.915995,0.348136,-0.79728,3.602
10/05/2023 21:45,12.19,255.72,73.71,21582.95,8233.7,9.614931,2.175115,1.63624,3.604
10/05/2023 22:15,12.25,261.06,70.62,22030.75,7902.25,8.748513,1.531799,4.603732,3.604
10/05/2023 22:45,12.25,262.69,70.06,22124.5,7864.5,7.338317,1.956427,6.273314,3.602
10/05/2023 23:15,12.31,264.26,71.49,22219.5,7987.25,6.349805,2.169721,7.438834,3.604
10/05/2023 23:45,12.38,259.88,68.84,21844.95,7696.85,5.313243,1.939755,8.110101,3.604
11/05/2023 00:15,12.44,254.71,69.94,21399.95,7814.5,5.362277,2.429597,7.958586,3.604
11/05/2023 00:45,12.44,265.24,60.77,22240.75,6870.5,6.957818,1.623001,6.93183,3.604
11/05/2023 01:15,12.5,266.26,67.35,22353.1,7536.65,8.796075,0.980665,4.365921,3.604
11/05/2023 01:45,12.5,255.12,74.95,21426.55,8324.9,8.632304,2.543355,4.149684,3.604
11/05/2023 02:15,12.5,266.69,68.89,22466.55,7805.5,9.771346,1.063041,1.661246,3.604
11/05/2023 02:45,12.44,278.11,71.99,23405.95,8151.6,9.696325,1.025776,1.564651,3.604
11/05/2023 03:16,12.38,265.21,71.74,22247.7,8069.05,9.181478,1.870619,3.074875,3.604
11/05/2023 03:46,12.38,257.95,68.06,21742.5,7633.05,7.506009,1.63722,6.245365,3.604
11/05/2023 04:16,12.25,265.02,51.74,22281.05,5957.65,8.499913,0.152493,5.148492,3.604
11/05/2023 04:46,12.12,258.9,59.68,21871.7,6789.7,5.887422,-0.278019,8.069893,3.604
11/05/2023 05:16,12.12,263.5,61.8,22205.45,7038.75,5.980096,-2.688493,7.531018,3.604
11/05/2023 05:46,12.12,263.4,57.97,22200.45,6593.5,6.628805,-1.307717,7.380484,3.602
11/05/2023 06:16,12.06,261.01,59.79,21985.25,6840.85,6.34196,-2.003499,7.383917,3.602
11/05/2023 06:46,12,261.81,58.07,22087.95,6567.95,7.598192,-1.688705,6.213494,3.602
11/05/2023 07:16,12,263.51,56.03,22198.85,6389.15,7.450603,-1.930929,6.278217,3.604
11/05/2023 07:46,12,257.71,56.92,21764.35,6454.6,8.495991,-2.289853,4.58657,3.602
11/05/2023 08:16,12.06,261.2,61.32,22016.6,6912.75,9.094687,-2.413907,3.303861,3.602
11/05/2023 08:46,12.06,270.27,62.16,22679.25,6906.6,9.279053,-3.381823,2.192276,3.602
11/05/2023 09:16,12.12,206.15,53.95,17871.4,6050.05,9.860095,-1.200334,0.543288,3.6
11/05/2023 09:46,12.19,263.95,52.18,22102.45,5823.6,9.953749,-0.302535,0.091692,3.6
11/05/2023 10:16,12.25,276.47,66.3,23095.55,7311.95,9.832636,1.192979,0.48641,3.604
11/05/2023 10:46,12.25,266.49,72.63,22230.7,8023.4,9.219722,1.705376,3.066049,3.6
11/05/2023 11:16,12.31,267.52,55.57,22306.7,6190.6,8.016935,1.823056,5.545661,3.6
11/05/2023 11:46,12.31,259.32,63.89,21673.9,7088.4,7.6536,1.968195,5.938907,3.602
11/05/2023 12:16,12.31,262.41,67.87,21928,7517.3,7.368716,2.184431,6.241933,3.6
11/05/2023 12:46,12.44,263.76,59.92,22027.55,6659.3,6.794048,1.924555,7.03382,3.6
11/05/2023 13:16,12.5,265.74,65.37,22181.55,7262.35,6.968606,2.002518,6.807776,3.602
11/05/2023 13:46,12.5,261.7,64.4,21854.2,7118.1,7.506991,1.113545,6.455228,3.6
11/05/2023 14:16,12.62,267.91,57.78,22283.8,6373.55,7.483455,3.262672,5.730516,3.6
11/05/2023 14:46,12.69,265.68,64.42,22147.25,7058.5,9.422228,2.342319,1.967705,3.6
11/05/2023 15:16,12.69,259.27,66.15,21736.45,7372.35,9.68799,1.550922,1.863754,3.6
11/05/2023 15:46,12.69,265.58,76.59,22231.3,8503.95,9.400166,1.943188,2.557575,3.6
11/05/2023 16:16,12.56,265.66,55.05,22216.5,6148.2,7.603095,1.870128,6.129646,3.6
11/05/2023 16:46,12.44,258.79,61.55,21698,6861.65,8.027235,1.527876,5.601068,3.6
11/05/2023 17:17,12.44,259.22,51.09,21728.95,5801.8,6.056096,3.099392,7.202494,3.6
11/05/2023 17:47,12.31,258.42,64.18,21713.5,7276.05,7.46188,2.574246,5.951166,3.6
11/05/2023 18:17,12.38,254.6,63.66,21392.35,7191.7,7.176507,2.186883,6.470918,3.6
11/05/2023 18:47,12.31,259.93,59.48,21816.6,6707.75,7.106389,1.402351,6.8269,3.6
11/05/2023 19:17,12.31,260.29,65.31,21889.7,7330.25,8.412634,1.056176,5.20341,3.6
11/05/2023 19:47,12.31,259.5,59.72,21824.8,6716.9,7.692336,1.642124,6.017852,3.6
11/05/2023 20:17,12.31,256.98,66.68,21631.55,7514.35,8.533748,1.427358,4.900383,3.6
11/05/2023 20:47,12.31,265.11,66.69,22263.55,7555.75,9.564426,1.511695,2.214342,3.6
11/05/2023 21:17,12.31,255.68,56.18,21591.2,6354.8,9.733591,-0.205449,1.759804,3.6
11/05/2023 21:47,12.38,265.1,55.29,22326.75,6261.3,9.939041,-0.715395,0.974291,3.6
11/05/2023 22:17,12.38,256.25,61.03,21654.15,6893.2,9.90864,0.82621,-0.594773,3.6
11/05/2023 22:47,12.44,256,67.89,21553.5,7661,9.657099,1.757352,1.683802,3.6
11/05/2023 23:17,12.44,249.66,66.43,21097.6,7430.7,9.126068,0.009316,3.768696,3.598
11/05/2023 23:47,12.5,255.47,54.52,21484.45,6159.2,8.691634,-0.95909,4.741025,3.6
12/05/2023 00:17,12.5,252.03,52.98,21231.5,5998.4,7.335374,2.206986,6.211533,3.6
12/05/2023 00:47,12.62,260.67,59.74,21892.9,6704.05,7.517778,1.76912,6.247327,3.598
12/05/2023 01:17,12.69,262.96,53.85,22025.6,6069,6.853377,1.605349,7.07795,3.6
12/05/2023 01:47,12.69,252.78,55.62,21256.7,6277.35,6.523874,1.437655,7.361362,3.6
12/05/2023 02:17,12.75,254.03,59.98,21396.15,6757.9,6.638121,2.003989,7.056866,3.6
12/05/2023 02:47,12.75,257.4,54.84,21634.05,6189.45,9.182458,0.133861,4.015824,3.6
12/05/2023 03:17,12.75,257.47,53.59,21557.2,6057.7,9.651707,1.160617,2.333983,3.6
12/05/2023 03:47,12.62,262.14,64.46,21983.45,7210.95,9.276599,0.07306,3.608357,3.598
12/05/2023 04:17,12.5,249.61,57.43,21179.05,6479.9,8.878942,-2.752727,3.640719,3.6
12/05/2023 04:47,12.44,249.1,61.25,20994.1,6868.1,7.758531,-3.031235,5.478975,3.6
12/05/2023 05:17,12.44,253.07,58.17,21313.3,6528.05,7.545236,-2.431559,6.092381,3.598
12/05/2023 05:47,12.38,244.43,67.78,20675.6,7545.55,6.453267,-2.905711,7.100996,3.6
12/05/2023 06:17,12.31,248.84,55.61,21031.75,6261.1,5.409838,-3.164606,7.779615,3.6
12/05/2023 06:47,12.31,255.33,60.37,21482.6,6772.5,6.363046,-3.590705,6.800912,3.598
12/05/2023 07:17,12.31,243.93,72.26,20636.1,8023.1,6.556726,-3.552459,6.64989,3.6
12/05/2023 07:48,12.25,252.06,64.08,21251.25,7152.15,7.80168,-3.464199,5.293139,3.598
12/05/2023 08:18,12.25,248.15,68.85,20881,7638.5,6.905354,-3.948158,6.057567,3.6
12/05/2023 08:48,12.25,248.29,70.47,20871.75,7796.2,8.363111,-2.417829,4.86459,3.6
12/05/2023 09:18,12.31,236.55,65.83,20074.05,7315.55,8.59651,-2.089797,4.445845,3.6
12/05/2023 09:48,12.31,245.52,55.85,20771.95,6247.45,9.415365,-1.108151,2.738507,3.6
12/05/2023 10:18,12.31,248.45,63.66,20968.5,7042.3,9.654648,-1.169443,2.375661,3.6
12/05/2023 10:48,12.38,261.26,57.22,21993.45,6330.1,9.768404,-2.118727,1.345473,3.598
12/05/2023 11:18,12.38,257.03,58.09,21670.3,6428.55,9.986111,-1.034111,1.006162,3.598
12/05/2023 11:48,12.38,257.07,51.19,21620.05,5640.55,9.489405,-2.859129,0.734028,3.598
12/05/2023 12:18,12.5,244.44,67.18,20552,7426.35,9.096648,2.77283,2.440875,3.6
12/05/2023 12:48,12.5,246.55,65.72,20818.5,7310.85,8.428326,2.699771,4.484581,3.598
12/05/2023 13:18,12.5,248.57,58.7,21009.65,6578.75,7.836496,3.261201,5.038166,3.598
12/05/2023 13:48,12.5,255.01,67.78,21480.8,7607,8.226308,2.556594,4.868021,3.598
12/05/2023 14:18,12.62,251.27,64.74,21200.75,7318.45,7.700183,3.445076,5.036205,3.6
12/05/2023 14:48,12.69,246.19,53.06,20742.5,5986.2,8.15521,2.879723,4.854782,3.6
12/05/2023 15:18,12.69,245.36,55.28,20774.95,6235.55,8.997114,1.674486,3.633364,3.598
12/05/2023 15:48,12.69,247.46,63.43,20891.65,7110,9.45557,1.104229,2.847851,3.598
12/05/2023 16:18,12.62,252.66,64.28,21362.95,7112.7,9.430075,-3.213639,0.22065,3.598
12/05/2023 16:48,12.62,249.94,64.29,21116.25,7229.1,9.056931,1.869148,3.624538,3.598
12/05/2023 17:18,12.5,229.85,64.56,19514.45,7223.85,8.309665,2.055964,4.91068,3.598
12/05/2023 17:48,12.44,248.25,64.51,20916.5,7263.2,7.477572,1.731854,6.106602,3.598
12/05/2023 18:18,12.38,249.12,57.36,20945.75,6535,6.094342,2.674764,7.321646,3.598
12/05/2023 18:48,12.38,247.66,61.15,20860.8,6899.75,5.672166,1.981434,7.81492,3.598
12/05/2023 19:18,12.38,250.78,57.63,21125.75,6491.6,6.546919,3.261692,6.641553,3.598
12/05/2023 19:48,12.31,248.65,54.18,20942.8,6129.6,8.310155,2.029486,5.016592,3.598
12/05/2023 20:18,12.31,248.85,61.02,20996.95,6859.05,6.997535,2.623769,6.468468,3.598
12/05/2023 20:48,12.25,249.62,52.71,21067.9,6005.9,8.466572,2.38939,4.566957,3.596
12/05/2023 21:18,12.25,246.89,58.36,20864.8,6577.95,8.065479,2.096172,5.33923,3.598
12/05/2023 21:49,12.25,244.58,57.1,20695.05,6441.15,8.513154,1.743622,4.82242,3.598
12/05/2023 22:19,12.12,245.45,56.7,20828.25,6527.75,9.307981,1.952994,2.450191,3.598
12/05/2023 22:49,12.12,244.43,62.65,20726.1,7088.95,9.442823,1.024795,2.880213,3.598
12/05/2023 23:19,12.19,247.83,52.05,20995.75,5979.85,9.744377,-0.11817,0.787964,3.598
12/05/2023 23:49,12.19,253.66,62.43,21441.7,7018.05,10.000332,-0.861514,0.842882,3.596
13/05/2023 00:19,12.19,250.28,64.35,21211.5,7333.95,9.674751,-0.596735,2.412926,3.598
13/05/2023 00:49,12.19,247.57,60.25,20959.15,6767.6,9.028002,0.597715,4.293842,3.598
13/05/2023 01:19,12.19,244.14,57.53,20622.75,6482.1,8.216011,0.458461,5.506434,3.598
13/05/2023 01:49,12.19,242.9,60.85,20570.9,6860.4,8.367034,2.648776,4.491446,3.598
13/05/2023 02:19,12.25,245.04,52.77,20743.65,6002.75,7.507482,3.031235,5.621173,3.598
13/05/2023 02:49,12.25,245.11,51.9,20724.55,5863.6,8.944646,1.989769,3.888337,3.598
13/05/2023 03:19,12.25,244.4,51.79,20659,5868.45,8.997602,1.713712,3.938841,3.598
13/05/2023 03:49,12.25,248.74,65.31,21034.1,7283.4,9.424681,1.131197,2.863051,3.598
13/05/2023 04:19,12.31,250.25,52.24,21132.05,5969.65,9.493817,-0.522694,2.497264,3.594
13/05/2023 04:49,12.31,254.55,51.75,21499.75,5922.65,9.614439,-1.833353,-0.195152,3.598
13/05/2023 05:19,12.38,249.95,64.7,21125.35,7362.25,9.593356,2.18345,1.440107,3.598
13/05/2023 05:49,12.38,247.7,59.67,20875.15,6748.7,9.021627,2.591898,3.135677,3.598
13/05/2023 06:19,12.38,245.71,55.44,20798,6261.45,8.636717,2.125101,4.326203,3.594
13/05/2023 06:49,12.31,252.2,59.39,21342.75,6685.1,7.145125,3.017997,6.158086,3.596
13/05/2023 07:19,12.19,252.59,52.32,21307.9,5928.9,6.823958,2.922382,6.583204,3.596
13/05/2023 07:49,12.12,250.3,53.92,21086.6,6076.25,6.560159,2.880704,6.879855,3.596
13/05/2023 08:19,12.12,246.36,56.09,20745.65,6270.15,6.929869,1.212102,7.087266,3.596
13/05/2023 08:49,12.06,252.08,61.51,21106.05,6802.5,7.709497,1.479333,6.122782,3.596
13/05/2023 09:19,12.06,258.75,58.47,21496.9,6339.1,6.72491,2.475689,6.85779,3.594
13/05/2023 09:49,12.06,253.7,61.11,21118.05,6562.45,8.726939,1.699493,4.441922,3.594
13/05/2023 10:19,12.06,255.42,62.12,21047,6606.85,7.660464,2.257491,5.808969,3.598
13/05/2023 10:49,12.06,254.23,60.9,20894.5,6185.55,8.680357,1.895625,4.484581,3.596
13/05/2023 11:19,12.06,252.11,63.91,20926.5,6751.85,9.108907,0.910548,3.650525,3.596
13/05/2023 11:50,12.12,248.84,67.53,20503.75,6791.85,9.642881,1.177289,2.31535,3.594
13/05/2023 12:20,12.31,252.91,54.46,20983.15,5621.4,9.949338,-0.141706,0.529069,3.596
13/05/2023 12:50,12.44,254.01,52.55,20992.1,5576.25,9.825774,-1.612213,0.843862,3.596
13/05/2023 13:20,12.44,253.26,64.13,20799.55,6714.95,9.515392,-1.038524,2.745372,3.594
13/05/2023 13:50,12.5,255.25,66.19,20821.9,6948.3,9.187851,-1.257212,3.717211,3.596
13/05/2023 14:20,12.5,255.36,63.06,20620.6,6627.35,7.994872,-0.436396,5.833977,3.596
13/05/2023 14:50,12.5,253.9,62.79,20699.65,6672.1,8.246412,-0.332936,5.592243,3.594
13/05/2023 15:20,12.44,254.84,56.39,20841.9,6032.1,8.403809,-0.803165,5.306378,3.594
13/05/2023 15:50,12.44,247.59,63.76,20418.8,6876.7,8.256709,-1.301342,5.358844,3.596
13/05/2023 16:20,12.44,244.82,60.52,20352.45,6652,8.710268,-1.272903,4.706702,3.594
13/05/2023 16:50,12.5,248.49,65.16,20778.25,7152.45,9.452139,-0.452577,3.110669,3.594
13/05/2023 17:20,12.56,153.9,53.51,13314.5,5900.65,9.829695,-0.634,1.646537,3.594
13/05/2023 17:50,12.56,219.7,57.96,18466.05,6408.35,9.614928,-1.157185,2.291814,3.594
13/05/2023 18:20,12.56,240.83,73.87,20427.7,8120.25,9.159411,-2.785579,2.824315,3.594
13/05/2023 18:50,12.44,236.99,67.62,20123.5,7498.05,7.91789,-3.636796,4.864098,3.594
13/05/2023 19:20,12.38,245.47,70.34,20840,7867.5,8.053713,-3.456354,4.86508,3.594
13/05/2023 19:50,12.38,247.36,68,20959.05,7608.5,6.560159,-3.871665,6.574378,3.592
13/05/2023 20:20,12.25,246.11,67.74,20863.5,7548.95,7.939954,-3.231782,5.114168,3.594
13/05/2023 20:50,12.25,248.03,70.13,21012.1,7793.25,7.189256,-3.667197,5.921256,3.594
13/05/2023 21:20,12.25,243.08,70.18,20688.95,7866.5,7.481984,-4.117812,5.214196,3.594
13/05/2023 21:50,12.25,243.84,70.01,20678.1,7808.05,6.496415,-4.241866,6.274785,3.594
13/05/2023 22:20,12.25,247.88,68.73,21014.8,7656.9,7.808546,-4.607655,4.146742,3.594
13/05/2023 22:50,12.31,252.37,70.14,21355.45,7833.15,8.440584,-3.555892,3.998662,3.592
13/05/2023 23:20,12.31,256.81,68.09,21703,7588.2,9.045164,-3.703481,2.21189,3.594
13/05/2023 23:50,12.38,202.91,70.23,17549.85,7803.3,9.652195,-2.355557,0.708531,3.594
14/05/2023 00:20,12.44,247.76,60.52,20937.5,6766.25,9.819889,0.697743,1.264077,3.592
14/05/2023 00:50,12.44,201.79,52.13,17383.75,5883.1,9.899323,-0.416783,1.060589,3.592
14/05/2023 01:20,12.56,256.78,56.72,21577.7,6390,9.747811,-0.507984,2.032918,3.594
14/05/2023 01:50,12.56,249.9,62.74,21140.6,7029.8,9.092237,-1.118448,3.960906,3.592
14/05/2023 02:21,12.5,243.85,62.42,20620.95,7020.4,7.924265,-1.158165,5.91292,3.594
14/05/2023 02:51,12.5,244.28,59.23,20675.85,6665.5,8.062539,-1.193469,5.670694,3.592
14/05/2023 03:21,12.44,251.6,56,21269.15,6279,7.901708,1.649969,5.657947,3.59
14/05/2023 03:51,12.38,237.93,55.15,20226.35,6210.45,7.891903,1.744603,5.709922,3.59
14/05/2023 04:21,12.38,246.12,56.21,20796.7,6333.85,7.719304,2.085875,5.903113,3.592
14/05/2023 04:51,12.31,244.16,59.64,20705.85,6675.55,8.517567,1.70979,4.751322,3.592
14/05/2023 05:21,12.31,240.04,57.89,20374.85,6503,9.524707,0.389324,2.758611,3.59
14/05/2023 05:51,12.31,243.17,55.27,20622.25,6191.85,9.677692,0.4869,2.234445,3.592
14/05/2023 06:21,12.31,237.34,54.11,20148.5,6075.45,9.898342,-0.748247,0.631058,3.59
14/05/2023 06:51,12.31,238.5,53.48,20088.4,6091.1,9.731138,-1.358221,1.786772,3.59
14/05/2023 07:21,12.31,237.16,65.33,20035.25,7261.55,8.663686,-2.624259,4.249712,3.592
14/05/2023 07:51,12.31,234.79,59.28,19879.95,6634,7.799229,-3.226388,5.30834,3.59
14/05/2023 08:21,12.25,238.73,63.54,20239.45,7090.4,7.390781,-3.461257,5.774646,3.59
14/05/2023 08:51,12.25,238.99,68.47,20225.9,7602.4,6.196821,-4.714547,6.232127,3.594
14/05/2023 09:21,12.25,238.74,66.97,20109.9,7408.6,6.819055,-3.768696,6.257623,3.592
14/05/2023 09:51,12.25,235.74,68.09,19876.3,7525.85,6.489552,-3.766734,6.618508,3.59
14/05/2023 10:21,12.31,236.22,66.04,19900.05,7295.5,8.013503,-3.453412,4.861647,3.588
14/05/2023 10:51,12.31,240.24,68.33,20083.95,7531.25,7.371169,-3.747612,5.660888,3.592
14/05/2023 11:21,12.38,242.56,71.39,20303.85,7828.25,7.595251,-4.075644,5.124465,3.592
14/05/2023 11:51,12.44,243.22,68.5,20275.75,7455.6,8.677904,-3.24355,3.718682,3.59
14/05/2023 12:21,12.44,247.33,69.44,20257.8,7297.25,8.810293,-3.319551,3.443115,3.59
14/05/2023 12:51,12.44,241.92,55.85,20005.6,5935.8,9.655136,-2.02017,1.525424,3.592
14/05/2023 13:21,12.69,108.07,63.84,9657.35,6809.95,9.931196,-0.330974,0.126996,3.59
14/05/2023 13:51,12.75,132.05,57.23,11560.55,6105.2,9.941,-0.286354,-0.30989,3.59
14/05/2023 14:21,12.75,219.46,73.04,18100.35,7641.75,9.695343,2.107939,-0.051485,3.59
14/05/2023 14:51,12.75,243.32,63.65,19941.5,6451,9.086843,3.394082,1.872089,3.59
14/05/2023 15:21,12.75,244.86,66.31,19861.75,6952.85,8.620046,-0.932612,5.034734,3.59
14/05/2023 15:51,12.75,246.8,63.34,19758.1,6543.25,7.798739,0.980175,5.755523,3.59
14/05/2023 16:22,12.81,244.18,62,19714.45,6360.5,6.419923,3.694165,6.454247,3.59
14/05/2023 16:52,12.88,239.97,56,19770.9,6000.5,6.568494,1.139533,7.356948,3.59
14/05/2023 17:22,12.81,238.35,66.44,19840.7,7250.85,8.218463,-0.441299,5.545171,3.59
14/05/2023 17:52,12.81,241.14,60.99,19926.3,6554,8.131675,0.018633,5.687367,3.588
14/05/2023 18:22,12.69,237.92,56.72,19959.95,6208.75,9.463416,1.107171,2.743901,3.588
14/05/2023 18:52,12.62,237.92,60.15,19987.65,6629.3,9.930214,0.079924,1.114526,3.586
14/05/2023 19:22,12.62,232.26,58.5,19648,6447.5,9.869412,-0.508965,1.648988,3.586
14/05/2023 19:52,12.56,233.45,70.52,19709.95,7873.85,9.333479,-0.926238,3.385255,3.586
14/05/2023 20:22,12.56,234.17,63.45,19747.95,7073.65,8.913754,-1.099816,4.239415,3.586
14/05/2023 20:52,12.5,233.64,62.43,19714.65,6960.3,7.283399,-2.346731,6.449834,3.586
14/05/2023 21:22,12.5,233.58,59.02,19705.35,6574.3,6.136511,-2.331531,7.490321,3.588
14/05/2023 21:52,12.5,227.29,70.66,19261.1,7789.15,7.286832,-2.144714,6.416491,3.586
14/05/2023 22:22,12.44,232.75,62.44,19648.65,6931.05,7.237308,-2.324176,6.501319,3.588
14/05/2023 22:52,12.44,233.87,61.96,19726.9,6904.9,8.139029,-2.517367,5.183795,3.586
14/05/2023 23:22,12.44,230.4,61.29,19490.9,6789.35,7.869346,-1.484236,5.896739,3.586
14/05/2023 23:52,12.44,234.77,62.62,19824.8,6953.45,8.351342,-1.097854,5.302456,3.586
15/05/2023 00:22,12.44,237.11,67.69,19988.45,7474.25,9.183439,-2.355067,3.235214,3.586
15/05/2023 00:52,12.5,233.44,65,19743.5,7225.15,9.780662,-1.007143,1.969666,3.586
15/05/2023 01:22,12.44,236.67,69.92,20007.8,7731.65,9.51098,-1.22387,2.443327,3.586
15/05/2023 01:52,12.5,233.66,55.43,19763.4,6231.4,9.812043,-0.72226,1.622511,3.586
15/05/2023 02:22,12.5,226.74,57.79,19261.7,6410.2,9.654646,-1.155714,1.87258,3.586
15/05/2023 02:52,12.5,234.13,59.66,19893.5,6616.05,9.538928,-2.707616,-1.164049,3.586
15/05/2023 03:22,12.5,233.85,55.21,19737.85,6205.6,8.477359,2.688493,4.288448,3.584
15/05/2023 03:52,12.5,229.16,53.03,19407.6,5978.85,7.046569,2.715461,6.361084,3.586
15/05/2023 04:22,12.56,225.9,55.99,19155.3,6281.65,5.634902,2.276124,7.80168,3.586
15/05/2023 04:52,12.56,224.01,56.7,19019.35,6354.8,7.436382,1.927497,6.254191,3.586
15/05/2023 05:22,12.56,220.99,55.02,18828.45,6169.2,7.494242,2.28593,6.018831,3.584
15/05/2023 05:52,12.62,224.25,50.01,19060.5,5642.15,7.475118,2.68408,5.881539,3.586
15/05/2023 06:22,12.62,225.75,50.06,19141.3,5633.7,8.555322,1.750977,4.636585,3.586
15/05/2023 06:53,12.56,224.7,68.82,19034.2,7636.95,9.343777,0.318226,3.014564,3.584
15/05/2023 07:23,12.56,224.81,50.55,19042.35,5678.55,9.865001,0.507984,1.089028,3.582
15/05/2023 07:53,12.56,215.48,67.75,18461.75,7540.05,9.697306,0.804145,-2.040273,3.582
15/05/2023 08:23,12.5,220.93,68.78,18738.6,7582.65,8.586702,0.454538,4.971481,3.584
15/05/2023 08:53,12.5,221.98,62.86,18715.75,6914.1,7.834042,-0.349117,6.086007,3.584
15/05/2023 09:23,12.5,225.81,56.79,18959.4,6261.15,7.232405,0.274096,6.842099,3.584
15/05/2023 09:53,12.5,222.83,61.98,18528.55,6698.5,6.988709,1.242993,6.929869,3.584
15/05/2023 10:23,12.5,228.93,64.31,18960.05,6969.8,7.136299,0.815913,6.833274,3.584
15/05/2023 10:53,12.5,230.11,64.93,18968.3,6989.1,7.612412,0.016671,6.311561,3.584
15/05/2023 11:23,12.56,226.19,69.51,18738.5,7432.2,7.568771,1.344982,6.221829,3.584
15/05/2023 11:53,12.56,227.16,65.84,18549.45,6888.65,7.629083,0.977233,6.239481,3.582
15/05/2023 12:23,12.56,228.03,71.87,18746.65,7638.2,7.739408,0.440809,6.153673,3.582
15/05/2023 12:53,12.69,230.49,64.97,18933.8,6681.7,8.640149,1.116977,4.764561,3.584
15/05/2023 13:23,12.75,229.87,63,18788.2,6395.4,8.40577,0.514849,5.210273,3.582
15/05/2023 13:53,12.75,232.22,68.84,18983.8,6993.2,9.072132,0.783551,4.011901,3.584
15/05/2023 14:23,12.88,235.27,74.42,19303.9,7682,9.656118,0.657536,2.289362,3.584
15/05/2023 14:53,13,233.22,60.94,19293.2,6461.8,9.922859,-0.05835,0.566824,3.584
15/05/2023 15:23,13,237.62,68.98,19489.45,7171.45,9.89344,-0.846314,0.966936,3.582
15/05/2023 15:53,13,228.28,60.24,19094.4,6620.75,9.430565,0.380988,3.079778,3.582
15/05/2023 16:23,12.88,228.19,64.79,18994.35,7079.3,8.396944,1.752939,4.980307,3.582
15/05/2023 16:53,12.81,224.66,61.52,18785.15,6756.1,8.425874,1.974569,4.902835,3.582
15/05/2023 17:23,12.81,226.32,61.99,18894.25,6835.85,8.020859,2.356538,5.256364,3.58
15/05/2023 17:53,12.88,227.14,62.83,18998.35,6917.85,8.086075,2.10843,5.292159,3.582
15/05/2023 18:23,12.88,223.64,58.18,18845.6,6519.95,7.9782,1.116977,5.719729,3.584
15/05/2023 18:53,12.88,228.82,59.01,19200.65,6612.8,8.785288,0.522204,4.681695,3.584
15/05/2023 19:23,12.88,227.52,59.51,19107.95,6628.35,9.695345,0.119151,2.248174,3.582
15/05/2023 19:53,12.81,229.71,48.85,19340.05,5562.6,9.77576,0.017162,1.902,3.58
15/05/2023 20:23,12.81,229.11,66.21,19363.85,7343.75,9.626699,-1.864244,1.935833,3.58
15/05/2023 20:54,12.81,230.46,59.91,19457.1,6763.15,8.10961,-3.839794,4.368862,3.58
15/05/2023 21:24,12.69,222.89,61,18862.9,6912.4,7.337335,-3.383784,5.918803,3.582
15/05/2023 21:54,12.62,221.39,64.96,18757.2,7302.5,6.489059,-4.165865,6.360103,3.582
15/05/2023 22:24,12.62,228.16,65.75,19266.75,7446.15,6.110524,-3.899125,6.851416,3.58
15/05/2023 22:54,12.5,227.15,57.75,19221.3,6581.05,6.697942,-3.549517,6.524364,3.58
15/05/2023 23:24,12.5,229.5,63.04,19381.5,7114.5,7.061769,-3.269047,6.290477,3.582
15/05/2023 23:54,12.5,228.2,64.66,19229.5,7286.95,6.778847,-4.402696,5.880067,3.582
16/05/2023 00:24,12.44,237.22,65.11,19951.25,7310.35,7.054414,-3.48038,6.309598,3.58
16/05/2023 00:54,12.38,243.98,63.84,20520.5,7153.7,8.693596,-2.745372,4.176162,3.578
16/05/2023 01:24,12.38,242.35,66.57,20399.05,7483.25,8.78725,-2.692416,3.812826,3.58
16/05/2023 01:54,12.38,243.93,67.61,20507.25,7503.15,9.316317,-2.649266,2.465882,3.578
16/05/2023 02:24,12.38,246.45,67.47,20679.75,7511.4,9.546283,-2.170211,1.861302,3.578
16/05/2023 02:54,12.38,242.37,58.05,20393.3,6574.05,9.685048,-2.224638,1.025776,3.576
16/05/2023 03:24,12.38,234.08,68.88,19781.6,7591.65,9.908149,-1.217005,-0.275077,3.578
16/05/2023 03:54,12.44,231.08,64.53,19468.25,7209.05,9.610518,1.036073,2.135398,3.578
16/05/2023 04:24,12.44,235.95,61.76,19839.6,6946.45,8.959846,1.863754,3.862349,3.58
16/05/2023 04:54,12.5,236.1,64.22,19835.9,7209.85,6.571436,2.055964,7.132377,3.58
16/05/2023 05:24,12.5,226.91,61.36,19148.25,6902.95,6.66362,0.592812,7.364304,3.578
16/05/2023 05:54,12.56,215.21,57.67,18329.6,6494.75,6.880836,1.127765,7.059317,3.578
16/05/2023 06:24,12.62,243.32,55.69,20520.05,6247.8,7.294188,3.527942,5.63392,3.578
16/05/2023 06:54,12.62,246.95,66.47,20790.15,7404.15,6.87152,3.969242,5.902622,3.576
16/05/2023 07:24,12.62,247.2,59.18,20790.7,6566.95,8.166489,3.160683,4.592944,3.578
16/05/2023 07:54,12.62,251.13,66.9,21058.2,7424.9,9.045654,2.717913,2.916007,3.576
16/05/2023 08:24,12.62,250.16,66.94,20952.75,7367.75,9.738985,0.303516,2.037331,3.578
16/05/2023 08:54,12.62,247.85,58.41,20724.8,6460.2,9.620323,0.170145,2.512954,3.576
16/05/2023 09:24,12.62,247.41,62.78,20711.3,6883.7,9.340834,-2.511483,2.465882,3.576
16/05/2023 09:54,12.62,249.62,62.78,20556.5,6877.95,7.113252,-3.777522,5.882029,3.576
16/05/2023 10:24,12.62,245.28,61.17,20177.75,6612.4,7.672234,-3.228839,5.48731,3.576
16/05/2023 10:54,12.62,246.71,61.11,20135.65,6559.05,7.019109,-3.089585,6.268901,3.576
16/05/2023 11:25,12.62,253.11,68.78,20451.9,7353.75,5.905564,-3.47989,7.285361,3.576
16/05/2023 11:55,12.62,253.61,66.54,20399.05,7103,5.788865,-3.040061,7.55063,3.576
16/05/2023 12:25,12.62,256.42,68.61,20684.55,7207.75,7.03382,-3.268557,6.260566,3.576
16/05/2023 12:55,12.62,252.14,63.29,20528.2,6547.75,8.165016,-3.448018,4.682676,3.576
16/05/2023 13:25,12.62,246.34,62.72,20496.9,6866.75,8.946607,-2.690945,3.474496,3.576
16/05/2023 13:55,12.69,252.52,70.35,20358.55,7147.55,7.462861,-3.299937,5.822699,3.576
16/05/2023 14:25,12.75,249.03,66.17,20518.2,7015.6,8.972593,-2.59484,3.473026,3.576
16/05/2023 14:55,12.88,251.69,71.97,20659.8,7454.8,9.187359,-2.301131,2.969454,3.576
16/05/2023 15:25,12.88,246.15,65.18,20293.9,6725.8,9.868433,-0.770803,0.564863,3.576
16/05/2023 15:55,13.06,250.92,53.94,20688.2,5681,9.864019,-1.095893,0.864456,3.574
16/05/2023 16:25,13.12,247.83,59.43,20505.9,6298.9,9.56835,-2.773321,0.465326,3.576
16/05/2023 16:55,13.12,246.65,69.2,20077.1,7358.6,8.673491,0.050504,4.906267,3.576
16/05/2023 17:25,13.06,249.92,69.73,19977.45,7344.7,7.372639,-1.451384,6.569964,3.576
16/05/2023 17:55,13,240.48,63.98,19870.65,7025.2,6.259094,-0.996846,7.748234,3.576
16/05/2023 18:25,13,241.54,69.34,19480,7455.65,6.259584,-0.873772,7.712441,3.574
16/05/2023 18:55,13.06,233.43,68.47,19453,7556.1,6.676858,-0.617329,7.382937,3.576
16/05/2023 19:25,13.06,232.34,68.05,19551.25,7536.9,7.611432,-1.451384,6.198783,3.576
16/05/2023 19:55,13.06,226.25,66.81,19155.65,7426.6,8.564636,-0.544269,4.923919,3.576
16/05/2023 20:25,13.06,223.37,66.74,19005.05,7446.3,8.84903,-0.981155,4.508117,3.576
16/05/2023 20:55,12.94,222.21,67.46,18988.8,7568.5,9.865982,0.379517,1.166501,3.576
16/05/2023 21:25,12.88,222.06,65.75,18953.75,7374.85,9.078017,-0.756093,4.110948,3.576
16/05/2023 21:55,12.88,224.93,67.09,19135.9,7508.6,7.694789,-2.84638,5.701586,3.576
16/05/2023 22:25,12.81,224.36,64.09,19133.75,7254.05,7.399607,-2.663486,6.23899,3.576
16/05/2023 22:55,12.75,218.41,67.16,18674.75,7551.05,6.784241,-2.745862,6.737169,3.574
16/05/2023 23:25,12.69,222.1,67.5,18985.3,7538.15,6.938205,-2.251607,6.785711,3.574
16/05/2023 23:55,12.69,221.61,66.48,18970.2,7464.6,5.568706,-3.46518,7.525134,3.576
17/05/2023 00:25,12.56,230.15,66.07,19597.5,7435.6,6.552314,-2.799308,7.039705,3.574
17/05/2023 00:55,12.56,233.77,65.64,19890.95,7409.2,6.10513,-2.650738,7.403042,3.574
17/05/2023 01:26,12.56,223.13,67.29,19030.5,7506.75,7.703615,-2.199141,5.882029,3.574
17/05/2023 01:56,12.5,230.32,64.75,19612.55,7266.55,7.251036,-2.75812,6.421394,3.574
17/05/2023 02:26,12.5,223.26,68.07,19112,7619,7.437363,-2.877271,6.090911,3.572
17/05/2023 02:56,12.5,228.51,65,19492.75,7247.2,9.362409,-1.975549,2.706635,3.574
17/05/2023 03:26,12.5,233.41,66.67,19851.15,7399.5,9.83901,-0.947323,1.520521,3.574
17/05/2023 03:56,12.5,235.48,64.33,20000,7121.45,9.85029,-0.463364,1.04686,3.572
17/05/2023 04:26,12.5,233.9,65.51,19873.6,7284.3,9.862548,-0.723731,1.01744,3.572
17/05/2023 04:56,12.5,232.77,63.39,19814.1,7111.4,9.310433,-3.158722,1.910335,3.572
17/05/2023 05:26,12.56,221.99,65.4,18918.25,7342.25,7.563869,4.295804,4.781232,3.572
17/05/2023 05:56,12.56,214.4,66.66,18348.95,7465.25,7.005871,1.957408,6.802382,3.572
17/05/2023 06:26,12.56,219.18,66.86,18660.9,7475,7.095602,1.038034,6.809738,3.572
17/05/2023 06:56,12.69,222.9,65,18878.1,7245,5.998238,0.22114,7.881604,3.574
17/05/2023 07:26,12.75,218.99,67.71,18458,7480.7,6.07571,1.791675,7.622709,3.572
17/05/2023 07:56,12.75,228.46,63.89,19264.2,7119.95,6.094833,0.887502,7.780597,3.57
17/05/2023 08:26,12.81,228.73,69.04,19244.3,7602.25,8.158644,-0.096596,5.581946,3.57
17/05/2023 08:56,12.81,224.32,69.34,18894.4,7627.75,9.163825,-0.128467,3.924131,3.57
17/05/2023 09:26,12.81,224.59,63.56,18872.9,6948.5,9.817438,0.4717,0.568295,3.57
17/05/2023 09:56,12.81,223.82,69.75,18619.2,7579.2,9.094198,-0.347155,3.999642,3.57
17/05/2023 10:26,12.81,248.15,67.76,20455.15,7348.75,8.171881,0.075511,5.636863,3.57
17/05/2023 10:56,12.81,215.66,70.6,17651.5,7546.15,5.674128,-1.195921,8.041943,3.568
17/05/2023 11:26,12.81,253.48,68.89,20597.85,7431.95,6.488081,-3.062127,6.8725,3.57
17/05/2023 11:56,12.75,242.75,66.83,19708.55,7167.45,5.099948,-3.22933,7.988987,3.57
17/05/2023 12:26,12.75,243.27,68.74,19826.05,7402.45,5.506925,-2.776263,7.824726,3.57
17/05/2023 12:56,12.75,243.08,70.56,19811.05,7464.5,6.260566,-2.735565,7.280947,3.57
17/05/2023 13:26,12.75,237.96,71.19,19314.7,7441,6.32578,-3.051339,7.151501,3.568
17/05/2023 13:56,12.81,227.89,74.57,18518.2,7666.95,7.147087,-3.792722,5.866338,3.568
17/05/2023 14:26,12.88,223.4,70.86,18539.5,7607.15,6.701375,-3.859897,6.301754,3.57
17/05/2023 14:56,12.88,238.92,70.66,19636.7,7351.75,8.946116,-1.713712,3.893239,3.568
17/05/2023 15:26,12.94,239.43,65.8,19970.35,7140.65,8.526882,-2.069203,4.67679,3.568
17/05/2023 15:57,13.06,243.16,69.15,20344.35,7414.7,9.749281,-0.748247,2.156973,3.568
17/05/2023 16:27,13.06,250.7,63.49,20999.5,6934.8,9.780172,-0.680091,1.904941,3.57
17/05/2023 16:57,12.94,244.85,62.92,20395.05,6702.1,9.92433,-1.039995,0.389324,3.57
17/05/2023 17:27,12.94,225.38,67.15,18952,7383.65,9.404085,0.896818,3.115572,3.568
17/05/2023 17:57,13,223.15,69.85,18585.05,7514.65,8.770087,-0.338329,4.626287,3.568
17/05/2023 18:27,13,237.24,66.23,19870,7313.05,6.172306,0.674207,7.704595,3.568
17/05/2023 18:57,13,215.29,68.26,18182.45,7541.65,5.542718,1.04686,8.069893,3.568
17/05/2023 19:27,13,228.29,67.23,19200,7424.15,5.42749,0.910548,8.201793,3.568
17/05/2023 19:57,13,207.79,66.11,17709.45,7428.5,5.946262,1.829921,7.676646,3.568
17/05/2023 20:27,13.06,213.04,66.99,18179.4,7504.25,7.951723,2.548748,5.416704,3.568
17/05/2023 20:57,13.06,209.67,65.2,17855.25,7345.6,7.822765,1.488159,5.906054,3.568
17/05/2023 21:27,13.06,215.47,57.68,18311.55,6560,10.003273,0.41286,1.239561,3.568
17/05/2023 21:57,13,225.62,66.39,19197.95,7400.15,9.796353,-0.05933,1.871109,3.568
17/05/2023 22:27,12.94,222.31,65.87,18940.7,7393.75,8.71468,-0.836507,4.646882,3.568
17/05/2023 22:57,12.88,230.58,62.34,19542.9,7006.2,6.722459,-2.584543,6.915159,3.568
17/05/2023 23:27,12.88,235.46,64.54,19945.55,7227.2,6.983806,-2.844909,6.631747,3.568
17/05/2023 23:57,12.81,239.6,64.19,20283.2,7227.9,6.166421,-3.035649,7.272612,3.568
18/05/2023 00:27,12.75,219.74,65.14,18721.5,7297.45,5.331386,-3.048887,7.885036,3.566
18/05/2023 00:57,12.75,220.98,66.02,18861.9,7409.7,6.75384,-2.674764,6.882307,3.566
18/05/2023 01:27,12.62,232.57,66.01,19729.9,7399.15,6.481214,-2.365364,7.148067,3.568
18/05/2023 01:57,12.62,217.98,66.88,18520.75,7516,7.289284,-2.771359,6.22134,3.568
18/05/2023 02:27,12.62,244.82,64.86,20678.85,7283.75,6.346864,-3.017016,7.130906,3.566
18/05/2023 02:57,12.56,219.21,66.17,18670.35,7428.35,8.280736,-3.084191,4.67483,3.566
18/05/2023 03:27,12.56,230.85,64.2,19590.25,7182,8.886786,-2.576207,3.709365,3.566
18/05/2023 03:57,12.56,229.01,63.66,19461.15,7106.95,9.049576,-2.907672,3.077326,3.564
18/05/2023 04:27,12.56,245.26,64.15,20746.75,7205.3,9.532553,-1.508753,1.309188,3.568
18/05/2023 04:57,12.56,246.67,63,20870.8,7046.4,9.860098,-0.602619,1.425397,3.566
18/05/2023 05:27,12.62,222.7,63.98,19000.05,7159,9.535006,-2.865994,0.782571,3.564
18/05/2023 05:58,12.62,234.87,62.64,19915.75,7070.25,7.941425,-5.498098,2.685551,3.564
18/05/2023 06:28,12.69,243.86,61.16,20598.75,6926,6.276746,-6.856809,3.821161,3.564
18/05/2023 06:58,12.69,239.17,60.34,20164.05,6804.2,6.054626,-6.951444,3.968261,3.564
18/05/2023 07:28,12.81,241.92,60.9,20377.45,6848.4,5.740813,-7.354496,3.810864,3.564
18/05/2023 07:58,12.81,241.57,62.01,20325.4,6923.7,5.963423,-7.096583,3.801058,3.562
18/05/2023 08:28,12.94,249.82,62.94,20966.15,7006.85,6.249778,-7.173074,3.254337,3.564
18/05/2023 08:58,13,229.68,62.94,19396.75,6951.35,8.307214,-5.221061,1.926026,3.564
18/05/2023 09:28,13,229.82,68.68,19423.4,7438.15,8.76175,-4.263932,-2.192767,3.562
18/05/2023 09:58,13,247.01,66.96,20759.4,7277.2,9.444294,-3.05232,0.881128,3.562
18/05/2023 10:28,13,232.79,69.14,19491,7464.8,9.28935,-3.536768,-0.100518,3.564
18/05/2023 10:58,13,261.89,68.74,21934.95,7395.25,8.853933,-2.199631,-3.913345,3.562
18/05/2023 11:28,13,243.86,64.72,20559.65,6949.8,7.591817,5.549584,3.017016,3.562
18/05/2023 11:58,13,253.96,69.37,21201.1,6813.75,5.861435,6.746976,4.189401,3.56
18/05/2023 12:28,13,252.61,65.53,21075.6,6504.6,5.772194,6.287044,4.896951,3.562
18/05/2023 12:58,13,261.63,63.75,21725.6,6542.55,5.437787,6.407175,5.068567,3.56
18/05/2023 13:28,12.94,260.4,63.68,21658.65,6501.8,7.124041,5.272546,4.271286,3.558
18/05/2023 13:58,12.94,264.01,63.89,21899.9,6708.5,7.570733,4.293351,4.767503,3.56
18/05/2023 14:28,12.94,259.32,63.97,21514.15,6620.2,6.82739,5.7516,4.214899,3.558
18/05/2023 14:58,12.94,263.13,63.56,21675.9,6650.5,7.102466,4.691502,5.051405,3.56
18/05/2023 15:28,13,262.05,62.91,21607.95,6667.5,8.029687,3.654938,4.494388,3.558
18/05/2023 15:58,13,260.91,62.84,21564.25,6691.45,8.215521,3.456354,4.225194,3.562
18/05/2023 16:28,13.12,260.27,62.91,21549.05,6699,9.635525,2.162857,0.955658,3.558
18/05/2023 16:58,13.19,261.71,63.53,21636.15,6760.25,9.847348,0.75168,1.399409,3.558
18/05/2023 17:28,13.25,259.78,63.61,21529,6809.7,9.893438,-0.104441,1.311149,3.558
18/05/2023 17:58,13.25,261.37,62.8,21609.3,6780.95,9.442334,-0.980665,3.045455,3.56
18/05/2023 18:28,13.19,261.06,61.41,21577.7,6703.6,8.544535,1.191018,4.897441,3.558
18/05/2023 18:58,13.19,260.33,62.02,21589.9,6845.5,6.317935,-6.820035,3.839794,3.558
18/05/2023 19:28,13.19,258.7,57.58,21709,6482.8,6.42875,-7.006361,3.27346,3.558
18/05/2023 19:59,13.19,256.48,59.42,21545,6747.4,6.210551,-7.027936,3.73192,3.558
18/05/2023 20:29,13.25,257.09,59.87,21658.5,6798.9,5.442201,-8.02184,2.578168,3.558
18/05/2023 20:59,13.25,256.14,60.01,21622.8,6816.3,7.386859,-6.837687,0.038736,3.558
18/05/2023 21:29,13.25,254.1,57.33,21530.9,6471.7,8.15423,-4.578234,-3.45096,3.558
18/05/2023 21:59,13.12,255.37,59.21,21627.8,6700.95,8.840204,-2.277595,-3.741238,3.558
18/05/2023 22:29,13.06,256.17,63.57,21657,7224.25,9.751244,0.169165,-1.739209,3.558
18/05/2023 22:59,13.06,255.89,60.53,21644,6944.25,9.323675,3.135676,-0.759525,3.556
18/05/2023 23:29,13,252.89,59.84,21399.85,6870.4,7.10737,6.250269,2.827748,3.558
18/05/2023 23:59,13,253.41,61.77,21433.6,7053,6.653322,3.718682,6.152693,3.556
19/05/2023 00:29,13,253.74,62.07,21444.25,7076.2,6.113466,3.906479,6.716085,3.556
19/05/2023 00:59,12.88,253.58,61.03,21415.75,6938.3,5.152413,3.68681,7.571714,3.556
19/05/2023 01:29,12.81,253.6,61.63,21405.85,7050.7,5.471131,4.169297,6.940656,3.558
19/05/2023 01:59,12.75,252.81,61.7,21370.75,7058,5.706,2.409494,7.71244,3.554
19/05/2023 02:29,12.75,254.41,62.3,21501.15,6979.75,7.017149,0.469738,7.014206,3.554
19/05/2023 02:59,12.69,254.11,64.57,21465.45,7281.5,7.760493,0.301064,6.147298,3.554
19/05/2023 03:29,12.69,253.7,64.16,21423.35,7192.7,7.233876,0.311361,6.846512,3.554
19/05/2023 03:59,12.69,253.25,64.71,21427.6,7286.7,8.621517,-0.456009,4.995017,3.554
19/05/2023 04:29,12.69,251.62,62.88,21283.55,7096.8,8.853933,-1.128255,4.476246,3.554
19/05/2023 04:59,12.69,248.35,63.81,21018.25,7189.85,9.436939,-0.85563,2.965531,3.552
19/05/2023 05:29,12.69,251.65,64.75,21269.5,7271.45,9.858625,-0.844843,1.121881,3.552
19/05/2023 05:59,12.75,250.13,66.71,21133,7419.25,9.983169,-0.521223,0.051485,3.552
19/05/2023 06:29,12.75,253.35,66.32,21376.25,7405.65,9.180497,-3.80547,-0.97282,3.552
19/05/2023 06:59,12.81,255.57,66.59,21551.05,7400.5,8.749983,-3.454393,-3.160683,3.552
19/05/2023 07:29,12.81,253.46,61.81,21285.75,6882.7,5.951657,6.483176,4.564505,3.55
19/05/2023 07:59,12.94,254.14,61.82,21288.55,6815.2,6.232616,6.561139,3.932957,3.55
19/05/2023 08:29,13,254.34,61.26,21276.4,6734.3,6.250268,6.305676,4.299235,3.55
19/05/2023 08:59,13,255.91,59.84,21279.5,6541.5,6.152202,5.152415,5.685405,3.552
19/05/2023 09:29,13.19,252.14,61.87,21115.6,6778.25,7.889451,4.116342,4.414464,3.55
19/05/2023 09:59,13.12,254.64,64.3,21184.65,6937.25,6.889173,4.711605,5.365218,3.55
19/05/2023 10:30,13.12,252.78,63.71,21192.05,7026.2,9.287879,2.151089,2.68408,3.55
19/05/2023 11:00,13.12,251.76,62.8,21176,6961.7,9.954731,0.435906,0.713924,3.55
19/05/2023 11:30,13.06,248.09,63.23,20954.35,7002.9,8.897083,0.748247,4.38063,3.55
19/05/2023 12:00,13,254.7,62.42,21334.15,6928.2,6.851907,-1.072847,7.178468,3.55
19/05/2023 12:30,13,258.18,66.29,21379.95,7174.75,5.604501,0.962523,8.072834,3.55
19/05/2023 13:00,12.88,257.94,66.31,21258.55,7165.8,6.442479,-0.854649,7.387839,3.55
19/05/2023 13:30,12.94,261.08,64.38,21372.55,6851.5,4.956771,1.166501,8.539631,3.55
19/05/2023 14:00,12.94,257.64,62.18,21140.5,6514.95,6.041877,1.785791,7.608981,3.55
19/05/2023 14:30,12.94,258.05,65.04,21222.5,6886.75,6.549863,1.212102,7.356458,3.55
19/05/2023 15:00,12.94,262.23,63.88,21337.95,6625.85,5.723161,1.456288,8.000266,3.55
19/05/2023 15:30,13,258.13,63.61,21304.7,6756.7,7.701654,-1.335666,6.056097,3.55
19/05/2023 16:00,13,257.19,65.2,21296.95,6907.15,8.520018,-0.887992,5.146039,3.55
19/05/2023 16:30,13,254.11,66.96,21139.85,7210.15,9.286407,-0.946342,3.531865,3.55
19/05/2023 17:00,13,252.84,65.29,21128.9,7161.4,9.289348,-0.754622,3.605906,3.548
19/05/2023 17:30,13,250.81,65.35,20965.15,7120,9.63111,-0.731086,2.362912,3.55
19/05/2023 18:00,13.06,247.64,66.03,20788,7281.95,9.882161,-0.870831,1.16552,3.548
19/05/2023 18:30,13.06,251.27,59.35,21002.45,6487.7,9.715448,-2.229542,0.656555,3.55
19/05/2023 19:00,13.06,252.35,62.15,21106.75,6695.6,9.236883,1.819624,3.187161,3.548
19/05/2023 19:30,13.19,250.57,61.15,21106.45,6867.25,7.737938,2.649757,5.510357,3.548
19/05/2023 20:00,13.12,250.07,61.37,21035.1,6858.9,5.435336,4.186949,7.149047,3.548
19/05/2023 20:30,13.12,252.17,56.47,21212.55,6339,5.4422,4.117322,7.204456,3.548
19/05/2023 21:00,13.12,249.08,55.58,20966.8,6322,6.231146,4.127129,6.516519,3.548
19/05/2023 21:30,13.19,251.06,59.03,21199.5,6647.1,6.01638,3.773108,6.880346,3.548
19/05/2023 22:00,13.19,251.87,58.98,21275.05,6692.5,6.245365,3.221485,6.979393,3.548
19/05/2023 22:30,13.19,249.84,50,21126.75,5721.9,8.296916,3.097921,4.353171,3.548
19/05/2023 23:00,13.12,249.67,62.76,21097.85,7046.25,9.565896,1.410687,2.198651,3.548
19/05/2023 23:30,13.06,251.11,61.5,21184.55,6974.1,9.375647,0.953206,3.018487,3.548
20/05/2023 00:00,13.06,252.4,63.16,21277.65,7085.6,7.281928,-1.907393,6.549371,3.548
20/05/2023 00:31,13,251.08,62.9,21227.5,7105.75,5.445633,1.264568,8.087543,3.546
20/05/2023 01:01,12.94,249.37,58.31,21106.65,6600,6.066394,2.272691,7.430499,3.546
20/05/2023 01:31,12.88,249.45,54.23,21090.8,6183.3,5.066116,1.556315,8.432737,3.548
20/05/2023 02:01,12.88,246.56,57.07,20888.1,6468,6.338038,0.483468,7.582011,3.546
20/05/2023 02:31,12.75,243.48,59.17,20690.65,6680.25,8.133145,0.380498,5.623624,3.546
20/05/2023 03:01,12.75,248.98,63.17,21038.5,7130.65,7.203966,1.358221,6.663619,3.546
20/05/2023 03:31,12.75,248.42,62.95,21017.5,7097.6,6.103168,0.202017,7.788932,3.546
20/05/2023 04:01,12.69,247.99,61.75,20989,6952.7,7.259373,-0.196623,6.867598,3.548
20/05/2023 04:31,12.62,248.03,58.13,20992.65,6576.55,8.028705,-1.173856,5.75209,3.546
20/05/2023 05:01,12.62,248.49,62.92,21045.3,7116.85,8.406751,-1.307227,5.113677,3.546
20/05/2023 05:31,12.62,245.76,58.68,20798.55,6656.55,9.078506,-0.252521,3.920208,3.546
20/05/2023 06:01,12.62,245.96,63.87,20804.85,7177.1,9.874317,0.266741,1.242503,3.546
20/05/2023 06:31,12.69,245.24,60.2,20749.9,6746.25,9.957182,-0.146609,1.042447,3.546
20/05/2023 07:01,12.69,251.39,64.23,21146.3,7140.55,9.516373,-1.958878,1.825018,3.546
20/05/2023 07:31,12.75,251.75,57.24,21219.15,6322.7,7.808056,5.905074,-0.762957,3.546
20/05/2023 08:01,12.81,252.64,58.31,21184.7,6365.5,7.686943,6.038445,1.382738,3.546
20/05/2023 08:31,12.81,253.38,52.89,21183.9,5723.6,7.322136,6.155634,2.313389,3.546
20/05/2023 09:01,12.94,254.8,56.11,21255.25,5944.1,7.031859,6.763156,1.743623,3.546
20/05/2023 09:31,13.06,255.43,59.56,21142.65,6308.25,7.100015,6.116898,3.21413,3.546
20/05/2023 10:01,13.12,256.72,57.08,21230.35,5987.3,7.032838,6.11837,3.398985,3.546
20/05/2023 10:31,13.12,256.17,58.79,21195.7,6125.5,8.070872,5.627056,0.592812,3.544
20/05/2023 11:01,13.12,253.36,54.55,21032.05,5758.9,9.592375,2.251607,-0.758054,3.546
20/05/2023 11:31,13.12,254.48,58.86,21165.35,6215.05,9.695344,1.611233,1.13561,3.544
20/05/2023 12:01,13.12,254.01,55.84,21222.75,5929.45,9.256006,3.092037,0.59036,3.542
20/05/2023 12:31,13.12,254.03,68.19,21166.95,6692.35,6.278708,6.553294,3.934428,3.544
20/05/2023 13:01,13.06,254.43,65.06,21284.4,6688.1,7.249075,6.255662,2.613472,3.544
20/05/2023 13:31,13.06,261.16,65.06,21299.2,6848.7,3.856956,2.231994,8.839224,3.544
20/05/2023 14:01,13,258.51,65.34,21167.85,6911.15,4.901364,2.445779,8.250336,3.544
20/05/2023 14:31,12.88,251.4,61.2,21046.45,6860.95,4.691993,0.949774,8.716151,3.542
20/05/2023 15:02,12.81,252.33,62.35,20914.75,6734.25,6.994592,-0.376575,7.001948,3.542
20/05/2023 15:32,12.81,253.75,63.85,21098.2,6947.4,7.044117,-1.118448,7.04804,3.542
20/05/2023 16:02,12.81,254.09,62.82,21071.4,6834.55,6.154163,-0.907605,7.738917,3.542
20/05/2023 16:32,12.81,248.34,57.96,20948.55,6528.6,7.818353,-1.437165,5.885952,3.542
20/05/2023 17:02,12.81,250.83,58.21,21056.55,6427.15,9.05203,-0.953206,4.147233,3.542
20/05/2023 17:32,12.94,249.12,59.04,20948.5,6589,8.755868,-1.726951,4.577254,3.542
20/05/2023 18:02,12.94,247.67,53.34,20802.25,5918.05,9.58747,-0.387853,2.855206,3.542
20/05/2023 18:32,13,245.68,57.37,20743.6,6401.25,10.091535,-0.194172,0.143177,3.542
20/05/2023 19:02,13,243.44,59.66,20511.6,6589.5,9.921389,-0.730105,1.136591,3.54
20/05/2023 19:32,13,242.58,61.55,20513.3,6842.35,9.131951,-4.322772,0.258896,3.54
20/05/2023 20:02,13,245.31,60.69,20767,6792,7.464332,-6.38413,-1.962801,3.54
20/05/2023 20:32,13,243.74,59.09,20678.4,6657.9,6.095815,6.995082,3.308764,3.54
20/05/2023 21:02,13,238.66,58.18,20274.5,6628.95,4.92588,6.23948,5.873693,3.538
20/05/2023 21:32,13,244.09,57.97,20769.9,6632.3,6.461112,7.1211,2.262885,3.538
20/05/2023 22:02,13,240.41,57.94,20454.35,6636.25,4.706211,6.538095,5.771704,3.538
20/05/2023 22:32,13.06,241.33,57.81,20558.6,6628.95,7.578089,5.320598,3.427424,3.538
20/05/2023 23:02,13.06,240.03,57.84,20484.15,6619.65,8.596511,4.738574,1.141004,3.538
20/05/2023 23:32,13,239.27,57.59,20414.2,6586.75,9.206482,2.535019,2.324667,3.536
21/05/2023 00:02,13,241.98,57.94,20595.1,6637.3,9.437921,2.362912,-0.807087,3.538
21/05/2023 00:32,12.94,240.6,57.94,20483.45,6629.6,7.818353,5.797201,0.731576,3.536
21/05/2023 01:02,12.94,239.53,58.31,20417.9,6668.4,6.711671,5.82466,4.168807,3.534
21/05/2023 01:32,12.94,239.66,57.82,20415.25,6626.25,5.460343,5.8835,5.703057,3.534
21/05/2023 02:02,12.81,237.32,59.52,20245.85,6790.3,4.786627,2.222187,8.380273,3.534
21/05/2023 02:32,12.75,237.75,59.67,20309.25,6810.3,4.657669,1.618097,8.598471,3.536
21/05/2023 03:02,12.75,236.8,60.22,20204.45,6844.05,5.704038,1.791185,7.865915,3.534
21/05/2023 03:32,12.62,233.33,59.26,19914,6742,5.058761,0.881618,8.423422,3.532
21/05/2023 04:02,12.62,235.42,59.79,20086.3,6787.8,7.809526,-1.108152,6.03109,3.532
21/05/2023 04:32,12.62,234.47,59.13,20011.35,6744.55,6.492493,-0.033343,7.569264,3.532
21/05/2023 05:03,12.62,236.66,60.02,20194.4,6822.85,7.986535,0.008336,5.888894,3.532
21/05/2023 05:33,12.62,237.29,58.95,20233.55,6718.1,8.022821,-0.974291,5.717769,3.532
21/05/2023 06:03,12.62,236.75,58.82,20159.4,6661.15,8.724977,-0.584967,4.716999,3.532
21/05/2023 06:33,12.62,228.46,58.25,19480.45,6576.3,9.776249,-0.112776,1.621039,3.532
21/05/2023 07:03,12.69,229.11,56.7,19523,6370.55,9.905697,-0.886521,1.187585,3.532
21/05/2023 07:33,12.75,231.56,58.97,19680.05,6576.8,9.88069,-1.448932,-0.095615,3.53
21/05/2023 08:03,12.81,238.46,60.14,20204.25,6638.45,8.481772,4.839091,-0.801694,3.532
21/05/2023 08:33,12.81,234.24,61.57,19817.3,6651.25,7.122571,6.855338,0.237811,3.53
21/05/2023 09:03,12.88,233.83,61.78,19603.8,6621.3,4.991095,6.249779,5.833486,3.53
21/05/2023 09:33,12.94,234.14,62.29,19573.25,6616.25,6.253701,6.150241,4.445845,3.53
21/05/2023 10:03,12.94,235.76,62.81,19581.75,6603.5,5.856041,6.390014,4.722393,3.53
21/05/2023 10:33,13.06,237.21,62.8,19654.4,6585.7,6.579282,6.167403,3.959435,3.53
21/05/2023 11:03,13.06,237.01,63.43,19754.15,6621.45,7.84581,5.332856,2.873839,3.53
21/05/2023 11:33,13.06,235.34,62.79,19761.55,6614,9.568838,2.600234,-0.735008,3.53
21/05/2023 12:03,13.12,237.87,61.41,19911.8,6557.8,9.794882,0.761486,0.189759,3.53
21/05/2023 12:33,13.12,236.34,61.55,19909.75,6614.05,9.751734,1.980943,-1.143946,3.528
21/05/2023 13:03,13.12,233.83,61.62,19786.55,6626,7.669782,5.704038,2.326628,3.528
21/05/2023 13:33,13.12,233.81,61.16,19793.6,6599.55,6.523383,6.918101,2.616905,3.528
21/05/2023 14:03,12.88,231.31,59.59,19601.45,6570.6,4.726806,6.572417,5.651083,3.526
21/05/2023 14:33,12.81,231.04,59.9,19637.95,6733.25,5.610384,2.839515,7.633496,3.526
21/05/2023 15:03,12.81,233.29,60.74,19669.6,6753.75,4.872925,0.158377,8.604354,3.528
21/05/2023 15:33,12.75,235.42,60.47,19906.65,6759.35,6.083556,0.228985,7.833552,3.526
21/05/2023 16:03,12.75,236.78,60.4,19804.95,6592.75,6.622432,0.199565,7.365284,3.526
21/05/2023 16:33,12.75,240.33,61.83,20080.55,6763.8,7.079421,-0.464835,6.969586,3.528
21/05/2023 17:03,12.88,235.05,60.67,19914.5,6751.95,8.064499,-0.405995,5.835938,3.528
21/05/2023 17:33,12.88,236.82,60.82,19948.35,6743.85,7.359401,-1.620549,6.51897,3.524
21/05/2023 18:03,12.88,227.65,60.69,19314.2,6787.1,8.676433,-0.984588,4.894989,3.524
21/05/2023 18:33,12.88,233.94,60.95,19786.95,6815.5,9.428114,-0.338329,3.208736,3.524
21/05/2023 19:03,12.94,235.45,57.8,19953.85,6442,9.950809,-0.350588,0.852198,3.524
21/05/2023 19:34,12.94,233.44,57.38,19861,6434.75,9.927762,-0.666852,0.003923,3.524
21/05/2023 20:04,12.94,233.57,59.42,19907.3,6712.5,9.251103,-3.539711,1.993201,3.524
21/05/2023 20:34,12.94,234.55,57.73,19980.8,6558.25,6.820034,7.091188,0.794829,3.524
21/05/2023 21:04,12.94,238.07,57.94,20291.4,6600.05,6.095813,7.471686,2.215813,3.524
21/05/2023 21:34,12.94,235.27,57.39,20081,6556.75,4.603241,8.186101,3.056243,3.524
21/05/2023 22:04,13,241.23,57.51,20556.65,6568.2,7.659975,6.041877,1.266529,3.524
21/05/2023 22:34,13,237.59,57.72,20215.8,6588.5,7.514835,6.026677,1.875522,3.524
21/05/2023 23:04,13,237.38,57.58,20220.25,6571.7,8.188553,5.390716,0.925258,3.524
21/05/2023 23:34,13,231.67,57.91,19801,6610,7.260844,6.129647,2.589936,3.524
22/05/2023 00:04,13,237.79,58.06,20255.7,6606.05,9.427624,2.93366,0.608503,3.522
22/05/2023 00:34,12.94,237.42,58.08,20272.8,6610.05,9.767424,1.522483,0.358433,3.522
22/05/2023 01:04,12.94,238.11,57.86,20347.35,6595.65,9.312883,3.279834,1.241031,3.522
22/05/2023 01:34,12.94,237.06,57.91,20234.35,6593.5,7.574165,6.16446,0.773745,3.522
22/05/2023 02:04,12.88,233.97,57.78,19987.2,6578.8,7.229955,6.293419,2.220716,3.522
22/05/2023 02:34,12.81,232.71,57.29,19860,6546.4,6.130137,7.27212,2.487457,3.522
22/05/2023 03:04,12.81,231.02,57.07,19715.25,6520.2,4.395831,6.226732,6.376283,3.522
22/05/2023 03:34,12.75,232.4,57.09,19816.6,6512.15,3.965319,6.817094,5.940868,3.522
22/05/2023 04:04,12.69,225.41,57.01,19300.15,6498.6,6.413549,6.473861,3.728488,3.522
22/05/2023 04:34,12.69,225.07,57.1,19246.55,6517.8,6.990671,6.353729,2.892962,3.522
22/05/2023 05:04,12.69,228.15,56.65,19531.75,6463.85,8.40626,4.738574,2.107939,3.52
22/05/2023 05:34,12.69,226.66,56.42,19417.7,6432.1,8.356246,5.098968,1.406764,3.52
22/05/2023 06:04,12.69,229.52,56.6,19630.25,6431.1,9.034376,3.697107,-0.592322,3.522
22/05/2023 06:34,12.69,232.71,56,19846.5,6307.65,9.020157,3.756438,-0.109834,3.52
22/05/2023 07:04,12.75,233.15,57.07,19900.4,6417.65,9.868432,1.979963,-0.005394,3.52
22/05/2023 07:34,12.75,229.97,58.17,19600.7,6517.3,9.89393,0.177991,1.038034,3.52
22/05/2023 08:04,12.75,233.53,57.26,19891,6431.5,9.616401,1.763726,1.132178,3.52
22/05/2023 08:34,12.88,233.57,54.83,19801.85,6073.4,8.885317,4.333068,0.891425,3.52
22/05/2023 09:04,12.94,228.7,57.51,19495.75,6392.7,6.919083,6.496906,2.646815,3.52
22/05/2023 09:35,12.94,226.43,59.47,19248.65,6483.25,6.94507,6.558197,2.308486,3.52
22/05/2023 10:05,13,227.21,61.52,19151.05,6515.3,5.525067,6.688627,4.676791,3.518
22/05/2023 10:35,13.06,230.16,62.25,19127.05,6510.65,5.590281,5.920765,5.322559,3.518
22/05/2023 11:05,13.06,225.8,61.9,18943.05,6503.75,4.987172,6.960761,4.99943,3.518
22/05/2023 11:35,13.19,218.82,61.79,18435.15,6484.7,6.862694,6.506223,2.480102,3.518
22/05/2023 12:05,13.12,223.38,60.07,18941.25,6521.3,8.992699,3.807922,0.875734,3.516
22/05/2023 12:35,13.12,222.46,61.88,18776.9,6476.65,9.857155,1.868657,0.320187,3.518
22/05/2023 13:05,13.12,220.45,60.61,18738.25,6478.3,9.262382,3.399966,0.967426,3.518
22/05/2023 13:35,13.19,223.71,61.69,18992.7,6479.2,7.603586,5.675108,2.257981,3.516
22/05/2023 14:05,13.12,216.81,62.55,18396.55,6518.95,5.630488,5.768762,5.69129,3.516
22/05/2023 14:35,13.12,220.89,60.9,18603.75,6712.35,6.019812,-7.68057,2.517367,3.514
22/05/2023 15:05,13,232.19,60.46,19562.65,6667.9,6.103168,-7.442758,2.745862,3.514
22/05/2023 15:35,13,232.44,60.63,19666.4,6711.65,7.201023,-6.404232,2.630634,3.516
22/05/2023 16:05,12.94,227.44,59.68,19376.7,6662.35,5.915371,-7.484925,3.089585,3.514
22/05/2023 16:35,12.94,227.79,60.87,19340.55,6728.2,7.256922,-6.692549,2.173644,3.514
22/05/2023 17:05,12.94,229.6,60.76,19430.1,6704.85,7.723719,-5.934984,2.470295,3.516
22/05/2023 17:35,12.94,227.2,60.17,19310.1,6685.45,7.106879,-6.878384,1.962311,3.516
22/05/2023 18:05,12.94,225.84,59.39,19287.05,6621.4,9.124598,-1.374402,-3.365152,3.514
22/05/2023 18:35,13,229.11,58.28,19536.35,6548,8.637697,2.857658,-3.619634,3.514
22/05/2023 19:05,13,226.37,58.52,19314.35,6560.6,9.884124,1.854437,-0.423157,3.512
22/05/2023 19:35,13,227.01,58.72,19408.75,6567.1,9.652685,0.141706,-0.573199,3.512
22/05/2023 20:05,13,200.43,58.52,17493.45,6579.6,9.840972,0.384421,0.347646,3.512
22/05/2023 20:35,13,223.29,57.27,19186.6,6463.4,9.056933,3.690242,1.900529,3.512
22/05/2023 21:05,13,228.16,57.17,19482.55,6478.5,7.615844,6.137002,1.299871,3.512
22/05/2023 21:35,13,217.73,56.63,18615.4,6427.15,5.885461,6.980864,3.699559,3.51
22/05/2023 22:05,13.06,227.61,56.59,19433.7,6429.45,6.054626,7.159837,2.78705,3.51
22/05/2023 22:35,13.12,215.04,57.13,18469.7,6477.35,7.530527,6.227222,1.183172,3.51
22/05/2023 23:05,13.12,217.22,56.28,18631.25,6392.15,5.069058,6.352747,5.648141,3.508
22/05/2023 23:35,13.12,228.76,56.74,19525.95,6441,6.540546,7.09364,1.738719,3.508
23/05/2023 00:06,13.12,227.04,56.77,19407.5,6450.7,9.374178,3.15627,-0.818855,3.51
23/05/2023 00:36,13.12,225.22,55.88,19289.45,6340.9,9.262873,3.235214,-0.483958,3.508
23/05/2023 01:06,13.06,224.36,56.63,19240.4,6412.7,9.731628,1.623491,0.827681,3.506
23/05/2023 01:36,13,227.7,56.16,19497.35,6362.35,8.399886,4.79153,1.865715,3.506
23/05/2023 02:06,13,225.02,55.78,19265.45,6332.15,7.35891,6.458169,1.051273,3.506
23/05/2023 02:36,13,224.53,54.64,19209.8,6213.5,6.355689,5.377476,5.254403,3.506
23/05/2023 03:06,12.88,219.39,52.28,18821.55,5969.75,3.398495,3.876569,8.426854,3.506
23/05/2023 03:36,12.88,216.56,56.85,18602.2,6425.65,5.448575,-6.41551,5.437296,3.506
23/05/2023 04:06,12.88,215.16,58.77,18536.55,6622.35,7.651637,-5.948714,2.365364,3.506
23/05/2023 04:36,12.81,213.7,58.09,18448.85,6558.05,5.04356,-7.702142,4.108006,3.502
23/05/2023 05:06,12.75,210.4,58.38,18194.8,6581.75,7.640361,-5.768763,3.078308,3.504
23/05/2023 05:36,12.75,209.34,58.26,18049.35,6547.45,8.266516,-4.97001,2.505108,3.504
23/05/2023 06:06,12.75,211.93,57.65,18214.75,6478.75,7.55112,-5.993334,2.656131,3.502
23/05/2023 06:36,12.69,212.27,58.41,18281.7,6518.45,8.088035,-5.585377,-1.623981,3.5
23/05/2023 07:06,12.69,209.46,58.69,18060.6,6522.95,9.253557,-3.280815,-1.240541,3.502
23/05/2023 07:36,12.69,209.53,55.61,17972.85,6201.05,9.953749,-1.649969,0.021575,3.5
23/05/2023 08:06,12.75,208.99,54.45,17949.85,6046.5,9.809101,-0.804145,-0.718827,3.502
23/05/2023 08:36,12.81,209.8,53.33,17999.5,5946.05,9.831167,0.056388,0.646258,3.5
23/05/2023 09:06,12.81,214.36,53.57,18257.45,5913.75,9.121654,-1.671053,3.458806,3.5
23/05/2023 09:36,12.94,225.12,52.39,19079.75,5686.8,8.496481,4.645901,-1.7397,3.498
23/05/2023 10:06,13,225.7,52.56,19081.75,5688.35,8.248864,5.334818,0.198094,3.496
23/05/2023 10:36,13.06,215.22,53.02,18183.55,5549.2,6.022754,7.496693,1.964272,3.498
23/05/2023 11:06,13.06,219.93,56.73,18479.8,5812.2,7.157874,6.735698,0.079434,3.496
23/05/2023 11:36,13.31,220.17,55.82,18523.85,5792.35,7.061278,6.439536,2.641912,3.496
23/05/2023 12:06,13.38,217.76,54.36,18488.05,5800.2,7.660955,5.891835,1.883367,3.496
23/05/2023 12:36,13.38,215.76,54.61,18420.25,5878.95,9.146662,3.924622,0.133861,3.496
23/05/2023 13:06,13.31,214.84,55.17,18313,5938.2,9.55364,1.853947,-0.89976,3.496
23/05/2023 13:36,13.31,215.25,54.23,18369.75,5922.6,9.444784,2.057435,-0.8115,3.496
23/05/2023 14:07,13.31,213.13,54.16,18257.4,5892.8,8.187573,5.151923,1.837766,3.496
23/05/2023 14:37,13.31,213.04,53.99,18252.05,5791.8,7.214752,6.232616,2.564929,3.496
23/05/2023 15:07,13.25,214.34,53.29,18278.9,5684.05,6.367458,7.024014,2.856187,3.496
23/05/2023 15:37,13.12,209.57,52.62,17936.8,5645.85,5.568217,7.116687,3.90795,3.496
23/05/2023 16:07,13.12,205.26,49.98,17710.1,5578.45,5.38238,7.135318,4.211465,3.496
23/05/2023 16:37,13.06,206.4,50.39,17817.6,5666.9,7.81541,5.742283,1.435694,3.496
23/05/2023 17:07,12.94,200.43,50.19,17302.2,5597.15,6.848475,6.652341,2.21238,3.496
23/05/2023 17:37,12.94,205.17,51.39,17670.2,5717.8,6.430711,6.845531,2.622789,3.496
23/05/2023 18:07,12.94,200.85,51.92,17275.85,5786.2,6.944089,6.257133,3.108708,3.494
23/05/2023 18:37,13,214.6,53.58,18432.55,5997.8,9.095179,3.753495,0.926728,3.494
23/05/2023 19:07,13,212.99,53.15,18307.8,5962.45,9.114791,3.280814,0.647239,3.494
23/05/2023 19:37,13,212.25,52.95,18291,5943.6,9.795864,2.028015,0.228985,3.494
23/05/2023 20:07,13,211.45,53.39,18265.9,6027.15,9.828224,0.963994,0.601148,3.494
23/05/2023 20:37,13,212.63,53.53,18332.15,6040.9,9.751734,1.526405,1.094422,3.494
23/05/2023 21:07,13,210.7,53.11,18225.85,6006.7,9.621795,2.472257,-0.800223,3.494
23/05/2023 21:37,13.06,212.59,53.53,18367.1,6068.3,7.864932,5.828092,1.067454,3.492
23/05/2023 22:07,13.06,203.38,52.65,17696.95,5983.65,5.879086,7.106389,3.656901,3.492
23/05/2023 22:37,13.06,209.8,49.73,18110.95,5668.05,5.382871,6.275275,5.258815,3.492
23/05/2023 23:07,13.12,210.52,48.79,18151.9,5568.7,5.381889,6.941638,4.452709,3.49
23/05/2023 23:37,13.12,207.61,48.88,17941.15,5590.95,5.9139,5.363257,5.682954,3.49
24/05/2023 00:07,13.12,206.46,49.98,17845.65,5706.7,6.309109,5.813382,4.830755,3.49
24/05/2023 00:37,13.12,209.94,50.07,18125.6,5699.4,8.813727,4.494879,-0.178481,3.49
24/05/2023 01:07,13.12,204.11,50.44,17647.95,5740.1,8.782837,3.668668,2.779695,3.49
24/05/2023 01:37,13.12,208.76,51.21,18037.65,5805.15,9.773798,1.369989,0.652633,3.49
24/05/2023 02:07,13.12,209.86,52.12,18138.05,5932.05,9.133425,3.144012,1.826979,3.49
24/05/2023 02:37,13.06,204.2,51.36,17680,5852.7,7.997324,5.488782,1.51905,3.488
24/05/2023 03:07,13.06,191.56,51.03,16770.95,5833.5,7.585935,6.012947,1.551412,3.49
24/05/2023 03:37,13.06,204.32,49.63,17656,5698.35,3.356817,2.68408,8.862269,3.488
24/05/2023 04:08,12.94,208.47,48.98,17986.2,5616.1,5.332366,4.703269,6.96027,3.488
24/05/2023 04:38,12.88,201.36,49.21,17448,5641.65,4.754755,5.690309,6.549371,3.488
24/05/2023 05:08,12.88,203.21,49.82,17564.2,5705.1,5.386793,6.151711,5.542719,3.488
24/05/2023 05:38,12.88,205.74,50.52,17781.8,5768.05,7.29958,5.827601,3.050359,3.488
24/05/2023 06:08,12.88,209,52.54,18061.9,5953.15,8.89316,4.24824,-0.022555,3.488
24/05/2023 06:38,12.88,206.94,51.03,17856.5,5783.9,8.106667,5.20488,1.176798,3.486
24/05/2023 07:08,12.88,204.97,51.97,17686.45,5860.55,8.837262,4.313945,0.163771,3.484
24/05/2023 07:38,12.88,205.48,53.03,17731.3,5950.3,9.797334,1.669582,0.39815,3.482
24/05/2023 08:08,12.94,208.6,54,17954.5,6007.3,9.929233,0.269683,0.367259,3.484
24/05/2023 08:38,12.94,211.96,55.03,18142.95,6073.15,9.824793,1.538173,0.413841,3.482
24/05/2023 09:08,13.06,207.15,52.97,17719,5885.8,9.680144,1.465604,0.406486,3.484
24/05/2023 09:38,13.12,205.95,53.68,17551.9,5899.7,8.786268,4.216369,-1.262606,3.48
24/05/2023 10:08,13.19,208.22,51.43,17697.6,5542.6,7.675665,5.341192,-2.785089,3.482
24/05/2023 10:38,13.19,210.13,51.39,17873.55,5466.05,7.278986,5.713845,-3.0381,3.48
24/05/2023 11:08,13.38,212.92,48.67,18029.25,5097.35,5.180363,8.253279,-0.7811,3.48
24/05/2023 11:38,13.5,213.9,51.07,18044.9,5469.55,7.633986,5.713354,2.392823,3.48
24/05/2023 12:08,13.5,210.33,51.85,17729,5554.25,6.441008,6.320876,3.988855,3.48
24/05/2023 12:38,13.56,210.16,51.52,17766.25,5533.5,7.083344,5.808478,3.684849,3.48
24/05/2023 13:08,13.56,209.46,50.54,17989.95,5577.3,9.056441,3.526471,-0.829152,3.478
24/05/2023 13:38,13.56,200.86,52.07,17264.05,5677.8,9.602182,2.494321,0.223592,3.478
24/05/2023 14:08,13.5,198.24,51.26,17122.2,5658.75,9.798805,1.530818,1.215534,3.478
24/05/2023 14:38,13.44,199.47,50.83,17224.3,5595.95,8.897082,3.839303,0.927219,3.478
24/05/2023 15:08,13.44,205.91,51.16,17664.5,5632.4,7.034801,5.36767,4.24628,3.478
24/05/2023 15:38,13.44,202.95,51.05,17430.25,5640.25,6.786201,6.444931,3.112631,3.474
24/05/2023 16:08,13.25,199.44,51.73,17113.65,5707.4,4.694934,5.527028,6.664599,3.476
24/05/2023 16:38,13.25,200.49,51.54,17206.6,5664,5.991372,6.888682,3.787328,3.474
24/05/2023 17:08,13.25,213.06,50.12,18371,5617.8,6.635671,6.556236,3.11214,3.476
24/05/2023 17:38,13.19,205.91,49.8,17824,5600.55,6.638612,6.363045,3.570601,3.474
24/05/2023 18:08,13.19,205.73,50.13,17829.4,5598.3,7.030387,6.809737,1.311149,3.476
24/05/2023 18:39,13.19,205.78,49.95,17874.65,5588.05,8.825495,4.30659,0.022065,3.474
24/05/2023 19:09,13.19,209.13,49.95,18104.45,5608.55,8.621027,4.410051,1.943188,3.472
24/05/2023 19:39,13.19,205.08,49.86,17833.4,5585.45,9.747319,0.464345,-1.867676,3.472
24/05/2023 20:09,13.19,207.35,50.01,18005.65,5608.7,9.402617,2.781656,0.126506,3.47
24/05/2023 20:39,13.19,206.1,49.97,17953.65,5607.5,9.537949,2.659073,-0.183384,3.472
24/05/2023 21:09,13.25,205.89,51.14,17913.75,5726.05,9.701228,1.810798,0.94291,3.47
24/05/2023 21:39,13.25,206.75,48.99,17978.5,5525.3,9.338871,3.024371,0.882599,3.47
24/05/2023 22:09,13.25,206.82,47.35,17977.35,5346.95,8.72939,3.655919,-2.278085,3.47
24/05/2023 22:39,13.31,204.19,50.21,17766.8,5608.65,6.536132,6.862695,-2.428126,3.47
24/05/2023 23:09,13.31,202.21,51.5,17604.25,5729.55,5.23626,8.198851,-0.739912,3.47
24/05/2023 23:39,13.38,204.7,51.87,17761.1,5772.65,5.399051,8.171391,-0.639884,3.47
25/05/2023 00:09,13.38,201.08,51.91,17467,5776,3.98052,8.870605,1.441578,3.468
25/05/2023 00:39,13.38,199.59,51.31,17375.2,5693.35,8.336143,5.042089,-1.275355,3.468
25/05/2023 01:09,13.38,197.43,50.9,17254,5651.2,9.136855,3.579917,-1.557786,3.468
25/05/2023 01:39,13.38,199.55,50.73,17410.6,5639.25,8.957395,3.797136,-1.502379,3.468
25/05/2023 02:09,13.38,198.89,50.02,17379,5562.15,9.694365,1.788243,0.816894,3.468
25/05/2023 02:39,13.31,196.32,48.48,17175.85,5410.25,9.651705,1.962311,-1.331743,3.466
25/05/2023 03:09,13.31,195.66,47.61,17156.45,5328.45,8.810784,3.933938,-1.816682,3.466
25/05/2023 03:39,13.25,195.63,47.84,17160.15,5355,7.819822,5.711884,-1.526405,3.464
25/05/2023 04:09,13.19,197.17,48.45,17225.35,5441.45,6.890643,6.780318,2.234445,3.466
25/05/2023 04:39,13.12,200.29,45.78,17453.45,5181.45,5.414252,6.888682,4.553718,3.466
25/05/2023 05:09,13.12,196.71,47.15,17174.65,5307,7.018129,6.599386,2.240329,3.464
25/05/2023 05:39,13.06,198,47.15,17302,5308.6,5.675599,7.535921,2.883155,3.466
25/05/2023 06:09,13.06,192.49,47.24,16889.35,5301.2,7.324096,5.624115,3.478419,3.464
25/05/2023 06:39,13.06,193.84,46.18,16964.7,5194.1,6.737659,6.333625,3.537749,3.462
25/05/2023 07:09,13.06,193.01,43.48,16897.9,4885,8.203263,4.834188,2.272691,3.462
25/05/2023 07:39,13.06,191.14,44.35,16763.75,4975.7,8.897574,4.152135,0.998808,3.462
25/05/2023 08:09,13.06,192.63,43.84,16837.35,4916.75,9.613459,2.831671,-0.556037,3.462
25/05/2023 08:40,13.06,192.27,43.84,16821.85,4910.9,9.620814,1.958388,0.420215,3.46
25/05/2023 09:10,13.12,189.82,44.05,16603.6,4906.65,9.801256,-0.587418,0.194662,3.46
25/05/2023 09:40,13.19,189.55,44.44,16515.4,4916.1,9.898832,0.683033,0.605561,3.46
25/05/2023 10:10,13.19,191.14,44.21,16610.85,4877.4,9.45165,2.223167,2.223658,3.46
25/05/2023 10:40,13.38,190.91,43.62,16620.35,4810.4,8.781366,4.264422,1.496985,3.462
25/05/2023 11:10,13.38,192.4,44.17,16729.15,4883.9,6.998025,6.352748,2.821374,3.456
25/05/2023 11:40,13.38,187.88,43.3,16451.75,4840.2,7.080401,6.195841,2.936602,3.458
25/05/2023 12:10,13.38,188.18,43.52,16457.55,4835.6,7.209849,6.264488,2.337415,3.458
25/05/2023 12:40,13.44,185.99,48.2,16244.2,5336.85,6.85779,4.88077,5.02934,3.456
25/05/2023 13:10,13.5,192.31,47.48,16739.75,5311.5,6.130628,-3.489697,7.181901,3.456
25/05/2023 13:40,13.5,192.39,47.25,16668.45,5219.9,8.191496,-3.824593,4.208033,3.456
25/05/2023 14:10,13.5,187.62,48.2,16369.45,5341.65,8.540121,-2.644854,4.177142,3.454
25/05/2023 14:40,13.5,183.13,46.9,16016.2,5199.2,9.700248,-2.048119,1.65144,3.454
25/05/2023 15:10,13.5,190.79,46.88,16667.75,5217.15,8.495501,-4.287958,3.269538,3.452
25/05/2023 15:40,13.5,182.86,46.61,16140.2,5196.25,8.238565,-3.52353,4.329636,3.452
25/05/2023 16:10,13.44,193.88,46.94,16953.05,5225.5,5.01316,-7.060298,5.226454,3.452
25/05/2023 16:40,13.44,194.09,46.54,17016.8,5207.75,3.827045,-8.943664,2.470295,3.452
25/05/2023 17:10,13.31,149.18,45.44,13802.35,5065.3,5.266662,6.485627,5.266171,3.452
25/05/2023 17:40,13.31,162.53,45.15,14782.05,5020.9,7.632025,5.849177,2.000066,3.452
25/05/2023 18:10,13.31,176.03,45.12,15702.15,5001,8.090487,5.263719,2.048119,3.452
25/05/2023 18:40,13.31,177.4,45.22,15807.6,5014.6,8.048318,5.317166,2.003008,3.452
25/05/2023 19:10,13.38,172.97,42.84,15492.9,4767.35,8.300838,5.273526,-0.136803,3.452
25/05/2023 19:40,13.38,184.36,44.24,16350.9,4905.15,9.444786,3.174903,-0.10297,3.45
25/05/2023 20:10,13.38,185.52,44.27,16436.55,4923.5,9.470772,2.93513,0.732066,3.45
25/05/2023 20:40,13.38,190.03,40.29,16793.1,4562.85,9.58649,2.472747,-0.053446,3.45
25/05/2023 21:10,13.38,192.89,43.31,16964.6,4846.6,9.504604,2.215812,0.889954,3.452
25/05/2023 21:40,13.44,187.46,44.42,16554.25,4975.1,9.67083,1.145417,0.39815,3.45
25/05/2023 22:10,13.44,192.13,44.69,16886.7,5002.65,9.566386,0.802184,2.514915,3.45
25/05/2023 22:40,13.44,186.51,44.05,16519.2,4928.95,8.616122,4.387004,1.841689,3.448
25/05/2023 23:11,13.44,186.8,43.6,16515.1,4897.75,7.789914,4.362488,3.813807,3.45
25/05/2023 23:41,13.44,189.38,43.11,16721.25,4838.55,7.881604,3.805471,4.299236,3.448
26/05/2023 00:11,13.5,194,41.89,17082.75,4716.35,6.618508,-1.653401,7.261334,3.448
26/05/2023 00:41,13.5,200.15,44.07,17513.95,4937,5.527518,-3.732411,7.447169,3.45
26/05/2023 01:11,13.5,195.81,41.48,17220.3,4688.2,7.030388,-2.829219,6.459151,3.448
26/05/2023 01:41,13.5,198.68,42.75,17446.85,4812.2,7.40108,-5.01414,4.612558,3.446
26/05/2023 02:11,13.5,191.66,40.16,16900.6,4562.55,9.282484,-1.750977,3.164606,3.446
26/05/2023 02:41,13.44,189.45,42.56,16776.7,4821.25,9.531572,-1.357731,2.288872,3.448
26/05/2023 03:11,13.44,185.09,42.47,16427.85,4798.5,9.730158,-0.361375,2.124611,3.446
26/05/2023 03:41,13.38,188.04,42.67,16666.5,4814.4,8.801958,-2.707125,3.654938,3.444
26/05/2023 04:11,13.31,197.12,43.17,17344.15,4864.75,7.373621,-6.107581,3.023391,3.444
26/05/2023 04:41,13.31,197.03,43,17337.55,4847.15,7.46041,5.302456,3.712797,3.446
26/05/2023 05:11,13.25,194.23,42.42,17100.45,4774.15,6.661658,5.945772,4.181066,3.446
26/05/2023 05:41,13.25,198.02,43.88,17356,4925.3,6.071787,5.055329,5.947732,3.446
26/05/2023 06:11,13.25,187.81,43.03,16648.05,4813.95,7.471686,5.496137,3.471554,3.446
26/05/2023 06:41,13.25,198.71,40.1,17444.35,4509.35,7.666841,5.872712,1.879445,3.446
26/05/2023 07:11,13.19,200.67,40.78,17605.15,4564.25,6.906334,5.993335,3.67308,3.446
26/05/2023 07:41,13.25,198.62,40.7,17406.8,4524.8,8.176294,5.182814,1.844631,3.444
26/05/2023 08:11,13.25,197.68,41.27,17333.95,4616.9,8.843148,4.104573,-0.02991,3.444
26/05/2023 08:41,13.31,198.86,40.98,17399.8,4525.1,9.138327,3.800568,0.580554,3.444
26/05/2023 09:11,13.38,198.19,42.54,17360.3,4659.3,9.222174,2.422243,1.90249,3.444
26/05/2023 09:41,13.38,202.52,41.8,17710.5,4626.35,9.816948,0.475132,0.043149,3.444
26/05/2023 10:11,13.5,207.95,41.71,18068.2,4637.95,9.835581,0.495726,1.601426,3.444
26/05/2023 10:41,13.5,207.56,41.59,18021.3,4600.4,9.643862,1.328311,1.79952,3.444
26/05/2023 11:11,13.5,205.93,42.24,17768.2,4613,9.437431,2.738507,0.75266,3.444
26/05/2023 11:41,13.62,204.55,41.18,17753.85,4522,9.299646,2.319273,2.516386,3.444
26/05/2023 12:11,13.69,210.22,42.01,18039.4,4577.75,8.517076,3.351913,3.853032,3.444
26/05/2023 12:41,13.69,201.25,42.61,17562.15,4707.05,6.803854,-4.798394,5.523106,3.444
26/05/2023 13:12,13.69,201.06,43.43,17481.85,4796.75,7.435893,-3.022409,5.950185,3.444
26/05/2023 13:42,13.88,203.37,43.07,17660.45,4778.15,7.595742,-3.291112,5.578023,3.444
26/05/2023 14:12,13.88,203.21,41.83,17618.2,4644.7,8.405279,-2.723797,4.670907,3.444
26/05/2023 14:42,13.88,204.12,42.63,17692.95,4745.35,8.95249,-3.619635,2.775282,3.444
26/05/2023 15:12,13.81,204.07,41.85,17708.4,4668.5,9.510489,-1.921123,2.442346,3.444
26/05/2023 15:42,13.75,203.48,42.71,17697,4760.3,9.132443,-2.690944,2.657112,3.444
26/05/2023 16:12,13.69,203.13,41.32,17713.55,4648.65,8.800488,-2.929246,3.615712,3.444
26/05/2023 16:42,13.69,206.65,43.09,18034.8,4833.95,6.511616,-6.32529,4.209504,3.444
26/05/2023 17:12,13.56,206.11,41.41,17997.3,4660.45,7.398627,-4.003565,5.367669,3.444
26/05/2023 17:42,13.5,211.09,41.44,18380.15,4675.2,5.150942,-6.305676,5.773175,3.444
26/05/2023 18:12,13.5,204.52,40.11,17896.75,4536.95,5.711394,-5.137213,6.422864,3.444
26/05/2023 18:42,13.56,209.95,41.27,18276.7,4663.3,4.177143,-7.44619,5.356882,3.444
26/05/2023 19:12,13.56,218.16,40.9,18884.3,4636.25,6.903391,-4.069759,5.732967,3.444
26/05/2023 19:42,13.56,210.73,40.3,18373.55,4565.2,6.172306,-5.01365,5.800634,3.444
26/05/2023 20:12,13.5,216.53,40.03,18912.9,4550.9,7.000477,-4.699838,5.419154,3.444
26/05/2023 20:42,13.5,212.17,40.59,18578.95,4608,7.718325,-5.13378,3.837343,3.444
26/05/2023 21:12,13.5,213.31,40.57,18678.25,4599.75,8.52247,-2.903749,4.103593,3.442
26/05/2023 21:42,13.5,216.4,39.84,18956.4,4534.35,9.763991,-0.759035,0.172107,3.442
26/05/2023 22:12,13.44,220.73,41.15,19286.8,4654,9.604143,-1.152282,1.382738,3.442
26/05/2023 22:42,13.44,218.16,40.61,19115.55,4619.4,9.558542,-2.730171,1.093932,3.442
26/05/2023 23:12,13.44,219.62,39.95,19196,4538.05,9.812534,-1.586226,0.657046,3.444
26/05/2023 23:42,13.44,215.14,39.56,18847.25,4499.35,9.338873,-0.357452,3.607867,3.444
27/05/2023 00:12,13.44,220.92,40.45,19329.15,4592.25,6.921534,-6.703825,2.850793,3.442
27/05/2023 00:42,13.44,226.58,40.94,19734.45,4642.4,7.430988,-6.571436,1.428338,3.442
27/05/2023 01:12,13.5,222.97,39.69,19490.35,4516.55,6.068356,-7.589856,2.671822,3.442
27/05/2023 01:42,13.5,222.66,39.69,19474.25,4524.7,6.750898,-7.125513,2.083423,3.444
27/05/2023 02:12,13.5,223.33,39.58,19496.7,4500.15,6.9284,-6.90192,2.223168,3.442
27/05/2023 02:42,13.5,220.67,39.3,19248.75,4483.1,8.032625,-5.397579,2.494812,3.442
27/05/2023 03:12,13.56,220.8,39.35,19267.65,4493.5,8.425875,-5.095046,1.985356,3.444
27/05/2023 03:43,13.56,221.39,40,19307.9,4544.4,7.162287,5.849177,2.133437,3.442
27/05/2023 04:13,13.56,222.16,38.21,19383.95,4338.75,10.126837,-1.097364,0.138764,3.442
27/05/2023 04:43,13.5,221,37.99,19292.15,4323.7,9.043694,2.872368,3.373978,3.442
27/05/2023 05:13,13.5,219.93,38.86,19226.4,4415.95,7.923283,-2.558064,5.496628,3.442
27/05/2023 05:43,13.44,216.63,38.9,19049.55,4419.2,6.581243,-3.913834,6.32529,3.442
27/05/2023 06:13,13.44,217.03,38.69,19045.95,4399.2,4.619914,-5.312263,7.159345,3.442
27/05/2023 06:43,13.38,218.14,39.66,19121.9,4493.05,4.067308,-6.849944,6.173777,3.442
27/05/2023 07:13,13.31,217.35,39.05,19063.3,4434.25,7.057356,-3.122437,6.277237,3.442
27/05/2023 07:43,13.31,218.19,39.82,19132.75,4512.55,6.726872,-4.08545,5.984999,3.442
27/05/2023 08:13,13.31,219.59,39.33,19197.2,4451.65,7.330962,-2.988086,6.041387,3.442
27/05/2023 08:43,13.31,218.48,39.56,19061.55,4461.3,8.631323,-1.82796,4.493408,3.44
27/05/2023 09:13,13.31,220.85,39.49,19222.9,4433.05,9.164315,-1.87209,3.42056,3.44
27/05/2023 09:43,13.38,218.1,39.3,19023.25,4403.15,7.904651,-2.398216,5.384341,3.442
27/05/2023 10:13,13.44,205.17,39.49,18023.45,4382.75,10.067508,-1.034111,0.636451,3.44
27/05/2023 10:43,13.5,212.03,40.11,18516,4427.15,9.681124,-1.047841,0.622232,3.44
27/05/2023 11:13,13.5,211.78,39.55,18507.25,4369.4,9.731138,-1.320956,1.451384,3.442
27/05/2023 11:43,13.62,211.73,39.69,18519.85,4434,9.177553,-3.865292,0.897799,3.44
27/05/2023 12:13,13.62,212.23,39.88,18544,4450.15,8.6985,-3.753986,3.334261,3.44
27/05/2023 12:43,13.62,214.05,40.51,18626.4,4513.95,7.612412,-5.171537,3.791741,3.44
27/05/2023 13:13,13.75,216.35,40.58,18801.45,4517.2,6.494944,-7.451584,2.095681,3.44
27/05/2023 13:43,13.81,219.11,40.27,18954.05,4493.55,6.556235,-6.229184,4.342875,3.438
27/05/2023 14:13,13.81,233.41,40.04,20022.6,4471.65,7.340768,-6.482687,2.608569,3.44
27/05/2023 14:43,13.94,233.94,39.99,20069.35,4480.2,7.221126,-6.800912,2.204535,3.438
27/05/2023 15:13,13.94,234.87,39.8,20125.45,4469.3,7.996831,-5.405917,2.470786,3.438
27/05/2023 15:43,13.94,235.13,39.7,20138.1,4460.1,8.733803,-4.195284,2.47765,3.436
27/05/2023 16:13,13.94,235.94,39.75,20214.55,4454.95,9.265814,-3.563246,0.496707,3.436
27/05/2023 16:43,13.81,237.51,39.82,20355.75,4481.4,9.177064,-4.346307,0.597715,3.438
27/05/2023 17:13,13.75,232.37,40.22,20011.8,4541.55,7.622218,-6.410117,1.580832,3.436
27/05/2023 17:44,13.75,232.56,39.43,19995.4,4445.85,8.238076,1.895625,4.964126,3.436
27/05/2023 18:14,13.62,226.94,39.2,19696.15,4440.6,6.980864,-1.696551,6.88672,3.436
27/05/2023 18:44,13.56,230.75,39.71,19940.4,4497.65,7.076968,-2.640931,6.447382,3.436
27/05/2023 19:14,13.56,228.04,39.52,19735.55,4471.2,9.046144,0.533972,3.96728,3.434
27/05/2023 19:44,13.56,230.95,39.66,19928.8,4494.6,7.023522,-2.312408,6.653322,3.434
27/05/2023 20:14,13.5,225.74,39.93,19614.5,4519.1,8.798528,-0.837488,4.343365,3.436
27/05/2023 20:44,13.56,227.7,39.52,19730.5,4493.65,6.949483,-2.68408,6.696471,3.434
27/05/2023 21:14,13.56,222.44,40.12,19333.6,4558.7,8.161096,-0.602128,5.467698,3.434
27/05/2023 21:44,13.62,228.04,40.12,19770.5,4548.35,7.829629,-3.37643,5.23577,3.434
27/05/2023 22:14,13.62,228.64,39.24,19747.65,4449.9,10.000821,0.038736,0.763938,3.434
27/05/2023 22:44,13.62,228.14,39.45,19725.35,4479.15,10.009157,-1.302813,0.318226,3.434
27/05/2023 23:14,13.69,228.87,39.99,19795.75,4539.6,9.765951,-1.750487,0.621742,3.434
27/05/2023 23:44,13.69,229.14,39.83,19810.9,4520.6,10.061623,-0.859553,0.719318,3.434
28/05/2023 00:14,13.69,230.16,39.59,19864.8,4501,9.301609,-0.644297,3.59708,3.434
28/05/2023 00:44,13.69,229.38,39.97,19808.45,4545.2,8.411163,-3.020938,4.521846,3.434
28/05/2023 01:14,13.69,228,40.33,19715.75,4583.9,6.771983,-7.162777,2.400178,3.434
28/05/2023 01:44,13.69,228.12,40.58,19768.85,4603.4,5.20635,-7.924754,3.492639,3.434
28/05/2023 02:14,13.69,229.03,40.34,19813.25,4579.3,6.63665,-6.593011,3.67063,3.434
28/05/2023 02:44,13.69,227.76,40.43,19694.05,4596.95,6.187997,-7.279967,3.31857,3.432
28/05/2023 03:14,13.75,227.23,40.59,19660.75,4613.05,7.41775,-5.890365,3.468612,3.434
28/05/2023 03:44,13.75,225.38,40.42,19498.15,4595.85,7.751667,-5.572139,3.095959,3.432
28/05/2023 04:14,13.69,223.38,40.43,19361.25,4601.95,8.242001,-5.300004,2.228561,3.432
28/05/2023 04:44,13.69,220.95,40.37,19163.75,4584.65,9.621794,-2.50756,-0.685975,3.43
28/05/2023 05:14,13.62,217.71,39.97,18949.4,4531.4,9.76301,0.374614,1.598974,3.43
28/05/2023 05:44,13.62,215.06,39.57,18776.5,4500.9,9.440862,1.006653,2.353106,3.43
28/05/2023 06:14,13.62,212.25,39.36,18553.25,4460.55,8.428326,2.516877,4.563035,3.428
28/05/2023 06:44,13.62,213.06,39.24,18609.1,4465.5,8.150797,0.401092,5.599107,3.428
28/05/2023 07:14,13.62,212.14,39.66,18549.85,4504.45,7.230443,-2.627201,6.402271,3.428
28/05/2023 07:45,13.56,209.94,38.67,18341.4,4403.1,6.26743,-1.758823,7.488849,3.428
28/05/2023 08:15,13.56,212.73,39.01,18514.9,4435.15,7.507973,-0.659007,6.366967,3.43
28/05/2023 08:45,13.56,215.26,40.19,18708.7,4534.35,7.9174,-0.66391,5.414742,3.428
28/05/2023 09:15,13.56,216.92,38.82,18838.3,4398.45,8.696537,-0.006374,4.901854,3.428
28/05/2023 09:45,13.62,217.31,38.5,18838.95,4361.6,8.134617,0.007845,5.73738,3.428
28/05/2023 10:15,13.62,213.48,39.52,18522.95,4425.15,9.236883,1.293497,3.413695,3.428
28/05/2023 10:45,13.62,215,40.6,18653.75,4524.05,9.384474,0.504552,2.390861,3.428
28/05/2023 11:15,13.69,215.84,40.34,18703,4496.15,9.780662,-0.551624,1.600445,3.426
28/05/2023 11:45,13.75,216.2,39.87,18738.3,4442.75,9.763502,-0.007845,1.271923,3.428
28/05/2023 12:15,13.75,215.83,39.91,18708.55,4479,9.941981,-1.732345,0.483958,3.426
28/05/2023 12:45,13.88,216.26,40.23,18798,4508.5,9.769384,-1.530328,0.089731,3.428
28/05/2023 13:15,13.94,214.31,39.93,18570.85,4472.4,9.650233,-1.634768,2.154031,3.426
28/05/2023 13:45,13.88,214.69,39.92,18620.6,4457.2,9.456064,-0.813952,2.789992,3.426
28/05/2023 14:15,13.88,213.5,39.85,18520.45,4457.4,9.258459,0.361375,3.762322,3.426
28/05/2023 14:45,13.88,211.15,40.06,18302.5,4475.45,9.158432,-0.348626,3.764773,3.426
28/05/2023 15:15,13.88,214.53,39.6,18592.65,4440.5,8.975537,-0.710002,4.482619,3.426
28/05/2023 15:45,13.88,211.26,39.95,18331.8,4470.5,9.345737,-1.449423,3.169509,3.426
28/05/2023 16:15,13.94,209.07,39.52,18170.15,4430.5,9.400655,-0.42757,3.414186,3.426
28/05/2023 16:45,13.94,205.73,39.63,17903.4,4449.1,9.125578,-2.553652,3.033197,3.426
28/05/2023 17:15,13.94,206.37,40.04,18068.25,4510.75,9.706622,0.280961,-0.228985,3.424
28/05/2023 17:45,13.94,203.97,38.56,17836.25,4375.45,9.962576,0.382459,-0.239282,3.424
28/05/2023 18:15,13.88,210.23,38.26,18332.85,4332.1,8.807352,-3.31808,3.157742,3.424
28/05/2023 18:45,13.81,208.97,39.01,18209.65,4424.15,7.65507,-4.929803,4.134483,3.422
28/05/2023 19:15,13.81,210.93,39.14,18345.2,4446.35,8.0797,-2.657111,5.105833,3.422
28/05/2023 19:45,13.75,206.63,38.58,18016.2,4381.55,5.395619,-5.351489,6.10366,3.422
28/05/2023 20:15,13.75,206.46,38.66,18004.55,4396.95,5.339231,-4.04083,7.224069,3.424
28/05/2023 20:45,13.75,209.26,38.21,18159.25,4355.95,5.107794,-6.73864,5.350509,3.422
28/05/2023 21:15,13.81,213.74,38.85,18481.95,4417.7,6.598405,-3.886375,6.397368,3.422
28/05/2023 21:45,13.81,210.58,36.1,18236.3,4120.95,8.262103,-3.665726,4.175181,3.422
28/05/2023 22:16,13.81,213.95,35.94,18505.7,4110.75,7.03235,-3.866762,5.950185,3.42
28/05/2023 22:46,13.81,210.13,36.18,18228.4,4120.75,8.56807,0.463364,4.880769,3.422
28/05/2023 23:16,13.81,210.28,35.69,18215.95,4078.9,9.504604,-0.275077,2.865503,3.42
28/05/2023 23:46,13.81,208.32,35.17,18070.25,4020.2,9.033396,1.775984,3.640719,3.42
29/05/2023 00:16,13.81,208.03,35.83,18069.2,4080.55,9.705641,-0.001961,0.944871,3.418
29/05/2023 00:46,13.81,204.45,36,17755.75,4099.85,9.77429,0.573199,1.092951,3.418
29/05/2023 01:16,13.81,208.2,35.79,17984.25,4088.35,9.556581,-0.785513,2.339867,3.418
29/05/2023 01:46,13.81,208.78,35.97,18087.55,4101.4,9.314356,-0.955168,3.257769,3.418
29/05/2023 02:16,13.81,206.39,35.9,17887.65,4095.9,9.238356,-1.788733,3.062127,3.418
29/05/2023 02:46,13.81,206.15,35.2,17801.55,4019.2,9.114791,-0.272135,4.260499,3.418
29/05/2023 03:16,13.81,188.77,35.61,16605.45,4055.6,9.210405,-0.397169,3.537259,3.418
29/05/2023 03:46,13.81,202.34,35.81,17561.35,4096.9,7.507481,-0.568786,6.53221,3.418
29/05/2023 04:16,13.81,201.63,36.59,17490.95,4161.35,8.725468,0.788945,4.672869,3.418
29/05/2023 04:46,13.81,204.35,34.99,17676.05,3986.9,8.886786,-0.684995,4.206563,3.418
29/05/2023 05:16,13.81,203.63,36.35,17635.5,4132.25,9.49627,-0.615858,2.866974,3.418
29/05/2023 05:46,13.81,205.25,36.02,17765.45,4099.35,9.844406,-1.113545,-0.549663,3.418
29/05/2023 06:16,13.81,203.52,35.58,17611.75,4047.5,9.933647,0.203978,-0.654594,3.416
29/05/2023 06:46,13.75,197,35.74,17172.65,4056.95,9.885103,0.758545,1.003711,3.416
29/05/2023 07:16,13.75,200.14,35.6,17387.75,4043,8.335161,-0.686465,5.371592,3.416
29/05/2023 07:46,13.75,198.83,34.95,17269.45,3970.95,7.46384,-2.766456,5.909489,3.416
29/05/2023 08:16,13.69,193.99,36.39,16940.9,4137.55,6.421885,-3.249433,6.804344,3.416
29/05/2023 08:46,13.69,200.29,35.96,17370.9,4098,5.999218,-4.394361,6.597425,3.416
29/05/2023 09:16,13.69,198.2,36.11,17208,4119.1,5.199486,-6.587128,5.42749,3.416
29/05/2023 09:46,13.62,196.34,35.67,17102.85,4066.4,8.242491,-3.336712,4.549796,3.416
29/05/2023 10:16,13.62,200.52,35.35,17421.55,4027.35,5.403464,-6.087968,5.961952,3.416
29/05/2023 10:46,13.62,193.37,35.22,16892.3,4002.2,7.433932,-4.267364,5.135743,3.416
29/05/2023 11:16,13.69,192.41,35.71,16808.3,4036.25,8.336634,-0.717847,5.457891,3.414
29/05/2023 11:46,13.69,195.54,34.99,17059.65,3956.65,8.584742,-0.741873,5.029832,3.414
29/05/2023 12:17,13.69,186.79,35.27,16418.05,3992.5,7.955155,-3.743198,4.770445,3.414
29/05/2023 12:47,13.81,183.17,34.64,16143.45,3907.35,9.809102,1.072357,1.407745,3.412
29/05/2023 13:17,13.81,193.43,34.74,16846.65,3929.85,10.005236,-0.225553,-0.033833,3.414
29/05/2023 13:47,13.81,196.79,34.23,17100.5,3861.75,10.065055,0.144158,-0.253502,3.414
29/05/2023 14:17,13.94,192.55,34.18,16780.85,3877.45,9.90766,-0.57565,0.490823,3.414
29/05/2023 14:47,14,195.1,32.98,16919.9,3743.85,9.355054,-1.93142,2.867955,3.41
29/05/2023 15:17,14,197.61,33.68,17085.7,3808.7,9.683087,-0.39815,2.995441,3.41
29/05/2023 15:47,13.94,194.68,33.43,16912.05,3784.1,8.563167,0.587418,4.963637,3.41
29/05/2023 16:17,13.94,194.34,33.3,16889.75,3794.75,8.188553,-1.345473,5.375516,3.408
29/05/2023 16:47,14,191.84,32.65,16677,3712.2,8.723015,-1.222889,4.69003,3.408
29/05/2023 17:17,14,193.72,33.29,16869.35,3793.85,8.602392,-2.457056,4.545382,3.408
29/05/2023 17:47,14,192.95,33.6,16804.2,3843.05,9.494802,-2.083423,2.386449,3.408
29/05/2023 18:17,14,193.35,32.85,16832.45,3769,9.857155,0.431983,0.451596,3.406
29/05/2023 18:47,14,194.2,32.7,16872.55,3744.8,9.865981,1.092951,0.508965,3.406
29/05/2023 19:17,13.94,194.04,31.97,16890.5,3659.4,8.176784,1.355769,5.500059,3.406
29/05/2023 19:47,13.94,193.39,32.42,16878.2,3713.6,7.993891,-3.617183,4.910679,3.404
29/05/2023 20:17,13.88,189.68,32.06,16592.3,3685.35,5.627546,-5.857021,5.873693,3.404
29/05/2023 20:47,13.88,187.68,32.24,16456.45,3695.1,7.325077,-1.966724,6.488081,3.402
29/05/2023 21:17,13.81,187.34,32.04,16447.8,3677.7,5.524576,-4.12811,6.988219,3.4
29/05/2023 21:47,13.75,161.54,31.68,14625.65,3647.8,6.261056,-3.737315,6.802873,3.4
29/05/2023 22:17,13.75,186.68,30.6,16382.4,3515.5,6.088949,-2.107449,7.560927,3.4
29/05/2023 22:47,13.69,186.24,30.15,16308.45,3450,9.413403,2.525703,1.469036,3.396
29/05/2023 23:17,13.62,175.98,30.3,15588.7,3465.3,8.013504,0.976742,5.745226,3.398
29/05/2023 23:47,13.62,176.08,30.5,15584.5,3495.8,7.823746,0.243695,6.063451,3.396
30/05/2023 00:17,13.56,173.61,29.77,15417.55,3411.95,8.935331,3.596589,2.155502,3.394
30/05/2023 00:47,13.56,165.72,30.04,14812.45,3442.05,9.935118,0.215746,0.717357,3.392
30/05/2023 01:17,13.56,167.04,29.83,14910.95,3423.15,9.935118,-0.829643,1.630356,3.39
30/05/2023 01:47,13.56,168.13,30.56,14976.2,3501.35,9.699759,-1.561709,1.892193,3.39
30/05/2023 02:17,13.5,173.37,30.67,15338.75,3487.1,9.809592,-0.347646,0.75217,3.39
30/05/2023 02:48,13.5,174.57,29.93,15442.6,3424.85,9.451649,0.791887,2.552181,3.39
30/05/2023 03:18,13.5,177.07,29.41,15588.35,3362.1,8.238566,4.509587,3.456354,3.39
30/05/2023 03:48,13.56,179.08,28.72,15731.85,3291.15,8.456766,2.398707,4.775839,3.39
30/05/2023 04:18,13.56,178.69,29.1,15689.2,3329.2,9.219232,1.859341,2.687022,3.39
30/05/2023 04:48,13.56,178.42,29.14,15674,3336.25,9.223643,1.90298,3.147935,3.388
30/05/2023 05:18,13.62,181.07,28.88,15875.25,3300.4,8.179727,2.814018,4.798394,3.388
30/05/2023 05:48,13.62,178.53,28.81,15674.2,3291.15,8.282696,1.71126,5.16124,3.386
30/05/2023 06:18,13.69,166.54,28.98,14832.1,3307.25,9.176081,0.659007,3.441644,3.382
30/05/2023 06:48,13.69,174.75,29.35,15431.95,3347.55,9.322202,-0.060801,3.069481,3.382
30/05/2023 07:18,13.62,172.56,29.15,15244.75,3321.9,9.535006,-1.376853,2.761062,3.378
30/05/2023 07:48,13.62,169.35,28.76,14909.25,3281.95,9.972872,0.499649,-0.081395,3.376
30/05/2023 08:18,13.62,174.56,28.61,15343,3261.9,7.861501,2.179038,5.483879,3.374
30/05/2023 08:48,13.56,176.03,29.02,15518.9,3320.2,7.158364,-3.24306,6.234088,3.372
30/05/2023 09:18,13.56,175.06,28.92,15445.05,3310.25,5.341192,-5.055819,6.808268,3.372
30/05/2023 09:48,13.5,172.87,28.94,15304.75,3315.7,6.804343,-3.537259,6.147299,3.37
30/05/2023 10:18,13.5,176.03,28.68,15498.4,3283.35,5.018553,-5.051406,6.990671,3.366
30/05/2023 10:48,13.5,168.43,28.63,14923.9,3272.9,6.831803,-3.662783,6.363536,3.366
30/05/2023 11:18,13.5,169.18,28.44,14971.9,3252.95,7.03382,-3.718191,6.052665,3.364
30/05/2023 11:48,13.5,167.16,28.59,14812.4,3260.95,8.165018,-1.819624,5.307848,3.362
30/05/2023 12:18,13.56,144.31,28.53,13219.1,3257.3,7.886508,-3.557853,5.052877,3.36
30/05/2023 12:48,13.56,166.63,28.36,14747.2,3239.75,7.711951,-3.013093,5.510357,3.356
30/05/2023 13:18,13.56,168.21,28.56,14833.05,3247.3,8.59749,-0.418744,4.996489,3.356
30/05/2023 13:48,13.69,165.17,28.18,14626.8,3208.45,9.500682,-0.50112,3.146954,3.356
30/05/2023 14:18,13.75,164.3,28.54,14542.55,3248.75,9.781154,-0.764919,1.293007,3.352
30/05/2023 14:48,13.81,163.8,28.46,14545.9,3245.15,9.34868,-3.309254,-0.615858,3.352
30/05/2023 15:18,13.81,165.64,28.12,14632.1,3211.45,9.289841,-1.811779,3.632383,3.348
30/05/2023 15:48,13.81,166.22,27.58,14688.1,3150.15,9.072622,-0.009316,3.835871,3.346
30/05/2023 16:18,13.81,163.52,27.93,14473.85,3178.85,9.386927,0.390795,3.632874,3.344
30/05/2023 16:49,13.81,149.08,27.84,13460.45,3176.1,7.5065,-0.387853,6.601346,3.342
30/05/2023 17:19,13.88,151.89,27.92,13615.25,3188.8,8.98044,-1.153753,4.37965,3.338
30/05/2023 17:49,13.88,152.46,27.71,13656.75,3172.05,7.18043,-2.864522,6.424828,3.338
30/05/2023 18:19,13.88,149.97,27.62,13500.8,3165.15,8.669077,0.388343,4.826834,3.338
30/05/2023 18:49,13.81,149.53,27.51,13470.55,3154.7,8.906401,-1.303304,4.259028,3.338
30/05/2023 19:19,13.88,146.25,28.31,13187,3236.9,9.500684,-1.51905,-2.351144,3.334
30/05/2023 19:49,13.81,150.81,27.56,13505.45,3159.95,10.054267,-0.313322,-0.269193,3.332
30/05/2023 20:19,13.81,144.6,27.64,13057.95,3166.8,9.61395,1.156694,2.343299,3.328
30/05/2023 20:49,13.81,139.38,28.27,12725.9,3231.45,7.639871,-2.788031,5.67854,3.328
30/05/2023 21:19,13.81,138.09,28.05,12640.4,3214.4,5.362277,-6.715104,5.214195,3.322
30/05/2023 21:49,13.81,136.25,28.09,12496.1,3215.05,5.218119,-4.948435,6.934284,3.32
30/05/2023 22:19,13.75,136.9,28.11,12552.05,3214.55,4.816536,-5.158298,6.948012,3.318
30/05/2023 22:49,13.75,137.96,28.04,12628.25,3208.75,6.239971,-5.496137,5.628527,3.314
30/05/2023 23:19,13.69,137.76,27.96,12586.1,3202.9,6.710201,-4.414954,5.790336,3.312
30/05/2023 23:49,13.69,133.75,27.88,12281.75,3191.05,6.306657,-4.620894,6.182113,3.31
31/05/2023 00:19,13.62,133.43,27.81,12268.25,3189.85,6.948503,-2.384488,6.59105,3.31
31/05/2023 00:49,13.62,132.89,27.97,12203.6,3203.45,8.636717,-3.367114,3.417127,3.31
31/05/2023 01:19,13.62,134.46,27.55,12333.95,3157.2,8.985832,-1.220928,3.919228,3.304
31/05/2023 01:49,13.62,136.51,27.59,12472.75,3156.95,9.689461,0.510436,2.597291,3.302
31/05/2023 02:19,13.62,136.79,27.81,12465.2,3182,9.783114,-1.093441,1.034601,3.3
31/05/2023 02:49,13.62,133.72,27.5,12245.4,3149.7,9.43841,-1.199353,1.827469,3.294
31/05/2023 03:19,13.62,132.82,28.07,12179.35,3204.65,9.609046,-0.962523,1.242503,3.292
31/05/2023 03:49,13.62,134.91,27.86,12324.6,3186.1,9.194715,-1.012046,3.463218,3.288
31/05/2023 04:19,13.62,134.88,27.65,12287.7,3154.85,9.03879,0.214766,3.740746,3.286
31/05/2023 04:49,13.62,139.89,27.57,12646,3151.5,7.749705,-2.991028,5.328934,3.284
31/05/2023 05:19,13.69,141.39,27.55,12759.5,3146.35,6.848475,-5.95852,4.428193,3.284
31/05/2023 05:49,13.69,141.85,27.58,12789.05,3143.05,5.906546,-6.042858,5.395129,3.28
31/05/2023 06:19,13.69,138.36,27.42,12479.65,3127.75,6.655283,-5.674127,4.692973,3.276
31/05/2023 06:49,13.69,141.28,27.36,12699.1,3125.05,7.199552,-5.540268,4.180575,3.27
31/05/2023 07:20,13.69,140.81,27.23,12669.4,3111.85,8.409693,-3.153328,4.382592,3.268
31/05/2023 07:50,13.69,146.57,27.15,13069.55,3099.4,9.536476,-1.688705,2.393803,3.262
31/05/2023 08:20,13.69,146.92,27,13124.45,3073.35,9.814495,0.149551,0.582025,3.258
31/05/2023 08:50,13.69,145.4,27.18,12978.85,3095.35,7.924754,-6.161518,0.964975,3.256
31/05/2023 09:20,13.69,144.05,26.85,12854.65,3053.5,7.419711,-1.037053,6.474841,3.252
31/05/2023 09:50,13.69,144.12,26.98,12869.4,3067.75,6.15024,-5.096026,5.991863,3.248
31/05/2023 10:20,13.62,145.14,26.94,12933.4,3059.2,5.710902,-3.608357,7.248096,3.242
31/05/2023 10:50,13.62,140.47,26.85,12583.35,3050.25,5.984999,-0.321658,7.803641,3.238
31/05/2023 11:20,13.62,143.74,26.59,12741.1,3004.75,8.334673,1.555335,5.125936,3.234
31/05/2023 11:50,13.62,130.09,26.7,11785.3,3026.55,4.914603,-3.411244,7.883077,3.232
31/05/2023 12:20,13.69,141.45,26.4,12563.75,2986.85,7.31331,-0.464345,6.759724,3.23
31/05/2023 12:50,13.69,139.7,26.47,12408.35,2981,8.979459,1.481294,4.015333,3.226
31/05/2023 13:20,13.69,95,26.81,9234.4,3015.45,8.642599,2.255529,4.119773,3.222
31/05/2023 13:50,13.81,116.96,26.7,10762.15,2999.7,9.2614,2.80176,2.470786,3.216
31/05/2023 14:20,13.88,132.07,27.23,11796.05,3054.95,9.815475,0.195643,2.201593,3.212
31/05/2023 14:50,13.88,132.52,27.22,11837.5,3059.85,9.65906,-0.414821,2.596311,3.208
31/05/2023 15:20,13.94,130.39,27.31,11664,3067.5,9.739475,-1.127765,1.072357,3.204
31/05/2023 15:50,14,131.62,27.37,11759.2,3062.45,9.626207,-0.939477,1.868167,3.202
31/05/2023 16:20,14,131.45,27.04,11733.1,3038.05,9.175103,1.161107,3.25924,3.196
31/05/2023 16:50,14,127.48,27.01,11417.95,3035.25,8.707324,3.08174,3.283267,3.192
31/05/2023 17:20,14,134.78,26.69,11915.7,2996.55,8.884335,3.334261,2.362422,3.186
31/05/2023 17:50,14.06,130.68,26.71,11635.15,3009.75,7.68204,3.478419,5.16222,3.182
31/05/2023 18:20,14.06,122.88,25.9,11089.55,2945.75,7.622709,2.529625,5.660398,3.18
31/05/2023 18:50,14.06,123.14,27.01,11102.2,3046.45,7.801681,1.715183,5.88448,3.178
31/05/2023 19:20,14.06,120.69,27.05,10915.95,3054.15,9.205992,1.691647,2.95033,3.17
31/05/2023 19:50,14.06,121.34,27.18,10954,3070.5,9.691423,-0.05933,2.548257,3.164
31/05/2023 20:20,14,118.58,27.33,10637.6,3076.55,9.720842,-1.359202,0.700195,3.16
31/05/2023 20:50,14,122.52,27.67,10927.4,3114.8,9.666906,-2.850793,0.833565,3.156
31/05/2023 21:21,14,120.28,27.78,10771.75,3130.75,9.758107,1.143455,-1.969176,3.152
31/05/2023 21:51,13.94,118.07,27.05,10584.75,3049.7,7.069125,6.846023,-0.285374,3.146
31/05/2023 22:21,13.94,110.92,26.87,10012.4,3032.2,5.341192,7.498656,3.481361,3.138
31/05/2023 22:51,13.88,113.02,26.95,10199.45,3030.95,6.389033,7.250056,1.392054,3.132
31/05/2023 23:21,13.88,88.62,26.53,8445,2972.75,6.426788,6.411098,3.750062,3.128
31/05/2023 23:51,13.81,88.06,26.68,8386.35,2992.25,7.034801,6.777867,1.4607,3.124
01/06/2023 00:21,13.81,88.04,26.75,8365.85,2994.35,6.972038,6.877404,-0.757073,3.12
01/06/2023 00:51,13.81,87.57,26.35,8324.8,2961.05,7.8007,5.902133,0.843862,3.112
01/06/2023 01:21,13.75,86.69,26.28,8241.9,2943.8,8.278773,4.863608,2.313879,3.106
01/06/2023 01:51,13.75,86.55,26.21,8236.85,2937.15,8.854424,3.861859,-0.726673,3.1
01/06/2023 02:21,13.75,109.65,26.2,9793.75,2944.7,8.985344,3.880001,-1.109623,3.096
01/06/2023 02:51,13.75,114,25.95,10211.5,2916.65,9.519805,1.37146,-0.226534,3.088
01/06/2023 03:21,13.75,120.98,25.62,10754,2882.8,9.857645,-0.348136,0.355491,3.08
01/06/2023 03:51,13.75,123.7,25.53,10900.25,2871.35,10.01357,0.144648,1.157675,3.078
01/06/2023 04:21,13.75,120.46,25.62,10635.95,2864.15,9.464399,1.423926,2.476179,3.072
01/06/2023 04:51,13.75,117.94,25.25,10444.2,2834.9,9.405558,-0.019123,3.20089,3.064
01/06/2023 05:21,13.81,121.1,25.02,10692.5,2800.95,8.435189,3.689262,3.711818,3.054
01/06/2023 05:51,13.81,121.27,24.65,10664.35,2767.75,7.114726,5.267152,4.437019,3.046
01/06/2023 06:21,13.81,116,25.23,10285.25,2818.1,7.072557,5.966365,3.558343,3.04
01/06/2023 06:51,13.81,113.81,25.15,10126.65,2809.5,6.438557,5.44122,5.020514,3.028
01/06/2023 07:21,13.81,115.32,25.39,10211.9,2823.75,8.493049,4.198227,2.751256,3.026
01/06/2023 07:51,13.81,115.29,25.38,10192.2,2816.05,8.955433,3.232272,2.202573,3.02
01/06/2023 08:21,13.81,114.02,24.41,10085.85,2730.1,9.350151,2.730662,1.465604,3.01
01/06/2023 08:51,13.81,112.74,24.69,9986.15,2740.15,9.922369,-1.217005,-1.171404,3.002
01/06/2023 09:21,13.81,113.83,23.92,10040.25,2661.3,8.902967,4.05505,-1.398919,2.996
01/06/2023 09:51,13.81,112.73,23.6,9951.1,2621.65,8.348892,5.19164,1.055196,2.988
01/06/2023 10:21,13.81,85.14,23.77,8034.15,2635.7,4.263442,4.362489,7.791383,2.978
01/06/2023 10:51,13.81,88.94,23.65,8275.95,2614.5,7.2123,6.007554,2.768907,2.972
01/06/2023 11:22,13.75,87.78,24.05,8157.95,2656.1,6.834254,-0.301554,7.144635,2.966
01/06/2023 11:52,13.75,83.56,23.78,7835.2,2636.7,4.248731,-2.80225,8.573954,2.952
01/06/2023 12:22,13.75,82.26,23.55,7722.6,2605.2,5.508396,-2.023602,7.945348,2.942
01/06/2023 12:52,13.75,81.93,23.64,7653.1,2612.9,6.882797,-3.055262,6.616057,2.93
01/06/2023 13:22,13.81,80.5,23.67,7537.6,2607.75,7.339789,-1.251819,6.599386,2.92
01/06/2023 13:52,13.88,80.23,23.48,7475.85,2589.9,7.144146,-2.778224,6.435614,2.912
01/06/2023 14:22,13.88,77.12,23.23,7242.85,2550.55,9.104985,-1.16552,3.892749,2.898
01/06/2023 14:52,13.94,77.6,22.74,7269.5,2507.85,9.549716,-0.44228,2.701242,2.888
01/06/2023 15:22,14,74.86,22.76,7064.7,2497.15,9.856666,-0.522694,1.914258,2.872
01/06/2023 15:52,14.12,76.49,22.37,7172.45,2466.45,9.809102,-0.940458,1.423926,2.858
01/06/2023 16:22,14.12,79.02,21.56,7315.9,2381.95,10.02828,-1.053234,0.018142,2.838
01/06/2023 16:52,14.12,83.04,21.5,7552,2366.8,8.982891,-2.796856,3.301408,2.814
01/06/2023 17:22,14.06,79.25,21.17,7243.15,2333.8,7.84581,-4.435548,4.377198,2.78
