Time,Temp,IR,Vis,Lux,Accel_X,Accel_Y,Accel_Z,Tilt,Mag_X,Mag_Y,Mag_Z,H.Angle,Direction,VBAT
31/10/2024 08:06,23.79,4555,6535,97,-2.58,8.15,3.75,32,458.36,-27.44,219.98,248,W,4.14
31/10/2024 08:37,22.1,4687,6818,108,-4.01,0.55,-8.7,86,498.3,-34.67,283.92,344,N,4.15
31/10/2024 09:07,20.88,4697,6864,111,-4.02,0.55,-8.69,86,498.5,-34.31,283.26,344,N,4.15
31/10/2024 09:37,20.26,4767,7035,118,-4.03,0.54,-8.69,86,498.72,-35.12,283.37,344,N,4.15
31/10/2024 10:07,19.9,4852,7224,126,-4.03,0.55,-8.69,86,498.61,-35.09,283.17,344,N,4.14
31/10/2024 10:37,19.73,4693,6840,109,7.33,0.44,-5.89,87,496.59,-78.54,245.26,15,N,4.14
31/10/2024 11:07,19.42,5068,7261,107,5.47,7.84,-1.52,35,497.39,-59.91,213.3,26,NE,4.14
31/10/2024 11:38,18.58,5053,7249,108,5.48,7.96,-0.72,34,497.25,-58.25,209.4,29,NE,4.14
31/10/2024 12:08,17.73,5043,7241,108,5.48,7.96,-0.7,34,497.33,-58.22,209.06,29,NE,4.14
31/10/2024 12:38,17.25,5065,7276,109,5.35,8.04,-1.31,34,495.2,-50.53,231.3,29,NE,4.14
31/10/2024 13:08,17.2,5074,7287,109,5.17,8.14,-0.8,32,495.77,-55.27,211.89,29,NE,4.14
31/10/2024 13:38,17.41,5085,7301,109,5.05,8.25,-0.82,31,492.19,-45.28,201.77,30,NE,4.14
31/10/2024 14:08,17.58,5086,7302,109,5.06,8.25,-0.83,31,492.05,-45,201.79,30,NE,4.14
31/10/2024 14:39,17.73,5768,8656,156,4.8,0.1,-8.06,89,513.67,-49.21,269.96,10,N,4.14
31/10/2024 15:09,17.16,4525,6513,98,5.27,0.2,-6.85,79,486.47,-65.71,241.34,11,N,4.14
31/10/2024 15:39,16.42,5937,9674,235,6.44,0.58,6.84,85,509.82,-56.79,198.87,19,N,4.14
31/10/2024 16:09,14.84,3966,5718,87,-8.61,1.96,4.59,78,501.13,-2.75,200.49,340,N,4.13
31/10/2024 16:39,13.83,4446,6418,98,-5.5,0.16,8.15,88,479.19,-17.8,193.87,349,N,4.13
31/10/2024 17:09,14.25,3390,4668,56,-1.74,8.53,4.73,30,470.08,-16.77,201.87,275,W,4.13
31/10/2024 17:40,14.62,3858,5303,63,-0.96,9.81,-0.02,11,456.74,-23.17,219.88,257,W,4.13
31/10/2024 18:10,14.64,3835,5273,63,-1.52,9.81,0.36,9,457.27,-22.62,216.38,278,W,4.13
31/10/2024 18:40,14.64,3837,5276,63,-1.23,9.81,0.23,9,457.27,-21.63,218.11,286,W,4.13
31/10/2024 19:10,14.64,3833,5271,63,-0.85,9.86,1.02,7,457.74,-27.88,213.48,229,SW,4.13
31/10/2024 19:40,14.67,3840,5281,63,-0.81,9.77,1.17,10,458.23,-28.11,212.87,236,SW,4.13
31/10/2024 20:10,14.68,3846,5289,63,-0.84,9.87,0.61,7,457.42,-27.4,214.9,252,W,4.13
31/10/2024 20:41,14.75,3853,5298,63,-0.76,9.86,0.88,6,457.84,-26.46,214.36,237,SW,4.13
31/10/2024 21:11,14.71,3857,5302,64,-0.52,9.91,0.14,5,456.48,-28.99,217.65,265,W,4.13
31/10/2024 21:41,14.71,3860,5306,64,-0.13,9.8,-1.11,7,454.62,-30.61,224.68,324,NW,4.13
31/10/2024 22:11,14.71,3868,5318,64,-0.09,9.16,3.29,20,462.79,-21.76,208.73,122,SE,4.13
31/10/2024 22:41,14.75,3863,5310,64,0.17,9.88,-0.4,4,455.33,-34.36,221.48,187,S,4.13
31/10/2024 23:12,14.81,3867,5315,63,0.33,9.56,1.06,12,458.51,-31.95,215.37,196,S,4.13
31/10/2024 23:42,14.82,3865,5313,63,-0.01,9.31,3.3,19,462.84,-22.97,207.05,138,SE,4.13
01/11/2024 00:12,14.77,3867,5317,64,-0.26,9.81,-1.5,8,454.06,-30.89,226.83,346,N,4.13
01/11/2024 00:42,14.67,3858,5305,64,-0.28,9.83,-1.36,7,454.02,-32.77,226.97,342,N,4.13
01/11/2024 01:12,14.6,3854,5301,64,-0.59,9.86,-1.17,7,454.39,-30.03,224.97,330,NW,4.13
01/11/2024 01:42,14.52,3850,5296,64,-0.48,9.88,-0.42,6,455.84,-29.38,220.62,285,W,4.13
01/11/2024 02:13,14.52,3838,5280,63,-0.61,9.91,0.11,4,456.56,-29.92,217.42,263,W,4.13
01/11/2024 02:43,14.48,3827,5265,63,-0.56,9.94,0.27,3,456.45,-31.48,216.4,245,SW,4.13
01/11/2024 03:13,14.35,3829,5266,63,-0.44,9.93,0.48,3,456.94,-32.03,215.52,224,SW,4.13
01/11/2024 03:43,14.35,3823,5259,63,-1.27,9.41,2.89,18,463.73,-21.74,206.26,238,SW,4.13
01/11/2024 04:13,14.39,3824,5261,63,-3.51,6.38,6.7,49,484.06,-9.76,197.68,342,N,4.13
01/11/2024 04:43,14.43,3825,5262,63,-4.09,5.92,6.84,52,486.75,-8.26,197.98,342,N,4.13
01/11/2024 05:14,14.43,3822,5256,63,-2.9,8.05,4.99,35,473.44,-10.58,202.91,324,NW,4.13
01/11/2024 05:44,14.5,3830,5267,63,-0.39,9.87,0.99,6,457.86,-29.63,213.01,211,SW,4.13
01/11/2024 06:14,14.52,3709,5118,63,-0.56,9.89,0.67,5,456.95,-32.26,215,233,SW,4.13
01/11/2024 06:44,14.54,3809,5243,63,-0.49,9.93,0.49,3,456.96,-31.38,215,230,SW,4.13
01/11/2024 07:14,14.56,3820,5259,63,-0.56,9.93,0.52,4,457.07,-29.85,215.07,232,SW,4.13
01/11/2024 07:44,14.56,3679,5090,63,-0.55,9.92,0.73,4,457.38,-28.89,214.01,220,SW,4.12
01/11/2024 08:15,14.65,3798,5239,64,-0.58,9.91,0.71,4,457.7,-27.95,214.36,223,SW,4.13
01/11/2024 08:45,14.68,3835,5285,64,-0.75,9.87,1.14,7,458.53,-24.87,213.16,218,SW,4.12
01/11/2024 09:15,14.71,3783,5225,64,-0.16,9.91,0.96,5,457.8,-25.71,214.91,183,S,4.12
01/11/2024 09:45,14.64,3866,5332,65,0.12,9.94,0.32,1,456.55,-28.73,217.65,143,SE,4.12
01/11/2024 10:15,14.68,3887,5408,69,0.19,9.82,-1.45,7,454.15,-33.59,226.38,143,SE,4.12
01/11/2024 10:46,14.68,3868,5336,65,0.84,9.04,3.92,23,464.54,-27.27,203.45,80,E,4.12
01/11/2024 11:16,14.71,3872,5332,64,0.35,8.97,4.11,24,464.47,-23.64,204.36,78,E,4.12
01/11/2024 11:46,14.71,3860,5331,65,0.27,9.93,0.25,2,456.71,-31.47,217.52,100,E,4.12
01/11/2024 12:16,14.68,3859,5331,65,0.14,9.78,-1.64,9,453.71,-33.93,227.65,285,W,4.12
01/11/2024 12:46,14.64,3858,5314,64,0.06,9.92,0.35,2,456.54,-30.31,217.34,120,SE,4.12
01/11/2024 13:16,14.6,3743,5198,65,-0.21,9.92,-0.43,2,455.46,-32.75,220.75,293,NW,4.12
01/11/2024 13:47,14.54,3773,5237,66,-0.32,9.94,-0.15,2,456.03,-30.8,218.89,284,W,4.12
01/11/2024 14:17,14.52,3660,5090,65,-0.49,9.92,-0.33,5,455.89,-31.1,219.74,282,W,4.12
01/11/2024 14:47,14.48,573,803,10,-0.58,9.94,0.14,3,456.49,-31.12,217.01,257,W,4.12
01/11/2024 15:17,14.39,603,838,10,-0.27,9.91,0.64,3,457.18,-31.54,214.98,207,SW,4.12
01/11/2024 15:47,14.33,599,822,9,-0.3,9.86,1.08,6,458.45,-28.33,213.1,193,S,4.12
01/11/2024 16:17,14.33,548,747,8,-4.31,6.42,6.16,48,484.7,-13.18,195.26,339,N,4.12
01/11/2024 16:48,14.37,505,687,7,-7.43,4.75,4.74,61,493.85,4.41,212.29,335,NW,4.12
01/11/2024 17:18,14.41,507,690,7,-6.73,5.91,4.43,53,487.26,3.43,212.95,331,NW,4.12
01/11/2024 17:48,14.43,510,692,7,-3.75,8.91,2.39,26,467.89,-4.28,218.11,299,NW,4.12
01/11/2024 18:18,14.5,499,673,7,-0.21,9.87,0.84,5,457.52,-32.57,214.47,176,S,4.12
01/11/2024 18:48,14.52,520,696,7,-0.33,9.93,0.72,4,457.45,-29.96,214.54,200,S,4.11
01/11/2024 19:18,14.48,564,740,6,-0.39,9.91,0.76,4,457.71,-27.86,214.58,204,SW,4.12
01/11/2024 19:49,14.5,743,976,8,-0.36,9.93,0.81,4,457.82,-29.07,214.1,200,S,4.11
01/11/2024 20:19,14.56,1749,2395,27,-0.5,9.91,0.93,5,458.03,-25.54,214.42,208,SW,4.11
01/11/2024 20:49,14.62,623,817,7,-0.49,9.9,1.09,6,458.65,-25.76,213.45,203,SW,4.12
01/11/2024 21:19,14.6,2126,2927,35,-0.5,9.91,0.95,5,458.25,-23.68,215.16,207,SW,4.11
01/11/2024 21:49,14.58,3607,4998,62,-0.15,9.94,0.69,3,457.33,-24.16,217.48,185,S,4.11
01/11/2024 22:19,14.54,3694,5104,63,0.16,8.98,4.21,24,464.87,-23.37,204.45,96,E,4.11
01/11/2024 22:50,14.56,3757,5184,63,0.36,9.61,-2.38,13,453.17,-34.99,232.47,0,N,4.11
01/11/2024 23:20,14.58,3736,5147,62,1.01,9.33,-3.05,18,453.16,-37.2,237.41,5,N,4.11
01/11/2024 23:50,14.62,3856,5303,64,0.18,9.75,-1.89,10,453.92,-34.59,229.35,358,N,4.11
02/11/2024 00:20,14.58,3862,5311,64,0.02,9.86,-1.11,6,454.8,-32.6,224.88,318,NW,4.11
02/11/2024 00:50,14.52,3947,5432,65,0.03,9.94,-0.1,2,456.17,-32.83,219.64,177,S,4.11
02/11/2024 01:21,14.48,3649,5011,59,-0.26,9.9,-0.73,4,455.35,-33.34,223.05,316,NW,4.11
02/11/2024 01:51,14.44,3894,5359,65,-0.29,9.92,-0.49,3,455.48,-32.45,221.45,298,NW,4.11
02/11/2024 02:21,14.38,3936,5419,65,-0.32,9.91,-0.61,3,455.23,-31.22,221.63,312,NW,4.11
02/11/2024 02:51,14.33,3854,5305,64,-0.56,9.89,-0.49,5,456.09,-30.14,221.04,291,W,4.11
02/11/2024 03:21,14.27,3833,5275,63,-0.28,9.93,-0.25,5,456.1,-24.48,222.3,173,S,4.11
02/11/2024 03:51,14.27,3832,5273,63,-0.76,9.86,-0.55,7,456.31,-25.8,221.67,274,W,4.11
02/11/2024 04:22,14.21,3425,4719,57,-4.83,6.88,5.3,45,482.36,-5.72,202.93,331,NW,4.11
02/11/2024 04:52,14.21,3649,5030,61,-7.21,4.19,5.35,64,496.4,2.53,210.18,337,NW,4.11
02/11/2024 05:22,14.18,3695,5088,61,-7.31,4.94,4.7,59,491.81,4.69,215.12,334,NW,4.11
02/11/2024 05:52,14.25,3978,5481,66,-5.92,7.64,2.84,40,476.91,2.19,219.93,320,NW,4.11
02/11/2024 06:22,14.29,3830,5271,64,-0.46,9.66,-0.65,11,456.73,-25.08,223.47,223,SW,4.11
02/11/2024 06:52,14.31,3836,5277,63,-0.49,9.92,0.07,5,456.27,-30.07,218.4,243,SW,4.11
02/11/2024 07:23,14.31,3859,5324,65,-0.66,9.89,-0.2,5,456.52,-24.88,220.55,262,W,4.11
02/11/2024 07:53,14.31,3843,5289,64,-0.93,9.88,0.45,7,457.71,-25.88,216.87,260,W,4.11
02/11/2024 08:23,14.33,3829,5274,64,-0.77,9.93,0.3,4,457.18,-29.44,216.4,254,W,4.11
02/11/2024 08:53,14.37,2592,3578,43,-0.87,9.92,0.38,5,457.36,-28.79,215.92,256,W,4.1
02/11/2024 09:23,14.37,3801,5240,64,-0.63,9.91,0.3,4,457.28,-30.15,216.22,235,SW,4.11
02/11/2024 09:53,14.39,3847,5310,65,-0.14,9.9,0.52,4,457.39,-30.81,217.01,167,S,4.1
02/11/2024 10:24,14.33,3836,5287,64,0.04,9.88,0.08,5,456.39,-29.72,219.27,117,SE,4.11
02/11/2024 10:54,14.37,3848,5300,64,0.17,9.72,-1.53,10,454.16,-35.47,228.74,278,W,4.1
02/11/2024 11:24,14.43,3858,5315,64,0.38,9.64,-2.06,11,453.87,-35.29,232.57,81,E,4.11
02/11/2024 11:54,14.43,3848,5295,64,-0.09,9.06,3.76,22,464.67,-22.45,205.72,105,E,4.1
02/11/2024 12:24,14.47,3849,5295,64,0.05,8.68,4.52,27,466.08,-23.04,204.06,73,E,4.1
02/11/2024 12:55,14.42,3840,5286,64,0.31,9.79,-1.34,8,454.39,-35.11,226.99,142,SE,4.1
02/11/2024 13:25,14.35,3776,5198,63,-0.65,9.85,-0.57,8,455.86,-29.66,222.18,293,NW,4.1
02/11/2024 13:55,14.33,3794,5224,63,-0.56,9.5,-0.24,15,457.93,-25.97,222.25,256,W,4.1
02/11/2024 14:25,14.27,3783,5210,63,0.53,9.57,-0.88,14,456.25,-25.94,229.03,149,SE,4.1
02/11/2024 14:55,14.23,3796,5230,63,-0.24,9.46,0.17,14,458.02,-27.2,221.07,238,SW,4.1
02/11/2024 15:25,14.21,3782,5210,63,-0.87,9.08,0.44,20,460.32,-21.62,221.65,219,SW,4.1
02/11/2024 15:56,14.21,3807,5239,63,-0.82,9.69,-0.25,11,457.72,-21.71,223.24,242,SW,4.1
02/11/2024 16:26,14.14,3051,4203,51,-5.33,6.07,5.78,51,486.21,-3.7,204.28,335,NW,4.1
02/11/2024 16:56,14.14,4361,6018,74,-7.11,2.46,6.27,75,498.74,3.54,214.15,340,N,4.1
02/11/2024 17:26,14.08,4089,5630,68,-6.81,1.7,6.67,79,501.39,3.01,212.95,342,N,4.1
02/11/2024 17:56,14.1,3894,5357,64,-6.69,4.38,5.57,62,494.76,1.17,209.44,337,N,4.1
02/11/2024 18:26,14.12,3620,5044,65,-1.8,7.7,5.35,36,474.81,-21.97,197.7,219,SW,4.1
02/11/2024 18:57,14.18,3860,5302,63,-0.91,9.08,1.83,20,461.76,-25.72,213.38,211,SW,4.1
02/11/2024 19:27,14.19,3884,5335,63,-1.06,9.03,0.36,23,460.59,-22.45,222.26,243,SW,4.1
02/11/2024 19:57,14.21,3893,5354,64,-1.14,9.57,1.67,14,460.62,-25.71,212.61,253,W,4.1
02/11/2024 20:27,14.18,3941,5412,64,-0.98,9.64,1.41,12,460.31,-26.43,213.48,247,W,4.1
02/11/2024 20:57,14.18,3938,5408,64,-0.78,9.7,1.57,10,459.8,-29.65,212.69,241,SW,4.1
02/11/2024 21:27,14.21,3950,5420,64,-0.93,9.25,1.41,18,460.81,-28.28,214.51,235,SW,4.1
02/11/2024 21:58,14.21,3951,5422,64,0.55,9.13,3.15,21,463.39,-28.97,207.07,121,SE,4.1
02/11/2024 22:28,14.21,3975,5455,65,-0.31,9.46,0.61,14,458.55,-30.23,220.06,215,SW,4.1
02/11/2024 22:58,14.25,3970,5449,65,0.29,9.49,-2.74,15,452.81,-35.81,237.09,159,S,4.1
02/11/2024 23:28,14.25,3938,5406,64,0.06,9.12,1.28,19,460.58,-30.02,217.84,156,SE,4.1
02/11/2024 23:58,14.31,3854,5287,63,0.91,9.36,-1.87,18,455.15,-35.91,232.58,41,NE,4.1
03/11/2024 00:29,14.33,3935,5403,64,-0.15,9.69,0.06,9,457.12,-28.38,221.46,198,S,4.1
03/11/2024 00:59,14.29,3944,5414,64,0.14,9.49,-0.71,13,456.11,-32.73,226.15,111,E,4.1
03/11/2024 01:29,14.17,3954,5427,64,0.43,9.39,2.17,16,461.46,-30.96,210.84,146,SE,4.1
03/11/2024 01:59,14.08,3942,5413,64,-0.29,9.61,-0.29,12,456.65,-30.11,224.74,292,NW,4.1
03/11/2024 02:29,14.02,3958,5433,64,-1.2,9.76,-0.19,12,457.35,-27.96,220.65,296,NW,4.1
03/11/2024 02:59,14.02,3964,5443,65,-1.08,9.81,-0.81,9,455.48,-31.34,223.64,304,NW,4.1
03/11/2024 03:30,13.98,3953,5427,65,-0.77,9.83,-1.02,8,455.08,-30.81,224.81,315,NW,4.1
03/11/2024 04:00,13.96,3932,5401,64,-0.82,9.49,0.82,13,459.53,-27.38,218.14,241,SW,4.1
03/11/2024 04:30,13.9,3975,5460,65,-2.43,9.08,2.12,23,465.03,-20.38,209.69,267,W,4.1
03/11/2024 05:00,13.89,4563,6302,77,-1.85,5.93,7.52,52,485.74,-18.67,193.59,300,NW,4.09
03/11/2024 05:30,13.87,4373,6024,73,-3.43,4.45,8,62,495.34,-15.72,193.09,350,N,4.1
03/11/2024 06:00,13.87,4246,5836,70,-2.69,5.6,7.64,54,488.29,-15.18,194.36,351,N,4.09
03/11/2024 06:31,13.91,4640,6414,79,-1.08,8.78,4.12,26,468.59,-26.03,201.36,212,SW,4.09
03/11/2024 07:01,13.93,3981,5470,65,-0.49,9.44,-0.47,16,456.91,-29.36,222.8,173,S,4.09
03/11/2024 07:31,13.94,3941,5413,65,-0.72,9.92,-0.03,7,456.5,-31.96,220.43,289,W,4.09
03/11/2024 08:01,14,3986,5478,65,-0.75,9.64,1.42,13,459.93,-30.55,214.26,231,SW,4.09
03/11/2024 08:31,14,3967,5450,65,-1.51,9.59,1.21,13,460.17,-26.85,212.55,257,W,4.09
03/11/2024 09:01,14,4481,6196,77,0.73,9.76,1.74,11,460.41,-42.74,212.76,132,SE,4.09
03/11/2024 09:32,14.06,6190,8813,126,-1.3,9.66,1.94,13,461.8,-26.77,209.96,242,SW,4.09
03/11/2024 10:02,14.03,7999,11361,161,-0.77,9.72,1.55,9,460.49,-24,214.13,228,SW,4.09
03/11/2024 10:32,14.02,3981,5470,65,-0.43,9.63,2.33,13,461.74,-23.74,211.81,166,S,4.09
03/11/2024 11:02,14.08,3993,5483,65,0.47,9.08,3.82,22,465.32,-27.6,204.47,108,E,4.09
03/11/2024 11:32,14.12,3990,5481,65,-0.15,9.42,1.55,15,460.78,-25.7,216,158,S,4.09
03/11/2024 12:02,14.18,3995,5489,65,0.49,9.62,-2.38,13,453.64,-33.74,234.79,19,N,4.09
03/11/2024 12:33,14.25,3990,5482,65,0.49,9.27,1.25,18,460.3,-30.99,217.58,202,S,4.09
03/11/2024 13:03,14.21,3994,5484,65,0.15,9.12,3.25,19,463.65,-26.25,207.37,107,E,4.09
03/11/2024 13:33,14.14,3985,5475,65,-0.13,9.75,1.26,11,459.42,-26.87,216.08,159,S,4.09
03/11/2024 14:03,14.08,3984,5472,65,-0.02,9.66,-0.18,10,456.95,-29.51,223.17,182,S,4.09
03/11/2024 14:33,14.04,3985,5473,65,-0.52,9.59,0.89,13,459.1,-28.85,217.84,225,SW,4.09
03/11/2024 15:04,13.98,4077,5618,68,-0.51,9.82,0.22,7,457.28,-31.58,220.98,263,W,4.09
03/11/2024 15:34,13.96,3959,5437,65,-1.23,9.7,0.06,12,457.65,-29.61,220.32,283,W,4.09
03/11/2024 16:04,13.89,3953,5430,65,-1.1,9.92,0.03,12,457.54,-30.7,220.77,269,W,4.09
03/11/2024 16:34,13.89,3949,5425,65,-0.82,9.33,0.64,15,460,-24.68,217.51,251,W,4.09
03/11/2024 17:04,13.83,4084,5614,67,-1.79,8.48,4.34,30,470.58,-22.31,200.87,277,W,4.09
03/11/2024 17:34,13.83,4123,5646,66,-2.11,5.59,7.74,54,487.61,-17.14,193.77,299,NW,4.09
03/11/2024 18:05,13.81,4239,5814,69,-2.58,5.7,7.53,54,487.64,-16.27,193.93,297,NW,4.09
03/11/2024 18:35,13.85,3207,4460,57,-2.72,8.38,4.2,31,471.66,-18.57,201.57,296,NW,4.09
03/11/2024 19:05,13.87,4048,5573,67,-0.72,9.67,0.05,10,456.74,-31.8,221.51,257,W,4.09
03/11/2024 19:35,13.83,3883,5332,63,-1.67,9.31,1.26,18,461.83,-23.7,214.35,277,W,4.09
03/11/2024 20:05,13.83,3957,5432,64,-0.37,9.77,0.99,10,458.79,-36.55,216.59,213,SW,4.09
03/11/2024 20:35,13.87,3951,5426,65,-1.16,9.75,1.31,11,460.39,-23.97,214.25,256,W,4.09
03/11/2024 21:06,13.87,3974,5458,65,-1.06,9.7,1.1,12,459.63,-26.41,215.12,257,W,4.09
03/11/2024 21:36,13.88,3966,5447,65,-1.38,9.69,1.08,12,460.18,-24.73,215.32,266,W,4.09
03/11/2024 22:06,13.93,3956,5436,65,-0.94,9.92,0.41,7,457.87,-29.32,217.27,264,W,4.09
03/11/2024 22:36,13.93,3968,5452,65,-0.35,9.84,1.04,7,458.92,-27.03,216.31,178,S,4.09
03/11/2024 23:06,13.92,3939,5423,65,-0.48,9.61,1.33,10,460.03,-26.4,216.01,227,SW,4.09
03/11/2024 23:36,13.95,3963,5449,65,0.67,8.82,4.36,26,466.26,-26.45,203.33,70,E,4.09
04/11/2024 00:07,14,4022,5538,67,0.51,9.73,-1.45,10,454.87,-36.33,228.99,125,SE,4.09
04/11/2024 00:37,14.08,3979,5466,65,0.19,9.87,-0.95,5,454.89,-32.86,227.83,112,SE,4.09
04/11/2024 01:07,14.1,3975,5460,65,-0.07,9.17,3.6,21,464.5,-25.18,206.12,125,SE,4.09
04/11/2024 01:37,14.08,4008,5512,66,-0.01,9.19,3.65,21,464.41,-24.79,205.97,125,SE,4.09
04/11/2024 02:07,13.98,4003,5501,66,-0.34,9.96,0.24,4,457.18,-29.22,220.05,257,W,4.09
04/11/2024 02:38,13.92,4029,5537,66,-0.53,9.92,-0.08,5,456.91,-30.64,221.27,287,W,4.09
04/11/2024 03:08,13.85,3963,5446,65,-0.52,9.88,-0.72,6,455.98,-32.99,223.28,319,NW,4.09
04/11/2024 03:38,13.79,3790,5222,63,-0.88,9.79,-0.46,8,456.83,-29.75,222.34,296,NW,4.09
04/11/2024 04:08,13.77,3981,5468,65,-0.97,9.84,-0.46,8,456.54,-30.21,221.78,295,NW,4.09
04/11/2024 04:38,13.73,3971,5455,65,-1.18,9.8,0.85,9,459.19,-25.48,216.63,264,W,4.09
04/11/2024 05:08,13.71,3958,5437,65,-1.67,9.66,0.38,13,459.09,-26.48,216.51,278,W,4.08
04/11/2024 05:39,13.71,4173,5744,69,-2.45,7.53,5.78,39,477.95,-16.28,198,340,N,4.09
04/11/2024 06:09,13.68,5326,7432,96,-2.53,6.87,6.63,45,482.36,-17.15,195.22,328,NW,4.08
04/11/2024 06:39,13.73,4948,6931,92,-2.5,8.49,4.39,30,471.21,-21.93,200.21,315,NW,4.08
04/11/2024 07:09,13.77,3909,5371,64,-0.59,9.49,0.25,15,459.49,-27.48,220.64,238,SW,4.08
04/11/2024 07:39,13.77,3951,5431,65,-1.79,9.36,2.07,17,463.5,-17.79,212.67,278,W,4.08
04/11/2024 08:09,13.77,3961,5446,65,-1.73,9.47,1.18,19,461.79,-23.44,215.24,248,W,4.08
04/11/2024 08:40,13.77,4002,5520,67,-1.35,9.85,0.09,9,457.34,-29.88,218.27,283,W,4.08
04/11/2024 09:10,13.79,3996,5508,67,-0.89,9.83,0.64,9,458.95,-25.08,217.78,250,W,4.09
04/11/2024 09:40,13.85,4000,5506,66,-1.35,9.8,1.34,10,460.18,-28.36,211.78,243,SW,4.08
04/11/2024 10:10,13.87,3996,5497,66,-1.04,9.83,0.98,9,459.95,-23.79,216.46,255,W,4.08
04/11/2024 10:40,13.89,4004,5507,66,-1.16,9.86,1.25,10,460.19,-24.66,214.87,249,W,4.09
04/11/2024 11:10,13.88,4035,5551,67,-0.3,9.45,2.34,16,461.98,-23.52,212.83,197,S,4.08
04/11/2024 11:41,13.91,4012,5523,66,0.17,9.77,-0.5,9,456.74,-32.62,224.43,132,SE,4.08
04/11/2024 12:11,13.93,4066,5610,68,0.41,9,2.43,22,462.91,-28.55,212.17,103,E,4.09
04/11/2024 12:41,13.93,4014,5526,67,0.25,9.45,-0.1,15,457.92,-29.94,224.33,135,SE,4.08
04/11/2024 13:11,14.04,4034,5553,67,-0.47,9.57,1.8,12,461.24,-24.08,213.72,220,SW,4.08
04/11/2024 13:41,14.04,4018,5528,67,-0.29,9.84,-0.79,7,455.98,-33.7,224.65,273,W,4.08
04/11/2024 14:12,13.96,4018,5533,67,-0.34,9.94,-0.27,3,456.45,-32.21,222.68,293,NW,4.08
04/11/2024 14:42,13.96,4183,5767,70,-0.34,9.92,-0.46,6,456.35,-31,223.67,293,NW,4.08
04/11/2024 15:12,13.9,3998,5500,66,-0.82,9.77,-0.97,10,456.01,-29.42,224.55,291,W,4.08
04/11/2024 15:42,13.83,4243,5850,71,-0.89,9.87,-0.39,8,456.87,-31.25,220.82,295,NW,4.08
04/11/2024 16:12,13.77,4003,5501,66,-0.69,9.69,-0.9,11,456.15,-30.7,225.48,243,SW,4.08
04/11/2024 16:42,13.71,3968,5450,65,-1.56,9.44,1.04,16,461,-24.16,215.11,254,W,4.08
04/11/2024 17:13,13.71,3992,5486,65,-0.9,9.64,0.55,11,458.47,-27.47,218.31,260,W,4.08
04/11/2024 17:43,13.68,4055,5572,67,-2.08,7.61,5.89,39,477.47,-17.91,197.75,307,NW,4.08
04/11/2024 18:13,13.68,4122,5673,68,-3.33,5.9,7.19,52,487.81,-14.01,195.14,346,N,4.08
04/11/2024 18:43,13.68,4182,5755,69,-1.76,7,6.61,44,480.56,-18.74,195.39,297,NW,4.08
04/11/2024 19:13,13.75,4295,5916,72,-2.05,9.2,2.82,21,465.44,-22.21,207.39,287,W,4.08
04/11/2024 19:43,13.75,4108,5651,68,-1,9.63,1.17,14,460.45,-25.28,215.3,227,SW,4.08
04/11/2024 20:14,13.77,4038,5555,67,-0.71,9.8,0.56,8,458.4,-29.05,217.26,252,W,4.08
04/11/2024 20:44,13.71,4024,5531,66,-0.71,9.92,0.6,6,458.28,-28.17,217.55,226,SW,4.08
04/11/2024 21:14,13.68,4032,5541,66,-0.63,9.95,0.38,5,458.08,-31.23,217,250,W,4.08
04/11/2024 21:44,13.73,4024,5536,67,-1.01,9.83,0.55,7,458.52,-28.53,216.36,260,W,4.08
04/11/2024 22:14,13.79,3958,5441,65,-0.88,9.91,0.67,7,458.76,-28.5,216.36,258,W,4.08
04/11/2024 22:44,13.81,4058,5578,67,-0.85,9.82,0.97,8,459.31,-27.37,215.52,245,SW,4.08
04/11/2024 23:15,13.81,4080,5609,67,-0.2,9.82,0.15,6,457.57,-29.01,221.21,192,S,4.08
04/11/2024 23:45,13.77,4036,5546,66,-0.13,9.9,0.15,4,457.1,-29.93,220.28,156,SE,4.08
05/11/2024 00:15,13.81,4036,5547,66,0.19,9.23,3.56,20,464.59,-26.49,205.52,120,SE,4.08
05/11/2024 00:45,13.87,4019,5524,66,-0.08,9.86,0.02,8,457.16,-28.24,222.96,162,S,4.08
05/11/2024 01:15,13.94,4041,5555,66,-0.11,9.17,1.65,19,461.75,-27.2,217.24,108,E,4.08
05/11/2024 01:46,13.98,4135,5691,68,-0.24,9.91,0.1,5,457.43,-30.85,220.88,224,SW,4.08
05/11/2024 02:16,13.96,4123,5678,69,-0.22,9.66,1.28,9,459.93,-27.32,216.28,164,S,4.08
05/11/2024 02:46,13.89,4267,5894,72,-0.35,9.92,-0.18,6,456.72,-32.46,221.66,276,W,4.08
05/11/2024 03:16,13.85,4109,5651,68,-0.64,9.58,-1.83,13,454.97,-31.36,229.28,331,NW,4.08
05/11/2024 03:46,13.79,4059,5584,67,-0.3,9.89,-0.56,6,456.27,-33.04,223,295,NW,4.08
05/11/2024 04:16,13.73,4254,5867,71,-0.31,9.92,-0.43,5,456.38,-33.38,222.53,292,NW,4.08
05/11/2024 04:47,13.62,4333,5985,74,-0.5,9.92,0,4,457.25,-32.1,219.81,284,W,4.08
05/11/2024 05:17,13.58,4406,6088,75,-0.64,9.88,-0.26,6,457.28,-30.5,220.73,236,SW,4.08
05/11/2024 05:47,13.56,4077,5617,68,-0.89,9.86,-0.78,9,456.67,-31.1,223.48,302,NW,4.08
05/11/2024 06:17,13.56,4328,5976,73,-1.88,9.15,3.45,22,467.23,-19.53,205.62,277,W,4.08
05/11/2024 06:47,13.56,4389,6065,75,-1.84,9.23,3.17,21,466.06,-23.39,205.33,258,W,4.08
05/11/2024 07:17,13.62,4192,5791,71,-0.96,9.71,0.17,10,458.57,-27.77,219.49,279,W,4.08
05/11/2024 07:48,13.68,4125,5689,69,-0.84,9.93,0.28,7,457.92,-28.44,219.37,277,W,4.08
05/11/2024 08:18,13.64,4302,5939,73,-0.88,9.89,0.32,6,458.15,-28.89,218.84,251,W,4.08
05/11/2024 08:48,13.64,1281,1774,21,-0.51,9.93,0.19,5,457.72,-29.99,219.26,262,W,4.08
05/11/2024 09:18,13.65,2699,3791,50,-0.7,9.91,0.53,5,458.29,-27.36,217.94,247,W,4.08
05/11/2024 09:48,13.68,2043,2931,43,-0.73,9.93,-0.04,6,457.9,-29.53,218.55,260,W,4.08
05/11/2024 10:18,13.76,2480,3628,58,-0.66,9.95,0.73,5,458.4,-29.84,215.35,223,SW,4.08
05/11/2024 10:49,13.81,2836,4158,68,-0.66,9.96,0.9,6,459.42,-27.06,215.85,221,SW,4.08
05/11/2024 11:19,13.83,2618,3813,60,-0.28,9.88,0.98,6,458.96,-27.12,216.54,180,S,4.08
05/11/2024 11:49,13.79,2770,4055,66,-0.15,9.93,1,5,458.72,-27.88,215.26,180,S,4.08
05/11/2024 12:19,13.81,2165,3122,47,-0.08,9.45,1.5,17,460.86,-26.56,215.76,141,SE,4.08
05/11/2024 12:49,13.87,4014,5538,68,0.67,8.89,4.15,25,466.19,-28.47,203.15,82,E,4.08
05/11/2024 13:20,13.89,3988,5509,68,-0.1,9.87,-0.34,7,456.79,-29.09,223.57,162,S,4.08
05/11/2024 13:50,13.98,1551,2142,26,-0.47,9.57,2.43,14,462.25,-23.75,210.6,194,S,4.08
05/11/2024 14:20,14,3979,5489,67,-0.26,9.48,2.35,15,462.34,-24.64,211.95,176,S,4.08
05/11/2024 14:50,13.96,2299,3244,44,-0.2,9.96,0.55,3,458.05,-27.38,218.21,215,SW,4.08
05/11/2024 15:20,13.89,2265,3237,47,-0.33,9.92,-0.54,6,456.49,-27.78,225.07,309,NW,4.08
05/11/2024 15:50,13.85,2805,4114,67,-0.38,9.95,0.31,3,458.1,-25.78,219.88,256,W,4.08
05/11/2024 16:21,13.83,4136,6064,99,-0.48,9.95,-0.07,4,457.37,-26.19,221.7,283,W,4.08
05/11/2024 16:51,13.77,7796,11753,217,-0.73,9.92,0.66,5,458.83,-24.69,217.73,240,SW,4.08
05/11/2024 17:21,13.73,9115,13582,239,-0.67,9.93,0.93,6,459.19,-22.7,217.33,219,SW,4.08
05/11/2024 17:51,13.75,12756,18102,272,-0.54,9.95,0.51,3,458.01,-25.33,218.6,232,SW,4.07
05/11/2024 18:21,13.75,2882,4078,56,-1.89,9.46,2.58,18,464.67,-18.08,210.03,260,W,4.07
05/11/2024 18:51,13.75,4574,6326,78,-2.69,8.2,4.91,33,474.07,-16.37,200.93,325,NW,4.08
05/11/2024 19:22,13.75,4025,5837,91,-1.45,9.17,3.57,22,466.89,-19.44,206.28,262,W,4.08
05/11/2024 19:52,13.78,12096,18369,349,-0.7,9.86,1.3,8,460.03,-22.48,215.69,215,SW,4.08
05/11/2024 20:22,13.77,12121,18306,340,-0.61,9.93,0.83,5,458.95,-25.69,216.8,224,SW,4.08
05/11/2024 20:52,13.73,9346,13950,247,-0.63,9.95,0.76,5,458.78,-23.95,217.92,223,SW,4.07
05/11/2024 21:22,13.75,8238,12249,213,-0.62,9.94,0.75,5,458.76,-23.09,218.43,225,SW,4.08
05/11/2024 21:52,13.73,7961,11815,204,-0.64,9.91,1.08,6,459.56,-23.21,216.52,214,SW,4.07
05/11/2024 22:23,13.79,7232,10738,186,-0.74,9.87,1.3,8,460.22,-22.59,215.66,218,SW,4.08
05/11/2024 22:53,13.87,7089,10482,178,-0.7,9.89,1.32,8,459.81,-22.63,215.69,213,SW,4.07
05/11/2024 23:23,13.92,7211,10698,185,-0.56,9.9,1.21,7,459.59,-23.44,216.02,207,SW,4.08
05/11/2024 23:53,13.9,5602,8202,134,-0.47,9.86,1.21,7,459.67,-24.78,216.01,200,S,4.07
06/11/2024 00:23,13.85,3615,5184,77,0.22,9.1,3.83,22,465.33,-26.71,204.87,116,SE,4.08
06/11/2024 00:54,13.87,4070,5599,67,-0.4,9.66,2.38,13,461.92,-24.46,210.08,183,S,4.08
06/11/2024 01:24,13.89,2235,3180,45,-0.13,9.83,0.59,8,458.53,-29.21,218.12,194,S,4.07
06/11/2024 01:54,13.93,2273,3273,49,-0.09,9.99,0.24,1,457.29,-28.61,218.75,200,S,4.07
06/11/2024 02:24,13.93,3147,4443,61,-0.42,9.74,1.65,10,460.59,-24.52,213.59,210,SW,4.07
06/11/2024 02:54,13.92,3290,4800,77,-0.55,9.87,1.13,6,459.61,-23.63,216.32,215,SW,4.07
06/11/2024 03:24,13.89,5109,7545,128,-0.33,9.98,-0.1,2,457.39,-26.02,222.05,287,W,4.07
06/11/2024 03:55,13.81,7079,10483,180,-0.4,9.97,0.03,3,457.4,-25.59,221.29,272,W,4.07
06/11/2024 04:25,13.75,9892,13402,160,-0.54,9.93,0.32,4,458.15,-24.43,220.19,268,W,4.07
06/11/2024 04:55,13.67,15400,20250,254,-0.44,9.97,0.35,2,458.02,-25.33,219.78,233,SW,4.07
06/11/2024 05:25,13.6,31312,37889,274,-0.76,9.93,1.01,6,459.69,-22.83,216.8,221,SW,4.07
06/11/2024 05:55,13.58,15764,23799,443,-0.69,9.94,0.78,5,458.95,-23.28,217.62,227,SW,4.07
06/11/2024 06:25,13.62,8798,13116,231,-0.61,9.92,0.76,5,458.9,-24.09,217.93,236,SW,4.07
06/11/2024 06:56,13.62,7758,11501,198,-0.66,9.92,0.53,5,458.56,-23.85,218.79,252,W,4.07
06/11/2024 07:26,13.66,8199,12153,209,-0.67,9.93,0.93,6,459.26,-23.15,216.73,220,SW,4.07
06/11/2024 07:56,13.68,7343,10853,185,-0.48,9.95,0.72,4,458.72,-24.58,217.99,218,SW,4.07
06/11/2024 08:26,13.64,7254,10672,178,-0.68,9.96,0.72,5,458.73,-24.32,217.9,229,SW,4.07
06/11/2024 08:56,13.64,6897,10125,167,-0.57,9.96,0.7,4,458.84,-24.21,218.07,221,SW,4.07
06/11/2024 09:26,13.62,7751,11410,190,-0.72,9.94,0.96,6,459.43,-23.06,216.92,221,SW,4.07
06/11/2024 09:57,13.68,6730,9851,160,-0.6,9.94,0.84,5,459.07,-24.76,217.02,217,SW,4.07
06/11/2024 10:27,13.75,7071,10367,170,-0.69,9.93,1.02,6,459.73,-23.28,216.44,218,SW,4.07
06/11/2024 10:57,13.79,7241,10623,175,-0.77,9.9,1.16,7,459.89,-22.9,216.08,218,SW,4.07
06/11/2024 11:27,13.81,6740,9866,161,-0.64,9.91,1.09,6,459.72,-23.39,216.56,213,SW,4.07
06/11/2024 11:57,13.83,6246,9131,148,-0.79,9.81,1.56,9,461.06,-22.68,214.56,217,SW,4.07
06/11/2024 12:27,13.81,4899,7099,110,-0.07,9.97,0.55,2,458.06,-28.72,218.29,174,S,4.07
06/11/2024 12:58,13.81,4021,5831,91,0.22,8.96,4.31,25,466.19,-25.11,203.92,59,NE,4.07
06/11/2024 13:28,13.87,8196,12331,226,-0.49,9.96,0.22,3,457.86,-25.89,219.58,258,W,4.07
06/11/2024 13:58,13.89,4777,6999,114,-0.53,9.79,1.33,9,460.14,-25.02,215.33,226,SW,4.07
06/11/2024 14:28,13.92,6203,9115,151,-0.04,9.99,0.31,2,457.71,-27.99,219.35,124,SE,4.07
06/11/2024 14:58,13.93,8013,11819,200,-0.32,9.92,-0.21,5,457.25,-26.48,222.6,257,W,4.07
06/11/2024 15:29,13.89,8987,12742,187,-0.39,9.97,-0.41,3,456.71,-26.66,223.44,310,NW,4.07
06/11/2024 15:59,13.85,9867,12620,117,-0.13,9.97,-0.32,2,456.52,-28.95,223.25,309,NW,4.07
06/11/2024 16:29,13.77,14722,21091,333,-0.45,9.96,0.2,3,457.65,-26.02,220.07,266,W,4.07
06/11/2024 16:59,13.71,13742,20914,401,-0.49,9.95,0.53,4,458.54,-24.83,218.77,239,SW,4.07
06/11/2024 17:29,13.71,8296,12367,218,-0.9,9.88,0.86,7,459.5,-22.18,218.07,251,W,4.07
06/11/2024 17:59,13.64,9962,14909,267,-0.87,9.93,0.74,6,459.15,-24.08,217.13,240,SW,4.07
06/11/2024 18:30,13.64,6447,9485,158,-0.71,9.85,0.27,6,458.29,-27.14,219.61,237,SW,4.07
06/11/2024 19:00,13.64,4528,6251,77,-1.94,9.49,2.34,18,464.27,-21.71,209.46,257,W,4.07
06/11/2024 19:30,13.64,4684,6476,80,-1.91,9.12,3.24,22,467.22,-21.46,205.55,276,W,4.07
06/11/2024 20:00,13.69,4436,6114,74,-1.63,9.27,2.94,19,465.55,-22.12,207.13,271,W,4.07
06/11/2024 20:30,13.75,4173,5758,70,-0.79,9.78,-0.08,8,457.69,-30.31,220.72,269,W,4.07
06/11/2024 21:00,13.75,2558,3488,40,-0.96,9.77,0.81,9,458.78,-30.36,215.39,245,SW,4.07
06/11/2024 21:31,13.67,2125,2884,32,-1.01,9.88,0.76,8,459.13,-28.22,215.44,250,W,4.07
06/11/2024 22:01,13.6,4626,6402,80,-0.84,9.99,0.26,8,458.16,-29.52,218.82,270,W,4.07
06/11/2024 22:31,13.58,2546,3570,47,-0.66,9.94,0.44,4,458.35,-31.21,216.89,248,W,4.07
06/11/2024 23:01,13.62,2486,3604,56,-0.87,9.89,0.54,6,458.73,-29.5,216.97,257,W,4.07
06/11/2024 23:31,13.62,3981,5813,93,-0.9,9.84,0.61,8,458.9,-27.32,217.48,269,W,4.07
07/11/2024 00:01,13.64,5429,7990,133,-0.65,9.91,0.8,5,459.34,-27.15,216.31,231,SW,4.07
07/11/2024 00:32,13.62,4940,7233,118,-0.57,9.83,1.08,7,459.79,-25.54,216.72,214,SW,4.07
07/11/2024 01:02,13.62,2467,3387,40,-0.1,9.9,-0.38,5,457.07,-30.6,223.28,234,SW,4.07
07/11/2024 01:32,13.7,2844,3918,47,-0.3,9.91,0.17,4,457.44,-30.35,219.76,256,W,4.07
07/11/2024 02:02,13.75,4114,5668,69,-0.23,9.94,0.22,6,457.94,-28.48,221.39,193,S,4.07
07/11/2024 02:32,13.81,3196,4378,51,0.36,8.95,4.14,24,466.37,-27.46,203.33,106,E,4.07
07/11/2024 03:03,13.87,4062,5596,68,-0.08,9.85,0.55,8,458.8,-27.46,219.07,246,SW,4.07
07/11/2024 03:33,13.88,4051,5580,68,-0.8,9.9,-0.2,7,456.51,-36.23,224.6,255,W,4.07
07/11/2024 04:03,13.83,4156,5728,69,-0.36,9.42,1.21,16,460.83,-36.65,217.18,209,SW,4.07
07/11/2024 04:33,13.77,4019,5535,67,-0.41,9.94,0.14,4,457.19,-35.09,219.86,268,W,4.07
07/11/2024 05:03,13.71,4061,5583,67,-0.48,9.78,1.24,10,459.98,-35.65,215.17,212,SW,4.07
07/11/2024 05:33,13.62,3791,5224,63,-1.03,9.85,0.27,9,458.48,-29.61,216.84,254,W,4.07
07/11/2024 06:04,13.58,4142,5706,69,-0.82,9.7,0.51,9,459.42,-28.13,217.87,271,W,4.07
07/11/2024 06:34,13.56,4078,5607,67,-0.89,9.89,0.85,7,459.21,-29.06,215.05,239,SW,4.07
07/11/2024 07:04,13.56,4057,5595,68,-0.91,9.86,0.43,9,459.07,-26.54,218.33,262,W,4.07
07/11/2024 07:34,13.58,4096,5643,68,-0.65,9.93,-0.02,7,458.03,-24.09,222.14,199,S,4.07
07/11/2024 08:04,13.62,7827,10992,148,-0.95,9.69,1.22,10,460.36,-26.23,215.29,236,SW,4.07
07/11/2024 08:34,13.68,4017,5521,66,-1.32,9.64,0.61,14,460.14,-24.1,217.81,278,W,4.07
07/11/2024 09:05,13.68,4074,5606,67,-1.27,9.56,1.29,13,461.22,-21.53,216.38,278,W,4.07
07/11/2024 09:35,13.64,5788,8129,109,-1.65,9.41,1.27,17,462.23,-21.3,215.28,282,W,4.07
07/11/2024 10:05,13.58,4007,5522,67,-0.49,9.95,0.65,4,458.76,-30.55,216.31,221,SW,4.07
07/11/2024 10:35,13.56,3981,5479,66,-1.79,9.43,1.76,17,463.38,-23.63,211.33,276,W,4.07
07/11/2024 11:05,13.56,3988,5488,66,-1.04,9.6,1.06,14,460.97,-26.34,215.1,238,SW,4.07
07/11/2024 11:35,13.56,4179,5763,70,-1.5,9.15,1.86,21,464.16,-23.08,210.58,260,W,4.07
07/11/2024 12:06,13.56,3990,5489,66,-0.75,9.18,2.79,20,464.53,-25.12,208.66,203,SW,4.07
07/11/2024 12:36,13.56,3999,5501,66,-0.32,9.68,0.65,8,459.29,-29.96,218.13,189,S,4.07
07/11/2024 13:06,13.6,4040,5560,67,-0.56,9.06,1.64,21,462.52,-23.35,217.21,217,SW,4.07
07/11/2024 13:36,13.66,4016,5524,66,0.1,9.62,0.39,12,459.08,-30.48,221.11,117,SE,4.07
07/11/2024 14:06,13.68,4038,5554,67,-0.27,9.49,1.81,15,461.47,-26.43,214.36,185,S,4.07
07/11/2024 14:37,13.71,4238,5874,73,0.5,9.51,2.25,14,462.21,-32.64,209.72,130,SE,4.07
07/11/2024 15:07,13.73,4107,5660,69,-0.04,9.45,2.67,16,463.08,-24.86,210.11,151,SE,4.07
07/11/2024 15:37,13.77,4168,5738,69,-0.12,9.8,-0.44,8,457.32,-27.89,224.84,196,S,4.07
07/11/2024 16:07,13.77,4196,5783,70,-0.58,9.84,0.25,8,458.71,-25.96,221.14,219,SW,4.07
07/11/2024 16:37,13.62,4239,5848,71,-0.63,9.92,0.02,9,458.42,-27.05,220.8,218,SW,4.07
07/11/2024 17:07,13.46,4492,6211,77,-0.26,9.93,-0.78,5,455.89,-33.29,225.13,220,SW,4.07
07/11/2024 17:38,13.36,4474,6183,76,-0.43,9.88,-0.31,6,457.33,-32.15,221.72,270,W,4.07
07/11/2024 18:08,13.33,4209,5803,71,-1.04,9.92,0,7,457.79,-29.92,219.41,278,W,4.07
07/11/2024 18:38,13.31,4396,6073,75,-0.85,9.81,1.11,8,460.16,-26.32,215.99,254,W,4.07
07/11/2024 19:08,13.27,4266,5897,73,-1,9.79,0.28,8,459.09,-25.73,218.64,286,W,4.07
07/11/2024 19:38,13.27,4235,5848,72,-1.33,9.99,1.27,12,460.57,-27.7,213.33,241,SW,4.07
07/11/2024 20:08,13.27,4054,5573,67,-1.16,10.07,0.37,9,459.09,-26.8,218,275,W,4.07
07/11/2024 20:39,13.35,4259,5867,71,-0.8,9.84,0.32,8,458.51,-28.13,219.02,275,W,4.07
07/11/2024 21:09,13.41,4030,5538,66,-0.82,9.61,0.33,13,459.61,-22.49,221.65,207,SW,4.07
07/11/2024 21:39,13.43,4065,5589,67,-1.31,9.56,0.49,15,459.31,-27.37,218.21,257,W,4.07
07/11/2024 22:09,13.46,3997,5493,66,-1.26,9.64,0.61,13,460.42,-24.81,217.04,292,W,4.07
07/11/2024 22:39,13.39,3985,5474,65,-1.2,9.7,0.83,10,460.04,-26.51,216.44,266,W,4.07
07/11/2024 23:09,13.39,4054,5579,67,-1.16,9.68,1.51,11,461.29,-24.48,214.08,237,SW,4.07
07/11/2024 23:40,13.39,4005,5502,66,-1.55,9.62,0.81,15,461.32,-22.63,216.53,286,W,4.07
08/11/2024 00:10,13.44,3969,5453,65,-0.06,9.79,1.53,9,460.36,-38.94,213.5,180,S,4.07
08/11/2024 00:40,13.39,3994,5489,66,-0.67,9.7,1.39,11,460.52,-27.08,214.79,216,SW,4.07
08/11/2024 01:10,13.42,3964,5448,65,-0.86,9.53,1.2,13,460.99,-26.01,216.43,236,SW,4.07
08/11/2024 01:40,13.43,4102,5652,68,0.46,9.78,0.1,11,458.65,-38.19,221.99,199,S,4.07
08/11/2024 02:11,13.48,3969,5451,65,-0.21,9.81,0.72,10,459.47,-28.33,218.94,210,SW,4.07
08/11/2024 02:41,13.52,3881,5332,63,-0.16,9.4,1.62,16,461.65,-26.19,214.31,196,S,4.07
08/11/2024 03:11,13.56,3907,5367,64,0.28,9.95,-0.73,7,456.21,-33.32,227.07,233,SW,4.07
08/11/2024 03:41,13.62,3946,5424,65,0.04,9.8,0.67,12,459.36,-27.45,220.23,156,SE,4.07
08/11/2024 04:11,13.64,3747,5137,61,-0.34,9.83,0.08,8,458.06,-32.44,222.11,253,W,4.07
08/11/2024 04:41,13.64,3916,5377,64,-0.27,9.69,1.16,11,459.96,-36.19,215.95,208,SW,4.07
08/11/2024 05:12,13.54,3995,5505,67,-0.17,9.92,0.1,5,457.81,-36.44,222.55,273,W,4.07
08/11/2024 05:42,13.38,3992,5495,66,-0.85,9.64,0.08,12,458.77,-26.3,221.41,296,NW,4.07
08/11/2024 06:12,13.29,4004,5507,66,-0.96,9.49,1.72,15,462.1,-24.3,213.88,261,W,4.07
08/11/2024 06:42,13.21,4181,5766,70,-0.86,9.63,0.8,12,460.16,-27.49,217.35,225,SW,4.07
08/11/2024 07:12,13.19,3940,5414,65,-0.97,9.69,1.6,10,461.46,-25.03,213.8,225,SW,4.07
08/11/2024 07:42,13.14,4054,5576,67,-1.18,9.79,0.75,10,460.08,-27.32,216.08,238,SW,4.07
08/11/2024 08:13,13.18,4004,5508,66,-0.81,9.8,1.2,9,460.1,-32.69,213.43,236,SW,4.07
08/11/2024 08:43,13.18,4002,5515,67,-1.24,9.73,0.46,12,459.3,-27.86,217.86,258,W,4.07
08/11/2024 09:13,13.25,3966,5460,66,-0.78,9.75,0.16,10,458.65,-29.18,219.5,251,W,4.07
08/11/2024 09:43,13.27,4015,5542,68,-1.04,9.81,0.45,10,459.45,-27.5,218.3,263,W,4.07
08/11/2024 10:13,13.19,3981,5488,67,-1.51,9.37,1.64,18,462.99,-22.53,214.65,280,W,4.07
08/11/2024 10:43,13.14,3976,5490,67,-0.39,9.75,1.53,11,460.88,-31.59,213.32,209,SW,4.07
08/11/2024 11:14,13.15,4007,5529,67,-0.78,9.71,0.23,9,458.51,-32.36,219.68,282,W,4.07
08/11/2024 11:44,13.11,4007,5519,67,-0.96,9.81,0.81,9,459.79,-28.18,216.5,252,W,4.07
08/11/2024 12:14,13.12,3937,5417,65,-1.76,9.46,1.14,16,461.78,-22.01,215.12,283,W,4.07
08/11/2024 12:44,13.15,4008,5517,66,-1.18,9.68,0.39,14,460.26,-26.07,217.78,301,NW,4.07
08/11/2024 13:14,13.14,3993,5494,66,-0.75,9.56,1.53,15,462.14,-24.29,214.22,233,SW,4.07
08/11/2024 13:45,13.14,3991,5492,66,0.02,9.43,1.08,15,460.78,-34.57,217.71,215,SW,4.07
08/11/2024 14:15,13.19,4080,5624,68,0.04,9.5,0.11,15,458.93,-35.81,223.03,240,SW,4.07
08/11/2024 14:45,13.25,4004,5507,66,1.14,9.36,1.76,17,462.18,-39.3,213.06,156,SE,4.07
08/11/2024 15:15,13.31,3960,5445,65,-0.24,9.44,1.59,17,461.74,-26.7,216.25,139,SE,4.07
08/11/2024 15:45,13.38,3970,5459,65,-0.38,9.68,1.06,9,459.69,-30.07,217.08,254,W,4.07
08/11/2024 16:15,13.41,4094,5636,68,0.02,9.87,1,10,460.34,-37.51,215.24,175,S,4.07
08/11/2024 16:46,13.46,3977,5468,66,-0.36,9.78,0.4,10,458.7,-33.67,219.57,249,W,4.07
08/11/2024 17:16,13.46,3992,5487,66,-0.13,9.7,-0.66,10,456.82,-30.33,227,165,S,4.07
08/11/2024 17:46,13.42,3949,5428,65,-0.41,9.82,-0.15,9,457.73,-31.86,221.44,213,SW,4.07
08/11/2024 18:16,13.29,4036,5553,67,-0.17,9.64,-1.34,13,456.59,-32.51,226.16,220,SW,4.07
08/11/2024 18:46,13.17,3948,5428,65,-1.19,9.74,0.52,10,459.66,-27.27,216.76,273,W,4.07
08/11/2024 19:16,13.08,3974,5469,66,-1.07,9.81,0.39,10,459.84,-26.26,217.95,285,W,4.07
08/11/2024 19:47,13.08,3978,5472,66,-1.27,9.53,0.51,13,460.25,-25.31,219.17,268,W,4.07
08/11/2024 20:17,13.04,4141,5706,69,-0.88,9.81,1.33,8,460.63,-26.83,213.83,208,SW,4.07
08/11/2024 20:47,13.06,4018,5529,67,-0.89,10.01,0.25,9,458.93,-29.18,218.51,266,W,4.07
08/11/2024 21:17,13.06,3966,5448,65,-0.93,9.77,0.48,9,459.05,-28.1,218.34,275,W,4.07
08/11/2024 21:47,13.16,4030,5551,67,-0.68,9.89,-0.2,8,457.69,-31.47,221.23,271,W,4.07
08/11/2024 22:17,13.17,4023,5537,67,-1.01,9.87,0.74,8,459.34,-29.06,216,246,SW,4.07
08/11/2024 22:48,13.1,4023,5538,67,-0.78,9.82,0.87,7,459.89,-26.44,216.73,230,SW,4.07
08/11/2024 23:18,13,1433,1947,21,-0.76,9.91,0.25,7,458.98,-28.89,217.74,260,W,4.07
08/11/2024 23:48,12.96,3049,4190,50,-0.66,9.84,0.32,8,459.08,-29.68,218.59,255,W,4.07
09/11/2024 00:18,12.89,3957,5441,65,-0.5,10.04,0.95,11,459.33,-28.11,217.09,273,W,4.07
09/11/2024 00:48,12.93,2000,2751,33,-0.71,9.89,0.63,7,459.26,-29.44,217.11,273,W,4.07
09/11/2024 01:19,12.93,3987,5482,66,-0.56,9.63,0.2,13,459.46,-30.01,219.41,169,S,4.07
09/11/2024 01:49,12.96,1563,2134,24,-0.53,9.8,0.76,9,459.61,-28.75,217.61,191,S,4.07
09/11/2024 02:19,12.93,3963,5452,66,0.01,9.92,-0.38,6,456.96,-32.89,223.02,101,E,4.07
09/11/2024 02:49,12.98,3957,5441,65,0.09,9.88,0.65,7,458.91,-38.39,218.88,195,S,4.07
09/11/2024 03:19,12.94,4000,5504,66,0.15,9.72,0.26,10,458.76,-33.93,218.4,235,SW,4.07
09/11/2024 03:49,12.95,3953,5435,65,-0.02,9.61,-0.42,13,457.8,-34.91,226.15,265,W,4.07
09/11/2024 04:20,13.08,3969,5455,65,-0.18,9.65,-0.02,12,458.71,-34.69,223.96,237,SW,4.07
09/11/2024 04:50,13.15,3945,5431,65,-0.03,9.76,-0.46,9,457.44,-33.14,224.44,135,SE,4.07
09/11/2024 05:20,13.18,3957,5440,65,-0.26,9.86,0.08,8,458,-29.41,220.71,210,SW,4.07
09/11/2024 05:50,13.21,3324,4572,55,-0.37,9.84,-0.05,7,458.22,-28.51,222.97,217,SW,4.07
09/11/2024 06:20,13.09,3388,4657,55,-0.48,9.82,-0.01,9,458.4,-31.03,221.09,284,W,4.07
09/11/2024 06:50,12.98,3908,5383,65,-0.79,9.82,1.23,8,460.73,-27.86,214.12,234,SW,4.07
09/11/2024 07:21,12.89,2460,3459,46,-1.02,9.77,1.18,10,460.97,-26.57,215.87,260,W,4.07
09/11/2024 07:51,12.89,2112,3036,45,-0.89,9.88,0.28,7,458.85,-29.54,217.32,272,W,4.07
09/11/2024 08:21,12.83,4285,6302,105,-0.62,9.87,-0.27,7,457.87,-30.45,220.98,229,SW,4.07
09/11/2024 08:51,12.86,4606,6724,108,-0.74,9.86,0.44,9,459.18,-27.95,218.43,290,W,4.07
09/11/2024 09:21,12.87,6377,8841,118,-0.56,9.9,0.06,6,457.95,-32.29,219.02,278,W,4.06
09/11/2024 09:51,12.93,9743,12076,107,-0.51,9.91,0.43,5,458.65,-30.49,217.69,212,SW,4.07
09/11/2024 10:22,12.96,5958,8738,144,-0.32,9.83,-0.18,7,457.83,-30.83,222.43,173,S,4.07
09/11/2024 10:52,12.85,6875,10171,174,-0.46,9.9,-0.19,6,457.66,-31.57,221.8,265,W,4.07
09/11/2024 11:22,12.79,5775,8423,135,-0.47,9.85,0.4,6,458.96,-31.45,218.83,212,SW,4.07
09/11/2024 11:52,12.71,9168,13643,239,-0.49,9.93,0.48,4,458.79,-29.89,218.04,241,SW,4.07
09/11/2024 12:22,12.71,9905,14774,261,-0.55,9.95,0.71,4,459.02,-30.87,216.15,227,SW,4.07
09/11/2024 12:53,12.68,7087,10422,173,-0.65,9.9,0.85,5,459.59,-30.39,215.24,224,SW,4.07
09/11/2024 13:23,12.68,6363,9322,152,-0.78,9.9,1.06,7,460.16,-28.62,213.96,223,SW,4.07
09/11/2024 13:53,12.77,4934,7189,115,-0.79,9.9,0.48,7,459.25,-28.62,218.2,277,W,4.07
09/11/2024 14:23,12.77,5656,8261,133,-0.51,9.93,0.74,5,459.17,-31.29,216.09,211,SW,4.06
09/11/2024 14:53,12.73,4384,6368,100,-0.67,9.65,0.53,11,459.75,-30.39,218.63,280,W,4.07
09/11/2024 15:23,12.75,5719,8328,133,-0.28,9.99,0.59,3,458.78,-30.6,218.13,225,SW,4.07
09/11/2024 15:54,12.81,4255,6176,96,-0.27,9.47,1.13,15,460.77,-27.53,218.35,192,S,4.07
09/11/2024 16:24,12.87,4952,7214,115,-0.13,9.83,-0.64,6,456.8,-31.87,225.74,210,SW,4.07
09/11/2024 16:54,12.89,4456,6499,104,-0.17,9.89,0.03,7,457.98,-28.92,222.22,180,S,4.07
09/11/2024 17:24,12.89,6985,10289,173,-0.22,9.98,0.25,3,458.4,-30.74,219.81,204,SW,4.06
09/11/2024 17:54,12.89,10477,14046,183,-0.57,9.95,0.08,5,458.14,-32.48,219.24,263,W,4.06
09/11/2024 18:24,12.89,10106,14081,211,-0.38,9.96,-0.09,4,457.66,-30.55,221.1,272,W,4.07
09/11/2024 18:55,12.93,15609,19106,173,-0.37,10.01,0.34,3,458.54,-33.25,217.15,218,SW,4.06
09/11/2024 19:25,12.92,13308,18892,287,-0.54,9.97,0.09,4,458.08,-31.94,219.22,262,W,4.06
09/11/2024 19:55,12.85,9135,13506,230,-0.47,9.97,0.05,3,457.99,-33.48,219.28,260,W,4.06
09/11/2024 20:25,12.82,6170,9049,149,-0.68,9.92,0.75,6,459.53,-29.14,216.43,254,W,4.07
09/11/2024 20:55,12.77,4559,6593,102,0.34,9.93,0.95,5,457.77,-32.09,214.13,141,SE,4.07
09/11/2024 21:25,12.75,5262,7643,120,-0.26,9.9,1.25,6,459.77,-31.62,213.26,184,S,4.06
09/11/2024 21:56,12.75,5321,7747,123,-0.54,9.89,0.76,6,459.44,-32.01,215.16,246,SW,4.06
09/11/2024 22:26,12.81,4746,6883,107,-0.53,9.88,0.62,7,459.47,-29.87,217.34,192,S,4.06
09/11/2024 22:56,12.83,5694,8303,133,-0.37,9.95,0.38,4,458.51,-31.87,218.07,205,SW,4.06
09/11/2024 23:26,12.73,9867,14702,259,-0.63,9.96,0.82,5,459.87,-29.67,215.08,217,SW,4.06
09/11/2024 23:56,12.71,5903,8634,140,-0.57,9.94,0.6,5,459.36,-30.01,216.63,232,SW,4.07
10/11/2024 00:27,12.73,5201,7550,118,-0.27,9.97,0.34,3,458.52,-33.54,218.6,205,SW,4.06
10/11/2024 00:57,12.68,5301,7684,120,-0.28,9.99,0.14,1,458.17,-33.96,218.91,262,W,4.06
10/11/2024 01:27,12.68,6297,9231,151,-0.58,9.94,0.63,5,459.45,-30.15,216.51,246,SW,4.06
10/11/2024 01:57,12.73,5577,8128,130,-0.78,9.86,1.14,7,460.59,-28.67,213.57,233,SW,4.06
10/11/2024 02:27,12.75,7142,10481,173,-0.8,9.9,1.21,7,460.75,-28.45,213.15,217,SW,4.06
10/11/2024 02:57,12.81,6142,8975,145,-0.71,9.92,0.88,6,459.9,-28.89,215.12,237,SW,4.06
10/11/2024 03:28,12.77,5862,8551,137,-0.6,9.93,0.85,6,459.71,-29.11,215.57,250,W,4.06
10/11/2024 03:58,12.77,4581,6635,103,-0.43,9.95,0.45,8,458.97,-28.46,219.8,190,S,4.06
10/11/2024 04:28,12.77,4260,6147,93,-0.1,9.7,0.28,11,459.12,-30.47,221.18,100,E,4.06
10/11/2024 04:58,12.77,4871,7062,110,-0.26,9.9,0.43,4,458.65,-28.79,219.28,187,S,4.06
10/11/2024 05:28,12.81,4340,6265,96,-0.42,9.84,0.99,7,459.83,-27.43,216.51,146,SE,4.06
10/11/2024 05:58,12.81,6079,8857,141,-0.7,9.96,-0.33,4,457.49,-31.52,221.23,295,NW,4.06
10/11/2024 06:29,12.83,7373,10899,186,-0.25,9.95,0.36,5,458.65,-28.7,219.35,209,SW,4.06
10/11/2024 06:59,12.87,6121,8945,145,-0.21,9.96,-0.65,3,456.51,-33.93,224.39,322,NW,4.06
10/11/2024 07:29,12.89,6703,9815,160,-0.36,9.99,0.22,2,458.17,-33.1,219.11,244,SW,4.06
10/11/2024 07:59,12.89,6155,8975,144,-0.46,9.87,1.12,6,460.23,-28.14,214.4,210,SW,4.06
10/11/2024 08:29,12.83,5300,7703,121,-0.68,9.91,0.4,6,459.23,-29.79,217.68,257,W,4.06
10/11/2024 08:59,12.83,4964,7206,113,-0.44,9.91,0.96,6,459.85,-29.9,215.17,219,SW,4.06
10/11/2024 09:30,12.83,6039,8824,143,-0.7,9.91,1.25,7,460.73,-26.95,213.64,213,SW,4.06
10/11/2024 10:00,12.81,5433,7931,127,-0.45,9.92,1.03,6,460.18,-30.41,214.89,205,SW,4.06
10/11/2024 10:30,12.81,6144,9008,148,-0.52,9.92,1.01,6,459.95,-28.92,215.6,220,SW,4.06
10/11/2024 11:00,12.81,4892,7105,112,-0.55,9.85,0.62,7,459.5,-28.79,218.27,244,SW,4.06
10/11/2024 11:30,12.79,5664,8266,133,-0.56,9.87,0.84,6,459.64,-29.64,216.26,232,SW,4.06
10/11/2024 12:00,12.73,5044,7342,116,-0.55,9.89,0.81,6,459.69,-29.08,216.75,253,W,4.06
10/11/2024 12:31,12.67,5513,8058,130,-0.59,9.86,1,6,460.08,-29.23,215.55,221,SW,4.06
10/11/2024 13:01,12.64,6461,9479,156,-0.56,9.92,1.04,6,460.12,-28.58,214.83,210,SW,4.06
10/11/2024 13:31,12.58,6499,9516,155,-0.56,9.96,0.95,6,460.21,-27.73,215.46,213,SW,4.06
10/11/2024 14:01,12.58,5531,8064,129,-0.47,9.92,1.03,6,460.17,-28.75,214.89,200,S,4.06
10/11/2024 14:31,12.64,5177,7513,118,-0.71,9.89,1.29,8,460.84,-27.53,213.82,217,SW,4.06
10/11/2024 15:02,12.73,5906,8596,136,-0.61,9.9,1.3,7,460.68,-26.38,213.91,206,SW,4.06
10/11/2024 15:32,12.75,5836,8492,135,-0.58,9.91,1.31,7,460.55,-26.59,213.91,204,SW,4.06
10/11/2024 16:02,12.77,4900,7094,110,-0.51,9.89,0.92,6,459.88,-29.32,215.64,227,SW,4.06
10/11/2024 16:32,12.73,5040,7334,116,-0.41,9.89,0.9,6,459.91,-29.98,216.47,172,S,4.06
10/11/2024 17:02,12.71,5048,7425,124,-0.08,9.83,0.24,10,459.05,-30.37,220.9,143,SE,4.06
10/11/2024 17:32,12.75,4124,5982,93,-0.3,9.61,1.56,14,461.88,-28.23,214.23,164,S,4.06
10/11/2024 18:03,12.81,4820,7014,111,0.04,9.73,-0.38,10,458.17,-31.19,223.28,168,S,4.06
10/11/2024 18:33,12.83,3767,5459,85,-0.41,9.86,-0.09,9,458.5,-29,222.21,232,SW,4.06
10/11/2024 19:03,12.87,1554,2136,25,-0.23,9.85,0.13,8,458.48,-28.89,221.53,172,S,4.06
10/11/2024 19:33,12.88,1776,2426,28,-0.24,9.95,0.5,5,458.75,-29.17,219.07,208,SW,4.06
10/11/2024 20:03,12.98,2348,3301,44,-0.39,9.95,-0.43,6,457.33,-32.46,221.92,285,W,4.06
10/11/2024 20:33,13,2996,4146,51,-0.64,9.81,0.72,10,460.11,-29.08,216.89,247,W,4.06
10/11/2024 21:04,12.96,2231,3224,49,-0.42,9.98,0.38,3,458.44,-34.18,217.64,236,SW,4.06
10/11/2024 21:34,12.92,4036,5876,93,-0.71,9.91,0.77,8,459.94,-28.94,216.84,252,W,4.06
10/11/2024 22:04,12.85,7795,11690,211,-0.67,9.97,0.2,5,458.49,-32.58,217.97,263,W,4.06
10/11/2024 22:34,12.75,6001,8794,144,-0.73,9.81,1.16,8,460.61,-29.63,213.24,216,SW,4.06
10/11/2024 23:04,12.77,6298,8791,117,-0.65,9.89,0.84,6,459.74,-30.87,215.97,253,W,4.06
10/11/2024 23:34,12.81,9633,12314,138,-0.82,9.91,0.71,7,459.91,-29.91,215.68,255,W,4.06
11/11/2024 00:05,12.83,6809,9088,117,-0.72,9.87,0.33,7,458.91,-30.81,217.12,267,W,4.06
11/11/2024 00:35,12.83,6739,9564,139,-0.78,9.82,0.76,9,459.91,-30.51,216.08,256,W,4.06
11/11/2024 01:05,12.77,3050,4202,51,-0.98,9.7,0.24,12,459.9,-29,218.86,298,NW,4.06
11/11/2024 01:35,12.77,2061,2923,40,-0.6,9.86,1.39,8,460.87,-28.04,213.3,209,SW,4.06
11/11/2024 02:05,12.75,3785,5520,88,-0.57,9.92,0.66,6,459.52,-29.67,216.8,214,SW,4.06
11/11/2024 02:36,12.77,4630,6756,108,-0.57,9.88,0.74,7,460.08,-30.32,216.8,218,SW,4.06
11/11/2024 03:06,12.77,3617,5274,84,-0.66,9.88,1.52,9,461.49,-26.96,212.41,206,SW,4.06
11/11/2024 03:36,12.81,5109,7561,129,-0.55,9.9,1.12,6,460.23,-29.42,214.32,203,SW,4.06
11/11/2024 04:06,12.81,1323,1825,22,-0.77,9.86,1.23,8,460.77,-29.51,213.52,227,SW,4.06
11/11/2024 04:36,12.81,3935,5411,65,-0.95,9.59,1.95,14,462.96,-25.34,211.27,236,SW,4.05
11/11/2024 05:06,12.79,3925,5399,65,-0.18,9.71,1.09,11,460.61,-29.95,216.5,187,S,4.06
11/11/2024 05:37,12.77,3848,5305,64,-0.45,9.71,-0.88,11,457.15,-37.56,227.1,258,W,4.06
11/11/2024 06:07,12.81,3945,5428,65,-0.1,9.9,-0.5,5,456.97,-36.07,224.83,264,W,4.06
11/11/2024 06:37,12.91,3940,5421,65,0.19,9.34,3.38,19,465.17,-27.32,205.56,132,SE,4.06
11/11/2024 07:07,12.94,3943,5424,65,0.06,9.55,0.03,14,459.52,-35.57,222.18,229,SW,4.06
11/11/2024 07:37,12.98,3954,5440,65,-0.25,9.78,0.25,10,458.98,-28.24,221.52,174,S,4.06
11/11/2024 08:07,13,3498,4832,59,-0.27,9.86,-1.14,8,456.47,-33.49,227.44,328,NW,4.06
11/11/2024 08:38,13.02,3944,5442,66,-0.2,9.81,0.11,9,458.38,-35.88,221.24,228,SW,4.05
11/11/2024 09:08,12.98,3938,5446,67,-0.31,9.93,-0.66,4,456.42,-36.32,226.83,278,W,4.05
11/11/2024 09:38,12.85,3935,5437,67,-0.23,9.7,0.44,12,459.73,-36.91,219.12,223,SW,4.05
11/11/2024 10:08,12.79,3926,5416,66,-0.8,9.66,0.97,13,461.05,-28.45,215.46,268,W,4.05
11/11/2024 10:38,12.73,2640,3675,47,-0.83,9.82,1.08,10,460.87,-28.05,214.44,247,SW,4.05
11/11/2024 11:08,12.71,2430,3364,41,-0.8,9.79,1.26,10,461.13,-28.36,213.61,242,SW,4.05
11/11/2024 11:39,12.68,2048,2901,40,-0.89,9.82,1.57,10,461.68,-27.35,211.61,218,SW,4.05
11/11/2024 12:09,12.79,3238,4744,77,-0.66,9.83,0.74,8,460.02,-29.9,216.62,273,W,4.05
11/11/2024 12:39,12.85,4762,6997,116,-0.66,9.79,1.25,8,460.78,-29.37,213.63,234,SW,4.05
11/11/2024 13:09,12.91,10119,13447,155,-0.43,9.92,0.33,6,458.98,-31.76,218.27,239,SW,4.05
11/11/2024 13:39,12.89,5218,7631,124,-0.37,9.81,0.31,8,459.03,-30.6,219.75,240,SW,4.05
11/11/2024 14:10,12.89,4712,6862,109,-0.7,9.75,1.05,10,460.47,-29.54,215.74,242,SW,4.05
11/11/2024 14:40,12.83,5735,8261,125,-0.59,9.91,1.11,6,460.62,-28.13,214.35,219,SW,4.05
11/11/2024 15:10,12.83,2850,4167,67,-0.27,9.95,0.65,4,458.82,-38.21,217.18,207,SW,4.05
11/11/2024 15:40,12.88,2875,4001,51,-0.35,9.81,1.22,7,460.36,-34.94,214.35,211,SW,4.05
11/11/2024 16:10,12.87,2916,4143,59,-0.97,9.75,1.23,10,461.09,-27.87,213.9,248,W,4.05
11/11/2024 16:40,12.93,680,913,9,-0.66,9.87,1.23,7,460.79,-29.63,212.88,214,SW,4.05
11/11/2024 17:11,12.98,2310,3258,44,-0.72,9.75,1.38,10,461.64,-27.1,214.99,258,W,4.05
11/11/2024 17:41,12.96,3930,5407,65,-0.11,9.97,0.24,2,457.95,-36.82,219.73,224,SW,4.05
11/11/2024 18:11,12.92,3927,5402,65,-0.02,9.72,-0.12,11,458.67,-35.83,223.91,246,SW,4.05
11/11/2024 18:41,12.9,2323,3172,36,0.34,9.53,1.05,13,460.9,-37.14,216.7,197,S,4.05
11/11/2024 19:11,12.85,3938,5418,65,0.03,9.75,-0.05,11,458.64,-35.49,222.62,240,SW,4.05
11/11/2024 19:41,12.87,3903,5366,64,-0.07,9.78,-0.41,10,458.3,-36.2,224.86,256,W,4.05
11/11/2024 20:12,12.91,3937,5414,65,-0.13,9.65,0.18,13,459.49,-28.09,222.54,142,SE,4.05
11/11/2024 20:42,12.93,3929,5402,65,-0.15,9.66,-0.89,12,457.7,-30.73,227.95,138,SE,4.05
11/11/2024 21:12,12.89,2501,3541,49,-0.28,9.78,-0.55,10,457.71,-30.5,223.86,166,S,4.05
11/11/2024 21:42,12.83,4346,6403,107,-0.41,9.92,-0.63,5,456.71,-34.64,226.6,288,W,4.05
11/11/2024 22:12,12.75,2992,4357,69,-0.07,9.91,0.31,6,458.57,-36.21,219.4,216,SW,4.05
11/11/2024 22:42,12.71,3765,5526,90,-0.13,9.95,0.58,3,458.77,-38.72,217.81,210,SW,4.05
11/11/2024 23:13,12.64,4492,6524,102,-0.21,9.96,0.95,5,459.32,-38.77,215.03,185,S,4.05
11/11/2024 23:43,12.64,6629,9625,153,-0.55,9.95,0.94,5,459.97,-27.79,214.98,214,SW,4.05
12/11/2024 00:13,12.58,5265,7625,118,-0.47,9.9,1.23,7,460.5,-32.61,212.61,198,S,4.05
12/11/2024 00:43,12.56,10550,13930,165,-0.46,9.92,0.14,6,458.66,-32.58,218.71,249,W,4.05
12/11/2024 01:13,12.56,7890,10337,120,-0.77,9.84,-0.17,7,458.34,-30.98,220.17,289,W,4.05
12/11/2024 01:44,12.56,3715,5119,62,-0.57,9.97,0.03,8,458.42,-32.14,219.57,273,W,4.05
12/11/2024 02:14,12.61,2906,3986,47,-0.45,9.87,0.31,6,459.14,-31.86,218.4,236,SW,4.05
12/11/2024 02:44,12.54,2373,3395,49,-0.38,9.99,0.06,4,458.25,-33.65,220.26,207,SW,4.05
12/11/2024 03:14,12.52,3700,5402,87,-0.55,9.89,0.47,6,459.46,-32.24,216.62,255,W,4.05
12/11/2024 03:44,12.46,9536,14467,274,-0.51,9.86,0.6,5,459.79,-30.99,217.14,227,SW,4.05
12/11/2024 04:14,12.46,6512,9108,123,-0.61,9.89,0.84,7,460.15,-31.34,215.16,246,SW,4.05
12/11/2024 04:45,12.5,8089,11832,193,-0.57,9.94,0.63,4,459.69,-32.31,215.49,240,SW,4.05
12/11/2024 05:15,12.5,7598,10165,129,-0.67,9.86,0.88,7,460.46,-31.5,214.84,246,SW,4.05
12/11/2024 05:45,12.52,8118,11049,153,-0.93,9.84,1.54,9,461.7,-26.63,211.78,219,SW,4.05
12/11/2024 06:15,12.46,7950,10839,140,-0.34,9.95,-0.38,5,457.81,-33.46,220.9,301,NW,4.05
12/11/2024 06:45,12.5,5299,7691,121,-0.02,9.92,0.58,6,459.29,-35.34,217.68,218,SW,4.05
12/11/2024 07:15,12.5,4883,7142,116,-0.16,9.87,-0.54,7,457.73,-33.64,223.39,285,W,4.05
12/11/2024 07:46,12.56,5074,7167,101,-0.42,9.61,0.7,13,460.9,-24.97,218.45,167,S,4.05
12/11/2024 08:16,12.6,3990,5796,91,-0.37,9.62,2.53,14,463.47,-25.05,209.09,181,S,4.05
12/11/2024 08:46,12.73,5109,7482,122,0.01,9.85,-0.15,7,458.25,-29.29,222.41,122,SE,4.05
12/11/2024 09:16,12.75,5122,7411,114,0.5,9.88,-1.02,7,456.48,-32,226.68,64,NE,4.05
12/11/2024 09:46,12.73,5124,7261,102,0.03,9.98,-0.31,1,457.38,-32.69,223.25,188,S,4.05
12/11/2024 10:16,12.56,5809,8497,138,-0.16,9.94,-0.29,6,457.75,-30.55,223.93,231,SW,4.05
12/11/2024 10:47,12.48,6673,9756,158,-0.27,9.91,0.05,6,458.4,-30.18,221.17,167,S,4.05
12/11/2024 11:17,12.39,6772,9925,163,-0.58,9.96,-0.25,3,457.9,-31.01,221.63,288,W,4.05
12/11/2024 11:47,12.36,6367,9328,153,-0.68,9.95,-0.21,4,457.87,-33.25,220.32,287,W,4.05
12/11/2024 12:17,12.33,6403,9301,148,-0.88,9.86,0.43,8,459.38,-29.2,216.4,258,W,4.05
12/11/2024 12:47,12.37,3659,5106,66,-0.95,9.75,0.9,8,460.14,-29.71,213.6,242,SW,4.04
12/11/2024 13:18,12.37,3915,5440,69,-1.45,9.5,1.01,15,461.71,-29.96,214.28,250,W,4.05
12/11/2024 13:48,12.37,3925,5460,70,-1.16,8.92,1.01,20,462.84,-27.72,215.03,257,W,4.05
12/11/2024 14:18,12.4,3947,5485,70,-0.41,9.55,1.95,15,462.38,-39.5,210.96,186,S,4.05
12/11/2024 14:48,12.43,3917,5420,67,-0.92,9.79,-0.63,11,458.07,-29.52,222.52,249,W,4.05
12/11/2024 15:18,12.48,3919,5408,66,-0.54,9.87,0.1,6,458.45,-32.6,218.71,249,W,4.05
12/11/2024 15:48,12.54,3916,5389,65,-1.13,9.61,1.7,15,462.95,-26.12,211.43,258,W,4.05
12/11/2024 16:19,12.54,3940,5422,65,-1.15,9.61,0.64,12,460.88,-28.94,215.25,259,W,4.05
12/11/2024 16:49,12.48,3900,5364,64,-1.11,9.74,1.15,11,461.6,-27.35,212.81,254,W,4.04
12/11/2024 17:19,12.46,3930,5408,65,-1.05,9.85,0.88,10,460.48,-27.95,214.05,256,W,4.05
12/11/2024 17:49,12.48,3814,5267,64,-0.93,9.87,0.93,8,460.33,-28.9,213.7,244,SW,4.05
12/11/2024 18:19,12.46,3950,5432,65,-0.27,9.76,0.92,8,460.14,-37.08,216.71,209,SW,4.04
12/11/2024 18:49,12.5,3903,5380,65,0.63,9.64,1.8,12,462.21,-34.83,210.29,152,SE,4.04
12/11/2024 19:20,12.54,3887,5345,64,0.94,9.32,0.7,16,461.25,-37.45,218.57,200,S,4.04
12/11/2024 19:50,12.52,3963,5462,66,0,9.84,-1.42,8,456.13,-34.41,231.25,308,NW,4.04
12/11/2024 20:20,12.6,3943,5424,65,2.05,8.78,4.21,27,468.49,-37.38,199.73,58,NE,4.04
12/11/2024 20:50,12.68,3936,5414,65,-0.03,9.8,-0.75,9,457.45,-35.56,226.98,288,W,4.04
12/11/2024 21:20,12.75,3947,5428,65,-0.39,9.94,-0.14,5,457.5,-36.94,222.4,245,SW,4.04
12/11/2024 21:50,12.69,3950,5432,65,0.23,9.58,1.33,12,461.29,-36.84,214.88,204,SW,4.04
12/11/2024 22:21,12.57,3914,5387,65,-0.75,9.8,-0.16,9,458.26,-36.25,222.02,295,NW,4.04
12/11/2024 22:51,12.44,3866,5322,64,-0.26,9.98,0.01,5,458.1,-34.24,222.87,267,W,4.04
12/11/2024 23:21,12.31,3921,5393,65,-0.48,9.8,-0.38,12,458.95,-31.83,220.9,266,W,4.04
12/11/2024 23:51,12.17,3912,5382,65,-1.12,9.83,0.19,10,459.45,-30.57,217.02,274,W,4.04
13/11/2024 00:21,12.13,3911,5384,65,-0.73,9.92,0.64,6,459.76,-30.43,215.71,248,W,4.04
13/11/2024 00:52,12.08,3872,5331,64,-0.78,9.81,2.21,16,463.52,-30.96,208.94,214,SW,4.04
13/11/2024 01:22,12.08,3880,5342,64,-3.6,5.73,7.08,53,490,-20.21,191.44,346,N,4.04
13/11/2024 01:52,12.02,3870,5329,64,-5.69,2.87,7.49,72,504.11,-17.06,192.31,347,N,4.04
13/11/2024 02:22,12.02,3871,5330,64,-6,2.85,7.27,72,504.36,-13.97,194.31,345,N,4.04
13/11/2024 02:52,12.06,3880,5341,64,-4.66,5.05,7.06,58,492.71,-19.44,190.98,345,N,4.04
13/11/2024 03:22,12.25,3890,5354,64,-3.06,7.94,5.3,37,476.54,-20.97,196.37,329,NW,4.04
13/11/2024 03:53,12.27,3893,5357,64,-1.12,9.39,1.73,18,462.08,-28.15,210.94,232,SW,4.04
13/11/2024 04:23,12.27,3881,5341,64,-1.29,9.15,2.21,19,463.51,-24.9,210.59,267,W,4.04
13/11/2024 04:53,12.17,3885,5348,64,-1.34,9.51,0.48,14,460.68,-26.8,215.1,294,NW,4.04
13/11/2024 05:23,12.17,3892,5358,65,-1.43,9.8,0,12,459.55,-30.19,214.75,267,W,4.04
13/11/2024 05:53,12.23,3879,5339,64,-1.11,9.89,0.85,8,460.32,-28.46,212.87,251,W,4.04
13/11/2024 06:23,12.31,3918,5391,65,-0.9,9.9,1.05,7,460.04,-31.54,211.86,232,SW,4.04
13/11/2024 06:54,12.31,1031,1413,16,-0.17,9.74,0.95,8,459.9,-36.16,214.56,217,SW,4.04
13/11/2024 07:24,12.31,3827,5267,63,-0.09,9.88,0.03,6,458.14,-35.27,221.05,267,W,4.04
13/11/2024 07:54,12.35,2816,3868,46,0,9.84,-1.28,8,455.89,-34.42,230.13,324,NW,4.04
13/11/2024 08:24,12.37,3926,5418,66,0.6,9.77,-1.85,10,454.74,-35.92,232.94,24,NE,4.04
13/11/2024 08:54,12.41,3860,5334,66,-0.27,9.55,2.55,16,463.07,-26.21,210.12,160,S,4.04
13/11/2024 09:24,12.56,2366,3271,40,-0.44,9.42,2.48,15,463.08,-24.7,210.47,159,S,4.04
13/11/2024 09:55,12.65,3565,4921,60,-0.46,9.83,-0.15,9,457.94,-32.75,220.64,269,W,4.04
13/11/2024 10:25,12.6,665,916,10,-0.56,9.92,-0.59,5,456.79,-34.51,221.83,306,NW,4.04
13/11/2024 10:55,12.5,1813,2493,29,-0.36,9.95,-0.28,4,457.6,-31.07,221.48,264,W,4.04
13/11/2024 11:25,12.38,2501,3537,49,-0.62,9.89,0.42,7,459.09,-28.25,217.73,259,W,4.04
13/11/2024 11:55,12.23,3415,4803,65,-0.49,9.94,-0.55,5,456.63,-37.96,224.1,294,NW,4.04
13/11/2024 12:26,12.14,3082,4383,62,-0.59,9.92,-0.1,6,457.39,-37.01,221.02,271,W,4.04
13/11/2024 12:56,12.1,3909,5425,68,-0.78,9.78,0.73,10,460.15,-29.22,214.75,247,SW,4.04
13/11/2024 13:26,12.12,3718,5169,65,-0.65,9.9,0.69,8,459.4,-36.49,214.6,226,SW,4.04
13/11/2024 13:56,12.14,3925,5431,67,-2.38,6.88,6.62,45,483.07,-21.64,192.37,348,N,4.04
13/11/2024 14:26,12.19,3761,5184,63,-5.25,4.02,7.23,65,498.4,-17,191.62,346,N,4.03
13/11/2024 14:56,12.18,3891,5360,65,-4.77,4.55,7.3,61,495.57,-19.2,190.64,346,N,4.04
13/11/2024 15:27,12.23,3912,5388,65,-3.95,6.62,6.35,48,484.49,-20.52,192.11,341,N,4.03
13/11/2024 15:57,12.29,5985,8472,118,-1.29,9.66,2.19,14,462.4,-27.59,207.3,232,SW,4.04
13/11/2024 16:27,12.33,3878,5341,65,-1.3,9.83,1.34,10,460.28,-30.81,210.29,242,SW,4.03
13/11/2024 16:57,12.19,3806,5240,63,-1.38,9.73,1.4,12,460.86,-28.09,210.79,256,W,4.03
13/11/2024 17:27,12.1,3890,5353,64,-1.21,9.8,1.66,11,461.01,-30.23,208.92,234,SW,4.03
13/11/2024 17:57,12.12,2244,3239,49,-1.07,9.8,1.64,10,461.03,-24.43,211.64,227,SW,4.04
13/11/2024 18:28,12.2,4369,6266,94,-1.21,9.76,1.59,11,461.35,-28.22,209.94,240,SW,4.03
13/11/2024 18:58,12.33,5976,8571,131,-0.94,9.69,1.88,12,461.29,-29.3,209.46,235,SW,4.04
13/11/2024 19:28,12.33,4504,6556,104,-0.66,9.65,1.53,12,460.82,-27.3,213.78,246,SW,4.03
13/11/2024 19:58,12.27,5152,7483,118,-0.32,9.83,0.12,9,457.41,-30.12,219.9,185,S,4.03
13/11/2024 20:28,12.31,3924,5403,65,-0.43,8.97,4.17,24,466.45,-24.05,203.1,155,SE,4.03
13/11/2024 20:58,12.38,2289,3184,40,-1.09,9.71,1.67,12,461.17,-24.48,211.58,248,W,4.03
13/11/2024 21:29,12.52,3932,5412,65,-0.3,8.49,5.04,30,469.51,-24.22,200.15,56,NE,4.03
13/11/2024 21:59,12.6,2535,3546,46,0.06,8.4,5.24,31,469.68,-25.85,199.36,19,N,4.03
13/11/2024 22:29,12.58,3530,5122,80,-0.3,9.85,0.4,7,457.87,-27.99,217.89,187,S,4.03
13/11/2024 22:59,12.48,9005,13599,253,-0.21,9.91,-0.06,6,456.84,-31.1,220.39,176,S,4.03
13/11/2024 23:29,12.42,9061,11754,126,-0.47,9.92,0.69,5,458.44,-28.9,215.93,228,SW,4.03
13/11/2024 23:59,12.29,8607,12644,210,-0.5,9.91,0.48,6,458.05,-28.74,217.26,244,SW,4.03
14/11/2024 00:30,12.23,7752,11386,189,-0.5,9.94,0.61,5,458.15,-29.38,216.16,203,SW,4.03
14/11/2024 01:00,12.1,7026,10340,173,-0.76,9.92,0.78,7,458.87,-28.02,215.36,243,SW,4.03
14/11/2024 01:30,12.04,6720,9880,164,-0.91,9.85,1.39,9,460.13,-26.32,212.29,225,SW,4.03
14/11/2024 02:00,12.02,3867,5323,64,-3.19,6.69,6.49,46,484.22,-19.55,193.03,344,N,4.03
14/11/2024 02:30,12,3854,5306,64,-4.66,2.9,8.13,72,504.55,-18.03,192.02,350,N,4.03
14/11/2024 03:01,11.96,3858,5312,64,-4.79,2.02,8.25,77,508.79,-18.4,192.58,350,N,4.03
14/11/2024 03:31,12,3861,5315,64,-4.63,3.14,8.07,70,503.5,-17.55,191.9,349,N,4.03
14/11/2024 04:01,12.02,3882,5344,64,-3.49,6.37,6.71,49,486.07,-20.74,191.91,345,N,4.03
14/11/2024 04:31,12.06,5604,8354,147,-1.13,9.78,1.58,11,461,-24.63,211.83,234,SW,4.03
14/11/2024 05:01,12.04,10503,13740,158,-0.96,9.9,1.05,7,459.62,-27.09,213.61,235,SW,4.03
14/11/2024 05:31,11.96,13567,18567,249,-0.94,9.82,1.12,8,459.79,-28.07,213.42,243,SW,4.03
14/11/2024 06:02,11.96,8245,12273,215,-1.12,9.78,1.25,10,460.03,-28.8,212.69,253,W,4.03
14/11/2024 06:32,12,7548,11246,198,-1.17,9.79,1.75,11,461.39,-24.58,210.93,229,SW,4.03
14/11/2024 07:02,12.04,6699,9866,165,-1.33,9.75,1.55,11,460.95,-28.65,209.89,246,SW,4.03
14/11/2024 07:32,12.16,832,1123,11,-1.08,9.72,1.95,12,461.57,-25.93,209.74,228,SW,4.03
14/11/2024 08:02,12.23,3844,5307,65,-0.72,9.67,1.95,12,461.4,-26.07,210.85,208,SW,4.03
14/11/2024 08:32,12.21,3922,5411,66,0.23,9.46,0.31,16,458.03,-32.88,221.41,83,E,4.03
14/11/2024 09:03,12.25,3900,5383,66,-0.92,9.76,1.54,10,460.74,-23.19,213.04,231,SW,4.03
14/11/2024 09:33,12.33,2408,3319,40,-0.19,9.49,1.73,14,461.84,-28.01,211.79,143,SE,4.03
14/11/2024 10:03,12.48,2085,3008,45,-0.37,9.56,2.4,14,462.82,-25.16,209.81,187,S,4.03
14/11/2024 10:33,12.5,3347,4872,77,-0.34,9.96,1,5,459.56,-29.01,213.5,195,S,4.03
14/11/2024 11:03,12.46,7126,10584,184,-0.01,9.96,0.13,3,457.69,-32.84,218.95,180,S,4.03
14/11/2024 11:33,12.42,9900,14082,204,-0.24,9.98,-0.04,2,457.53,-32.18,219.3,261,W,4.03
14/11/2024 12:04,12.27,9442,12441,139,-0.29,9.93,-0.17,5,457.48,-34.38,221.32,264,W,4.02
14/11/2024 12:34,12.17,6505,9357,141,-0.21,9.99,0.02,2,457.51,-33.42,220.76,268,W,4.02
14/11/2024 13:04,12.1,6054,8864,145,-0.37,9.9,0.49,6,458.7,-35.18,216.89,234,SW,4.03
14/11/2024 13:34,12.08,6972,10239,169,-0.43,9.94,0.46,4,458.29,-36.02,217.78,235,SW,4.02
14/11/2024 14:04,12.02,6939,10214,170,-0.65,9.92,0.44,5,458.95,-27.43,217.64,232,SW,4.02
14/11/2024 14:35,12.04,3894,5383,66,-2.75,6.92,6.4,44,483.35,-23.64,191.85,344,N,4.02
14/11/2024 15:05,12.02,3898,5393,67,-4.9,2.8,7.88,72,504.32,-20.37,190.66,349,N,4.02
14/11/2024 15:35,12.02,3893,5387,67,-5.64,1.86,7.73,78,506.86,-22.44,190.66,349,N,4.02
14/11/2024 16:05,12.02,3902,5377,65,-4.88,4.19,7.59,64,497.37,-21.2,189.87,347,N,4.02
14/11/2024 16:35,12.1,3869,5324,64,-2.94,7.83,5.02,37,476.19,-25.25,194.15,333,NW,4.02
14/11/2024 17:05,12.12,3453,4745,56,-1.01,9.77,1.81,11,461.09,-29.35,209.13,225,SW,4.02
14/11/2024 17:36,12.08,2043,2899,40,-0.98,9.82,0.87,7,458.68,-33.39,212.73,244,SW,4.02
14/11/2024 18:06,12.06,3760,5516,90,-0.99,9.85,0.75,8,458.74,-32.57,213.75,258,W,4.02
14/11/2024 18:36,12.08,5038,7431,125,-1.01,9.87,1.2,8,459.76,-32.06,210.75,229,SW,4.02
14/11/2024 19:06,12.1,5481,8109,138,-1.2,9.8,1.56,11,460.53,-31.45,209.1,232,SW,4.02
14/11/2024 19:36,12.12,6575,9234,128,-1.25,9.66,1.67,12,461.41,-27.67,210.22,250,W,4.02
14/11/2024 20:06,12.12,12710,16759,177,-0.87,9.9,0.83,7,458.71,-33.39,212.63,236,SW,4.02
14/11/2024 20:37,12.12,4272,6250,101,-0.74,9.55,2.44,15,462.68,-26.6,208.13,220,SW,4.02
14/11/2024 21:07,12.16,1084,1454,14,-0.22,9.25,3.61,21,464.99,-26.7,203.74,128,SE,4.02
14/11/2024 21:37,12.21,3917,5396,65,0.26,8.59,4.93,29,468.78,-26.46,200,63,NE,4.02
14/11/2024 22:07,12.33,3935,5419,66,1.39,8.91,4.02,24,466.66,-36.09,200.31,72,E,4.02
14/11/2024 22:37,12.43,3939,5425,66,0.37,9.82,-1.8,10,454.98,-36.02,232.39,75,E,4.02
14/11/2024 23:07,12.43,2340,3306,45,0.01,9.85,-0.07,6,457.3,-35.41,221.69,242,SW,4.02
14/11/2024 23:38,12.31,2162,2985,36,-0.1,9.96,-0.46,3,456.78,-35.35,222.93,284,W,4.02
15/11/2024 00:08,12.19,3905,5382,65,-0.57,9.79,-0.4,9,457.3,-33.82,222.89,282,W,4.02
15/11/2024 00:38,12.11,3065,4220,51,-0.3,9.9,-0.44,6,457.02,-34.13,223.57,264,W,4.02
15/11/2024 01:08,12.02,2458,3439,45,-0.64,9.81,-0.65,9,457.01,-33.4,221.8,305,NW,4.02
15/11/2024 01:38,11.96,3843,5297,64,-0.49,9.94,-0.03,4,457.01,-35.97,221.28,263,W,4.02
15/11/2024 02:09,11.89,2469,3404,41,-0.59,9.94,0.21,6,458.11,-34.08,216.72,259,W,4.02
15/11/2024 02:39,11.89,3881,5344,65,-2.58,6.5,6.95,48,484.85,-20.81,192.07,349,N,4.02
15/11/2024 03:09,11.83,4038,5554,67,-6.12,0.72,7.59,85,513.46,-18.99,194.21,348,N,4.02
15/11/2024 03:39,10.23,4024,5804,88,-5.56,-3.21,7.28,70,528.01,-28.04,199.9,350,N,4.02
15/11/2024 04:09,9.43,4662,6719,102,-5.53,-1.39,7.88,81,521.17,-25.33,195.21,351,N,4.02
15/11/2024 04:39,10.96,3854,5311,64,-7.2,2.79,6.43,73,504.88,-6.54,201.39,342,N,4.02
15/11/2024 05:10,11.89,3850,5306,64,-5.59,7.38,3.75,41,479.65,-3.91,209.95,324,NW,4.02
15/11/2024 05:40,11.98,3886,5355,65,-0.5,9.53,0.73,14,458.57,-30.83,215.46,226,SW,4.02
15/11/2024 06:10,11.88,1269,1744,20,-0.47,9.85,1.47,8,460.19,-32.46,210.61,197,S,4.02
15/11/2024 06:40,11.83,3892,5362,65,-0.26,9.81,1.73,10,460.55,-35.48,210.11,186,S,4.02
15/11/2024 07:10,11.89,2275,3212,44,-0.34,9.96,0.49,4,457.8,-36.04,216.52,233,SW,4.02
15/11/2024 07:40,12.04,2237,3156,43,-0.57,9.93,1.22,7,459.37,-37.85,211.15,203,SW,4.02
15/11/2024 08:11,12.1,2026,2902,42,-0.55,9.9,1.02,7,459.03,-37.78,212.67,217,SW,4.02
15/11/2024 08:41,12.14,3919,5405,66,-0.4,9.85,0.5,8,458.38,-38.75,216.89,233,SW,4.02
15/11/2024 09:11,12.1,3444,4750,58,0.9,9.31,0.55,18,460.47,-39.57,217.55,175,S,4.02
15/11/2024 09:41,12.06,3916,5405,66,-0.01,9.8,1.26,8,459.48,-33.66,212.81,218,SW,4.02
15/11/2024 10:11,12.17,2474,3424,42,0.06,9.92,-0.44,5,456.4,-37.34,223.42,255,W,4.02
15/11/2024 10:41,12.29,3787,5269,67,0.01,9.63,-2.11,13,455.33,-37.59,233.38,307,NW,4.02
15/11/2024 11:12,12.33,3251,4755,77,0.11,9.8,-1.84,10,454.86,-37.18,232.59,338,N,4.02
15/11/2024 11:42,12.27,3532,4923,63,0.12,9.84,-0.86,9,456.19,-35.34,226.19,285,W,4.02
15/11/2024 12:12,12.21,2124,3063,46,-0.05,9.96,-0.01,3,457.28,-35.76,219.97,255,W,4.02
15/11/2024 12:42,12.1,2978,4381,72,-0.41,9.95,0.14,4,457.56,-33.84,219.4,260,W,4.02
15/11/2024 13:12,12.04,5846,8735,155,-0.22,9.98,0.18,3,457.28,-35.5,219.84,247,SW,4.02
15/11/2024 13:43,12.02,7584,11266,196,-0.4,9.99,-0.23,5,456.85,-34.32,222.13,276,W,4.02
15/11/2024 14:13,11.96,12274,15752,173,-0.58,9.94,0.82,5,458.89,-33.9,213.91,222,SW,4.02
15/11/2024 14:43,11.96,9944,13587,179,-0.9,9.93,0.67,6,458.16,-35.63,214.08,245,SW,4.02
15/11/2024 15:13,11.96,3857,5318,65,-2.92,5.15,7.82,57,492.39,-23.9,188.95,352,N,4.01
15/11/2024 15:43,11.92,2863,4027,54,-5.54,-0.2,7.98,88,516.79,-23.27,193.25,350,N,4.02
15/11/2024 16:13,11.04,4093,5896,89,-5.3,-3.05,7.49,71,527.15,-28.53,199.15,351,N,4.01
15/11/2024 16:44,11.25,4450,6189,79,-5.64,0.03,7.95,88,515.78,-22.53,193.08,350,N,4.02
15/11/2024 17:14,11.82,3842,5292,64,-6.06,4.02,6.7,65,498.79,-11.27,195.92,343,N,4.01
15/11/2024 17:44,11.98,3832,5277,64,-3.49,8.51,3.87,31,471.45,-12.74,205.55,311,NW,4.01
15/11/2024 18:14,11.96,3585,5228,83,-1.51,10.04,0.94,11,459.91,-23.03,214.39,257,W,4.01
15/11/2024 18:44,11.94,8251,12328,219,-1.39,9.83,1.38,10,460.18,-22.9,213.5,242,SW,4.01
15/11/2024 19:14,11.96,5544,8059,127,-1.41,9.81,1.44,11,460.26,-23.01,213.31,243,SW,4.01
15/11/2024 19:45,12,4466,6485,102,-1.6,9.77,1.54,12,460.91,-20.42,213.75,249,W,4.01
15/11/2024 20:15,12.1,6549,9452,146,-1.65,9.69,1.74,13,461.53,-20.38,213,251,W,4.01
15/11/2024 20:45,12.12,4481,6527,104,-1.65,9.52,2.47,16,463.22,-19.39,210.73,251,W,4.01
15/11/2024 21:15,12.14,6285,9183,148,-1.72,9.39,2.77,18,464.12,-18.65,209.96,262,W,4.01
15/11/2024 21:45,12.18,3898,5368,65,-1.68,8.72,4.32,27,467.98,-17.77,205.05,301,NW,4.01
15/11/2024 22:15,12.14,3902,5375,65,-2.72,6.96,6.46,44,478.16,-12.77,200.31,342,N,4.01
15/11/2024 22:46,12.23,3904,5376,65,-3.02,7.96,5.09,36,472.7,-11.11,206.46,324,NW,4.01
15/11/2024 23:16,12.31,3881,5343,64,-4.63,6.47,5.58,47,481.28,-5.56,208.04,331,NW,4.01
15/11/2024 23:46,12.29,1916,2683,35,0.08,9.96,0.42,3,457.62,-34.48,216.75,161,S,4.01
16/11/2024 00:16,12.19,2518,3678,59,-0.02,9.95,0.59,4,458.13,-35.84,216.18,196,S,4.01
16/11/2024 00:46,12.14,6171,9218,164,-0.23,9.96,-0.73,4,455.64,-34.01,225.27,321,NW,4.01
16/11/2024 01:17,12.07,7820,11521,193,-0.31,9.97,-0.56,3,455.9,-35.31,224.67,311,NW,4.01
16/11/2024 01:47,11.98,6105,8716,127,-0.26,9.98,-0.41,2,455.93,-36.09,223.57,304,NW,4.01
16/11/2024 02:17,11.92,7349,10753,175,-0.37,9.98,0.25,3,457.59,-35.67,218.42,243,SW,4.01
16/11/2024 02:47,11.83,6979,10210,166,-0.51,9.96,0.41,4,457.91,-38.39,218.02,237,SW,4.01
16/11/2024 03:17,11.75,4058,5904,93,-1.61,8.7,4.6,28,470.91,-28.46,197.1,327,NW,4.01
16/11/2024 03:47,11.67,3816,5255,64,-4.2,2.31,8.52,75,507.05,-22.09,190.65,352,N,4.01
16/11/2024 04:18,10.51,3990,5752,87,-4.7,-1.34,8.4,81,522.14,-26.14,195.78,353,N,4.01
16/11/2024 04:48,8.68,4051,5862,90,-4.76,-1.35,8.37,81,522.4,-26.12,196.09,353,N,4.01
16/11/2024 05:18,10.33,3799,5236,64,-6.03,2.3,7.41,75,506.88,-14.97,194.36,346,N,4.01
16/11/2024 05:48,11.6,3820,5265,64,-5.02,6.81,5.21,46,482.67,-13.68,196.95,333,NW,4.01
16/11/2024 06:18,11.73,3746,5471,88,-0.43,9.93,1.11,6,459.61,-35.23,212.44,213,SW,4.01
16/11/2024 06:48,11.71,8407,12388,211,-0.53,9.94,0.83,5,458.85,-34.07,214.49,218,SW,4.01
16/11/2024 07:19,11.71,8060,11876,200,-0.4,9.96,0.91,5,458.86,-35.23,213.32,199,S,4.01
16/11/2024 07:49,11.68,8895,12525,178,-0.46,9.96,0.85,5,458.82,-35.87,214.2,223,SW,4.01
16/11/2024 08:19,11.79,6830,9893,154,-0.36,9.94,1.1,6,459.15,-36.93,211.95,191,S,4.01
16/11/2024 08:49,11.87,5670,8198,127,-0.41,9.88,1.25,7,459.47,-34.72,211.58,204,SW,4.01
16/11/2024 09:19,11.93,5068,7242,106,-0.07,9.92,0.65,5,458.58,-34.28,215.52,206,SW,4.01
16/11/2024 09:49,11.96,4738,6841,105,-0.08,9.92,-0.68,5,456.08,-34.7,225.74,296,NW,4.01
16/11/2024 10:20,11.93,3893,5369,65,1.66,8.07,5.32,34,471.89,-36.95,195.25,41,NE,4.01
16/11/2024 10:50,12.08,3896,5370,65,0.37,8.74,4.61,27,467.55,-27.82,200.52,56,NE,4.01
16/11/2024 11:20,12.21,3856,5330,66,0.95,9.67,-2.15,13,454.1,-39.12,231.55,9,N,4.01
16/11/2024 11:50,12.21,3877,5353,65,0.31,8.35,5.29,32,469.42,-27.28,198.64,24,NE,4
16/11/2024 12:20,12.14,2605,3811,61,0.31,9.97,-0.44,2,456.38,-41.58,222.7,22,NE,4.01
16/11/2024 12:51,12.04,3080,4537,75,0.02,9.95,-0.63,3,455.87,-37.61,224.17,281,W,4.01
16/11/2024 13:21,11.94,4971,7377,127,-0.23,9.98,-0.32,3,456.6,-34.32,222.64,306,NW,4.01
16/11/2024 13:51,11.85,10782,15738,258,-0.47,9.98,-0.51,3,456.27,-37.34,222.56,313,NW,4.01
16/11/2024 14:21,11.77,9415,12215,142,-0.57,9.96,-0.03,5,457.1,-36.48,219.36,276,W,4
16/11/2024 14:51,11.71,18889,22829,175,-0.64,9.96,0.07,5,457.34,-36.74,218.5,268,W,4
16/11/2024 15:21,11.64,14064,17369,147,-0.71,9.91,0.75,6,458.42,-36.3,214.39,236,SW,4
16/11/2024 15:52,11.64,3830,5279,64,-1.51,8.78,4.38,27,470.03,-29.27,197.65,304,NW,4
16/11/2024 16:22,11.64,3817,5260,64,-4.54,3.22,8.06,70,501.77,-22.29,189.39,350,N,4
16/11/2024 16:52,11.62,3813,5255,64,-6.17,0.74,7.59,85,513.81,-17.65,194.95,348,N,4
16/11/2024 17:22,11.62,3819,5264,64,-6.12,2.11,7.36,77,507.18,-16.48,193.56,346,N,4
16/11/2024 17:52,11.64,3819,5262,64,-4.73,5.43,6.84,56,490.41,-18.8,191.54,344,N,4
16/11/2024 18:22,11.73,3829,5276,64,-1.13,9.6,1.51,15,461.23,-33.76,211.1,220,SW,4
16/11/2024 18:53,11.73,3826,5272,64,-0.98,9.7,1.37,12,460.18,-34.55,211.08,231,SW,4
16/11/2024 19:23,11.75,3836,5283,64,-0.58,9.72,1.46,11,460.21,-35.34,212.05,219,SW,4
16/11/2024 19:53,11.75,3828,5271,64,-0.8,9.58,1.26,13,460.8,-32.15,211.73,255,W,4
16/11/2024 20:23,11.82,3841,5290,64,-0.76,9.71,1.71,11,461,-32.19,210.74,233,SW,4
16/11/2024 20:53,11.91,2889,3971,47,-0.77,9.79,1.66,10,461.04,-34.39,208.79,210,SW,4
16/11/2024 21:23,12.04,3713,5112,61,-0.96,9.68,1.88,13,461.86,-32.76,207.5,222,SW,4
16/11/2024 21:54,12.02,3868,5327,64,-0.11,9.6,2.41,13,462.41,-34.22,206.32,154,SE,4
16/11/2024 22:24,12.02,3840,5293,64,0.08,9.86,0.61,9,458.83,-36.39,216.71,224,SW,4
16/11/2024 22:54,12.02,3859,5312,64,2.34,8.22,4.92,33,469.77,-40.32,196.72,43,NE,4
16/11/2024 23:24,12.14,3864,5318,64,2.21,8.22,5.02,33,469.78,-38.54,196.8,42,NE,4
16/11/2024 23:54,12.21,3862,5316,64,0.95,9.17,3.08,19,464.53,-35.58,203.6,116,SE,4
17/11/2024 00:25,12.21,3854,5305,64,-0.07,8.92,4.39,25,466.48,-25.49,202.5,42,NE,4
17/11/2024 00:55,12.09,815,1117,12,0.06,9.95,0.78,4,458.63,-35.04,213.97,136,SE,4
17/11/2024 01:25,11.99,660,893,9,-0.08,9.96,-0.31,3,456.61,-35.9,223.42,295,NW,4
17/11/2024 01:55,11.92,3824,5264,64,-0.56,9.81,0.08,9,457.66,-36.64,219.3,250,W,4
17/11/2024 02:25,11.79,1745,2398,28,-0.23,9.93,0.19,3,457.36,-37.72,219.88,234,SW,4
17/11/2024 02:55,11.73,3788,5217,63,-0.67,9.92,-0.34,7,457.14,-37.81,220.31,269,W,3.99
17/11/2024 03:26,11.61,3753,5170,62,-0.77,9.89,0.45,6,458.21,-35.87,215.84,253,W,4
17/11/2024 03:56,11.58,3787,5219,63,-1.05,9.73,0.45,13,459.39,-30.8,215.68,291,W,4
17/11/2024 04:26,11.52,3808,5250,64,-2.83,7.48,5.89,40,479.65,-21.96,193.75,341,N,4
17/11/2024 04:56,11.52,3785,5218,63,-5.1,2.98,7.85,71,502.58,-21.74,189.8,349,N,3.99
17/11/2024 05:26,11.5,3785,5219,63,-5.68,2.2,7.66,76,507.65,-17.2,193.03,347,N,4
17/11/2024 05:56,11.5,3801,5240,64,-4.35,4.77,7.38,60,493.77,-22.26,189.5,347,N,3.99
17/11/2024 06:27,11.56,3830,5279,64,-2.29,8.73,4.28,28,470.04,-26.65,198.21,312,NW,3.99
17/11/2024 06:57,11.62,3799,5236,63,-0.97,9.6,0.68,13,459.8,-32.51,215.18,270,W,3.99
17/11/2024 07:27,11.54,2895,3984,48,-0.89,9.67,1.05,12,460.33,-31.81,213.95,273,W,3.99
17/11/2024 07:57,11.54,2583,3551,42,-0.57,9.95,0.87,5,458.76,-36.68,212.98,219,SW,3.99
17/11/2024 08:27,11.64,3827,5275,64,-1,9.86,1.11,9,459.94,-33.41,211.37,238,SW,3.99
17/11/2024 08:57,11.77,767,1028,10,-0.42,9.84,1.73,9,460.96,-33.63,209.21,187,S,3.99
17/11/2024 09:28,11.9,3862,5321,65,-0.55,9.74,2.17,12,462.06,-35.16,206.59,190,S,3.99
17/11/2024 09:58,11.93,3874,5363,66,-0.1,9.8,1.95,10,461.22,-34.49,208.2,167,S,3.99
17/11/2024 10:28,11.93,3862,5341,66,0.14,9.52,1.57,14,461.3,-34.97,211.91,187,S,3.99
17/11/2024 10:58,11.98,3866,5331,65,1.59,8.76,4.28,27,467.4,-37.11,198.93,59,NE,3.99
17/11/2024 11:28,12,3865,5329,65,1.97,8.75,4.14,27,467.05,-39.65,199.61,69,E,3.99
17/11/2024 11:58,12.1,3873,5344,65,1.1,8.77,4.48,27,467.2,-33.06,199.62,59,NE,3.99
17/11/2024 12:29,12.14,3866,5333,65,1.31,7.45,5.65,38,474.15,-34.83,196.42,23,NE,3.99
17/11/2024 12:59,12.04,3781,5230,65,0.27,9.8,-1.79,10,454.89,-36.35,231.62,196,S,3.99
17/11/2024 13:29,11.92,787,1089,13,-0.01,9.91,-0.07,5,456.91,-35.2,220.72,241,SW,3.99
17/11/2024 13:59,11.85,3846,5306,65,-0.49,9.83,0.87,8,459.05,-33.76,214.53,235,SW,3.99
17/11/2024 14:29,11.75,3828,5290,65,-0.47,9.97,0.18,5,457.36,-38.79,219.25,253,W,3.99
17/11/2024 15:00,11.67,3846,5314,65,-0.61,9.92,0.19,6,457.61,-35.52,218.5,265,W,3.99
17/11/2024 15:30,11.54,3814,5261,64,-0.78,9.9,0.84,8,458.57,-35.53,214.37,249,W,3.99
17/11/2024 16:00,11.5,3801,5240,64,-0.84,9.76,1.24,12,460.31,-34.34,212.33,254,W,3.99
17/11/2024 16:30,11.46,3807,5249,64,-0.96,9.57,2.21,14,462.24,-31.47,207.23,224,SW,3.99
17/11/2024 17:00,11.44,3837,5291,64,-5.27,4.82,6.76,60,492.99,-18.98,190.99,344,N,3.99
17/11/2024 17:30,11.39,3812,5256,64,-5.89,1.5,7.68,80,508.95,-20.66,191.12,348,N,3.99
17/11/2024 18:01,11.4,3817,5265,64,-6.08,2.04,7.43,77,506.28,-19.8,191.21,347,N,3.99
17/11/2024 18:31,11.43,3815,5261,64,-4.54,5.25,6.94,57,490.73,-21.12,190.54,345,N,3.99
17/11/2024 19:01,11.43,3812,5250,63,-3.17,8.45,2.19,29,467.33,-19.98,208.09,306,NW,3.99
17/11/2024 19:31,11.44,3815,5257,64,-0.86,9.04,1.96,21,463.52,-33.15,209.3,225,SW,3.99
17/11/2024 20:01,11.43,3799,5235,63,-0.94,9.39,1.8,16,462.33,-33.2,209.02,243,SW,3.99
17/11/2024 20:31,11.5,3813,5252,64,-0.82,9.28,1.74,19,462.67,-33.54,211.41,245,SW,3.99
17/11/2024 21:02,11.5,3832,5278,64,-1.14,9.28,1.4,19,462.25,-31.9,213.72,248,W,3.99
17/11/2024 21:32,11.54,3864,5321,64,-1.53,9.61,1,13,460.5,-30,211.37,280,W,3.99
17/11/2024 22:02,11.66,3908,5381,65,-0.54,9.62,1.68,13,461.76,-33.97,210.18,210,SW,3.99
17/11/2024 22:32,11.68,3882,5346,65,0.19,9.62,2.43,13,462.55,-34.48,206.79,137,SE,3.99
17/11/2024 23:02,11.69,3901,5378,65,1.37,9.21,3.39,21,465.35,-37.16,201.92,82,E,3.99
17/11/2024 23:32,11.79,3946,5438,66,0.11,9.83,-1.13,9,455.99,-37.38,227.72,221,SW,3.99
18/11/2024 00:03,11.95,3817,5251,63,3.07,8.39,3.87,30,469.64,-48.8,199.57,53,NE,3.99
18/11/2024 00:33,12.04,3802,5231,63,0.83,9.37,0.74,18,460.51,-37.84,217.2,193,S,3.99
18/11/2024 01:03,12.04,3805,5240,63,-0.34,9.46,1.99,21,462.74,-38.9,212.66,184,S,3.98
18/11/2024 01:33,11.98,3809,5246,63,0.74,9.29,1.39,19,461.73,-38.86,213.83,161,S,3.99
18/11/2024 02:03,11.86,3842,5297,64,-0.33,9.75,0.03,12,458.55,-35.04,219.55,256,W,3.99
18/11/2024 02:34,11.79,3826,5276,64,-0.42,9.72,-0.52,9,456.97,-36.45,223.46,272,W,3.99
18/11/2024 03:04,11.77,3835,5288,64,-0.99,9.61,0.1,14,458.85,-34.91,218.75,260,W,3.99
18/11/2024 03:34,11.73,3767,5192,63,-0.55,9.85,0.35,8,458.42,-35.52,216.61,239,SW,3.99
18/11/2024 04:04,11.67,3807,5249,64,-0.75,9.85,-0.32,9,457.41,-35.19,219.1,289,W,3.98
18/11/2024 04:34,11.57,3819,5265,64,-0.65,9.4,1.26,15,461.35,-33.12,213.46,238,SW,3.98
18/11/2024 05:04,11.52,3865,5324,64,-0.65,9.71,0.98,13,459.16,-36.53,215.94,227,SW,3.99
18/11/2024 05:35,11.52,3818,5257,63,-1.8,7.26,6.26,42,480.09,-28.07,191.82,210,SW,3.99
18/11/2024 06:05,11.56,3842,5291,64,-2.56,6.44,7,48,485.18,-21.13,191.92,350,N,3.99
18/11/2024 06:35,11.56,3848,5302,64,-3.36,7.63,4.89,38,476.23,-23,196.11,300,NW,3.98
18/11/2024 07:05,11.62,3815,5256,64,0.01,9.44,-1.42,17,457.04,-33.59,226.27,170,S,3.98
18/11/2024 07:35,11.58,3809,5250,63,-0.97,9.62,0.93,14,459.63,-34.78,215.38,256,W,3.98
18/11/2024 08:05,11.54,4079,5635,69,0.58,9.46,1.27,15,461.27,-42.81,214.44,173,S,3.98
18/11/2024 08:36,11.46,3799,5257,65,-1.06,9.47,0.87,16,460.96,-33.48,213.69,267,W,3.98
18/11/2024 09:06,11.46,3799,5244,64,-0.38,9.59,1.01,13,460.57,-30.85,214.8,197,S,3.98
18/11/2024 09:36,11.56,3782,5225,64,-0.92,9.46,0.58,15,460.63,-26.28,217.59,194,S,3.98
18/11/2024 10:06,11.67,3786,5231,64,-0.54,9.72,2,11,461.66,-33.44,208.42,202,S,3.98
18/11/2024 10:36,11.68,3817,5291,66,-0.23,9.13,-0.13,20,460.15,-37.21,220.6,230,SW,3.98
18/11/2024 11:06,11.75,3853,5319,65,0.43,9.68,2.12,12,462.03,-39.26,207.48,132,SE,3.98
18/11/2024 11:37,11.75,3750,5182,63,0.14,9.54,-1.88,14,455.77,-36.97,232.84,285,W,3.98
18/11/2024 12:07,11.79,3782,5221,64,0.96,9.01,1.61,23,462.96,-38.17,213.1,160,S,3.98
18/11/2024 12:37,11.93,3767,5202,64,-0.08,9.17,0.9,20,461.56,-35.23,217.18,205,SW,3.98
18/11/2024 13:07,12.04,3774,5212,64,0.13,9.03,0.44,23,462.11,-36.51,219.38,205,SW,3.98
18/11/2024 13:37,11.98,3782,5210,63,1.12,9.16,2.86,20,464.62,-38.03,205.62,126,SE,3.98
18/11/2024 14:08,11.85,3830,5285,64,-0.15,9.73,-0.31,10,457.71,-36.98,222.19,255,W,3.98
18/11/2024 14:38,11.73,3832,5290,65,-0.36,9.79,-0.4,10,457.4,-36.33,222.56,268,W,3.98
18/11/2024 15:08,11.6,3839,5295,64,-0.19,9.72,0.24,11,458.66,-34.97,219.73,241,SW,3.98
18/11/2024 15:38,11.5,3811,5258,64,-0.39,9.76,1.29,12,460.16,-36.97,213.88,211,SW,3.98
18/11/2024 16:08,11.35,3797,5237,64,-0.63,9.83,-0.11,10,457.69,-36.4,221.16,266,W,3.98
18/11/2024 16:38,11.29,3771,5200,63,-0.8,9.77,1.19,9,460.11,-34.65,213.74,250,W,3.98
18/11/2024 17:09,11.23,3769,5198,63,-0.96,9.79,0.2,12,459.33,-28.09,218.7,236,SW,3.98
18/11/2024 17:39,11.21,3760,5183,63,-2.1,8.52,4.51,30,471.5,-27.01,197.34,307,NW,3.98
18/11/2024 18:09,11.23,3775,5201,63,-2.94,5.05,7.87,58,493.34,-21.95,189.69,352,N,3.98
18/11/2024 18:39,11.25,3774,5200,63,-2.71,5.41,7.75,56,490.86,-20.46,190.62,352,N,3.98
18/11/2024 19:09,11.31,3815,5259,64,-2.44,7.21,6.18,42,480.39,-21.93,193.53,346,N,3.98
18/11/2024 19:39,11.33,3763,5189,63,-1.84,9.59,0.91,13,461.96,-21.56,214.68,272,W,3.98
18/11/2024 20:10,11.37,3794,5233,64,-0.92,9.73,1.48,11,460.65,-32.83,210.59,230,SW,3.98
18/11/2024 20:40,11.41,3763,5188,63,-1.5,9.6,1.04,14,461.32,-28.67,211.99,268,W,3.98
18/11/2024 21:10,11.48,3797,5234,64,-1.1,9.79,0.55,11,459.41,-32.33,215.04,273,W,3.98
18/11/2024 21:40,11.52,3791,5228,64,-0.83,9.77,1.18,10,460.47,-32.54,213.14,251,W,3.98
18/11/2024 22:10,11.56,3808,5250,64,-1,9.69,1.82,12,461.82,-30.06,208.78,227,SW,3.97
18/11/2024 22:40,11.6,3814,5261,64,-0.55,9.68,2.02,12,461.86,-33.79,208.31,196,S,3.97
18/11/2024 23:11,11.62,3812,5259,64,0,9.77,1.83,11,461.45,-37.97,210.55,156,SE,3.98
18/11/2024 23:41,11.64,3788,5225,64,-0.33,9.06,-0.7,22,459.86,-35.11,223.14,198,S,3.98
19/11/2024 00:11,11.67,3755,5182,63,-1.45,8.61,1.67,27,465.84,-26.17,215.41,262,W,3.97
19/11/2024 00:41,11.69,3653,5034,61,-0.35,9.28,-0.43,18,459.52,-33.61,221.7,214,SW,3.97
19/11/2024 01:11,11.68,3800,5245,64,-0.61,8.33,0.44,30,465.03,-33.06,218.81,155,SE,3.97
19/11/2024 01:42,11.81,3844,5302,65,-0.6,8.73,0.67,25,463.75,-34.86,218.1,250,W,3.97
19/11/2024 02:12,12,3787,5221,63,-1.43,8.61,3.29,28,468.14,-26.26,204.47,244,SW,3.97
19/11/2024 02:42,12.06,3684,5082,62,-0.24,9.46,0.18,16,459.64,-32.01,219.48,207,SW,3.97
19/11/2024 03:12,12.02,3834,5286,64,-0.81,8.79,0.33,25,463.27,-30.73,218.38,211,SW,3.97
19/11/2024 03:42,12.02,3782,5211,63,-1.15,8.83,-1.03,24,461.04,-30.29,224.58,270,W,3.97
19/11/2024 04:12,12.02,3820,5267,64,-1.77,9.15,0.36,21,462.43,-24.68,219.02,263,W,3.97
19/11/2024 04:43,12,3724,5135,62,-1.33,9.7,0.82,11,461.04,-23.42,214.89,256,W,3.97
19/11/2024 05:13,11.96,3839,5298,65,-1.46,9.5,1.21,15,461.84,-29.66,212.56,283,W,3.97
19/11/2024 05:43,11.92,3795,5232,64,-1.31,9.19,1.78,20,464.21,-26.56,212.22,260,W,3.97
19/11/2024 06:13,11.81,3524,4862,59,-1.69,9.22,1.24,21,462.41,-22.84,214.88,294,NW,3.97
19/11/2024 06:43,11.54,3788,5229,64,-0.59,9.34,0.86,18,461.81,-30.86,214.34,217,SW,3.97
19/11/2024 07:13,11.33,3769,5206,64,-3.35,8.91,-0.67,24,464.79,-15.91,221.93,319,NW,3.97
19/11/2024 07:44,11.21,3832,5295,65,-0.84,8.83,0.43,26,462.89,-27.5,218.91,176,S,3.97
19/11/2024 08:14,11.23,3803,5254,64,-1.28,8.59,0.66,25,463.63,-27.55,219.86,256,W,3.97
19/11/2024 08:44,11.33,3851,5322,65,-0.15,9.54,-1.16,19,456.71,-35.34,227.28,182,S,3.97
19/11/2024 09:14,11.48,3835,5298,65,0.14,9.06,0.28,23,461.1,-28.79,221.3,187,S,3.97
19/11/2024 09:44,11.68,3609,4990,61,-1.25,9.34,1.61,18,463.79,-24.28,212.11,262,W,3.97
19/11/2024 10:14,11.93,3751,5187,64,-1.02,9.35,0.33,17,461.62,-25.59,218.4,253,W,3.97
19/11/2024 10:45,12.06,3692,5092,62,-1.17,9.5,1.1,17,462.1,-21.27,214.95,229,SW,3.97
19/11/2024 11:15,12.04,3656,5053,62,-0.02,9.52,0.06,14,459.89,-27.43,219.59,191,S,3.97
19/11/2024 11:45,12.06,3647,5031,61,-1.05,8.82,1.56,23,465.8,-24.55,214.43,235,SW,3.97
19/11/2024 12:15,11.98,3647,5033,61,0.13,8.95,-0.56,23,460.88,-29.27,223.16,157,SE,3.97
19/11/2024 12:45,12.04,4035,5573,68,-0.33,8.58,0.87,28,464.81,-30.34,219.45,197,S,3.97
19/11/2024 13:16,12.17,3599,4976,61,0.45,8.87,-2.11,24,458.49,-35.34,229.45,141,SE,3.97
19/11/2024 13:46,12.18,3501,4844,60,-0.11,9.15,3.38,21,465.36,-24.22,206.43,137,SE,3.96
19/11/2024 14:16,12.08,3642,5025,61,0.24,9.4,-0.81,15,458.94,-35.54,222.18,152,SE,3.97
19/11/2024 14:46,11.9,3684,5088,62,0,9.1,-0.53,21,460.46,-32.18,223.59,153,SE,3.97
19/11/2024 15:16,11.71,3652,5044,62,-0.2,9.38,-0.31,18,459.68,-29.46,221.86,185,S,3.97
19/11/2024 15:46,11.64,3664,5063,62,-0.25,8.81,-0.56,24,461.1,-30.17,223.64,182,S,3.97
19/11/2024 16:17,11.65,3676,5080,62,-0.3,9.59,-0.72,14,458.32,-34.34,223.86,275,W,3.97
19/11/2024 16:47,11.61,3654,5050,62,-0.68,9.66,-0.55,13,458.69,-31.93,221.57,315,NW,3.96
19/11/2024 17:17,11.58,3655,5050,62,-0.75,9.71,-0.38,11,458.28,-31.43,220.88,299,NW,3.96
19/11/2024 17:47,11.54,3688,5099,63,-0.7,9.5,1.24,15,461.76,-30.45,212.15,233,SW,3.97
19/11/2024 18:17,11.5,3730,5155,63,-0.9,9.67,0.57,13,460.1,-31.09,215.86,272,W,3.96
19/11/2024 18:47,11.46,3746,5174,63,-2.35,9.07,2.71,23,466.15,-20.89,206.25,291,W,3.96
19/11/2024 19:18,11.39,3812,5265,65,-2.59,8.42,4.35,31,472.21,-24.75,198.47,299,NW,3.96
19/11/2024 19:48,11.39,3828,5288,65,-2.36,8.79,2.98,27,468.93,-22.09,204.32,279,W,3.96
19/11/2024 20:18,11.39,3854,5326,66,-0.61,9.69,0.61,12,459.94,-30.59,215.29,257,W,3.96
19/11/2024 20:48,11.43,3838,5307,65,-0.49,9.79,-0.09,10,458.33,-29.01,220.11,250,W,3.96
19/11/2024 21:18,11.44,4260,5926,75,-0.5,9.75,0.96,10,460.34,-25.51,215.94,209,SW,3.96
19/11/2024 21:48,11.39,3654,5057,63,-0.6,9.6,0.79,13,460.3,-26.35,217.07,178,S,3.96
19/11/2024 22:19,11.37,3835,5299,65,-0.72,9.9,1.3,8,460.7,-28.57,211.55,213,SW,3.96
19/11/2024 22:49,11.38,3846,5313,65,-0.56,9.82,1.6,10,461.32,-29.29,210.04,205,SW,3.96
19/11/2024 23:19,11.41,3842,5308,65,-0.57,9.75,1.79,10,461.79,-30.88,209.34,209,SW,3.96
19/11/2024 23:49,11.39,3835,5298,65,-0.47,9.81,1.9,10,461.78,-27.07,210.1,192,S,3.96
20/11/2024 00:19,11.44,3828,5289,65,-0.19,9.88,1.65,9,461.15,-29.53,210.54,177,S,3.96
20/11/2024 00:50,11.46,3830,5290,65,0.33,9.42,0.02,16,459.72,-32.75,221.31,110,E,3.96
20/11/2024 01:20,11.54,3799,5249,64,-0.15,9.48,2.34,14,463.51,-27.38,209.16,163,S,3.96
20/11/2024 01:50,11.71,3799,5248,64,0.48,9.24,1.98,20,462.92,-29.99,212.34,87,E,3.96
20/11/2024 02:20,11.83,3869,5349,66,-0.44,9.67,1.76,13,462.31,-24.62,212.84,172,S,3.96
20/11/2024 02:50,11.83,3847,5317,65,0.5,9.04,4.02,23,466.55,-28.12,202.64,78,E,3.96
20/11/2024 03:20,11.65,3807,5260,65,-0.53,9.51,-0.49,15,459.87,-27.7,222.2,150,SE,3.96
20/11/2024 03:51,11.4,3782,5227,64,-0.38,9.63,1.36,13,461.69,-26.07,214.23,207,SW,3.96
20/11/2024 04:21,11.25,3817,5275,65,-0.37,9.93,0.3,5,458.72,-34.58,217.19,269,W,3.96
20/11/2024 04:51,11.11,3803,5258,65,-0.57,9.88,0.13,8,458.64,-34.26,217.79,267,W,3.96
20/11/2024 05:21,11,3794,5244,64,-1.18,9.72,0.49,12,460.54,-28.49,215.57,287,W,3.96
20/11/2024 05:51,10.92,3787,5235,64,-0.76,9.79,1.26,11,461.62,-28.68,212.29,236,SW,3.96
20/11/2024 06:21,10.89,3786,5232,64,-1.18,9.78,1.34,10,461.64,-30.39,211.08,252,W,3.96
20/11/2024 06:52,10.83,3799,5250,65,-0.54,9.87,1.16,8,460.13,-34.36,212.7,220,SW,3.96
20/11/2024 07:22,10.86,3804,5259,65,-1.29,9.75,1.4,12,461.52,-29.83,210.45,248,W,3.96
20/11/2024 07:52,10.91,3887,5377,66,-0.76,9.85,0.71,8,459.79,-31.49,214.46,247,SW,3.96
20/11/2024 08:22,11.02,5010,7146,103,-0.98,9.67,1.03,12,460.92,-27.14,214,269,W,3.96
20/11/2024 08:52,11.02,3823,5308,67,-0.73,9.9,0.98,6,460.56,-27.99,213.08,222,SW,3.96
20/11/2024 09:22,10.92,3807,5279,66,-0.85,9.84,1.22,8,461.44,-26.6,212.75,232,SW,3.96
20/11/2024 09:53,10.89,3805,5271,65,-0.66,9.9,1.1,7,460.81,-27.34,213.05,220,SW,3.96
20/11/2024 10:23,10.83,2868,3977,49,-1,9.64,1.22,13,461.75,-27.23,213.01,257,W,3.96
20/11/2024 10:53,10.81,3810,5287,66,-0.71,9.82,1.19,9,461.37,-28.33,212.97,223,SW,3.96
20/11/2024 11:23,10.85,3801,5272,66,-0.31,9.86,1.51,8,461.53,-32.65,210.64,184,S,3.96
20/11/2024 11:53,10.99,3794,5258,66,-0.36,9.8,1.89,10,462.44,-31,208.7,183,S,3.96
20/11/2024 12:24,10.98,3798,5265,66,-0.11,9.81,1.62,9,461.66,-32.1,210.69,191,S,3.96
20/11/2024 12:54,10.98,3611,5096,70,-0.03,9.94,0.52,3,459.56,-32.65,216.25,208,SW,3.96
20/11/2024 13:24,11.2,3780,5238,65,-0.16,9.76,0.28,10,459.78,-32.11,217.93,254,W,3.96
20/11/2024 13:54,11.43,3770,5220,65,0.79,9.04,4.01,23,466.85,-30.19,201.64,77,E,3.96
20/11/2024 14:24,11.62,3712,5140,64,0.43,9.22,3.35,20,465.29,-28.85,204.58,99,E,3.96
20/11/2024 14:54,11.81,2415,3342,41,0.68,8.91,4.12,24,467.81,-30.38,200.99,78,E,3.96
20/11/2024 15:25,11.73,3780,5223,64,-0.28,9.71,0.51,10,460.1,-30.04,216.69,281,W,3.96
20/11/2024 15:55,11.52,3790,5239,64,-0.4,9.92,0.53,5,459.17,-35.31,216,248,W,3.96
20/11/2024 16:25,11.31,3792,5238,64,-0.58,9.93,0.39,6,459.12,-32.65,216.23,250,W,3.96
20/11/2024 16:55,11.13,3790,5238,64,-0.53,9.88,0.43,7,459.67,-31.93,215.53,248,W,3.96
20/11/2024 17:25,11.04,3773,5214,64,-0.56,9.91,0.68,6,459.83,-33.34,214.56,237,SW,3.96
20/11/2024 17:55,10.92,3784,5229,64,-0.39,9.83,1.52,8,461.52,-32.94,210.51,191,S,3.96
20/11/2024 18:26,10.85,3791,5241,64,-1.02,9.79,1.03,10,461.11,-29.18,212.68,257,W,3.96
20/11/2024 18:56,10.77,3790,5237,64,-0.77,9.8,1.57,9,462.01,-27.69,210.48,218,SW,3.96
20/11/2024 19:26,10.77,3767,5205,64,-0.66,9.82,1.01,9,460.72,-30.12,213.76,237,SW,3.96
20/11/2024 19:56,10.75,3692,5104,63,-0.8,9.89,0.25,7,459.21,-30.3,216.68,286,W,3.96
20/11/2024 20:26,10.75,3787,5234,64,-0.87,9.79,1.44,9,461.71,-28.64,211.15,239,SW,3.96
20/11/2024 20:56,10.85,3783,5228,64,-0.88,9.88,0.79,8,460.29,-28.74,214.06,251,W,3.96
20/11/2024 21:27,10.83,754,1019,10,-0.51,9.92,0.97,6,460.45,-29.3,213.52,219,SW,3.96
20/11/2024 21:57,10.77,3124,4321,53,-0.86,9.88,0.95,9,460.41,-29.42,214.31,259,W,3.96
20/11/2024 22:27,10.67,3711,5145,64,-0.53,9.86,1.42,8,461.11,-29.44,211.3,203,SW,3.95
20/11/2024 22:57,10.63,3802,5257,65,-0.39,9.89,1.51,8,461.52,-28.15,211.23,190,S,3.95
20/11/2024 23:27,10.62,3707,5132,64,-0.71,9.8,1.1,9,461.1,-30.14,213.36,240,SW,3.95
20/11/2024 23:58,10.62,3776,5220,64,-0.49,9.54,1.54,11,461.63,-31.46,211.63,206,SW,3.96
21/11/2024 00:28,10.68,3784,5233,65,-0.19,9.78,1.94,11,462.7,-31.24,208.68,174,S,3.95
21/11/2024 00:58,10.69,3787,5237,65,-0.57,9.77,1.46,10,461.97,-31,211.41,227,SW,3.95
21/11/2024 01:28,10.73,3727,5168,65,0.32,9.24,3.58,20,466.11,-28.61,203.24,106,E,3.95
21/11/2024 01:58,10.87,3794,5251,65,-0.15,9.8,1.25,7,460.74,-29.53,212.89,202,SW,3.95
21/11/2024 02:28,10.98,2571,3548,43,0.08,9.47,1.81,16,463.21,-28.73,211.41,162,S,3.95
21/11/2024 02:59,11.18,3807,5262,65,0.48,9.33,3.2,18,465.13,-30.91,204.48,115,SE,3.95
21/11/2024 03:29,11.49,3709,5139,64,0.41,9.41,2.65,15,464.35,-30.63,206.8,125,SE,3.95
21/11/2024 03:59,11.58,3801,5253,65,-0.49,9.9,-0.4,6,457.89,-32.84,220.35,290,W,3.95
21/11/2024 04:29,11.32,3763,5200,64,-0.13,9.77,0.41,9,459.62,-30.82,218.53,242,SW,3.95
21/11/2024 04:59,11.04,3772,5216,64,-0.13,9.94,0.82,4,460.11,-32.47,214.2,174,S,3.95
21/11/2024 05:29,10.9,3733,5164,64,-0.41,9.86,1.01,7,460.93,-29.13,213.05,230,SW,3.95
21/11/2024 06:00,10.79,3775,5220,64,-0.63,9.8,0.89,9,460.65,-30.58,214.64,244,SW,3.95
21/11/2024 06:30,10.71,3746,5181,64,-0.66,9.83,1.49,9,461.58,-31.53,210.53,211,SW,3.95
21/11/2024 07:00,10.64,3758,5196,64,-0.67,9.84,1.47,9,461.79,-30.03,210.87,221,SW,3.95
21/11/2024 07:30,10.64,3752,5186,64,-1.14,9.79,1.24,11,461.83,-29.47,211.47,252,W,3.95
21/11/2024 08:00,10.62,3768,5211,64,-1.33,9.71,1.35,12,462.26,-25.33,212.28,269,W,3.95
21/11/2024 08:30,10.66,3622,5013,62,-0.52,9.54,0.86,14,461.45,-26.78,216.96,212,SW,3.95
21/11/2024 09:01,10.68,3721,5153,64,-1.05,9.73,1,11,461.37,-26.68,214.68,232,SW,3.95
21/11/2024 09:31,10.71,3687,5105,63,-1.01,9.49,0.75,14,461.17,-23.42,218.35,237,SW,3.95
21/11/2024 10:01,10.6,3682,5104,64,-1.01,9.65,1.52,12,462.59,-26.7,211.93,259,W,3.95
21/11/2024 10:31,10.44,3674,5090,63,-1.15,9.79,1.03,10,461.86,-24.28,214.08,255,W,3.95
21/11/2024 11:01,10.29,3674,5091,64,-1.51,9.47,1.57,16,463.07,-22.94,213.13,258,W,3.95
21/11/2024 11:32,10.25,3778,5233,65,-1.39,9.44,1.73,17,463.3,-23.51,212.84,268,W,3.95
21/11/2024 12:02,10.25,3821,5302,67,-1.43,8.89,-0.06,25,462.36,-27.34,222.19,297,NW,3.95
21/11/2024 12:32,10.25,3985,5513,68,-1.24,9.45,1.83,16,463.55,-20.99,214.41,255,W,3.95
21/11/2024 13:02,10.27,3859,5344,66,-0.83,9.59,1.39,14,462.01,-26.55,212.59,232,SW,3.95
21/11/2024 13:32,10.29,3903,5406,67,-0.16,8.87,3.15,22,466.42,-26.24,207.5,174,S,3.94
21/11/2024 14:02,10.39,3761,5199,64,-0.11,9.25,1.55,18,463.07,-30.69,213.38,222,SW,3.95
21/11/2024 14:33,10.54,3738,5171,64,-0.55,9.08,0.92,21,463.39,-29.07,217.54,276,W,3.95
21/11/2024 15:03,10.67,3797,5247,64,-0.33,9.43,0.56,16,461.43,-28.28,219.86,164,S,3.95
21/11/2024 15:33,10.77,3746,5172,63,-0.34,9.66,0.32,12,459.85,-29.37,219.57,183,S,3.94
21/11/2024 16:03,10.89,3740,5162,63,0.02,9.4,0.61,16,460.76,-32.48,220.15,113,SE,3.94
21/11/2024 16:33,10.77,3755,5187,64,-0.19,9.57,1.92,13,462.84,-28.63,211.68,212,SW,3.94
21/11/2024 17:03,10.54,3728,5151,63,-0.7,9.43,-0.19,17,460.45,-29,220.71,217,SW,3.94
21/11/2024 17:34,10.32,3755,5190,64,-0.68,9.68,1.03,12,461.48,-28.25,215.07,239,SW,3.94
21/11/2024 18:04,10.21,3749,5181,64,-0.79,9.82,1.14,8,461.48,-29.57,212.57,234,SW,3.94
21/11/2024 18:34,10.14,3792,5240,64,-1.16,9.55,0.45,15,461.35,-23.88,219.75,304,NW,3.94
21/11/2024 19:04,10.08,3765,5205,64,-1.11,9.66,1.43,12,462.58,-24.92,212.66,260,W,3.94
21/11/2024 19:34,10.06,3712,5133,63,-1.15,9.61,1.13,14,462.04,-25.71,214.82,268,W,3.94
21/11/2024 20:04,10.06,3779,5227,65,-1.16,9.77,1.19,10,461.97,-27.02,212.86,264,W,3.94
21/11/2024 20:35,10.06,3333,4607,57,-1.05,9.69,0.63,12,460.9,-28.11,216.21,278,W,3.94
21/11/2024 21:05,10.23,754,1017,10,-0.72,9.92,0.7,6,460.15,-31.04,214.43,244,SW,3.94
21/11/2024 21:35,10.31,2297,3180,39,-1.01,9.77,1.11,10,461.42,-27.44,213.14,257,W,3.94
21/11/2024 22:05,10.25,1065,1473,18,-0.58,9.92,0.47,6,459.54,-30.76,216.62,249,W,3.94
21/11/2024 22:35,10.1,1704,2381,31,-0.82,9.93,0.45,5,460.43,-24.8,218.06,256,W,3.94
21/11/2024 23:06,10.02,2178,3058,40,-0.89,9.75,0.84,9,461.42,-27.81,215.33,273,W,3.94
21/11/2024 23:36,9.96,3639,5041,63,-0.84,9.88,0.87,7,460.95,-28.11,214.82,244,SW,3.94
22/11/2024 00:06,9.92,3795,5248,65,-0.79,9.82,0.94,9,460.99,-30.3,215.05,251,W,3.94
22/11/2024 00:36,9.92,3742,5177,64,-1.14,9.7,1.02,12,461.82,-26.28,214.71,263,W,3.94
22/11/2024 01:06,9.89,3754,5193,64,-1.2,9.62,0.47,11,461.66,-24.65,217.14,276,W,3.94
22/11/2024 01:36,9.89,3755,5194,64,-0.74,9.78,0.49,9,460.64,-28.6,216.82,251,W,3.94
22/11/2024 02:07,9.83,3763,5207,64,-0.46,9.26,0.03,17,461.63,-28.58,221.59,182,S,3.94
22/11/2024 02:37,9.87,3803,5261,65,-0.4,9.51,1.04,18,461.55,-27.51,219.34,220,SW,3.94
22/11/2024 03:07,9.98,3788,5240,65,0.06,9.09,0.42,21,461.75,-27.13,221.65,176,S,3.94
22/11/2024 03:37,10.08,3789,5239,64,-0.73,9.4,-0.15,18,460.95,-28.7,222.83,242,SW,3.94
22/11/2024 04:07,10.16,3759,5198,64,-0.36,9.47,1.83,17,463.39,-28.02,212.43,199,S,3.94
22/11/2024 04:37,10.27,3760,5198,64,-0.6,9.69,0.03,11,459.94,-32.76,218.61,290,W,3.94
22/11/2024 05:08,10.39,3763,5202,64,-1.08,9.49,1.12,16,462.64,-26.11,215.3,253,W,3.94
22/11/2024 05:38,10.43,3772,5215,64,-0.94,9.59,0.78,14,461.53,-28.67,214.65,214,SW,3.94
22/11/2024 06:08,10.39,3773,5216,64,-1.24,9.6,1.18,14,462.86,-26.2,214.09,222,SW,3.94
22/11/2024 06:38,10.29,3780,5226,64,-1.47,9.51,0.81,16,462.17,-25.55,215.52,255,W,3.94
22/11/2024 07:08,10.13,3741,5174,64,-0.95,9.77,0.91,9,461.07,-27.76,215.85,257,W,3.94
22/11/2024 07:38,10,3800,5256,65,-0.96,9.6,2.1,14,463.96,-28.33,208.33,241,SW,3.94
22/11/2024 08:09,9.88,3761,5213,65,-0.92,9.61,0.99,13,461.82,-32.29,213.62,248,W,3.94
22/11/2024 08:39,9.83,3788,5253,66,-1.72,9.29,1.54,19,464.56,-24.31,212.91,265,W,3.94
22/11/2024 09:09,9.77,3764,5223,65,-1.38,9.51,1.22,16,463.35,-24.69,215.2,233,SW,3.94
22/11/2024 09:39,9.67,3797,5265,66,-0.99,9.42,1.67,16,463.65,-27.82,211.44,260,W,3.93
22/11/2024 10:09,9.58,3751,5217,66,-1.35,9.32,-0.06,19,462.29,-23.09,221.81,234,SW,3.94
22/11/2024 10:40,9.52,3777,5273,68,-1.16,9.29,1.51,18,464.25,-28.55,212.32,262,W,3.93
22/11/2024 11:10,9.54,3838,5335,68,-1.42,9.63,1.1,14,462.11,-27.43,213.4,272,W,3.94
22/11/2024 11:40,9.66,3862,5373,68,-0.73,9.56,0.69,13,461.4,-29.68,216.39,229,SW,3.94
22/11/2024 12:10,9.85,3870,5368,67,-1.02,9.68,1.38,13,462.49,-27.59,212.7,253,W,3.93
22/11/2024 12:40,10.22,3833,5322,67,-0.99,9.2,0.15,20,462.16,-29.75,218.91,202,S,3.93
22/11/2024 13:10,10.64,3890,5381,66,-0.87,9.53,1.46,15,462.53,-31.04,212.71,266,W,3.93
22/11/2024 13:41,10.75,3808,5276,66,-0.83,9.77,1,9,461.47,-29.77,214,256,W,3.94
22/11/2024 14:11,10.54,3849,5328,66,-0.87,9.42,1.4,17,463.17,-27.57,214.58,279,W,3.93
22/11/2024 14:41,10.38,3824,5294,66,-0.71,9.7,0.5,12,460.39,-30.91,217.59,242,SW,3.93
22/11/2024 15:11,10.19,3806,5264,65,-0.17,9.48,-0.64,16,459.69,-29.81,224.63,192,S,3.93
22/11/2024 15:41,10.24,3807,5264,65,-0.55,9.55,0.4,15,460.7,-28.48,221.14,192,S,3.93
22/11/2024 16:11,10.47,3860,5331,65,-0.41,9.51,0.12,15,460.48,-30.03,222.52,195,S,3.93
22/11/2024 16:42,10.8,3806,5256,64,-1.11,9.57,0.78,14,461.9,-27.39,216.4,243,SW,3.93
22/11/2024 17:12,10.96,3828,5285,65,-0.81,9.65,1.05,12,462,-26.59,216.79,262,W,3.93
22/11/2024 17:42,10.85,3788,5232,64,-0.61,9.88,0.36,7,459.43,-34.6,216.55,261,W,3.93
22/11/2024 18:12,10.77,3789,5233,64,-0.46,9.57,0.15,13,459.89,-31.42,218.46,217,SW,3.93
22/11/2024 18:42,10.54,3791,5237,64,-0.64,9.53,1.11,14,462.32,-27.97,215.11,224,SW,3.93
22/11/2024 19:12,10.31,3778,5221,64,-1.05,9.71,-0.19,12,459.5,-29.65,220.58,296,NW,3.93
22/11/2024 19:43,10.12,3848,5315,65,-0.99,9.6,0.25,13,460.63,-32.28,217.75,282,W,3.93
22/11/2024 20:13,9.92,3776,5222,64,-0.85,9.65,1.74,13,463.09,-30.68,210.17,238,SW,3.93
22/11/2024 20:43,9.57,3803,5259,65,-0.49,9.74,1.41,12,462.29,-33.78,211.37,198,S,3.93
22/11/2024 21:13,9.62,3810,5269,65,-0.68,9.72,0.76,12,460.84,-35.01,217.14,228,SW,3.93
22/11/2024 21:43,9.89,3871,5350,66,-0.63,9.71,1.14,10,461.73,-33.33,214.85,225,SW,3.93
22/11/2024 22:14,10.04,3804,5258,65,-0.79,9.85,0.96,8,460.83,-29.23,214.68,245,SW,3.93
22/11/2024 22:44,9.92,3847,5319,66,-0.54,9.85,1.35,8,461.61,-33.02,212.43,213,SW,3.93
22/11/2024 23:14,9.71,3818,5282,65,-0.94,9.75,1.3,11,462.15,-26.24,213.9,233,SW,3.93
22/11/2024 23:44,9.61,3823,5290,65,-0.84,9.84,1.05,7,461.4,-28.61,213.54,237,SW,3.93
23/11/2024 00:14,9.66,3847,5321,66,-0.89,9.62,0.44,13,460.98,-29.06,218.77,272,W,3.93
23/11/2024 00:44,9.68,3823,5290,65,-0.88,9.73,0.43,10,460.55,-30.49,217.47,270,W,3.93
23/11/2024 01:15,9.71,3826,5292,65,-1.1,9.71,1.19,10,461.99,-28.84,213.18,267,W,3.93
23/11/2024 01:45,9.73,3824,5291,65,-1.09,9.61,1.89,13,463.19,-28.49,209.82,245,SW,3.93
23/11/2024 02:15,9.77,3811,5272,65,-1.2,9.56,1.48,14,463.4,-27.87,212.8,282,W,3.93
23/11/2024 02:45,9.81,3840,5311,65,-1.44,9.14,1.85,21,465.62,-26.99,209.95,289,W,3.93
23/11/2024 03:15,9.81,3828,5295,65,-0.62,9.57,0.76,14,461.69,-34.73,218.33,249,W,3.93
23/11/2024 03:45,9.85,3715,5126,63,0.77,9.51,1.89,15,463.46,-39.03,210.99,138,SE,3.93
23/11/2024 04:16,9.91,3741,5167,63,0,9.48,0.78,16,461.21,-32.24,218.27,161,S,3.93
23/11/2024 04:46,10,3738,5160,63,-0.75,8.48,0.72,27,464.5,-29.09,218.88,244,SW,3.93
23/11/2024 05:16,10.14,3736,5156,63,-0.02,9.4,0.61,17,462.23,-35.05,217.44,178,S,3.93
23/11/2024 05:46,10.17,3749,5175,63,-0.87,9.39,1.38,17,463.44,-28.54,214,274,W,3.93
23/11/2024 06:16,10.08,3782,5220,64,-0.55,9.16,0.45,20,462.28,-31.08,218.47,234,SW,3.93
23/11/2024 06:46,10.12,3779,5216,64,0.36,8.42,-0.86,29,462.97,-34.22,225.2,168,S,3.93
23/11/2024 07:17,10.18,3800,5249,64,-1.5,8.98,1.31,22,465.33,-26.35,214.29,299,NW,3.93
23/11/2024 07:47,10.02,3872,5347,65,-1.27,8.95,0.64,22,464.76,-25.58,218.64,247,SW,3.93
23/11/2024 08:17,9.74,3917,5423,67,-1.73,9.05,0.86,23,463.95,-19.49,220.2,226,SW,3.93
23/11/2024 08:47,9.42,3721,5154,64,-1.08,9.24,0.26,21,462.02,-31.74,220.95,260,W,3.93
23/11/2024 09:17,9.53,3829,5301,66,-0.6,9,-0.31,23,462.47,-31.04,224.49,257,W,3.93
23/11/2024 09:48,9.85,3628,5045,64,-1.36,8.95,-0.39,21,461.45,-26.81,224.53,183,S,3.93
23/11/2024 10:18,9.98,3871,5365,67,-0.46,8.98,-0.47,22,460.97,-34.7,223.43,218,SW,3.93
23/11/2024 10:48,10.14,3777,5233,65,0.31,8.96,-0.24,24,460.77,-29.7,229.01,200,S,3.93
23/11/2024 11:18,9.9,3869,5365,67,-0.94,9.1,0.99,23,462.94,-31.92,218.95,240,SW,3.93
23/11/2024 11:48,9.95,3671,5096,64,-1.71,8.94,1.07,22,464.42,-25.28,215.23,244,SW,3.93
23/11/2024 12:18,10.14,3706,5138,64,-1.15,8.9,-0.87,23,459.82,-35.23,227.17,273,W,3.92
23/11/2024 12:49,10.43,3742,5187,65,-1.09,8.92,-0.07,22,462.66,-26.34,223.21,234,SW,3.93
23/11/2024 13:19,10.68,3658,5078,64,1.32,8.49,0.74,27,461.1,-34.83,221.14,132,SE,3.93
23/11/2024 13:49,11.19,3569,4948,62,-0.43,8.52,1.31,28,466.06,-24.95,215.63,201,S,3.93
23/11/2024 14:19,11.58,3786,5240,65,-0.04,8.89,0.36,27,463.91,-30.79,223.19,157,S,3.93
23/11/2024 14:49,11.61,3723,5155,64,-1.32,8.34,0.81,29,465.87,-25.59,219.8,250,W,3.92
23/11/2024 15:19,11.5,3543,4917,62,-1.2,8.34,1.59,31,469.06,-26.86,215.92,203,SW,3.92
23/11/2024 15:50,11.18,3806,5265,65,-1.33,8.63,0.87,27,465.45,-29.6,221.2,200,S,3.92
23/11/2024 16:20,10.94,3559,4926,61,-0.1,7.69,0.21,35,467.94,-29.35,221.55,173,S,3.92
23/11/2024 16:50,10.71,3528,4908,62,-1.6,8.66,2.32,28,468.59,-25.03,209.87,250,W,3.92
23/11/2024 17:20,10.6,3717,5154,65,-1.15,8.6,3,28,468.47,-26.3,209.37,200,S,3.92
23/11/2024 17:50,10.57,3984,5524,69,-0.46,9.07,1.94,21,464.55,-37.5,212.42,164,S,3.92
23/11/2024 18:20,10.52,3579,4981,63,-0.99,8.98,0.86,21,465,-28.69,220.13,223,SW,3.92
23/11/2024 18:51,10.62,3877,5390,68,0.38,8.27,0.42,31,463.35,-30.99,224.14,178,S,3.92
23/11/2024 19:21,10.71,4040,5617,71,-0.77,9.31,1.95,19,463.62,-34.64,212.2,197,S,3.92
23/11/2024 19:51,10.71,3937,5483,70,0.16,9.32,-0.27,19,460.29,-35.05,223.72,206,SW,3.92
23/11/2024 20:21,10.56,4074,5670,72,-1.72,8.91,1.87,25,466.8,-24.59,212.25,311,NW,3.92
23/11/2024 20:51,10.4,3906,5443,70,-0.84,8.95,1.36,23,463.66,-34.34,218.55,247,W,3.92
23/11/2024 21:22,10.23,4053,5649,73,-1.21,8.65,1,27,465.5,-25.3,218.86,218,SW,3.92
23/11/2024 21:52,10.39,3912,5449,70,-0.53,7.44,1.79,38,471.67,-35.35,215.09,147,SE,3.92
23/11/2024 22:22,10.6,3928,5457,69,-0.5,9.02,0.95,23,464,-30.98,217.63,207,SW,3.92
23/11/2024 22:52,10.54,3910,5432,69,-1.18,8.22,1.02,32,466.78,-21.52,222.12,191,S,3.92
23/11/2024 23:22,10.33,4031,5598,71,-0.93,9.46,-0.13,17,461.23,-28.12,220.7,229,SW,3.92
23/11/2024 23:52,10,3975,5526,70,0.59,8.67,0.6,25,462.56,-30.29,219.21,134,SE,3.92
24/11/2024 00:23,9.82,3918,5449,69,-1.31,9.29,1.34,18,464.52,-28.04,214,269,W,3.92
24/11/2024 00:53,9.89,3953,5489,69,-1.06,8.74,0.55,26,464.35,-26.58,218.72,167,S,3.92
24/11/2024 01:23,10.14,3881,5382,67,-0.05,9.14,-0.33,20,460.48,-38.3,222.09,187,S,3.92
24/11/2024 01:53,10.41,3898,5406,68,-0.02,8.65,-0.37,24,463.56,-29.7,223.18,112,SE,3.92
24/11/2024 02:23,10.6,3941,5464,68,0.45,9.04,-0.11,21,461.44,-30.75,222.4,133,SE,3.92
24/11/2024 02:53,10.77,3924,5437,68,-0.53,8.43,0.23,29,465.65,-31.95,220.74,220,SW,3.92
24/11/2024 03:24,10.85,3716,5149,64,-0.44,9.17,1.59,23,465.01,-28.46,214.92,169,S,3.92
24/11/2024 03:54,10.87,3881,5373,67,-1.14,8.86,1.85,25,465.39,-31.82,213.38,219,SW,3.92
24/11/2024 04:24,10.83,3905,5403,67,-0.88,8.51,1.11,27,466.26,-26.01,218.39,188,S,3.92
24/11/2024 04:54,10.79,3767,5218,65,-0.81,9.05,0.2,22,463.52,-30.25,218.33,219,SW,3.92
24/11/2024 05:24,10.79,3998,5530,68,-0.33,8.66,1.56,27,467.04,-34.25,213.53,196,S,3.92
24/11/2024 05:54,10.95,3892,5378,66,0.93,8.77,-0.99,27,461.39,-35.38,225.96,87,E,3.92
24/11/2024 06:25,11.06,3902,5391,66,0.35,8.59,0.17,27,465.45,-35.13,221.38,135,SE,3.92
24/11/2024 06:55,11.06,3930,5433,67,-0.81,9.08,1.02,22,465.65,-26.88,215.26,191,S,3.92
24/11/2024 07:25,11.06,3750,5196,65,-0.01,8.7,1.44,28,465.79,-24.04,218.27,190,S,3.92
24/11/2024 07:55,11.04,3733,5158,63,0.44,8.43,-0.38,27,463.33,-27.79,224.63,144,SE,3.92
24/11/2024 08:25,11.04,3623,5007,62,-0.08,8.42,0.46,29,465.25,-29.15,221.36,133,SE,3.92
24/11/2024 08:56,10.98,3752,5192,64,-0.44,7.54,0.91,39,469.29,-32.2,216.27,192,S,3.92
24/11/2024 09:26,10.96,3586,4967,62,-0.82,8.86,-0.15,25,462.47,-27.62,223.53,291,W,3.92
24/11/2024 09:56,10.88,3822,5298,66,-0.93,8.75,-0.02,27,463.23,-30.86,218.35,255,W,3.92
24/11/2024 10:26,10.89,3916,5449,69,-1.46,8.94,1.14,22,464.42,-27.77,214.11,271,W,3.92
24/11/2024 10:56,11.12,3858,5365,68,-0.09,8.97,-0.46,23,461.79,-28.05,221.3,206,SW,3.92
24/11/2024 11:26,11.33,3869,5378,68,-1.52,8.76,1.89,24,466.52,-21.2,210.36,277,W,3.92
24/11/2024 11:57,11.36,3829,5302,66,-1.36,9.17,1.69,22,466.51,-22.09,212.13,279,W,3.92
24/11/2024 12:27,11.37,3849,5326,66,1.12,8.77,0.22,25,460.5,-29.44,224.76,130,SE,3.91
24/11/2024 12:57,11.37,3845,5329,66,0.75,9.18,0.52,21,461.17,-26.16,221.43,124,SE,3.92
24/11/2024 13:27,11.4,3809,5273,65,-0.6,9,-0.34,22,462.73,-24.58,221.39,197,S,3.91
24/11/2024 13:57,11.43,3920,5414,66,-0.62,8.94,0.27,22,464.12,-30.57,218.1,155,SE,3.92
24/11/2024 14:27,11.48,3815,5274,65,2.25,8.35,0.33,28,460.76,-30.13,222.22,115,SE,3.91
24/11/2024 14:58,11.5,3899,5398,67,-1.2,8.99,0.78,27,464.38,-23.05,219.34,269,W,3.92
24/11/2024 15:28,11.5,3937,5445,67,-1.86,8.97,1.26,23,465.48,-27.61,213.74,266,W,3.91
24/11/2024 15:58,11.5,3509,4860,60,-0.52,8.57,-1.54,29,463.58,-26.63,227.31,255,W,3.91
24/11/2024 16:28,11.5,3884,5372,66,-0.89,7.85,3.47,33,473.34,-29.89,204.71,221,SW,3.91
24/11/2024 16:58,11.46,3715,5147,64,-0.92,8.88,0.81,24,465.32,-21.09,215.43,234,SW,3.91
24/11/2024 17:28,11.46,3738,5170,64,1.34,8.39,-1.24,27,460.65,-32.78,225.5,110,E,3.92
24/11/2024 17:59,11.43,3796,5247,65,1.57,8.31,0.35,28,462.08,-31.8,221.04,123,SE,3.91
24/11/2024 18:29,11.46,3955,5464,67,-1.15,8.29,-1.93,27,463.16,-26.41,229.64,293,NW,3.91
24/11/2024 18:59,11.5,3878,5360,66,-0.32,9.2,0.01,20,462.22,-34.37,220.7,159,S,3.91
24/11/2024 19:29,11.5,3881,5369,66,1.15,8.35,0.06,27,462.4,-28.82,222.21,141,SE,3.91
24/11/2024 19:59,11.5,3520,4883,61,-0.67,8.97,1.26,24,465.22,-28.91,214.66,228,SW,3.91
24/11/2024 20:30,11.56,3628,5027,63,-0.82,8.55,-0.69,29,465.27,-29.21,224.85,170,S,3.91
24/11/2024 21:00,11.56,3729,5154,63,-0.71,9.3,0.63,21,463.47,-25.79,215.38,212,SW,3.91
24/11/2024 21:30,11.58,3771,5217,65,-1.08,8.95,2.28,22,464.96,-30.88,210.13,231,SW,3.91
24/11/2024 22:00,11.58,3730,5172,65,-0.58,8.56,0.07,25,464.43,-22.77,218.6,166,S,3.91
24/11/2024 22:30,11.61,3827,5320,67,-0.66,8.94,2.54,24,467.53,-25.52,204.2,166,S,3.91
24/11/2024 23:00,11.62,3985,5534,70,-0.55,8.64,0.69,26,465.76,-16.32,220.11,211,SW,3.91
24/11/2024 23:31,11.66,3962,5510,70,-1.78,9.11,1.09,21,466.33,-19.82,212.3,263,W,3.91
25/11/2024 00:01,11.68,3918,5466,71,-1.25,8.79,-3.57,25,469,-22.56,256.69,300,NW,3.91
25/11/2024 00:31,11.64,3801,5284,67,-0.86,8.79,1.68,26,466.37,-17.91,213.16,165,S,3.91
25/11/2024 01:01,11.63,3894,5390,67,-0.23,8.89,0.17,21,461.14,-29.65,217.24,200,S,3.91
25/11/2024 01:31,11.58,3771,5224,65,-0.94,8.92,0.2,25,463.59,-25.4,217.29,177,S,3.91
25/11/2024 02:01,11.5,3922,5423,67,-1.92,9.1,0.79,23,465.17,-18.52,216.03,299,NW,3.91
25/11/2024 02:32,11.46,3849,5327,66,0.06,9.09,-0.08,21,462.22,-21.34,220.66,130,SE,3.91
25/11/2024 03:02,11.46,3721,5151,64,0.33,9.27,-0.8,18,461.42,-19.78,223.44,149,SE,3.91
25/11/2024 03:32,11.38,3752,5199,65,-1.7,9.03,0.76,22,465.46,-16.37,211.86,267,W,3.91
25/11/2024 04:02,11.33,3924,5419,66,-1.12,9.21,1.04,20,464.91,-19.06,214.04,234,SW,3.91
25/11/2024 04:32,11.31,3843,5313,65,-1.4,9.46,1.07,16,464.22,-16.86,212.26,233,SW,3.91
25/11/2024 05:02,11.36,3820,5277,65,0.64,8.49,-1.09,27,462.4,-25.85,223.96,122,SE,3.91
25/11/2024 05:33,11.37,3820,5279,65,-0.56,9.62,1.33,15,464.39,-27.58,208.87,226,SW,3.91
25/11/2024 06:03,11.33,3924,5420,67,-0.6,8.8,-0.61,26,464.63,-27.76,220.97,214,SW,3.91
25/11/2024 06:33,11.33,3901,5393,66,-0.74,9.22,0.31,19,464.14,-21.29,216.07,211,SW,3.91
25/11/2024 07:03,11.41,3939,5448,67,-0.05,9.4,2.66,18,466.27,-27.38,203.84,144,SE,3.91
25/11/2024 07:33,11.5,3963,5481,68,-0.03,9.18,-0.74,23,463.13,-32.11,218.48,169,S,3.91
25/11/2024 08:04,11.46,3967,5487,68,-0.05,9.34,-0.36,19,461.61,-30.65,219.51,193,S,3.91
25/11/2024 08:34,11.48,3926,5427,67,-0.27,9.62,-0.14,14,461.74,-22.86,218.03,162,S,3.91
25/11/2024 09:04,11.46,3921,5423,67,-0.82,9.16,1.6,21,465.91,-24.43,209.47,233,SW,3.91
25/11/2024 09:34,11.43,3868,5347,66,-0.65,9.63,0.09,13,461.57,-26.12,216.68,261,W,3.91
25/11/2024 10:04,11.46,3865,5338,66,-0.96,9.53,0.47,14,463.43,-17.14,213.77,204,SW,3.91
25/11/2024 10:34,11.46,3801,5249,64,-0.63,9.36,0.41,19,462.86,-18.28,217.35,168,S,3.91
25/11/2024 11:05,11.46,3819,5276,65,-1.22,9.14,1.7,23,467.37,-20.44,207.55,265,W,3.91
25/11/2024 11:35,11.5,3811,5265,64,0.38,9.19,0.64,20,461.88,-27.46,216.5,150,SE,3.91
25/11/2024 12:05,11.5,3906,5400,66,-0.8,9.23,-0.26,16,461.92,-21.88,217.77,203,SW,3.91
25/11/2024 12:35,11.52,3889,5375,66,-0.75,9.05,0.07,24,465.05,-22.56,215.8,162,S,3.91
25/11/2024 13:05,11.5,3792,5239,64,-1.33,9.59,0.04,14,461.74,-21.18,215.67,260,W,3.91
25/11/2024 13:35,11.46,3756,5193,64,-1.05,9.48,0.67,16,463.88,-17.53,213.15,207,SW,3.91
25/11/2024 14:06,11.38,3696,5120,64,-1.63,8.91,1.15,21,465.88,-18.42,212.04,245,SW,3.91
25/11/2024 14:36,11.36,3808,5267,65,-0.62,9.4,0.52,16,462.75,-19.25,215.25,236,SW,3.91
25/11/2024 15:06,11.33,3765,5208,64,-0.61,8.76,0.99,23,467.08,-22.99,211.67,170,S,3.91
25/11/2024 15:36,11.37,3739,5174,64,-2.08,9.01,2.45,25,469.82,-12.31,207.86,249,W,3.91
25/11/2024 16:06,11.37,3796,5246,64,-0.76,9.36,0.72,15,462.84,-24.55,212.97,239,SW,3.91
25/11/2024 16:36,11.36,3789,5235,64,-0.36,9.07,0.87,21,464.44,-20.63,214.31,187,S,3.91
25/11/2024 17:07,11.37,3798,5246,64,-0.76,9.39,-0.58,18,462.01,-21.6,215.79,205,SW,3.91
25/11/2024 17:37,11.36,3794,5239,64,-1.24,9.39,1.57,18,465.69,-15.59,210.48,225,SW,3.91
25/11/2024 18:07,11.33,3789,5234,64,-0.5,8.94,1.41,25,466.11,-23.16,210.15,164,S,3.91
25/11/2024 18:37,11.36,3807,5265,65,0.06,8.44,0.37,26,465.01,-21.87,218.05,153,SE,3.91
25/11/2024 19:07,11.37,3803,5262,65,-0.07,8.79,2.19,25,468.16,-24.78,206.27,169,S,3.91
25/11/2024 19:38,11.37,3760,5202,64,-0.72,9.69,0.61,11,463.08,-17.1,213.92,208,SW,3.91
25/11/2024 20:08,11.44,3742,5168,63,0.01,8.79,-0.04,23,463.78,-19.5,218.31,176,S,3.91
25/11/2024 20:38,11.43,3688,5102,63,-0.65,9.77,0.35,10,462.41,-18.3,215.21,266,W,3.91
25/11/2024 21:08,11.48,3788,5231,64,-0.19,9.18,0.83,19,463.21,-17.7,216.34,162,S,3.91
25/11/2024 21:38,11.48,3779,5216,64,-0.95,9.27,2.18,18,466.7,-22.95,205,248,W,3.91
25/11/2024 22:08,11.48,3769,5199,63,0.6,9.11,0.01,24,462.58,-23.17,220.3,138,SE,3.91
25/11/2024 22:39,11.46,3770,5202,63,0.03,9.12,0.35,20,463.74,-18.89,217.48,181,S,3.91
25/11/2024 23:09,11.43,3776,5210,63,-0.9,9.52,1,15,463.12,-20.98,210.48,232,SW,3.91
25/11/2024 23:39,11.39,3774,5204,63,-0.67,9.07,0.37,22,464.28,-19.47,215.49,197,S,3.91
26/11/2024 00:09,11.39,3780,5215,64,-1.13,9.6,1.84,17,463.71,-22.19,209.2,242,SW,3.91
26/11/2024 00:39,11.39,3751,5177,63,-0.64,9.37,0.87,21,463.87,-22.83,213.7,194,S,3.91
26/11/2024 01:09,11.29,3745,5176,64,-1.04,9.28,2.14,20,466.52,-20.51,205.64,235,SW,3.91
26/11/2024 01:40,11.23,3690,5101,63,-0.7,9.12,0.47,19,464.45,-17.04,217.79,232,SW,3.91
26/11/2024 02:10,11.17,3803,5257,65,-0.87,9.38,1.54,16,464.55,-25.31,207.81,255,W,3.91
26/11/2024 02:40,11.1,3815,5275,65,-0.95,9.29,1.01,20,464.31,-20.64,211.62,212,SW,3.91
26/11/2024 03:10,11.08,3851,5322,65,-0.96,9.39,1.2,18,464.41,-21.05,211.11,222,SW,3.91
26/11/2024 03:40,11.16,3830,5300,66,-1.2,9.57,1.67,16,465.14,-24.49,207.24,246,SW,3.91
26/11/2024 04:10,11.27,3868,5347,66,-0.49,9.32,0.53,16,463.58,-24.09,214.94,241,SW,3.91
26/11/2024 04:41,11.35,3873,5349,66,-0.88,9.66,1.16,12,463.32,-25.52,211.07,240,SW,3.9
26/11/2024 05:11,11.37,3844,5306,65,-1.35,9.07,1.61,22,466.91,-17.92,209.18,271,W,3.91
26/11/2024 05:41,11.39,3861,5329,65,-0.45,9.43,0.49,18,463.16,-28.42,214.46,244,SW,3.91
26/11/2024 06:11,11.39,3872,5345,65,-0.46,9.43,1.38,15,464.46,-26.21,211.28,213,SW,3.91
26/11/2024 06:41,11.39,3881,5361,66,0.18,9.5,2.88,17,466.75,-26.1,201.84,147,SE,3.91
26/11/2024 07:12,11.33,3842,5309,65,-0.03,9.33,-0.45,19,462.51,-27.19,221.13,154,SE,3.9
26/11/2024 07:42,11.33,3845,5312,65,0.29,9.61,-0.52,13,460.76,-23.97,219.7,147,SE,3.91
26/11/2024 08:12,11.27,3875,5351,66,-0.65,9.01,0.89,22,465.79,-21.65,214.27,203,SW,3.9
26/11/2024 08:42,11.29,3848,5316,65,-0.72,9.77,1.25,9,463.28,-20.77,210.21,255,W,3.91
26/11/2024 09:12,11.27,3841,5302,65,-0.33,9.44,0.77,18,463.86,-29.17,212.84,155,SE,3.91
26/11/2024 09:42,11.23,3831,5291,65,-0.51,9.58,0.26,13,462.05,-19.34,215.66,196,S,3.9
26/11/2024 10:13,11.17,3870,5345,65,-0.6,9.23,1.71,22,465.87,-27.41,210.39,208,SW,3.9
26/11/2024 10:43,11.17,3870,5346,66,-0.67,9.81,1.07,10,462.84,-27.75,210.49,232,SW,3.9
26/11/2024 11:13,11.17,3860,5332,65,0.2,9.37,0.28,18,462.18,-20.94,217.1,157,SE,3.9
26/11/2024 11:43,11.18,3866,5345,66,0.31,9.35,0.08,19,462.33,-20.38,219.28,158,S,3.9
26/11/2024 12:13,11.18,3848,5320,65,-1.09,9.73,0.72,12,463.02,-17.67,212.69,233,SW,3.9
26/11/2024 12:43,11.19,3831,5298,65,-0.75,9.46,0.68,16,463.38,-21.27,212.71,239,SW,3.9
26/11/2024 13:14,11.18,3821,5292,66,-1.2,9.17,0.78,19,464.11,-21.79,212.1,265,W,3.9
26/11/2024 13:44,11.17,3829,5301,66,-1.5,9.32,0.71,18,463.88,-14.1,215.59,237,SW,3.9
26/11/2024 14:14,11.14,3819,5288,66,-0.6,9.47,0.64,15,463.39,-26.08,214.86,228,SW,3.9
26/11/2024 14:44,11.12,3667,5081,63,-0.6,9.71,0.29,10,462.52,-13.47,217.14,185,S,3.9
26/11/2024 15:14,11.12,3783,5223,64,-1.03,9.75,1.17,11,463.58,-19.84,209.73,259,W,3.9
26/11/2024 15:44,11.08,3778,5214,64,-0.85,9.41,1.48,17,464.98,-20.53,209.54,247,W,3.9
26/11/2024 16:15,11.06,3774,5209,64,-0.41,9.68,1.35,11,463.64,-26.91,210.09,208,SW,3.9
26/11/2024 16:45,11.1,3837,5299,65,-0.53,9.71,1.7,10,464.24,-26.19,207.11,204,SW,3.9
26/11/2024 17:15,11.23,3807,5255,64,-0.29,9.56,1.97,14,465.43,-26.83,206.25,181,S,3.9
26/11/2024 17:45,11.29,3805,5251,64,-0.5,9.7,0.69,11,462.55,-26.67,212.7,223,SW,3.9
26/11/2024 18:15,11.33,3801,5248,64,-0.4,9.58,2.41,14,465.74,-27.52,203.49,173,S,3.9
26/11/2024 18:46,11.21,3839,5303,65,-0.29,9.54,0.37,14,462.58,-27.84,216.18,220,SW,3.9
26/11/2024 19:16,11.1,3813,5271,65,-0.56,9.44,0.78,15,463.69,-21.45,213.62,224,SW,3.9
26/11/2024 19:46,11.11,3761,5193,63,-0.25,9.16,1.49,23,466.14,-16.07,212.87,198,S,3.9
26/11/2024 20:16,11.12,3843,5310,65,-0.41,9.8,-0.32,11,460.97,-26.14,218.24,273,W,3.9
26/11/2024 20:46,11.12,3828,5287,65,-0.14,9.23,0.43,18,463.67,-28.16,215.43,181,S,3.9
26/11/2024 21:16,11.16,3849,5318,65,0.12,9.6,-0.7,12,460.46,-25.3,219.63,127,SE,3.9
26/11/2024 21:47,11.23,3820,5278,65,-0.72,9.49,1.69,14,464.68,-17.43,210.12,209,SW,3.9
26/11/2024 22:17,11.25,3833,5292,65,-0.55,9.69,-0.47,12,461.31,-28.2,220.7,264,W,3.9
26/11/2024 22:47,11.23,3862,5336,66,-0.93,9.64,0.51,13,462.8,-22.69,212.84,215,SW,3.9
26/11/2024 23:17,11.14,3839,5304,65,-0.17,9.88,0.93,8,462.72,-28.3,212.91,205,SW,3.9
26/11/2024 23:47,11.12,3851,5320,65,-0.66,9.7,1.16,10,463.26,-24.93,211.08,250,W,3.9
27/11/2024 00:17,11.08,3795,5238,64,-1.46,9.61,0.68,13,464.29,-11.68,214.11,279,W,3.9
27/11/2024 00:48,11.08,3819,5273,65,-0.64,9.51,0.42,16,463.38,-18.09,214.85,194,S,3.9
27/11/2024 01:18,11.06,3770,5201,63,-1.11,9.31,2.33,19,466.94,-21.87,204.88,264,W,3.9
27/11/2024 01:48,11.06,3812,5269,65,-0.95,9.25,1.98,17,466.04,-19.88,209.81,250,W,3.9
27/11/2024 02:18,11.12,3773,5211,64,-0.81,8.6,0.74,27,466.67,-12.21,217.05,233,SW,3.9
27/11/2024 02:48,11.16,3845,5319,66,-0.91,9.14,0.05,20,464.37,-12.93,220.23,192,S,3.9
27/11/2024 03:18,11.19,3878,5362,66,-1.42,9.15,0.41,26,467.7,-8.99,216.41,235,SW,3.9
27/11/2024 03:49,11.14,3778,5238,65,-0.6,9.1,2.02,21,467.39,-13.53,209.52,204,SW,3.9
27/11/2024 04:19,11.12,3834,5320,67,-0.59,9.32,1.47,21,466.68,-15.19,209.75,193,S,3.89
27/11/2024 04:49,11.12,3864,5368,68,-0.41,8.29,0.64,26,468.92,-9.95,216.23,189,S,3.9
27/11/2024 05:19,11.08,3902,5409,67,-1.33,9.45,0.51,23,466.3,-7.58,216.1,214,SW,3.89
27/11/2024 05:49,11.17,3807,5284,66,-0.39,9.11,-0.42,22,464.42,-13.01,219.11,179,S,3.9
27/11/2024 06:20,11.27,3992,5524,69,-1.19,8.82,0.68,22,467.1,-7.54,216.4,215,SW,3.89
27/11/2024 06:50,11.35,3901,5406,67,1.52,8.04,-0.26,32,464.55,-19.59,221.74,130,SE,3.89
27/11/2024 07:20,11.48,3997,5522,68,-1.54,9.08,1.49,23,467.56,-9.64,210.84,281,W,3.9
27/11/2024 07:50,11.54,3890,5378,66,-0.97,8.3,1.29,31,470.57,-11.26,215.36,214,SW,3.89
27/11/2024 08:20,11.48,3897,5398,67,-0.34,8.21,0.71,33,469.62,-11.57,215.63,148,SE,3.89
27/11/2024 08:50,11.33,4023,5577,70,-1.29,9.24,1.5,20,467.1,-2,213.79,224,SW,3.9
27/11/2024 09:21,11.17,4051,5620,70,-0.36,9.08,-0.43,21,464.67,-4.39,219.57,182,S,3.89
27/11/2024 09:51,11.17,3994,5543,70,-0.63,8.85,0.81,22,466.93,-9.13,212.67,184,S,3.89
27/11/2024 10:21,11.18,3965,5500,69,-0.65,8.44,0.35,29,468.58,-4.77,219.05,198,S,3.89
27/11/2024 10:51,11.21,3933,5442,67,0.51,9.63,-0.85,14,461.6,-10.53,221.05,135,SE,3.89
27/11/2024 11:21,11.14,3905,5408,67,-1.22,9.1,0.28,21,466.49,-3.41,216.7,224,SW,3.89
27/11/2024 11:51,11.14,3903,5401,67,-1.54,9.31,1.23,18,466.8,-2.68,212.04,238,SW,3.89
27/11/2024 12:22,11.12,3923,5423,67,-1.03,8.91,1.65,23,468.63,-9.99,211.91,258,W,3.89
27/11/2024 12:52,11.12,3758,5199,64,-0.12,9.49,-0.05,16,463.56,-9.97,216.31,149,SE,3.89
27/11/2024 13:22,11.11,3857,5339,66,-0.79,9.64,0.81,13,464.55,-3.87,214.27,207,SW,3.89
27/11/2024 13:52,11.12,3821,5292,66,-0.11,9.09,-0.24,21,463.59,-5.94,222.05,142,SE,3.89
27/11/2024 14:22,11.12,3771,5220,65,-0.25,9.15,0.85,23,466.61,-4.92,216.14,177,S,3.89
27/11/2024 14:52,11.12,3942,5456,68,-0.83,9.58,0.75,13,464.68,-3.29,213.62,248,W,3.89
27/11/2024 15:23,11.12,3847,5324,66,-0.36,9.41,0.38,14,464.14,-5.6,215.95,193,S,3.89
27/11/2024 15:53,11.15,3882,5376,67,-0.2,9.54,0.29,15,463.81,-8.3,215.83,178,S,3.89
27/11/2024 16:23,11.16,3942,5450,67,-0.58,9.58,0.28,13,464.01,-2.53,216.8,219,SW,3.89
27/11/2024 16:53,11.23,3878,5370,67,-1.43,9.72,0.78,12,465.3,0.68,214.51,275,W,3.89
27/11/2024 17:23,11.29,3853,5330,66,-0.89,9.85,0.84,9,464.46,-5.54,212.07,251,W,3.89
27/11/2024 17:54,11.33,3878,5367,66,-0.58,9.51,0.58,16,464.76,-10.69,214.7,254,W,3.89
27/11/2024 18:24,11.38,3808,5270,65,-1.19,9.59,1.33,13,466.05,-3.2,210.41,278,W,3.89
27/11/2024 18:54,11.36,3878,5365,66,-1.73,9.56,1.55,16,467.16,0.31,210.66,270,W,3.89
27/11/2024 19:24,11.33,3881,5370,66,-0.93,9.61,1.41,11,465.63,-3.81,211,248,W,3.89
27/11/2024 19:54,11.29,3883,5374,66,-0.36,9.58,0.66,12,464.1,-4.96,215.58,157,SE,3.89
27/11/2024 20:24,11.27,3924,5436,68,0.55,9.7,-1.54,10,460.12,-12.27,223.61,114,SE,3.89
27/11/2024 20:55,11.25,3876,5365,66,-0.06,8.9,3.15,24,470.27,-6.24,204.02,145,SE,3.89
27/11/2024 21:25,11.27,3885,5376,66,-0.82,9.59,0.34,13,464.66,-4.58,215.86,217,SW,3.89
27/11/2024 21:55,11.25,3889,5386,67,-0.13,9.94,-0.16,5,462.39,-11.98,218.1,230,SW,3.89
27/11/2024 22:25,11.23,3864,5347,66,-0.43,9.63,0.54,13,464.57,-6.2,214.88,165,S,3.89
27/11/2024 22:55,11.1,3857,5342,66,-0.84,9.88,0.63,8,464.14,-3.13,214.1,246,SW,3.89
27/11/2024 23:25,11.08,3878,5369,67,-0.28,9.78,0.09,9,463.01,-5.43,217.13,208,SW,3.89
27/11/2024 23:56,11.02,3823,5290,65,0.04,9.72,-0.39,11,462.23,-5.45,219.65,136,SE,3.89
28/11/2024 00:26,11,3806,5270,65,-0.41,9.54,0.31,15,464.43,-7.44,215.31,169,S,3.89
28/11/2024 00:56,10.98,3847,5333,67,-0.89,9.92,0.43,7,463.52,-4.71,213.6,278,W,3.89
28/11/2024 01:26,10.9,2348,3246,40,-1,9.79,1.01,10,465.01,-4.39,211.36,267,W,3.89
28/11/2024 01:56,10.86,1759,2442,30,-1.28,9.78,1.11,9,465.15,-3.3,209.47,254,W,3.89
28/11/2024 02:26,10.86,2594,3682,52,-0.83,9.57,1.57,11,465.24,-6.32,210.56,248,W,3.89
28/11/2024 02:57,10.87,2260,3192,43,-0.81,9.86,1.14,8,465.11,-8.43,209.61,242,SW,3.89
28/11/2024 03:27,10.91,1734,2421,31,-0.86,9.97,0.32,8,464.32,-4.89,211.26,249,W,3.89
28/11/2024 03:57,10.93,3703,5120,63,-0.41,9.82,1.16,9,464.75,-13.9,210.97,222,SW,3.89
28/11/2024 04:27,10.9,3416,5010,82,-1.08,9.91,0.85,7,464.25,-4.39,210.79,252,W,3.89
28/11/2024 04:57,10.86,3880,5685,93,-0.99,9.89,1.2,8,464.99,-3.66,211.19,243,SW,3.89
28/11/2024 05:28,10.83,6172,9163,159,-0.94,9.83,1.02,8,464.92,-4.93,210.95,254,W,3.89
28/11/2024 05:58,10.81,6877,10087,166,-1,9.75,1.57,10,466.08,-4.91,208.31,239,SW,3.89
28/11/2024 06:28,10.77,6220,9203,157,-1.15,9.78,1.59,10,466.16,-3.36,208.45,240,SW,3.89
28/11/2024 06:58,10.81,5601,8220,135,-1.19,9.76,1.78,12,466.87,-2.34,207.79,240,SW,3.88
28/11/2024 07:28,10.77,4536,6597,104,-1.36,9.71,1.9,13,466.97,1.29,209.73,250,W,3.89
28/11/2024 07:58,10.75,3888,5375,66,-1.5,9.49,2.75,17,468.98,1.32,205.71,258,W,3.88
28/11/2024 08:29,10.75,3886,5371,66,-0.19,9.32,1.58,18,466.7,-8.8,211.4,203,SW,3.89
28/11/2024 08:59,10.75,3845,5313,65,-3.87,6.75,6.07,46,484.25,14.56,201.78,334,NW,3.88
28/11/2024 09:29,10.85,3854,5326,65,-0.43,9.66,0.23,12,464.15,-5.98,217.07,155,SE,3.88
28/11/2024 09:59,10.98,1055,1459,17,-0.36,9.92,-0.16,5,462.36,-3.91,217.49,189,S,3.88
28/11/2024 10:29,10.98,1132,1567,19,-1.41,9.62,1.72,13,467.08,1.84,211.77,256,W,3.88
28/11/2024 10:59,10.85,2861,3971,50,-1.17,9.68,0.55,13,465.53,-1.62,213.51,205,SW,3.88
28/11/2024 11:30,10.79,3866,5348,66,-0.62,9.46,1,13,465.21,-3.93,213.79,189,S,3.88
28/11/2024 12:00,10.75,2447,3547,55,-0.65,9.92,0.39,6,463.48,-4.63,213.95,231,SW,3.88
28/11/2024 12:30,10.71,3750,5264,70,-0.77,9.76,0.4,11,463.91,-5.13,214.46,195,S,3.88
28/11/2024 13:00,10.68,4868,7196,122,-0.92,9.87,0.46,8,464.27,-2.58,214.27,224,SW,3.88
28/11/2024 13:30,10.68,5318,7876,135,-1.39,9.75,0.04,12,464.34,-2.55,214.49,255,W,3.88
28/11/2024 14:00,10.68,2280,3164,39,-0.95,9.69,0.04,12,464.17,-2.76,216.47,244,SW,3.88
28/11/2024 14:31,10.68,3766,5219,65,-1.03,9.59,0.81,13,465.05,-2.97,213.31,199,S,3.88
28/11/2024 15:01,10.69,4651,6515,86,-0.18,9.74,-0.67,16,463.93,-6.01,217.13,148,SE,3.88
28/11/2024 15:31,10.68,3805,5264,65,-0.99,9.6,0.39,12,464.49,-1.83,215.06,206,SW,3.88
28/11/2024 16:01,10.73,3667,5062,62,-0.95,9.75,-0.73,11,462.14,-10.27,218.89,240,SW,3.88
28/11/2024 16:31,10.77,3701,5108,62,-0.47,9.62,0.15,12,463.85,-2.03,217.56,181,S,3.88
28/11/2024 17:02,10.77,3666,5053,61,-1.68,9.49,2.37,17,468.38,-0.82,205.44,269,W,3.88
28/11/2024 17:32,10.75,3806,5253,64,-2,9.6,1.37,15,467.4,2.91,210.58,285,W,3.88
28/11/2024 18:02,10.71,3839,5298,65,-1.03,9.67,1.06,12,465.42,-7.31,211.27,281,W,3.88
28/11/2024 18:32,10.69,3872,5341,65,-1.64,9.48,1.65,16,467.15,-4.18,207.62,288,W,3.88
28/11/2024 19:02,10.64,3850,5311,65,-1.39,9.49,0.86,16,466.05,-1.26,214.11,255,W,3.88
28/11/2024 19:32,10.61,3879,5351,65,-1.48,9.41,3.01,19,470.04,2.29,204.39,263,W,3.88
28/11/2024 20:03,10.61,3744,5172,63,-0.91,9.38,2.47,18,468.4,-4.49,206.02,247,W,3.88
28/11/2024 20:33,10.65,3857,5320,65,-1.13,9.13,1.09,21,467.69,-1.63,214.15,219,SW,3.88
28/11/2024 21:03,10.68,3884,5361,65,0.41,9.34,-0.24,18,463.76,-9.68,219.63,111,E,3.88
28/11/2024 21:33,10.68,3892,5372,66,-1.24,8.91,2.62,23,469.89,1.39,210.77,248,W,3.88
28/11/2024 22:03,10.73,3851,5325,66,-0.53,8.85,1.82,23,469.38,-7.63,210.61,217,SW,3.88
28/11/2024 22:33,10.79,3868,5345,66,-0.54,9.19,1.01,22,467.09,-9.16,214.11,294,NW,3.88
28/11/2024 23:04,10.77,3790,5231,64,-0.85,9.25,1.31,21,467.2,-4.07,214.26,225,SW,3.88
28/11/2024 23:34,10.58,3829,5290,65,-1.29,8.4,2.48,29,472.18,0.12,206.11,293,NW,3.88
29/11/2024 00:04,10.42,3824,5278,64,-0.84,8.61,0.59,24,467.51,-2.2,218.38,210,SW,3.88
29/11/2024 00:34,10.29,3846,5326,66,-1.02,8.72,0.82,25,468.33,0.52,217.64,185,S,3.88
29/11/2024 01:04,10.23,3649,5051,63,-1.09,8.57,1.93,27,471.16,6.3,214.34,203,SW,3.88
29/11/2024 01:35,10.21,3802,5265,66,-1.1,9.18,2.35,22,469.24,0.13,209.96,276,W,3.88
29/11/2024 02:05,10.21,3648,5055,63,-0.89,9.37,0.13,17,465.84,5.4,219.13,216,SW,3.88
29/11/2024 02:35,10.14,3744,5191,65,-1.27,9.25,2.06,22,469.94,12.35,212.77,259,W,3.88
29/11/2024 03:05,10.14,3727,5164,64,-1.64,8.92,2.31,23,471.79,15.92,209.31,273,W,3.88
29/11/2024 03:35,10.11,3655,5070,63,-0.57,9.18,-0.25,21,468.06,15.89,221.1,185,S,3.88
29/11/2024 04:05,10.12,3688,5135,66,-2.18,9.35,1.2,20,471.58,27.33,214.4,243,SW,3.88
29/11/2024 04:36,10.16,3831,5308,66,-0.24,9.06,0.15,19,469.04,21.19,220.96,190,S,3.88
29/11/2024 05:06,10.23,3844,5322,66,-1.42,9.07,1.65,23,471.57,31.3,214.83,232,SW,3.88
29/11/2024 05:36,10.23,3947,5474,69,-1.52,9.24,0.46,19,471.21,31.79,218.94,191,S,3.88
29/11/2024 06:06,10.21,3829,5319,67,-0.93,8.72,2.9,26,476.13,26.69,206.76,247,W,3.88
29/11/2024 06:36,10.25,3787,5259,66,-1.26,8.63,1.45,27,473.45,30.02,215.1,221,SW,3.88
29/11/2024 07:06,10.29,3902,5412,68,-0.84,9.33,0.89,15,470.21,31.45,215.68,229,SW,3.88
29/11/2024 07:37,10.31,3742,5200,66,-2.23,8.99,1.16,24,473.55,40.17,218.56,256,W,3.88
29/11/2024 08:07,10.31,3920,5445,69,-0.91,8.76,1.58,26,474.33,32.73,215.46,222,SW,3.88
29/11/2024 08:37,10.27,3580,4992,64,-0.44,9.21,0.39,25,471.14,28.66,221.22,207,SW,3.88
29/11/2024 09:07,10.25,3960,5489,69,-0.95,8.73,0.81,24,472.74,34.02,221.2,199,S,3.88
29/11/2024 09:37,10.27,3908,5415,68,-0.22,8.63,0.94,26,472.88,31.28,220,166,S,3.88
29/11/2024 10:07,10.29,3750,5217,66,-0.17,9.29,-0.59,18,469.04,24.52,224.96,157,S,3.88
29/11/2024 10:38,10.37,3993,5544,70,-0.8,8.07,-0.08,33,473.97,30.34,223.85,238,SW,3.88
29/11/2024 11:08,10.27,3857,5346,67,-0.59,9.28,1.52,19,472.56,30.87,217.14,186,S,3.88
29/11/2024 11:38,10.14,3880,5374,67,0.39,8.86,0.24,24,470.98,32.45,222.8,153,SE,3.88
29/11/2024 12:08,10.08,3889,5389,67,-1.67,8.35,2.72,30,476.81,37.38,213.96,263,W,3.88
29/11/2024 12:38,10.02,3901,5402,67,-0.82,9.26,0.4,23,472.58,35.34,221.23,208,SW,3.88
29/11/2024 13:09,9.98,3856,5348,67,-1.07,8.54,1.19,28,474.56,37.11,219.45,267,W,3.88
29/11/2024 13:39,9.88,3898,5416,68,-0.02,8.86,0.66,23,473.01,33.21,220.21,132,SE,3.88
29/11/2024 14:09,9.82,3602,5017,64,-0.71,8.92,1.09,22,474.38,42.44,218.39,177,S,3.88
29/11/2024 14:39,9.81,3903,5427,69,0.42,8.77,0.63,24,472.25,37,220.38,154,SE,3.88
29/11/2024 15:09,9.81,3892,5401,68,-1.13,9.06,0.36,21,473.48,45.73,219.42,189,S,3.87
29/11/2024 15:39,9.91,3954,5482,69,-2.05,8.35,3.68,31,482.3,46.57,206.05,283,W,3.87
29/11/2024 16:10,10,3958,5480,68,-2.37,8.29,3.57,30,480.8,47.77,204.03,298,NW,3.87
29/11/2024 16:40,9.94,3771,5223,65,-1.96,8.9,0.19,22,473.5,52.18,222.35,238,SW,3.88
29/11/2024 17:10,9.85,3662,5084,64,-1.32,9.19,1.6,19,475.48,54.12,214.51,255,W,3.88
29/11/2024 17:40,9.81,3764,5225,66,-1.76,8.93,2.31,23,478.37,58.08,212.35,287,W,3.87
29/11/2024 18:10,9.81,3847,5325,66,-2.4,8.51,2.14,28,480.36,64.15,214.59,256,W,3.88
29/11/2024 18:40,9.81,3734,5165,64,-1.39,8.93,0.58,24,475.63,60.54,221.51,243,SW,3.87
29/11/2024 19:11,9.77,3985,5517,69,-2.11,9.21,2.01,21,477.84,59.28,210.93,305,NW,3.87
29/11/2024 19:41,9.83,4033,5588,70,-1.17,9.45,2.18,20,478.14,57.96,209.36,248,W,3.87
29/11/2024 20:11,9.87,4037,5590,69,-1.23,8.99,2.04,22,477.66,61.15,215.4,230,SW,3.87
29/11/2024 20:41,9.87,4071,5641,70,-0.65,9.58,0.18,16,473.5,59.11,221.48,162,S,3.87
29/11/2024 21:11,9.98,4014,5558,69,-0.61,8.58,-0.39,27,476.62,54.6,226.14,148,SE,3.87
29/11/2024 21:41,10.08,4011,5568,70,0.1,9,-0.18,23,474.73,48.21,224.44,159,S,3.87
29/11/2024 22:12,10.15,4116,5704,71,-0.92,8.56,1.55,27,479.33,58.44,216.56,205,SW,3.87
29/11/2024 22:42,10.18,4132,5734,72,0.34,9.05,-1.37,21,471.97,53.65,229.2,93,E,3.87
29/11/2024 23:12,10.21,4170,5784,72,-1.16,8.03,3.03,32,482.77,62.63,212.88,231,SW,3.87
29/11/2024 23:42,10.19,4053,5627,71,0.05,8.99,0.58,23,475.22,57.19,220.82,184,S,3.87
30/11/2024 00:12,10.14,4183,5817,74,-0.76,9.27,0.56,20,474.49,53.78,220.53,250,W,3.87
30/11/2024 00:43,10.08,4026,5583,70,-0.36,9.69,-1.11,11,470.29,50.05,227.06,167,S,3.87
30/11/2024 01:13,9.92,3938,5462,68,0.11,8.49,-0.51,27,475.31,53.36,225.96,155,SE,3.87
30/11/2024 01:43,9.82,3866,5368,68,-0.44,9.23,-0.81,19,472.53,53.95,225.94,170,S,3.87
30/11/2024 02:13,9.75,3973,5512,69,-0.53,9.44,0.24,18,474.49,59.41,220.3,217,SW,3.87
30/11/2024 02:43,9.75,4001,5544,69,-0.42,8.75,0.12,26,475.78,59.36,224.76,180,S,3.87
30/11/2024 03:13,9.75,3879,5382,68,-1.43,9.11,1.02,21,476.02,59.66,218.19,226,SW,3.87
30/11/2024 03:44,9.79,3745,5202,66,-2.3,8.51,2.65,30,481.88,65.36,209.74,285,W,3.87
30/11/2024 04:14,9.91,3838,5332,67,-1.88,8.8,3.52,25,481.18,59.44,205.62,283,W,3.87
30/11/2024 04:44,9.89,3922,5441,68,-0.84,8.7,0.6,24,476,63.72,221.59,209,SW,3.87
30/11/2024 05:14,9.9,3777,5240,66,-0.58,9.43,-0.05,17,474.94,68.13,223.19,172,S,3.87
30/11/2024 05:44,9.87,3963,5497,69,-1.09,9.07,0.34,23,477.87,70.35,222.05,169,S,3.87
30/11/2024 06:14,9.91,4014,5560,69,-1.06,9.17,1.74,20,478.48,66,214,251,W,3.87
30/11/2024 06:45,9.98,3903,5414,68,-1.58,9.34,2.01,18,478.97,71.01,212.85,255,W,3.87
30/11/2024 07:15,10,3991,5534,69,-0.96,9.46,1.58,17,477.72,65.04,213.13,245,SW,3.87
30/11/2024 07:45,10.1,4026,5575,69,-1.74,9.45,1.21,19,478.63,75.59,215.51,242,SW,3.86
30/11/2024 08:15,10.16,4030,5585,70,-1.55,9.07,1.89,22,479.67,71.3,213.2,245,SW,3.87
30/11/2024 08:45,10.18,4038,5591,69,-0.85,9.28,1.71,21,479.02,63.7,214.36,226,SW,3.86
30/11/2024 09:15,10.14,4089,5667,71,0.18,8.82,-0.65,26,476.09,59.86,227.25,135,SE,3.87
30/11/2024 09:46,10.23,4082,5664,71,-0.12,9.19,2.72,20,479.48,63.53,209.95,276,W,3.86
30/11/2024 10:16,10.29,4122,5716,72,0.09,9.05,0.22,20,476.28,58.57,222.31,168,S,3.86
30/11/2024 10:46,10.31,3977,5524,70,1.55,8.86,-1.91,23,472.49,57.97,232.32,82,E,3.86
30/11/2024 11:16,10.35,4188,5826,74,-1.12,9.26,1.34,20,478.49,71.17,216.32,210,SW,3.86
30/11/2024 11:46,10.36,4175,5797,73,-1.21,9.68,0.36,16,476.15,69.2,220.22,216,SW,3.86
30/11/2024 12:17,10.33,4008,5572,71,-0.08,9.6,-0.9,12,473.12,59.42,226.87,135,SE,3.86
30/11/2024 12:47,10.27,4105,5698,72,0.48,9.32,-1.02,19,473.26,61.17,228.09,112,E,3.86
30/11/2024 13:17,10.21,4075,5652,71,-1.22,9.14,0.69,23,478.71,71.87,217.92,226,SW,3.86
30/11/2024 13:47,10.21,4028,5594,71,-1.09,9.54,0.42,16,476.23,70.62,219.82,210,SW,3.86
30/11/2024 14:17,10.14,4046,5616,71,-1.16,9.81,0.12,9,474.35,68.18,219.85,255,W,3.86
30/11/2024 14:47,10.12,3916,5444,69,-1.34,9.66,0.08,14,475.44,74.28,221.14,225,SW,3.86
30/11/2024 15:18,10.15,4045,5614,71,-1.57,9.22,2.05,21,479.81,70.33,212.64,233,SW,3.86
30/11/2024 15:48,10.15,4012,5562,70,-3.29,8.69,1.83,27,484.53,79.58,213,298,NW,3.86
30/11/2024 16:18,10.18,4079,5655,71,-2.83,7.57,5.69,39,493.09,70.27,195.95,325,NW,3.86
30/11/2024 16:48,10.18,4067,5640,71,-2.78,8.39,4.35,32,487.63,72.84,200.9,315,NW,3.86
30/11/2024 17:18,10.18,4070,5646,71,-0.78,9.48,0.96,16,476.59,63.7,218.06,258,W,3.86
30/11/2024 17:48,10.23,4005,5560,70,-1.22,9.48,0.39,15,475.85,69.67,218.23,208,SW,3.86
30/11/2024 18:19,10.29,3995,5536,69,-1.08,9.37,1.35,16,477.4,67.63,216.21,258,W,3.86
30/11/2024 18:49,10.37,4029,5580,69,-0.9,9.74,-0.11,10,473.87,62.86,224.34,270,W,3.86
30/11/2024 19:19,10.33,4000,5543,69,-1.11,9.49,0.56,14,476.03,63.42,220.73,257,W,3.86
30/11/2024 19:49,10.31,4029,5584,70,-0.77,9.66,1.06,14,476.4,65.23,218.01,261,W,3.86
30/11/2024 20:19,10.31,4032,5591,70,-1.35,9.43,1.36,17,477.4,65.7,214.99,276,W,3.86
30/11/2024 20:49,10.31,3985,5527,69,-0.42,8.79,0.43,25,478.13,68.62,222.22,205,SW,3.86
30/11/2024 21:20,10.31,4053,5622,71,-1.31,9.07,1.49,20,479.62,76.57,218.44,228,SW,3.86
30/11/2024 21:50,10.27,4079,5665,71,-0.13,8.95,1.67,24,479.08,66.74,217.26,206,SW,3.86
30/11/2024 22:20,10.29,4020,5590,71,-3.29,7.82,5.04,37,489.77,87.44,208.67,314,NW,3.86
30/11/2024 22:50,10.31,4026,5599,71,-0.19,9.46,1.53,16,478.18,64.32,216.11,203,SW,3.86
30/11/2024 23:20,10.37,4080,5676,72,-1.42,8.63,3.5,25,483.39,72.8,210.42,274,W,3.86
30/11/2024 23:51,10.39,4055,5639,72,0.1,9.56,-2.17,13,471.37,57.15,237.18,51,NE,3.86
01/12/2024 00:21,10.39,4106,5706,72,-0.06,9.24,-0.25,21,475.05,62.38,223.04,194,S,3.86
01/12/2024 00:51,10.33,4000,5566,71,-0.82,9.37,0.27,15,475.53,69.67,221.64,202,S,3.86
01/12/2024 01:21,10.27,3943,5476,69,0.63,9.88,-0.85,9,472.31,67.52,226.23,104,E,3.86
01/12/2024 01:51,10.25,4041,5614,71,-1.19,8.68,3.1,27,482.56,69.19,209.15,267,W,3.86
01/12/2024 02:21,10.23,3662,5088,64,-1.42,8.99,1.21,21,479.77,74.43,217.06,220,SW,3.86
01/12/2024 02:52,10.21,3817,5312,68,-1.56,9.31,1.65,20,479.31,73.37,213.55,215,SW,3.86
01/12/2024 03:22,10.18,4054,5624,71,-1.55,9.03,1.21,21,479.24,75.66,218.54,251,W,3.86
01/12/2024 03:52,10.25,3939,5472,69,-0.88,9.24,1.37,18,477.81,73.37,216.42,237,SW,3.86
01/12/2024 04:22,10.25,3803,5278,66,-1.65,9.11,1.78,17,480.39,82.1,213.96,256,W,3.86
01/12/2024 04:52,10.25,3810,5308,68,0.06,8.89,-0.61,24,477.58,79.9,227.25,140,SE,3.86
01/12/2024 05:22,10.27,3869,5372,68,-1.81,9.28,1.81,20,480,85.09,217.67,243,SW,3.86
01/12/2024 05:53,10.25,3909,5425,68,-1.57,9.04,2.12,24,482.67,89.2,213.14,257,W,3.86
01/12/2024 06:23,10.25,3822,5304,67,-1.68,9.17,0.43,23,481.44,93.37,221.16,241,SW,3.86
01/12/2024 06:53,10.25,3955,5490,69,-1.16,9.51,2.39,16,481.68,82.8,209.59,281,W,3.85
01/12/2024 07:23,10.25,3939,5468,69,-1.39,9.2,1.35,19,481.3,94.77,216.61,215,SW,3.86
01/12/2024 07:53,10.29,3995,5545,70,-0.84,8.86,1.14,23,481.66,92.42,219.09,212,SW,3.85
01/12/2024 08:23,10.33,3981,5535,70,-0.95,8.72,0.44,26,482.19,93.63,221.05,212,SW,3.86
01/12/2024 08:54,10.37,3967,5507,70,-1.38,9.18,1.45,18,481.62,95.55,217.35,230,SW,3.85
01/12/2024 09:24,10.4,3788,5270,67,-0.76,9.27,1.37,19,481.35,89.31,215.23,221,SW,3.85
01/12/2024 09:54,10.39,4026,5589,70,-1.12,8.83,1.05,25,482.51,87.79,218.61,191,S,3.85
01/12/2024 10:24,10.37,4031,5603,71,0.15,8.56,-1.72,27,478.97,81.12,232.28,123,SE,3.85
01/12/2024 10:54,10.37,3856,5356,67,-0.83,8.48,1.71,29,484.19,88.83,216.58,232,SW,3.85
01/12/2024 11:25,10.4,4075,5661,72,0.17,8.99,0.1,22,478.91,84.56,223.87,148,SE,3.85
01/12/2024 11:55,10.48,3989,5550,71,-4.52,4.21,7.65,64,510.07,111.37,203,334,NW,3.85
01/12/2024 12:25,10.46,4067,5661,72,0.35,9.58,-0.76,14,475.73,83.58,226.33,119,SE,3.85
01/12/2024 12:55,10.39,4146,5774,74,-0.55,9.28,-0.04,17,478.54,82.6,223.26,172,S,3.85
01/12/2024 13:25,10.39,4014,5588,71,-0.74,8.88,0.77,25,481.51,87.11,220.21,201,S,3.85
01/12/2024 13:55,10.39,3962,5517,70,-1.6,8.98,1.95,23,483.99,94.7,213.17,231,SW,3.85
01/12/2024 14:26,10.36,3941,5479,69,-1.68,9.27,2.1,20,482.36,96.45,215.08,255,W,3.85
01/12/2024 14:56,10.36,3765,5235,66,-2.34,9.08,2.09,23,484.49,102.27,215.53,257,W,3.85
01/12/2024 15:26,10.38,3899,5422,69,-0.26,9.35,0.75,18,479.84,91.11,221.18,188,S,3.85
01/12/2024 15:56,10.37,3903,5431,69,-1.41,8.72,0.39,24,482.31,94.73,220.33,235,SW,3.85
01/12/2024 16:26,10.39,4019,5589,71,-3.63,7.4,5.03,41,496.75,104.69,202.05,322,NW,3.85
01/12/2024 16:56,10.39,4039,5614,71,-3.77,6.77,6.07,46,501.21,104.14,198.99,326,NW,3.85
01/12/2024 17:27,10.39,3972,5525,70,-2.37,7.37,5.88,41,497.3,93.82,195.59,325,NW,3.85
01/12/2024 17:57,10.37,3823,5315,67,-0.84,9.01,0.42,24,481.64,94.85,220.7,198,S,3.85
01/12/2024 18:27,10.38,3668,5109,65,-1.95,9.15,1.98,25,485.06,105.45,212.95,268,W,3.85
01/12/2024 18:57,10.43,3637,5069,65,-0.65,9.41,0.22,15,480.98,101.37,220.75,152,SE,3.85
01/12/2024 19:27,10.46,3720,5178,66,-1.45,9.24,1.18,19,482.7,96.43,214.63,243,SW,3.85
01/12/2024 19:57,10.5,3708,5151,65,-1.34,9.44,1.63,17,482.8,103.55,211.94,248,W,3.85
01/12/2024 20:28,10.52,3778,5251,67,-1.6,9.75,1.57,14,482.7,105.01,211.13,272,W,3.85
01/12/2024 20:58,10.56,3797,5271,67,-1.03,9.4,0.62,18,481.06,100.13,216.65,226,SW,3.85
01/12/2024 21:28,10.61,3822,5308,67,-0.83,9.09,1.82,22,484.49,99.16,212.46,239,SW,3.85
01/12/2024 21:58,10.62,3628,5048,64,-0.29,9.21,-0.29,20,480.28,101.34,222.04,196,S,3.85
01/12/2024 22:28,10.61,3797,5270,66,0.01,8.84,-1.83,28,480.27,94.7,229.57,128,SE,3.85
01/12/2024 22:59,10.62,3860,5360,68,0.7,8.64,3.78,28,487.88,97.26,204.74,288,W,3.85
01/12/2024 23:29,10.62,3847,5344,67,-1.25,8.11,3.11,33,490.22,105.66,211.66,228,SW,3.85
01/12/2024 23:59,10.68,3812,5287,66,0.55,9.71,-0.79,11,478.25,95.46,224.7,133,SE,3.85
02/12/2024 00:29,10.65,3791,5264,66,-0.55,9.45,-0.09,19,481.09,101.11,221.54,204,SW,3.85
02/12/2024 00:59,10.58,3870,5380,68,-0.98,9.54,1.08,16,482.54,98.64,215.32,213,SW,3.85
02/12/2024 01:29,10.52,3839,5337,68,-0.35,8.86,0.67,24,483.35,97.17,219.48,190,S,3.85
02/12/2024 02:00,10.46,3905,5428,69,0.2,9.4,-0.3,17,479.64,99.83,222.6,143,SE,3.85
02/12/2024 02:30,10.46,3908,5434,69,-0.63,9.12,0,24,482.68,93.36,219.16,185,S,3.85
02/12/2024 03:00,10.43,3831,5322,67,-1.49,9.34,1.13,16,482.85,107.43,215.44,217,SW,3.85
02/12/2024 03:30,10.4,3857,5356,67,-0.9,9.04,1.73,21,484.36,98.41,212.02,246,SW,3.85
02/12/2024 04:00,10.37,3827,5316,67,-1.55,9.36,1.33,21,483.95,107.27,214.72,238,SW,3.85
02/12/2024 04:30,10.37,3755,5217,66,-0.62,9.56,0.39,16,481.26,100.81,219.83,196,S,3.85
02/12/2024 05:01,10.39,3830,5324,68,-1.74,9.32,1.31,22,485.8,107.93,213.63,237,SW,3.85
02/12/2024 05:31,10.42,3765,5234,67,-0.65,9.24,1.07,20,482.16,98.43,217.12,235,SW,3.85
02/12/2024 06:01,10.4,3758,5220,66,-1.01,9.43,0.98,19,482.88,104.91,215.98,209,SW,3.85
02/12/2024 06:31,10.41,3660,5086,64,-0.82,9.3,1.99,17,484.51,101.85,211.35,252,W,3.85
02/12/2024 07:01,10.48,3856,5366,68,-1.86,9.42,1.47,17,484.08,108.02,210.52,277,W,3.85
02/12/2024 07:31,10.5,3844,5347,68,-0.86,9.06,1.02,21,483.68,102.75,216.59,229,SW,3.85
02/12/2024 08:02,10.5,3837,5332,67,-0.99,9.6,1.23,17,483.58,106.33,212.57,231,SW,3.85
02/12/2024 08:32,10.52,3900,5425,69,-1.3,9.2,1.18,22,484.71,108.37,214.95,237,SW,3.85
02/12/2024 09:02,10.58,3874,5384,68,-1.31,9.55,1.52,15,483.3,108.15,213.25,230,SW,3.85
02/12/2024 09:32,10.62,3887,5402,68,-0.43,9.34,0.36,18,481.46,108.99,221.35,153,SE,3.85
02/12/2024 10:02,10.61,3882,5392,68,-1,9.36,1.83,18,483.94,107.7,212.19,249,W,3.85
02/12/2024 10:33,10.58,3829,5323,67,-0.43,9.21,1.47,17,483.55,102.1,216.16,205,SW,3.85
02/12/2024 11:03,10.58,3838,5333,67,-1.1,9.05,2.94,22,485.92,112.85,211.81,250,W,3.85
02/12/2024 11:33,10.56,3886,5397,68,0,8.67,1.34,26,485.49,100.11,215.61,190,S,3.85
02/12/2024 12:03,10.62,3818,5301,67,-0.62,8.8,0.76,24,484.97,99.34,218.14,189,S,3.85
02/12/2024 12:33,10.62,3774,5248,67,-0.35,8.63,2.93,27,486.9,106.13,211.19,234,SW,3.85
02/12/2024 13:03,10.58,3876,5383,68,-1.32,9.23,1.9,18,484.85,106,211.31,264,W,3.85
02/12/2024 13:34,10.58,3849,5345,67,-0.35,9.15,-0.25,18,481.04,102.11,220.99,142,SE,3.85
02/12/2024 14:04,10.52,3870,5375,68,-0.25,8.77,0.09,26,483.67,98.78,219.99,174,S,3.84
02/12/2024 14:34,10.52,3878,5390,68,-0.53,8.51,-0.22,28,484.06,100.57,222.36,170,S,3.84
02/12/2024 15:04,10.48,3856,5356,68,-0.69,9.63,1.71,13,482.49,98.2,212.16,258,W,3.84
02/12/2024 15:34,10.39,3868,5371,68,-1.41,9.52,0.83,14,482.72,111.66,216.86,241,SW,3.84
02/12/2024 16:04,10.36,3882,5392,68,-1.1,9.59,0.57,14,481.64,108.17,216.1,216,SW,3.84
02/12/2024 16:35,10.36,3774,5244,66,-0.94,9.52,1.19,15,482.54,106.53,215.25,215,SW,3.84
02/12/2024 17:05,10.4,3843,5337,67,-1.57,8.52,4.26,29,492.01,103.06,198.3,293,NW,3.84
02/12/2024 17:35,10.43,3853,5353,68,-3.17,7.43,4.58,40,497.75,109.94,199.14,326,NW,3.84
02/12/2024 18:05,10.44,3827,5314,67,-3.07,8.65,3.57,29,490.85,111.99,202.52,310,NW,3.84
02/12/2024 18:35,10.48,3822,5317,67,-0.75,9.32,-0.41,16,480.74,109.6,222.3,202,SW,3.84
02/12/2024 19:05,10.48,3662,5106,66,-0.07,9.07,0.07,20,481.63,105.77,220.32,180,S,3.84
02/12/2024 19:36,10.5,3709,5161,66,-1.47,9.76,1,13,482.37,113.42,217.42,224,SW,3.84
02/12/2024 20:06,10.5,3837,5336,68,-0.72,9.61,0.5,12,481.78,111.03,219.87,191,S,3.84
02/12/2024 20:36,10.48,3736,5197,66,-1.09,9.46,0.7,17,482.46,107.98,215.6,199,S,3.84
02/12/2024 21:06,10.54,3739,5201,66,-2.5,9.4,2.43,20,486.48,115.36,208.46,297,NW,3.84
02/12/2024 21:36,10.6,3804,5284,67,-1.53,9.51,1.43,15,483.35,111.16,213.81,250,W,3.84
02/12/2024 22:07,10.62,3768,5235,66,-1.1,9.65,1.39,13,483.03,110.39,214.78,226,SW,3.84
02/12/2024 22:37,10.58,3775,5243,66,-1.67,9.22,1.96,18,485.67,111.71,213.7,220,SW,3.84
02/12/2024 23:07,10.58,3652,5066,63,-0.36,8.96,0.49,22,482.76,103.99,221.74,160,S,3.84
02/12/2024 23:37,10.56,3778,5247,66,-4.77,5.3,6.66,56,507.22,129.94,205.9,329,NW,3.84
03/12/2024 00:07,10.6,3772,5235,66,-4.05,6.21,6.34,50,503.1,127.9,204.78,325,NW,3.84
03/12/2024 00:37,10.62,3782,5249,66,0.49,8.57,4.93,29,489.58,104.85,199.53,305,NW,3.84
03/12/2024 01:08,10.61,3809,5286,67,0.2,9.14,1.04,22,483.65,98.26,216.99,178,S,3.83
03/12/2024 01:38,10.54,3727,5173,65,0.36,9,1.59,22,484.57,99.67,212.68,207,SW,3.84
03/12/2024 02:08,10.46,3783,5255,66,-0.6,9.59,0.88,15,482.35,104.53,217.33,181,S,3.83
03/12/2024 02:38,10.39,3723,5180,66,-0.11,9.36,0.42,15,481.61,103.68,219.07,149,SE,3.84
03/12/2024 03:08,10.37,3795,5276,67,-0.98,9.59,0.19,15,480.91,106.78,218.92,215,SW,3.84
03/12/2024 03:38,10.33,3741,5199,66,-1.47,9.7,1.2,11,482.74,111.46,215.7,297,NW,3.83
03/12/2024 04:09,10.19,3743,5204,66,-0.43,9.57,-0.1,14,480.52,107.46,221.46,178,S,3.84
03/12/2024 04:39,10.1,3698,5139,65,-1.78,9.65,1.33,13,482.95,110.48,211.48,294,NW,3.83
03/12/2024 05:09,10.1,3750,5210,66,-0.91,9.65,0.06,12,480.6,108.87,218.84,191,S,3.83
03/12/2024 05:39,10.16,3743,5200,66,-1.08,9.76,0.64,9,481.2,109.16,217.42,242,SW,3.83
03/12/2024 06:09,10.29,3616,5047,65,-1.01,9.8,1.18,8,481.77,108.3,214.19,261,W,3.83
03/12/2024 06:39,10.31,3779,5253,66,-0.99,9.74,0.84,10,481.42,107.09,216.3,256,W,3.83
03/12/2024 07:10,10.33,3760,5230,66,-0.38,9.81,1.61,9,482.13,97.62,211.69,246,SW,3.83
03/12/2024 07:40,10.33,2287,3271,47,-0.38,9.8,1.37,9,481.64,98.37,213.55,255,W,3.83
03/12/2024 08:10,10.31,2660,3710,47,-0.48,9.78,1.56,9,482.52,97.27,212.57,254,W,3.83
03/12/2024 08:40,10.31,3847,5343,67,-0.45,9.71,1.65,11,482.72,98.39,212.98,269,W,3.83
03/12/2024 09:10,10.35,3405,4736,60,-0.41,9.74,2.07,11,483.23,98.57,209.1,244,SW,3.83
03/12/2024 09:41,10.45,2774,3863,49,-0.57,9.7,1.44,11,482.41,99.77,213.74,274,W,3.83
03/12/2024 10:11,10.56,3856,5359,68,-0.22,9.66,2.16,13,483.56,99.3,210.41,267,W,3.83
03/12/2024 10:41,10.52,3845,5339,67,-1.31,9.52,2.39,15,484.94,113.13,211.35,272,W,3.83
03/12/2024 11:11,10.52,3834,5324,67,-2.23,8.68,4.31,28,489.97,120.31,208.62,302,NW,3.83
03/12/2024 11:41,10.5,3827,5310,67,-4.91,3.76,7.72,67,514.03,129.61,202.89,333,NW,3.83
03/12/2024 12:11,10.5,3601,5011,64,-4.15,5.86,6.43,52,504.6,127.54,204.11,326,NW,3.83
03/12/2024 12:42,10.46,3680,5113,65,-4.58,5.48,6.32,54,506.08,129.25,206.82,324,NW,3.83
03/12/2024 13:12,10.48,3699,5129,64,-1.57,8.62,4.03,27,489.63,115.92,206.73,277,W,3.83
03/12/2024 13:42,10.46,3749,5200,65,-2.47,8.58,4.33,29,491.2,121.89,207.69,302,NW,3.83
03/12/2024 14:12,10.42,3579,4982,64,-0.48,9.71,0.4,12,480.95,108.01,219.34,195,S,3.83
03/12/2024 14:42,10.38,1734,2427,31,-0.81,9.81,0.51,9,480.97,108.23,217.72,187,S,3.83
03/12/2024 15:12,10.33,3564,4944,62,-0.41,9.77,-0.07,10,480.34,108.45,221.29,151,SE,3.83
03/12/2024 15:43,10.29,3279,4551,57,-0.58,9.85,-0.66,8,479.01,107.63,221.61,224,SW,3.83
03/12/2024 16:13,10.19,3945,5779,94,-1.02,9.81,0.34,10,480.61,110.14,218.24,226,SW,3.83
03/12/2024 16:43,10,6405,9418,157,-1,9.82,0.2,11,481.19,108.57,217.42,226,SW,3.83
03/12/2024 17:13,9.93,3259,4582,62,-0.63,9.34,2.69,18,485.71,100.09,205.3,262,W,3.82
03/12/2024 17:43,10,3764,5223,66,-3.13,6.36,6.87,49,505.78,108.98,191.1,330,NW,3.83
03/12/2024 18:13,10.08,3761,5218,65,-3.31,5.73,7.28,54,509.38,109.76,190.3,332,NW,3.83
03/12/2024 18:44,10.12,3770,5230,66,-1.91,7.47,6.13,40,499.59,105.17,192.66,323,NW,3.83
03/12/2024 19:14,10.18,3712,5150,65,-0.77,9.65,1.38,14,482.51,99.86,213.02,248,W,3.82
03/12/2024 19:44,10.25,3761,5219,66,-1.1,9.81,0.93,10,480.99,98.72,214.83,285,W,3.82
03/12/2024 20:14,10.23,3636,5315,86,0.33,9.78,1.79,12,482.78,98.34,211.94,225,SW,3.83
03/12/2024 20:44,10.25,6299,9196,148,-0.42,9.64,2.08,12,483.78,98.86,209.85,257,W,3.82
03/12/2024 21:15,10.25,6626,9815,169,-0.45,9.82,1.5,9,482.34,98.42,212.59,251,W,3.82
03/12/2024 21:45,10.25,5634,8260,135,-0.28,9.75,2.14,11,483.52,98.84,208.68,238,SW,3.82
03/12/2024 22:15,10.29,5266,7701,125,-0.07,9.69,2.26,12,483.65,98.74,208.57,234,SW,3.82
03/12/2024 22:45,10.31,4894,7139,114,-0.02,9.59,2.23,13,483.67,98.6,209.63,260,W,3.82
03/12/2024 23:15,10.29,4964,7259,118,0.05,9.78,1.21,9,481.8,98.88,215,192,S,3.82
03/12/2024 23:45,10.27,3778,5239,66,-5.1,3.88,7.47,66,513.42,130.36,204.5,333,NW,3.82
04/12/2024 00:16,10.35,3790,5257,66,-4.13,6.89,5.66,45,500.46,127.03,206.48,321,NW,3.82
04/12/2024 00:46,10.29,3780,5243,66,-4.96,3.77,7.53,66,513.95,130.15,204.51,333,NW,3.82
04/12/2024 01:16,10.27,3789,5256,66,-3.87,5.84,6.94,53,505.34,125.74,201.57,328,NW,3.82
04/12/2024 01:46,10.25,3766,5223,65,-2.3,8.85,4.05,27,489.3,121.38,209.22,300,NW,3.82
04/12/2024 02:16,10.21,2861,3975,50,-0.47,9.8,-0.16,10,479.6,105.61,220.15,147,SE,3.82
04/12/2024 02:46,10.15,2940,4191,60,-0.32,9.74,-0.38,11,479.61,105.29,222.17,142,SE,3.82
04/12/2024 03:17,10.11,3597,5290,87,-0.57,9.94,0.25,4,479.94,107.29,218.61,239,SW,3.82
04/12/2024 03:47,10.08,9837,14928,283,-0.88,9.92,0.71,7,480.99,108.6,216.05,256,W,3.82
04/12/2024 04:17,10.06,6631,9822,168,-1.23,9.83,1.36,10,482.35,110.66,212.64,274,W,3.82
04/12/2024 04:47,9.86,5897,8669,144,-1.43,9.69,1.65,12,483.48,111.94,212.18,277,W,3.82
04/12/2024 05:17,9.81,5134,7510,122,-1.67,9.63,2.1,15,484.48,113.47,210.61,280,W,3.82
04/12/2024 05:47,9.88,4753,6944,112,-1.86,9.56,2.39,17,485.22,110.8,207.21,284,W,3.82
04/12/2024 06:18,9.87,2016,2818,36,-1.79,8.1,5.39,34,495.88,109.14,195.52,315,NW,3.82
04/12/2024 06:48,9.93,3722,5163,65,-0.73,8.99,4.25,25,489.09,99.44,199.44,291,W,3.81
04/12/2024 07:18,9.96,4317,6313,102,-0.85,9.71,0.55,12,481.24,99.98,218.31,282,W,3.81
04/12/2024 07:48,10,5443,8082,140,-0.49,9.79,1.56,10,482.24,98.07,212.94,230,SW,3.82
04/12/2024 08:18,10,7061,10562,189,-0.4,9.8,1.87,10,482.72,97.39,209.81,241,SW,3.81
04/12/2024 08:49,10,7094,10583,187,-0.46,9.83,1.71,9,482.48,98.17,210.73,243,SW,3.81
04/12/2024 09:19,10,6361,9401,160,-0.27,9.78,2.03,11,483.18,98.46,209.14,235,SW,3.81
04/12/2024 09:49,10.1,5721,8403,139,-0.22,9.74,2.13,11,483.42,99.4,208.62,236,SW,3.81
04/12/2024 10:19,10.19,4754,6936,111,-0.25,9.63,1.85,12,483.25,99.26,211.26,260,W,3.81
04/12/2024 10:49,10.25,5389,7865,126,-0.3,9.73,2.14,12,483.42,100.52,208.84,241,SW,3.81
04/12/2024 11:19,10.25,5427,7928,128,-0.12,9.86,0.97,6,480.69,98.12,218.24,260,W,3.81
04/12/2024 11:50,10.23,3786,5258,66,-5.04,3.76,7.58,67,514.07,129.84,204.09,333,NW,3.81
04/12/2024 12:20,10.27,3717,5158,65,-4.31,5.47,6.99,55,507.27,127.13,202.84,329,NW,3.81
04/12/2024 12:50,10.25,3777,5243,66,-2.87,7.98,4.85,34,494.53,121.87,206.17,308,NW,3.81
04/12/2024 13:20,10.25,3770,5232,66,-5.03,3.49,7.73,69,515.17,130.19,204.1,334,NW,3.81
04/12/2024 13:50,10.25,3518,4909,63,-0.06,9.87,0.2,6,479.56,104,219.66,149,SE,3.81
04/12/2024 14:20,10.21,2559,3551,44,-1.88,9.01,3.8,24,488.4,117.82,208.14,294,NW,3.81
04/12/2024 14:51,10.14,2707,3774,48,-0.1,9.8,-0.31,9,479.28,104.5,222.03,147,SE,3.81
04/12/2024 15:21,10.12,2971,4208,59,-0.91,9.65,0.7,12,481.72,111.17,218.64,219,SW,3.81
04/12/2024 15:51,10.08,3171,4408,56,-0.7,9.89,-0.01,7,479.49,106.36,219.13,205,SW,3.81
04/12/2024 16:21,10.08,3666,5093,64,-1.58,9.7,1.2,14,482.73,110.28,214.03,265,W,3.81
04/12/2024 16:51,10.02,3751,5204,65,-1.73,9.44,1.52,16,484.11,112.35,213.07,244,SW,3.81
04/12/2024 17:21,10.02,3712,5155,65,-0.6,9.04,3.04,22,487.29,100.07,206.47,251,W,3.81
04/12/2024 17:52,10.02,3631,5039,63,-0.92,8.88,1.1,23,484.52,104.52,215.9,205,SW,3.81
04/12/2024 18:22,10.02,3624,5027,63,-1.37,8.34,4.33,30,491.88,106.37,200.56,301,NW,3.81
04/12/2024 18:52,10.02,3765,5230,66,-1.51,8.47,5.03,32,492.56,103.88,197.64,309,NW,3.8
04/12/2024 19:22,10,3458,4799,60,-3.21,8.28,1.75,30,489.96,120.93,214.84,256,W,3.81
04/12/2024 19:52,10.02,3546,4926,62,-0.19,8.9,1.04,21,484.19,105.65,214.69,223,SW,3.8
04/12/2024 20:23,10.02,3492,4860,62,-0.98,8.99,1.37,24,485.11,109.73,215.98,174,S,3.8
04/12/2024 20:53,10,3733,5187,66,-2.41,9.43,0.21,24,484.82,120.52,220.41,217,SW,3.8
04/12/2024 21:23,10,3772,5245,67,-1.66,9.29,1.14,21,485.33,119.29,216,220,SW,3.8
04/12/2024 21:53,10,3778,5249,66,-1.17,8.51,1.17,28,487.66,111.83,215.47,214,SW,3.8
04/12/2024 22:23,10.06,3618,5024,63,-1.55,8.79,1.12,24,486.28,116.25,212.9,198,S,3.8
04/12/2024 22:53,10.1,3672,5103,65,-1.75,8.33,1.24,30,488.7,122.03,215.97,217,SW,3.8
04/12/2024 23:24,10.17,3487,4850,62,-1.8,8.82,2.61,25,487.93,119.8,208.46,276,W,3.8
04/12/2024 23:54,10.18,3605,5006,63,-1.28,8.32,2.76,28,489.91,117.85,209.3,222,SW,3.8
05/12/2024 00:24,10.16,3696,5130,64,-0.83,8.62,3.15,26,489.99,112.69,206.23,246,SW,3.8
05/12/2024 00:54,10.18,3751,5209,66,-0.37,8.86,2.55,23,487.44,113.28,208.94,225,SW,3.8
05/12/2024 01:24,10.17,3740,5194,65,-0.28,8.68,-0.06,26,484.62,109.94,219.56,160,S,3.8
05/12/2024 01:54,10.16,3833,5328,68,-1.38,8.49,1.06,29,488.19,111.9,217.8,176,S,3.8
05/12/2024 02:25,10.19,3799,5282,67,-1.49,8.45,1.74,29,487.49,119.96,215.65,229,SW,3.8
05/12/2024 02:55,10.18,3830,5333,68,-0.6,7.93,1.28,34,489.24,116.24,216.38,193,S,3.8
05/12/2024 03:25,10.17,3892,5420,69,-1.35,8.81,2.51,24,489.13,114.7,209.74,279,W,3.8
05/12/2024 03:55,10.18,3840,5351,69,-0.66,8.79,1.57,25,486.5,109.05,212.7,238,SW,3.8
05/12/2024 04:25,10.18,3714,5171,66,0.06,8.85,-1.3,24,480.88,111.92,229.65,116,SE,3.8
05/12/2024 04:55,10.18,3720,5183,66,-1.36,8.31,2.87,31,490.38,108.77,209.88,248,W,3.8
05/12/2024 05:26,10.17,3662,5114,66,-0.56,9.26,1.12,20,484.9,111.24,212.38,213,SW,3.8
05/12/2024 05:56,10.14,3716,5177,66,-1.79,9.28,1.72,23,486.85,125.63,212.51,239,SW,3.8
05/12/2024 06:26,10.08,3920,5475,71,-3.35,8.56,-0.7,30,486.51,127.27,221.01,231,SW,3.8
05/12/2024 06:56,10.04,3889,5438,71,-3.23,7.97,-1.15,35,490.73,143.03,223.92,251,W,3.8
05/12/2024 07:26,10,3862,5415,72,-2.56,8.64,0.76,27,489.65,143.36,215.17,295,NW,3.8
05/12/2024 07:57,10,3950,5538,73,-0.61,8.81,0,23,487.76,141.16,213.89,197,S,3.8
05/12/2024 08:27,10.04,3838,5387,72,-0.56,8.22,2.11,28,490.84,144.24,203.44,238,SW,3.8
05/12/2024 08:57,10.02,3982,5580,74,-1,9.11,1.71,23,489.64,148.32,209.79,225,SW,3.8
05/12/2024 09:27,10.1,3877,5422,71,-1.07,9.11,0.63,21,489.45,156.78,212.49,193,S,3.8
05/12/2024 09:57,10.19,3774,5262,68,-1.54,9.27,0.7,18,489.91,157.66,208.53,209,SW,3.8
05/12/2024 10:27,10.27,3681,5130,66,-1.29,8.55,1.68,27,493.43,156.53,206.55,215,SW,3.8
05/12/2024 10:58,10.31,3698,5140,65,-1.03,8.34,1.27,28,493.91,152.75,208.74,187,S,3.8
05/12/2024 11:28,10.33,3617,5028,64,-0.59,9.33,0.37,18,487.82,149.85,210.62,202,S,3.8
05/12/2024 11:58,10.37,3547,4933,63,-0.99,8.85,0.38,26,490.46,156.05,214.65,176,S,3.8
05/12/2024 12:28,10.37,3758,5228,66,-1.32,9.31,1.94,19,491.82,155.63,202.93,259,W,3.8
05/12/2024 12:58,10.36,3737,5201,66,0.63,8.31,1.59,29,493.63,142.95,205.9,191,S,3.8
05/12/2024 13:28,10.37,3745,5200,66,-0.41,8.85,-0.42,24,489.69,149.3,215.1,142,SE,3.8
05/12/2024 13:59,10.4,3669,5095,64,-0.24,8.02,2.15,32,494.75,148.44,206.17,225,SW,3.8
05/12/2024 14:29,10.48,3707,5148,65,-1.07,8.6,2.42,27,494.78,150.37,201.2,236,SW,3.8
05/12/2024 14:59,10.56,3672,5097,64,-0.19,8.46,-0.33,28,491.5,147.82,214.82,153,SE,3.8
05/12/2024 15:29,10.62,3724,5178,65,-1.67,9.33,1.65,19,491.34,156.55,201.86,248,W,3.8
05/12/2024 15:59,10.62,3689,5120,64,-1.13,8.99,1.38,23,492.77,154.95,207.32,205,SW,3.8
05/12/2024 16:29,10.61,3708,5147,65,-0.8,8.86,1.86,25,493.02,156.46,206.06,236,SW,3.8
05/12/2024 17:00,10.61,3688,5116,64,0.21,8.33,1.53,28,489,152.84,209.68,185,S,3.8
05/12/2024 17:30,10.6,3583,4970,62,-1.17,9.15,0.46,20,490.68,155.28,210.44,210,SW,3.8
05/12/2024 18:00,10.58,3635,5052,64,-1.15,8.87,0.6,24,491.14,153.88,209.3,215,SW,3.8
05/12/2024 18:30,10.5,3568,4982,65,-1.36,9.14,-0.25,20,488.81,155,214.35,176,S,3.8
05/12/2024 19:00,10.42,3715,5179,67,-1.45,8.92,1.28,23,492.29,164.82,205.82,243,SW,3.79
05/12/2024 19:31,10.33,3576,4994,65,-2.87,8.59,0.2,27,494.85,178.54,209.15,260,W,3.8
05/12/2024 20:01,10.35,3703,5179,68,-1.32,8.69,0.67,26,493.98,174.89,203.3,225,SW,3.8
05/12/2024 20:31,10.42,3714,5197,68,-1.11,9.15,0.19,23,493.67,184.93,204.56,216,SW,3.8
05/12/2024 21:01,10.46,3587,5009,65,0.07,8.86,-0.18,23,495.27,193.49,206.38,153,SE,3.8
05/12/2024 21:31,10.48,3476,4833,61,-0.18,9.38,-0.8,18,492.28,191.1,206.79,144,SE,3.79
05/12/2024 22:01,10.54,3522,4894,62,-0.31,9.18,0.55,25,496.29,191.98,202.62,159,S,3.8
05/12/2024 22:32,10.72,3455,4788,60,-0.64,8.96,0.21,22,497.02,197.52,202.72,159,S,3.79
05/12/2024 23:02,10.93,3490,4826,59,-0.83,9.1,1.45,20,498.13,188.6,193.61,210,SW,3.79
05/12/2024 23:32,11.04,3439,4756,58,-0.12,8.72,-0.57,28,495.82,192.16,204.12,158,S,3.79
06/12/2024 00:02,11.02,3515,4859,60,-0.26,8.89,-0.19,22,495.76,190.95,201.63,157,SE,3.79
06/12/2024 00:32,10.96,3512,4858,60,-0.89,8.87,1.71,23,498.79,186.83,193.73,212,SW,3.79
06/12/2024 01:02,10.89,3474,4810,60,0.17,8.39,0.18,29,498.13,190.43,201.67,163,S,3.79
06/12/2024 01:33,10.87,3583,4961,62,1.02,8.04,-1.28,32,496.38,183.64,207.07,121,SE,3.79
06/12/2024 02:03,10.98,3566,4935,61,-1.04,8.94,2.88,24,500.26,194.62,191.91,233,SW,3.79
06/12/2024 02:33,11.35,3501,4846,60,0.93,8.59,-0.12,26,495.31,188.27,204.02,172,S,3.79
06/12/2024 03:03,11.64,3546,4907,61,0.34,8.72,-0.21,27,496.26,188.42,202.64,159,S,3.79
06/12/2024 03:33,11.4,3531,4886,60,-0.56,8.98,0.71,21,496.94,191.2,200.15,193,S,3.79
06/12/2024 04:04,11.12,3510,4860,60,-1,9.45,0.29,15,495.57,198.15,200.48,182,S,3.79
06/12/2024 04:34,10.96,3548,4919,61,-0.73,9.75,0.7,12,495.12,193,197.51,198,S,3.79
06/12/2024 05:04,10.81,3573,4951,62,-1.27,9.3,2.46,18,498.98,195.65,189.6,251,W,3.79
06/12/2024 05:34,10.61,3451,4786,60,-0.57,9.34,0.44,18,495.99,193.59,198.98,188,S,3.79
06/12/2024 06:04,10.48,3529,4894,61,0.03,9.05,0.39,21,494.94,191.33,199.5,195,S,3.79
06/12/2024 06:34,10.46,3522,4884,61,-1.6,9.23,1.65,19,498.29,195.99,191.66,272,W,3.79
06/12/2024 07:05,10.43,3460,4798,60,0.06,9.16,-0.68,22,493.96,188.7,202.93,143,SE,3.79
06/12/2024 07:35,10.52,3489,4840,60,-1.82,9.5,1.4,14,497.27,201.8,195.62,255,W,3.79
06/12/2024 08:05,10.76,3505,4864,61,-1.01,9.52,0.42,14,494.2,186.17,198.57,197,S,3.79
06/12/2024 08:35,10.9,3472,4825,61,-1.34,9.04,0.91,21,497.68,197.48,196.97,230,SW,3.78
06/12/2024 09:05,10.88,3479,4840,61,-0.81,9.45,0.25,16,494.9,195.26,201.07,168,S,3.79
06/12/2024 09:35,10.79,3524,4892,61,-1.47,9.56,0.94,14,496.64,198.64,195.78,240,SW,3.78
06/12/2024 10:06,10.69,3486,4839,61,-0.65,9.44,0.77,13,495.49,196.59,197.58,213,SW,3.78
06/12/2024 10:36,10.68,3534,4906,62,-1.57,9.65,1.9,14,497.62,198.84,191.36,279,W,3.78
06/12/2024 11:06,10.81,3543,4914,61,-1.14,9.27,0.79,20,497.11,198.79,197.78,205,SW,3.78
06/12/2024 11:36,10.92,3482,4827,60,-1.07,8.87,0.46,24,498.08,196.96,199.45,171,S,3.78
06/12/2024 12:06,10.98,3551,4920,61,-1.39,9.5,1.08,14,496.93,198.81,195.91,237,SW,3.78
06/12/2024 12:36,11,3490,4836,60,-0.61,9.26,0.41,20,496.11,195.76,199.98,179,S,3.78
06/12/2024 13:07,11,3487,4832,60,-0.73,9.23,0.9,19,496.64,193.56,198.18,189,S,3.78
06/12/2024 13:37,10.96,3487,4833,60,0.62,9.12,-0.37,22,494.07,187.84,203.35,140,SE,3.77
06/12/2024 14:07,10.96,3437,4758,59,-3.11,6.68,6.59,46,515.19,210.28,180.74,321,NW,3.78
06/12/2024 14:37,11.04,3517,4873,60,-0.93,9.11,2.53,21,499.16,196.45,191.43,238,SW,3.78
06/12/2024 15:07,11.1,3495,4841,60,-0.93,9.34,0.91,18,496.15,197.91,199.68,187,S,3.78
06/12/2024 15:38,11.12,3496,4846,60,-0.52,9.64,0.43,13,494.7,192.91,198.81,190,S,3.78
06/12/2024 16:08,11.04,3472,4805,59,-0.3,9.26,-0.63,17,493.95,189.06,204.04,151,SE,3.78
06/12/2024 16:38,10.96,3509,4861,61,-0.99,9.62,0.29,12,494.72,197.19,199.09,196,S,3.78
06/12/2024 17:08,10.85,3562,4937,62,-0.53,9.08,0.62,21,496.28,185.43,198.32,177,S,3.78
06/12/2024 17:38,10.79,3513,4867,60,-0.69,9.34,0.21,15,494.87,193.94,198.92,220,SW,3.77
06/12/2024 18:08,10.73,3558,4929,61,-1.37,9.44,0.94,17,496.29,190.5,195.27,261,W,3.78
06/12/2024 18:39,10.75,3513,4870,61,-0.73,9.27,1.01,18,495.71,192.01,196.68,208,SW,3.78
06/12/2024 19:09,10.75,3518,4875,61,-1.62,8.72,1.37,23,499.01,196.73,194.73,243,SW,3.77
06/12/2024 19:39,10.79,3462,4806,60,0.11,8.59,0.43,24,496.04,195.76,200.38,166,S,3.77
06/12/2024 20:09,10.79,3438,4774,60,-1,9,0.48,24,497.48,203.06,197.83,186,S,3.77
06/12/2024 20:39,10.77,3500,4868,62,-0.23,8.66,0.13,23,498.49,201.28,197.24,166,S,3.77
06/12/2024 21:09,10.75,3636,5069,65,-1.7,8.87,2.96,24,503.27,214.53,184.33,278,W,3.77
06/12/2024 21:40,10.71,3765,5257,68,-0.28,8.86,-0.17,23,498.49,210.29,195.34,153,SE,3.77
06/12/2024 22:10,10.6,3687,5137,66,-1.08,8.16,0.62,31,499.53,214.96,193.59,222,SW,3.77
06/12/2024 22:40,10.58,3564,4965,64,-1.39,8.84,-0.1,24,500.46,217.34,194.52,185,S,3.77
06/12/2024 23:10,10.62,3566,4957,63,-0.53,8.82,-1.03,24,499.23,209.13,197.1,157,SE,3.77
06/12/2024 23:40,10.85,3549,4924,62,-1.9,8.5,2.77,29,506.61,221.28,179.05,256,W,3.77
07/12/2024 00:10,11.08,3555,4930,62,-0.58,8.92,0.8,23,500.53,213.1,189.42,173,S,3.77
07/12/2024 00:41,11.21,3528,4887,61,-1.21,8.58,-0.24,30,501.57,217.79,193.32,167,S,3.77
07/12/2024 01:11,11.23,3459,4797,60,-1.33,8.58,0.66,25,503.48,223.57,188.04,204,SW,3.77
07/12/2024 01:41,11.27,3611,5004,62,-1.73,8.28,1.43,30,506.38,223.5,183.31,216,SW,3.77
07/12/2024 02:11,11.29,3531,4893,61,-1.61,9.24,0.27,20,501.03,227.96,186.94,211,SW,3.77
07/12/2024 02:41,11.27,3582,4964,62,-0.64,8.42,-0.05,29,503.41,225.15,190.11,179,S,3.77
07/12/2024 03:12,11.27,3587,4968,62,0.06,8.65,-0.29,26,499.97,212.93,190.89,132,SE,3.77
07/12/2024 03:42,11.21,3563,4942,62,-0.81,7.46,2.93,37,512.06,223.43,177.11,237,SW,3.77
07/12/2024 04:12,11.14,3665,5080,63,-1.49,8.68,0.79,26,504.16,230.67,187.33,228,SW,3.77
07/12/2024 04:42,11,3560,4943,62,-0.29,8.05,1.47,33,507.01,218.62,183.44,210,SW,3.77
07/12/2024 05:12,11.14,3559,4927,61,-1.34,8.36,-0.04,30,503.35,224.78,186.5,200,S,3.77
07/12/2024 05:42,11.49,3575,4952,62,-1.28,8.77,2.17,26,506.08,225.45,178.76,227,SW,3.77
07/12/2024 06:13,11.62,3612,4999,62,-0.3,8.75,1.28,29,504.89,219.69,182.17,200,S,3.77
07/12/2024 06:43,11.54,3489,4837,60,-1.29,8.58,1.03,24,505.13,223.65,181.14,203,SW,3.77
07/12/2024 07:13,11.21,3649,5065,64,-1.91,8.42,0.11,27,502.54,225.35,188.87,173,S,3.76
07/12/2024 07:43,10.94,3609,5009,63,-0.79,8.71,0.9,23,504.41,232.21,178.65,208,SW,3.77
07/12/2024 08:13,11.1,3352,4654,59,-1.84,8.68,-0.21,26,504.25,238.09,182.41,201,S,3.76
07/12/2024 08:43,11.23,3384,4715,60,-1.38,8.8,0.85,21,503.52,247.8,177.4,249,W,3.76
07/12/2024 09:14,11.05,3592,4998,64,0,9.27,0,21,502.52,247.32,177.23,193,S,3.76
07/12/2024 09:44,10.73,3610,5027,64,-0.01,8.63,0.05,27,503.83,236.61,174.44,175,S,3.76
07/12/2024 10:14,10.82,3325,4612,58,-2.41,7.82,2.8,34,510.09,253.95,162.37,259,W,3.76
07/12/2024 10:44,11.02,3375,4681,58,-0.54,8.67,-0.33,26,505.97,255.38,175.8,162,S,3.76
07/12/2024 11:14,11.06,3330,4617,58,-1.05,9.05,0.92,23,506.27,251.46,166.73,217,SW,3.76
07/12/2024 11:44,11.1,3297,4569,57,-0.15,8.87,0.2,22,504.79,254.77,169.74,178,S,3.76
07/12/2024 12:15,11,2936,4068,50,-1.33,8.91,0.32,23,506,254.97,169.93,169,S,3.76
07/12/2024 12:45,10.89,3135,4341,54,-2,8.57,0.8,27,508.91,253.94,168.78,216,SW,3.76
07/12/2024 13:15,10.87,3007,4168,52,0.43,8.41,1.9,29,509.78,250.52,161.33,196,S,3.76
07/12/2024 13:45,10.83,3022,4186,52,-2.75,7.6,1.36,37,516.49,260.72,164.9,218,SW,3.76
07/12/2024 14:15,10.81,3265,4524,56,-1.32,8.6,1.05,27,509.2,259.83,166.69,190,S,3.76
07/12/2024 14:46,10.81,3297,4567,57,-0.96,8.77,3.57,25,512.06,254.8,152.7,267,W,3.76
07/12/2024 15:16,10.83,3247,4499,56,0.45,8.79,-0.83,24,503.79,253.5,173.63,138,SE,3.76
07/12/2024 15:46,10.89,3217,4458,55,0.29,8.07,-0.16,31,507.77,253.72,170.71,155,SE,3.76
07/12/2024 16:16,10.98,3242,4492,56,-0.82,8.23,1.38,31,510.38,251.47,162.24,212,SW,3.76
07/12/2024 16:46,11.08,3090,4281,53,-1.62,8.62,1.9,27,511.01,264.72,163.17,239,SW,3.76
07/12/2024 17:16,11.1,3213,4449,55,-0.76,8.11,-0.92,31,508.78,260.58,175.45,162,S,3.76
07/12/2024 17:47,11.11,3360,4654,58,-0.55,9.16,-0.33,21,505.84,264.66,174.68,172,S,3.76
07/12/2024 18:17,11.08,3313,4586,57,-1.19,9.5,1.71,17,506.91,259.21,158.63,264,W,3.76
07/12/2024 18:47,11.02,3115,4318,54,-1.81,9.11,1.02,20,507.44,256.54,163.86,231,SW,3.76
07/12/2024 19:17,10.88,3396,4703,58,3.14,8.12,0.41,31,502.67,245.99,172.99,114,SE,3.76
07/12/2024 19:47,10.73,2478,3441,43,1.25,8.7,-1.28,24,504.09,250.05,174.37,116,SE,3.76
07/12/2024 20:17,10.64,3305,4585,57,-1.05,8.9,-0.51,24,506.97,263.76,169.94,153,SE,3.76
07/12/2024 20:48,10.48,1531,2127,27,-0.75,9.24,0.08,20,506.08,263.73,167.03,164,S,3.76
07/12/2024 21:18,10.33,3196,4441,56,-1.34,9.2,0.51,20,507.11,268.36,164.65,210,SW,3.76
07/12/2024 21:48,10.29,3085,4289,54,0.04,9.46,-0.29,19,504.33,262.12,167.04,167,S,3.76
07/12/2024 22:18,10.29,3024,4203,53,-1.55,8.88,1.15,26,509.52,266.91,158.58,213,SW,3.76
07/12/2024 22:48,10.29,2901,4026,50,-0.61,8.68,0.07,25,509.22,270.71,165.92,183,S,3.76
07/12/2024 23:18,10.21,2604,3617,-107374136,0.65,8.96,0.17,23,507.21,270.35,165.38,162,S,3.76
07/12/2024 23:49,10.21,3507,4864,61,-0.81,9.27,-0.15,17,507.33,270.43,161.25,135,SE,3.76
08/12/2024 00:19,10.29,2961,4105,51,-0.53,8.88,2.38,22,512.29,266.93,149.51,253,W,3.76
08/12/2024 00:49,10.29,3096,4294,54,-2.29,8.78,1.86,25,513.02,276.19,151.57,284,W,3.76
08/12/2024 01:19,10.29,1648,2289,28,-0.99,9.15,0.08,20,508.47,275.04,160.53,172,S,3.76
08/12/2024 01:49,10.17,3024,4197,52,-0.62,9.34,0.39,18,507.79,263.09,157.7,222,SW,3.76
08/12/2024 02:20,10.15,679,945,11,-1.72,9.08,1.21,22,511.27,271.36,155.88,207,SW,3.75
08/12/2024 02:50,10.14,3105,4307,54,-0.97,7.91,0.87,33,513.96,261.08,158.02,191,S,3.76
08/12/2024 03:20,10.25,4,6,0,0.1,8.82,1.37,25,510.03,262.39,155.56,195,S,3.75
08/12/2024 03:50,10.33,2742,3806,48,-0.8,9.2,0.91,20,509.11,269.31,156.39,201,S,3.76
08/12/2024 04:20,10.41,3383,4691,59,-0.93,8.84,1.39,24,511.27,263.4,155.88,197,S,3.75
08/12/2024 04:50,10.43,2998,4160,52,-1.37,8.58,1.32,28,513.74,269.62,155.97,201,S,3.75
08/12/2024 05:21,10.43,2934,4069,51,-0.67,9.17,0.51,20,508.85,266.23,158.79,163,S,3.75
08/12/2024 05:51,10.42,1173,1631,20,-0.4,9.81,-0.61,9,503.93,269.42,162.18,149,SE,3.75
08/12/2024 06:21,10.4,635,883,11,-0.37,9.36,0.15,17,506.59,269.04,160.53,179,S,3.75
08/12/2024 06:51,10.33,501,696,8,-0.78,9.42,0.43,17,507.22,270.66,159.72,204,SW,3.75
08/12/2024 07:21,10.33,2008,2792,35,-0.78,9.8,0.3,9,505.91,273.64,159.21,221,SW,3.75
08/12/2024 07:51,10.31,3185,4417,55,-0.91,9.67,0.13,13,506.67,272.85,158.24,229,SW,3.75
08/12/2024 08:22,10.27,24,38,0,-0.77,9.56,0.64,15,506.89,261.28,158.72,171,S,3.75
08/12/2024 08:52,10.18,172,249,3,-0.61,9.53,1.37,14,508.27,260.79,154.87,226,SW,3.75
08/12/2024 09:22,10.15,59,97,2,-0.67,9.51,0.32,18,506.92,261.86,160.56,161,S,3.75
08/12/2024 09:52,10.12,1400,1958,25,-0.48,9.51,-0.38,13,505.57,269.92,161.39,155,SE,3.75
08/12/2024 10:22,10.15,1822,2544,33,-0.33,9.68,0.58,14,507.2,263.86,158.07,172,S,3.75
08/12/2024 10:52,10.19,3070,4276,55,-0.36,9.58,-0.33,17,507.67,273.34,160.01,138,SE,3.75
08/12/2024 11:23,10.21,2999,4176,53,-0.56,9.64,-0.02,12,507.06,278.34,154.64,200,S,3.75
08/12/2024 11:53,10.17,1025,1435,18,-1.15,9.37,0.72,18,509.42,282.06,156.42,219,SW,3.75
08/12/2024 12:23,10.15,2,8,0,-0.95,9.46,-0.12,15,507.97,282.57,159.31,164,S,3.75
08/12/2024 12:53,10.12,448,625,7,-1.1,9.61,0.63,11,508.51,280.11,153.77,227,SW,3.75
08/12/2024 13:23,10.1,3108,4311,54,-1.56,9.65,1.39,14,510.19,284.74,150.95,251,W,3.75
08/12/2024 13:54,10.11,6,9,0,-1.56,9.63,1.25,14,509.44,285.01,152.96,243,SW,3.75
08/12/2024 14:24,10.06,2386,3313,41,0.16,9.36,0.17,17,507.69,278.41,157.3,188,S,3.75
08/12/2024 14:54,10.08,1603,2225,-107374154,-0.24,9.55,0.33,15,507.78,279.19,156.23,199,S,3.75
08/12/2024 15:24,10.06,642,892,-107374171,0.14,9.38,0.08,19,507.63,279.33,159.76,157,SE,3.75
08/12/2024 15:54,10.08,0,0,0,-2.08,8.63,2.54,27,514.98,289.44,154.18,257,W,3.75
08/12/2024 16:24,10.1,2786,3870,49,-0.26,9.19,-0.81,20,507.64,274.86,160.75,157,SE,3.75
08/12/2024 16:55,10.19,0,0,-1,-1.21,9.21,2.34,19,511.8,282.65,150.66,276,W,3.75
08/12/2024 17:25,10.31,1646,2289,29,-1.02,9.37,1.62,19,510.69,284.84,152.44,233,SW,3.75
08/12/2024 17:55,10.42,2926,4059,51,-0.94,9.86,-0.08,8,506.47,280.09,155.66,173,S,3.75
08/12/2024 18:25,10.44,590,821,-107374172,-0.42,9.8,-0.57,9,505.65,278.6,158.13,220,SW,3.75
08/12/2024 18:55,10.31,2689,3733,47,-0.41,9.61,0.09,12,507.44,280.24,156.19,170,S,3.75
08/12/2024 19:25,10.23,2404,3339,42,-0.52,9.91,-0.33,6,506,280.03,157.23,160,S,3.75
08/12/2024 19:56,10.17,2075,2886,36,-0.66,9.72,-0.2,12,506.93,281.85,157.61,202,SW,3.75
08/12/2024 20:26,10.15,1983,2756,34,-0.75,9.52,0.37,16,508.45,280.59,154.66,203,SW,3.75
08/12/2024 20:56,10.08,2403,3336,42,-0.56,9.69,-0.29,12,506.73,277.79,157.42,187,S,3.75
08/12/2024 21:26,10.04,2849,3957,50,-0.64,9.34,-0.62,16,506.77,273.27,159.22,144,SE,3.75
08/12/2024 21:56,10,3166,4396,55,-0.79,9.05,3.75,23,515.69,271.43,138.35,297,NW,3.75
08/12/2024 22:26,10,1513,2102,26,-0.87,7.09,5.95,43,525.09,279.87,133.53,300,NW,3.75
08/12/2024 22:57,9.98,971,1352,17,-2.01,9.21,0.44,18,510.34,284.06,153.18,242,SW,3.75
08/12/2024 23:27,10.02,3029,4206,53,-1.51,9.44,0.85,15,509.44,281.62,150.93,233,SW,3.75
08/12/2024 23:57,10.06,2764,3838,48,-0.76,9.81,0.4,14,508.58,277.38,155.71,200,S,3.75
09/12/2024 00:27,10.04,1089,1514,-107374163,-0.74,9.24,1.04,20,509.33,282.85,155.24,243,SW,3.75
09/12/2024 00:57,10.02,3029,4205,53,-1.2,9.61,1.03,15,509.81,281.78,153.25,205,SW,3.75
09/12/2024 01:28,10.04,0,1,0,-0.95,9.62,0.17,13,507.55,282.69,156.38,199,S,3.75
09/12/2024 01:58,9.98,0,1,0,-1.87,9.58,2.02,16,511.18,285.95,149.51,308,NW,3.75
09/12/2024 02:28,9.96,315,438,5,-1.59,9.8,0.4,10,507.77,282.8,153.38,299,NW,3.75
09/12/2024 02:58,9.94,0,1,0,-1.12,9.67,0.79,13,508.38,283.54,157.3,192,S,3.75
09/12/2024 03:28,9.98,0,1,107374182,-1.4,9.12,1.61,20,511.81,286.4,156.49,210,SW,3.75
09/12/2024 03:58,10.04,1,1,0,-0.53,9.1,0.44,21,509.02,278,158.27,171,S,3.75
09/12/2024 04:29,10.02,1,1,0,-1.45,9.23,1.74,18,511.29,284.15,154.07,231,SW,3.74
09/12/2024 04:59,10.08,824,1145,14,-0.8,9.66,0.78,11,508.01,279.74,153.93,221,SW,3.75
09/12/2024 05:29,10.17,0,1,0,-5.09,4.55,7.22,63,538.68,302.68,146.31,326,NW,3.74
09/12/2024 05:59,10.15,2973,4127,52,-0.06,9.81,-0.43,10,506.07,275.8,156.24,175,S,3.74
09/12/2024 06:29,10.02,1640,2279,28,-0.74,9.66,0.44,12,507.93,282.8,156.67,204,SW,3.74
09/12/2024 06:59,9.84,1532,2130,-107374155,-0.15,9.73,-0.78,10,505.54,277.4,160.57,143,SE,3.74
09/12/2024 07:30,9.63,258,369,-107374177,-1.6,9.71,1.35,13,510.1,287.92,153.97,268,W,3.74
09/12/2024 08:00,9.4,39,55,0,-1.38,9.39,0.34,18,509.41,285.22,156.84,212,SW,3.74
09/12/2024 08:30,9.29,156,221,2,-1.59,9.24,1.4,17,510.53,284.5,153.75,242,SW,3.74
09/12/2024 09:00,9.27,235,339,5,-1.15,9.79,-0.11,9,506.81,283.03,155.79,187,S,3.74
09/12/2024 09:30,9.27,179,285,7,-0.27,9.65,-0.44,11,506.26,278.47,158.63,189,S,3.74
09/12/2024 10:00,9.27,19,84,7,-1.17,9.58,0.72,13,508.66,278.4,154,206,SW,3.74
09/12/2024 10:31,9.27,15,60,5,-1.65,9.11,1.78,18,511.11,279.05,153.31,254,W,3.74
09/12/2024 11:01,9.21,436,687,16,-1.24,9.29,0.59,16,510.6,285.27,152.73,223,SW,3.74
09/12/2024 11:31,9.24,170,290,9,-1.46,9.53,0.67,18,509.5,287.94,156.32,228,SW,3.74
09/12/2024 12:01,9.45,3021,4222,55,-1.79,9.22,1.08,20,511.44,287.88,150.97,201,S,3.74
09/12/2024 12:31,9.67,10,44,3,-1.28,9.32,2.75,19,512.96,278.17,145.45,287,W,3.74
09/12/2024 13:02,9.79,218,312,4,-1.98,9.42,2.12,17,512.72,287.14,147.5,284,W,3.74
09/12/2024 13:32,9.85,2181,3039,39,-1.87,9.54,1.13,16,510.45,286.43,150.52,258,W,3.74
09/12/2024 14:02,9.83,716,1001,12,-2.21,9.32,1.5,19,511.54,288.34,150.25,297,NW,3.74
09/12/2024 14:32,9.77,530,740,9,-2.03,9.16,1.91,19,511.95,288.64,150.23,271,W,3.74
09/12/2024 15:02,9.77,2898,4023,50,-2.52,9.09,1.98,22,513.65,292.73,151.63,259,W,3.74
09/12/2024 15:32,9.77,1,2,0,-0.91,9.86,0.64,7,507.92,284.04,153.51,270,W,3.74
09/12/2024 16:03,9.63,90,126,1,-0.53,9.43,0.84,16,509.29,282.66,155.62,188,S,3.74
09/12/2024 16:33,9.5,2797,3891,49,-1.37,9.48,2.12,18,511.56,289.89,151.45,244,SW,3.74
09/12/2024 17:03,9.6,3197,4442,56,-0.62,9.68,0.91,10,508.77,283.23,152.6,193,S,3.74
09/12/2024 17:33,9.85,2,3,0,-1.1,9.52,1.17,14,509.8,286.45,154.34,218,SW,3.74
09/12/2024 18:03,9.82,3,4,0,-4.85,6.62,5.51,47,528.77,303.48,147.67,324,NW,3.74
09/12/2024 18:33,9.59,1151,1601,20,-1.97,8.99,1.98,22,512.95,291.6,154.28,223,SW,3.74
09/12/2024 19:04,9.46,2418,3359,42,-0.79,9.83,0.3,10,507.3,283.88,155.16,173,S,3.74
09/12/2024 19:34,9.46,303,423,5,-1.08,9.57,1.38,14,510.35,287.66,153.89,248,W,3.74
09/12/2024 20:04,9.41,2,3,0,-1.12,9.45,0.77,15,509.52,285.95,156.35,220,SW,3.74
09/12/2024 20:34,9.4,137,192,2,-0.77,9.53,0.5,16,508.92,284.32,156.48,169,S,3.74
09/12/2024 21:04,9.4,15,21,0,-1.68,9.18,0.64,21,510.78,290.57,158.89,195,S,3.74
09/12/2024 21:34,9.38,36,51,0,-1.72,9.56,0.64,15,510.02,286.86,152.91,216,SW,3.74
09/12/2024 22:05,9.33,5,8,0,-0.75,9.51,-0.3,16,508.01,283.23,158.54,168,S,3.74
09/12/2024 22:35,9.33,721,1005,-107374169,-0.97,9.01,1.31,24,511.1,287.01,156.91,184,S,3.74
09/12/2024 23:05,9.29,2331,3243,41,-2.72,8.7,1.54,27,513.64,290.29,152.23,248,W,3.74
09/12/2024 23:35,9.31,2622,3647,-107374135,-0.88,9.23,1.35,19,511.3,276.35,148.63,206,SW,3.74
10/12/2024 00:05,9.29,1009,1405,17,-0.78,9.11,0.13,23,510.29,286.35,158.76,200,S,3.74
10/12/2024 00:36,9.33,1085,1512,19,-2.21,9.1,1.8,20,512.49,290.68,151.26,278,W,3.74
10/12/2024 01:06,9.38,2799,3895,49,-1.1,9.46,1.54,17,511.46,290.57,148.06,248,W,3.74
10/12/2024 01:36,9.38,1765,2456,31,-1.79,9.01,1.51,23,512.33,293.94,151.7,217,SW,3.74
10/12/2024 02:06,9.37,1724,2397,-107374152,-2.3,8.92,2.04,24,514.58,294.57,149.28,261,W,3.74
10/12/2024 02:36,9.38,1423,1981,24,-2.07,9.38,1.83,19,513.5,294.47,148.99,269,W,3.74
10/12/2024 03:06,9.38,2020,2813,35,-1.59,9.46,1.42,20,512.26,289.64,148.38,228,SW,3.74
10/12/2024 03:37,9.4,1612,2247,28,-1.99,9.35,1.95,18,512.69,293.63,149.23,285,W,3.74
10/12/2024 04:07,9.36,0,0,-1,-0.42,9.75,0.19,12,507.73,286.54,155.44,200,S,3.74
10/12/2024 04:37,9.31,2218,3087,-107374142,-2.6,8.77,2.75,24,516.14,298.49,149.6,272,W,3.74
10/12/2024 05:07,9.35,2877,3998,50,-5.79,4.2,6.92,64,540.42,309.75,143.5,328,NW,3.73
10/12/2024 05:37,9.35,0,0,-1,0.36,9.79,-0.29,9,506.81,282.67,156.36,153,SE,3.74
10/12/2024 06:07,9.42,0,0,-1,-2.34,8.89,2.37,22,515.31,296.28,150.94,263,W,3.74
10/12/2024 06:38,9.52,0,0,-1,-3.7,7.57,5.14,39,524.27,304.02,144.38,319,NW,3.74
10/12/2024 07:08,9.56,0,0,-1,-3.5,6.94,5.6,43,526.55,301.66,142.05,317,NW,3.74
10/12/2024 07:38,9.52,0,0,-1,-0.04,9.87,-0.66,6,506.1,282.56,157.63,165,S,3.74
10/12/2024 08:08,9.48,2493,3466,44,-0.87,10.01,0.13,7,507.38,286.29,152,213,SW,3.73
10/12/2024 08:38,9.43,0,0,107374182,-1.2,9.75,1.18,10,509.95,288.78,149.28,260,W,3.74
10/12/2024 09:08,9.4,2102,2925,37,-0.6,9.72,-0.74,10,506.95,287.54,157.2,111,E,3.74
10/12/2024 09:39,9.4,2111,2940,37,-2.02,9.26,1.79,19,513.15,294.57,149.79,261,W,3.74
10/12/2024 10:09,9.38,3053,4255,54,-2.07,9.5,1.97,17,512.73,291.87,145.3,296,NW,3.73
10/12/2024 10:39,9.36,916,1312,19,-1.14,9.39,0.66,16,509.61,290.36,154.62,166,S,3.74
10/12/2024 11:09,9.33,2192,3100,43,-0.85,9.33,1.33,19,510.96,289.24,151.08,210,SW,3.73
10/12/2024 11:39,9.33,19,81,7,-1,9.11,2.67,21,513.5,285.01,144.74,245,SW,3.74
10/12/2024 12:10,9.31,2879,4045,54,-1.85,9.34,1.03,18,512.53,294.22,149.33,210,SW,3.73
10/12/2024 12:40,9.33,1446,2054,29,-0.68,9.25,1.98,18,512.8,286.09,144.76,244,SW,3.73
10/12/2024 13:10,9.38,1013,1434,20,-0.17,9.23,0.46,19,510.73,287.02,153.17,169,S,3.73
10/12/2024 13:40,9.35,2961,4133,53,-1.51,8.78,1.55,23,513.69,293.43,145.56,220,SW,3.73
10/12/2024 14:10,9.36,1,6,0,-1.7,9.29,1.7,18,513.05,299.23,147.34,269,W,3.73
10/12/2024 14:40,9.33,1360,1896,24,-2.03,9.41,0.5,18,512.18,300.67,151.61,245,SW,3.73
10/12/2024 15:11,9.33,0,1,107374182,-1.77,9.37,1.08,18,512.69,297.89,148.74,245,SW,3.73
10/12/2024 15:41,9.31,0,0,-1,-2.06,9.43,1.76,17,513.48,300.62,146.34,321,NW,3.73
10/12/2024 16:11,9.31,0,0,-1,-2.05,9.19,3.23,22,516.36,303.07,143.32,306,NW,3.73
10/12/2024 16:41,9.31,0,0,-1,-2.26,9.08,2.62,21,516.22,301.84,144.17,284,W,3.73
10/12/2024 17:11,9.31,0,0,-1,-1.57,8.95,2.1,21,514.69,301.41,149.12,239,SW,3.73
10/12/2024 17:41,9.27,0,0,-1,-2.07,8.97,3.62,24,517.83,303.05,141.78,305,NW,3.73
10/12/2024 18:12,9.33,2571,3583,46,-2.9,8.72,4.21,30,519.53,308.76,143.8,313,NW,3.73
10/12/2024 18:42,9.41,0,0,-1,-4.88,4.36,7.29,63,540.29,315.1,138.63,326,NW,3.73
10/12/2024 19:12,9.52,1027,1429,-107374164,-0.64,9.7,0.2,12,509.36,294.81,151.37,216,SW,3.73
10/12/2024 19:42,9.44,2506,3485,-107374138,-2.85,8.25,2.56,27,519.71,304.09,146.06,264,W,3.73
10/12/2024 20:12,9.27,0,0,-1,-2.8,8.53,3.22,28,519.26,308.43,147.18,292,W,3.73
10/12/2024 20:42,9.11,0,0,-1,-1.09,9.6,0.9,13,510.78,297.18,150.8,223,SW,3.73
10/12/2024 21:13,8.98,0,0,107374181,-0.63,9.74,-0.7,13,508.05,296.02,154.51,192,S,3.73
10/12/2024 21:43,8.93,10,15,107374181,-1.61,8.99,1.37,21,513.23,300.46,151.03,243,SW,3.73
10/12/2024 22:13,8.9,0,0,-1,-1.39,9.48,1.12,14,512.07,297.98,150.05,219,SW,3.73
10/12/2024 22:43,8.83,0,0,107374181,-1.51,9.54,0.75,15,511.68,298.89,149.81,250,W,3.73
10/12/2024 23:13,8.81,0,0,-1,-1.12,9.47,0.86,13,510.9,297.38,149.21,226,SW,3.73
10/12/2024 23:44,8.77,1679,2340,29,-1.25,9.19,0.1,18,510.66,297.14,152.26,192,S,3.73
11/12/2024 00:14,8.79,3303,4599,59,-1.46,9.27,3.19,20,515.92,288.41,134.61,299,NW,3.73
11/12/2024 00:44,8.81,2810,3914,50,-0.85,9.1,4.02,24,517.94,287.64,132.87,297,NW,3.73
11/12/2024 01:14,8.85,102,142,-107374181,-1.45,8.63,1.17,25,514.51,297.72,150.89,221,SW,3.73
11/12/2024 01:44,8.96,0,0,-1,-0.5,9.02,0.54,21,512.01,296.08,153.85,174,S,3.73
11/12/2024 02:14,9,0,0,-1,-0.59,9.58,-0.21,16,510.16,298.24,152.96,157,SE,3.73
11/12/2024 02:45,9,0,0,-1,-1.98,8.98,1.21,22,514.18,303.07,150.67,216,SW,3.73
11/12/2024 03:15,9,0,0,-1,-1.48,9.28,0.6,19,512.53,301.85,151.89,216,SW,3.73
11/12/2024 03:45,9.04,0,0,-1,-2.05,9.52,2.15,17,514.64,302.37,142.99,310,NW,3.73
11/12/2024 04:15,9.08,0,0,-1,-2.05,9.26,1.37,20,514.88,304.48,147.89,251,W,3.72
11/12/2024 04:45,9.1,0,0,-1,-1.72,9.53,2.01,16,514.14,303.53,144.7,284,W,3.73
11/12/2024 05:15,9.08,0,0,-1,-1.64,9.59,1.74,15,513.33,303.1,146.59,269,W,3.72
11/12/2024 05:46,9.06,0,0,-1,-2.14,9,3.14,22,517.03,305.91,143.99,305,NW,3.72
11/12/2024 06:16,8.98,0,0,-1,-6.26,4.81,5.63,59,539.09,321.61,146.36,328,NW,3.72
11/12/2024 06:46,9.06,0,0,-1,-2.95,8.5,4.21,30,520.73,311.6,142.65,313,NW,3.72
11/12/2024 07:16,9.18,2965,4124,52,-4.53,7.03,5.42,44,529.67,317.9,140.04,323,NW,3.72
11/12/2024 07:46,9.29,0,0,-1,-1.75,9.26,1.66,17,513.9,304.18,147.27,249,W,3.72
11/12/2024 08:16,9.23,0,0,-1,-0.71,9.87,-0.64,9,508.47,297.49,152.43,141,SE,3.72
11/12/2024 08:47,9.16,0,0,-1,-1.2,9.89,-0.07,8,509.98,299.88,148,282,W,3.72
11/12/2024 09:17,9.07,0,0,107374182,-1.39,9.55,1.55,14,512.89,299.87,145.41,273,W,3.72
11/12/2024 09:47,8.98,0,2,0,-0.18,9.66,-0.78,12,508.55,295.98,155.51,172,S,3.72
11/12/2024 10:17,8.9,0,5,0,-1.46,9.72,1.06,13,512,300.79,145.75,271,W,3.72
11/12/2024 10:47,8.88,1,9,0,-1.49,9.58,0.55,15,511.89,301.89,149.06,224,SW,3.72
11/12/2024 11:18,8.85,1531,2150,28,-2.45,9.48,1.88,18,514.31,302.49,141.56,319,NW,3.72
11/12/2024 11:48,8.83,2,11,0,-1.82,9.69,1.42,13,512.34,301.54,144.62,314,NW,3.72
11/12/2024 12:18,8.81,163,239,4,-2.04,9.62,1.67,15,513.6,302.24,143.22,296,NW,3.72
11/12/2024 12:48,8.81,1856,2600,34,-1.4,7.99,4.76,33,523.15,289.98,127.63,290,W,3.72
11/12/2024 13:18,8.88,1162,1644,22,-1.66,8.06,4.98,34,523.89,291.37,129.84,296,NW,3.72
11/12/2024 13:48,8.91,426,606,8,-1.51,9.05,3.28,24,517.29,291.86,135.29,288,W,3.72
11/12/2024 14:19,8.9,1438,2014,26,-0.97,9.23,0.68,19,511.82,299.79,150.84,216,SW,3.72
11/12/2024 14:49,8.94,1,5,0,-1.66,9.69,1.31,12,512.29,300.06,143.93,317,NW,3.72
11/12/2024 15:19,8.94,0,2,0,-1.39,9.63,1.37,13,512.23,299.06,145.22,281,W,3.72
11/12/2024 15:49,8.9,0,0,107374181,-1.91,9.41,1.62,17,513.54,302.89,146.97,257,W,3.72
11/12/2024 16:19,8.88,0,0,-1,-1.38,9.57,1.45,15,512.65,300.89,146.53,262,W,3.72
11/12/2024 16:49,9,0,0,-1,-1.62,9.49,1.47,17,513.67,301.59,145.55,242,SW,3.72
11/12/2024 17:20,9.06,0,0,-1,-1.21,9.67,2.02,14,513.08,295.79,141.6,284,W,3.72
11/12/2024 17:50,9.04,3063,4286,56,-2.05,9,3.6,24,518.16,306.88,140.01,306,NW,3.72
11/12/2024 18:20,9,0,0,-1,-2.68,8.72,2.55,23,518.06,307.91,146.51,286,W,3.72
11/12/2024 18:50,8.96,0,0,-1,-5.45,3.29,7.4,69,544.43,320.01,139.69,328,NW,3.72
11/12/2024 19:20,8.98,0,0,-1,-3.19,8.9,2.66,25,517.66,310.22,146.86,308,NW,3.72
11/12/2024 19:50,9.1,0,0,-1,-5.22,3.9,7.33,66,542.16,319.1,138.85,327,NW,3.72
11/12/2024 20:21,9.17,0,0,-1,-6.16,3.58,6.83,68,543.58,321.62,142.83,329,NW,3.72
11/12/2024 20:51,9.19,0,0,-1,-2.64,9.08,2.85,22,517.61,310.14,145.48,314,NW,3.72
11/12/2024 21:21,9.12,0,0,-1,-2.46,9.16,2.42,20,516.09,307.22,146.64,315,NW,3.72
11/12/2024 21:51,9.04,0,1,107374181,-1.42,9.46,0.94,15,512.15,301.68,148.49,203,SW,3.72
11/12/2024 22:21,8.96,0,0,-1,-0.8,9.83,0.73,13,510.57,298.63,150.54,217,SW,3.72
11/12/2024 22:52,8.86,0,0,-1,-1.31,9.78,0.88,12,511.82,300.87,147.41,242,SW,3.72
11/12/2024 23:22,8.73,0,0,-1,-1.78,9.46,1.62,16,513.49,302.58,145.78,271,W,3.72
11/12/2024 23:52,8.71,0,1,107374181,-1.92,9.49,1.27,16,513.16,303.37,147.03,259,W,3.72
12/12/2024 00:22,8.69,0,1,107374181,-1.75,9.5,0.95,15,512.83,301.56,146.86,249,W,3.72
12/12/2024 00:52,8.66,2,3,107374181,-0.78,8.94,3.91,25,517.58,289.66,133.18,297,NW,3.71
12/12/2024 01:22,8.69,0,0,-1,-1.44,7.45,6.28,40,528.17,298.22,127.37,313,NW,3.71
12/12/2024 01:53,8.74,3290,4591,59,-1.54,7.71,5.95,38,527.34,296.45,126.02,312,NW,3.72
12/12/2024 02:23,8.88,5,7,0,-2.21,9.27,1.7,20,514.6,302.19,143.69,273,W,3.71
12/12/2024 02:53,8.92,0,0,107374181,-1.3,9.56,0.85,13,511.9,300.08,147,259,W,3.71
12/12/2024 03:23,8.91,0,0,107374181,-2.13,9.08,1.79,22,515.06,304.6,146.88,280,W,3.71
12/12/2024 03:53,8.91,5,7,107374181,-1,9.21,1.09,21,512.56,300.92,150.58,226,SW,3.71
12/12/2024 04:23,8.88,960,1343,-107374164,-2.09,9.39,1.42,18,514.23,305.11,147.22,227,SW,3.71
12/12/2024 04:54,8.88,0,0,107374181,-1.85,9.38,1.72,17,514.26,302.78,145.37,255,W,3.71
12/12/2024 05:24,8.92,0,0,-1,-2.34,9.04,2.54,23,516.83,301.63,141.25,266,W,3.71
12/12/2024 05:54,9,0,0,-1,-2.19,9.33,2.79,20,516.37,304.6,141.83,309,NW,3.71
12/12/2024 06:24,8.96,0,0,-1,-2.62,8.75,3.82,28,519.51,308.27,142.66,314,NW,3.71
12/12/2024 06:54,8.94,0,0,-1,-1.62,9.16,1.52,19,514.53,305.15,149.17,226,SW,3.71
12/12/2024 07:24,8.94,0,0,-1,-5.15,3.8,7.47,66,542.79,318.38,138.21,327,NW,3.71
12/12/2024 07:55,8.99,0,0,-1,-5.69,3.22,7.25,70,544.55,320.93,140.69,328,NW,3.71
12/12/2024 08:25,9.06,0,0,-1,-2.2,9.29,2.99,21,516.57,308,144.47,308,NW,3.71
12/12/2024 08:55,9.06,0,1,0,-3.24,8.5,4.18,31,521.09,312.31,143.55,316,NW,3.71
12/12/2024 09:25,9.06,0,1,0,-2.85,8.53,4.13,30,520.25,310.53,142.63,313,NW,3.71
12/12/2024 09:55,8.96,0,2,0,-2.38,9.22,2.93,21,516.86,307.65,144.27,310,NW,3.71
12/12/2024 10:26,8.83,0,4,0,-0.68,9.71,0.81,9,510.72,297.37,148.1,214,SW,3.71
12/12/2024 10:56,8.73,0,5,0,-1.23,9.78,1.25,11,511.84,300.81,146.66,270,W,3.71
12/12/2024 11:26,8.68,3,15,1,-1.25,9.93,0.05,8,509.74,299.83,148.41,236,SW,3.71
12/12/2024 11:56,8.65,4,22,1,-1.41,9.72,0.31,12,510.78,299.04,147.98,245,SW,3.71
12/12/2024 12:26,8.62,5,25,2,-2.02,9.75,0.85,12,512.12,302.95,145.56,291,W,3.71
12/12/2024 12:56,8.6,4,18,1,-1.74,9.62,1.6,13,513.13,302.79,145.03,296,NW,3.71
12/12/2024 13:27,8.62,4,19,1,-1.69,8.3,5.1,32,523.02,294.19,128.9,309,NW,3.71
12/12/2024 13:57,8.64,3250,4545,59,-1.53,6.27,7.44,50,534.66,300.99,124.14,319,NW,3.71
12/12/2024 14:27,8.71,3573,4993,65,-1.98,6.49,7.08,48,534.66,298.91,123.25,319,NW,3.71
12/12/2024 14:57,8.75,1885,2647,35,-1.51,8.25,5.33,33,523.6,291.61,126.88,309,NW,3.71
12/12/2024 15:27,8.75,2,6,0,-1.77,9.45,1.83,16,514.21,297.17,141.34,279,W,3.71
12/12/2024 15:57,8.79,0,1,0,-2.08,9.55,1.83,16,514.31,305.38,144.65,285,W,3.71
12/12/2024 16:28,8.81,27,38,107374181,-2.31,9.07,1.48,22,515.58,307.11,147.39,229,SW,3.71
12/12/2024 16:58,8.79,0,0,-1,-2.57,9.36,2.28,20,515.91,306.69,142.08,301,NW,3.71
12/12/2024 17:28,8.81,0,0,-1,-1.84,9.61,2.06,15,514.21,302.75,141.41,307,NW,3.71
12/12/2024 17:58,8.85,0,0,-1,-2.49,9.47,2.06,18,515.33,304.82,141.14,316,NW,3.71
12/12/2024 18:28,8.91,0,0,107374181,-2.1,9.37,2.19,18,515.29,305.57,143.47,301,NW,3.71
12/12/2024 18:58,8.9,0,0,-1,-2.67,9.06,2.94,23,517.93,309.39,144.21,317,NW,3.71
12/12/2024 19:29,8.83,0,0,-1,-6.64,3.72,6.36,67,543.4,323.81,145.1,329,NW,3.71
12/12/2024 19:59,8.89,0,0,-1,-4.99,4.22,7.35,64,542.16,318.36,136.93,327,NW,3.71
12/12/2024 20:29,8.98,0,0,-1,-0.82,9.68,1,8,511.39,297.55,147.46,211,SW,3.71
12/12/2024 20:59,9,0,0,-1,-6.93,3.19,6.35,70,545.42,324.71,146.21,330,NW,3.71
12/12/2024 21:29,9.04,0,0,-1,-4.09,5.88,6.76,53,534.97,314.94,135.25,323,NW,3.71
12/12/2024 22:00,9,0,0,-1,-1.49,9.34,2.05,17,514,303.69,145.65,234,SW,3.71
12/12/2024 22:30,8.92,0,0,-1,-1.17,9.76,0.99,10,511.28,302.01,147.1,242,SW,3.71
12/12/2024 23:00,8.79,0,0,-1,-1.35,9.54,1.19,16,513.05,304.32,149.87,223,SW,3.71
12/12/2024 23:30,8.71,0,0,-1,-1.04,9.79,0.12,9,510.08,301.39,150.12,209,SW,3.71
13/12/2024 00:00,8.62,0,0,-1,-1.49,9.72,0.65,11,511.48,303.39,148.08,248,W,3.7
13/12/2024 00:30,8.58,4,5,0,-2.16,9.35,2.2,18,515.11,304.11,141.77,302,NW,3.71
13/12/2024 01:01,8.54,1225,1717,22,-1.29,9.69,0.35,13,511.24,302.54,148.21,232,SW,3.7
13/12/2024 01:31,8.52,1,1,107374181,-2.34,9.44,1.64,18,514.65,305.42,143.98,272,W,3.71
13/12/2024 02:01,8.52,3579,5009,66,-1.8,6.83,6.74,45,532.62,301.16,124.19,317,NW,3.7
13/12/2024 02:31,8.56,3562,4985,65,-2.83,5.81,7.44,53,538.08,306.71,124.84,322,NW,3.7
13/12/2024 03:01,8.56,3245,4546,60,-2.45,6.84,7.21,47,533.76,303.61,124.99,319,NW,3.7
13/12/2024 03:31,8.64,1795,2513,32,-1.59,8.93,3.37,24,517.6,294.66,134.21,310,NW,3.7
13/12/2024 04:02,8.69,0,0,-1,-0.75,9.5,0.58,17,512.4,300.18,147.62,202,S,3.7
13/12/2024 04:32,8.66,635,890,-107374171,-0.77,9.48,0.67,18,512.07,299.98,148.29,204,SW,3.71
13/12/2024 05:02,8.67,0,0,-1,-1.88,9.68,1.15,13,512.78,304.36,145.16,287,W,3.7
13/12/2024 05:32,8.65,2663,3724,48,-1.51,9.46,0.78,16,512.88,301.74,146.46,198,S,3.7
13/12/2024 06:02,8.65,0,0,-1,-1.68,9.74,1.33,12,512.69,302.41,144.21,312,NW,3.7
13/12/2024 06:32,8.64,0,0,-1,-2.35,9.43,2.11,18,515.58,306.72,143.2,317,NW,3.7
13/12/2024 07:03,8.65,0,0,-1,-2.33,9.23,2.6,22,516.97,308.23,144.73,285,W,3.7
13/12/2024 07:33,8.67,0,0,-1,-0.83,9.77,0.75,10,511.15,300.32,149.43,182,S,3.7
13/12/2024 08:03,8.7,0,0,107374181,-5.31,3.85,7.38,66,543.08,320.54,138.79,327,NW,3.7
13/12/2024 08:33,8.79,0,0,-1,-5.78,3.41,7.26,69,544.57,322.06,140.58,328,NW,3.7
13/12/2024 09:03,8.81,0,1,0,-6.09,3.21,7.08,70,545.28,322.92,141.87,329,NW,3.7
13/12/2024 09:34,8.89,0,2,0,-5.37,4.45,7.05,62,541.26,320.34,138.85,327,NW,3.7
13/12/2024 10:04,8.86,0,1,0,-6.4,3.13,6.88,71,545.84,324.08,143.41,329,NW,3.7
13/12/2024 10:34,8.73,0,1,0,-6.35,3.49,6.77,68,544.44,323.41,142.99,329,NW,3.7
13/12/2024 11:04,8.65,0,1,0,-1.13,9.59,1.19,12,512.46,303.12,148.75,232,SW,3.7
13/12/2024 11:34,8.58,0,3,0,-0.5,9.84,-0.1,8,509.35,297,149.95,193,S,3.7
13/12/2024 12:04,8.52,1,5,0,-0.43,9.95,-0.54,9,508.71,298.18,152.99,157,S,3.7
13/12/2024 12:35,8.46,1,6,0,-1.18,9.66,0.19,11,510.63,301.88,150.06,205,SW,3.7
13/12/2024 13:05,8.46,2,10,0,-1.73,9.6,0.46,15,512.46,304.76,148.74,228,SW,3.7
13/12/2024 13:35,8.4,1061,1496,20,-1.94,9.49,1.22,15,513.42,306.37,147.56,276,W,3.7
13/12/2024 14:05,8.4,3356,4703,62,-1.32,8.34,5.27,32,524.12,296.71,127.31,307,NW,3.7
13/12/2024 14:35,8.37,2,8,0,-4.24,4.88,7.45,59,543.33,311.44,128.67,326,NW,3.7
13/12/2024 15:05,7.97,80,180,8,-2.12,2.31,9.2,75,549.9,282.86,119.96,330,NW,3.7
13/12/2024 15:36,6.17,128,311,17,9.48,-0.36,-0.13,87,543.67,250.6,183.11,18,N,3.7
13/12/2024 16:06,5.43,0,0,-1,0.64,9.97,-0.25,3,505.28,302.37,176.9,122,SE,3.7
13/12/2024 16:36,5.66,0,0,-1,0.63,9.97,-0.25,3,504.98,302.42,176.72,122,SE,3.7
13/12/2024 17:06,5.79,0,0,0,0.63,9.96,-0.27,3,505.06,302.69,176.6,121,SE,3.7
13/12/2024 17:36,5.81,0,0,-1,0.64,9.96,-0.26,3,505.38,302.41,176.69,122,SE,3.7
13/12/2024 18:07,5.81,0,0,107374182,0.63,9.97,-0.25,3,505.26,302.28,176.63,122,SE,3.69
13/12/2024 18:37,5.81,1,1,0,0.63,9.97,-0.25,3,505.39,302.24,176.32,123,SE,3.7
13/12/2024 19:07,5.81,0,1,0,0.63,9.97,-0.25,3,505.34,302.48,176.3,122,SE,3.69
13/12/2024 19:37,5.81,0,1,107374182,0.62,9.96,-0.25,3,505.47,302.46,176.36,122,SE,3.7
13/12/2024 20:07,5.88,0,1,0,0.63,9.96,-0.26,3,505.11,302.35,176.2,122,SE,3.7
13/12/2024 20:37,6.5,4168,6049,95,-4.07,-0.68,-8.19,84,511.47,250.97,223.36,14,N,3.69
13/12/2024 21:08,8.7,3485,5058,79,-3.1,-0.79,-9.35,84,493.11,257.57,216.78,20,N,3.7
13/12/2024 21:38,11.07,4544,6570,101,-2.46,-0.11,-9.36,88,502.9,247.13,219.38,19,N,3.7
13/12/2024 22:08,12.85,4595,6632,101,-2.82,-0.19,-9.12,88,522.79,261.94,204.28,19,N,3.7
13/12/2024 22:38,13.43,4593,6631,101,-2.82,-0.2,-9.13,88,522.84,261.94,204.39,20,N,3.7
13/12/2024 23:08,13.15,4580,6617,101,-2.82,-0.19,-9.14,88,522.87,262.37,204.79,20,N,3.7
13/12/2024 23:38,12.57,4577,6616,102,-2.83,-0.19,-9.13,88,522.71,262.38,204.93,19,N,3.7
14/12/2024 00:09,11.89,4579,6624,102,-2.83,-0.2,-9.14,88,522.77,262.95,204.96,20,N,3.7
14/12/2024 00:39,11.18,4581,6631,103,-2.84,-0.19,-9.15,88,522.79,263.13,205,20,N,3.69
14/12/2024 01:09,10.51,4575,6626,103,-2.85,-0.19,-9.15,88,523.05,263.86,204.91,20,N,3.69
14/12/2024 01:39,9.9,4606,6676,104,-2.86,-0.19,-9.15,88,523.09,264.02,204.83,20,N,3.7
14/12/2024 02:09,9.32,4639,6727,105,-2.87,-0.2,-9.16,88,522.99,264.19,204.93,20,N,3.69
14/12/2024 02:39,8.8,4653,6750,105,-2.87,-0.19,-9.16,88,523.07,264.24,204.77,20,N,3.69
14/12/2024 03:10,8.32,4660,6761,106,-2.88,-0.2,-9.16,88,522.95,264.3,204.79,20,N,3.7
14/12/2024 03:40,7.93,4662,6768,106,-2.88,-0.21,-9.17,88,523.1,264.65,204.93,20,N,3.69
14/12/2024 04:10,7.54,4665,6774,106,-2.88,-0.19,-9.18,88,522.99,264.78,204.69,20,N,3.69
14/12/2024 04:40,7.22,4669,6783,107,-2.9,-0.2,-9.18,88,523.26,264.8,204.72,20,N,3.69
14/12/2024 05:10,6.92,4670,6786,107,-2.89,-0.21,-9.18,88,523.25,265.22,204.76,20,N,3.69
14/12/2024 05:41,6.65,4668,6784,107,-2.89,-0.19,-9.18,88,523.02,264.95,204.59,20,N,3.69
14/12/2024 06:11,6.44,4669,6788,107,-2.9,-0.2,-9.18,88,523.41,265.47,204.88,20,N,3.69
14/12/2024 06:41,6.23,4675,6796,107,-2.9,-0.19,-9.17,88,523.51,265.44,204.79,20,N,3.69
14/12/2024 07:11,6.06,4676,6800,107,-2.9,-0.2,-9.18,88,523.48,265.37,204.86,20,N,3.69
14/12/2024 07:41,5.9,4676,6800,107,-2.91,-0.2,-9.17,88,523.44,265.38,204.58,20,N,3.69
14/12/2024 08:11,5.89,4687,6816,108,-2.59,-0.28,-9.26,88,532.18,257.89,205.02,19,N,3.69
14/12/2024 08:42,6.02,4688,6817,108,-2.6,-0.28,-9.26,88,532.04,257.34,204.87,19,N,3.69
14/12/2024 09:12,6.1,4690,6818,108,-2.6,-0.28,-9.25,88,531.89,257.06,204.65,20,N,3.69
14/12/2024 09:42,6.12,4691,6819,107,-2.6,-0.27,-9.26,88,531.37,257.74,203.61,20,N,3.69
14/12/2024 10:12,6.12,4690,6819,108,-2.61,-0.26,-9.25,88,532.67,258.41,204.2,20,N,3.69
14/12/2024 10:42,6.12,4691,6821,108,-1.56,-0.64,-9.43,80,510.26,271.91,205.09,25,NE,3.69
14/12/2024 11:12,6.53,4703,6834,108,-1.83,-0.26,-9.42,88,524.03,254.8,204.08,22,N,3.69
14/12/2024 11:43,7.36,4719,6851,107,-0.73,-0.16,-9.52,88,528.17,254.38,202.69,24,NE,3.69
14/12/2024 12:13,8.13,4725,6855,107,-0.73,-0.16,-9.53,88,528.28,253.93,202.3,24,NE,3.69
14/12/2024 12:43,8.64,4731,6861,107,-0.71,-0.15,-9.53,88,528.01,253.43,202.28,24,NE,3.69
14/12/2024 13:13,8.62,4797,6988,111,-3.54,2.32,-8.72,75,452.23,213.36,177.28,14,N,3.69
14/12/2024 13:43,8.3,4801,6997,112,-3.51,2.32,-8.74,75,452.26,213.27,177.28,14,N,3.69
14/12/2024 14:13,8.01,4734,6892,109,-3.49,2.32,-8.75,75,452.36,213.48,177.47,14,N,3.69
14/12/2024 14:44,7.73,4750,6915,110,-3.47,2.32,-8.76,75,452.28,213.45,177.56,14,N,3.69
14/12/2024 15:14,7.46,4719,6868,109,-3.47,2.31,-8.77,75,452.28,213.82,177.66,14,N,3.69
14/12/2024 15:44,7.11,4695,6825,108,-3.45,2.32,-8.78,76,452.48,213.98,177.79,14,N,3.69
14/12/2024 16:14,6.71,4685,6816,108,-6.64,2.46,-6.84,75,446.85,238.69,155.51,7,N,3.69
14/12/2024 16:44,5.91,4697,6833,108,-6.69,2.34,-6.88,76,447.38,239.06,155.93,6,N,3.69
14/12/2024 17:15,5.03,4699,6841,109,-6.76,2.26,-6.87,76,447.61,239.59,155.94,6,N,3.69
14/12/2024 17:45,4.37,4699,6847,109,-6.86,2.17,-6.79,77,447.84,239.81,155.96,6,N,3.69
14/12/2024 18:15,3.92,4696,6845,109,-6.94,2.1,-6.75,77,448.42,240.48,155.9,6,N,3.69
14/12/2024 18:45,3.61,4691,6840,109,-7.02,2.04,-6.7,77,448.59,240.99,155.97,5,N,3.69
14/12/2024 19:15,3.28,4686,6835,109,-7.15,1.96,-6.58,78,448.75,241.27,155.77,5,N,3.69
14/12/2024 19:45,2.88,4679,6827,109,-7.22,1.9,-6.54,78,449.08,241.64,155.71,5,N,3.69
14/12/2024 20:16,2.47,4680,6829,109,-7.27,1.87,-6.5,78,449.28,242.24,155.33,5,N,3.69
14/12/2024 20:46,2.07,4676,6828,110,-7.31,1.83,-6.5,79,448.94,242.56,155.21,5,N,3.69
14/12/2024 21:16,1.77,4673,6824,110,-7.33,1.8,-6.48,79,449.26,243.12,154.85,5,N,3.69
14/12/2024 21:46,1.68,4673,6823,110,-7.34,1.78,-6.48,79,449.49,243.4,155.25,5,N,3.69
14/12/2024 22:16,1.68,4669,6819,110,-7.37,1.75,-6.45,79,449.74,243.87,155.28,4,N,3.69
14/12/2024 22:46,1.75,4669,6817,109,-7.38,1.71,-6.45,79,449.77,243.38,154.86,4,N,3.68
14/12/2024 23:17,1.79,4665,6811,109,-7.39,1.68,-6.44,80,450.22,243.74,155.02,4,N,3.69
14/12/2024 23:47,1.71,4665,6811,109,-7.41,1.66,-6.43,80,450,243.62,154.55,4,N,3.68
15/12/2024 00:17,1.64,4663,6810,110,-7.44,1.63,-6.42,80,449.93,244.33,154.85,4,N,3.69
15/12/2024 00:47,1.61,4662,6809,110,-7.44,1.61,-6.4,80,449.97,244,154.57,4,N,3.69
15/12/2024 01:17,1.68,4663,6807,109,-7.45,1.57,-6.4,80,449.63,244.14,154.66,4,N,3.69
15/12/2024 01:47,2.03,4664,6806,109,-7.47,1.53,-6.39,80,449.69,243.96,154.4,4,N,3.69
15/12/2024 02:18,2.31,4663,6803,109,-7.47,1.52,-6.37,80,449.78,243.96,154.18,4,N,3.69
15/12/2024 02:48,2.4,4667,6807,109,-7.5,1.48,-6.35,81,449.82,244.11,154.01,4,N,3.69
15/12/2024 03:18,2.42,4668,6810,109,-7.51,1.47,-6.33,81,450.06,244.1,153.96,4,N,3.69
15/12/2024 03:48,2.64,4670,6810,109,-7.53,1.43,-6.3,81,450.04,243.83,154.11,4,N,3.69
15/12/2024 04:18,3.15,4673,6810,108,-7.55,1.39,-6.26,81,449.85,243.91,154.13,4,N,3.69
15/12/2024 04:49,3.95,4676,6809,108,-7.56,1.34,-6.22,82,450.2,243.54,154.02,4,N,3.69
15/12/2024 05:19,4.73,4682,6812,108,-7.56,1.32,-6.2,82,450.01,243.07,153.88,3,N,3.69
15/12/2024 05:49,5.4,4689,6819,108,-7.58,1.3,-6.18,82,450.25,243.14,153.77,3,N,3.69
15/12/2024 06:19,5.95,4700,6830,108,-7.58,1.26,-6.16,82,450.14,243.1,153.75,3,N,3.69
15/12/2024 06:49,6.39,4709,6840,107,-7.59,1.26,-6.16,82,450.29,243.05,153.77,3,N,3.69
15/12/2024 07:19,6.76,4715,6848,107,-7.6,1.24,-6.13,82,450.5,243.1,153.83,3,N,3.69
15/12/2024 07:50,7.07,4745,6904,109,-7.58,1.22,-6.13,82,450.55,242.79,153.85,3,N,3.69
15/12/2024 08:20,7.45,4987,7404,128,-7.63,1.09,-6.06,83,450.86,243.03,153.77,3,N,3.69
15/12/2024 08:50,7.91,5306,8125,159,-7.65,1.06,-6.02,83,451.06,242.75,153.69,3,N,3.69
15/12/2024 09:20,8.34,5588,8698,181,-7.65,1.06,-6.01,83,450.95,242.48,153.84,3,N,3.68
15/12/2024 09:50,8.82,5800,9131,197,-7.66,1.04,-5.99,83,451.07,242.41,153.86,3,N,3.69
15/12/2024 10:20,9.44,6943,11489,293,-7.68,0.99,-5.96,83,451.35,242.33,153.8,3,N,3.69
15/12/2024 10:51,10.13,7517,12744,349,-7.69,0.96,-5.93,84,451.19,242.18,153.86,2,N,3.69
15/12/2024 11:21,10.82,6663,11017,280,-7.66,0.96,-5.94,84,451.44,241.52,153.89,2,N,3.69
15/12/2024 11:51,11.35,7064,11890,319,-7.67,0.95,-5.92,84,451.52,241.63,154.31,2,N,3.69
15/12/2024 12:21,11.86,6586,10881,276,-7.66,0.94,-5.92,84,451.3,241.41,154.48,2,N,3.69
15/12/2024 12:51,12.37,8434,14480,411,-7.66,0.93,-5.92,84,451.58,241.11,154.66,2,N,3.69
15/12/2024 13:21,12.88,6004,9664,225,-7.66,0.93,-5.91,84,451.61,240.76,155.04,2,N,3.69
15/12/2024 13:52,13.15,5658,8876,189,-7.65,0.93,-5.91,84,451.53,241.09,155.21,2,N,3.69
15/12/2024 14:22,13.15,5401,8279,162,-7.66,0.91,-5.92,84,451.62,240.81,155.36,2,N,3.69
15/12/2024 14:52,13,5459,8385,166,-7.65,0.91,-5.91,84,451.42,241.11,155.54,2,N,3.69
15/12/2024 15:22,12.81,5189,7786,141,-7.66,0.9,-5.92,84,451.53,240.96,155.38,2,N,3.69
15/12/2024 15:52,12.5,4789,6960,110,-7.66,0.9,-5.92,84,451.6,241.19,155.47,2,N,3.69
15/12/2024 16:23,12.23,4728,6836,105,-7.65,0.9,-5.94,84,451.51,241.18,155.56,2,N,3.68
15/12/2024 16:53,12,4727,6836,105,-7.66,0.89,-5.93,84,451.42,241.48,155.52,2,N,3.69
15/12/2024 17:23,11.82,4731,6842,105,-7.66,0.88,-5.93,84,451.53,241.54,155.56,2,N,3.69
15/12/2024 17:53,11.67,4732,6845,106,-7.68,0.88,-5.94,84,451.61,241.54,155.63,2,N,3.68
15/12/2024 18:23,11.34,4735,6852,106,-7.66,0.88,-5.94,84,451.65,241.78,155.58,2,N,3.69
15/12/2024 18:53,10.94,4740,6861,106,-7.67,0.86,-5.94,84,451.65,241.79,155.64,2,N,3.68
15/12/2024 19:24,10.81,4738,6857,106,-7.66,0.86,-5.93,84,451.82,242.31,155.59,2,N,3.68
15/12/2024 19:54,10.81,4737,6856,106,-7.68,0.86,-5.95,84,451.67,241.94,155.37,2,N,3.69
15/12/2024 20:24,10.83,4739,6857,106,-7.67,0.86,-5.95,84,451.51,241.81,155.52,2,N,3.69
15/12/2024 20:54,10.85,4740,6861,106,-7.66,0.85,-5.94,84,451.7,241.95,155.44,2,N,3.68
15/12/2024 21:24,10.91,4742,6863,106,-7.67,0.84,-5.96,84,451.92,241.86,155.39,2,N,3.68
15/12/2024 21:54,10.93,4744,6865,106,-7.67,0.85,-5.95,84,451.59,241.7,155.43,2,N,3.68
15/12/2024 22:25,10.98,4745,6867,106,-7.65,0.85,-5.95,84,451.94,241.94,155.45,2,N,3.68
15/12/2024 22:55,10.98,4746,6868,106,-7.67,0.84,-5.96,84,451.85,241.56,155.37,2,N,3.68
15/12/2024 23:25,10.96,4746,6869,106,-7.66,0.83,-5.97,84,451.54,241.95,155.48,2,N,3.68
15/12/2024 23:55,10.85,4748,6873,106,-7.65,0.82,-5.97,84,451.89,241.89,155.62,2,N,3.68
16/12/2024 00:25,10.77,4749,6873,106,-7.65,0.83,-5.97,84,451.64,242.06,155.53,2,N,3.68
16/12/2024 00:55,10.71,4750,6877,106,-7.71,0.82,-5.91,85,451.73,242.1,155.2,2,N,3.68
16/12/2024 01:26,10.6,4750,6877,106,-7.69,0.81,-5.92,85,451.6,242.1,155.25,2,N,3.68
16/12/2024 01:56,10.52,4750,6878,107,-7.72,0.81,-5.91,85,451.93,242.28,155.18,2,N,3.68
16/12/2024 02:26,10.46,4751,6880,107,-7.71,0.82,-5.9,84,451.71,242.23,155.25,2,N,3.68
16/12/2024 02:56,10.42,4754,6884,107,-7.71,0.81,-5.92,84,451.82,242.41,155.28,2,N,3.68
16/12/2024 03:26,10.32,4755,6888,107,-7.72,0.81,-5.9,84,451.76,242.37,155.31,2,N,3.68
16/12/2024 03:57,10.25,4759,6894,107,-7.71,0.81,-5.89,85,452.03,242.19,155.15,2,N,3.68
16/12/2024 04:27,10.21,4760,6894,107,-7.71,0.8,-5.91,84,451.93,241.94,155.24,2,N,3.68
16/12/2024 04:57,10.18,4761,6897,107,-7.72,0.8,-5.91,85,451.73,242.56,155.36,2,N,3.68
16/12/2024 05:27,10.1,4762,6899,107,-7.73,0.81,-5.91,84,451.88,242.55,155.18,2,N,3.68
16/12/2024 05:57,10,4744,6875,107,-7.72,0.8,-5.92,85,451.99,242.13,155.11,2,N,3.68
16/12/2024 06:27,9.81,4743,6875,107,-7.73,0.81,-5.92,85,451.8,242.68,155.18,2,N,3.68
16/12/2024 06:58,9.67,4743,6875,107,-7.71,0.8,-5.91,84,451.95,242.7,155.08,2,N,3.68
16/12/2024 07:28,9.62,4745,6880,107,-7.72,0.81,-5.92,85,452.27,243.02,155.24,2,N,3.68
16/12/2024 07:58,9.58,4792,6985,111,-7.73,0.79,-5.92,85,452.04,242.42,154.86,2,N,3.68
16/12/2024 08:28,9.56,4966,7406,130,-7.73,0.79,-5.92,85,452.03,242.61,155.09,2,N,3.68
16/12/2024 08:58,9.56,5296,8051,153,-7.73,0.78,-5.91,85,452.07,242.57,155.17,2,N,3.67
16/12/2024 09:28,11.71,4889,7137,115,8.12,3.15,4.34,70,483.07,174.27,114.75,2,N,3.68
16/12/2024 09:59,14.7,5138,7637,133,-9.31,3.28,1.16,70,482.77,249.93,141.14,342,N,3.68
16/12/2024 10:29,16.5,5462,8253,153,-9.27,3.28,1.13,70,482.6,249.14,142.19,343,N,3.68
16/12/2024 10:59,17.79,5746,8815,173,-9.26,3.27,1.12,70,482.33,248.36,143.12,342,N,3.68
16/12/2024 11:29,18.86,5332,7933,138,-9.24,3.28,1.11,70,481.96,247.81,144,342,N,3.68
16/12/2024 11:59,19.47,5191,7857,147,-9.23,3.29,1.11,70,481.85,247.26,144.5,342,N,3.68
16/12/2024 12:29,19.83,5021,7487,132,-9.24,3.27,1.11,70,481.56,247.15,144.95,342,N,3.68
16/12/2024 13:00,20.08,5121,7657,136,-9.25,3.27,1.1,70,481.74,247.23,145.47,342,N,3.68
16/12/2024 13:30,20.31,5014,7465,131,-9.24,3.27,1.1,70,481.39,246.88,145.57,342,N,3.68
16/12/2024 14:00,20.48,4882,7207,121,-9.26,3.27,1.09,70,481.52,246.55,145.75,342,N,3.68
16/12/2024 14:30,20.56,4606,6630,100,-9.26,3.26,1.09,70,481.22,247.16,146.17,342,N,3.68
16/12/2024 15:00,20.62,4576,6561,97,-9.29,3.25,0.92,70,481.58,246.11,146.91,343,N,3.68
16/12/2024 15:31,20.62,4475,6362,90,-9.39,3.03,0.59,71,483.74,245.1,153.16,343,N,3.68
16/12/2024 16:01,20.54,4429,6281,88,-9.41,3.02,0.58,71,483.85,245.04,153.29,343,N,3.68
16/12/2024 16:31,20.42,4423,6272,88,-9.42,3.01,0.57,72,484.02,244.84,153.28,343,N,3.68
16/12/2024 17:01,20.29,4419,6267,88,-9.43,3.01,0.52,72,483.52,244.74,154.2,343,N,3.68
16/12/2024 17:31,20.21,4404,6245,88,-9.44,3.01,0.52,72,483.85,244.85,154.08,343,N,3.68
16/12/2024 18:01,20.21,4409,6253,88,-9.34,3.02,1.59,72,479.38,247.09,150.72,340,N,3.68
16/12/2024 18:32,20.19,4401,6242,88,-9.35,2.99,1.56,72,479.41,247.28,151,340,N,3.68
16/12/2024 19:02,20.13,4399,6242,88,-9.35,3,1.57,72,479.25,247.17,151.01,340,N,3.68
16/12/2024 19:32,20.04,4400,6242,88,-9.35,2.99,1.58,72,479.3,247.41,150.95,340,N,3.68
16/12/2024 20:02,20,4404,6250,88,-9.36,2.99,1.58,72,479.52,247.23,150.95,340,N,3.68
16/12/2024 20:32,19.94,4405,6251,88,-9.36,3,1.58,72,479.17,247.25,150.97,340,N,3.68
16/12/2024 21:02,19.86,4404,6250,88,-9.37,2.99,1.59,72,479.33,247.26,150.84,340,N,3.68
16/12/2024 21:33,19.77,4402,6247,88,-9.37,2.99,1.59,72,479.5,247.41,150.67,340,N,3.68
16/12/2024 22:03,19.67,4404,6251,88,-9.37,2.99,1.59,72,479.43,247.52,150.66,340,N,3.68
16/12/2024 22:33,19.58,4397,6230,87,-9.37,2.99,1.6,72,479.17,247.68,150.89,340,N,3.68
16/12/2024 23:03,19.54,4395,6228,87,-9.39,2.98,1.59,72,479.1,247.85,150.92,340,N,3.68
16/12/2024 23:33,19.52,4394,6226,87,-9.38,2.98,1.58,72,479.31,247.87,150.8,340,N,3.68
17/12/2024 00:03,19.48,4395,6229,87,-9.39,2.99,1.6,72,479.38,247.68,150.71,340,N,3.68
17/12/2024 00:34,19.39,4396,6229,87,-9.38,2.98,1.58,72,479.34,247.54,150.68,340,N,3.68
17/12/2024 01:04,19.33,4395,6229,87,-9.38,2.99,1.6,72,479.28,247.96,150.85,340,N,3.68
17/12/2024 01:34,19.29,4395,6229,87,-9.38,2.98,1.6,72,479.17,247.8,150.74,340,N,3.68
17/12/2024 02:04,19.21,4393,6227,87,-9.39,2.98,1.6,72,479.35,247.56,150.85,340,N,3.68
17/12/2024 02:34,19.09,4391,6225,87,-9.39,2.98,1.6,72,479.26,247.79,150.54,340,N,3.68
17/12/2024 03:05,18.94,4387,6221,87,-9.39,2.99,1.6,72,479.59,247.91,150.71,340,N,3.68
17/12/2024 03:35,18.75,4385,6220,87,-9.39,2.98,1.6,72,479.24,247.68,150.46,340,N,3.68
17/12/2024 04:05,18.56,4383,6218,88,-9.4,2.97,1.61,72,479.41,248.26,150.49,340,N,3.67
17/12/2024 04:35,18.4,4382,6217,87,-9.41,2.98,1.61,72,479.63,248.46,150.28,340,N,3.68
17/12/2024 05:05,18.25,4380,6216,88,-9.4,2.98,1.61,72,479.63,248.05,150.18,340,N,3.68
17/12/2024 05:35,18.1,4380,6215,87,-9.4,2.97,1.61,72,479.43,248.19,150.18,340,N,3.67
17/12/2024 06:06,18.02,4378,6214,88,-9.4,2.98,1.61,72,479.66,248.41,150.16,340,N,3.68
17/12/2024 06:36,17.92,4378,6214,88,-9.41,2.97,1.6,72,479.63,248.38,150.06,340,N,3.67
17/12/2024 07:06,17.89,4376,6212,88,-9.42,2.98,1.61,72,479.57,248.33,149.93,340,N,3.67
17/12/2024 07:36,17.88,4379,6216,88,-9.4,2.99,1.61,72,479.62,248.43,149.92,340,N,3.67
17/12/2024 08:06,17.94,4390,6239,89,-9.4,2.97,1.61,72,479.43,248.3,149.89,340,N,3.67
17/12/2024 08:36,18.06,4534,6577,103,-2.6,2.51,9.08,74,478,228.94,95.73,332,NW,3.67
17/12/2024 09:07,18.33,4546,6603,104,-2.57,2.5,9.09,75,478.8,228.13,96.8,332,NW,3.67
17/12/2024 09:37,18.54,4627,6771,110,-2.57,2.5,9.1,75,478.67,228.69,96.96,332,NW,3.67
17/12/2024 10:07,18.69,4641,6811,112,-2.56,2.5,9.08,74,478.73,227.81,96.94,332,NW,3.67
17/12/2024 10:37,18.75,4582,6684,107,-2.55,2.5,9.09,74,478.94,228.11,96.96,332,NW,3.67
17/12/2024 11:07,18.79,4456,6417,97,-2.55,2.5,9.08,74,478.72,227.96,96.96,332,NW,3.67
17/12/2024 11:37,18.83,4573,6668,107,-2.55,2.5,9.08,74,478.73,228.07,96.92,332,NW,3.67
17/12/2024 12:08,18.83,4556,6632,105,-2.54,2.5,9.09,74,478.44,227.85,96.96,332,NW,3.67
17/12/2024 12:38,18.79,4449,6410,97,-2.55,2.5,9.1,75,478.79,227.97,96.88,332,NW,3.67
17/12/2024 13:08,18.71,4432,6375,96,-2.55,2.5,9.1,74,478.62,228.2,96.82,332,NW,3.67
17/12/2024 13:38,18.6,4391,6286,92,-2.55,2.49,9.09,75,478.69,228.35,96.99,332,NW,3.67
17/12/2024 14:08,18.5,4410,6327,94,-2.55,2.5,9.09,75,478.82,228.46,96.86,332,NW,3.67
17/12/2024 14:39,18.39,4440,6388,96,-2.55,2.5,9.09,74,478.85,228.31,96.84,332,NW,3.67
17/12/2024 15:09,18.33,4415,6325,93,-2.55,2.5,9.09,74,478.87,228.18,96.82,332,NW,3.67
17/12/2024 15:39,18.25,4339,6178,88,-2.56,2.5,9.09,74,478.74,228.34,96.65,332,NW,3.67
17/12/2024 16:09,18.14,4315,6127,87,-2.55,2.49,9.1,75,478.83,228.3,96.78,332,NW,3.67
17/12/2024 16:39,18.04,4311,6122,86,-2.55,2.49,9.1,74,478.84,228.72,96.74,332,NW,3.67
17/12/2024 17:09,17.96,4306,6122,87,-2.57,2.49,9.09,74,478.69,228.98,96.97,332,NW,3.67
17/12/2024 17:40,18.02,4308,6124,87,-2.58,2.49,9.1,75,478.63,228.39,97.07,332,NW,3.67
17/12/2024 18:10,18.14,4311,6126,87,-2.58,2.5,9.08,75,478.56,228.48,97,332,NW,3.67
17/12/2024 18:40,18.25,4312,6128,87,-2.58,2.5,9.09,74,478.66,228.55,97.06,332,NW,3.67
17/12/2024 19:10,18.35,4315,6132,87,-2.58,2.49,9.09,75,478.45,228.71,97.07,332,NW,3.67
17/12/2024 19:40,18.41,4317,6133,87,-2.57,2.5,9.09,74,478.57,228.38,97.12,332,NW,3.67
17/12/2024 20:10,18.48,4317,6134,87,-2.57,2.49,9.08,75,478.52,228.39,97.12,332,NW,3.67
17/12/2024 20:41,18.54,4317,6134,87,-2.57,2.49,9.08,75,478.49,228.48,97.18,332,NW,3.67
17/12/2024 21:11,18.58,4317,6133,87,-2.56,2.5,9.09,75,478.42,228.59,97.07,332,NW,3.67
17/12/2024 21:41,18.62,4318,6134,87,-2.57,2.5,9.09,75,478.69,228.37,97.12,332,NW,3.67
17/12/2024 22:11,18.66,4316,6123,86,-2.57,2.49,9.08,74,478.53,228.47,97.16,332,NW,3.67
17/12/2024 22:41,18.73,4317,6124,86,-2.57,2.5,9.1,74,478.56,228.66,97.2,332,NW,3.67
17/12/2024 23:11,18.77,4317,6125,86,-2.57,2.5,9.09,75,478.55,228.31,97.34,332,NW,3.67
17/12/2024 23:42,18.79,4317,6124,86,-2.57,2.49,9.08,74,478.62,228.16,97.22,332,NW,3.67
18/12/2024 00:12,18.81,4317,6124,86,-2.56,2.5,9.09,74,478.62,228.57,97.35,332,NW,3.67
18/12/2024 00:42,18.77,4317,6124,86,-2.57,2.49,9.09,75,478.57,228.57,97.26,332,NW,3.67
18/12/2024 01:12,18.71,4316,6123,86,-2.57,2.5,9.1,75,478.54,228.61,97.23,332,NW,3.67
18/12/2024 01:42,18.64,4315,6121,86,-2.58,2.5,9.09,75,478.84,228.96,97.31,332,NW,3.67
18/12/2024 02:13,18.61,4313,6120,86,-2.57,2.49,9.09,75,478.74,228.53,97.25,332,NW,3.67
18/12/2024 02:43,18.58,4313,6120,86,-2.57,2.5,9.09,75,478.64,228.62,97.27,332,NW,3.67
18/12/2024 03:13,18.54,4309,6115,86,-2.57,2.49,9.09,75,478.51,228.61,97.24,332,NW,3.67
18/12/2024 03:43,18.52,4308,6114,86,-2.58,2.49,9.09,74,478.62,228.65,97.13,332,NW,3.67
18/12/2024 04:13,18.5,4309,6113,86,-2.57,2.49,9.08,75,478.6,228.8,97.18,332,NW,3.67
18/12/2024 04:43,18.5,4309,6115,86,-2.57,2.49,9.09,75,478.49,228.3,97.19,332,NW,3.67
18/12/2024 05:14,18.5,4309,6113,86,-2.57,2.49,9.09,75,478.68,228.74,97.09,332,NW,3.67
18/12/2024 05:44,18.5,4309,6116,86,-2.57,2.49,9.08,75,478.62,228.51,97.14,332,NW,3.67
18/12/2024 06:14,18.52,4311,6118,86,-2.57,2.49,9.1,75,478.7,228.46,97.04,332,NW,3.66
18/12/2024 06:44,18.54,4310,6117,86,-2.57,2.5,9.1,75,478.89,228.59,97.11,332,NW,3.67
18/12/2024 07:14,18.6,4313,6119,86,-2.56,2.49,9.09,74,478.5,228.46,97.19,332,NW,3.67
18/12/2024 07:44,18.69,4319,6128,86,-2.56,2.49,9.11,75,478.65,228.43,97.19,332,NW,3.66
18/12/2024 08:15,18.79,4359,6216,90,-2.56,2.49,9.1,75,478.5,228.65,97.29,332,NW,3.67
18/12/2024 08:45,18.93,4398,6299,93,-2.55,2.49,9.08,75,478.56,228.23,97.25,332,NW,3.66
18/12/2024 09:15,19.12,4440,6383,96,-2.56,2.49,9.08,74,478.47,228.15,97.34,332,NW,3.67
18/12/2024 09:45,19.31,4543,6584,102,-2.55,2.49,9.09,74,478.62,228.27,97.52,332,NW,3.67
18/12/2024 10:15,19.49,4635,6784,110,-2.56,2.49,9.1,75,478.49,228.07,97.56,332,NW,3.67
18/12/2024 10:45,19.64,4715,6956,117,-2.54,2.49,9.1,75,478.32,227.98,97.64,332,NW,3.66
18/12/2024 11:16,19.83,5163,7935,157,-2.55,2.49,9.09,75,478.34,227.78,97.63,332,NW,3.67
18/12/2024 11:46,20.16,4870,7278,129,-2.54,2.49,9.1,74,478.46,227.88,97.84,332,NW,3.67
18/12/2024 12:16,20.39,4596,6690,106,-2.54,2.49,9.1,75,478.28,227.46,97.83,332,NW,3.66
18/12/2024 12:46,20.56,5061,7674,144,-2.53,2.48,9.11,74,478.16,227.58,97.99,332,NW,3.67
18/12/2024 13:16,20.78,5374,8390,176,-2.7,2.49,9.05,74,478.08,228.35,98.76,332,NW,3.66
18/12/2024 13:47,21.08,5296,8189,166,-2.7,2.49,9.05,75,477.98,228.13,98.67,332,NW,3.67
18/12/2024 14:17,21.23,5222,8069,163,-2.72,2.48,9.04,75,478.16,228.11,98.93,332,NW,3.66
18/12/2024 14:47,21.12,4776,7096,123,-2.7,2.48,9.06,75,478.12,228.35,98.76,332,NW,3.66
18/12/2024 15:17,20.88,4413,6298,91,-2.73,2.48,9.04,75,478.16,228.48,98.51,332,NW,3.66
18/12/2024 15:47,20.52,4361,6196,88,-2.73,2.48,9.04,75,478.25,228.16,98.58,332,NW,3.66
18/12/2024 16:17,20.13,4330,6135,86,-2.74,2.48,9.06,75,478.1,228.76,98.49,332,NW,3.66
18/12/2024 16:48,19.78,4323,6128,86,-2.74,2.48,9.05,75,478.47,229.01,98.13,332,NW,3.66
18/12/2024 17:18,19.48,4319,6125,86,-2.74,2.48,9.05,75,478.65,229.13,98.14,332,NW,3.66
18/12/2024 17:48,19.25,4316,6123,86,-2.74,2.48,9.05,75,478.56,228.61,98.06,332,NW,3.66
18/12/2024 18:18,19.14,4316,6121,86,-2.75,2.47,9.04,75,478.37,229.45,97.95,332,NW,3.66
18/12/2024 18:48,19.08,4315,6121,86,-2.75,2.48,9.07,75,478.48,229.24,97.94,332,NW,3.66
18/12/2024 19:18,19.08,4315,6121,86,-2.74,2.47,9.04,75,478.51,229.26,98.06,332,NW,3.66
18/12/2024 19:49,19.1,4316,6122,86,-2.75,2.48,9.05,75,478.43,229.26,97.9,332,NW,3.66
18/12/2024 20:19,19.17,4317,6122,86,-2.74,2.47,9.05,75,478.37,228.95,98.07,332,NW,3.66
18/12/2024 20:49,19.23,4318,6122,86,-2.74,2.47,9.05,75,478.45,229.37,98.03,332,NW,3.66
18/12/2024 21:19,19.27,4319,6124,86,-2.74,2.48,9.05,75,478.62,228.91,97.93,332,NW,3.66
18/12/2024 21:49,19.35,4319,6124,86,-2.74,2.47,9.05,75,478.14,229.2,97.97,332,NW,3.66
18/12/2024 22:19,19.41,4320,6126,86,-2.74,2.47,9.05,75,478.46,228.93,97.97,332,NW,3.66
18/12/2024 22:50,19.52,4328,6147,87,-2.73,2.48,9.05,75,478.53,228.8,98.09,332,NW,3.66
18/12/2024 23:20,19.71,4328,6132,86,-2.74,2.48,9.05,75,478.29,228.49,98.24,332,NW,3.66
18/12/2024 23:50,19.83,4328,6133,86,-2.73,2.48,9.05,75,478.48,228.4,98.28,332,NW,3.66
19/12/2024 00:20,19.87,4327,6132,86,-2.73,2.47,9.05,75,478.44,228.78,98.33,332,NW,3.66
19/12/2024 00:50,19.86,4327,6132,86,-2.73,2.47,9.05,75,478.39,228.76,98.27,332,NW,3.66
19/12/2024 01:21,19.79,4326,6131,86,-2.74,2.47,9.06,75,478.38,228.86,98.19,332,NW,3.66
19/12/2024 01:51,19.71,4325,6130,86,-2.74,2.47,9.07,75,478.36,228.85,98.14,332,NW,3.66
19/12/2024 02:21,19.64,4324,6129,86,-2.74,2.47,9.05,75,478.5,228.79,98.28,332,NW,3.66
19/12/2024 02:51,19.54,4323,6129,86,-2.74,2.48,9.05,75,478.54,229.23,98.17,332,NW,3.66
19/12/2024 03:21,19.42,4322,6128,86,-2.73,2.48,9.05,75,478.44,228.84,98.09,332,NW,3.66
19/12/2024 03:51,19.25,4320,6127,86,-2.75,2.47,9.04,75,478.47,229.29,98.14,332,NW,3.66
19/12/2024 04:22,19.07,4318,6125,86,-2.74,2.47,9.04,75,478.46,229.22,98.12,332,NW,3.66
19/12/2024 04:52,18.88,4315,6123,86,-2.75,2.47,9.05,75,478.56,229.31,97.97,332,NW,3.66
19/12/2024 05:22,18.71,4315,6121,86,-2.75,2.48,9.05,75,478.66,229.62,97.9,332,NW,3.66
19/12/2024 05:52,18.57,4313,6120,86,-2.74,2.47,9.05,75,478.53,229.36,97.86,332,NW,3.66
19/12/2024 06:22,18.29,4316,6138,87,-2.8,2.48,9.03,75,479.37,229.49,97.87,332,NW,3.66
19/12/2024 06:52,18.13,4309,6118,86,-2.81,2.48,9.02,75,479.12,229.2,97.79,332,NW,3.66
19/12/2024 07:23,18.06,4308,6117,86,-2.81,2.48,9.03,75,479.1,229.36,97.84,332,NW,3.66
19/12/2024 07:53,18.06,4315,6132,87,-2.81,2.48,9.05,75,479.22,229.26,97.7,332,NW,3.66
19/12/2024 08:23,18.1,4449,6380,95,-2.81,2.47,9.04,75,479.12,229.31,97.73,332,NW,3.66
19/12/2024 08:53,18.16,4402,6314,94,-2.81,2.47,9.04,74,479.16,229.37,97.61,332,NW,3.66
19/12/2024 09:23,18.27,4447,6414,98,-2.81,2.48,9.03,75,479.19,229.24,97.76,332,NW,3.66
19/12/2024 09:53,18.39,4793,7079,120,-2.81,2.48,9.03,75,479.21,228.98,97.77,332,NW,3.66
19/12/2024 10:24,18.58,4936,7345,128,-2.81,2.48,9.03,74,478.99,228.85,98.02,332,NW,3.66
19/12/2024 10:54,18.83,4626,6750,108,-2.65,2.47,9.08,75,479.19,228.56,98.22,332,NW,3.66
19/12/2024 11:24,19.18,5347,8166,158,-2.63,2.47,9.09,75,478.64,228.79,98.37,332,NW,3.66
19/12/2024 11:54,19.78,4658,6819,111,-2.61,2.46,9.09,75,478.84,228.35,98.61,332,NW,3.66
19/12/2024 12:24,20.31,4824,7126,120,-2.6,2.47,9.09,75,478.75,227.92,98.8,332,NW,3.66
19/12/2024 12:55,20.48,4656,6794,109,-2.61,2.46,9.08,75,478.57,227.81,98.91,332,NW,3.66
19/12/2024 13:25,20.31,4546,6568,101,-2.63,2.47,9.09,75,478.16,228.25,98.69,332,NW,3.66
19/12/2024 13:55,20.04,4564,6622,103,-2.64,2.46,9.07,75,478.37,228.45,98.65,332,NW,3.66
19/12/2024 14:25,19.81,4658,6803,109,-2.65,2.46,9.07,75,478.15,228.87,98.67,332,NW,3.66
19/12/2024 14:55,19.54,4378,6277,93,-2.64,2.48,9.08,75,478.22,228.55,98.48,332,NW,3.66
19/12/2024 15:25,19.22,4361,6235,91,-2.65,2.46,9.08,75,478.33,228.89,98.3,332,NW,3.66
19/12/2024 15:56,18.82,4305,6120,87,-2.66,2.47,9.07,75,478.6,228.96,98.05,332,NW,3.66
19/12/2024 16:26,18.47,4285,6084,86,-2.67,2.46,9.06,75,478.82,229.15,97.99,332,NW,3.66
19/12/2024 16:56,18.15,4280,6078,86,-2.67,2.46,9.08,75,478.53,229.2,97.88,332,NW,3.66
19/12/2024 17:26,17.9,4277,6076,86,-2.67,2.46,9.08,75,478.61,229.38,97.7,332,NW,3.66
19/12/2024 17:56,17.71,4276,6074,86,-2.67,2.46,9.08,75,478.81,229.28,97.51,332,NW,3.66
19/12/2024 18:26,17.6,4274,6073,86,-2.68,2.46,9.08,75,478.6,229.78,97.57,332,NW,3.66
19/12/2024 18:57,17.54,4274,6074,86,-2.66,2.47,9.08,75,478.91,229.56,97.61,332,NW,3.65
19/12/2024 19:27,17.5,4274,6073,86,-2.66,2.47,9.07,75,478.87,229.65,97.49,332,NW,3.65
19/12/2024 19:57,17.5,4274,6073,86,-2.66,2.46,9.07,75,478.74,229.86,97.44,332,NW,3.65
19/12/2024 20:27,17.5,4274,6075,86,-2.66,2.46,9.07,75,478.79,229.93,97.37,332,NW,3.65
19/12/2024 20:57,17.5,4274,6074,86,-2.68,2.46,9.08,75,478.93,230,97.46,332,NW,3.65
19/12/2024 21:27,17.5,4273,6074,86,-2.67,2.47,9.07,75,478.92,229.9,97.49,332,NW,3.65
19/12/2024 21:58,17.5,4273,6073,86,-2.68,2.46,9.07,75,478.94,229.96,97.47,332,NW,3.65
19/12/2024 22:28,17.5,4273,6072,86,-2.66,2.46,9.07,75,478.97,229.72,97.37,332,NW,3.66
19/12/2024 22:58,17.5,4272,6072,86,-2.66,2.46,9.09,75,478.93,229.55,97.34,332,NW,3.65
19/12/2024 23:28,17.5,4271,6070,86,-2.66,2.46,9.08,75,478.99,229.72,97.44,332,NW,3.65
19/12/2024 23:58,17.46,4270,6069,86,-2.66,2.46,9.08,75,478.97,229.91,97.38,332,NW,3.65
20/12/2024 00:29,17.35,4269,6067,86,-2.67,2.46,9.06,75,478.88,229.79,97.34,332,NW,3.65
20/12/2024 00:59,17.23,4267,6065,86,-2.67,2.46,9.07,75,478.84,230.03,97.19,332,NW,3.65
20/12/2024 01:29,17.11,4264,6063,86,-2.67,2.47,9.07,75,479.14,230.07,97.28,332,NW,3.65
20/12/2024 01:59,16.96,4263,6062,86,-2.67,2.46,9.07,75,478.99,230.12,97.2,332,NW,3.65
20/12/2024 02:29,16.82,4261,6060,86,-2.67,2.46,9.08,75,479.04,229.81,97.07,332,NW,3.65
20/12/2024 02:59,16.69,4260,6058,86,-2.67,2.46,9.08,75,478.93,230.15,97.13,332,NW,3.65
20/12/2024 03:30,16.54,4258,6058,86,-2.68,2.47,9.06,75,479.14,229.95,96.94,332,NW,3.65
20/12/2024 04:00,16.42,4256,6056,86,-2.67,2.46,9.08,75,478.97,230.15,96.88,332,NW,3.65
20/12/2024 04:30,16.29,4255,6055,87,-2.68,2.46,9.07,75,479.3,230.33,96.91,332,NW,3.65
20/12/2024 05:00,16.19,4254,6054,87,-2.67,2.47,9.08,75,478.93,230.31,96.82,332,NW,3.65
20/12/2024 05:30,16.08,4252,6053,87,-2.68,2.46,9.07,75,479.2,230.6,96.52,332,NW,3.65
20/12/2024 06:00,15.98,4251,6053,87,-2.67,2.46,9.08,75,478.96,230.68,96.76,332,NW,3.65
20/12/2024 06:31,15.89,4250,6051,86,-2.68,2.47,9.07,75,479.12,230.62,96.63,332,NW,3.65
20/12/2024 07:01,15.83,4250,6052,87,-2.67,2.46,9.08,75,479.13,230.6,96.75,332,NW,3.65
20/12/2024 07:31,15.81,4253,6056,87,-2.68,2.46,9.07,75,479.11,230.56,96.47,332,NW,3.65
20/12/2024 08:01,15.85,4286,6121,89,-2.66,2.45,9.07,75,479.2,230.45,96.5,332,NW,3.65
20/12/2024 08:31,15.95,4417,6371,97,-2.68,2.47,9.08,75,479.32,230.35,96.55,332,NW,3.65
20/12/2024 09:01,16.14,4637,6796,111,-2.66,2.47,9.08,75,479.03,230.1,96.57,332,NW,3.65
20/12/2024 09:32,16.39,4639,6810,112,-2.66,2.46,9.08,75,479.09,230.25,96.56,332,NW,3.65
20/12/2024 10:02,16.62,4666,6870,114,-2.66,2.46,9.08,75,479.21,230.04,96.81,332,NW,3.65
20/12/2024 10:32,16.85,5024,7556,138,-2.65,2.46,9.09,75,479.21,230.14,96.83,332,NW,3.65
20/12/2024 11:02,17.18,4673,6884,115,-2.65,2.47,9.08,75,478.88,230,96.91,332,NW,3.65
20/12/2024 11:32,17.51,4753,7064,122,-2.63,2.46,9.07,75,478.82,229.36,97.13,332,NW,3.65
20/12/2024 12:03,18.03,5026,7566,138,-2.63,2.46,9.08,75,478.66,229.19,97.34,332,NW,3.65
20/12/2024 12:33,18.64,5078,7663,141,-2.63,2.47,9.07,75,478.68,228.68,97.65,332,NW,3.65
20/12/2024 13:03,19.04,4607,6728,108,-2.61,2.47,9.08,75,478.45,228.84,97.88,332,NW,3.65
20/12/2024 13:33,19.08,4626,6762,109,-2.61,2.47,9.08,75,478.4,228.98,97.92,332,NW,3.65
20/12/2024 14:03,18.94,4497,6508,100,-2.62,2.46,9.08,75,478.58,228.6,97.85,332,NW,3.65
20/12/2024 14:33,18.67,4415,6352,95,-2.62,2.48,9.08,75,478.33,229.15,97.8,332,NW,3.65
20/12/2024 15:04,18.38,4388,6303,94,-2.63,2.47,9.07,75,478.71,229.57,97.69,332,NW,3.65
20/12/2024 15:34,18.11,4291,6111,88,-2.63,2.47,9.08,75,478.78,229.34,97.8,332,NW,3.65
20/12/2024 16:04,17.83,4260,6058,86,-2.64,2.46,9.08,75,478.92,229.88,97.57,332,NW,3.65
20/12/2024 16:34,17.58,4253,6045,86,-2.64,2.46,9.08,75,478.92,229.38,97.41,332,NW,3.65
20/12/2024 17:04,17.44,4252,6046,86,-2.64,2.46,9.07,75,478.77,229.75,97.47,332,NW,3.65
20/12/2024 17:34,17.37,4254,6048,86,-2.65,2.46,9.08,75,478.95,229.58,97.26,332,NW,3.65
20/12/2024 18:05,17.38,4256,6049,86,-2.64,2.47,9.07,75,478.9,230,97.32,332,NW,3.65
20/12/2024 18:35,17.37,4258,6052,86,-2.64,2.46,9.07,75,478.91,229.63,97.22,332,NW,3.65
20/12/2024 19:05,17.44,4259,6054,86,-2.64,2.46,9.08,75,478.86,229.57,97.31,332,NW,3.65
20/12/2024 19:35,17.54,4261,6055,86,-2.63,2.47,9.08,75,478.87,229.62,97.37,332,NW,3.65
20/12/2024 20:05,17.62,4262,6057,86,-2.64,2.47,9.07,75,478.79,229.35,97.43,332,NW,3.65
20/12/2024 20:36,17.75,4263,6058,86,-2.63,2.46,9.08,75,479.03,229.64,97.29,332,NW,3.65
20/12/2024 21:06,17.83,4265,6059,86,-2.63,2.46,9.08,75,478.67,229.52,97.39,332,NW,3.65
20/12/2024 21:36,17.91,4266,6060,86,-2.63,2.47,9.09,75,478.73,229.18,97.48,332,NW,3.65
20/12/2024 22:06,17.98,4267,6061,86,-2.63,2.46,9.08,75,478.7,229.22,97.5,332,NW,3.65
20/12/2024 22:36,18.06,4267,6061,86,-2.63,2.47,9.08,75,478.59,229.39,97.48,332,NW,3.65
20/12/2024 23:06,18.12,4267,6060,86,-2.63,2.48,9.09,75,478.72,229.45,97.54,332,NW,3.65
20/12/2024 23:37,18.12,4266,6059,86,-2.63,2.47,9.08,75,478.81,229.24,97.53,332,NW,3.65
21/12/2024 00:07,18.04,4265,6058,86,-2.63,2.46,9.08,75,478.76,229.24,97.63,332,NW,3.64
21/12/2024 00:37,17.9,4263,6056,86,-2.63,2.47,9.08,75,479,229.88,97.43,332,NW,3.65
21/12/2024 01:07,17.75,4261,6053,86,-2.64,2.46,9.07,75,478.83,229.85,97.31,332,NW,3.65
21/12/2024 01:37,17.57,4258,6052,86,-2.63,2.47,9.09,75,478.96,229.4,97.31,332,NW,3.65
21/12/2024 02:07,17.38,4256,6049,86,-2.65,2.46,9.09,75,478.91,229.76,97.37,332,NW,3.64
21/12/2024 02:38,17.19,4254,6048,86,-2.64,2.47,9.08,75,478.77,229.89,97.28,332,NW,3.64
21/12/2024 03:08,17.06,4252,6045,86,-2.64,2.46,9.08,75,478.79,230.36,97.24,332,NW,3.65
21/12/2024 03:38,16.88,4250,6044,86,-2.65,2.47,9.09,75,479.02,230.02,97.17,332,NW,3.64
21/12/2024 04:08,16.73,4249,6043,86,-2.66,2.47,9.07,75,479.12,230.09,97.03,332,NW,3.64
21/12/2024 04:38,16.63,4247,6041,86,-2.65,2.46,9.09,75,479.05,229.98,96.93,332,NW,3.64
21/12/2024 05:08,16.54,4246,6041,86,-2.66,2.47,9.08,75,479.08,230.13,96.93,332,NW,3.64
21/12/2024 05:39,16.48,4246,6041,86,-2.65,2.46,9.09,75,479.08,230.43,96.86,332,NW,3.64
21/12/2024 06:09,16.46,4245,6040,86,-2.65,2.47,9.08,75,479.16,230.19,96.9,332,NW,3.64
21/12/2024 06:39,16.44,4245,6040,86,-2.65,2.48,9.07,75,479.31,230.04,96.68,332,NW,3.64
21/12/2024 07:09,16.42,4245,6040,86,-2.65,2.46,9.09,75,479.22,230.33,96.76,332,NW,3.64
21/12/2024 07:39,16.43,4246,6040,86,-2.66,2.46,9.09,75,479.17,230.39,96.78,332,NW,3.64
21/12/2024 08:10,16.46,4252,6053,87,-2.65,2.47,9.07,75,479.43,230.42,96.81,332,NW,3.64
21/12/2024 08:40,16.58,4273,6090,88,-2.63,2.47,9.08,75,479.23,230.4,96.44,332,NW,3.64
21/12/2024 09:10,16.77,4293,6125,89,-2.64,2.47,9.08,75,478.99,230.48,96.67,332,NW,3.64
21/12/2024 09:40,17,4332,6200,91,-2.64,2.46,9.08,75,479.05,230.26,96.59,332,NW,3.64
21/12/2024 10:10,17.25,4337,6206,91,-2.63,2.46,9.09,75,478.88,229.96,96.74,332,NW,3.64
21/12/2024 10:40,17.47,4343,6213,91,-2.61,2.47,9.09,75,478.89,230.01,96.79,332,NW,3.64
21/12/2024 11:11,17.72,4409,6345,96,-2.63,2.47,9.08,75,479,229.83,96.87,332,NW,3.64
21/12/2024 11:41,17.96,4335,6195,90,-2.62,2.47,9.09,75,478.99,229.78,97.01,332,NW,3.64
21/12/2024 12:11,18.14,4382,6287,93,-2.61,2.46,9.09,75,478.9,229.7,97.14,332,NW,3.64
21/12/2024 12:41,18.39,4781,7085,121,-2.61,2.47,9.08,75,478.79,229.64,97.34,332,NW,3.64
21/12/2024 13:11,18.78,4750,7023,119,-2.61,2.47,9.09,75,478.84,229.21,97.42,332,NW,3.64
21/12/2024 13:41,19.18,4520,6549,102,-2.6,2.46,9.08,75,478.58,229.07,97.66,332,NW,3.64
21/12/2024 14:12,19.47,4627,6761,109,-2.59,2.46,9.09,75,478.6,228.93,97.89,332,NW,3.64
21/12/2024 14:42,19.67,4374,6248,91,-2.6,2.46,9.08,75,478.39,228.91,97.91,332,NW,3.64
21/12/2024 15:12,19.75,4336,6175,88,-2.6,2.47,9.08,75,478.45,229.02,97.94,332,NW,3.64
21/12/2024 15:42,19.83,4335,6165,88,-2.6,2.47,9.08,75,478.45,228.93,98,332,NW,3.64
21/12/2024 16:12,19.85,4293,6086,85,-1.96,2.29,9.28,76,476.73,228.5,101.02,332,NW,3.64
21/12/2024 16:42,19.87,4293,6093,86,-1.96,2.28,9.28,76,476.7,228.06,100.57,332,NW,3.64
21/12/2024 17:13,19.87,4292,6092,86,-1.96,2.28,9.28,76,476.79,228.33,100.69,332,NW,3.64
21/12/2024 17:43,19.87,4293,6092,86,-1.95,2.28,9.28,76,476.69,227.88,100.6,332,NW,3.64
21/12/2024 18:13,19.88,4292,6091,86,-1.96,2.27,9.27,76,476.53,228.07,100.58,332,NW,3.64
21/12/2024 18:43,19.81,4290,6090,86,-1.95,2.27,9.29,76,476.6,228.17,100.61,332,NW,3.64
21/12/2024 19:13,19.81,4289,6088,86,-1.95,2.28,9.28,76,476.6,228.15,100.61,332,NW,3.64
21/12/2024 19:44,19.79,4287,6086,86,-1.95,2.28,9.29,76,476.45,227.94,100.62,332,NW,3.64
21/12/2024 20:14,19.81,4287,6085,86,-1.94,2.26,9.28,76,476.61,228.06,100.74,332,NW,3.64
21/12/2024 20:44,19.81,4287,6084,86,-1.94,2.27,9.29,76,476.6,228.14,100.59,332,NW,3.64
21/12/2024 21:14,19.81,4286,6082,86,-1.96,2.27,9.29,76,476.53,228.18,100.54,332,NW,3.64
21/12/2024 21:44,19.81,4285,6081,86,-1.94,2.27,9.29,76,476.75,228.27,100.61,332,NW,3.64
21/12/2024 22:14,19.81,4284,6079,86,-1.94,2.27,9.29,76,476.52,227.71,100.51,332,NW,3.64
21/12/2024 22:45,19.85,4283,6078,86,-1.94,2.27,9.29,76,476.58,228.32,100.54,332,NW,3.64
21/12/2024 23:15,19.87,4278,6065,85,-1.93,2.28,9.28,76,476.56,228.08,100.74,332,NW,3.64
21/12/2024 23:45,19.88,4278,6063,85,-1.94,2.27,9.3,76,476.67,228.21,100.66,332,NW,3.64
22/12/2024 00:15,19.83,4276,6062,85,-1.94,2.26,9.29,76,476.61,228.23,100.65,332,NW,3.64
22/12/2024 00:45,19.73,4273,6059,85,-1.94,2.27,9.29,76,476.62,228.18,100.41,332,NW,3.64
22/12/2024 01:15,19.59,4272,6057,85,-1.94,2.27,9.27,76,476.51,228.32,100.47,332,NW,3.64
22/12/2024 01:46,19.44,4269,6055,85,-1.94,2.27,9.28,76,476.73,228.37,100.36,332,NW,3.64
22/12/2024 02:16,19.27,4267,6053,85,-1.94,2.27,9.28,76,476.86,228.27,100.4,332,NW,3.64
22/12/2024 02:46,19.12,4264,6050,85,-1.93,2.26,9.28,76,476.9,228.43,100.34,332,NW,3.64
22/12/2024 03:16,18.98,4262,6048,85,-1.94,2.26,9.28,76,476.82,228.48,100.29,332,NW,3.64
22/12/2024 03:46,18.84,4260,6046,85,-1.95,2.27,9.28,76,476.81,228.59,100.12,332,NW,3.64
22/12/2024 04:16,18.69,4257,6043,85,-1.94,2.27,9.27,76,477.1,228.88,100.3,332,NW,3.64
22/12/2024 04:47,18.52,4254,6039,85,-1.95,2.27,9.28,76,476.64,228.72,100.3,332,NW,3.64
22/12/2024 05:17,18.36,4252,6038,85,-1.95,2.28,9.27,76,477.03,228.87,99.92,332,NW,3.64
22/12/2024 05:47,18.21,4249,6035,85,-1.96,2.26,9.28,76,477.13,229,99.65,332,NW,3.64
22/12/2024 06:17,18.04,4247,6033,85,-1.94,2.26,9.29,76,477.11,228.88,99.76,332,NW,3.64
22/12/2024 06:47,17.9,4245,6034,86,-1.95,2.27,9.28,76,477.18,229.06,99.64,332,NW,3.64
22/12/2024 07:18,17.71,4242,6031,86,-1.95,2.26,9.29,76,477.24,229.48,99.67,332,NW,3.64
22/12/2024 07:48,17.61,4252,6051,86,-1.95,2.26,9.28,76,477.2,229.17,99.64,332,NW,3.64
22/12/2024 08:18,17.36,4296,6149,90,-1.94,2.26,9.29,76,477.19,229.09,99.41,332,NW,3.64
22/12/2024 08:48,16.84,4566,6640,105,-1.95,2.26,9.28,76,477.22,229.57,99.27,332,NW,3.64
22/12/2024 09:18,16.24,4302,6206,95,-1.97,2.25,9.27,76,477.22,229.88,99.16,332,NW,3.64
22/12/2024 09:48,15.73,4575,6712,110,-1.97,2.26,9.29,76,477.46,230.06,98.98,332,NW,3.64
22/12/2024 10:19,15.52,4774,7105,124,-1.96,2.25,9.29,76,477.67,230.15,98.73,332,NW,3.63
22/12/2024 10:49,15.91,4840,7213,126,-1.96,2.26,9.29,76,477.39,229.78,98.84,332,NW,3.63
22/12/2024 11:19,16.53,5191,7903,151,-1.93,2.27,9.28,76,477.33,229.7,98.88,332,NW,3.64
22/12/2024 11:49,17.23,4561,6687,109,-1.93,2.26,9.28,76,477.56,229.21,99.12,332,NW,3.64
22/12/2024 12:19,17.85,4987,7480,135,-1.92,2.26,9.3,76,477.19,229.12,99.44,332,NW,3.64
22/12/2024 12:49,18.43,4635,6805,112,-1.9,2.25,9.3,76,477.11,228.66,99.68,332,NW,3.64
22/12/2024 13:20,18.85,4745,7026,120,-1.9,2.27,9.29,76,477.2,228.25,99.84,332,NW,3.64
22/12/2024 13:50,19.14,4611,6753,110,-1.9,2.26,9.3,76,477.09,228.11,99.99,332,NW,3.64
22/12/2024 14:20,19.27,4405,6333,95,-1.88,2.26,9.29,76,476.84,228.38,100.08,332,NW,3.64
22/12/2024 14:50,19.23,4350,6231,92,-1.89,2.25,9.29,76,477.06,228.01,100.09,332,NW,3.64
22/12/2024 15:20,19.14,4268,6082,87,-1.89,2.25,9.31,76,477.2,228.19,100.11,332,NW,3.64
22/12/2024 15:50,19.04,4248,6043,86,-1.9,2.25,9.31,76,476.92,228.51,100.16,332,NW,3.63
22/12/2024 16:21,18.92,4228,6003,85,-1.9,2.26,9.29,76,477.01,228.44,100.23,332,NW,3.63
22/12/2024 16:51,18.86,4226,5999,85,-1.9,2.26,9.29,76,477.06,228.17,100.02,332,NW,3.64
22/12/2024 17:21,18.81,4225,5999,85,-1.91,2.26,9.28,76,476.89,228.24,100.06,332,NW,3.64
22/12/2024 17:51,18.81,4224,5998,85,-1.89,2.26,9.3,76,477.05,228.45,100.03,332,NW,3.63
22/12/2024 18:21,18.81,4225,6003,85,-1.9,2.26,9.3,76,477.02,228.89,99.89,332,NW,3.64
22/12/2024 18:52,18.81,4225,6002,85,-1.89,2.26,9.3,76,476.98,228.2,100.12,332,NW,3.63
22/12/2024 19:22,18.83,4224,5998,85,-1.89,2.26,9.3,76,477.03,228.52,100.08,332,NW,3.63
22/12/2024 19:52,18.87,4224,5998,85,-1.89,2.26,9.29,76,476.91,228.52,100.04,332,NW,3.63
22/12/2024 20:22,18.87,4224,5997,85,-1.89,2.26,9.29,76,476.93,228.21,100.04,332,NW,3.63
22/12/2024 20:52,18.9,4224,5997,85,-1.88,2.24,9.29,76,476.85,228.6,100.05,332,NW,3.63
22/12/2024 21:22,18.92,4224,5996,85,-1.89,2.25,9.3,76,476.98,228.39,100.09,332,NW,3.63
22/12/2024 21:53,18.93,4224,5997,85,-1.88,2.26,9.29,76,476.9,228.77,100.16,332,NW,3.63
22/12/2024 22:23,18.96,4224,5997,85,-1.89,2.26,9.29,76,477.04,228.41,100.11,332,NW,3.63
22/12/2024 22:53,18.98,4224,5996,85,-1.89,2.26,9.3,76,476.84,228.4,100.18,332,NW,3.63
22/12/2024 23:23,19.02,4224,5997,85,-1.89,2.26,9.31,76,476.98,228.16,100.15,332,NW,3.63
22/12/2024 23:53,19.04,4224,5996,85,-1.89,2.25,9.3,76,477.07,228.34,100.18,332,NW,3.63
23/12/2024 00:23,19.02,4224,5996,85,-1.9,2.26,9.29,76,477,228.73,100.22,332,NW,3.63
23/12/2024 00:54,18.92,4221,5993,85,-1.88,2.25,9.29,76,476.96,228.39,100.19,332,NW,3.63
23/12/2024 01:24,18.79,4220,5991,85,-1.89,2.26,9.3,76,477.09,228.69,100.05,332,NW,3.63
23/12/2024 01:54,18.69,4218,5989,85,-1.9,2.25,9.3,76,477.11,228.99,100.06,332,NW,3.63
23/12/2024 02:24,18.6,4216,5987,85,-1.9,2.26,9.29,76,476.81,228.6,100.1,332,NW,3.63
23/12/2024 02:54,18.44,4213,5985,85,-1.9,2.25,9.29,76,477.28,228.6,99.94,332,NW,3.63
23/12/2024 03:24,18.29,4212,5984,85,-1.9,2.25,9.3,76,477.01,228.95,99.94,332,NW,3.63
23/12/2024 03:55,18.17,4210,5982,85,-1.9,2.26,9.28,76,477.16,229.01,99.89,332,NW,3.63
23/12/2024 04:25,18.04,4208,5980,85,-1.9,2.26,9.29,76,477.08,228.8,99.71,332,NW,3.63
23/12/2024 04:55,17.92,4206,5978,85,-1.9,2.26,9.3,76,477.02,228.87,99.82,332,NW,3.63
23/12/2024 05:25,17.79,4204,5976,85,-1.9,2.26,9.29,76,477.08,228.83,99.63,332,NW,3.63
23/12/2024 05:55,17.67,4203,5974,85,-1.9,2.26,9.3,76,477.3,229.15,99.52,332,NW,3.63
23/12/2024 06:26,17.54,4201,5974,85,-1.91,2.26,9.29,76,477.32,229.41,99.48,332,NW,3.63
23/12/2024 06:56,17.3,4197,5971,85,-1.9,2.25,9.3,76,477.38,229.57,99.47,332,NW,3.63
23/12/2024 07:26,16.68,4185,5967,86,-1.92,2.24,9.29,76,477.03,230.01,99.31,332,NW,3.63
23/12/2024 07:56,16.23,4198,5988,86,-1.93,2.23,9.29,76,477.34,230.22,98.99,332,NW,3.63
23/12/2024 08:26,16.16,4267,6126,91,-1.93,2.24,9.3,76,477.42,230.61,98.97,332,NW,3.63
23/12/2024 08:56,16.28,4261,6131,92,-1.92,2.23,9.29,76,477.47,230.29,98.98,332,NW,3.63
23/12/2024 09:27,16.53,4368,6334,99,-1.91,2.23,9.3,76,477.21,230.03,99.04,332,NW,3.63
23/12/2024 09:57,16.83,4497,6575,106,-1.91,2.25,9.28,76,477.32,229.88,99.25,332,NW,3.63
23/12/2024 10:27,17.2,4629,6827,115,-1.91,2.23,9.3,76,477.35,229.78,99.24,332,NW,3.63
23/12/2024 10:57,17.59,4657,6880,116,-1.89,2.24,9.3,76,477.14,229.47,99.34,332,NW,3.63
23/12/2024 11:27,17.95,4663,6889,117,-1.9,2.24,9.3,76,477.17,229.41,99.42,332,NW,3.63
23/12/2024 11:57,18.25,4634,6829,114,-1.88,2.25,9.31,76,477.12,229.31,99.61,332,NW,3.63
23/12/2024 12:28,18.48,4543,6644,108,-1.88,2.23,9.3,76,476.91,229.6,99.8,332,NW,3.63
23/12/2024 12:58,18.52,4402,6364,98,-1.88,2.24,9.3,76,477,228.88,99.75,332,NW,3.63
23/12/2024 13:28,18.42,4374,6310,96,-1.89,2.24,9.3,76,477.04,229.12,99.88,332,NW,3.63
23/12/2024 13:58,18.32,4331,6226,93,-1.89,2.23,9.3,76,477,229.55,99.73,332,NW,3.63
23/12/2024 14:28,18.17,4287,6143,91,-1.89,2.23,9.3,76,476.83,229.42,99.61,332,NW,3.63
23/12/2024 14:58,18.02,4251,6075,89,-1.89,2.23,9.3,76,476.95,229.28,99.71,332,NW,3.63
23/12/2024 15:29,17.92,4214,6005,86,-1.89,2.23,9.31,76,477.02,229.3,99.76,332,NW,3.63
23/12/2024 15:59,17.82,4194,5965,85,-1.89,2.24,9.29,76,477.15,229.39,99.79,332,NW,3.63
23/12/2024 16:29,17.69,4190,5957,85,-1.9,2.24,9.3,76,476.85,229.38,99.68,332,NW,3.63
23/12/2024 16:59,17.59,4188,5955,85,-1.9,2.23,9.3,76,476.98,229.62,99.88,332,NW,3.63
23/12/2024 17:29,17.5,4188,5954,85,-1.89,2.24,9.3,76,476.97,229.56,99.57,332,NW,3.63
23/12/2024 18:00,17.48,4191,5966,85,-1.84,2.2,9.3,76,477.16,229.13,99.64,332,NW,3.63
23/12/2024 18:30,17.52,4192,5967,85,-1.84,2.21,9.31,76,477.09,228.95,99.52,332,NW,3.63
23/12/2024 19:00,17.58,4193,5968,85,-1.84,2.21,9.31,76,477.06,228.81,99.56,332,NW,3.63
23/12/2024 19:30,17.7,4197,5969,85,-2,2.2,9.28,76,477.44,229.62,99.59,332,NW,3.63
23/12/2024 20:00,17.91,4200,5972,85,-1.98,2.21,9.29,76,477.36,229.96,99.46,332,NW,3.63
23/12/2024 20:30,18.12,4203,5974,85,-1.99,2.23,9.27,76,477.46,229.48,99.63,332,NW,3.63
23/12/2024 21:01,18.31,4205,5977,85,-1.98,2.21,9.28,76,477.27,229.77,99.84,332,NW,3.63
23/12/2024 21:31,18.45,4206,5978,85,-1.98,2.21,9.29,76,477.29,229.68,99.89,332,NW,3.63
23/12/2024 22:01,18.62,4209,5980,85,-1.98,2.21,9.29,76,477.28,229.69,99.97,332,NW,3.63
23/12/2024 22:31,18.79,4211,5983,85,-1.98,2.21,9.28,76,477.13,229.25,99.96,332,NW,3.63
23/12/2024 23:01,18.89,4217,5989,85,-1.39,1.86,9.44,78,477.3,227.41,98.99,333,NW,3.63
23/12/2024 23:31,19,4217,5985,84,-1.37,1.85,9.46,78,477.23,227.55,98.82,333,NW,3.63
24/12/2024 00:02,19.06,4216,5986,84,-1.36,1.85,9.47,78,477.14,227.36,98.93,333,NW,3.63
24/12/2024 00:32,19,4215,5985,85,-1.36,1.84,9.45,78,477.36,227.25,99,333,NW,3.63
24/12/2024 01:02,18.94,4214,5984,85,-1.35,1.84,9.46,78,477.4,227.16,98.98,333,NW,3.63
24/12/2024 01:32,18.83,4213,5983,85,-1.36,1.84,9.45,78,477.5,227.21,98.91,333,NW,3.63
24/12/2024 02:02,18.73,4212,5981,85,-1.36,1.83,9.46,78,477.29,227.29,98.87,333,NW,3.63
24/12/2024 02:32,18.63,4211,5981,85,-1.36,1.83,9.47,78,477.62,227.09,98.8,333,NW,3.63
24/12/2024 03:03,18.52,4210,5979,85,-1.36,1.84,9.46,78,477.35,227.75,98.97,333,NW,3.63
24/12/2024 03:33,18.44,4209,5979,85,-1.35,1.84,9.46,78,477.6,227.64,98.92,333,NW,3.63
24/12/2024 04:03,18.33,4208,5979,85,-1.34,1.83,9.45,78,477.42,227.33,98.72,333,NW,3.63
24/12/2024 04:33,18.27,4207,5978,85,-1.35,1.84,9.45,78,477.56,227.88,98.71,333,NW,3.63
24/12/2024 05:03,18.19,4207,5978,85,-1.35,1.83,9.45,78,477.29,227.52,98.66,333,NW,3.63
24/12/2024 05:34,18.14,4206,5978,85,-1.35,1.83,9.45,78,477.48,227.72,98.61,333,NW,3.63
24/12/2024 06:04,18,4203,5974,85,-1.35,1.83,9.46,78,477.68,227.72,98.59,333,NW,3.63
24/12/2024 06:34,17.73,4200,5971,85,-1.35,1.83,9.46,78,477.46,227.87,98.57,333,NW,3.63
24/12/2024 07:04,17.5,4197,5968,85,-1.36,1.83,9.45,78,477.7,227.99,98.34,333,NW,3.63
24/12/2024 07:34,17.4,4198,5970,85,-1.35,1.84,9.46,78,477.52,228.05,98.35,333,NW,3.63
24/12/2024 08:04,17.41,4214,5997,86,-1.35,1.84,9.46,78,477.42,227.81,98.27,333,NW,3.63
24/12/2024 08:35,17.52,4274,6101,88,-1.35,1.84,9.46,78,477.53,228.29,98.37,333,NW,3.63
24/12/2024 09:05,17.71,4287,6128,89,-1.35,1.83,9.44,78,477.74,227.81,98.36,333,NW,3.63
24/12/2024 09:35,17.93,4553,6649,107,-1.21,1.82,9.48,79,477.76,227.55,98.26,333,NW,3.63
24/12/2024 10:05,18.12,4432,6410,99,-1.62,0.57,9.59,86,480.93,230.06,97.47,333,NW,3.63
24/12/2024 10:35,18.27,4352,6264,94,-1.62,0.58,9.6,86,481.05,230.08,97.61,333,NW,3.63
24/12/2024 11:05,18.39,4360,6274,94,-1.64,0.58,9.6,86,480.91,230.22,97.61,333,NW,3.63
24/12/2024 11:36,18.48,4352,6259,94,-1.64,0.57,9.61,86,481,230.22,97.71,333,NW,3.63
24/12/2024 12:06,18.58,4343,6241,93,-1.64,0.57,9.6,86,480.96,230.01,97.67,333,NW,3.63
24/12/2024 12:36,18.67,4369,6290,95,-1.63,0.57,9.6,86,481.02,229.99,97.89,333,NW,3.63
24/12/2024 13:06,18.73,4327,6208,92,-1.64,0.58,9.6,86,481.03,229.9,97.76,333,NW,3.63
24/12/2024 13:36,18.75,4276,6108,89,-1.65,0.57,9.6,86,480.97,229.62,97.84,333,NW,3.63
24/12/2024 14:06,18.79,4274,6104,89,-1.65,0.56,9.61,86,480.8,230.04,97.84,333,NW,3.63
24/12/2024 14:37,18.81,4279,6114,89,-1.64,0.56,9.6,86,480.83,229.91,97.79,333,NW,3.63
24/12/2024 15:07,18.79,4227,6016,86,-1.65,0.57,9.6,86,480.9,230.05,97.97,333,NW,3.62
24/12/2024 15:37,18.75,4202,5970,85,-1.65,0.56,9.61,86,480.94,229.95,97.86,333,NW,3.63
24/12/2024 16:07,18.71,4199,5963,84,-1.66,0.58,9.6,86,480.93,229.97,97.83,333,NW,3.63
24/12/2024 16:37,18.64,4192,5952,84,-1.65,0.56,9.6,86,480.86,230.05,97.82,333,NW,3.62
24/12/2024 17:08,18.58,4192,5952,84,-1.66,0.57,9.6,86,480.75,230.05,97.84,333,NW,3.62
24/12/2024 17:38,18.54,4191,5952,84,-1.65,0.57,9.6,86,480.87,229.98,97.85,333,NW,3.62
24/12/2024 18:08,18.54,4191,5951,84,-1.66,0.57,9.61,86,480.77,230.17,97.85,333,NW,3.62
24/12/2024 18:38,18.54,4191,5952,84,-1.65,0.56,9.6,86,480.66,230.29,97.92,333,NW,3.62
24/12/2024 19:08,18.6,4192,5952,84,-1.66,0.56,9.61,86,480.95,230.12,97.65,333,NW,3.62
24/12/2024 19:38,18.66,4193,5954,84,-1.66,0.57,9.59,86,480.82,230.24,97.81,333,NW,3.63
24/12/2024 20:09,18.73,4195,5955,84,-1.66,0.56,9.59,86,480.86,230.14,97.95,333,NW,3.62
24/12/2024 20:39,18.81,4195,5956,84,-1.66,0.57,9.6,86,480.74,229.98,98.01,333,NW,3.62
24/12/2024 21:09,18.91,4196,5956,84,-1.65,0.56,9.61,86,480.76,229.82,98,333,NW,3.62
24/12/2024 21:39,19,4197,5957,84,-1.65,0.57,9.59,86,481.01,230.13,97.97,333,NW,3.62
24/12/2024 22:09,19.1,4198,5958,84,-1.64,0.57,9.6,86,480.86,230.18,98.08,333,NW,3.62
24/12/2024 22:39,19.2,4201,5960,84,-1.64,0.56,9.6,86,480.84,229.77,98.17,333,NW,3.62
24/12/2024 23:10,19.29,4202,5962,84,-1.65,0.57,9.6,86,480.69,229.99,98.1,333,NW,3.62
24/12/2024 23:40,19.39,4203,5963,84,-1.65,0.56,9.6,86,480.82,229.76,98.2,333,NW,3.62
25/12/2024 00:10,19.5,4204,5963,84,-1.64,0.57,9.59,86,480.71,229.69,98.19,333,NW,3.62
25/12/2024 00:40,19.56,4205,5964,84,-1.65,0.57,9.6,86,480.82,229.9,98.31,333,NW,3.62
25/12/2024 01:10,19.56,4204,5964,84,-1.65,0.57,9.61,86,480.67,229.82,98.27,333,NW,3.62
25/12/2024 01:40,19.54,4205,5964,84,-1.65,0.56,9.6,86,480.64,229.66,98.32,333,NW,3.62
25/12/2024 02:11,19.48,4204,5963,84,-1.65,0.56,9.59,86,480.78,229.68,98.33,333,NW,3.62
25/12/2024 02:41,19.46,4203,5963,84,-1.66,0.56,9.6,86,480.94,229.74,98.35,333,NW,3.62
25/12/2024 03:11,19.39,4202,5962,84,-1.66,0.56,9.6,86,480.94,229.88,98.14,333,NW,3.62
25/12/2024 03:41,19.32,4201,5961,84,-1.67,0.57,9.6,86,480.87,230.02,98.2,333,NW,3.62
25/12/2024 04:11,19.25,4201,5961,84,-1.67,0.56,9.61,86,480.6,229.57,98.14,333,NW,3.62
25/12/2024 04:42,19.14,4200,5960,84,-1.67,0.56,9.6,86,480.88,230.35,98.14,333,NW,3.62
25/12/2024 05:12,19.08,4199,5959,84,-1.66,0.56,9.59,86,480.75,230.38,98.06,333,NW,3.62
25/12/2024 05:42,19.02,4198,5958,84,-1.67,0.56,9.6,86,480.57,230.04,98.12,333,NW,3.62
25/12/2024 06:12,18.96,4197,5958,84,-1.68,0.56,9.6,86,480.88,230.15,98.04,333,NW,3.62
25/12/2024 06:42,18.89,4197,5957,84,-1.66,0.56,9.59,86,480.74,229.66,97.98,333,NW,3.62
25/12/2024 07:12,18.83,4196,5957,84,-1.67,0.56,9.6,86,481.1,230.07,97.99,333,NW,3.62
25/12/2024 07:43,18.81,4198,5959,84,-1.68,0.56,9.6,86,480.9,230.29,98.06,333,NW,3.62
25/12/2024 08:13,18.81,4206,5974,85,-1.67,0.55,9.6,86,480.77,230.11,97.9,333,NW,3.62
25/12/2024 08:43,18.85,4226,6013,86,-2.28,0.59,9.48,86,480.22,232.91,98.92,333,NW,3.62
25/12/2024 09:13,18.99,4298,6146,90,-2.35,0.59,9.47,86,480.08,233.01,99.12,333,NW,3.62
25/12/2024 09:43,19.23,4331,6202,91,-2.38,0.59,9.46,86,480.11,233.18,99.27,333,NW,3.62
25/12/2024 10:13,19.39,4295,6135,89,-2.39,0.58,9.46,86,480.03,233.05,99.39,333,NW,3.62
25/12/2024 10:44,19.46,4340,6215,91,-2.4,0.59,9.45,86,480.13,232.88,99.43,333,NW,3.62
25/12/2024 11:14,19.46,4348,6228,92,-2.41,0.6,9.46,86,480.13,233.22,99.46,333,NW,3.62
25/12/2024 11:44,19.5,4355,6243,92,-2.42,0.58,9.45,86,480.15,233.2,99.58,333,NW,3.62
25/12/2024 12:14,19.5,4417,6379,98,-2.43,0.59,9.46,86,480.02,233.22,99.56,333,NW,3.62
25/12/2024 12:44,19.48,4328,6193,91,-2.45,0.59,9.45,86,479.9,233.37,99.63,333,NW,3.62
25/12/2024 13:14,19.43,4343,6221,92,-2.46,0.59,9.44,86,480.23,233.45,99.72,333,NW,3.62
25/12/2024 13:45,19.42,4348,6232,92,-2.47,0.59,9.43,86,479.96,233.41,99.62,333,NW,3.62
25/12/2024 14:15,19.37,4320,6182,91,-2.46,0.59,9.43,86,480.09,233.26,99.62,333,NW,3.62
25/12/2024 14:45,19.33,4277,6098,88,-2.47,0.58,9.43,86,480.1,233.56,99.54,333,NW,3.62
25/12/2024 15:15,19.27,4250,6049,86,-2.48,0.58,9.42,86,480,233.68,99.63,333,NW,3.62
25/12/2024 15:45,19.17,4217,5989,85,-2.49,0.59,9.44,86,480.16,233.81,99.45,333,NW,3.62
25/12/2024 16:16,19.04,4208,5971,84,-2.5,0.58,9.43,86,480.12,233.79,99.59,333,NW,3.62
25/12/2024 16:46,18.92,4205,5967,84,-2.49,0.59,9.41,86,480.37,233.82,99.54,333,NW,3.62
25/12/2024 17:16,18.82,4204,5966,84,-2.5,0.59,9.43,86,480.28,233.96,99.48,333,NW,3.62
25/12/2024 17:46,18.75,4203,5965,84,-2.5,0.59,9.43,86,480.27,234.22,99.51,333,NW,3.62
25/12/2024 18:16,18.68,4203,5965,84,-2.5,0.59,9.43,86,480.35,234.17,99.4,332,NW,3.62
25/12/2024 18:46,18.71,4203,5966,84,-2.51,0.59,9.42,86,480.16,233.55,99.28,333,NW,3.62
25/12/2024 19:17,18.73,4204,5967,84,-2.5,0.59,9.42,86,480.23,234.07,99.36,333,NW,3.62
25/12/2024 19:47,18.77,4205,5968,84,-2.51,0.59,9.42,86,480.45,233.8,99.38,333,NW,3.62
25/12/2024 20:17,18.83,4207,5969,84,-2.51,0.59,9.43,86,480.17,233.83,99.42,333,NW,3.62
25/12/2024 20:47,18.88,4207,5969,84,-2.51,0.59,9.42,86,480.32,233.68,99.41,333,NW,3.62
25/12/2024 21:17,18.91,4208,5970,84,-2.51,0.58,9.43,86,480.09,233.96,99.54,333,NW,3.61
25/12/2024 21:47,18.98,4208,5971,84,-2.51,0.58,9.42,86,480.2,233.9,99.37,333,NW,3.61
25/12/2024 22:18,19.04,4209,5971,84,-2.52,0.59,9.43,86,480.13,233.72,99.48,333,NW,3.61
25/12/2024 22:48,19.1,4210,5972,84,-2.51,0.59,9.42,86,480.15,233.96,99.5,333,NW,3.61
25/12/2024 23:18,19.15,4209,5971,84,-2.52,0.59,9.42,86,480.35,233.74,99.49,333,NW,3.62
25/12/2024 23:48,19.15,4209,5971,84,-2.52,0.6,9.42,86,479.99,233.48,99.51,332,NW,3.61
26/12/2024 00:18,19.14,4208,5970,84,-2.53,0.59,9.41,86,480.24,233.98,99.54,332,NW,3.61
26/12/2024 00:48,19.08,4207,5968,84,-2.52,0.6,9.42,86,480.2,233.75,99.62,333,NW,3.61
26/12/2024 01:19,19.02,4205,5967,84,-2.53,0.59,9.42,86,480.11,234.12,99.61,333,NW,3.61
26/12/2024 01:49,18.94,4203,5965,84,-2.53,0.59,9.41,86,480.03,233.98,99.5,333,NW,3.61
26/12/2024 02:19,18.85,4201,5962,84,-2.54,0.58,9.43,86,480.13,234.27,99.49,333,NW,3.61
26/12/2024 02:49,18.73,4200,5962,84,-2.53,0.59,9.41,86,480.07,234.38,99.57,333,NW,3.61
26/12/2024 03:19,18.6,4198,5960,84,-2.53,0.59,9.41,86,480.05,234.13,99.42,333,NW,3.61
26/12/2024 03:50,18.52,4197,5959,84,-2.55,0.59,9.42,86,480.33,234.39,99.38,332,NW,3.61
26/12/2024 04:20,18.42,4195,5957,84,-2.55,0.6,9.41,86,480.42,234.38,99.48,332,NW,3.61
26/12/2024 04:50,18.33,4194,5955,84,-2.55,0.58,9.41,86,480.15,234.42,99.31,333,NW,3.61
26/12/2024 05:20,18.25,4193,5955,84,-2.54,0.59,9.41,86,480.36,234.75,99.27,333,NW,3.61
26/12/2024 05:50,18.14,4191,5953,84,-2.55,0.59,9.41,86,480.08,234.36,99.24,332,NW,3.61
26/12/2024 06:20,18.08,4190,5951,84,-2.54,0.59,9.41,86,480.48,234.7,99.09,332,NW,3.61
26/12/2024 06:51,18.02,4189,5951,84,-2.56,0.59,9.41,86,480.19,234.46,99.09,333,NW,3.61
26/12/2024 07:21,18,4190,5951,84,-2.56,0.59,9.41,86,480.35,234.72,99.07,332,NW,3.61
26/12/2024 07:51,18.02,4191,5955,84,-2.56,0.59,9.41,86,480.17,234.71,99.12,332,NW,3.61
26/12/2024 08:21,18.04,4198,5968,85,-2.56,0.59,9.41,86,480.46,234.8,99.25,332,NW,3.61
26/12/2024 08:51,18.12,4274,6104,89,-2.56,0.6,9.41,86,480.41,234.39,99.35,332,NW,3.61
26/12/2024 09:21,18.19,4294,6146,90,-2.55,0.59,9.41,86,480.49,234.69,99.2,333,NW,3.61
26/12/2024 09:52,18.27,4343,6246,94,-2.56,0.59,9.42,86,480.43,234.32,99.21,333,NW,3.61
26/12/2024 10:22,18.33,4362,6283,95,-2.56,0.59,9.4,86,480.31,234.73,99.22,332,NW,3.61
26/12/2024 10:52,18.37,4338,6233,93,-2.56,0.59,9.41,86,480.21,234.93,99.33,332,NW,3.61
26/12/2024 11:22,18.37,4336,6231,93,-2.57,0.59,9.41,86,480.3,234.75,99.32,332,NW,3.61
26/12/2024 11:52,18.4,4315,6191,92,-2.56,0.59,9.42,86,480.13,234.82,99.4,332,NW,3.61
26/12/2024 12:22,18.37,4332,6225,93,-2.56,0.59,9.41,86,480.34,234.98,99.46,332,NW,3.61
26/12/2024 12:53,18.36,4317,6197,92,-2.57,0.58,9.41,86,480.31,234.65,99.47,333,NW,3.61
26/12/2024 13:23,18.31,4292,6150,91,-2.57,0.6,9.41,86,480.38,234.65,99.29,333,NW,3.61
26/12/2024 13:53,18.27,4269,6110,90,-2.56,0.59,9.4,86,480.26,234.56,99.35,333,NW,3.61
26/12/2024 14:23,18.21,4246,6067,88,-2.57,0.59,9.41,86,480.26,234.82,99.3,332,NW,3.61
26/12/2024 14:53,18.14,4209,5997,86,-2.57,0.59,9.43,86,480.5,234.62,99.25,333,NW,3.61
26/12/2024 15:24,18.04,4185,5953,85,-2.57,0.59,9.41,86,480.32,234.83,99.35,332,NW,3.61
26/12/2024 15:54,17.94,4171,5930,84,-2.58,0.59,9.41,86,480.29,234.83,99.15,332,NW,3.61
26/12/2024 16:24,17.83,4166,5921,84,-2.58,0.59,9.41,86,480.25,235.16,99.22,332,NW,3.61
26/12/2024 16:54,17.77,4166,5919,84,-2.58,0.59,9.41,86,480.5,235,99.04,332,NW,3.61
26/12/2024 17:24,17.71,4164,5919,84,-2.58,0.6,9.41,86,480.46,235.07,99.06,332,NW,3.61
26/12/2024 17:54,17.68,4165,5920,84,-2.58,0.59,9.42,86,480.57,234.96,99.06,332,NW,3.61
26/12/2024 18:25,17.73,4165,5919,84,-2.59,0.59,9.4,86,480.46,234.98,99.03,332,NW,3.61
26/12/2024 18:55,17.79,4165,5920,84,-2.58,0.59,9.41,86,480.19,235,99.07,332,NW,3.61
26/12/2024 19:25,17.85,4166,5920,84,-2.59,0.59,9.4,86,480.35,235.04,99.07,332,NW,3.61
26/12/2024 19:55,17.91,4167,5921,84,-2.58,0.59,9.4,86,480.46,234.9,99.13,332,NW,3.61
26/12/2024 20:25,18.02,4167,5920,84,-2.58,0.59,9.4,86,480.34,234.76,99.09,333,NW,3.61
26/12/2024 20:55,18.1,4168,5922,84,-2.58,0.59,9.4,86,480.08,234.64,99.15,333,NW,3.61
26/12/2024 21:26,18.16,4168,5922,84,-2.58,0.59,9.4,86,480.29,234.98,99.3,332,NW,3.61
26/12/2024 21:56,18.25,4168,5921,84,-2.57,0.59,9.4,86,481.78,233.89,98.95,333,NW,3.61
26/12/2024 22:26,18.33,4169,5921,84,-2.57,0.6,9.4,86,481.69,233.68,99.15,333,NW,3.61
26/12/2024 22:56,18.41,4169,5921,84,-2.58,0.59,9.41,86,481.9,234.01,99.12,333,NW,3.61
26/12/2024 23:26,18.48,4168,5920,84,-2.61,0.59,9.4,86,481.85,233.71,99.09,333,NW,3.61
26/12/2024 23:56,18.48,4168,5919,84,-2.62,0.6,9.39,86,481.84,234.23,99.18,333,NW,3.61
27/12/2024 00:27,18.46,4166,5918,84,-2.62,0.58,9.38,86,481.77,233.94,99.1,333,NW,3.61
27/12/2024 00:57,18.4,4166,5916,84,-2.63,0.58,9.4,86,482,234.27,99.2,333,NW,3.61
27/12/2024 01:27,18.36,4164,5914,84,-2.62,0.58,9.39,86,481.74,234.15,99.11,333,NW,3.61
27/12/2024 01:57,18.27,4163,5913,84,-2.62,0.59,9.39,86,481.9,234.46,99.14,333,NW,3.61
27/12/2024 02:27,18.17,4161,5911,84,-2.63,0.58,9.38,86,481.89,233.98,99.06,333,NW,3.61
27/12/2024 02:58,18.08,4160,5909,84,-2.64,0.59,9.39,86,481.98,234.08,99,333,NW,3.61
27/12/2024 03:28,18,4158,5908,84,-2.64,0.59,9.39,86,482.12,234.27,98.96,333,NW,3.61
27/12/2024 03:58,17.89,4156,5906,84,-2.64,0.58,9.39,86,482.07,234.57,98.96,333,NW,3.61
27/12/2024 04:28,17.82,4155,5905,84,-2.65,0.59,9.39,86,482.08,234.76,98.79,333,NW,3.61
27/12/2024 04:58,17.71,4154,5904,84,-2.64,0.58,9.38,86,482.04,234.57,98.81,333,NW,3.61
27/12/2024 05:28,17.63,4153,5902,84,-2.65,0.59,9.38,86,482.1,234.56,98.73,332,NW,3.61
27/12/2024 05:59,17.54,4152,5902,84,-2.65,0.59,9.39,86,482,234.96,98.89,333,NW,3.61
27/12/2024 06:29,17.29,4143,5892,84,-2.66,0.59,9.38,86,482.13,234.68,98.61,333,NW,3.61
27/12/2024 06:59,16.98,4141,5890,84,-2.66,0.59,9.37,86,482.41,235.01,98.53,333,NW,3.6
27/12/2024 07:29,16.86,4140,5889,84,-2.66,0.58,9.38,86,482.3,234.99,98.51,333,NW,3.6
27/12/2024 07:59,16.85,4144,5896,84,-2.67,0.59,9.38,86,482.27,235,98.49,333,NW,3.61
27/12/2024 08:29,16.96,4159,5926,85,-2.66,0.59,9.39,86,482.2,235.05,98.5,333,NW,3.6
27/12/2024 09:00,17.08,4189,5982,87,-2.68,0.58,9.39,86,482.13,235.13,98.49,333,NW,3.6
27/12/2024 09:30,17.2,4220,6040,89,-2.69,0.57,9.38,86,480.23,236.16,99.1,332,NW,3.6
27/12/2024 10:00,17.33,4232,6062,89,-2.68,0.59,9.38,86,480,235.68,99.13,332,NW,3.6
27/12/2024 10:30,17.44,4293,6177,93,-2.69,0.58,9.37,86,480.23,235.51,99.22,332,NW,3.6
27/12/2024 11:00,17.5,4317,6223,94,-2.68,0.59,9.36,86,480.19,235.69,99.15,332,NW,3.61
27/12/2024 11:30,17.58,4328,6241,95,-2.69,0.6,9.37,86,480.49,235.42,99.17,332,NW,3.6
27/12/2024 12:01,17.6,4306,6203,94,-2.68,0.58,9.37,86,480.32,235.95,99.27,332,NW,3.6
27/12/2024 12:31,17.62,4326,6242,95,-2.68,0.58,9.37,86,480.46,235.7,99.25,332,NW,3.6
27/12/2024 13:01,17.62,4325,6238,95,-2.68,0.6,9.38,86,480.47,235.39,99.22,332,NW,3.6
27/12/2024 13:31,17.62,4272,6138,92,-2.69,0.58,9.37,86,480.15,235.84,99.29,332,NW,3.6
27/12/2024 14:01,17.58,4230,6059,89,-2.68,0.6,9.35,86,480.63,235.55,99.21,332,NW,3.6
27/12/2024 14:32,17.52,4203,6008,88,-2.69,0.59,9.37,86,480.23,235.95,99.15,332,NW,3.6
27/12/2024 15:02,17.46,4170,5947,86,-2.69,0.59,9.36,86,480.47,235.83,99.14,332,NW,3.6
27/12/2024 15:32,17.39,4150,5907,84,-2.69,0.58,9.37,86,480.41,235.88,99.16,332,NW,3.6
27/12/2024 16:02,17.29,4138,5885,84,-2.7,0.58,9.37,86,480.36,236.18,99.2,332,NW,3.6
27/12/2024 16:32,17.19,4133,5876,84,-2.7,0.58,9.36,86,480.41,236.03,99.15,332,NW,3.6
27/12/2024 17:02,17.07,4131,5875,84,-2.7,0.6,9.36,86,480.42,236,99.01,332,NW,3.6
27/12/2024 17:33,17.02,4130,5875,84,-2.7,0.59,9.37,86,480.42,236.28,99.1,332,NW,3.6
27/12/2024 18:03,16.98,4131,5874,84,-2.71,0.58,9.36,86,480.25,236.2,99.1,332,NW,3.6
27/12/2024 18:33,17.04,4136,5889,84,-2.87,0.61,9.33,86,501.33,299.13,125.87,327,NW,3.6
27/12/2024 19:03,17.14,4139,5892,84,-2.8,0.44,9.35,87,502.09,298.21,125.08,328,NW,3.6
27/12/2024 19:33,17.27,4140,5894,84,-2.81,0.43,9.34,87,501.23,297.85,125.24,328,NW,3.6
27/12/2024 20:03,17.39,4141,5894,84,-2.81,0.45,9.34,87,501.36,297.94,125.37,328,NW,3.6
27/12/2024 20:34,17.52,4141,5889,84,-2.82,0.45,9.34,87,501.38,297.55,125.58,328,NW,3.6
27/12/2024 21:04,17.64,4143,5890,84,-2.82,0.44,9.34,87,501.49,297.64,125.5,328,NW,3.6
27/12/2024 21:34,17.75,4143,5891,84,-2.82,0.46,9.33,87,501.38,297.07,125.64,328,NW,3.6
27/12/2024 22:04,17.85,4143,5887,83,-2.83,0.45,9.33,87,501.58,297.07,125.64,328,NW,3.6
27/12/2024 22:34,17.95,4144,5886,83,-2.83,0.45,9.32,87,501.37,296.72,125.62,328,NW,3.6
27/12/2024 23:04,18.06,4144,5887,83,-2.84,0.44,9.33,87,501.28,296.64,125.78,328,NW,3.6
27/12/2024 23:35,18.14,4144,5886,83,-2.83,0.44,9.32,87,501.51,296.89,125.76,328,NW,3.6
28/12/2024 00:05,18.18,4143,5885,83,-2.83,0.45,9.34,87,501.5,297.14,125.81,328,NW,3.6
28/12/2024 00:35,18.14,4142,5884,83,-2.84,0.45,9.32,87,501.64,297.03,125.92,328,NW,3.6
28/12/2024 01:05,18.08,4140,5882,83,-2.85,0.45,9.33,87,501.45,296.82,125.87,328,NW,3.6
28/12/2024 01:35,18.02,4138,5880,83,-2.84,0.45,9.33,87,501.75,296.99,125.8,328,NW,3.6
28/12/2024 02:06,17.92,4136,5877,83,-2.86,0.44,9.33,87,501.64,296.99,125.76,328,NW,3.6
28/12/2024 02:36,17.82,4134,5875,83,-2.86,0.45,9.33,87,501.6,297.19,125.85,328,NW,3.6
28/12/2024 03:06,17.73,4132,5873,83,-2.88,0.45,9.33,87,501.8,297.26,125.95,328,NW,3.6
28/12/2024 03:36,17.63,4131,5872,83,-2.86,0.46,9.33,87,501.89,296.89,125.86,328,NW,3.6
28/12/2024 04:06,17.54,4129,5872,83,-2.87,0.45,9.32,87,501.9,296.89,125.77,328,NW,3.6
28/12/2024 04:36,17.46,4128,5869,83,-2.89,0.46,9.33,87,501.93,297.23,125.7,328,NW,3.6
28/12/2024 05:07,17.35,4127,5868,83,-2.88,0.45,9.32,87,501.72,297.44,125.64,328,NW,3.6
28/12/2024 05:37,17.27,4126,5866,83,-2.89,0.45,9.32,87,502.04,297.3,125.64,328,NW,3.6
28/12/2024 06:07,17.17,4124,5865,83,-2.89,0.44,9.32,87,501.89,297.36,125.67,328,NW,3.6
28/12/2024 06:37,17.08,4123,5864,83,-2.89,0.45,9.31,87,501.73,297.45,125.67,328,NW,3.6
28/12/2024 07:07,17,4122,5863,84,-2.9,0.44,9.32,87,501.93,297.52,125.65,328,NW,3.6
28/12/2024 07:37,16.92,4120,5862,84,-2.9,0.46,9.32,87,502.17,297.57,125.58,328,NW,3.59
28/12/2024 08:08,16.86,4122,5865,84,-2.9,0.45,9.32,87,502.29,297.2,125.57,328,NW,3.59
28/12/2024 08:38,16.86,4128,5877,84,-2.9,0.45,9.31,87,501.88,297.14,125.57,328,NW,3.59
28/12/2024 09:08,16.9,4141,5901,85,-2.91,0.45,9.31,87,502.31,297.1,125.72,328,NW,3.59
28/12/2024 09:38,16.98,4149,5916,85,-2.9,0.46,9.31,87,502.12,297.42,125.63,328,NW,3.6
28/12/2024 10:08,17.08,4163,5941,86,-2.91,0.44,9.32,87,501.8,296.99,125.59,328,NW,3.59
28/12/2024 10:39,17.2,4165,5944,86,-2.91,0.46,9.32,87,501.93,297.27,125.68,328,NW,3.59
28/12/2024 11:09,17.35,4173,5957,86,-2.9,0.45,9.32,87,502.09,296.95,125.74,328,NW,3.59
28/12/2024 11:39,17.49,4180,5969,87,-2.91,0.45,9.3,87,501.72,296.66,125.86,328,NW,3.59
28/12/2024 12:09,17.64,4172,5953,86,-2.91,0.45,9.31,87,501.86,296.44,125.78,328,NW,3.59
28/12/2024 12:39,17.79,4183,5973,87,-2.9,0.46,9.29,87,501.49,296.26,125.93,328,NW,3.59
28/12/2024 13:09,17.96,4172,5948,86,-2.9,0.44,9.31,87,501.98,296.75,125.9,328,NW,3.59
28/12/2024 13:40,18.12,4171,5946,86,-2.9,0.46,9.31,87,501.82,296.12,126.01,328,NW,3.59
28/12/2024 14:10,18.27,4160,5924,85,-2.92,0.45,9.31,87,501.86,296.35,125.98,328,NW,3.59
28/12/2024 14:40,18.39,4151,5903,84,-2.91,0.46,9.31,87,501.99,296.17,126.21,328,NW,3.59
28/12/2024 15:10,18.52,4142,5886,83,-2.91,0.45,9.31,87,501.52,296.01,126.25,328,NW,3.59
28/12/2024 15:40,18.6,4133,5871,83,-2.91,0.46,9.3,86,501.7,296.23,126.37,328,NW,3.59
28/12/2024 16:10,18.69,4132,5867,83,-2.92,0.45,9.32,87,501.43,296.07,126.25,328,NW,3.59
28/12/2024 16:41,18.75,4131,5865,83,-2.92,0.46,9.31,87,501.7,295.95,126.42,328,NW,3.59
28/12/2024 17:11,18.81,4132,5865,83,-2.92,0.45,9.31,87,501.66,295.91,126.52,328,NW,3.59
28/12/2024 17:41,18.91,4131,5864,83,-2.92,0.46,9.3,87,501.92,296.28,126.58,328,NW,3.59
28/12/2024 18:11,18.98,4131,5863,83,-2.92,0.46,9.3,87,501.89,296.01,126.6,328,NW,3.59
28/12/2024 18:41,19.04,4131,5863,83,-2.93,0.45,9.31,87,501.72,295.76,126.53,328,NW,3.59
28/12/2024 19:11,19.1,4130,5861,83,-2.93,0.45,9.3,86,501.58,296.13,126.75,328,NW,3.59
28/12/2024 19:42,19.16,4130,5861,83,-2.93,0.45,9.32,87,501.79,295.93,126.84,328,NW,3.59
28/12/2024 20:12,19.23,4130,5861,83,-2.94,0.45,9.3,86,501.55,295.71,126.78,328,NW,3.59
28/12/2024 20:42,19.33,4130,5860,83,-2.93,0.45,9.3,87,501.54,295.71,126.75,328,NW,3.59
28/12/2024 21:12,19.39,4130,5859,82,-2.93,0.46,9.31,87,501.65,295.74,126.96,328,NW,3.59
28/12/2024 21:42,19.5,4130,5859,82,-2.94,0.46,9.3,87,501.37,295.75,127.07,328,NW,3.59
28/12/2024 22:13,19.56,4130,5859,82,-2.95,0.47,9.3,87,501.44,295.53,126.9,328,NW,3.59
28/12/2024 22:43,19.66,4129,5858,82,-2.94,0.45,9.3,87,501.61,295.55,126.94,328,NW,3.59
28/12/2024 23:13,19.75,4130,5857,82,-2.95,0.44,9.3,87,501.56,295.43,126.91,328,NW,3.59
28/12/2024 23:43,19.83,4129,5856,82,-2.95,0.46,9.29,86,501.37,295.3,126.97,328,NW,3.59
29/12/2024 00:13,19.88,4128,5854,82,-2.95,0.46,9.3,87,501.4,295.62,127.1,328,NW,3.59
29/12/2024 00:43,19.86,4127,5852,82,-2.96,0.46,9.29,87,501.3,295.35,127.19,328,NW,3.59
29/12/2024 01:14,19.77,4124,5849,82,-2.96,0.45,9.29,87,501.52,295.47,127.16,328,NW,3.59
29/12/2024 01:44,19.67,4121,5846,82,-2.98,0.46,9.31,87,501.58,295.56,127.1,328,NW,3.59
29/12/2024 02:14,19.54,4118,5843,82,-2.98,0.45,9.27,87,501.64,295.99,127.27,328,NW,3.59
29/12/2024 02:44,19.42,4115,5840,82,-2.99,0.46,9.28,87,501.64,295.68,126.94,328,NW,3.59
29/12/2024 03:14,19.29,4112,5837,82,-2.98,0.45,9.29,87,501.81,295.97,127.03,328,NW,3.59
29/12/2024 03:44,19.15,4110,5835,82,-2.99,0.44,9.29,87,501.67,296.17,126.95,328,NW,3.59
29/12/2024 04:15,19.02,4108,5833,82,-3,0.44,9.29,87,501.69,296.05,126.82,328,NW,3.59
29/12/2024 04:45,18.88,4106,5830,82,-3,0.45,9.28,87,501.8,296.41,126.88,328,NW,3.59
29/12/2024 05:15,18.75,4103,5828,82,-3,0.45,9.28,87,502.05,296.32,126.78,328,NW,3.59
29/12/2024 05:45,18.63,4102,5826,82,-3,0.45,9.29,87,501.78,296.12,126.82,328,NW,3.59
29/12/2024 06:15,18.52,4100,5824,83,-3.01,0.45,9.29,87,501.81,296.14,126.64,328,NW,3.59
29/12/2024 06:45,18.42,4097,5822,82,-3.02,0.45,9.29,87,502.03,296.06,126.55,328,NW,3.59
29/12/2024 07:16,18.32,4096,5821,83,-3.02,0.47,9.28,87,501.68,296.35,126.66,328,NW,3.59
29/12/2024 07:46,18.21,4096,5820,82,-3.02,0.45,9.27,87,502.04,296.53,126.57,328,NW,3.59
29/12/2024 08:16,18.14,4100,5830,83,-3.02,0.45,9.28,87,502.17,296.36,126.65,328,NW,3.59
29/12/2024 08:46,18.17,4112,5851,83,-3.02,0.45,9.28,87,501.95,296.46,126.5,328,NW,3.59
29/12/2024 09:16,18.23,4129,5881,84,-3.04,0.45,9.28,87,501.76,296.29,126.78,328,NW,3.59
29/12/2024 09:47,18.35,4241,6120,93,-2.63,0.45,9.4,87,548.09,57.02,35.61,354,N,3.58
29/12/2024 10:17,18.49,4332,6304,100,-2.69,0.46,9.37,87,555.71,59.68,17.06,354,N,3.59
29/12/2024 10:47,18.72,4347,6333,101,-2.95,0.48,9.29,86,562.62,76.22,0.51,353,N,3.58
29/12/2024 11:17,19.14,4735,7650,180,-5.56,2.49,-7.54,74,740.05,344.36,243.93,9,N,3.58
29/12/2024 11:47,19.72,4805,7816,188,-5.57,2.49,-7.53,74,739.54,343.96,244.3,8,N,3.58
29/12/2024 12:17,20.16,4729,7605,177,-5.58,2.48,-7.53,74,739.34,343.67,244.47,8,N,3.59
29/12/2024 12:48,20.42,5058,8546,231,-5.59,2.48,-7.52,75,739.25,343.46,244.83,8,N,3.58
29/12/2024 13:18,20.56,4720,7576,175,-5.59,2.48,-7.51,74,739.03,342.76,244.47,8,N,3.58
29/12/2024 13:48,20.73,4644,7350,162,-5.59,2.48,-7.51,75,739.04,343.1,244.73,8,N,3.58
29/12/2024 14:18,20.83,4241,6160,97,8.02,2.25,-4.71,76,744.07,254.5,207.4,23,NE,3.58
29/12/2024 14:48,20.71,4232,6272,107,-7.33,0.4,-6.38,87,316.37,-164.49,295.04,314,NW,3.58
29/12/2024 15:18,20.42,4137,6010,94,-7.34,0.41,-6.36,87,314.85,-164.96,295.05,314,NW,3.58
29/12/2024 15:49,20.23,4089,5854,86,-7.34,0.41,-6.38,87,315.05,-164.88,295.2,314,NW,3.58
29/12/2024 16:19,20.09,4036,5729,81,2.49,0.36,-9.09,87,779.92,320.01,252.38,25,NE,3.58
29/12/2024 16:49,20.04,4029,5726,81,2.25,0.38,-9.14,87,775.84,329.11,244.85,25,NE,3.58
29/12/2024 17:19,20.06,4040,5775,84,2.27,0.39,-9.15,87,775.56,328.9,244.75,25,NE,3.58
29/12/2024 17:49,20.06,4037,5756,83,2.27,0.38,-9.13,87,775.54,328.86,244.86,25,NE,3.58
29/12/2024 18:19,20.06,4033,5752,83,2.28,0.38,-9.14,87,775.51,329.14,244.73,25,NE,3.58
29/12/2024 18:50,20,4031,5748,83,2.28,0.38,-9.14,87,775.34,329.18,244.71,25,NE,3.58
29/12/2024 19:20,19.92,4031,5744,83,2.28,0.38,-9.13,87,775.48,328.89,244.67,25,NE,3.58
29/12/2024 19:50,19.93,4034,5752,83,1.14,0.39,-9.35,87,775.49,333.89,247.21,24,NE,3.58
29/12/2024 20:20,20.04,4036,5753,83,1.12,0.39,-9.35,87,775.23,332.96,247.27,24,NE,3.58
29/12/2024 20:50,20.18,4028,5718,81,1.12,0.4,-9.37,87,775.2,333.29,247.36,24,NE,3.58
29/12/2024 21:21,20.27,4026,5716,81,1.12,0.39,-9.36,87,774.96,333.39,247.24,24,NE,3.58
29/12/2024 21:51,20.29,4025,5715,81,1.12,0.4,-9.35,87,773.53,334.01,242.51,24,NE,3.58
29/12/2024 22:21,20.27,4021,5703,80,1.13,0.41,-9.36,87,773.48,333.68,242.51,24,NE,3.58
29/12/2024 22:51,20.17,4018,5699,80,1.13,0.4,-9.37,87,773.55,333.93,242.29,24,NE,3.58
29/12/2024 23:21,20.02,4017,5698,80,1.14,0.4,-9.36,87,773.46,333.49,242.2,24,NE,3.58
29/12/2024 23:51,19.85,4015,5696,80,1.15,0.41,-9.35,87,773.39,333.24,242.06,24,NE,3.58
30/12/2024 00:22,19.71,4015,5696,80,1.14,0.39,-9.35,87,773.65,333.82,242.19,24,NE,3.58
30/12/2024 00:52,19.54,4013,5695,80,1.16,0.41,-9.36,87,773.68,333.5,241.95,24,NE,3.58
30/12/2024 01:22,19.42,4012,5695,80,1.15,0.4,-9.35,87,773.8,333.83,241.94,24,NE,3.58
30/12/2024 01:52,19.29,4012,5695,80,1.15,0.41,-9.36,87,773.89,333.89,241.95,24,NE,3.58
30/12/2024 02:22,19.17,4011,5693,80,1.14,0.4,-9.36,87,774,334.04,241.81,24,NE,3.58
30/12/2024 02:52,19.07,4009,5692,80,1.15,0.4,-9.36,87,773.92,333.79,241.68,24,NE,3.58
30/12/2024 03:23,18.92,4008,5690,80,1.15,0.42,-9.36,87,774.06,333.74,241.71,24,NE,3.58
30/12/2024 03:53,18.79,4006,5689,80,1.16,0.41,-9.35,87,773.9,333.96,241.73,24,NE,3.58
30/12/2024 04:23,18.67,4005,5688,80,1.15,0.4,-9.35,87,774.07,333.55,241.58,24,NE,3.58
30/12/2024 04:53,18.54,4006,5689,80,1.15,0.41,-9.34,87,774.15,334,241.71,24,NE,3.58
30/12/2024 05:23,18.42,4003,5688,81,1.15,0.41,-9.36,87,774.49,333.75,241.87,24,NE,3.58
30/12/2024 05:53,18.32,4004,5689,81,1.15,0.41,-9.35,87,774.47,333.94,241.78,24,NE,3.58
30/12/2024 06:24,18.21,4003,5688,81,1.16,0.4,-9.35,87,774.56,333.65,241.76,24,NE,3.58
30/12/2024 06:54,18.17,4006,5692,81,1.15,0.41,-9.35,87,774.13,333.69,241.54,24,NE,3.58
30/12/2024 07:24,18.19,4008,5694,81,1.16,0.4,-9.36,87,774.38,333.85,241.53,24,NE,3.58
30/12/2024 07:54,18.27,4025,5728,82,1.17,0.41,-9.35,87,774.32,333.69,241.78,24,NE,3.58
30/12/2024 08:24,18.39,4103,5903,89,1.18,0.42,-9.36,87,774.29,333.61,241.37,24,NE,3.58
30/12/2024 08:55,18.64,4400,6603,119,1.18,0.4,-9.36,87,774,333.43,241.49,24,NE,3.58
30/12/2024 09:25,18.95,4987,8123,197,1.18,0.41,-9.35,87,774.06,333.14,241.36,24,NE,3.58
30/12/2024 09:55,19.26,4788,7634,172,1.2,0.42,-9.36,87,774.39,331.97,241.85,24,NE,3.58
30/12/2024 10:25,19.58,4606,7177,149,1.21,0.42,-9.35,87,774.01,331.11,241.91,24,NE,3.58
30/12/2024 10:55,19.89,4689,7331,154,1.21,0.41,-9.34,87,773.92,330.25,242.03,24,NE,3.58
30/12/2024 11:25,20.12,4669,7270,151,1.21,0.42,-9.33,87,773.8,330.52,242.3,24,NE,3.58
30/12/2024 11:56,20.33,4705,7358,155,1.22,0.41,-9.35,87,773.8,330.82,242.33,24,NE,3.58
30/12/2024 12:26,20.58,4830,7657,169,1.22,0.41,-9.34,87,773.56,330.39,242.38,24,NE,3.58
30/12/2024 12:56,20.81,4562,6994,137,1.23,0.41,-9.34,87,773.6,330.56,242.47,24,NE,3.58
30/12/2024 13:26,20.91,4638,7165,145,1.23,0.42,-9.34,87,773.15,330.48,242.5,24,NE,3.58
30/12/2024 13:56,20.98,4629,7135,143,1.23,0.41,-9.34,87,773.41,330.24,242.51,24,NE,3.58
30/12/2024 14:26,20.98,4352,6489,114,1.23,0.42,-9.34,87,773.34,330.2,242.61,24,NE,3.58
30/12/2024 14:57,20.8,4191,6098,96,1.22,0.41,-9.33,87,773.77,330.45,242.56,24,NE,3.58
30/12/2024 15:27,20.52,4100,5885,88,1.22,0.42,-9.35,87,773.89,330.55,242.45,24,NE,3.58
30/12/2024 15:57,20.26,4022,5715,81,1.21,0.42,-9.36,87,773.87,331.04,242.44,24,NE,3.58
30/12/2024 16:27,19.98,4016,5711,81,1.21,0.41,-9.35,87,773.83,330.91,242.31,24,NE,3.58
30/12/2024 16:57,19.75,4015,5713,81,1.21,0.42,-9.35,87,773.93,330.89,242.3,24,NE,3.58
30/12/2024 17:27,19.63,4020,5718,81,1.22,0.42,-9.35,87,774.16,331.32,242.33,24,NE,3.58
30/12/2024 17:58,19.58,4020,5719,82,1.21,0.42,-9.35,87,774.12,330.86,242.23,24,NE,3.58
30/12/2024 18:28,19.62,4023,5733,82,1.21,0.41,-9.35,87,774.09,331.1,242.19,24,NE,3.58
30/12/2024 18:58,19.69,4023,5735,83,1.22,0.42,-9.35,87,774.06,330.79,242.21,24,NE,3.58
30/12/2024 19:28,19.79,4022,5732,82,1.22,0.41,-9.33,87,773.9,330.63,242.05,24,NE,3.58
30/12/2024 19:58,19.88,4017,5727,82,1.22,0.41,-9.34,87,773.89,330.93,242.24,24,NE,3.58
30/12/2024 20:29,19.91,4014,5721,82,1.21,0.42,-9.33,87,773.81,330.44,242.16,24,NE,3.58
30/12/2024 20:59,19.93,4011,5712,82,1.22,0.42,-9.34,87,773.75,330.54,242.16,24,NE,3.58
30/12/2024 21:29,19.96,4013,5726,83,1.22,0.42,-9.35,87,773.84,330.68,242.24,24,NE,3.58
30/12/2024 21:59,19.92,4002,5675,80,1.23,0.42,-9.35,87,773.93,330.31,242.02,24,NE,3.58
30/12/2024 22:29,19.89,4004,5679,80,1.23,0.42,-9.34,87,773.89,330.49,242.04,24,NE,3.58
30/12/2024 22:59,19.79,4004,5679,80,1.21,0.42,-9.34,87,773.79,330.47,242.04,24,NE,3.58
30/12/2024 23:30,19.67,4002,5677,80,1.22,0.42,-9.35,87,774.13,330.49,242.07,24,NE,3.58
31/12/2024 00:00,19.54,4001,5676,80,1.22,0.42,-9.35,87,774.02,330.63,241.94,24,NE,3.58
31/12/2024 00:30,19.4,3999,5675,80,1.22,0.42,-9.35,87,773.9,330.8,241.89,24,NE,3.58
31/12/2024 01:00,19.23,3998,5676,80,1.22,0.42,-9.33,87,773.87,330.75,241.94,24,NE,3.58
31/12/2024 01:30,19.1,3998,5675,80,1.23,0.43,-9.35,87,774.26,330.63,241.8,24,NE,3.57
31/12/2024 02:00,18.98,3998,5676,80,1.21,0.42,-9.35,87,773.99,330.8,241.65,24,NE,3.58
31/12/2024 02:31,18.85,3998,5676,80,1.23,0.41,-9.34,87,773.82,330.72,241.49,24,NE,3.57
31/12/2024 03:01,18.75,3997,5675,80,1.22,0.43,-9.36,87,774.03,330.99,241.5,24,NE,3.57
31/12/2024 03:31,18.69,3998,5677,80,1.22,0.42,-9.35,87,774.12,330.96,241.49,24,NE,3.57
31/12/2024 04:01,18.58,3998,5677,80,1.22,0.42,-9.35,87,774.12,330.8,241.59,24,NE,3.57
31/12/2024 04:31,18.52,3998,5677,80,1.23,0.41,-9.33,87,774.05,331.02,241.57,24,NE,3.57
31/12/2024 05:01,18.46,3999,5679,80,1.23,0.42,-9.35,87,774.29,330.86,241.52,24,NE,3.57
31/12/2024 05:32,18.42,3998,5678,80,1.23,0.41,-9.34,87,774.41,330.88,241.31,24,NE,3.57
31/12/2024 06:02,18.33,3997,5677,80,1.23,0.41,-9.34,87,774.37,330.91,241.23,24,NE,3.57
31/12/2024 06:32,18.27,3997,5677,80,1.24,0.42,-9.35,87,774.05,330.74,241.15,24,NE,3.57
31/12/2024 07:02,18.25,4007,5693,81,1.23,0.42,-9.34,87,774.06,331.15,241.13,24,NE,3.57
31/12/2024 07:32,18.37,4007,5690,80,1.23,0.42,-9.35,87,774.19,330.84,241.36,24,NE,3.57
31/12/2024 08:03,18.52,4009,5695,81,1.24,0.42,-9.34,87,774.14,330.65,241.42,24,NE,3.57
31/12/2024 08:33,18.64,4053,5796,85,1.24,0.42,-9.35,87,773.82,330.54,241.48,24,NE,3.57
31/12/2024 09:03,18.83,4162,6040,94,1.24,0.43,-9.35,87,773.79,330.42,241.42,24,NE,3.57
31/12/2024 09:33,19.06,4354,6488,114,1.25,0.42,-9.33,87,773.25,330.89,240.65,24,NE,3.57
31/12/2024 10:03,19.24,4325,6419,111,1.25,0.42,-9.34,87,773.1,330.78,240.65,24,NE,3.57
31/12/2024 10:33,19.38,4386,6580,118,1.24,0.43,-9.35,87,772.89,330.68,240.76,24,NE,3.57
31/12/2024 11:04,19.43,4189,6110,98,1.25,0.42,-9.33,87,773.04,330.43,240.77,24,NE,3.57
31/12/2024 11:34,19.39,4275,6331,108,1.26,0.42,-9.33,87,772.91,330.47,240.74,24,NE,3.57
31/12/2024 12:04,19.36,4471,6799,129,1.25,0.43,-9.34,87,773.03,330.41,240.71,24,NE,3.57
31/12/2024 12:34,19.39,4439,6705,124,1.26,0.42,-9.34,87,773.17,330.76,240.74,24,NE,3.57
31/12/2024 13:04,19.39,4415,6630,120,1.24,0.42,-9.34,87,773.19,330.62,240.74,24,NE,3.57
31/12/2024 13:34,19.4,4232,6175,99,1.12,0.42,-9.36,87,787.37,294.02,259.33,21,N,3.57
31/12/2024 14:05,19.45,4220,6113,95,1.14,0.43,-9.36,87,787.59,295.45,259.26,22,N,3.57
31/12/2024 14:35,19.48,4091,5836,84,1.13,0.43,-9.36,87,787.44,294.9,259.53,22,N,3.57
31/12/2024 15:05,19.35,4133,5985,93,1.15,0.43,-9.35,87,771.65,330.76,243.59,24,NE,3.57
31/12/2024 15:35,19.25,4097,5910,90,1.15,0.42,-9.36,87,771.87,331.87,244.29,24,NE,3.57
31/12/2024 16:05,19.21,4039,5755,83,1.01,0.42,-9.38,87,773.86,335.91,244.3,24,NE,3.57
31/12/2024 16:35,19.19,4034,5742,82,1,0.42,-9.38,87,773.66,336.01,244.41,24,NE,3.57
31/12/2024 17:06,19.15,4054,5770,82,1,0.43,-9.38,87,773.48,336.01,244.17,24,NE,3.57
31/12/2024 17:36,19.2,3988,5687,82,0.92,0.42,-9.4,87,769.62,332.57,250.13,24,NE,3.57
31/12/2024 18:06,19.23,4039,5765,84,0.93,0.42,-9.38,87,769.75,332.58,250.19,24,NE,3.57
31/12/2024 18:36,19.37,4041,5756,83,0.97,0.43,-9.39,87,772.15,330.08,244.36,24,NE,3.57
