Time,Temp,IR,Vis,Lux,Accel_X,Accel_Y,Accel_Z,Tilt,Mag_X,Mag_Y,Mag_Z,H.Angle,Direction,VBAT
2024/10/30 10:58:15,24.21,4275,6285,104,-7.37,0.20,-6.25,88,503.95,-12.92,281.62,336,NW,3.88
2024/10/30 10:58:30,24.45,4247,6223,102,-4.42,0.91,-7.64,83,503.78,-25.15,283.55,344,N,3.88
2024/10/30 10:58:45,24.75,4230,6176,99,-4.01,1.02,-7.73,83,505.01,-27.10,280.18,309,NW,3.87
2024/10/30 10:59:01,24.99,4262,6240,101,-7.78,0.21,-5.89,88,508.78,-9.79,274.52,337,NW,3.88
2024/10/30 10:59:16,25.21,4304,6345,106,-7.61,0.32,-6.10,87,508.35,-10.82,274.95,337,NW,3.88
2024/10/30 10:59:32,25.37,4169,6008,91,3.87,6.75,-5.82,46,467.29,-65.26,259.42,43,NE,3.88
2024/10/30 10:59:47,25.54,4177,6029,92,4.56,5.02,-6.29,58,477.49,-67.09,263.58,45,NE,3.87
2024/10/30 11:00:02,25.67,4688,6864,112,2.02,1.33,-1.92,76,472.38,-39.37,249.33,113,SE,3.87
2024/10/30 11:00:18,25.77,4561,6565,99,4.16,1.69,2.60,63,472.38,-51.77,236.88,96,E,3.87
2024/10/30 11:00:33,25.89,4533,6623,107,3.07,-0.27,1.84,77,477.94,-51.87,237.71,116,SE,3.87
2024/10/30 11:00:49,26.02,4475,6702,120,-2.85,-1.37,2.77,77,487.87,-32.19,228.34,210,SW,3.88
2024/10/30 11:01:04,26.10,4531,6973,139,-6.36,1.05,-2.10,82,478.19,-19.63,255.38,288,W,3.87
2024/10/30 11:01:20,26.23,4594,7146,148,-7.31,0.16,-6.49,88,482.60,-16.43,272.18,336,NW,3.88
2024/10/30 11:01:35,26.35,4487,6757,124,-7.46,0.59,-3.30,78,480.46,-12.45,246.58,322,NW,3.87
2024/10/30 11:01:50,26.44,4242,6111,92,4.45,2.52,5.89,71,479.42,-47.87,198.32,23,NE,3.87
2024/10/30 11:02:06,26.54,4224,6082,92,1.22,7.93,-3.66,33,457.10,-54.43,254.89,109,E,3.88
2024/10/30 11:02:21,26.62,4270,6243,101,-0.16,8.85,-2.83,23,451.38,-50.54,251.53,171,S,3.87
2024/10/30 11:02:37,26.70,4199,5965,84,0.03,9.90,-0.01,0,448.78,-47.51,228.28,256,W,3.88
2024/10/30 11:02:52,26.75,4232,5998,84,0.16,9.88,-0.00,0,448.87,-47.85,227.82,87,E,3.87
2024/10/30 11:03:08,26.75,4227,5994,84,0.14,9.90,0.02,0,448.96,-47.93,227.83,82,E,3.87
2024/10/30 11:03:23,26.67,4225,5996,85,0.15,9.90,0.01,0,449.04,-47.63,227.85,79,E,3.87
2024/10/30 11:03:38,26.48,4221,5993,85,0.16,9.90,-0.00,0,449.17,-47.72,228.01,75,E,3.87
2024/10/30 11:03:54,26.29,4217,5990,85,0.16,9.91,0.01,0,449.20,-47.60,227.98,80,E,3.87
2024/10/30 11:04:09,26.09,4214,5988,85,0.15,9.90,0.00,0,449.35,-47.94,227.99,77,E,3.87
2024/10/30 11:04:25,25.90,4211,5986,85,0.15,9.90,0.00,0,449.13,-47.65,228.04,76,E,3.87
2024/10/30 11:04:40,25.72,4208,5983,85,0.16,9.90,0.01,0,449.15,-47.63,228.07,78,E,3.87
2024/10/30 11:04:56,25.51,4204,5978,85,0.16,9.91,0.01,0,449.01,-47.57,227.90,78,E,3.88
2024/10/30 11:05:11,25.32,4200,5975,85,0.16,9.90,-0.01,0,449.17,-47.39,228.10,73,E,3.88
2024/10/30 11:05:26,25.13,4194,5967,85,0.14,9.90,0.00,0,449.12,-47.69,227.98,76,E,3.88
2024/10/30 11:05:42,24.97,4185,5955,85,0.14,9.90,0.01,0,449.12,-47.98,228.00,79,E,3.87
2024/10/30 11:05:57,24.79,4178,5947,85,0.16,9.91,-0.01,0,449.26,-47.78,228.03,74,E,3.87
2024/10/30 11:06:13,24.65,4174,5940,85,0.15,9.90,-0.00,0,449.21,-47.40,228.01,75,E,3.87
2024/10/30 11:06:28,24.48,4173,5940,85,0.14,9.90,0.00,0,449.37,-47.43,227.96,78,E,3.87
2024/10/30 11:06:43,24.33,4174,5943,85,0.14,9.91,-0.00,0,449.31,-47.55,227.96,75,E,3.87
2024/10/30 11:06:59,24.19,4172,5942,85,0.14,9.90,-0.02,0,449.16,-47.63,227.98,69,E,3.87
2024/10/30 11:07:14,24.07,4171,5941,85,0.14,9.91,-0.02,0,449.38,-47.85,227.93,69,E,3.88
2024/10/30 11:07:30,23.94,4171,5940,85,0.13,9.91,0.01,0,449.47,-47.51,227.95,79,E,3.87
2024/10/30 11:07:45,23.82,4170,5939,85,0.13,9.90,-0.01,0,449.21,-47.79,227.90,73,E,3.87
2024/10/30 11:08:01,23.71,4170,5939,85,0.13,9.90,-0.01,0,449.59,-47.54,227.88,71,E,3.87
2024/10/30 11:08:16,23.63,4169,5939,85,0.14,9.90,-0.01,0,449.24,-47.76,227.88,73,E,3.87
2024/10/30 11:08:31,23.52,4168,5939,85,0.13,9.90,-0.01,0,449.44,-47.41,227.89,70,E,3.87
2024/10/30 11:08:47,23.42,4169,5940,85,0.12,9.90,-0.01,0,449.54,-47.63,227.88,72,E,3.87
2024/10/30 11:09:02,23.32,4169,5940,85,0.12,9.90,-0.01,0,449.51,-47.65,227.78,71,E,3.87
2024/10/30 11:09:18,23.26,4169,5940,85,0.13,9.91,-0.01,0,449.41,-47.55,227.80,71,E,3.87
2024/10/30 11:09:33,23.15,4169,5941,85,0.12,9.91,-0.01,0,449.38,-47.22,227.80,72,E,3.87
2024/10/30 11:09:49,23.08,4169,5941,85,0.12,9.90,-0.01,0,449.46,-47.49,227.72,74,E,3.87
2024/10/30 11:10:04,23.01,4168,5941,85,0.11,9.91,-0.01,0,449.57,-47.43,227.74,71,E,3.87
2024/10/30 11:10:19,22.92,4169,5942,86,0.14,9.90,-0.01,0,449.55,-47.75,227.81,71,E,3.87
2024/10/30 11:10:35,22.86,4169,5942,86,0.12,9.90,-0.02,0,449.50,-47.34,227.63,68,E,3.87
2024/10/30 11:10:50,22.80,4169,5942,86,0.10,9.89,-0.00,0,449.48,-47.59,227.63,73,E,3.87
2024/10/30 11:11:06,22.75,4169,5943,86,0.11,9.91,0.00,0,449.73,-47.53,227.61,77,E,3.87
2024/10/30 11:11:21,22.69,4169,5943,86,0.11,9.91,-0.02,0,449.56,-47.63,227.78,68,E,3.87
2024/10/30 11:11:37,22.65,4169,5943,86,0.11,9.90,-0.02,0,449.62,-47.45,227.74,63,NE,3.87
2024/10/30 11:11:52,22.58,4168,5943,86,0.11,9.91,-0.00,0,449.45,-47.61,227.58,74,E,3.87
2024/10/30 11:12:07,22.52,4169,5944,86,0.12,9.90,-0.01,0,449.54,-47.42,227.44,73,E,3.87
2024/10/30 11:12:23,22.46,4169,5944,86,0.11,9.91,-0.00,0,449.39,-47.29,227.59,75,E,3.87
2024/10/30 11:12:38,22.44,4169,5944,86,0.11,9.91,-0.02,0,449.66,-47.46,227.64,67,NE,3.87
2024/10/30 11:12:54,22.40,4170,5945,86,0.11,9.90,-0.02,0,449.82,-47.36,227.50,67,E,3.87
2024/10/30 11:13:09,22.33,4170,5946,86,0.11,9.91,-0.02,0,449.61,-47.54,227.49,64,NE,3.87
2024/10/30 11:13:24,22.31,4170,5946,86,0.10,9.90,-0.02,0,449.59,-47.43,227.56,64,NE,3.87
2024/10/30 11:13:40,22.27,4170,5946,86,0.11,9.91,-0.00,0,449.52,-47.71,227.55,73,E,3.87
2024/10/30 11:13:55,22.25,4170,5947,86,0.11,9.90,-0.02,0,449.70,-47.89,227.54,67,E,3.87
2024/10/30 11:14:11,22.21,4170,5947,86,0.10,9.89,-0.01,0,449.69,-47.39,227.50,73,E,3.87
2024/10/30 11:14:26,22.19,4170,5948,86,0.10,9.90,-0.02,0,449.77,-47.25,227.37,69,E,3.87
2024/10/30 11:14:42,22.15,4170,5948,86,0.11,9.90,-0.01,0,449.53,-47.32,227.56,71,E,3.87
2024/10/30 11:14:57,22.12,4170,5947,86,0.10,9.89,-0.00,0,449.57,-47.46,227.37,74,E,3.87
2024/10/30 11:15:12,22.08,4170,5947,86,0.09,9.89,-0.01,0,449.68,-47.34,227.39,69,E,3.87
2024/10/30 11:15:28,22.08,4170,5947,86,0.10,9.90,-0.01,0,449.55,-47.47,227.32,70,E,3.87
2024/10/30 11:15:43,22.06,4170,5947,86,0.10,9.90,-0.02,0,449.77,-47.44,227.25,66,NE,3.87
2024/10/30 11:15:59,22.02,4170,5947,86,0.09,9.89,-0.02,0,449.68,-47.66,227.34,68,E,3.87
2024/10/30 11:16:14,22.00,4170,5948,86,0.10,9.90,-0.01,0,449.64,-47.47,227.29,69,E,3.87
2024/10/30 11:16:30,22.00,4170,5947,86,0.10,9.91,-0.01,0,449.49,-47.47,227.32,73,E,3.87
2024/10/30 11:16:45,21.96,4170,5948,86,0.10,9.91,-0.01,0,449.58,-47.73,227.17,68,E,3.87
2024/10/30 11:17:00,21.94,4170,5948,86,0.10,9.91,-0.01,0,449.86,-47.27,227.32,70,E,3.87
2024/10/30 11:17:16,21.94,4170,5948,86,0.10,9.91,-0.00,0,449.50,-47.59,227.37,75,E,3.87
2024/10/30 11:17:31,21.92,4170,5949,86,0.09,9.91,-0.02,0,449.66,-47.86,227.22,64,NE,3.87
2024/10/30 11:17:47,21.90,4170,5949,86,0.07,9.89,-0.01,0,449.84,-47.39,227.31,71,E,3.87
2024/10/30 11:18:02,21.90,4754,6739,95,-9.42,-1.52,2.28,78,488.91,2.87,218.72,336,NW,3.87
2024/10/30 11:18:18,21.90,3180,4449,58,-0.62,9.92,0.10,2,449.68,-53.99,242.88,238,SW,3.87
2024/10/30 11:18:33,21.88,2513,3432,39,-0.20,9.92,0.08,0,449.49,-53.87,242.87,236,SW,3.87
2024/10/30 11:18:48,21.86,2646,3623,42,-0.14,9.95,-0.01,0,449.91,-53.46,246.38,276,W,3.87
2024/10/30 11:19:04,21.86,2808,3871,47,-0.06,9.92,-0.13,0,450.31,-52.87,250.39,303,NW,3.87
2024/10/30 11:19:19,21.81,2988,4150,52,-0.05,9.90,-0.14,0,450.27,-51.84,251.33,328,NW,3.87
2024/10/30 11:19:35,21.77,3145,4392,57,-0.05,9.91,-0.14,0,450.12,-52.18,251.42,331,NW,3.87
2024/10/30 11:19:50,21.77,3259,4567,60,-0.05,9.90,-0.15,0,450.31,-52.04,251.45,294,NW,3.87
2024/10/30 11:20:05,21.71,3367,4734,64,-0.04,9.91,-0.14,0,450.41,-51.83,251.43,326,NW,3.87
2024/10/30 11:20:21,21.69,3456,4871,66,-0.05,9.90,-0.15,0,450.19,-52.05,251.52,331,NW,3.87
2024/10/30 11:20:36,21.65,3526,4977,68,-0.04,9.91,-0.14,0,450.22,-52.05,251.39,313,NW,3.87
2024/10/30 11:20:52,21.62,3588,5071,70,-0.05,9.90,-0.15,0,450.40,-51.95,251.37,329,NW,3.87
2024/10/30 11:21:07,21.58,3664,5187,72,-0.06,9.90,-0.15,0,450.42,-52.30,251.46,327,NW,3.87
2024/10/30 11:21:23,21.58,3721,5274,74,-0.06,9.91,-0.15,0,450.17,-51.98,251.25,328,NW,3.87
2024/10/30 11:21:38,21.52,3761,5335,75,-0.05,9.90,-0.14,0,450.19,-52.14,251.41,330,NW,3.87
2024/10/30 11:21:54,21.52,3798,5390,76,-0.06,9.91,-0.14,0,450.34,-52.32,251.36,327,NW,3.87
2024/10/30 11:22:09,21.50,3829,5439,77,-0.06,9.91,-0.15,0,450.40,-52.13,251.31,328,NW,3.87
2024/10/30 11:22:24,21.50,3852,5475,78,-0.05,9.91,-0.14,0,450.49,-51.90,251.40,328,NW,3.87
2024/10/30 11:22:40,21.46,3869,5502,78,-0.04,9.91,-0.15,0,450.51,-52.01,251.35,332,NW,3.87
2024/10/30 11:22:55,21.46,3886,5526,79,-0.06,9.91,-0.14,0,450.32,-52.06,251.38,327,NW,3.87
2024/10/30 11:23:11,21.44,3899,5547,79,-0.06,9.91,-0.15,0,450.08,-52.33,251.55,326,NW,3.87
2024/10/30 11:23:26,21.44,3911,5564,79,-0.05,9.90,-0.15,0,450.14,-52.58,251.44,331,NW,3.87
2024/10/30 11:23:42,21.40,3921,5580,80,-0.05,9.91,-0.14,0,450.24,-52.62,251.43,328,NW,3.87
2024/10/30 11:23:57,21.38,3931,5596,80,-0.05,9.90,-0.14,0,450.26,-52.74,251.49,324,NW,3.87
2024/10/30 11:24:13,21.38,3940,5609,80,-0.05,9.91,-0.16,0,450.22,-52.73,251.44,329,NW,3.87
2024/10/30 11:24:28,21.38,3945,5616,80,-0.05,9.92,-0.14,0,450.11,-52.70,251.48,330,NW,3.87
2024/10/30 11:24:43,21.38,3949,5622,80,-0.06,9.91,-0.13,0,450.29,-52.87,251.43,326,NW,3.87
2024/10/30 11:24:59,21.38,3951,5627,81,-0.06,9.90,-0.14,0,450.11,-52.31,251.55,327,NW,3.87
2024/10/30 11:25:14,21.36,3955,5632,81,-0.05,9.90,-0.15,0,450.26,-52.90,251.36,329,NW,3.87
2024/10/30 11:25:30,21.36,3958,5637,81,-0.06,9.92,-0.15,0,450.11,-52.54,251.42,328,NW,3.87
2024/10/30 11:25:45,21.33,3961,5641,81,-0.06,9.90,-0.15,0,450.06,-52.52,251.39,328,NW,3.87
2024/10/30 11:26:01,21.33,3964,5645,81,-0.05,9.90,-0.15,0,450.26,-52.82,251.48,331,NW,3.87
2024/10/30 11:26:16,21.31,3966,5648,81,-0.05,9.90,-0.15,0,450.00,-52.53,251.55,328,NW,3.87
2024/10/30 11:26:32,21.31,3968,5651,81,-0.05,9.91,-0.14,0,450.00,-52.79,251.50,328,NW,3.87
2024/10/30 11:26:47,21.31,3969,5654,81,-0.05,9.91,-0.15,0,450.03,-52.57,251.46,330,NW,3.87
2024/10/30 11:27:03,21.31,3970,5655,81,-0.06,9.91,-0.14,0,450.04,-52.79,251.35,327,NW,3.87
2024/10/30 11:27:18,21.31,3971,5656,81,-0.06,9.91,-0.15,0,450.14,-52.43,251.38,327,NW,3.87
2024/10/30 11:27:34,21.31,3971,5657,81,-0.06,9.90,-0.15,0,450.20,-52.47,251.29,328,NW,3.87
2024/10/30 11:27:49,21.31,3972,5658,81,-0.06,9.91,-0.14,0,450.10,-52.67,251.32,327,NW,3.87
2024/10/30 11:28:04,21.31,3973,5659,81,-0.06,9.91,-0.14,0,450.18,-52.46,251.29,327,NW,3.87
2024/10/30 11:28:20,21.31,3974,5662,81,-0.05,9.92,-0.13,0,450.15,-52.55,251.43,326,NW,3.87
2024/10/30 11:28:35,21.29,3976,5665,81,-0.06,9.91,-0.14,0,450.29,-52.58,251.43,326,NW,3.87
2024/10/30 11:28:51,21.31,3980,5670,81,-0.04,9.90,-0.15,0,450.12,-52.74,251.30,333,NW,3.87
2024/10/30 11:29:06,21.29,3982,5674,82,-0.06,9.90,-0.14,0,450.33,-52.48,251.29,328,NW,3.87
2024/10/30 11:29:22,21.31,3983,5677,82,-0.06,9.91,-0.14,0,450.19,-52.83,251.32,326,NW,3.87
2024/10/30 11:29:37,21.31,3985,5679,82,-0.06,9.90,-0.15,0,450.27,-52.79,251.40,327,NW,3.87
2024/10/30 11:29:53,21.31,3987,5682,82,-0.06,9.91,-0.15,0,450.21,-52.82,251.30,328,NW,3.87
2024/10/30 11:30:08,21.30,3988,5684,82,-0.06,9.90,-0.15,0,450.11,-52.62,251.31,327,NW,3.87
2024/10/30 11:30:23,21.30,3990,5687,82,-0.05,9.91,-0.14,0,450.23,-52.57,251.31,329,NW,3.87
2024/10/30 11:30:39,21.27,4030,5605,72,-1.73,5.89,5.43,44,458.97,-36.56,224.25,308,NW,3.87
2024/10/30 11:30:54,21.30,4156,5884,82,1.21,-1.98,7.91,69,487.05,-46.76,202.39,44,NE,3.87
2024/10/30 11:31:10,21.27,4019,5737,83,-0.02,9.91,-0.28,1,449.17,-56.82,238.02,342,N,3.87
2024/10/30 11:31:25,21.30,4021,5741,83,-0.02,9.90,-0.29,1,449.11,-57.10,238.03,343,N,3.87
2024/10/30 11:31:41,21.30,4025,5745,83,-0.02,9.90,-0.28,1,449.31,-56.96,238.17,343,N,3.87
2024/10/30 11:31:56,21.29,4028,5750,83,-0.04,10.02,-0.26,1,449.32,-56.95,238.14,338,N,3.87
2024/10/30 11:32:12,21.27,4140,5912,86,-0.03,9.90,-0.29,1,449.30,-56.87,236.94,321,NW,3.86
2024/10/30 11:32:27,21.27,4137,5907,86,-0.03,9.91,-0.28,1,449.11,-56.61,236.53,342,N,3.87
2024/10/30 11:32:42,21.27,4137,5908,86,-0.03,9.91,-0.29,1,449.34,-56.61,236.43,342,N,3.87
2024/10/30 11:32:58,21.25,4138,5909,86,-0.03,9.90,-0.29,1,449.14,-56.68,236.43,342,N,3.87
2024/10/30 11:33:13,21.27,4139,5910,86,-0.03,9.90,-0.29,1,449.22,-56.55,236.34,341,N,3.87
2024/10/30 11:33:29,21.27,4140,5911,86,-0.03,9.91,-0.29,1,449.14,-56.68,236.27,342,N,3.87
2024/10/30 11:33:44,21.27,4141,5913,86,-0.02,9.90,-0.29,1,449.31,-56.44,236.40,343,N,3.87
2024/10/30 11:34:00,21.27,4141,5913,86,-0.04,9.91,-0.28,0,449.15,-56.53,236.46,339,N,3.87
2024/10/30 11:34:15,21.30,4142,5914,86,-0.03,9.90,-0.29,1,449.42,-56.55,236.36,342,N,3.87
2024/10/30 11:34:31,21.31,4143,5915,86,-0.03,9.90,-0.28,1,449.44,-56.76,236.41,341,N,3.87
2024/10/30 11:34:46,21.31,4143,5916,86,-0.02,9.90,-0.29,1,449.37,-56.74,236.29,343,N,3.87
2024/10/30 11:35:02,21.31,4144,5917,86,-0.02,9.90,-0.27,0,449.29,-56.68,236.24,342,N,3.86
2024/10/30 11:35:17,21.31,4145,5918,86,-0.01,9.90,-0.30,1,449.24,-56.60,236.25,344,N,3.86
2024/10/30 11:35:32,21.31,4145,5919,86,-0.03,9.90,-0.29,1,449.25,-56.45,236.34,343,N,3.87
2024/10/30 11:35:48,21.31,4147,5920,86,-0.02,9.91,-0.29,1,449.28,-56.67,236.41,344,N,3.87
2024/10/30 11:36:03,21.31,4148,5923,86,-0.03,9.90,-0.28,1,449.32,-56.71,236.21,341,N,3.87
2024/10/30 11:36:19,21.33,4149,5925,86,-0.02,9.90,-0.29,1,449.26,-56.50,236.47,343,N,3.87
2024/10/30 11:36:34,21.33,4150,5926,86,-0.02,9.91,-0.28,1,449.33,-56.22,236.31,343,N,3.87
2024/10/30 11:36:50,21.33,4151,5928,86,-0.03,9.90,-0.29,1,449.30,-56.44,236.35,342,N,3.87
2024/10/30 11:37:05,21.36,4151,5928,86,-0.02,9.91,-0.30,1,449.26,-56.37,236.34,343,N,3.87
2024/10/30 11:37:21,21.36,4152,5928,86,-0.03,9.91,-0.29,1,449.20,-56.51,236.22,342,N,3.87
2024/10/30 11:37:36,21.38,4152,5929,86,-0.03,9.91,-0.29,1,449.35,-56.61,236.26,342,N,3.86
2024/10/30 11:37:52,21.38,4151,5928,86,-0.03,9.91,-0.29,1,449.31,-56.54,236.36,343,N,3.86
2024/10/30 11:38:07,21.38,4152,5928,86,-0.02,9.90,-0.28,1,449.51,-56.38,236.26,343,N,3.87
2024/10/30 11:38:22,21.38,4152,5929,86,-0.03,9.90,-0.30,1,449.27,-56.65,236.26,342,N,3.87
2024/10/30 11:38:38,21.38,4151,5928,86,-0.02,9.90,-0.29,1,449.36,-56.61,236.32,343,N,3.87
2024/10/30 11:38:53,21.38,4151,5928,86,-0.03,9.90,-0.27,1,449.28,-56.40,236.30,342,N,3.87
2024/10/30 11:39:09,21.38,4150,5926,86,-0.02,9.91,-0.28,1,449.46,-56.59,236.29,343,N,3.86
2024/10/30 11:39:24,21.38,4149,5924,86,-0.03,9.91,-0.29,1,449.39,-56.57,236.26,342,N,3.86
2024/10/30 11:39:40,21.38,4147,5923,86,-0.03,9.89,-0.28,1,449.28,-56.49,236.13,342,N,3.86
2024/10/30 11:39:55,21.38,4146,5920,86,-0.02,9.90,-0.29,1,449.30,-56.37,236.24,343,N,3.86
2024/10/30 11:40:11,21.38,4145,5918,86,-0.03,9.89,-0.27,1,449.20,-56.96,236.34,341,N,3.87
2024/10/30 11:40:26,21.40,4143,5915,86,-0.02,9.90,-0.28,1,449.41,-56.56,236.27,343,N,3.87
2024/10/30 11:40:41,21.42,4141,5914,86,-0.02,9.91,-0.29,1,449.36,-56.63,236.37,343,N,3.86
2024/10/30 11:40:57,21.42,4139,5911,86,-0.02,9.90,-0.29,1,449.43,-56.54,236.25,343,N,3.86
2024/10/30 11:41:12,21.42,4138,5908,86,-0.02,9.91,-0.29,1,449.24,-56.26,236.34,343,N,3.87
2024/10/30 11:41:28,21.44,4136,5906,86,-0.02,9.90,-0.28,1,449.22,-56.55,236.27,343,N,3.87
2024/10/30 11:41:43,21.44,4132,5902,86,-0.02,9.90,-0.27,1,449.21,-56.54,236.23,342,N,3.87
2024/10/30 11:41:59,21.44,4131,5900,86,-0.02,9.90,-0.28,1,449.31,-56.41,236.30,344,N,3.87
2024/10/30 11:42:14,21.44,4130,5899,86,-0.02,9.91,-0.29,1,449.42,-56.82,236.46,344,N,3.87
2024/10/30 11:42:30,21.44,4128,5897,86,-0.03,9.90,-0.27,1,449.50,-56.67,236.18,341,N,3.87
2024/10/30 11:42:45,21.44,4127,5895,86,-0.02,9.91,-0.28,1,449.36,-56.21,236.26,343,N,3.86
2024/10/30 11:43:01,21.44,4126,5893,86,-0.02,9.90,-0.29,1,449.09,-56.15,236.33,343,N,3.87
2024/10/30 11:43:16,21.44,4125,5892,86,-0.03,9.91,-0.28,0,449.26,-56.65,236.22,342,N,3.86
2024/10/30 11:43:31,21.44,4124,5891,86,-0.02,9.90,-0.28,1,449.12,-56.52,236.15,325,NW,3.86
2024/10/30 11:43:47,21.44,4123,5889,86,-0.02,9.90,-0.29,1,449.26,-56.65,236.19,343,N,3.86
2024/10/30 11:44:02,21.44,4123,5888,86,-0.03,9.90,-0.28,1,449.37,-56.52,236.26,342,N,3.86
2024/10/30 11:44:18,21.44,4122,5887,86,-0.02,9.90,-0.28,1,449.43,-56.82,236.44,343,N,3.86
2024/10/30 11:44:33,21.44,4122,5886,85,-0.02,9.91,-0.29,1,449.28,-56.64,236.35,343,N,3.86
2024/10/30 11:44:49,21.46,4121,5885,85,-0.02,9.90,-0.28,1,449.26,-56.62,236.32,343,N,3.86
2024/10/30 11:45:04,21.46,4120,5884,86,-0.02,9.91,-0.28,1,449.41,-56.57,236.17,342,N,3.86
2024/10/30 11:45:20,21.46,4119,5884,86,-0.02,9.91,-0.28,1,449.46,-56.62,236.29,343,N,3.86
2024/10/30 11:45:35,21.46,4118,5883,85,-0.02,9.90,-0.29,1,449.22,-56.70,236.21,344,N,3.86
2024/10/30 11:45:50,21.46,4118,5882,85,-0.02,9.90,-0.28,1,449.26,-56.63,236.29,343,N,3.86
2024/10/30 11:46:06,21.46,4117,5881,85,-0.02,9.90,-0.29,1,449.27,-56.32,236.13,344,N,3.86
2024/10/30 11:46:21,21.50,4117,5880,85,-0.02,9.90,-0.29,1,449.56,-56.42,236.21,343,N,3.86
2024/10/30 11:46:37,21.50,4116,5879,85,-0.01,9.89,-0.29,1,449.31,-56.39,236.23,345,N,3.86
2024/10/30 11:46:52,21.50,4116,5878,85,-0.02,9.90,-0.29,1,449.55,-56.42,236.28,343,N,3.86
2024/10/30 11:47:08,21.50,4115,5877,85,-0.03,9.90,-0.29,1,449.41,-56.73,236.09,341,N,3.86
2024/10/30 11:47:23,21.50,4115,5876,85,-0.02,9.91,-0.28,1,449.30,-56.55,236.26,344,N,3.86
2024/10/30 11:47:39,21.50,4086,5603,66,-7.47,3.10,5.11,70,465.56,-10.45,219.03,333,NW,3.86
2024/10/30 11:47:54,21.50,4006,5726,83,-1.51,6.11,1.16,19,461.67,-35.64,217.84,286,W,3.86
2024/10/30 11:48:09,21.50,4022,5749,84,0.01,9.87,-0.28,1,447.55,-43.11,220.22,353,N,3.86
2024/10/30 11:48:25,21.50,4023,5750,84,0.00,9.88,-0.28,0,447.74,-43.07,220.13,351,N,3.86
2024/10/30 11:48:40,21.50,4023,5751,84,0.01,9.89,-0.27,1,447.67,-43.35,220.32,316,NW,3.86
2024/10/30 11:48:56,21.50,4024,5751,84,0.01,9.89,-0.28,1,447.82,-43.07,220.22,351,N,3.86
2024/10/30 11:49:11,21.50,4116,5882,86,0.02,9.88,-0.26,0,447.81,-45.92,221.91,299,NW,3.86
2024/10/30 11:49:27,21.50,4112,5876,86,0.00,9.89,-0.27,0,447.87,-47.17,223.20,349,N,3.86
2024/10/30 11:49:42,21.50,4110,5873,86,0.00,9.89,-0.26,1,448.00,-47.43,223.14,349,N,3.86
2024/10/30 11:49:58,21.50,4110,5874,86,0.00,9.89,-0.26,1,447.90,-47.33,223.10,349,N,3.86
2024/10/30 11:50:13,21.50,4109,5872,86,0.01,9.89,-0.28,1,447.79,-47.56,223.22,350,N,3.86
2024/10/30 11:50:28,21.46,4108,5871,86,0.01,9.89,-0.26,1,447.73,-47.19,223.13,350,N,3.86
2024/10/30 11:50:44,21.46,4108,5871,86,0.00,9.90,-0.26,1,447.86,-47.50,223.26,349,N,3.86
2024/10/30 11:50:59,21.46,4109,5872,86,0.00,9.89,-0.26,0,447.92,-46.92,223.23,349,N,3.86
2024/10/30 11:51:15,21.44,4109,5872,86,0.01,9.89,-0.27,1,447.90,-47.11,223.24,350,N,3.86
2024/10/30 11:51:30,21.44,4109,5871,86,0.00,9.90,-0.27,1,447.80,-47.10,223.26,331,NW,3.86
2024/10/30 11:51:46,21.44,4109,5871,86,0.01,9.89,-0.27,1,447.94,-47.18,223.19,351,N,3.86
2024/10/30 11:52:01,21.44,4109,5872,86,-0.00,9.89,-0.26,1,447.74,-47.46,223.32,348,N,3.86
2024/10/30 11:52:17,21.44,4109,5872,86,0.01,9.89,-0.26,1,447.81,-47.34,223.17,351,N,3.86
2024/10/30 11:52:32,21.40,4110,5873,86,0.01,9.89,-0.27,1,447.83,-47.33,223.16,350,N,3.86
2024/10/30 11:52:48,21.40,4110,5874,86,0.01,9.89,-0.26,1,447.66,-47.35,223.33,350,N,3.86
2024/10/30 11:53:03,21.42,4111,5874,86,0.01,9.89,-0.27,1,447.95,-47.09,223.15,350,N,3.86
2024/10/30 11:53:18,21.40,4111,5875,86,-0.00,9.90,-0.26,1,447.99,-47.37,223.15,348,N,3.86
2024/10/30 11:53:34,21.40,4112,5876,86,-0.00,9.89,-0.26,1,448.17,-47.27,223.13,348,N,3.86
2024/10/30 11:53:49,21.40,4112,5877,86,0.00,9.90,-0.26,1,447.85,-47.46,223.15,349,N,3.86
2024/10/30 11:54:05,21.40,4113,5877,86,0.01,9.89,-0.27,1,447.84,-47.43,223.19,350,N,3.86
2024/10/30 11:54:20,21.40,4114,5878,86,0.00,9.89,-0.26,1,448.00,-47.32,223.26,349,N,3.86
2024/10/30 11:54:36,21.40,4114,5879,86,0.00,9.89,-0.25,0,447.83,-47.17,223.25,331,NW,3.86
2024/10/30 11:54:51,21.40,4115,5879,86,0.01,9.89,-0.26,1,447.90,-47.27,223.24,350,N,3.86
2024/10/30 11:55:07,21.40,4115,5880,86,0.01,9.89,-0.27,1,447.73,-47.53,223.16,332,NW,3.86
2024/10/30 11:55:22,21.38,4116,5881,86,0.00,9.89,-0.28,1,447.97,-47.63,223.12,349,N,3.86
2024/10/30 11:55:38,21.40,4117,5882,86,0.01,9.89,-0.27,1,447.74,-47.24,223.25,350,N,3.86
2024/10/30 11:55:53,21.38,4118,5883,86,0.00,9.90,-0.27,1,447.93,-46.98,223.21,349,N,3.86
2024/10/30 11:56:08,21.40,4118,5884,86,0.00,9.90,-0.26,1,447.88,-47.38,223.09,349,N,3.86
2024/10/30 11:56:24,21.40,4119,5885,86,0.01,9.90,-0.26,0,447.74,-47.08,223.12,333,NW,3.86
2024/10/30 11:56:39,21.40,4120,5887,86,0.00,9.89,-0.27,1,447.71,-47.10,223.13,349,N,3.86
2024/10/30 11:56:55,21.40,4121,5889,86,0.00,9.89,-0.27,1,447.96,-47.28,223.17,349,N,3.86
2024/10/30 11:57:10,21.38,4122,5889,86,0.00,9.90,-0.26,1,447.89,-47.37,223.22,349,N,3.86
2024/10/30 11:57:26,21.40,4123,5891,86,0.01,9.89,-0.27,1,447.98,-47.27,223.11,333,NW,3.86
2024/10/30 11:57:41,21.38,4123,5891,86,0.00,9.89,-0.27,1,447.80,-47.27,223.16,349,N,3.86
2024/10/30 11:57:57,21.40,4124,5892,86,0.00,9.88,-0.27,1,447.89,-47.19,223.17,350,N,3.86
2024/10/30 11:58:12,21.40,4125,5893,86,0.01,9.88,-0.26,1,447.78,-47.16,223.20,333,NW,3.86
2024/10/30 11:58:27,21.40,4126,5895,86,0.01,9.90,-0.27,1,447.96,-47.28,223.16,350,N,3.86
2024/10/30 11:58:43,21.42,4126,5895,86,0.00,9.89,-0.26,1,447.83,-46.99,223.14,350,N,3.86
2024/10/30 11:58:58,21.40,4127,5896,86,0.00,9.89,-0.27,1,447.94,-47.43,223.17,349,N,3.86
2024/10/30 11:59:14,21.40,4127,5897,86,0.00,9.89,-0.26,1,447.84,-47.20,223.17,349,N,3.86
2024/10/30 11:59:29,21.41,4127,5897,86,-0.00,9.89,-0.26,1,448.16,-47.42,223.07,349,N,3.86
2024/10/30 11:59:45,21.44,4128,5899,86,0.00,9.88,-0.25,1,447.82,-47.45,222.99,349,N,3.86
2024/10/30 12:00:00,21.44,4129,5901,86,0.00,9.90,-0.27,1,447.78,-47.27,223.20,349,N,3.86
2024/10/30 12:00:16,21.42,4130,5901,86,0.00,9.90,-0.26,1,448.03,-47.35,223.13,349,N,3.86
2024/10/30 12:00:31,21.44,4129,5900,86,0.01,9.89,-0.26,1,447.90,-47.43,223.16,351,N,3.86
2024/10/30 12:00:47,21.44,4129,5901,86,-0.00,9.89,-0.27,1,447.79,-47.50,223.19,348,N,3.86
2024/10/30 12:01:02,21.44,4129,5901,86,0.00,9.89,-0.27,1,447.80,-47.29,223.28,349,N,3.86
2024/10/30 12:01:17,21.44,4130,5901,86,0.01,9.89,-0.27,1,447.90,-47.02,223.10,350,N,3.86
2024/10/30 12:01:33,21.44,4129,5901,86,0.01,9.89,-0.25,0,447.99,-47.00,223.27,315,NW,3.86
2024/10/30 12:01:48,21.44,4130,5901,86,0.01,9.89,-0.26,1,448.20,-47.76,223.20,332,NW,3.86
2024/10/30 12:02:04,21.44,4130,5901,86,0.00,9.90,-0.27,1,447.95,-47.43,223.16,350,N,3.86
2024/10/30 12:02:19,21.44,4130,5901,86,0.00,9.89,-0.25,1,447.90,-47.65,223.18,349,N,3.86
2024/10/30 12:02:35,21.44,4129,5900,86,0.00,9.89,-0.27,1,447.94,-47.62,223.19,349,N,3.86
2024/10/30 12:02:50,21.44,4129,5900,86,0.00,9.90,-0.26,1,447.98,-47.17,223.08,349,N,3.86
2024/10/30 12:03:06,21.44,4129,5899,86,0.01,9.90,-0.27,1,448.07,-47.28,223.22,333,NW,3.86
2024/10/30 12:03:21,21.44,4128,5899,86,0.00,9.89,-0.26,1,447.95,-47.28,223.08,349,N,3.86
2024/10/30 12:03:36,21.44,4128,5898,86,0.01,9.90,-0.26,0,448.18,-47.33,223.13,351,N,3.86
2024/10/30 12:03:52,21.44,4127,5897,86,0.00,9.89,-0.25,1,447.95,-47.56,223.18,349,N,3.86
2024/10/30 12:04:07,21.44,4126,5895,86,-0.00,9.89,-0.27,1,447.92,-47.30,223.20,348,N,3.86
2024/10/30 12:04:23,21.44,4126,5895,86,0.01,9.88,-0.26,1,448.03,-47.19,223.21,350,N,3.86
2024/10/30 12:04:38,21.44,4125,5894,86,0.01,9.89,-0.26,1,447.97,-47.27,223.09,350,N,3.86
2024/10/30 12:04:54,21.44,4125,5893,86,0.01,9.90,-0.27,1,447.87,-47.54,223.07,351,N,3.86
2024/10/30 12:05:09,21.44,4124,5892,86,-0.00,9.89,-0.26,1,447.92,-47.32,223.09,348,N,3.86
2024/10/30 12:05:25,21.46,4123,5891,86,0.01,9.89,-0.26,1,447.99,-47.44,223.08,350,N,3.86
2024/10/30 12:05:40,21.44,4123,5890,86,0.00,9.88,-0.27,1,447.73,-47.48,223.18,349,N,3.86
2024/10/30 12:05:55,21.44,4122,5889,86,0.01,9.89,-0.27,1,448.04,-47.01,223.10,350,N,3.86
2024/10/30 12:06:11,21.46,4122,5888,86,0.00,9.89,-0.26,1,447.96,-47.33,223.14,349,N,3.86
2024/10/30 12:06:26,21.46,4122,5887,86,0.01,9.88,-0.27,1,447.89,-47.06,223.26,351,N,3.86
2024/10/30 12:06:42,21.48,4121,5886,86,0.01,9.88,-0.26,0,447.89,-47.44,223.07,332,NW,3.86
2024/10/30 12:06:57,21.46,4120,5885,86,0.00,9.89,-0.26,1,448.00,-47.19,223.12,349,N,3.86
2024/10/30 12:07:13,21.46,4120,5884,86,0.00,9.89,-0.27,1,448.00,-47.22,223.03,349,N,3.86
2024/10/30 12:07:28,21.48,4119,5884,86,0.01,9.89,-0.26,1,447.77,-47.23,223.09,332,NW,3.86
2024/10/30 12:07:44,21.48,4119,5883,86,0.01,9.90,-0.27,1,447.99,-47.32,223.21,351,N,3.86
2024/10/30 12:07:59,21.48,3571,5019,67,-3.95,6.73,1.42,33,458.65,-28.43,218.74,299,NW,3.86
2024/10/30 12:08:14,21.50,4272,6036,83,-5.05,2.15,2.00,43,475.27,-16.20,216.66,302,NW,3.86
2024/10/30 12:08:30,21.48,4090,5842,85,0.64,7.96,-1.18,12,458.29,-47.36,227.83,261,W,3.86
2024/10/30 12:08:45,21.50,4253,6236,102,-10.02,0.16,-0.68,88,477.29,9.65,247.60,333,NW,3.86
2024/10/30 12:09:01,21.50,4255,6239,102,-10.02,0.16,-0.67,88,477.28,9.35,247.56,333,NW,3.86
2024/10/30 12:09:16,21.50,4256,6240,102,-10.02,0.17,-0.67,88,477.12,9.20,247.54,333,NW,3.86
2024/10/30 12:09:32,21.50,4257,6241,102,-10.02,0.16,-0.67,88,477.37,9.42,247.52,333,NW,3.86
2024/10/30 12:09:47,21.50,4259,6243,102,-10.01,0.17,-0.68,88,477.04,9.26,247.58,333,NW,3.86
2024/10/30 12:10:03,21.50,4260,6246,102,-10.02,0.16,-0.68,88,477.24,9.67,247.59,333,NW,3.86
2024/10/30 12:10:18,21.50,4261,6247,102,-10.02,0.16,-0.68,88,477.11,9.46,247.42,333,NW,3.86
2024/10/30 12:10:34,21.50,4262,6247,102,-10.01,0.16,-0.67,88,477.25,9.31,247.49,333,NW,3.86
2024/10/30 12:10:49,21.50,4242,6206,101,-10.02,0.16,-0.68,88,477.19,9.70,247.60,333,NW,3.86
2024/10/30 12:11:05,21.50,4265,6254,102,-10.02,0.15,-0.68,88,477.21,9.44,247.45,333,NW,3.86
2024/10/30 12:11:20,21.50,4266,6256,102,-10.02,0.16,-0.68,88,477.10,9.68,247.49,333,NW,3.86
2024/10/30 12:11:35,21.50,4267,6257,102,-10.01,0.16,-0.68,88,477.24,9.44,247.46,333,NW,3.86
2024/10/30 12:11:51,21.50,4268,6259,103,-10.02,0.16,-0.69,88,477.20,9.66,247.46,333,NW,3.86
2024/10/30 12:12:06,21.50,4268,6260,103,-10.01,0.16,-0.68,88,477.22,9.57,247.50,333,NW,3.86
2024/10/30 12:12:22,21.50,4268,6259,103,-10.01,0.16,-0.68,88,477.17,9.23,247.41,333,NW,3.86
2024/10/30 12:12:37,21.50,4269,6261,103,-10.02,0.15,-0.68,88,477.14,9.37,247.50,333,NW,3.86
2024/10/30 12:12:53,21.50,4270,6263,103,-10.02,0.16,-0.68,88,477.13,9.51,247.53,333,NW,3.86
2024/10/30 12:13:08,21.50,4271,6264,103,-10.01,0.16,-0.68,88,477.17,9.34,247.46,333,NW,3.86
2024/10/30 12:13:24,21.50,4272,6266,103,-10.02,0.16,-0.65,88,477.45,9.36,247.46,333,NW,3.86
2024/10/30 12:13:39,21.50,4273,6268,103,-10.02,0.16,-0.67,88,477.19,9.25,247.39,333,NW,3.86
2024/10/30 12:13:55,21.50,4274,6268,103,-10.02,0.16,-0.68,88,477.29,9.30,247.43,333,NW,3.86
2024/10/30 12:14:10,21.50,4275,6269,103,-10.02,0.16,-0.69,88,477.24,9.28,247.39,333,NW,3.86
2024/10/30 12:14:26,21.50,4276,6272,103,-10.01,0.17,-0.67,88,477.35,9.50,247.60,333,NW,3.86
2024/10/30 12:14:41,21.50,4277,6274,103,-10.02,0.16,-0.69,88,477.20,9.34,247.52,333,NW,3.86
2024/10/30 12:14:56,21.50,4278,6275,103,-10.02,0.16,-0.67,88,477.27,9.62,247.44,333,NW,3.86
2024/10/30 12:15:12,21.50,4278,6275,103,-10.03,0.17,-0.67,88,477.18,9.19,247.44,333,NW,3.86
2024/10/30 12:15:27,21.50,4281,6279,103,-10.01,0.16,-0.67,88,477.29,9.29,247.55,333,NW,3.86
2024/10/30 12:15:43,21.50,4282,6281,103,-10.02,0.16,-0.68,88,477.27,9.22,247.44,333,NW,3.86
2024/10/30 12:15:58,21.50,4284,6284,103,-10.02,0.16,-0.67,88,477.22,9.27,247.41,333,NW,3.86
2024/10/30 12:16:14,21.50,4286,6286,103,-10.02,0.16,-0.68,88,477.19,9.54,247.43,333,NW,3.86
2024/10/30 12:16:29,21.50,4286,6288,103,-10.01,0.16,-0.67,88,477.16,9.34,247.44,333,NW,3.86
2024/10/30 12:16:45,21.50,4288,6289,103,-10.02,0.16,-0.68,88,477.13,9.63,247.57,333,NW,3.86
2024/10/30 12:17:00,21.50,4288,6290,103,-10.01,0.16,-0.66,88,477.42,9.19,247.48,333,NW,3.86
2024/10/30 12:17:16,21.50,4287,6289,103,-10.02,0.16,-0.68,88,477.17,9.33,247.48,333,NW,3.86
2024/10/30 12:17:31,21.50,4286,6288,103,-10.02,0.16,-0.66,88,477.34,9.53,247.58,333,NW,3.86
2024/10/30 12:17:46,21.50,4284,6285,103,-10.02,0.16,-0.67,88,477.36,9.29,247.44,333,NW,3.86
2024/10/30 12:18:02,21.50,4280,6280,103,-10.02,0.17,-0.67,88,477.32,9.52,247.59,333,NW,3.86
2024/10/30 12:18:17,21.50,4277,6274,103,-10.02,0.16,-0.68,88,477.39,9.26,247.50,333,NW,3.86
2024/10/30 12:18:33,21.50,4272,6268,103,-10.02,0.16,-0.67,88,477.41,9.38,247.56,333,NW,3.86
2024/10/30 12:18:48,21.50,4268,6262,103,-10.01,0.16,-0.68,88,477.22,9.38,247.43,333,NW,3.86
2024/10/30 12:19:04,21.50,4264,6257,103,-10.00,0.16,-0.67,88,477.37,9.43,247.41,333,NW,3.86
2024/10/30 12:19:19,21.50,4260,6251,103,-10.02,0.16,-0.67,88,477.30,9.32,247.45,333,NW,3.86
2024/10/30 12:19:35,21.50,4256,6244,102,-10.03,0.15,-0.68,88,477.32,9.32,247.54,333,NW,3.86
2024/10/30 12:19:50,21.50,4251,6236,102,-10.02,0.16,-0.66,88,477.24,9.40,247.45,333,NW,3.86
2024/10/30 12:20:06,21.50,4246,6229,102,-10.02,0.17,-0.67,88,477.24,9.27,247.37,333,NW,3.86
2024/10/30 12:20:21,21.50,4240,6220,102,-10.02,0.16,-0.67,88,477.18,9.25,247.35,333,NW,3.86
2024/10/30 12:20:37,21.50,4235,6212,102,-10.01,0.17,-0.67,88,477.23,9.71,247.40,333,NW,3.86
2024/10/30 12:20:52,21.50,4231,6205,102,-10.01,0.17,-0.67,88,477.37,9.32,247.47,333,NW,3.86
2024/10/30 12:21:07,21.50,4228,6202,102,-10.01,0.17,-0.68,88,477.03,9.62,247.40,333,NW,3.86
2024/10/30 12:21:23,21.50,4225,6197,102,-10.02,0.17,-0.67,88,477.46,9.49,247.37,333,NW,3.86
2024/10/30 12:21:38,21.50,4223,6194,102,-10.01,0.17,-0.67,88,477.29,9.23,247.45,333,NW,3.86
2024/10/30 12:21:54,21.50,4226,6199,102,-10.02,0.17,-0.67,88,477.27,9.63,247.52,333,NW,3.86
2024/10/30 12:22:09,21.50,4228,6201,102,-10.02,0.16,-0.68,88,477.35,9.30,247.47,333,NW,3.86
2024/10/30 12:22:25,21.50,4228,6200,102,-10.02,0.16,-0.68,88,477.47,9.45,247.50,333,NW,3.86
2024/10/30 12:22:40,21.50,4228,6200,102,-10.01,0.16,-0.67,88,477.12,9.79,247.49,333,NW,3.86
2024/10/30 12:22:56,21.50,4228,6201,102,-10.01,0.17,-0.66,88,477.43,9.69,247.51,333,NW,3.86
2024/10/30 12:23:11,21.50,4228,6200,102,-10.02,0.16,-0.67,88,477.32,9.57,247.50,333,NW,3.86
2024/10/30 12:23:27,21.50,4228,6199,101,-10.01,0.16,-0.68,88,477.65,9.49,247.36,333,NW,3.86
2024/10/30 12:23:42,21.50,4227,6199,102,-10.01,0.16,-0.67,88,477.21,9.53,247.39,333,NW,3.86
2024/10/30 12:23:57,21.50,4227,6198,101,-10.01,0.17,-0.67,88,477.29,9.31,247.47,333,NW,3.86
2024/10/30 12:24:13,21.50,4227,6199,101,-10.02,0.16,-0.68,88,477.09,9.50,247.34,333,NW,3.86
2024/10/30 12:24:28,21.50,4227,6198,101,-10.02,0.16,-0.67,88,477.21,9.43,247.30,333,NW,3.86
2024/10/30 12:24:44,21.52,4227,6198,102,-10.02,0.16,-0.68,88,477.07,9.26,247.32,333,NW,3.86
2024/10/30 12:24:59,21.50,4226,6197,101,-10.01,0.16,-0.68,88,477.16,9.72,247.36,333,NW,3.86
2024/10/30 12:25:15,21.52,4226,6198,102,-10.02,0.17,-0.67,88,477.50,9.54,247.37,333,NW,3.86
2024/10/30 12:25:30,21.52,4227,6198,101,-10.01,0.16,-0.68,88,477.68,9.34,247.37,333,NW,3.86
2024/10/30 12:25:46,21.50,4226,6197,102,-10.02,0.16,-0.67,88,477.30,9.48,247.35,333,NW,3.86
2024/10/30 12:26:01,21.50,4226,6198,101,-10.01,0.16,-0.68,88,477.52,9.50,247.37,333,NW,3.86
2024/10/30 12:26:17,21.52,4226,6197,101,-10.01,0.16,-0.67,88,477.19,9.60,247.38,333,NW,3.86
2024/10/30 12:26:32,21.52,4226,6196,101,-10.02,0.16,-0.67,88,477.13,9.45,247.36,333,NW,3.86
2024/10/30 12:26:47,21.52,4226,6197,101,-10.00,0.16,-0.68,88,477.44,9.38,247.24,333,NW,3.86
2024/10/30 12:27:03,21.52,4225,6196,101,-10.02,0.16,-0.67,88,477.13,9.36,247.33,333,NW,3.86
2024/10/30 12:27:18,21.52,4225,6196,102,-10.00,0.16,-0.69,88,477.03,9.45,247.37,333,NW,3.86
2024/10/30 12:27:34,21.56,4226,6196,101,-10.02,0.17,-0.68,88,477.40,9.48,247.34,333,NW,3.86
2024/10/30 12:27:49,21.52,4226,6196,101,-10.01,0.16,-0.68,88,477.31,9.14,247.31,333,NW,3.86
2024/10/30 12:28:05,21.55,4226,6196,101,-10.02,0.16,-0.67,88,477.35,9.44,247.34,333,NW,3.86
2024/10/30 12:28:20,21.52,4226,6196,101,-10.01,0.16,-0.67,88,477.38,9.55,247.36,333,NW,3.86
2024/10/30 12:28:36,21.52,4226,6196,101,-10.01,0.17,-0.67,88,477.39,9.45,247.46,333,NW,3.86
2024/10/30 12:28:51,21.55,4226,6196,101,-10.02,0.16,-0.68,88,477.21,9.62,247.37,333,NW,3.86
2024/10/30 12:29:07,21.56,4226,6196,101,-10.02,0.16,-0.67,88,477.27,9.57,247.42,333,NW,3.86
2024/10/30 12:29:22,21.56,4226,6196,101,-10.01,0.16,-0.67,88,477.17,9.57,247.39,333,NW,3.86
2024/10/30 12:29:38,21.56,4226,6197,101,-10.01,0.17,-0.66,88,477.39,9.73,247.42,333,NW,3.86
2024/10/30 12:29:53,21.56,4226,6197,101,-10.02,0.17,-0.66,88,477.43,9.78,247.44,333,NW,3.86
2024/10/30 12:30:09,21.56,4226,6197,101,-10.01,0.16,-0.67,88,477.48,9.52,247.35,333,NW,3.86
2024/10/30 12:30:24,21.56,4226,6197,101,-10.01,0.16,-0.68,88,477.37,9.63,247.45,333,NW,3.86
2024/10/30 12:30:39,21.56,4226,6197,101,-10.01,0.17,-0.68,88,477.51,9.77,247.48,333,NW,3.86
2024/10/30 12:30:55,21.56,4226,6196,101,-10.01,0.16,-0.68,88,477.24,9.23,247.50,333,NW,3.86
2024/10/30 12:31:10,21.56,4226,6197,101,-10.01,0.16,-0.67,88,477.33,9.39,247.37,333,NW,3.86
2024/10/30 12:31:26,21.56,4226,6197,101,-10.01,0.16,-0.68,88,477.25,9.62,247.51,333,NW,3.86
2024/10/30 12:31:41,21.56,4226,6196,101,-10.01,0.16,-0.68,88,477.26,9.44,247.42,333,NW,3.86
2024/10/30 12:31:57,21.56,4226,6195,101,-10.00,0.16,-0.67,88,477.28,9.62,247.31,333,NW,3.86
2024/10/30 12:32:12,21.56,4226,6195,101,-10.01,0.17,-0.67,88,477.37,9.32,247.41,333,NW,3.86
2024/10/30 12:32:28,21.56,4226,6195,101,-10.01,0.16,-0.67,88,477.16,9.68,247.44,333,NW,3.86
2024/10/30 12:32:43,21.56,4226,6194,101,-10.01,0.16,-0.67,88,477.12,9.63,247.32,333,NW,3.86
2024/10/30 12:32:59,21.56,4225,6194,101,-10.01,0.16,-0.67,88,477.45,9.51,247.41,333,NW,3.86
2024/10/30 12:33:14,21.56,4226,6194,101,-10.01,0.16,-0.68,88,477.23,9.25,247.42,333,NW,3.86
2024/10/30 12:33:30,21.56,4225,6194,101,-10.01,0.16,-0.68,88,477.05,9.47,247.34,333,NW,3.86
2024/10/30 12:33:45,21.56,4225,6193,101,-10.00,0.16,-0.68,88,477.45,9.37,247.43,333,NW,3.86
2024/10/30 12:34:00,21.56,4225,6193,101,-10.02,0.16,-0.68,88,477.38,9.61,247.22,333,NW,3.86
2024/10/30 12:34:16,21.56,4225,6193,101,-10.01,0.16,-0.66,88,477.28,9.61,247.51,333,NW,3.86
2024/10/30 12:34:31,21.56,4224,6192,101,-10.01,0.16,-0.66,88,477.37,9.43,247.40,333,NW,3.86
2024/10/30 12:34:47,21.56,4224,6191,101,-10.02,0.16,-0.68,88,477.29,9.33,247.35,333,NW,3.86
2024/10/30 12:35:02,21.56,4224,6192,101,-10.01,0.17,-0.68,88,477.16,9.67,247.39,333,NW,3.86
2024/10/30 12:35:18,21.56,4224,6191,101,-10.01,0.17,-0.66,88,477.20,9.64,247.32,333,NW,3.86
2024/10/30 12:35:33,21.56,4224,6190,101,-10.01,0.16,-0.67,88,477.13,9.41,247.38,333,NW,3.86
2024/10/30 12:35:49,21.58,4224,6191,101,-10.01,0.15,-0.67,88,477.22,9.41,247.45,333,NW,3.86
2024/10/30 12:36:04,21.58,4224,6190,101,-10.02,0.16,-0.66,88,477.30,9.85,247.38,333,NW,3.86
2024/10/30 12:36:20,21.58,4223,6189,101,-10.02,0.17,-0.68,88,477.20,9.46,247.28,333,NW,3.86
2024/10/30 12:36:35,21.58,4223,6189,101,-10.02,0.16,-0.66,88,477.14,9.29,247.24,333,NW,3.86
2024/10/30 12:36:51,21.58,4223,6190,101,-10.01,0.15,-0.67,88,477.18,9.25,247.41,333,NW,3.86
2024/10/30 12:37:06,21.59,4223,6190,101,-10.01,0.15,-0.68,88,477.35,9.73,247.42,333,NW,3.86
2024/10/30 12:37:21,21.58,4223,6189,101,-10.00,0.17,-0.66,88,477.12,9.50,247.41,333,NW,3.86
2024/10/30 12:37:37,21.56,4223,6189,101,-10.01,0.17,-0.66,88,477.34,9.74,247.40,333,NW,3.86
2024/10/30 12:37:52,21.58,4223,6189,101,-10.02,0.16,-0.68,88,477.37,9.66,247.44,333,NW,3.86
2024/10/30 12:38:08,21.58,4223,6190,101,-10.01,0.17,-0.67,88,477.15,9.58,247.31,333,NW,3.86
2024/10/30 12:38:23,21.58,4223,6190,101,-10.01,0.16,-0.67,88,477.30,9.56,247.35,333,NW,3.86
2024/10/30 12:38:39,21.62,4223,6189,101,-10.01,0.16,-0.68,88,477.31,9.65,247.40,333,NW,3.86
2024/10/30 12:38:54,21.62,4223,6190,101,-10.01,0.15,-0.67,88,477.30,9.44,247.32,333,NW,3.86
2024/10/30 12:39:10,21.62,4223,6189,101,-10.01,0.17,-0.68,88,477.45,9.40,247.25,333,NW,3.86
2024/10/30 12:39:25,21.62,4223,6189,101,-10.01,0.16,-0.67,88,477.26,9.70,247.35,333,NW,3.86
2024/10/30 12:39:41,21.62,4223,6190,101,-10.01,0.16,-0.67,88,477.30,9.95,247.42,333,NW,3.86
2024/10/30 12:39:56,21.62,4223,6190,101,-10.01,0.16,-0.68,88,477.10,9.73,247.50,333,NW,3.86
2024/10/30 12:40:12,21.62,4223,6191,101,-10.01,0.17,-0.67,88,477.29,9.18,247.32,333,NW,3.86
2024/10/30 12:40:27,21.62,4223,6191,101,-10.01,0.17,-0.66,88,477.31,9.63,247.32,333,NW,3.86
2024/10/30 12:40:43,21.62,4224,6192,101,-10.00,0.16,-0.68,88,477.17,9.45,247.47,333,NW,3.86
2024/10/30 12:40:58,21.62,4225,6192,101,-10.01,0.17,-0.67,88,477.33,9.65,247.40,333,NW,3.86
2024/10/30 12:41:13,21.62,4225,6193,101,-10.01,0.16,-0.67,88,477.34,9.35,247.24,333,NW,3.86
2024/10/30 12:41:29,21.62,4225,6193,101,-10.00,0.16,-0.67,88,477.09,9.63,247.35,333,NW,3.86
2024/10/30 12:41:44,21.62,4225,6194,101,-10.00,0.15,-0.67,88,477.32,9.35,247.41,333,NW,3.86
2024/10/30 12:42:00,21.62,4226,6195,101,-10.00,0.17,-0.67,88,477.39,9.22,247.24,333,NW,3.86
2024/10/30 12:42:15,21.62,4226,6196,101,-10.00,0.17,-0.66,88,477.31,9.56,247.37,333,NW,3.86
2024/10/30 12:42:31,21.62,4227,6197,101,-10.01,0.16,-0.67,88,477.42,9.54,247.34,333,NW,3.86
2024/10/30 12:42:46,21.62,4227,6197,101,-10.00,0.17,-0.68,88,477.14,9.65,247.34,333,NW,3.86
2024/10/30 12:43:02,21.62,4227,6198,101,-10.00,0.16,-0.67,88,477.30,9.50,247.53,333,NW,3.86
2024/10/30 12:43:17,21.62,4228,6200,102,-10.00,0.16,-0.67,88,477.17,9.58,247.51,333,NW,3.86
2024/10/30 12:43:33,21.62,4228,6200,102,-10.00,0.17,-0.67,88,477.20,9.18,247.38,333,NW,3.86
2024/10/30 12:43:48,21.62,4228,6201,102,-10.01,0.16,-0.67,88,477.14,9.33,247.40,333,NW,3.86
2024/10/30 12:44:03,21.62,4229,6202,102,-10.00,0.16,-0.66,88,477.25,9.25,247.32,333,NW,3.86
2024/10/30 12:44:19,21.65,4229,6203,102,-10.01,0.16,-0.67,88,477.09,9.22,247.32,333,NW,3.86
2024/10/30 12:44:34,21.65,4230,6203,102,-10.00,0.17,-0.67,88,477.26,9.36,247.37,333,NW,3.86
2024/10/30 12:44:50,21.62,4230,6204,102,-10.00,0.17,-0.68,88,477.19,9.54,247.38,333,NW,3.86
2024/10/30 12:45:05,21.62,4231,6205,102,-10.00,0.17,-0.67,88,477.14,9.38,247.45,333,NW,3.86
2024/10/30 12:45:21,21.65,4232,6206,102,-9.99,0.16,-0.67,88,477.39,9.56,247.48,333,NW,3.86
2024/10/30 12:45:36,21.65,4232,6207,102,-10.01,0.16,-0.66,88,477.11,9.12,247.41,333,NW,3.86
2024/10/30 12:45:52,21.65,4233,6208,102,-10.00,0.17,-0.67,88,477.23,9.64,247.39,333,NW,3.86
2024/10/30 12:46:07,21.65,4233,6209,102,-10.00,0.16,-0.66,88,477.17,9.09,247.21,333,NW,3.86
2024/10/30 12:46:23,21.67,4234,6211,102,-10.01,0.17,-0.67,88,477.30,9.52,247.13,333,NW,3.86
2024/10/30 12:46:38,21.65,4234,6212,102,-10.00,0.17,-0.67,88,477.19,9.50,247.39,333,NW,3.86
2024/10/30 12:46:54,21.65,4235,6213,102,-10.01,0.17,-0.67,88,477.23,9.50,247.33,333,NW,3.86
2024/10/30 12:47:09,21.65,4236,6215,102,-10.01,0.16,-0.67,88,477.35,9.14,247.30,333,NW,3.86
2024/10/30 12:47:24,21.67,4236,6215,102,-10.01,0.17,-0.67,88,477.21,9.48,247.37,333,NW,3.86
2024/10/30 12:47:40,21.67,4237,6217,102,-10.01,0.16,-0.68,88,477.26,9.60,247.24,333,NW,3.86
2024/10/30 12:47:55,21.67,4238,6218,102,-10.00,0.17,-0.67,88,477.26,9.09,247.31,333,NW,3.86
2024/10/30 12:48:11,21.69,4238,6219,102,-10.00,0.16,-0.66,88,477.49,9.42,247.35,333,NW,3.86
2024/10/30 12:48:26,21.69,4239,6220,102,-10.00,0.16,-0.67,88,477.19,9.46,247.28,333,NW,3.86
2024/10/30 12:48:42,21.69,4240,6222,102,-10.01,0.16,-0.67,88,477.36,9.56,247.27,333,NW,3.86
2024/10/30 12:48:57,21.69,4241,6224,102,-10.01,0.16,-0.67,88,477.36,9.11,247.35,333,NW,3.86
2024/10/30 12:49:13,21.69,4241,6225,102,-10.00,0.16,-0.67,88,477.36,9.42,247.36,333,NW,3.86
2024/10/30 12:49:28,21.69,4242,6227,102,-10.00,0.17,-0.68,88,477.46,9.40,247.29,333,NW,3.86
2024/10/30 12:49:44,21.69,4242,6228,102,-10.00,0.15,-0.67,88,477.26,9.10,247.46,333,NW,3.86
2024/10/30 12:49:59,21.69,4242,6228,103,-10.00,0.17,-0.67,88,477.35,9.29,247.28,333,NW,3.86
2024/10/30 12:50:15,21.69,4243,6230,103,-10.00,0.17,-0.67,88,477.03,9.52,247.38,333,NW,3.86
2024/10/30 12:50:30,21.69,4244,6231,103,-10.01,0.16,-0.66,88,477.28,9.66,247.39,333,NW,3.86
2024/10/30 12:50:45,21.69,4244,6232,103,-10.00,0.17,-0.66,88,477.23,9.12,247.43,333,NW,3.86
2024/10/30 12:51:01,21.69,4245,6232,103,-10.01,0.16,-0.68,88,477.25,9.24,247.42,333,NW,3.86
2024/10/30 12:51:16,21.69,4245,6234,103,-10.00,0.17,-0.68,88,477.45,9.27,247.33,333,NW,3.86
2024/10/30 12:51:32,21.69,4246,6235,103,-10.00,0.17,-0.67,88,477.19,9.24,247.45,333,NW,3.86
2024/10/30 12:51:47,21.69,4246,6236,103,-10.01,0.17,-0.67,88,476.99,9.06,247.42,333,NW,3.86
2024/10/30 12:52:03,21.69,4247,6237,103,-10.01,0.16,-0.67,88,477.18,9.50,247.49,333,NW,3.86
2024/10/30 12:52:18,21.69,4247,6237,103,-10.01,0.17,-0.68,88,477.41,9.36,247.49,333,NW,3.86
2024/10/30 12:52:34,21.69,4248,6239,103,-10.00,0.16,-0.67,88,477.39,9.38,247.39,333,NW,3.86
2024/10/30 12:52:49,21.69,4249,6240,103,-10.00,0.16,-0.67,88,477.35,9.56,247.48,333,NW,3.86
2024/10/30 12:53:05,21.71,4249,6241,103,-10.00,0.16,-0.67,88,477.41,9.35,247.45,333,NW,3.86
2024/10/30 12:53:20,21.69,4249,6242,103,-9.99,0.17,-0.66,88,477.31,9.23,247.42,333,NW,3.86
2024/10/30 12:53:36,21.69,4250,6244,103,-10.01,0.17,-0.67,88,477.32,9.38,247.48,333,NW,3.86
2024/10/30 12:53:51,21.69,4250,6245,103,-10.00,0.16,-0.68,88,477.34,8.95,247.33,333,NW,3.86
2024/10/30 12:54:06,21.69,4251,6247,103,-10.00,0.17,-0.67,88,477.57,9.29,247.41,333,NW,3.86
2024/10/30 12:54:22,21.69,4252,6248,103,-10.00,0.16,-0.67,88,477.24,9.53,247.58,333,NW,3.86
2024/10/30 12:54:37,21.73,4252,6250,103,-10.00,0.17,-0.67,88,477.30,9.39,247.47,333,NW,3.86
2024/10/30 12:54:53,21.71,4253,6251,103,-10.01,0.17,-0.68,88,477.47,9.35,247.42,333,NW,3.86
2024/10/30 12:55:08,21.73,4254,6253,103,-10.00,0.17,-0.67,88,477.31,9.36,247.47,333,NW,3.86
2024/10/30 12:55:24,21.71,4254,6255,104,-10.01,0.16,-0.66,88,477.21,9.51,247.48,333,NW,3.86
2024/10/30 12:55:39,21.73,4254,6255,104,-10.00,0.16,-0.66,88,477.34,9.09,247.35,333,NW,3.86
2024/10/30 12:55:55,21.71,4254,6257,104,-10.00,0.16,-0.67,88,477.07,9.18,247.47,333,NW,3.86
2024/10/30 12:56:10,21.73,4255,6257,104,-10.00,0.16,-0.66,88,477.26,9.20,247.53,333,NW,3.86
2024/10/30 12:56:26,21.73,4255,6258,104,-10.01,0.16,-0.66,88,477.17,9.29,247.51,333,NW,3.86
2024/10/30 12:56:41,21.73,4255,6258,104,-10.01,0.16,-0.67,88,477.37,9.25,247.43,333,NW,3.86
2024/10/30 12:56:56,21.75,4255,6259,104,-10.00,0.17,-0.66,88,477.39,9.65,247.60,333,NW,3.86
2024/10/30 12:57:12,21.75,4255,6260,104,-10.00,0.16,-0.66,88,477.29,8.97,247.60,333,NW,3.86
2024/10/30 12:57:27,21.75,4255,6260,104,-10.01,0.16,-0.67,88,477.07,9.26,247.39,333,NW,3.86
2024/10/30 12:57:43,21.75,4255,6260,104,-10.00,0.16,-0.67,88,477.38,9.59,247.39,333,NW,3.86
2024/10/30 12:57:58,21.73,4255,6260,104,-10.00,0.16,-0.67,88,477.24,9.37,247.42,333,NW,3.86
2024/10/30 12:58:14,21.75,4255,6259,104,-9.99,0.17,-0.65,88,477.24,9.14,247.53,333,NW,3.86
2024/10/30 12:58:29,21.75,4254,6258,104,-10.00,0.17,-0.68,88,477.31,9.20,247.55,333,NW,3.86
2024/10/30 12:58:45,21.75,4254,6256,104,-10.00,0.15,-0.67,88,477.52,9.41,247.51,333,NW,3.86
2024/10/30 12:59:00,21.75,4252,6254,104,-9.99,0.17,-0.68,88,477.27,9.49,247.48,333,NW,3.86
2024/10/30 12:59:16,21.75,4251,6252,104,-10.01,0.16,-0.67,88,477.19,9.55,247.40,333,NW,3.86
2024/10/30 12:59:31,21.75,4250,6251,104,-10.00,0.16,-0.66,88,477.13,9.44,247.33,333,NW,3.86
2024/10/30 12:59:47,21.75,4249,6248,104,-10.00,0.17,-0.67,88,477.27,9.43,247.51,333,NW,3.86
2024/10/30 13:00:02,21.75,4248,6246,103,-10.00,0.16,-0.65,88,477.08,9.03,247.28,333,NW,3.86
2024/10/30 13:00:17,21.75,4247,6245,103,-10.00,0.16,-0.67,88,477.14,9.33,247.50,333,NW,3.86
2024/10/30 13:00:33,21.75,4247,6242,103,-9.99,0.18,-0.66,88,477.33,9.31,247.45,333,NW,3.86
2024/10/30 13:00:48,21.75,4246,6241,103,-10.00,0.16,-0.68,88,477.32,9.42,247.36,333,NW,3.86
2024/10/30 13:01:04,21.75,4246,6240,103,-10.01,0.17,-0.68,88,477.24,9.70,247.51,333,NW,3.86
2024/10/30 13:01:19,21.75,4245,6239,103,-10.00,0.16,-0.66,88,477.10,9.34,247.39,333,NW,3.86
2024/10/30 13:01:35,21.75,4242,6233,103,-10.01,0.16,-0.66,88,477.17,9.48,247.40,333,NW,3.86
2024/10/30 13:01:50,21.75,4240,6231,103,-10.00,0.17,-0.67,88,477.08,8.80,247.39,333,NW,3.86
2024/10/30 13:02:06,21.75,4241,6234,103,-10.00,0.16,-0.67,88,477.35,9.42,247.54,333,NW,3.86
2024/10/30 13:02:21,21.75,4242,6234,103,-10.00,0.17,-0.67,88,477.49,9.47,247.50,333,NW,3.86
2024/10/30 13:02:37,21.77,4242,6235,103,-10.00,0.16,-0.66,88,477.40,9.39,247.35,333,NW,3.85
2024/10/30 13:02:52,21.75,4242,6235,103,-10.00,0.17,-0.67,88,477.32,9.18,247.41,333,NW,3.86
2024/10/30 13:03:07,21.77,4242,6234,103,-10.00,0.16,-0.67,88,477.25,9.32,247.45,333,NW,3.86
2024/10/30 13:03:23,21.77,4242,6234,103,-9.99,0.17,-0.67,88,477.37,9.55,247.45,333,NW,3.86
2024/10/30 13:03:38,21.77,4241,6233,103,-10.00,0.17,-0.66,88,477.46,9.30,247.48,333,NW,3.86
2024/10/30 13:03:54,21.77,4240,6231,103,-10.01,0.16,-0.67,88,477.50,9.57,247.38,333,NW,3.86
2024/10/30 13:04:09,21.77,4239,6229,103,-10.00,0.16,-0.67,88,477.40,9.33,247.38,333,NW,3.85
2024/10/30 13:04:25,21.77,4239,6228,103,-10.00,0.16,-0.66,88,477.38,9.47,247.49,333,NW,3.85
2024/10/30 13:04:40,21.79,4238,6227,103,-10.00,0.17,-0.67,88,477.62,9.07,247.44,333,NW,3.86
2024/10/30 13:04:56,21.79,4238,6226,103,-10.00,0.17,-0.67,88,477.54,9.39,247.47,333,NW,3.85
2024/10/30 13:05:11,21.79,4238,6226,103,-9.99,0.16,-0.66,88,477.52,9.50,247.42,333,NW,3.86
2024/10/30 13:05:27,21.77,4238,6226,103,-10.00,0.17,-0.68,88,477.40,9.08,247.49,333,NW,3.86
2024/10/30 13:05:42,21.80,4238,6227,103,-10.00,0.17,-0.67,88,477.35,9.21,247.38,333,NW,3.86
2024/10/30 13:05:57,21.79,4238,6228,103,-10.00,0.16,-0.68,88,477.29,9.25,247.39,333,NW,3.86
2024/10/30 13:06:13,21.79,4239,6229,103,-10.00,0.16,-0.67,88,477.40,9.29,247.47,333,NW,3.86
2024/10/30 13:06:28,21.80,4239,6230,103,-10.01,0.16,-0.66,88,477.30,9.48,247.52,333,NW,3.86
2024/10/30 13:06:44,21.80,4240,6231,103,-9.99,0.16,-0.67,88,477.35,9.52,247.46,333,NW,3.86
2024/10/30 13:06:59,21.80,4241,6233,103,-10.00,0.17,-0.67,88,477.52,9.39,247.41,333,NW,3.86
2024/10/30 13:07:15,21.81,4242,6234,103,-10.00,0.16,-0.68,88,477.51,9.59,247.38,333,NW,3.86
2024/10/30 13:07:30,21.81,4242,6236,103,-10.00,0.17,-0.67,88,477.38,9.33,247.41,333,NW,3.86
2024/10/30 13:07:46,21.81,4243,6237,103,-9.99,0.16,-0.67,88,477.55,9.41,247.49,333,NW,3.85
2024/10/30 13:08:01,21.81,4244,6238,103,-10.01,0.16,-0.68,88,477.32,9.22,247.34,333,NW,3.86
2024/10/30 13:08:17,21.81,4228,6193,101,-9.99,0.17,-0.66,88,477.52,9.31,247.36,333,NW,3.86
2024/10/30 13:08:32,21.81,4245,6240,103,-10.01,0.16,-0.66,88,477.27,9.49,247.45,333,NW,3.86
2024/10/30 13:08:47,21.81,4245,6241,103,-10.00,0.17,-0.67,88,477.27,9.15,247.51,333,NW,3.86
2024/10/30 13:09:03,21.81,4246,6241,103,-10.00,0.17,-0.66,88,477.42,9.25,247.51,333,NW,3.86
2024/10/30 13:09:18,21.81,4245,6242,103,-10.00,0.16,-0.66,88,477.19,9.24,247.45,333,NW,3.86
2024/10/30 13:09:34,21.81,4246,6241,103,-10.00,0.16,-0.67,88,477.47,9.10,247.46,333,NW,3.86
2024/10/30 13:09:49,21.81,4246,6243,103,-10.00,0.17,-0.66,88,477.33,9.24,247.57,333,NW,3.86
2024/10/30 13:10:05,21.81,4246,6242,103,-10.00,0.16,-0.66,88,477.25,8.97,247.44,333,NW,3.86
2024/10/30 13:10:20,21.81,4246,6243,103,-10.01,0.16,-0.66,88,477.33,9.30,247.42,333,NW,3.86
2024/10/30 13:10:36,21.81,4246,6244,103,-10.00,0.17,-0.67,88,477.26,9.42,247.31,333,NW,3.86
2024/10/30 13:10:51,21.81,4247,6244,103,-9.99,0.17,-0.66,88,477.25,9.25,247.46,333,NW,3.86
2024/10/30 13:11:07,21.81,4247,6244,103,-10.00,0.17,-0.67,88,477.30,9.06,247.36,333,NW,3.86
2024/10/30 13:11:22,21.81,4247,6246,104,-10.00,0.17,-0.65,88,477.40,9.52,247.44,333,NW,3.86
2024/10/30 13:11:38,21.81,4247,6246,104,-9.99,0.17,-0.67,88,477.43,9.15,247.43,333,NW,3.86
2024/10/30 13:11:53,21.81,4248,6248,104,-9.99,0.17,-0.68,88,477.29,9.24,247.38,333,NW,3.86
2024/10/30 13:12:08,21.81,4248,6248,104,-10.01,0.17,-0.68,88,477.35,9.22,247.45,333,NW,3.86
2024/10/30 13:12:24,21.81,4249,6248,104,-10.00,0.16,-0.66,88,477.43,9.07,247.39,333,NW,3.86
2024/10/30 13:12:39,21.81,4250,6249,104,-9.99,0.18,-0.67,88,477.39,9.06,247.39,333,NW,3.86
2024/10/30 13:12:55,21.81,4250,6250,104,-10.00,0.16,-0.67,88,477.13,9.26,247.42,333,NW,3.85
2024/10/30 13:13:10,21.83,4250,6250,104,-10.00,0.16,-0.68,88,477.44,9.31,247.37,333,NW,3.85
2024/10/30 13:13:26,21.83,4250,6251,104,-9.99,0.16,-0.67,88,477.22,9.21,247.50,333,NW,3.86
2024/10/30 13:13:41,21.83,4251,6252,104,-9.99,0.16,-0.67,88,477.18,9.22,247.47,333,NW,3.85
2024/10/30 13:13:57,21.83,4251,6252,104,-10.00,0.17,-0.67,88,477.26,9.09,247.46,333,NW,3.85
2024/10/30 13:14:12,21.83,4251,6253,104,-10.00,0.16,-0.67,88,477.11,8.91,247.40,333,NW,3.85
2024/10/30 13:14:28,21.83,4251,6253,104,-10.00,0.18,-0.67,88,477.21,9.24,247.44,333,NW,3.86
2024/10/30 13:14:43,21.81,4251,6253,104,-9.99,0.17,-0.66,88,477.36,9.37,247.63,333,NW,3.85
2024/10/30 13:14:58,21.83,4251,6252,104,-10.00,0.16,-0.67,88,477.32,9.31,247.42,333,NW,3.85
2024/10/30 13:15:14,21.83,4251,6252,104,-9.99,0.17,-0.68,88,477.33,9.14,247.46,333,NW,3.86
2024/10/30 13:15:29,21.86,4251,6252,104,-9.99,0.17,-0.68,88,477.40,9.26,247.52,333,NW,3.85
2024/10/30 13:15:45,21.83,4250,6250,104,-10.00,0.15,-0.68,88,477.22,9.13,247.38,333,NW,3.86
2024/10/30 13:16:00,21.86,4250,6249,103,-10.00,0.16,-0.66,88,477.42,9.21,247.49,333,NW,3.85
2024/10/30 13:16:16,21.86,4249,6248,103,-10.00,0.16,-0.68,88,477.22,9.29,247.47,333,NW,3.86
2024/10/30 13:16:31,21.86,4249,6247,103,-9.99,0.17,-0.68,88,477.32,9.53,247.41,333,NW,3.85
2024/10/30 13:16:47,21.86,4248,6246,103,-9.99,0.17,-0.68,88,477.23,9.01,247.37,333,NW,3.85
2024/10/30 13:17:02,21.88,4248,6245,103,-10.00,0.17,-0.67,88,477.32,9.48,247.50,333,NW,3.85
2024/10/30 13:17:18,21.88,4247,6244,103,-10.01,0.17,-0.66,88,477.49,9.15,247.44,333,NW,3.85
2024/10/30 13:17:33,21.83,4247,6243,103,-9.99,0.17,-0.67,88,477.34,9.08,247.55,333,NW,3.86
2024/10/30 13:17:49,21.85,4246,6242,103,-9.99,0.16,-0.67,88,477.35,9.30,247.57,333,NW,3.85
2024/10/30 13:18:04,21.88,4245,6240,103,-10.00,0.17,-0.67,88,477.36,9.26,247.53,333,NW,3.85
2024/10/30 13:18:19,21.88,4245,6239,103,-10.00,0.17,-0.68,88,477.42,9.07,247.58,333,NW,3.85
2024/10/30 13:18:35,21.88,4244,6237,103,-10.00,0.17,-0.66,88,477.35,9.08,247.44,333,NW,3.85
2024/10/30 13:18:50,21.88,4244,6236,103,-10.00,0.16,-0.68,88,477.57,9.10,247.50,333,NW,3.85
2024/10/30 13:19:06,21.88,4243,6234,103,-9.99,0.17,-0.67,88,477.35,9.32,247.55,333,NW,3.85
2024/10/30 13:19:21,21.88,4242,6234,103,-10.00,0.17,-0.66,88,477.31,9.19,247.51,333,NW,3.85
2024/10/30 13:19:37,21.88,4242,6233,103,-9.99,0.17,-0.67,88,477.26,8.89,247.36,333,NW,3.85
2024/10/30 13:19:52,21.88,4242,6231,103,-10.00,0.17,-0.67,88,477.20,9.14,247.47,333,NW,3.85
2024/10/30 13:20:08,21.88,4241,6230,103,-9.99,0.17,-0.67,88,477.10,8.85,247.38,333,NW,3.85
2024/10/30 13:20:23,21.88,4240,6228,103,-10.00,0.17,-0.67,88,477.26,9.27,247.48,333,NW,3.85
2024/10/30 13:20:39,21.88,4240,6227,103,-10.00,0.17,-0.67,88,477.45,9.25,247.48,333,NW,3.85
2024/10/30 13:20:54,21.88,4239,6226,103,-9.99,0.17,-0.68,88,477.29,9.41,247.47,333,NW,3.85
2024/10/30 13:21:09,21.88,4239,6225,103,-9.99,0.17,-0.66,88,477.32,9.13,247.43,333,NW,3.85
2024/10/30 13:21:25,21.88,4238,6224,103,-9.99,0.17,-0.67,88,477.17,9.08,247.52,333,NW,3.85
2024/10/30 13:21:40,21.88,4238,6224,103,-9.99,0.17,-0.67,88,477.35,9.28,247.48,333,NW,3.85
2024/10/30 13:21:56,21.88,4237,6223,103,-10.00,0.16,-0.67,88,477.22,9.10,247.53,333,NW,3.85
2024/10/30 13:22:11,21.88,4237,6223,103,-9.99,0.17,-0.67,88,477.29,9.30,247.48,333,NW,3.85
2024/10/30 13:22:27,21.88,4237,6222,102,-9.99,0.17,-0.66,88,477.25,9.10,247.47,333,NW,3.85
2024/10/30 13:22:42,21.88,4237,6221,102,-9.99,0.16,-0.68,88,477.36,9.36,247.53,333,NW,3.85
2024/10/30 13:22:58,21.88,4236,6219,102,-9.99,0.17,-0.67,88,477.22,9.29,247.51,333,NW,3.85
2024/10/30 13:23:13,21.88,4236,6219,102,-10.00,0.16,-0.67,88,477.37,8.97,247.41,333,NW,3.85
2024/10/30 13:23:29,21.88,4235,6218,102,-9.99,0.17,-0.66,88,477.50,9.32,247.58,333,NW,3.85
2024/10/30 13:23:44,21.88,4235,6216,102,-9.98,0.17,-0.67,88,477.50,8.85,247.51,333,NW,3.85
2024/10/30 13:24:00,21.88,4235,6216,102,-9.99,0.17,-0.67,88,477.39,9.18,247.60,333,NW,3.85
2024/10/30 13:24:15,21.88,4234,6215,102,-9.98,0.17,-0.67,88,477.38,9.25,247.45,333,NW,3.85
2024/10/30 13:24:30,21.88,4233,6215,102,-9.99,0.18,-0.67,88,477.65,9.26,247.46,333,NW,3.85
2024/10/30 13:24:46,21.88,4233,6216,102,-9.99,0.18,-0.67,88,477.31,9.01,247.45,333,NW,3.85
2024/10/30 13:25:01,21.88,4233,6215,102,-9.99,0.17,-0.65,88,477.25,9.20,247.45,333,NW,3.85
2024/10/30 13:25:17,21.90,4234,6215,102,-9.99,0.17,-0.67,88,477.36,9.20,247.50,333,NW,3.85
2024/10/30 13:25:32,21.88,4233,6216,102,-9.99,0.16,-0.66,88,477.47,9.21,247.54,333,NW,3.85
2024/10/30 13:25:48,21.88,4234,6216,102,-9.98,0.16,-0.67,88,477.54,9.09,247.44,333,NW,3.85
2024/10/30 13:26:03,21.90,4234,6216,102,-9.99,0.17,-0.67,88,477.29,9.16,247.60,333,NW,3.85
2024/10/30 13:26:19,21.90,4233,6215,102,-9.99,0.18,-0.66,88,477.19,9.23,247.48,333,NW,3.85
2024/10/30 13:26:34,21.88,4234,6215,102,-10.00,0.17,-0.66,88,477.49,8.97,247.43,333,NW,3.85
2024/10/30 13:26:50,21.88,4233,6215,102,-10.00,0.17,-0.66,88,477.25,9.25,247.49,333,NW,3.85
2024/10/30 13:27:05,21.90,4234,6215,102,-9.99,0.17,-0.67,88,477.39,9.16,247.44,333,NW,3.85
2024/10/30 13:27:20,21.90,4234,6216,102,-9.99,0.17,-0.66,88,477.27,9.09,247.43,333,NW,3.85
2024/10/30 13:27:36,21.90,4233,6214,102,-9.99,0.17,-0.67,88,477.59,9.24,247.48,333,NW,3.85
2024/10/30 13:27:51,21.91,4233,6214,102,-9.99,0.17,-0.67,88,477.46,9.21,247.37,333,NW,3.85
2024/10/30 13:28:07,21.90,4233,6214,102,-9.99,0.16,-0.66,88,477.45,9.09,247.40,333,NW,3.85
2024/10/30 13:28:22,21.91,4233,6214,102,-10.00,0.17,-0.67,88,477.26,8.96,247.45,333,NW,3.85
2024/10/30 13:28:38,21.94,4233,6213,102,-9.99,0.17,-0.67,88,477.35,9.00,247.32,333,NW,3.85
2024/10/30 13:28:53,21.91,4233,6213,102,-9.99,0.16,-0.67,88,477.31,9.13,247.42,333,NW,3.85
2024/10/30 13:29:09,21.90,4233,6212,102,-9.99,0.17,-0.66,88,477.22,8.89,247.49,333,NW,3.85
2024/10/30 13:29:24,21.90,4232,6211,102,-9.99,0.18,-0.66,88,477.16,9.28,247.42,333,NW,3.85
2024/10/30 13:29:40,21.92,4232,6211,102,-10.00,0.17,-0.66,88,477.08,9.15,247.37,333,NW,3.85
2024/10/30 13:29:55,21.94,4232,6211,102,-9.98,0.17,-0.67,88,477.32,9.17,247.47,333,NW,3.85
2024/10/30 13:30:10,21.91,4232,6211,102,-9.99,0.18,-0.68,88,477.36,8.92,247.41,333,NW,3.85
2024/10/30 13:30:26,21.90,4232,6210,102,-10.00,0.15,-0.66,88,477.42,9.32,247.36,333,NW,3.85
2024/10/30 13:30:41,21.92,4232,6211,102,-9.99,0.17,-0.67,88,477.29,8.75,247.64,333,NW,3.85
2024/10/30 13:30:57,21.92,4232,6210,102,-9.99,0.16,-0.66,88,477.35,8.81,247.50,333,NW,3.85
2024/10/30 13:31:12,21.94,4232,6211,102,-10.00,0.17,-0.67,88,477.43,9.23,247.39,333,NW,3.85
2024/10/30 13:31:28,21.94,4232,6211,102,-9.99,0.17,-0.68,88,477.17,9.26,247.38,333,NW,3.85
2024/10/30 13:31:43,21.91,4232,6211,102,-9.98,0.17,-0.67,88,477.38,9.14,247.47,333,NW,3.85
2024/10/30 13:31:59,21.94,4232,6212,102,-9.99,0.16,-0.66,88,477.55,9.00,247.39,333,NW,3.85
2024/10/30 13:32:14,21.94,4232,6213,102,-9.99,0.16,-0.67,88,477.30,9.09,247.57,333,NW,3.85
2024/10/30 13:32:30,21.94,4233,6212,102,-9.99,0.17,-0.66,88,477.37,8.89,247.48,333,NW,3.85
2024/10/30 13:32:45,21.92,4233,6213,102,-9.98,0.17,-0.68,88,477.16,9.34,247.45,333,NW,3.85
2024/10/30 13:33:00,21.94,4234,6214,102,-9.98,0.17,-0.67,88,477.32,9.22,247.47,333,NW,3.85
2024/10/30 13:33:16,21.94,4233,6215,102,-9.99,0.17,-0.67,88,477.32,9.40,247.40,333,NW,3.85
2024/10/30 13:33:31,21.94,4234,6216,102,-10.00,0.17,-0.66,88,477.40,9.18,247.33,333,NW,3.85
2024/10/30 13:33:47,21.94,4234,6216,102,-9.99,0.17,-0.66,88,477.34,8.97,247.56,333,NW,3.85
2024/10/30 13:34:02,21.94,4234,6216,102,-9.99,0.16,-0.68,88,477.22,9.22,247.40,333,NW,3.85
2024/10/30 13:34:18,21.94,4235,6217,102,-9.98,0.16,-0.67,88,477.33,9.11,247.38,333,NW,3.85
2024/10/30 13:34:33,21.94,4234,6217,102,-9.99,0.17,-0.66,88,477.45,9.09,247.41,333,NW,3.85
2024/10/30 13:34:49,21.94,4235,6217,102,-9.99,0.17,-0.67,88,477.33,9.32,247.42,333,NW,3.85
2024/10/30 13:35:04,21.94,4235,6217,102,-9.99,0.18,-0.67,88,477.30,9.32,247.49,333,NW,3.85
2024/10/30 13:35:20,21.94,4235,6217,102,-9.98,0.17,-0.67,88,477.18,9.25,247.40,333,NW,3.85
2024/10/30 13:35:35,21.94,4235,6218,102,-9.98,0.18,-0.67,88,477.28,9.19,247.54,333,NW,3.85
2024/10/30 13:35:50,21.94,4235,6218,102,-9.99,0.18,-0.67,88,477.16,9.11,247.43,333,NW,3.85
2024/10/30 13:36:06,21.94,4236,6219,102,-9.99,0.17,-0.67,88,477.46,9.32,247.51,333,NW,3.85
2024/10/30 13:36:21,21.94,4235,6218,102,-9.99,0.17,-0.66,88,477.31,9.38,247.57,333,NW,3.85
2024/10/30 13:36:37,21.94,4235,6218,102,-9.99,0.16,-0.68,88,477.44,9.38,247.57,333,NW,3.85
2024/10/30 13:36:52,21.94,4235,6219,102,-10.00,0.17,-0.67,88,477.26,9.26,247.54,333,NW,3.85
2024/10/30 13:37:08,21.94,4235,6218,102,-9.98,0.16,-0.67,88,477.25,9.38,247.48,333,NW,3.85
2024/10/30 13:37:23,21.94,4235,6218,102,-9.99,0.17,-0.68,88,477.23,9.23,247.69,333,NW,3.85
2024/10/30 13:37:39,21.94,4235,6219,102,-9.99,0.17,-0.67,88,477.23,9.13,247.49,333,NW,3.85
2024/10/30 13:37:54,21.94,4235,6219,102,-9.98,0.17,-0.67,88,477.23,9.17,247.48,333,NW,3.85
2024/10/30 13:38:10,21.94,4235,6218,102,-9.98,0.17,-0.66,88,477.41,9.23,247.60,333,NW,3.85
2024/10/30 13:38:25,21.94,4235,6219,102,-9.99,0.17,-0.67,88,477.37,9.14,247.53,333,NW,3.85
2024/10/30 13:38:40,21.94,4236,6219,102,-9.99,0.16,-0.67,88,477.32,8.89,247.50,333,NW,3.85
2024/10/30 13:38:56,21.94,4235,6219,102,-9.99,0.17,-0.66,88,477.17,9.35,247.60,333,NW,3.85
2024/10/30 13:39:11,21.94,4236,6219,102,-9.99,0.16,-0.67,88,477.21,9.13,247.55,333,NW,3.85
2024/10/30 13:39:27,21.94,4235,6219,102,-9.99,0.17,-0.68,88,477.12,9.40,247.61,333,NW,3.85
2024/10/30 13:39:42,21.94,4235,6219,102,-9.99,0.17,-0.67,88,477.33,9.27,247.57,333,NW,3.85
2024/10/30 13:39:58,21.94,4235,6218,102,-9.99,0.18,-0.68,88,477.01,9.32,247.60,333,NW,3.85
2024/10/30 13:40:13,21.94,4235,6218,102,-9.99,0.17,-0.66,88,477.42,9.00,247.47,333,NW,3.85
2024/10/30 13:40:29,21.94,4234,6217,102,-9.99,0.17,-0.68,88,477.22,9.04,247.34,333,NW,3.85
2024/10/30 13:40:44,21.94,4234,6217,102,-9.99,0.18,-0.65,88,477.25,9.22,247.45,333,NW,3.85
2024/10/30 13:41:00,21.94,4234,6216,102,-9.98,0.17,-0.67,88,477.13,8.74,247.50,333,NW,3.85
2024/10/30 13:41:15,21.96,4234,6216,102,-9.99,0.17,-0.68,88,477.40,8.94,247.52,333,NW,3.85
2024/10/30 13:41:30,21.96,4234,6215,102,-9.99,0.18,-0.67,88,477.38,9.07,247.50,333,NW,3.85
2024/10/30 13:41:46,21.96,4233,6214,102,-9.98,0.17,-0.66,88,477.40,8.73,247.42,333,NW,3.85
2024/10/30 13:42:01,21.94,4232,6213,102,-9.99,0.17,-0.67,88,477.49,8.96,247.40,333,NW,3.85
2024/10/30 13:42:17,21.94,4232,6213,102,-9.98,0.17,-0.67,88,477.02,9.26,247.42,333,NW,3.85
2024/10/30 13:42:32,21.96,4231,6211,102,-9.99,0.17,-0.67,88,477.17,8.83,247.33,333,NW,3.85
2024/10/30 13:42:48,21.94,4231,6210,102,-9.98,0.17,-0.68,88,477.20,9.25,247.46,333,NW,3.85
2024/10/30 13:43:03,21.94,4231,6210,102,-9.99,0.17,-0.66,88,477.57,8.91,247.52,333,NW,3.85
2024/10/30 13:43:19,21.94,4231,6210,102,-9.99,0.17,-0.67,88,477.43,9.04,247.39,333,NW,3.85
2024/10/30 13:43:34,21.94,4231,6210,102,-10.00,0.17,-0.68,88,477.09,9.25,247.37,333,NW,3.85
2024/10/30 13:43:50,21.94,4230,6210,102,-9.99,0.17,-0.67,88,477.31,9.02,247.41,333,NW,3.85
2024/10/30 13:44:05,21.96,4231,6209,102,-10.00,0.16,-0.66,88,477.45,8.80,247.36,333,NW,3.85
2024/10/30 13:44:20,21.94,4230,6209,102,-10.00,0.17,-0.67,88,477.28,9.21,247.36,333,NW,3.85
2024/10/30 13:44:36,21.94,4231,6209,102,-9.98,0.18,-0.66,88,477.31,8.86,247.42,333,NW,3.85
2024/10/30 13:44:51,21.96,4230,6208,102,-9.98,0.18,-0.67,88,477.37,9.43,247.40,333,NW,3.85
2024/10/30 13:45:07,21.98,4230,6207,102,-9.99,0.18,-0.67,88,477.25,9.25,247.44,333,NW,3.85
2024/10/30 13:45:22,21.94,4229,6207,102,-9.98,0.18,-0.67,88,477.21,8.96,247.42,333,NW,3.85
2024/10/30 13:45:38,21.96,4229,6205,102,-9.98,0.18,-0.67,88,477.33,9.24,247.47,333,NW,3.85
2024/10/30 13:45:53,21.96,4228,6205,102,-9.99,0.17,-0.66,88,477.38,9.10,247.47,333,NW,3.85
2024/10/30 13:46:09,21.96,4229,6206,102,-9.98,0.17,-0.67,88,477.36,8.94,247.27,333,NW,3.85
2024/10/30 13:46:24,21.96,4228,6204,102,-9.99,0.17,-0.67,88,477.21,9.01,247.51,333,NW,3.85
2024/10/30 13:46:40,21.96,4228,6203,102,-9.99,0.18,-0.66,88,477.53,9.14,247.55,333,NW,3.85
2024/10/30 13:46:55,21.96,4228,6204,102,-9.99,0.17,-0.67,88,477.26,8.82,247.33,333,NW,3.85
2024/10/30 13:47:10,21.96,4228,6204,102,-9.99,0.17,-0.66,88,477.41,9.07,247.43,333,NW,3.85
2024/10/30 13:47:26,21.96,4228,6204,102,-9.99,0.17,-0.66,88,477.40,9.16,247.37,333,NW,3.85
2024/10/30 13:47:41,21.96,4228,6205,102,-9.98,0.17,-0.66,88,477.26,9.09,247.31,333,NW,3.85
2024/10/30 13:47:57,21.96,4229,6205,102,-9.98,0.17,-0.66,88,477.17,9.20,247.44,333,NW,3.85
2024/10/30 13:48:12,21.98,4228,6205,102,-9.98,0.18,-0.67,88,477.20,8.75,247.49,333,NW,3.85
2024/10/30 13:48:28,21.96,4229,6205,102,-9.99,0.17,-0.67,88,477.58,9.11,247.35,333,NW,3.85
2024/10/30 13:48:43,21.96,4229,6205,102,-9.98,0.17,-0.67,88,477.56,8.97,247.40,333,NW,3.85
2024/10/30 13:48:59,21.96,4228,6204,102,-9.99,0.17,-0.68,88,477.08,9.08,247.34,333,NW,3.85
2024/10/30 13:49:14,21.98,4228,6205,102,-9.98,0.16,-0.67,88,477.35,8.77,247.34,333,NW,3.85
2024/10/30 13:49:30,21.96,4229,6205,102,-9.98,0.17,-0.66,88,477.34,9.11,247.46,333,NW,3.85
2024/10/30 13:49:45,22.00,4228,6204,102,-9.99,0.17,-0.67,88,477.14,9.26,247.37,333,NW,3.85
2024/10/30 13:50:00,21.98,4228,6205,102,-9.98,0.17,-0.67,88,477.17,8.89,247.36,333,NW,3.85
2024/10/30 13:50:16,21.98,4229,6205,102,-9.99,0.17,-0.66,88,477.23,9.18,247.54,333,NW,3.85
2024/10/30 13:50:31,22.00,4228,6205,102,-9.99,0.18,-0.67,88,477.26,8.98,247.53,333,NW,3.85
2024/10/30 13:50:47,21.98,4229,6205,102,-9.99,0.17,-0.66,88,477.50,9.02,247.41,333,NW,3.85
2024/10/30 13:51:02,21.98,4229,6205,102,-9.98,0.17,-0.67,88,477.17,8.47,247.36,333,NW,3.85
2024/10/30 13:51:18,21.96,4229,6206,102,-9.98,0.17,-0.67,88,477.24,9.00,247.39,333,NW,3.85
2024/10/30 13:51:33,21.98,4229,6206,102,-9.99,0.17,-0.67,88,477.27,8.90,247.32,333,NW,3.85
2024/10/30 13:51:49,22.00,4229,6207,102,-9.97,0.17,-0.67,88,477.24,9.00,247.31,333,NW,3.85
2024/10/30 13:52:04,21.98,4229,6208,102,-9.98,0.17,-0.67,88,477.20,9.09,247.30,333,NW,3.85
2024/10/30 13:52:20,22.00,4230,6208,102,-9.98,0.17,-0.67,88,477.02,9.32,247.46,333,NW,3.85
2024/10/30 13:52:35,22.00,4230,6207,102,-9.99,0.18,-0.67,88,477.27,9.05,247.45,333,NW,3.85
2024/10/30 13:52:50,22.00,4230,6207,102,-9.98,0.18,-0.66,88,477.11,9.20,247.49,333,NW,3.85
2024/10/30 13:53:06,21.98,4230,6208,102,-9.99,0.17,-0.67,88,477.28,9.12,247.35,333,NW,3.85
2024/10/30 13:53:21,21.98,4230,6207,102,-9.98,0.16,-0.67,88,477.34,9.20,247.34,333,NW,3.85
2024/10/30 13:53:37,22.00,4230,6207,102,-9.98,0.18,-0.67,88,477.20,9.01,247.31,333,NW,3.85
2024/10/30 13:53:52,22.00,4230,6207,102,-9.98,0.17,-0.66,88,477.13,8.96,247.30,333,NW,3.85
2024/10/30 13:54:08,22.00,4230,6207,102,-9.98,0.17,-0.67,88,477.32,9.28,247.28,333,NW,3.85
2024/10/30 13:54:23,21.98,4230,6207,102,-9.98,0.18,-0.67,88,477.25,9.09,247.32,333,NW,3.85
2024/10/30 13:54:39,22.00,4230,6207,102,-9.98,0.17,-0.66,88,477.26,8.75,247.32,333,NW,3.85
2024/10/30 13:54:54,22.00,4230,6206,102,-9.98,0.17,-0.68,88,477.27,8.93,247.38,333,NW,3.85
2024/10/30 13:55:10,21.98,4229,6206,102,-9.98,0.17,-0.67,88,477.25,9.34,247.36,333,NW,3.85
2024/10/30 13:55:25,22.00,4229,6205,102,-9.98,0.17,-0.67,88,477.20,8.90,247.41,333,NW,3.85
2024/10/30 13:55:40,21.98,4229,6205,102,-9.99,0.18,-0.67,88,477.36,8.80,247.34,333,NW,3.85
2024/10/30 13:55:56,22.00,4228,6205,102,-9.98,0.17,-0.67,88,477.30,8.90,247.45,333,NW,3.85
2024/10/30 13:56:11,22.00,4228,6205,102,-9.99,0.18,-0.66,88,476.98,9.02,247.39,333,NW,3.85
2024/10/30 13:56:27,22.00,4228,6204,102,-9.99,0.17,-0.66,88,477.19,9.29,247.36,333,NW,3.85
2024/10/30 13:56:42,22.00,4228,6204,102,-9.98,0.17,-0.68,88,477.32,9.15,247.37,333,NW,3.85
2024/10/30 13:56:58,22.00,4228,6205,102,-9.98,0.17,-0.68,88,477.14,8.83,247.40,333,NW,3.85
2024/10/30 13:57:13,22.00,4228,6205,102,-9.99,0.17,-0.67,88,477.15,8.92,247.36,333,NW,3.85
2024/10/30 13:57:29,22.00,4228,6205,102,-9.99,0.18,-0.66,88,477.46,9.08,247.57,333,NW,3.85
2024/10/30 13:57:44,22.00,4228,6205,102,-9.98,0.18,-0.67,88,477.27,8.86,247.47,333,NW,3.85
2024/10/30 13:57:59,22.00,4227,6205,102,-9.98,0.17,-0.67,88,477.21,8.81,247.51,333,NW,3.85
2024/10/30 13:58:15,21.98,4228,6204,102,-9.98,0.18,-0.67,88,477.31,8.92,247.44,333,NW,3.85
2024/10/30 13:58:30,22.00,4227,6204,102,-9.98,0.17,-0.68,88,477.22,9.15,247.41,333,NW,3.85
2024/10/30 13:58:46,22.00,4227,6204,102,-9.99,0.18,-0.67,88,477.36,8.78,247.36,333,NW,3.85
2024/10/30 13:59:01,22.00,4227,6203,102,-9.98,0.17,-0.67,88,477.29,8.93,247.49,333,NW,3.85
2024/10/30 13:59:17,22.00,4227,6203,102,-9.98,0.18,-0.66,88,477.25,9.38,247.50,333,NW,3.85
2024/10/30 13:59:32,22.00,4227,6203,102,-9.98,0.17,-0.68,88,476.99,8.96,247.35,333,NW,3.85
2024/10/30 13:59:48,22.00,4227,6203,102,-9.98,0.17,-0.67,88,476.99,8.79,247.50,333,NW,3.85
2024/10/30 14:00:03,22.00,4227,6202,102,-9.98,0.17,-0.67,88,477.14,9.06,247.60,333,NW,3.85
2024/10/30 14:00:19,22.00,4227,6202,102,-9.98,0.18,-0.66,88,477.19,9.01,247.58,333,NW,3.85
2024/10/30 14:00:34,22.00,4227,6203,102,-9.98,0.17,-0.66,88,477.39,9.26,247.48,333,NW,3.85
2024/10/30 14:00:50,22.00,4227,6202,102,-9.99,0.16,-0.67,88,477.20,8.88,247.52,333,NW,3.85
2024/10/30 14:01:05,22.00,4227,6202,102,-9.98,0.16,-0.67,88,477.26,9.14,247.42,333,NW,3.85
2024/10/30 14:01:20,22.00,4223,6188,101,-9.98,0.18,-0.67,88,477.05,9.00,247.42,333,NW,3.85
2024/10/30 14:01:36,22.00,4223,6188,101,-9.98,0.17,-0.67,88,477.31,8.96,247.27,333,NW,3.85
2024/10/30 14:01:51,22.00,4223,6188,101,-9.97,0.18,-0.66,88,477.24,8.96,247.42,333,NW,3.85
2024/10/30 14:02:07,22.00,4223,6188,101,-9.98,0.17,-0.67,88,477.26,8.99,247.43,333,NW,3.85
2024/10/30 14:02:22,22.00,4224,6189,101,-9.99,0.17,-0.66,88,477.16,8.69,247.45,333,NW,3.85
2024/10/30 14:02:38,22.00,4224,6189,101,-9.99,0.17,-0.67,88,477.34,9.06,247.51,333,NW,3.85
2024/10/30 14:02:53,22.00,4224,6189,101,-9.98,0.16,-0.66,88,477.22,9.23,247.48,333,NW,3.85
2024/10/30 14:03:09,22.00,4225,6189,101,-9.98,0.17,-0.66,88,477.28,9.20,247.43,333,NW,3.85
2024/10/30 14:03:24,22.00,4225,6190,101,-9.98,0.17,-0.67,88,477.46,9.12,247.49,333,NW,3.85
2024/10/30 14:03:39,22.00,4224,6190,101,-9.98,0.18,-0.67,88,477.23,9.04,247.33,333,NW,3.85
2024/10/30 14:03:55,22.00,4225,6191,101,-9.98,0.17,-0.67,88,477.27,9.13,247.55,333,NW,3.85
2024/10/30 14:04:10,22.00,4225,6192,101,-9.98,0.17,-0.67,88,477.39,9.04,247.42,333,NW,3.85
2024/10/30 14:04:26,22.00,4225,6191,101,-9.97,0.18,-0.66,88,477.34,9.08,247.42,333,NW,3.85
2024/10/30 14:04:41,22.00,4225,6192,101,-9.98,0.17,-0.68,88,477.04,8.83,247.39,333,NW,3.85
2024/10/30 14:04:57,22.00,4225,6193,101,-9.98,0.18,-0.66,88,477.26,9.06,247.41,333,NW,3.85
2024/10/30 14:05:12,22.00,4225,6192,101,-9.98,0.17,-0.67,88,477.16,9.04,247.43,333,NW,3.85
2024/10/30 14:05:28,22.00,4225,6192,101,-9.97,0.17,-0.68,88,477.37,9.00,247.44,333,NW,3.85
2024/10/30 14:05:43,22.00,4225,6191,101,-9.98,0.17,-0.66,88,477.48,8.94,247.38,333,NW,3.85
2024/10/30 14:05:59,22.00,4224,6191,101,-9.98,0.18,-0.68,88,477.19,9.03,247.45,333,NW,3.85
2024/10/30 14:06:14,22.00,4225,6191,101,-9.98,0.17,-0.66,88,477.35,9.31,247.36,333,NW,3.85
2024/10/30 14:06:29,22.00,4224,6190,101,-9.98,0.17,-0.67,88,477.37,9.16,247.40,333,NW,3.85
2024/10/30 14:06:45,22.00,4224,6191,101,-9.98,0.17,-0.66,88,477.27,9.05,247.47,333,NW,3.85
2024/10/30 14:07:00,22.00,4224,6191,101,-9.99,0.16,-0.68,88,477.26,8.73,247.40,333,NW,3.85
2024/10/30 14:07:16,22.00,4224,6191,101,-9.99,0.17,-0.67,88,477.33,9.16,247.33,333,NW,3.85
2024/10/30 14:07:31,22.00,4224,6191,101,-9.99,0.17,-0.67,88,477.22,8.89,247.46,333,NW,3.85
2024/10/30 14:07:47,22.00,4224,6190,101,-9.97,0.16,-0.67,88,477.29,9.26,247.39,333,NW,3.85
2024/10/30 14:08:02,22.00,4223,6189,101,-9.98,0.18,-0.67,88,477.32,8.80,247.51,333,NW,3.85
2024/10/30 14:08:18,22.00,4223,6188,101,-9.97,0.16,-0.66,88,477.24,8.91,247.49,333,NW,3.85
2024/10/30 14:08:33,22.00,4223,6188,101,-9.98,0.17,-0.67,88,477.25,9.01,247.54,333,NW,3.85
2024/10/30 14:08:49,22.00,4222,6187,101,-9.98,0.16,-0.67,88,477.42,8.92,247.48,333,NW,3.85
2024/10/30 14:09:04,22.00,4222,6187,101,-9.97,0.16,-0.67,88,477.41,8.78,247.40,333,NW,3.85
2024/10/30 14:09:19,22.00,4222,6186,101,-9.98,0.17,-0.68,88,477.57,8.91,247.47,333,NW,3.85
2024/10/30 14:09:35,22.00,4221,6186,101,-9.98,0.17,-0.68,88,477.32,9.03,247.34,333,NW,3.85
2024/10/30 14:09:50,22.00,4221,6185,101,-9.98,0.18,-0.66,88,477.33,8.92,247.39,333,NW,3.85
2024/10/30 14:10:06,22.00,4221,6184,101,-9.97,0.17,-0.68,88,477.30,8.95,247.51,333,NW,3.85
2024/10/30 14:10:21,22.00,4221,6183,101,-9.98,0.17,-0.67,88,476.91,8.93,247.49,333,NW,3.85
2024/10/30 14:10:37,22.00,4220,6183,101,-9.98,0.17,-0.66,88,477.57,8.93,247.47,333,NW,3.85
2024/10/30 14:10:52,22.00,4220,6183,101,-9.98,0.17,-0.67,88,477.34,9.01,247.46,333,NW,3.85
2024/10/30 14:11:08,22.00,4220,6183,101,-9.97,0.17,-0.67,88,477.44,9.13,247.34,333,NW,3.85
2024/10/30 14:11:23,22.00,4220,6182,101,-9.99,0.17,-0.66,88,477.18,8.94,247.51,333,NW,3.85
2024/10/30 14:11:39,22.02,4220,6182,101,-9.99,0.17,-0.66,88,477.20,8.83,247.45,333,NW,3.85
2024/10/30 14:11:54,22.00,4219,6181,101,-9.97,0.16,-0.68,88,477.32,9.24,247.46,333,NW,3.85
2024/10/30 14:12:09,22.00,4219,6181,101,-9.98,0.17,-0.67,88,477.14,8.84,247.41,333,NW,3.85
2024/10/30 14:12:25,22.00,4219,6180,101,-9.97,0.17,-0.66,88,477.15,8.98,247.50,333,NW,3.85
2024/10/30 14:12:40,22.00,4219,6179,101,-9.98,0.18,-0.66,88,477.56,8.65,247.30,333,NW,3.85
2024/10/30 14:12:56,22.00,4218,6180,101,-9.97,0.17,-0.68,88,477.21,8.78,247.46,333,NW,3.85
2024/10/30 14:13:11,22.00,4219,6180,101,-9.98,0.17,-0.67,88,477.33,8.95,247.44,333,NW,3.85
2024/10/30 14:13:27,22.00,4219,6179,101,-9.98,0.16,-0.67,88,477.21,9.02,247.38,333,NW,3.85
2024/10/30 14:13:42,22.00,4218,6179,101,-9.98,0.17,-0.66,88,477.18,8.88,247.39,333,NW,3.85
2024/10/30 14:13:58,22.00,4218,6178,101,-9.97,0.17,-0.67,88,477.38,8.94,247.46,333,NW,3.85
2024/10/30 14:14:13,22.00,4218,6179,101,-9.98,0.17,-0.67,88,477.45,8.98,247.51,333,NW,3.85
2024/10/30 14:14:29,22.00,4218,6179,101,-9.98,0.18,-0.67,88,477.27,9.00,247.54,333,NW,3.85
2024/10/30 14:14:44,22.00,4218,6178,101,-9.98,0.17,-0.66,88,477.30,8.95,247.51,333,NW,3.85
2024/10/30 14:14:59,22.00,4217,6178,101,-9.99,0.17,-0.67,88,477.36,8.93,247.47,333,NW,3.85
2024/10/30 14:15:15,22.00,4217,6178,101,-9.97,0.18,-0.66,88,477.24,8.90,247.55,333,NW,3.85
2024/10/30 14:15:30,22.00,4217,6178,101,-9.98,0.17,-0.67,88,477.08,9.10,247.45,333,NW,3.85
2024/10/30 14:15:46,22.00,4217,6178,101,-9.97,0.17,-0.66,88,477.37,8.73,247.54,333,NW,3.85
2024/10/30 14:16:01,22.00,4217,6177,101,-9.99,0.18,-0.67,88,477.45,8.76,247.46,333,NW,3.85
2024/10/30 14:16:17,22.00,4217,6176,101,-9.98,0.18,-0.67,88,477.29,8.80,247.32,333,NW,3.85
2024/10/30 14:16:32,22.00,4217,6176,101,-9.98,0.17,-0.67,88,477.44,9.14,247.47,333,NW,3.85
2024/10/30 14:16:48,22.00,4216,6175,101,-9.98,0.18,-0.67,88,477.25,8.78,247.34,333,NW,3.85
2024/10/30 14:17:03,22.00,4216,6173,100,-9.98,0.18,-0.68,88,477.25,8.81,247.46,333,NW,3.85
2024/10/30 14:17:19,22.00,4216,6173,101,-9.98,0.17,-0.67,88,477.47,8.88,247.48,333,NW,3.85
2024/10/30 14:17:34,22.00,4215,6173,100,-9.99,0.17,-0.67,88,477.34,8.65,247.32,333,NW,3.85
2024/10/30 14:17:49,22.00,4215,6172,100,-9.98,0.17,-0.67,88,477.47,9.15,247.46,333,NW,3.85
2024/10/30 14:18:05,22.00,4215,6171,100,-9.97,0.17,-0.65,88,477.24,8.99,247.35,333,NW,3.85
2024/10/30 14:18:20,22.00,4214,6170,100,-9.97,0.17,-0.68,88,477.47,8.96,247.38,333,NW,3.85
2024/10/30 14:18:36,22.00,4214,6170,100,-9.97,0.18,-0.67,88,477.25,8.80,247.32,333,NW,3.85
2024/10/30 14:18:51,22.00,4214,6170,100,-9.98,0.18,-0.67,88,477.28,8.90,247.33,333,NW,3.85
2024/10/30 14:19:07,22.00,4214,6170,100,-9.98,0.17,-0.67,88,477.44,8.97,247.46,333,NW,3.85
2024/10/30 14:19:22,22.00,4214,6170,100,-9.98,0.18,-0.66,88,477.33,9.02,247.52,333,NW,3.85
2024/10/30 14:19:38,22.00,4214,6171,100,-9.97,0.17,-0.68,88,477.41,8.99,247.51,333,NW,3.85
2024/10/30 14:19:53,22.00,4214,6170,100,-9.97,0.18,-0.67,88,477.27,8.92,247.38,333,NW,3.85
2024/10/30 14:20:09,22.00,4214,6170,100,-9.97,0.17,-0.67,88,477.03,8.72,247.38,333,NW,3.85
2024/10/30 14:20:24,22.00,4214,6170,100,-9.98,0.16,-0.66,88,477.49,8.96,247.42,333,NW,3.85
2024/10/30 14:20:39,22.00,4214,6170,100,-9.97,0.17,-0.67,88,477.41,8.90,247.34,333,NW,3.85
2024/10/30 14:20:55,22.00,4214,6169,100,-9.98,0.17,-0.67,88,477.28,9.11,247.39,333,NW,3.85
2024/10/30 14:21:10,22.00,4213,6169,100,-9.98,0.17,-0.67,88,477.18,9.23,247.46,333,NW,3.85
2024/10/30 14:21:26,22.00,4213,6170,100,-9.98,0.17,-0.67,88,477.27,9.11,247.39,333,NW,3.85
2024/10/30 14:21:41,22.00,4213,6169,100,-9.98,0.17,-0.66,88,477.20,9.21,247.37,333,NW,3.85
2024/10/30 14:21:57,22.00,4214,6170,100,-9.97,0.17,-0.68,88,477.37,8.72,247.28,333,NW,3.85
2024/10/30 14:22:12,22.00,4213,6170,100,-9.98,0.18,-0.67,88,477.43,9.15,247.42,333,NW,3.85
2024/10/30 14:22:28,22.00,4214,6170,100,-9.98,0.17,-0.67,88,477.29,9.16,247.25,333,NW,3.85
2024/10/30 14:22:43,22.00,4214,6171,100,-9.97,0.17,-0.67,88,477.25,9.20,247.32,333,NW,3.85
2024/10/30 14:22:59,22.02,4213,6171,100,-9.98,0.17,-0.67,88,477.43,9.31,247.40,333,NW,3.85
2024/10/30 14:23:14,22.00,4213,6170,100,-9.98,0.17,-0.67,88,477.30,8.83,247.41,333,NW,3.85
2024/10/30 14:23:29,22.00,4213,6170,100,-9.97,0.18,-0.68,88,477.34,8.92,247.34,333,NW,3.85
2024/10/30 14:23:45,22.00,4212,6170,101,-9.97,0.18,-0.66,88,477.32,8.91,247.45,333,NW,3.85
2024/10/30 14:24:00,22.00,4212,6169,100,-9.98,0.18,-0.66,88,477.47,8.89,247.29,333,NW,3.85
2024/10/30 14:24:16,22.00,4212,6168,100,-9.98,0.17,-0.67,88,477.45,8.72,247.37,333,NW,3.85
2024/10/30 14:24:31,22.00,4212,6168,100,-9.97,0.18,-0.67,88,477.21,8.92,247.36,333,NW,3.85
2024/10/30 14:24:47,22.02,4211,6167,100,-9.98,0.18,-0.67,88,477.54,8.66,247.42,333,NW,3.85
2024/10/30 14:25:02,22.00,4211,6166,100,-9.98,0.17,-0.67,88,477.30,8.95,247.27,333,NW,3.85
2024/10/30 14:25:18,22.00,4211,6166,100,-9.98,0.18,-0.67,88,477.39,9.03,247.42,333,NW,3.85
2024/10/30 14:25:33,22.00,4211,6165,100,-9.97,0.17,-0.68,88,477.46,8.79,247.35,333,NW,3.85
2024/10/30 14:25:49,22.02,4210,6165,100,-9.98,0.18,-0.67,88,477.31,8.88,247.26,333,NW,3.85
2024/10/30 14:26:04,22.00,4210,6165,100,-9.96,0.17,-0.65,88,477.35,9.07,247.34,333,NW,3.85
2024/10/30 14:26:19,22.00,4210,6163,100,-9.97,0.17,-0.67,88,476.99,9.01,247.46,333,NW,3.85
2024/10/30 14:26:35,22.00,4209,6163,100,-9.98,0.18,-0.65,88,477.41,9.14,247.39,333,NW,3.85
2024/10/30 14:26:50,22.00,4209,6163,100,-9.98,0.17,-0.69,88,477.24,8.61,247.47,333,NW,3.85
2024/10/30 14:27:06,22.00,4209,6162,100,-9.99,0.17,-0.67,88,477.13,9.02,247.46,333,NW,3.85
2024/10/30 14:27:21,22.02,4209,6163,100,-9.98,0.17,-0.67,88,477.26,8.93,247.36,333,NW,3.85
2024/10/30 14:27:37,22.00,4208,6162,100,-9.97,0.17,-0.67,88,477.45,8.80,247.44,333,NW,3.85
2024/10/30 14:27:52,22.00,4209,6161,100,-9.97,0.17,-0.67,88,477.21,9.02,247.39,333,NW,3.85
2024/10/30 14:28:08,22.00,4208,6161,100,-9.98,0.17,-0.67,88,477.36,9.14,247.46,333,NW,3.85
2024/10/30 14:28:23,22.00,4208,6160,100,-9.97,0.17,-0.66,88,477.39,9.14,247.32,333,NW,3.85
2024/10/30 14:28:38,22.00,4208,6159,100,-9.98,0.17,-0.66,88,477.32,8.91,247.34,333,NW,3.85
2024/10/30 14:28:54,22.00,4208,6160,100,-9.98,0.17,-0.66,88,477.34,9.00,247.38,333,NW,3.85
2024/10/30 14:29:09,22.00,4208,6159,100,-9.97,0.17,-0.67,88,477.29,8.95,247.34,333,NW,3.85
2024/10/30 14:29:25,22.00,4207,6158,100,-9.98,0.17,-0.66,88,477.20,9.13,247.52,333,NW,3.85
2024/10/30 14:29:40,22.00,4207,6158,100,-9.98,0.16,-0.67,88,477.31,9.09,247.45,333,NW,3.85
2024/10/30 14:29:56,22.02,4207,6158,100,-9.97,0.18,-0.66,88,477.41,9.33,247.51,333,NW,3.85
2024/10/30 14:30:11,22.00,4206,6157,100,-9.98,0.17,-0.66,88,477.31,8.91,247.34,333,NW,3.85
2024/10/30 14:30:27,22.00,4206,6158,100,-9.98,0.19,-0.67,88,477.42,9.16,247.33,333,NW,3.85
2024/10/30 14:30:42,22.00,4206,6157,100,-9.97,0.17,-0.67,88,477.15,8.86,247.25,333,NW,3.85
2024/10/30 14:30:58,22.00,4207,6157,100,-9.98,0.18,-0.66,88,477.61,9.33,247.44,333,NW,3.85
2024/10/30 14:31:13,22.00,4206,6157,100,-9.97,0.17,-0.67,88,477.32,8.99,247.33,333,NW,3.85
2024/10/30 14:31:28,22.00,4206,6156,100,-9.97,0.18,-0.68,88,477.50,8.94,247.40,333,NW,3.85
2024/10/30 14:31:44,22.00,4206,6157,100,-9.98,0.17,-0.67,88,477.36,9.19,247.36,333,NW,3.85
2024/10/30 14:31:59,22.00,4206,6158,100,-9.98,0.18,-0.67,88,477.16,8.84,247.44,333,NW,3.85
2024/10/30 14:32:15,22.02,4206,6157,100,-9.98,0.17,-0.67,88,477.34,8.84,247.34,333,NW,3.85
2024/10/30 14:32:30,22.00,4207,6157,100,-9.98,0.17,-0.67,88,477.26,9.13,247.52,333,NW,3.85
2024/10/30 14:32:46,22.00,4207,6158,100,-9.97,0.18,-0.67,88,477.38,8.92,247.40,333,NW,3.85
2024/10/30 14:33:01,22.00,4207,6158,100,-9.98,0.18,-0.66,88,477.43,9.15,247.49,333,NW,3.85
2024/10/30 14:33:17,22.00,4207,6158,100,-9.96,0.17,-0.67,88,477.45,8.62,247.45,333,NW,3.85
2024/10/30 14:33:32,22.02,4207,6158,100,-9.97,0.17,-0.67,88,477.07,8.92,247.39,333,NW,3.85
2024/10/30 14:33:48,22.00,4207,6158,100,-9.98,0.17,-0.68,88,477.28,9.00,247.40,333,NW,3.85
2024/10/30 14:34:03,22.00,4207,6159,100,-9.97,0.17,-0.67,88,477.25,8.80,247.39,333,NW,3.85
2024/10/30 14:34:18,22.00,4207,6159,100,-9.98,0.17,-0.67,88,477.24,9.17,247.47,333,NW,3.85
2024/10/30 14:34:34,22.02,4206,6158,100,-9.98,0.17,-0.67,88,477.28,9.20,247.48,333,NW,3.85
2024/10/30 14:34:49,22.02,4206,6157,100,-9.96,0.17,-0.66,88,477.21,8.92,247.43,333,NW,3.85
2024/10/30 14:35:05,22.00,4207,6158,100,-9.97,0.17,-0.68,88,477.26,9.00,247.39,333,NW,3.85
2024/10/30 14:35:20,22.00,4206,6156,100,-9.98,0.18,-0.68,88,477.19,8.89,247.37,333,NW,3.85
2024/10/30 14:35:36,22.02,4206,6155,100,-9.98,0.18,-0.68,88,477.23,9.22,247.40,333,NW,3.85
2024/10/30 14:35:51,22.02,4205,6155,100,-9.97,0.18,-0.66,88,477.28,8.93,247.43,333,NW,3.85
2024/10/30 14:36:07,22.02,4205,6154,100,-9.97,0.18,-0.67,88,477.37,9.24,247.36,333,NW,3.85
2024/10/30 14:36:22,22.00,4204,6154,100,-9.97,0.18,-0.67,88,477.38,8.92,247.58,333,NW,3.85
2024/10/30 14:36:38,22.00,4204,6154,100,-9.97,0.17,-0.67,88,477.46,8.70,247.49,333,NW,3.85
2024/10/30 14:36:53,22.02,4204,6154,100,-9.97,0.17,-0.67,88,477.26,8.89,247.36,333,NW,3.85
2024/10/30 14:37:08,22.02,4204,6153,100,-9.97,0.18,-0.68,88,477.24,9.11,247.31,333,NW,3.85
2024/10/30 14:37:24,22.00,4204,6154,100,-9.98,0.18,-0.66,88,477.19,9.07,247.41,333,NW,3.85
2024/10/30 14:37:39,22.00,4204,6153,100,-9.98,0.18,-0.67,88,477.19,9.00,247.38,333,NW,3.85
2024/10/30 14:37:55,22.02,4203,6153,100,-9.97,0.18,-0.67,88,477.35,8.98,247.43,333,NW,3.85
2024/10/30 14:38:10,22.02,4203,6152,100,-9.98,0.17,-0.67,88,477.08,9.11,247.47,333,NW,3.85
2024/10/30 14:38:26,22.00,4203,6151,100,-9.98,0.18,-0.66,88,477.38,8.91,247.44,333,NW,3.85
2024/10/30 14:38:41,22.02,4202,6150,100,-9.97,0.17,-0.68,88,477.23,8.83,247.32,333,NW,3.85
2024/10/30 14:38:57,22.00,4202,6149,100,-9.98,0.17,-0.69,88,477.26,9.21,247.24,333,NW,3.85
2024/10/30 14:39:12,22.02,4202,6148,100,-9.96,0.18,-0.69,88,477.11,9.28,247.36,333,NW,3.85
2024/10/30 14:39:28,22.02,4201,6148,100,-9.97,0.17,-0.67,88,477.33,8.94,247.29,333,NW,3.85
2024/10/30 14:39:43,22.02,4201,6148,100,-9.97,0.17,-0.67,88,477.40,9.06,247.48,333,NW,3.85
2024/10/30 14:39:58,22.02,4201,6147,100,-9.98,0.17,-0.69,88,477.34,8.92,247.49,333,NW,3.85
2024/10/30 14:40:14,22.02,4200,6146,100,-9.98,0.18,-0.66,88,477.40,8.89,247.44,333,NW,3.85
2024/10/30 14:40:29,22.02,4201,6146,100,-9.97,0.17,-0.67,88,477.38,8.87,247.45,333,NW,3.85
2024/10/30 14:40:45,22.02,4200,6145,100,-9.97,0.17,-0.66,88,477.25,9.32,247.53,333,NW,3.85
2024/10/30 14:41:00,22.02,4200,6144,100,-9.97,0.19,-0.67,88,477.36,8.96,247.47,333,NW,3.85
2024/10/30 14:41:16,22.02,4199,6144,100,-9.97,0.18,-0.66,88,477.41,9.02,247.56,333,NW,3.85
2024/10/30 14:41:31,22.02,4199,6143,100,-9.97,0.17,-0.66,88,477.19,8.94,247.41,333,NW,3.85
2024/10/30 14:41:47,22.02,4199,6142,100,-9.97,0.17,-0.67,88,477.24,9.00,247.47,333,NW,3.85
2024/10/30 14:42:02,22.02,4199,6143,100,-9.97,0.18,-0.66,88,477.27,8.90,247.32,333,NW,3.85
2024/10/30 14:42:18,22.02,4199,6142,99,-9.96,0.17,-0.67,88,477.52,9.21,247.40,333,NW,3.85
2024/10/30 14:42:33,22.02,4198,6142,100,-9.98,0.17,-0.66,88,477.22,9.08,247.38,333,NW,3.85
2024/10/30 14:42:48,22.02,4198,6142,99,-9.97,0.17,-0.68,88,477.07,8.96,247.40,333,NW,3.85
2024/10/30 14:43:04,22.04,4197,6141,100,-9.97,0.17,-0.67,88,477.48,9.03,247.50,333,NW,3.85
2024/10/30 14:43:19,22.02,4197,6140,100,-9.97,0.17,-0.68,88,477.33,8.55,247.41,333,NW,3.85
2024/10/30 14:43:35,22.02,4196,6140,100,-9.98,0.17,-0.67,88,477.16,8.92,247.45,333,NW,3.85
2024/10/30 14:43:50,22.04,4196,6139,100,-9.97,0.18,-0.67,88,477.20,8.81,247.33,333,NW,3.85
2024/10/30 14:44:06,22.02,4196,6139,100,-9.97,0.18,-0.65,88,477.32,9.05,247.36,333,NW,3.85
2024/10/30 14:44:21,22.04,4196,6138,99,-9.97,0.17,-0.67,88,477.18,9.10,247.35,333,NW,3.85
2024/10/30 14:44:37,22.02,4195,6137,99,-9.97,0.17,-0.69,88,477.49,8.85,247.48,333,NW,3.85
2024/10/30 14:44:52,22.05,4195,6136,99,-9.98,0.18,-0.68,88,477.19,9.04,247.39,333,NW,3.85
2024/10/30 14:45:08,22.04,4195,6136,99,-9.97,0.17,-0.66,88,477.13,8.55,247.42,333,NW,3.85
2024/10/30 14:45:23,22.02,4194,6135,99,-9.97,0.17,-0.67,88,477.18,8.88,247.49,333,NW,3.85
2024/10/30 14:45:38,22.02,4195,6135,99,-9.96,0.17,-0.66,88,477.36,8.55,247.41,333,NW,3.85
2024/10/30 14:45:54,22.02,4194,6135,99,-9.98,0.17,-0.66,88,477.27,9.15,247.43,333,NW,3.85
2024/10/30 14:46:09,22.04,4194,6134,99,-9.96,0.18,-0.68,88,477.11,9.04,247.47,333,NW,3.85
2024/10/30 14:46:25,22.04,4194,6134,99,-9.97,0.18,-0.67,88,477.18,9.05,247.47,333,NW,3.85
2024/10/30 14:46:40,22.04,4194,6134,99,-9.97,0.17,-0.67,88,477.29,8.92,247.40,333,NW,3.85
2024/10/30 14:46:56,22.05,4194,6134,99,-9.96,0.17,-0.67,88,477.39,8.85,247.41,333,NW,3.85
2024/10/30 14:47:11,22.05,4193,6133,99,-9.98,0.17,-0.66,88,477.38,8.83,247.46,333,NW,3.85
2024/10/30 14:47:27,22.06,4193,6132,99,-9.98,0.18,-0.66,88,477.15,9.03,247.48,333,NW,3.85
2024/10/30 14:47:42,22.05,4192,6132,99,-9.98,0.18,-0.67,88,477.27,8.84,247.43,333,NW,3.85
2024/10/30 14:47:57,22.06,4193,6132,99,-9.97,0.18,-0.67,88,477.36,8.88,247.61,333,NW,3.85
2024/10/30 14:48:13,22.06,4193,6131,99,-9.97,0.17,-0.67,88,477.19,9.06,247.51,333,NW,3.85
2024/10/30 14:48:28,22.05,4192,6131,99,-9.96,0.18,-0.67,88,477.26,8.87,247.40,333,NW,3.85
2024/10/30 14:48:44,22.05,4192,6130,99,-9.96,0.18,-0.66,88,477.33,8.86,247.44,333,NW,3.85
2024/10/30 14:48:59,22.06,4191,6129,99,-9.97,0.18,-0.67,88,477.12,8.82,247.29,333,NW,3.85
2024/10/30 14:49:15,22.04,4191,6129,99,-9.97,0.17,-0.67,88,477.24,8.74,247.31,333,NW,3.85
2024/10/30 14:49:30,22.05,4190,6128,99,-9.98,0.17,-0.67,88,477.23,9.18,247.45,333,NW,3.85
2024/10/30 14:49:46,22.05,4190,6127,99,-9.97,0.17,-0.67,88,477.12,8.70,247.45,333,NW,3.85
2024/10/30 14:50:01,22.06,4191,6126,99,-9.97,0.18,-0.68,88,477.26,9.09,247.59,333,NW,3.85
2024/10/30 14:50:16,22.06,4190,6126,99,-9.97,0.17,-0.66,88,477.13,8.86,247.34,333,NW,3.85
2024/10/30 14:50:32,22.06,4189,6125,99,-9.98,0.18,-0.67,88,477.13,8.67,247.37,333,NW,3.85
2024/10/30 14:50:47,22.06,4189,6125,99,-9.97,0.18,-0.68,88,477.32,8.93,247.45,333,NW,3.85
2024/10/30 14:51:03,22.06,4189,6124,99,-9.96,0.19,-0.66,88,477.25,8.94,247.47,333,NW,3.85
2024/10/30 14:51:18,22.06,4189,6124,99,-9.97,0.18,-0.67,88,477.22,8.98,247.49,333,NW,3.85
2024/10/30 14:51:34,22.06,4188,6124,99,-9.97,0.18,-0.67,88,477.25,8.81,247.37,333,NW,3.85
2024/10/30 14:51:49,22.06,4188,6122,99,-9.96,0.18,-0.67,88,477.50,9.18,247.42,333,NW,3.85
2024/10/30 14:52:05,22.06,4188,6122,99,-9.97,0.18,-0.66,88,477.51,8.84,247.52,333,NW,3.85
2024/10/30 14:52:20,22.06,4187,6120,99,-9.97,0.18,-0.67,88,477.34,9.02,247.43,333,NW,3.85
2024/10/30 14:52:36,22.06,4187,6120,99,-9.97,0.18,-0.67,88,477.20,9.10,247.30,333,NW,3.85
2024/10/30 14:52:51,22.06,4186,6119,99,-9.98,0.18,-0.67,88,477.26,9.08,247.40,333,NW,3.85
2024/10/30 14:53:07,22.06,4186,6118,99,-9.96,0.17,-0.66,88,477.35,8.97,247.40,333,NW,3.85
2024/10/30 14:53:22,22.05,4186,6118,99,-9.97,0.17,-0.67,88,477.24,9.13,247.34,333,NW,3.85
2024/10/30 14:53:37,22.06,4185,6117,99,-9.97,0.18,-0.66,88,477.40,8.99,247.39,333,NW,3.85
2024/10/30 14:53:53,22.06,4186,6117,99,-9.97,0.18,-0.68,88,477.21,8.63,247.42,333,NW,3.85
2024/10/30 14:54:08,22.06,4185,6117,99,-9.97,0.17,-0.66,88,477.29,8.86,247.33,333,NW,3.85
2024/10/30 14:54:24,22.06,4184,6116,99,-9.95,0.18,-0.67,88,477.18,8.91,247.44,333,NW,3.85
2024/10/30 14:54:39,22.06,4184,6116,99,-9.97,0.17,-0.67,88,477.22,9.12,247.42,333,NW,3.85
2024/10/30 14:54:55,22.06,4184,6115,99,-9.97,0.17,-0.65,88,477.28,8.74,247.38,333,NW,3.85
2024/10/30 14:55:10,22.06,4184,6115,99,-9.97,0.17,-0.67,88,477.17,8.89,247.37,333,NW,3.85
2024/10/30 14:55:26,22.06,4183,6114,99,-9.96,0.18,-0.66,88,477.44,9.00,247.31,333,NW,3.85
2024/10/30 14:55:41,22.06,4183,6113,99,-9.97,0.18,-0.66,88,477.33,8.78,247.43,333,NW,3.85
2024/10/30 14:55:57,22.06,4183,6112,99,-9.97,0.17,-0.66,88,477.21,9.08,247.48,333,NW,3.85
2024/10/30 14:56:12,22.06,4182,6112,99,-9.96,0.18,-0.66,88,477.30,9.11,247.44,333,NW,3.85
2024/10/30 14:56:27,22.06,4183,6111,98,-9.97,0.17,-0.68,88,477.28,8.81,247.37,333,NW,3.85
2024/10/30 14:56:43,22.06,4183,6111,98,-9.97,0.18,-0.67,88,477.21,8.74,247.53,333,NW,3.85
2024/10/30 14:56:58,22.06,4182,6110,98,-9.97,0.17,-0.66,88,477.30,8.84,247.46,333,NW,3.85
2024/10/30 14:57:14,22.06,4182,6110,99,-9.97,0.18,-0.68,88,477.21,8.82,247.48,333,NW,3.85
2024/10/30 14:57:29,22.06,4181,6110,98,-9.97,0.17,-0.66,88,477.06,8.86,247.48,333,NW,3.85
2024/10/30 14:57:45,22.06,4181,6109,98,-9.97,0.18,-0.68,88,477.07,8.84,247.51,333,NW,3.85
2024/10/30 14:58:00,22.06,4180,6107,98,-9.97,0.18,-0.68,88,477.28,8.97,247.29,333,NW,3.85
2024/10/30 14:58:16,22.06,4180,6107,98,-9.97,0.18,-0.66,88,477.17,8.60,247.42,333,NW,3.85
2024/10/30 14:58:31,22.06,4180,6105,98,-9.97,0.18,-0.67,88,477.06,8.75,247.39,333,NW,3.85
2024/10/30 14:58:47,22.06,4179,6104,98,-9.96,0.18,-0.67,88,477.01,8.70,247.54,333,NW,3.85
2024/10/30 14:59:02,22.06,4179,6103,98,-9.96,0.18,-0.65,88,477.20,8.72,247.44,333,NW,3.85
2024/10/30 14:59:17,22.06,4178,6102,98,-9.96,0.17,-0.68,88,477.29,9.19,247.51,333,NW,3.85
2024/10/30 14:59:33,22.06,4177,6101,98,-9.97,0.18,-0.67,88,476.97,9.12,247.46,333,NW,3.85
2024/10/30 14:59:48,22.06,4177,6100,98,-9.96,0.17,-0.67,88,477.03,8.89,247.49,333,NW,3.85
2024/10/30 15:00:04,22.06,4176,6098,98,-9.97,0.17,-0.67,88,477.32,9.31,247.43,333,NW,3.85
2024/10/30 15:00:19,22.06,4176,6098,98,-9.97,0.18,-0.66,88,477.19,8.99,247.52,333,NW,3.85
2024/10/30 15:00:35,22.06,4176,6097,98,-9.97,0.18,-0.67,88,477.12,8.80,247.35,333,NW,3.85
2024/10/30 15:00:50,22.06,4175,6096,98,-9.96,0.17,-0.66,88,477.19,8.90,247.47,333,NW,3.85
2024/10/30 15:01:06,22.06,4175,6095,98,-9.98,0.17,-0.67,88,477.18,8.82,247.41,333,NW,3.85
2024/10/30 15:01:21,22.06,4175,6094,98,-9.97,0.17,-0.66,88,477.39,8.64,247.41,333,NW,3.85
2024/10/30 15:01:36,22.06,4174,6093,98,-9.97,0.18,-0.68,88,477.39,8.54,247.54,333,NW,3.85
2024/10/30 15:01:52,22.06,4175,6094,98,-9.96,0.18,-0.66,88,476.95,9.13,247.45,333,NW,3.85
2024/10/30 15:02:07,22.06,4174,6093,98,-9.97,0.18,-0.65,88,477.28,9.06,247.31,333,NW,3.85
2024/10/30 15:02:23,22.06,4174,6094,98,-9.96,0.18,-0.66,88,477.37,8.79,247.40,333,NW,3.85
2024/10/30 15:02:38,22.06,4174,6094,98,-9.97,0.18,-0.68,88,477.22,8.59,247.50,333,NW,3.85
2024/10/30 15:02:54,22.06,4174,6093,98,-9.98,0.18,-0.69,88,477.19,8.89,247.42,333,NW,3.85
2024/10/30 15:03:09,22.06,4174,6093,98,-9.96,0.19,-0.67,88,477.28,8.63,247.42,333,NW,3.85
2024/10/30 15:03:25,22.06,4174,6094,98,-9.97,0.18,-0.67,88,477.31,8.79,247.40,333,NW,3.85
2024/10/30 15:03:40,22.06,4174,6093,98,-9.97,0.18,-0.66,88,477.26,8.68,247.43,333,NW,3.85
2024/10/30 15:03:56,22.06,4174,6093,98,-9.97,0.17,-0.67,88,477.44,8.69,247.54,333,NW,3.85
2024/10/30 15:04:11,22.06,4174,6093,98,-9.98,0.17,-0.67,88,477.24,8.80,247.46,333,NW,3.85
2024/10/30 15:04:27,22.06,4173,6093,98,-9.97,0.18,-0.68,88,477.32,8.84,247.35,333,NW,3.85
2024/10/30 15:04:42,22.06,4172,6091,98,-9.97,0.17,-0.66,88,477.16,8.85,247.45,333,NW,3.85
2024/10/30 15:04:57,22.06,4172,6090,98,-9.97,0.17,-0.67,88,477.14,8.63,247.38,333,NW,3.85
2024/10/30 15:05:13,22.06,4172,6090,98,-9.97,0.18,-0.67,88,477.51,8.75,247.46,333,NW,3.85
2024/10/30 15:05:28,22.06,4171,6090,98,-9.96,0.18,-0.67,88,477.21,8.84,247.64,333,NW,3.85
2024/10/30 15:05:44,22.06,4171,6089,98,-9.97,0.17,-0.67,88,477.19,8.71,247.44,333,NW,3.85
2024/10/30 15:05:59,22.06,4170,6087,98,-9.97,0.18,-0.67,88,477.10,9.08,247.48,333,NW,3.85
2024/10/30 15:06:15,22.06,4170,6087,98,-9.97,0.18,-0.66,88,477.17,8.64,247.35,333,NW,3.85
2024/10/30 15:06:30,22.06,4170,6086,98,-9.97,0.18,-0.67,88,477.21,8.79,247.51,333,NW,3.85
2024/10/30 15:06:46,22.06,4168,6084,98,-9.97,0.18,-0.68,88,477.46,8.62,247.54,333,NW,3.85
2024/10/30 15:07:01,22.06,4168,6083,98,-9.97,0.18,-0.67,88,477.26,8.79,247.41,333,NW,3.85
2024/10/30 15:07:17,22.06,4168,6082,97,-9.97,0.18,-0.67,88,477.14,8.84,247.49,333,NW,3.85
2024/10/30 15:07:32,22.06,4167,6081,97,-9.97,0.18,-0.66,88,477.34,8.99,247.56,333,NW,3.85
2024/10/30 15:07:48,22.06,4166,6080,98,-9.97,0.17,-0.67,88,477.29,8.76,247.54,333,NW,3.85
2024/10/30 15:08:03,22.06,4166,6080,98,-9.97,0.19,-0.66,88,477.09,8.76,247.46,333,NW,3.85
2024/10/30 15:08:19,22.06,4165,6077,97,-9.97,0.18,-0.67,88,477.23,8.53,247.51,333,NW,3.84
2024/10/30 15:08:34,22.06,4165,6077,97,-9.96,0.17,-0.67,88,477.20,8.38,247.39,333,NW,3.84
2024/10/30 15:08:50,22.06,4165,6077,97,-9.97,0.18,-0.67,88,477.42,9.04,247.60,333,NW,3.84
2024/10/30 15:09:05,22.06,4164,6074,97,-9.97,0.19,-0.66,88,477.50,8.44,247.45,333,NW,3.85
2024/10/30 15:09:21,22.06,4164,6074,97,-9.96,0.18,-0.66,88,477.19,8.93,247.49,333,NW,3.84
2024/10/30 15:09:36,22.06,4164,6074,97,-9.96,0.18,-0.67,88,477.40,8.74,247.59,333,NW,3.85
2024/10/30 15:09:52,22.08,4163,6074,97,-9.97,0.18,-0.66,88,477.16,8.61,247.47,333,NW,3.84
2024/10/30 15:10:07,22.06,4163,6073,97,-9.97,0.18,-0.67,88,477.46,8.91,247.53,333,NW,3.85
2024/10/30 15:10:23,22.06,4163,6072,97,-9.97,0.18,-0.66,88,477.31,8.82,247.55,333,NW,3.85
2024/10/30 15:10:38,22.06,4162,6072,97,-9.97,0.18,-0.66,88,477.38,8.70,247.39,333,NW,3.85
2024/10/30 15:10:54,22.06,4162,6072,97,-9.96,0.19,-0.67,88,477.31,9.08,247.46,333,NW,3.85
2024/10/30 15:11:09,22.06,4162,6072,97,-9.96,0.18,-0.67,88,477.21,8.61,247.44,333,NW,3.85
2024/10/30 15:11:25,22.06,4161,6070,97,-9.96,0.17,-0.66,88,477.49,8.50,247.39,333,NW,3.85
2024/10/30 15:11:40,22.06,4161,6071,97,-9.97,0.17,-0.67,88,477.32,8.85,247.39,333,NW,3.85
2024/10/30 15:11:55,22.06,4161,6071,97,-9.96,0.18,-0.67,88,477.09,8.82,247.53,333,NW,3.85
2024/10/30 15:12:11,22.06,4162,6070,97,-9.97,0.18,-0.67,88,477.41,8.86,247.34,333,NW,3.85
2024/10/30 15:12:26,22.06,4161,6069,97,-9.97,0.17,-0.67,88,477.37,8.74,247.44,333,NW,3.85
2024/10/30 15:12:42,22.06,4161,6069,97,-9.96,0.17,-0.66,88,477.19,8.83,247.45,333,NW,3.84
2024/10/30 15:12:57,22.06,4161,6069,97,-9.97,0.18,-0.68,88,477.46,8.77,247.39,333,NW,3.85
2024/10/30 15:13:13,22.06,4161,6068,97,-9.96,0.18,-0.67,88,477.36,8.68,247.26,333,NW,3.84
2024/10/30 15:13:28,22.06,4160,6067,97,-9.96,0.18,-0.66,88,477.29,8.73,247.48,333,NW,3.85
2024/10/30 15:13:44,22.06,4160,6067,97,-9.98,0.18,-0.66,88,477.33,8.86,247.46,333,NW,3.85
2024/10/30 15:13:59,22.06,4159,6066,97,-9.97,0.18,-0.67,88,477.27,8.54,247.33,333,NW,3.85
2024/10/30 15:14:15,22.06,4159,6065,97,-9.96,0.18,-0.67,88,477.21,8.62,247.24,333,NW,3.84
2024/10/30 15:14:30,22.06,4158,6065,97,-9.96,0.18,-0.68,88,477.35,8.62,247.42,333,NW,3.85
2024/10/30 15:14:46,22.08,4158,6064,97,-9.96,0.18,-0.68,88,477.13,9.05,247.32,333,NW,3.85
2024/10/30 15:15:01,22.06,4158,6064,97,-9.96,0.17,-0.66,88,477.37,8.68,247.28,333,NW,3.84
2024/10/30 15:15:17,22.08,4158,6063,97,-9.97,0.18,-0.66,88,477.45,8.68,247.35,333,NW,3.85
2024/10/30 15:15:32,22.06,4157,6063,97,-9.96,0.17,-0.68,88,477.23,8.78,247.43,333,NW,3.84
2024/10/30 15:15:48,22.06,4157,6062,97,-9.96,0.18,-0.68,88,477.16,8.85,247.39,333,NW,3.84
2024/10/30 15:16:03,22.06,4157,6063,97,-9.96,0.18,-0.67,88,477.20,8.60,247.57,333,NW,3.84
2024/10/30 15:16:19,22.06,4157,6063,97,-9.96,0.18,-0.68,88,477.26,8.89,247.50,333,NW,3.84
2024/10/30 15:16:34,22.06,4157,6061,97,-9.97,0.18,-0.66,88,477.32,8.77,247.41,333,NW,3.84
2024/10/30 15:16:50,22.06,4157,6062,97,-9.97,0.18,-0.68,88,477.17,8.65,247.35,333,NW,3.85
2024/10/30 15:17:05,22.06,4157,6062,97,-9.96,0.18,-0.67,88,477.21,8.63,247.42,333,NW,3.84
2024/10/30 15:17:21,22.06,4157,6061,97,-9.96,0.18,-0.66,88,477.50,8.81,247.42,333,NW,3.84
2024/10/30 15:17:36,22.06,4156,6061,97,-9.97,0.19,-0.67,88,477.43,8.69,247.52,333,NW,3.84
2024/10/30 15:17:51,22.06,4156,6060,97,-9.96,0.18,-0.67,88,477.22,8.65,247.40,333,NW,3.84
2024/10/30 15:18:07,22.06,4156,6060,97,-9.97,0.18,-0.67,88,477.20,8.53,247.55,333,NW,3.84
2024/10/30 15:18:22,22.06,4155,6060,97,-9.96,0.18,-0.66,88,477.26,8.51,247.44,333,NW,3.84
2024/10/30 15:18:38,22.06,4155,6059,97,-9.96,0.17,-0.68,88,477.22,8.71,247.40,333,NW,3.84
2024/10/30 15:18:53,22.06,4155,6058,97,-9.97,0.19,-0.66,88,477.43,8.72,247.45,333,NW,3.84
2024/10/30 15:19:09,22.06,4155,6058,97,-9.97,0.18,-0.67,88,477.31,8.63,247.44,333,NW,3.84
2024/10/30 15:19:24,22.06,4155,6057,97,-9.96,0.18,-0.66,88,477.26,8.80,247.34,333,NW,3.84
2024/10/30 15:19:40,22.06,4154,6056,97,-9.97,0.17,-0.66,88,477.33,8.71,247.38,333,NW,3.84
2024/10/30 15:19:55,22.06,4154,6056,97,-9.96,0.17,-0.67,88,477.33,8.39,247.46,333,NW,3.84
2024/10/30 15:20:11,22.06,4154,6055,97,-9.96,0.18,-0.68,88,477.29,8.87,247.46,333,NW,3.84
2024/10/30 15:20:26,22.06,4152,6054,97,-9.97,0.17,-0.67,88,477.23,8.40,247.54,333,NW,3.84
2024/10/30 15:20:42,22.06,4152,6053,97,-9.97,0.18,-0.67,88,477.35,8.47,247.41,333,NW,3.84
2024/10/30 15:20:57,22.06,4152,6052,96,-9.96,0.18,-0.66,88,477.45,8.58,247.35,333,NW,3.84
2024/10/30 15:21:13,22.06,4151,6051,97,-9.96,0.17,-0.67,88,477.33,8.63,247.41,333,NW,3.84
2024/10/30 15:21:28,22.06,4151,6050,96,-9.96,0.18,-0.67,88,477.20,8.82,247.43,333,NW,3.84
2024/10/30 15:21:44,22.06,4151,6049,96,-9.96,0.18,-0.66,88,477.17,8.69,247.52,333,NW,3.84
2024/10/30 15:21:59,22.06,4151,6049,96,-9.96,0.18,-0.67,88,477.20,8.82,247.31,333,NW,3.84
2024/10/30 15:22:15,22.06,4150,6048,96,-9.96,0.18,-0.68,88,477.34,8.82,247.40,333,NW,3.84
2024/10/30 15:22:30,22.06,4150,6047,96,-9.96,0.18,-0.67,88,477.11,8.56,247.46,333,NW,3.84
2024/10/30 15:22:46,22.06,4149,6046,96,-9.95,0.19,-0.65,88,477.41,8.81,247.42,333,NW,3.84
2024/10/30 15:23:01,22.06,4149,6045,96,-9.96,0.18,-0.68,88,477.27,8.57,247.27,333,NW,3.84
2024/10/30 15:23:17,22.06,4148,6045,96,-9.96,0.18,-0.67,88,477.11,8.45,247.19,333,NW,3.84
2024/10/30 15:23:32,22.06,4147,6044,96,-9.97,0.18,-0.67,88,477.21,8.75,247.46,333,NW,3.84
2024/10/30 15:23:48,22.06,4146,6043,96,-9.96,0.18,-0.68,88,477.45,8.81,247.29,333,NW,3.84
2024/10/30 15:24:03,22.08,4146,6042,96,-9.96,0.18,-0.65,88,477.31,8.97,247.37,333,NW,3.84
2024/10/30 15:24:18,22.06,4146,6042,96,-9.95,0.18,-0.67,88,477.45,8.90,247.33,333,NW,3.84
2024/10/30 15:24:34,22.06,4146,6042,96,-9.97,0.18,-0.66,88,477.34,8.82,247.40,333,NW,3.84
2024/10/30 15:24:49,22.06,4146,6042,96,-9.96,0.18,-0.68,88,477.32,8.42,247.36,333,NW,3.84
2024/10/30 15:25:05,22.06,4146,6041,96,-9.96,0.18,-0.67,88,477.31,9.00,247.38,333,NW,3.84
2024/10/30 15:25:20,22.06,4146,6041,96,-9.95,0.18,-0.66,88,477.47,8.90,247.24,333,NW,3.84
2024/10/30 15:25:36,22.06,4146,6041,96,-9.97,0.18,-0.68,88,477.41,8.59,247.49,333,NW,3.84
2024/10/30 15:25:51,22.06,4146,6041,96,-9.97,0.17,-0.67,88,477.31,8.96,247.44,333,NW,3.84
2024/10/30 15:26:07,22.06,4146,6041,96,-9.96,0.18,-0.66,88,477.36,8.49,247.25,333,NW,3.84
2024/10/30 15:26:22,22.08,4146,6041,96,-9.96,0.17,-0.67,88,477.29,8.60,247.51,333,NW,3.84
2024/10/30 15:26:38,22.06,4145,6040,96,-9.96,0.18,-0.67,88,477.43,8.66,247.42,333,NW,3.84
2024/10/30 15:26:53,22.06,4145,6040,96,-9.96,0.17,-0.67,88,477.18,8.96,247.51,333,NW,3.84
2024/10/30 15:27:09,22.08,4145,6040,96,-9.97,0.18,-0.66,88,477.33,9.11,247.46,333,NW,3.84
2024/10/30 15:27:24,22.06,4145,6041,96,-9.96,0.18,-0.66,88,477.22,8.74,247.43,333,NW,3.84
2024/10/30 15:27:40,22.06,4145,6039,96,-9.95,0.18,-0.66,88,477.47,9.10,247.50,333,NW,3.84
2024/10/30 15:27:55,22.06,4145,6039,96,-9.96,0.18,-0.67,88,477.38,8.96,247.46,333,NW,3.84
2024/10/30 15:28:11,22.06,4144,6039,96,-9.97,0.18,-0.67,88,477.18,8.80,247.42,333,NW,3.84
2024/10/30 15:28:26,22.06,4143,6039,96,-9.96,0.17,-0.67,88,477.30,8.65,247.40,333,NW,3.84
2024/10/30 15:28:42,22.06,4144,6038,96,-9.97,0.18,-0.67,88,477.32,8.33,247.34,333,NW,3.84
2024/10/30 15:28:57,22.06,4144,6038,96,-9.96,0.18,-0.66,88,477.29,8.79,247.33,333,NW,3.84
2024/10/30 15:29:13,22.06,4143,6036,96,-9.97,0.18,-0.67,88,477.55,8.77,247.45,333,NW,3.84
2024/10/30 15:29:28,22.06,4143,6035,96,-9.97,0.18,-0.67,88,477.37,8.75,247.44,333,NW,3.85
2024/10/30 15:29:44,22.06,4142,6035,96,-9.97,0.18,-0.67,88,477.32,8.81,247.28,333,NW,3.84
2024/10/30 15:29:59,22.06,4142,6035,96,-9.96,0.18,-0.66,88,477.19,8.74,247.46,333,NW,3.84
2024/10/30 15:30:14,22.06,4142,6034,96,-9.96,0.18,-0.67,88,477.24,8.61,247.41,333,NW,3.84
2024/10/30 15:30:30,22.06,4142,6032,96,-9.97,0.17,-0.66,88,477.15,8.82,247.54,333,NW,3.84
2024/10/30 15:30:45,22.06,4141,6032,96,-9.96,0.17,-0.66,88,477.31,8.69,247.45,333,NW,3.84
2024/10/30 15:31:01,22.06,4141,6032,96,-9.96,0.18,-0.67,88,477.32,8.63,247.36,333,NW,3.84
2024/10/30 15:31:16,22.06,4141,6032,96,-9.96,0.18,-0.67,88,477.35,8.75,247.38,333,NW,3.84
2024/10/30 15:31:32,22.06,4140,6030,96,-9.96,0.18,-0.66,88,477.23,8.83,247.38,333,NW,3.84
2024/10/30 15:31:47,22.06,4140,6030,96,-9.97,0.18,-0.67,88,477.36,8.86,247.36,333,NW,3.84
2024/10/30 15:32:03,22.06,4140,6029,96,-9.95,0.18,-0.67,88,477.26,8.98,247.48,333,NW,3.84
2024/10/30 15:32:18,22.06,4139,6028,96,-9.96,0.18,-0.66,88,477.31,8.63,247.53,333,NW,3.84
2024/10/30 15:32:34,22.08,4139,6028,96,-9.96,0.18,-0.68,88,477.25,8.66,247.55,333,NW,3.84
2024/10/30 15:32:49,22.06,4138,6026,96,-9.97,0.18,-0.65,88,477.33,8.51,247.34,333,NW,3.84
2024/10/30 15:33:05,22.06,4138,6026,96,-9.96,0.18,-0.66,88,477.26,8.78,247.39,333,NW,3.84
2024/10/30 15:33:20,22.06,4138,6024,96,-9.96,0.17,-0.67,88,477.41,8.75,247.40,333,NW,3.84
2024/10/30 15:33:36,22.06,4138,6024,96,-9.97,0.17,-0.67,88,477.25,8.73,247.45,333,NW,3.84
2024/10/30 15:33:51,22.06,4137,6023,96,-9.95,0.18,-0.67,88,477.14,8.56,247.47,333,NW,3.84
2024/10/30 15:34:07,22.06,4137,6022,95,-9.96,0.18,-0.66,88,477.32,8.69,247.44,333,NW,3.84
2024/10/30 15:34:22,22.06,4136,6021,95,-9.96,0.19,-0.67,88,477.48,8.64,247.46,333,NW,3.84
2024/10/30 15:34:38,22.06,4136,6020,95,-9.96,0.17,-0.66,88,477.30,8.88,247.42,333,NW,3.84
2024/10/30 15:34:53,22.06,4135,6020,95,-9.96,0.18,-0.68,88,477.52,8.83,247.51,333,NW,3.84
2024/10/30 15:35:09,22.06,4135,6019,95,-9.96,0.18,-0.66,88,477.37,8.60,247.41,333,NW,3.84
2024/10/30 15:35:24,22.06,4135,6018,95,-9.96,0.19,-0.66,88,477.42,8.74,247.38,333,NW,3.84
2024/10/30 15:35:40,22.06,4135,6017,95,-9.96,0.17,-0.66,88,477.32,8.53,247.32,333,NW,3.84
2024/10/30 15:35:55,22.06,4135,6017,95,-9.95,0.18,-0.67,88,477.46,8.89,247.45,333,NW,3.84
2024/10/30 15:36:11,22.06,4134,6017,95,-9.96,0.18,-0.66,88,477.42,8.43,247.32,333,NW,3.84
2024/10/30 15:36:26,22.06,4134,6015,95,-9.96,0.19,-0.66,88,477.33,8.43,247.34,333,NW,3.84
2024/10/30 15:36:41,22.06,4133,6015,95,-9.96,0.17,-0.67,88,477.39,8.57,247.48,333,NW,3.84
2024/10/30 15:36:57,22.06,4133,6015,95,-9.95,0.19,-0.68,88,477.28,8.54,247.47,333,NW,3.84
2024/10/30 15:37:12,22.06,4133,6015,95,-9.96,0.18,-0.67,88,477.34,8.47,247.39,333,NW,3.84
2024/10/30 15:37:28,22.06,4133,6015,95,-9.96,0.18,-0.67,88,477.15,8.50,247.38,333,NW,3.84
2024/10/30 15:37:43,22.06,4133,6015,95,-9.96,0.17,-0.66,88,477.33,8.71,247.31,333,NW,3.84
2024/10/30 15:37:59,22.06,4133,6014,95,-9.97,0.18,-0.66,88,477.28,8.64,247.49,333,NW,3.84
2024/10/30 15:38:14,22.06,4133,6014,95,-9.97,0.18,-0.67,88,477.02,8.56,247.54,333,NW,3.84
2024/10/30 15:38:30,22.06,4133,6014,95,-9.96,0.18,-0.67,88,477.23,8.56,247.39,333,NW,3.84
2024/10/30 15:38:45,22.06,4133,6015,95,-9.96,0.17,-0.66,88,477.28,8.72,247.51,333,NW,3.84
2024/10/30 15:39:01,22.06,4133,6014,95,-9.96,0.18,-0.65,88,477.28,8.95,247.45,333,NW,3.84
2024/10/30 15:39:16,22.06,4132,6013,95,-9.96,0.18,-0.66,88,477.52,8.58,247.49,333,NW,3.84
2024/10/30 15:39:32,22.06,4132,6013,95,-9.96,0.18,-0.68,88,477.38,8.44,247.46,333,NW,3.84
2024/10/30 15:39:47,22.06,4132,6013,95,-9.95,0.18,-0.66,88,477.36,8.37,247.29,333,NW,3.84
2024/10/30 15:40:03,22.08,4132,6013,95,-9.96,0.18,-0.67,88,477.42,8.74,247.42,333,NW,3.84
2024/10/30 15:40:18,22.06,4132,6013,95,-9.97,0.18,-0.67,88,477.55,8.58,247.40,333,NW,3.84
2024/10/30 15:40:34,22.06,4131,6012,95,-9.96,0.18,-0.68,88,477.34,8.53,247.40,333,NW,3.84
2024/10/30 15:40:49,22.06,4131,6012,95,-9.96,0.18,-0.67,88,477.16,8.57,247.40,333,NW,3.84
2024/10/30 15:41:05,22.06,4131,6011,95,-9.96,0.18,-0.67,88,477.37,8.74,247.44,333,NW,3.84
2024/10/30 15:41:20,22.06,4131,6011,95,-9.97,0.18,-0.66,88,477.52,8.73,247.39,333,NW,3.84
2024/10/30 15:41:36,22.06,4130,6010,95,-9.96,0.18,-0.65,88,477.57,8.74,247.39,333,NW,3.84
2024/10/30 15:41:51,22.06,4130,6009,95,-9.96,0.19,-0.67,88,477.48,8.72,247.42,333,NW,3.84
2024/10/30 15:42:07,22.06,4129,6008,95,-9.96,0.18,-0.67,88,477.13,8.63,247.39,333,NW,3.84
2024/10/30 15:42:22,22.06,4129,6007,95,-9.97,0.18,-0.68,88,477.50,8.46,247.52,333,NW,3.84
2024/10/30 15:42:37,22.06,4129,6006,95,-9.96,0.17,-0.67,88,477.52,8.48,247.51,333,NW,3.84
2024/10/30 15:42:53,22.06,4128,6006,95,-9.97,0.18,-0.67,88,477.31,8.62,247.42,333,NW,3.84
2024/10/30 15:43:08,22.06,4128,6003,95,-9.96,0.16,-0.66,88,477.33,8.59,247.38,333,NW,3.84
2024/10/30 15:43:24,22.06,4127,6003,95,-9.96,0.18,-0.66,88,477.29,8.48,247.20,333,NW,3.84
2024/10/30 15:43:39,22.06,4126,6002,95,-9.96,0.18,-0.68,88,477.39,8.86,247.48,333,NW,3.84
2024/10/30 15:43:55,22.06,4126,6002,95,-9.97,0.17,-0.67,88,477.30,8.59,247.32,333,NW,3.84
2024/10/30 15:44:10,22.06,4126,6001,95,-9.96,0.18,-0.66,88,477.40,8.54,247.42,333,NW,3.84
2024/10/30 15:44:26,22.06,4125,6000,95,-9.96,0.17,-0.67,88,477.35,8.44,247.45,333,NW,3.84
2024/10/30 15:44:41,22.06,4124,5999,95,-9.96,0.18,-0.67,88,477.39,8.63,247.51,333,NW,3.84
2024/10/30 15:44:57,22.06,4124,5998,95,-9.97,0.19,-0.66,88,477.40,8.68,247.41,333,NW,3.84
2024/10/30 15:45:12,22.06,4124,5997,95,-9.96,0.18,-0.67,88,477.43,8.61,247.45,333,NW,3.84
2024/10/30 15:45:28,22.06,4124,5996,95,-9.96,0.18,-0.65,88,477.47,8.74,247.56,333,NW,3.84
2024/10/30 15:45:43,22.06,4123,5996,95,-9.96,0.18,-0.66,88,477.06,8.81,247.38,333,NW,3.84
2024/10/30 15:45:59,22.06,4124,5996,95,-9.97,0.18,-0.66,88,477.35,8.92,247.38,333,NW,3.84
2024/10/30 15:46:14,22.06,4123,5995,95,-9.96,0.18,-0.68,88,477.36,8.90,247.52,333,NW,3.84
2024/10/30 15:46:30,22.06,4123,5994,94,-9.97,0.18,-0.67,88,477.55,8.61,247.51,333,NW,3.84
2024/10/30 15:46:45,22.06,4123,5995,95,-9.97,0.18,-0.67,88,477.36,8.85,247.58,333,NW,3.84
2024/10/30 15:47:01,22.06,4123,5994,95,-9.96,0.19,-0.68,88,477.38,8.37,247.50,333,NW,3.84
2024/10/30 15:47:16,22.06,4123,5994,94,-9.96,0.18,-0.66,88,477.55,8.70,247.46,333,NW,3.84
2024/10/30 15:47:32,22.06,4122,5994,94,-9.96,0.17,-0.66,88,477.41,8.69,247.43,333,NW,3.84
2024/10/30 15:47:47,22.06,4123,5993,94,-9.96,0.17,-0.67,88,477.33,8.76,247.45,333,NW,3.84
2024/10/30 15:48:03,22.06,4122,5993,94,-9.95,0.17,-0.66,88,477.35,8.53,247.48,333,NW,3.84
2024/10/30 15:48:18,22.06,4122,5992,94,-9.95,0.18,-0.67,88,477.31,8.40,247.46,333,NW,3.84
2024/10/30 15:48:34,22.06,4122,5992,95,-9.96,0.18,-0.67,88,477.33,8.69,247.43,333,NW,3.84
2024/10/30 15:48:49,22.06,4121,5992,94,-9.97,0.19,-0.66,88,477.47,8.42,247.41,333,NW,3.84
2024/10/30 15:49:04,22.06,4121,5991,94,-9.96,0.18,-0.66,88,477.51,8.63,247.48,333,NW,3.84
2024/10/30 15:49:20,22.06,4121,5991,94,-9.96,0.18,-0.68,88,477.36,8.73,247.51,333,NW,3.84
2024/10/30 15:49:35,22.06,4120,5990,94,-9.96,0.17,-0.67,88,477.11,8.92,247.47,333,NW,3.84
2024/10/30 15:49:51,22.06,4120,5989,94,-9.96,0.18,-0.67,88,477.38,8.44,247.50,333,NW,3.84
2024/10/30 15:50:06,22.06,4119,5988,94,-9.96,0.17,-0.67,88,477.49,8.54,247.45,333,NW,3.84
2024/10/30 15:50:22,22.06,4119,5987,94,-9.97,0.17,-0.66,88,477.35,8.80,247.48,333,NW,3.84
2024/10/30 15:50:37,22.06,4119,5986,94,-9.96,0.18,-0.67,88,477.41,8.69,247.39,333,NW,3.84
2024/10/30 15:50:53,22.06,4118,5985,94,-9.96,0.17,-0.66,88,477.55,8.49,247.46,333,NW,3.84
2024/10/30 15:51:08,22.06,4118,5984,94,-9.95,0.19,-0.66,88,477.24,8.72,247.40,333,NW,3.84
2024/10/30 15:51:24,22.06,4117,5984,94,-9.97,0.19,-0.67,88,477.48,8.75,247.39,333,NW,3.84
2024/10/30 15:51:39,22.06,4117,5983,94,-9.96,0.17,-0.67,88,477.41,8.97,247.42,333,NW,3.84
2024/10/30 15:51:55,22.06,4117,5982,94,-9.95,0.18,-0.67,88,477.43,8.59,247.50,333,NW,3.84
2024/10/30 15:52:10,22.06,4117,5982,94,-9.96,0.18,-0.67,88,477.49,8.82,247.50,333,NW,3.84
2024/10/30 15:52:26,22.06,4116,5983,94,-9.96,0.17,-0.67,88,477.33,8.76,247.48,333,NW,3.84
2024/10/30 15:52:41,22.06,4116,5981,94,-9.95,0.18,-0.66,88,477.47,8.49,247.51,333,NW,3.84
2024/10/30 15:52:57,22.06,4116,5982,94,-9.96,0.18,-0.67,88,477.51,8.51,247.53,333,NW,3.84
2024/10/30 15:53:12,22.06,4115,5981,94,-9.96,0.19,-0.68,88,477.53,8.68,247.46,333,NW,3.84
2024/10/30 15:53:28,22.06,4116,5981,94,-9.96,0.17,-0.66,88,477.28,8.64,247.57,333,NW,3.84
2024/10/30 15:53:43,22.06,4116,5981,94,-9.95,0.18,-0.67,88,477.32,8.50,247.40,333,NW,3.84
2024/10/30 15:53:59,22.06,4116,5981,94,-9.97,0.19,-0.67,88,477.39,8.47,247.46,333,NW,3.84
2024/10/30 15:54:14,22.06,4115,5979,94,-9.95,0.17,-0.67,88,477.42,8.83,247.42,333,NW,3.84
2024/10/30 15:54:30,22.06,4115,5980,94,-9.95,0.18,-0.67,88,477.36,8.57,247.57,333,NW,3.84
2024/10/30 15:54:45,22.06,4115,5981,94,-9.96,0.18,-0.67,88,477.37,8.53,247.40,333,NW,3.84
2024/10/30 15:55:01,22.06,4115,5980,94,-9.97,0.18,-0.66,88,477.33,8.78,247.43,333,NW,3.84
2024/10/30 15:55:16,22.06,4115,5979,94,-9.97,0.18,-0.67,88,477.13,8.83,247.46,333,NW,3.84
2024/10/30 15:55:31,22.05,4115,5979,94,-9.96,0.19,-0.67,88,477.57,8.46,247.47,333,NW,3.84
2024/10/30 15:55:47,22.06,4115,5979,94,-9.96,0.18,-0.67,88,477.31,8.46,247.46,333,NW,3.84
2024/10/30 15:56:02,22.06,4114,5979,94,-9.95,0.17,-0.67,88,477.34,8.25,247.32,333,NW,3.84
2024/10/30 15:56:18,22.06,4115,5978,94,-9.95,0.19,-0.66,88,477.40,8.58,247.34,333,NW,3.84
2024/10/30 15:56:33,22.06,4113,5977,94,-9.96,0.18,-0.67,88,477.22,8.57,247.46,333,NW,3.84
2024/10/30 15:56:49,22.06,4113,5977,94,-9.95,0.18,-0.66,88,477.35,8.37,247.49,333,NW,3.84
2024/10/30 15:57:04,22.06,4113,5977,94,-9.97,0.19,-0.67,88,477.38,8.35,247.54,333,NW,3.84
2024/10/30 15:57:20,22.06,4114,5977,94,-9.96,0.18,-0.68,88,477.50,8.50,247.27,333,NW,3.84
2024/10/30 15:57:35,22.06,4113,5976,94,-9.96,0.17,-0.67,88,477.23,8.73,247.57,333,NW,3.84
2024/10/30 15:57:51,22.06,4112,5976,94,-9.96,0.18,-0.66,88,477.31,8.47,247.47,333,NW,3.84
2024/10/30 15:58:06,22.05,4113,5975,94,-9.96,0.17,-0.67,88,477.47,8.78,247.53,333,NW,3.84
2024/10/30 15:58:22,22.06,4112,5975,94,-9.96,0.19,-0.66,88,477.45,8.65,247.42,333,NW,3.84
2024/10/30 15:58:37,22.06,4112,5974,94,-9.95,0.19,-0.67,88,477.52,8.70,247.36,333,NW,3.84
2024/10/30 15:58:53,22.05,4112,5974,94,-9.96,0.18,-0.67,88,477.51,8.70,247.34,333,NW,3.84
2024/10/30 15:59:08,22.06,4112,5974,94,-9.95,0.18,-0.66,88,477.39,8.66,247.46,333,NW,3.84
2024/10/30 15:59:24,22.06,4111,5973,94,-9.96,0.18,-0.67,88,477.42,8.29,247.37,333,NW,3.84
2024/10/30 15:59:39,22.06,4111,5973,94,-9.95,0.20,-0.66,88,477.15,8.24,247.50,333,NW,3.84
2024/10/30 15:59:55,22.06,4111,5972,94,-9.95,0.18,-0.67,88,477.40,8.71,247.52,333,NW,3.84
2024/10/30 16:00:10,22.06,4111,5972,94,-9.95,0.17,-0.67,88,477.42,8.71,247.41,333,NW,3.84
2024/10/30 16:00:26,22.05,4111,5971,94,-9.97,0.18,-0.66,88,477.35,8.49,247.45,333,NW,3.84
2024/10/30 16:00:41,22.02,4110,5970,94,-9.96,0.18,-0.65,88,477.30,8.61,247.36,333,NW,3.84
2024/10/30 16:00:57,22.04,4111,5971,94,-9.96,0.17,-0.66,88,477.39,8.58,247.62,333,NW,3.84
2024/10/30 16:01:12,22.02,4110,5971,94,-9.96,0.18,-0.67,88,477.42,8.83,247.40,333,NW,3.84
2024/10/30 16:01:27,22.05,4110,5970,94,-9.96,0.20,-0.66,88,477.29,8.51,247.53,333,NW,3.84
2024/10/30 16:01:43,22.02,4109,5970,94,-9.95,0.18,-0.66,88,477.64,8.59,247.41,333,NW,3.84
2024/10/30 16:01:58,22.06,4109,5969,94,-9.96,0.17,-0.65,88,477.31,8.66,247.57,333,NW,3.84
2024/10/30 16:02:14,22.05,4109,5968,94,-9.95,0.18,-0.66,88,477.17,8.40,247.45,333,NW,3.84
2024/10/30 16:02:29,22.04,4109,5968,94,-9.95,0.17,-0.67,88,477.41,8.50,247.40,333,NW,3.84
2024/10/30 16:02:45,22.02,4109,5967,94,-9.95,0.18,-0.67,88,477.50,8.73,247.55,333,NW,3.84
2024/10/30 16:03:00,22.06,4108,5967,94,-9.95,0.18,-0.66,88,477.33,8.44,247.46,333,NW,3.84
2024/10/30 16:03:16,22.05,4108,5967,94,-9.95,0.18,-0.67,88,477.51,8.62,247.50,333,NW,3.84
2024/10/30 16:03:31,22.02,4108,5967,94,-9.96,0.18,-0.66,88,477.39,8.47,247.55,333,NW,3.84
2024/10/30 16:03:47,22.04,4108,5967,94,-9.95,0.18,-0.67,88,477.51,8.94,247.47,333,NW,3.84
2024/10/30 16:04:02,22.05,4108,5966,94,-9.97,0.18,-0.67,88,477.22,8.76,247.38,333,NW,3.84
2024/10/30 16:04:18,22.02,4107,5965,94,-9.96,0.19,-0.67,88,477.38,8.56,247.45,333,NW,3.84
2024/10/30 16:04:33,22.05,4108,5965,94,-9.95,0.18,-0.66,88,477.36,8.26,247.48,333,NW,3.84
2024/10/30 16:04:49,22.02,4107,5965,94,-9.95,0.17,-0.67,88,477.31,8.47,247.40,333,NW,3.84
2024/10/30 16:05:04,22.02,4107,5965,94,-9.95,0.18,-0.67,88,477.19,8.66,247.42,333,NW,3.84
2024/10/30 16:05:20,22.02,4107,5964,94,-9.95,0.18,-0.67,88,477.27,8.77,247.36,333,NW,3.84
2024/10/30 16:05:35,22.02,4107,5964,93,-9.95,0.17,-0.66,88,477.34,8.84,247.33,333,NW,3.84
2024/10/30 16:05:51,22.02,4106,5963,93,-9.96,0.18,-0.67,88,477.36,8.43,247.44,333,NW,3.84
2024/10/30 16:06:06,22.02,4107,5963,93,-9.96,0.19,-0.67,88,477.23,8.89,247.46,333,NW,3.84
2024/10/30 16:06:22,22.06,4106,5964,94,-9.95,0.19,-0.67,88,477.32,8.84,247.53,333,NW,3.84
2024/10/30 16:06:37,22.00,4106,5962,94,-9.96,0.18,-0.67,88,477.42,8.35,247.56,333,NW,3.84
2024/10/30 16:06:53,22.02,4106,5962,93,-9.95,0.18,-0.66,88,477.47,8.42,247.38,333,NW,3.83
2024/10/30 16:07:08,22.02,4105,5962,94,-9.95,0.18,-0.67,88,477.36,8.58,247.38,333,NW,3.83
2024/10/30 16:07:23,22.02,4105,5962,94,-9.96,0.18,-0.67,88,477.51,8.63,247.52,333,NW,3.84
2024/10/30 16:07:39,22.02,4105,5961,94,-9.96,0.17,-0.66,88,477.51,8.69,247.27,333,NW,3.84
2024/10/30 16:07:55,22.02,4105,5961,94,-9.96,0.18,-0.66,88,477.51,8.70,247.50,333,NW,3.84
2024/10/30 16:08:10,22.02,4104,5961,94,-9.97,0.18,-0.66,88,477.44,8.46,247.46,333,NW,3.84
2024/10/30 16:08:25,22.02,4104,5960,93,-9.96,0.18,-0.67,88,477.46,8.32,247.50,333,NW,3.84
2024/10/30 16:08:41,22.02,4104,5959,93,-9.95,0.17,-0.68,88,477.30,8.94,247.39,333,NW,3.84
2024/10/30 16:08:56,22.02,4104,5959,93,-9.96,0.17,-0.66,88,477.53,8.41,247.49,333,NW,3.84
2024/10/30 16:09:12,22.02,4103,5959,93,-9.95,0.18,-0.66,88,477.31,8.62,247.32,333,NW,3.84
2024/10/30 16:09:27,22.02,4103,5959,94,-9.95,0.18,-0.67,88,477.32,8.59,247.48,333,NW,3.83
2024/10/30 16:09:43,22.02,4103,5958,93,-9.96,0.18,-0.66,88,477.41,8.49,247.40,333,NW,3.84
2024/10/30 16:09:58,22.02,4102,5957,93,-9.95,0.18,-0.67,88,477.30,8.49,247.35,333,NW,3.84
2024/10/30 16:10:14,22.00,4102,5957,93,-9.97,0.18,-0.67,88,477.51,8.42,247.37,333,NW,3.84
2024/10/30 16:10:29,22.02,4102,5956,93,-9.94,0.18,-0.66,88,477.47,8.43,247.34,333,NW,3.84
2024/10/30 16:10:45,22.02,4102,5956,93,-9.96,0.17,-0.67,88,477.50,8.82,247.35,333,NW,3.84
2024/10/30 16:11:00,22.02,4102,5954,93,-9.96,0.18,-0.66,88,477.50,8.41,247.34,333,NW,3.84
2024/10/30 16:11:16,22.02,4101,5955,93,-9.95,0.18,-0.66,88,477.46,8.32,247.38,333,NW,3.84
2024/10/30 16:11:31,22.00,4101,5955,93,-9.95,0.18,-0.67,88,477.25,8.71,247.39,333,NW,3.83
2024/10/30 16:11:47,22.02,4100,5953,93,-9.95,0.18,-0.67,88,477.54,8.35,247.46,333,NW,3.84
2024/10/30 16:12:02,22.02,4100,5953,93,-9.96,0.18,-0.66,88,477.54,8.58,247.48,333,NW,3.84
2024/10/30 16:12:18,22.00,4100,5952,93,-9.96,0.18,-0.67,88,477.57,8.78,247.37,333,NW,3.83
2024/10/30 16:12:33,22.02,4100,5952,93,-9.95,0.19,-0.66,88,477.43,8.53,247.47,333,NW,3.84
2024/10/30 16:12:49,22.00,4100,5952,93,-9.94,0.19,-0.67,88,477.46,8.33,247.44,333,NW,3.83
2024/10/30 16:13:04,22.02,4100,5951,93,-9.96,0.18,-0.67,88,477.27,8.45,247.40,333,NW,3.84
2024/10/30 16:13:20,22.00,4099,5951,93,-9.94,0.19,-0.66,88,477.26,8.45,247.51,333,NW,3.84
2024/10/30 16:13:35,22.02,4099,5950,93,-9.96,0.18,-0.67,88,477.39,8.55,247.51,333,NW,3.83
2024/10/30 16:13:50,22.02,4099,5950,93,-9.96,0.18,-0.67,88,477.53,8.46,247.56,333,NW,3.83
2024/10/30 16:14:06,22.00,4099,5950,93,-9.95,0.19,-0.68,88,477.41,8.91,247.53,333,NW,3.83
2024/10/30 16:14:21,22.00,4098,5949,93,-9.96,0.18,-0.67,88,477.25,8.75,247.52,333,NW,3.84
2024/10/30 16:14:37,22.02,4098,5949,93,-9.95,0.18,-0.67,88,477.29,8.72,247.36,333,NW,3.83
2024/10/30 16:14:52,22.02,4098,5949,93,-9.96,0.18,-0.67,88,477.55,8.78,247.44,333,NW,3.83
2024/10/30 16:15:08,22.00,4098,5949,93,-9.95,0.19,-0.67,88,477.38,8.67,247.48,333,NW,3.83
2024/10/30 16:15:23,22.02,4098,5949,93,-9.95,0.18,-0.68,88,477.18,8.95,247.38,333,NW,3.83
2024/10/30 16:15:39,22.02,4098,5949,93,-9.95,0.18,-0.66,88,477.40,8.68,247.48,333,NW,3.83
2024/10/30 16:15:54,22.00,4098,5948,93,-9.96,0.18,-0.67,88,477.33,8.67,247.53,333,NW,3.84
2024/10/30 16:16:10,22.00,4097,5947,93,-9.96,0.19,-0.67,88,477.35,8.70,247.35,333,NW,3.83
2024/10/30 16:16:25,22.00,4097,5947,93,-9.95,0.18,-0.66,88,477.25,8.56,247.38,333,NW,3.83
2024/10/30 16:16:41,22.02,4097,5947,93,-9.96,0.18,-0.66,88,477.36,8.39,247.36,333,NW,3.83
2024/10/30 16:16:56,22.00,4097,5947,93,-9.96,0.18,-0.67,88,477.40,8.66,247.46,333,NW,3.83
2024/10/30 16:17:12,22.02,4097,5946,93,-9.95,0.18,-0.67,88,477.36,8.63,247.56,333,NW,3.83
2024/10/30 16:17:27,22.00,4096,5946,93,-9.96,0.18,-0.66,88,477.31,8.40,247.49,333,NW,3.84
2024/10/30 16:17:43,22.02,4096,5945,93,-9.95,0.18,-0.68,88,477.33,8.44,247.45,333,NW,3.84
2024/10/30 16:17:58,22.00,4096,5946,93,-9.95,0.19,-0.67,88,477.06,8.48,247.50,333,NW,3.84
2024/10/30 16:18:14,22.00,4096,5945,93,-9.96,0.19,-0.66,88,477.45,8.78,247.33,333,NW,3.83
2024/10/30 16:18:29,22.00,4096,5945,93,-9.96,0.18,-0.68,88,477.35,8.71,247.44,333,NW,3.83
2024/10/30 16:18:45,22.00,4095,5944,93,-9.96,0.18,-0.67,88,477.19,8.63,247.40,333,NW,3.84
2024/10/30 16:19:00,22.00,4095,5943,93,-9.96,0.18,-0.66,88,477.20,8.60,247.36,333,NW,3.83
2024/10/30 16:19:16,22.00,4095,5943,93,-9.96,0.18,-0.66,88,477.51,8.56,247.47,333,NW,3.83
2024/10/30 16:19:31,22.00,4095,5942,93,-9.96,0.19,-0.68,88,477.40,8.46,247.28,333,NW,3.83
2024/10/30 16:19:47,22.00,4095,5942,93,-9.95,0.18,-0.67,88,477.39,8.62,247.43,333,NW,3.83
2024/10/30 16:20:02,22.00,4094,5942,93,-9.95,0.18,-0.67,88,477.36,8.48,247.52,333,NW,3.83
2024/10/30 16:20:17,22.00,4094,5942,93,-9.96,0.18,-0.66,88,477.45,8.53,247.45,333,NW,3.83
2024/10/30 16:20:33,22.00,4095,5941,93,-9.96,0.18,-0.66,88,477.31,8.55,247.48,333,NW,3.83
2024/10/30 16:20:48,22.00,4094,5940,93,-9.95,0.19,-0.66,88,477.36,8.47,247.31,333,NW,3.83
2024/10/30 16:21:04,22.00,4094,5941,93,-9.94,0.18,-0.66,88,477.38,8.60,247.32,333,NW,3.83
2024/10/30 16:21:19,22.02,4093,5939,93,-9.97,0.18,-0.67,88,477.38,8.51,247.48,333,NW,3.83
2024/10/30 16:21:35,22.00,4093,5939,93,-9.95,0.18,-0.67,88,477.42,8.47,247.39,333,NW,3.83
2024/10/30 16:21:50,22.00,4094,5939,93,-9.95,0.19,-0.67,88,477.34,8.58,247.39,333,NW,3.83
2024/10/30 16:22:06,22.00,4093,5939,93,-9.95,0.18,-0.66,88,477.22,8.79,247.42,333,NW,3.83
2024/10/30 16:22:21,22.00,4094,5939,93,-9.96,0.17,-0.67,88,477.39,8.54,247.45,333,NW,3.83
2024/10/30 16:22:37,22.00,4093,5939,93,-9.95,0.18,-0.67,88,477.37,8.41,247.38,333,NW,3.83
2024/10/30 16:22:52,22.00,4093,5939,93,-9.95,0.18,-0.67,88,477.32,8.75,247.38,333,NW,3.83
2024/10/30 16:23:08,22.00,4092,5938,93,-9.95,0.18,-0.67,88,477.33,8.45,247.32,333,NW,3.83
2024/10/30 16:23:23,22.00,4093,5938,93,-9.96,0.18,-0.67,88,477.24,8.54,247.48,333,NW,3.83
2024/10/30 16:23:39,22.00,4093,5937,93,-9.95,0.19,-0.67,88,477.24,8.49,247.57,333,NW,3.83
2024/10/30 16:23:54,22.00,4092,5938,93,-9.94,0.18,-0.67,88,477.60,8.61,247.39,333,NW,3.83
2024/10/30 16:24:10,22.00,4092,5938,93,-9.96,0.18,-0.68,88,477.30,8.41,247.31,333,NW,3.83
2024/10/30 16:24:25,22.00,4092,5937,93,-9.95,0.18,-0.66,88,477.33,8.69,247.42,333,NW,3.83
2024/10/30 16:24:41,22.00,4092,5937,93,-9.95,0.19,-0.67,88,477.57,8.91,247.48,333,NW,3.83
2024/10/30 16:24:56,22.00,4092,5937,93,-9.96,0.18,-0.67,88,477.28,8.52,247.47,333,NW,3.83
2024/10/30 16:25:12,22.00,4091,5936,93,-9.96,0.18,-0.65,88,477.34,8.34,247.42,333,NW,3.83
2024/10/30 16:25:27,22.00,4091,5936,93,-9.96,0.18,-0.67,88,477.32,8.86,247.51,333,NW,3.83
2024/10/30 16:25:43,22.00,4091,5936,93,-9.95,0.18,-0.67,88,477.30,8.75,247.52,333,NW,3.83
2024/10/30 16:25:58,22.00,4091,5935,93,-9.95,0.18,-0.68,88,477.11,8.50,247.46,333,NW,3.83
2024/10/30 16:26:14,22.00,4091,5934,93,-9.95,0.19,-0.68,88,477.17,8.75,247.52,333,NW,3.83
2024/10/30 16:26:29,22.00,4091,5935,93,-9.96,0.18,-0.67,88,477.46,8.47,247.47,333,NW,3.83
2024/10/30 16:26:44,22.00,4090,5935,93,-9.96,0.18,-0.67,88,477.12,8.37,247.41,333,NW,3.83
2024/10/30 16:27:00,22.00,4090,5935,93,-9.95,0.18,-0.67,88,477.31,8.66,247.50,333,NW,3.83
2024/10/30 16:27:15,22.00,4090,5934,93,-9.96,0.18,-0.66,88,477.28,8.65,247.35,333,NW,3.83
2024/10/30 16:27:31,22.00,4090,5934,93,-9.95,0.18,-0.68,88,477.30,8.84,247.43,333,NW,3.83
2024/10/30 16:27:46,22.00,4090,5935,93,-9.95,0.18,-0.66,88,477.24,8.67,247.33,333,NW,3.83
2024/10/30 16:28:02,22.00,4090,5933,93,-9.95,0.18,-0.66,88,477.49,8.44,247.32,333,NW,3.83
2024/10/30 16:28:17,22.00,4089,5933,93,-9.95,0.18,-0.67,88,477.22,8.55,247.61,333,NW,3.83
2024/10/30 16:28:33,22.00,4090,5933,93,-9.96,0.19,-0.67,88,477.21,8.71,247.39,333,NW,3.83
2024/10/30 16:28:48,22.00,4089,5933,93,-9.96,0.18,-0.67,88,477.40,8.72,247.43,333,NW,3.83
2024/10/30 16:29:04,22.00,4089,5932,93,-9.96,0.18,-0.66,88,477.49,8.46,247.40,333,NW,3.83
2024/10/30 16:29:19,22.00,4089,5932,93,-9.96,0.18,-0.67,88,477.51,8.70,247.47,333,NW,3.83
2024/10/30 16:29:35,22.00,4089,5932,93,-9.96,0.18,-0.66,88,477.26,8.55,247.49,333,NW,3.83
2024/10/30 16:29:50,22.00,4088,5931,93,-9.95,0.18,-0.68,88,477.28,8.51,247.40,333,NW,3.83
2024/10/30 16:30:06,22.00,4088,5931,93,-9.96,0.18,-0.66,88,477.29,8.40,247.40,333,NW,3.83
2024/10/30 16:30:21,22.00,4088,5930,93,-9.96,0.19,-0.66,88,477.52,8.39,247.39,333,NW,3.83
2024/10/30 16:30:37,22.00,4088,5929,92,-9.95,0.19,-0.66,88,477.22,8.87,247.39,333,NW,3.83
2024/10/30 16:30:52,22.00,4088,5930,93,-9.95,0.18,-0.66,88,477.35,8.49,247.42,333,NW,3.83
2024/10/30 16:31:08,22.00,4088,5930,93,-9.96,0.19,-0.66,88,477.29,8.57,247.41,333,NW,3.83
2024/10/30 16:31:23,22.00,4088,5931,92,-9.95,0.18,-0.66,88,477.35,8.49,247.45,333,NW,3.83
2024/10/30 16:31:39,22.00,4088,5929,93,-9.95,0.18,-0.67,88,477.23,8.50,247.45,333,NW,3.83
2024/10/30 16:31:54,22.00,4087,5929,93,-9.96,0.18,-0.66,88,477.25,8.66,247.45,333,NW,3.83
2024/10/30 16:32:10,22.00,4087,5929,93,-9.95,0.18,-0.67,88,477.31,8.49,247.53,333,NW,3.83
2024/10/30 16:32:25,22.00,4087,5929,93,-9.96,0.19,-0.66,88,477.28,8.64,247.45,333,NW,3.83
2024/10/30 16:32:40,22.00,4087,5929,93,-9.96,0.19,-0.67,88,477.34,8.63,247.46,333,NW,3.83
2024/10/30 16:32:56,22.00,4087,5928,93,-9.96,0.18,-0.67,88,477.35,8.77,247.35,333,NW,3.83
2024/10/30 16:33:11,22.00,4087,5928,93,-9.95,0.18,-0.66,88,477.40,8.59,247.45,333,NW,3.83
2024/10/30 16:33:27,22.00,4087,5929,93,-9.95,0.17,-0.67,88,477.36,8.75,247.45,333,NW,3.83
2024/10/30 16:33:42,22.00,4086,5927,92,-9.95,0.19,-0.67,88,477.21,8.65,247.32,333,NW,3.83
2024/10/30 16:33:58,22.00,4086,5928,93,-9.95,0.18,-0.66,88,477.38,8.53,247.42,333,NW,3.83
2024/10/30 16:34:13,22.00,4086,5927,92,-9.95,0.18,-0.67,88,477.25,8.72,247.41,333,NW,3.83
2024/10/30 16:34:29,22.00,4086,5927,92,-9.95,0.18,-0.67,88,477.30,8.76,247.40,333,NW,3.83
2024/10/30 16:34:44,22.00,4086,5927,92,-9.95,0.18,-0.66,88,477.42,8.56,247.34,333,NW,3.83
2024/10/30 16:35:00,22.00,4086,5927,93,-9.95,0.19,-0.67,88,477.36,8.56,247.50,333,NW,3.83
2024/10/30 16:35:15,22.00,4085,5926,92,-9.95,0.18,-0.66,88,477.53,8.78,247.44,333,NW,3.83
2024/10/30 16:35:31,22.00,4086,5927,92,-9.95,0.19,-0.66,88,477.30,8.38,247.30,333,NW,3.83
2024/10/30 16:35:46,22.00,4085,5926,92,-9.96,0.18,-0.67,88,477.32,8.70,247.30,333,NW,3.83
2024/10/30 16:36:02,22.00,4085,5927,93,-9.95,0.18,-0.66,88,477.44,8.36,247.29,333,NW,3.83
2024/10/30 16:36:17,22.00,4085,5925,92,-9.95,0.18,-0.68,88,477.24,8.45,247.40,333,NW,3.83
2024/10/30 16:36:33,22.00,4085,5926,92,-9.95,0.19,-0.67,88,477.38,8.85,247.38,333,NW,3.83
2024/10/30 16:36:48,22.00,4085,5924,92,-9.96,0.18,-0.66,88,477.38,8.76,247.42,333,NW,3.83
2024/10/30 16:37:04,22.00,4085,5924,92,-9.96,0.18,-0.66,88,477.47,8.70,247.52,333,NW,3.83
2024/10/30 16:37:19,22.00,4085,5924,92,-9.96,0.18,-0.67,88,477.46,8.62,247.38,333,NW,3.83
2024/10/30 16:37:35,22.00,4084,5925,93,-9.95,0.18,-0.66,88,477.42,8.64,247.37,333,NW,3.83
2024/10/30 16:37:50,22.00,4085,5924,92,-9.95,0.18,-0.67,88,477.48,8.30,247.37,333,NW,3.83
2024/10/30 16:38:06,22.00,4085,5925,92,-9.97,0.18,-0.67,88,477.66,8.57,247.48,333,NW,3.83
2024/10/30 16:38:21,22.00,4084,5923,92,-9.95,0.18,-0.68,88,477.29,8.47,247.49,333,NW,3.83
2024/10/30 16:38:37,22.00,4084,5924,92,-9.95,0.19,-0.67,88,477.35,8.65,247.35,333,NW,3.83
2024/10/30 16:38:52,22.00,4084,5924,92,-9.95,0.18,-0.67,88,477.44,8.72,247.52,333,NW,3.83
2024/10/30 16:39:07,22.00,4084,5924,92,-9.95,0.19,-0.66,88,477.37,8.40,247.38,333,NW,3.83
2024/10/30 16:39:23,22.00,4084,5923,92,-9.95,0.18,-0.67,88,477.36,8.30,247.39,333,NW,3.83
2024/10/30 16:39:38,22.00,4084,5923,92,-9.95,0.18,-0.68,88,477.59,8.54,247.53,333,NW,3.83
2024/10/30 16:39:54,22.00,4083,5923,92,-9.95,0.19,-0.66,88,477.30,8.69,247.47,333,NW,3.83
2024/10/30 16:40:09,22.00,4084,5923,92,-9.95,0.18,-0.66,88,477.45,8.72,247.44,333,NW,3.83
2024/10/30 16:40:25,22.00,4083,5922,92,-9.95,0.19,-0.67,88,477.42,8.31,247.50,333,NW,3.83
2024/10/30 16:40:40,22.00,4083,5922,92,-9.95,0.18,-0.66,88,477.28,8.61,247.50,333,NW,3.83
2024/10/30 16:40:56,22.00,4083,5922,92,-9.95,0.19,-0.66,88,477.35,8.25,247.45,333,NW,3.83
2024/10/30 16:41:11,22.00,4083,5922,92,-9.96,0.18,-0.67,88,477.27,8.42,247.42,333,NW,3.83
2024/10/30 16:41:27,22.00,4083,5921,92,-9.96,0.18,-0.66,88,477.54,8.71,247.47,333,NW,3.83
2024/10/30 16:41:42,22.00,4083,5922,92,-9.95,0.18,-0.67,88,477.54,8.89,247.50,333,NW,3.83
2024/10/30 16:41:58,22.00,4082,5922,92,-9.96,0.18,-0.67,88,477.50,8.60,247.31,333,NW,3.83
2024/10/30 16:42:13,22.00,4082,5921,92,-9.96,0.19,-0.67,88,477.35,8.42,247.44,333,NW,3.83
2024/10/30 16:42:29,22.00,4083,5922,92,-9.95,0.18,-0.68,88,477.49,8.61,247.54,333,NW,3.83
2024/10/30 16:42:44,22.00,4082,5920,92,-9.95,0.18,-0.68,88,477.45,8.28,247.51,333,NW,3.83
2024/10/30 16:43:00,22.00,4082,5920,92,-9.96,0.18,-0.66,88,477.46,8.92,247.49,333,NW,3.83
2024/10/30 16:43:15,22.00,4082,5921,92,-9.94,0.18,-0.66,88,477.30,8.52,247.41,333,NW,3.83
2024/10/30 16:43:31,22.00,4082,5920,92,-9.95,0.17,-0.67,88,477.43,8.70,247.42,333,NW,3.83
2024/10/30 16:43:46,22.00,4082,5920,92,-9.95,0.18,-0.67,88,477.32,8.49,247.41,333,NW,3.83
2024/10/30 16:44:02,22.00,4082,5920,92,-9.94,0.18,-0.67,88,477.26,8.58,247.48,333,NW,3.83
2024/10/30 16:44:17,22.00,4082,5919,92,-9.96,0.18,-0.66,88,477.13,8.37,247.43,333,NW,3.83
2024/10/30 16:44:33,22.00,4082,5920,92,-9.95,0.18,-0.67,88,477.27,8.43,247.41,333,NW,3.83
2024/10/30 16:44:48,22.00,4082,5919,92,-9.94,0.18,-0.67,88,477.51,8.63,247.47,333,NW,3.83
2024/10/30 16:45:04,22.00,4081,5919,92,-9.95,0.19,-0.66,88,477.24,8.50,247.46,333,NW,3.83
2024/10/30 16:45:19,22.00,4082,5919,92,-9.95,0.18,-0.66,88,477.36,8.86,247.44,333,NW,3.83
2024/10/30 16:45:34,22.00,4081,5919,92,-9.96,0.18,-0.67,88,477.34,8.35,247.56,333,NW,3.83
2024/10/30 16:45:50,22.00,4081,5919,92,-9.96,0.19,-0.68,88,477.36,8.63,247.49,333,NW,3.83
2024/10/30 16:46:05,22.00,4081,5918,92,-9.96,0.19,-0.67,88,477.36,8.42,247.46,333,NW,3.83
2024/10/30 16:46:21,22.00,4081,5919,92,-9.95,0.18,-0.66,88,477.36,8.44,247.45,333,NW,3.83
2024/10/30 16:46:36,22.00,4081,5918,92,-9.94,0.19,-0.66,88,477.26,8.38,247.50,333,NW,3.83
2024/10/30 16:46:52,22.00,4081,5918,92,-9.96,0.18,-0.67,88,477.30,8.53,247.48,333,NW,3.83
2024/10/30 16:47:07,22.00,4081,5918,92,-9.96,0.18,-0.67,88,477.42,8.75,247.52,333,NW,3.83
2024/10/30 16:47:23,22.00,4080,5918,92,-9.95,0.18,-0.66,88,477.37,8.44,247.39,333,NW,3.83
2024/10/30 16:47:38,22.00,4080,5917,92,-9.95,0.18,-0.66,88,477.21,8.75,247.50,333,NW,3.83
2024/10/30 16:47:54,22.00,4080,5917,92,-9.95,0.18,-0.67,88,477.22,8.16,247.29,333,NW,3.83
2024/10/30 16:48:09,22.00,4080,5917,92,-9.94,0.18,-0.66,88,477.43,8.55,247.44,333,NW,3.83
2024/10/30 16:48:25,22.00,4080,5916,92,-9.95,0.18,-0.66,88,477.51,8.57,247.54,333,NW,3.83
2024/10/30 16:48:40,22.00,4080,5916,92,-9.95,0.19,-0.67,88,477.31,8.57,247.57,333,NW,3.83
2024/10/30 16:48:56,22.00,4080,5916,92,-9.95,0.19,-0.66,88,477.48,8.82,247.61,333,NW,3.83
2024/10/30 16:49:11,22.00,4080,5916,92,-9.95,0.18,-0.66,88,477.33,8.74,247.51,333,NW,3.83
2024/10/30 16:49:27,22.00,4080,5915,92,-9.96,0.18,-0.65,88,477.21,8.55,247.48,333,NW,3.83
2024/10/30 16:49:42,22.00,4079,5916,92,-9.95,0.18,-0.67,88,477.51,8.52,247.46,333,NW,3.83
2024/10/30 16:49:58,22.00,4079,5915,92,-9.95,0.18,-0.66,88,477.35,8.65,247.39,333,NW,3.83
2024/10/30 16:50:13,22.00,4079,5915,92,-9.95,0.18,-0.67,88,477.46,8.58,247.49,333,NW,3.83
2024/10/30 16:50:29,22.00,4080,5915,92,-9.95,0.18,-0.67,88,477.60,8.70,247.39,333,NW,3.83
2024/10/30 16:50:44,22.00,4079,5915,92,-9.94,0.19,-0.67,88,477.40,8.52,247.37,333,NW,3.83
2024/10/30 16:51:00,22.00,4079,5915,92,-9.96,0.18,-0.67,88,477.46,8.54,247.42,333,NW,3.83
2024/10/30 16:51:15,22.00,4079,5914,92,-9.95,0.18,-0.67,88,477.41,8.54,247.40,333,NW,3.83
2024/10/30 16:51:30,22.00,4079,5914,92,-9.95,0.17,-0.68,88,477.45,8.48,247.45,333,NW,3.83
2024/10/30 16:51:46,22.00,4079,5914,92,-9.96,0.18,-0.66,88,477.49,8.53,247.53,333,NW,3.83
2024/10/30 16:52:01,22.00,4079,5915,92,-9.96,0.19,-0.65,88,477.51,8.72,247.53,333,NW,3.83
2024/10/30 16:52:17,22.00,4079,5915,92,-9.95,0.18,-0.67,88,477.37,8.71,247.58,333,NW,3.83
2024/10/30 16:52:32,22.00,4079,5914,92,-9.95,0.19,-0.67,88,477.27,8.51,247.50,333,NW,3.83
2024/10/30 16:52:48,22.00,4078,5914,92,-9.95,0.18,-0.67,88,477.29,8.66,247.54,333,NW,3.83
2024/10/30 16:53:03,22.00,4079,5914,92,-9.95,0.18,-0.68,88,477.42,8.58,247.38,333,NW,3.83
2024/10/30 16:53:19,22.00,4078,5914,92,-9.96,0.18,-0.66,88,477.43,8.55,247.56,333,NW,3.83
2024/10/30 16:53:34,22.00,4078,5914,92,-9.95,0.19,-0.67,88,477.31,8.59,247.44,333,NW,3.83
2024/10/30 16:53:50,22.00,4078,5914,92,-9.94,0.19,-0.67,88,477.18,8.81,247.53,333,NW,3.83
2024/10/30 16:54:05,22.00,4078,5913,92,-9.95,0.19,-0.65,88,477.45,8.66,247.49,333,NW,3.83
2024/10/30 16:54:21,22.00,4078,5913,92,-9.95,0.19,-0.66,88,477.30,8.40,247.48,333,NW,3.83
2024/10/30 16:54:36,22.00,4078,5913,92,-9.95,0.19,-0.67,88,477.36,8.68,247.59,333,NW,3.83
2024/10/30 16:54:52,22.00,4077,5912,92,-9.95,0.19,-0.66,88,477.38,8.46,247.57,333,NW,3.83
2024/10/30 16:55:07,22.00,4078,5913,92,-9.95,0.19,-0.66,88,477.55,8.34,247.60,333,NW,3.83
2024/10/30 16:55:23,22.00,4078,5912,92,-9.96,0.18,-0.66,88,477.52,8.46,247.49,333,NW,3.83
2024/10/30 16:55:38,22.00,4078,5913,92,-9.95,0.18,-0.67,88,477.35,8.65,247.49,333,NW,3.83
2024/10/30 16:55:54,22.00,4078,5912,92,-9.95,0.19,-0.66,88,477.27,8.62,247.62,333,NW,3.83
2024/10/30 16:56:09,22.00,4077,5912,92,-9.95,0.19,-0.66,88,477.53,8.82,247.50,333,NW,3.83
2024/10/30 16:56:25,22.00,4077,5912,92,-9.96,0.17,-0.66,88,477.27,8.28,247.53,333,NW,3.83
2024/10/30 16:56:40,22.00,4077,5912,92,-9.95,0.19,-0.65,88,477.25,8.67,247.46,333,NW,3.83
2024/10/30 16:56:56,22.00,4077,5911,92,-9.95,0.18,-0.68,88,477.35,8.57,247.49,333,NW,3.83
2024/10/30 16:57:11,22.00,4077,5911,92,-9.95,0.19,-0.67,88,477.36,8.68,247.54,333,NW,3.83
2024/10/30 16:57:27,22.00,4077,5911,92,-9.95,0.18,-0.68,88,477.43,8.44,247.44,333,NW,3.83
2024/10/30 16:57:42,22.00,4077,5911,92,-9.95,0.18,-0.67,88,477.27,8.57,247.53,333,NW,3.83
2024/10/30 16:57:57,22.00,4077,5911,92,-9.95,0.19,-0.66,88,477.31,8.61,247.46,333,NW,3.83
2024/10/30 16:58:13,22.00,4077,5911,92,-9.95,0.17,-0.66,88,477.42,8.59,247.45,333,NW,3.83
2024/10/30 16:58:28,22.00,4077,5911,92,-9.94,0.18,-0.67,88,477.34,8.41,247.55,333,NW,3.83
2024/10/30 16:58:44,22.00,4076,5910,92,-9.95,0.18,-0.67,88,477.19,8.44,247.40,333,NW,3.83
2024/10/30 16:58:59,22.00,4076,5911,92,-9.94,0.18,-0.66,88,477.40,8.73,247.47,333,NW,3.83
2024/10/30 16:59:15,22.00,4076,5910,92,-9.96,0.19,-0.67,88,477.54,8.53,247.39,333,NW,3.83
2024/10/30 16:59:30,22.00,4076,5910,92,-9.96,0.19,-0.67,88,477.18,8.61,247.43,333,NW,3.83
2024/10/30 16:59:46,22.00,4076,5910,92,-9.95,0.19,-0.67,88,477.40,8.57,247.63,333,NW,3.83
2024/10/30 17:00:01,22.00,4076,5910,92,-9.94,0.18,-0.67,88,477.29,8.73,247.52,333,NW,3.83
2024/10/30 17:00:17,22.00,4076,5910,92,-9.94,0.19,-0.66,88,477.21,8.47,247.48,333,NW,3.83
2024/10/30 17:00:32,22.00,4075,5910,92,-9.94,0.18,-0.67,88,477.34,8.68,247.44,333,NW,3.83
2024/10/30 17:00:48,22.00,4075,5909,92,-9.95,0.18,-0.65,88,477.34,8.69,247.48,333,NW,3.83
2024/10/30 17:01:03,22.00,4075,5909,92,-9.96,0.19,-0.65,88,477.36,8.59,247.44,333,NW,3.83
2024/10/30 17:01:19,22.00,4075,5910,92,-9.96,0.18,-0.67,88,477.47,8.63,247.53,333,NW,3.83
2024/10/30 17:01:34,22.00,4076,5909,92,-9.95,0.18,-0.66,88,477.37,8.46,247.47,333,NW,3.83
2024/10/30 17:01:50,22.00,4076,5910,92,-9.96,0.18,-0.66,88,477.41,8.55,247.44,333,NW,3.83
2024/10/30 17:02:05,22.00,4075,5909,92,-9.95,0.19,-0.66,88,477.33,8.81,247.50,333,NW,3.83
2024/10/30 17:02:21,22.00,4076,5909,92,-9.95,0.18,-0.66,88,477.48,8.33,247.51,333,NW,3.83
2024/10/30 17:02:36,22.00,4075,5909,92,-9.95,0.19,-0.67,88,477.36,8.61,247.47,333,NW,3.83
2024/10/30 17:02:52,22.00,4075,5909,92,-9.95,0.18,-0.66,88,477.49,8.61,247.44,333,NW,3.83
2024/10/30 17:03:07,22.00,4075,5909,92,-9.96,0.18,-0.67,88,477.54,8.51,247.52,333,NW,3.83
2024/10/30 17:03:23,22.00,4075,5909,92,-9.95,0.18,-0.66,88,477.16,8.62,247.51,333,NW,3.83
2024/10/30 17:03:38,22.00,4075,5908,92,-9.96,0.19,-0.67,88,477.39,8.38,247.38,333,NW,3.83
2024/10/30 17:03:54,22.00,4075,5909,92,-9.95,0.18,-0.67,88,477.20,8.46,247.48,333,NW,3.83
2024/10/30 17:04:09,22.00,4075,5908,92,-9.95,0.19,-0.67,88,477.30,8.66,247.38,333,NW,3.83
2024/10/30 17:04:24,22.00,4075,5908,92,-9.95,0.18,-0.67,88,477.39,8.52,247.43,333,NW,3.83
2024/10/30 17:04:40,22.00,4074,5908,92,-9.96,0.19,-0.65,88,477.24,8.32,247.53,333,NW,3.83
2024/10/30 17:04:55,22.00,4075,5908,92,-9.94,0.19,-0.66,88,477.35,8.69,247.57,333,NW,3.83
2024/10/30 17:05:11,22.00,4074,5908,92,-9.96,0.18,-0.66,88,477.40,8.65,247.56,333,NW,3.83
2024/10/30 17:05:26,22.00,4074,5907,92,-9.96,0.18,-0.67,88,477.52,8.67,247.37,333,NW,3.83
2024/10/30 17:05:42,22.00,4074,5907,92,-9.94,0.18,-0.68,88,477.48,8.64,247.39,333,NW,3.83
2024/10/30 17:05:57,22.00,4074,5908,92,-9.95,0.18,-0.66,88,477.58,8.33,247.43,333,NW,3.83
2024/10/30 17:06:13,22.00,4074,5908,92,-9.94,0.18,-0.67,88,477.56,8.52,247.47,333,NW,3.83
2024/10/30 17:06:28,22.02,4074,5907,92,-9.95,0.18,-0.67,88,477.10,8.61,247.33,333,NW,3.83
2024/10/30 17:06:44,22.00,4074,5907,92,-9.95,0.19,-0.65,88,477.43,8.56,247.44,333,NW,3.83
2024/10/30 17:06:59,22.00,4074,5907,92,-9.95,0.18,-0.67,88,477.54,8.59,247.38,333,NW,3.83
2024/10/30 17:07:15,22.00,4074,5907,92,-9.94,0.19,-0.66,88,477.32,8.37,247.46,333,NW,3.83
2024/10/30 17:07:30,22.00,4074,5906,92,-9.95,0.19,-0.67,88,477.41,8.56,247.50,333,NW,3.83
2024/10/30 17:07:46,22.00,4074,5906,92,-9.94,0.18,-0.66,88,477.30,8.45,247.54,333,NW,3.83
2024/10/30 17:08:01,22.00,4074,5907,92,-9.96,0.19,-0.67,88,477.25,8.67,247.47,333,NW,3.83
2024/10/30 17:08:17,22.00,4074,5906,92,-9.94,0.19,-0.67,88,477.54,8.76,247.35,333,NW,3.83
2024/10/30 17:08:32,22.00,4074,5907,92,-9.94,0.19,-0.66,88,477.29,8.39,247.28,333,NW,3.83
2024/10/30 17:08:48,22.00,4074,5907,92,-9.95,0.19,-0.66,88,477.12,8.85,247.49,333,NW,3.83
2024/10/30 17:09:03,22.00,4073,5906,92,-9.95,0.18,-0.66,88,477.19,8.75,247.45,333,NW,3.83
2024/10/30 17:09:19,22.00,4073,5906,92,-9.95,0.18,-0.66,88,477.54,8.52,247.47,333,NW,3.83
2024/10/30 17:09:34,22.00,4074,5906,92,-9.95,0.18,-0.66,88,477.33,8.77,247.41,333,NW,3.83
2024/10/30 17:09:49,22.00,4073,5906,92,-9.94,0.18,-0.65,88,477.25,8.66,247.33,333,NW,3.83
2024/10/30 17:10:05,22.00,4073,5905,92,-9.95,0.17,-0.68,88,477.41,8.43,247.32,333,NW,3.83
2024/10/30 17:10:21,22.00,4073,5906,92,-9.96,0.19,-0.67,88,477.32,8.58,247.46,333,NW,3.83
2024/10/30 17:10:36,22.00,4073,5906,92,-9.95,0.18,-0.66,88,477.31,8.60,247.46,333,NW,3.83
2024/10/30 17:10:51,22.00,4073,5906,92,-9.95,0.19,-0.66,88,477.31,8.44,247.51,333,NW,3.83
2024/10/30 17:11:07,22.00,4072,5906,92,-9.95,0.19,-0.67,88,477.32,8.57,247.36,333,NW,3.83
2024/10/30 17:11:22,22.00,4073,5906,92,-9.96,0.18,-0.66,88,477.39,8.56,247.33,333,NW,3.83
2024/10/30 17:11:38,22.00,4073,5907,92,-9.95,0.17,-0.68,88,477.45,8.51,247.43,333,NW,3.83
2024/10/30 17:11:53,22.00,4072,5906,92,-9.95,0.18,-0.66,88,477.36,8.44,247.34,333,NW,3.83
2024/10/30 17:12:09,22.00,4072,5906,92,-9.95,0.18,-0.67,88,477.25,8.80,247.36,333,NW,3.83
2024/10/30 17:12:24,22.00,4073,5906,92,-9.96,0.18,-0.66,88,477.27,8.52,247.32,333,NW,3.83
2024/10/30 17:12:40,22.00,4073,5906,92,-9.96,0.18,-0.65,88,477.25,8.55,247.40,333,NW,3.83
2024/10/30 17:12:55,22.00,4073,5906,92,-9.94,0.20,-0.67,88,477.40,8.88,247.41,333,NW,3.83
2024/10/30 17:13:11,22.00,4072,5905,92,-9.94,0.18,-0.66,88,477.29,8.73,247.37,333,NW,3.83
2024/10/30 17:13:26,22.00,4072,5905,92,-9.95,0.18,-0.66,88,477.41,9.02,247.33,333,NW,3.83
2024/10/30 17:13:42,22.00,4072,5905,92,-9.95,0.19,-0.67,88,477.51,8.56,247.31,333,NW,3.83
2024/10/30 17:13:57,22.00,4072,5905,92,-9.95,0.18,-0.67,88,477.35,8.37,247.32,333,NW,3.82
2024/10/30 17:14:13,22.00,4072,5905,92,-9.95,0.18,-0.67,88,477.33,8.80,247.42,333,NW,3.83
2024/10/30 17:14:28,22.02,4072,5905,92,-9.95,0.18,-0.66,88,477.33,8.75,247.32,333,NW,3.83
2024/10/30 17:14:44,22.00,4072,5905,92,-9.95,0.19,-0.67,88,477.37,8.70,247.39,333,NW,3.83
2024/10/30 17:14:59,22.00,4072,5905,92,-9.95,0.18,-0.67,88,477.26,8.62,247.49,333,NW,3.83
2024/10/30 17:15:15,22.00,4072,5905,92,-9.95,0.19,-0.67,88,477.36,8.76,247.42,333,NW,3.83
2024/10/30 17:15:30,22.00,4072,5905,92,-9.95,0.18,-0.66,88,477.32,8.48,247.47,333,NW,3.83
2024/10/30 17:15:46,22.00,4072,5905,92,-9.94,0.19,-0.66,88,477.46,8.31,247.44,333,NW,3.83
2024/10/30 17:16:01,22.00,4072,5904,92,-9.95,0.18,-0.66,88,477.24,8.76,247.30,333,NW,3.83
2024/10/30 17:16:17,22.00,4072,5905,92,-9.94,0.18,-0.69,88,477.33,8.65,247.32,333,NW,3.83
2024/10/30 17:16:32,22.00,4071,5904,92,-9.95,0.18,-0.66,88,477.24,8.62,247.44,333,NW,3.83
2024/10/30 17:16:47,22.00,4071,5904,92,-9.95,0.19,-0.67,88,477.40,8.84,247.43,333,NW,3.83
2024/10/30 17:17:03,22.00,4071,5905,92,-9.95,0.18,-0.66,88,477.40,8.67,247.42,333,NW,3.83
2024/10/30 17:17:18,22.00,4071,5905,92,-9.95,0.19,-0.67,88,477.39,8.60,247.35,333,NW,3.82
2024/10/30 17:17:34,22.00,4072,5904,92,-9.94,0.18,-0.66,88,477.23,8.47,247.35,333,NW,3.82
2024/10/30 17:17:49,22.00,4071,5904,92,-9.95,0.19,-0.66,88,477.45,8.76,247.34,333,NW,3.83
2024/10/30 17:18:05,22.00,4072,5904,92,-9.94,0.19,-0.67,88,477.24,8.49,247.33,333,NW,3.82
2024/10/30 17:18:20,22.00,4071,5903,92,-9.96,0.18,-0.67,88,477.47,8.45,247.45,333,NW,3.83
2024/10/30 17:18:36,22.00,4071,5903,92,-9.96,0.18,-0.66,88,477.67,8.49,247.36,333,NW,3.83
2024/10/30 17:18:51,22.00,4071,5903,92,-9.94,0.19,-0.67,88,477.34,8.39,247.34,333,NW,3.83
2024/10/30 17:19:07,22.00,4071,5903,92,-9.94,0.18,-0.66,88,477.34,8.38,247.47,333,NW,3.83
2024/10/30 17:19:22,22.00,4071,5903,92,-9.94,0.19,-0.67,88,477.52,8.36,247.36,333,NW,3.82
2024/10/30 17:19:38,22.00,4071,5903,92,-9.95,0.18,-0.66,88,477.22,8.74,247.36,333,NW,3.82
2024/10/30 17:19:53,22.00,4071,5902,92,-9.96,0.18,-0.66,88,477.42,8.65,247.37,333,NW,3.83
2024/10/30 17:20:09,22.00,4071,5903,92,-9.94,0.18,-0.67,88,477.50,8.66,247.45,333,NW,3.83
2024/10/30 17:20:24,22.00,4071,5903,92,-9.95,0.19,-0.66,88,477.39,8.34,247.48,333,NW,3.83
2024/10/30 17:20:40,22.00,4071,5902,92,-9.94,0.18,-0.67,88,477.36,8.69,247.40,333,NW,3.83
2024/10/30 17:20:55,22.00,4070,5902,92,-9.95,0.19,-0.66,88,477.45,8.40,247.41,333,NW,3.83
2024/10/30 17:21:11,22.00,4071,5902,92,-9.94,0.18,-0.66,88,477.37,8.52,247.42,333,NW,3.82
2024/10/30 17:21:26,22.00,4070,5902,92,-9.95,0.18,-0.67,88,477.28,8.74,247.37,333,NW,3.82
2024/10/30 17:21:42,22.00,4070,5902,92,-9.96,0.19,-0.66,88,477.57,8.31,247.30,333,NW,3.83
2024/10/30 17:21:57,22.00,4070,5902,92,-9.95,0.18,-0.66,88,477.40,8.71,247.59,333,NW,3.83
2024/10/30 17:22:13,22.00,4070,5902,92,-9.95,0.18,-0.67,88,477.52,8.67,247.36,333,NW,3.82
2024/10/30 17:22:28,22.00,4070,5902,92,-9.96,0.19,-0.67,88,477.60,8.65,247.45,333,NW,3.83
2024/10/30 17:22:43,22.00,4070,5902,92,-9.95,0.18,-0.66,88,477.28,8.58,247.33,333,NW,3.83
2024/10/30 17:22:59,22.02,4070,5902,92,-9.95,0.18,-0.66,88,477.42,8.44,247.44,333,NW,3.83
2024/10/30 17:23:14,22.00,4070,5902,92,-9.96,0.18,-0.66,88,477.56,8.90,247.52,333,NW,3.82
2024/10/30 17:23:30,22.00,4070,5902,92,-9.95,0.19,-0.67,88,477.40,8.59,247.41,333,NW,3.83
2024/10/30 17:23:45,22.00,4069,5901,92,-9.95,0.18,-0.67,88,477.40,8.64,247.42,333,NW,3.82
2024/10/30 17:24:01,22.00,4070,5901,92,-9.95,0.18,-0.66,88,477.48,8.43,247.48,333,NW,3.82
2024/10/30 17:24:16,22.00,4069,5901,92,-9.96,0.19,-0.67,88,477.61,8.64,247.53,333,NW,3.82
2024/10/30 17:24:32,22.00,4069,5901,92,-9.95,0.19,-0.66,88,477.43,8.42,247.45,333,NW,3.83
2024/10/30 17:24:47,22.00,4069,5901,92,-9.94,0.19,-0.66,88,477.46,8.67,247.47,333,NW,3.83
2024/10/30 17:25:03,22.00,4069,5901,92,-9.96,0.19,-0.66,88,477.26,8.50,247.40,333,NW,3.83
2024/10/30 17:25:18,22.00,4069,5900,92,-9.94,0.18,-0.66,88,477.26,8.73,247.40,333,NW,3.82
2024/10/30 17:25:34,22.00,4069,5900,92,-9.94,0.18,-0.67,88,477.19,8.39,247.40,333,NW,3.83
2024/10/30 17:25:49,22.00,4069,5901,92,-9.94,0.18,-0.67,88,477.53,8.77,247.48,333,NW,3.82
2024/10/30 17:26:05,22.00,4070,5901,92,-9.96,0.18,-0.67,88,477.50,8.33,247.30,333,NW,3.83
2024/10/30 17:26:20,22.00,4069,5900,92,-9.95,0.18,-0.65,88,477.36,8.31,247.50,333,NW,3.83
2024/10/30 17:26:36,22.00,4069,5900,92,-9.94,0.19,-0.66,88,477.37,8.70,247.44,333,NW,3.83
2024/10/30 17:26:51,22.00,4069,5900,92,-9.94,0.18,-0.65,88,477.35,8.70,247.50,333,NW,3.82
2024/10/30 17:27:07,22.00,4068,5900,92,-9.94,0.18,-0.67,88,477.27,8.70,247.51,333,NW,3.83
2024/10/30 17:27:22,22.00,4068,5900,92,-9.95,0.18,-0.66,88,477.26,8.47,247.48,333,NW,3.83
2024/10/30 17:27:38,22.00,4068,5899,92,-9.96,0.18,-0.67,88,477.42,8.49,247.43,333,NW,3.82
2024/10/30 17:27:53,22.00,4069,5899,92,-9.95,0.19,-0.67,88,477.44,8.62,247.46,333,NW,3.82
2024/10/30 17:28:09,22.00,4068,5900,92,-9.95,0.19,-0.66,88,477.35,8.44,247.49,333,NW,3.82
2024/10/30 17:28:24,22.00,4068,5899,92,-9.95,0.19,-0.66,88,477.06,8.82,247.44,333,NW,3.82
2024/10/30 17:28:40,22.00,4069,5900,92,-9.96,0.18,-0.66,88,477.56,8.55,247.48,333,NW,3.82
2024/10/30 17:28:55,22.00,4069,5899,92,-9.95,0.18,-0.67,88,477.43,8.35,247.52,333,NW,3.82
2024/10/30 17:29:10,22.00,4068,5899,92,-9.95,0.17,-0.66,88,477.16,8.58,247.59,333,NW,3.82
2024/10/30 17:29:26,22.00,4068,5899,92,-9.95,0.19,-0.66,88,477.44,8.39,247.46,333,NW,3.82
2024/10/30 17:29:41,22.00,4068,5899,92,-9.95,0.18,-0.67,88,477.30,8.60,247.36,333,NW,3.82
2024/10/30 17:29:57,22.00,4068,5899,92,-9.95,0.18,-0.66,88,477.27,8.57,247.50,333,NW,3.82
2024/10/30 17:30:12,22.00,4068,5899,92,-9.94,0.19,-0.66,88,477.21,8.27,247.43,333,NW,3.82
2024/10/30 17:30:28,22.00,4068,5899,92,-9.94,0.18,-0.66,88,477.60,8.66,247.57,333,NW,3.82
2024/10/30 17:30:43,22.00,4068,5899,92,-9.95,0.18,-0.66,88,477.51,8.58,247.53,333,NW,3.82
2024/10/30 17:30:59,22.00,4068,5899,92,-9.95,0.18,-0.66,88,477.43,8.60,247.50,333,NW,3.82
2024/10/30 17:31:14,22.00,4068,5899,92,-9.95,0.19,-0.66,88,477.44,8.71,247.48,333,NW,3.82
2024/10/30 17:31:30,22.00,4068,5899,92,-9.95,0.18,-0.66,88,477.48,8.61,247.47,333,NW,3.82
2024/10/30 17:31:45,22.00,4068,5898,92,-9.94,0.19,-0.67,88,477.17,8.69,247.40,333,NW,3.83
2024/10/30 17:32:01,22.00,4068,5897,92,-9.96,0.18,-0.67,88,477.33,8.17,247.51,333,NW,3.82
2024/10/30 17:32:16,22.00,4068,5897,92,-9.94,0.19,-0.66,88,477.34,8.52,247.50,333,NW,3.82
2024/10/30 17:32:32,22.00,4068,5898,92,-9.95,0.18,-0.68,88,477.56,8.75,247.43,333,NW,3.82
2024/10/30 17:32:47,22.00,4068,5898,92,-9.94,0.18,-0.66,88,477.52,8.76,247.58,333,NW,3.82
2024/10/30 17:33:03,22.00,4067,5898,92,-9.95,0.18,-0.67,88,477.38,8.36,247.58,333,NW,3.82
2024/10/30 17:33:18,22.00,4068,5898,92,-9.95,0.17,-0.67,88,477.67,8.63,247.47,333,NW,3.82
2024/10/30 17:33:34,22.00,4067,5898,92,-9.94,0.19,-0.67,88,477.55,8.58,247.51,333,NW,3.82
2024/10/30 17:33:49,22.00,4067,5898,92,-9.95,0.19,-0.66,88,477.62,8.48,247.46,333,NW,3.82
2024/10/30 17:34:05,22.00,4067,5897,92,-9.95,0.18,-0.67,88,477.19,8.44,247.37,333,NW,3.82
2024/10/30 17:34:20,22.00,4067,5897,92,-9.94,0.18,-0.66,88,477.62,8.58,247.58,333,NW,3.82
2024/10/30 17:34:36,22.00,4067,5897,92,-9.95,0.18,-0.67,88,477.14,8.46,247.48,333,NW,3.82
2024/10/30 17:34:51,22.00,4066,5898,92,-9.95,0.19,-0.67,88,477.31,8.45,247.48,333,NW,3.82
2024/10/30 17:35:07,22.00,4067,5898,92,-9.95,0.19,-0.66,88,477.31,8.36,247.32,333,NW,3.82
2024/10/30 17:35:22,22.00,4066,5897,92,-9.94,0.19,-0.66,88,477.31,8.81,247.48,333,NW,3.82
2024/10/30 17:35:37,22.00,4066,5897,92,-9.95,0.18,-0.66,88,477.23,8.68,247.48,333,NW,3.82
2024/10/30 17:35:53,22.00,4066,5896,92,-9.95,0.18,-0.65,88,477.22,8.25,247.49,333,NW,3.82
2024/10/30 17:36:08,22.00,4067,5897,92,-9.95,0.18,-0.66,88,477.27,8.74,247.43,333,NW,3.82
2024/10/30 17:36:24,22.00,4067,5896,92,-9.95,0.18,-0.66,88,477.29,8.63,247.51,333,NW,3.82
2024/10/30 17:36:39,22.00,4067,5896,92,-9.94,0.18,-0.66,88,477.36,8.39,247.51,333,NW,3.82
2024/10/30 17:36:55,22.00,4067,5897,92,-9.95,0.18,-0.66,88,477.33,8.65,247.36,333,NW,3.82
2024/10/30 17:37:10,22.00,4066,5896,92,-9.94,0.17,-0.66,88,477.35,8.32,247.40,333,NW,3.82
2024/10/30 17:37:26,22.00,4067,5897,92,-9.96,0.18,-0.66,88,477.62,8.71,247.46,333,NW,3.82
2024/10/30 17:37:41,22.00,4067,5898,92,-9.94,0.18,-0.67,88,477.48,8.64,247.44,333,NW,3.82
2024/10/30 17:37:57,22.00,4066,5897,92,-9.95,0.18,-0.66,88,477.40,8.67,247.40,333,NW,3.82
2024/10/30 17:38:12,22.00,4066,5896,92,-9.94,0.18,-0.66,88,477.41,8.74,247.41,333,NW,3.82
2024/10/30 17:38:28,22.00,4066,5897,92,-9.95,0.18,-0.67,88,477.41,8.73,247.53,333,NW,3.82
2024/10/30 17:38:43,22.00,4066,5895,92,-9.94,0.18,-0.67,88,477.42,8.61,247.49,333,NW,3.83
2024/10/30 17:38:59,22.00,4066,5896,92,-9.94,0.18,-0.67,88,477.34,8.86,247.37,333,NW,3.82
2024/10/30 17:39:14,22.00,4066,5896,92,-9.96,0.18,-0.66,88,477.48,8.54,247.42,333,NW,3.82
2024/10/30 17:39:30,22.00,4065,5896,92,-9.94,0.18,-0.66,88,477.35,8.61,247.60,333,NW,3.82
2024/10/30 17:39:45,22.00,4066,5896,92,-9.94,0.19,-0.66,88,477.21,8.37,247.43,333,NW,3.82
2024/10/30 17:40:01,22.00,4066,5895,92,-9.95,0.18,-0.67,88,477.32,8.15,247.57,333,NW,3.82
2024/10/30 17:40:16,22.00,4066,5896,92,-9.95,0.19,-0.66,88,477.36,8.42,247.52,333,NW,3.82
2024/10/30 17:40:32,22.00,4065,5895,92,-9.94,0.19,-0.67,88,477.27,8.35,247.43,333,NW,3.82
2024/10/30 17:40:47,22.00,4065,5895,92,-9.94,0.19,-0.66,88,477.41,8.52,247.44,333,NW,3.82
2024/10/30 17:41:03,22.00,4065,5895,92,-9.95,0.18,-0.67,88,477.62,8.58,247.37,333,NW,3.82
2024/10/30 17:41:18,22.00,4065,5896,92,-9.95,0.19,-0.66,88,477.54,8.43,247.34,333,NW,3.82
2024/10/30 17:41:33,22.00,4065,5895,92,-9.93,0.19,-0.65,88,477.45,8.49,247.71,333,NW,3.82
2024/10/30 17:41:49,22.00,4065,5895,92,-9.94,0.19,-0.66,88,477.50,8.56,247.56,333,NW,3.82
2024/10/30 17:42:04,22.00,4065,5894,92,-9.95,0.18,-0.66,88,477.35,8.58,247.40,333,NW,3.82
2024/10/30 17:42:20,22.00,4065,5895,92,-9.95,0.19,-0.66,88,477.52,8.32,247.37,333,NW,3.82
2024/10/30 17:42:35,22.00,4064,5895,92,-9.96,0.18,-0.68,88,477.61,8.21,247.38,333,NW,3.82
2024/10/30 17:42:51,22.00,4065,5895,92,-9.95,0.19,-0.66,88,477.31,8.35,247.34,333,NW,3.82
2024/10/30 17:43:06,22.00,4064,5894,92,-9.95,0.18,-0.68,88,477.29,8.35,247.36,333,NW,3.82
2024/10/30 17:43:22,22.00,4064,5894,92,-9.94,0.18,-0.67,88,477.37,8.50,247.37,333,NW,3.82
2024/10/30 17:43:37,22.00,4064,5895,92,-9.94,0.18,-0.66,88,477.59,8.42,247.38,333,NW,3.82
2024/10/30 17:43:53,22.00,4064,5894,92,-9.94,0.18,-0.67,88,477.37,8.48,247.41,333,NW,3.82
2024/10/30 17:44:08,22.00,4064,5894,92,-9.95,0.18,-0.67,88,477.26,8.62,247.43,333,NW,3.82
2024/10/30 17:44:24,22.00,4064,5894,92,-9.94,0.19,-0.66,88,477.28,8.59,247.39,333,NW,3.82
2024/10/30 17:44:39,22.00,4064,5894,92,-9.95,0.19,-0.66,88,477.47,8.65,247.37,333,NW,3.82
2024/10/30 17:44:55,22.00,4064,5894,92,-9.95,0.18,-0.67,88,477.48,8.59,247.52,333,NW,3.82
2024/10/30 17:45:10,22.00,4063,5893,92,-9.96,0.19,-0.67,88,477.31,8.49,247.40,333,NW,3.82
2024/10/30 17:45:26,22.00,4063,5892,92,-9.95,0.19,-0.66,88,477.51,8.64,247.49,333,NW,3.82
2024/10/30 17:45:41,22.00,4063,5893,92,-9.94,0.18,-0.68,88,477.44,8.79,247.51,333,NW,3.82
2024/10/30 17:45:57,22.00,4063,5892,92,-9.94,0.18,-0.66,88,477.48,8.76,247.45,333,NW,3.82
2024/10/30 17:46:12,22.00,4063,5892,92,-9.94,0.19,-0.67,88,477.21,8.82,247.37,333,NW,3.82
2024/10/30 17:46:28,22.00,4063,5892,92,-9.95,0.17,-0.65,88,477.49,8.46,247.45,333,NW,3.82
2024/10/30 17:46:43,22.00,4063,5892,92,-9.94,0.18,-0.67,88,477.56,8.32,247.47,333,NW,3.82
2024/10/30 17:46:59,22.00,4063,5892,92,-9.95,0.19,-0.67,88,477.55,8.26,247.44,333,NW,3.82
2024/10/30 17:47:14,22.00,4063,5891,92,-9.95,0.18,-0.66,88,477.70,8.76,247.48,333,NW,3.82
2024/10/30 17:47:29,22.00,4063,5891,92,-9.94,0.18,-0.66,88,477.43,8.47,247.37,333,NW,3.82
2024/10/30 17:47:45,22.00,4062,5890,92,-9.95,0.19,-0.67,88,477.51,8.64,247.30,333,NW,3.82
2024/10/30 17:48:00,22.00,4062,5891,92,-9.94,0.17,-0.67,88,477.53,8.50,247.37,333,NW,3.82
2024/10/30 17:48:16,22.00,4062,5891,92,-9.95,0.19,-0.66,88,477.52,8.73,247.49,333,NW,3.82
2024/10/30 17:48:31,22.00,4062,5891,92,-9.94,0.19,-0.67,88,477.36,8.49,247.41,333,NW,3.82
2024/10/30 17:48:47,22.00,4062,5891,92,-9.94,0.18,-0.66,88,477.28,8.52,247.35,333,NW,3.82
2024/10/30 17:49:02,22.00,4063,5892,92,-9.95,0.18,-0.66,88,477.38,8.71,247.40,333,NW,3.82
2024/10/30 17:49:18,22.00,4062,5891,92,-9.94,0.19,-0.66,88,477.25,8.33,247.44,333,NW,3.82
2024/10/30 17:49:33,22.00,4063,5891,92,-9.94,0.19,-0.68,88,477.30,8.50,247.52,333,NW,3.82
2024/10/30 17:49:49,22.00,4062,5892,92,-9.94,0.19,-0.66,88,477.35,8.58,247.51,333,NW,3.82
2024/10/30 17:50:04,22.00,4062,5890,92,-9.95,0.19,-0.67,88,477.21,8.80,247.64,333,NW,3.82
2024/10/30 17:50:20,22.00,4062,5891,92,-9.94,0.18,-0.66,88,477.25,8.72,247.56,333,NW,3.82
2024/10/30 17:50:35,22.00,4062,5890,92,-9.94,0.17,-0.67,88,477.49,8.86,247.41,333,NW,3.82
2024/10/30 17:50:51,22.00,4062,5891,92,-9.95,0.19,-0.67,88,477.49,8.71,247.43,333,NW,3.82
2024/10/30 17:51:06,22.00,4062,5891,92,-9.94,0.18,-0.67,88,477.25,8.68,247.43,333,NW,3.82
2024/10/30 17:51:22,22.00,4062,5890,92,-9.94,0.18,-0.66,88,477.33,8.78,247.51,333,NW,3.82
2024/10/30 17:51:37,22.00,4062,5890,92,-9.95,0.19,-0.66,88,477.61,8.53,247.45,333,NW,3.82
2024/10/30 17:51:53,22.00,4062,5890,92,-9.95,0.19,-0.65,88,477.54,8.28,247.41,333,NW,3.82
2024/10/30 17:52:08,22.00,4062,5891,92,-9.95,0.19,-0.66,88,477.35,8.65,247.42,333,NW,3.82
2024/10/30 17:52:24,22.00,4062,5890,92,-9.95,0.20,-0.66,88,477.45,8.71,247.50,333,NW,3.82
2024/10/30 17:52:39,22.00,4062,5890,92,-9.94,0.19,-0.66,88,477.38,8.17,247.45,333,NW,3.82
2024/10/30 17:52:55,22.00,4061,5890,92,-9.94,0.18,-0.67,88,477.42,8.73,247.62,333,NW,3.82
2024/10/30 17:53:10,22.00,4061,5890,92,-9.93,0.18,-0.67,88,477.43,8.53,247.45,333,NW,3.82
2024/10/30 17:53:26,22.00,4061,5890,92,-9.95,0.19,-0.67,88,477.53,8.87,247.50,333,NW,3.82
2024/10/30 17:53:41,22.00,4061,5890,92,-9.94,0.18,-0.67,88,477.39,8.54,247.42,333,NW,3.82
2024/10/30 17:53:56,22.00,4061,5889,92,-9.95,0.19,-0.67,88,477.31,8.44,247.49,333,NW,3.82
2024/10/30 17:54:12,22.00,4062,5890,92,-9.95,0.18,-0.65,88,477.32,8.68,247.41,333,NW,3.82
2024/10/30 17:54:27,22.00,4061,5889,92,-9.94,0.18,-0.67,88,477.43,8.43,247.46,333,NW,3.82
2024/10/30 17:54:43,22.00,4061,5889,92,-9.95,0.19,-0.66,88,477.55,8.52,247.42,333,NW,3.82
2024/10/30 17:54:58,22.00,4061,5889,92,-9.95,0.19,-0.65,88,477.41,8.79,247.46,333,NW,3.82
2024/10/30 17:55:14,22.00,4061,5889,92,-9.94,0.19,-0.66,88,477.40,8.44,247.38,333,NW,3.82
2024/10/30 17:55:29,22.00,4061,5889,92,-9.94,0.19,-0.67,88,477.19,8.59,247.50,333,NW,3.82
2024/10/30 17:55:45,22.00,4061,5889,92,-9.94,0.18,-0.66,88,477.38,8.95,247.39,333,NW,3.82
2024/10/30 17:56:00,22.00,4061,5889,92,-9.95,0.19,-0.66,88,477.31,8.31,247.31,333,NW,3.82
2024/10/30 17:56:16,22.00,4061,5889,92,-9.95,0.18,-0.67,88,477.36,8.53,247.49,333,NW,3.82
2024/10/30 17:56:31,22.00,4061,5889,92,-9.93,0.19,-0.66,88,477.39,8.40,247.41,333,NW,3.82
2024/10/30 17:56:47,22.00,4061,5890,92,-9.95,0.18,-0.66,88,477.73,8.30,247.47,333,NW,3.82
2024/10/30 17:57:02,22.00,4060,5888,92,-9.94,0.19,-0.66,88,477.40,8.66,247.53,333,NW,3.82
2024/10/30 17:57:18,22.00,4061,5889,92,-9.95,0.18,-0.67,88,477.47,8.74,247.58,333,NW,3.82
2024/10/30 17:57:33,22.00,4061,5890,92,-9.95,0.18,-0.67,88,477.32,8.73,247.61,333,NW,3.82
2024/10/30 17:57:49,22.00,4060,5889,92,-9.95,0.18,-0.67,88,477.48,8.85,247.39,333,NW,3.82
2024/10/30 17:58:04,22.00,4061,5889,92,-9.95,0.19,-0.67,88,477.36,8.50,247.24,333,NW,3.82
2024/10/30 17:58:20,22.00,4060,5888,92,-9.95,0.19,-0.67,88,477.30,8.44,247.46,333,NW,3.82
2024/10/30 17:58:35,22.00,4061,5889,92,-9.94,0.19,-0.66,88,477.37,8.50,247.51,333,NW,3.82
2024/10/30 17:58:51,22.00,4060,5889,92,-9.95,0.19,-0.67,88,477.37,8.55,247.58,333,NW,3.82
2024/10/30 17:59:06,22.00,4061,5889,92,-9.94,0.19,-0.66,88,477.31,8.52,247.44,333,NW,3.82
2024/10/30 17:59:22,22.00,4060,5888,92,-9.95,0.18,-0.66,88,477.41,8.64,247.37,333,NW,3.82
2024/10/30 17:59:37,22.00,4060,5888,92,-9.94,0.19,-0.67,88,477.49,8.72,247.37,333,NW,3.82
2024/10/30 17:59:53,22.00,4061,5888,92,-9.94,0.18,-0.67,88,477.26,8.28,247.44,333,NW,3.82
2024/10/30 18:00:08,22.00,4060,5888,92,-9.94,0.18,-0.67,88,477.57,8.47,247.53,333,NW,3.82
2024/10/30 18:00:23,22.00,4061,5888,92,-9.95,0.19,-0.66,88,477.54,8.55,247.42,333,NW,3.82
2024/10/30 18:00:39,22.00,4060,5888,92,-9.95,0.19,-0.68,88,477.48,8.43,247.39,333,NW,3.82
2024/10/30 18:00:54,22.00,4060,5887,92,-9.93,0.19,-0.67,88,477.27,8.38,247.40,333,NW,3.82
2024/10/30 18:01:10,22.00,4060,5888,92,-9.94,0.19,-0.68,88,477.42,8.39,247.49,333,NW,3.82
2024/10/30 18:01:25,22.00,4060,5887,92,-9.93,0.19,-0.66,88,477.41,8.34,247.36,333,NW,3.82
2024/10/30 18:01:41,22.00,4060,5887,92,-9.94,0.18,-0.67,88,477.60,8.64,247.42,333,NW,3.82
2024/10/30 18:01:56,22.00,4060,5887,92,-9.95,0.19,-0.67,88,477.23,8.44,247.41,333,NW,3.82
2024/10/30 18:02:12,22.00,4060,5886,92,-9.94,0.19,-0.66,88,477.15,8.34,247.49,333,NW,3.82
2024/10/30 18:02:27,22.00,4060,5887,92,-9.94,0.19,-0.66,88,477.37,8.18,247.42,333,NW,3.82
2024/10/30 18:02:43,22.00,4059,5886,92,-9.94,0.19,-0.66,88,477.54,8.45,247.47,333,NW,3.82
2024/10/30 18:02:58,22.00,4060,5887,92,-9.94,0.19,-0.67,88,477.09,8.55,247.36,333,NW,3.82
2024/10/30 18:03:14,22.00,4060,5887,92,-9.94,0.19,-0.66,88,477.54,8.63,247.51,333,NW,3.82
2024/10/30 18:03:29,22.00,4060,5887,92,-9.95,0.19,-0.67,88,477.47,8.61,247.48,333,NW,3.82
2024/10/30 18:03:45,22.00,4060,5887,92,-9.95,0.18,-0.67,88,477.38,8.33,247.33,333,NW,3.82
2024/10/30 18:04:00,22.00,4060,5887,92,-9.94,0.19,-0.67,88,477.33,8.54,247.50,333,NW,3.82
2024/10/30 18:04:16,22.00,4059,5886,92,-9.94,0.19,-0.67,88,477.50,8.29,247.38,333,NW,3.82
2024/10/30 18:04:31,22.00,4060,5887,92,-9.94,0.19,-0.66,88,477.36,8.37,247.46,333,NW,3.82
2024/10/30 18:04:47,21.98,4059,5887,92,-9.95,0.19,-0.66,88,477.25,8.71,247.43,333,NW,3.82
2024/10/30 18:05:02,22.00,4059,5887,92,-9.95,0.19,-0.67,88,477.50,8.49,247.36,333,NW,3.82
2024/10/30 18:05:18,22.00,4059,5886,92,-9.94,0.18,-0.66,88,477.59,8.53,247.36,333,NW,3.82
2024/10/30 18:05:33,22.00,4059,5886,92,-9.95,0.18,-0.68,88,477.51,8.46,247.44,333,NW,3.82
2024/10/30 18:05:49,22.00,4059,5886,92,-9.95,0.19,-0.66,88,477.57,8.17,247.42,333,NW,3.82
2024/10/30 18:06:04,22.00,4059,5886,92,-9.93,0.19,-0.66,88,477.47,8.44,247.38,333,NW,3.82
2024/10/30 18:06:20,22.00,4059,5886,92,-9.94,0.19,-0.67,88,477.43,8.24,247.49,333,NW,3.82
2024/10/30 18:06:35,21.98,4059,5886,92,-9.94,0.19,-0.67,88,477.47,8.23,247.29,333,NW,3.82
2024/10/30 18:06:50,22.00,4059,5886,92,-9.94,0.19,-0.66,88,477.39,8.44,247.45,333,NW,3.82
2024/10/30 18:07:06,22.00,4059,5885,92,-9.94,0.18,-0.68,88,477.55,8.58,247.48,333,NW,3.82
2024/10/30 18:07:21,22.00,4059,5886,92,-9.95,0.19,-0.66,88,477.38,8.05,247.40,333,NW,3.82
2024/10/30 18:07:37,22.00,4059,5886,92,-9.93,0.19,-0.67,88,477.21,8.29,247.45,333,NW,3.82
2024/10/30 18:07:52,22.00,4058,5885,92,-9.94,0.19,-0.68,88,477.39,8.39,247.44,333,NW,3.82
2024/10/30 18:08:08,21.98,4059,5885,92,-9.93,0.18,-0.67,88,477.42,8.48,247.41,333,NW,3.82
2024/10/30 18:08:23,22.00,4058,5886,92,-9.94,0.18,-0.67,88,477.34,8.22,247.51,333,NW,3.82
2024/10/30 18:08:39,21.98,4058,5885,92,-9.94,0.18,-0.65,88,477.35,8.33,247.31,333,NW,3.82
2024/10/30 18:08:54,22.00,4058,5886,92,-9.94,0.19,-0.66,88,477.44,8.33,247.43,333,NW,3.82
2024/10/30 18:09:10,21.98,4058,5886,92,-9.94,0.18,-0.67,88,477.81,8.63,247.48,333,NW,3.82
2024/10/30 18:09:25,21.98,4058,5885,92,-9.95,0.19,-0.65,88,477.43,8.49,247.49,333,NW,3.82
2024/10/30 18:09:41,21.98,4058,5885,92,-9.94,0.19,-0.66,88,477.65,8.40,247.41,333,NW,3.82
2024/10/30 18:09:56,22.00,4058,5885,92,-9.94,0.18,-0.67,88,477.64,8.55,247.51,333,NW,3.82
2024/10/30 18:10:12,21.96,4058,5885,92,-9.94,0.18,-0.67,88,477.54,8.22,247.37,333,NW,3.82
2024/10/30 18:10:27,21.98,4058,5885,92,-9.95,0.19,-0.66,88,477.43,8.31,247.34,333,NW,3.82
2024/10/30 18:10:43,21.98,4058,5885,92,-9.94,0.19,-0.66,88,477.41,8.24,247.33,333,NW,3.82
2024/10/30 18:10:58,21.98,4058,5883,92,-9.95,0.19,-0.65,88,477.32,8.64,247.49,333,NW,3.82
2024/10/30 18:11:14,21.98,4058,5885,92,-9.95,0.19,-0.66,88,477.42,8.52,247.46,333,NW,3.82
2024/10/30 18:11:29,21.98,4058,5885,92,-9.94,0.19,-0.66,88,477.56,8.30,247.40,333,NW,3.82
2024/10/30 18:11:45,21.98,4057,5884,92,-9.95,0.19,-0.67,88,477.42,8.12,247.38,333,NW,3.82
2024/10/30 18:12:00,22.00,4058,5884,92,-9.94,0.19,-0.67,88,477.55,8.28,247.34,333,NW,3.82
2024/10/30 18:12:16,21.98,4057,5882,92,-9.94,0.19,-0.66,88,477.58,8.42,247.48,333,NW,3.82
2024/10/30 18:12:31,22.00,4057,5883,92,-9.94,0.18,-0.67,88,477.32,8.20,247.49,333,NW,3.82
2024/10/30 18:12:46,21.98,4058,5884,92,-9.95,0.19,-0.66,88,477.31,8.46,247.43,333,NW,3.82
2024/10/30 18:13:02,22.00,4058,5883,92,-9.94,0.18,-0.67,88,477.49,8.26,247.45,333,NW,3.82
2024/10/30 18:13:17,22.00,4058,5883,92,-9.94,0.19,-0.67,88,477.27,8.41,247.44,333,NW,3.82
2024/10/30 18:13:33,22.00,4057,5883,92,-9.94,0.19,-0.67,88,477.64,8.38,247.43,333,NW,3.82
2024/10/30 18:13:48,21.98,4057,5884,92,-9.95,0.19,-0.66,88,477.62,8.19,247.50,333,NW,3.82
2024/10/30 18:14:04,21.98,4057,5884,92,-9.94,0.19,-0.66,88,477.25,8.60,247.33,333,NW,3.82
2024/10/30 18:14:19,21.98,4057,5883,92,-9.93,0.18,-0.67,88,477.35,8.46,247.46,333,NW,3.82
2024/10/30 18:14:35,21.98,4057,5883,92,-9.93,0.19,-0.66,88,477.61,8.37,247.46,333,NW,3.82
2024/10/30 18:14:50,21.96,4057,5883,92,-9.93,0.18,-0.67,88,477.39,8.34,247.43,333,NW,3.82
2024/10/30 18:15:06,22.00,4057,5882,92,-9.94,0.19,-0.67,88,477.42,8.30,247.39,333,NW,3.82
2024/10/30 18:15:21,21.98,4057,5883,92,-9.94,0.19,-0.67,88,477.40,8.17,247.47,333,NW,3.82
2024/10/30 18:15:37,21.98,4057,5882,92,-9.94,0.18,-0.66,88,477.61,8.33,247.42,333,NW,3.82
2024/10/30 18:15:52,21.98,4057,5883,92,-9.94,0.18,-0.66,88,477.55,8.25,247.44,333,NW,3.82
2024/10/30 18:16:08,21.98,4057,5883,92,-9.94,0.18,-0.67,88,477.48,8.56,247.30,333,NW,3.82
2024/10/30 18:16:23,22.00,4057,5881,92,-9.94,0.18,-0.66,88,477.35,8.24,247.35,333,NW,3.82
2024/10/30 18:16:39,21.98,4057,5882,92,-9.94,0.19,-0.66,88,477.46,8.57,247.34,333,NW,3.82
2024/10/30 18:16:54,21.96,4057,5882,92,-9.94,0.19,-0.67,88,477.24,8.00,247.49,333,NW,3.82
2024/10/30 18:17:10,21.96,4057,5882,92,-9.94,0.19,-0.66,88,477.42,8.02,247.41,333,NW,3.82
2024/10/30 18:17:25,21.98,4057,5882,92,-9.95,0.19,-0.67,88,477.42,8.43,247.50,333,NW,3.82
2024/10/30 18:17:41,21.98,4056,5882,92,-9.95,0.19,-0.66,88,477.45,8.33,247.53,333,NW,3.82
2024/10/30 18:17:56,21.96,4056,5882,92,-9.95,0.19,-0.67,88,477.64,8.55,247.46,333,NW,3.82
2024/10/30 18:18:12,22.00,4057,5882,92,-9.94,0.19,-0.67,88,477.47,8.34,247.57,333,NW,3.82
2024/10/30 18:18:27,21.98,4056,5882,92,-9.95,0.18,-0.68,88,477.39,8.49,247.52,333,NW,3.81
2024/10/30 18:18:42,21.96,4056,5882,92,-9.94,0.19,-0.66,88,477.67,8.31,247.59,333,NW,3.81
2024/10/30 18:18:58,21.98,4057,5882,92,-9.94,0.19,-0.66,88,477.43,8.15,247.49,333,NW,3.81
2024/10/30 18:19:13,21.96,4056,5882,92,-9.93,0.19,-0.66,88,477.56,8.52,247.54,333,NW,3.81
2024/10/30 18:19:29,21.96,4056,5882,92,-9.94,0.19,-0.66,88,477.64,8.63,247.41,333,NW,3.82
2024/10/30 18:19:44,21.98,4056,5881,92,-9.94,0.18,-0.66,88,477.34,8.39,247.49,333,NW,3.82
2024/10/30 18:20:00,21.98,4055,5881,92,-9.94,0.18,-0.67,88,477.50,8.14,247.48,333,NW,3.81
2024/10/30 18:20:15,21.98,4056,5882,92,-9.94,0.18,-0.67,88,477.59,8.42,247.52,333,NW,3.81
2024/10/30 18:20:31,21.98,4056,5881,92,-9.93,0.18,-0.66,88,477.45,8.31,247.34,333,NW,3.82
2024/10/30 18:20:46,21.98,4056,5882,92,-9.95,0.19,-0.66,88,477.59,8.56,247.43,333,NW,3.82
2024/10/30 18:21:02,21.98,4056,5881,92,-9.94,0.20,-0.68,88,477.40,8.48,247.42,333,NW,3.81
2024/10/30 18:21:17,21.98,4056,5881,92,-9.94,0.18,-0.67,88,477.44,8.54,247.37,333,NW,3.81
2024/10/30 18:21:33,21.96,4055,5880,92,-9.95,0.20,-0.67,88,477.53,8.62,247.44,333,NW,3.82
2024/10/30 18:21:48,22.00,4055,5881,92,-9.94,0.19,-0.67,88,477.45,8.62,247.49,333,NW,3.81
2024/10/30 18:22:04,21.98,4055,5882,92,-9.94,0.18,-0.66,88,477.67,8.49,247.47,333,NW,3.82
2024/10/30 18:22:19,21.98,4055,5881,92,-9.95,0.19,-0.66,88,477.55,8.35,247.47,333,NW,3.82
2024/10/30 18:22:35,21.96,4055,5880,92,-9.94,0.19,-0.66,88,477.49,8.22,247.39,333,NW,3.82
2024/10/30 18:22:50,21.98,4055,5880,92,-9.94,0.20,-0.67,88,477.40,8.47,247.37,333,NW,3.81
2024/10/30 18:23:06,21.96,4055,5881,92,-9.95,0.18,-0.66,88,477.47,8.67,247.47,333,NW,3.82
2024/10/30 18:23:21,21.98,4055,5881,92,-9.93,0.19,-0.66,88,477.40,8.20,247.43,333,NW,3.82
2024/10/30 18:23:37,21.96,4055,5880,92,-9.94,0.19,-0.67,88,477.46,9.07,247.45,333,NW,3.82
2024/10/30 18:23:52,21.98,4055,5881,92,-9.95,0.19,-0.66,88,477.49,8.38,247.46,333,NW,3.82
2024/10/30 18:24:08,21.98,4055,5881,92,-9.94,0.18,-0.66,88,477.31,8.37,247.46,333,NW,3.82
2024/10/30 18:24:23,21.96,4055,5881,92,-9.93,0.19,-0.67,88,477.71,8.35,247.51,333,NW,3.82
2024/10/30 18:24:39,21.96,4055,5880,92,-9.93,0.19,-0.66,88,477.43,8.52,247.53,333,NW,3.82
2024/10/30 18:24:54,21.98,4055,5881,92,-9.93,0.19,-0.66,88,477.46,8.67,247.50,333,NW,3.81
2024/10/30 18:25:09,21.96,4055,5881,92,-9.94,0.18,-0.67,88,477.59,8.32,247.55,333,NW,3.82
2024/10/30 18:25:25,21.98,4055,5881,92,-9.94,0.19,-0.67,88,477.61,8.32,247.63,333,NW,3.82
2024/10/30 18:25:40,21.96,4055,5880,92,-9.94,0.19,-0.65,88,477.68,8.51,247.61,333,NW,3.82
2024/10/30 18:25:56,21.98,4054,5880,92,-9.94,0.19,-0.66,88,477.48,8.43,247.68,333,NW,3.81
2024/10/30 18:26:11,22.00,4054,5880,92,-9.94,0.19,-0.65,88,477.58,8.18,247.47,333,NW,3.82
2024/10/30 18:26:27,22.00,4052,5868,91,-9.93,0.18,-0.67,88,477.89,8.42,247.38,333,NW,3.82
2024/10/30 18:26:42,21.98,4054,5879,92,-9.94,0.19,-0.68,88,477.58,8.55,247.57,333,NW,3.81
2024/10/30 18:26:58,21.98,4054,5879,92,-9.94,0.18,-0.67,88,477.36,8.41,247.55,333,NW,3.81
2024/10/30 18:27:13,21.96,4055,5880,92,-9.95,0.18,-0.67,88,477.62,8.65,247.50,333,NW,3.82
2024/10/30 18:27:29,21.96,4054,5879,92,-9.93,0.19,-0.66,88,477.52,8.42,247.53,333,NW,3.82
2024/10/30 18:27:44,21.96,4054,5880,92,-9.94,0.18,-0.66,88,477.44,8.40,247.48,333,NW,3.82
2024/10/30 18:28:00,21.98,4053,5878,92,-9.95,0.18,-0.67,88,477.35,8.47,247.49,333,NW,3.82
2024/10/30 18:28:15,21.98,4053,5878,92,-9.94,0.20,-0.66,88,477.41,8.17,247.48,333,NW,3.81
2024/10/30 18:28:31,22.00,4054,5879,92,-9.94,0.19,-0.66,88,477.38,8.66,247.53,333,NW,3.82
2024/10/30 18:28:46,21.96,4054,5879,92,-9.93,0.19,-0.66,88,477.38,8.66,247.45,333,NW,3.81
2024/10/30 18:29:02,21.98,4053,5878,92,-9.94,0.19,-0.67,88,477.66,8.29,247.50,333,NW,3.81
2024/10/30 18:29:17,22.00,4053,5878,92,-9.94,0.19,-0.66,88,477.44,8.42,247.67,333,NW,3.81
2024/10/30 18:29:33,22.00,4053,5878,92,-9.94,0.19,-0.66,88,477.47,8.58,247.51,333,NW,3.82
2024/10/30 18:29:48,21.96,4053,5878,92,-9.94,0.19,-0.67,88,477.46,8.45,247.47,333,NW,3.81
2024/10/30 18:30:04,21.98,4054,5879,92,-9.94,0.18,-0.66,88,477.52,8.36,247.46,333,NW,3.81
2024/10/30 18:30:19,21.98,4053,5879,92,-9.95,0.19,-0.66,88,477.35,8.38,247.56,333,NW,3.81
2024/10/30 18:30:35,21.96,4053,5878,92,-9.95,0.18,-0.67,88,477.60,8.47,247.35,333,NW,3.81
2024/10/30 18:30:50,21.96,4053,5878,92,-9.94,0.19,-0.67,88,477.57,8.38,247.41,333,NW,3.81
2024/10/30 18:31:06,22.00,4053,5878,92,-9.94,0.19,-0.67,88,477.28,8.39,247.59,333,NW,3.81
2024/10/30 18:31:21,21.98,4053,5878,92,-9.94,0.19,-0.67,88,477.30,8.53,247.53,333,NW,3.81
2024/10/30 18:31:36,22.00,4052,5878,92,-9.94,0.19,-0.67,88,477.38,8.19,247.58,333,NW,3.81
2024/10/30 18:31:52,21.98,4053,5878,92,-9.94,0.18,-0.66,88,477.10,8.40,247.37,333,NW,3.82
2024/10/30 18:32:07,21.96,4053,5878,92,-9.94,0.18,-0.66,88,477.48,8.58,247.41,333,NW,3.81
2024/10/30 18:32:23,21.96,4052,5877,92,-9.94,0.19,-0.66,88,477.17,8.41,247.48,333,NW,3.81
2024/10/30 18:32:38,21.98,4053,5877,92,-9.95,0.19,-0.66,88,477.47,8.62,247.59,333,NW,3.81
2024/10/30 18:32:54,21.98,4053,5877,92,-9.94,0.20,-0.66,88,477.54,8.60,247.44,333,NW,3.81
2024/10/30 18:33:09,21.98,4053,5877,92,-9.95,0.17,-0.67,88,477.50,8.09,247.51,333,NW,3.81
2024/10/30 18:33:25,22.00,4053,5877,92,-9.95,0.18,-0.66,88,477.36,8.54,247.33,333,NW,3.81
2024/10/30 18:33:40,22.00,4052,5877,92,-9.93,0.19,-0.66,88,477.38,8.18,247.29,333,NW,3.81
2024/10/30 18:33:56,22.00,4053,5877,92,-9.95,0.18,-0.67,88,477.36,8.17,247.50,333,NW,3.81
2024/10/30 18:34:11,21.98,4052,5876,92,-9.94,0.19,-0.67,88,477.46,8.47,247.56,333,NW,3.81
2024/10/30 18:34:27,21.98,4052,5877,92,-9.94,0.19,-0.67,88,477.37,8.48,247.52,333,NW,3.81
2024/10/30 18:34:42,21.98,4052,5876,92,-9.94,0.19,-0.67,88,477.11,8.42,247.57,333,NW,3.81
2024/10/30 18:34:58,21.98,4052,5877,92,-9.94,0.18,-0.66,88,477.52,8.37,247.51,333,NW,3.81
2024/10/30 18:35:13,21.98,4052,5877,92,-9.94,0.20,-0.67,88,477.46,8.33,247.41,333,NW,3.81
2024/10/30 18:35:29,21.98,4052,5876,92,-9.94,0.19,-0.66,88,477.45,8.28,247.50,333,NW,3.81
2024/10/30 18:35:44,22.00,4052,5876,92,-9.94,0.18,-0.66,88,477.47,8.30,247.45,333,NW,3.81
2024/10/30 18:36:00,21.98,4051,5876,92,-9.95,0.19,-0.67,88,477.35,8.27,247.56,333,NW,3.81
2024/10/30 18:36:15,21.98,4052,5877,92,-9.94,0.20,-0.66,88,477.29,8.34,247.41,333,NW,3.81
2024/10/30 18:36:31,22.00,4052,5876,92,-9.95,0.19,-0.67,88,477.47,8.32,247.48,333,NW,3.81
2024/10/30 18:36:46,21.98,4052,5875,91,-9.94,0.18,-0.66,88,477.33,8.75,247.62,333,NW,3.81
2024/10/30 18:37:02,22.00,4052,5877,92,-9.94,0.18,-0.66,88,477.59,8.40,247.53,333,NW,3.81
2024/10/30 18:37:17,21.98,4051,5875,92,-9.94,0.19,-0.67,88,477.36,8.46,247.52,333,NW,3.81
2024/10/30 18:37:32,21.98,4052,5875,92,-9.95,0.19,-0.67,88,477.25,8.31,247.41,333,NW,3.81
2024/10/30 18:37:48,22.00,4052,5876,92,-9.94,0.19,-0.66,88,477.36,8.61,247.42,333,NW,3.81
2024/10/30 18:38:03,22.00,4051,5875,92,-9.94,0.19,-0.66,88,477.42,8.68,247.53,333,NW,3.81
2024/10/30 18:38:19,21.98,4051,5876,92,-9.94,0.19,-0.67,88,477.34,8.09,247.42,333,NW,3.81
2024/10/30 18:38:34,21.98,4051,5875,92,-9.94,0.18,-0.66,88,477.43,8.19,247.47,333,NW,3.81
2024/10/30 18:38:50,22.00,4051,5875,92,-9.94,0.19,-0.67,88,477.68,8.11,247.43,333,NW,3.81
2024/10/30 18:39:05,22.00,4051,5874,92,-9.94,0.18,-0.67,88,477.80,8.44,247.42,333,NW,3.81
2024/10/30 18:39:21,21.96,4052,5876,92,-9.93,0.19,-0.66,88,477.53,8.55,247.39,333,NW,3.81
2024/10/30 18:39:36,22.00,4051,5875,92,-9.94,0.19,-0.66,88,477.64,8.15,247.47,333,NW,3.81
2024/10/30 18:39:52,21.98,4051,5876,92,-9.94,0.19,-0.65,88,477.38,8.27,247.48,333,NW,3.81
2024/10/30 18:40:07,22.00,4051,5875,92,-9.95,0.19,-0.65,88,477.24,8.71,247.47,333,NW,3.81
2024/10/30 18:40:23,21.98,4051,5875,92,-9.94,0.19,-0.66,88,477.39,8.62,247.59,333,NW,3.81
2024/10/30 18:40:38,22.00,4051,5875,92,-9.94,0.19,-0.64,88,477.38,8.40,247.54,333,NW,3.81
2024/10/30 18:40:54,21.98,4051,5875,92,-9.95,0.18,-0.66,88,477.30,8.43,247.57,333,NW,3.81
2024/10/30 18:41:09,22.00,4051,5874,92,-9.94,0.18,-0.67,88,477.49,8.57,247.34,333,NW,3.81
2024/10/30 18:41:25,22.00,4050,5873,92,-9.94,0.19,-0.67,88,477.55,8.63,247.61,333,NW,3.81
2024/10/30 18:41:40,22.00,4050,5874,92,-9.93,0.18,-0.67,88,477.52,8.35,247.50,333,NW,3.81
2024/10/30 18:41:56,22.00,4051,5874,92,-9.94,0.19,-0.67,88,477.42,8.43,247.55,333,NW,3.81
2024/10/30 18:42:11,22.00,4050,5873,92,-9.94,0.19,-0.68,88,477.57,8.23,247.51,333,NW,3.81
2024/10/30 18:42:27,21.98,4051,5874,91,-9.94,0.19,-0.66,88,477.74,8.38,247.46,333,NW,3.81
2024/10/30 18:42:42,21.98,4051,5873,91,-9.93,0.19,-0.66,88,477.31,8.33,247.42,333,NW,3.81
2024/10/30 18:42:58,22.00,4051,5874,92,-9.94,0.19,-0.66,88,477.36,8.11,247.50,333,NW,3.81
2024/10/30 18:43:13,22.00,4051,5874,92,-9.94,0.18,-0.66,88,477.42,8.05,247.45,333,NW,3.81
2024/10/30 18:43:29,22.00,4050,5874,92,-9.94,0.19,-0.65,88,477.54,8.38,247.48,333,NW,3.81
2024/10/30 18:43:44,22.00,4050,5874,92,-9.94,0.18,-0.67,88,477.15,8.13,247.44,333,NW,3.81
2024/10/30 18:43:59,22.00,4050,5874,92,-9.94,0.19,-0.67,88,477.31,8.49,247.57,333,NW,3.81
2024/10/30 18:44:15,22.00,4050,5873,92,-9.94,0.18,-0.67,88,477.56,8.52,247.57,333,NW,3.81
2024/10/30 18:44:30,22.00,4050,5874,92,-9.93,0.18,-0.67,88,477.42,8.41,247.53,333,NW,3.81
2024/10/30 18:44:46,22.00,4050,5873,92,-9.94,0.18,-0.66,88,477.32,8.29,247.61,333,NW,3.81
2024/10/30 18:45:01,22.00,4050,5873,92,-9.95,0.19,-0.66,88,477.44,8.26,247.43,333,NW,3.81
2024/10/30 18:45:17,22.00,4049,5872,91,-9.94,0.19,-0.66,88,477.47,8.39,247.54,333,NW,3.81
2024/10/30 18:45:32,22.00,4050,5872,92,-9.94,0.18,-0.67,88,477.61,8.41,247.45,333,NW,3.81
2024/10/30 18:45:48,22.00,4050,5874,92,-9.95,0.19,-0.66,88,477.62,8.39,247.42,333,NW,3.81
2024/10/30 18:46:03,22.00,4049,5873,92,-9.95,0.19,-0.65,88,477.54,8.39,247.47,333,NW,3.81
2024/10/30 18:46:19,22.00,4050,5873,92,-9.93,0.19,-0.66,88,477.48,8.54,247.57,333,NW,3.81
2024/10/30 18:46:34,22.00,4050,5873,92,-9.95,0.19,-0.67,88,477.45,8.22,247.56,333,NW,3.81
2024/10/30 18:46:50,22.00,4050,5874,92,-9.94,0.19,-0.66,88,477.49,8.34,247.45,333,NW,3.81
2024/10/30 18:47:05,22.00,4049,5873,92,-9.94,0.18,-0.66,88,477.30,8.31,247.45,333,NW,3.81
2024/10/30 18:47:21,22.00,4050,5873,91,-9.94,0.19,-0.68,88,477.53,8.11,247.53,333,NW,3.81
2024/10/30 18:47:36,22.00,4050,5873,92,-9.94,0.19,-0.65,88,477.46,8.36,247.45,333,NW,3.81
2024/10/30 18:47:52,22.00,4049,5872,92,-9.94,0.19,-0.66,88,477.41,8.12,247.44,333,NW,3.81
2024/10/30 18:48:07,22.00,4049,5872,92,-9.94,0.18,-0.65,88,477.23,8.69,247.49,333,NW,3.81
2024/10/30 18:48:23,22.00,4049,5872,92,-9.94,0.18,-0.67,88,477.15,8.33,247.53,333,NW,3.81
2024/10/30 18:48:38,22.00,4049,5872,92,-9.93,0.19,-0.66,88,477.36,8.27,247.64,333,NW,3.81
2024/10/30 18:48:54,22.00,4049,5872,91,-9.94,0.18,-0.66,88,477.45,8.22,247.48,333,NW,3.81
2024/10/30 18:49:09,22.00,4049,5872,92,-9.93,0.19,-0.66,88,477.29,8.48,247.47,333,NW,3.81
2024/10/30 18:49:25,22.00,4049,5872,92,-9.94,0.19,-0.66,88,477.33,8.40,247.47,333,NW,3.81
2024/10/30 18:49:40,22.00,4049,5872,92,-9.94,0.19,-0.66,88,477.27,8.48,247.59,333,NW,3.81
2024/10/30 18:49:56,22.00,4049,5872,92,-9.94,0.19,-0.66,88,477.46,8.37,247.48,333,NW,3.81
2024/10/30 18:50:11,22.00,4049,5872,92,-9.94,0.19,-0.66,88,477.14,8.24,247.50,333,NW,3.81
2024/10/30 18:50:26,22.00,4049,5871,91,-9.93,0.18,-0.66,88,477.16,8.29,247.43,333,NW,3.81
2024/10/30 18:50:42,22.00,4049,5871,91,-9.95,0.20,-0.66,88,477.52,8.06,247.50,333,NW,3.81
2024/10/30 18:50:57,22.00,4049,5871,92,-9.94,0.18,-0.66,88,477.40,8.04,247.53,333,NW,3.81
2024/10/30 18:51:13,22.00,4049,5871,91,-9.94,0.18,-0.66,88,477.24,8.24,247.46,333,NW,3.81
2024/10/30 18:51:28,22.00,4049,5872,91,-9.93,0.19,-0.66,88,477.32,8.31,247.47,333,NW,3.81
2024/10/30 18:51:44,22.00,4048,5871,91,-9.94,0.19,-0.65,88,477.43,8.47,247.47,333,NW,3.81
2024/10/30 18:51:59,22.00,4049,5871,91,-9.95,0.18,-0.66,88,477.49,7.99,247.41,333,NW,3.81
2024/10/30 18:52:15,22.00,4048,5870,92,-9.93,0.18,-0.67,88,477.47,8.39,247.50,333,NW,3.81
2024/10/30 18:52:30,22.00,4048,5870,91,-9.94,0.18,-0.66,88,477.28,8.09,247.57,333,NW,3.81
2024/10/30 18:52:46,22.00,4048,5870,91,-9.93,0.19,-0.67,88,477.31,8.74,247.55,333,NW,3.81
2024/10/30 18:53:01,22.00,4048,5871,92,-9.94,0.19,-0.67,88,477.44,8.42,247.56,333,NW,3.81
2024/10/30 18:53:17,22.00,4048,5871,92,-9.94,0.18,-0.66,88,477.17,8.59,247.56,333,NW,3.81
2024/10/30 18:53:32,22.00,4048,5870,91,-9.94,0.19,-0.66,88,477.36,8.53,247.43,333,NW,3.81
2024/10/30 18:53:48,22.00,4048,5870,92,-9.94,0.19,-0.67,88,477.23,8.39,247.54,333,NW,3.81
2024/10/30 18:54:03,22.00,4048,5870,91,-9.93,0.19,-0.65,88,477.43,8.49,247.50,333,NW,3.81
2024/10/30 18:54:19,22.00,4048,5870,91,-9.94,0.19,-0.66,88,477.32,8.50,247.39,333,NW,3.81
2024/10/30 18:54:34,22.00,4048,5870,91,-9.94,0.19,-0.65,88,477.44,8.34,247.60,333,NW,3.81
2024/10/30 18:54:50,22.00,4048,5869,91,-9.95,0.19,-0.67,88,477.52,8.10,247.43,333,NW,3.81
2024/10/30 18:55:05,22.00,4048,5870,91,-9.94,0.19,-0.66,88,477.14,8.28,247.60,333,NW,3.81
2024/10/30 18:55:21,22.00,4048,5869,91,-9.94,0.19,-0.67,88,477.41,8.28,247.36,333,NW,3.81
2024/10/30 18:55:36,22.00,4047,5869,91,-9.93,0.19,-0.67,88,477.22,8.57,247.46,333,NW,3.81
2024/10/30 18:55:52,22.00,4048,5870,91,-9.95,0.17,-0.66,88,477.28,8.57,247.43,333,NW,3.81
2024/10/30 18:56:07,22.00,4048,5870,91,-9.94,0.19,-0.67,88,477.33,8.19,247.52,333,NW,3.81
2024/10/30 18:56:23,22.00,4048,5870,91,-9.94,0.18,-0.66,88,477.31,8.00,247.37,333,NW,3.81
2024/10/30 18:56:38,22.00,4048,5869,91,-9.94,0.19,-0.66,88,477.54,8.42,247.47,333,NW,3.81
2024/10/30 18:56:53,22.00,4047,5869,91,-9.94,0.19,-0.66,88,477.24,8.30,247.54,333,NW,3.81
2024/10/30 18:57:09,22.00,4047,5869,91,-9.94,0.18,-0.66,88,477.27,7.93,247.49,333,NW,3.81
2024/10/30 18:57:24,22.00,4048,5870,92,-9.94,0.19,-0.67,88,477.49,8.13,247.50,333,NW,3.81
2024/10/30 18:57:40,22.00,4047,5869,91,-9.94,0.19,-0.67,88,477.24,8.08,247.45,333,NW,3.81
2024/10/30 18:57:55,22.00,4047,5869,92,-9.94,0.18,-0.67,88,477.31,8.26,247.52,333,NW,3.81
2024/10/30 18:58:11,22.00,4047,5870,92,-9.94,0.18,-0.67,88,477.40,8.23,247.50,333,NW,3.81
2024/10/30 18:58:26,22.00,4047,5870,92,-9.93,0.19,-0.67,88,477.50,8.22,247.36,333,NW,3.81
2024/10/30 18:58:42,22.00,4047,5868,91,-9.94,0.19,-0.66,88,477.26,8.30,247.56,333,NW,3.81
2024/10/30 18:58:57,22.00,4047,5869,91,-9.93,0.19,-0.68,88,477.28,7.96,247.42,333,NW,3.81
2024/10/30 18:59:13,22.00,4047,5869,91,-9.94,0.19,-0.68,88,477.47,8.37,247.62,333,NW,3.81
2024/10/30 18:59:28,22.00,4047,5868,91,-9.94,0.18,-0.66,88,477.46,8.64,247.47,333,NW,3.81
2024/10/30 18:59:44,22.00,4047,5869,92,-9.94,0.18,-0.67,88,477.31,8.29,247.37,333,NW,3.81
2024/10/30 18:59:59,22.00,4047,5868,91,-9.93,0.19,-0.67,88,477.29,8.49,247.47,333,NW,3.81
2024/10/30 19:00:15,22.00,4048,5869,91,-9.93,0.19,-0.67,88,477.50,8.36,247.54,333,NW,3.81
2024/10/30 19:00:30,22.00,4047,5868,91,-9.94,0.19,-0.65,88,477.36,8.20,247.61,333,NW,3.81
2024/10/30 19:00:46,22.00,4046,5868,92,-9.93,0.19,-0.66,88,477.38,8.60,247.61,333,NW,3.81
2024/10/30 19:01:01,22.00,4047,5868,91,-9.94,0.19,-0.66,88,477.38,8.45,247.60,333,NW,3.81
2024/10/30 19:01:17,22.00,4047,5867,91,-9.93,0.19,-0.67,88,477.12,8.15,247.59,333,NW,3.81
2024/10/30 19:01:32,22.00,4047,5868,91,-9.93,0.19,-0.66,88,477.34,8.53,247.66,333,NW,3.81
2024/10/30 19:01:48,22.00,4047,5868,91,-9.94,0.19,-0.66,88,477.58,8.46,247.62,333,NW,3.81
2024/10/30 19:02:03,22.00,4047,5867,91,-9.94,0.20,-0.66,88,477.51,8.46,247.58,333,NW,3.81
2024/10/30 19:02:18,22.00,4046,5867,91,-9.94,0.19,-0.66,88,477.42,8.13,247.63,333,NW,3.81
2024/10/30 19:02:34,22.00,4046,5867,91,-9.95,0.19,-0.66,88,477.28,8.42,247.58,333,NW,3.81
2024/10/30 19:02:50,22.00,4046,5867,91,-9.94,0.18,-0.68,88,477.49,8.22,247.46,333,NW,3.81
2024/10/30 19:03:05,22.00,4046,5867,91,-9.94,0.19,-0.67,88,477.42,8.47,247.57,333,NW,3.81
2024/10/30 19:03:20,22.00,4046,5867,91,-9.94,0.19,-0.66,88,477.53,8.49,247.51,333,NW,3.81
2024/10/30 19:03:36,22.00,4046,5866,91,-9.93,0.19,-0.66,88,477.46,8.48,247.54,333,NW,3.81
2024/10/30 19:03:51,22.00,4047,5866,91,-9.94,0.19,-0.68,88,477.43,8.45,247.43,333,NW,3.81
2024/10/30 19:04:07,22.00,4046,5866,91,-9.94,0.19,-0.67,88,477.31,8.40,247.59,333,NW,3.81
2024/10/30 19:04:22,22.00,4046,5866,91,-9.94,0.19,-0.67,88,477.31,8.26,247.58,333,NW,3.81
2024/10/30 19:04:38,22.00,4046,5866,91,-9.94,0.19,-0.67,88,477.38,8.37,247.58,333,NW,3.81
2024/10/30 19:04:53,22.00,4046,5867,91,-9.93,0.18,-0.67,88,477.42,8.25,247.56,333,NW,3.81
2024/10/30 19:05:09,22.00,4046,5866,91,-9.92,0.19,-0.67,88,477.30,8.33,247.53,333,NW,3.81
2024/10/30 19:05:24,22.00,4046,5866,91,-9.94,0.19,-0.66,88,477.52,8.15,247.53,333,NW,3.81
2024/10/30 19:05:40,22.00,4046,5866,91,-9.93,0.19,-0.66,88,477.31,8.02,247.53,333,NW,3.81
2024/10/30 19:05:55,22.00,4046,5866,91,-9.94,0.19,-0.67,88,477.63,8.39,247.61,333,NW,3.81
2024/10/30 19:06:11,22.00,4046,5866,91,-9.94,0.18,-0.67,88,477.46,8.37,247.54,333,NW,3.81
2024/10/30 19:06:26,22.00,4046,5866,91,-9.93,0.18,-0.67,88,477.20,8.19,247.50,333,NW,3.81
2024/10/30 19:06:42,22.00,4046,5867,91,-9.94,0.18,-0.65,88,477.23,8.46,247.43,333,NW,3.81
2024/10/30 19:06:57,22.00,4046,5866,91,-9.93,0.18,-0.66,88,477.47,8.39,247.56,333,NW,3.81
2024/10/30 19:07:13,22.00,4046,5867,91,-9.94,0.19,-0.67,88,477.41,8.41,247.68,333,NW,3.81
2024/10/30 19:07:28,22.00,4046,5865,91,-9.94,0.20,-0.67,88,477.39,8.38,247.45,333,NW,3.81
2024/10/30 19:07:44,22.00,4045,5865,91,-9.94,0.20,-0.66,88,477.35,8.46,247.61,333,NW,3.81
2024/10/30 19:07:59,22.00,4045,5866,91,-9.95,0.19,-0.67,88,477.34,8.30,247.47,333,NW,3.81
2024/10/30 19:08:15,22.00,4046,5866,91,-9.94,0.19,-0.66,88,477.50,8.40,247.53,333,NW,3.81
2024/10/30 19:08:30,22.00,4045,5866,91,-9.93,0.20,-0.66,88,477.49,8.20,247.51,333,NW,3.81
2024/10/30 19:08:45,22.00,4046,5865,91,-9.94,0.18,-0.66,88,477.16,8.38,247.49,333,NW,3.81
2024/10/30 19:09:01,22.00,4045,5866,91,-9.93,0.19,-0.66,88,477.31,8.45,247.53,333,NW,3.81
2024/10/30 19:09:16,22.00,4045,5865,91,-9.93,0.19,-0.67,88,477.60,8.22,247.51,333,NW,3.81
2024/10/30 19:09:32,22.00,4045,5866,91,-9.94,0.19,-0.66,88,477.54,8.37,247.44,333,NW,3.81
2024/10/30 19:09:47,22.00,4045,5866,91,-9.94,0.19,-0.66,88,477.65,8.27,247.41,333,NW,3.81
2024/10/30 19:10:03,22.00,4046,5865,91,-9.94,0.19,-0.66,88,477.28,8.45,247.57,333,NW,3.81
2024/10/30 19:10:18,22.00,4045,5866,91,-9.94,0.18,-0.67,88,477.48,8.51,247.44,333,NW,3.81
2024/10/30 19:10:34,22.00,4045,5865,91,-9.94,0.19,-0.66,88,477.29,8.42,247.41,333,NW,3.81
2024/10/30 19:10:49,22.00,4045,5865,91,-9.93,0.19,-0.66,88,477.52,8.37,247.48,333,NW,3.81
2024/10/30 19:11:05,22.00,4044,5865,91,-9.94,0.19,-0.66,88,477.44,8.16,247.43,333,NW,3.81
2024/10/30 19:11:20,22.00,4044,5865,91,-9.93,0.19,-0.67,88,477.63,8.19,247.54,333,NW,3.81
2024/10/30 19:11:36,22.00,4044,5865,91,-9.94,0.19,-0.67,88,477.43,8.67,247.60,333,NW,3.81
2024/10/30 19:11:51,22.00,4044,5865,91,-9.94,0.18,-0.66,88,477.20,8.46,247.54,333,NW,3.81
2024/10/30 19:12:07,22.00,4045,5865,91,-9.93,0.19,-0.67,88,477.25,7.95,247.41,333,NW,3.81
2024/10/30 19:12:22,22.00,4044,5864,91,-9.93,0.19,-0.66,88,477.43,8.44,247.45,333,NW,3.81
2024/10/30 19:12:38,22.00,4044,5864,91,-9.93,0.19,-0.68,88,477.63,8.08,247.48,333,NW,3.80
2024/10/30 19:12:53,22.00,4044,5865,91,-9.94,0.19,-0.66,88,477.26,8.09,247.48,333,NW,3.81
2024/10/30 19:13:09,22.00,4044,5865,91,-9.94,0.20,-0.66,88,477.27,8.31,247.48,333,NW,3.81
2024/10/30 19:13:24,22.00,4044,5864,91,-9.93,0.19,-0.67,88,477.49,8.35,247.59,333,NW,3.81
2024/10/30 19:13:40,22.00,4043,5863,91,-9.93,0.19,-0.66,88,477.33,8.36,247.61,333,NW,3.81
2024/10/30 19:13:55,22.00,4043,5863,91,-9.94,0.19,-0.65,88,477.34,8.27,247.44,333,NW,3.81
2024/10/30 19:14:11,22.00,4044,5863,91,-9.95,0.18,-0.66,88,477.39,8.34,247.48,333,NW,3.81
2024/10/30 19:14:26,22.00,4044,5864,91,-9.94,0.19,-0.66,88,477.48,8.39,247.44,333,NW,3.80
2024/10/30 19:14:42,22.00,4044,5864,91,-9.93,0.18,-0.67,88,477.42,8.34,247.52,333,NW,3.80
2024/10/30 19:14:57,22.00,4044,5863,91,-9.94,0.19,-0.66,88,477.32,8.28,247.51,333,NW,3.81
2024/10/30 19:15:12,22.00,4044,5863,91,-9.94,0.19,-0.67,88,477.52,8.19,247.52,333,NW,3.80
2024/10/30 19:15:28,22.00,4044,5863,91,-9.93,0.19,-0.66,88,477.28,8.43,247.54,333,NW,3.80
2024/10/30 19:15:43,22.00,4043,5863,91,-9.93,0.19,-0.67,88,477.52,8.24,247.59,333,NW,3.81
2024/10/30 19:15:59,22.00,4043,5863,91,-9.93,0.18,-0.67,88,477.49,8.33,247.51,333,NW,3.81
2024/10/30 19:16:14,22.00,4043,5863,91,-9.94,0.18,-0.67,88,477.37,8.61,247.66,333,NW,3.81
2024/10/30 19:16:30,22.00,4043,5863,91,-9.94,0.19,-0.67,88,477.58,8.45,247.46,333,NW,3.81
2024/10/30 19:16:45,22.00,4043,5863,91,-9.93,0.18,-0.67,88,477.48,8.06,247.50,333,NW,3.80
2024/10/30 19:17:01,22.00,4043,5863,91,-9.94,0.18,-0.65,88,477.31,8.47,247.50,333,NW,3.80
2024/10/30 19:17:16,22.00,4043,5863,91,-9.94,0.19,-0.66,88,477.28,8.36,247.54,333,NW,3.81
2024/10/30 19:17:32,22.00,4043,5863,91,-9.94,0.19,-0.66,88,477.30,8.28,247.51,333,NW,3.81
2024/10/30 19:17:47,22.00,4043,5863,91,-9.94,0.19,-0.67,88,477.67,8.49,247.48,333,NW,3.80
2024/10/30 19:18:03,22.00,4042,5862,91,-9.94,0.19,-0.67,88,477.45,8.15,247.53,333,NW,3.80
2024/10/30 19:18:18,22.00,4042,5863,91,-9.94,0.20,-0.66,88,477.40,8.04,247.41,333,NW,3.81
2024/10/30 19:18:34,22.00,4043,5862,91,-9.94,0.19,-0.65,88,477.54,8.46,247.56,333,NW,3.80
2024/10/30 19:18:49,22.00,4042,5861,91,-9.93,0.19,-0.66,88,477.52,8.15,247.55,333,NW,3.80
2024/10/30 19:19:05,22.00,4043,5861,91,-9.93,0.19,-0.65,88,477.33,8.08,247.54,333,NW,3.81
2024/10/30 19:19:20,22.00,4043,5862,91,-9.93,0.19,-0.67,88,477.23,8.12,247.52,333,NW,3.81
2024/10/30 19:19:36,22.00,4042,5862,91,-9.94,0.19,-0.67,88,477.36,8.28,247.54,333,NW,3.81
2024/10/30 19:19:51,22.00,4043,5862,91,-9.93,0.19,-0.68,88,477.42,8.37,247.46,333,NW,3.81
2024/10/30 19:20:07,22.00,4042,5862,91,-9.94,0.19,-0.67,88,477.58,7.89,247.57,333,NW,3.80
2024/10/30 19:20:22,22.00,4042,5862,91,-9.93,0.19,-0.66,88,477.48,8.27,247.55,333,NW,3.81
2024/10/30 19:20:37,22.00,4042,5862,91,-9.94,0.19,-0.66,88,477.43,7.99,247.69,333,NW,3.81
2024/10/30 19:20:53,22.00,4042,5862,91,-9.93,0.19,-0.66,88,477.45,8.34,247.58,333,NW,3.81
2024/10/30 19:21:09,22.00,4042,5863,91,-9.94,0.19,-0.68,88,477.33,8.17,247.52,333,NW,3.80
2024/10/30 19:21:24,22.00,4042,5862,91,-9.94,0.18,-0.65,88,477.50,8.60,247.72,333,NW,3.81
2024/10/30 19:21:39,22.00,4042,5861,91,-9.93,0.19,-0.67,88,477.40,8.36,247.55,333,NW,3.80
2024/10/30 19:21:55,22.00,4042,5861,91,-9.93,0.19,-0.65,88,477.38,8.07,247.57,333,NW,3.80
2024/10/30 19:22:10,22.00,4042,5861,91,-9.93,0.18,-0.66,88,477.32,8.28,247.52,333,NW,3.81
2024/10/30 19:22:26,22.00,4042,5862,91,-9.93,0.19,-0.66,88,477.46,8.18,247.66,333,NW,3.81
2024/10/30 19:22:41,22.00,4042,5862,91,-9.93,0.19,-0.66,88,477.34,8.52,247.66,333,NW,3.81
2024/10/30 19:22:57,22.00,4042,5861,91,-9.93,0.18,-0.66,88,477.24,8.37,247.50,333,NW,3.80
2024/10/30 19:23:12,22.00,4042,5861,91,-9.93,0.19,-0.66,88,477.34,8.13,247.41,333,NW,3.81
2024/10/30 19:23:28,22.00,4042,5862,91,-9.93,0.19,-0.68,88,477.44,8.34,247.42,333,NW,3.81
2024/10/30 19:23:43,22.00,4042,5862,91,-9.94,0.18,-0.66,88,477.61,8.19,247.55,333,NW,3.81
2024/10/30 19:23:59,22.00,4042,5861,91,-9.94,0.19,-0.66,88,477.58,8.32,247.40,333,NW,3.80
2024/10/30 19:24:14,22.00,4042,5861,91,-9.93,0.19,-0.67,88,477.50,8.25,247.45,333,NW,3.80
2024/10/30 19:24:30,22.00,4042,5861,91,-9.94,0.19,-0.66,88,477.45,8.20,247.43,333,NW,3.81
2024/10/30 19:24:45,22.00,4041,5861,91,-9.93,0.18,-0.66,88,477.54,8.32,247.44,333,NW,3.81
2024/10/30 19:25:01,22.00,4042,5861,91,-9.94,0.19,-0.66,88,477.50,8.21,247.55,333,NW,3.81
2024/10/30 19:25:16,22.00,4042,5861,91,-9.94,0.20,-0.65,88,477.44,8.31,247.48,333,NW,3.80
2024/10/30 19:25:32,22.00,4041,5861,91,-9.94,0.19,-0.66,88,477.40,8.36,247.52,333,NW,3.80
2024/10/30 19:25:47,22.00,4041,5861,91,-9.94,0.19,-0.66,88,477.50,8.21,247.56,333,NW,3.80
2024/10/30 19:26:03,22.00,4041,5859,91,-9.93,0.18,-0.67,88,477.62,8.50,247.59,333,NW,3.80
2024/10/30 19:26:18,22.00,4041,5860,91,-9.94,0.18,-0.67,88,477.43,8.51,247.55,333,NW,3.80
2024/10/30 19:26:34,22.00,4041,5860,91,-9.94,0.19,-0.66,88,477.36,8.25,247.53,333,NW,3.80
2024/10/30 19:26:49,22.00,4041,5860,91,-9.93,0.19,-0.66,88,477.44,8.18,247.48,333,NW,3.80
2024/10/30 19:27:05,22.00,4041,5860,91,-9.93,0.19,-0.66,88,477.42,7.96,247.52,333,NW,3.80
2024/10/30 19:27:20,22.00,4041,5859,91,-9.93,0.18,-0.66,88,477.58,8.19,247.60,333,NW,3.80
2024/10/30 19:27:35,22.00,4041,5860,91,-9.93,0.18,-0.66,88,477.30,8.43,247.58,333,NW,3.80
2024/10/30 19:27:51,22.00,4041,5860,91,-9.93,0.18,-0.66,88,477.24,8.04,247.49,333,NW,3.80
2024/10/30 19:28:06,22.00,4041,5859,91,-9.93,0.19,-0.66,88,477.51,8.46,247.65,333,NW,3.80
2024/10/30 19:28:22,22.00,4040,5859,91,-9.93,0.19,-0.67,88,477.28,8.40,247.58,333,NW,3.81
2024/10/30 19:28:37,22.00,4040,5859,91,-9.94,0.18,-0.67,88,477.45,8.33,247.57,333,NW,3.80
2024/10/30 19:28:53,22.00,4040,5859,91,-9.93,0.19,-0.66,88,477.54,8.40,247.46,333,NW,3.80
2024/10/30 19:29:08,22.00,4040,5859,91,-9.94,0.18,-0.66,88,477.57,8.23,247.52,333,NW,3.80
2024/10/30 19:29:24,22.00,4041,5859,91,-9.94,0.18,-0.66,88,477.40,7.87,247.53,333,NW,3.80
2024/10/30 19:29:39,22.00,4040,5859,91,-9.93,0.18,-0.65,88,477.37,8.53,247.49,333,NW,3.80
2024/10/30 19:29:55,22.00,4040,5859,91,-9.93,0.18,-0.67,88,477.42,8.31,247.63,333,NW,3.80
2024/10/30 19:30:10,22.00,4040,5859,91,-9.93,0.19,-0.65,88,477.43,8.12,247.47,333,NW,3.80
2024/10/30 19:30:26,22.00,4040,5859,91,-9.94,0.19,-0.67,88,477.50,8.38,247.49,333,NW,3.80
2024/10/30 19:30:41,22.00,4040,5859,91,-9.93,0.18,-0.66,88,477.56,8.39,247.54,333,NW,3.80
2024/10/30 19:30:57,22.00,4040,5859,91,-9.94,0.19,-0.66,88,477.39,8.62,247.53,333,NW,3.80
2024/10/30 19:31:12,22.00,4040,5858,91,-9.93,0.19,-0.66,88,477.61,8.20,247.57,333,NW,3.80
2024/10/30 19:31:28,22.00,4040,5858,91,-9.94,0.19,-0.67,88,477.35,8.29,247.48,333,NW,3.80
2024/10/30 19:31:43,22.00,4040,5859,91,-9.94,0.19,-0.67,88,477.58,8.14,247.64,333,NW,3.80
2024/10/30 19:31:59,22.00,4040,5858,91,-9.93,0.20,-0.67,88,477.38,8.41,247.47,333,NW,3.80
2024/10/30 19:32:14,22.00,4039,5858,91,-9.93,0.18,-0.65,88,477.57,8.44,247.36,333,NW,3.80
2024/10/30 19:32:30,22.00,4039,5859,91,-9.92,0.18,-0.67,88,477.30,8.20,247.54,333,NW,3.80
2024/10/30 19:32:45,22.00,4039,5859,91,-9.94,0.19,-0.66,88,477.41,8.25,247.49,333,NW,3.80
2024/10/30 19:33:00,22.00,4039,5858,91,-9.94,0.19,-0.64,88,477.44,8.31,247.47,333,NW,3.80
2024/10/30 19:33:16,22.00,4039,5858,91,-9.94,0.19,-0.66,88,477.36,8.21,247.53,333,NW,3.80
2024/10/30 19:33:31,22.00,4039,5858,91,-9.93,0.19,-0.67,88,477.53,8.26,247.51,333,NW,3.80
2024/10/30 19:33:47,22.00,4039,5858,91,-9.93,0.19,-0.65,88,477.21,8.31,247.65,333,NW,3.80
2024/10/30 19:34:02,22.00,4039,5858,91,-9.93,0.19,-0.66,88,477.41,8.13,247.53,333,NW,3.80
2024/10/30 19:34:18,22.00,4039,5858,91,-9.94,0.19,-0.66,88,477.37,8.42,247.56,333,NW,3.80
2024/10/30 19:34:33,22.00,4039,5858,91,-9.94,0.19,-0.66,88,477.38,8.08,247.59,333,NW,3.80
2024/10/30 19:34:49,22.00,4039,5858,91,-9.94,0.20,-0.67,88,477.46,8.42,247.44,333,NW,3.80
2024/10/30 19:35:04,22.00,4039,5858,91,-9.93,0.18,-0.66,88,477.33,8.11,247.49,333,NW,3.80
2024/10/30 19:35:20,22.00,4039,5857,91,-9.94,0.19,-0.67,88,477.35,8.40,247.45,333,NW,3.80
2024/10/30 19:35:35,22.00,4039,5857,91,-9.94,0.19,-0.65,88,477.52,8.10,247.49,333,NW,3.80
2024/10/30 19:35:51,22.00,4039,5857,91,-9.94,0.19,-0.67,88,477.38,8.24,247.37,333,NW,3.80
2024/10/30 19:36:06,22.00,4039,5857,91,-9.93,0.19,-0.66,88,477.68,8.25,247.42,333,NW,3.80
2024/10/30 19:36:22,22.00,4038,5857,91,-9.94,0.19,-0.67,88,477.25,8.35,247.42,333,NW,3.80
2024/10/30 19:36:37,22.00,4038,5856,91,-9.93,0.19,-0.65,88,477.49,8.31,247.48,333,NW,3.80
2024/10/30 19:36:53,22.00,4039,5857,91,-9.93,0.19,-0.66,88,477.39,8.38,247.48,333,NW,3.80
2024/10/30 19:37:08,22.00,4039,5856,91,-9.94,0.20,-0.66,88,477.37,8.30,247.50,333,NW,3.80
2024/10/30 19:37:24,22.00,4038,5857,91,-9.94,0.20,-0.67,88,477.47,8.41,247.45,333,NW,3.80
2024/10/30 19:37:39,21.98,4038,5857,91,-9.93,0.19,-0.66,88,477.55,8.32,247.49,333,NW,3.80
2024/10/30 19:37:55,22.00,4038,5856,91,-9.93,0.19,-0.66,88,477.22,8.01,247.63,333,NW,3.80
2024/10/30 19:38:10,22.00,4038,5857,91,-9.93,0.19,-0.66,88,477.38,8.39,247.58,333,NW,3.80
2024/10/30 19:38:26,22.00,4039,5857,91,-9.94,0.19,-0.66,88,477.52,8.43,247.61,333,NW,3.80
2024/10/30 19:38:41,22.00,4038,5857,91,-9.94,0.20,-0.66,88,477.41,8.17,247.50,333,NW,3.80
2024/10/30 19:38:57,22.00,4038,5857,91,-9.93,0.19,-0.66,88,477.26,8.29,247.38,333,NW,3.80
2024/10/30 19:39:12,21.98,4037,5856,91,-9.93,0.19,-0.66,88,477.64,8.35,247.37,333,NW,3.80
2024/10/30 19:39:28,22.00,4038,5856,91,-9.93,0.19,-0.66,88,477.45,8.70,247.52,333,NW,3.80
2024/10/30 19:39:43,22.00,4038,5856,91,-9.93,0.20,-0.68,88,477.48,7.88,247.35,333,NW,3.80
2024/10/30 19:39:58,21.98,4038,5857,91,-9.94,0.19,-0.66,88,477.45,8.22,247.50,333,NW,3.80
2024/10/30 19:40:14,22.00,4038,5857,91,-9.94,0.19,-0.66,88,477.54,8.22,247.44,333,NW,3.80
2024/10/30 19:40:29,22.00,4037,5856,91,-9.93,0.19,-0.67,88,477.31,8.50,247.58,333,NW,3.80
2024/10/30 19:40:45,22.00,4037,5855,91,-9.94,0.19,-0.68,88,477.37,8.28,247.50,333,NW,3.80
2024/10/30 19:41:00,22.00,4038,5856,91,-9.93,0.19,-0.66,88,477.33,8.27,247.56,333,NW,3.80
2024/10/30 19:41:16,22.00,4038,5855,91,-9.93,0.20,-0.66,88,477.35,8.44,247.46,333,NW,3.80
2024/10/30 19:41:31,22.00,4038,5855,91,-9.93,0.19,-0.68,88,477.35,8.18,247.62,333,NW,3.80
2024/10/30 19:41:47,22.00,4037,5855,91,-9.93,0.19,-0.67,88,477.53,8.26,247.56,333,NW,3.80
2024/10/30 19:42:02,22.00,4037,5856,91,-9.94,0.19,-0.66,88,477.54,8.41,247.39,333,NW,3.80
2024/10/30 19:42:18,21.98,4037,5856,91,-9.93,0.20,-0.67,88,477.19,7.92,247.37,333,NW,3.80
2024/10/30 19:42:33,22.00,4037,5856,91,-9.94,0.19,-0.66,88,477.49,8.47,247.44,333,NW,3.80
2024/10/30 19:42:49,22.00,4037,5855,91,-9.93,0.20,-0.66,88,477.43,8.35,247.54,333,NW,3.80
2024/10/30 19:43:04,22.00,4038,5855,91,-9.93,0.19,-0.67,88,477.22,8.22,247.60,333,NW,3.80
2024/10/30 19:43:20,22.00,4037,5855,91,-9.93,0.18,-0.67,88,477.60,8.51,247.60,333,NW,3.80
2024/10/30 19:43:35,21.98,4037,5855,91,-9.94,0.19,-0.67,88,477.45,8.21,247.44,333,NW,3.80
2024/10/30 19:43:51,21.98,4037,5855,91,-9.94,0.19,-0.66,88,477.14,8.27,247.48,333,NW,3.80
2024/10/30 19:44:06,22.00,4037,5855,91,-9.93,0.20,-0.68,88,477.59,8.00,247.55,333,NW,3.80
2024/10/30 19:44:22,21.98,4037,5855,91,-9.94,0.19,-0.66,88,477.35,8.29,247.44,333,NW,3.80
2024/10/30 19:44:37,21.96,4037,5855,91,-9.94,0.19,-0.67,88,477.57,8.35,247.51,333,NW,3.80
2024/10/30 19:44:53,21.96,4037,5855,91,-9.94,0.19,-0.68,88,477.27,8.22,247.45,333,NW,3.80
2024/10/30 19:45:08,21.98,4037,5855,91,-9.93,0.19,-0.66,88,477.19,8.32,247.40,333,NW,3.80
2024/10/30 19:45:24,21.96,4036,5855,91,-9.93,0.19,-0.66,88,477.31,8.39,247.45,333,NW,3.80
2024/10/30 19:45:39,21.96,4037,5854,91,-9.94,0.18,-0.67,88,477.25,8.16,247.36,333,NW,3.80
2024/10/30 19:45:54,22.00,4036,5854,91,-9.94,0.19,-0.65,88,477.36,8.26,247.50,333,NW,3.80
2024/10/30 19:46:10,21.96,4037,5854,91,-9.93,0.19,-0.66,88,477.35,8.21,247.53,333,NW,3.80
2024/10/30 19:46:25,21.98,4036,5855,91,-9.93,0.20,-0.66,88,477.48,8.01,247.45,333,NW,3.80
2024/10/30 19:46:41,21.96,4036,5855,91,-9.93,0.19,-0.66,88,477.26,8.22,247.46,333,NW,3.80
2024/10/30 19:46:56,21.96,4036,5854,91,-9.93,0.18,-0.67,88,477.27,8.39,247.50,333,NW,3.80
2024/10/30 19:47:12,21.98,4036,5854,91,-9.92,0.19,-0.66,88,477.49,8.05,247.47,333,NW,3.80
2024/10/30 19:47:27,21.96,4036,5854,91,-9.94,0.18,-0.66,88,477.34,8.42,247.51,333,NW,3.80
2024/10/30 19:47:43,21.98,4036,5854,91,-9.94,0.19,-0.66,88,477.54,8.41,247.49,333,NW,3.80
2024/10/30 19:47:58,21.96,4036,5854,91,-9.94,0.19,-0.67,88,477.40,8.14,247.55,333,NW,3.80
2024/10/30 19:48:14,21.94,4036,5853,91,-9.94,0.19,-0.67,88,477.42,8.50,247.49,333,NW,3.80
2024/10/30 19:48:29,21.98,4036,5854,91,-9.93,0.19,-0.67,88,477.53,8.24,247.47,333,NW,3.80
2024/10/30 19:48:45,22.00,4036,5853,91,-9.94,0.19,-0.67,88,477.30,8.59,247.35,333,NW,3.80
2024/10/30 19:49:00,21.96,4036,5854,91,-9.95,0.19,-0.66,88,477.45,8.11,247.41,333,NW,3.80
2024/10/30 19:49:16,21.98,4036,5853,91,-9.93,0.19,-0.66,88,477.35,8.40,247.44,333,NW,3.80
2024/10/30 19:49:31,21.96,4035,5853,91,-9.93,0.19,-0.67,88,477.40,8.17,247.43,333,NW,3.80
2024/10/30 19:49:47,21.96,4036,5853,91,-9.93,0.18,-0.67,88,477.41,8.42,247.41,333,NW,3.80
2024/10/30 19:50:02,21.96,4036,5853,91,-9.94,0.18,-0.66,88,477.36,8.44,247.37,333,NW,3.80
2024/10/30 19:50:18,21.96,4036,5853,91,-9.93,0.18,-0.66,88,477.46,8.55,247.56,333,NW,3.80
2024/10/30 19:50:33,21.98,4036,5853,91,-9.93,0.19,-0.67,88,477.51,8.03,247.55,333,NW,3.80
2024/10/30 19:50:49,21.96,4035,5852,91,-9.92,0.19,-0.66,88,477.40,8.36,247.47,333,NW,3.80
2024/10/30 19:51:04,21.96,4035,5852,91,-9.93,0.18,-0.67,88,477.41,8.23,247.44,333,NW,3.80
2024/10/30 19:51:20,21.96,4035,5852,91,-9.94,0.19,-0.66,88,477.45,8.22,247.46,333,NW,3.80
2024/10/30 19:51:35,21.96,4035,5852,91,-9.94,0.19,-0.67,88,477.31,8.15,247.49,333,NW,3.80
2024/10/30 19:51:51,21.96,4035,5852,91,-9.94,0.19,-0.67,88,477.41,8.02,247.45,333,NW,3.80
2024/10/30 19:52:06,21.96,4035,5852,91,-9.94,0.18,-0.66,88,477.28,8.48,247.43,333,NW,3.80
2024/10/30 19:52:21,21.96,4035,5852,91,-9.93,0.19,-0.67,88,477.41,8.21,247.40,333,NW,3.80
2024/10/30 19:52:37,21.96,4035,5852,91,-9.93,0.20,-0.67,88,477.46,8.24,247.36,333,NW,3.80
2024/10/30 19:52:52,21.96,4035,5852,91,-9.93,0.19,-0.67,88,477.57,8.02,247.50,333,NW,3.80
2024/10/30 19:53:08,21.98,4035,5852,91,-9.93,0.19,-0.66,88,477.40,8.08,247.46,333,NW,3.80
2024/10/30 19:53:23,21.96,4035,5852,91,-9.93,0.19,-0.67,88,477.39,8.35,247.41,333,NW,3.80
2024/10/30 19:53:39,21.96,4036,5852,91,-9.93,0.19,-0.66,88,477.24,8.23,247.52,333,NW,3.80
2024/10/30 19:53:54,21.94,4035,5852,91,-9.95,0.18,-0.66,88,477.13,8.16,247.41,333,NW,3.80
2024/10/30 19:54:10,21.94,4035,5852,91,-9.94,0.19,-0.68,88,477.27,7.80,247.40,333,NW,3.80
2024/10/30 19:54:25,21.96,4035,5852,91,-9.94,0.19,-0.66,88,477.36,8.18,247.42,333,NW,3.80
2024/10/30 19:54:41,21.96,4035,5852,91,-9.93,0.20,-0.67,88,477.30,8.06,247.45,333,NW,3.80
2024/10/30 19:54:56,21.96,4035,5851,91,-9.94,0.19,-0.66,88,477.55,8.00,247.48,333,NW,3.80
2024/10/30 19:55:12,21.96,4035,5851,91,-9.94,0.19,-0.66,88,477.25,8.24,247.56,333,NW,3.80
2024/10/30 19:55:27,21.96,4035,5852,91,-9.94,0.18,-0.67,88,477.33,8.32,247.48,333,NW,3.80
2024/10/30 19:55:43,21.96,4035,5851,91,-9.93,0.19,-0.66,88,477.47,7.88,247.50,333,NW,3.80
2024/10/30 19:55:58,21.96,4034,5850,91,-9.94,0.18,-0.66,88,477.24,8.18,247.52,333,NW,3.80
2024/10/30 19:56:14,21.96,4034,5850,91,-9.94,0.18,-0.67,88,477.28,8.37,247.48,333,NW,3.80
2024/10/30 19:56:29,21.96,4034,5850,91,-9.94,0.19,-0.65,88,477.19,8.07,247.41,333,NW,3.80
2024/10/30 19:56:45,21.96,4034,5851,91,-9.93,0.19,-0.67,88,477.47,8.01,247.54,333,NW,3.80
2024/10/30 19:57:00,21.96,4035,5850,91,-9.93,0.19,-0.67,88,477.36,8.33,247.62,333,NW,3.80
2024/10/30 19:57:16,21.94,4034,5850,91,-9.93,0.19,-0.67,88,477.35,8.25,247.46,333,NW,3.80
2024/10/30 19:57:31,21.94,4034,5851,91,-9.93,0.19,-0.66,88,477.49,7.88,247.37,333,NW,3.80
2024/10/30 19:57:47,21.94,4034,5850,91,-9.93,0.19,-0.66,88,477.52,7.98,247.51,333,NW,3.80
2024/10/30 19:58:02,21.96,4034,5850,91,-9.94,0.19,-0.66,88,477.55,8.40,247.54,333,NW,3.80
2024/10/30 19:58:17,21.94,4034,5850,91,-9.93,0.18,-0.66,88,477.38,8.41,247.48,333,NW,3.80
2024/10/30 19:58:33,21.96,4034,5850,91,-9.93,0.19,-0.66,88,477.25,8.19,247.46,333,NW,3.80
2024/10/30 19:58:48,21.94,4034,5850,91,-9.92,0.19,-0.67,88,477.21,8.03,247.57,333,NW,3.80
2024/10/30 19:59:04,21.96,4034,5850,91,-9.93,0.19,-0.67,88,477.71,8.42,247.50,333,NW,3.80
2024/10/30 19:59:19,21.94,4034,5850,91,-9.93,0.19,-0.66,88,477.49,8.23,247.47,333,NW,3.80
2024/10/30 19:59:35,21.94,4033,5849,91,-9.94,0.20,-0.68,88,477.43,8.27,247.60,333,NW,3.80
2024/10/30 19:59:50,21.94,4034,5850,91,-9.93,0.19,-0.68,88,477.39,8.01,247.55,333,NW,3.80
2024/10/30 20:00:06,21.96,4034,5850,91,-9.93,0.19,-0.65,88,477.56,8.08,247.49,333,NW,3.80
2024/10/30 20:00:21,21.94,4034,5850,91,-9.93,0.20,-0.66,88,477.55,8.03,247.44,333,NW,3.80
2024/10/30 20:00:37,21.94,4034,5850,91,-9.94,0.20,-0.65,88,477.09,8.25,247.59,333,NW,3.80
2024/10/30 20:00:52,21.94,4033,5849,91,-9.93,0.20,-0.67,88,477.50,8.41,247.53,333,NW,3.80
2024/10/30 20:01:08,21.94,4033,5850,91,-9.93,0.19,-0.67,88,477.55,8.29,247.61,333,NW,3.80
2024/10/30 20:01:23,21.94,4033,5850,91,-9.93,0.19,-0.67,88,477.35,8.39,247.59,333,NW,3.80
2024/10/30 20:01:39,21.94,4034,5849,91,-9.93,0.19,-0.66,88,477.30,8.33,247.46,333,NW,3.80
2024/10/30 20:01:54,21.94,4033,5850,91,-9.93,0.19,-0.66,88,477.31,7.93,247.62,333,NW,3.80
2024/10/30 20:02:10,21.94,4033,5850,91,-9.93,0.19,-0.66,88,477.46,8.31,247.58,333,NW,3.80
2024/10/30 20:02:25,21.94,4033,5849,91,-9.93,0.19,-0.66,88,477.36,8.05,247.58,333,NW,3.80
2024/10/30 20:02:41,21.94,4033,5849,91,-9.94,0.19,-0.66,88,477.50,8.01,247.48,333,NW,3.80
2024/10/30 20:02:56,21.94,4033,5849,91,-9.94,0.18,-0.66,88,477.45,8.21,247.51,333,NW,3.80
2024/10/30 20:03:12,21.94,4033,5849,91,-9.93,0.18,-0.68,88,477.46,8.38,247.58,333,NW,3.80
2024/10/30 20:03:27,21.94,4033,5849,91,-9.92,0.19,-0.66,88,477.54,8.12,247.46,333,NW,3.80
2024/10/30 20:03:43,21.94,4033,5849,91,-9.94,0.19,-0.66,88,477.59,8.24,247.39,333,NW,3.80
2024/10/30 20:03:58,21.94,4033,5849,91,-9.93,0.19,-0.67,88,477.34,8.07,247.40,333,NW,3.80
2024/10/30 20:04:14,21.94,4032,5849,91,-9.93,0.20,-0.66,88,477.12,7.91,247.49,333,NW,3.80
2024/10/30 20:04:29,21.94,4033,5848,91,-9.94,0.20,-0.65,88,477.41,8.27,247.52,333,NW,3.80
2024/10/30 20:04:45,21.94,4032,5849,91,-9.93,0.18,-0.66,88,477.53,8.09,247.50,333,NW,3.80
2024/10/30 20:05:00,21.94,4032,5849,91,-9.93,0.19,-0.67,88,477.22,8.19,247.51,333,NW,3.80
2024/10/30 20:05:15,21.94,4032,5849,91,-9.93,0.20,-0.68,88,477.29,8.18,247.43,333,NW,3.80
2024/10/30 20:05:31,21.94,4033,5848,91,-9.95,0.20,-0.66,88,477.33,8.27,247.55,333,NW,3.80
2024/10/30 20:05:46,21.94,4032,5848,91,-9.94,0.19,-0.66,88,477.31,7.92,247.41,333,NW,3.80
2024/10/30 20:06:02,21.94,4032,5849,91,-9.93,0.19,-0.66,88,477.41,8.10,247.37,333,NW,3.80
2024/10/30 20:06:17,21.94,4032,5848,91,-9.94,0.19,-0.67,88,477.43,7.97,247.58,333,NW,3.80
2024/10/30 20:06:33,21.94,4032,5848,91,-9.93,0.19,-0.68,88,477.16,8.23,247.56,333,NW,3.80
2024/10/30 20:06:48,21.94,4032,5848,91,-9.93,0.19,-0.67,88,477.28,7.87,247.59,333,NW,3.80
2024/10/30 20:07:04,21.94,4032,5847,91,-9.94,0.19,-0.66,88,477.59,7.99,247.51,333,NW,3.80
2024/10/30 20:07:19,21.94,4032,5848,91,-9.93,0.18,-0.66,88,477.23,8.26,247.58,333,NW,3.80
2024/10/30 20:07:35,21.94,4032,5848,91,-9.93,0.19,-0.68,88,477.34,7.76,247.44,333,NW,3.80
2024/10/30 20:07:50,21.94,4032,5847,91,-9.92,0.19,-0.67,88,477.24,8.01,247.43,333,NW,3.80
2024/10/30 20:08:06,21.94,4032,5847,91,-9.94,0.19,-0.68,88,477.39,7.85,247.49,333,NW,3.80
2024/10/30 20:08:21,21.94,4032,5848,91,-9.92,0.19,-0.66,88,477.29,7.90,247.45,333,NW,3.80
2024/10/30 20:08:37,21.94,4031,5847,91,-9.93,0.19,-0.67,88,477.48,8.08,247.45,333,NW,3.80
2024/10/30 20:08:52,21.94,4031,5847,91,-9.93,0.19,-0.67,88,477.23,8.12,247.47,333,NW,3.80
2024/10/30 20:09:08,21.94,4032,5847,91,-9.94,0.19,-0.67,88,477.48,7.93,247.53,333,NW,3.80
2024/10/30 20:09:23,21.94,4031,5847,91,-9.93,0.18,-0.67,88,477.46,8.00,247.50,333,NW,3.80
2024/10/30 20:09:39,21.94,4032,5847,91,-9.94,0.19,-0.66,88,477.53,8.28,247.37,333,NW,3.80
2024/10/30 20:09:54,21.94,4032,5847,91,-9.94,0.18,-0.67,88,477.48,8.44,247.50,333,NW,3.80
2024/10/30 20:10:10,21.94,4032,5847,91,-9.94,0.19,-0.67,88,477.40,7.97,247.49,333,NW,3.80
2024/10/30 20:10:25,21.94,4032,5847,91,-9.93,0.19,-0.67,88,477.29,8.20,247.51,333,NW,3.80
2024/10/30 20:10:41,21.94,4032,5846,91,-9.93,0.19,-0.67,88,477.10,8.35,247.51,333,NW,3.80
2024/10/30 20:10:56,21.94,4032,5846,91,-9.94,0.19,-0.65,88,477.32,8.27,247.50,333,NW,3.80
2024/10/30 20:11:11,21.94,4031,5846,91,-9.92,0.20,-0.67,88,477.39,8.25,247.53,333,NW,3.80
2024/10/30 20:11:27,21.94,4031,5846,91,-9.93,0.19,-0.67,88,477.32,8.05,247.51,333,NW,3.80
2024/10/30 20:11:42,21.94,4031,5846,91,-9.93,0.19,-0.65,88,477.41,8.03,247.34,333,NW,3.80
2024/10/30 20:11:58,21.94,4031,5847,91,-9.93,0.19,-0.67,88,477.57,8.73,247.41,333,NW,3.80
2024/10/30 20:12:13,21.94,4031,5846,91,-9.93,0.19,-0.67,88,477.43,8.21,247.42,333,NW,3.80
2024/10/30 20:12:29,21.94,4032,5846,91,-9.93,0.19,-0.66,88,477.47,8.00,247.53,333,NW,3.80
2024/10/30 20:12:44,21.94,4032,5847,91,-9.93,0.18,-0.67,88,477.29,8.32,247.62,333,NW,3.80
2024/10/30 20:13:00,21.94,4031,5846,91,-9.94,0.19,-0.67,88,477.17,8.20,247.45,333,NW,3.80
2024/10/30 20:13:15,21.94,4031,5845,91,-9.93,0.19,-0.66,88,477.29,8.33,247.59,333,NW,3.80
2024/10/30 20:13:31,21.94,4031,5845,91,-9.94,0.19,-0.66,88,477.40,8.11,247.60,333,NW,3.80
2024/10/30 20:13:46,21.94,4031,5846,91,-9.95,0.20,-0.67,88,477.52,8.10,247.57,333,NW,3.80
2024/10/30 20:14:02,21.94,4031,5845,91,-9.93,0.18,-0.66,88,477.38,8.24,247.60,333,NW,3.80
2024/10/30 20:14:17,21.94,4031,5845,91,-9.94,0.18,-0.66,88,477.35,8.23,247.57,333,NW,3.80
2024/10/30 20:14:33,21.94,4031,5845,91,-9.94,0.19,-0.66,88,477.29,8.26,247.45,333,NW,3.80
2024/10/30 20:14:48,21.94,4031,5845,91,-9.94,0.19,-0.66,88,477.42,7.98,247.54,333,NW,3.80
2024/10/30 20:15:04,21.94,4030,5845,91,-9.94,0.19,-0.67,88,477.46,8.30,247.52,333,NW,3.80
2024/10/30 20:15:19,21.94,4030,5845,91,-9.93,0.19,-0.66,88,477.35,8.20,247.42,333,NW,3.80
2024/10/30 20:15:35,21.94,4031,5845,91,-9.93,0.19,-0.67,88,477.36,8.31,247.68,333,NW,3.80
2024/10/30 20:15:50,21.94,4031,5845,91,-9.93,0.19,-0.67,88,477.40,7.97,247.60,333,NW,3.80
2024/10/30 20:16:06,21.94,4031,5844,91,-9.94,0.19,-0.67,88,477.40,8.17,247.55,333,NW,3.80
2024/10/30 20:16:21,21.94,4030,5845,91,-9.94,0.19,-0.65,88,477.45,8.27,247.54,333,NW,3.80
2024/10/30 20:16:37,21.94,4030,5845,91,-9.94,0.19,-0.66,88,477.39,8.30,247.36,333,NW,3.80
2024/10/30 20:16:52,21.94,4030,5841,91,-9.94,0.19,-0.67,88,477.41,8.25,247.52,333,NW,3.80
2024/10/30 20:17:08,21.94,4020,5772,86,-7.03,5.05,1.89,55,465.28,-3.40,244.06,325,NW,3.80
2024/10/30 20:17:23,21.94,3977,5719,86,-4.11,6.32,3.57,45,468.75,-4.09,233.35,282,W,3.80
2024/10/30 20:17:38,21.94,3986,5695,83,-2.98,8.11,4.28,37,456.52,-28.44,231.91,224,SW,3.80
