VERSION,5.2,AQUAtalk:V4.42,OS:V6.2
LOGGER TYPE,AQUAlogger 310TYPT5 max50m 
LOGGER,2554-327
REGIME
REGIME TITLE, Logging Mode, Start At, Burst Mode, Interval, Samples Per Burst, Within Burst Sample Rate, Samples Per Average, Intermittent Logging, Hours per Day, Days per Month, Months per Year
Pilot 25 April 2023 site 4, Triggered Logging, NA, Disabled, 1.000000 Seconds,NA, NA, 1, Disabled, NA, NA, NA, NA
[LOGGER CHANNEL 0],Disabled


[LOGGER CHANNEL 1],Disabled


[LOGGER CHANNEL 2],Battery        ,06/03/2023
COEFFS, -46.089977, 5.4978768e-06, 0, 0, 0
Channel Setup, Not Averaged, Gain x1, Interval Multiplier x20
[LOGGER CHANNEL 3],Disabled


[LOGGER CHANNEL 4],Temperature    ,13/03/2023
COEFFS, 967.58575, -0.00022002781, 1.9068084e-11, -7.0580938e-19, 8.0592888e-27
Channel Setup, Not Averaged, Gain x1, Interval Multiplier x1
[LOGGER CHANNEL 5],Pressure       ,09/03/2023
COEFFS, -0.0026125142, 3.2540086e-07, 5.6441919e-16, -1.0555092e-23, 0
Channel Setup, Not Averaged, Gain x1, Interval Multiplier x1
[LOGGER CHANNEL 6],Turbidity,09/03/2023
COEFFS Raw1, -0.011529949, 0.82234406, 0, 0, 0,COEFFS Raw2, 86.911514, 0.8452599, 0, 0, 0,Transition Raw2,1080.2458
Channel Setup, Not Averaged, Gain x1, Keep Powered, Interval Multiplier x1
[LOGGER CHANNEL 7],Disabled


[LOGGER CHANNEL 8],Depth       ,Not Calibrated
COEFFS, 51.507366, 1.0135, 1, 0, 0
Channel Setup, Not Averaged, Gain x5
[LOGGER CHANNEL 9],SSC         ,User Cal Req'd
COEFFS, 0, 2, 0, 0, 0
Channel Setup, Not Averaged, Gain x1
START TIME, 25/04/2023 13:00:18
STOP TIME, 25/04/2023 13:24:47
HEADING, Timecode,,Battery        , , Temperature    , , Pressure       , , Turbidity, , , Depth       , , SSC         , , 
UNITS, [dd/MM/yyyy HH:mm:ss],[ms], Raw, V      , Raw, °C     , Raw, bar    , Raw1,Raw2, FTU    , Raw, m      , Raw, mg/l   , 
Sample,25/04/2023 13:05:18,23,,,12535643,14.452867,3200125,1.044145,0.103800,3405.399902,2965.359512,,0.555818,,5930.719238,
Sample,25/04/2023 13:05:19,23,,,12535261,14.457146,3203109,1.045126,0.342700,3422.899902,2980.151560,,0.571803,,5960.303223,
Sample,25/04/2023 13:05:20,23,,,12535572,14.453662,3200187,1.044165,0.143600,3407.899902,2967.472662,,0.556151,,5934.945312,
Sample,25/04/2023 13:05:21,23,,,12536539,14.442831,3199698,1.044005,0.122900,3407.000000,2966.712010,,0.553524,,5933.423828,
Sample,25/04/2023 13:05:22,23,,,12538242,14.423757,3199768,1.044028,0.022700,3434.500000,2989.956658,,0.553900,,5979.913086,
Sample,25/04/2023 13:05:23,23,,,12540859,14.394448,3199459,1.043926,0.066000,3300.399902,2876.607222,,0.552239,,5753.214355,
Sample,25/04/2023 13:05:24,23,,,12544191,14.357132,3199367,1.043896,0.026100,3434.699951,2990.125668,,0.551744,,5980.251465,
Sample,25/04/2023 13:05:25,23,,,12546509,14.331174,3199401,1.043907,0.064200,3422.100098,2979.475517,,0.551927,,5958.951172,
Sample,25/04/2023 13:05:26,23,,,12548326,14.310828,3199448,1.043923,0.021600,3416.399902,2974.657371,,0.552179,,5949.314941,
Sample,25/04/2023 13:05:27,23,,,12551537,14.274873,3199513,1.043944,0.031100,3409.899902,2969.163181,,0.552529,,5938.326172,
Sample,25/04/2023 13:05:28,23,,,12554883,14.237409,3199549,1.043956,0.040900,3970.100098,3442.677945,,0.552723,,6885.355957,
Sample,25/04/2023 13:05:29,23,,,12559319,14.187744,3199781,1.044032,0.162500,3941.399902,3418.418821,,0.553970,,6836.837402,
Sample,25/04/2023 13:05:30,23,,,12563873,14.136763,3199371,1.043897,0.257600,4009.300049,3475.812092,,0.551765,,6951.624023,
Sample,25/04/2023 13:05:31,23,,,12568872,14.080804,3199691,1.044002,1.003800,-478.600006,0.813939,,0.553486,,1.627878,
Sample,25/04/2023 13:05:32,23,,,12573490,14.029114,3199742,1.044019,0.110500,-536.700012,0.079339,,0.553760,,0.158678,
Sample,25/04/2023 13:05:33,23,,,12576428,13.996231,3199023,1.043783,0.603800,-536.700012,0.485001,,0.549893,,0.970003,
Sample,25/04/2023 13:05:34,23,,,12580198,13.954038,3198624,1.043652,0.139200,3049.699951,2664.700605,,0.547745,,5329.401367,
Sample,25/04/2023 13:05:35,23,,,12586672,13.881588,3197946,1.043429,0.054400,3481.500000,3029.683873,,0.544091,,6059.367676,
Sample,25/04/2023 13:05:36,23,9426741,5.737084,12592851,13.812445,3198415,1.043583,0.108000,3460.600098,3012.018024,,0.546619,,6024.036133,
Sample,25/04/2023 13:05:37,23,,,12600525,13.726580,3235799,1.055871,131.160004,3407.600098,2967.219249,,0.741787,,5934.438477,
Sample,25/04/2023 13:05:38,23,,,12662686,13.031272,3316579,1.082429,3.028500,-48.230000,2.478939,,1.130605,,4.957878,
Sample,25/04/2023 13:05:39,23,,,12712375,12.475543,3325610,1.085398,3.892600,-47.410000,3.189527,,1.171959,,6.379054,
Sample,25/04/2023 13:05:40,23,,,12734488,12.228185,3339648,1.090014,3.805900,-48.590000,3.118229,,1.235559,,6.236458,
Sample,25/04/2023 13:05:41,23,,,12746325,12.095755,3338518,1.089642,3.481400,-50.529999,2.851379,,1.230469,,5.702757,
Sample,25/04/2023 13:05:42,23,,,12752153,12.030546,3370955,1.100309,3.113000,-50.049999,2.548427,,1.374698,,5.096854,
Sample,25/04/2023 13:05:43,23,,,12756882,11.977630,3363194,1.097756,3.693900,-48.070000,3.026127,,1.340529,,6.052253,
Sample,25/04/2023 13:05:44,23,,,12759701,11.946084,3402601,1.110716,3.033500,-51.049999,2.483051,,1.512043,,4.966102,
Sample,25/04/2023 13:05:45,23,,,12763372,11.905003,3472908,1.133840,4.127200,-50.739998,3.382449,,1.807669,,6.764897,
Sample,25/04/2023 13:05:46,23,,,12766117,11.874283,3457541,1.128785,3.383300,-51.890003,2.770707,,1.744026,,5.541414,
Sample,25/04/2023 13:05:47,23,,,12767279,11.861279,3515978,1.148008,3.536900,-52.799999,2.897019,,1.983613,,5.794038,
Sample,25/04/2023 13:05:48,23,,,12768879,11.843372,3470425,1.133023,3.777100,-52.920002,3.094546,,1.797419,,6.189092,
Sample,25/04/2023 13:05:49,23,,,12769600,11.835302,3522699,1.150219,3.131400,-52.709999,2.563558,,2.010774,,5.127116,
Sample,25/04/2023 13:05:50,23,,,12771551,11.813466,3495470,1.141262,3.813900,-53.230000,3.124808,,1.900259,,6.249616,
Sample,25/04/2023 13:05:51,23,,,12773632,11.790175,3659378,1.195193,3.684100,-53.579998,3.018068,,2.549671,,6.036136,
Sample,25/04/2023 13:05:52,23,,,12778431,11.736458,3630753,1.185773,3.504900,-55.170002,2.870704,,2.438637,,5.741407,
Sample,25/04/2023 13:05:53,23,,,12779913,11.719869,3648132,1.191492,3.019800,-55.070000,2.471785,,2.506147,,4.943570,
Sample,25/04/2023 13:05:54,23,,,12780479,11.713533,3739285,1.221494,3.511000,-53.109997,2.875720,,2.855693,,5.751441,
Sample,25/04/2023 13:05:55,23,,,12781531,11.701757,3773267,1.232681,3.899700,-53.379997,3.195365,,2.984341,,6.390731,
Sample,25/04/2023 13:05:56,23,9426486,5.735682,12782281,11.693361,3789456,1.238010,4.086200,-54.599998,3.348732,,3.045357,,6.697464,
Sample,25/04/2023 13:05:57,23,,,12782386,11.692186,3777096,1.233941,3.283100,-55.209999,2.688308,,2.998787,,5.376616,
Sample,25/04/2023 13:05:58,23,,,12782456,11.691402,3810867,1.245060,3.316900,-56.279999,2.716103,,3.125804,,5.432206,
Sample,25/04/2023 13:05:59,23,,,12782520,11.690686,3860469,1.261392,4.292201,-55.440002,3.518136,,3.311170,,7.036272,
Sample,25/04/2023 13:06:00,23,,,12783066,11.684574,3906473,1.276541,4.087700,-55.579998,3.349966,,3.481974,,6.699932,
Sample,25/04/2023 13:06:01,23,,,12783766,11.676738,3925042,1.282657,4.048700,-54.400002,3.317894,,3.550644,,6.635789,
Sample,25/04/2023 13:06:02,23,,,12784050,11.673558,3901900,1.275035,3.418900,-55.680000,2.799982,,3.465039,,5.599964,
Sample,25/04/2023 13:06:03,23,,,12783352,11.681372,3904371,1.275849,3.539700,-55.009998,2.899321,,3.474191,,5.798643,
Sample,25/04/2023 13:06:04,23,,,12783128,11.683880,3961621,1.294704,3.845600,-55.859997,3.150876,,3.685498,,6.301753,
Sample,25/04/2023 13:06:05,23,,,12784370,11.669976,4050264,1.323905,4.348300,-53.690002,3.564269,,4.010263,,7.128538,
Sample,25/04/2023 13:06:06,23,,,12785207,11.660606,3992690,1.304938,3.599300,-56.459999,2.948333,,3.799635,,5.896666,
Sample,25/04/2023 13:06:07,23,,,12784891,11.664144,4015709,1.312521,3.765000,-57.270000,3.084596,,3.883978,,6.169191,
Sample,25/04/2023 13:06:08,23,,,12785487,11.657471,4106322,1.342375,3.305100,-54.809998,2.706400,,4.214372,,5.412799,
Sample,25/04/2023 13:06:09,23,,,12786730,11.643556,4150213,1.356838,3.267600,-56.470001,2.675562,,4.373591,,5.351123,
Sample,25/04/2023 13:06:10,23,,,12787664,11.633099,4172749,1.364264,3.933100,-55.609997,3.222832,,4.455160,,6.445663,
Sample,25/04/2023 13:06:11,23,,,12788066,11.628599,4162670,1.360943,3.978800,-55.579998,3.260413,,4.418693,,6.520826,
Sample,25/04/2023 13:06:12,23,,,12787911,11.630334,4263946,1.394323,3.506800,-55.349998,2.872266,,4.784123,,5.744533,
Sample,25/04/2023 13:06:13,23,,,12788971,11.618467,4276276,1.398387,3.752100,-57.309998,3.073988,,4.828474,,6.147975,
Sample,25/04/2023 13:06:14,23,,,12789231,11.615556,4315906,1.411452,3.306400,-57.909996,2.707468,,4.970838,,5.414937,
Sample,25/04/2023 13:06:15,23,,,12789443,11.613182,4296498,1.405054,4.523600,-56.599998,3.708426,,4.901152,,7.416852,
Sample,25/04/2023 13:06:16,23,9426275,5.734522,12789032,11.617784,4288590,1.402447,3.731200,-58.890003,3.056800,,4.872739,,6.113600,
Sample,25/04/2023 13:06:17,23,,,12789138,11.616597,4407267,1.441576,3.651500,-56.140003,2.991259,,5.298073,,5.982519,
Sample,25/04/2023 13:06:18,23,,,12790151,11.605256,4458816,1.458576,4.596500,-57.320000,3.768374,,5.482185,,7.536749,
Sample,25/04/2023 13:06:19,23,,,12790641,11.599770,4432472,1.449888,3.550900,-57.090004,2.908532,,5.388138,,5.817063,
Sample,25/04/2023 13:06:20,23,,,12790286,11.603744,4437803,1.451646,3.162700,-55.840004,2.589298,,5.407177,,5.178595,
Sample,25/04/2023 13:06:21,23,,,12790350,11.603028,4467215,1.461346,4.173500,-56.400002,3.420523,,5.512150,,6.841046,
Sample,25/04/2023 13:06:22,23,,,12790789,11.598113,4452195,1.456392,3.500400,-57.290001,2.867003,,5.458556,,5.734006,
Sample,25/04/2023 13:06:23,23,,,12791084,11.594810,4598095,1.504519,5.317100,-57.790001,4.360956,,5.978053,,8.721911,
Sample,25/04/2023 13:06:24,23,,,12791886,11.585830,4681277,1.531965,4.234100,-58.650002,3.470357,,6.273274,,6.940714,
Sample,25/04/2023 13:06:25,23,,,12792391,11.580176,4656305,1.523725,3.219700,-57.730000,2.636171,,6.184710,,5.272342,
Sample,25/04/2023 13:06:26,23,,,12792341,11.580736,4678932,1.531191,4.832700,-57.159996,3.962612,,6.264960,,7.925225,
Sample,25/04/2023 13:06:27,23,,,12792051,11.583983,4690038,1.534856,4.788700,-58.370003,3.926429,,6.304333,,7.852859,
Sample,25/04/2023 13:06:28,23,,,12791922,11.585427,4764798,1.559529,5.122200,-59.370003,4.200681,,6.569118,,8.401362,
Sample,25/04/2023 13:06:29,23,,,12792454,11.579471,4885552,1.599391,3.570400,-60.279999,2.924567,,6.995975,,5.849134,
Sample,25/04/2023 13:06:30,23,,,12793337,11.569584,4802332,1.571918,3.687300,-57.849998,3.020699,,6.701901,,6.041399,
Sample,25/04/2023 13:06:31,23,,,12793390,11.568991,4865552,1.592788,3.447200,-61.520000,2.823255,,6.925341,,5.646509,
Sample,25/04/2023 13:06:32,23,,,12793685,11.565688,4935905,1.616017,3.406900,-59.870003,2.790114,,7.173705,,5.580228,
Sample,25/04/2023 13:06:33,23,,,12793748,11.564982,4983192,1.631632,2.991000,-59.720001,2.448101,,7.340488,,4.896202,
Sample,25/04/2023 13:06:34,23,,,12794185,11.560090,4989412,1.633686,3.210700,-60.250000,2.628770,,7.362418,,5.257541,
Sample,25/04/2023 13:06:35,23,,,12794218,11.559720,5020594,1.643984,3.208800,-61.200001,2.627208,,7.472326,,5.254416,
Sample,25/04/2023 13:06:36,23,9426103,5.733576,12794447,11.557156,5076061,1.662305,5.556300,-61.099998,4.557661,,7.667721,,9.115321,
Sample,25/04/2023 13:06:37,23,,,12794683,11.554513,5101338,1.670654,3.225300,-60.890003,2.640776,,7.756719,,5.281552,
Sample,25/04/2023 13:06:38,23,,,12794938,11.551658,5171110,1.693704,3.480600,-64.159996,2.850721,,8.002246,,5.701441,
Sample,25/04/2023 13:06:39,23,,,12795308,11.547515,5130592,1.680318,3.465200,-62.730000,2.838057,,7.859687,,5.676113,
Sample,25/04/2023 13:06:40,23,,,12795151,11.549273,5199473,1.703076,3.246700,-62.459999,2.658374,,8.102002,,5.316749,
Sample,25/04/2023 13:06:41,23,,,12795403,11.546452,5283048,1.730693,3.309500,-59.709999,2.710018,,8.395781,,5.420036,
Sample,25/04/2023 13:06:42,23,,,12795538,11.544940,5291824,1.733593,3.576700,-60.540001,2.929748,,8.426617,,5.859496,
Sample,25/04/2023 13:06:43,23,,,12795091,11.549945,5280815,1.729955,5.069600,-63.049999,4.157426,,8.387935,,8.314851,
Sample,25/04/2023 13:06:44,23,,,12794232,11.559563,5310907,1.739900,3.652300,-61.509998,2.991918,,8.493660,,5.983835,
Sample,25/04/2023 13:06:45,23,,,12793798,11.564423,5365899,1.758076,3.989100,-62.220001,3.268883,,8.686797,,6.537766,
Sample,25/04/2023 13:06:46,23,,,12794065,11.561433,5397295,1.768454,4.347899,-58.980000,3.563939,,8.797025,,7.127879,
Sample,25/04/2023 13:06:47,23,,,12794161,11.560358,5434693,1.780818,3.580700,-61.840004,2.933037,,8.928291,,5.866075,
Sample,25/04/2023 13:06:48,23,,,12794311,11.558679,5431448,1.779745,4.052500,-62.430000,3.321020,,8.916902,,6.642039,
Sample,25/04/2023 13:06:49,23,,,12794447,11.557156,5530374,1.812453,3.508600,-60.240002,2.873747,,9.263971,,5.747493,
Sample,25/04/2023 13:06:50,23,,,12795143,11.549363,5531595,1.812857,4.136600,-61.890003,3.390179,,9.268254,,6.780357,
Sample,25/04/2023 13:06:51,23,,,12795489,11.545489,5509284,1.805480,3.445400,-61.170002,2.821774,,9.189999,,5.643548,
Sample,25/04/2023 13:06:52,23,,,12795934,11.540506,5644929,1.850339,4.378600,-60.640003,3.589186,,9.665607,,7.178372,
Sample,25/04/2023 13:06:53,23,,,12796794,11.530876,5609748,1.838703,4.838000,-59.170002,3.966970,,9.542288,,7.933941,
Sample,25/04/2023 13:06:54,23,,,12796731,11.531582,5579064,1.828555,5.656900,-61.500000,4.640388,,9.434713,,9.280776,
Sample,25/04/2023 13:06:55,23,,,12796425,11.535008,5628823,1.845012,3.897200,-63.009998,3.193309,,9.609154,,6.386619,
Sample,25/04/2023 13:06:56,23,9425967,5.732828,12796539,11.533732,5704198,1.869944,3.057700,-61.170002,2.502951,,9.873309,,5.005903,
Sample,25/04/2023 13:06:57,23,,,12796821,11.530574,5715476,1.873675,3.265200,-61.430000,2.673588,,9.912824,,5.347176,
Sample,25/04/2023 13:06:58,23,,,12796847,11.530283,5668525,1.858144,3.396700,-60.190002,2.781726,,9.748304,,5.563452,
Sample,25/04/2023 13:06:59,23,,,12796504,11.534124,5692341,1.866022,3.312100,-61.829998,2.712156,,9.831762,,5.424312,
Sample,25/04/2023 13:07:00,23,,,12796455,11.534672,5782254,1.895768,4.685600,-61.230000,3.841645,,10.146758,,7.683290,
Sample,25/04/2023 13:07:01,23,,,12797038,11.528144,5813495,1.906105,3.456900,-61.980000,2.831231,,10.256176,,5.662463,
Sample,25/04/2023 13:07:02,23,,,12797275,11.525490,5805154,1.903346,4.366500,-62.250000,3.579235,,10.226964,,7.158471,
Sample,25/04/2023 13:07:03,23,,,12797177,11.526588,5803978,1.902956,3.527700,-61.590004,2.889453,,10.222845,,5.778906,
Sample,25/04/2023 13:07:04,23,,,12797107,11.527372,5867829,1.924085,5.357200,-63.890003,4.393932,,10.446442,,8.787864,
Sample,25/04/2023 13:07:05,23,,,12797115,11.527282,5859670,1.921385,4.679100,-64.470001,3.836300,,10.417874,,7.672600,
Sample,25/04/2023 13:07:06,23,,,12797123,11.527192,5824904,1.909881,4.268600,-63.720001,3.498728,,10.296132,,6.997456,
Sample,25/04/2023 13:07:07,23,,,12797142,11.526980,5866544,1.923660,3.568100,-66.199997,2.922676,,10.441943,,5.845352,
Sample,25/04/2023 13:07:08,23,,,12797207,11.526252,5872189,1.925528,6.744500,-62.820000,5.534770,,10.461708,,11.069539,
Sample,25/04/2023 13:07:09,23,,,12797035,11.528178,5879206,1.927850,4.264200,-65.629997,3.495110,,10.486277,,6.990220,
Sample,25/04/2023 13:07:10,23,,,12796737,11.531515,5828812,1.911174,3.719800,-65.400002,3.047426,,10.309817,,6.094851,
Sample,25/04/2023 13:07:11,23,,,12796901,11.529678,5829509,1.911404,4.185500,-65.150002,3.430391,,10.312258,,6.860783,
Sample,25/04/2023 13:07:12,23,,,12797530,11.522635,5766652,1.890606,3.837300,-66.659996,3.144051,,10.092108,,6.288102,
Sample,25/04/2023 13:07:13,23,,,12797901,11.518481,5709208,1.871602,3.385400,-63.820000,2.772433,,9.890863,,5.544867,
Sample,25/04/2023 13:07:14,23,,,12797915,11.518324,5689585,1.865110,3.689100,-66.610001,3.022179,,9.822105,,6.044359,
Sample,25/04/2023 13:07:15,23,,,12797669,11.521079,5651737,1.852591,4.182500,-64.979996,3.427924,,9.689468,,6.855848,
Sample,25/04/2023 13:07:16,23,9425842,5.732141,12797924,11.518223,5553013,1.819940,3.519700,-63.680000,2.882874,,9.343366,,5.765749,
Sample,25/04/2023 13:07:17,23,,,12798530,11.511437,5585486,1.830679,3.378900,-64.809998,2.767088,,9.457230,,5.534176,
Sample,25/04/2023 13:07:18,23,,,12798635,11.510262,5539426,1.815447,5.290200,-66.000000,4.338835,,9.295718,,8.677670,
Sample,25/04/2023 13:07:19,23,,,12798692,11.509623,5421523,1.776464,4.265600,-66.570000,3.496261,,8.882068,,6.992521,
Sample,25/04/2023 13:07:20,23,,,12799163,11.504349,5397930,1.768664,3.634800,-64.870003,2.977526,,8.799254,,5.955052,
Sample,25/04/2023 13:07:21,23,,,12799150,11.504495,5435694,1.781149,3.005600,-64.990005,2.460107,,8.931804,,4.920215,
Sample,25/04/2023 13:07:22,23,,,12799099,11.505066,5455310,1.787634,5.157400,-64.409996,4.229627,,9.000640,,8.459254,
Sample,25/04/2023 13:07:23,23,,,12799350,11.502255,5269304,1.726151,3.679300,-64.650002,3.014120,,8.347485,,6.028241,
Sample,25/04/2023 13:07:24,23,,,12799642,11.498985,5306332,1.738388,4.195800,-65.409996,3.438861,,8.477588,,6.877722,
Sample,25/04/2023 13:07:25,23,,,12800129,11.493532,5267247,1.725471,5.226701,-64.190002,4.286616,,8.340256,,8.573233,
Sample,25/04/2023 13:07:26,23,,,12799816,11.497037,5319135,1.742619,3.886500,-65.009995,3.184510,,8.522563,,6.369020,
Sample,25/04/2023 13:07:27,23,,,12799951,11.495525,5301740,1.736870,4.040700,-66.009995,3.311316,,8.461455,,6.622632,
Sample,25/04/2023 13:07:28,23,,,12799774,11.497507,5187437,1.699099,3.254600,-65.650002,2.664871,,8.059674,,5.329742,
Sample,25/04/2023 13:07:29,23,,,12799994,11.495044,5141462,1.683909,3.549800,-63.849998,2.907627,,7.897939,,5.815254,
Sample,25/04/2023 13:07:30,23,,,12800034,11.494596,5182572,1.697491,6.187000,-65.199997,5.076313,,8.042563,,10.152626,
Sample,25/04/2023 13:07:31,23,,,12800180,11.492961,5209986,1.706549,4.211600,-64.150002,3.451855,,8.138970,,6.903709,
Sample,25/04/2023 13:07:32,23,,,12800290,11.491729,5054865,1.655303,3.064100,-66.059998,2.508215,,7.593070,,5.016429,
Sample,25/04/2023 13:07:33,23,,,12799971,11.495301,5069333,1.660082,3.734700,-66.139999,3.059678,,7.644027,,6.119357,
Sample,25/04/2023 13:07:34,23,,,12799842,11.496746,5074921,1.661928,2.910500,-66.800003,2.381902,,7.663706,,4.763805,
Sample,25/04/2023 13:07:35,23,,,12799499,11.500587,5070755,1.660552,3.056300,-67.279999,2.501800,,7.649035,,5.003600,
Sample,25/04/2023 13:07:36,23,9425714,5.731437,12799335,11.502423,5024428,1.645251,3.790200,-66.580002,3.105319,,7.485837,,6.210637,
Sample,25/04/2023 13:07:37,23,,,12798903,11.507261,4989347,1.633665,3.717200,-66.500000,3.045287,,7.362189,,6.090575,
Sample,25/04/2023 13:07:38,23,,,12798926,11.507003,4987166,1.632944,3.288000,-66.050003,2.692337,,7.354499,,5.384674,
Sample,25/04/2023 13:07:39,23,,,12798987,11.506320,4990393,1.634010,3.617000,-65.440002,2.962889,,7.365876,,5.925777,
Sample,25/04/2023 13:07:40,23,,,12799355,11.502199,4960581,1.624165,4.102700,-66.129997,3.362301,,7.260753,,6.724603,
Sample,25/04/2023 13:07:41,23,,,12799687,11.498481,4895650,1.602725,4.502300,-64.080002,3.690910,,7.031629,,7.381819,
Sample,25/04/2023 13:07:42,23,,,12800000,11.494976,4869562,1.594112,3.796500,-65.940002,3.110499,,6.939505,,6.220999,
Sample,25/04/2023 13:07:43,23,,,12799914,11.495939,4875068,1.595930,6.672300,-62.220001,5.475396,,6.958951,,10.950792,
Sample,25/04/2023 13:07:44,23,,,12799855,11.496600,4853230,1.588720,4.312200,-63.490002,3.534582,,6.881811,,7.069164,
Sample,25/04/2023 13:07:45,23,,,12799640,11.499008,4809568,1.574307,3.200500,-65.180000,2.620382,,6.727489,,5.240764,
Sample,25/04/2023 13:07:46,23,,,12799279,11.503050,4755407,1.556430,7.141000,-64.849998,5.860829,,6.535880,,11.721658,
Sample,25/04/2023 13:07:47,23,,,12799616,11.499276,4686057,1.533542,3.466900,-63.520000,2.839455,,6.290220,,5.678909,
Sample,25/04/2023 13:07:48,23,,,12799951,11.495525,4747513,1.553824,3.296800,-66.459999,2.699574,,6.507936,,5.399148,
Sample,25/04/2023 13:07:49,23,,,12800406,11.490430,4587201,1.500925,3.042500,-65.409996,2.490452,,5.939342,,4.980904,
Sample,25/04/2023 13:07:50,23,,,12800338,11.491191,4558753,1.491540,4.112600,-65.309998,3.370442,,5.838197,,6.740884,
Sample,25/04/2023 13:07:51,23,,,12800171,11.493062,4545471,1.487158,4.503300,-65.740005,3.691732,,5.790946,,7.383464,
Sample,25/04/2023 13:07:52,23,,,12799878,11.496343,4509315,1.475232,2.997300,-65.459999,2.453282,,5.662223,,4.906564,
Sample,25/04/2023 13:07:53,23,,,12799813,11.497070,4402672,1.440060,4.418900,-64.770004,3.622326,,5.281644,,7.244652,
Sample,25/04/2023 13:07:54,23,,,12800073,11.494159,4372796,1.430209,3.302000,-65.199997,2.703850,,5.174753,,5.407701,
Sample,25/04/2023 13:07:55,23,,,12800032,11.494618,4388725,1.435461,4.011900,-64.279999,3.287632,,5.231760,,6.575264,
Sample,25/04/2023 13:07:56,23,9425619,5.730915,12800315,11.491449,4213341,1.377643,3.681500,-65.790001,3.015930,,4.601794,,6.031859,
Sample,25/04/2023 13:07:57,23,,,12800393,11.490576,4221004,1.380168,3.372200,-65.139999,2.761579,,4.629437,,5.523158,
Sample,25/04/2023 13:07:58,23,,,12800290,11.491729,4042676,1.321405,3.250300,-66.389999,2.661335,,3.982564,,5.322670,
Sample,25/04/2023 13:07:59,23,,,12800177,11.492994,3994087,1.305398,4.116700,-66.690002,3.373814,,3.804759,,6.747628,
Sample,25/04/2023 13:08:00,23,,,12799626,11.499164,4010473,1.310796,3.159800,-66.979996,2.586913,,3.864809,,5.173826,
Sample,25/04/2023 13:08:01,23,,,12798752,11.508951,3793248,1.239259,3.489600,-66.419998,2.858122,,3.059624,,5.716245,
Sample,25/04/2023 13:08:02,23,,,12797370,11.524427,3825619,1.249917,3.659300,-66.729996,2.997674,,3.181074,,5.995347,
Sample,25/04/2023 13:08:03,23,,,12796015,11.539599,3785428,1.236684,4.298400,-64.370003,3.523234,,3.030191,,7.046467,
Sample,25/04/2023 13:08:04,23,,,12794768,11.553562,3801115,1.241849,3.388800,-65.590004,2.775230,,3.089197,,5.550459,
Sample,25/04/2023 13:08:05,23,,,12793835,11.564008,3679985,1.201975,3.353900,-65.909996,2.746530,,2.629113,,5.493059,
Sample,25/04/2023 13:08:06,23,,,12792671,11.577041,3629738,1.185439,3.576200,-66.509995,2.929337,,2.434684,,5.858674,
Sample,25/04/2023 13:08:07,23,,,12791410,11.591160,3589714,1.172268,3.263800,-64.870003,2.672437,,2.277905,,5.344873,
Sample,25/04/2023 13:08:08,23,,,12790447,11.601942,3621396,1.182694,3.836300,-65.229996,3.143229,,2.402157,,6.286457,
Sample,25/04/2023 13:08:09,23,,,12789819,11.608973,3599015,1.175329,4.789800,-65.120003,3.927333,,2.314505,,7.854667,
Sample,25/04/2023 13:08:10,23,,,12789187,11.616048,3619547,1.182085,3.129600,-65.750000,2.562078,,2.394937,,5.124156,
Sample,25/04/2023 13:08:11,23,,,12788725,11.621221,3431353,1.120172,3.343800,-65.659996,2.738224,,1.634371,,5.476449,
Sample,25/04/2023 13:08:12,23,,,12787943,11.629976,3378412,1.102761,3.675900,-66.199997,3.011325,,1.407340,,6.022649,
Sample,25/04/2023 13:08:13,23,,,12786952,11.641070,3401979,1.110511,3.095700,-66.220001,2.534201,,1.509372,,5.068401,
Sample,25/04/2023 13:08:14,23,,,12786045,11.651224,3368478,1.099494,3.311500,-66.129997,2.711662,,1.363815,,5.423325,
Sample,25/04/2023 13:08:15,23,,,12785320,11.659341,3378315,1.102729,1.617700,-67.190002,1.318776,,1.406917,,2.637552,
Sample,25/04/2023 13:08:16,23,9425523,5.730387,12785075,11.662084,3401499,1.110353,3.350100,-64.770004,2.743405,,1.507310,,5.486810,
Sample,25/04/2023 13:08:17,23,,,12785013,11.662778,3202966,1.045079,0.979000,1299.000000,1184.904131,,0.571039,,2369.808350,
Sample,25/04/2023 13:08:18,23,,,12785131,11.661457,3227527,1.053152,3.303000,-65.720001,2.704672,,0.699606,,5.409345,
Sample,25/04/2023 13:08:19,23,,,12785271,11.659889,3200182,1.044164,404.169983,420.100006,332.355257,,0.556124,,664.710510,
Sample,25/04/2023 13:08:20,23,,,12788198,11.627121,3198934,1.043754,40.558002,3076.100098,2687.015590,,0.549414,,5374.031250,
Sample,25/04/2023 13:08:21,23,,,12792615,11.577668,3199481,1.043933,99.702995,3109.300049,2715.078178,,0.552357,,5430.156250,
Sample,25/04/2023 13:08:22,23,,,12795292,11.547695,3198544,1.043625,0.046800,3138.699951,2739.928736,,0.547314,,5479.857422,
Sample,25/04/2023 13:08:23,23,,,12798014,11.517215,3198996,1.043774,0.037200,3657.300049,3178.280606,,0.549748,,6356.561035,
Sample,25/04/2023 13:08:24,23,,,12801305,11.480363,3198748,1.043693,0.107200,3165.699951,2762.750754,,0.548413,,5525.501465,
Sample,25/04/2023 13:08:25,23,,,12803119,11.460049,3198665,1.043665,0.119800,3624.100098,3150.218018,,0.547966,,6300.436035,
Sample,25/04/2023 13:08:26,23,,,12804249,11.447394,3199063,1.043796,0.068900,3575.800049,3109.391923,,0.550108,,6218.783691,
Sample,25/04/2023 13:08:27,23,,,12805030,11.438647,3197657,1.043334,0.423600,3083.000000,2692.847801,,0.542532,,5385.695801,
Sample,25/04/2023 13:08:28,23,,,12806132,11.426306,3201194,1.044496,0.726600,3079.399902,2689.804783,,0.561555,,5379.609375,
Sample,25/04/2023 13:08:29,23,,,12807503,11.410951,3196663,1.043007,0.009000,2912.199951,2548.477368,,0.537164,,5096.954590,
Sample,25/04/2023 13:08:30,23,,,12808687,11.397690,3199044,1.043790,0.826500,2853.500000,2498.860653,,0.550006,,4997.721191,
Sample,25/04/2023 13:08:31,23,,,12808734,11.397164,3198605,1.043646,1.772100,2808.000000,2460.401327,,0.547642,,4920.802734,
Sample,25/04/2023 13:08:32,23,,,12807629,11.409540,3198062,1.043467,6.351200,2806.399902,2459.048829,,0.544716,,4918.097656,
Sample,25/04/2023 13:08:33,23,,,12806265,11.424816,3197719,1.043354,0.125000,2810.600098,2462.599085,,0.542866,,4925.198242,
Sample,25/04/2023 13:08:34,23,,,12804176,11.448211,3197759,1.043367,0.139900,2858.100098,2502.748931,,0.543082,,5005.498047,
Sample,25/04/2023 13:08:35,23,,,12801855,11.474204,3198902,1.043743,0.117900,3469.100098,3019.202733,,0.549242,,6038.405273,
Sample,25/04/2023 13:08:36,23,9425488,5.730195,12799429,11.501370,3198503,1.043612,0.024500,2902.800049,2540.532007,,0.547093,,5081.063965,
Sample,25/04/2023 13:08:37,23,,,12797032,11.528211,3198586,1.043639,12.311000,3885.000000,3370.746245,,0.547540,,6741.492676,
Sample,25/04/2023 13:08:38,23,,,12794698,11.554346,3198818,1.043716,595.450012,7876.399902,6744.516546,,0.548789,,13489.033203,
Sample,25/04/2023 13:08:39,23,,,12792322,11.580949,3199389,1.043903,588.950012,3521.699951,3063.663280,,0.551862,,6127.326660,
Sample,25/04/2023 13:08:40,23,,,12789787,11.609331,3197113,1.043155,0.106300,3091.000000,2699.609880,,0.539595,,5399.219727,
Sample,25/04/2023 13:08:41,23,,,12787179,11.638529,3200174,1.044161,49.222004,3281.899902,2860.969914,,0.556081,,5721.939941,
Sample,25/04/2023 13:08:42,23,,,12784504,11.668476,3198003,1.043448,37.976002,3089.600098,2698.426599,,0.544398,,5396.853027,
Sample,25/04/2023 13:08:43,23,,,12781677,11.700123,3197722,1.043355,3.330600,3011.600098,2632.496326,,0.542883,,5264.992676,
Sample,25/04/2023 13:08:44,23,,,12779417,11.725421,3196757,1.043038,5.689700,3015.699951,2635.961768,,0.537672,,5271.923340,
Sample,25/04/2023 13:08:45,23,,,12777382,11.748200,3197396,1.043248,0.818500,3003.300049,2625.480628,,0.541123,,5250.961426,
Sample,25/04/2023 13:08:46,23,,,12775795,11.765964,3198325,1.043553,5.109900,3018.300049,2638.159526,,0.546134,,5276.318848,
Sample,25/04/2023 13:08:47,23,,,12774296,11.782742,3197874,1.043405,5.561500,3034.600098,2651.937304,,0.543703,,5303.874512,
Sample,25/04/2023 13:08:48,23,,,12772929,11.798043,3197748,1.043364,5.459500,3049.800049,2664.785213,,0.543023,,5329.570312,
Sample,25/04/2023 13:08:49,23,,,12771726,11.811508,3197803,1.043382,5.534300,3047.399902,2662.756466,,0.543320,,5325.512695,
Sample,25/04/2023 13:08:50,23,,,12770625,11.823830,3198012,1.043451,5.541100,3054.300049,2668.588883,,0.544447,,5337.177734,
Sample,25/04/2023 13:08:51,23,,,12769492,11.836511,3198060,1.043466,5.530400,3039.399902,2655.994387,,0.544706,,5311.988770,
Sample,25/04/2023 13:08:52,23,,,12768475,11.847893,3198156,1.043498,5.470100,3032.300049,2649.993165,,0.545223,,5299.986328,
Sample,25/04/2023 13:08:53,23,,,12767460,11.859253,3198008,1.043449,5.517200,3033.899902,2651.345457,,0.544425,,5302.690918,
Sample,25/04/2023 13:08:54,23,,,12766438,11.870691,3202011,1.044765,5.512100,3026.899902,2645.428638,,0.565931,,5290.857422,
Sample,25/04/2023 13:08:55,23,,,12765413,11.882162,3202124,1.044802,5.542201,3032.300049,2649.993165,,0.566536,,5299.986328,
Sample,25/04/2023 13:08:56,23,9425387,5.729640,12764412,11.893364,3201998,1.044761,5.523499,3017.899902,2637.821299,,0.565862,,5275.642578,
Sample,25/04/2023 13:08:57,23,,,12763294,11.905876,3202101,1.044795,5.590600,3029.000000,2647.203766,,0.566413,,5294.407715,
Sample,25/04/2023 13:08:58,23,,,12762261,11.917436,3201983,1.044756,5.527600,3023.800049,2642.808456,,0.565781,,5285.616699,
Sample,25/04/2023 13:08:59,23,,,12761230,11.928974,3202069,1.044784,5.650400,3029.000000,2647.203766,,0.566242,,5294.407715,
Sample,25/04/2023 13:09:00,23,,,12760211,11.940377,3201998,1.044761,5.583200,3021.600098,2640.948925,,0.565862,,5281.897949,
Sample,25/04/2023 13:09:01,23,,,12759219,11.951478,3202292,1.044857,5.652101,3030.800049,2648.725275,,0.567435,,5297.450684,
Sample,25/04/2023 13:09:02,23,,,12758205,11.962825,3202104,1.044796,5.668800,3038.899902,2655.571757,,0.566429,,5311.143555,
Sample,25/04/2023 13:09:03,23,,,12757294,11.973019,3202126,1.044803,5.658200,3037.199951,2654.134856,,0.566547,,5308.269531,
Sample,25/04/2023 13:09:04,23,,,12756451,11.982453,3202194,1.044825,5.710700,3040.199951,2656.670636,,0.566911,,5313.341309,
Sample,25/04/2023 13:09:05,23,,,12755628,11.991662,3202230,1.044837,5.706700,3042.399902,2658.530166,,0.567103,,5317.060547,
Sample,25/04/2023 13:09:06,23,,,12754875,12.000088,3202090,1.044791,5.706700,3023.500000,2642.554837,,0.566354,,5285.109863,
Sample,25/04/2023 13:09:07,23,,,12754106,12.008693,3202244,1.044842,5.708000,3022.600098,2641.794185,,0.567178,,5283.588379,
Sample,25/04/2023 13:09:08,23,,,12753314,12.017555,3202112,1.044798,5.709600,3022.199951,2641.455957,,0.566472,,5282.912109,
Sample,25/04/2023 13:09:09,23,,,12752657,12.024906,3202115,1.044799,5.734000,3030.100098,2648.133635,,0.566488,,5296.267090,
Sample,25/04/2023 13:09:10,23,,,12752029,12.031933,3202368,1.044882,5.722000,3029.899902,2647.964417,,0.567842,,5295.928711,
Sample,25/04/2023 13:09:11,23,,,12751318,12.039889,3202094,1.044792,5.721900,3010.399902,2631.481849,,0.566376,,5262.963867,
Sample,25/04/2023 13:09:12,23,,,12750569,12.048269,3202257,1.044846,5.675900,3011.899902,2632.749739,,0.567248,,5265.499512,
Sample,25/04/2023 13:09:13,23,,,12749857,12.056236,3202417,1.044898,5.733200,3014.800049,2635.201117,,0.568104,,5270.402344,
Sample,25/04/2023 13:09:14,23,,,12749417,12.061159,3202214,1.044832,5.708300,2991.000000,2615.083890,,0.567018,,5230.167969,
Sample,25/04/2023 13:09:15,23,,,12748926,12.066653,3202310,1.044863,5.726200,3001.300049,2623.790108,,0.567532,,5247.580078,
Sample,25/04/2023 13:09:16,23,9425301,5.729167,12748515,12.071252,3202252,1.044844,5.696300,2991.199951,2615.252900,,0.567221,,5230.505859,
Sample,25/04/2023 13:09:17,23,,,12748071,12.076219,3202271,1.044850,5.708700,2984.500000,2609.589700,,0.567323,,5219.179199,
Sample,25/04/2023 13:09:18,23,,,12747660,12.080818,3202249,1.044843,5.682200,2982.399902,2607.814572,,0.567205,,5215.628906,
Sample,25/04/2023 13:09:19,23,,,12747251,12.085394,3202258,1.044846,5.734300,2984.199951,2609.336081,,0.567253,,5218.672363,
Sample,25/04/2023 13:09:20,23,,,12746670,12.091895,3202288,1.044856,5.728300,2985.000000,2610.012330,,0.567414,,5220.024902,
Sample,25/04/2023 13:09:21,23,,,12745986,12.099548,3202271,1.044850,5.706800,2976.699951,2602.996632,,0.567323,,5205.993164,
Sample,25/04/2023 13:09:22,23,,,12745306,12.107156,3202369,1.044883,5.749300,2981.100098,2606.715899,,0.567847,,5213.431641,
Sample,25/04/2023 13:09:23,23,,,12744659,12.114395,3202270,1.044850,5.708300,2967.199951,2594.966663,,0.567318,,5189.933105,
Sample,25/04/2023 13:09:24,23,,,12744049,12.121220,3202350,1.044876,5.737800,2971.300049,2598.432311,,0.567746,,5196.864746,
Sample,25/04/2023 13:09:25,23,,,12743428,12.128167,3202468,1.044915,5.719500,2974.100098,2600.799080,,0.568377,,5201.598145,
Sample,25/04/2023 13:09:26,23,,,12742768,12.135552,3202314,1.044865,5.754200,2983.899902,2609.082462,,0.567553,,5218.165039,
Sample,25/04/2023 13:09:27,23,,,12742195,12.141962,3202345,1.044875,5.719400,2980.500000,2606.208661,,0.567719,,5212.417480,
Sample,25/04/2023 13:09:28,23,,,12741856,12.145755,3202244,1.044842,5.712100,2961.000000,2589.726093,,0.567178,,5179.452148,
Sample,25/04/2023 13:09:29,23,,,12741334,12.151595,3202587,1.044954,5.716800,2957.100098,2586.429661,,0.569013,,5172.859375,
Sample,25/04/2023 13:09:30,23,,,12740728,12.158375,3202338,1.044873,5.654400,2934.199951,2567.073086,,0.567681,,5134.145996,
Sample,25/04/2023 13:09:31,23,,,12740116,12.165222,3202408,1.044896,5.637800,2936.199951,2568.763606,,0.568056,,5137.527344,
Sample,25/04/2023 13:09:32,23,,,12739558,12.171465,3202349,1.044876,5.720900,2945.000000,2576.201934,,0.567740,,5152.403809,
Sample,25/04/2023 13:09:33,23,,,12739066,12.176969,3202344,1.044874,5.648000,2932.199951,2565.382566,,0.567713,,5130.765137,
Sample,25/04/2023 13:09:34,23,,,12738582,12.182384,3202465,1.044914,5.675300,2944.000000,2575.356674,,0.568361,,5150.713379,
Sample,25/04/2023 13:09:35,23,,,12738326,12.185248,3202287,1.044856,5.668500,2954.600098,2584.316512,,0.567408,,5168.632812,
Sample,25/04/2023 13:09:36,23,9425234,5.728798,12738053,12.188302,3202613,1.044963,5.711100,2961.899902,2590.486744,,0.569152,,5180.973633,
Sample,25/04/2023 13:09:37,23,,,12737675,12.192531,3202444,1.044907,5.694300,2960.000000,2588.880833,,0.568248,,5177.761719,
Sample,25/04/2023 13:09:38,23,,,12737553,12.193896,3202364,1.044881,5.672700,2952.399902,2582.456775,,0.567820,,5164.913574,
Sample,25/04/2023 13:09:39,23,,,12737241,12.197386,3202500,1.044926,5.680100,2960.199951,2589.049843,,0.568548,,5178.099609,
Sample,25/04/2023 13:09:40,23,,,12736891,12.201302,3202415,1.044898,5.663300,2950.199951,2580.597244,,0.568093,,5161.194336,
Sample,25/04/2023 13:09:41,23,,,12736426,12.206504,3202453,1.044910,5.684500,2955.800049,2585.330782,,0.568297,,5170.661621,
Sample,25/04/2023 13:09:42,23,,,12735859,12.212847,3202493,1.044923,5.674900,2960.500000,2589.303463,,0.568511,,5178.606934,
Sample,25/04/2023 13:09:43,23,,,12735244,12.219727,3202526,1.044934,5.689400,2955.800049,2585.330782,,0.568687,,5170.661621,
Sample,25/04/2023 13:09:44,23,,,12734684,12.225992,3202440,1.044906,5.663400,2939.899902,2571.891026,,0.568227,,5143.782227,
Sample,25/04/2023 13:09:45,23,,,12734204,12.231362,3202488,1.044922,5.687700,2945.000000,2576.201934,,0.568484,,5152.403809,
Sample,25/04/2023 13:09:46,23,,,12733743,12.236519,3202464,1.044914,5.676500,2942.899902,2574.426806,,0.568355,,5148.853516,
Sample,25/04/2023 13:09:47,23,,,12733234,12.242214,3202470,1.044916,5.708700,2931.100098,2564.452904,,0.568387,,5128.905762,
Sample,25/04/2023 13:09:48,23,,,12732762,12.247494,3202530,1.044936,5.674600,2941.300049,2573.074514,,0.568708,,5146.148926,
Sample,25/04/2023 13:09:49,23,,,12732381,12.251756,3202619,1.044965,5.690400,2939.199951,2571.299385,,0.569184,,5142.598633,
Sample,25/04/2023 13:09:50,23,,,12732080,12.255123,3202440,1.044906,5.646400,2932.300049,2565.467175,,0.568227,,5130.934570,
Sample,25/04/2023 13:09:51,23,,,12731737,12.258960,3202429,1.044902,5.702300,2935.600098,2568.256574,,0.568168,,5136.513184,
Sample,25/04/2023 13:09:52,23,,,12731549,12.261063,3202697,1.044991,5.710999,2926.600098,2560.649234,,0.569601,,5121.298340,
Sample,25/04/2023 13:09:53,23,,,12731518,12.261410,3202426,1.044901,5.664900,2915.000000,2550.844137,,0.568152,,5101.688477,
Sample,25/04/2023 13:09:54,23,,,12731476,12.261880,3202478,1.044919,5.643200,2905.399902,2542.729559,,0.568430,,5085.458984,
Sample,25/04/2023 13:09:55,23,,,12731380,12.262954,3202510,1.044929,5.727799,2902.699951,2540.447399,,0.568601,,5080.895020,
Sample,25/04/2023 13:09:56,23,9425150,5.728337,12731143,12.265605,3202519,1.044932,5.652400,2895.800049,2534.615188,,0.568650,,5069.230469,
Sample,25/04/2023 13:09:57,23,,,12730832,12.269084,3202445,1.044908,5.728800,2886.199951,2526.500610,,0.568254,,5053.001465,
Sample,25/04/2023 13:09:58,23,,,12730536,12.272396,3202725,1.045000,5.646600,2886.399902,2526.669621,,0.569751,,5053.339355,
Sample,25/04/2023 13:09:59,23,,,12730397,12.273951,3202308,1.044863,5.687700,2877.300049,2518.977880,,0.567521,,5037.955566,
Sample,25/04/2023 13:10:00,23,,,12730225,12.275875,3202559,1.044945,5.676200,2880.699951,2521.851681,,0.568864,,5043.703125,
Sample,25/04/2023 13:10:01,23,,,12729959,12.278850,3202510,1.044929,5.687800,2874.600098,2516.695719,,0.568601,,5033.391602,
Sample,25/04/2023 13:10:02,23,,,12729615,12.282699,3202634,1.044970,5.718800,2873.199951,2515.512232,,0.569265,,5031.024414,
Sample,25/04/2023 13:10:03,23,,,12729262,12.286647,3202549,1.044942,5.719201,2874.100098,2516.273089,,0.568810,,5032.546387,
Sample,25/04/2023 13:10:04,23,,,12728876,12.290966,3202561,1.044946,5.706000,2871.699951,2514.244342,,0.568874,,5028.488770,
Sample,25/04/2023 13:10:05,23,,,12728483,12.295362,3202450,1.044909,5.712800,2870.899902,2513.568093,,0.568281,,5027.136230,
Sample,25/04/2023 13:10:06,23,,,12728133,12.299277,3202636,1.044970,5.716100,2867.300049,2510.525281,,0.569275,,5021.050781,
Sample,25/04/2023 13:10:07,23,,,12727844,12.302510,3202613,1.044963,5.705900,2861.199951,2505.369113,,0.569152,,5010.738281,
Sample,25/04/2023 13:10:08,23,,,12727534,12.305978,3202501,1.044926,5.717500,2859.000000,2503.509582,,0.568553,,5007.019043,
Sample,25/04/2023 13:10:09,23,,,12727143,12.310352,3202564,1.044947,5.739300,2863.100098,2506.975230,,0.568890,,5013.950684,
Sample,25/04/2023 13:10:10,23,,,12726757,12.314670,3202543,1.044940,5.702000,2857.199951,2501.988073,,0.568778,,5003.976074,
Sample,25/04/2023 13:10:11,23,,,12726348,12.319245,3202765,1.045013,5.758500,2863.600098,2507.397860,,0.569965,,5014.795898,
Sample,25/04/2023 13:10:12,23,,,12725917,12.324066,3202532,1.044936,5.701100,2859.100098,2503.594191,,0.568719,,5007.188477,
Sample,25/04/2023 13:10:13,23,,,12725511,12.328608,3202752,1.045009,5.783400,2862.000000,2506.045362,,0.569895,,5012.090820,
Sample,25/04/2023 13:10:14,23,,,12725193,12.332165,3202445,1.044908,5.745299,2860.500000,2504.777472,,0.568254,,5009.555176,
Sample,25/04/2023 13:10:15,23,,,12724851,12.335991,3202669,1.044981,5.704900,2852.199951,2497.761774,,0.569452,,4995.523438,
Sample,25/04/2023 13:10:16,23,9425079,5.727946,12724552,12.339335,3202361,1.044880,5.751200,2837.300049,2485.167484,,0.567804,,4970.334961,
Sample,25/04/2023 13:10:17,23,,,12724242,12.342803,3202617,1.044964,5.711600,2842.100098,2489.224772,,0.569174,,4978.449707,
Sample,25/04/2023 13:10:18,23,,,12723914,12.346472,3202526,1.044934,5.741800,2838.899902,2486.519776,,0.568687,,4973.039551,
Sample,25/04/2023 13:10:19,23,,,12723602,12.349962,3202756,1.045010,5.729800,2837.100098,2484.998473,,0.569917,,4969.997070,
Sample,25/04/2023 13:10:20,23,,,12723351,12.352770,3202686,1.044987,5.744600,2841.800049,2488.971153,,0.569543,,4977.942383,
Sample,25/04/2023 13:10:21,23,,,12723182,12.354660,3202629,1.044968,5.727600,2842.199951,2489.309175,,0.569238,,4978.618164,
Sample,25/04/2023 13:10:22,23,,,12723112,12.355443,3202644,1.044973,5.740900,2835.100098,2483.307953,,0.569318,,4966.615723,
Sample,25/04/2023 13:10:23,23,,,12722905,12.357759,3202569,1.044948,5.715800,2840.600098,2487.956883,,0.568917,,4975.913574,
Sample,25/04/2023 13:10:24,23,,,12722708,12.359962,3202566,1.044947,5.737600,2831.199951,2480.011316,,0.568901,,4960.022461,
Sample,25/04/2023 13:10:25,23,,,12722446,12.362893,3202666,1.044980,5.725200,2832.699951,2481.279206,,0.569436,,4962.558594,
Sample,25/04/2023 13:10:26,23,,,12722121,12.366528,3202483,1.044920,5.727700,2831.000000,2479.842305,,0.568457,,4959.684570,
Sample,25/04/2023 13:10:27,23,,,12721786,12.370276,3202714,1.044996,5.715100,2824.500000,2474.348116,,0.569692,,4948.696289,
Sample,25/04/2023 13:10:28,23,,,12721386,12.374750,3202733,1.045002,5.780500,2830.699951,2479.588686,,0.569794,,4959.177246,
Sample,25/04/2023 13:10:29,23,,,12721036,12.378665,3202610,1.044962,5.711300,2829.500000,2478.574415,,0.569136,,4957.148926,
Sample,25/04/2023 13:10:30,23,,,12720722,12.382177,3202521,1.044933,5.760700,2829.699951,2478.743426,,0.568660,,4957.486816,
Sample,25/04/2023 13:10:31,23,,,12720485,12.384829,3202732,1.045002,5.750800,2829.300049,2478.405404,,0.569789,,4956.811035,
Sample,25/04/2023 13:10:32,23,,,12720235,12.387625,3202614,1.044963,5.778300,2833.300049,2481.786444,,0.569158,,4963.572754,
Sample,25/04/2023 13:10:33,23,,,12719916,12.391193,3202657,1.044977,5.728100,2830.199951,2479.166056,,0.569388,,4958.332031,
Sample,25/04/2023 13:10:34,23,,,12719616,12.394549,3202791,1.045021,5.752000,2828.699951,2477.898166,,0.570104,,4955.796387,
Sample,25/04/2023 13:10:35,23,,,12719317,12.397893,3202588,1.044955,5.772600,2831.399902,2480.180326,,0.569019,,4960.360840,
Sample,25/04/2023 13:10:36,23,9424999,5.727506,12719060,12.400768,3202745,1.045006,5.747900,2833.800049,2482.209074,,0.569858,,4964.417969,
Sample,25/04/2023 13:10:37,23,,,12718734,12.404415,3202600,1.044959,5.776700,2837.100098,2484.998473,,0.569083,,4969.997070,
Sample,25/04/2023 13:10:38,23,,,12718557,12.406395,3202638,1.044971,5.752900,2831.899902,2480.602956,,0.569286,,4961.206055,
Sample,25/04/2023 13:10:39,23,,,12718351,12.408699,3202664,1.044980,5.775800,2829.300049,2478.405404,,0.569425,,4956.811035,
Sample,25/04/2023 13:10:40,23,,,12718151,12.410936,3202716,1.044997,5.723200,2824.300049,2474.179105,,0.569703,,4948.358398,
Sample,25/04/2023 13:10:41,23,,,12717870,12.414079,3202682,1.044986,5.779400,2829.100098,2478.236394,,0.569521,,4956.472656,
Sample,25/04/2023 13:10:42,23,,,12717696,12.416025,3202669,1.044981,5.754900,2822.300049,2472.488585,,0.569452,,4944.977051,
Sample,25/04/2023 13:10:43,23,,,12717491,12.418318,3202687,1.044987,5.751900,2827.100098,2476.545874,,0.569548,,4953.091797,
Sample,25/04/2023 13:10:44,23,,,12717382,12.419538,3202672,1.044982,5.739600,2822.899902,2472.995617,,0.569468,,4945.991211,
Sample,25/04/2023 13:10:45,23,,,12717174,12.421864,3202797,1.045023,5.750899,2829.199951,2478.320796,,0.570136,,4956.641602,
Sample,25/04/2023 13:10:46,23,,,12716895,12.424985,3202748,1.045007,5.736800,2831.399902,2480.180326,,0.569874,,4960.360840,
Sample,25/04/2023 13:10:47,23,,,12716683,12.427356,3202638,1.044971,5.789600,2824.199951,2474.094496,,0.569286,,4948.188965,
Sample,25/04/2023 13:10:48,23,,,12716385,12.430690,3202719,1.044998,5.717299,2823.100098,2473.164834,,0.569719,,4946.329590,
Sample,25/04/2023 13:10:49,23,,,12716301,12.431629,3202604,1.044960,5.735500,2817.000000,2468.008666,,0.569104,,4936.017090,
Sample,25/04/2023 13:10:50,23,,,12716149,12.433329,3202833,1.045035,5.792201,2814.199951,2465.641897,,0.570329,,4931.283691,
Sample,25/04/2023 13:10:51,23,,,12715826,12.436942,3202712,1.044995,5.712900,2821.500000,2471.812336,,0.569682,,4943.624512,
Sample,25/04/2023 13:10:52,23,,,12715415,12.441539,3202816,1.045030,5.790800,2819.399902,2470.037208,,0.570238,,4940.074219,
Sample,25/04/2023 13:10:53,23,,,12714997,12.446215,3202654,1.044976,5.741000,2824.300049,2474.179105,,0.569372,,4948.358398,
Sample,25/04/2023 13:10:54,23,,,12714612,12.450521,3202705,1.044993,5.763600,2822.399902,2472.572987,,0.569644,,4945.145996,
Sample,25/04/2023 13:10:55,23,,,12714458,12.452244,3202635,1.044970,5.739201,2824.500000,2474.348116,,0.569270,,4948.696289,
Sample,25/04/2023 13:10:56,23,9424942,5.727193,12714330,12.453675,3202715,1.044996,5.764201,2821.800049,2472.065955,,0.569698,,4944.131836,
Sample,25/04/2023 13:10:57,23,,,12714187,12.455275,3202770,1.045014,5.743700,2819.699951,2470.290827,,0.569992,,4940.581543,
Sample,25/04/2023 13:10:58,23,,,12714048,12.456830,3202947,1.045073,5.775200,2820.600098,2471.051684,,0.570938,,4942.103516,
Sample,25/04/2023 13:10:59,23,,,12713986,12.457523,3202693,1.044989,5.743600,2817.199951,2468.177677,,0.569580,,4936.355469,
Sample,25/04/2023 13:11:00,23,,,12713927,12.458183,3202759,1.045011,5.743400,2814.300049,2465.726506,,0.569933,,4931.453125,
Sample,25/04/2023 13:11:01,23,,,12713848,12.459067,3202673,1.044983,5.754900,2813.800049,2465.303876,,0.569473,,4930.607910,
Sample,25/04/2023 13:11:02,23,,,12713714,12.460566,3202631,1.044969,5.744201,2816.000000,2467.163406,,0.569249,,4934.326660,
Sample,25/04/2023 13:11:03,23,,,12713476,12.463228,3202642,1.044972,5.779201,2818.500000,2469.276556,,0.569307,,4938.553223,
Sample,25/04/2023 13:11:04,23,,,12713197,12.466348,3202863,1.045045,5.756800,2818.199951,2469.022937,,0.570489,,4938.045898,
Sample,25/04/2023 13:11:05,23,,,12712891,12.469771,3202588,1.044955,5.748700,2814.800049,2466.149136,,0.569019,,4932.298340,
Sample,25/04/2023 13:11:06,23,,,12712570,12.473361,3202722,1.044999,5.788400,2816.899902,2467.924058,,0.569735,,4935.848145,
Sample,25/04/2023 13:11:07,23,,,12712148,12.478082,3202786,1.045020,5.751900,2812.100098,2463.866975,,0.570077,,4927.733887,
Sample,25/04/2023 13:11:08,23,,,12711777,12.482231,3202733,1.045002,5.752600,2809.800049,2461.922836,,0.569794,,4923.845703,
Sample,25/04/2023 13:11:09,23,,,12711411,12.486325,3202684,1.044986,5.761701,2809.100098,2461.331196,,0.569532,,4922.662598,
Sample,25/04/2023 13:11:10,23,,,12711123,12.489546,3202695,1.044990,5.754900,2806.600098,2459.218046,,0.569591,,4918.436035,
Sample,25/04/2023 13:11:11,23,,,12710797,12.493193,3202495,1.044924,5.753500,2811.000000,2462.937107,,0.568521,,4925.874023,
Sample,25/04/2023 13:11:12,23,,,12710494,12.496582,3202660,1.044978,5.710900,2803.699951,2456.766668,,0.569404,,4913.533203,
Sample,25/04/2023 13:11:13,23,,,12710146,12.500474,3202788,1.045020,5.738100,2806.100098,2458.795416,,0.570088,,4917.590820,
Sample,25/04/2023 13:11:14,23,,,12709845,12.503841,3202700,1.044991,5.758300,2808.399902,2460.739349,,0.569617,,4921.478516,
Sample,25/04/2023 13:11:15,23,,,12709532,12.507342,3202780,1.045018,5.754800,2813.399902,2464.965648,,0.570045,,4929.931152,
Sample,25/04/2023 13:11:16,23,9424878,5.726841,12709234,12.510675,3202598,1.044958,5.764900,2813.699951,2465.219267,,0.569072,,4930.438477,
Sample,25/04/2023 13:11:17,23,,,12708992,12.513382,3202676,1.044984,5.754400,2807.699951,2460.147708,,0.569489,,4920.295410,
Sample,25/04/2023 13:11:18,23,,,12708768,12.515887,3202715,1.044996,5.749300,2809.600098,2461.753826,,0.569698,,4923.507812,
Sample,25/04/2023 13:11:19,23,,,12708470,12.519220,3202624,1.044967,5.736400,2808.399902,2460.739349,,0.569211,,4921.478516,
Sample,25/04/2023 13:11:20,23,,,12708112,12.523224,3202753,1.045009,5.734400,2802.899902,2456.090419,,0.569901,,4912.180664,
Sample,25/04/2023 13:11:21,23,,,12707785,12.526882,3202626,1.044967,5.732700,2804.500000,2457.442917,,0.569222,,4914.885742,
Sample,25/04/2023 13:11:22,23,,,12707545,12.529566,3202798,1.045024,5.734800,2804.100098,2457.104896,,0.570141,,4914.209961,
Sample,25/04/2023 13:11:23,23,,,12707293,12.532385,3202719,1.044998,5.741400,2806.600098,2459.218046,,0.569719,,4918.436035,
Sample,25/04/2023 13:11:24,23,,,12707075,12.534823,3202769,1.045014,5.745500,2804.199951,2457.189298,,0.569986,,4914.378418,
Sample,25/04/2023 13:11:25,23,,,12706947,12.536255,3202777,1.045017,5.728600,2801.300049,2454.738127,,0.570029,,4909.476074,
Sample,25/04/2023 13:11:26,23,,,12706852,12.537317,3202709,1.044994,5.719400,2804.399902,2457.358309,,0.569666,,4914.716797,
Sample,25/04/2023 13:11:27,23,,,12706948,12.536243,3202712,1.044995,5.719800,2796.800049,2450.934457,,0.569682,,4901.869141,
Sample,25/04/2023 13:11:28,23,,,12707064,12.534946,3202887,1.045053,5.733500,2799.800049,2453.470237,,0.570617,,4906.940430,
Sample,25/04/2023 13:11:29,23,,,12707124,12.534275,3202559,1.044945,5.718900,2795.600098,2449.920187,,0.568864,,4899.840332,
Sample,25/04/2023 13:11:30,23,,,12707123,12.534286,3202721,1.044998,5.714300,2793.899902,2448.483080,,0.569730,,4896.966309,
Sample,25/04/2023 13:11:31,23,,,12706966,12.536042,3202681,1.044985,5.718700,2798.699951,2452.540369,,0.569516,,4905.080566,
Sample,25/04/2023 13:11:32,23,,,12706707,12.538939,3202709,1.044994,5.717800,2799.600098,2453.301226,,0.569666,,4906.602539,
Sample,25/04/2023 13:11:33,23,,,12706348,12.542954,3202712,1.044995,5.735900,2799.600098,2453.301226,,0.569682,,4906.602539,
Sample,25/04/2023 13:11:34,23,,,12706031,12.546500,3202763,1.045012,5.706200,2799.500000,2453.216618,,0.569954,,4906.433105,
Sample,25/04/2023 13:11:35,23,,,12705839,12.548647,3202635,1.044970,5.724500,2800.800049,2454.315497,,0.569270,,4908.630859,
Sample,25/04/2023 13:11:36,23,9424808,5.726456,12705763,12.549497,3202648,1.044974,5.715200,2799.899902,2453.554639,,0.569339,,4907.109375,
Sample,25/04/2023 13:11:37,23,,,12705524,12.552171,3202707,1.044994,5.711300,2801.800049,2455.160757,,0.569655,,4910.321289,
Sample,25/04/2023 13:11:38,23,,,12705207,12.555716,3202692,1.044989,5.724800,2801.000000,2454.484508,,0.569575,,4908.969238,
Sample,25/04/2023 13:11:39,23,,,12705021,12.557796,3202848,1.045040,5.713700,2804.100098,2457.104896,,0.570409,,4914.209961,
Sample,25/04/2023 13:11:40,23,,,12705025,12.557752,3202739,1.045004,5.694600,2798.199951,2452.117739,,0.569826,,4904.235352,
Sample,25/04/2023 13:11:41,23,,,12704913,12.559004,3202689,1.044988,5.709300,2800.100098,2453.723856,,0.569559,,4907.447754,
Sample,25/04/2023 13:11:42,23,,,12704953,12.558557,3202684,1.044986,5.687600,2795.699951,2450.004589,,0.569532,,4900.009277,
Sample,25/04/2023 13:11:43,23,,,12704934,12.558769,3202899,1.045057,5.721400,2800.300049,2453.892867,,0.570681,,4907.785645,
Sample,25/04/2023 13:11:44,23,,,12704747,12.560861,3202569,1.044948,5.688200,2798.899902,2452.709379,,0.568917,,4905.418945,
Sample,25/04/2023 13:11:45,23,,,12704493,12.563702,3202760,1.045011,5.706500,2800.899902,2454.399899,,0.569938,,4908.799805,
Sample,25/04/2023 13:11:46,23,,,12704134,12.567717,3202773,1.045015,5.675600,2802.800049,2456.006017,,0.570008,,4912.012207,
Sample,25/04/2023 13:11:47,23,,,12703749,12.572023,3202816,1.045030,5.713800,2805.699951,2458.457188,,0.570238,,4916.914551,
Sample,25/04/2023 13:11:48,23,,,12703370,12.576262,3202738,1.045004,5.693400,2804.899902,2457.780939,,0.569821,,4915.562012,
Sample,25/04/2023 13:11:49,23,,,12703128,12.578969,3202710,1.044995,5.681500,2804.000000,2457.020288,,0.569671,,4914.040527,
Sample,25/04/2023 13:11:50,23,,,12702974,12.580691,3202597,1.044958,5.682000,2798.500000,2452.371358,,0.569067,,4904.742676,
Sample,25/04/2023 13:11:51,23,,,12703317,12.576855,3202690,1.044988,5.649000,2801.000000,2454.484508,,0.569564,,4908.969238,
Sample,25/04/2023 13:11:52,23,,,12703321,12.576810,3202748,1.045007,5.673600,2802.899902,2456.090419,,0.569874,,4912.180664,
Sample,25/04/2023 13:11:53,23,,,12703146,12.578768,3202672,1.044982,5.680799,2801.600098,2454.991746,,0.569468,,4909.983398,
Sample,25/04/2023 13:11:54,23,,,12702867,12.581888,3202761,1.045012,5.641100,2804.500000,2457.442917,,0.569944,,4914.885742,
Sample,25/04/2023 13:11:55,23,,,12702529,12.585668,3202716,1.044997,5.665500,2803.500000,2456.597658,,0.569703,,4913.195312,
Sample,25/04/2023 13:11:56,23,9424747,5.726121,12702189,12.589471,3202691,1.044989,5.698000,2807.500000,2459.978697,,0.569569,,4919.957520,
Sample,25/04/2023 13:11:57,23,,,12701854,12.593218,3202751,1.045008,5.656900,2807.199951,2459.725078,,0.569890,,4919.450195,
Sample,25/04/2023 13:11:58,23,,,12701726,12.594650,3202934,1.045068,5.663200,2805.199951,2458.034558,,0.570868,,4916.069336,
Sample,25/04/2023 13:11:59,23,,,12701453,12.597703,3202600,1.044959,5.650800,2807.800049,2460.232316,,0.569083,,4920.464844,
Sample,25/04/2023 13:12:00,23,,,12701265,12.599806,3202682,1.044986,5.682000,2809.199951,2461.415598,,0.569521,,4922.831055,
Sample,25/04/2023 13:12:01,23,,,12701003,12.602736,3202768,1.045014,5.666400,2807.600098,2460.063306,,0.569981,,4920.126465,
Sample,25/04/2023 13:12:02,23,,,12700825,12.604727,3202722,1.044999,5.612400,2808.199951,2460.570338,,0.569735,,4921.140625,
Sample,25/04/2023 13:12:03,23,,,12700683,12.606315,3202877,1.045050,5.685700,2811.600098,2463.444345,,0.570564,,4926.888672,
Sample,25/04/2023 13:12:04,23,,,12700567,12.607612,3202769,1.045014,5.616200,2810.399902,2462.429868,,0.569986,,4924.859863,
Sample,25/04/2023 13:12:05,23,,,12700453,12.608888,3202767,1.045014,5.680400,2812.100098,2463.866975,,0.569976,,4927.733887,
Sample,25/04/2023 13:12:06,23,,,12700177,12.611974,3202777,1.045017,5.655400,2814.600098,2465.980125,,0.570029,,4931.960449,
Sample,25/04/2023 13:12:07,23,,,12700001,12.613943,3202586,1.044954,5.660600,2811.800049,2463.613356,,0.569008,,4927.226562,
Sample,25/04/2023 13:12:08,23,,,12700044,12.613462,3202717,1.044997,5.654600,2815.399902,2466.656168,,0.569708,,4933.312500,
Sample,25/04/2023 13:12:09,23,,,12700031,12.613607,3202801,1.045025,5.636100,2818.000000,2468.853926,,0.570157,,4937.708008,
Sample,25/04/2023 13:12:10,23,,,12699919,12.614860,3202692,1.044989,5.663400,2814.500000,2465.895517,,0.569575,,4931.791016,
Sample,25/04/2023 13:12:11,23,,,12699935,12.614681,3202706,1.044993,5.650800,2816.699951,2467.755047,,0.569650,,4935.510254,
Sample,25/04/2023 13:12:12,23,,,12699805,12.616135,3202685,1.044987,5.671700,2817.000000,2468.008666,,0.569537,,4936.017090,
Sample,25/04/2023 13:12:13,23,,,12699667,12.617678,3202735,1.045003,5.638900,2815.899902,2467.078798,,0.569805,,4934.157715,
Sample,25/04/2023 13:12:14,23,,,12699570,12.618763,3202612,1.044963,5.638400,2814.899902,2466.233538,,0.569147,,4932.467285,
Sample,25/04/2023 13:12:15,23,,,12699303,12.621750,3202762,1.045012,5.644100,2816.600098,2467.670645,,0.569949,,4935.341309,
Sample,25/04/2023 13:12:16,23,9424673,5.725714,12698932,12.625899,3202754,1.045009,5.661000,2818.000000,2468.853926,,0.569906,,4937.708008,
Sample,25/04/2023 13:12:17,23,,,12698539,12.630294,3202685,1.044987,5.634600,2817.600098,2468.515905,,0.569537,,4937.031738,
Sample,25/04/2023 13:12:18,23,,,12698144,12.634712,3202836,1.045036,5.653399,2815.399902,2466.656168,,0.570345,,4933.312500,
Sample,25/04/2023 13:12:19,23,,,12697894,12.637508,3202623,1.044966,5.650000,2819.000000,2469.699186,,0.569206,,4939.398438,
Sample,25/04/2023 13:12:20,23,,,12697928,12.637128,3202709,1.044994,5.674900,2816.699951,2467.755047,,0.569666,,4935.510254,
Sample,25/04/2023 13:12:21,23,,,12697828,12.638247,3202765,1.045013,5.640800,2815.699951,2466.909787,,0.569965,,4933.819336,
Sample,25/04/2023 13:12:22,23,,,12697669,12.640025,3202784,1.045019,5.679300,2814.800049,2466.149136,,0.570067,,4932.298340,
Sample,25/04/2023 13:12:23,23,,,12697546,12.641400,3202667,1.044981,5.644500,2814.199951,2465.641897,,0.569441,,4931.283691,
Sample,25/04/2023 13:12:24,23,,,12697218,12.645069,3202722,1.044999,5.659000,2814.399902,2465.810908,,0.569735,,4931.621582,
Sample,25/04/2023 13:12:25,23,,,12696823,12.649487,3202708,1.044994,5.640000,2815.300049,2466.571766,,0.569660,,4933.143555,
Sample,25/04/2023 13:12:26,23,,,12696529,12.652775,3202667,1.044981,5.663900,2809.800049,2461.922836,,0.569441,,4923.845703,
Sample,25/04/2023 13:12:27,23,,,12696274,12.655627,3202823,1.045032,5.637400,2812.500000,2464.204997,,0.570275,,4928.410156,
Sample,25/04/2023 13:12:28,23,,,12695862,12.660235,3202819,1.045031,5.653100,2813.600098,2465.134865,,0.570254,,4930.269531,
Sample,25/04/2023 13:12:29,23,,,12695720,12.661823,3202624,1.044967,5.617100,2816.500000,2467.586036,,0.569211,,4935.171875,
Sample,25/04/2023 13:12:30,23,,,12695883,12.660000,3202814,1.045029,5.629701,2817.399902,2468.346688,,0.570227,,4936.693359,
Sample,25/04/2023 13:12:31,23,,,12696113,12.657428,3202544,1.044940,5.610000,2817.899902,2468.769318,,0.568783,,4937.538574,
Sample,25/04/2023 13:12:32,23,,,12696304,12.655291,3202726,1.045000,5.623200,2818.199951,2469.022937,,0.569756,,4938.045898,
Sample,25/04/2023 13:12:33,23,,,12696393,12.654296,3202910,1.045061,5.572600,2818.699951,2469.445567,,0.570740,,4938.891113,
Sample,25/04/2023 13:12:34,23,,,12696407,12.654139,3202673,1.044983,5.613900,2818.800049,2469.530175,,0.569473,,4939.060547,
Sample,25/04/2023 13:12:35,23,,,12696386,12.654374,3202770,1.045014,5.578200,2818.300049,2469.107545,,0.569992,,4938.215332,
Sample,25/04/2023 13:12:36,23,9424620,5.725423,12696507,12.653021,3202639,1.044971,5.604701,2818.899902,2469.614578,,0.569291,,4939.229004,
Sample,25/04/2023 13:12:37,23,,,12696349,12.654788,3202850,1.045041,5.563399,2819.800049,2470.375435,,0.570419,,4940.750977,
Sample,25/04/2023 13:12:38,23,,,12696301,12.655325,3202580,1.044952,5.608700,2817.000000,2468.008666,,0.568976,,4936.017090,
Sample,25/04/2023 13:12:39,23,,,12696222,12.656208,3202852,1.045041,5.577600,2820.100098,2470.629055,,0.570430,,4941.258301,
Sample,25/04/2023 13:12:40,23,,,12695960,12.659139,3202689,1.044988,5.566400,2819.000000,2469.699186,,0.569559,,4939.398438,
Sample,25/04/2023 13:12:41,23,,,12695667,12.662416,3202608,1.044961,5.603000,2816.800049,2467.839656,,0.569126,,4935.679199,
Sample,25/04/2023 13:12:42,23,,,12695427,12.665100,3202760,1.045011,5.560300,2819.199951,2469.868197,,0.569938,,4939.736328,
Sample,25/04/2023 13:12:43,23,,,12695245,12.667135,3202568,1.044948,5.572000,2818.000000,2468.853926,,0.568912,,4937.708008,
Sample,25/04/2023 13:12:44,23,,,12695034,12.669495,3202742,1.045005,5.572800,2818.399902,2469.191948,,0.569842,,4938.383789,
Sample,25/04/2023 13:12:45,23,,,12694724,12.672962,3202683,1.044986,5.572800,2817.100098,2468.093275,,0.569527,,4936.186523,
Sample,25/04/2023 13:12:46,23,,,12694388,12.676720,3202763,1.045012,5.546200,2818.000000,2468.853926,,0.569954,,4937.708008,
Sample,25/04/2023 13:12:47,23,,,12693976,12.681328,3202682,1.044986,5.571100,2818.000000,2468.853926,,0.569521,,4937.708008,
Sample,25/04/2023 13:12:48,23,,,12693688,12.684549,3202823,1.045032,5.553900,2816.899902,2467.924058,,0.570275,,4935.848145,
Sample,25/04/2023 13:12:49,23,,,12693512,12.686518,3202749,1.045008,5.579000,2814.899902,2466.233538,,0.569879,,4932.467285,
Sample,25/04/2023 13:12:50,23,,,12693243,12.689526,3202818,1.045030,5.562800,2814.500000,2465.895517,,0.570248,,4931.791016,
Sample,25/04/2023 13:12:51,23,,,12692946,12.692848,3202678,1.044984,5.563800,2820.199951,2470.713457,,0.569500,,4941.426758,
Sample,25/04/2023 13:12:52,23,,,12692644,12.696226,3202689,1.044988,6.544400,2818.199951,2469.022937,,0.569559,,4938.045898,
Sample,25/04/2023 13:12:53,23,,,12692416,12.698775,3202539,1.044939,5.918000,2816.300049,2467.417026,,0.568757,,4934.833984,
Sample,25/04/2023 13:12:54,23,,,12692299,12.700084,3202789,1.045021,5.400899,2813.399902,2464.965648,,0.570093,,4929.931152,
Sample,25/04/2023 13:12:55,23,,,12692299,12.700084,3202787,1.045020,5.459701,2810.399902,2462.429868,,0.570083,,4924.859863,
Sample,25/04/2023 13:12:56,23,9424578,5.725192,12692183,12.701381,3202786,1.045020,5.816500,2814.199951,2465.641897,,0.570077,,4931.283691,
Sample,25/04/2023 13:12:57,23,,,12692058,12.702779,3202617,1.044964,5.184000,2809.699951,2461.838228,,0.569174,,4923.676270,
Sample,25/04/2023 13:12:58,23,,,12692008,12.703339,3202750,1.045008,5.556300,2816.199951,2467.332417,,0.569885,,4934.665039,
Sample,25/04/2023 13:12:59,23,,,12691821,12.705430,3202640,1.044972,5.570800,2816.199951,2467.332417,,0.569297,,4934.665039,
Sample,25/04/2023 13:13:00,23,,,12691645,12.707398,3202720,1.044998,5.521600,2816.199951,2467.332417,,0.569724,,4934.665039,
Sample,25/04/2023 13:13:01,23,,,12691409,12.710038,3202673,1.044983,5.545700,2816.500000,2467.586036,,0.569473,,4935.171875,
Sample,25/04/2023 13:13:02,23,,,12691135,12.713102,3202728,1.045001,5.517200,2817.500000,2468.431296,,0.569767,,4936.862793,
Sample,25/04/2023 13:13:03,23,,,12690785,12.717017,3202672,1.044982,5.535600,2816.899902,2467.924058,,0.569468,,4935.848145,
Sample,25/04/2023 13:13:04,23,,,12690446,12.720808,3202647,1.044974,5.511100,2815.899902,2467.078798,,0.569334,,4934.157715,
Sample,25/04/2023 13:13:05,23,,,12690131,12.724331,3202589,1.044955,5.522201,2815.899902,2467.078798,,0.569024,,4934.157715,
Sample,25/04/2023 13:13:06,23,,,12689876,12.727183,3202740,1.045005,5.505700,2817.800049,2468.684915,,0.569831,,4937.369629,
Sample,25/04/2023 13:13:07,23,,,12689658,12.729621,3202583,1.044953,5.507400,2815.300049,2466.571766,,0.568992,,4933.143555,
Sample,25/04/2023 13:13:08,23,,,12689569,12.730617,3202814,1.045029,5.506900,2815.800049,2466.994396,,0.570227,,4933.988770,
Sample,25/04/2023 13:13:09,23,,,12689510,12.731276,3202772,1.045015,5.499900,2815.199951,2466.487157,,0.570002,,4932.974121,
Sample,25/04/2023 13:13:10,23,,,12689348,12.733088,3202739,1.045004,5.485700,2816.399902,2467.501428,,0.569826,,4935.002930,
Sample,25/04/2023 13:13:11,23,,,12689093,12.735940,3202661,1.044979,5.492800,2818.500000,2469.276556,,0.569409,,4938.553223,
Sample,25/04/2023 13:13:12,23,,,12688966,12.737360,3202693,1.044989,5.494700,2816.300049,2467.417026,,0.569580,,4934.833984,
Sample,25/04/2023 13:13:13,23,,,12688756,12.739709,3202828,1.045034,5.467000,2817.800049,2468.684915,,0.570302,,4937.369629,
Sample,25/04/2023 13:13:14,23,,,12688554,12.741968,3202719,1.044998,5.486500,2817.300049,2468.262286,,0.569719,,4936.524414,
Sample,25/04/2023 13:13:15,23,,,12688318,12.744608,3202772,1.045015,5.459600,2817.300049,2468.262286,,0.570002,,4936.524414,
Sample,25/04/2023 13:13:16,23,9424496,5.724741,12688104,12.747001,3202564,1.044947,5.465600,2818.100098,2468.938535,,0.568890,,4937.876953,
Sample,25/04/2023 13:13:17,23,,,12687738,12.751094,3202628,1.044968,5.471900,2818.300049,2469.107545,,0.569232,,4938.215332,
Sample,25/04/2023 13:13:18,23,,,12687537,12.753342,3202657,1.044977,5.441100,2817.800049,2468.684915,,0.569388,,4937.369629,
Sample,25/04/2023 13:13:19,23,,,12687324,12.755725,3202661,1.044979,5.457200,2819.800049,2470.375435,,0.569409,,4940.750977,
Sample,25/04/2023 13:13:20,23,,,12687028,12.759035,3202593,1.044956,5.449300,2818.899902,2469.614578,,0.569045,,4939.229004,
Sample,25/04/2023 13:13:21,23,,,12686656,12.763195,3202633,1.044969,5.477900,2819.600098,2470.206425,,0.569259,,4940.413086,
Sample,25/04/2023 13:13:22,23,,,12686320,12.766953,3202639,1.044971,5.448900,2819.300049,2469.952805,,0.569291,,4939.905762,
Sample,25/04/2023 13:13:23,23,,,12685996,12.770577,3202627,1.044967,5.461500,2820.899902,2471.305097,,0.569227,,4942.610352,
Sample,25/04/2023 13:13:24,23,,,12685731,12.773541,3202796,1.045023,5.510500,2820.800049,2471.220695,,0.570131,,4942.441406,
Sample,25/04/2023 13:13:25,23,,,12685649,12.774458,3207996,1.046732,5.501800,2820.100098,2470.629055,,0.597802,,4941.258301,
Sample,25/04/2023 13:13:26,23,,,12685502,12.776102,3202664,1.044980,5.489900,2820.699951,2471.136087,,0.569425,,4942.271973,
Sample,25/04/2023 13:13:27,23,,,12685485,12.776292,3202655,1.044977,5.478700,2818.399902,2469.191948,,0.569377,,4938.383789,
Sample,25/04/2023 13:13:28,23,,,12685301,12.778350,3202677,1.044984,5.470100,2820.199951,2470.713457,,0.569495,,4941.426758,
Sample,25/04/2023 13:13:29,23,,,12685131,12.780251,3202676,1.044984,5.461300,2819.899902,2470.459837,,0.569489,,4940.919434,
Sample,25/04/2023 13:13:30,23,,,12684884,12.783013,3202728,1.045001,5.467299,2818.800049,2469.530175,,0.569767,,4939.060547,
Sample,25/04/2023 13:13:31,23,,,12684678,12.785317,3202672,1.044982,5.483399,2821.899902,2472.150357,,0.569468,,4944.300781,
Sample,25/04/2023 13:13:32,23,,,12684412,12.788292,3202536,1.044938,5.481000,2821.199951,2471.558717,,0.568740,,4943.117676,
Sample,25/04/2023 13:13:33,23,,,12684238,12.790238,3202750,1.045008,5.475600,2818.699951,2469.445567,,0.569885,,4938.891113,
Sample,25/04/2023 13:13:34,23,,,12684062,12.792207,3202609,1.044962,5.461500,2820.899902,2471.305097,,0.569131,,4942.610352,
Sample,25/04/2023 13:13:35,23,,,12683784,12.795316,3202588,1.044955,5.461200,2817.699951,2468.600307,,0.569019,,4937.200684,
Sample,25/04/2023 13:13:36,23,9424457,5.724526,12683602,12.797351,3202664,1.044980,5.442300,2820.300049,2470.798065,,0.569425,,4941.596191,
Sample,25/04/2023 13:13:37,23,,,12683371,12.799935,3202620,1.044965,5.479600,2816.300049,2467.417026,,0.569190,,4934.833984,
Sample,25/04/2023 13:13:38,23,,,12683218,12.801646,3202694,1.044990,5.436500,2820.199951,2470.713457,,0.569585,,4941.426758,
Sample,25/04/2023 13:13:39,23,,,12683099,12.802977,3202559,1.044945,5.455900,2820.800049,2471.220695,,0.568864,,4942.441406,
Sample,25/04/2023 13:13:40,23,,,12683092,12.803055,3202734,1.045003,5.441500,2819.300049,2469.952805,,0.569799,,4939.905762,
Sample,25/04/2023 13:13:41,23,,,12683023,12.803827,3202564,1.044947,5.452400,2817.000000,2468.008666,,0.568890,,4936.017090,
Sample,25/04/2023 13:13:42,23,,,12683043,12.803603,3202676,1.044984,5.437800,2818.399902,2469.191948,,0.569489,,4938.383789,
Sample,25/04/2023 13:13:43,23,,,12682970,12.804419,3202574,1.044950,5.443800,2820.500000,2470.967076,,0.568944,,4941.934082,
Sample,25/04/2023 13:13:44,23,,,12683005,12.804028,3202530,1.044936,5.449100,2819.000000,2469.699186,,0.568708,,4939.398438,
Sample,25/04/2023 13:13:45,23,,,12683102,12.802943,3202740,1.045005,5.429500,2821.399902,2471.727727,,0.569831,,4943.455566,
Sample,25/04/2023 13:13:46,23,,,12683222,12.801601,3202480,1.044919,5.434100,2818.199951,2469.022937,,0.568441,,4938.045898,
Sample,25/04/2023 13:13:47,23,,,12683239,12.801411,3202768,1.045014,5.424700,2822.100098,2472.319574,,0.569981,,4944.639160,
Sample,25/04/2023 13:13:48,23,,,12683226,12.801556,3202608,1.044961,5.422900,2820.199951,2470.713457,,0.569126,,4941.426758,
Sample,25/04/2023 13:13:49,23,,,12683257,12.801210,3202627,1.044967,5.410800,2820.899902,2471.305097,,0.569227,,4942.610352,
Sample,25/04/2023 13:13:50,23,,,12683081,12.803178,3202455,1.044911,5.419900,2820.699951,2471.136087,,0.568307,,4942.271973,
Sample,25/04/2023 13:13:51,23,,,12682765,12.806712,3202627,1.044967,5.399000,2821.300049,2471.643325,,0.569227,,4943.286621,
Sample,25/04/2023 13:13:52,23,,,12682383,12.810984,3202606,1.044961,5.414701,2820.399902,2470.882467,,0.569115,,4941.765137,
Sample,25/04/2023 13:13:53,23,,,12682020,12.815044,3202622,1.044966,5.392800,2823.899902,2473.840877,,0.569200,,4947.681641,
Sample,25/04/2023 13:13:54,23,,,12681902,12.816364,3202463,1.044914,5.407900,2819.100098,2469.783795,,0.568350,,4939.567383,
Sample,25/04/2023 13:13:55,23,,,12681775,12.817784,3202531,1.044936,5.392800,2821.199951,2471.558717,,0.568714,,4943.117676,
Sample,25/04/2023 13:13:56,23,9424384,5.724125,12681643,12.819260,3202519,1.044932,5.395400,2821.100098,2471.474314,,0.568650,,4942.948730,
Sample,25/04/2023 13:13:57,23,,,12681414,12.821821,3202700,1.044991,5.395299,2821.199951,2471.558717,,0.569617,,4943.117676,
Sample,25/04/2023 13:13:58,23,,,12681181,12.824427,3202747,1.045007,5.383100,2823.100098,2473.164834,,0.569869,,4946.329590,
Sample,25/04/2023 13:13:59,23,,,12680943,12.827089,3202489,1.044922,5.358500,2821.199951,2471.558717,,0.568489,,4943.117676,
Sample,25/04/2023 13:14:00,23,,,12680848,12.828151,3202609,1.044962,5.421100,2820.500000,2470.967076,,0.569131,,4941.934082,
Sample,25/04/2023 13:14:01,23,,,12680774,12.828979,3202694,1.044990,5.368700,2825.699951,2475.362386,,0.569585,,4950.724609,
Sample,25/04/2023 13:14:02,23,,,12680603,12.830891,3202454,1.044911,5.405700,2821.100098,2471.474314,,0.568302,,4942.948730,
Sample,25/04/2023 13:14:03,23,,,12680333,12.833911,3202738,1.045004,5.379800,2820.899902,2471.305097,,0.569821,,4942.610352,
Sample,25/04/2023 13:14:04,23,,,12680041,12.837177,3202542,1.044940,5.413100,2823.100098,2473.164834,,0.568773,,4946.329590,
Sample,25/04/2023 13:14:05,23,,,12680053,12.837043,3202743,1.045006,5.396400,2819.899902,2470.459837,,0.569847,,4940.919434,
Sample,25/04/2023 13:14:06,23,,,12679951,12.838183,3202612,1.044963,5.386800,2823.199951,2473.249236,,0.569147,,4946.498535,
Sample,25/04/2023 13:14:07,23,,,12680021,12.837400,3202581,1.044952,5.415700,2821.699951,2471.981347,,0.568981,,4943.962891,
Sample,25/04/2023 13:14:08,23,,,12679922,12.838508,3202575,1.044950,5.387700,2822.100098,2472.319574,,0.568949,,4944.639160,
Sample,25/04/2023 13:14:09,23,,,12679923,12.838496,3202643,1.044973,5.399400,2822.300049,2472.488585,,0.569313,,4944.977051,
Sample,25/04/2023 13:14:10,23,,,12680125,12.836237,3202622,1.044966,5.407400,2823.399902,2473.418247,,0.569200,,4946.836426,
Sample,25/04/2023 13:14:11,23,,,12679965,12.838027,3202702,1.044992,5.395700,2823.000000,2473.080226,,0.569628,,4946.160645,
Sample,25/04/2023 13:14:12,23,,,12679670,12.841326,3202648,1.044974,5.413500,2823.100098,2473.164834,,0.569339,,4946.329590,
Sample,25/04/2023 13:14:13,23,,,12679449,12.843798,3202721,1.044998,5.390900,2826.000000,2475.616005,,0.569730,,4951.231934,
Sample,25/04/2023 13:14:14,23,,,12679531,12.842881,3202652,1.044976,5.407500,2825.100098,2474.855354,,0.569361,,4949.710938,
Sample,25/04/2023 13:14:15,23,,,12679691,12.841091,3202777,1.045017,5.402101,2826.199951,2475.785016,,0.570029,,4951.569824,
Sample,25/04/2023 13:14:16,23,9424335,5.723856,12679812,12.839738,3202526,1.044934,5.401400,2824.800049,2474.601735,,0.568687,,4949.203613,
Sample,25/04/2023 13:14:17,23,,,12679797,12.839906,3202619,1.044965,5.399700,2824.600098,2474.432724,,0.569184,,4948.865234,
Sample,25/04/2023 13:14:18,23,,,12679801,12.839861,3202506,1.044928,5.376300,2824.399902,2474.263507,,0.568580,,4948.526855,
Sample,25/04/2023 13:14:19,23,,,12679581,12.842321,3202539,1.044939,5.420200,2827.899902,2477.221917,,0.568757,,4954.443848,
Sample,25/04/2023 13:14:20,23,,,12679376,12.844614,3202657,1.044977,5.361800,2828.800049,2477.982774,,0.569388,,4955.965332,
Sample,25/04/2023 13:14:21,23,,,12679245,12.846079,3202695,1.044990,5.382300,2828.500000,2477.729155,,0.569591,,4955.458496,
Sample,25/04/2023 13:14:22,23,,,12678948,12.849401,3202630,1.044968,5.383800,2830.500000,2479.419675,,0.569243,,4958.839355,
Sample,25/04/2023 13:14:23,23,,,12678752,12.851593,3202611,1.044962,5.370600,2827.500000,2476.883895,,0.569142,,4953.767578,
Sample,25/04/2023 13:14:24,23,,,12678634,12.852912,3202680,1.044985,5.384500,2828.699951,2477.898166,,0.569511,,4955.796387,
Sample,25/04/2023 13:14:25,23,,,12678622,12.853047,3202530,1.044936,5.373300,2829.199951,2478.320796,,0.568708,,4956.641602,
Sample,25/04/2023 13:14:26,23,,,12678709,12.852074,3202549,1.044942,5.376200,2828.600098,2477.813764,,0.568810,,4955.627441,
Sample,25/04/2023 13:14:27,23,,,12678557,12.853774,3202575,1.044950,5.373600,2830.800049,2479.673294,,0.568949,,4959.346680,
Sample,25/04/2023 13:14:28,23,,,12678232,12.857408,3202432,1.044903,5.378200,2830.300049,2479.250664,,0.568184,,4958.501465,
Sample,25/04/2023 13:14:29,23,,,12678020,12.859779,3202516,1.044931,5.375500,2832.100098,2480.772173,,0.568634,,4961.544434,
Sample,25/04/2023 13:14:30,23,,,12677745,12.862855,3202590,1.044955,5.377700,2836.399902,2484.406626,,0.569029,,4968.813477,
Sample,25/04/2023 13:14:31,23,,,12677497,12.865628,3202406,1.044895,5.370900,2836.300049,2484.322224,,0.568045,,4968.644531,
Sample,25/04/2023 13:14:32,23,,,12677252,12.868368,3202631,1.044969,5.363299,2837.600098,2485.421103,,0.569249,,4970.842285,
Sample,25/04/2023 13:14:33,23,,,12676968,12.871545,3202602,1.044959,5.384600,2835.699951,2483.814985,,0.569093,,4967.629883,
Sample,25/04/2023 13:14:34,23,,,12676631,12.875314,3202542,1.044940,5.382400,2838.500000,2486.181754,,0.568773,,4972.363281,
Sample,25/04/2023 13:14:35,23,,,12676118,12.881051,3202710,1.044995,5.363500,2836.600098,2484.575843,,0.569671,,4969.151855,
Sample,25/04/2023 13:14:36,23,9424276,5.723531,12675591,12.886945,3202620,1.044965,5.398000,2837.500000,2485.336494,,0.569190,,4970.672852,
Sample,25/04/2023 13:14:37,23,,,12675080,12.892660,3202531,1.044936,5.377400,2840.100098,2487.534253,,0.568714,,4975.068359,
Sample,25/04/2023 13:14:38,23,,,12674632,12.897670,3202450,1.044909,5.394200,2839.899902,2487.365036,,0.568281,,4974.729980,
Sample,25/04/2023 13:14:39,23,,,12674285,12.901551,3202498,1.044925,5.397799,2835.899902,2483.983996,,0.568537,,4967.967773,
Sample,25/04/2023 13:14:40,23,,,12673981,12.904951,3202521,1.044933,5.376200,2840.100098,2487.534253,,0.568660,,4975.068359,
Sample,25/04/2023 13:14:41,23,,,12673664,12.908496,3202650,1.044975,5.401600,2839.199951,2486.773395,,0.569350,,4973.546875,
Sample,25/04/2023 13:14:42,23,,,12673544,12.909838,3202583,1.044953,5.393200,2839.500000,2487.027014,,0.568992,,4974.054199,
Sample,25/04/2023 13:14:43,23,,,12673613,12.909066,3202483,1.044920,5.382600,2839.800049,2487.280633,,0.568457,,4974.561035,
Sample,25/04/2023 13:14:44,23,,,12673668,12.908451,3202520,1.044932,5.394400,2840.300049,2487.703263,,0.568655,,4975.406738,
Sample,25/04/2023 13:14:45,23,,,12673546,12.909816,3202503,1.044927,5.386900,2839.399902,2486.942406,,0.568564,,4973.884766,
Sample,25/04/2023 13:14:46,23,,,12673406,12.911381,3202425,1.044901,5.388400,2842.699951,2489.731805,,0.568147,,4979.463379,
Sample,25/04/2023 13:14:47,23,,,12673283,12.912757,3202543,1.044940,5.412300,2844.699951,2491.422324,,0.568778,,4982.844727,
Sample,25/04/2023 13:14:48,23,,,12673060,12.915251,3202563,1.044946,5.388400,2844.300049,2491.084303,,0.568885,,4982.168457,
Sample,25/04/2023 13:14:49,23,,,12672998,12.915944,3202391,1.044890,5.390500,2840.699951,2488.041285,,0.567965,,4976.082520,
Sample,25/04/2023 13:14:50,23,,,12672767,12.918528,3202530,1.044936,5.401700,2843.800049,2490.661673,,0.568708,,4981.323242,
Sample,25/04/2023 13:14:51,23,,,12672668,12.919635,3202480,1.044919,5.369500,2844.600098,2491.337922,,0.568441,,4982.675781,
Sample,25/04/2023 13:14:52,23,,,12672523,12.921257,3202629,1.044968,5.421400,2845.600098,2492.183182,,0.569238,,4984.366211,
Sample,25/04/2023 13:14:53,23,,,12672550,12.920955,3202609,1.044962,5.371600,2848.199951,2494.380734,,0.569131,,4988.761230,
Sample,25/04/2023 13:14:54,23,,,12672871,12.917365,3202362,1.044880,5.341100,2852.899902,2498.353414,,0.567810,,4996.707031,
Sample,25/04/2023 13:14:55,23,,,12673213,12.913540,3202541,1.044939,5.375100,2858.500000,2503.086952,,0.568767,,5006.173828,
Sample,25/04/2023 13:14:56,23,9424229,5.723273,12673234,12.913305,3202344,1.044874,5.350500,2860.800049,2505.031091,,0.567713,,5010.062012,
Sample,25/04/2023 13:14:57,23,,,12673148,12.914267,3202414,1.044897,5.283100,2854.800049,2499.959532,,0.568088,,4999.918945,
Sample,25/04/2023 13:14:58,23,,,12673029,12.915598,3202417,1.044898,5.175300,2847.800049,2494.042713,,0.568104,,4988.085449,
Sample,25/04/2023 13:14:59,23,,,12672695,12.919333,3202382,1.044887,5.149400,2845.899902,2492.436595,,0.567917,,4984.873047,
Sample,25/04/2023 13:15:00,23,,,12672267,12.924120,3202476,1.044918,5.184100,2847.100098,2493.451072,,0.568420,,4986.902344,
Sample,25/04/2023 13:15:01,23,,,12671768,12.929700,3202385,1.044888,1.568900,2847.199951,2493.535474,,0.567933,,4987.070801,
Sample,25/04/2023 13:15:02,23,,,12671226,12.935762,3202421,1.044900,0.031500,2848.800049,2494.887973,,0.568125,,4989.775879,
Sample,25/04/2023 13:15:03,23,,,12671005,12.938234,3202368,1.044882,0.045900,2847.000000,2493.366463,,0.567842,,4986.732910,
Sample,25/04/2023 13:15:04,23,,,12670605,12.942707,3202548,1.044942,0.042900,2852.000000,2497.592763,,0.568805,,4995.185547,
Sample,25/04/2023 13:15:05,23,,,12670119,12.948142,3202664,1.044980,0.129800,2843.000000,2489.985424,,0.569425,,4979.970703,
Sample,25/04/2023 13:15:06,23,,,12669603,12.953913,3202390,1.044890,0.208500,2768.199951,2426.759942,,0.567960,,4853.520020,
Sample,25/04/2023 13:15:07,23,,,12669161,12.958856,3202474,1.044917,0.041200,2851.500000,2497.170133,,0.568409,,4994.340332,
Sample,25/04/2023 13:15:08,23,,,12668772,12.963207,3202267,1.044849,0.003800,2864.800049,2508.412131,,0.567301,,5016.824219,
Sample,25/04/2023 13:15:09,23,,,12668373,12.967669,3202339,1.044873,0.031400,2850.100098,2495.986852,,0.567687,,4991.973633,
Sample,25/04/2023 13:15:10,23,,,12667986,12.971997,3202497,1.044925,0.029900,2862.100098,2506.129971,,0.568532,,5012.259766,
Sample,25/04/2023 13:15:11,23,,,12667604,12.976270,3202558,1.044945,0.053600,2852.699951,2498.184404,,0.568858,,4996.368652,
Sample,25/04/2023 13:15:12,23,,,12667162,12.981213,3202348,1.044876,0.082100,2903.300049,2540.954637,,0.567735,,5081.909180,
Sample,25/04/2023 13:15:13,23,,,12666781,12.985474,3202319,1.044866,0.214600,2778.800049,2435.719779,,0.567580,,4871.439453,
Sample,25/04/2023 13:15:14,23,,,12666395,12.989791,3202490,1.044922,0.093000,3778.800049,3280.979684,,0.568494,,6561.959473,
Sample,25/04/2023 13:15:15,23,,,12666010,12.994097,3202523,1.044933,0.096300,3772.100098,3275.316484,,0.568671,,6550.632812,
Sample,25/04/2023 13:15:16,23,9424261,5.723449,12665649,12.998134,3202317,1.044866,0.083900,3661.899902,3182.168677,,0.567569,,6364.337402,
Sample,25/04/2023 13:15:17,23,,,12665426,13.000628,3202517,1.044931,0.028500,3436.500000,2991.647177,,0.568639,,5983.294434,
Sample,25/04/2023 13:15:18,23,,,12665292,13.002127,3202392,1.044890,0.067500,3606.000000,3134.918731,,0.567970,,6269.837402,
Sample,25/04/2023 13:15:19,23,,,12665145,13.003771,3202536,1.044938,0.118200,2463.899902,2169.547311,,0.568740,,4339.094727,
Sample,25/04/2023 13:15:20,23,,,12664890,13.006623,3202655,1.044977,0.788900,3384.699951,2947.862673,,0.569377,,5895.725586,
Sample,25/04/2023 13:15:21,23,,,12664688,13.008882,3202446,1.044908,0.071900,3747.600098,3254.607616,,0.568259,,6509.215332,
Sample,25/04/2023 13:15:22,23,,,12664819,13.007417,3202488,1.044922,0.086000,2793.199951,2447.891439,,0.568484,,4895.782715,
Sample,25/04/2023 13:15:23,23,,,12664809,13.007528,3202451,1.044910,0.076800,3758.600098,3263.905475,,0.568286,,6527.811035,
Sample,25/04/2023 13:15:24,23,,,12664840,13.007182,3202353,1.044877,0.083300,2928.199951,2562.001526,,0.567762,,5124.002930,
Sample,25/04/2023 13:15:25,23,,,12664677,13.009005,3202486,1.044921,0.566500,2539.899902,2233.787064,,0.568473,,4467.574219,
Sample,25/04/2023 13:15:26,23,,,12664351,13.012651,3202489,1.044922,0.024900,2870.399902,2513.145463,,0.568489,,5026.291016,
Sample,25/04/2023 13:15:27,23,,,12663856,13.018187,3202404,1.044894,0.129600,2117.000000,1876.326733,,0.568034,,3752.653564,
Sample,25/04/2023 13:15:28,23,,,12663474,13.022459,3202514,1.044930,0.042500,2858.199951,2502.833333,,0.568623,,5005.666504,
Sample,25/04/2023 13:15:29,23,,,12663095,13.026698,3202552,1.044943,0.106700,3563.000000,3098.572555,,0.568826,,6197.145020,
Sample,25/04/2023 13:15:30,23,,,12662832,13.029639,3202282,1.044854,0.032100,2874.800049,2516.864730,,0.567382,,5033.729492,
Sample,25/04/2023 13:15:31,23,,,12662526,13.033061,3202437,1.044905,0.048100,2859.300049,2503.763202,,0.568211,,5007.526367,
Sample,25/04/2023 13:15:32,23,,,12662352,13.035007,3202569,1.044948,0.045600,2877.800049,2519.400510,,0.568917,,5038.800781,
Sample,25/04/2023 13:15:33,23,,,12662527,13.033050,3202491,1.044923,0.051900,2864.199951,2507.904893,,0.568500,,5015.809570,
Sample,25/04/2023 13:15:34,23,,,12662587,13.032379,3202467,1.044915,0.281800,2789.300049,2444.595008,,0.568371,,4889.189941,
Sample,25/04/2023 13:15:35,23,,,12662644,13.031741,3202351,1.044877,0.041100,2873.000000,2515.343221,,0.567751,,5030.686523,
Sample,25/04/2023 13:15:36,23,9424135,5.722756,12662705,13.031059,3202335,1.044872,0.048300,2867.600098,2510.778900,,0.567665,,5021.557617,
Sample,25/04/2023 13:15:37,23,,,12662575,13.032513,3202439,1.044906,0.054700,2861.699951,2505.791743,,0.568222,,5011.583496,
Sample,25/04/2023 13:15:38,23,,,12662429,13.034146,3202606,1.044961,0.016500,2868.500000,2511.539551,,0.569115,,5023.079102,
Sample,25/04/2023 13:15:39,23,,,12662295,13.035645,3202276,1.044852,0.047300,2865.300049,2508.834761,,0.567350,,5017.669434,
Sample,25/04/2023 13:15:40,23,,,12662153,13.037233,3202451,1.044910,0.048700,2859.500000,2503.932212,,0.568286,,5007.864258,
Sample,25/04/2023 13:15:41,23,,,12661882,13.040264,3202520,1.044932,0.041500,2861.199951,2505.369113,,0.568655,,5010.738281,
Sample,25/04/2023 13:15:42,23,,,12661418,13.045453,3202433,1.044904,5.279600,2859.699951,2504.101223,,0.568190,,5008.202637,
Sample,25/04/2023 13:15:43,23,,,12660913,13.051101,3202384,1.044888,0.030400,2854.699951,2499.874923,,0.567927,,4999.750000,
Sample,25/04/2023 13:15:44,23,,,12660422,13.056592,3202393,1.044891,3.957400,2853.300049,2498.691642,,0.567976,,4997.383301,
Sample,25/04/2023 13:15:45,23,,,12660060,13.060641,3202392,1.044890,5.242600,2854.000000,2499.283283,,0.567970,,4998.566406,
Sample,25/04/2023 13:15:46,23,,,12659724,13.064398,3202454,1.044911,5.203900,2853.000000,2498.438023,,0.568302,,4996.875977,
Sample,25/04/2023 13:15:47,23,,,12659327,13.068838,3202432,1.044903,1.564500,2858.600098,2503.171561,,0.568184,,5006.343262,
Sample,25/04/2023 13:15:48,23,,,12658961,13.072932,3202368,1.044882,5.165999,2854.800049,2499.959532,,0.567842,,4999.918945,
Sample,25/04/2023 13:15:49,23,,,12658706,13.075784,3202383,1.044887,5.215700,2856.899902,2501.734454,,0.567922,,5003.468750,
Sample,25/04/2023 13:15:50,23,,,12658479,13.078322,3202599,1.044958,0.062100,2863.300049,2507.144241,,0.569077,,5014.288574,
Sample,25/04/2023 13:15:51,23,,,12658383,13.079396,3202211,1.044831,5.224800,2856.600098,2501.481041,,0.567002,,5002.961914,
Sample,25/04/2023 13:15:52,23,,,12658307,13.080246,3202411,1.044896,5.198299,2858.300049,2502.917942,,0.568072,,5005.835938,
Sample,25/04/2023 13:15:53,23,,,12658135,13.082170,3202431,1.044903,5.247800,2856.000000,2500.973803,,0.568179,,5001.947754,
Sample,25/04/2023 13:15:54,23,,,12657992,13.083769,3202402,1.044894,5.190500,2855.399902,2500.466564,,0.568024,,5000.933105,
Sample,25/04/2023 13:15:55,23,,,12657723,13.086778,3202341,1.044873,5.251800,2852.399902,2497.930784,,0.567697,,4995.861328,
Sample,25/04/2023 13:15:56,23,9424082,5.722465,12657509,13.089171,3202401,1.044893,5.209701,2858.699951,2503.255963,,0.568018,,5006.511719,
Sample,25/04/2023 13:15:57,23,,,12657166,13.093007,3202326,1.044869,5.191900,2854.699951,2499.874923,,0.567617,,4999.750000,
Sample,25/04/2023 13:15:58,23,,,12657017,13.094673,3202261,1.044847,5.249500,2855.600098,2500.635781,,0.567269,,5001.271484,
Sample,25/04/2023 13:15:59,23,,,12656819,13.096888,3202374,1.044884,5.178000,2856.800049,2501.650052,,0.567874,,5003.300293,
Sample,25/04/2023 13:16:00,23,,,12656570,13.099673,3202424,1.044901,5.275400,2857.100098,2501.903671,,0.568141,,5003.807129,
Sample,25/04/2023 13:16:01,23,,,12656834,13.096720,3202309,1.044863,4.413100,2856.300049,2501.227422,,0.567526,,5002.455078,
Sample,25/04/2023 13:16:02,23,,,12657153,13.093152,3202421,1.044900,5.254100,2855.000000,2500.128543,,0.568125,,5000.257324,
Sample,25/04/2023 13:16:03,23,,,12657155,13.093130,3202538,1.044938,5.184000,2860.699951,2504.946483,,0.568751,,5009.893066,
Sample,25/04/2023 13:16:04,23,,,12656981,13.095076,3202388,1.044889,5.226501,2859.300049,2503.763202,,0.567949,,5007.526367,
Sample,25/04/2023 13:16:05,23,,,12656784,13.097279,3202354,1.044878,0.171400,2860.500000,2504.777472,,0.567767,,5009.555176,
Sample,25/04/2023 13:16:06,23,,,12656539,13.100019,3202222,1.044834,5.187300,2861.199951,2505.369113,,0.567061,,5010.738281,
Sample,25/04/2023 13:16:07,23,,,12656273,13.102994,3202282,1.044854,5.216200,2862.000000,2506.045362,,0.567382,,5012.090820,
Sample,25/04/2023 13:16:08,23,,,12655856,13.107658,3202389,1.044889,5.216600,2859.600098,2504.016821,,0.567954,,5008.033691,
Sample,25/04/2023 13:16:09,23,,,12655355,13.113261,3202222,1.044834,5.220900,2860.800049,2505.031091,,0.567061,,5010.062012,
Sample,25/04/2023 13:16:10,23,,,12654945,13.117847,3202340,1.044873,5.209600,2860.699951,2504.946483,,0.567692,,5009.893066,
Sample,25/04/2023 13:16:11,23,,,12654689,13.120710,3202525,1.044934,5.247700,2860.899902,2505.115494,,0.568682,,5010.230957,
Sample,25/04/2023 13:16:12,23,,,12654623,13.121448,3202373,1.044884,5.134900,2861.300049,2505.453721,,0.567869,,5010.907227,
Sample,25/04/2023 13:16:13,23,,,12654435,13.123551,3202264,1.044848,5.264800,2864.600098,2508.243120,,0.567285,,5016.486328,
Sample,25/04/2023 13:16:14,23,,,12654469,13.123170,3202253,1.044845,5.141601,2862.699951,2506.637003,,0.567227,,5013.273926,
Sample,25/04/2023 13:16:15,23,,,12654474,13.123115,3202358,1.044879,0.051400,2864.000000,2507.735882,,0.567788,,5015.471680,
Sample,25/04/2023 13:16:16,23,9424003,5.722030,12654516,13.122645,3202298,1.044859,5.158800,2861.000000,2505.200102,,0.567467,,5010.400391,
Sample,25/04/2023 13:16:17,23,,,12654406,13.123875,3202428,1.044902,0.031300,2863.000000,2506.890622,,0.568163,,5013.781250,
Sample,25/04/2023 13:16:18,23,,,12654368,13.124300,3202332,1.044871,5.092200,2861.699951,2505.791743,,0.567649,,5011.583496,
Sample,25/04/2023 13:16:19,23,,,12654271,13.125385,3202303,1.044861,0.018200,2866.000000,2509.426402,,0.567494,,5018.853027,
Sample,25/04/2023 13:16:20,23,,,12653979,13.128651,3202284,1.044855,0.048100,2865.000000,2508.581142,,0.567392,,5017.162109,
Sample,25/04/2023 13:16:21,23,,,12653878,13.129780,3202237,1.044839,5.173200,2863.000000,2506.890622,,0.567141,,5013.781250,
Sample,25/04/2023 13:16:22,23,,,12653627,13.132587,3202361,1.044880,0.026400,2864.899902,2508.496533,,0.567804,,5016.993164,
Sample,25/04/2023 13:16:23,23,,,12653408,13.135037,3202227,1.044836,0.041300,2867.399902,2510.609683,,0.567087,,5021.219238,
Sample,25/04/2023 13:16:24,23,,,12653210,13.137251,3202233,1.044838,5.207799,2864.300049,2507.989501,,0.567120,,5015.979004,
Sample,25/04/2023 13:16:25,23,,,12652863,13.141132,3202283,1.044854,0.027300,2868.000000,2511.116921,,0.567387,,5022.233887,
Sample,25/04/2023 13:16:26,23,,,12652580,13.144297,3202259,1.044847,5.118900,2859.199951,2503.678593,,0.567259,,5007.357422,
Sample,25/04/2023 13:16:27,23,,,12652330,13.147093,3202408,1.044896,0.140800,2862.800049,2506.721611,,0.568056,,5013.443359,
Sample,25/04/2023 13:16:28,23,,,12652015,13.150616,3202278,1.044853,0.045100,2863.100098,2506.975230,,0.567360,,5013.950684,
Sample,25/04/2023 13:16:29,23,,,12651811,13.152898,3202308,1.044863,0.041300,2865.300049,2508.834761,,0.567521,,5017.669434,
Sample,25/04/2023 13:16:30,23,,,12651554,13.155772,3202269,1.044850,0.032700,2864.300049,2507.989501,,0.567312,,5015.979004,
Sample,25/04/2023 13:16:31,23,,,12651186,13.159888,3202184,1.044822,0.038600,2867.100098,2510.356270,,0.566857,,5020.712402,
Sample,25/04/2023 13:16:32,23,,,12650627,13.166140,3202303,1.044861,5.217299,2867.500000,2510.694291,,0.567494,,5021.388672,
Sample,25/04/2023 13:16:33,23,,,12650146,13.171520,3202261,1.044847,0.031000,2869.600098,2512.469420,,0.567269,,5024.938965,
Sample,25/04/2023 13:16:34,23,,,12649774,13.175680,3202194,1.044825,0.026500,2871.399902,2513.990723,,0.566911,,5027.981445,
Sample,25/04/2023 13:16:35,23,,,12649437,13.179449,3202286,1.044855,0.044600,2871.300049,2513.906320,,0.567403,,5027.812500,
Sample,25/04/2023 13:16:36,23,9423976,5.721882,12649151,13.182648,3202249,1.044843,0.044200,2873.300049,2515.596840,,0.567205,,5031.193848,
Sample,25/04/2023 13:16:37,23,,,12648925,13.185176,3202044,1.044776,0.028300,2881.300049,2522.358919,,0.566108,,5044.717773,
Sample,25/04/2023 13:16:38,23,,,12648768,13.186932,3202412,1.044897,5.232000,2886.800049,2527.007849,,0.568077,,5054.015625,
Sample,25/04/2023 13:16:39,23,,,12648610,13.188699,3202337,1.044872,0.052800,2894.399902,2533.431700,,0.567676,,5066.863281,
Sample,25/04/2023 13:16:40,23,,,12648437,13.190634,3202248,1.044843,0.036900,2907.800049,2544.758307,,0.567200,,5089.516602,
Sample,25/04/2023 13:16:41,23,,,12648281,13.192378,3202403,1.044894,0.041400,2905.300049,2542.645157,,0.568029,,5085.290527,
Sample,25/04/2023 13:16:42,23,,,12648184,13.193463,3202321,1.044867,0.061500,2907.800049,2544.758307,,0.567590,,5089.516602,
Sample,25/04/2023 13:16:43,23,,,12648153,13.193810,3202193,1.044825,0.299300,2910.600098,2547.125076,,0.566905,,5094.250000,
Sample,25/04/2023 13:16:44,23,,,12648126,13.194112,3202256,1.044846,0.041600,2917.800049,2553.210906,,0.567243,,5106.421875,
Sample,25/04/2023 13:16:45,23,,,12647952,13.196058,3202173,1.044818,0.032300,2913.699951,2549.745258,,0.566798,,5099.490723,
Sample,25/04/2023 13:16:46,23,,,12647747,13.198351,3202141,1.044808,0.045500,2916.899902,2552.450048,,0.566627,,5104.899902,
Sample,25/04/2023 13:16:47,23,,,12647486,13.201270,3202218,1.044833,5.289600,2918.100098,2553.464525,,0.567039,,5106.929199,
Sample,25/04/2023 13:16:48,23,,,12647190,13.204580,3202361,1.044880,0.032500,2920.500000,2555.493066,,0.567804,,5110.986328,
Sample,25/04/2023 13:16:49,23,,,12646930,13.207488,3202129,1.044804,0.040400,2927.399902,2561.325277,,0.566563,,5122.650391,
Sample,25/04/2023 13:16:50,23,,,12646554,13.211694,3201932,1.044739,5.257300,2915.300049,2551.097756,,0.565508,,5102.195312,
Sample,25/04/2023 13:16:51,23,,,12646212,13.215519,3202286,1.044855,0.033400,2922.100098,2556.845565,,0.567403,,5113.690918,
Sample,25/04/2023 13:16:52,23,,,12645797,13.220160,3201982,1.044755,0.045700,2922.100098,2556.845565,,0.565776,,5113.690918,
Sample,25/04/2023 13:16:53,23,,,12645274,13.226010,3202182,1.044821,0.392200,2918.300049,2553.633536,,0.566847,,5107.267090,
Sample,25/04/2023 13:16:54,23,,,12644810,13.231199,3202275,1.044852,0.046500,2918.800049,2554.056166,,0.567344,,5108.112305,
Sample,25/04/2023 13:16:55,23,,,12644321,13.236669,3202226,1.044836,0.033800,2919.500000,2554.647807,,0.567082,,5109.295410,
Sample,25/04/2023 13:16:56,23,9423914,5.721541,12643758,13.242965,3202172,1.044818,0.048200,2938.600098,2570.792353,,0.566793,,5141.584473,
Sample,25/04/2023 13:16:57,23,,,12643257,13.248569,3202263,1.044848,0.035400,2919.199951,2554.394187,,0.567280,,5108.788574,
Sample,25/04/2023 13:16:58,23,,,12642828,13.253367,3202215,1.044832,0.033700,2915.600098,2551.351375,,0.567023,,5102.702637,
Sample,25/04/2023 13:16:59,23,,,12642494,13.257103,3202032,1.044772,0.030700,2930.399902,2563.861057,,0.566044,,5127.722168,
Sample,25/04/2023 13:17:00,23,,,12642153,13.260917,3202119,1.044801,0.043600,2910.300049,2546.871457,,0.566509,,5093.742676,
Sample,25/04/2023 13:17:01,23,,,12641829,13.264541,3202169,1.044817,0.044600,2912.300049,2548.561976,,0.566777,,5097.124023,
Sample,25/04/2023 13:17:02,23,,,12641557,13.267583,3202152,1.044811,4.871100,2911.300049,2547.716717,,0.566686,,5095.433594,
Sample,25/04/2023 13:17:03,23,,,12641269,13.270804,3202200,1.044827,0.033500,2908.199951,2545.096328,,0.566943,,5090.192871,
Sample,25/04/2023 13:17:04,23,,,12641198,13.271598,3202240,1.044840,0.041600,2940.300049,2572.229254,,0.567157,,5144.458496,
Sample,25/04/2023 13:17:05,23,,,12641033,13.273444,3202001,1.044762,5.293700,2918.899902,2554.140568,,0.565878,,5108.281250,
Sample,25/04/2023 13:17:06,23,,,12640924,13.274663,3202146,1.044809,0.029800,2924.300049,2558.705095,,0.566654,,5117.410156,
Sample,25/04/2023 13:17:07,23,,,12640819,13.275837,3202100,1.044794,0.044300,2918.300049,2553.633536,,0.566408,,5107.267090,
Sample,25/04/2023 13:17:08,23,,,12640565,13.278678,3202121,1.044801,0.046600,2917.500000,2552.957287,,0.566520,,5105.914551,
Sample,25/04/2023 13:17:09,23,,,12640215,13.282593,3202258,1.044846,0.042700,2918.000000,2553.379917,,0.567253,,5106.759766,
Sample,25/04/2023 13:17:10,23,,,12639853,13.286642,3202255,1.044845,0.047900,2919.800049,2554.901426,,0.567237,,5109.802734,
Sample,25/04/2023 13:17:11,23,,,12639754,13.287749,3202028,1.044771,0.028200,2918.199951,2553.548927,,0.566022,,5107.097656,
Sample,25/04/2023 13:17:12,23,,,12639805,13.287178,3202192,1.044825,0.038000,2925.600098,2559.803974,,0.566900,,5119.607910,
Sample,25/04/2023 13:17:13,23,,,12639706,13.288286,3201911,1.044732,5.303100,2917.600098,2553.041895,,0.565396,,5106.083984,
Sample,25/04/2023 13:17:14,23,,,12639461,13.291026,3202112,1.044798,0.028400,2921.300049,2556.169316,,0.566472,,5112.338867,
Sample,25/04/2023 13:17:15,23,,,12639290,13.292939,3202213,1.044831,5.198299,2927.399902,2561.325277,,0.567013,,5122.650391,
Sample,25/04/2023 13:17:16,23,9423883,5.721371,12639118,13.294862,3202110,1.044798,0.034000,2932.000000,2565.213555,,0.566461,,5130.427246,
Sample,25/04/2023 13:17:17,23,,,12638832,13.298061,3202119,1.044801,5.210900,2930.500000,2563.945665,,0.566509,,5127.891113,
Sample,25/04/2023 13:17:18,23,,,12638575,13.300936,3202258,1.044846,0.008200,2933.600098,2566.566054,,0.567253,,5133.132324,
Sample,25/04/2023 13:17:19,23,,,12638304,13.303967,3201995,1.044760,0.025700,2934.399902,2567.242097,,0.565846,,5134.484375,
Sample,25/04/2023 13:17:20,23,,,12637963,13.307781,3202106,1.044796,0.033700,2932.199951,2565.382566,,0.566440,,5130.765137,
Sample,25/04/2023 13:17:21,23,,,12637785,13.309772,3202202,1.044828,0.042100,2939.000000,2571.130375,,0.566954,,5142.260742,
Sample,25/04/2023 13:17:22,23,,,12637650,13.311282,3202004,1.044763,2.192400,2933.899902,2566.819467,,0.565894,,5133.639160,
Sample,25/04/2023 13:17:23,23,,,12637456,13.313452,3202016,1.044767,0.064200,2930.600098,2564.030274,,0.565958,,5128.060547,
Sample,25/04/2023 13:17:24,23,,,12637212,13.316181,3202041,1.044775,0.035100,2930.300049,2563.776655,,0.566092,,5127.553223,
Sample,25/04/2023 13:17:25,23,,,12637036,13.318149,3202013,1.044766,0.036400,2930.699951,2564.114676,,0.565942,,5128.229492,
Sample,25/04/2023 13:17:26,23,,,12636797,13.320822,3202062,1.044782,0.044900,2927.000000,2560.987256,,0.566204,,5121.974609,
Sample,25/04/2023 13:17:27,23,,,12636479,13.324379,3202196,1.044826,0.046500,2930.800049,2564.199285,,0.566922,,5128.398438,
Sample,25/04/2023 13:17:28,23,,,12636228,13.327187,3202063,1.044782,0.040400,2934.199951,2567.073086,,0.566210,,5134.145996,
Sample,25/04/2023 13:17:29,23,,,12635992,13.329826,3202072,1.044785,0.040200,2936.300049,2568.848214,,0.566258,,5137.696289,
Sample,25/04/2023 13:17:30,23,,,12635841,13.331515,3202145,1.044809,0.037500,2942.399902,2574.004176,,0.566649,,5148.008301,
Sample,25/04/2023 13:17:31,23,,,12635740,13.332645,3201933,1.044739,0.058500,2935.399902,2568.087356,,0.565514,,5136.174805,
Sample,25/04/2023 13:17:32,23,,,12635619,13.333998,3202043,1.044776,0.045100,2930.199951,2563.692046,,0.566103,,5127.384277,
Sample,25/04/2023 13:17:33,23,,,12635321,13.337332,3202140,1.044807,0.026300,2926.500000,2560.564626,,0.566622,,5121.129395,
Sample,25/04/2023 13:17:34,23,,,12635081,13.340016,3209512,1.047231,0.047700,2926.300049,2560.395615,,0.605823,,5120.791016,
Sample,25/04/2023 13:17:35,23,,,12634940,13.341593,3202101,1.044795,4.813600,2923.500000,2558.028846,,0.566413,,5116.057617,
Sample,25/04/2023 13:17:36,23,9423835,5.721107,12634852,13.342577,3201895,1.044727,5.392900,2923.199951,2557.775227,,0.565310,,5115.550293,
Sample,25/04/2023 13:17:37,23,,,12634657,13.344758,3201950,1.044745,5.340500,2922.500000,2557.183586,,0.565605,,5114.367188,
Sample,25/04/2023 13:17:38,23,,,12634466,13.346895,3202075,1.044786,5.381300,2924.300049,2558.705095,,0.566274,,5117.410156,
Sample,25/04/2023 13:17:39,23,,,12634494,13.346582,3202089,1.044791,5.375000,2928.000000,2561.832516,,0.566349,,5123.665039,
Sample,25/04/2023 13:17:40,23,,,12634431,13.347286,3202014,1.044766,5.361701,2935.399902,2568.087356,,0.565947,,5136.174805,
Sample,25/04/2023 13:17:41,23,,,12634202,13.349848,3202097,1.044793,5.388100,2933.600098,2566.566054,,0.566392,,5133.132324,
Sample,25/04/2023 13:17:42,23,,,12633995,13.352163,3201985,1.044756,0.017400,2940.899902,2572.736286,,0.565792,,5145.472656,
Sample,25/04/2023 13:17:43,23,,,12633771,13.354668,3202032,1.044772,0.042200,2941.300049,2573.074514,,0.566044,,5146.148926,
Sample,25/04/2023 13:17:44,23,,,12633513,13.357554,3201931,1.044739,0.038900,2938.800049,2570.961364,,0.565503,,5141.922852,
Sample,25/04/2023 13:17:45,23,,,12633271,13.360261,3202096,1.044793,0.041900,2938.600098,2570.792353,,0.566386,,5141.584473,
Sample,25/04/2023 13:17:46,23,,,12633047,13.362767,3201907,1.044731,0.024300,2935.699951,2568.340976,,0.565375,,5136.682129,
Sample,25/04/2023 13:17:47,23,,,12632763,13.365943,3202045,1.044776,0.057900,2934.600098,2567.411314,,0.566113,,5134.822754,
Sample,25/04/2023 13:17:48,23,,,12632530,13.368549,3201900,1.044729,0.029200,2932.500000,2565.636185,,0.565337,,5131.272461,
Sample,25/04/2023 13:17:49,23,,,12632388,13.370138,3201935,1.044740,0.008300,2935.300049,2568.002954,,0.565524,,5136.005859,
Sample,25/04/2023 13:17:50,23,,,12632255,13.371625,3202090,1.044791,0.041100,2932.500000,2565.636185,,0.566354,,5131.272461,
Sample,25/04/2023 13:17:51,23,,,12632269,13.371469,3202057,1.044780,0.038600,2935.500000,2568.171965,,0.566178,,5136.343750,
Sample,25/04/2023 13:17:52,23,,,12632435,13.369612,3201881,1.044722,0.032400,2943.600098,2575.018653,,0.565235,,5150.037109,
Sample,25/04/2023 13:17:53,23,,,12632725,13.366368,3201958,1.044748,0.041800,2942.399902,2574.004176,,0.565648,,5148.008301,
Sample,25/04/2023 13:17:54,23,,,12632783,13.365719,3201955,1.044747,0.034300,2944.199951,2575.525685,,0.565632,,5151.051270,
Sample,25/04/2023 13:17:55,23,,,12632682,13.366849,3201917,1.044734,0.035400,2946.800049,2577.723443,,0.565428,,5155.446777,
Sample,25/04/2023 13:17:56,23,9423764,5.720716,12632642,13.367297,3201993,1.044759,0.020500,2951.100098,2581.358102,,0.565835,,5162.716309,
Sample,25/04/2023 13:17:57,23,,,12632613,13.367621,3202012,1.044765,0.043700,2950.100098,2580.512842,,0.565937,,5161.025879,
Sample,25/04/2023 13:17:58,23,,,12632584,13.367945,3201824,1.044704,0.023900,2950.600098,2580.935472,,0.564930,,5161.871094,
Sample,25/04/2023 13:17:59,23,,,12632536,13.368482,3201911,1.044732,0.037200,2952.800049,2582.795003,,0.565396,,5165.589844,
Sample,25/04/2023 13:18:00,23,,,12632419,13.369791,3201881,1.044722,0.047700,2953.899902,2583.724665,,0.565235,,5167.449219,
Sample,25/04/2023 13:18:01,23,,,12632147,13.372833,3201930,1.044738,0.036200,2949.899902,2580.343625,,0.565498,,5160.687012,
Sample,25/04/2023 13:18:02,23,,,12631745,13.377330,3201964,1.044750,0.028000,2950.600098,2580.935472,,0.565680,,5161.871094,
Sample,25/04/2023 13:18:03,23,,,12631437,13.380775,3201948,1.044744,0.029200,2950.699951,2581.019874,,0.565594,,5162.039551,
Sample,25/04/2023 13:18:04,23,,,12631159,13.383884,3201893,1.044726,0.044300,2944.100098,2575.441283,,0.565300,,5150.882324,
Sample,25/04/2023 13:18:05,23,,,12631017,13.385473,3201975,1.044753,0.034500,2941.000000,2572.820894,,0.565739,,5145.641602,
Sample,25/04/2023 13:18:06,23,,,12630936,13.386379,3201964,1.044750,0.032300,2945.800049,2576.878183,,0.565680,,5153.756348,
Sample,25/04/2023 13:18:07,23,,,12630728,13.388705,3201806,1.044698,0.043200,2941.800049,2573.497144,,0.564834,,5146.994141,
Sample,25/04/2023 13:18:08,23,,,12630477,13.391513,3201937,1.044741,0.028600,2946.899902,2577.807845,,0.565535,,5155.615723,
Sample,25/04/2023 13:18:09,23,,,12630237,13.394197,3201925,1.044737,0.038900,2948.800049,2579.413963,,0.565471,,5158.828125,
Sample,25/04/2023 13:18:10,23,,,12629910,13.397855,3201855,1.044714,0.026800,2948.899902,2579.498365,,0.565096,,5158.996582,
Sample,25/04/2023 13:18:11,23,,,12629560,13.401770,3201918,1.044734,0.038900,2949.300049,2579.836593,,0.565433,,5159.673340,
Sample,25/04/2023 13:18:12,23,,,12629414,13.403403,3201906,1.044731,0.014700,2951.800049,2581.949743,,0.565369,,5163.899414,
Sample,25/04/2023 13:18:13,23,,,12629222,13.405551,3201877,1.044721,0.031100,2953.500000,2583.386643,,0.565214,,5166.773438,
Sample,25/04/2023 13:18:14,23,,,12629122,13.406669,3201764,1.044684,0.039300,2950.699951,2581.019874,,0.564609,,5162.039551,
Sample,25/04/2023 13:18:15,23,,,12629000,13.408034,3202071,1.044785,0.036800,2955.899902,2585.415185,,0.566253,,5170.830566,
Sample,25/04/2023 13:18:16,23,9423733,5.720546,12628932,13.408794,3201726,1.044671,0.043900,2962.100098,2590.655961,,0.564405,,5181.312012,
Sample,25/04/2023 13:18:17,23,,,12628842,13.409801,3201985,1.044756,0.023800,2957.100098,2586.429661,,0.565792,,5172.859375,
Sample,25/04/2023 13:18:18,23,,,12628760,13.410718,3202005,1.044763,0.034400,2962.199951,2590.740363,,0.565899,,5181.480957,
Sample,25/04/2023 13:18:19,23,,,12628642,13.412038,3201717,1.044668,0.015900,2957.800049,2587.021302,,0.564357,,5174.042480,
Sample,25/04/2023 13:18:20,23,,,12628427,13.414443,3201872,1.044719,0.045600,2963.899902,2592.177264,,0.565187,,5184.354492,
Sample,25/04/2023 13:18:21,23,,,12628167,13.417351,3201833,1.044707,0.036700,2956.100098,2585.584402,,0.564978,,5171.168945,
Sample,25/04/2023 13:18:22,23,,,12627971,13.419544,3201845,1.044710,0.039100,2959.000000,2588.035573,,0.565043,,5176.071289,
Sample,25/04/2023 13:18:23,23,,,12627654,13.423089,3201777,1.044688,0.033200,2957.000000,2586.345053,,0.564678,,5172.689941,
Sample,25/04/2023 13:18:24,23,,,12627388,13.426065,3201833,1.044707,0.033800,2957.000000,2586.345053,,0.564978,,5172.689941,
Sample,25/04/2023 13:18:25,23,,,12627242,13.427698,3201866,1.044717,0.027700,2954.600098,2584.316512,,0.565155,,5168.632812,
Sample,25/04/2023 13:18:26,23,,,12627119,13.429074,3201907,1.044731,0.045100,2962.199951,2590.740363,,0.565375,,5181.480957,
Sample,25/04/2023 13:18:27,23,,,12626924,13.431255,3201920,1.044735,0.031300,2961.100098,2589.810701,,0.565444,,5179.621582,
Sample,25/04/2023 13:18:28,23,,,12626737,13.433347,3201746,1.044678,0.041200,2956.100098,2585.584402,,0.564512,,5171.168945,
Sample,25/04/2023 13:18:29,23,,,12626503,13.435964,3201888,1.044725,0.029800,2952.500000,2582.541383,,0.565273,,5165.083008,
Sample,25/04/2023 13:18:30,23,,,12626212,13.439219,3201930,1.044738,0.023900,2956.100098,2585.584402,,0.565498,,5171.168945,
Sample,25/04/2023 13:18:31,23,,,12626014,13.441434,3201721,1.044670,0.038200,2957.000000,2586.345053,,0.564379,,5172.689941,
Sample,25/04/2023 13:18:32,23,,,12625965,13.441982,3201894,1.044727,0.024100,2959.399902,2588.373594,,0.565305,,5176.747070,
Sample,25/04/2023 13:18:33,23,,,12625915,13.442541,3201851,1.044712,0.023600,2965.199951,2593.276143,,0.565075,,5186.552246,
Sample,25/04/2023 13:18:34,23,,,12625865,13.443101,3201834,1.044707,0.048300,2957.100098,2586.429661,,0.564984,,5172.859375,
Sample,25/04/2023 13:18:35,23,,,12625805,13.443772,3201877,1.044721,0.023000,2963.600098,2591.923851,,0.565214,,5183.847656,
Sample,25/04/2023 13:18:36,23,9423665,5.720172,12625627,13.445763,3201786,1.044691,0.023700,2963.899902,2592.177264,,0.564727,,5184.354492,
Sample,25/04/2023 13:18:37,23,,,12625416,13.448123,3201676,1.044655,0.043000,2960.000000,2588.880833,,0.564137,,5177.761719,
Sample,25/04/2023 13:18:38,23,,,12625294,13.449488,3201814,1.044700,0.039900,2957.199951,2586.514064,,0.564877,,5173.028320,
Sample,25/04/2023 13:18:39,23,,,12625203,13.450506,3201870,1.044719,0.041100,2962.000000,2590.571352,,0.565176,,5181.142578,
Sample,25/04/2023 13:18:40,23,,,12625268,13.449779,3201583,1.044624,0.030700,2957.399902,2586.683074,,0.563639,,5173.366211,
Sample,25/04/2023 13:18:41,23,,,12625343,13.448940,3201849,1.044712,0.034600,2956.100098,2585.584402,,0.565064,,5171.168945,
Sample,25/04/2023 13:18:42,23,,,12625304,13.449376,3201734,1.044674,0.044500,2956.600098,2586.007032,,0.564448,,5172.014160,
Sample,25/04/2023 13:18:43,23,,,12625096,13.451703,3201736,1.044675,0.028100,2955.699951,2585.246174,,0.564459,,5170.492188,
Sample,25/04/2023 13:18:44,23,,,12624809,13.454913,3201756,1.044681,0.045100,2960.000000,2588.880833,,0.564566,,5177.761719,
Sample,25/04/2023 13:18:45,23,,,12624654,13.456647,3201863,1.044716,0.030500,2961.699951,2590.317733,,0.565139,,5180.635254,
Sample,25/04/2023 13:18:46,23,,,12624629,13.456926,3201570,1.044620,0.039800,2956.399902,2585.837814,,0.563570,,5171.675781,
Sample,25/04/2023 13:18:47,23,,,12624571,13.457575,3201786,1.044691,0.022600,2956.699951,2586.091434,,0.564727,,5172.183105,
Sample,25/04/2023 13:18:48,23,,,12624672,13.456445,3201792,1.044693,0.023500,2960.500000,2589.303463,,0.564759,,5178.606934,
Sample,25/04/2023 13:18:49,23,,,12624744,13.455640,3201724,1.044671,0.029000,2955.300049,2584.908152,,0.564395,,5169.816406,
Sample,25/04/2023 13:18:50,23,,,12624748,13.455595,3201756,1.044681,0.021400,2956.699951,2586.091434,,0.564566,,5172.183105,
Sample,25/04/2023 13:18:51,23,,,12624682,13.456334,3201679,1.044656,0.027200,2953.500000,2583.386643,,0.564154,,5166.773438,
Sample,25/04/2023 13:18:52,23,,,12624576,13.457519,3201783,1.044690,0.018400,2959.000000,2588.035573,,0.564711,,5176.071289,
Sample,25/04/2023 13:18:53,23,,,12624622,13.457005,3201675,1.044655,0.049800,2962.300049,2590.824972,,0.564132,,5181.649902,
Sample,25/04/2023 13:18:54,23,,,12624824,13.454745,3201702,1.044663,0.043400,2958.399902,2587.528334,,0.564277,,5175.056641,
Sample,25/04/2023 13:18:55,23,,,12624797,13.455047,3201702,1.044663,0.023300,2961.000000,2589.726093,,0.564277,,5179.452148,
Sample,25/04/2023 13:18:56,23,9423627,5.719963,12624630,13.456915,3201711,1.044666,0.034100,2955.699951,2585.246174,,0.564325,,5170.492188,
Sample,25/04/2023 13:18:57,23,,,12624671,13.456457,3201686,1.044658,0.029200,2956.899902,2586.260444,,0.564191,,5172.520996,
Sample,25/04/2023 13:18:58,23,,,12624760,13.455461,3201789,1.044692,0.032300,2956.600098,2586.007032,,0.564743,,5172.014160,
Sample,25/04/2023 13:18:59,23,,,12624806,13.454946,3201782,1.044690,0.046500,2955.399902,2584.992555,,0.564705,,5169.985352,
Sample,25/04/2023 13:19:00,23,,,12624675,13.456412,3201775,1.044687,0.033400,2954.500000,2584.231903,,0.564668,,5168.463867,
Sample,25/04/2023 13:19:01,23,,,12624361,13.459924,3201540,1.044610,0.043000,2956.600098,2586.007032,,0.563409,,5172.014160,
Sample,25/04/2023 13:19:02,23,,,12624093,13.462922,3201742,1.044677,0.035400,2956.500000,2585.922423,,0.564491,,5171.844727,
Sample,25/04/2023 13:19:03,23,,,12623858,13.465551,3201757,1.044682,0.038100,2960.899902,2589.641484,,0.564571,,5179.283203,
Sample,25/04/2023 13:19:04,23,,,12623571,13.468761,3201618,1.044636,0.043900,2960.399902,2589.218854,,0.563827,,5178.437500,
Sample,25/04/2023 13:19:05,23,,,12623302,13.471770,3201660,1.044650,0.034900,2963.100098,2591.501221,,0.564052,,5183.002441,
Sample,25/04/2023 13:19:06,23,,,12623083,13.474220,3201487,1.044593,0.035600,2956.899902,2586.260444,,0.563125,,5172.520996,
Sample,25/04/2023 13:19:07,23,,,12622901,13.476256,3201738,1.044675,0.037000,2959.199951,2588.204583,,0.564470,,5176.409180,
Sample,25/04/2023 13:19:08,23,,,12622648,13.479086,3201717,1.044668,0.048500,2958.800049,2587.866562,,0.564357,,5175.732910,
Sample,25/04/2023 13:19:09,23,,,12622466,13.481122,3201590,1.044627,0.044100,2957.100098,2586.429661,,0.563677,,5172.859375,
Sample,25/04/2023 13:19:10,23,,,12622283,13.483169,3201759,1.044682,0.046600,2961.100098,2589.810701,,0.564582,,5179.621582,
Sample,25/04/2023 13:19:11,23,,,12622184,13.484276,3201552,1.044614,0.023500,2958.699951,2587.781954,,0.563473,,5175.563965,
Sample,25/04/2023 13:19:12,23,,,12622068,13.485574,3201776,1.044688,0.028400,2959.699951,2588.627213,,0.564673,,5177.254395,
Sample,25/04/2023 13:19:13,23,,,12621939,13.487017,3201568,1.044619,0.025300,2957.500000,2586.767683,,0.563559,,5173.535156,
Sample,25/04/2023 13:19:14,23,,,12621745,13.489187,3201774,1.044687,0.027900,2963.199951,2591.585623,,0.564662,,5183.171387,
Sample,25/04/2023 13:19:15,23,,,12621543,13.491446,3201568,1.044619,5.247300,2957.399902,2586.683074,,0.563559,,5173.366211,
Sample,25/04/2023 13:19:16,23,9423594,5.719782,12621427,13.492744,3201716,1.044668,0.029700,2959.800049,2588.711822,,0.564352,,5177.423828,
Sample,25/04/2023 13:19:17,23,,,12621286,13.494321,3201529,1.044607,0.018100,2961.000000,2589.726093,,0.563350,,5179.452148,
Sample,25/04/2023 13:19:18,23,,,12621271,13.494489,3201752,1.044680,0.036100,2961.100098,2589.810701,,0.564545,,5179.621582,
Sample,25/04/2023 13:19:19,23,,,12621357,13.493527,3201339,1.044544,0.041100,2959.000000,2588.035573,,0.562332,,5176.071289,
Sample,25/04/2023 13:19:20,23,,,12621266,13.494545,3201556,1.044615,0.045200,2963.600098,2591.923851,,0.563495,,5183.847656,
Sample,25/04/2023 13:19:21,23,,,12621019,13.497308,3201465,1.044586,0.032700,2958.199951,2587.359324,,0.563007,,5174.718750,
Sample,25/04/2023 13:19:22,23,,,12620777,13.500015,3201698,1.044662,0.031700,2957.800049,2587.021302,,0.564255,,5174.042480,
Sample,25/04/2023 13:19:23,23,,,12620551,13.502543,3201507,1.044599,0.041500,2957.800049,2587.021302,,0.563232,,5174.042480,
Sample,25/04/2023 13:19:24,23,,,12620289,13.505474,3201706,1.044665,0.044300,2957.300049,2586.598672,,0.564298,,5173.197266,
Sample,25/04/2023 13:19:25,23,,,12619966,13.509087,3201395,1.044563,0.041100,2957.100098,2586.429661,,0.562632,,5172.859375,
Sample,25/04/2023 13:19:26,23,,,12619682,13.512264,3201553,1.044614,0.028300,2957.199951,2586.514064,,0.563479,,5173.028320,
Sample,25/04/2023 13:19:27,23,,,12619485,13.514468,3201591,1.044627,0.031200,2958.600098,2587.697551,,0.563682,,5175.395020,
Sample,25/04/2023 13:19:28,23,,,12619333,13.516168,3201524,1.044605,0.042100,2958.899902,2587.950964,,0.563323,,5175.901855,
Sample,25/04/2023 13:19:29,23,,,12619055,13.519278,3201676,1.044655,0.046100,2958.000000,2587.190313,,0.564137,,5174.380859,
Sample,25/04/2023 13:19:30,23,,,12618780,13.522354,3201590,1.044627,0.031100,2956.100098,2585.584402,,0.563677,,5171.168945,
Sample,25/04/2023 13:19:31,23,,,12618564,13.524770,3201453,1.044582,0.038300,2957.300049,2586.598672,,0.562943,,5173.197266,
Sample,25/04/2023 13:19:32,23,,,12618437,13.526191,3201640,1.044643,0.042000,2960.800049,2589.557082,,0.563945,,5179.114258,
Sample,25/04/2023 13:19:33,23,,,12618249,13.528294,3201624,1.044638,0.036400,2959.000000,2588.035573,,0.563859,,5176.071289,
Sample,25/04/2023 13:19:34,23,,,12618158,13.529312,3201421,1.044571,0.019100,2961.399902,2590.064114,,0.562771,,5180.128418,
Sample,25/04/2023 13:19:35,23,,,12618000,13.531080,3201589,1.044626,0.044000,2961.699951,2590.317733,,0.563671,,5180.635254,
Sample,25/04/2023 13:19:36,23,9423529,5.719424,12617827,13.533015,3201524,1.044605,0.033000,2958.300049,2587.443932,,0.563323,,5174.887695,
Sample,25/04/2023 13:19:37,23,,,12617508,13.536583,3201480,1.044590,0.038700,2957.399902,2586.683074,,0.563087,,5173.366211,
Sample,25/04/2023 13:19:38,23,,,12617192,13.540118,3201726,1.044671,0.023000,2957.500000,2586.767683,,0.564405,,5173.535156,
Sample,25/04/2023 13:19:39,23,,,12616970,13.542602,3201532,1.044608,0.035200,2957.699951,2586.936694,,0.563366,,5173.873535,
Sample,25/04/2023 13:19:40,23,,,12616745,13.545119,3201522,1.044604,0.040300,2959.600098,2588.542811,,0.563312,,5177.085449,
Sample,25/04/2023 13:19:41,23,,,12616632,13.546383,3201476,1.044589,0.045000,2958.500000,2587.612943,,0.563066,,5175.226074,
Sample,25/04/2023 13:19:42,23,,,12616409,13.548877,3201642,1.044644,0.039000,2961.500000,2590.148723,,0.563955,,5180.297363,
Sample,25/04/2023 13:19:43,23,,,12616284,13.550276,3201399,1.044564,0.057900,2959.300049,2588.289192,,0.562653,,5176.578613,
Sample,25/04/2023 13:19:44,23,,,12616137,13.551920,3201602,1.044631,0.035300,2957.899902,2587.105704,,0.563741,,5174.211426,
Sample,25/04/2023 13:19:45,23,,,12615950,13.554012,3201600,1.044630,0.026200,2959.899902,2588.796224,,0.563730,,5177.592285,
Sample,25/04/2023 13:19:46,23,,,12615842,13.555220,3201321,1.044538,0.021600,2962.600098,2591.078591,,0.562235,,5182.157227,
Sample,25/04/2023 13:19:47,23,,,12615556,13.558420,3201472,1.044588,1.967700,2964.500000,2592.684502,,0.563045,,5185.369141,
Sample,25/04/2023 13:19:48,23,,,12615286,13.561440,3201640,1.044643,0.041900,2964.300049,2592.515492,,0.563945,,5185.030762,
Sample,25/04/2023 13:19:49,23,,,12615103,13.563487,3201357,1.044550,0.037200,2963.000000,2591.416612,,0.562428,,5182.833008,
Sample,25/04/2023 13:19:50,23,,,12615130,13.563185,3201642,1.044644,0.037500,2964.199951,2592.430883,,0.563955,,5184.861816,
Sample,25/04/2023 13:19:51,23,,,12615099,13.563532,3201662,1.044650,0.016500,2963.500000,2591.839242,,0.564062,,5183.678711,
Sample,25/04/2023 13:19:52,23,,,12615080,13.563745,3201461,1.044584,0.020100,2959.500000,2588.458203,,0.562986,,5176.916504,
Sample,25/04/2023 13:19:53,23,,,12614930,13.565423,3201576,1.044622,0.042400,2958.199951,2587.359324,,0.563602,,5174.718750,
Sample,25/04/2023 13:19:54,23,,,12614562,13.569539,3201525,1.044605,0.031800,2954.500000,2584.231903,,0.563329,,5168.463867,
Sample,25/04/2023 13:19:55,23,,,12614149,13.574159,3201406,1.044566,0.025300,2960.000000,2588.880833,,0.562691,,5177.761719,
Sample,25/04/2023 13:19:56,23,9423479,5.719150,12613756,13.578556,3201672,1.044654,0.028100,2966.199951,2594.121403,,0.564116,,5188.242676,
Sample,25/04/2023 13:19:57,23,,,12613274,13.583948,3201578,1.044623,0.015400,2961.699951,2590.317733,,0.563613,,5180.635254,
Sample,25/04/2023 13:19:58,23,,,12612928,13.587819,3201333,1.044542,0.530400,2961.800049,2590.402342,,0.562300,,5180.804688,
Sample,25/04/2023 13:19:59,23,,,12612821,13.589016,3201543,1.044611,0.033300,2963.399902,2591.754634,,0.563425,,5183.509277,
Sample,25/04/2023 13:20:00,23,,,12612674,13.590660,3201394,1.044562,0.020800,2961.199951,2589.895103,,0.562627,,5179.790039,
Sample,25/04/2023 13:20:01,23,,,12612725,13.590090,3201359,1.044551,5.387400,2960.800049,2589.557082,,0.562439,,5179.114258,
Sample,25/04/2023 13:20:02,23,,,12612870,13.588468,3201794,1.044694,0.021300,2959.699951,2588.627213,,0.564769,,5177.254395,
Sample,25/04/2023 13:20:03,23,,,12612861,13.588568,3201306,1.044533,0.026200,2961.600098,2590.233331,,0.562155,,5180.466797,
Sample,25/04/2023 13:20:04,23,,,12612794,13.589318,3201499,1.044597,5.406701,2961.199951,2589.895103,,0.563189,,5179.790039,
Sample,25/04/2023 13:20:05,23,,,12612681,13.590582,3201401,1.044565,0.035200,2960.000000,2588.880833,,0.562664,,5177.761719,
Sample,25/04/2023 13:20:06,23,,,12612430,13.593390,3201390,1.044561,0.042400,2960.800049,2589.557082,,0.562605,,5179.114258,
Sample,25/04/2023 13:20:07,23,,,12612112,13.596947,3201321,1.044538,0.036200,2960.800049,2589.557082,,0.562235,,5179.114258,
Sample,25/04/2023 13:20:08,23,,,12611820,13.600214,3201440,1.044577,0.037700,2963.199951,2591.585623,,0.562873,,5183.171387,
Sample,25/04/2023 13:20:09,23,,,12611473,13.604096,3201267,1.044520,0.030300,2966.500000,2594.375022,,0.561946,,5188.750000,
Sample,25/04/2023 13:20:10,23,,,12611153,13.607676,3201244,1.044513,0.029300,2965.600098,2593.614371,,0.561823,,5187.228516,
Sample,25/04/2023 13:20:11,23,,,12610805,13.611569,3201491,1.044594,0.047000,2971.399902,2598.516713,,0.563146,,5197.033203,
Sample,25/04/2023 13:20:12,23,,,12610519,13.614769,3201398,1.044564,0.056900,2971.600098,2598.685930,,0.562648,,5197.372070,
Sample,25/04/2023 13:20:13,23,,,12610305,13.617163,3201352,1.044548,0.051300,2977.300049,2603.503870,,0.562401,,5207.007812,
Sample,25/04/2023 13:20:14,23,,,12610075,13.619736,3201378,1.044557,0.044200,2973.300049,2600.122831,,0.562541,,5200.245605,
Sample,25/04/2023 13:20:15,23,,,12609819,13.622600,3201536,1.044609,0.037900,2973.300049,2600.122831,,0.563387,,5200.245605,
Sample,25/04/2023 13:20:16,23,9423507,5.719304,12609468,13.626526,3201392,1.044562,0.209500,2117.399902,1876.664754,,0.562616,,3753.329590,
Sample,25/04/2023 13:20:17,23,,,12609015,13.631594,3201518,1.044603,0.052600,3665.600098,3185.296304,,0.563291,,6370.592773,
Sample,25/04/2023 13:20:18,23,,,12608565,13.636629,3201491,1.044594,0.320100,3440.300049,2994.859206,,0.563146,,5989.718262,
Sample,25/04/2023 13:20:19,23,,,12607967,13.643319,3201379,1.044557,0.256600,3476.800049,3025.711193,,0.562546,,6051.422363,
Sample,25/04/2023 13:20:20,23,,,12607331,13.650434,3201392,1.044562,0.253000,3460.300049,3011.764404,,0.562616,,6023.528809,
Sample,25/04/2023 13:20:21,23,,,12606691,13.657594,3201421,1.044571,0.322900,3462.899902,3013.961956,,0.562771,,6027.923828,
Sample,25/04/2023 13:20:22,23,,,12606066,13.664587,3201348,1.044547,0.403400,3495.699951,3041.686522,,0.562380,,6083.373047,
Sample,25/04/2023 13:20:23,23,,,12605486,13.671076,3201530,1.044607,0.579100,3531.300049,3071.777858,,0.563355,,6143.555664,
Sample,25/04/2023 13:20:24,23,,,12605142,13.674924,3201406,1.044566,0.716100,3567.500000,3102.376225,,0.562691,,6204.752441,
Sample,25/04/2023 13:20:25,23,,,12604720,13.679646,3201526,1.044606,0.767500,3553.399902,3090.457978,,0.563334,,6180.916016,
Sample,25/04/2023 13:20:26,23,,,12604204,13.685419,3201382,1.044558,0.722200,3521.500000,3063.494269,,0.562562,,6126.988770,
Sample,25/04/2023 13:20:27,23,,,12603627,13.691874,3201445,1.044579,0.724500,3550.399902,3087.922198,,0.562900,,6175.844238,
Sample,25/04/2023 13:20:28,23,,,12603022,13.698643,3201354,1.044549,0.039700,3698.000000,3212.682642,,0.562412,,6425.365234,
Sample,25/04/2023 13:20:29,23,,,12602575,13.703644,3201344,1.044546,0.254400,3430.800049,2986.829237,,0.562359,,5973.658691,
Sample,25/04/2023 13:20:30,23,,,12602119,13.708746,3201561,1.044617,0.038900,3598.199951,3128.325663,,0.563521,,6256.651367,
Sample,25/04/2023 13:20:31,23,,,12601708,13.713344,3201462,1.044585,0.233900,2845.600098,2492.183182,,0.562991,,4984.366211,
Sample,25/04/2023 13:20:32,23,,,12601334,13.717529,3201315,1.044536,0.041300,2981.800049,2607.307540,,0.562203,,5214.615234,
Sample,25/04/2023 13:20:33,23,,,12601135,13.719755,3201276,1.044523,0.024400,2980.800049,2606.462280,,0.561994,,5212.924316,
Sample,25/04/2023 13:20:34,23,,,12601374,13.717081,3201287,1.044527,0.066200,2969.500000,2596.910802,,0.562053,,5193.821777,
Sample,25/04/2023 13:20:35,23,,,12601590,13.714664,3201376,1.044556,0.023500,2973.800049,2600.545461,,0.562530,,5201.090820,
Sample,25/04/2023 13:20:36,23,9423397,5.718699,12601630,13.714217,3201470,1.044587,0.056100,2978.100098,2604.180119,,0.563034,,5208.360352,
Sample,25/04/2023 13:20:37,23,,,12601421,13.716555,3201425,1.044572,0.024000,2976.100098,2602.489600,,0.562793,,5204.979004,
Sample,25/04/2023 13:20:38,23,,,12601135,13.719755,3201387,1.044560,0.024600,2982.500000,2607.899181,,0.562589,,5215.798340,
Sample,25/04/2023 13:20:39,23,,,12600984,13.721445,3201418,1.044570,0.014200,2967.500000,2595.220282,,0.562755,,5190.440430,
Sample,25/04/2023 13:20:40,23,,,12600792,13.723593,3201359,1.044551,0.009100,2985.199951,2610.181341,,0.562439,,5220.362793,
Sample,25/04/2023 13:20:41,23,,,12600625,13.725461,3201205,1.044500,0.038400,2976.399902,2602.743013,,0.561614,,5205.485840,
Sample,25/04/2023 13:20:42,23,,,12600466,13.727240,3201366,1.044553,0.031700,2983.199951,2608.490821,,0.562477,,5216.981445,
Sample,25/04/2023 13:20:43,23,,,12600184,13.730395,3201359,1.044551,0.079200,2998.399902,2621.338730,,0.562439,,5242.677246,
Sample,25/04/2023 13:20:44,23,,,12599752,13.735229,3201370,1.044554,0.071000,3027.300049,2645.766866,,0.562498,,5291.533691,
Sample,25/04/2023 13:20:45,23,,,12599238,13.740980,3201537,1.044609,0.406000,3463.500000,3014.469195,,0.563393,,6028.938477,
Sample,25/04/2023 13:20:46,23,,,12598608,13.748029,3201382,1.044558,0.327200,3479.100098,3027.655332,,0.562562,,6055.310547,
Sample,25/04/2023 13:20:47,23,,,12597990,13.754943,3201405,1.044566,0.181500,3488.500000,3035.600692,,0.562686,,6071.201172,
Sample,25/04/2023 13:20:48,23,,,12597426,13.761254,3201314,1.044536,0.016600,3495.800049,3041.771131,,0.562198,,6083.542480,
Sample,25/04/2023 13:20:49,23,,,12596880,13.767363,3201440,1.044577,0.091200,3454.800049,3007.115475,,0.562873,,6014.230957,
Sample,25/04/2023 13:20:50,23,,,12596316,13.773674,3201326,1.044540,0.021200,3561.300049,3097.135655,,0.562262,,6194.271484,
Sample,25/04/2023 13:20:51,23,,,12595748,13.780029,3201363,1.044552,0.057600,3497.800049,3043.461651,,0.562460,,6086.923340,
Sample,25/04/2023 13:20:52,23,,,12595255,13.785545,3201290,1.044528,0.035800,3539.100098,3078.370926,,0.562069,,6156.741699,
Sample,25/04/2023 13:20:53,23,,,12594723,13.791498,3201453,1.044582,0.045700,3602.699951,3132.129332,,0.562943,,6264.258789,
Sample,25/04/2023 13:20:54,23,,,12594274,13.796522,3201428,1.044573,0.020200,3530.399902,3071.017000,,0.562809,,6142.034180,
Sample,25/04/2023 13:20:55,23,,,12593831,13.801479,3201475,1.044589,0.005600,3534.100098,3074.144627,,0.563061,,6148.289062,
Sample,25/04/2023 13:20:56,23,9423436,5.718913,12593422,13.806055,3201390,1.044561,0.005200,3560.500000,3096.459406,,0.562605,,6192.918945,
Sample,25/04/2023 13:20:57,23,,,12593010,13.810665,3201251,1.044515,0.077600,3843.199951,3335.414339,,0.561860,,6670.828613,
Sample,25/04/2023 13:20:58,23,,,12592717,13.813944,3201289,1.044528,0.090400,3974.100098,3446.058985,,0.562064,,6892.118164,
Sample,25/04/2023 13:20:59,23,,,12592644,13.814761,3201360,1.044551,0.161600,2931.000000,2564.368295,,0.562444,,5128.736816,
Sample,25/04/2023 13:21:00,23,,,12592649,13.814705,3201465,1.044586,0.088300,3630.199951,3155.373980,,0.563007,,6310.748047,
Sample,25/04/2023 13:21:01,23,,,12592579,13.815488,3201358,1.044550,0.061800,3013.000000,2633.679608,,0.562434,,5267.359375,
Sample,25/04/2023 13:21:02,23,,,12592794,13.813082,3201405,1.044566,0.245600,2834.399902,2482.716106,,0.562686,,4965.432129,
Sample,25/04/2023 13:21:03,23,,,12592898,13.811919,3201296,1.044530,0.195100,2898.800049,2537.150968,,0.562101,,5074.301758,
Sample,25/04/2023 13:21:04,23,,,12592793,13.813094,3201407,1.044566,0.068700,3035.300049,2652.528945,,0.562696,,5305.058105,
Sample,25/04/2023 13:21:05,23,,,12592735,13.813743,3201218,1.044504,0.098000,1910.699951,1701.949573,,0.561683,,3403.899170,
Sample,25/04/2023 13:21:06,23,,,12592647,13.814727,3201317,1.044537,0.077300,2986.800049,2611.533839,,0.562214,,5223.067871,
Sample,25/04/2023 13:21:07,23,,,12592552,13.815790,3201420,1.044571,0.191900,1824.199951,1628.834591,,0.562766,,3257.669189,
Sample,25/04/2023 13:21:08,23,,,12592882,13.812098,3201368,1.044554,0.288100,2935.199951,2567.918346,,0.562487,,5135.836914,
Sample,25/04/2023 13:21:09,23,,,12593587,13.804209,3201390,1.044561,0.382900,3482.199951,3030.275514,,0.562605,,6060.551270,
Sample,25/04/2023 13:21:10,23,,,12594233,13.796981,3201248,1.044514,0.039300,3004.100098,2626.156877,,0.561844,,5252.313965,
Sample,25/04/2023 13:21:11,23,,,12594562,13.793299,3201438,1.044577,0.163600,2955.899902,2585.415185,,0.562862,,5170.830566,
Sample,25/04/2023 13:21:12,23,,,12594526,13.793702,3201407,1.044566,0.196100,1897.300049,1690.623173,,0.562696,,3381.246338,
Sample,25/04/2023 13:21:13,23,,,12594496,13.794038,3201298,1.044531,0.043500,3000.399902,2623.029250,,0.562112,,5246.058594,
Sample,25/04/2023 13:21:14,23,,,12594439,13.794676,3201478,1.044590,0.144800,1683.400024,1509.822059,,0.563077,,3019.644043,
Sample,25/04/2023 13:21:15,23,,,12594492,13.794083,3201147,1.044481,0.297200,2877.399902,2519.062282,,0.561303,,5038.124512,
Sample,25/04/2023 13:21:16,23,9423319,5.718270,12594335,13.795839,3201300,1.044531,0.052700,3005.100098,2627.002137,,0.562123,,5254.004395,
Sample,25/04/2023 13:21:17,23,,,12594050,13.799028,3201236,1.044510,0.038400,2995.300049,2618.718549,,0.561780,,5237.437012,
Sample,25/04/2023 13:21:18,23,,,12594076,13.798738,3201308,1.044534,0.031600,2999.100098,2621.930577,,0.562166,,5243.861328,
Sample,25/04/2023 13:21:19,23,,,12593903,13.800673,3201308,1.044534,0.038400,2987.899902,2612.463501,,0.562166,,5224.927246,
Sample,25/04/2023 13:21:20,23,,,12593508,13.805093,3201258,1.044518,0.174900,3010.600098,2631.651066,,0.561898,,5263.302246,
Sample,25/04/2023 13:21:21,23,,,12593138,13.809233,3201073,1.044457,0.024400,2998.600098,2621.507948,,0.560906,,5243.016113,
Sample,25/04/2023 13:21:22,23,,,12592689,13.814257,3201231,1.044509,0.023700,2996.800049,2619.986438,,0.561753,,5239.972656,
Sample,25/04/2023 13:21:23,23,,,12592225,13.819449,3201333,1.044542,0.038100,2994.600098,2618.126908,,0.562300,,5236.253906,
Sample,25/04/2023 13:21:24,23,,,12591669,13.825671,3201089,1.044462,0.034200,2993.800049,2617.450659,,0.560992,,5234.901367,
Sample,25/04/2023 13:21:25,23,,,12591142,13.831568,3201354,1.044549,0.024100,2993.899902,2617.535061,,0.562412,,5235.070312,
Sample,25/04/2023 13:21:26,23,,,12590733,13.836144,3201247,1.044514,0.037900,2990.300049,2614.492249,,0.561839,,5228.984375,
Sample,25/04/2023 13:21:27,23,,,12590485,13.838919,3201247,1.044514,0.033200,2992.600098,2616.436388,,0.561839,,5232.872559,
Sample,25/04/2023 13:21:28,23,,,12590448,13.839333,3201222,1.044506,0.019900,2993.699951,2617.366050,,0.561705,,5234.731934,
Sample,25/04/2023 13:21:29,23,,,12590304,13.840945,3201260,1.044518,0.029200,2993.800049,2617.450659,,0.561908,,5234.901367,
Sample,25/04/2023 13:21:30,23,,,12590121,13.842993,3201155,1.044484,0.029500,2995.399902,2618.802951,,0.561345,,5237.605957,
Sample,25/04/2023 13:21:31,23,,,12589847,13.846059,3201200,1.044498,0.032900,2989.000000,2613.393370,,0.561587,,5226.786621,
Sample,25/04/2023 13:21:32,23,,,12589485,13.850109,3201343,1.044545,0.047400,2988.800049,2613.224359,,0.562353,,5226.448730,
Sample,25/04/2023 13:21:33,23,,,12589170,13.853634,3201181,1.044492,0.016500,2986.600098,2611.364829,,0.561485,,5222.729492,
Sample,25/04/2023 13:21:34,23,,,12588883,13.856846,3201282,1.044525,0.040200,2992.800049,2616.605399,,0.562026,,5233.210938,
Sample,25/04/2023 13:21:35,23,,,12588588,13.860147,3201225,1.044507,0.038800,2989.899902,2614.154021,,0.561721,,5228.308105,
Sample,25/04/2023 13:21:36,23,9423247,5.717874,12588366,13.862631,3201162,1.044486,0.002500,2992.000000,2615.929150,,0.561383,,5231.858398,
Sample,25/04/2023 13:21:37,23,,,12588098,13.865630,3201215,1.044503,0.037800,2992.500000,2616.351780,,0.561667,,5232.703613,
Sample,25/04/2023 13:21:38,23,,,12587857,13.868327,3201180,1.044492,0.033500,2991.300049,2615.337509,,0.561480,,5230.674805,
Sample,25/04/2023 13:21:39,23,,,12587571,13.871527,3201123,1.044473,0.024400,2990.800049,2614.914879,,0.561174,,5229.829590,
Sample,25/04/2023 13:21:40,23,,,12587354,13.873956,3201130,1.044475,0.058100,2985.500000,2610.434960,,0.561211,,5220.870117,
Sample,25/04/2023 13:21:41,23,,,12587186,13.875836,3201334,1.044542,0.024200,2990.300049,2614.492249,,0.562305,,5228.984375,
Sample,25/04/2023 13:21:42,23,,,12587017,13.877727,3201062,1.044453,0.030300,2989.100098,2613.477978,,0.560847,,5226.956055,
Sample,25/04/2023 13:21:43,23,,,12586884,13.879215,3201224,1.044506,0.021700,2988.899902,2613.308761,,0.561715,,5226.617676,
Sample,25/04/2023 13:21:44,23,,,12586646,13.881879,3201042,1.044447,0.030500,2986.899902,2611.618242,,0.560740,,5223.236328,
Sample,25/04/2023 13:21:45,23,,,12586555,13.882897,3201149,1.044482,0.023200,2985.000000,2610.012330,,0.561313,,5220.024902,
Sample,25/04/2023 13:21:46,23,,,12586421,13.884396,3201199,1.044498,0.034800,2986.000000,2610.857590,,0.561581,,5221.715332,
Sample,25/04/2023 13:21:47,23,,,12586315,13.885583,3201120,1.044472,0.045800,2984.100098,2609.251679,,0.561158,,5218.503418,
Sample,25/04/2023 13:21:48,23,,,12586129,13.887664,3201059,1.044452,0.033000,2985.899902,2610.772982,,0.560831,,5221.545898,
Sample,25/04/2023 13:21:49,23,,,12585898,13.890249,3201258,1.044518,0.005700,2989.100098,2613.477978,,0.561898,,5226.956055,
Sample,25/04/2023 13:21:50,23,,,12585593,13.893662,3201102,1.044466,0.039900,2988.000000,2612.548110,,0.561061,,5225.096191,
Sample,25/04/2023 13:21:51,23,,,12585390,13.895934,3201130,1.044475,0.053300,2984.100098,2609.251679,,0.561211,,5218.503418,
Sample,25/04/2023 13:21:52,23,,,12585320,13.896717,3201138,1.044478,0.027400,2980.500000,2606.208661,,0.561254,,5212.417480,
Sample,25/04/2023 13:21:53,23,,,12585286,13.897098,3201149,1.044482,0.024700,2985.600098,2610.519569,,0.561313,,5221.039062,
Sample,25/04/2023 13:21:54,23,,,12585328,13.896628,3200992,1.044430,0.045800,2984.500000,2609.589700,,0.560471,,5219.179199,
Sample,25/04/2023 13:21:55,23,,,12585353,13.896348,3201210,1.044502,0.029500,2984.399902,2609.505092,,0.561640,,5219.010254,
Sample,25/04/2023 13:21:56,23,9423203,5.717632,12585353,13.896348,3200855,1.044385,0.031600,2987.899902,2612.463501,,0.559737,,5224.927246,
Sample,25/04/2023 13:21:57,23,,,12585267,13.897310,3200956,1.044418,0.037000,2990.800049,2614.914879,,0.560278,,5229.829590,
Sample,25/04/2023 13:21:58,23,,,12585282,13.897142,3201043,1.044447,0.031300,2991.300049,2615.337509,,0.560745,,5230.674805,
Sample,25/04/2023 13:21:59,23,,,12585141,13.898720,3201053,1.044450,0.034200,2990.500000,2614.661260,,0.560799,,5229.322754,
Sample,25/04/2023 13:22:00,23,,,12584847,13.902010,3201070,1.044456,0.026500,2988.399902,2612.886131,,0.560890,,5225.772461,
Sample,25/04/2023 13:22:01,23,,,12584544,13.905401,3201174,1.044490,0.032900,2984.800049,2609.843320,,0.561447,,5219.686523,
Sample,25/04/2023 13:22:02,23,,,12584189,13.909374,3201084,1.044460,0.038400,2986.800049,2611.533839,,0.560965,,5223.067871,
Sample,25/04/2023 13:22:03,23,,,12583803,13.913694,3201000,1.044433,1.247400,2985.600098,2610.519569,,0.560514,,5221.039062,
Sample,25/04/2023 13:22:04,23,,,12583625,13.915686,3201174,1.044490,5.827600,2985.699951,2610.603971,,0.561447,,5221.208008,
Sample,25/04/2023 13:22:05,23,,,12583475,13.917364,3201122,1.044473,0.022900,2988.100098,2612.632719,,0.561169,,5225.265625,
Sample,25/04/2023 13:22:06,23,,,12583437,13.917790,3200964,1.044421,5.357500,2988.500000,2612.970740,,0.560321,,5225.941406,
Sample,25/04/2023 13:22:07,23,,,12583561,13.916402,3201137,1.044478,5.896700,2985.899902,2610.772982,,0.561249,,5221.545898,
Sample,25/04/2023 13:22:08,23,,,12583765,13.914119,3200980,1.044426,0.038600,2986.199951,2611.026601,,0.560407,,5222.053223,
Sample,25/04/2023 13:22:09,23,,,12583747,13.914320,3200919,1.044406,5.881100,2987.500000,2612.125480,,0.560080,,5224.250977,
Sample,25/04/2023 13:22:10,23,,,12583515,13.916917,3201056,1.044451,5.880500,2988.000000,2612.548110,,0.560815,,5225.096191,
Sample,25/04/2023 13:22:11,23,,,12583140,13.921113,3201054,1.044450,5.902400,2988.300049,2612.801729,,0.560804,,5225.603516,
Sample,25/04/2023 13:22:12,23,,,12582750,13.925478,3201084,1.044460,5.845100,2992.300049,2616.182769,,0.560965,,5232.365723,
Sample,25/04/2023 13:22:13,23,,,12582396,13.929439,3201010,1.044436,5.888600,2991.300049,2615.337509,,0.560568,,5230.674805,
Sample,25/04/2023 13:22:14,23,,,12582029,13.933547,3200940,1.044413,5.877700,2993.300049,2617.028029,,0.560193,,5234.056152,
Sample,25/04/2023 13:22:15,23,,,12581739,13.936792,3200806,1.044369,5.889800,2990.100098,2614.323238,,0.559474,,5228.646484,
Sample,25/04/2023 13:22:16,23,9423154,5.717363,12581556,13.938840,3200946,1.044415,5.915999,2989.800049,2614.069619,,0.560225,,5228.139160,
Sample,25/04/2023 13:22:17,23,,,12581400,13.940586,3200979,1.044426,5.919100,2988.800049,2613.224359,,0.560402,,5226.448730,
Sample,25/04/2023 13:22:18,23,,,12581243,13.942343,3201138,1.044478,5.905000,2992.399902,2616.267171,,0.561254,,5232.534180,
Sample,25/04/2023 13:22:19,23,,,12580969,13.945409,3200891,1.044397,5.944201,2992.800049,2616.605399,,0.559930,,5233.210938,
Sample,25/04/2023 13:22:20,23,,,12580812,13.947166,3201059,1.044452,5.908100,2991.800049,2615.760139,,0.560831,,5231.520508,
Sample,25/04/2023 13:22:21,23,,,12580723,13.948162,3200863,1.044388,5.915600,2993.300049,2617.028029,,0.559780,,5234.056152,
Sample,25/04/2023 13:22:22,23,,,12580827,13.946999,3201032,1.044443,5.910100,2993.000000,2616.774410,,0.560686,,5233.548828,
Sample,25/04/2023 13:22:23,23,,,12580786,13.947457,3201033,1.044444,5.945899,2990.199951,2614.407641,,0.560691,,5228.815430,
Sample,25/04/2023 13:22:24,23,,,12580589,13.949662,3200994,1.044431,5.897100,2990.600098,2614.745868,,0.560482,,5229.491699,
Sample,25/04/2023 13:22:25,23,,,12580466,13.951039,3200968,1.044422,5.944201,2992.800049,2616.605399,,0.560343,,5233.210938,
Sample,25/04/2023 13:22:26,23,,,12580272,13.953210,3201089,1.044462,5.926300,2991.800049,2615.760139,,0.560992,,5231.520508,
Sample,25/04/2023 13:22:27,23,,,12580186,13.954172,3200995,1.044431,5.935600,2988.699951,2613.139751,,0.560488,,5226.279297,
Sample,25/04/2023 13:22:28,23,,,12580007,13.956176,3200892,1.044397,5.935200,2988.000000,2612.548110,,0.559935,,5225.096191,
Sample,25/04/2023 13:22:29,23,,,12579757,13.958973,3201121,1.044472,5.972800,2989.300049,2613.646989,,0.561163,,5227.293945,
Sample,25/04/2023 13:22:30,23,,,12579452,13.962387,3200876,1.044392,5.935100,2990.600098,2614.745868,,0.559849,,5229.491699,
Sample,25/04/2023 13:22:31,23,,,12579283,13.964278,3200930,1.044410,5.975200,2990.199951,2614.407641,,0.560139,,5228.815430,
Sample,25/04/2023 13:22:32,23,,,12579135,13.965935,3200879,1.044393,5.999400,2983.800049,2608.998060,,0.559865,,5217.996094,
Sample,25/04/2023 13:22:33,23,,,12578862,13.968990,3200851,1.044384,5.985000,2989.500000,2613.816000,,0.559715,,5227.631836,
Sample,25/04/2023 13:22:34,23,,,12578677,13.971060,3200893,1.044398,5.988800,2991.300049,2615.337509,,0.559940,,5230.674805,
Sample,25/04/2023 13:22:35,23,,,12578563,13.972336,3201069,1.044455,6.012900,2991.800049,2615.760139,,0.560884,,5231.520508,
Sample,25/04/2023 13:22:36,23,9423094,5.717033,12578499,13.973053,3200902,1.044401,6.022100,2991.699951,2615.675530,,0.559989,,5231.351074,
Sample,25/04/2023 13:22:37,23,,,12578325,13.975000,3200969,1.044423,5.991900,2992.500000,2616.351780,,0.560348,,5232.703613,
Sample,25/04/2023 13:22:38,23,,,12578306,13.975213,3200799,1.044367,6.042400,2993.300049,2617.028029,,0.559436,,5234.056152,
Sample,25/04/2023 13:22:39,23,,,12578484,13.973220,3200848,1.044383,5.351000,2989.500000,2613.816000,,0.559699,,5227.631836,
Sample,25/04/2023 13:22:40,23,,,12579006,13.967378,3200900,1.044400,6.134100,2988.899902,2613.308761,,0.559978,,5226.617676,
Sample,25/04/2023 13:22:41,23,,,12579291,13.964189,3200894,1.044398,4.573900,2983.000000,2608.321810,,0.559946,,5216.643555,
Sample,25/04/2023 13:22:42,23,,,12579388,13.963103,3201088,1.044462,5.925700,2988.399902,2612.886131,,0.560986,,5225.772461,
Sample,25/04/2023 13:22:43,23,,,12579300,13.964088,3200927,1.044409,6.316800,2993.100098,2616.859018,,0.560123,,5233.718262,
Sample,25/04/2023 13:22:44,23,,,12579348,13.963551,3201008,1.044435,6.901500,3006.000000,2627.762788,,0.560557,,5255.525391,
Sample,25/04/2023 13:22:45,23,,,12579615,13.960563,3200908,1.044402,5.426900,3001.800049,2624.212738,,0.560021,,5248.425293,
Sample,25/04/2023 13:22:46,23,,,12579538,13.961424,3200848,1.044383,6.045300,2997.699951,2620.747090,,0.559699,,5241.494141,
Sample,25/04/2023 13:22:47,23,,,12579195,13.965263,3200751,1.044351,6.067300,2996.100098,2619.394798,,0.559179,,5238.789551,
Sample,25/04/2023 13:22:48,23,,,12578791,13.969785,3200866,1.044389,6.015600,2992.699951,2616.520790,,0.559796,,5233.041504,
Sample,25/04/2023 13:22:49,23,,,12578385,13.974328,3200811,1.044371,6.038300,2997.100098,2620.240058,,0.559501,,5240.479980,
Sample,25/04/2023 13:22:50,23,,,12578309,13.975179,3200882,1.044394,5.829200,3001.199951,2623.705499,,0.559881,,5247.411133,
Sample,25/04/2023 13:22:51,23,,,12578352,13.974698,3201042,1.044447,0.203300,2994.399902,2617.957691,,0.560740,,5235.915527,
Sample,25/04/2023 13:22:52,23,,,12578553,13.972448,3200790,1.044364,3.980400,2994.699951,2618.211310,,0.559388,,5236.422852,
Sample,25/04/2023 13:22:53,23,,,12578606,13.971855,3201015,1.044438,0.597200,2989.300049,2613.646989,,0.560595,,5227.293945,
Sample,25/04/2023 13:22:54,23,,,12578423,13.973903,3200865,1.044388,0.039400,2989.100098,2613.477978,,0.559790,,5226.956055,
Sample,25/04/2023 13:22:55,23,,,12578138,13.977093,3200847,1.044382,0.034700,2989.000000,2613.393370,,0.559694,,5226.786621,
Sample,25/04/2023 13:22:56,23,9423053,5.716807,12577786,13.981032,3200739,1.044347,4.312800,2994.899902,2618.380321,,0.559114,,5236.760742,
Sample,25/04/2023 13:22:57,23,,,12577314,13.986315,3200899,1.044400,3.350600,2990.600098,2614.745868,,0.559973,,5229.491699,
Sample,25/04/2023 13:22:58,23,,,12576816,13.991889,3200873,1.044391,0.013100,2991.800049,2615.760139,,0.559833,,5231.520508,
Sample,25/04/2023 13:22:59,23,,,12576298,13.997686,3200852,1.044384,2.656300,2989.600098,2613.900608,,0.559721,,5227.801270,
Sample,25/04/2023 13:23:00,23,,,12575869,14.002488,3200784,1.044362,3.291600,2990.100098,2614.323238,,0.559356,,5228.646484,
Sample,25/04/2023 13:23:01,23,,,12575522,14.006371,3200981,1.044426,3.279700,2987.899902,2612.463501,,0.560412,,5224.927246,
Sample,25/04/2023 13:23:02,23,,,12575265,14.009248,3200719,1.044340,3.299900,2986.800049,2611.533839,,0.559007,,5223.067871,
Sample,25/04/2023 13:23:03,23,,,12575140,14.010647,3200839,1.044380,3.196900,2984.899902,2609.927722,,0.559651,,5219.855469,
Sample,25/04/2023 13:23:04,23,,,12575003,14.012180,3200634,1.044312,3.266700,2981.600098,2607.138529,,0.558551,,5214.276855,
Sample,25/04/2023 13:23:05,23,,,12575052,14.011632,3200974,1.044424,3.215200,2979.899902,2605.701422,,0.560375,,5211.402832,
Sample,25/04/2023 13:23:06,23,,,12575044,14.011721,3200637,1.044313,3.238800,2978.699951,2604.687152,,0.558567,,5209.374512,
Sample,25/04/2023 13:23:07,23,,,12574980,14.012438,3201035,1.044444,3.175800,2982.600098,2607.983789,,0.560702,,5215.967773,
Sample,25/04/2023 13:23:08,23,,,12574958,14.012684,3200693,1.044332,3.218900,2982.199951,2607.645561,,0.558867,,5215.291016,
Sample,25/04/2023 13:23:09,23,,,12575014,14.012057,3201003,1.044434,3.145000,2983.000000,2608.321810,,0.560530,,5216.643555,
Sample,25/04/2023 13:23:10,23,,,12575085,14.011262,3200616,1.044306,3.143200,2977.699951,2603.841892,,0.558454,,5207.683594,
Sample,25/04/2023 13:23:11,23,,,12575064,14.011497,3200737,1.044346,3.243100,2983.199951,2608.490821,,0.559104,,5216.981445,
Sample,25/04/2023 13:23:12,23,,,12574970,14.012549,3200842,1.044381,3.101400,2978.600098,2604.602749,,0.559667,,5209.205566,
Sample,25/04/2023 13:23:13,23,,,12574784,14.014631,3200823,1.044375,3.185300,2979.600098,2605.448009,,0.559565,,5210.895996,
Sample,25/04/2023 13:23:14,23,,,12574498,14.017832,3200845,1.044382,3.130900,2979.800049,2605.617020,,0.559683,,5211.233887,
Sample,25/04/2023 13:23:15,23,,,12574145,14.021783,3200854,1.044385,3.155700,2982.100098,2607.561159,,0.559731,,5215.122559,
Sample,25/04/2023 13:23:16,23,9422989,5.716456,12573898,14.024548,3200871,1.044390,3.112200,2981.600098,2607.138529,,0.559822,,5214.276855,
Sample,25/04/2023 13:23:17,23,,,12573693,14.026842,3200709,1.044337,3.163100,2980.000000,2605.786031,,0.558953,,5211.572266,
Sample,25/04/2023 13:23:18,23,,,12573744,14.026271,3200921,1.044407,3.109900,2980.600098,2606.293269,,0.560091,,5212.586426,
Sample,25/04/2023 13:23:19,23,,,12573768,14.026003,3200697,1.044333,3.159300,2981.899902,2607.391942,,0.558889,,5214.783691,
Sample,25/04/2023 13:23:20,23,,,12573652,14.027301,3200918,1.044406,3.086500,2979.600098,2605.448009,,0.560075,,5210.895996,
Sample,25/04/2023 13:23:21,23,,,12573501,14.028991,3200562,1.044289,3.182100,2979.300049,2605.194390,,0.558164,,5210.388672,
Sample,25/04/2023 13:23:22,23,,,12573570,14.028219,3200814,1.044372,3.106300,2980.800049,2606.462280,,0.559517,,5212.924316,
Sample,25/04/2023 13:23:23,23,,,12573599,14.027894,3200602,1.044302,3.116700,2980.399902,2606.124052,,0.558379,,5212.248047,
Sample,25/04/2023 13:23:24,23,,,12573740,14.026316,3200886,1.044395,3.136900,2982.699951,2608.068191,,0.559903,,5216.136230,
Sample,25/04/2023 13:23:25,23,,,12573878,14.024772,3200703,1.044335,3.101500,2981.600098,2607.138529,,0.558921,,5214.276855,
Sample,25/04/2023 13:23:26,23,,,12573705,14.026708,3200779,1.044360,3.124200,2982.399902,2607.814572,,0.559329,,5215.628906,
Sample,25/04/2023 13:23:27,23,,,12573587,14.028029,3200710,1.044337,3.107000,2981.199951,2606.800301,,0.558959,,5213.600586,
Sample,25/04/2023 13:23:28,23,,,12573514,14.028846,3200738,1.044347,3.154700,2982.199951,2607.645561,,0.559109,,5215.291016,
Sample,25/04/2023 13:23:29,23,,,12573614,14.027726,3200870,1.044390,3.081700,2982.000000,2607.476551,,0.559817,,5214.953125,
Sample,25/04/2023 13:23:30,23,,,12573554,14.028398,3200619,1.044307,3.126700,2981.899902,2607.391942,,0.558470,,5214.783691,
Sample,25/04/2023 13:23:31,23,,,12573528,14.028689,3200820,1.044374,3.102700,2979.399902,2605.278792,,0.559549,,5210.557617,
Sample,25/04/2023 13:23:32,23,,,12573370,14.030457,3200655,1.044319,3.116300,2980.300049,2606.039650,,0.558664,,5212.079102,
Sample,25/04/2023 13:23:33,23,,,12573208,14.032271,3200938,1.044412,3.108800,2980.699951,2606.377671,,0.560182,,5212.755371,
Sample,25/04/2023 13:23:34,23,,,12573118,14.033278,3200727,1.044343,3.084000,2980.699951,2606.377671,,0.559050,,5212.755371,
Sample,25/04/2023 13:23:35,23,,,12573000,14.034599,3200776,1.044359,3.145400,2980.199951,2605.955041,,0.559313,,5211.910156,
Sample,25/04/2023 13:23:36,23,9422948,5.716230,12573017,14.034409,3200809,1.044370,3.080300,2978.300049,2604.349130,,0.559490,,5208.698242,
Sample,25/04/2023 13:23:37,23,,,12572755,14.037341,3200792,1.044364,3.145900,2981.300049,2606.884910,,0.559399,,5213.770020,
Sample,25/04/2023 13:23:38,23,,,12572637,14.038662,3200744,1.044349,3.086000,2985.300049,2610.265950,,0.559141,,5220.531738,
Sample,25/04/2023 13:23:39,23,,,12572618,14.038874,3200737,1.044346,3.143800,2980.100098,2605.870639,,0.559104,,5211.741211,
Sample,25/04/2023 13:23:40,23,,,12572530,14.039859,3200677,1.044327,3.094700,2984.500000,2609.589700,,0.558782,,5219.179199,
Sample,25/04/2023 13:23:41,23,,,12572355,14.041818,3200819,1.044373,3.123200,2982.699951,2608.068191,,0.559543,,5216.136230,
Sample,25/04/2023 13:23:42,23,,,12572199,14.043564,3200727,1.044343,3.114400,2981.300049,2606.884910,,0.559050,,5213.770020,
Sample,25/04/2023 13:23:43,23,,,12571913,14.046765,3200660,1.044321,3.093500,2981.600098,2607.138529,,0.558690,,5214.276855,
Sample,25/04/2023 13:23:44,23,,,12571537,14.050974,3200673,1.044325,3.121000,2980.000000,2605.786031,,0.558760,,5211.572266,
Sample,25/04/2023 13:23:45,23,,,12571268,14.053985,3200697,1.044333,3.109900,2981.600098,2607.138529,,0.558889,,5214.276855,
Sample,25/04/2023 13:23:46,23,,,12571052,14.056403,3200743,1.044348,3.111300,2977.500000,2603.672881,,0.559136,,5207.345703,
Sample,25/04/2023 13:23:47,23,,,12570772,14.059537,3200752,1.044351,3.120900,2977.800049,2603.926500,,0.559184,,5207.853027,
Sample,25/04/2023 13:23:48,23,,,12570471,14.062906,3200835,1.044378,3.117800,2982.000000,2607.476551,,0.559629,,5214.953125,
Sample,25/04/2023 13:23:49,23,,,12570162,14.066365,3200694,1.044332,3.093400,2981.000000,2606.631291,,0.558873,,5213.262695,
Sample,25/04/2023 13:23:50,23,,,12569982,14.068379,3200690,1.044331,3.119500,2981.199951,2606.800301,,0.558851,,5213.600586,
Sample,25/04/2023 13:23:51,23,,,12570067,14.067428,3200691,1.044331,2.993500,2981.699951,2607.222931,,0.558857,,5214.445801,
Sample,25/04/2023 13:23:52,23,,,12570457,14.063063,3200674,1.044326,0.032600,2948.600098,2579.244952,,0.558766,,5158.489746,
Sample,25/04/2023 13:23:53,23,,,12571748,14.048612,3201026,1.044441,0.013600,2952.100098,2582.203362,,0.560654,,5164.406738,
Sample,25/04/2023 13:23:54,23,,,12572934,14.035338,3201269,1.044521,0.038400,2943.899902,2575.272066,,0.561957,,5150.543945,
Sample,25/04/2023 13:23:55,23,,,12573560,14.028331,3201184,1.044493,0.034600,2945.399902,2576.539956,,0.561501,,5153.080078,
Sample,25/04/2023 13:23:56,23,9422871,5.715807,12573855,14.025029,3201067,1.044455,0.030100,2946.300049,2577.300813,,0.560874,,5154.601562,
Sample,25/04/2023 13:23:57,23,,,12573942,14.024055,3200878,1.044393,0.021900,2951.399902,2581.611515,,0.559860,,5163.223145,
Sample,25/04/2023 13:23:58,23,,,12573889,14.024649,3200852,1.044384,0.034200,2953.100098,2583.048622,,0.559721,,5166.097168,
Sample,25/04/2023 13:23:59,23,,,12573799,14.025656,3200795,1.044365,0.031000,2948.899902,2579.498365,,0.559415,,5158.996582,
Sample,25/04/2023 13:24:00,23,,,12573881,14.024738,3201110,1.044469,0.033200,2950.500000,2580.850864,,0.561104,,5161.701660,
Sample,25/04/2023 13:24:01,23,,,12573809,14.025544,3200874,1.044391,0.029800,2951.100098,2581.358102,,0.559839,,5162.716309,
Sample,25/04/2023 13:24:02,23,,,12573620,14.027659,3201102,1.044466,0.024200,2951.800049,2581.949743,,0.561061,,5163.899414,
Sample,25/04/2023 13:24:03,23,,,12573589,14.028006,3200939,1.044413,0.038700,2952.600098,2582.625992,,0.560187,,5165.251953,
Sample,25/04/2023 13:24:04,23,,,12573546,14.028488,3200949,1.044416,0.027200,2954.800049,2584.485522,,0.560241,,5168.971191,
Sample,25/04/2023 13:24:05,23,,,12573752,14.026182,3200917,1.044405,0.025600,2955.100098,2584.739142,,0.560069,,5169.478516,
Sample,25/04/2023 13:24:06,23,,,12573899,14.024537,3200669,1.044324,0.044800,2951.800049,2581.949743,,0.558739,,5163.899414,
Sample,25/04/2023 13:24:07,23,,,12574043,14.022925,3201214,1.044503,0.047200,2962.800049,2591.247602,,0.561662,,5182.495117,
Sample,25/04/2023 13:24:08,23,,,12574096,14.022332,3201007,1.044435,0.028900,2954.600098,2584.316512,,0.560552,,5168.632812,
Sample,25/04/2023 13:24:09,23,,,12574427,14.018627,3200681,1.044328,0.055200,2958.000000,2587.190313,,0.558803,,5174.380859,
Sample,25/04/2023 13:24:10,23,,,12574924,14.013064,3200478,1.044261,0.055300,2959.699951,2588.627213,,0.557714,,5177.254395,
Sample,25/04/2023 13:24:11,23,,,12575046,14.011699,3199982,1.044098,0.085200,2961.199951,2589.895103,,0.555050,,5179.790039,
Sample,25/04/2023 13:24:12,23,,,12575045,14.011710,3200406,1.044237,0.066000,2955.000000,2584.654533,,0.557327,,5169.309082,
Sample,25/04/2023 13:24:13,23,,,12574947,14.012807,3200103,1.044138,0.069600,2955.300049,2584.908152,,0.555700,,5169.816406,
Sample,25/04/2023 13:24:14,23,,,12574764,14.014855,3199927,1.044080,0.075400,2966.600098,2594.459631,,0.554754,,5188.919434,
Sample,25/04/2023 13:24:15,23,,,12574617,14.016500,3200605,1.044303,0.080300,2960.899902,2589.641484,,0.558395,,5179.283203,
Sample,25/04/2023 13:24:16,23,9422809,5.715466,12574487,14.017955,3200811,1.044371,0.074500,2946.899902,2577.807845,,0.559501,,5155.615723,
Sample,25/04/2023 13:24:17,23,,,12574392,14.019019,3200375,1.044227,0.137900,2947.699951,2578.484095,,0.557161,,5156.968262,
Sample,25/04/2023 13:24:18,23,,,12574788,14.014586,3200383,1.044230,0.148500,2945.399902,2576.539956,,0.557204,,5153.080078,
Sample,25/04/2023 13:24:19,23,,,12574953,14.012740,3200070,1.044127,0.160500,2948.199951,2578.906725,,0.555523,,5157.813477,
Sample,25/04/2023 13:24:20,23,,,12575235,14.009583,3200384,1.044230,0.179600,2948.899902,2579.498365,,0.557209,,5158.996582,
Sample,25/04/2023 13:24:21,23,,,12575381,14.007949,3200178,1.044163,0.187900,2950.000000,2580.428234,,0.556103,,5160.856445,
Sample,25/04/2023 13:24:22,23,,,12575492,14.006707,3200152,1.044154,0.156900,2946.899902,2577.807845,,0.555963,,5155.615723,
Sample,25/04/2023 13:24:23,23,,,12575440,14.007289,3200345,1.044217,0.199100,2949.500000,2580.005604,,0.557000,,5160.011230,
Sample,25/04/2023 13:24:24,23,,,12575374,14.008028,3200474,1.044260,0.156800,2946.899902,2577.807845,,0.557692,,5155.615723,
Sample,25/04/2023 13:24:25,23,,,12575299,14.008867,3200571,1.044292,0.198600,2948.899902,2579.498365,,0.558213,,5158.996582,
Sample,25/04/2023 13:24:26,23,,,12575135,14.010703,3200195,1.044168,0.184100,2950.800049,2581.104483,,0.556194,,5162.208984,
Sample,25/04/2023 13:24:27,23,,,12575180,14.010199,3199925,1.044079,0.403600,2966.100098,2594.037001,,0.554744,,5188.074219,
Sample,25/04/2023 13:24:28,23,,,12575200,14.009975,3201057,1.044451,25.456999,3040.100098,2656.586234,,0.560820,,5313.172363,
Sample,25/04/2023 13:24:29,23,,,12575275,14.009136,3201015,1.044438,124.309998,3233.899902,2820.397438,,0.560595,,5640.794922,
Sample,25/04/2023 13:24:30,23,,,12574982,14.012415,3201005,1.044434,137.980011,3254.100098,2837.471853,,0.560541,,5674.943848,
Sample,25/04/2023 13:24:31,23,,,12574565,14.017082,3200990,1.044429,138.309998,3256.500000,2839.500394,,0.560461,,5679.000977,
Sample,25/04/2023 13:24:32,23,,,12574116,14.022108,3200894,1.044398,122.580002,3222.399902,2810.676949,,0.559946,,5621.354004,
Sample,25/04/2023 13:24:33,23,,,12573593,14.027962,3200956,1.044418,160.309998,3298.699951,2875.170321,,0.560278,,5750.340820,
Sample,25/04/2023 13:24:34,23,,,12573343,14.030760,3200913,1.044404,173.630005,3319.600098,2892.836377,,0.560048,,5785.672852,
Sample,25/04/2023 13:24:35,23,,,12573240,14.031913,3200853,1.044384,187.029999,3366.100098,2932.140963,,0.559726,,5864.281738,
Sample,25/04/2023 13:24:36,23,9419608,5.697867,12573261,14.031677,3200841,1.044380,188.149994,3368.199951,2933.915885,,0.559662,,5867.831543,
Sample,25/04/2023 13:24:37,23,,,12573227,14.032058,3201068,1.044455,100.340004,3175.899902,2771.372364,,0.560879,,5542.744629,
Sample,25/04/2023 13:24:38,23,,,12573248,14.031823,3200695,1.044332,94.791000,3159.800049,2757.763803,,0.558878,,5515.527832,
Sample,25/04/2023 13:24:39,23,,,12573226,14.032069,3200723,1.044342,29.270000,3157.800049,2756.073283,,0.559028,,5512.146484,
Sample,25/04/2023 13:24:40,23,,,12573126,14.033189,3200686,1.044330,78.788002,3148.500000,2748.212325,,0.558830,,5496.424805,
Sample,25/04/2023 13:24:41,23,,,12572860,14.036166,3200763,1.044355,88.247002,3147.500000,2747.367065,,0.559243,,5494.733887,
Sample,25/04/2023 13:24:42,23,,,12572659,14.038416,3200597,1.044300,0.037000,3134.899902,2736.716707,,0.558352,,5473.433594,
Sample,25/04/2023 13:24:43,23,,,12572560,14.039524,3200532,1.044279,82.223000,3130.300049,2732.828636,,0.558003,,5465.657227,
Sample,25/04/2023 13:24:44,23,,,12572469,14.040542,3200681,1.044328,0.063100,3130.600098,2733.082255,,0.558803,,5466.164551,
Sample,25/04/2023 13:24:45,23,,,12572381,14.041527,3200663,1.044322,0.033000,3131.399902,2733.758298,,0.558706,,5467.516602,
Sample,25/04/2023 13:24:46,23,,,12572312,14.042299,3200825,1.044375,0.034500,3132.899902,2735.026188,,0.559576,,5470.052246,
Sample,25/04/2023 13:24:47,23,,,12572454,14.040710,3200743,1.044348,0.066300,3138.100098,2739.421704,,0.559136,,5478.843262,
